week,season_type,start_date,home_team,away_team,home_points,away_points,completed,neutral_site,conference_game,home_conference,away_conference,home_classification,away_classification,notes
1,regular,2026-08-27 22:00:00+00:00,UNC Pembroke,Wingate,21,13,True,False,False,Carolinas,South Atlantic,ii,ii,
1,regular,2026-08-27 22:00:00+00:00,Slippery Rock,Minnesota Duluth,45,43,True,False,False,Pennsylvania State Athletic,Northern Sun,ii,ii,
1,regular,2026-08-27 22:00:00+00:00,Kentucky Christian,Kentucky Wesleyan,44,24,True,False,False,,Great Midwest Athletic,,ii,
1,regular,2026-08-27 22:00:00+00:00,Delaware State,Stony Brook,41,34,True,False,False,MEAC,Coastal Athletic,fcs,fcs,
1,regular,2026-08-27 22:00:00+00:00,Indianapolis,Marian (IN),39,7,True,False,False,Great Lakes,,ii,,
1,regular,2026-08-27 22:00:00+00:00,Charleston (WV),Grand Valley State,10,38,True,False,False,Mountain East,GLIAC,ii,ii,
1,regular,2026-08-27 22:00:00+00:00,Virginia State,Barton,44,17,True,False,False,CIAA,Carolinas,ii,ii,
1,regular,2026-08-27 22:00:00+00:00,Morehead State,Ohio Dominican,40,42,True,False,False,Pioneer,Great Midwest Athletic,fcs,ii,
1,regular,2026-08-27 22:00:00+00:00,Tusculum,Bluefield State,42,7,True,False,False,South Atlantic,CIAA,ii,ii,
1,regular,2026-08-27 22:00:00+00:00,Youngstown State,Mercyhurst,43,10,True,False,False,MVFC,NEC,fcs,fcs,
1,regular,2026-08-27 22:00:00+00:00,Towson,Maine,18,21,True,False,True,Coastal Athletic,Coastal Athletic,fcs,fcs,
1,regular,2026-08-27 23:00:00+00:00,Murray State,Eastern Illinois,14,28,True,False,False,MVFC,OVC,fcs,fcs,
1,regular,2026-08-27 23:00:00+00:00,Furman,Anderson (SC),20,3,True,False,False,Southern,South Atlantic,fcs,ii,
1,regular,2026-08-27 23:00:00+00:00,Valdosta State,Emory & Henry,38,10,True,False,False,Gulf South,South Atlantic,ii,ii,
1,regular,2026-08-27 23:00:00+00:00,Southwest Baptist,William Woods,63,6,True,False,False,Great Lakes,,ii,,
1,regular,2026-08-27 23:00:00+00:00,Davidson,Concord,35,41,True,False,False,Pioneer,Mountain East,fcs,ii,
1,regular,2026-08-27 23:00:00+00:00,West Georgia,Chattanooga,10,24,True,False,False,UAC,Southern,fcs,fcs,
1,regular,2026-08-27 23:00:00+00:00,Elon,Glenville State,42,7,True,False,False,Coastal Athletic,Mountain East,fcs,ii,
1,regular,2026-08-27 23:00:00+00:00,Lindenwood,Charleston Southern,20,17,True,False,True,OVC,OVC,fcs,fcs,
1,regular,2026-08-27 23:00:00+00:00,Northern State,Chadron State,42,17,True,False,False,Northern Sun,Rocky Mountain,ii,ii,
1,regular,2026-08-27 23:00:00+00:00,Sioux Falls,Black Hills State,21,24,True,False,False,Northern Sun,Rocky Mountain,ii,ii,
1,regular,2026-08-27 23:00:00+00:00,Saginaw Valley State,McKendree,48,24,True,False,False,GLIAC,Great Lakes,ii,ii,
1,regular,2026-08-27 23:00:00+00:00,Seton Hill,East Stroudsburg,20,27,True,False,True,Pennsylvania State Athletic,Pennsylvania State Athletic,ii,ii,
1,regular,2026-08-27 23:00:00+00:00,Minot State,Emporia State,30,36,True,False,False,Northern Sun,Mid America,ii,ii,
1,regular,2026-08-27 23:00:00+00:00,SE Louisiana,Houston Christian,28,34,True,False,True,Southland,Southland,fcs,fcs,
1,regular,2026-08-27 23:00:00+00:00,Texas Wesleyan,Central Oklahoma,7,59,True,False,False,,Mid America,,ii,
1,regular,2026-08-27 23:00:00+00:00,Nebraska Kearney,Wayne State (NE),20,21,True,False,False,Mid America,Northern Sun,ii,ii,
1,regular,2026-08-27 23:00:00+00:00,St. Thomas (MN),Winona State,15,9,True,False,False,Pioneer,Northern Sun,fcs,ii,
1,regular,2026-08-27 23:00:00+00:00,Minnesota St Moorhead,Northern Michigan,41,19,True,False,False,Northern Sun,GLIAC,ii,ii,
1,regular,2026-08-27 23:00:00+00:00,Nicholls,Mississippi Valley State,44,10,True,False,False,Southland,SWAC,fcs,fcs,
1,regular,2026-08-27 23:00:00+00:00,Austin Peay,Gardner-Webb,35,17,True,False,False,UAC,OVC,fcs,fcs,
1,regular,2026-08-27 23:00:00+00:00,West Florida,Southern Illinois,34,31,True,False,False,UAC,MVFC,fcs,fcs,
1,regular,2026-08-27 23:00:00+00:00,West Liberty,Walsh,27,30,True,False,False,Mountain East,Great Midwest Athletic,ii,ii,
1,regular,2026-08-27 23:00:00+00:00,Carson Newman,Tiffin,41,38,True,False,False,South Atlantic,Great Midwest Athletic,ii,ii,
1,regular,2026-08-27 23:00:00+00:00,Bemidji State,Michigan Tech,29,31,True,False,False,Northern Sun,GLIAC,ii,ii,
1,regular,2026-08-27 23:00:00+00:00,Western Illinois,Northwestern (IA),65,14,True,False,False,OVC,,fcs,,
1,regular,2026-08-27 23:00:00+00:00,Presbyterian,UVA Wise,47,37,True,False,False,Pioneer,South Atlantic,fcs,ii,
1,regular,2026-08-27 23:30:00+00:00,Drake,South Dakota Mines,35,38,True,False,False,Pioneer,Rocky Mountain,fcs,ii,
1,regular,2026-08-27 23:30:00+00:00,UT Martin,Central Arkansas,24,36,True,False,False,OVC,UAC,fcs,fcs,
1,regular,2026-08-27 23:30:00+00:00,Concordia St. Paul,Quincy,38,21,True,False,False,Northern Sun,Great Lakes,ii,ii,
1,regular,2026-08-28 00:00:00+00:00,Southwest Minnesota State,Valley City State,10,7,True,False,False,Northern Sun,,ii,,
1,regular,2026-08-28 00:00:00+00:00,Colorado Mesa,Minnesota State,14,38,True,False,False,Rocky Mountain,Northern Sun,ii,ii,
1,regular,2026-08-28 00:00:00+00:00,Adams State,Western New Mexico,45,62,True,False,False,Rocky Mountain,Lone Star,ii,ii,
1,regular,2026-08-28 00:00:00+00:00,Pittsburg State,Ferris State,14,42,True,False,False,Mid America,GLIAC,ii,ii,
1,regular,2026-08-28 00:00:00+00:00,West Texas,Western Colorado,21,52,True,False,False,Lone Star,Rocky Mountain,ii,ii,
1,regular,2026-08-28 00:00:00+00:00,New Mexico Highlands,Eastern New Mexico,35,34,True,False,False,Rocky Mountain,Lone Star,ii,ii,
1,regular,2026-08-28 00:00:00+00:00,CSU Pueblo,Central Missouri,44,25,True,False,False,Rocky Mountain,Mid America,ii,ii,
1,regular,2026-08-28 00:00:00+00:00,Missouri Western,Augustana (SD),58,63,True,False,False,Mid America,Northern Sun,ii,ii,
1,regular,2026-08-28 00:00:00+00:00,Angelo State,Fort Hays,14,35,True,False,False,Lone Star,Mid America,ii,ii,
1,regular,2026-08-28 00:00:00+00:00,Northwestern State,Louisiana Christian,37,42,True,False,False,Southland,,fcs,,
1,regular,2026-08-28 00:00:00+00:00,North Dakota,Long Island University,42,21,True,False,False,MVFC,NEC,fcs,fcs,
1,regular,2026-08-28 00:30:00+00:00,University of Mary,Rocky Mountain,10,23,True,True,False,Northern Sun,,ii,,
1,regular,2026-08-28 22:00:00+00:00,New Haven,Marist,22,21,True,False,False,NEC,Pioneer,fcs,fcs,
1,regular,2026-08-28 22:00:00+00:00,Lenoir Rhyne,Virginia Union,45,3,True,False,False,South Atlantic,CIAA,ii,ii,
1,regular,2026-08-28 22:00:00+00:00,Villanova,William & Mary,32,35,True,False,True,Patriot,Patriot,fcs,fcs,
1,regular,2026-08-28 22:00:00+00:00,Fordham,Colgate,14,24,True,False,True,Patriot,Patriot,fcs,fcs,
1,regular,2026-08-28 22:00:00+00:00,Merrimack,Rhode Island,7,34,True,False,False,FCS Independents,Coastal Athletic,fcs,fcs,
1,regular,2026-08-28 23:00:00+00:00,UAlbany,New Hampshire,28,14,True,False,True,Coastal Athletic,Coastal Athletic,fcs,fcs,
1,regular,2026-08-29 01:00:00+00:00,Northern Colorado,Weber State,29,30,True,False,True,Big Sky,Big Sky,fcs,fcs,
1,regular,2026-08-29 02:00:00+00:00,Cal Poly,Idaho,38,34,True,False,True,Big Sky,Big Sky,fcs,fcs,
1,regular,2026-08-29 16:00:00+00:00,Dayton,Fairmont State,43,20,True,False,False,Pioneer,Mountain East,fcs,ii,
1,regular,2026-08-29 16:00:00+00:00,Wagner,Robert Morris,7,28,True,False,True,NEC,NEC,fcs,fcs,
1,regular,2026-08-29 16:00:00+00:00,West Virginia State,Chowan,56,24,True,False,False,Mountain East,Carolinas,ii,ii,
1,regular,2026-08-29 16:00:00+00:00,Wheeling,Thomas More,27,10,True,False,False,Mountain East,Great Midwest Athletic,ii,ii,
1,regular,2026-08-29 16:00:00+00:00,Davenport,Gannon,32,20,True,False,False,GLIAC,Pennsylvania State Athletic,ii,ii,
1,regular,2026-08-29 16:00:00+00:00,TCU,North Carolina,10,15,True,True,False,Big 12,ACC,fbs,fbs,Aer Lingus College Football Classic
1,regular,2026-08-29 17:00:00+00:00,Shippensburg,Lock Haven,16,24,True,False,True,Pennsylvania State Athletic,Pennsylvania State Athletic,ii,ii,
1,regular,2026-08-29 17:00:00+00:00,William Jewell,Fort Lewis,0,0,True,False,False,Great Lakes,Rocky Mountain,ii,ii,
1,regular,2026-08-29 17:00:00+00:00,Shorter,Andrew,20,24,True,False,False,Carolinas,,ii,,
1,regular,2026-08-29 17:00:00+00:00,Elizabeth City State,Fort Valley State,14,17,True,False,False,CIAA,SIAC,ii,ii,
1,regular,2026-08-29 17:00:00+00:00,Northeastern State,Delta State,52,0,True,False,False,Independent DII,Gulf South,ii,ii,
1,regular,2026-08-29 17:00:00+00:00,American International,Monroe,17,3,True,False,False,Northeast 10,,ii,,
1,regular,2026-08-29 17:00:00+00:00,West Virginia Wesleyan,Post,31,13,True,False,False,Mountain East,Northeast 10,ii,ii,
1,regular,2026-08-29 17:00:00+00:00,Chicago State,Roosevelt,28,44,True,False,False,FCS Independents,GLIAC,fcs,ii,
1,regular,2026-08-29 17:00:00+00:00,Butler,Georgetown College Kentucky,27,23,True,False,False,Pioneer,,fcs,,
1,regular,2026-08-29 17:30:00+00:00,BLUEFIELD,Erskine,20,37,True,False,False,,Carolinas,,ii,
1,regular,2026-08-29 18:00:00+00:00,Colorado School of Mines,Western Oregon,20,22,True,False,False,Rocky Mountain,Lone Star,ii,ii,
1,regular,2026-08-29 18:00:00+00:00,Valparaiso,Lawrence Tech,59,13,True,False,False,Pioneer,,fcs,,
1,regular,2026-08-29 18:00:00+00:00,South Dakota,Central Connecticut,59,20,True,False,False,MVFC,NEC,fcs,fcs,
1,regular,2026-08-29 19:00:00+00:00,USC,San José State,42,26,True,False,False,Big Ten,Mountain West,fbs,fbs,
1,regular,2026-08-29 19:00:00+00:00,Upper Iowa,Jamestown,30,13,True,False,False,Great Lakes,Northern Sun,ii,ii,
1,regular,2026-08-29 19:00:00+00:00,Central State,Kentucky State,14,41,True,False,True,SIAC,SIAC,ii,ii,
1,regular,2026-08-29 19:00:00+00:00,Alabama State,Southern,30,17,True,True,True,SWAC,SWAC,fcs,fcs,
1,regular,2026-08-29 19:00:00+00:00,Portland State,UC Davis,24,31,True,False,True,Big Sky,Big Sky,fcs,fcs,
1,regular,2026-08-29 19:30:00+00:00,Virginia,NC State,34,8,True,False,True,ACC,ACC,fbs,fbs,
1,regular,2026-08-29 19:30:00+00:00,Holy Cross,Lehigh,10,35,True,False,True,Patriot,Patriot,fcs,fcs,
1,regular,2026-08-29 21:00:00+00:00,Benedict,Johnson C. Smith,32,10,True,False,False,SIAC,CIAA,ii,ii,
1,regular,2026-08-29 21:00:00+00:00,Northern Arizona,Eastern Washington,34,27,True,False,True,Big Sky,Big Sky,fcs,fcs,
1,regular,2026-08-29 21:30:00+00:00,North Dakota State,Jacksonville State,33,7,True,False,False,Mountain West,Conference USA,fbs,fbs,
1,regular,2026-08-29 21:30:00+00:00,East Tennessee State,Campbell,37,49,True,False,False,Southern,Coastal Athletic,fcs,fcs,
1,regular,2026-08-29 22:00:00+00:00,Norfolk State,Winston-Salem State,56,0,True,False,False,MEAC,CIAA,fcs,ii,
1,regular,2026-08-29 22:00:00+00:00,Stonehill,Bryant,6,24,True,False,False,NEC,Coastal Athletic,fcs,fcs,
1,regular,2026-08-29 22:00:00+00:00,Fayetteville State,Shaw,33,20,True,False,True,CIAA,CIAA,ii,ii,
1,regular,2026-08-29 22:00:00+00:00,North Carolina A&T,Morgan State,7,17,True,False,False,Coastal Athletic,MEAC,fcs,fcs,
1,regular,2026-08-29 22:00:00+00:00,Edward Waters,Florida Memorial University,42,28,True,False,False,SIAC,,ii,,
1,regular,2026-08-29 22:00:00+00:00,Idaho State,VMI,38,10,True,False,False,Big Sky,Southern,fcs,fcs,
1,regular,2026-08-29 22:00:00+00:00,Wofford,The Citadel,42,14,True,False,True,Southern,Southern,fcs,fcs,
1,regular,2026-08-29 22:00:00+00:00,Ferrum,Catawba,7,13,True,False,False,Carolinas,South Atlantic,ii,ii,
1,regular,2026-08-29 22:00:00+00:00,Livingstone,Allen,16,37,True,False,False,CIAA,SIAC,ii,ii,
1,regular,2026-08-29 22:00:00+00:00,Richmond,Bucknell,35,14,True,False,True,Patriot,Patriot,fcs,fcs,
1,regular,2026-08-29 22:00:00+00:00,Indiana State,Southeast Missouri State,21,23,True,False,False,MVFC,OVC,fcs,fcs,
1,regular,2026-08-29 22:00:00+00:00,South Carolina State,Savannah State,87,0,True,False,False,MEAC,SIAC,fcs,ii,
1,regular,2026-08-29 22:00:00+00:00,Hampton,Virginia Lynchburg,45,0,True,False,False,Coastal Athletic,,fcs,,
1,regular,2026-08-29 22:30:00+00:00,Eastern Michigan,Sacramento State,28,17,True,False,True,Mid-American,Mid-American,fbs,fbs,
1,regular,2026-08-29 23:00:00+00:00,Arkansas-Pine Bluff,Morehouse,35,15,True,True,False,SWAC,SIAC,fcs,ii,
1,regular,2026-08-29 23:00:00+00:00,Texas Southern,North Carolina Central,42,30,True,False,False,SWAC,MEAC,fcs,fcs,
1,regular,2026-08-29 23:00:00+00:00,Incarnate Word,Oklahoma Panhandle,76,14,True,False,False,Southland,Independent DII,fcs,ii,
1,regular,2026-08-29 23:00:00+00:00,Florida State,New Mexico State,34,17,True,False,False,ACC,Conference USA,fbs,fbs,
1,regular,2026-08-29 23:00:00+00:00,Stanford,Hawai'i,37,27,True,False,False,ACC,Mountain West,fbs,fbs,
1,regular,2026-08-29 23:00:00+00:00,Lincoln (MO),Central Methodist,27,11,True,False,False,Great Lakes,,ii,,
1,regular,2026-08-29 23:00:00+00:00,Missouri S&T,Westgate Christian University,,,True,False,False,Great Lakes,,ii,,
1,regular,2026-08-29 23:00:00+00:00,Truman State,Washburn,21,27,True,False,False,Great Lakes,Mid America,ii,ii,
1,regular,2026-08-29 23:00:00+00:00,Grambling,Clark Atlanta,49,7,True,False,False,SWAC,SIAC,fcs,ii,
1,regular,2026-08-29 23:00:00+00:00,Mercer,East Texas A&M,23,15,True,False,False,Southern,Southland,fcs,fcs,FCS Kickoff
1,regular,2026-08-29 23:00:00+00:00,Western Carolina,Eastern Kentucky,45,21,True,False,False,Southern,UAC,fcs,fcs,
1,regular,2026-08-29 23:00:00+00:00,McNeese,Stephen F. Austin,27,38,True,False,True,Southland,Southland,fcs,fcs,
1,regular,2026-08-29 23:00:00+00:00,Alcorn State,Miles,56,7,True,False,False,SWAC,SIAC,fcs,ii,
1,regular,2026-08-29 23:00:00+00:00,Illinois State,St. Francis (IL),76,0,True,False,False,MVFC,,fcs,,
1,regular,2026-08-29 23:00:00+00:00,Florida A&M,Albany State,20,7,True,False,False,SWAC,SIAC,fcs,ii,
1,regular,2026-08-29 23:00:00+00:00,North Alabama,Samford,22,10,True,True,False,UAC,Southern,fcs,fcs,
1,regular,2026-08-29 23:00:00+00:00,South Dakota State,Stetson,70,7,True,False,False,MVFC,Pioneer,fcs,fcs,
1,regular,2026-08-29 23:00:00+00:00,Lamar,Abilene Christian,21,14,True,False,False,Southland,UAC,fcs,fcs,
1,regular,2026-08-29 23:00:00+00:00,Tennessee Tech,Monmouth,38,14,True,False,False,Southern,Coastal Athletic,fcs,fcs,
1,regular,2026-08-29 23:00:00+00:00,Midwestern State,Missouri Southern State,30,23,True,False,False,Lone Star,Mid America,ii,ii,
1,regular,2026-08-29 23:30:00+00:00,Howard,Alabama A&M,31,24,True,True,False,MEAC,SWAC,fcs,fcs,Cricket MEAC/SWAC Challenge Kickoff
1,regular,2026-08-30 00:00:00+00:00,UT Rio Grande Valley,UT Permian Basin,44,0,True,False,False,Southland,Lone Star,fcs,ii,
1,regular,2026-08-30 00:00:00+00:00,Sul Ross State,Wayland Baptist,20,34,True,False,False,Lone Star,,ii,,
1,regular,2026-08-30 00:00:00+00:00,Bethel University Tennessee,Lane College,16,3,True,False,False,,SIAC,,ii,
1,regular,2026-08-30 00:00:00+00:00,Texas A&M-Kingsville,Northwest Missouri State,3,48,True,False,False,Lone Star,Mid America,ii,ii,
1,regular,2026-08-30 00:30:00+00:00,Tennessee State,Jackson State,24,26,True,False,False,OVC,SWAC,fcs,fcs,
1,regular,2026-08-30 01:00:00+00:00,Tarleton State,Prairie View A&M,49,30,True,False,False,UAC,SWAC,fcs,fcs,
1,regular,2026-08-30 01:00:00+00:00,Montana,Southern Utah,28,21,True,False,True,Big Sky,Big Sky,fcs,fcs,
1,regular,2026-08-30 02:00:00+00:00,Utah Tech,Montana State,0,54,True,False,True,Big Sky,Big Sky,fcs,fcs,
1,regular,2026-08-30 02:00:00+00:00,UNLV,Memphis,21,27,True,False,False,Mountain West,American Athletic,fbs,fbs,
1,regular,2026-08-31 00:00:00+00:00,Tuskegee,West Alabama,17,27,True,True,False,SIAC,Gulf South,ii,ii,
1,regular,2026-09-03 21:00:00+00:00,Montclair State,Merchant Marine,24,41,True,False,False,New Jersey,NEWMAC,iii,iii,
1,regular,2026-09-03 22:00:00+00:00,Olivet,Millikin,39,19,True,False,False,Michigan,CCIW,iii,iii,
1,regular,2026-09-03 22:00:00+00:00,Glenville State,Millersville,24,21,True,False,False,Mountain East,Pennsylvania State Athletic,ii,ii,
1,regular,2026-09-03 22:00:00+00:00,California (PA),Charleston (WV),49,24,True,False,False,Pennsylvania State Athletic,Mountain East,ii,ii,
1,regular,2026-09-03 22:00:00+00:00,Clarion,West Virginia Wesleyan,52,14,True,False,False,Pennsylvania State Athletic,Mountain East,ii,ii,
1,regular,2026-09-03 22:00:00+00:00,Rutgers,Massachusetts,21,37,True,False,False,Big Ten,Mid-American,fbs,fbs,
1,regular,2026-09-03 22:00:00+00:00,Assumption,Kutztown,35,56,True,False,False,Northeast 10,Pennsylvania State Athletic,ii,ii,
1,regular,2026-09-03 22:00:00+00:00,Wayne State (MI),Northwood,0,52,True,False,False,GLIAC,Great Midwest Athletic,ii,ii,
1,regular,2026-09-03 22:00:00+00:00,Fairmont State,Bloomsburg,13,35,True,False,False,Mountain East,Pennsylvania State Athletic,ii,ii,
1,regular,2026-09-03 22:00:00+00:00,Carson Newman,Thomas,44,0,True,False,False,South Atlantic,,ii,,
1,regular,2026-09-03 22:00:00+00:00,Morehead State,Kentucky Christian,75,24,True,False,False,Pioneer,,fcs,,
1,regular,2026-09-03 23:00:00+00:00,Southern Nazarene,Henderson State,21,57,True,False,True,Great American,Great American,ii,ii,
1,regular,2026-09-03 23:00:00+00:00,Arkansas Monticello,Southeastern Oklahoma State,12,21,True,False,True,Great American,Great American,ii,ii,
1,regular,2026-09-03 23:00:00+00:00,Northern State,Winona State,31,16,True,False,True,Northern Sun,Northern Sun,ii,ii,
1,regular,2026-09-03 23:00:00+00:00,Kennesaw State,West Georgia,47,0,True,False,False,Conference USA,UAC,fbs,fcs,
1,regular,2026-09-03 23:00:00+00:00,Trine,Chicago,48,34,True,False,False,Michigan,Midwest,iii,iii,
1,regular,2026-09-03 23:00:00+00:00,Brockport,Buffalo State,68,0,True,False,False,Empire 8,Liberty League,iii,iii,
1,regular,2026-09-03 23:00:00+00:00,Minnesota St Moorhead,Concordia St. Paul,48,30,True,False,True,Northern Sun,Northern Sun,ii,ii,
1,regular,2026-09-03 23:00:00+00:00,Grand Valley State,West Texas,56,14,True,False,False,GLIAC,Lone Star,ii,ii,
1,regular,2026-09-03 23:00:00+00:00,Harding,Northwestern (OK),76,0,True,False,True,Great American,Great American,ii,ii,
1,regular,2026-09-03 23:00:00+00:00,Samford,Southern Illinois,18,22,True,False,False,Southern,MVFC,fcs,fcs,
1,regular,2026-09-03 23:00:00+00:00,Ashland,IU Pennsylvania,24,34,True,False,False,Great Midwest Athletic,Pennsylvania State Athletic,ii,ii,
1,regular,2026-09-03 23:00:00+00:00,UCF,Bethune-Cookman,73,6,True,False,False,Big 12,SWAC,fbs,fcs,
1,regular,2026-09-03 23:00:00+00:00,Minot State,Wayne State (NE),28,35,True,False,True,Northern Sun,Northern Sun,ii,ii,
1,regular,2026-09-03 23:00:00+00:00,Minnesota Duluth,Augustana (SD),30,23,True,False,True,Northern Sun,Northern Sun,ii,ii,
1,regular,2026-09-03 23:00:00+00:00,Valdosta State,Warner,59,10,True,False,False,Gulf South,,ii,,
1,regular,2026-09-03 23:00:00+00:00,Delaware,Merrimack,42,7,True,False,False,Conference USA,FCS Independents,fbs,fcs,
1,regular,2026-09-03 23:00:00+00:00,Wooster,Wilmington (OH),19,22,True,False,False,North Coast,Ohio,iii,iii,
1,regular,2026-09-03 23:00:00+00:00,Wake Forest,Akron,38,16,True,False,False,ACC,Mid-American,fbs,fbs,
1,regular,2026-09-03 23:00:00+00:00,Juniata,Gettysburg,7,24,True,False,False,Landmark Conference,Centennial,iii,iii,
1,regular,2026-09-03 23:00:00+00:00,King's,Wilkes,0,7,True,False,False,Mid Atlantic,Landmark Conference,iii,iii,
1,regular,2026-09-03 23:00:00+00:00,Wisconsin River Falls,Southern Virginia,73,7,True,False,False,Wisconsin,USA South,iii,iii,
1,regular,2026-09-03 23:00:00+00:00,Buffalo,UAlbany,21,17,True,False,False,Mid-American,Coastal Athletic,fbs,fcs,
1,regular,2026-09-03 23:00:00+00:00,Marietta,Westminster (PA),34,24,True,False,False,Ohio,Presidents',iii,iii,
1,regular,2026-09-03 23:00:00+00:00,Edinboro,Ohio Dominican,38,36,True,False,False,Pennsylvania State Athletic,Great Midwest Athletic,ii,ii,
1,regular,2026-09-03 23:00:00+00:00,Ohio Wesleyan,Bluffton,54,9,True,False,False,North Coast,Heartland,iii,iii,
1,regular,2026-09-03 23:00:00+00:00,Stony Brook,Lindenwood,36,32,True,False,False,Coastal Athletic,OVC,fcs,fcs,
1,regular,2026-09-04 00:00:00+00:00,Missouri,Arkansas-Pine Bluff,54,14,True,False,False,SEC,SWAC,fbs,fcs,
1,regular,2026-09-04 00:00:00+00:00,Ouachita Baptist,East Central,17,27,True,False,True,Great American,Great American,ii,ii,
1,regular,2026-09-04 00:00:00+00:00,Arkansas Tech,Southwestern Oklahoma State,26,20,True,False,True,Great American,Great American,ii,ii,
1,regular,2026-09-04 00:00:00+00:00,Georgia Tech,Colorado,13,14,True,False,False,ACC,Big 12,fbs,fbs,
1,regular,2026-09-04 00:00:00+00:00,Minnesota,Eastern Illinois,59,7,True,False,False,Big Ten,OVC,fbs,fcs,
1,regular,2026-09-04 00:00:00+00:00,Western Colorado,Angelo State,23,21,True,False,False,Rocky Mountain,Lone Star,ii,ii,
1,regular,2026-09-04 00:00:00+00:00,Beloit,Rockford,14,12,True,False,False,Midwest,NACC,iii,iii,
1,regular,2026-09-04 00:00:00+00:00,Fort Hays,CSU Pueblo,17,35,True,False,False,Mid America,Rocky Mountain,ii,ii,
1,regular,2026-09-04 00:00:00+00:00,Millsaps,Belhaven,36,20,True,False,False,Southern Athletic,USA South,iii,iii,
1,regular,2026-09-04 00:00:00+00:00,Chadron State,Nebraska Kearney,24,21,True,False,False,Rocky Mountain,Mid America,ii,ii,
1,regular,2026-09-04 00:00:00+00:00,Oklahoma Baptist,Southern Arkansas,38,20,True,False,True,Great American,Great American,ii,ii,
1,regular,2026-09-04 00:00:00+00:00,Western New Mexico,New Mexico Highlands,32,55,True,False,False,Lone Star,Rocky Mountain,ii,ii,
1,regular,2026-09-04 00:00:00+00:00,Central Missouri,Missouri Western,49,10,True,False,True,Mid America,Mid America,ii,ii,
1,regular,2026-09-04 01:00:00+00:00,Illinois,UAB,42,23,True,False,False,Big Ten,American Athletic,fbs,fbs,
1,regular,2026-09-04 01:00:00+00:00,Utah,Idaho,66,14,True,False,False,Big 12,Big Sky,fbs,fcs,
1,regular,2026-09-04 22:00:00+00:00,Ferris State,Bentley,38,3,True,False,False,GLIAC,Northeast 10,ii,ii,
1,regular,2026-09-04 22:00:00+00:00,Dickinson,Randolph Macon,27,14,True,False,False,Centennial,Old Dominion,iii,iii,
1,regular,2026-09-04 22:00:00+00:00,Rowan,Mary Hardin Baylor,14,35,True,False,False,New Jersey,American Southwest,iii,iii,
1,regular,2026-09-04 22:00:00+00:00,Methodist,Shenandoah,3,30,True,False,False,USA South,Old Dominion,iii,iii,
1,regular,2026-09-04 22:00:00+00:00,Nichols,MIT,7,35,True,False,False,Commonwealth Coast,NEWMAC,iii,iii,
1,regular,2026-09-04 22:00:00+00:00,Albright,Gallaudet,44,7,True,False,False,Mid Atlantic,Southern Collegiate Athletic,iii,iii,
1,regular,2026-09-04 22:30:00+00:00,Keystone,Alvernia,25,21,True,False,False,Independent DIII,Mid Atlantic,iii,iii,
1,regular,2026-09-04 22:30:00+00:00,Eastern Michigan,San José State,21,27,True,False,False,Mid-American,Mountain West,fbs,fbs,
1,regular,2026-09-04 23:00:00+00:00,Purdue,Indiana State,44,19,True,False,False,Big Ten,MVFC,fbs,fcs,
1,regular,2026-09-04 23:00:00+00:00,Norwich,St. Lawrence,10,18,True,False,False,NEWMAC,Liberty League,iii,iii,
1,regular,2026-09-04 23:00:00+00:00,Franklin & Marshall,Lebanon Valley,31,7,True,False,False,Centennial,Mid Atlantic,iii,iii,
1,regular,2026-09-04 23:00:00+00:00,Pace,East Stroudsburg,26,37,True,False,False,Northeast 10,Pennsylvania State Athletic,ii,ii,
1,regular,2026-09-04 23:00:00+00:00,Stevenson,Bridgewater,17,0,True,False,False,Mid Atlantic,Old Dominion,iii,iii,
1,regular,2026-09-04 23:00:00+00:00,UMass Dartmouth,Salve Regina,13,21,True,False,False,MSCAC,NEWMAC,iii,iii,
1,regular,2026-09-04 23:00:00+00:00,Springfield,Western New England,42,28,True,False,False,NEWMAC,Commonwealth Coast,iii,iii,
1,regular,2026-09-04 23:00:00+00:00,Georgia State,North Carolina A&T,59,10,True,False,False,Sun Belt,Coastal Athletic,fbs,fcs,
1,regular,2026-09-04 23:00:00+00:00,Marist,Franklin Pierce,27,18,True,False,False,Pioneer,Northeast 10,fcs,ii,
1,regular,2026-09-04 23:00:00+00:00,Rochester (NY),Case Western Reserve,20,38,True,False,False,Liberty League,Presidents',iii,iii,
1,regular,2026-09-04 23:00:00+00:00,Misericordia,Hartwick,42,14,True,False,False,Mid Atlantic,Empire 8,iii,iii,
1,regular,2026-09-04 23:00:00+00:00,Hobart,Alfred,24,17,True,False,False,Liberty League,Empire 8,iii,iii,
1,regular,2026-09-04 23:00:00+00:00,Ursinus,Delaware Valley,17,14,True,False,False,Centennial,Mid Atlantic,iii,iii,
1,regular,2026-09-04 23:30:00+00:00,McDaniel,Catholic,13,7,True,False,False,Centennial,Landmark Conference,iii,iii,
1,regular,2026-09-05 00:00:00+00:00,Kansas,Long Island University,51,6,True,False,False,Big 12,NEC,fbs,fcs,
1,regular,2026-09-05 00:00:00+00:00,Oklahoma,UTEP,51,0,True,False,False,SEC,Mountain West,fbs,fbs,
1,regular,2026-09-05 00:00:00+00:00,Carthage,Lakeland,23,14,True,False,False,CCIW,NACC,iii,iii,
1,regular,2026-09-05 00:00:00+00:00,Michigan State,Toledo,30,20,True,False,False,Big Ten,Mid-American,fbs,fbs,
1,regular,2026-09-05 01:00:00+00:00,Stanford,Miami,6,45,True,False,True,ACC,ACC,fbs,fbs,
1,regular,2026-09-05 01:00:00+00:00,USC,Fresno State,39,0,True,False,False,Big Ten,Pac-12,fbs,fbs,
1,regular,2026-09-05 02:00:00+00:00,Pacific (OR),Howard Payne,0,49,True,False,False,Northwest,American Southwest,iii,iii,
1,regular,2026-09-05 14:00:00+00:00,Washburn,Colorado School of Mines,16,16,True,False,False,Mid America,Rocky Mountain,ii,ii,
1,regular,2026-09-05 15:00:00+00:00,Martin Luther,Macalester,21,34,True,False,False,Upper Midwest,Minnesota,iii,iii,
1,regular,2026-09-05 15:00:00+00:00,Minnesota Morris,Concordia Chicago,19,52,True,False,False,Upper Midwest,NACC,iii,iii,
1,regular,2026-09-05 15:00:00+00:00,Stetson,Webber International,45,10,True,False,False,Pioneer,,fcs,,
1,regular,2026-09-05 15:00:00+00:00,Gustavus Adolphus,Central College,29,3,True,False,False,Minnesota,American Rivers,iii,iii,
1,regular,2026-09-05 15:00:00+00:00,Crown,Hamline,21,31,True,False,False,Upper Midwest,Minnesota,iii,iii,
1,regular,2026-09-05 16:00:00+00:00,Syracuse,New Hampshire,66,3,True,False,False,ACC,Coastal Athletic,fbs,fcs,
1,regular,2026-09-05 16:00:00+00:00,Elmhurst,Illinois College,13,28,True,False,False,CCIW,Midwest,iii,iii,
1,regular,2026-09-05 16:00:00+00:00,Endicott,Eastern,24,14,True,False,False,Commonwealth Coast,Mid Atlantic,iii,iii,
1,regular,2026-09-05 16:00:00+00:00,Plymouth State,New England College,28,14,True,False,False,MSCAC,,iii,,
1,regular,2026-09-05 16:00:00+00:00,Bowling Green,Tarleton State,13,20,True,False,False,Mid-American,UAC,fbs,fcs,
1,regular,2026-09-05 16:00:00+00:00,Davenport,Truman State,28,14,True,False,False,GLIAC,Great Lakes,ii,ii,
1,regular,2026-09-05 16:00:00+00:00,West Virginia,Coastal Carolina,31,24,True,False,False,Big 12,Sun Belt,fbs,fbs,
1,regular,2026-09-05 16:00:00+00:00,Army,Bryant,59,3,True,False,False,American Athletic,Coastal Athletic,fbs,fcs,
1,regular,2026-09-05 16:00:00+00:00,Albion,Illinois Wesleyan,10,24,True,False,False,Michigan,CCIW,iii,iii,
1,regular,2026-09-05 16:00:00+00:00,Grove City,SUNY Cortland,18,28,True,False,False,Presidents',Empire 8,iii,iii,
1,regular,2026-09-05 16:00:00+00:00,Alabama,East Carolina,48,10,True,False,False,SEC,American Athletic,fbs,fbs,
1,regular,2026-09-05 16:00:00+00:00,UConn,Lafayette,56,7,True,False,False,FBS Independents,Patriot,fbs,fcs,
1,regular,2026-09-05 16:00:00+00:00,Heidelberg,Maryville (TN),40,14,True,False,False,Ohio,USA South,iii,iii,
1,regular,2026-09-05 16:00:00+00:00,North Central College,Bethel (MN),44,21,True,False,False,CCIW,Minnesota,iii,iii,
1,regular,2026-09-05 16:00:00+00:00,Hillsdale,McKendree,55,24,True,False,False,Great Midwest Athletic,Great Lakes,ii,ii,
1,regular,2026-09-05 16:00:00+00:00,New Haven,Stonehill,3,21,True,False,True,NEC,NEC,fcs,fcs,
1,regular,2026-09-05 16:00:00+00:00,Houston,Oregon State,33,20,True,False,False,Big 12,Pac-12,fbs,fbs,
1,regular,2026-09-05 16:00:00+00:00,Otterbein,Calvin,21,53,True,False,False,Ohio,Michigan,iii,iii,
1,regular,2026-09-05 16:00:00+00:00,Wabash,Hampden Sydney,29,20,True,False,False,North Coast,Old Dominion,iii,iii,
1,regular,2026-09-05 16:00:00+00:00,Michigan Tech,Midwestern State,48,27,True,False,False,GLIAC,Lone Star,ii,ii,
1,regular,2026-09-05 16:00:00+00:00,Dean,Fitchburg State,26,35,True,False,True,MSCAC,MSCAC,iii,iii,
1,regular,2026-09-05 16:00:00+00:00,Utica,Washington & Jefferson,26,11,True,False,False,Empire 8,Presidents',iii,iii,
1,regular,2026-09-05 16:00:00+00:00,Wagner,Southern Connecticut State,31,7,True,False,False,NEC,Northeast 10,fcs,ii,
1,regular,2026-09-05 16:00:00+00:00,Rensselaer,WPI,35,7,True,False,False,Liberty League,NEWMAC,iii,iii,
1,regular,2026-09-05 16:00:00+00:00,Nebraska,Ohio,49,21,True,False,False,Big Ten,Mid-American,fbs,fbs,
1,regular,2026-09-05 16:00:00+00:00,Indiana,North Texas,52,16,True,False,False,Big Ten,American Athletic,fbs,fbs,
1,regular,2026-09-05 16:00:00+00:00,Moravian,Muhlenberg,7,34,True,False,False,Landmark Conference,Centennial,iii,iii,
1,regular,2026-09-05 16:00:00+00:00,Johns Hopkins,Ithaca,30,21,True,False,False,Centennial,Liberty League,iii,iii,
1,regular,2026-09-05 16:00:00+00:00,Coast Guard,New England,49,35,True,False,False,NEWMAC,Commonwealth Coast,iii,iii,
1,regular,2026-09-05 16:00:00+00:00,Mass Maritime,Maine Maritime,49,0,True,False,False,MSCAC,Commonwealth Coast,iii,iii,
1,regular,2026-09-05 16:00:00+00:00,James Madison,Liberty,20,13,True,False,False,Sun Belt,Conference USA,fbs,fbs,
1,regular,2026-09-05 16:30:00+00:00,Coe,Cornell (IA),49,7,True,False,False,American Rivers,Midwest,iii,iii,
1,regular,2026-09-05 16:30:00+00:00,Ohio State,Ball State,56,3,True,False,False,Big Ten,Mid-American,fbs,fbs,
1,regular,2026-09-05 16:30:00+00:00,Luther,Lawrence,30,7,True,False,True,Midwest,Midwest,iii,iii,
1,regular,2026-09-05 16:30:00+00:00,Grinnell,Mount Mercy,16,13,True,False,False,Midwest,,iii,,
1,regular,2026-09-05 16:30:00+00:00,Pittsburgh,Miami (OH),59,14,True,False,False,ACC,Mid-American,fbs,fbs,
1,regular,2026-09-05 16:30:00+00:00,Georgetown,Lehigh,14,45,True,False,True,Patriot,Patriot,fcs,fcs,
1,regular,2026-09-05 16:45:00+00:00,South Carolina,Kent State,57,0,True,False,False,SEC,Mid-American,fbs,fbs,
1,regular,2026-09-05 17:00:00+00:00,Air Force,Duquesne,34,0,True,False,False,Mountain West,NEC,fbs,fcs,
1,regular,2026-09-05 17:00:00+00:00,Iowa State,Southeast Missouri State,38,10,True,False,False,Big 12,OVC,fbs,fcs,
1,regular,2026-09-05 17:00:00+00:00,SUNY Maritime,Worcester State,42,41,True,False,False,NEWMAC,MSCAC,iii,iii,
1,regular,2026-09-05 17:00:00+00:00,William Paterson,Western Connecticut State,17,27,True,False,False,New Jersey,Landmark Conference,iii,iii,
1,regular,2026-09-05 17:00:00+00:00,Hardin Simmons,Chapman,44,24,True,False,False,American Southwest,So. Cal.,iii,iii,
1,regular,2026-09-05 17:00:00+00:00,Kentucky,Youngstown State,45,13,True,False,False,SEC,MVFC,fbs,fcs,
1,regular,2026-09-05 17:00:00+00:00,Vermont State Castleton,Westfield State,29,7,True,False,False,New Jersey,MSCAC,iii,iii,
1,regular,2026-09-05 17:00:00+00:00,Husson,Framingham State,21,33,True,False,False,Commonwealth Coast,MSCAC,iii,iii,
1,regular,2026-09-05 17:00:00+00:00,Washington and Lee,Wittenberg,13,7,True,False,False,Old Dominion,North Coast,iii,iii,
1,regular,2026-09-05 17:00:00+00:00,Kalamazoo,Kenyon,10,40,True,False,False,Michigan,North Coast,iii,iii,
1,regular,2026-09-05 17:00:00+00:00,Waynesburg,Capital,12,35,True,False,False,Presidents',Ohio,iii,iii,
1,regular,2026-09-05 17:00:00+00:00,Colgate,Holy Cross,35,10,True,False,True,Patriot,Patriot,fcs,fcs,
1,regular,2026-09-05 17:00:00+00:00,Manchester,Westminster (MO),17,10,True,False,False,Heartland,Upper Midwest,iii,iii,
1,regular,2026-09-05 17:00:00+00:00,Wheaton (IL),Mount Union,24,23,True,False,False,CCIW,Ohio,iii,iii,
1,regular,2026-09-05 17:00:00+00:00,Shepherd,Frostburg State,34,26,True,False,False,Pennsylvania State Athletic,Mountain East,ii,ii,
1,regular,2026-09-05 17:00:00+00:00,Union,Susquehanna,17,17,True,False,False,Liberty League,Landmark Conference,iii,iii,
1,regular,2026-09-05 17:00:00+00:00,Denison,Hope,14,28,True,False,False,North Coast,Michigan,iii,iii,
1,regular,2026-09-05 17:00:00+00:00,Adrian,Ohio Northern,17,10,True,False,False,Michigan,Ohio,iii,iii,
1,regular,2026-09-05 17:00:00+00:00,Saint Vincent,Hilbert,60,6,True,False,False,Presidents',Empire 8,iii,iii,
1,regular,2026-09-05 17:00:00+00:00,The College of New Jersey,Lycoming,7,17,True,False,False,New Jersey,Landmark Conference,iii,iii,
1,regular,2026-09-05 17:00:00+00:00,Wisconsin Eau Claire,Alma,23,15,True,False,False,Wisconsin,Michigan,iii,iii,
1,regular,2026-09-05 17:00:00+00:00,Morehouse,Clark Atlanta,21,31,True,False,True,SIAC,SIAC,ii,ii,
1,regular,2026-09-05 17:00:00+00:00,Virginia State,Bowie State,42,13,True,False,True,CIAA,CIAA,ii,ii,
1,regular,2026-09-05 17:00:00+00:00,Nebraska Wesleyan,Concordia (MN),0,28,True,False,False,American Rivers,Minnesota,iii,iii,
1,regular,2026-09-05 17:00:00+00:00,Kean,SUNY Morrisville,30,33,True,False,False,New Jersey,Empire 8,iii,iii,
1,regular,2026-09-05 17:30:00+00:00,Wofford,Gardner-Webb,17,13,True,False,False,Southern,OVC,fcs,fcs,
1,regular,2026-09-05 17:30:00+00:00,Anderson (IN),Allegheny,12,28,True,False,False,Heartland,Presidents',iii,iii,
1,regular,2026-09-05 18:00:00+00:00,Jamestown,Sioux Falls,0,31,True,False,True,Northern Sun,Northern Sun,ii,ii,
1,regular,2026-09-05 18:00:00+00:00,St. Norbert,Carroll (WI),10,40,True,False,False,NACC,CCIW,iii,iii,
1,regular,2026-09-05 18:00:00+00:00,Buena Vista,Benedictine (IL),14,41,True,False,False,American Rivers,NACC,iii,iii,
1,regular,2026-09-05 18:00:00+00:00,St. John Fisher,FDU Florham,38,8,True,False,False,Empire 8,Mid Atlantic,iii,iii,
1,regular,2026-09-05 18:00:00+00:00,Saint John's (MN),Wisconsin La Crosse,24,21,True,False,False,Minnesota,Wisconsin,iii,iii,
1,regular,2026-09-05 18:00:00+00:00,Wisconsin Whitewater,Carleton,69,7,True,False,False,Wisconsin,Minnesota,iii,iii,
1,regular,2026-09-05 18:00:00+00:00,Monmouth,Sacred Heart,31,24,True,False,True,Coastal Athletic,Coastal Athletic,fcs,fcs,
1,regular,2026-09-05 18:00:00+00:00,Claremont Mudd Scripps,Northwestern (MN),19,14,True,False,False,So. Cal.,Upper Midwest,iii,iii,
1,regular,2026-09-05 18:00:00+00:00,Carnegie Mellon,John Carroll,7,17,True,False,False,Presidents',Ohio,iii,iii,
1,regular,2026-09-05 18:00:00+00:00,Indianapolis,Findlay,10,30,True,False,False,Great Lakes,Great Midwest Athletic,ii,ii,
1,regular,2026-09-05 18:00:00+00:00,Sewanee,Bethany (WV),37,40,True,False,False,Southern Athletic,Presidents',iii,iii,
1,regular,2026-09-05 18:00:00+00:00,St. Scholastica,Wisconsin Lutheran,14,37,True,False,False,Minnesota,NACC,iii,iii,
1,regular,2026-09-05 18:00:00+00:00,Lake Forest,Greenville,77,14,True,False,False,Midwest,Upper Midwest,iii,iii,
1,regular,2026-09-05 18:00:00+00:00,Wisconsin Oshkosh,Linfield,15,41,True,False,False,Wisconsin,Northwest,iii,iii,
1,regular,2026-09-05 18:00:00+00:00,Ferrum,Emory & Henry,16,55,True,False,False,Carolinas,South Atlantic,ii,ii,
1,regular,2026-09-05 18:00:00+00:00,Concord,Bluefield State,26,16,True,False,False,Mountain East,CIAA,ii,ii,
1,regular,2026-09-05 18:00:00+00:00,Temple,Rhode Island,38,14,True,False,False,American Athletic,Coastal Athletic,fbs,fcs,
1,regular,2026-09-05 18:00:00+00:00,Oberlin,Hiram,2,33,True,False,False,North Coast,Presidents',iii,iii,
1,regular,2026-09-05 18:00:00+00:00,Ripon,Concordia (WI),14,38,True,False,False,Midwest,NACC,iii,iii,
1,regular,2026-09-05 18:00:00+00:00,Pomona Pitzer,Willamette,42,23,True,False,False,So. Cal.,Northwest,iii,iii,
1,regular,2026-09-05 19:00:00+00:00,Montana,Drake,45,10,True,False,False,Big Sky,Pioneer,fcs,fcs,
1,regular,2026-09-05 19:00:00+00:00,Lenoir Rhyne,West Alabama,23,34,True,False,False,South Atlantic,Gulf South,ii,ii,
1,regular,2026-09-05 19:00:00+00:00,American International,Lock Haven,21,14,True,False,False,Northeast 10,Pennsylvania State Athletic,ii,ii,
1,regular,2026-09-05 19:00:00+00:00,Lake Erie,Saint Anselm,35,7,True,False,False,Great Midwest Athletic,Northeast 10,ii,ii,
1,regular,2026-09-05 19:00:00+00:00,Georgia,Tennessee State,63,3,True,False,False,SEC,OVC,fbs,fcs,
1,regular,2026-09-05 19:00:00+00:00,South Dakota Mines,Southwest Baptist,38,17,True,False,False,Rocky Mountain,Great Lakes,ii,ii,
1,regular,2026-09-05 19:00:00+00:00,Black Hills State,Dakota State University,44,31,True,False,False,Rocky Mountain,,ii,,
1,regular,2026-09-05 19:00:00+00:00,Geneva,Widener,21,14,True,False,False,Presidents',Mid Atlantic,iii,iii,
1,regular,2026-09-05 19:30:00+00:00,Auburn,Baylor,17,16,True,True,False,SEC,Big 12,fbs,fbs,Aflac Kickoff
1,regular,2026-09-05 19:30:00+00:00,Charlotte,The Citadel,41,43,True,False,False,American Athletic,Southern,fbs,fcs,
1,regular,2026-09-05 19:30:00+00:00,Navy,Towson,42,15,True,False,False,American Athletic,Coastal Athletic,fbs,fcs,
1,regular,2026-09-05 19:30:00+00:00,Cincinnati,Boston College,34,15,True,False,False,Big 12,ACC,fbs,fbs,
1,regular,2026-09-05 19:30:00+00:00,Campbell,Western Carolina,0,0,True,False,False,Coastal Athletic,Southern,fcs,fcs,
1,regular,2026-09-05 19:30:00+00:00,Texas,Texas State,59,7,True,False,False,SEC,Pac-12,fbs,fbs,
1,regular,2026-09-05 19:30:00+00:00,Oregon,Boise State,34,27,True,False,False,Big Ten,Pac-12,fbs,fbs,
1,regular,2026-09-05 19:30:00+00:00,Duke,Tulane,17,3,True,False,False,ACC,American Athletic,fbs,fbs,
1,regular,2026-09-05 19:30:00+00:00,UTSA,UT Rio Grande Valley,45,16,True,False,False,American Athletic,Southland,fbs,fcs,
1,regular,2026-09-05 19:30:00+00:00,North Dakota State,Fordham,38,0,True,False,False,Mountain West,Patriot,fbs,fcs,
1,regular,2026-09-05 19:30:00+00:00,App State,Maine,55,3,True,False,False,Sun Belt,Coastal Athletic,fbs,fcs,
1,regular,2026-09-05 19:30:00+00:00,Tennessee,Furman,56,9,True,False,False,SEC,Southern,fbs,fcs,
1,regular,2026-09-05 19:30:00+00:00,Penn State,Marshall,45,0,True,False,False,Big Ten,Sun Belt,fbs,fbs,
1,regular,2026-09-05 19:45:00+00:00,Tulsa,Oklahoma State,24,10,True,False,False,American Athletic,Big 12,fbs,fbs,
1,regular,2026-09-05 20:00:00+00:00,Southern Oregon,Western Oregon,35,65,True,False,False,,Lone Star,,ii,
1,regular,2026-09-05 20:00:00+00:00,North Dakota,St. Thomas (MN),62,26,True,False,False,MVFC,Pioneer,fcs,fcs,
1,regular,2026-09-05 20:00:00+00:00,Seton Hill,West Liberty,24,28,True,False,False,Pennsylvania State Athletic,Mountain East,ii,ii,
1,regular,2026-09-05 20:00:00+00:00,Pacific Lutheran,Cal Lutheran,37,30,True,False,False,Northwest,So. Cal.,iii,iii,
1,regular,2026-09-05 20:00:00+00:00,Alfred State,Thiel,74,13,True,False,False,Empire 8,Presidents',iii,iii,
1,regular,2026-09-05 20:00:00+00:00,Allen,Florida Memorial University,31,38,True,False,False,SIAC,,ii,,
1,regular,2026-09-05 20:00:00+00:00,Eastern New Mexico,Colorado Mesa,23,42,True,False,False,Lone Star,Rocky Mountain,ii,ii,
1,regular,2026-09-05 20:00:00+00:00,Bemidji State,Southwest Minnesota State,38,0,True,False,True,Northern Sun,Northern Sun,ii,ii,
1,regular,2026-09-05 20:00:00+00:00,Puget Sound,Lewis & Clark,21,42,True,False,True,Northwest,Northwest,iii,iii,
1,regular,2026-09-05 20:15:00+00:00,Iowa,Northern Illinois,40,0,True,False,False,Big Ten,Mountain West,fbs,fbs,
1,regular,2026-09-05 20:15:00+00:00,Arkansas,North Alabama,31,14,True,False,False,SEC,UAC,fbs,fcs,
1,regular,2026-09-05 21:00:00+00:00,Fort Valley State,Tuskegee,23,24,True,True,True,SIAC,SIAC,ii,ii,
1,regular,2026-09-05 21:00:00+00:00,Shorter,Benedict,20,24,True,False,False,Carolinas,SIAC,ii,ii,
1,regular,2026-09-05 21:00:00+00:00,Lyon,East Texas Baptist,7,58,True,False,False,Southern Collegiate Athletic,American Southwest,iii,iii,
1,regular,2026-09-05 21:00:00+00:00,Southern Miss,Alcorn State,49,3,True,False,False,Sun Belt,SWAC,fbs,fcs,
1,regular,2026-09-05 21:30:00+00:00,East Tennessee State,Tusculum,48,14,True,False,False,Southern,South Atlantic,fcs,ii,
1,regular,2026-09-05 22:00:00+00:00,Howard,Richmond,21,28,True,False,False,MEAC,Patriot,fcs,fcs,
1,regular,2026-09-05 22:00:00+00:00,Robert Morris,West Virginia State,29,9,True,False,False,NEC,Mountain East,fcs,ii,
1,regular,2026-09-05 22:00:00+00:00,Old Dominion,Norfolk State,31,10,True,False,False,Sun Belt,MEAC,fbs,fcs,
1,regular,2026-09-05 22:00:00+00:00,North Carolina Central,Elizabeth City State,27,6,True,False,False,MEAC,CIAA,fcs,ii,
1,regular,2026-09-05 22:00:00+00:00,Lincoln (PA),West Chester,13,21,True,False,False,CIAA,Pennsylvania State Athletic,ii,ii,
1,regular,2026-09-05 22:00:00+00:00,William & Mary,Delaware State,22,15,True,False,False,Patriot,MEAC,fcs,fcs,
1,regular,2026-09-05 22:00:00+00:00,Colorado State,Wyoming,35,13,True,False,False,Pac-12,Mountain West,fbs,fbs,
1,regular,2026-09-05 22:00:00+00:00,Averett,North Carolina Wesleyan,13,27,True,False,False,Old Dominion,USA South,iii,iii,
1,regular,2026-09-05 22:00:00+00:00,UVA Wise,Chowan,20,24,True,False,False,South Atlantic,Carolinas,ii,ii,
1,regular,2026-09-05 22:00:00+00:00,Anderson (SC),Keiser (Fl),21,14,True,False,False,South Atlantic,,ii,,
1,regular,2026-09-05 22:00:00+00:00,Catawba,North Greenville,38,40,True,False,False,South Atlantic,Carolinas,ii,ii,
1,regular,2026-09-05 22:00:00+00:00,Greensboro,Guilford,48,7,True,False,False,USA South,Old Dominion,iii,iii,
1,regular,2026-09-05 22:00:00+00:00,Saginaw Valley State,Texas A&M-Kingsville,41,24,True,False,False,GLIAC,Lone Star,ii,ii,
1,regular,2026-09-05 22:00:00+00:00,Virginia Union,Livingstone,49,20,True,False,True,CIAA,CIAA,ii,ii,
1,regular,2026-09-05 22:00:00+00:00,Northern Michigan,Tiffin,7,35,True,False,False,GLIAC,Great Midwest Athletic,ii,ii,
1,regular,2026-09-05 22:00:00+00:00,Chattanooga,Tennessee Tech,9,24,True,False,True,Southern,Southern,fcs,fcs,
1,regular,2026-09-05 22:00:00+00:00,Walsh,Wheeling,23,21,True,False,False,Great Midwest Athletic,Mountain East,ii,ii,
1,regular,2026-09-05 22:00:00+00:00,Bucknell,Villanova,16,17,True,False,True,Patriot,Patriot,fcs,fcs,
1,regular,2026-09-05 22:00:00+00:00,Davidson,Elon,0,38,True,False,False,Pioneer,Coastal Athletic,fcs,fcs,
1,regular,2026-09-05 22:00:00+00:00,Fayetteville State,UNC Pembroke,10,7,True,False,False,CIAA,Carolinas,ii,ii,
1,regular,2026-09-05 22:00:00+00:00,Alabama State,Lane College,34,0,True,False,False,SWAC,SIAC,fcs,ii,
1,regular,2026-09-05 22:00:00+00:00,Mercer,Presbyterian,62,3,True,False,False,Southern,Pioneer,fcs,fcs,
1,regular,2026-09-05 22:00:00+00:00,Franklin,North Park,34,31,True,False,False,Heartland,CCIW,iii,iii,
1,regular,2026-09-05 22:30:00+00:00,University of Mary,Minnesota State,7,48,True,False,True,Northern Sun,Northern Sun,ii,ii,
1,regular,2026-09-05 23:00:00+00:00,Delta State,Wingate,13,36,True,False,False,Gulf South,South Atlantic,ii,ii,
1,regular,2026-09-05 23:00:00+00:00,Texas Tech,Abilene Christian,33,10,True,False,False,Big 12,UAC,fbs,fcs,
1,regular,2026-09-05 23:00:00+00:00,Jackson State,Edward Waters,66,14,True,False,False,SWAC,SIAC,fcs,ii,
1,regular,2026-09-05 23:00:00+00:00,Mount St Joseph,Muskingum,34,0,True,False,False,Heartland,Ohio,iii,iii,
1,regular,2026-09-05 23:00:00+00:00,Jacksonville State,Eastern Kentucky,49,7,True,False,False,Conference USA,UAC,fbs,fcs,
1,regular,2026-09-05 23:00:00+00:00,Georgia Southern,Charleston Southern,31,0,True,False,False,Sun Belt,OVC,fbs,fcs,
1,regular,2026-09-05 23:00:00+00:00,Memphis,Arkansas State,42,24,True,False,False,American Athletic,Sun Belt,fbs,fbs,
1,regular,2026-09-05 23:00:00+00:00,Southwestern U,McMurry,26,36,True,False,False,Southern Athletic,American Southwest,iii,iii,
1,regular,2026-09-05 23:00:00+00:00,Rice,Houston Christian,31,3,True,False,False,American Athletic,Southland,fbs,fcs,
1,regular,2026-09-05 23:00:00+00:00,Christopher Newport,Apprentice School,43,14,True,False,False,New Jersey,Independent DIII,iii,iii,
1,regular,2026-09-05 23:00:00+00:00,Vanderbilt,Austin Peay,28,9,True,False,False,SEC,UAC,fbs,fcs,
1,regular,2026-09-05 23:00:00+00:00,Centenary (LA),Westgate Christian University,,,True,False,False,Southern Collegiate Athletic,,iii,,
1,regular,2026-09-05 23:00:00+00:00,Rose Hulman,DePauw,23,31,True,False,False,Heartland,North Coast,iii,iii,
1,regular,2026-09-05 23:00:00+00:00,UT Martin,Chicago State,42,7,True,False,False,OVC,FCS Independents,fcs,fcs,
1,regular,2026-09-05 23:00:00+00:00,McNeese,Texas Wesleyan,52,0,True,False,False,Southland,,fcs,,
1,regular,2026-09-05 23:00:00+00:00,Troy,Sam Houston,24,21,True,False,False,Sun Belt,Conference USA,fbs,fbs,
1,regular,2026-09-05 23:00:00+00:00,Eastern Washington,Northern Iowa,34,24,True,False,False,Big Sky,MVFC,fcs,fcs,
1,regular,2026-09-05 23:00:00+00:00,South Alabama,SE Louisiana,39,14,True,False,False,Sun Belt,Southland,fbs,fcs,
1,regular,2026-09-05 23:00:00+00:00,Middle Tennessee,Murray State,38,14,True,False,False,Conference USA,MVFC,fbs,fcs,
1,regular,2026-09-05 23:00:00+00:00,Wisconsin Stevens Point,Augsburg,17,12,True,False,False,Wisconsin,Minnesota,iii,iii,
1,regular,2026-09-05 23:00:00+00:00,Schreiner,Austin,33,27,True,False,False,,Southern Collegiate Athletic,,iii,
1,regular,2026-09-05 23:00:00+00:00,Eureka,Knox,0,16,True,False,False,NACC,Midwest,iii,iii,
1,regular,2026-09-05 23:00:00+00:00,Augustana (IL),Simpson (IA),42,14,True,False,False,CCIW,American Rivers,iii,iii,
1,regular,2026-09-05 23:00:00+00:00,Utah State,Idaho State,17,29,True,False,False,Pac-12,Big Sky,fbs,fcs,
1,regular,2026-09-05 23:00:00+00:00,Newberry,Reinhardt,38,3,True,False,False,South Atlantic,,ii,,
1,regular,2026-09-05 23:00:00+00:00,Alabama A&M,Miles,38,23,True,False,False,SWAC,SIAC,fcs,ii,
1,regular,2026-09-05 23:00:00+00:00,Barton,Shaw,13,23,True,False,False,Carolinas,CIAA,ii,ii,
1,regular,2026-09-05 23:00:00+00:00,Southern,Kentucky State,34,15,True,False,False,SWAC,SIAC,fcs,ii,
1,regular,2026-09-05 23:00:00+00:00,Missouri S&T,Northeastern State,7,27,True,False,False,Great Lakes,Independent DII,ii,ii,
1,regular,2026-09-05 23:00:00+00:00,Grambling,Central State,48,26,True,False,False,SWAC,SIAC,fcs,ii,
1,regular,2026-09-05 23:00:00+00:00,Texas A&M,Missouri State,50,0,True,False,False,SEC,Conference USA,fbs,fbs,
1,regular,2026-09-05 23:00:00+00:00,South Florida,Florida International,19,9,True,False,False,American Athletic,Conference USA,fbs,fbs,
1,regular,2026-09-05 23:00:00+00:00,Huntingdon,Berry,20,50,True,False,False,USA South,Southern Athletic,iii,iii,
1,regular,2026-09-05 23:00:00+00:00,Central Arkansas,West Florida,14,42,True,False,True,UAC,UAC,fcs,fcs,
1,regular,2026-09-05 23:00:00+00:00,Kansas State,Nicholls,71,3,True,False,False,Big 12,Southland,fbs,fcs,
1,regular,2026-09-05 23:00:00+00:00,Dubuque,Wisconsin Stout,20,34,True,False,False,American Rivers,Wisconsin,iii,iii,
1,regular,2026-09-05 23:30:00+00:00,Michigan,Western Michigan,13,12,True,False,False,Big Ten,Mid-American,fbs,fbs,
1,regular,2026-09-05 23:30:00+00:00,LSU,Clemson,51,10,True,False,False,SEC,ACC,fbs,fbs,
1,regular,2026-09-05 23:30:00+00:00,Louisiana Tech,Northwestern State,80,6,True,False,False,Sun Belt,Southland,fbs,fcs,
1,regular,2026-09-05 23:30:00+00:00,LaGrange,Point University,31,7,True,False,False,USA South,,iii,,
1,regular,2026-09-05 23:30:00+00:00,Virginia Tech,VMI,73,3,True,False,False,ACC,Southern,fbs,fcs,
1,regular,2026-09-05 23:30:00+00:00,Wisconsin Platteville,Aurora,44,7,True,False,False,Wisconsin,NACC,iii,iii,
1,regular,2026-09-05 23:30:00+00:00,Hanover,Centre,17,0,True,False,False,Heartland,Southern Athletic,iii,iii,
1,regular,2026-09-05 23:30:00+00:00,Mississippi State,UL Monroe,62,13,True,False,False,SEC,Sun Belt,fbs,fbs,
1,regular,2026-09-05 23:30:00+00:00,Quincy,Roosevelt,28,41,True,False,False,Great Lakes,GLIAC,ii,ii,
1,regular,2026-09-05 23:45:00+00:00,Florida,Florida Atlantic,66,21,True,False,False,SEC,American Athletic,fbs,fbs,
1,regular,2026-09-06 00:00:00+00:00,Monmouth (IL),Wartburg,21,36,True,False,False,Midwest,American Rivers,iii,iii,
1,regular,2026-09-06 00:00:00+00:00,Southern Utah,Weber State,47,42,True,False,True,Big Sky,Big Sky,fcs,fcs,
1,regular,2026-09-06 00:00:00+00:00,Pittsburg State,Emporia State,10,21,True,False,True,Mid America,Mid America,ii,ii,
1,regular,2026-09-06 00:00:00+00:00,Cal Poly,Central Washington,24,17,True,False,False,Big Sky,Lone Star,fcs,ii,
1,regular,2026-09-06 00:00:00+00:00,Rhodes,Washington St. Louis,0,73,True,False,False,Southern Athletic,North Coast,iii,iii,
1,regular,2026-09-06 00:00:00+00:00,Fort Lewis,Phoenix,27,9,True,False,False,Rocky Mountain,,ii,,
1,regular,2026-09-06 00:00:00+00:00,Trinity (TX),Texas Lutheran,36,14,True,False,False,Southern Athletic,Southern Collegiate Athletic,iii,iii,
1,regular,2026-09-06 00:00:00+00:00,Whittier,Simpson (CA),14,56,True,False,False,So. Cal.,,iii,,
1,regular,2026-09-06 00:00:00+00:00,Northern Colorado,South Dakota,23,38,True,False,False,Big Sky,MVFC,fcs,fcs,
1,regular,2026-09-06 00:00:00+00:00,BYU,Utah Tech,63,7,True,False,False,Big 12,Big Sky,fbs,fcs,
1,regular,2026-09-06 00:00:00+00:00,Missouri Southern State,Upper Iowa,21,19,True,False,False,Mid America,Great Lakes,ii,ii,
1,regular,2026-09-06 00:00:00+00:00,Maryland,Hampton,62,0,True,False,False,Big Ten,Coastal Athletic,fbs,fcs,
1,regular,2026-09-06 00:00:00+00:00,Louisiana,Lamar,38,7,True,False,False,Sun Belt,Southland,fbs,fcs,
1,regular,2026-09-06 00:00:00+00:00,Sul Ross State,Adams State,52,26,True,False,False,Lone Star,Rocky Mountain,ii,ii,
1,regular,2026-09-06 00:00:00+00:00,Loras,St. Olaf,31,16,True,False,False,American Rivers,Minnesota,iii,iii,
1,regular,2026-09-06 00:00:00+00:00,Winston-Salem State,Mars Hill,0,17,True,False,False,CIAA,South Atlantic,ii,ii,
1,regular,2026-09-06 00:00:00+00:00,La Verne,Azusa Pacific,30,3,True,False,True,So. Cal.,So. Cal.,iii,iii,
1,regular,2026-09-06 00:00:00+00:00,Bridgewater State,Curry,63,35,True,False,False,MSCAC,Commonwealth Coast,iii,iii,
1,regular,2026-09-06 00:00:00+00:00,Northwestern,South Dakota State,34,18,True,False,False,Big Ten,MVFC,fbs,fcs,
1,regular,2026-09-06 00:00:00+00:00,Stephen F. Austin,East Texas A&M,44,7,True,False,True,Southland,Southland,fcs,fcs,
1,regular,2026-09-06 00:00:00+00:00,Western Illinois,Illinois State,10,41,True,False,False,OVC,MVFC,fcs,fcs,
1,regular,2026-09-06 00:30:00+00:00,Montana State,Butler,51,24,True,False,False,Big Sky,Pioneer,fcs,fcs,
1,regular,2026-09-06 01:00:00+00:00,New Mexico State,Mercyhurst,51,14,True,False,False,Conference USA,NEC,fbs,fcs,
1,regular,2026-09-06 01:30:00+00:00,Arizona,Northern Arizona,35,7,True,False,False,Big 12,Big Sky,fbs,fcs,
1,regular,2026-09-06 01:30:00+00:00,San Diego State,Portland State,53,20,True,False,False,Pac-12,Big Sky,fbs,fcs,
1,regular,2026-09-06 02:00:00+00:00,Hawai'i,UNLV,6,21,True,False,True,Mountain West,Mountain West,fbs,fbs,
1,regular,2026-09-06 02:00:00+00:00,Arizona State,Morgan State,70,7,True,False,False,Big 12,MEAC,fbs,fcs,
1,regular,2026-09-06 02:00:00+00:00,Sacramento State,Mississippi Valley State,52,0,True,False,False,Mid-American,SWAC,fbs,fcs,
1,regular,2026-09-06 02:00:00+00:00,San Diego,UC Davis,17,49,True,False,False,Pioneer,Big Sky,fcs,fcs,
1,regular,2026-09-06 02:00:00+00:00,New Mexico,Central Michigan,38,7,True,False,False,Mountain West,Mid-American,fbs,fbs,
1,regular,2026-09-06 02:05:00+00:00,George Fox,Redlands,27,0,True,False,False,Northwest,So. Cal.,iii,iii,
1,regular,2026-09-06 02:30:00+00:00,Nevada,Western Kentucky,49,14,True,False,False,Mountain West,Conference USA,fbs,fbs,
1,regular,2026-09-06 02:30:00+00:00,California,UCLA,24,45,True,False,False,ACC,Big Ten,fbs,fbs,
1,regular,2026-09-06 16:00:00+00:00,Prairie View A&M,Texas Southern,52,14,True,False,True,SWAC,SWAC,fcs,fcs,Labor Day Classic
1,regular,2026-09-06 19:00:00+00:00,Florida A&M,South Carolina State,13,31,True,True,False,SWAC,MEAC,fcs,fcs,Orange Blossom Classic
1,regular,2026-09-06 20:00:00+00:00,Johnson C. Smith,Albany State,7,27,True,True,False,CIAA,SIAC,ii,ii,
1,regular,2026-09-06 20:00:00+00:00,Washington,Washington State,24,10,True,False,False,Big Ten,Pac-12,fbs,fbs,
1,regular,2026-09-06 23:30:00+00:00,Notre Dame,Wisconsin,41,13,True,True,False,FBS Independents,Big Ten,fbs,fbs,
1,regular,2026-09-06 23:30:00+00:00,Ole Miss,Louisville,41,38,True,True,False,SEC,ACC,fbs,fbs,Liberty Mutual Music City Kickoff
1,regular,2026-09-07 23:30:00+00:00,Florida State,SMU,,,False,False,True,ACC,ACC,fbs,fbs,
2,regular,2026-09-10 23:00:00+00:00,West Virginia Wesleyan,Shippensburg,,,False,False,False,Mountain East,Pennsylvania State Athletic,ii,ii,
2,regular,2026-09-10 23:00:00+00:00,Denison,Oberlin,,,False,False,True,North Coast,North Coast,iii,iii,
2,regular,2026-09-10 23:00:00+00:00,Northwestern (OK),Arkansas Tech,,,False,False,True,Great American,Great American,ii,ii,
2,regular,2026-09-11 00:00:00+00:00,Southwestern Oklahoma State,Harding,,,False,False,True,Great American,Great American,ii,ii,
2,regular,2026-09-11 00:00:00+00:00,East Central,Arkansas Monticello,,,False,False,True,Great American,Great American,ii,ii,
2,regular,2026-09-11 00:00:00+00:00,Miami,Florida A&M,,,False,False,False,ACC,SWAC,fbs,fcs,
2,regular,2026-09-11 23:00:00+00:00,Virginia,Norfolk State,,,False,False,False,ACC,MEAC,fbs,fcs,
2,regular,2026-09-11 23:00:00+00:00,NC State,Richmond,,,False,False,False,ACC,Patriot,fbs,fcs,
2,regular,2026-09-11 23:00:00+00:00,Louisville,Villanova,,,False,False,False,ACC,Patriot,fbs,fcs,
2,regular,2026-09-11 23:00:00+00:00,North Greenville,Charleston (WV),,,False,False,False,Carolinas,Mountain East,ii,ii,
2,regular,2026-09-11 23:00:00+00:00,St. Lawrence,St. John Fisher,,,False,False,False,Liberty League,Empire 8,iii,iii,
2,regular,2026-09-11 23:00:00+00:00,King's,Stevenson,,,False,False,True,Mid Atlantic,Mid Atlantic,iii,iii,
2,regular,2026-09-11 23:30:00+00:00,Boston College,Rutgers,,,False,False,False,ACC,Big Ten,fbs,fbs,
2,regular,2026-09-12 00:00:00+00:00,Kansas,Missouri,,,False,False,False,Big 12,SEC,fbs,fbs,
2,regular,2026-09-12 16:00:00+00:00,Mass Maritime,Dean,,,False,False,True,MSCAC,MSCAC,iii,iii,
2,regular,2026-09-12 16:00:00+00:00,North Carolina,East Tennessee State,,,False,False,False,ACC,Southern,fbs,fcs,
2,regular,2026-09-12 16:00:00+00:00,Texas A&M,Arizona State,,,False,False,False,SEC,Big 12,fbs,fbs,
2,regular,2026-09-12 16:00:00+00:00,Michigan,Oklahoma,,,False,False,False,Big Ten,SEC,fbs,fbs,
2,regular,2026-09-12 16:00:00+00:00,Kansas State,Washington State,,,False,False,False,Big 12,Pac-12,fbs,fbs,
2,regular,2026-09-12 16:00:00+00:00,Oklahoma State,Oregon,,,False,False,False,Big 12,Big Ten,fbs,fbs,
2,regular,2026-09-12 16:00:00+00:00,Virginia Tech,Old Dominion,,,False,False,False,ACC,Sun Belt,fbs,fbs,
2,regular,2026-09-12 16:00:00+00:00,Purdue,Wake Forest,,,False,False,False,Big Ten,ACC,fbs,fbs,
2,regular,2026-09-12 16:00:00+00:00,Temple,Penn State,,,False,False,False,American Athletic,Big Ten,fbs,fbs,
2,regular,2026-09-12 16:00:00+00:00,Indiana,Howard,,,False,False,False,Big Ten,MEAC,fbs,fcs,
2,regular,2026-09-12 16:00:00+00:00,Army,South Florida,,,False,False,True,American Athletic,American Athletic,fbs,fbs,
2,regular,2026-09-12 16:00:00+00:00,East Carolina,App State,,,False,False,False,American Athletic,Sun Belt,fbs,fbs,
2,regular,2026-09-12 16:00:00+00:00,Rhode Island,Elon,,,False,False,True,Coastal Athletic,Coastal Athletic,fcs,fcs,
2,regular,2026-09-12 16:00:00+00:00,Findlay,Fairmont State,,,False,False,False,Great Midwest Athletic,Mountain East,ii,ii,
2,regular,2026-09-12 16:00:00+00:00,Davenport,Indianapolis,,,False,False,False,GLIAC,Great Lakes,ii,ii,
2,regular,2026-09-12 16:00:00+00:00,Millersville,California (PA),,,False,False,True,Pennsylvania State Athletic,Pennsylvania State Athletic,ii,ii,
2,regular,2026-09-12 16:00:00+00:00,Kutztown,Clarion,,,False,False,True,Pennsylvania State Athletic,Pennsylvania State Athletic,ii,ii,
2,regular,2026-09-12 16:00:00+00:00,Shepherd,Gannon,,,False,False,True,Pennsylvania State Athletic,Pennsylvania State Athletic,ii,ii,
2,regular,2026-09-12 16:00:00+00:00,Hartwick,Buffalo State,,,False,False,False,Empire 8,Liberty League,iii,iii,
2,regular,2026-09-12 16:00:00+00:00,Alma,Wisconsin Oshkosh,,,False,False,False,Michigan,Wisconsin,iii,iii,
2,regular,2026-09-12 16:00:00+00:00,Curry,Coast Guard,,,False,False,False,Commonwealth Coast,NEWMAC,iii,iii,
2,regular,2026-09-12 16:00:00+00:00,WPI,New England,,,False,False,False,NEWMAC,Commonwealth Coast,iii,iii,
2,regular,2026-09-12 16:00:00+00:00,Merchant Marine,Nichols,,,False,False,False,NEWMAC,Commonwealth Coast,iii,iii,
2,regular,2026-09-12 16:00:00+00:00,MIT,New England College,,,False,False,False,NEWMAC,,iii,,
2,regular,2026-09-12 16:00:00+00:00,Westfield State,Bridgewater State,,,False,False,True,MSCAC,MSCAC,iii,iii,
2,regular,2026-09-12 16:00:00+00:00,Moravian,Rowan,,,False,False,False,Landmark Conference,New Jersey,iii,iii,
2,regular,2026-09-12 16:00:00+00:00,Norwich,Vermont State Castleton,,,False,False,False,NEWMAC,New Jersey,iii,iii,
2,regular,2026-09-12 16:00:00+00:00,Waynesburg,Ursinus,,,False,False,False,Presidents',Centennial,iii,iii,
2,regular,2026-09-12 16:00:00+00:00,Albion,Wheaton (IL),,,False,False,False,Michigan,CCIW,iii,iii,
2,regular,2026-09-12 16:00:00+00:00,Husson,Springfield,,,False,False,False,Commonwealth Coast,NEWMAC,iii,iii,
2,regular,2026-09-12 16:00:00+00:00,Fitchburg State,UMass Dartmouth,,,False,False,True,MSCAC,MSCAC,iii,iii,
2,regular,2026-09-12 16:00:00+00:00,Pace,Monroe,,,False,False,False,Northeast 10,,ii,,
2,regular,2026-09-12 16:00:00+00:00,Kent State,Wofford,,,False,False,False,Mid-American,Southern,fbs,fcs,
2,regular,2026-09-12 16:00:00+00:00,Muhlenberg,Endicott,,,False,False,False,Centennial,Commonwealth Coast,iii,iii,
2,regular,2026-09-12 16:00:00+00:00,Anderson (IN),Gallaudet,,,False,False,False,Heartland,Southern Collegiate Athletic,iii,iii,
2,regular,2026-09-12 16:00:00+00:00,Catholic,Carnegie Mellon,,,False,False,False,Landmark Conference,Presidents',iii,iii,
2,regular,2026-09-12 16:00:00+00:00,FDU Florham,Albright,,,False,False,True,Mid Atlantic,Mid Atlantic,iii,iii,
2,regular,2026-09-12 16:00:00+00:00,Northwood,Saginaw Valley State,,,False,False,False,Great Midwest Athletic,GLIAC,ii,ii,
2,regular,2026-09-12 16:00:00+00:00,Hillsdale,Wayne State (MI),,,False,False,False,Great Midwest Athletic,GLIAC,ii,ii,
2,regular,2026-09-12 16:00:00+00:00,Long Island University,UAlbany,,,False,False,False,NEC,Coastal Athletic,fcs,fcs,
2,regular,2026-09-12 16:00:00+00:00,Dayton,Thomas More,,,False,False,False,Pioneer,Great Midwest Athletic,fcs,ii,
2,regular,2026-09-12 16:00:00+00:00,Davidson,Dickinson,,,False,False,False,Pioneer,Centennial,fcs,iii,
2,regular,2026-09-12 16:00:00+00:00,Rensselaer,Utica,,,False,False,False,Liberty League,Empire 8,iii,iii,
2,regular,2026-09-12 16:00:00+00:00,North Carolina Wesleyan,Apprentice School,,,False,False,False,USA South,Independent DIII,iii,iii,
2,regular,2026-09-12 16:00:00+00:00,Frostburg State,Assumption,,,False,False,False,Mountain East,Northeast 10,ii,ii,
2,regular,2026-09-12 16:00:00+00:00,Rochester (NY),SUNY Morrisville,,,False,False,False,Liberty League,Empire 8,iii,iii,
2,regular,2026-09-12 16:00:00+00:00,Union,SUNY Cortland,,,False,False,False,Liberty League,Empire 8,iii,iii,
2,regular,2026-09-12 16:30:00+00:00,Lafayette,Marist,,,False,False,False,Patriot,Pioneer,fcs,fcs,
2,regular,2026-09-12 16:45:00+00:00,Georgia,Western Kentucky,,,False,False,False,SEC,Conference USA,fbs,fbs,
2,regular,2026-09-12 17:00:00+00:00,West Virginia,UT Martin,,,False,False,False,Big 12,OVC,fbs,fcs,
2,regular,2026-09-12 17:00:00+00:00,Kean,SUNY Maritime,,,False,False,False,New Jersey,NEWMAC,iii,iii,
2,regular,2026-09-12 17:00:00+00:00,Central Michigan,Colgate,,,False,False,False,Mid-American,Patriot,fbs,fcs,
2,regular,2026-09-12 17:00:00+00:00,Calvin,St. Norbert,,,False,False,False,Michigan,NACC,iii,iii,
2,regular,2026-09-12 17:00:00+00:00,Ohio Wesleyan,John Carroll,,,False,False,True,North Coast,Ohio,iii,iii,
2,regular,2026-09-12 17:00:00+00:00,Chowan,Virginia Union,,,False,False,False,Carolinas,CIAA,ii,ii,
2,regular,2026-09-12 17:00:00+00:00,Shorter,UNC Pembroke,,,False,False,True,Carolinas,Carolinas,ii,ii,
2,regular,2026-09-12 17:00:00+00:00,Truman State,Northeastern State,,,False,False,False,Great Lakes,Independent DII,ii,ii,
2,regular,2026-09-12 17:00:00+00:00,West Alabama,Pittsburg State,,,False,False,False,Gulf South,Mid America,ii,ii,
2,regular,2026-09-12 17:00:00+00:00,Washington & Jefferson,Keystone,,,False,False,False,Presidents',Independent DIII,iii,iii,
2,regular,2026-09-12 17:00:00+00:00,Morehouse,Central State,,,False,False,True,SIAC,SIAC,ii,ii,
2,regular,2026-09-12 17:00:00+00:00,Mars Hill,Catawba,,,False,False,True,South Atlantic,South Atlantic,ii,ii,
2,regular,2026-09-12 17:00:00+00:00,Carson Newman,Wingate,,,False,False,True,South Atlantic,South Atlantic,ii,ii,
2,regular,2026-09-12 17:00:00+00:00,Emory & Henry,Tusculum,,,False,False,True,South Atlantic,South Atlantic,ii,ii,
2,regular,2026-09-12 17:00:00+00:00,Post,West Liberty,,,False,False,False,Northeast 10,Mountain East,ii,ii,
2,regular,2026-09-12 17:00:00+00:00,Lebanon Valley,Delaware Valley,,,False,False,True,Mid Atlantic,Mid Atlantic,iii,iii,
2,regular,2026-09-12 17:00:00+00:00,Eastern,Misericordia,,,False,False,True,Mid Atlantic,Mid Atlantic,iii,iii,
2,regular,2026-09-12 17:00:00+00:00,Hiram,Manchester,,,False,False,False,Presidents',Heartland,iii,iii,
2,regular,2026-09-12 17:00:00+00:00,Kalamazoo,Rose Hulman,,,False,False,False,Michigan,Heartland,iii,iii,
2,regular,2026-09-12 17:00:00+00:00,Westminster (PA),Franklin & Marshall,,,False,False,False,Presidents',Centennial,iii,iii,
2,regular,2026-09-12 17:00:00+00:00,Randolph Macon,Johns Hopkins,,,False,False,False,Old Dominion,Centennial,iii,iii,
2,regular,2026-09-12 17:00:00+00:00,Salisbury,McDaniel,,,False,False,False,New Jersey,Centennial,iii,iii,
2,regular,2026-09-12 17:00:00+00:00,Brevard,Sewanee,,,False,False,False,USA South,Southern Athletic,iii,iii,
2,regular,2026-09-12 17:00:00+00:00,Western New England,Salve Regina,,,False,False,False,Commonwealth Coast,NEWMAC,iii,iii,
2,regular,2026-09-12 17:00:00+00:00,Western Connecticut State,Christopher Newport,,,False,False,False,Landmark Conference,New Jersey,iii,iii,
2,regular,2026-09-12 17:00:00+00:00,Allegheny,Juniata,,,False,False,False,Presidents',Landmark Conference,iii,iii,
2,regular,2026-09-12 17:00:00+00:00,Lycoming,Montclair State,,,False,False,False,Landmark Conference,New Jersey,iii,iii,
2,regular,2026-09-12 17:00:00+00:00,Thiel,Adrian,,,False,False,False,Presidents',Michigan,iii,iii,
2,regular,2026-09-12 17:00:00+00:00,Wilkes,The College of New Jersey,,,False,False,False,Landmark Conference,New Jersey,iii,iii,
2,regular,2026-09-12 17:00:00+00:00,Hampden Sydney,Monmouth (IL),,,False,False,False,Old Dominion,Midwest,iii,iii,
2,regular,2026-09-12 17:00:00+00:00,Concordia St. Paul,University of Mary,,,False,False,True,Northern Sun,Northern Sun,ii,ii,
2,regular,2026-09-12 17:00:00+00:00,Lawrence,Buena Vista,,,False,False,False,Midwest,American Rivers,iii,iii,
2,regular,2026-09-12 17:00:00+00:00,Olivet,North Park,,,False,False,False,Michigan,CCIW,iii,iii,
2,regular,2026-09-12 17:00:00+00:00,Hobart,Brockport,,,False,False,False,Liberty League,Empire 8,iii,iii,
2,regular,2026-09-12 17:00:00+00:00,Hope,Wisconsin Stevens Point,,,False,False,False,Michigan,Wisconsin,iii,iii,
2,regular,2026-09-12 17:00:00+00:00,Maryville (TN),Hanover,,,False,False,False,USA South,Heartland,iii,iii,
2,regular,2026-09-12 17:00:00+00:00,Widener,Alvernia,,,False,False,True,Mid Atlantic,Mid Atlantic,iii,iii,
2,regular,2026-09-12 17:00:00+00:00,Wabash,Wittenberg,,,False,False,True,North Coast,North Coast,iii,iii,
2,regular,2026-09-12 17:00:00+00:00,Kenyon,Wooster,,,False,False,True,North Coast,North Coast,iii,iii,
2,regular,2026-09-12 17:00:00+00:00,Chicago State,Kentucky Christian,,,False,False,False,FCS Independents,,fcs,,
2,regular,2026-09-12 17:00:00+00:00,Lackawanna,Seton Hill,,,False,False,True,,Pennsylvania State Athletic,,ii,
2,regular,2026-09-12 17:00:00+00:00,Puget Sound,Lewis-Clark Valley College,,,False,False,False,Northwest,,iii,,
2,regular,2026-09-12 17:00:00+00:00,Miami (OH),Holy Cross,,,False,False,False,Mid-American,Patriot,fbs,fcs,
2,regular,2026-09-12 17:30:00+00:00,Baldwin Wallace,Bethany (WV),,,False,False,False,Ohio,Presidents',iii,iii,
2,regular,2026-09-12 17:30:00+00:00,Capital,Wilmington (OH),,,False,False,True,Ohio,Ohio,iii,iii,
2,regular,2026-09-12 17:30:00+00:00,Mount Union,Grove City,,,False,False,False,Ohio,Presidents',iii,iii,
2,regular,2026-09-12 17:30:00+00:00,VMI,Bucknell,,,False,False,False,Southern,Patriot,fcs,fcs,
2,regular,2026-09-12 18:00:00+00:00,South Dakota,Eastern Washington,,,False,False,False,MVFC,Big Sky,fcs,fcs,
2,regular,2026-09-12 18:00:00+00:00,Wartburg,North Central College,,,False,False,False,American Rivers,CCIW,iii,iii,
2,regular,2026-09-12 18:00:00+00:00,Wayne State (NE),Minnesota Duluth,,,False,False,True,Northern Sun,Northern Sun,ii,ii,
2,regular,2026-09-12 18:00:00+00:00,Wisconsin Whitewater,Saint Xavier,,,False,False,False,Wisconsin,,iii,,
2,regular,2026-09-12 18:00:00+00:00,Carroll (WI),Wisconsin Eau Claire,,,False,False,False,CCIW,Wisconsin,iii,iii,
2,regular,2026-09-12 18:00:00+00:00,Illinois Wesleyan,Trine,,,False,False,False,CCIW,Michigan,iii,iii,
2,regular,2026-09-12 18:00:00+00:00,Coe,Wisconsin River Falls,,,False,False,False,American Rivers,Wisconsin,iii,iii,
2,regular,2026-09-12 18:00:00+00:00,Greenville,Lakeland,,,False,False,False,Upper Midwest,NACC,iii,iii,
2,regular,2026-09-12 18:00:00+00:00,Winona State,Jamestown,,,False,False,True,Northern Sun,Northern Sun,ii,ii,
2,regular,2026-09-12 18:00:00+00:00,Rockford,Elmhurst,,,False,False,False,NACC,CCIW,iii,iii,
2,regular,2026-09-12 18:00:00+00:00,Mayville State,Minnesota Morris,,,False,False,False,,Upper Midwest,,iii,
2,regular,2026-09-12 18:00:00+00:00,St. Thomas (MN),Northern Michigan,,,False,False,False,Pioneer,GLIAC,fcs,ii,
2,regular,2026-09-12 18:00:00+00:00,Washington St. Louis,DePauw,,,False,False,True,North Coast,North Coast,iii,iii,
2,regular,2026-09-12 18:00:00+00:00,UVA Wise,Anderson (SC),,,False,False,True,South Atlantic,South Atlantic,ii,ii,
2,regular,2026-09-12 18:00:00+00:00,Emporia State,Michigan Tech,,,False,False,False,Mid America,GLIAC,ii,ii,
2,regular,2026-09-12 18:00:00+00:00,Southwest Baptist,Roosevelt,,,False,False,False,Great Lakes,GLIAC,ii,ii,
2,regular,2026-09-12 18:00:00+00:00,Barton,BLUEFIELD,,,False,False,False,Carolinas,,ii,,
2,regular,2026-09-12 18:00:00+00:00,Shaw,Ferrum,,,False,False,False,CIAA,Carolinas,ii,ii,
2,regular,2026-09-12 18:00:00+00:00,Ball State,Stony Brook,,,False,False,False,Mid-American,Coastal Athletic,fbs,fcs,
2,regular,2026-09-12 18:00:00+00:00,Wisconsin Stout,Augustana (IL),,,False,False,False,Wisconsin,CCIW,iii,iii,
2,regular,2026-09-12 18:00:00+00:00,Bloomsburg,Edinboro,,,False,False,True,Pennsylvania State Athletic,Pennsylvania State Athletic,ii,ii,
2,regular,2026-09-12 18:00:00+00:00,Millikin,Luther,,,False,False,False,CCIW,Midwest,iii,iii,
2,regular,2026-09-12 18:00:00+00:00,Sioux Falls,Minnesota St Moorhead,,,False,False,True,Northern Sun,Northern Sun,ii,ii,
2,regular,2026-09-12 18:00:00+00:00,Augustana (SD),Minot State,,,False,False,True,Northern Sun,Northern Sun,ii,ii,
2,regular,2026-09-12 18:00:00+00:00,Wisconsin Platteville,Dubuque,,,False,False,False,Wisconsin,American Rivers,iii,iii,
2,regular,2026-09-12 18:00:00+00:00,Wisconsin La Crosse,Hardin Simmons,,,False,False,False,Wisconsin,American Southwest,iii,iii,
2,regular,2026-09-12 18:00:00+00:00,Youngstown State,Duquesne,,,False,False,False,MVFC,NEC,fcs,fcs,
2,regular,2026-09-12 18:00:00+00:00,Lehigh,William & Mary,,,False,False,True,Patriot,Patriot,fcs,fcs,
2,regular,2026-09-12 18:00:00+00:00,Northern Iowa,Drake,,,False,False,False,MVFC,Pioneer,fcs,fcs,
2,regular,2026-09-12 18:00:00+00:00,Aurora,Mount St Joseph,,,False,False,False,NACC,Heartland,iii,iii,
2,regular,2026-09-12 18:00:00+00:00,Hendrix,Huntingdon,,,False,False,False,Southern Athletic,USA South,iii,iii,
2,regular,2026-09-12 18:00:00+00:00,Roanoke College,Greensboro,,,False,False,False,,USA South,,iii,
2,regular,2026-09-12 18:00:00+00:00,Austin,Rhodes,,,False,False,False,Southern Collegiate Athletic,Southern Athletic,iii,iii,
2,regular,2026-09-12 18:00:00+00:00,Bridgewater,Susquehanna,,,False,False,False,Old Dominion,Landmark Conference,iii,iii,
2,regular,2026-09-12 18:00:00+00:00,Cornell (IA),Beloit,,,False,False,True,Midwest,Midwest,iii,iii,
2,regular,2026-09-12 18:00:00+00:00,Concordia Chicago,Grinnell,,,False,False,False,NACC,Midwest,iii,iii,
2,regular,2026-09-12 18:00:00+00:00,Knox,Lake Forest,,,False,False,True,Midwest,Midwest,iii,iii,
2,regular,2026-09-12 18:00:00+00:00,Marietta,Ohio Northern,,,False,False,True,Ohio,Ohio,iii,iii,
2,regular,2026-09-12 18:30:00+00:00,Northwest Missouri State,Washburn,,,False,False,True,Mid America,Mid America,ii,ii,
2,regular,2026-09-12 18:30:00+00:00,Worcester State,Plymouth State,,,False,False,True,MSCAC,MSCAC,iii,iii,
2,regular,2026-09-12 19:00:00+00:00,Concordia (WI),Martin Luther,,,False,False,False,NACC,Upper Midwest,iii,iii,
2,regular,2026-09-12 19:00:00+00:00,Black Hills State,Adams State,,,False,False,True,Rocky Mountain,Rocky Mountain,ii,ii,
2,regular,2026-09-12 19:00:00+00:00,Miles,Edward Waters,,,False,False,True,SIAC,SIAC,ii,ii,
2,regular,2026-09-12 19:00:00+00:00,Montana,Utah Tech,,,False,False,True,Big Sky,Big Sky,fcs,fcs,
2,regular,2026-09-12 19:00:00+00:00,Delaware State,Bowie State,,,False,False,False,MEAC,CIAA,fcs,ii,
2,regular,2026-09-12 19:00:00+00:00,South Dakota Mines,Colorado Mesa,,,False,False,True,Rocky Mountain,Rocky Mountain,ii,ii,
2,regular,2026-09-12 19:00:00+00:00,Pacific Lutheran,Mary Hardin Baylor,,,False,False,False,Northwest,American Southwest,iii,iii,
2,regular,2026-09-12 19:30:00+00:00,James Madison,Wagner,,,False,False,False,Sun Belt,NEC,fbs,fcs,
2,regular,2026-09-12 19:30:00+00:00,Toledo,Central Connecticut,,,False,False,False,Mid-American,NEC,fbs,fcs,
2,regular,2026-09-12 19:30:00+00:00,Massachusetts,Sacred Heart,,,False,False,False,Mid-American,Coastal Athletic,fbs,fcs,
2,regular,2026-09-12 19:30:00+00:00,Pittsburgh,UCF,,,False,False,False,ACC,Big 12,fbs,fbs,
2,regular,2026-09-12 19:30:00+00:00,Illinois,Duke,,,False,False,False,Big Ten,ACC,fbs,fbs,
2,regular,2026-09-12 19:30:00+00:00,Syracuse,California,,,False,False,True,ACC,ACC,fbs,fbs,
2,regular,2026-09-12 19:30:00+00:00,Colorado,Weber State,,,False,False,False,Big 12,Big Sky,fbs,fcs,
2,regular,2026-09-12 19:30:00+00:00,Minnesota,Mississippi State,,,False,False,False,Big Ten,SEC,fbs,fbs,
2,regular,2026-09-12 19:30:00+00:00,Kentucky,Alabama,,,False,False,True,SEC,SEC,fbs,fbs,
2,regular,2026-09-12 19:30:00+00:00,BYU,Arizona,,,False,False,True,Big 12,Big 12,fbs,fbs,
2,regular,2026-09-12 19:30:00+00:00,Notre Dame,Rice,,,False,False,False,FBS Independents,American Athletic,fbs,fbs,
2,regular,2026-09-12 19:30:00+00:00,Akron,Robert Morris,,,False,False,False,Mid-American,NEC,fbs,fcs,
2,regular,2026-09-12 19:30:00+00:00,Michigan State,Eastern Michigan,,,False,False,False,Big Ten,Mid-American,fbs,fbs,
2,regular,2026-09-12 19:30:00+00:00,Texas State,UTSA,,,False,False,False,Pac-12,American Athletic,fbs,fbs,
2,regular,2026-09-12 19:30:00+00:00,UAB,UL Monroe,,,False,False,False,American Athletic,Sun Belt,fbs,fbs,
2,regular,2026-09-12 19:30:00+00:00,UConn,Maryland,,,False,False,False,FBS Independents,Big Ten,fbs,fbs,
2,regular,2026-09-12 19:30:00+00:00,Washington,Utah State,,,False,False,False,Big Ten,Pac-12,fbs,fbs,
2,regular,2026-09-12 19:45:00+00:00,North Texas,UNLV,,,False,False,False,American Athletic,Mountain West,fbs,fbs,
2,regular,2026-09-12 20:00:00+00:00,Wyoming,Northern Colorado,,,False,False,False,Mountain West,Big Sky,fbs,fcs,
2,regular,2026-09-12 20:00:00+00:00,SMU,UC Davis,,,False,False,False,ACC,Big Sky,fbs,fcs,
2,regular,2026-09-12 20:00:00+00:00,Whitworth,Eastern Oregon,,,False,False,False,Northwest,,iii,,
2,regular,2026-09-12 20:00:00+00:00,Saint Anselm,Bentley,,,False,False,True,Northeast 10,Northeast 10,ii,ii,
2,regular,2026-09-12 20:00:00+00:00,CSU Pueblo,Colorado School of Mines,,,False,False,True,Rocky Mountain,Rocky Mountain,ii,ii,
2,regular,2026-09-12 20:00:00+00:00,Wheeling,Lake Erie,,,False,False,False,Mountain East,Great Midwest Athletic,ii,ii,
2,regular,2026-09-12 20:00:00+00:00,Thomas,Erskine,,,False,False,False,,Carolinas,,ii,
2,regular,2026-09-12 20:00:00+00:00,Idaho,Lamar,,,False,False,False,Big Sky,Southland,fcs,fcs,
2,regular,2026-09-12 20:00:00+00:00,Bethune-Cookman,Stetson,,,False,False,False,SWAC,Pioneer,fcs,fcs,
2,regular,2026-09-12 20:00:00+00:00,Troy,Alabama State,,,False,False,False,Sun Belt,SWAC,fbs,fcs,
2,regular,2026-09-12 20:00:00+00:00,New Mexico,Mercyhurst,,,False,False,False,Mountain West,NEC,fbs,fcs,
2,regular,2026-09-12 20:00:00+00:00,Mississippi Valley State,Lincoln (PA),,,False,True,False,SWAC,CIAA,fcs,ii,
2,regular,2026-09-12 20:15:00+00:00,Vanderbilt,Delaware,,,False,False,False,SEC,Conference USA,fbs,fbs,
2,regular,2026-09-12 21:00:00+00:00,Austin Peay,Morehead State,,,False,False,False,UAC,Pioneer,fcs,fcs,
2,regular,2026-09-12 21:00:00+00:00,Lane College,Allen,,,False,False,True,SIAC,SIAC,ii,ii,
2,regular,2026-09-12 21:00:00+00:00,Maine,Merrimack,,,False,False,False,Coastal Athletic,FCS Independents,fcs,fcs,
2,regular,2026-09-12 21:00:00+00:00,Northern Arizona,Incarnate Word,,,False,False,False,Big Sky,Southland,fcs,fcs,
2,regular,2026-09-12 21:30:00+00:00,Florida,Campbell,,,False,False,False,SEC,Coastal Athletic,fbs,fcs,
2,regular,2026-09-12 22:00:00+00:00,Winston-Salem State,Johnson C. Smith,,,False,False,True,CIAA,CIAA,ii,ii,
2,regular,2026-09-12 22:00:00+00:00,Savannah State,Albany State,,,False,False,True,SIAC,SIAC,ii,ii,
2,regular,2026-09-12 22:00:00+00:00,New Hampshire,Stonehill,,,False,False,False,Coastal Athletic,NEC,fcs,fcs,
2,regular,2026-09-12 22:00:00+00:00,Clark Atlanta,Kentucky State,,,False,False,True,SIAC,SIAC,ii,ii,
2,regular,2026-09-12 22:00:00+00:00,Boise State,Memphis,,,False,False,False,Pac-12,American Athletic,fbs,fbs,
2,regular,2026-09-12 22:00:00+00:00,Kentucky Wesleyan,William Jewell,,,False,False,False,Great Midwest Athletic,Great Lakes,ii,ii,
2,regular,2026-09-12 22:00:00+00:00,West Chester,IU Pennsylvania,,,False,False,True,Pennsylvania State Athletic,Pennsylvania State Athletic,ii,ii,
2,regular,2026-09-12 22:00:00+00:00,Southwest Minnesota State,Northern State,,,False,False,True,Northern Sun,Northern Sun,ii,ii,
2,regular,2026-09-12 22:00:00+00:00,Butler,Franklin,,,False,False,False,Pioneer,Heartland,fcs,iii,
2,regular,2026-09-12 22:00:00+00:00,Bluefield State,Livingstone,,,False,False,True,CIAA,CIAA,ii,ii,
2,regular,2026-09-12 22:00:00+00:00,Eastern Kentucky,Chattanooga,,,False,False,False,UAC,Southern,fcs,fcs,
2,regular,2026-09-12 22:00:00+00:00,Fayetteville State,Valdosta State,,,False,False,False,CIAA,Gulf South,ii,ii,
2,regular,2026-09-12 22:00:00+00:00,The Citadel,Charleston Southern,,,False,False,False,Southern,OVC,fcs,fcs,
2,regular,2026-09-12 22:00:00+00:00,Alfred State,Hilbert,,,False,False,False,Empire 8,Empire 8,iii,iii,
2,regular,2026-09-12 22:00:00+00:00,Ithaca,Alfred,,,False,False,False,Liberty League,Empire 8,iii,iii,
2,regular,2026-09-12 22:00:00+00:00,Southern Virginia,Averett,,,False,False,False,USA South,Old Dominion,iii,iii,
2,regular,2026-09-12 22:00:00+00:00,Berry,LaGrange,,,False,False,False,Southern Athletic,USA South,iii,iii,
2,regular,2026-09-12 22:00:00+00:00,Eureka,Westminster (MO),,,False,False,False,NACC,Upper Midwest,iii,iii,
2,regular,2026-09-12 22:00:00+00:00,Idaho State,San Diego,,,False,False,False,Big Sky,Pioneer,fcs,fcs,
2,regular,2026-09-12 22:00:00+00:00,South Carolina State,Virginia State,,,False,False,False,MEAC,CIAA,fcs,ii,
2,regular,2026-09-12 22:00:00+00:00,Morgan State,Virginia Lynchburg,,,False,False,False,MEAC,,fcs,,
2,regular,2026-09-12 22:00:00+00:00,North Carolina Central,North Carolina A&T,,,False,False,False,MEAC,Coastal Athletic,fcs,fcs,
2,regular,2026-09-12 22:00:00+00:00,Hampton,Bryant,,,False,False,True,Coastal Athletic,Coastal Athletic,fcs,fcs,
2,regular,2026-09-12 22:00:00+00:00,Florida International,Buffalo,,,False,False,False,Conference USA,Mid-American,fbs,fbs,
2,regular,2026-09-12 22:00:00+00:00,Bluffton,Madonna,,,False,False,False,Heartland,,iii,,
2,regular,2026-09-12 22:00:00+00:00,Liberty,Gardner-Webb,,,False,False,False,Conference USA,OVC,fbs,fcs,
2,regular,2026-09-12 22:00:00+00:00,Ohio,Jacksonville State,,,False,False,False,Mid-American,Conference USA,fbs,fbs,
2,regular,2026-09-12 22:00:00+00:00,Mercer,Furman,,,False,False,True,Southern,Southern,fcs,fcs,
2,regular,2026-09-12 22:00:00+00:00,Gettysburg,Washington and Lee,,,False,False,False,Centennial,Old Dominion,iii,iii,
2,regular,2026-09-12 22:30:00+00:00,Western Michigan,Monmouth,,,False,False,False,Mid-American,Coastal Athletic,fbs,fcs,
2,regular,2026-09-12 22:35:00+00:00,East Stroudsburg,Slippery Rock,,,False,False,True,Pennsylvania State Athletic,Pennsylvania State Athletic,ii,ii,
2,regular,2026-09-12 23:00:00+00:00,SE Louisiana,North Alabama,,,False,False,False,Southland,UAC,fcs,fcs,
2,regular,2026-09-12 23:00:00+00:00,Marshall,Middle Tennessee,,,False,False,False,Sun Belt,Conference USA,fbs,fbs,
2,regular,2026-09-12 23:00:00+00:00,Arkansas State,West Georgia,,,False,False,False,Sun Belt,UAC,fbs,fcs,
2,regular,2026-09-12 23:00:00+00:00,Missouri State,Lindenwood,,,False,False,False,Conference USA,OVC,fbs,fcs,
2,regular,2026-09-12 23:00:00+00:00,Eastern Illinois,Indiana State,,,False,False,False,OVC,MVFC,fcs,fcs,
2,regular,2026-09-12 23:00:00+00:00,Murray State,Valparaiso,,,False,False,False,MVFC,Pioneer,fcs,fcs,
2,regular,2026-09-12 23:00:00+00:00,Southern Illinois,Southeast Missouri State,,,False,False,False,MVFC,OVC,fcs,fcs,
2,regular,2026-09-12 23:00:00+00:00,Central Arkansas,Central Oklahoma,,,False,False,False,UAC,Mid America,fcs,ii,
2,regular,2026-09-12 23:00:00+00:00,South Dakota State,New Haven,,,False,False,False,MVFC,NEC,fcs,fcs,
2,regular,2026-09-12 23:00:00+00:00,Henderson State,Oklahoma Baptist,,,False,False,True,Great American,Great American,ii,ii,
2,regular,2026-09-12 23:00:00+00:00,Southeastern Oklahoma State,Ouachita Baptist,,,False,False,True,Great American,Great American,ii,ii,
2,regular,2026-09-12 23:00:00+00:00,Southern Arkansas,Southern Nazarene,,,False,False,True,Great American,Great American,ii,ii,
2,regular,2026-09-12 23:00:00+00:00,Ashland,Grand Valley State,,,False,False,False,Great Midwest Athletic,GLIAC,ii,ii,
2,regular,2026-09-12 23:00:00+00:00,Missouri S&T,Missouri Western,,,False,False,False,Great Lakes,Mid America,ii,ii,
2,regular,2026-09-12 23:00:00+00:00,UT Permian Basin,Western New Mexico,,,False,False,True,Lone Star,Lone Star,ii,ii,
2,regular,2026-09-12 23:00:00+00:00,Newberry,Lenoir Rhyne,,,False,False,True,South Atlantic,South Atlantic,ii,ii,
2,regular,2026-09-12 23:00:00+00:00,Minnesota State,Bemidji State,,,False,False,True,Northern Sun,Northern Sun,ii,ii,
2,regular,2026-09-12 23:00:00+00:00,Guilford,Methodist,,,False,False,False,Old Dominion,USA South,iii,iii,
2,regular,2026-09-12 23:00:00+00:00,Northwestern (MN),Central College,,,False,False,False,Upper Midwest,American Rivers,iii,iii,
2,regular,2026-09-12 23:00:00+00:00,Benedictine (IL),Loras,,,False,False,False,NACC,American Rivers,iii,iii,
2,regular,2026-09-12 23:00:00+00:00,Illinois College,Lyon,,,False,False,False,Midwest,Southern Collegiate Athletic,iii,iii,
2,regular,2026-09-12 23:00:00+00:00,Otterbein,Heidelberg,,,False,False,True,Ohio,Ohio,iii,iii,
2,regular,2026-09-12 23:00:00+00:00,Shenandoah,Geneva,,,False,False,False,Old Dominion,Presidents',iii,iii,
2,regular,2026-09-12 23:00:00+00:00,Houston Christian,Arkansas Baptist,,,False,False,False,Southland,,fcs,,
2,regular,2026-09-12 23:00:00+00:00,Tennessee Tech,Samford,,,False,False,True,Southern,Southern,fcs,fcs,
2,regular,2026-09-12 23:00:00+00:00,Alcorn State,Arkansas-Pine Bluff,,,False,True,True,SWAC,SWAC,fcs,fcs,
2,regular,2026-09-12 23:00:00+00:00,Nicholls,UT Rio Grande Valley,,,False,False,True,Southland,Southland,fcs,fcs,
2,regular,2026-09-12 23:00:00+00:00,McNeese,Tarleton State,,,False,False,False,Southland,UAC,fcs,fcs,
2,regular,2026-09-12 23:00:00+00:00,Alabama A&M,Tennessee State,,,False,False,False,SWAC,OVC,fcs,fcs,
2,regular,2026-09-12 23:00:00+00:00,Lincoln (MO),Langston,,,False,False,False,Great Lakes,,ii,,
2,regular,2026-09-12 23:00:00+00:00,Kennesaw State,Georgia State,,,False,False,False,Conference USA,Sun Belt,fbs,fbs,
2,regular,2026-09-12 23:00:00+00:00,Dakota State University,Nebraska Wesleyan,,,False,False,False,,American Rivers,,iii,
2,regular,2026-09-12 23:00:00+00:00,Simpson (IA),Crown,,,False,False,False,American Rivers,Upper Midwest,iii,iii,
2,regular,2026-09-12 23:00:00+00:00,Belhaven,East Texas Baptist,,,False,False,False,USA South,American Southwest,iii,iii,
2,regular,2026-09-12 23:00:00+00:00,Texas Lutheran,Southwestern U,,,False,False,False,Southern Collegiate Athletic,Southern Athletic,iii,iii,
2,regular,2026-09-12 23:00:00+00:00,Trinity (TX),McMurry,,,False,False,False,Southern Athletic,American Southwest,iii,iii,
2,regular,2026-09-12 23:00:00+00:00,Wisconsin Lutheran,Ripon,,,False,False,False,NACC,Midwest,iii,iii,
2,regular,2026-09-12 23:00:00+00:00,Centenary (LA),Millsaps,,,False,False,False,Southern Collegiate Athletic,Southern Athletic,iii,iii,
2,regular,2026-09-12 23:00:00+00:00,Tulane,South Alabama,,,False,False,False,American Athletic,Sun Belt,fbs,fbs,
2,regular,2026-09-12 23:00:00+00:00,Sam Houston,Tulsa,,,False,False,False,Conference USA,American Athletic,fbs,fbs,
2,regular,2026-09-12 23:00:00+00:00,Northern Illinois,Illinois State,,,False,False,False,Mountain West,MVFC,fbs,fcs,
2,regular,2026-09-12 23:00:00+00:00,Nebraska,Bowling Green,,,False,False,False,Big Ten,Mid-American,fbs,fbs,
2,regular,2026-09-12 23:00:00+00:00,Colorado State,Southern Utah,,,False,False,False,Pac-12,Big Sky,fbs,fcs,
2,regular,2026-09-12 23:00:00+00:00,Cincinnati,Western Carolina,,,False,False,False,Big 12,Southern,fbs,fcs,
2,regular,2026-09-12 23:00:00+00:00,Houston,Southern,,,False,False,False,Big 12,SWAC,fbs,fcs,
2,regular,2026-09-12 23:00:00+00:00,South Carolina,Towson,,,False,False,False,SEC,Coastal Athletic,fbs,fcs,
2,regular,2026-09-12 23:00:00+00:00,Georgia Tech,Tennessee,,,False,False,False,ACC,SEC,fbs,fbs,
2,regular,2026-09-12 23:00:00+00:00,East Texas A&M,Northwestern State,,,False,False,True,Southland,Southland,fcs,fcs,
2,regular,2026-09-12 23:15:00+00:00,Wisconsin,Western Illinois,,,False,False,False,Big Ten,OVC,fbs,fcs,
2,regular,2026-09-12 23:15:00+00:00,UCLA,San Diego State,,,False,False,False,Big Ten,Pac-12,fbs,fbs,
2,regular,2026-09-12 23:30:00+00:00,Iowa,Iowa State,,,False,False,False,Big Ten,Big 12,fbs,fbs,
2,regular,2026-09-12 23:30:00+00:00,Florida Atlantic,Navy,,,False,False,True,American Athletic,American Athletic,fbs,fbs,
2,regular,2026-09-12 23:30:00+00:00,Clemson,Georgia Southern,,,False,False,False,ACC,Sun Belt,fbs,fbs,
2,regular,2026-09-12 23:30:00+00:00,Texas,Ohio State,,,False,False,False,SEC,Big Ten,fbs,fbs,
2,regular,2026-09-12 23:30:00+00:00,LSU,Louisiana Tech,,,False,False,False,SEC,Sun Belt,fbs,fbs,
2,regular,2026-09-12 23:30:00+00:00,Oregon State,Texas Tech,,,False,False,False,Pac-12,Big 12,fbs,fbs,
2,regular,2026-09-12 23:30:00+00:00,Coastal Carolina,Fordham,,,False,False,False,Sun Belt,Patriot,fbs,fcs,
2,regular,2026-09-12 23:45:00+00:00,Auburn,Southern Miss,,,False,False,False,SEC,Sun Belt,fbs,fbs,
2,regular,2026-09-12 23:45:00+00:00,Ole Miss,Charlotte,,,False,False,False,SEC,American Athletic,fbs,fbs,
2,regular,2026-09-13 00:00:00+00:00,Oklahoma Panhandle,Schreiner,,,False,False,False,Independent DII,,ii,,
2,regular,2026-09-13 00:00:00+00:00,TCU,Grambling,,,False,False,False,Big 12,SWAC,fbs,fcs,
2,regular,2026-09-13 00:00:00+00:00,Concordia (MN),St. Olaf,,,False,False,True,Minnesota,Minnesota,iii,iii,
2,regular,2026-09-13 00:00:00+00:00,Fort Lewis,New Mexico Highlands,,,False,False,True,Rocky Mountain,Rocky Mountain,ii,ii,
2,regular,2026-09-13 00:00:00+00:00,Whittier,Cetys University,,,False,False,False,So. Cal.,,iii,,
2,regular,2026-09-13 00:00:00+00:00,Baylor,Prairie View A&M,,,False,False,False,Big 12,SWAC,fbs,fcs,
2,regular,2026-09-13 00:00:00+00:00,Western Colorado,Chadron State,,,False,False,True,Rocky Mountain,Rocky Mountain,ii,ii,
2,regular,2026-09-13 00:00:00+00:00,Abilene Christian,Stephen F. Austin,,,False,False,False,UAC,Southland,fcs,fcs,
2,regular,2026-09-13 00:00:00+00:00,Central Missouri,Delta State,,,False,False,False,Mid America,Gulf South,ii,ii,
2,regular,2026-09-13 01:00:00+00:00,San José State,Cal Poly,,,False,False,False,Mountain West,Big Sky,fbs,fcs,
2,regular,2026-09-13 01:00:00+00:00,UTEP,Texas Southern,,,False,False,False,Mountain West,SWAC,fbs,fcs,
2,regular,2026-09-13 01:00:00+00:00,Central Washington,Ferris State,,,False,False,False,Lone Star,GLIAC,ii,ii,
2,regular,2026-09-13 02:00:00+00:00,Air Force,North Dakota State,,,False,False,True,Mountain West,Mountain West,fbs,fbs,
2,regular,2026-09-13 02:00:00+00:00,Pacific (OR),Willamette,,,False,False,True,Northwest,Northwest,iii,iii,
2,regular,2026-09-13 02:00:00+00:00,Portland State,North Dakota,,,False,False,False,Big Sky,MVFC,fcs,fcs,
2,regular,2026-09-13 02:15:00+00:00,Utah,Arkansas,,,False,False,False,Big 12,SEC,fbs,fbs,
2,regular,2026-09-13 02:30:00+00:00,Fresno State,Sacramento State,,,False,False,False,Pac-12,Mid-American,fbs,fbs,
2,regular,2026-09-13 02:30:00+00:00,Nevada,Montana State,,,False,False,False,Mountain West,Big Sky,fbs,fcs,
2,regular,2026-09-13 03:00:00+00:00,USC,Louisiana,,,False,False,False,Big Ten,Sun Belt,fbs,fbs,
2,regular,2026-09-13 03:59:00+00:00,Hawai'i,New Mexico State,,,False,False,False,Mountain West,Conference USA,fbs,fbs,
3,regular,2026-09-17 23:00:00+00:00,Concord,Charleston (WV),,,False,False,True,Mountain East,Mountain East,ii,ii,
3,regular,2026-09-17 23:30:00+00:00,Pittsburgh,Syracuse,,,False,False,True,ACC,ACC,fbs,fbs,
3,regular,2026-09-18 23:00:00+00:00,UMass Dartmouth,Framingham State,,,False,False,True,MSCAC,MSCAC,iii,iii,
3,regular,2026-09-18 23:30:00+00:00,Wake Forest,Miami,,,False,False,True,ACC,ACC,fbs,fbs,
3,regular,2026-09-19 00:00:00+00:00,Texas Tech,Houston,,,False,False,True,Big 12,Big 12,fbs,fbs,
3,regular,2026-09-19 02:30:00+00:00,Oregon,Portland State,,,False,False,False,Big Ten,Big Sky,fbs,fcs,
3,regular,2026-09-19 04:00:00+00:00,Long Island University,Villanova,,,False,False,False,NEC,Patriot,fcs,fcs,
3,regular,2026-09-19 15:30:00+00:00,Delaware,Coastal Carolina,,,False,False,False,Conference USA,Sun Belt,fbs,fbs,
3,regular,2026-09-19 16:00:00+00:00,Baldwin Wallace,Alma,,,False,False,False,Ohio,Michigan,iii,iii,
3,regular,2026-09-19 16:00:00+00:00,Minnesota,Akron,,,False,False,False,Big Ten,Mid-American,fbs,fbs,
3,regular,2026-09-19 16:00:00+00:00,Penn State,Buffalo,,,False,False,False,Big Ten,Mid-American,fbs,fbs,
3,regular,2026-09-19 16:00:00+00:00,Ohio State,Kent State,,,False,False,False,Big Ten,Mid-American,fbs,fbs,
3,regular,2026-09-19 16:00:00+00:00,Texas State,North Texas,,,False,False,False,Pac-12,American Athletic,fbs,fbs,
3,regular,2026-09-19 16:00:00+00:00,Belhaven,Central College,,,False,False,False,USA South,American Rivers,iii,iii,
3,regular,2026-09-19 16:00:00+00:00,Delaware Valley,Albright,,,False,False,True,Mid Atlantic,Mid Atlantic,iii,iii,
3,regular,2026-09-19 16:00:00+00:00,FDU Florham,Widener,,,False,False,True,Mid Atlantic,Mid Atlantic,iii,iii,
3,regular,2026-09-19 16:00:00+00:00,Northwestern (MN),Loras,,,False,False,False,Upper Midwest,American Rivers,iii,iii,
3,regular,2026-09-19 16:00:00+00:00,Misericordia,Stevenson,,,False,False,True,Mid Atlantic,Mid Atlantic,iii,iii,
3,regular,2026-09-19 16:00:00+00:00,Muhlenberg,Wilkes,,,False,False,False,Centennial,Landmark Conference,iii,iii,
3,regular,2026-09-19 16:00:00+00:00,Georgia Tech,Mercer,,,False,False,False,ACC,Southern,fbs,fcs,
3,regular,2026-09-19 16:00:00+00:00,Worcester State,Western New England,,,False,False,False,MSCAC,Commonwealth Coast,iii,iii,
3,regular,2026-09-19 16:00:00+00:00,New England,Hampden Sydney,,,False,False,False,Commonwealth Coast,Old Dominion,iii,iii,
3,regular,2026-09-19 16:00:00+00:00,Kansas,Arizona State,,,False,True,True,Big 12,Big 12,fbs,fbs,
3,regular,2026-09-19 16:00:00+00:00,Arkansas,Georgia,,,False,False,True,SEC,SEC,fbs,fbs,
3,regular,2026-09-19 16:00:00+00:00,Kansas State,Tulane,,,False,False,False,Big 12,American Athletic,fbs,fbs,
3,regular,2026-09-19 16:00:00+00:00,Iowa State,Bowling Green,,,False,False,False,Big 12,Mid-American,fbs,fbs,
3,regular,2026-09-19 16:00:00+00:00,Clemson,North Carolina,,,False,False,True,ACC,ACC,fbs,fbs,
3,regular,2026-09-19 16:00:00+00:00,New Haven,Brown,,,False,False,False,NEC,Ivy,fcs,fcs,
3,regular,2026-09-19 16:00:00+00:00,Northwood,Hillsdale,,,False,False,True,Great Midwest Athletic,Great Midwest Athletic,ii,ii,
3,regular,2026-09-19 16:00:00+00:00,Kentucky Wesleyan,Findlay,,,False,False,True,Great Midwest Athletic,Great Midwest Athletic,ii,ii,
3,regular,2026-09-19 16:00:00+00:00,Assumption,Pace,,,False,False,True,Northeast 10,Northeast 10,ii,ii,
3,regular,2026-09-19 16:00:00+00:00,Gannon,Bloomsburg,,,False,False,True,Pennsylvania State Athletic,Pennsylvania State Athletic,ii,ii,
3,regular,2026-09-19 16:00:00+00:00,Shepherd,California (PA),,,False,False,True,Pennsylvania State Athletic,Pennsylvania State Athletic,ii,ii,
3,regular,2026-09-19 16:00:00+00:00,Edinboro,West Chester,,,False,False,True,Pennsylvania State Athletic,Pennsylvania State Athletic,ii,ii,
3,regular,2026-09-19 16:00:00+00:00,Millersville,Slippery Rock,,,False,False,True,Pennsylvania State Athletic,Pennsylvania State Athletic,ii,ii,
3,regular,2026-09-19 16:00:00+00:00,Berry,Carnegie Mellon,,,False,False,False,Southern Athletic,Presidents',iii,iii,
3,regular,2026-09-19 16:00:00+00:00,Case Western Reserve,Shenandoah,,,False,False,False,Presidents',Old Dominion,iii,iii,
3,regular,2026-09-19 16:00:00+00:00,Alfred,St. Lawrence,,,False,False,False,Empire 8,Liberty League,iii,iii,
3,regular,2026-09-19 16:00:00+00:00,SUNY Cortland,Hartwick,,,False,False,True,Empire 8,Empire 8,iii,iii,
3,regular,2026-09-19 16:00:00+00:00,Springfield,Wisconsin Platteville,,,False,False,False,NEWMAC,Wisconsin,iii,iii,
3,regular,2026-09-19 16:00:00+00:00,SUNY Morrisville,Union,,,False,False,False,Empire 8,Liberty League,iii,iii,
3,regular,2026-09-19 16:00:00+00:00,Randolph Macon,Maryville (TN),,,False,False,False,Old Dominion,USA South,iii,iii,
3,regular,2026-09-19 16:00:00+00:00,New England College,Fitchburg State,,,False,False,False,,MSCAC,,iii,
3,regular,2026-09-19 16:00:00+00:00,Vermont State Castleton,Maine Maritime,,,False,False,False,New Jersey,Commonwealth Coast,iii,iii,
3,regular,2026-09-19 16:00:00+00:00,WPI,Husson,,,False,False,False,NEWMAC,Commonwealth Coast,iii,iii,
3,regular,2026-09-19 16:00:00+00:00,Plymouth State,Bridgewater State,,,False,False,True,MSCAC,MSCAC,iii,iii,
3,regular,2026-09-19 16:00:00+00:00,Oberlin,Wabash,,,False,False,True,North Coast,North Coast,iii,iii,
3,regular,2026-09-19 16:00:00+00:00,East Tennessee State,West Georgia,,,False,False,False,Southern,UAC,fcs,fcs,
3,regular,2026-09-19 16:00:00+00:00,Lehigh,Dartmouth,,,False,False,False,Patriot,Ivy,fcs,fcs,
3,regular,2026-09-19 16:00:00+00:00,Columbia,Lafayette,,,False,False,False,Ivy,Patriot,fcs,fcs,
3,regular,2026-09-19 16:30:00+00:00,Bluffton,Trine,,,False,False,False,Heartland,Michigan,iii,iii,
3,regular,2026-09-19 16:30:00+00:00,Wisconsin,Eastern Michigan,,,False,False,False,Big Ten,Mid-American,fbs,fbs,
3,regular,2026-09-19 16:45:00+00:00,Vanderbilt,NC State,,,False,False,False,SEC,ACC,fbs,fbs,
3,regular,2026-09-19 17:00:00+00:00,Gettysburg,Western Connecticut State,,,False,False,False,Centennial,Landmark Conference,iii,iii,
3,regular,2026-09-19 17:00:00+00:00,Ithaca,Hilbert,,,False,False,True,Liberty League,Empire 8,iii,iii,
3,regular,2026-09-19 17:00:00+00:00,Brockport,Rensselaer,,,False,False,False,Empire 8,Liberty League,iii,iii,
3,regular,2026-09-19 17:00:00+00:00,Buffalo State,Alfred State,,,False,False,False,Liberty League,Empire 8,iii,iii,
3,regular,2026-09-19 17:00:00+00:00,Concordia St. Paul,Bemidji State,,,False,False,True,Northern Sun,Northern Sun,ii,ii,
3,regular,2026-09-19 17:00:00+00:00,West Virginia State,West Virginia Wesleyan,,,False,False,True,Mountain East,Mountain East,ii,ii,
3,regular,2026-09-19 17:00:00+00:00,West Liberty,Frostburg State,,,False,False,True,Mountain East,Mountain East,ii,ii,
3,regular,2026-09-19 17:00:00+00:00,Wheeling,Fairmont State,,,False,False,True,Mountain East,Mountain East,ii,ii,
3,regular,2026-09-19 17:00:00+00:00,Shippensburg,IU Pennsylvania,,,False,False,True,Pennsylvania State Athletic,Pennsylvania State Athletic,ii,ii,
3,regular,2026-09-19 17:00:00+00:00,Lackawanna,Clarion,,,False,False,True,,Pennsylvania State Athletic,,ii,
3,regular,2026-09-19 17:00:00+00:00,Saint Anselm,Franklin Pierce,,,False,False,True,Northeast 10,Northeast 10,ii,ii,
3,regular,2026-09-19 17:00:00+00:00,Northern Michigan,Davenport,,,False,False,True,GLIAC,GLIAC,ii,ii,
3,regular,2026-09-19 17:00:00+00:00,Fort Valley State,Benedict,,,False,False,True,SIAC,SIAC,ii,ii,
3,regular,2026-09-19 17:00:00+00:00,Wayne State (MI),Wisconsin La Crosse,,,False,False,False,GLIAC,Wisconsin,ii,iii,
3,regular,2026-09-19 17:00:00+00:00,Ashland,Ohio Dominican,,,False,False,True,Great Midwest Athletic,Great Midwest Athletic,ii,ii,
3,regular,2026-09-19 17:00:00+00:00,Southern Virginia,Keystone,,,False,False,False,USA South,Independent DIII,iii,iii,
3,regular,2026-09-19 17:00:00+00:00,UNC Pembroke,Valdosta State,,,False,False,False,Carolinas,Gulf South,ii,ii,
3,regular,2026-09-19 17:00:00+00:00,Johnson C. Smith,Fayetteville State,,,False,False,True,CIAA,CIAA,ii,ii,
3,regular,2026-09-19 17:00:00+00:00,Central Michigan,Wyoming,,,False,False,False,Mid-American,Mountain West,fbs,fbs,
3,regular,2026-09-19 17:00:00+00:00,Williams,Bowdoin,,,False,False,True,NESCAC,NESCAC,iii,iii,
3,regular,2026-09-19 17:00:00+00:00,Curry,SUNY Maritime,,,False,False,False,Commonwealth Coast,NEWMAC,iii,iii,
3,regular,2026-09-19 17:00:00+00:00,Johns Hopkins,Susquehanna,,,False,False,False,Centennial,Landmark Conference,iii,iii,
3,regular,2026-09-19 17:00:00+00:00,Davidson,VMI,,,False,False,False,Pioneer,Southern,fcs,fcs,
3,regular,2026-09-19 17:00:00+00:00,Elizabeth City State,Virginia State,,,False,False,True,CIAA,CIAA,ii,ii,
3,regular,2026-09-19 17:00:00+00:00,Shaw,Lincoln (PA),,,False,False,True,CIAA,CIAA,ii,ii,
3,regular,2026-09-19 17:00:00+00:00,Amherst,Bates,,,False,False,True,NESCAC,NESCAC,iii,iii,
3,regular,2026-09-19 17:00:00+00:00,DePauw,Ohio Wesleyan,,,False,False,True,North Coast,North Coast,iii,iii,
3,regular,2026-09-19 17:00:00+00:00,Salisbury,Washington and Lee,,,False,False,False,New Jersey,Old Dominion,iii,iii,
3,regular,2026-09-19 17:00:00+00:00,Middlebury,Wesleyan (CT),,,False,False,True,NESCAC,NESCAC,iii,iii,
3,regular,2026-09-19 17:00:00+00:00,Tufts,Hamilton,,,False,False,True,NESCAC,NESCAC,iii,iii,
3,regular,2026-09-19 17:00:00+00:00,Trinity (CT),Colby,,,False,False,True,NESCAC,NESCAC,iii,iii,
3,regular,2026-09-19 17:00:00+00:00,Mercyhurst,Glenville State,,,False,False,False,NEC,Mountain East,fcs,ii,
3,regular,2026-09-19 17:00:00+00:00,New Hampshire,Harvard,,,False,False,False,Coastal Athletic,Ivy,fcs,fcs,
3,regular,2026-09-19 17:00:00+00:00,Butler,Chicago State,,,False,False,False,Pioneer,FCS Independents,fcs,fcs,
3,regular,2026-09-19 17:00:00+00:00,Colgate,Cornell,,,False,False,False,Patriot,Ivy,fcs,fcs,
3,regular,2026-09-19 17:00:00+00:00,Indiana State,Valparaiso,,,False,False,False,MVFC,Pioneer,fcs,fcs,
3,regular,2026-09-19 17:00:00+00:00,Minnesota Morris,Buena Vista,,,False,False,False,Upper Midwest,American Rivers,iii,iii,
3,regular,2026-09-19 17:00:00+00:00,Southern Connecticut State,American International,,,False,False,True,Northeast 10,Northeast 10,ii,ii,
3,regular,2026-09-19 17:00:00+00:00,Washburn,Central Oklahoma,,,False,False,True,Mid America,Mid America,ii,ii,
3,regular,2026-09-19 17:00:00+00:00,Bryant,Princeton,,,False,False,False,Coastal Athletic,Ivy,fcs,fcs,
3,regular,2026-09-19 17:00:00+00:00,Hanover,Hope,,,False,False,False,Heartland,Michigan,iii,iii,
3,regular,2026-09-19 17:00:00+00:00,Eastern,Lebanon Valley,,,False,False,True,Mid Atlantic,Mid Atlantic,iii,iii,
3,regular,2026-09-19 17:00:00+00:00,Alvernia,King's,,,False,False,True,Mid Atlantic,Mid Atlantic,iii,iii,
3,regular,2026-09-19 17:00:00+00:00,Mary Hardin Baylor,Endicott,,,False,False,False,American Southwest,Commonwealth Coast,iii,iii,
3,regular,2026-09-19 17:00:00+00:00,Dickinson,Lycoming,,,False,False,False,Centennial,Landmark Conference,iii,iii,
3,regular,2026-09-19 17:00:00+00:00,Catholic,Franklin & Marshall,,,False,False,False,Landmark Conference,Centennial,iii,iii,
3,regular,2026-09-19 17:00:00+00:00,Nichols,Coast Guard,,,False,False,False,Commonwealth Coast,NEWMAC,iii,iii,
3,regular,2026-09-19 17:00:00+00:00,Rose Hulman,Albion,,,False,False,False,Heartland,Michigan,iii,iii,
3,regular,2026-09-19 17:00:00+00:00,Mount St Joseph,Adrian,,,False,False,False,Heartland,Michigan,iii,iii,
3,regular,2026-09-19 17:00:00+00:00,Manchester,Olivet,,,False,False,False,Heartland,Michigan,iii,iii,
3,regular,2026-09-19 17:00:00+00:00,Centre,LaGrange,,,False,False,False,Southern Athletic,USA South,iii,iii,
3,regular,2026-09-19 17:00:00+00:00,Utica,Hobart,,,False,False,False,Empire 8,Liberty League,iii,iii,
3,regular,2026-09-19 17:30:00+00:00,Franklin,Calvin,,,False,False,False,Heartland,Michigan,iii,iii,
3,regular,2026-09-19 17:30:00+00:00,Mount Union,Heidelberg,,,False,False,True,Ohio,Ohio,iii,iii,
3,regular,2026-09-19 17:30:00+00:00,Ohio Northern,Muskingum,,,False,False,True,Ohio,Ohio,iii,iii,
3,regular,2026-09-19 17:30:00+00:00,Marietta,Capital,,,False,False,True,Ohio,Ohio,iii,iii,
3,regular,2026-09-19 18:00:00+00:00,Augustana (SD),Minnesota St Moorhead,,,False,False,True,Northern Sun,Northern Sun,ii,ii,
3,regular,2026-09-19 18:00:00+00:00,St. John Fisher,Rochester (NY),,,False,False,False,Empire 8,Liberty League,iii,iii,
3,regular,2026-09-19 18:00:00+00:00,Augustana (IL),Illinois Wesleyan,,,False,False,True,CCIW,CCIW,iii,iii,
3,regular,2026-09-19 18:00:00+00:00,Wisconsin Eau Claire,Carthage,,,False,False,False,Wisconsin,CCIW,iii,iii,
3,regular,2026-09-19 18:00:00+00:00,North Park,North Central College,,,False,False,True,CCIW,CCIW,iii,iii,
3,regular,2026-09-19 18:00:00+00:00,Juniata,McDaniel,,,False,False,False,Landmark Conference,Centennial,iii,iii,
3,regular,2026-09-19 18:00:00+00:00,Millsaps,Hendrix,,,False,False,False,Southern Athletic,Southern Athletic,iii,iii,
3,regular,2026-09-19 18:00:00+00:00,Texas Lutheran,Austin,,,False,False,True,Southern Collegiate Athletic,Southern Collegiate Athletic,iii,iii,
3,regular,2026-09-19 18:00:00+00:00,Cornell (IA),Monmouth (IL),,,False,False,True,Midwest,Midwest,iii,iii,
3,regular,2026-09-19 18:00:00+00:00,Beloit,Luther,,,False,False,True,Midwest,Midwest,iii,iii,
3,regular,2026-09-19 18:00:00+00:00,Ripon,Knox,,,False,False,True,Midwest,Midwest,iii,iii,
3,regular,2026-09-19 18:00:00+00:00,McKendree,Indianapolis,,,False,False,True,Great Lakes,Great Lakes,ii,ii,
3,regular,2026-09-19 18:00:00+00:00,Lake Forest,Grinnell,,,False,False,True,Midwest,Midwest,iii,iii,
3,regular,2026-09-19 18:00:00+00:00,Concordia (WI),Aurora,,,False,False,True,NACC,NACC,iii,iii,
3,regular,2026-09-19 18:00:00+00:00,Salve Regina,William Paterson,,,False,False,False,NEWMAC,New Jersey,iii,iii,
3,regular,2026-09-19 18:00:00+00:00,Bethany (WV),Thiel,,,False,False,True,Presidents',Presidents',iii,iii,
3,regular,2026-09-19 18:00:00+00:00,Wisconsin Lutheran,Lakeland,,,False,False,True,NACC,NACC,iii,iii,
3,regular,2026-09-19 18:00:00+00:00,Wooster,Denison,,,False,False,True,North Coast,North Coast,iii,iii,
3,regular,2026-09-19 18:00:00+00:00,Colorado School of Mines,Fort Lewis,,,False,False,True,Rocky Mountain,Rocky Mountain,ii,ii,
3,regular,2026-09-19 18:00:00+00:00,New Mexico Highlands,Black Hills State,,,False,False,True,Rocky Mountain,Rocky Mountain,ii,ii,
3,regular,2026-09-19 18:00:00+00:00,Roosevelt,Wisconsin Stout,,,False,False,False,GLIAC,Wisconsin,ii,iii,
3,regular,2026-09-19 18:00:00+00:00,Kentucky State,Saginaw Valley State,,,False,False,False,SIAC,GLIAC,ii,ii,
3,regular,2026-09-19 18:00:00+00:00,Illinois,Southern Illinois,,,False,False,False,Big Ten,MVFC,fbs,fcs,
3,regular,2026-09-19 18:00:00+00:00,Boston College,Maine,,,False,False,False,ACC,Coastal Athletic,fbs,fcs,
3,regular,2026-09-19 18:00:00+00:00,Quincy,Lincoln (MO),,,False,False,True,Great Lakes,Great Lakes,ii,ii,
3,regular,2026-09-19 18:00:00+00:00,Tusculum,Anderson (SC),,,False,False,True,South Atlantic,South Atlantic,ii,ii,
3,regular,2026-09-19 18:00:00+00:00,Chicago,Nebraska Wesleyan,,,False,False,False,Midwest,American Rivers,iii,iii,
3,regular,2026-09-19 18:00:00+00:00,Minnesota State,Northern State,,,False,False,True,Northern Sun,Northern Sun,ii,ii,
3,regular,2026-09-19 18:00:00+00:00,Sewanee,North Carolina Wesleyan,,,False,False,False,Southern Athletic,USA South,iii,iii,
3,regular,2026-09-19 18:00:00+00:00,Augsburg,St. Scholastica,,,False,False,True,Minnesota,Minnesota,iii,iii,
3,regular,2026-09-19 18:00:00+00:00,Michigan Tech,Upper Iowa,,,False,False,False,GLIAC,Great Lakes,ii,ii,
3,regular,2026-09-19 18:00:00+00:00,Adams State,South Dakota Mines,,,False,False,True,Rocky Mountain,Rocky Mountain,ii,ii,
3,regular,2026-09-19 18:00:00+00:00,St. Thomas (MN),Southern Utah,,,False,False,False,Pioneer,Big Sky,fcs,fcs,
3,regular,2026-09-19 18:00:00+00:00,Holy Cross,Yale,,,False,False,False,Patriot,Ivy,fcs,fcs,
3,regular,2026-09-19 18:00:00+00:00,Concordia Chicago,Rockford,,,False,False,True,NACC,NACC,iii,iii,
3,regular,2026-09-19 18:00:00+00:00,Wisconsin Stevens Point,Pacific (OR),,,False,False,False,Wisconsin,Northwest,iii,iii,
3,regular,2026-09-19 18:00:00+00:00,Wartburg,Wisconsin River Falls,,,False,False,False,American Rivers,Wisconsin,iii,iii,
3,regular,2026-09-19 18:00:00+00:00,Coe,Wisconsin Oshkosh,,,False,False,False,American Rivers,Wisconsin,iii,iii,
3,regular,2026-09-19 18:00:00+00:00,McMurry,Huntingdon,,,False,False,False,American Southwest,USA South,iii,iii,
3,regular,2026-09-19 18:00:00+00:00,Westfield State,Dean,,,False,False,True,MSCAC,MSCAC,iii,iii,
3,regular,2026-09-19 18:00:00+00:00,Lawrence,Illinois College,,,False,False,True,Midwest,Midwest,iii,iii,
3,regular,2026-09-19 18:00:00+00:00,Saint John's (MN),Hamline,,,False,False,True,Minnesota,Minnesota,iii,iii,
3,regular,2026-09-19 18:00:00+00:00,Wittenberg,Washington St. Louis,,,False,False,True,North Coast,North Coast,iii,iii,
3,regular,2026-09-19 18:30:00+00:00,Stony Brook,Rhode Island,,,False,False,True,Coastal Athletic,Coastal Athletic,fcs,fcs,
3,regular,2026-09-19 18:30:00+00:00,Western Carolina,Presbyterian,,,False,False,False,Southern,Pioneer,fcs,fcs,
3,regular,2026-09-19 18:30:00+00:00,Truman State,Missouri S&T,,,False,False,True,Great Lakes,Great Lakes,ii,ii,
3,regular,2026-09-19 18:30:00+00:00,Northwest Missouri State,Missouri Southern State,,,False,False,True,Mid America,Mid America,ii,ii,
3,regular,2026-09-19 19:00:00+00:00,Bucknell,Pennsylvania,,,False,False,False,Patriot,Ivy,fcs,fcs,
3,regular,2026-09-19 19:00:00+00:00,Illinois State,Eastern Illinois,,,False,False,False,MVFC,OVC,fcs,fcs,
3,regular,2026-09-19 19:00:00+00:00,Chadron State,CSU Pueblo,,,False,False,True,Rocky Mountain,Rocky Mountain,ii,ii,
3,regular,2026-09-19 19:00:00+00:00,Erskine,Brevard,,,False,False,False,Carolinas,USA South,ii,iii,
3,regular,2026-09-19 19:00:00+00:00,Bentley,Post,,,False,False,True,Northeast 10,Northeast 10,ii,ii,
3,regular,2026-09-19 19:00:00+00:00,Toledo,Temple,,,False,False,False,Mid-American,American Athletic,fbs,fbs,
3,regular,2026-09-19 19:00:00+00:00,Montana State,Central Connecticut,,,False,False,False,Big Sky,NEC,fcs,fcs,
3,regular,2026-09-19 19:00:00+00:00,Claremont Mudd Scripps,George Fox,,,False,False,False,So. Cal.,Northwest,iii,iii,
3,regular,2026-09-19 19:00:00+00:00,Willamette,La Verne,,,False,False,False,Northwest,So. Cal.,iii,iii,
3,regular,2026-09-19 19:00:00+00:00,Averett,Gallaudet,,,False,False,False,Old Dominion,Southern Collegiate Athletic,iii,iii,
3,regular,2026-09-19 19:00:00+00:00,Eureka,St. Norbert,,,False,False,True,NACC,NACC,iii,iii,
3,regular,2026-09-19 19:00:00+00:00,Minot State,Southwest Minnesota State,,,False,False,True,Northern Sun,Northern Sun,ii,ii,
3,regular,2026-09-19 19:00:00+00:00,University of Mary,Sioux Falls,,,False,False,True,Northern Sun,Northern Sun,ii,ii,
3,regular,2026-09-19 19:30:00+00:00,Massachusetts,Stonehill,,,False,False,False,Mid-American,NEC,fbs,fcs,
3,regular,2026-09-19 19:30:00+00:00,Washington State,Duquesne,,,False,False,False,Pac-12,NEC,fbs,fcs,
3,regular,2026-09-19 19:30:00+00:00,Cincinnati,Miami (OH),,,False,False,False,Big 12,Mid-American,fbs,fbs,
3,regular,2026-09-19 19:30:00+00:00,Texas A&M,Kentucky,,,False,False,True,SEC,SEC,fbs,fbs,
3,regular,2026-09-19 19:30:00+00:00,UAlbany,Monmouth,,,False,False,True,Coastal Athletic,Coastal Athletic,fcs,fcs,
3,regular,2026-09-19 19:30:00+00:00,Rutgers,USC,,,False,False,True,Big Ten,Big Ten,fbs,fbs,
3,regular,2026-09-19 19:30:00+00:00,California,Wagner,,,False,False,False,ACC,NEC,fbs,fcs,
3,regular,2026-09-19 19:30:00+00:00,Alabama,Florida State,,,False,False,False,SEC,ACC,fbs,fbs,
3,regular,2026-09-19 19:30:00+00:00,Louisville,SMU,,,False,False,True,ACC,ACC,fbs,fbs,
3,regular,2026-09-19 19:30:00+00:00,Michigan,UTEP,,,False,False,False,Big Ten,Mountain West,fbs,fbs,
3,regular,2026-09-19 19:30:00+00:00,Richmond,Georgetown,,,False,False,True,Patriot,Patriot,fcs,fcs,
3,regular,2026-09-19 19:30:00+00:00,Utah,Utah State,,,False,False,False,Big 12,Pac-12,fbs,fbs,
3,regular,2026-09-19 20:00:00+00:00,Indiana,Western Kentucky,,,False,False,False,Big Ten,Conference USA,fbs,fbs,
3,regular,2026-09-19 20:00:00+00:00,Duke,Stanford,,,False,False,True,ACC,ACC,fbs,fbs,
3,regular,2026-09-19 20:00:00+00:00,Cal Lutheran,Puget Sound,,,False,False,False,So. Cal.,Northwest,iii,iii,
3,regular,2026-09-19 20:00:00+00:00,Iowa,Northern Iowa,,,False,False,False,Big Ten,MVFC,fbs,fcs,
3,regular,2026-09-19 20:00:00+00:00,Liberty,Ball State,,,False,False,False,Conference USA,Mid-American,fbs,fbs,
3,regular,2026-09-19 20:00:00+00:00,Baylor,Louisiana Tech,,,False,False,False,Big 12,Sun Belt,fbs,fbs,
3,regular,2026-09-19 20:00:00+00:00,Lewis & Clark,Pomona Pitzer,,,False,False,False,Northwest,So. Cal.,iii,iii,
3,regular,2026-09-19 20:00:00+00:00,Tiffin,Thomas More,,,False,False,True,Great Midwest Athletic,Great Midwest Athletic,ii,ii,
3,regular,2026-09-19 20:00:00+00:00,Allen,Albany State,,,False,False,True,SIAC,SIAC,ii,ii,
3,regular,2026-09-19 20:00:00+00:00,Bethune-Cookman,Virginia Lynchburg,,,False,False,False,SWAC,,fcs,,
3,regular,2026-09-19 20:00:00+00:00,Norfolk State,Hampton,,,False,False,False,MEAC,Coastal Athletic,fcs,fcs,
3,regular,2026-09-19 20:00:00+00:00,Idaho,Abilene Christian,,,False,False,False,Big Sky,UAC,fcs,fcs,
3,regular,2026-09-19 20:15:00+00:00,South Carolina,Mississippi State,,,False,False,True,SEC,SEC,fbs,fbs,
3,regular,2026-09-19 20:30:00+00:00,UL Monroe,SE Louisiana,,,False,False,False,Sun Belt,Southland,fbs,fcs,
3,regular,2026-09-19 20:30:00+00:00,Lyon,Greenville,,,False,False,False,Southern Collegiate Athletic,Upper Midwest,iii,iii,
3,regular,2026-09-19 21:00:00+00:00,Lane College,Morehouse,,,False,False,True,SIAC,SIAC,ii,ii,
3,regular,2026-09-19 21:00:00+00:00,Emporia State,Nebraska Kearney,,,False,False,True,Mid America,Mid America,ii,ii,
3,regular,2026-09-19 21:00:00+00:00,Minnesota Duluth,Winona State,,,False,False,True,Northern Sun,Northern Sun,ii,ii,
3,regular,2026-09-19 21:00:00+00:00,Arkansas-Pine Bluff,Central State,,,False,False,False,SWAC,SIAC,fcs,ii,
3,regular,2026-09-19 22:00:00+00:00,Virginia Union,Bluefield State,,,False,False,True,CIAA,CIAA,ii,ii,
3,regular,2026-09-19 22:00:00+00:00,Chattanooga,Wofford,,,False,False,True,Southern,Southern,fcs,fcs,
3,regular,2026-09-19 22:00:00+00:00,Lock Haven,Kutztown,,,False,False,True,Pennsylvania State Athletic,Pennsylvania State Athletic,ii,ii,
3,regular,2026-09-19 22:00:00+00:00,Anderson (IN),Kalamazoo,,,False,False,False,Heartland,Michigan,iii,iii,
3,regular,2026-09-19 22:00:00+00:00,John Carroll,Kenyon,,,False,False,True,Ohio,North Coast,iii,iii,
3,regular,2026-09-19 22:00:00+00:00,Lenoir Rhyne,Mars Hill,,,False,False,True,South Atlantic,South Atlantic,ii,ii,
3,regular,2026-09-19 22:00:00+00:00,App State,Charlotte,,,False,False,False,Sun Belt,American Athletic,fbs,fbs,
3,regular,2026-09-19 22:00:00+00:00,Campbell,North Carolina A&T,,,False,False,True,Coastal Athletic,Coastal Athletic,fcs,fcs,
3,regular,2026-09-19 22:00:00+00:00,Elon,Sacred Heart,,,False,False,True,Coastal Athletic,Coastal Athletic,fcs,fcs,
3,regular,2026-09-19 22:00:00+00:00,Towson,Morgan State,,,False,False,False,Coastal Athletic,MEAC,fcs,fcs,
3,regular,2026-09-19 22:00:00+00:00,Gardner-Webb,North Carolina Central,,,False,False,False,OVC,MEAC,fcs,fcs,
3,regular,2026-09-19 22:00:00+00:00,William & Mary,Fordham,,,False,False,True,Patriot,Patriot,fcs,fcs,
3,regular,2026-09-19 22:00:00+00:00,Eastern Kentucky,Dayton,,,False,False,False,UAC,Pioneer,fcs,fcs,
3,regular,2026-09-19 22:00:00+00:00,Charleston Southern,Point University,,,False,False,False,OVC,,fcs,,
3,regular,2026-09-19 22:00:00+00:00,Livingstone,Winston-Salem State,,,False,False,True,CIAA,CIAA,ii,ii,
3,regular,2026-09-19 22:00:00+00:00,Chowan,Barton,,,False,False,True,Carolinas,Carolinas,ii,ii,
3,regular,2026-09-19 22:00:00+00:00,Edward Waters,Savannah State,,,False,False,True,SIAC,SIAC,ii,ii,
3,regular,2026-09-19 22:00:00+00:00,Clark Atlanta,Miles,,,False,False,True,SIAC,SIAC,ii,ii,
3,regular,2026-09-19 22:00:00+00:00,Catawba,Emory & Henry,,,False,False,True,South Atlantic,South Atlantic,ii,ii,
3,regular,2026-09-19 22:00:00+00:00,UVA Wise,Carson Newman,,,False,False,True,South Atlantic,South Atlantic,ii,ii,
3,regular,2026-09-19 22:00:00+00:00,Wingate,Newberry,,,False,False,True,South Atlantic,South Atlantic,ii,ii,
3,regular,2026-09-19 22:00:00+00:00,Greensboro,BLUEFIELD,,,False,False,False,USA South,,iii,,
3,regular,2026-09-19 22:00:00+00:00,Florida Atlantic,Florida International,,,False,False,False,American Athletic,Conference USA,fbs,fbs,
3,regular,2026-09-19 22:00:00+00:00,Old Dominion,East Carolina,,,False,False,False,Sun Belt,American Athletic,fbs,fbs,
3,regular,2026-09-19 22:30:00+00:00,Missouri State,Marshall,,,False,False,False,Conference USA,Sun Belt,fbs,fbs,
3,regular,2026-09-19 23:00:00+00:00,Wayland Baptist,Howard Payne,,,False,False,False,,American Southwest,,iii,
3,regular,2026-09-19 23:00:00+00:00,Wheaton (IL),Millikin,,,False,False,True,CCIW,CCIW,iii,iii,
3,regular,2026-09-19 23:00:00+00:00,East Texas Baptist,Centenary (LA),,,False,False,False,American Southwest,Southern Collegiate Athletic,iii,iii,
3,regular,2026-09-19 23:00:00+00:00,Oklahoma State,Murray State,,,False,False,False,Big 12,MVFC,fbs,fcs,
3,regular,2026-09-19 23:00:00+00:00,South Florida,Delaware State,,,False,False,False,American Athletic,MEAC,fbs,fcs,
3,regular,2026-09-19 23:00:00+00:00,Ursinus,Moravian,,,False,False,False,Centennial,Landmark Conference,iii,iii,
3,regular,2026-09-19 23:00:00+00:00,Wilmington (OH),Otterbein,,,False,False,True,Ohio,Ohio,iii,iii,
3,regular,2026-09-19 23:00:00+00:00,Allegheny,Waynesburg,,,False,False,True,Presidents',Presidents',iii,iii,
3,regular,2026-09-19 23:00:00+00:00,Memphis,UT Martin,,,False,False,False,American Athletic,OVC,fbs,fcs,
3,regular,2026-09-19 23:00:00+00:00,Southern Miss,UConn,,,False,False,False,Sun Belt,FBS Independents,fbs,fbs,
3,regular,2026-09-19 23:00:00+00:00,Rice,Western Michigan,,,False,False,False,American Athletic,Mid-American,fbs,fbs,
3,regular,2026-09-19 23:00:00+00:00,Southeast Missouri State,Central Arkansas,,,False,False,False,OVC,UAC,fcs,fcs,
3,regular,2026-09-19 23:00:00+00:00,North Alabama,Alcorn State,,,False,False,False,UAC,SWAC,fcs,fcs,
3,regular,2026-09-19 23:00:00+00:00,Florida A&M,Tennessee State,,,False,False,False,SWAC,OVC,fcs,fcs,
3,regular,2026-09-19 23:00:00+00:00,Southern,Louisiana Christian,,,False,False,False,SWAC,,fcs,,
3,regular,2026-09-19 23:00:00+00:00,Incarnate Word,Houston Christian,,,False,False,True,Southland,Southland,fcs,fcs,
3,regular,2026-09-19 23:00:00+00:00,Missouri,Troy,,,False,False,False,SEC,Sun Belt,fbs,fbs,
3,regular,2026-09-19 23:00:00+00:00,Auburn,Florida,,,False,False,True,SEC,SEC,fbs,fbs,
3,regular,2026-09-19 23:00:00+00:00,West Alabama,North Greenville,,,False,False,False,Gulf South,Carolinas,ii,ii,
3,regular,2026-09-19 23:00:00+00:00,Arkansas Tech,Ouachita Baptist,,,False,False,True,Great American,Great American,ii,ii,
3,regular,2026-09-19 23:00:00+00:00,Henderson State,Arkansas Monticello,,,False,False,True,Great American,Great American,ii,ii,
3,regular,2026-09-19 23:00:00+00:00,Northwestern (OK),Oklahoma Baptist,,,False,False,True,Great American,Great American,ii,ii,
3,regular,2026-09-19 23:00:00+00:00,Southwestern Oklahoma State,Southeastern Oklahoma State,,,False,False,True,Great American,Great American,ii,ii,
3,regular,2026-09-19 23:00:00+00:00,Walsh,Lake Erie,,,False,False,True,Great Midwest Athletic,Great Midwest Athletic,ii,ii,
3,regular,2026-09-19 23:00:00+00:00,Grand Valley State,Elgin,,,False,False,False,GLIAC,,ii,,
3,regular,2026-09-19 23:00:00+00:00,Southwest Baptist,William Jewell,,,False,False,True,Great Lakes,Great Lakes,ii,ii,
3,regular,2026-09-19 23:00:00+00:00,Angelo State,West Texas,,,False,False,True,Lone Star,Lone Star,ii,ii,
3,regular,2026-09-19 23:00:00+00:00,Midwestern State,Western New Mexico,,,False,False,True,Lone Star,Lone Star,ii,ii,
3,regular,2026-09-19 23:00:00+00:00,UCF,Georgia State,,,False,False,False,Big 12,Sun Belt,fbs,fbs,
3,regular,2026-09-19 23:00:00+00:00,Wayne State (NE),Jamestown,,,False,False,True,Northern Sun,Northern Sun,ii,ii,
3,regular,2026-09-19 23:00:00+00:00,Elmhurst,Carroll (WI),,,False,False,True,CCIW,CCIW,iii,iii,
3,regular,2026-09-19 23:00:00+00:00,South Dakota State,Youngstown State,,,False,False,True,MVFC,MVFC,fcs,fcs,
3,regular,2026-09-19 23:00:00+00:00,Middle Tennessee,Nevada,,,False,False,False,Conference USA,Mountain West,fbs,fbs,
3,regular,2026-09-19 23:00:00+00:00,South Alabama,Ohio,,,False,False,False,Sun Belt,Mid-American,fbs,fbs,
3,regular,2026-09-19 23:00:00+00:00,Sam Houston,Nicholls,,,False,False,False,Conference USA,Southland,fbs,fcs,
3,regular,2026-09-19 23:00:00+00:00,Furman,South Carolina State,,,False,False,False,Southern,MEAC,fcs,fcs,
3,regular,2026-09-19 23:00:00+00:00,West Florida,Austin Peay,,,False,False,True,UAC,UAC,fcs,fcs,
3,regular,2026-09-19 23:00:00+00:00,Western Illinois,Morehead State,,,False,False,False,OVC,Pioneer,fcs,fcs,
3,regular,2026-09-19 23:00:00+00:00,Tarleton State,Merrimack,,,False,False,False,UAC,FCS Independents,fcs,fcs,
3,regular,2026-09-19 23:00:00+00:00,Alabama A&M,Bowie State,,,False,False,False,SWAC,CIAA,fcs,ii,
3,regular,2026-09-19 23:00:00+00:00,Jackson State,Tuskegee,,,False,False,False,SWAC,SIAC,fcs,ii,
3,regular,2026-09-19 23:00:00+00:00,Mississippi Valley State,Delta State,,,False,False,False,SWAC,Gulf South,fcs,ii,
3,regular,2026-09-19 23:00:00+00:00,Schreiner,Southwestern U,,,False,False,False,,Southern Athletic,,iii,
3,regular,2026-09-19 23:00:00+00:00,Southern Nazarene,East Central,,,False,False,True,Great American,Great American,ii,ii,
3,regular,2026-09-19 23:00:00+00:00,Jacksonville State,Georgia Southern,,,False,False,False,Conference USA,Sun Belt,fbs,fbs,
3,regular,2026-09-19 23:15:00+00:00,Nebraska,North Dakota,,,False,False,False,Big Ten,MVFC,fbs,fcs,
3,regular,2026-09-19 23:15:00+00:00,Washington,Eastern Washington,,,False,False,False,Big Ten,Big Sky,fbs,fcs,
3,regular,2026-09-19 23:30:00+00:00,Maryland,Virginia Tech,,,False,False,False,Big Ten,ACC,fbs,fbs,
3,regular,2026-09-19 23:30:00+00:00,Colorado State,BYU,,,False,False,False,Pac-12,Big 12,fbs,fbs,
3,regular,2026-09-19 23:30:00+00:00,Northwestern,Colorado,,,False,False,False,Big Ten,Big 12,fbs,fbs,
3,regular,2026-09-19 23:30:00+00:00,Notre Dame,Michigan State,,,False,False,False,FBS Independents,Big Ten,fbs,fbs,
3,regular,2026-09-19 23:30:00+00:00,Virginia,West Virginia,,,False,True,False,ACC,Big 12,fbs,fbs,Duke’s Mayo Classic
3,regular,2026-09-19 23:30:00+00:00,Ole Miss,LSU,,,False,False,True,SEC,SEC,fbs,fbs,
3,regular,2026-09-19 23:30:00+00:00,Oklahoma,New Mexico,,,False,False,False,SEC,Mountain West,fbs,fbs,
3,regular,2026-09-19 23:45:00+00:00,Tennessee,Kennesaw State,,,False,False,False,SEC,Conference USA,fbs,fbs,
3,regular,2026-09-20 00:00:00+00:00,Weber State,Northwestern State,,,False,False,False,Big Sky,Southland,fcs,fcs,
3,regular,2026-09-20 00:00:00+00:00,Tulsa,East Texas A&M,,,False,False,False,American Athletic,Southland,fbs,fcs,
3,regular,2026-09-20 00:00:00+00:00,Louisiana,UAB,,,False,False,False,Sun Belt,American Athletic,fbs,fbs,
3,regular,2026-09-20 00:00:00+00:00,Sul Ross State,UT Permian Basin,,,False,False,True,Lone Star,Lone Star,ii,ii,
3,regular,2026-09-20 00:00:00+00:00,Texas A&M-Kingsville,Eastern New Mexico,,,False,False,True,Lone Star,Lone Star,ii,ii,
3,regular,2026-09-20 00:00:00+00:00,Colorado Mesa,Western Colorado,,,False,False,True,Rocky Mountain,Rocky Mountain,ii,ii,
3,regular,2026-09-20 00:00:00+00:00,Harding,Southern Arkansas,,,False,False,True,Great American,Great American,ii,ii,
3,regular,2026-09-20 00:00:00+00:00,TCU,Arkansas State,,,False,False,False,Big 12,Sun Belt,fbs,fbs,
3,regular,2026-09-20 00:00:00+00:00,Texas,UTSA,,,False,False,False,SEC,American Athletic,fbs,fbs,
3,regular,2026-09-20 00:00:00+00:00,UT Rio Grande Valley,McNeese,,,False,False,True,Southland,Southland,fcs,fcs,
3,regular,2026-09-20 00:00:00+00:00,Northern Colorado,Northeastern State,,,False,False,False,Big Sky,Independent DII,fcs,ii,
3,regular,2026-09-20 00:00:00+00:00,Bethel (MN),Gustavus Adolphus,,,False,False,True,Minnesota,Minnesota,iii,iii,
3,regular,2026-09-20 00:00:00+00:00,Crown,Martin Luther,,,False,False,True,Upper Midwest,Upper Midwest,iii,iii,
3,regular,2026-09-20 00:00:00+00:00,Prairie View A&M,Stephen F. Austin,,,False,False,False,SWAC,Southland,fcs,fcs,
3,regular,2026-09-20 00:00:00+00:00,Trinity (TX),Pacific Lutheran,,,False,False,False,Southern Athletic,Northwest,iii,iii,
3,regular,2026-09-20 00:00:00+00:00,Fort Hays,Pittsburg State,,,False,False,True,Mid America,Mid America,ii,ii,
3,regular,2026-09-20 00:00:00+00:00,Cal Poly,San Diego,,,False,False,False,Big Sky,Pioneer,fcs,fcs,
3,regular,2026-09-20 00:00:00+00:00,Utah Tech,Northern Arizona,,,False,False,True,Big Sky,Big Sky,fcs,fcs,
3,regular,2026-09-20 00:00:00+00:00,Macalester,Carleton,,,False,False,True,Minnesota,Minnesota,iii,iii,
3,regular,2026-09-20 01:00:00+00:00,Azusa Pacific,Whittier,,,False,False,True,So. Cal.,So. Cal.,iii,iii,
3,regular,2026-09-20 01:00:00+00:00,Central Washington,Western Oregon,,,False,False,True,Lone Star,Lone Star,ii,ii,
3,regular,2026-09-20 02:00:00+00:00,UC Davis,Stetson,,,False,False,False,Big Sky,Pioneer,fcs,fcs,
3,regular,2026-09-20 02:00:00+00:00,Chapman,Linfield,,,False,False,False,So. Cal.,Northwest,iii,iii,
3,regular,2026-09-20 02:00:00+00:00,San Diego State,James Madison,,,False,False,False,Pac-12,Sun Belt,fbs,fbs,
3,regular,2026-09-20 02:00:00+00:00,Boise State,South Dakota,,,False,False,False,Pac-12,MVFC,fbs,fcs,
3,regular,2026-09-20 02:05:00+00:00,Redlands,Whitworth,,,False,False,False,So. Cal.,Northwest,iii,iii,
3,regular,2026-09-20 02:30:00+00:00,Arizona,Northern Illinois,,,False,False,False,Big 12,Mountain West,fbs,fbs,
3,regular,2026-09-20 02:30:00+00:00,Sacramento State,North Dakota State,,,False,False,False,Mid-American,Mountain West,fbs,fbs,
3,regular,2026-09-20 03:00:00+00:00,San José State,Fresno State,,,False,False,False,Mountain West,Pac-12,fbs,fbs,
3,regular,2026-09-20 03:00:00+00:00,UCLA,Purdue,,,False,False,True,Big Ten,Big Ten,fbs,fbs,
3,regular,2026-09-20 03:00:00+00:00,Oregon State,Montana,,,False,False,False,Pac-12,Big Sky,fbs,fcs,
4,regular,2026-09-24 23:00:00+00:00,Tuskegee,Benedict,,,False,False,True,SIAC,SIAC,ii,ii,
4,regular,2026-09-24 23:30:00+00:00,Coastal Carolina,Liberty,,,False,False,False,Sun Belt,Conference USA,fbs,fbs,
4,regular,2026-09-25 20:00:00+00:00,Temple,Army,,,False,False,True,American Athletic,American Athletic,fbs,fbs,
4,regular,2026-09-25 23:00:00+00:00,UAB,Navy,,,False,False,True,American Athletic,American Athletic,fbs,fbs,
4,regular,2026-09-25 23:00:00+00:00,Rutgers,Howard,,,False,False,False,Big Ten,MEAC,fbs,fcs,
4,regular,2026-09-25 23:00:00+00:00,Brown,Harvard,,,False,False,True,Ivy,Ivy,fcs,fcs,
4,regular,2026-09-26 00:00:00+00:00,Indiana,Northwestern,,,False,False,True,Big Ten,Big Ten,fbs,fbs,
4,regular,2026-09-26 02:30:00+00:00,California,Clemson,,,False,False,True,ACC,ACC,fbs,fbs,
4,regular,2026-09-26 04:00:00+00:00,Auburn,Vanderbilt,,,False,False,True,SEC,SEC,fbs,fbs,AFTERNOON: 3:30 - 4:30pm ET start
4,regular,2026-09-26 04:00:00+00:00,Florida,Ole Miss,,,False,False,True,SEC,SEC,fbs,fbs,FLEX: 3:30 - 4:30pm OR 6 - 8pm ET start
4,regular,2026-09-26 04:00:00+00:00,LSU,Texas A&M,,,False,False,True,SEC,SEC,fbs,fbs,FLEX: 3:30 - 4:30pm OR 6 - 8pm ET start
4,regular,2026-09-26 04:00:00+00:00,Florida State,Central Arkansas,,,False,False,False,ACC,UAC,fbs,fcs,
4,regular,2026-09-26 04:00:00+00:00,Virginia,Delaware,,,False,False,False,ACC,Conference USA,fbs,fbs,
4,regular,2026-09-26 04:00:00+00:00,Baylor,Colorado,,,False,False,True,Big 12,Big 12,fbs,fbs,
4,regular,2026-09-26 04:00:00+00:00,Georgia State,Northern Illinois,,,False,False,False,Sun Belt,Mountain West,fbs,fbs,
4,regular,2026-09-26 04:00:00+00:00,Louisville,Wake Forest,,,False,False,True,ACC,ACC,fbs,fbs,
4,regular,2026-09-26 04:00:00+00:00,Maryland,UCLA,,,False,False,True,Big Ten,Big Ten,fbs,fbs,
4,regular,2026-09-26 04:00:00+00:00,Purdue,Notre Dame,,,False,False,False,Big Ten,FBS Independents,fbs,fbs,
4,regular,2026-09-26 04:00:00+00:00,USC,Oregon,,,False,False,True,Big Ten,Big Ten,fbs,fbs,
4,regular,2026-09-26 04:00:00+00:00,Western Michigan,Boise State,,,False,False,False,Mid-American,Pac-12,fbs,fbs,
4,regular,2026-09-26 04:00:00+00:00,Charlotte,Louisiana,,,False,False,False,American Athletic,Sun Belt,fbs,fbs,
4,regular,2026-09-26 04:00:00+00:00,Bowling Green,South Florida,,,False,False,False,Mid-American,American Athletic,fbs,fbs,
4,regular,2026-09-26 04:00:00+00:00,Mississippi State,Missouri,,,False,False,True,SEC,SEC,fbs,fbs,NIGHT: 6 - 8pm ET start
4,regular,2026-09-26 04:00:00+00:00,UTSA,Colorado State,,,False,False,False,American Athletic,Pac-12,fbs,fbs,
4,regular,2026-09-26 04:00:00+00:00,Ohio State,Illinois,,,False,False,True,Big Ten,Big Ten,fbs,fbs,
4,regular,2026-09-26 04:00:00+00:00,Washington,Minnesota,,,False,False,True,Big Ten,Big Ten,fbs,fbs,
4,regular,2026-09-26 04:00:00+00:00,Chicago State,Norfolk State,,,False,False,False,FCS Independents,MEAC,fcs,fcs,
4,regular,2026-09-26 04:00:00+00:00,Tulane,Southern Miss,,,False,False,False,American Athletic,Sun Belt,fbs,fbs,
4,regular,2026-09-26 04:00:00+00:00,Penn State,Wisconsin,,,False,False,True,Big Ten,Big Ten,fbs,fbs,
4,regular,2026-09-26 04:00:00+00:00,NC State,App State,,,False,False,False,ACC,Sun Belt,fbs,fbs,
4,regular,2026-09-26 04:00:00+00:00,Michigan State,Nebraska,,,False,False,True,Big Ten,Big Ten,fbs,fbs,
4,regular,2026-09-26 04:00:00+00:00,Toledo,San Diego State,,,False,False,False,Mid-American,Pac-12,fbs,fbs,
4,regular,2026-09-26 04:00:00+00:00,Sacramento State,Massachusetts,,,False,False,True,Mid-American,Mid-American,fbs,fbs,
4,regular,2026-09-26 04:00:00+00:00,Alabama,South Carolina,,,False,False,True,SEC,SEC,fbs,fbs,NIGHT: 6 - 8pm ET start
4,regular,2026-09-26 04:00:00+00:00,Georgia Southern,Houston,,,False,False,False,Sun Belt,Big 12,fbs,fbs,
4,regular,2026-09-26 04:00:00+00:00,Texas Tech,Sam Houston,,,False,False,False,Big 12,Conference USA,fbs,fbs,
4,regular,2026-09-26 04:00:00+00:00,UL Monroe,Florida Atlantic,,,False,False,False,Sun Belt,American Athletic,fbs,fbs,
4,regular,2026-09-26 04:00:00+00:00,Georgia,Oklahoma,,,False,False,True,SEC,SEC,fbs,fbs,FLEX: 3:30 - 4:30pm OR 6 - 8pm ET start
4,regular,2026-09-26 04:00:00+00:00,Akron,UNLV,,,False,False,False,Mid-American,Mountain West,fbs,fbs,
4,regular,2026-09-26 04:00:00+00:00,Old Dominion,James Madison,,,False,False,True,Sun Belt,Sun Belt,fbs,fbs,
4,regular,2026-09-26 04:00:00+00:00,Kent State,Ball State,,,False,False,True,Mid-American,Mid-American,fbs,fbs,
4,regular,2026-09-26 04:00:00+00:00,Miami (OH),UConn,,,False,False,False,Mid-American,FBS Independents,fbs,fbs,
4,regular,2026-09-26 04:00:00+00:00,UCF,TCU,,,False,False,True,Big 12,Big 12,fbs,fbs,
4,regular,2026-09-26 04:00:00+00:00,Iowa State,Utah,,,False,False,True,Big 12,Big 12,fbs,fbs,
4,regular,2026-09-26 04:00:00+00:00,SMU,Missouri State,,,False,False,False,ACC,Conference USA,fbs,fbs,
4,regular,2026-09-26 04:00:00+00:00,Cincinnati,Kansas State,,,False,False,True,Big 12,Big 12,fbs,fbs,
4,regular,2026-09-26 04:00:00+00:00,West Virginia,Oklahoma State,,,False,False,True,Big 12,Big 12,fbs,fbs,
4,regular,2026-09-26 04:00:00+00:00,Nevada,Air Force,,,False,False,True,Mountain West,Mountain West,fbs,fbs,
4,regular,2026-09-26 04:00:00+00:00,Boston College,Virginia Tech,,,False,False,True,ACC,ACC,fbs,fbs,
4,regular,2026-09-26 04:00:00+00:00,Jackson State,Southern,,,False,False,False,SWAC,SWAC,fcs,fcs,Boombox Classic
4,regular,2026-09-26 04:00:00+00:00,Michigan,Iowa,,,False,False,True,Big Ten,Big Ten,fbs,fbs,
4,regular,2026-09-26 15:00:00+00:00,Maine Maritime,Curry,,,False,False,True,Commonwealth Coast,Commonwealth Coast,iii,iii,
4,regular,2026-09-26 16:00:00+00:00,Kutztown,Shepherd,,,False,False,True,Pennsylvania State Athletic,Pennsylvania State Athletic,ii,ii,
4,regular,2026-09-26 16:00:00+00:00,Western Connecticut State,Kean,,,False,False,False,Landmark Conference,New Jersey,iii,iii,
4,regular,2026-09-26 16:00:00+00:00,Sacred Heart,New Hampshire,,,False,False,True,Coastal Athletic,Coastal Athletic,fcs,fcs,
4,regular,2026-09-26 16:00:00+00:00,Alfred,St. John Fisher,,,False,False,True,Empire 8,Empire 8,iii,iii,
4,regular,2026-09-26 16:00:00+00:00,Hartwick,Brockport,,,False,False,True,Empire 8,Empire 8,iii,iii,
4,regular,2026-09-26 16:00:00+00:00,Albright,Misericordia,,,False,False,True,Mid Atlantic,Mid Atlantic,iii,iii,
4,regular,2026-09-26 16:00:00+00:00,Delaware Valley,Eastern,,,False,False,True,Mid Atlantic,Mid Atlantic,iii,iii,
4,regular,2026-09-26 16:00:00+00:00,Stevenson,FDU Florham,,,False,False,True,Mid Atlantic,Mid Atlantic,iii,iii,
4,regular,2026-09-26 16:00:00+00:00,Endicott,Husson,,,False,False,True,Commonwealth Coast,Commonwealth Coast,iii,iii,
4,regular,2026-09-26 16:00:00+00:00,Susquehanna,Christopher Newport,,,False,False,False,Landmark Conference,New Jersey,iii,iii,
4,regular,2026-09-26 16:00:00+00:00,Rensselaer,Hobart,,,False,False,True,Liberty League,Liberty League,iii,iii,
4,regular,2026-09-26 16:00:00+00:00,Pace,Saint Anselm,,,False,False,True,Northeast 10,Northeast 10,ii,ii,
4,regular,2026-09-26 16:00:00+00:00,Hilbert,Rochester (NY),,,False,False,True,Empire 8,Liberty League,iii,iii,
4,regular,2026-09-26 16:00:00+00:00,Keystone,Wisconsin Whitewater,,,False,False,False,Independent DIII,Wisconsin,iii,iii,
4,regular,2026-09-26 16:00:00+00:00,Walsh,Ashland,,,False,False,True,Great Midwest Athletic,Great Midwest Athletic,ii,ii,
4,regular,2026-09-26 16:00:00+00:00,Hillsdale,Thomas More,,,False,False,True,Great Midwest Athletic,Great Midwest Athletic,ii,ii,
4,regular,2026-09-26 16:00:00+00:00,California (PA),Slippery Rock,,,False,False,True,Pennsylvania State Athletic,Pennsylvania State Athletic,ii,ii,
4,regular,2026-09-26 16:00:00+00:00,Clarion,Edinboro,,,False,False,True,Pennsylvania State Athletic,Pennsylvania State Athletic,ii,ii,
4,regular,2026-09-26 16:00:00+00:00,Pittsburgh,Bucknell,,,False,False,False,ACC,Patriot,fbs,fcs,
4,regular,2026-09-26 16:00:00+00:00,Duquesne,University of Rio Grande,,,False,False,False,NEC,,fcs,,
4,regular,2026-09-26 16:00:00+00:00,Tennessee,Texas,,,False,False,True,SEC,SEC,fbs,fbs,
4,regular,2026-09-26 16:00:00+00:00,Marist,Presbyterian,,,False,False,True,Pioneer,Pioneer,fcs,fcs,
4,regular,2026-09-26 16:30:00+00:00,Lafayette,Holy Cross,,,False,False,True,Patriot,Patriot,fcs,fcs,
4,regular,2026-09-26 16:30:00+00:00,Georgetown,Columbia,,,False,False,False,Patriot,Ivy,fcs,fcs,
4,regular,2026-09-26 16:45:00+00:00,Kentucky,South Alabama,,,False,False,False,SEC,Sun Belt,fbs,fbs,
4,regular,2026-09-26 17:00:00+00:00,Merchant Marine,Norwich,,,False,False,True,NEWMAC,NEWMAC,iii,iii,
4,regular,2026-09-26 17:00:00+00:00,Saint Francis,Grove City,,,False,False,True,Presidents',Presidents',iii,iii,
4,regular,2026-09-26 17:00:00+00:00,Colby,Williams,,,False,False,True,NESCAC,NESCAC,iii,iii,
4,regular,2026-09-26 17:00:00+00:00,Augsburg,Saint John's (MN),,,False,False,True,Minnesota,Minnesota,iii,iii,
4,regular,2026-09-26 17:00:00+00:00,Gallaudet,Roanoke College,,,False,False,False,Southern Collegiate Athletic,,iii,,
4,regular,2026-09-26 17:00:00+00:00,Davidson,Drake,,,False,False,True,Pioneer,Pioneer,fcs,fcs,
4,regular,2026-09-26 17:00:00+00:00,Indiana State,North Dakota,,,False,False,True,MVFC,MVFC,fcs,fcs,
4,regular,2026-09-26 17:00:00+00:00,Bethany (WV),Geneva,,,False,False,True,Presidents',Presidents',iii,iii,
4,regular,2026-09-26 17:00:00+00:00,Saint Vincent,Allegheny,,,False,False,True,Presidents',Presidents',iii,iii,
4,regular,2026-09-26 17:00:00+00:00,Hamilton,Amherst,,,False,False,True,NESCAC,NESCAC,iii,iii,
4,regular,2026-09-26 17:00:00+00:00,Bates,Trinity (CT),,,False,False,True,NESCAC,NESCAC,iii,iii,
4,regular,2026-09-26 17:00:00+00:00,Kenyon,DePauw,,,False,False,True,North Coast,North Coast,iii,iii,
4,regular,2026-09-26 17:00:00+00:00,Bowdoin,Middlebury,,,False,False,True,NESCAC,NESCAC,iii,iii,
4,regular,2026-09-26 17:00:00+00:00,SUNY Maritime,Salve Regina,,,False,False,True,NEWMAC,NEWMAC,iii,iii,
4,regular,2026-09-26 17:00:00+00:00,Eastern Michigan,Lindenwood,,,False,False,False,Mid-American,OVC,fbs,fcs,
4,regular,2026-09-26 17:00:00+00:00,Dartmouth,Monmouth,,,False,False,False,Ivy,Coastal Athletic,fcs,fcs,
4,regular,2026-09-26 17:00:00+00:00,Waynesburg,Westminster (PA),,,False,False,True,Presidents',Presidents',iii,iii,
4,regular,2026-09-26 17:00:00+00:00,West Liberty,Concord,,,False,False,True,Mountain East,Mountain East,ii,ii,
4,regular,2026-09-26 17:00:00+00:00,Frostburg State,West Virginia Wesleyan,,,False,False,True,Mountain East,Mountain East,ii,ii,
4,regular,2026-09-26 17:00:00+00:00,Minnesota St Moorhead,Minnesota Duluth,,,False,False,True,Northern Sun,Northern Sun,ii,ii,
4,regular,2026-09-26 17:00:00+00:00,Alfred State,Utica,,,False,False,True,Empire 8,Empire 8,iii,iii,
4,regular,2026-09-26 17:00:00+00:00,Lincoln (PA),Bluefield State,,,False,False,True,CIAA,CIAA,ii,ii,
4,regular,2026-09-26 17:00:00+00:00,Elizabeth City State,Bowie State,,,False,False,True,CIAA,CIAA,ii,ii,
4,regular,2026-09-26 17:00:00+00:00,Virginia State,Winston-Salem State,,,False,False,True,CIAA,CIAA,ii,ii,
4,regular,2026-09-26 17:00:00+00:00,Fayetteville State,Virginia Union,,,False,False,True,CIAA,CIAA,ii,ii,
4,regular,2026-09-26 17:00:00+00:00,Shaw,Livingstone,,,False,False,True,CIAA,CIAA,ii,ii,
4,regular,2026-09-26 17:00:00+00:00,UNC Pembroke,Monroe,,,False,False,False,Carolinas,,ii,,
4,regular,2026-09-26 17:00:00+00:00,Kentucky Wesleyan,Tiffin,,,False,False,True,Great Midwest Athletic,Great Midwest Athletic,ii,ii,
4,regular,2026-09-26 17:00:00+00:00,Albany State,Kentucky State,,,False,False,True,SIAC,SIAC,ii,ii,
4,regular,2026-09-26 17:00:00+00:00,Morehouse,Edward Waters,,,False,False,True,SIAC,SIAC,ii,ii,
4,regular,2026-09-26 17:00:00+00:00,Carson Newman,Mars Hill,,,False,False,True,South Atlantic,South Atlantic,ii,ii,
4,regular,2026-09-26 17:00:00+00:00,Emory & Henry,Newberry,,,False,False,True,South Atlantic,South Atlantic,ii,ii,
4,regular,2026-09-26 17:00:00+00:00,Oberlin,Washington St. Louis,,,False,False,True,North Coast,North Coast,iii,iii,
4,regular,2026-09-26 17:00:00+00:00,American International,Assumption,,,False,False,True,Northeast 10,Northeast 10,ii,ii,
4,regular,2026-09-26 17:00:00+00:00,Gannon,Lock Haven,,,False,False,True,Pennsylvania State Athletic,Pennsylvania State Athletic,ii,ii,
4,regular,2026-09-26 17:00:00+00:00,Hope,Albion,,,False,False,True,Michigan,Michigan,iii,iii,
4,regular,2026-09-26 17:00:00+00:00,William Paterson,Moravian,,,False,False,False,New Jersey,Landmark Conference,iii,iii,
4,regular,2026-09-26 17:00:00+00:00,Ithaca,St. Lawrence,,,False,False,True,Liberty League,Liberty League,iii,iii,
4,regular,2026-09-26 17:00:00+00:00,Union,Buffalo State,,,False,False,True,Liberty League,Liberty League,iii,iii,
4,regular,2026-09-26 17:00:00+00:00,John Carroll,Wittenberg,,,False,False,True,Ohio,North Coast,iii,iii,
4,regular,2026-09-26 17:00:00+00:00,Rowan,Lycoming,,,False,False,False,New Jersey,Landmark Conference,iii,iii,
4,regular,2026-09-26 17:00:00+00:00,Juniata,The College of New Jersey,,,False,False,False,Landmark Conference,New Jersey,iii,iii,
4,regular,2026-09-26 17:00:00+00:00,Salisbury,Catholic,,,False,False,False,New Jersey,Landmark Conference,iii,iii,
4,regular,2026-09-26 17:00:00+00:00,Coast Guard,WPI,,,False,False,True,NEWMAC,NEWMAC,iii,iii,
4,regular,2026-09-26 17:00:00+00:00,Worcester State,Westfield State,,,False,False,True,MSCAC,MSCAC,iii,iii,
4,regular,2026-09-26 17:00:00+00:00,Mass Maritime,Plymouth State,,,False,False,True,MSCAC,MSCAC,iii,iii,
4,regular,2026-09-26 17:00:00+00:00,Western New England,New England,,,False,False,True,Commonwealth Coast,Commonwealth Coast,iii,iii,
4,regular,2026-09-26 17:00:00+00:00,King's,Widener,,,False,False,True,Mid Atlantic,Mid Atlantic,iii,iii,
4,regular,2026-09-26 17:00:00+00:00,Alvernia,Lebanon Valley,,,False,False,True,Mid Atlantic,Mid Atlantic,iii,iii,
4,regular,2026-09-26 17:00:00+00:00,Apprentice School,Methodist,,,False,False,False,Independent DIII,USA South,iii,iii,
4,regular,2026-09-26 17:00:00+00:00,SUNY Cortland,SUNY Morrisville,,,False,False,True,Empire 8,Empire 8,iii,iii,
4,regular,2026-09-26 17:00:00+00:00,Cornell,Yale,,,False,False,True,Ivy,Ivy,fcs,fcs,
4,regular,2026-09-26 17:00:00+00:00,Fordham,Stony Brook,,,False,False,False,Patriot,Coastal Athletic,fcs,fcs,
4,regular,2026-09-26 17:00:00+00:00,Merrimack,New Haven,,,False,False,False,FCS Independents,NEC,fcs,fcs,
4,regular,2026-09-26 17:00:00+00:00,Pennsylvania,Lehigh,,,False,False,False,Ivy,Patriot,fcs,fcs,
4,regular,2026-09-26 17:00:00+00:00,Post,Southern Connecticut State,,,False,False,True,Northeast 10,Northeast 10,ii,ii,
4,regular,2026-09-26 17:00:00+00:00,Charleston (WV),Glenville State,,,False,False,True,Mountain East,Mountain East,ii,ii,
4,regular,2026-09-26 17:00:00+00:00,Fairmont State,West Virginia State,,,False,False,True,Mountain East,Mountain East,ii,ii,
4,regular,2026-09-26 17:30:00+00:00,Wofford,Tennessee Tech,,,False,False,True,Southern,Southern,fcs,fcs,
4,regular,2026-09-26 17:30:00+00:00,Wesleyan (CT),Tufts,,,False,False,True,NESCAC,NESCAC,iii,iii,
4,regular,2026-09-26 17:30:00+00:00,Baldwin Wallace,Capital,,,False,False,True,Ohio,Ohio,iii,iii,
4,regular,2026-09-26 17:30:00+00:00,Heidelberg,Muskingum,,,False,False,True,Ohio,Ohio,iii,iii,
4,regular,2026-09-26 17:30:00+00:00,Ohio Northern,Wilmington (OH),,,False,False,True,Ohio,Ohio,iii,iii,
4,regular,2026-09-26 17:30:00+00:00,Erskine,Shorter,,,False,False,True,Carolinas,Carolinas,ii,ii,
4,regular,2026-09-26 18:00:00+00:00,Ferrum,North Greenville,,,False,False,True,Carolinas,Carolinas,ii,ii,
4,regular,2026-09-26 18:00:00+00:00,Valparaiso,Butler,,,False,False,True,Pioneer,Pioneer,fcs,fcs,
4,regular,2026-09-26 18:00:00+00:00,Austin Peay,UT Martin,,,False,False,False,UAC,OVC,fcs,fcs,
4,regular,2026-09-26 18:00:00+00:00,Findlay,Northwood,,,False,False,True,Great Midwest Athletic,Great Midwest Athletic,ii,ii,
4,regular,2026-09-26 18:00:00+00:00,Quincy,Wayne State (MI),,,False,False,False,Great Lakes,GLIAC,ii,ii,
4,regular,2026-09-26 18:00:00+00:00,Clark Atlanta,Warner,,,False,False,False,SIAC,,ii,,
4,regular,2026-09-26 18:00:00+00:00,Missouri Southern State,Central Missouri,,,False,False,True,Mid America,Mid America,ii,ii,
4,regular,2026-09-26 18:00:00+00:00,Nebraska Kearney,Washburn,,,False,False,True,Mid America,Mid America,ii,ii,
4,regular,2026-09-26 18:00:00+00:00,Anderson (SC),Lenoir Rhyne,,,False,False,True,South Atlantic,South Atlantic,ii,ii,
4,regular,2026-09-26 18:00:00+00:00,Bloomsburg,Shippensburg,,,False,False,True,Pennsylvania State Athletic,Pennsylvania State Athletic,ii,ii,
4,regular,2026-09-26 18:00:00+00:00,West Chester,Millersville,,,False,False,True,Pennsylvania State Athletic,Pennsylvania State Athletic,ii,ii,
4,regular,2026-09-26 18:00:00+00:00,Knox,Chicago,,,False,False,True,Midwest,Midwest,iii,iii,
4,regular,2026-09-26 18:00:00+00:00,Jamestown,Concordia St. Paul,,,False,False,True,Northern Sun,Northern Sun,ii,ii,
4,regular,2026-09-26 18:00:00+00:00,Sioux Falls,Minnesota State,,,False,False,True,Northern Sun,Northern Sun,ii,ii,
4,regular,2026-09-26 18:00:00+00:00,Illinois Wesleyan,Wheaton (IL),,,False,False,True,CCIW,CCIW,iii,iii,
4,regular,2026-09-26 18:00:00+00:00,Rhodes,Maryville (TN),,,False,False,True,Southern Athletic,USA South,iii,iii,
4,regular,2026-09-26 18:00:00+00:00,Dubuque,McMurry,,,False,False,False,American Rivers,American Southwest,iii,iii,
4,regular,2026-09-26 18:00:00+00:00,East Texas Baptist,Texas Lutheran,,,False,False,False,American Southwest,Southern Collegiate Athletic,iii,iii,
4,regular,2026-09-26 18:00:00+00:00,New England College,Nichols,,,False,False,True,,Commonwealth Coast,,iii,
4,regular,2026-09-26 18:00:00+00:00,Austin,Hendrix,,,False,False,True,Southern Collegiate Athletic,Southern Athletic,iii,iii,
4,regular,2026-09-26 18:00:00+00:00,Alma,Adrian,,,False,False,True,Michigan,Michigan,iii,iii,
4,regular,2026-09-26 18:00:00+00:00,Luther,Cornell (IA),,,False,False,True,Midwest,Midwest,iii,iii,
4,regular,2026-09-26 18:00:00+00:00,Grinnell,Beloit,,,False,False,True,Midwest,Midwest,iii,iii,
4,regular,2026-09-26 18:00:00+00:00,Monmouth (IL),Ripon,,,False,False,True,Midwest,Midwest,iii,iii,
4,regular,2026-09-26 18:00:00+00:00,Illinois College,Lake Forest,,,False,False,True,Midwest,Midwest,iii,iii,
4,regular,2026-09-26 18:00:00+00:00,Otterbein,Marietta,,,False,False,True,Ohio,Ohio,iii,iii,
4,regular,2026-09-26 18:00:00+00:00,St. Olaf,Carleton,,,False,False,True,Minnesota,Minnesota,iii,iii,
4,regular,2026-09-26 18:00:00+00:00,Gustavus Adolphus,Concordia (MN),,,False,False,True,Minnesota,Minnesota,iii,iii,
4,regular,2026-09-26 18:00:00+00:00,St. Norbert,Wisconsin Lutheran,,,False,False,True,NACC,NACC,iii,iii,
4,regular,2026-09-26 18:00:00+00:00,Denison,Ohio Wesleyan,,,False,False,True,North Coast,North Coast,iii,iii,
4,regular,2026-09-26 18:00:00+00:00,Wabash,Wooster,,,False,False,True,North Coast,North Coast,iii,iii,
4,regular,2026-09-26 18:00:00+00:00,The Citadel,Chattanooga,,,False,False,True,Southern,Southern,fcs,fcs,
4,regular,2026-09-26 18:00:00+00:00,St. Thomas (MN),San Diego,,,False,False,True,Pioneer,Pioneer,fcs,fcs,
4,regular,2026-09-26 18:00:00+00:00,Elon,Maine,,,False,False,True,Coastal Athletic,Coastal Athletic,fcs,fcs,
4,regular,2026-09-26 18:00:00+00:00,Youngstown State,South Dakota,,,False,False,True,MVFC,MVFC,fcs,fcs,
4,regular,2026-09-26 18:00:00+00:00,Richmond,Furman,,,False,False,False,Patriot,Southern,fcs,fcs,
4,regular,2026-09-26 18:30:00+00:00,Villanova,Colgate,,,False,False,True,Patriot,Patriot,fcs,fcs,
4,regular,2026-09-26 19:00:00+00:00,Rockford,Aurora,,,False,False,True,NACC,NACC,iii,iii,
4,regular,2026-09-26 19:00:00+00:00,Ferris State,Kentucky Christian,,,False,False,False,GLIAC,,ii,,
4,regular,2026-09-26 19:00:00+00:00,Bemidji State,Minot State,,,False,False,True,Northern Sun,Northern Sun,ii,ii,
4,regular,2026-09-26 19:00:00+00:00,Lincoln (MO),Upper Iowa,,,False,False,True,Great Lakes,Great Lakes,ii,ii,
4,regular,2026-09-26 19:00:00+00:00,South Dakota Mines,New Mexico Highlands,,,False,False,True,Rocky Mountain,Rocky Mountain,ii,ii,
4,regular,2026-09-26 19:00:00+00:00,Chadron State,Colorado School of Mines,,,False,False,True,Rocky Mountain,Rocky Mountain,ii,ii,
4,regular,2026-09-26 19:00:00+00:00,Black Hills State,Fort Lewis,,,False,False,True,Rocky Mountain,Rocky Mountain,ii,ii,
4,regular,2026-09-26 19:00:00+00:00,Southeastern Oklahoma State,Southern Nazarene,,,False,False,True,Great American,Great American,ii,ii,
4,regular,2026-09-26 19:00:00+00:00,Princeton,UAlbany,,,False,False,False,Ivy,Coastal Athletic,fcs,fcs,
4,regular,2026-09-26 19:00:00+00:00,Thiel,Hiram,,,False,False,True,Presidents',Presidents',iii,iii,
4,regular,2026-09-26 19:00:00+00:00,Bridgewater State,Framingham State,,,False,False,True,MSCAC,MSCAC,iii,iii,
4,regular,2026-09-26 19:00:00+00:00,Elmhurst,Augustana (IL),,,False,False,True,CCIW,CCIW,iii,iii,
4,regular,2026-09-26 19:00:00+00:00,Springfield,MIT,,,False,False,True,NEWMAC,NEWMAC,iii,iii,
4,regular,2026-09-26 19:00:00+00:00,Wyoming,Hawai'i,,,False,False,True,Mountain West,Mountain West,fbs,fbs,
4,regular,2026-09-26 19:30:00+00:00,Samford,VMI,,,False,False,True,Southern,Southern,fcs,fcs,
4,regular,2026-09-26 19:30:00+00:00,Buffalo,Robert Morris,,,False,False,False,Mid-American,NEC,fbs,fcs,
4,regular,2026-09-26 19:30:00+00:00,Marshall,Gardner-Webb,,,False,False,False,Sun Belt,OVC,fbs,fcs,
4,regular,2026-09-26 19:30:00+00:00,New Mexico State,New Mexico,,,False,False,False,Conference USA,Mountain West,fbs,fbs,
4,regular,2026-09-26 19:30:00+00:00,East Tennessee State,Western Carolina,,,False,False,True,Southern,Southern,fcs,fcs,
4,regular,2026-09-26 19:30:00+00:00,Northern State,University of Mary,,,False,False,True,Northern Sun,Northern Sun,ii,ii,
4,regular,2026-09-26 19:30:00+00:00,Ohio,Stonehill,,,False,False,False,Mid-American,NEC,fbs,fcs,
4,regular,2026-09-26 19:30:00+00:00,Duke,William & Mary,,,False,False,False,ACC,Patriot,fbs,fcs,
4,regular,2026-09-26 20:00:00+00:00,Barton,West Alabama,,,False,False,False,Carolinas,Gulf South,ii,ii,
4,regular,2026-09-26 20:00:00+00:00,East Carolina,North Carolina Central,,,False,False,False,American Athletic,MEAC,fbs,fcs,
4,regular,2026-09-26 20:00:00+00:00,CSU Pueblo,Colorado Mesa,,,False,False,True,Rocky Mountain,Rocky Mountain,ii,ii,
4,regular,2026-09-26 20:00:00+00:00,William Jewell,McKendree,,,False,False,True,Great Lakes,Great Lakes,ii,ii,
4,regular,2026-09-26 20:00:00+00:00,Eastern New Mexico,UT Permian Basin,,,False,False,True,Lone Star,Lone Star,ii,ii,
4,regular,2026-09-26 20:00:00+00:00,IU Pennsylvania,Seton Hill,,,False,False,True,Pennsylvania State Athletic,Pennsylvania State Athletic,ii,ii,
4,regular,2026-09-26 20:00:00+00:00,Simpson (IA),Howard Payne,,,False,False,False,American Rivers,American Southwest,iii,iii,
4,regular,2026-09-26 20:00:00+00:00,Calvin,Olivet,,,False,False,True,Michigan,Michigan,iii,iii,
4,regular,2026-09-26 20:00:00+00:00,Lakeland,Concordia (WI),,,False,False,True,NACC,NACC,iii,iii,
4,regular,2026-09-26 20:00:00+00:00,North Alabama,Western Illinois,,,False,False,False,UAC,OVC,fcs,fcs,
4,regular,2026-09-26 20:00:00+00:00,North Carolina A&T,Rhode Island,,,False,False,True,Coastal Athletic,Coastal Athletic,fcs,fcs,
4,regular,2026-09-26 20:00:00+00:00,Alcorn State,Texas Southern,,,False,False,True,SWAC,SWAC,fcs,fcs,
4,regular,2026-09-26 20:00:00+00:00,Nicholls,Lamar,,,False,False,True,Southland,Southland,fcs,fcs,
4,regular,2026-09-26 20:05:00+00:00,Western Oregon,Angelo State,,,False,False,True,Lone Star,Lone Star,ii,ii,
4,regular,2026-09-26 21:00:00+00:00,Lane College,Central State,,,False,False,True,SIAC,SIAC,ii,ii,
4,regular,2026-09-26 21:00:00+00:00,Northern Iowa,Illinois State,,,False,False,True,MVFC,MVFC,fcs,fcs,
4,regular,2026-09-26 22:00:00+00:00,West Georgia,Fort Valley State,,,False,False,False,UAC,SIAC,fcs,ii,
4,regular,2026-09-26 22:00:00+00:00,Hampton,Campbell,,,False,False,True,Coastal Athletic,Coastal Athletic,fcs,fcs,
4,regular,2026-09-26 22:00:00+00:00,Indianapolis,Truman State,,,False,False,True,Great Lakes,Great Lakes,ii,ii,
4,regular,2026-09-26 22:00:00+00:00,Southwest Minnesota State,Wayne State (NE),,,False,False,True,Northern Sun,Northern Sun,ii,ii,
4,regular,2026-09-26 22:00:00+00:00,Guilford,Brevard,,,False,False,False,Old Dominion,USA South,iii,iii,
4,regular,2026-09-26 22:00:00+00:00,Kalamazoo,Trine,,,False,False,True,Michigan,Michigan,iii,iii,
4,regular,2026-09-26 22:00:00+00:00,Delaware State,Towson,,,False,False,False,MEAC,Coastal Athletic,fcs,fcs,
4,regular,2026-09-26 22:00:00+00:00,Savannah State,Miles,,,False,False,True,SIAC,SIAC,ii,ii,
4,regular,2026-09-26 22:00:00+00:00,Tusculum,Catawba,,,False,False,True,South Atlantic,South Atlantic,ii,ii,
4,regular,2026-09-26 22:00:00+00:00,Wingate,UVA Wise,,,False,False,True,South Atlantic,South Atlantic,ii,ii,
4,regular,2026-09-26 22:00:00+00:00,Franklin Pierce,Bentley,,,False,False,True,Northeast 10,Northeast 10,ii,ii,
4,regular,2026-09-26 22:00:00+00:00,Alabama State,Mississippi Valley State,,,False,False,True,SWAC,SWAC,fcs,fcs,
4,regular,2026-09-26 22:00:00+00:00,Stephen F. Austin,Northeastern State,,,False,False,False,Southland,Independent DII,fcs,ii,
4,regular,2026-09-26 22:00:00+00:00,Lake Erie,Ohio Dominican,,,False,False,True,Great Midwest Athletic,Great Midwest Athletic,ii,ii,
4,regular,2026-09-26 22:00:00+00:00,Texas State,Incarnate Word,,,False,False,False,Pac-12,Southland,fbs,fcs,
4,regular,2026-09-26 22:00:00+00:00,Florida International,Long Island University,,,False,False,False,Conference USA,NEC,fbs,fcs,
4,regular,2026-09-26 22:30:00+00:00,Miami,Central Michigan,,,False,False,False,ACC,Mid-American,fbs,fbs,
4,regular,2026-09-26 22:30:00+00:00,East Stroudsburg,Lackawanna,,,False,False,True,Pennsylvania State Athletic,,ii,,
4,regular,2026-09-26 23:00:00+00:00,Benedictine (IL),Eureka,,,False,False,True,NACC,NACC,iii,iii,
4,regular,2026-09-26 23:00:00+00:00,Southeast Missouri State,West Florida,,,False,False,False,OVC,UAC,fcs,fcs,
4,regular,2026-09-26 23:00:00+00:00,Grambling,Prairie View A&M,,,False,True,False,SWAC,SWAC,fcs,fcs,State Fair Classic
4,regular,2026-09-26 23:00:00+00:00,Northwestern State,SE Louisiana,,,False,False,True,Southland,Southland,fcs,fcs,
4,regular,2026-09-26 23:00:00+00:00,Arkansas State,Kennesaw State,,,False,False,False,Sun Belt,Conference USA,fbs,fbs,
4,regular,2026-09-26 23:00:00+00:00,Arkansas Monticello,Arkansas Tech,,,False,False,True,Great American,Great American,ii,ii,
4,regular,2026-09-26 23:00:00+00:00,Millikin,North Park,,,False,False,True,CCIW,CCIW,iii,iii,
4,regular,2026-09-26 23:00:00+00:00,Centre,Bridgewater,,,False,False,False,Southern Athletic,Old Dominion,iii,iii,
4,regular,2026-09-26 23:00:00+00:00,Wilkes,Montclair State,,,False,False,False,Landmark Conference,New Jersey,iii,iii,
4,regular,2026-09-26 23:00:00+00:00,Centenary (LA),Schreiner,,,False,False,False,Southern Collegiate Athletic,,iii,,
4,regular,2026-09-26 23:00:00+00:00,McNeese,East Texas A&M,,,False,False,True,Southland,Southland,fcs,fcs,
4,regular,2026-09-26 23:00:00+00:00,Florida A&M,Alabama A&M,,,False,False,True,SWAC,SWAC,fcs,fcs,
4,regular,2026-09-26 23:00:00+00:00,South Dakota State,Eastern Illinois,,,False,False,False,MVFC,OVC,fcs,fcs,
4,regular,2026-09-26 23:00:00+00:00,Missouri S&T,Southwest Baptist,,,False,False,True,Great Lakes,Great Lakes,ii,ii,
4,regular,2026-09-26 23:00:00+00:00,Winona State,Augustana (SD),,,False,False,True,Northern Sun,Northern Sun,ii,ii,
4,regular,2026-09-26 23:00:00+00:00,Case Western Reserve,Washington & Jefferson,,,False,False,True,Presidents',Presidents',iii,iii,
4,regular,2026-09-26 23:00:00+00:00,Carroll (WI),Carthage,,,False,False,True,CCIW,CCIW,iii,iii,
4,regular,2026-09-26 23:00:00+00:00,Murray State,Southern Illinois,,,False,False,True,MVFC,MVFC,fcs,fcs,
4,regular,2026-09-26 23:00:00+00:00,Bethune-Cookman,South Carolina State,,,False,False,False,SWAC,MEAC,fcs,fcs,
4,regular,2026-09-26 23:00:00+00:00,Eastern Washington,Cal Poly,,,False,False,True,Big Sky,Big Sky,fcs,fcs,
4,regular,2026-09-26 23:00:00+00:00,Jacksonville State,Middle Tennessee,,,False,False,True,Conference USA,Conference USA,fbs,fbs,
4,regular,2026-09-26 23:00:00+00:00,Western Kentucky,Mercyhurst,,,False,False,False,Conference USA,NEC,fbs,fcs,
4,regular,2026-09-26 23:00:00+00:00,East Central,Northwestern (OK),,,False,False,True,Great American,Great American,ii,ii,
4,regular,2026-09-26 23:00:00+00:00,Southern Arkansas,Henderson State,,,False,False,True,Great American,Great American,ii,ii,
4,regular,2026-09-26 23:00:00+00:00,Oklahoma Baptist,Southwestern Oklahoma State,,,False,False,True,Great American,Great American,ii,ii,
4,regular,2026-09-26 23:30:00+00:00,Washington State,Arizona,,,False,False,False,Pac-12,Big 12,fbs,fbs,
4,regular,2026-09-26 23:30:00+00:00,Utah State,Troy,,,False,False,False,Pac-12,Sun Belt,fbs,fbs,
4,regular,2026-09-26 23:30:00+00:00,North Texas,Houston Christian,,,False,False,False,American Athletic,Southland,fbs,fcs,
4,regular,2026-09-27 00:00:00+00:00,Arkansas,Tulsa,,,False,False,False,SEC,American Athletic,fbs,fbs,
4,regular,2026-09-27 00:00:00+00:00,Macalester,St. Scholastica,,,False,False,True,Minnesota,Minnesota,iii,iii,
4,regular,2026-09-27 00:00:00+00:00,West Texas,Midwestern State,,,False,False,True,Lone Star,Lone Star,ii,ii,
4,regular,2026-09-27 00:00:00+00:00,Western New Mexico,Texas A&M-Kingsville,,,False,False,True,Lone Star,Lone Star,ii,ii,
4,regular,2026-09-27 00:00:00+00:00,Central Oklahoma,Northwest Missouri State,,,False,False,True,Mid America,Mid America,ii,ii,
4,regular,2026-09-27 00:00:00+00:00,Missouri Western,Fort Hays,,,False,False,True,Mid America,Mid America,ii,ii,
4,regular,2026-09-27 00:00:00+00:00,Westminster (MO),Lyon,,,False,False,False,Upper Midwest,Southern Collegiate Athletic,iii,iii,
4,regular,2026-09-27 00:00:00+00:00,Bethel (MN),Hamline,,,False,False,True,Minnesota,Minnesota,iii,iii,
4,regular,2026-09-27 00:00:00+00:00,Southern Utah,Idaho State,,,False,False,True,Big Sky,Big Sky,fcs,fcs,
4,regular,2026-09-27 00:00:00+00:00,Abilene Christian,Mercer,,,False,False,False,UAC,Southern,fcs,fcs,
4,regular,2026-09-27 00:00:00+00:00,Northern Colorado,Utah Tech,,,False,False,True,Big Sky,Big Sky,fcs,fcs,
4,regular,2026-09-27 00:00:00+00:00,Weber State,Portland State,,,False,False,True,Big Sky,Big Sky,fcs,fcs,
4,regular,2026-09-27 00:00:00+00:00,Ouachita Baptist,Harding,,,False,False,True,Great American,Great American,ii,ii,
4,regular,2026-09-27 00:00:00+00:00,Western Colorado,Adams State,,,False,False,True,Rocky Mountain,Rocky Mountain,ii,ii,
4,regular,2026-09-27 01:00:00+00:00,Central Washington,Sul Ross State,,,False,False,True,Lone Star,Lone Star,ii,ii,
4,regular,2026-09-27 01:00:00+00:00,UTEP,Oregon State,,,False,False,False,Mountain West,Pac-12,fbs,fbs,
4,regular,2026-09-27 02:00:00+00:00,Fresno State,Rice,,,False,False,False,Pac-12,American Athletic,fbs,fbs,
4,regular,2026-09-27 02:00:00+00:00,Pomona Pitzer,Claremont Mudd Scripps,,,False,False,True,So. Cal.,So. Cal.,iii,iii,
4,regular,2026-09-27 02:00:00+00:00,UC Davis,Montana,,,False,False,True,Big Sky,Big Sky,fcs,fcs,
4,regular,2026-09-27 02:00:00+00:00,Chapman,La Verne,,,False,False,True,So. Cal.,So. Cal.,iii,iii,
4,regular,2026-09-27 02:05:00+00:00,Cal Lutheran,Redlands,,,False,False,True,So. Cal.,So. Cal.,iii,iii,
4,regular,2026-09-27 02:30:00+00:00,Montana State,Northern Arizona,,,False,False,True,Big Sky,Big Sky,fcs,fcs,
4,regular,2026-09-27 02:30:00+00:00,Stanford,Georgia Tech,,,False,False,True,ACC,ACC,fbs,fbs,
5,regular,2026-10-02 00:00:00+00:00,New Mexico State,Western Kentucky,,,False,False,True,Conference USA,Conference USA,fbs,fbs,
5,regular,2026-10-02 01:00:00+00:00,Tulsa,North Texas,,,False,False,True,American Athletic,American Athletic,fbs,fbs,
5,regular,2026-10-02 22:00:00+00:00,Dickinson,Johns Hopkins,,,False,False,True,Centennial,Centennial,iii,iii,
5,regular,2026-10-02 23:00:00+00:00,St. Lawrence,Union,,,False,False,True,Liberty League,Liberty League,iii,iii,
5,regular,2026-10-02 23:00:00+00:00,Ursinus,Muhlenberg,,,False,False,True,Centennial,Centennial,iii,iii,
5,regular,2026-10-02 23:00:00+00:00,Virginia Tech,Pittsburgh,,,False,False,True,ACC,ACC,fbs,fbs,
5,regular,2026-10-02 23:00:00+00:00,Delaware,Liberty,,,False,False,True,Conference USA,Conference USA,fbs,fbs,
5,regular,2026-10-03 00:00:00+00:00,Northwestern,Penn State,,,False,False,True,Big Ten,Big Ten,fbs,fbs,
5,regular,2026-10-03 02:30:00+00:00,Idaho,Montana State,,,False,False,True,Big Sky,Big Sky,fcs,fcs,
5,regular,2026-10-03 04:00:00+00:00,Miami (OH),Bowling Green,,,False,False,True,Mid-American,Mid-American,fbs,fbs,
5,regular,2026-10-03 04:00:00+00:00,Louisiana Tech,Army,,,False,False,False,Sun Belt,American Athletic,fbs,fbs,
5,regular,2026-10-03 04:00:00+00:00,Wisconsin,Michigan State,,,False,False,True,Big Ten,Big Ten,fbs,fbs,
5,regular,2026-10-03 04:00:00+00:00,Coastal Carolina,Georgia Southern,,,False,False,True,Sun Belt,Sun Belt,fbs,fbs,
5,regular,2026-10-03 04:00:00+00:00,Georgia State,Old Dominion,,,False,False,True,Sun Belt,Sun Belt,fbs,fbs,
5,regular,2026-10-03 04:00:00+00:00,James Madison,Marshall,,,False,False,True,Sun Belt,Sun Belt,fbs,fbs,
5,regular,2026-10-03 04:00:00+00:00,North Carolina,Notre Dame,,,False,False,False,ACC,FBS Independents,fbs,fbs,
5,regular,2026-10-03 04:00:00+00:00,South Alabama,UL Monroe,,,False,False,True,Sun Belt,Sun Belt,fbs,fbs,
5,regular,2026-10-03 04:00:00+00:00,New Mexico,UTEP,,,False,False,True,Mountain West,Mountain West,fbs,fbs,
5,regular,2026-10-03 04:00:00+00:00,South Florida,Temple,,,False,False,True,American Athletic,American Athletic,fbs,fbs,
5,regular,2026-10-03 04:00:00+00:00,Nebraska,Maryland,,,False,False,True,Big Ten,Big Ten,fbs,fbs,
5,regular,2026-10-03 04:00:00+00:00,Central Michigan,Akron,,,False,False,True,Mid-American,Mid-American,fbs,fbs,
5,regular,2026-10-03 04:00:00+00:00,Rice,UTSA,,,False,False,True,American Athletic,American Athletic,fbs,fbs,
5,regular,2026-10-03 04:00:00+00:00,SMU,Boston College,,,False,False,True,ACC,ACC,fbs,fbs,
5,regular,2026-10-03 04:00:00+00:00,Minnesota,Michigan,,,False,False,True,Big Ten,Big Ten,fbs,fbs,
5,regular,2026-10-03 04:00:00+00:00,Wake Forest,Stanford,,,False,False,True,ACC,ACC,fbs,fbs,
5,regular,2026-10-03 04:00:00+00:00,Illinois,Purdue,,,False,False,True,Big Ten,Big Ten,fbs,fbs,
5,regular,2026-10-03 04:00:00+00:00,Iowa,Ohio State,,,False,False,True,Big Ten,Big Ten,fbs,fbs,
5,regular,2026-10-03 04:00:00+00:00,Charlotte,Memphis,,,False,False,True,American Athletic,American Athletic,fbs,fbs,
5,regular,2026-10-03 04:00:00+00:00,Arizona,Cincinnati,,,False,False,True,Big 12,Big 12,fbs,fbs,
5,regular,2026-10-03 04:00:00+00:00,Florida State,Virginia,,,False,False,True,ACC,ACC,fbs,fbs,
5,regular,2026-10-03 04:00:00+00:00,Missouri,Florida,,,False,False,True,SEC,SEC,fbs,fbs,FLEX: 3:30 - 4:30pm OR 6 - 8pm ET start
5,regular,2026-10-03 04:00:00+00:00,Massachusetts,Eastern Michigan,,,False,False,True,Mid-American,Mid-American,fbs,fbs,
5,regular,2026-10-03 04:00:00+00:00,Kent State,Ohio,,,False,False,True,Mid-American,Mid-American,fbs,fbs,
5,regular,2026-10-03 04:00:00+00:00,NC State,Louisville,,,False,False,True,ACC,ACC,fbs,fbs,
5,regular,2026-10-03 04:00:00+00:00,Ball State,Toledo,,,False,False,True,Mid-American,Mid-American,fbs,fbs,
5,regular,2026-10-03 04:00:00+00:00,Central Connecticut,Wagner,,,False,False,True,NEC,NEC,fcs,fcs,
5,regular,2026-10-03 04:00:00+00:00,USC,Washington,,,False,False,True,Big Ten,Big Ten,fbs,fbs,
5,regular,2026-10-03 04:00:00+00:00,South Carolina,Kentucky,,,False,False,True,SEC,SEC,fbs,fbs,FLEX: 3:30 - 4:30pm OR 6 - 8pm ET start
5,regular,2026-10-03 04:00:00+00:00,Colorado,Texas Tech,,,False,False,True,Big 12,Big 12,fbs,fbs,
5,regular,2026-10-03 04:00:00+00:00,TCU,BYU,,,False,False,True,Big 12,Big 12,fbs,fbs,
5,regular,2026-10-03 04:00:00+00:00,Mississippi State,Alabama,,,False,False,True,SEC,SEC,fbs,fbs,EARLY: Noon - 1pm ET start
5,regular,2026-10-03 04:00:00+00:00,Houston,UCF,,,False,False,True,Big 12,Big 12,fbs,fbs,
5,regular,2026-10-03 04:00:00+00:00,Clemson,Miami,,,False,False,True,ACC,ACC,fbs,fbs,
5,regular,2026-10-03 04:00:00+00:00,Buffalo,Western Michigan,,,False,False,True,Mid-American,Mid-American,fbs,fbs,
5,regular,2026-10-03 04:00:00+00:00,Georgia,Vanderbilt,,,False,False,True,SEC,SEC,fbs,fbs,EARLY: Noon - 1pm ET start
5,regular,2026-10-03 04:00:00+00:00,Arizona State,Baylor,,,False,False,True,Big 12,Big 12,fbs,fbs,
5,regular,2026-10-03 04:00:00+00:00,Kansas,Middle Tennessee,,,False,False,False,Big 12,Conference USA,fbs,fbs,
5,regular,2026-10-03 04:00:00+00:00,Tennessee,Auburn,,,False,False,True,SEC,SEC,fbs,fbs,FLEX: 3:30 - 4:30pm OR 6 - 8pm ET start
5,regular,2026-10-03 04:00:00+00:00,Louisiana,Arkansas State,,,False,False,True,Sun Belt,Sun Belt,fbs,fbs,
5,regular,2026-10-03 04:00:00+00:00,Texas A&M,Arkansas,,,False,False,True,SEC,SEC,fbs,fbs,FLEX: 3:30 - 4:30pm OR 6 - 8pm ET start
5,regular,2026-10-03 04:00:00+00:00,Iowa State,West Virginia,,,False,False,True,Big 12,Big 12,fbs,fbs,
5,regular,2026-10-03 16:00:00+00:00,Long Island University,Mercyhurst,,,False,False,True,NEC,NEC,fcs,fcs,
5,regular,2026-10-03 16:00:00+00:00,Yale,Merrimack,,,False,False,False,Ivy,FCS Independents,fcs,fcs,
5,regular,2026-10-03 16:00:00+00:00,Rhode Island,Brown,,,False,False,False,Coastal Athletic,Ivy,fcs,fcs,
5,regular,2026-10-03 16:00:00+00:00,Columbia,Princeton,,,False,False,True,Ivy,Ivy,fcs,fcs,
5,regular,2026-10-03 16:00:00+00:00,Lehigh,Fordham,,,False,False,True,Patriot,Patriot,fcs,fcs,
5,regular,2026-10-03 16:00:00+00:00,UConn,Syracuse,,,False,False,False,FBS Independents,ACC,fbs,fbs,
5,regular,2026-10-03 16:00:00+00:00,Curry,New England College,,,False,False,True,Commonwealth Coast,,iii,,
5,regular,2026-10-03 16:00:00+00:00,SUNY Morrisville,Alfred State,,,False,False,True,Empire 8,Empire 8,iii,iii,
5,regular,2026-10-03 16:00:00+00:00,Hartwick,Alfred,,,False,False,True,Empire 8,Empire 8,iii,iii,
5,regular,2026-10-03 16:00:00+00:00,Rensselaer,Hilbert,,,False,False,True,Liberty League,Empire 8,iii,iii,
5,regular,2026-10-03 16:00:00+00:00,North Carolina Wesleyan,LaGrange,,,False,False,True,USA South,USA South,iii,iii,
5,regular,2026-10-03 16:00:00+00:00,Bluffton,Anderson (IN),,,False,False,True,Heartland,Heartland,iii,iii,
5,regular,2026-10-03 16:00:00+00:00,Air Force,Navy,,,False,False,False,Mountain West,American Athletic,fbs,fbs,
5,regular,2026-10-03 16:00:00+00:00,Salve Regina,Springfield,,,False,False,True,NEWMAC,NEWMAC,iii,iii,
5,regular,2026-10-03 16:00:00+00:00,MIT,Merchant Marine,,,False,False,True,NEWMAC,NEWMAC,iii,iii,
5,regular,2026-10-03 16:00:00+00:00,Juniata,Wilkes,,,False,False,True,Landmark Conference,Landmark Conference,iii,iii,
5,regular,2026-10-03 16:00:00+00:00,WPI,Norwich,,,False,False,True,NEWMAC,NEWMAC,iii,iii,
5,regular,2026-10-03 16:00:00+00:00,Mass Maritime,UMass Dartmouth,,,False,False,True,MSCAC,MSCAC,iii,iii,
5,regular,2026-10-03 16:00:00+00:00,Framingham State,Fitchburg State,,,False,False,True,MSCAC,MSCAC,iii,iii,
5,regular,2026-10-03 16:00:00+00:00,New England,Endicott,,,False,False,True,Commonwealth Coast,Commonwealth Coast,iii,iii,
5,regular,2026-10-03 16:00:00+00:00,American International,Franklin Pierce,,,False,False,True,Northeast 10,Northeast 10,ii,ii,
5,regular,2026-10-03 16:00:00+00:00,Assumption,Bentley,,,False,False,True,Northeast 10,Northeast 10,ii,ii,
5,regular,2026-10-03 16:00:00+00:00,Shepherd,Millersville,,,False,False,True,Pennsylvania State Athletic,Pennsylvania State Athletic,ii,ii,
5,regular,2026-10-03 16:00:00+00:00,Ohio Dominican,Findlay,,,False,False,True,Great Midwest Athletic,Great Midwest Athletic,ii,ii,
5,regular,2026-10-03 16:00:00+00:00,Northwood,Kentucky Wesleyan,,,False,False,True,Great Midwest Athletic,Great Midwest Athletic,ii,ii,
5,regular,2026-10-03 16:30:00+00:00,Plymouth State,Dean,,,False,False,True,MSCAC,MSCAC,iii,iii,
5,regular,2026-10-03 16:30:00+00:00,Lafayette,Richmond,,,False,False,True,Patriot,Patriot,fcs,fcs,
5,regular,2026-10-03 16:30:00+00:00,Georgetown,Cornell,,,False,False,False,Patriot,Ivy,fcs,fcs,
5,regular,2026-10-03 17:00:00+00:00,Randolph Macon,Bridgewater,,,False,False,True,Old Dominion,Old Dominion,iii,iii,
5,regular,2026-10-03 17:00:00+00:00,Villanova,Morgan State,,,False,False,False,Patriot,MEAC,fcs,fcs,
5,regular,2026-10-03 17:00:00+00:00,Drake,Dayton,,,False,False,True,Pioneer,Pioneer,fcs,fcs,
5,regular,2026-10-03 17:00:00+00:00,Stetson,Marist,,,False,False,True,Pioneer,Pioneer,fcs,fcs,
5,regular,2026-10-03 17:00:00+00:00,Presbyterian,St. Thomas (MN),,,False,False,True,Pioneer,Pioneer,fcs,fcs,
5,regular,2026-10-03 17:00:00+00:00,Puget Sound,Lewis & Clark,,,False,False,True,Northwest,Northwest,iii,iii,
5,regular,2026-10-03 17:00:00+00:00,Bluefield State,Johnson C. Smith,,,False,False,True,CIAA,CIAA,ii,ii,
5,regular,2026-10-03 17:00:00+00:00,Bowie State,Shaw,,,False,False,True,CIAA,CIAA,ii,ii,
5,regular,2026-10-03 17:00:00+00:00,Virginia Union,Elizabeth City State,,,False,False,True,CIAA,CIAA,ii,ii,
5,regular,2026-10-03 17:00:00+00:00,Lincoln (PA),Virginia State,,,False,False,True,CIAA,CIAA,ii,ii,
5,regular,2026-10-03 17:00:00+00:00,UNC Pembroke,North Greenville,,,False,False,True,Carolinas,Carolinas,ii,ii,
5,regular,2026-10-03 17:00:00+00:00,Ashland,Tiffin,,,False,False,True,Great Midwest Athletic,Great Midwest Athletic,ii,ii,
5,regular,2026-10-03 17:00:00+00:00,Lake Erie,Hillsdale,,,False,False,True,Great Midwest Athletic,Great Midwest Athletic,ii,ii,
5,regular,2026-10-03 17:00:00+00:00,Northern Michigan,Ferris State,,,False,False,True,GLIAC,GLIAC,ii,ii,
5,regular,2026-10-03 17:00:00+00:00,Central State,Fort Valley State,,,False,False,True,SIAC,SIAC,ii,ii,
5,regular,2026-10-03 17:00:00+00:00,Anderson (SC),Emory & Henry,,,False,False,True,South Atlantic,South Atlantic,ii,ii,
5,regular,2026-10-03 17:00:00+00:00,Lackawanna,Bloomsburg,,,False,False,True,,Pennsylvania State Athletic,,ii,
5,regular,2026-10-03 17:00:00+00:00,Lock Haven,Clarion,,,False,False,True,Pennsylvania State Athletic,Pennsylvania State Athletic,ii,ii,
5,regular,2026-10-03 17:00:00+00:00,Post,Pace,,,False,False,True,Northeast 10,Northeast 10,ii,ii,
5,regular,2026-10-03 17:00:00+00:00,Shippensburg,Kutztown,,,False,False,True,Pennsylvania State Athletic,Pennsylvania State Athletic,ii,ii,
5,regular,2026-10-03 17:00:00+00:00,Concord,Frostburg State,,,False,False,True,Mountain East,Mountain East,ii,ii,
5,regular,2026-10-03 17:00:00+00:00,Saint Anselm,Southern Connecticut State,,,False,False,True,Northeast 10,Northeast 10,ii,ii,
5,regular,2026-10-03 17:00:00+00:00,West Virginia Wesleyan,Wheeling,,,False,False,True,Mountain East,Mountain East,ii,ii,
5,regular,2026-10-03 17:00:00+00:00,McDaniel,Carnegie Mellon,,,False,False,True,Centennial,Presidents',iii,iii,
5,regular,2026-10-03 17:00:00+00:00,Beloit,Chicago,,,False,False,True,Midwest,Midwest,iii,iii,
5,regular,2026-10-03 17:00:00+00:00,Westminster (PA),Case Western Reserve,,,False,False,True,Presidents',Presidents',iii,iii,
5,regular,2026-10-03 17:00:00+00:00,Rochester (NY),Buffalo State,,,False,False,True,Liberty League,Liberty League,iii,iii,
5,regular,2026-10-03 17:00:00+00:00,Utica,SUNY Cortland,,,False,False,True,Empire 8,Empire 8,iii,iii,
5,regular,2026-10-03 17:00:00+00:00,Methodist,Huntingdon,,,False,False,True,USA South,USA South,iii,iii,
5,regular,2026-10-03 17:00:00+00:00,Trinity (TX),Berry,,,False,False,True,Southern Athletic,Southern Athletic,iii,iii,
5,regular,2026-10-03 17:00:00+00:00,Franklin & Marshall,Gettysburg,,,False,False,True,Centennial,Centennial,iii,iii,
5,regular,2026-10-03 17:00:00+00:00,Brevard,Belhaven,,,False,False,True,USA South,USA South,iii,iii,
5,regular,2026-10-03 17:00:00+00:00,Husson,Western New England,,,False,False,True,Commonwealth Coast,Commonwealth Coast,iii,iii,
5,regular,2026-10-03 17:00:00+00:00,Western Connecticut State,Moravian,,,False,False,True,Landmark Conference,Landmark Conference,iii,iii,
5,regular,2026-10-03 17:00:00+00:00,Lycoming,Catholic,,,False,False,True,Landmark Conference,Landmark Conference,iii,iii,
5,regular,2026-10-03 17:00:00+00:00,Albion,Kalamazoo,,,False,False,True,Michigan,Michigan,iii,iii,
5,regular,2026-10-03 17:00:00+00:00,Trine,Alma,,,False,False,True,Michigan,Michigan,iii,iii,
5,regular,2026-10-03 17:00:00+00:00,Hobart,Ithaca,,,False,False,True,Liberty League,Liberty League,iii,iii,
5,regular,2026-10-03 17:00:00+00:00,Amherst,Bowdoin,,,False,False,True,NESCAC,NESCAC,iii,iii,
5,regular,2026-10-03 17:00:00+00:00,Middlebury,Colby,,,False,False,True,NESCAC,NESCAC,iii,iii,
5,regular,2026-10-03 17:00:00+00:00,Hamilton,Wesleyan (CT),,,False,False,True,NESCAC,NESCAC,iii,iii,
5,regular,2026-10-03 17:00:00+00:00,Rowan,Vermont State Castleton,,,False,False,True,New Jersey,New Jersey,iii,iii,
5,regular,2026-10-03 17:00:00+00:00,Christopher Newport,William Paterson,,,False,False,True,New Jersey,New Jersey,iii,iii,
5,regular,2026-10-03 17:00:00+00:00,Guilford,Roanoke College,,,False,False,True,Old Dominion,,iii,,
5,regular,2026-10-03 17:00:00+00:00,Shenandoah,Hampden Sydney,,,False,False,True,Old Dominion,Old Dominion,iii,iii,
5,regular,2026-10-03 17:00:00+00:00,Washington & Jefferson,Geneva,,,False,False,True,Presidents',Presidents',iii,iii,
5,regular,2026-10-03 17:00:00+00:00,Waynesburg,Saint Vincent,,,False,False,True,Presidents',Presidents',iii,iii,
5,regular,2026-10-03 17:00:00+00:00,Denison,Wabash,,,False,False,True,North Coast,North Coast,iii,iii,
5,regular,2026-10-03 17:00:00+00:00,DePauw,Oberlin,,,False,False,True,North Coast,North Coast,iii,iii,
5,regular,2026-10-03 17:00:00+00:00,Monmouth,Towson,,,False,False,True,Coastal Athletic,Coastal Athletic,fcs,fcs,
5,regular,2026-10-03 17:00:00+00:00,Morehead State,Valparaiso,,,False,False,True,Pioneer,Pioneer,fcs,fcs,
5,regular,2026-10-03 17:00:00+00:00,New Hampshire,Elon,,,False,False,True,Coastal Athletic,Coastal Athletic,fcs,fcs,
5,regular,2026-10-03 17:05:00+00:00,East Stroudsburg,West Chester,,,False,False,True,Pennsylvania State Athletic,Pennsylvania State Athletic,ii,ii,
5,regular,2026-10-03 17:30:00+00:00,Muskingum,Mount Union,,,False,False,True,Ohio,Ohio,iii,iii,
5,regular,2026-10-03 17:30:00+00:00,Otterbein,Manchester,,,False,False,False,Ohio,Heartland,iii,iii,
5,regular,2026-10-03 17:30:00+00:00,VMI,Mercer,,,False,False,True,Southern,Southern,fcs,fcs,
5,regular,2026-10-03 17:30:00+00:00,West Virginia State,West Liberty,,,False,False,True,Mountain East,Mountain East,ii,ii,
5,regular,2026-10-03 17:30:00+00:00,Hanover,Mount St Joseph,,,False,False,True,Heartland,Heartland,iii,iii,
5,regular,2026-10-03 17:30:00+00:00,Coast Guard,SUNY Maritime,,,False,False,True,NEWMAC,NEWMAC,iii,iii,
5,regular,2026-10-03 17:30:00+00:00,Trinity (CT),Williams,,,False,False,True,NESCAC,NESCAC,iii,iii,
5,regular,2026-10-03 17:30:00+00:00,Dartmouth,Pennsylvania,,,False,False,True,Ivy,Ivy,fcs,fcs,
5,regular,2026-10-03 18:00:00+00:00,Ohio Wesleyan,Wooster,,,False,False,True,North Coast,North Coast,iii,iii,
5,regular,2026-10-03 18:00:00+00:00,Carleton,Gustavus Adolphus,,,False,False,True,Minnesota,Minnesota,iii,iii,
5,regular,2026-10-03 18:00:00+00:00,Saint John's (MN),Bethel (MN),,,False,False,True,Minnesota,Minnesota,iii,iii,
5,regular,2026-10-03 18:00:00+00:00,Luther,Illinois College,,,False,False,True,Midwest,Midwest,iii,iii,
5,regular,2026-10-03 18:00:00+00:00,Grinnell,Knox,,,False,False,True,Midwest,Midwest,iii,iii,
5,regular,2026-10-03 18:00:00+00:00,Lake Forest,Lawrence,,,False,False,True,Midwest,Midwest,iii,iii,
5,regular,2026-10-03 18:00:00+00:00,St. Olaf,Augsburg,,,False,False,True,Minnesota,Minnesota,iii,iii,
5,regular,2026-10-03 18:00:00+00:00,Olivet,Hope,,,False,False,True,Michigan,Michigan,iii,iii,
5,regular,2026-10-03 18:00:00+00:00,Nichols,Maine Maritime,,,False,False,True,Commonwealth Coast,Commonwealth Coast,iii,iii,
5,regular,2026-10-03 18:00:00+00:00,Martin Luther,Northwestern (MN),,,False,False,True,Upper Midwest,Upper Midwest,iii,iii,
5,regular,2026-10-03 18:00:00+00:00,Westminster (MO),Greenville,,,False,False,True,Upper Midwest,Upper Midwest,iii,iii,
5,regular,2026-10-03 18:00:00+00:00,Sewanee,Southwestern U,,,False,False,True,Southern Athletic,Southern Athletic,iii,iii,
5,regular,2026-10-03 18:00:00+00:00,Hardin Simmons,UFTL,,,False,False,False,American Southwest,,iii,,
5,regular,2026-10-03 18:00:00+00:00,Nebraska Wesleyan,Wartburg,,,False,False,True,American Rivers,American Rivers,iii,iii,
5,regular,2026-10-03 18:00:00+00:00,Rose Hulman,Franklin,,,False,False,True,Heartland,Heartland,iii,iii,
5,regular,2026-10-03 18:00:00+00:00,Coe,Loras,,,False,False,True,American Rivers,American Rivers,iii,iii,
5,regular,2026-10-03 18:00:00+00:00,Central College,Dubuque,,,False,False,True,American Rivers,American Rivers,iii,iii,
5,regular,2026-10-03 18:00:00+00:00,Wisconsin Oshkosh,Wisconsin La Crosse,,,False,False,True,Wisconsin,Wisconsin,iii,iii,
5,regular,2026-10-03 18:00:00+00:00,Wisconsin Eau Claire,Wisconsin Stevens Point,,,False,False,True,Wisconsin,Wisconsin,iii,iii,
5,regular,2026-10-03 18:00:00+00:00,Wisconsin Whitewater,Wisconsin River Falls,,,False,False,True,Wisconsin,Wisconsin,iii,iii,
5,regular,2026-10-03 18:00:00+00:00,Wheaton (IL),North Park,,,False,False,True,CCIW,CCIW,iii,iii,
5,regular,2026-10-03 18:00:00+00:00,Illinois Wesleyan,Carthage,,,False,False,True,CCIW,CCIW,iii,iii,
5,regular,2026-10-03 18:00:00+00:00,Millikin,Carroll (WI),,,False,False,True,CCIW,CCIW,iii,iii,
5,regular,2026-10-03 18:00:00+00:00,North Central College,Augustana (IL),,,False,False,True,CCIW,CCIW,iii,iii,
5,regular,2026-10-03 18:00:00+00:00,Wayne State (NE),Winona State,,,False,False,True,Northern Sun,Northern Sun,ii,ii,
5,regular,2026-10-03 18:00:00+00:00,Augustana (SD),Sioux Falls,,,False,False,True,Northern Sun,Northern Sun,ii,ii,
5,regular,2026-10-03 18:00:00+00:00,Fairmont State,Glenville State,,,False,False,True,Mountain East,Mountain East,ii,ii,
5,regular,2026-10-03 18:00:00+00:00,Upper Iowa,Missouri S&T,,,False,False,True,Great Lakes,Great Lakes,ii,ii,
5,regular,2026-10-03 18:00:00+00:00,Edinboro,IU Pennsylvania,,,False,False,True,Pennsylvania State Athletic,Pennsylvania State Athletic,ii,ii,
5,regular,2026-10-03 18:00:00+00:00,Washington St. Louis,John Carroll,,,False,False,True,North Coast,Ohio,iii,iii,
5,regular,2026-10-03 18:00:00+00:00,Lenoir Rhyne,Carson Newman,,,False,False,True,South Atlantic,South Atlantic,ii,ii,
5,regular,2026-10-03 18:00:00+00:00,Emporia State,Missouri Western,,,False,False,True,Mid America,Mid America,ii,ii,
5,regular,2026-10-03 18:00:00+00:00,St. Scholastica,Concordia (MN),,,False,False,True,Minnesota,Minnesota,iii,iii,
5,regular,2026-10-03 18:00:00+00:00,Wittenberg,Kenyon,,,False,False,True,North Coast,North Coast,iii,iii,
5,regular,2026-10-03 18:00:00+00:00,Hamline,Macalester,,,False,False,True,Minnesota,Minnesota,iii,iii,
5,regular,2026-10-03 18:00:00+00:00,Rockford,St. Norbert,,,False,False,True,NACC,NACC,iii,iii,
5,regular,2026-10-03 18:00:00+00:00,William Jewell,Indianapolis,,,False,False,True,Great Lakes,Great Lakes,ii,ii,
5,regular,2026-10-03 18:00:00+00:00,Southwest Baptist,Lincoln (MO),,,False,False,True,Great Lakes,Great Lakes,ii,ii,
5,regular,2026-10-03 18:00:00+00:00,Furman,Wofford,,,False,False,True,Southern,Southern,fcs,fcs,
5,regular,2026-10-03 18:00:00+00:00,South Carolina State,The Citadel,,,False,False,False,MEAC,Southern,fcs,fcs,
5,regular,2026-10-03 18:00:00+00:00,Robert Morris,Norfolk State,,,False,False,False,NEC,MEAC,fcs,fcs,
5,regular,2026-10-03 18:00:00+00:00,North Dakota,Murray State,,,False,False,True,MVFC,MVFC,fcs,fcs,
5,regular,2026-10-03 18:00:00+00:00,Livingstone,Fayetteville State,,,False,False,True,CIAA,CIAA,ii,ii,
5,regular,2026-10-03 18:00:00+00:00,Barton,Ferrum,,,False,False,True,Carolinas,Carolinas,ii,ii,
5,regular,2026-10-03 18:00:00+00:00,Henderson State,Southwestern Oklahoma State,,,False,False,True,Great American,Great American,ii,ii,
5,regular,2026-10-03 18:00:00+00:00,Saginaw Valley State,Davenport,,,False,False,True,GLIAC,GLIAC,ii,ii,
5,regular,2026-10-03 18:00:00+00:00,Roosevelt,Michigan Tech,,,False,False,True,GLIAC,GLIAC,ii,ii,
5,regular,2026-10-03 18:00:00+00:00,Benedict,Clark Atlanta,,,False,False,True,SIAC,SIAC,ii,ii,
5,regular,2026-10-03 18:00:00+00:00,Edward Waters,Kentucky State,,,False,False,True,SIAC,SIAC,ii,ii,
5,regular,2026-10-03 18:00:00+00:00,Adams State,CSU Pueblo,,,False,False,True,Rocky Mountain,Rocky Mountain,ii,ii,
5,regular,2026-10-03 18:00:00+00:00,Colorado School of Mines,Black Hills State,,,False,False,True,Rocky Mountain,Rocky Mountain,ii,ii,
5,regular,2026-10-03 18:00:00+00:00,Fort Lewis,South Dakota Mines,,,False,False,True,Rocky Mountain,Rocky Mountain,ii,ii,
5,regular,2026-10-03 18:05:00+00:00,Wisconsin Stout,Wisconsin Platteville,,,False,False,True,Wisconsin,Wisconsin,iii,iii,
5,regular,2026-10-03 18:30:00+00:00,Mars Hill,Tusculum,,,False,False,True,South Atlantic,South Atlantic,ii,ii,
5,regular,2026-10-03 19:00:00+00:00,Grand Valley State,Wayne State (MI),,,False,False,True,GLIAC,GLIAC,ii,ii,
5,regular,2026-10-03 19:00:00+00:00,Midwestern State,Western Oregon,,,False,False,True,Lone Star,Lone Star,ii,ii,
5,regular,2026-10-03 19:00:00+00:00,Miles,Lane College,,,False,False,True,SIAC,SIAC,ii,ii,
5,regular,2026-10-03 19:00:00+00:00,Oklahoma Baptist,Ouachita Baptist,,,False,False,True,Great American,Great American,ii,ii,
5,regular,2026-10-03 19:00:00+00:00,Mississippi Valley State,Prairie View A&M,,,False,False,True,SWAC,SWAC,fcs,fcs,
5,regular,2026-10-03 19:00:00+00:00,Concordia (WI),Concordia Chicago,,,False,False,True,NACC,NACC,iii,iii,
5,regular,2026-10-03 19:00:00+00:00,The College of New Jersey,Salisbury,,,False,False,True,New Jersey,New Jersey,iii,iii,
5,regular,2026-10-03 19:00:00+00:00,Cornell (IA),Ripon,,,False,False,True,Midwest,Midwest,iii,iii,
5,regular,2026-10-03 19:00:00+00:00,Adrian,Calvin,,,False,False,True,Michigan,Michigan,iii,iii,
5,regular,2026-10-03 19:00:00+00:00,Buena Vista,Simpson (IA),,,False,False,True,American Rivers,American Rivers,iii,iii,
5,regular,2026-10-03 19:00:00+00:00,Minnesota State,Concordia St. Paul,,,False,False,True,Northern Sun,Northern Sun,ii,ii,
5,regular,2026-10-03 19:00:00+00:00,University of Mary,Jamestown,,,False,False,True,Northern Sun,Northern Sun,ii,ii,
5,regular,2026-10-03 19:00:00+00:00,Minot State,Minnesota St Moorhead,,,False,False,True,Northern Sun,Northern Sun,ii,ii,
5,regular,2026-10-03 19:00:00+00:00,Southeastern Oklahoma State,Arkansas Tech,,,False,False,True,Great American,Great American,ii,ii,
5,regular,2026-10-03 19:00:00+00:00,Southern Nazarene,Arkansas Monticello,,,False,False,True,Great American,Great American,ii,ii,
5,regular,2026-10-03 19:00:00+00:00,Nebraska Kearney,Pittsburg State,,,False,False,True,Mid America,Mid America,ii,ii,
5,regular,2026-10-03 19:00:00+00:00,East Central,Harding,,,False,False,True,Great American,Great American,ii,ii,
5,regular,2026-10-03 19:00:00+00:00,Southern Arkansas,Northwestern (OK),,,False,False,True,Great American,Great American,ii,ii,
5,regular,2026-10-03 19:00:00+00:00,Grambling,Alcorn State,,,False,False,True,SWAC,SWAC,fcs,fcs,
5,regular,2026-10-03 19:00:00+00:00,South Dakota,Indiana State,,,False,False,True,MVFC,MVFC,fcs,fcs,
5,regular,2026-10-03 19:00:00+00:00,Hampton,Howard,,,False,True,False,Coastal Athletic,MEAC,fcs,fcs,
5,regular,2026-10-03 19:30:00+00:00,UNLV,California,,,False,False,False,Mountain West,ACC,fbs,fbs,
5,regular,2026-10-03 19:30:00+00:00,UAlbany,Delaware State,,,False,False,False,Coastal Athletic,MEAC,fcs,fcs,
5,regular,2026-10-03 19:30:00+00:00,Maine,Sacred Heart,,,False,False,True,Coastal Athletic,Coastal Athletic,fcs,fcs,
5,regular,2026-10-03 19:30:00+00:00,North Dakota State,Wyoming,,,False,False,True,Mountain West,Mountain West,fbs,fbs,
5,regular,2026-10-03 19:30:00+00:00,East Tennessee State,Chattanooga,,,False,False,True,Southern,Southern,fcs,fcs,
5,regular,2026-10-03 19:30:00+00:00,William & Mary,Holy Cross,,,False,False,True,Patriot,Patriot,fcs,fcs,
5,regular,2026-10-03 19:30:00+00:00,UAB,Samford,,,False,False,False,American Athletic,Southern,fbs,fcs,
5,regular,2026-10-03 20:00:00+00:00,San Diego,Davidson,,,False,False,True,Pioneer,Pioneer,fcs,fcs,
5,regular,2026-10-03 20:00:00+00:00,Bethune-Cookman,Alabama State,,,False,False,True,SWAC,SWAC,fcs,fcs,
5,regular,2026-10-03 20:00:00+00:00,Montana,Northern Colorado,,,False,False,True,Big Sky,Big Sky,fcs,fcs,
5,regular,2026-10-03 20:00:00+00:00,Seton Hill,California (PA),,,False,False,True,Pennsylvania State Athletic,Pennsylvania State Athletic,ii,ii,
5,regular,2026-10-03 20:00:00+00:00,Southwest Minnesota State,Minnesota Duluth,,,False,False,True,Northern Sun,Northern Sun,ii,ii,
5,regular,2026-10-03 20:00:00+00:00,Howard Payne,Nelson (TX),,,False,False,False,American Southwest,,iii,,
5,regular,2026-10-03 20:00:00+00:00,Linfield,George Fox,,,False,False,True,Northwest,Northwest,iii,iii,
5,regular,2026-10-03 20:00:00+00:00,Whitworth,Pacific (OR),,,False,False,True,Northwest,Northwest,iii,iii,
5,regular,2026-10-03 20:00:00+00:00,Claremont Mudd Scripps,Cal Lutheran,,,False,False,True,So. Cal.,So. Cal.,iii,iii,
5,regular,2026-10-03 20:00:00+00:00,McKendree,Quincy,,,False,False,True,Great Lakes,Great Lakes,ii,ii,
5,regular,2026-10-03 20:00:00+00:00,Austin,Centenary (LA),,,False,False,True,Southern Collegiate Athletic,Southern Collegiate Athletic,iii,iii,
5,regular,2026-10-03 20:00:00+00:00,Valdosta State,Erskine,,,False,False,False,Gulf South,Carolinas,ii,ii,
5,regular,2026-10-03 20:00:00+00:00,Bridgewater State,Worcester State,,,False,False,True,MSCAC,MSCAC,iii,iii,
5,regular,2026-10-03 20:00:00+00:00,Washington and Lee,Averett,,,False,False,True,Old Dominion,Old Dominion,iii,iii,
5,regular,2026-10-03 20:00:00+00:00,Western Illinois,Tennessee State,,,False,False,True,OVC,OVC,fcs,fcs,
5,regular,2026-10-03 21:00:00+00:00,Texas Lutheran,Lyon,,,False,False,True,Southern Collegiate Athletic,Southern Collegiate Athletic,iii,iii,
5,regular,2026-10-03 21:00:00+00:00,Southern Illinois,Youngstown State,,,False,False,True,MVFC,MVFC,fcs,fcs,
5,regular,2026-10-03 21:00:00+00:00,Austin Peay,New Haven,,,False,False,False,UAC,NEC,fcs,fcs,
5,regular,2026-10-03 21:00:00+00:00,Jackson State,Alabama A&M,,,False,True,True,SWAC,SWAC,fcs,fcs,
5,regular,2026-10-03 21:00:00+00:00,Louisiana Christian,East Texas Baptist,,,False,False,False,,American Southwest,,iii,
5,regular,2026-10-03 21:00:00+00:00,West Alabama,Chowan,,,False,False,False,Gulf South,Carolinas,ii,ii,
5,regular,2026-10-03 21:00:00+00:00,Montclair State,Kean,,,False,False,True,New Jersey,New Jersey,iii,iii,
5,regular,2026-10-03 22:00:00+00:00,North Carolina Central,Campbell,,,False,False,False,MEAC,Coastal Athletic,fcs,fcs,
5,regular,2026-10-03 22:00:00+00:00,Northeastern State,UT Permian Basin,,,False,False,False,Independent DII,Lone Star,ii,ii,
5,regular,2026-10-03 22:00:00+00:00,Savannah State,Allen,,,False,False,True,SIAC,SIAC,ii,ii,
5,regular,2026-10-03 22:00:00+00:00,Catawba,Wingate,,,False,False,True,South Atlantic,South Atlantic,ii,ii,
5,regular,2026-10-03 22:00:00+00:00,Bryant,North Carolina A&T,,,False,False,True,Coastal Athletic,Coastal Athletic,fcs,fcs,
5,regular,2026-10-03 22:00:00+00:00,Slippery Rock,Gannon,,,False,False,True,Pennsylvania State Athletic,Pennsylvania State Athletic,ii,ii,
5,regular,2026-10-03 22:00:00+00:00,Brockport,St. John Fisher,,,False,False,True,Empire 8,Empire 8,iii,iii,
5,regular,2026-10-03 22:00:00+00:00,Grove City,Bethany (WV),,,False,False,True,Presidents',Presidents',iii,iii,
5,regular,2026-10-03 22:00:00+00:00,Colorado State,Oregon State,,,False,False,True,Pac-12,Pac-12,fbs,fbs,
5,regular,2026-10-03 22:00:00+00:00,Greensboro,Southern Virginia,,,False,False,True,USA South,USA South,iii,iii,
5,regular,2026-10-03 22:00:00+00:00,Western Carolina,Tennessee Tech,,,False,False,True,Southern,Southern,fcs,fcs,
5,regular,2026-10-03 22:00:00+00:00,Millsaps,Rhodes,,,False,False,True,Southern Athletic,Southern Athletic,iii,iii,
5,regular,2026-10-03 22:00:00+00:00,Florida Atlantic,Texas Southern,,,False,False,False,American Athletic,SWAC,fbs,fcs,
5,regular,2026-10-03 22:00:00+00:00,Eastern Kentucky,North Alabama,,,False,False,True,UAC,UAC,fcs,fcs,
5,regular,2026-10-03 22:00:00+00:00,Stephen F. Austin,Incarnate Word,,,False,False,True,Southland,Southland,fcs,fcs,
5,regular,2026-10-03 22:00:00+00:00,Charleston Southern,Gardner-Webb,,,False,False,True,OVC,OVC,fcs,fcs,
5,regular,2026-10-03 22:00:00+00:00,Wisconsin Lutheran,Eureka,,,False,False,True,NACC,NACC,iii,iii,
5,regular,2026-10-03 22:00:00+00:00,Hiram,Saint Francis,,,False,False,True,Presidents',Presidents',iii,iii,
5,regular,2026-10-03 23:00:00+00:00,Angelo State,Central Washington,,,False,False,True,Lone Star,Lone Star,ii,ii,
5,regular,2026-10-03 23:00:00+00:00,Houston Christian,Nicholls,,,False,False,True,Southland,Southland,fcs,fcs,
5,regular,2026-10-03 23:00:00+00:00,Southern,Arkansas-Pine Bluff,,,False,False,True,SWAC,SWAC,fcs,fcs,
5,regular,2026-10-03 23:00:00+00:00,East Texas A&M,UT Rio Grande Valley,,,False,False,True,Southland,Southland,fcs,fcs,
5,regular,2026-10-03 23:00:00+00:00,Illinois State,South Dakota State,,,False,False,True,MVFC,MVFC,fcs,fcs,
5,regular,2026-10-03 23:00:00+00:00,Delta State,Shorter,,,False,False,False,Gulf South,Carolinas,ii,ii,
5,regular,2026-10-03 23:00:00+00:00,Mary Hardin Baylor,Keystone,,,False,False,False,American Southwest,Independent DIII,iii,iii,
5,regular,2026-10-03 23:00:00+00:00,Thomas More,Walsh,,,False,False,True,Great Midwest Athletic,Great Midwest Athletic,ii,ii,
5,regular,2026-10-03 23:00:00+00:00,Morehouse,Tuskegee,,,False,True,True,SIAC,SIAC,ii,ii,
5,regular,2026-10-03 23:00:00+00:00,Newberry,UVA Wise,,,False,False,True,South Atlantic,South Atlantic,ii,ii,
5,regular,2026-10-03 23:00:00+00:00,Northern State,Bemidji State,,,False,False,True,Northern Sun,Northern Sun,ii,ii,
5,regular,2026-10-03 23:00:00+00:00,Centre,Maryville (TN),,,False,False,True,Southern Athletic,USA South,iii,iii,
5,regular,2026-10-03 23:00:00+00:00,Willamette,Pacific Lutheran,,,False,False,True,Northwest,Northwest,iii,iii,
5,regular,2026-10-03 23:00:00+00:00,Minnesota Morris,Crown,,,False,False,True,Upper Midwest,Upper Midwest,iii,iii,
5,regular,2026-10-03 23:00:00+00:00,Heidelberg,Baldwin Wallace,,,False,False,True,Ohio,Ohio,iii,iii,
5,regular,2026-10-03 23:00:00+00:00,Bates,Tufts,,,False,False,True,NESCAC,NESCAC,iii,iii,
5,regular,2026-10-03 23:00:00+00:00,Thiel,Allegheny,,,False,False,True,Presidents',Presidents',iii,iii,
5,regular,2026-10-03 23:00:00+00:00,Schreiner,Hendrix,,,False,False,False,,Southern Athletic,,iii,
5,regular,2026-10-03 23:00:00+00:00,Tarleton State,Chicago State,,,False,False,False,UAC,FCS Independents,fcs,fcs,
5,regular,2026-10-03 23:00:00+00:00,Lamar,Northwestern State,,,False,False,True,Southland,Southland,fcs,fcs,
5,regular,2026-10-03 23:00:00+00:00,Harvard,Colgate,,,False,False,False,Ivy,Patriot,fcs,fcs,
5,regular,2026-10-03 23:30:00+00:00,Boise State,Utah State,,,False,False,True,Pac-12,Pac-12,fbs,fbs,
5,regular,2026-10-03 23:45:00+00:00,LSU,McNeese,,,False,False,False,SEC,Southland,fbs,fcs,
5,regular,2026-10-04 00:00:00+00:00,Abilene Christian,West Florida,,,False,False,True,UAC,UAC,fcs,fcs,
5,regular,2026-10-04 00:00:00+00:00,Lakeland,Benedictine (IL),,,False,False,True,NACC,NACC,iii,iii,
5,regular,2026-10-04 00:00:00+00:00,Cal Poly,Weber State,,,False,False,True,Big Sky,Big Sky,fcs,fcs,
5,regular,2026-10-04 00:00:00+00:00,Idaho State,Northern Arizona,,,False,False,True,Big Sky,Big Sky,fcs,fcs,
5,regular,2026-10-04 00:00:00+00:00,Colorado Mesa,Chadron State,,,False,False,True,Rocky Mountain,Rocky Mountain,ii,ii,
5,regular,2026-10-04 00:00:00+00:00,Utah Tech,Southern Utah,,,False,False,True,Big Sky,Big Sky,fcs,fcs,
5,regular,2026-10-04 00:00:00+00:00,Sul Ross State,Eastern New Mexico,,,False,False,True,Lone Star,Lone Star,ii,ii,
5,regular,2026-10-04 00:00:00+00:00,Texas A&M-Kingsville,West Texas,,,False,False,True,Lone Star,Lone Star,ii,ii,
5,regular,2026-10-04 00:00:00+00:00,Central Missouri,Central Oklahoma,,,False,False,True,Mid America,Mid America,ii,ii,
5,regular,2026-10-04 00:00:00+00:00,Fort Hays,Missouri Southern State,,,False,False,True,Mid America,Mid America,ii,ii,
5,regular,2026-10-04 00:00:00+00:00,New Mexico Highlands,Western Colorado,,,False,False,True,Rocky Mountain,Rocky Mountain,ii,ii,
5,regular,2026-10-04 00:00:00+00:00,Rutgers,Indiana,,,False,False,True,Big Ten,Big Ten,fbs,fbs,
5,regular,2026-10-04 01:00:00+00:00,Azusa Pacific,Redlands,,,False,False,True,So. Cal.,So. Cal.,iii,iii,
5,regular,2026-10-04 01:30:00+00:00,Washington State,Fresno State,,,False,False,True,Pac-12,Pac-12,fbs,fbs,
5,regular,2026-10-04 02:00:00+00:00,Pomona Pitzer,La Verne,,,False,False,True,So. Cal.,So. Cal.,iii,iii,
5,regular,2026-10-04 02:00:00+00:00,Chapman,Whittier,,,False,False,True,So. Cal.,So. Cal.,iii,iii,
5,regular,2026-10-04 02:30:00+00:00,UC Davis,Eastern Washington,,,False,False,True,Big Sky,Big Sky,fcs,fcs,
5,regular,2026-10-04 02:30:00+00:00,San Diego State,Texas State,,,False,False,True,Pac-12,Pac-12,fbs,fbs,
5,regular,2026-10-04 03:59:00+00:00,Hawai'i,San José State,,,False,False,True,Mountain West,Mountain West,fbs,fbs,
6,regular,2026-10-07 00:00:00+00:00,Troy,Southern Miss,,,False,False,True,Sun Belt,Sun Belt,fbs,fbs,
6,regular,2026-10-07 23:00:00+00:00,Kennesaw State,Jacksonville State,,,False,False,True,Conference USA,Conference USA,fbs,fbs,
6,regular,2026-10-07 23:30:00+00:00,Florida International,New Mexico State,,,False,False,True,Conference USA,Conference USA,fbs,fbs,
6,regular,2026-10-08 23:00:00+00:00,Liberty,Sam Houston,,,False,False,True,Conference USA,Conference USA,fbs,fbs,
6,regular,2026-10-08 23:00:00+00:00,Western Kentucky,Missouri State,,,False,False,True,Conference USA,Conference USA,fbs,fbs,
6,regular,2026-10-08 23:30:00+00:00,UTSA,South Florida,,,False,False,True,American Athletic,American Athletic,fbs,fbs,
6,regular,2026-10-08 23:30:00+00:00,Arkansas State,South Alabama,,,False,False,True,Sun Belt,Sun Belt,fbs,fbs,
6,regular,2026-10-09 23:00:00+00:00,Marist,Columbia,,,False,False,False,Pioneer,Ivy,fcs,fcs,
6,regular,2026-10-09 23:00:00+00:00,Louisville,Florida State,,,False,False,True,ACC,ACC,fbs,fbs,
6,regular,2026-10-10 01:00:00+00:00,Utah State,Washington State,,,False,False,True,Pac-12,Pac-12,fbs,fbs,
6,regular,2026-10-10 01:00:00+00:00,Washington,Iowa,,,False,False,True,Big Ten,Big Ten,fbs,fbs,
6,regular,2026-10-10 01:00:00+00:00,San José State,Wyoming,,,False,False,True,Mountain West,Mountain West,fbs,fbs,
6,regular,2026-10-10 02:15:00+00:00,BYU,Iowa State,,,False,False,True,Big 12,Big 12,fbs,fbs,
6,regular,2026-10-10 04:00:00+00:00,Vanderbilt,Ole Miss,,,False,False,True,SEC,SEC,fbs,fbs,FLEX: 3:30 - 4:30pm OR 6 - 8pm ET start
6,regular,2026-10-10 04:00:00+00:00,Temple,UConn,,,False,False,False,American Athletic,FBS Independents,fbs,fbs,
6,regular,2026-10-10 04:00:00+00:00,Memphis,UAB,,,False,False,True,American Athletic,American Athletic,fbs,fbs,
6,regular,2026-10-10 04:00:00+00:00,Utah,Kansas,,,False,False,True,Big 12,Big 12,fbs,fbs,
6,regular,2026-10-10 04:00:00+00:00,Ohio State,Maryland,,,False,False,True,Big Ten,Big Ten,fbs,fbs,
6,regular,2026-10-10 04:00:00+00:00,Oregon,UCLA,,,False,False,True,Big Ten,Big Ten,fbs,fbs,
6,regular,2026-10-10 04:00:00+00:00,West Virginia,Arizona,,,False,False,True,Big 12,Big 12,fbs,fbs,
6,regular,2026-10-10 04:00:00+00:00,North Texas,Charlotte,,,False,False,True,American Athletic,American Athletic,fbs,fbs,
6,regular,2026-10-10 04:00:00+00:00,Michigan State,Illinois,,,False,False,True,Big Ten,Big Ten,fbs,fbs,
6,regular,2026-10-10 04:00:00+00:00,Nebraska,Indiana,,,False,False,True,Big Ten,Big Ten,fbs,fbs,
6,regular,2026-10-10 04:00:00+00:00,Bowling Green,Sacramento State,,,False,False,True,Mid-American,Mid-American,fbs,fbs,
6,regular,2026-10-10 04:00:00+00:00,UTEP,Nevada,,,False,False,True,Mountain West,Mountain West,fbs,fbs,
6,regular,2026-10-10 04:00:00+00:00,Northwestern,Ball State,,,False,False,False,Big Ten,Mid-American,fbs,fbs,
6,regular,2026-10-10 04:00:00+00:00,App State,Old Dominion,,,False,False,True,Sun Belt,Sun Belt,fbs,fbs,
6,regular,2026-10-10 04:00:00+00:00,Georgia Southern,James Madison,,,False,False,True,Sun Belt,Sun Belt,fbs,fbs,
6,regular,2026-10-10 04:00:00+00:00,Marshall,Coastal Carolina,,,False,False,True,Sun Belt,Sun Belt,fbs,fbs,
6,regular,2026-10-10 04:00:00+00:00,Wagner,Princeton,,,False,False,False,NEC,Ivy,fcs,fcs,
6,regular,2026-10-10 04:00:00+00:00,Arizona State,Hawai'i,,,False,False,False,Big 12,Mountain West,fbs,fbs,
6,regular,2026-10-10 04:00:00+00:00,Missouri,Texas A&M,,,False,False,True,SEC,SEC,fbs,fbs,EARLY: Noon - 1pm ET start
6,regular,2026-10-10 04:00:00+00:00,Ohio,Central Michigan,,,False,False,True,Mid-American,Mid-American,fbs,fbs,
6,regular,2026-10-10 04:00:00+00:00,Western Michigan,Kent State,,,False,False,True,Mid-American,Mid-American,fbs,fbs,
6,regular,2026-10-10 04:00:00+00:00,East Carolina,Rice,,,False,False,True,American Athletic,American Athletic,fbs,fbs,
6,regular,2026-10-10 04:00:00+00:00,Alabama,Georgia,,,False,False,True,SEC,SEC,fbs,fbs,NIGHT: 6 - 8pm ET start
6,regular,2026-10-10 04:00:00+00:00,Arkansas,Tennessee,,,False,False,True,SEC,SEC,fbs,fbs,FLEX: 3:30 - 4:30pm OR 6 - 8pm ET start
6,regular,2026-10-10 04:00:00+00:00,Kentucky,LSU,,,False,False,True,SEC,SEC,fbs,fbs,NIGHT: 6 - 8pm ET start
6,regular,2026-10-10 04:00:00+00:00,Florida,South Carolina,,,False,False,True,SEC,SEC,fbs,fbs,EARLY: Noon - 1pm ET start
6,regular,2026-10-10 04:00:00+00:00,Kansas State,Houston,,,False,False,True,Big 12,Big 12,fbs,fbs,
6,regular,2026-10-10 04:00:00+00:00,Oklahoma State,UCF,,,False,False,True,Big 12,Big 12,fbs,fbs,
6,regular,2026-10-10 04:00:00+00:00,Pittsburgh,North Carolina,,,False,False,True,ACC,ACC,fbs,fbs,
6,regular,2026-10-10 04:00:00+00:00,Georgia Tech,Duke,,,False,False,True,ACC,ACC,fbs,fbs,
6,regular,2026-10-10 04:00:00+00:00,Purdue,Minnesota,,,False,False,True,Big Ten,Big Ten,fbs,fbs,
6,regular,2026-10-10 04:00:00+00:00,Penn State,USC,,,False,False,True,Big Ten,Big Ten,fbs,fbs,
6,regular,2026-10-10 04:00:00+00:00,Virginia,Syracuse,,,False,False,True,ACC,ACC,fbs,fbs,
6,regular,2026-10-10 04:00:00+00:00,NC State,Wake Forest,,,False,False,True,ACC,ACC,fbs,fbs,
6,regular,2026-10-10 04:00:00+00:00,Central Connecticut,American International,,,False,False,False,NEC,Northeast 10,fcs,ii,
6,regular,2026-10-10 04:00:00+00:00,Massachusetts,Miami (OH),,,False,False,True,Mid-American,Mid-American,fbs,fbs,
6,regular,2026-10-10 04:00:00+00:00,Toledo,Buffalo,,,False,False,True,Mid-American,Mid-American,fbs,fbs,
6,regular,2026-10-10 04:00:00+00:00,California,Virginia Tech,,,False,False,True,ACC,ACC,fbs,fbs,
6,regular,2026-10-10 04:00:00+00:00,Louisiana Tech,Louisiana,,,False,False,True,Sun Belt,Sun Belt,fbs,fbs,
6,regular,2026-10-10 16:00:00+00:00,North Carolina A&T,New Hampshire,,,False,False,True,Coastal Athletic,Coastal Athletic,fcs,fcs,
6,regular,2026-10-10 16:00:00+00:00,Dayton,Morehead State,,,False,False,True,Pioneer,Pioneer,fcs,fcs,
6,regular,2026-10-10 16:00:00+00:00,Brown,Bryant,,,False,False,False,Ivy,Coastal Athletic,fcs,fcs,
6,regular,2026-10-10 16:00:00+00:00,Yale,Dartmouth,,,False,False,True,Ivy,Ivy,fcs,fcs,
6,regular,2026-10-10 16:00:00+00:00,Morgan State,Robert Morris,,,False,False,False,MEAC,NEC,fcs,fcs,
6,regular,2026-10-10 16:00:00+00:00,Catholic,Susquehanna,,,False,False,True,Landmark Conference,Landmark Conference,iii,iii,
6,regular,2026-10-10 16:00:00+00:00,Buffalo State,Rensselaer,,,False,False,True,Liberty League,Liberty League,iii,iii,
6,regular,2026-10-10 16:00:00+00:00,Dean,Gallaudet,,,False,False,False,MSCAC,Southern Collegiate Athletic,iii,iii,
6,regular,2026-10-10 16:00:00+00:00,Fitchburg State,Worcester State,,,False,False,True,MSCAC,MSCAC,iii,iii,
6,regular,2026-10-10 16:00:00+00:00,Maine Maritime,Norwich,,,False,False,False,Commonwealth Coast,NEWMAC,iii,iii,
6,regular,2026-10-10 16:00:00+00:00,Alvernia,Misericordia,,,False,False,True,Mid Atlantic,Mid Atlantic,iii,iii,
6,regular,2026-10-10 16:00:00+00:00,SUNY Morrisville,Utica,,,False,False,True,Empire 8,Empire 8,iii,iii,
6,regular,2026-10-10 16:00:00+00:00,Millersville,Shippensburg,,,False,False,True,Pennsylvania State Athletic,Pennsylvania State Athletic,ii,ii,
6,regular,2026-10-10 16:00:00+00:00,Carnegie Mellon,Johns Hopkins,,,False,False,True,Presidents',Centennial,iii,iii,
6,regular,2026-10-10 16:00:00+00:00,Charleston (WV),Wheeling,,,False,False,True,Mountain East,Mountain East,ii,ii,
6,regular,2026-10-10 16:00:00+00:00,Kutztown,Lackawanna,,,False,False,True,Pennsylvania State Athletic,,ii,,
6,regular,2026-10-10 16:00:00+00:00,North Greenville,Chowan,,,False,False,True,Carolinas,Carolinas,ii,ii,
6,regular,2026-10-10 16:00:00+00:00,Ohio Dominican,Thomas More,,,False,False,True,Great Midwest Athletic,Great Midwest Athletic,ii,ii,
6,regular,2026-10-10 16:00:00+00:00,Moravian,Juniata,,,False,False,True,Landmark Conference,Landmark Conference,iii,iii,
6,regular,2026-10-10 16:00:00+00:00,Plymouth State,Framingham State,,,False,False,True,MSCAC,MSCAC,iii,iii,
6,regular,2026-10-10 16:00:00+00:00,Army,Tulane,,,False,False,True,American Athletic,American Athletic,fbs,fbs,
6,regular,2026-10-10 16:00:00+00:00,Westfield State,Mass Maritime,,,False,False,True,MSCAC,MSCAC,iii,iii,
6,regular,2026-10-10 16:00:00+00:00,Michigan Tech,Grand Valley State,,,False,False,True,GLIAC,GLIAC,ii,ii,
6,regular,2026-10-10 16:00:00+00:00,Findlay,Ashland,,,False,False,True,Great Midwest Athletic,Great Midwest Athletic,ii,ii,
6,regular,2026-10-10 16:00:00+00:00,Sacred Heart,Stonehill,,,False,False,False,Coastal Athletic,NEC,fcs,fcs,
6,regular,2026-10-10 16:30:00+00:00,Eastern,King's,,,False,False,True,Mid Atlantic,Mid Atlantic,iii,iii,
6,regular,2026-10-10 16:30:00+00:00,Georgetown,Bucknell,,,False,False,True,Patriot,Patriot,fcs,fcs,
6,regular,2026-10-10 17:00:00+00:00,Chattanooga,Samford,,,False,False,True,Southern,Southern,fcs,fcs,
6,regular,2026-10-10 17:00:00+00:00,Ithaca,Rochester (NY),,,False,False,True,Liberty League,Liberty League,iii,iii,
6,regular,2026-10-10 17:00:00+00:00,Southern Virginia,Brevard,,,False,False,True,USA South,USA South,iii,iii,
6,regular,2026-10-10 17:00:00+00:00,Belhaven,North Carolina Wesleyan,,,False,False,True,USA South,USA South,iii,iii,
6,regular,2026-10-10 17:00:00+00:00,LaGrange,Methodist,,,False,False,True,USA South,USA South,iii,iii,
6,regular,2026-10-10 17:00:00+00:00,Maryville (TN),Sewanee,,,False,False,True,USA South,Southern Athletic,iii,iii,
6,regular,2026-10-10 17:00:00+00:00,Widener,Albright,,,False,False,True,Mid Atlantic,Mid Atlantic,iii,iii,
6,regular,2026-10-10 17:00:00+00:00,California (PA),Edinboro,,,False,False,True,Pennsylvania State Athletic,Pennsylvania State Athletic,ii,ii,
6,regular,2026-10-10 17:00:00+00:00,Minnesota St Moorhead,University of Mary,,,False,False,True,Northern Sun,Northern Sun,ii,ii,
6,regular,2026-10-10 17:00:00+00:00,Minnesota Duluth,Northern State,,,False,False,True,Northern Sun,Northern Sun,ii,ii,
6,regular,2026-10-10 17:00:00+00:00,Morehouse,Savannah State,,,False,False,True,SIAC,SIAC,ii,ii,
6,regular,2026-10-10 17:00:00+00:00,Case Western Reserve,Saint Francis,,,False,False,True,Presidents',Presidents',iii,iii,
6,regular,2026-10-10 17:00:00+00:00,Concordia St. Paul,Augustana (SD),,,False,False,True,Northern Sun,Northern Sun,ii,ii,
6,regular,2026-10-10 17:00:00+00:00,Emory & Henry,Mars Hill,,,False,False,True,South Atlantic,South Atlantic,ii,ii,
6,regular,2026-10-10 17:00:00+00:00,Saint Vincent,Thiel,,,False,False,True,Presidents',Presidents',iii,iii,
6,regular,2026-10-10 17:00:00+00:00,Washington and Lee,Randolph Macon,,,False,False,True,Old Dominion,Old Dominion,iii,iii,
6,regular,2026-10-10 17:00:00+00:00,Guilford,Bridgewater,,,False,False,True,Old Dominion,Old Dominion,iii,iii,
6,regular,2026-10-10 17:00:00+00:00,Salisbury,Rowan,,,False,False,True,New Jersey,New Jersey,iii,iii,
6,regular,2026-10-10 17:00:00+00:00,Trinity (CT),Hamilton,,,False,False,True,NESCAC,NESCAC,iii,iii,
6,regular,2026-10-10 17:00:00+00:00,Wesleyan (CT),Colby,,,False,False,True,NESCAC,NESCAC,iii,iii,
6,regular,2026-10-10 17:00:00+00:00,SUNY Maritime,Merchant Marine,,,False,False,True,NEWMAC,NEWMAC,iii,iii,
6,regular,2026-10-10 17:00:00+00:00,Williams,Bates,,,False,False,True,NESCAC,NESCAC,iii,iii,
6,regular,2026-10-10 17:00:00+00:00,Illinois College,Grinnell,,,False,False,True,Midwest,Midwest,iii,iii,
6,regular,2026-10-10 17:00:00+00:00,Lawrence,Beloit,,,False,False,True,Midwest,Midwest,iii,iii,
6,regular,2026-10-10 17:00:00+00:00,Delaware Valley,FDU Florham,,,False,False,True,Mid Atlantic,Mid Atlantic,iii,iii,
6,regular,2026-10-10 17:00:00+00:00,Lebanon Valley,Stevenson,,,False,False,True,Mid Atlantic,Mid Atlantic,iii,iii,
6,regular,2026-10-10 17:00:00+00:00,Gettysburg,Dickinson,,,False,False,True,Centennial,Centennial,iii,iii,
6,regular,2026-10-10 17:00:00+00:00,Muhlenberg,Franklin & Marshall,,,False,False,True,Centennial,Centennial,iii,iii,
6,regular,2026-10-10 17:00:00+00:00,West Virginia State,Concord,,,False,False,True,Mountain East,Mountain East,ii,ii,
6,regular,2026-10-10 17:00:00+00:00,Washburn,Pittsburg State,,,False,False,True,Mid America,Mid America,ii,ii,
6,regular,2026-10-10 17:00:00+00:00,Carson Newman,Anderson (SC),,,False,False,True,South Atlantic,South Atlantic,ii,ii,
6,regular,2026-10-10 17:00:00+00:00,McDaniel,Ursinus,,,False,False,True,Centennial,Centennial,iii,iii,
6,regular,2026-10-10 17:00:00+00:00,Crown,Westminster (MO),,,False,False,True,Upper Midwest,Upper Midwest,iii,iii,
6,regular,2026-10-10 17:00:00+00:00,Greenville,Martin Luther,,,False,False,True,Upper Midwest,Upper Midwest,iii,iii,
6,regular,2026-10-10 17:00:00+00:00,Wilkes,Lycoming,,,False,False,True,Landmark Conference,Landmark Conference,iii,iii,
6,regular,2026-10-10 17:00:00+00:00,Hobart,Union,,,False,False,True,Liberty League,Liberty League,iii,iii,
6,regular,2026-10-10 17:00:00+00:00,West Virginia Wesleyan,Fairmont State,,,False,False,True,Mountain East,Mountain East,ii,ii,
6,regular,2026-10-10 17:00:00+00:00,Glenville State,Frostburg State,,,False,False,True,Mountain East,Mountain East,ii,ii,
6,regular,2026-10-10 17:00:00+00:00,Duquesne,Long Island University,,,False,False,True,NEC,NEC,fcs,fcs,
6,regular,2026-10-10 17:00:00+00:00,Delaware State,Franklin Pierce,,,False,False,False,MEAC,Northeast 10,fcs,ii,
6,regular,2026-10-10 17:00:00+00:00,Indiana State,Youngstown State,,,False,False,True,MVFC,MVFC,fcs,fcs,
6,regular,2026-10-10 17:00:00+00:00,Butler,San Diego,,,False,False,True,Pioneer,Pioneer,fcs,fcs,
6,regular,2026-10-10 17:00:00+00:00,Pennsylvania,Howard,,,False,False,False,Ivy,MEAC,fcs,fcs,
6,regular,2026-10-10 17:00:00+00:00,Shorter,Ferrum,,,False,False,True,Carolinas,Carolinas,ii,ii,
6,regular,2026-10-10 17:00:00+00:00,Kean,Christopher Newport,,,False,False,True,New Jersey,New Jersey,iii,iii,
6,regular,2026-10-10 17:00:00+00:00,Pacific Lutheran,Puget Sound,,,False,False,True,Northwest,Northwest,iii,iii,
6,regular,2026-10-10 17:00:00+00:00,North Carolina Central,William & Mary,,,False,False,False,MEAC,Patriot,fcs,fcs,
6,regular,2026-10-10 17:00:00+00:00,Cornell,Harvard,,,False,False,True,Ivy,Ivy,fcs,fcs,
6,regular,2026-10-10 17:00:00+00:00,Winston-Salem State,Bowie State,,,False,False,True,CIAA,CIAA,ii,ii,
6,regular,2026-10-10 17:00:00+00:00,Elizabeth City State,Lincoln (PA),,,False,False,True,CIAA,CIAA,ii,ii,
6,regular,2026-10-10 17:00:00+00:00,Fort Valley State,Clark Atlanta,,,False,False,True,SIAC,SIAC,ii,ii,
6,regular,2026-10-10 17:00:00+00:00,Central State,Tuskegee,,,False,False,True,SIAC,SIAC,ii,ii,
6,regular,2026-10-10 17:00:00+00:00,Ferris State,Saginaw Valley State,,,False,False,True,GLIAC,GLIAC,ii,ii,
6,regular,2026-10-10 17:00:00+00:00,Wayne State (MI),Roosevelt,,,False,False,True,GLIAC,GLIAC,ii,ii,
6,regular,2026-10-10 17:00:00+00:00,Ouachita Baptist,Southern Nazarene,,,False,False,True,Great American,Great American,ii,ii,
6,regular,2026-10-10 17:00:00+00:00,UNC Pembroke,Erskine,,,False,False,True,Carolinas,Carolinas,ii,ii,
6,regular,2026-10-10 17:00:00+00:00,Johnson C. Smith,Shaw,,,False,False,True,CIAA,CIAA,ii,ii,
6,regular,2026-10-10 17:00:00+00:00,Virginia State,Livingstone,,,False,False,True,CIAA,CIAA,ii,ii,
6,regular,2026-10-10 17:30:00+00:00,Franklin,Mount St Joseph,,,False,False,True,Heartland,Heartland,iii,iii,
6,regular,2026-10-10 17:30:00+00:00,Manchester,Bluffton,,,False,False,True,Heartland,Heartland,iii,iii,
6,regular,2026-10-10 17:30:00+00:00,Mount Union,Marietta,,,False,False,True,Ohio,Ohio,iii,iii,
6,regular,2026-10-10 17:30:00+00:00,Muskingum,Capital,,,False,False,True,Ohio,Ohio,iii,iii,
6,regular,2026-10-10 18:00:00+00:00,Clarion,Gannon,,,False,False,True,Pennsylvania State Athletic,Pennsylvania State Athletic,ii,ii,
6,regular,2026-10-10 18:00:00+00:00,Valparaiso,Drake,,,False,False,True,Pioneer,Pioneer,fcs,fcs,
6,regular,2026-10-10 18:00:00+00:00,Elon,Wofford,,,False,False,False,Coastal Athletic,Southern,fcs,fcs,
6,regular,2026-10-10 18:00:00+00:00,Norfolk State,Virginia Lynchburg,,,False,False,False,MEAC,,fcs,,
6,regular,2026-10-10 18:00:00+00:00,The Citadel,East Tennessee State,,,False,False,True,Southern,Southern,fcs,fcs,
6,regular,2026-10-10 18:00:00+00:00,Hilbert,St. Lawrence,,,False,False,True,Empire 8,Liberty League,iii,iii,
6,regular,2026-10-10 18:00:00+00:00,Wisconsin Platteville,Wisconsin Eau Claire,,,False,False,True,Wisconsin,Wisconsin,iii,iii,
6,regular,2026-10-10 18:00:00+00:00,Wisconsin River Falls,Wisconsin Oshkosh,,,False,False,True,Wisconsin,Wisconsin,iii,iii,
6,regular,2026-10-10 18:00:00+00:00,St. John Fisher,Hartwick,,,False,False,True,Empire 8,Empire 8,iii,iii,
6,regular,2026-10-10 18:00:00+00:00,Wisconsin Stevens Point,Wisconsin Stout,,,False,False,True,Wisconsin,Wisconsin,iii,iii,
6,regular,2026-10-10 18:00:00+00:00,Wisconsin La Crosse,Wisconsin Whitewater,,,False,False,True,Wisconsin,Wisconsin,iii,iii,
6,regular,2026-10-10 18:00:00+00:00,Carthage,Elmhurst,,,False,False,True,CCIW,CCIW,iii,iii,
6,regular,2026-10-10 18:00:00+00:00,Augustana (IL),Millikin,,,False,False,True,CCIW,CCIW,iii,iii,
6,regular,2026-10-10 18:00:00+00:00,Bemidji State,Wayne State (NE),,,False,False,True,Northern Sun,Northern Sun,ii,ii,
6,regular,2026-10-10 18:00:00+00:00,Sioux Falls,Southwest Minnesota State,,,False,False,True,Northern Sun,Northern Sun,ii,ii,
6,regular,2026-10-10 18:00:00+00:00,Chicago,Cornell (IA),,,False,False,True,Midwest,Midwest,iii,iii,
6,regular,2026-10-10 18:00:00+00:00,Southern Connecticut State,Monroe,,,False,False,False,Northeast 10,,ii,,
6,regular,2026-10-10 18:00:00+00:00,IU Pennsylvania,Lock Haven,,,False,False,True,Pennsylvania State Athletic,Pennsylvania State Athletic,ii,ii,
6,regular,2026-10-10 18:00:00+00:00,Kentucky State,Miles,,,False,False,True,SIAC,SIAC,ii,ii,
6,regular,2026-10-10 18:00:00+00:00,Upper Iowa,Truman State,,,False,False,True,Great Lakes,Great Lakes,ii,ii,
6,regular,2026-10-10 18:00:00+00:00,McKendree,Southwest Baptist,,,False,False,True,Great Lakes,Great Lakes,ii,ii,
6,regular,2026-10-10 18:00:00+00:00,Davenport,Northern Michigan,,,False,False,True,GLIAC,GLIAC,ii,ii,
6,regular,2026-10-10 18:00:00+00:00,Allen,Benedict,,,False,False,True,SIAC,SIAC,ii,ii,
6,regular,2026-10-10 18:00:00+00:00,Albany State,Lane College,,,False,False,True,SIAC,SIAC,ii,ii,
6,regular,2026-10-10 18:00:00+00:00,Hillsdale,Walsh,,,False,False,True,Great Midwest Athletic,Great Midwest Athletic,ii,ii,
6,regular,2026-10-10 18:00:00+00:00,Northwestern (MN),Minnesota Morris,,,False,False,True,Upper Midwest,Upper Midwest,iii,iii,
6,regular,2026-10-10 18:00:00+00:00,Eureka,Concordia (WI),,,False,False,True,NACC,NACC,iii,iii,
6,regular,2026-10-10 18:00:00+00:00,Millsaps,Centre,,,False,False,True,Southern Athletic,Southern Athletic,iii,iii,
6,regular,2026-10-10 18:00:00+00:00,Mary Hardin Baylor,Howard Payne,,,False,False,True,American Southwest,American Southwest,iii,iii,
6,regular,2026-10-10 18:00:00+00:00,Rhodes,Berry,,,False,False,True,Southern Athletic,Southern Athletic,iii,iii,
6,regular,2026-10-10 18:00:00+00:00,Huntingdon,Greensboro,,,False,False,True,USA South,USA South,iii,iii,
6,regular,2026-10-10 18:00:00+00:00,McMurry,Hardin Simmons,,,False,False,True,American Southwest,American Southwest,iii,iii,
6,regular,2026-10-10 18:00:00+00:00,Rose Hulman,Anderson (IN),,,False,False,True,Heartland,Heartland,iii,iii,
6,regular,2026-10-10 18:00:00+00:00,Coe,Central College,,,False,False,True,American Rivers,American Rivers,iii,iii,
6,regular,2026-10-10 18:00:00+00:00,Southwestern U,Trinity (TX),,,False,False,True,Southern Athletic,Southern Athletic,iii,iii,
6,regular,2026-10-10 18:00:00+00:00,South Dakota,Southern Illinois,,,False,False,True,MVFC,MVFC,fcs,fcs,
6,regular,2026-10-10 18:00:00+00:00,St. Norbert,Lakeland,,,False,False,True,NACC,NACC,iii,iii,
6,regular,2026-10-10 18:00:00+00:00,St. Thomas (MN),Stetson,,,False,False,True,Pioneer,Pioneer,fcs,fcs,
6,regular,2026-10-10 18:00:00+00:00,Washington & Jefferson,Bethany (WV),,,False,False,True,Presidents',Presidents',iii,iii,
6,regular,2026-10-10 18:00:00+00:00,Lindenwood,Southeast Missouri State,,,False,False,True,OVC,OVC,fcs,fcs,
6,regular,2026-10-10 18:00:00+00:00,Macalester,Saint John's (MN),,,False,False,True,Minnesota,Minnesota,iii,iii,
6,regular,2026-10-10 18:00:00+00:00,Gustavus Adolphus,St. Olaf,,,False,False,True,Minnesota,Minnesota,iii,iii,
6,regular,2026-10-10 18:00:00+00:00,Aurora,Concordia Chicago,,,False,False,True,NACC,NACC,iii,iii,
6,regular,2026-10-10 18:00:00+00:00,Amherst,Middlebury,,,False,False,True,NESCAC,NESCAC,iii,iii,
6,regular,2026-10-10 18:00:00+00:00,Concordia (MN),Hamline,,,False,False,True,Minnesota,Minnesota,iii,iii,
6,regular,2026-10-10 18:00:00+00:00,Carleton,St. Scholastica,,,False,False,True,Minnesota,Minnesota,iii,iii,
6,regular,2026-10-10 18:00:00+00:00,Ripon,Lake Forest,,,False,False,True,Midwest,Midwest,iii,iii,
6,regular,2026-10-10 18:00:00+00:00,Bethel (MN),Augsburg,,,False,False,True,Minnesota,Minnesota,iii,iii,
6,regular,2026-10-10 18:00:00+00:00,Baldwin Wallace,Ohio Northern,,,False,False,True,Ohio,Ohio,iii,iii,
6,regular,2026-10-10 18:00:00+00:00,Hendrix,Centenary (LA),,,False,False,True,Southern Athletic,Southern Collegiate Athletic,iii,iii,
6,regular,2026-10-10 18:00:00+00:00,Austin,Lyon,,,False,False,True,Southern Collegiate Athletic,Southern Collegiate Athletic,iii,iii,
6,regular,2026-10-10 18:30:00+00:00,Northwest Missouri State,Central Missouri,,,False,False,True,Mid America,Mid America,ii,ii,
6,regular,2026-10-10 18:30:00+00:00,Wartburg,Buena Vista,,,False,False,True,American Rivers,American Rivers,iii,iii,
6,regular,2026-10-10 19:00:00+00:00,Harding,Southeastern Oklahoma State,,,False,False,True,Great American,Great American,ii,ii,
6,regular,2026-10-10 19:00:00+00:00,Geneva,Hiram,,,False,False,True,Presidents',Presidents',iii,iii,
6,regular,2026-10-10 19:00:00+00:00,The College of New Jersey,Vermont State Castleton,,,False,False,True,New Jersey,New Jersey,iii,iii,
6,regular,2026-10-10 19:00:00+00:00,Tufts,Bowdoin,,,False,False,True,NESCAC,NESCAC,iii,iii,
6,regular,2026-10-10 19:00:00+00:00,Luther,Monmouth (IL),,,False,False,True,Midwest,Midwest,iii,iii,
6,regular,2026-10-10 19:00:00+00:00,East Texas Baptist,Schreiner,,,False,False,True,American Southwest,,iii,,
6,regular,2026-10-10 19:00:00+00:00,Loras,Simpson (IA),,,False,False,True,American Rivers,American Rivers,iii,iii,
6,regular,2026-10-10 19:00:00+00:00,Dubuque,Nebraska Wesleyan,,,False,False,True,American Rivers,American Rivers,iii,iii,
6,regular,2026-10-10 19:00:00+00:00,Carroll (WI),Illinois Wesleyan,,,False,False,True,CCIW,CCIW,iii,iii,
6,regular,2026-10-10 19:00:00+00:00,Winona State,Minnesota State,,,False,False,True,Northern Sun,Northern Sun,ii,ii,
6,regular,2026-10-10 19:00:00+00:00,Jamestown,Minot State,,,False,False,True,Northern Sun,Northern Sun,ii,ii,
6,regular,2026-10-10 19:00:00+00:00,Wingate,Tusculum,,,False,False,True,South Atlantic,South Atlantic,ii,ii,
6,regular,2026-10-10 19:00:00+00:00,Missouri Southern State,Emporia State,,,False,False,True,Mid America,Mid America,ii,ii,
6,regular,2026-10-10 19:00:00+00:00,Southwestern Oklahoma State,Southern Arkansas,,,False,False,True,Great American,Great American,ii,ii,
6,regular,2026-10-10 19:00:00+00:00,Arkansas Monticello,Oklahoma Baptist,,,False,False,True,Great American,Great American,ii,ii,
6,regular,2026-10-10 19:00:00+00:00,Weber State,Idaho,,,False,False,True,Big Sky,Big Sky,fcs,fcs,
6,regular,2026-10-10 19:00:00+00:00,Mercer,Western Carolina,,,False,False,True,Southern,Southern,fcs,fcs,
6,regular,2026-10-10 19:00:00+00:00,Prairie View A&M,Southern,,,False,False,True,SWAC,SWAC,fcs,fcs,
6,regular,2026-10-10 19:00:00+00:00,Alcorn State,Arkansas Baptist,,,False,False,False,SWAC,,fcs,,
6,regular,2026-10-10 19:00:00+00:00,Texas Southern,Mississippi Valley State,,,False,False,True,SWAC,SWAC,fcs,fcs,
6,regular,2026-10-10 19:30:00+00:00,Tennessee State,UT Martin,,,False,False,True,OVC,OVC,fcs,fcs,
6,regular,2026-10-10 19:30:00+00:00,Fordham,Richmond,,,False,False,True,Patriot,Patriot,fcs,fcs,
6,regular,2026-10-10 19:30:00+00:00,Notre Dame,Stanford,,,False,False,False,FBS Independents,ACC,fbs,fbs,
6,regular,2026-10-10 19:30:00+00:00,Gardner-Webb,Eastern Illinois,,,False,False,True,OVC,OVC,fcs,fcs,
6,regular,2026-10-10 19:30:00+00:00,Oklahoma,Texas,,,False,True,True,SEC,SEC,fbs,fbs,
6,regular,2026-10-10 19:30:00+00:00,Tennessee Tech,Furman,,,False,False,True,Southern,Southern,fcs,fcs,
6,regular,2026-10-10 19:30:00+00:00,Navy,Tulsa,,,False,False,True,American Athletic,American Athletic,fbs,fbs,
6,regular,2026-10-10 19:30:00+00:00,Akron,Eastern Michigan,,,False,False,True,Mid-American,Mid-American,fbs,fbs,
6,regular,2026-10-10 20:00:00+00:00,Whittier,Pomona Pitzer,,,False,False,True,So. Cal.,So. Cal.,iii,iii,
6,regular,2026-10-10 20:00:00+00:00,Roanoke College,Hampden Sydney,,,False,False,True,,Old Dominion,,iii,
6,regular,2026-10-10 20:00:00+00:00,Northwestern (OK),Henderson State,,,False,False,True,Great American,Great American,ii,ii,
6,regular,2026-10-10 20:00:00+00:00,Tiffin,Northwood,,,False,False,True,Great Midwest Athletic,Great Midwest Athletic,ii,ii,
6,regular,2026-10-10 20:00:00+00:00,La Verne,Claremont Mudd Scripps,,,False,False,True,So. Cal.,So. Cal.,iii,iii,
6,regular,2026-10-10 20:00:00+00:00,Averett,Shenandoah,,,False,False,True,Old Dominion,Old Dominion,iii,iii,
6,regular,2026-10-10 20:00:00+00:00,Lewis & Clark,Willamette,,,False,False,True,Northwest,Northwest,iii,iii,
6,regular,2026-10-10 20:00:00+00:00,George Fox,Whitworth,,,False,False,True,Northwest,Northwest,iii,iii,
6,regular,2026-10-10 20:00:00+00:00,Western New Mexico,Eastern New Mexico,,,False,False,True,Lone Star,Lone Star,ii,ii,
6,regular,2026-10-10 20:00:00+00:00,Quincy,William Jewell,,,False,False,True,Great Lakes,Great Lakes,ii,ii,
6,regular,2026-10-10 20:00:00+00:00,Pacific (OR),Linfield,,,False,False,True,Northwest,Northwest,iii,iii,
6,regular,2026-10-10 20:00:00+00:00,Kentucky Wesleyan,Lake Erie,,,False,False,True,Great Midwest Athletic,Great Midwest Athletic,ii,ii,
6,regular,2026-10-10 20:00:00+00:00,Alabama State,Florida A&M,,,False,False,True,SWAC,SWAC,fcs,fcs,
6,regular,2026-10-10 20:00:00+00:00,Portland State,Utah Tech,,,False,False,True,Big Sky,Big Sky,fcs,fcs,
6,regular,2026-10-10 20:00:00+00:00,Towson,Stony Brook,,,False,False,True,Coastal Athletic,Coastal Athletic,fcs,fcs,
6,regular,2026-10-10 20:00:00+00:00,Lamar,Incarnate Word,,,False,False,True,Southland,Southland,fcs,fcs,
6,regular,2026-10-10 20:05:00+00:00,Western Oregon,Texas A&M-Kingsville,,,False,False,True,Lone Star,Lone Star,ii,ii,
6,regular,2026-10-10 21:00:00+00:00,Grambling,Jackson State,,,False,False,True,SWAC,SWAC,fcs,fcs,
6,regular,2026-10-10 21:00:00+00:00,Montclair State,William Paterson,,,False,False,True,New Jersey,New Jersey,iii,iii,
6,regular,2026-10-10 21:00:00+00:00,Northern Arizona,Montana,,,False,False,True,Big Sky,Big Sky,fcs,fcs,
6,regular,2026-10-10 21:00:00+00:00,Arkansas Tech,East Central,,,False,False,True,Great American,Great American,ii,ii,
6,regular,2026-10-10 21:00:00+00:00,West Florida,Northeastern State,,,False,False,False,UAC,Independent DII,fcs,ii,
6,regular,2026-10-10 21:00:00+00:00,Northern Iowa,North Dakota,,,False,False,True,MVFC,MVFC,fcs,fcs,
6,regular,2026-10-10 21:30:00+00:00,Presbyterian,Davidson,,,False,False,True,Pioneer,Pioneer,fcs,fcs,
6,regular,2026-10-10 22:00:00+00:00,Charleston Southern,South Carolina State,,,False,False,False,OVC,MEAC,fcs,fcs,
6,regular,2026-10-10 22:00:00+00:00,Catawba,Newberry,,,False,False,True,South Atlantic,South Atlantic,ii,ii,
6,regular,2026-10-10 22:00:00+00:00,Indianapolis,Missouri S&T,,,False,False,True,Great Lakes,Great Lakes,ii,ii,
6,regular,2026-10-10 22:00:00+00:00,UVA Wise,Lenoir Rhyne,,,False,False,True,South Atlantic,South Atlantic,ii,ii,
6,regular,2026-10-10 22:00:00+00:00,Slippery Rock,Seton Hill,,,False,False,True,Pennsylvania State Athletic,Pennsylvania State Athletic,ii,ii,
6,regular,2026-10-10 22:00:00+00:00,West Chester,Shepherd,,,False,False,True,Pennsylvania State Athletic,Pennsylvania State Athletic,ii,ii,
6,regular,2026-10-10 22:00:00+00:00,Bloomsburg,East Stroudsburg,,,False,False,True,Pennsylvania State Athletic,Pennsylvania State Athletic,ii,ii,
6,regular,2026-10-10 22:00:00+00:00,Eastern Kentucky,West Georgia,,,False,False,True,UAC,UAC,fcs,fcs,
6,regular,2026-10-10 22:00:00+00:00,Oregon State,San Diego State,,,False,False,True,Pac-12,Pac-12,fbs,fbs,
6,regular,2026-10-10 22:00:00+00:00,Idaho State,Cal Poly,,,False,False,True,Big Sky,Big Sky,fcs,fcs,
6,regular,2026-10-10 23:00:00+00:00,Austin Peay,Tarleton State,,,False,False,True,UAC,UAC,fcs,fcs,
6,regular,2026-10-10 23:00:00+00:00,Alabama A&M,Bethune-Cookman,,,False,False,True,SWAC,SWAC,fcs,fcs,
6,regular,2026-10-10 23:00:00+00:00,Eastern Washington,Northern Colorado,,,False,False,True,Big Sky,Big Sky,fcs,fcs,
6,regular,2026-10-10 23:00:00+00:00,Angelo State,Sul Ross State,,,False,False,True,Lone Star,Lone Star,ii,ii,
6,regular,2026-10-10 23:00:00+00:00,UNLV,North Dakota State,,,False,False,True,Mountain West,Mountain West,fbs,fbs,
6,regular,2026-10-10 23:00:00+00:00,Westminster (PA),Grove City,,,False,False,True,Presidents',Presidents',iii,iii,
6,regular,2026-10-10 23:00:00+00:00,Wisconsin Lutheran,Benedictine (IL),,,False,False,True,NACC,NACC,iii,iii,
6,regular,2026-10-10 23:00:00+00:00,Wilmington (OH),Hanover,,,False,False,False,Ohio,Heartland,iii,iii,
6,regular,2026-10-10 23:00:00+00:00,North Central College,Wheaton (IL),,,False,False,True,CCIW,CCIW,iii,iii,
6,regular,2026-10-10 23:00:00+00:00,Missouri Western,Nebraska Kearney,,,False,False,True,Mid America,Mid America,ii,ii,
6,regular,2026-10-10 23:30:00+00:00,Northern Illinois,Air Force,,,False,False,True,Mountain West,Mountain West,fbs,fbs,
6,regular,2026-10-11 00:00:00+00:00,West Texas,UT Permian Basin,,,False,False,True,Lone Star,Lone Star,ii,ii,
6,regular,2026-10-11 00:00:00+00:00,Abilene Christian,Central Arkansas,,,False,False,True,UAC,UAC,fcs,fcs,
6,regular,2026-10-11 00:00:00+00:00,UT Rio Grande Valley,SE Louisiana,,,False,False,True,Southland,Southland,fcs,fcs,
6,regular,2026-10-11 00:00:00+00:00,Central Oklahoma,Fort Hays,,,False,False,True,Mid America,Mid America,ii,ii,
6,regular,2026-10-11 01:00:00+00:00,Central Washington,Midwestern State,,,False,False,True,Lone Star,Lone Star,ii,ii,
6,regular,2026-10-11 02:00:00+00:00,Cal Lutheran,Azusa Pacific,,,False,False,True,So. Cal.,So. Cal.,iii,iii,
6,regular,2026-10-11 02:05:00+00:00,Redlands,Chapman,,,False,False,True,So. Cal.,So. Cal.,iii,iii,
6,regular,2026-10-11 02:30:00+00:00,Fresno State,Boise State,,,False,False,True,Pac-12,Pac-12,fbs,fbs,
7,regular,2026-10-13 23:00:00+00:00,Middle Tennessee,Delaware,,,False,False,True,Conference USA,Conference USA,fbs,fbs,
7,regular,2026-10-14 00:00:00+00:00,Jacksonville State,Florida International,,,False,False,True,Conference USA,Conference USA,fbs,fbs,
7,regular,2026-10-14 23:30:00+00:00,Missouri State,Kennesaw State,,,False,False,True,Conference USA,Conference USA,fbs,fbs,
7,regular,2026-10-15 00:00:00+00:00,Sam Houston,Western Kentucky,,,False,False,True,Conference USA,Conference USA,fbs,fbs,
7,regular,2026-10-15 23:00:00+00:00,Trine,Albion,,,False,False,True,Michigan,Michigan,iii,iii,
7,regular,2026-10-15 23:30:00+00:00,UAB,East Carolina,,,False,False,True,American Athletic,American Athletic,fbs,fbs,
7,regular,2026-10-15 23:30:00+00:00,Old Dominion,Georgia Southern,,,False,False,True,Sun Belt,Sun Belt,fbs,fbs,
7,regular,2026-10-16 00:00:00+00:00,Texas State,Colorado State,,,False,False,True,Pac-12,Pac-12,fbs,fbs,
7,regular,2026-10-16 00:00:00+00:00,Oklahoma Baptist,East Central,,,False,False,True,Great American,Great American,ii,ii,
7,regular,2026-10-16 00:00:00+00:00,Southwestern Oklahoma State,Southern Nazarene,,,False,False,True,Great American,Great American,ii,ii,
7,regular,2026-10-16 23:00:00+00:00,Pennsylvania,Columbia,,,False,False,True,Ivy,Ivy,fcs,fcs,
7,regular,2026-10-16 23:30:00+00:00,Tulane,Memphis,,,False,False,True,American Athletic,American Athletic,fbs,fbs,
7,regular,2026-10-17 00:00:00+00:00,Purdue,Washington,,,False,False,True,Big Ten,Big Ten,fbs,fbs,
7,regular,2026-10-17 00:00:00+00:00,Coastal Carolina,App State,,,False,False,True,Sun Belt,Sun Belt,fbs,fbs,
7,regular,2026-10-17 04:00:00+00:00,Eastern Michigan,Toledo,,,False,False,True,Mid-American,Mid-American,fbs,fbs,
7,regular,2026-10-17 04:00:00+00:00,Ouachita Baptist,Arkansas Monticello,,,False,False,True,Great American,Great American,ii,ii,
7,regular,2026-10-17 04:00:00+00:00,Wagner,Long Island University,,,False,False,True,NEC,NEC,fcs,fcs,
7,regular,2026-10-17 04:00:00+00:00,Mercyhurst,Central Connecticut,,,False,False,True,NEC,NEC,fcs,fcs,
7,regular,2026-10-17 04:00:00+00:00,California,Wake Forest,,,False,False,True,ACC,ACC,fbs,fbs,
7,regular,2026-10-17 04:00:00+00:00,UL Monroe,Louisiana Tech,,,False,False,True,Sun Belt,Sun Belt,fbs,fbs,
7,regular,2026-10-17 04:00:00+00:00,Southern Miss,Arkansas State,,,False,False,True,Sun Belt,Sun Belt,fbs,fbs,
7,regular,2026-10-17 04:00:00+00:00,Central Michigan,Western Michigan,,,False,False,True,Mid-American,Mid-American,fbs,fbs,
7,regular,2026-10-17 04:00:00+00:00,Buffalo,Massachusetts,,,False,False,True,Mid-American,Mid-American,fbs,fbs,
7,regular,2026-10-17 04:00:00+00:00,Bowling Green,Ball State,,,False,False,True,Mid-American,Mid-American,fbs,fbs,
7,regular,2026-10-17 04:00:00+00:00,West Virginia,Cincinnati,,,False,False,True,Big 12,Big 12,fbs,fbs,
7,regular,2026-10-17 04:00:00+00:00,James Madison,Georgia State,,,False,False,True,Sun Belt,Sun Belt,fbs,fbs,
7,regular,2026-10-17 04:00:00+00:00,Oklahoma,Kentucky,,,False,False,True,SEC,SEC,fbs,fbs,FLEX: 3:30 - 4:30pm OR 6 - 8pm ET start
7,regular,2026-10-17 04:00:00+00:00,UTSA,Navy,,,False,False,True,American Athletic,American Athletic,fbs,fbs,
7,regular,2026-10-17 04:00:00+00:00,Rice,Tulsa,,,False,False,True,American Athletic,American Athletic,fbs,fbs,
7,regular,2026-10-17 04:00:00+00:00,Temple,Charlotte,,,False,False,True,American Athletic,American Athletic,fbs,fbs,
7,regular,2026-10-17 04:00:00+00:00,UCLA,Wisconsin,,,False,False,True,Big Ten,Big Ten,fbs,fbs,
7,regular,2026-10-17 04:00:00+00:00,Texas Tech,Arizona State,,,False,False,True,Big 12,Big 12,fbs,fbs,
7,regular,2026-10-17 04:00:00+00:00,BYU,Notre Dame,,,False,False,False,Big 12,FBS Independents,fbs,fbs,
7,regular,2026-10-17 04:00:00+00:00,Vanderbilt,Arkansas,,,False,False,True,SEC,SEC,fbs,fbs,FLEX: 3:30 - 4:30pm OR 6 - 8pm ET start
7,regular,2026-10-17 04:00:00+00:00,Ole Miss,Missouri,,,False,False,True,SEC,SEC,fbs,fbs,AFTERNOON: 3:30 - 4:30pm ET start
7,regular,2026-10-17 04:00:00+00:00,Texas,Florida,,,False,False,True,SEC,SEC,fbs,fbs,EARLY: Noon - 1pm ET start
7,regular,2026-10-17 04:00:00+00:00,Tennessee,Alabama,,,False,False,True,SEC,SEC,fbs,fbs,FLEX: 3:30 - 4:30pm OR 6 - 8pm ET start
7,regular,2026-10-17 04:00:00+00:00,LSU,Mississippi State,,,False,False,True,SEC,SEC,fbs,fbs,EARLY: Noon - 1pm ET start
7,regular,2026-10-17 04:00:00+00:00,Georgia,Auburn,,,False,False,True,SEC,SEC,fbs,fbs,AFTERNOON: 3:30 - 4:30pm ET start
7,regular,2026-10-17 04:00:00+00:00,Indiana,Ohio State,,,False,False,True,Big Ten,Big Ten,fbs,fbs,
7,regular,2026-10-17 04:00:00+00:00,Duke,North Carolina,,,False,False,True,ACC,ACC,fbs,fbs,
7,regular,2026-10-17 04:00:00+00:00,Miami,Florida State,,,False,False,True,ACC,ACC,fbs,fbs,
7,regular,2026-10-17 04:00:00+00:00,Boston College,Pittsburgh,,,False,False,True,ACC,ACC,fbs,fbs,
7,regular,2026-10-17 04:00:00+00:00,Colorado,Utah,,,False,False,True,Big 12,Big 12,fbs,fbs,
7,regular,2026-10-17 04:00:00+00:00,Baylor,TCU,,,False,False,True,Big 12,Big 12,fbs,fbs,
7,regular,2026-10-17 04:00:00+00:00,Houston,Oklahoma State,,,False,False,True,Big 12,Big 12,fbs,fbs,
7,regular,2026-10-17 04:00:00+00:00,Michigan State,Northwestern,,,False,False,True,Big Ten,Big Ten,fbs,fbs,
7,regular,2026-10-17 04:00:00+00:00,Michigan,Penn State,,,False,False,True,Big Ten,Big Ten,fbs,fbs,
7,regular,2026-10-17 04:00:00+00:00,Oregon,Nebraska,,,False,False,True,Big Ten,Big Ten,fbs,fbs,
7,regular,2026-10-17 04:00:00+00:00,South Florida,Kent State,,,False,False,False,American Athletic,Mid-American,fbs,fbs,
7,regular,2026-10-17 04:00:00+00:00,Clemson,Charleston Southern,,,False,False,False,ACC,OVC,fbs,fcs,
7,regular,2026-10-17 04:00:00+00:00,Maryland,Rutgers,,,False,False,True,Big Ten,Big Ten,fbs,fbs,
7,regular,2026-10-17 04:00:00+00:00,Miami (OH),Akron,,,False,False,True,Mid-American,Mid-American,fbs,fbs,
7,regular,2026-10-17 04:00:00+00:00,Louisiana,Troy,,,False,False,True,Sun Belt,Sun Belt,fbs,fbs,
7,regular,2026-10-17 04:00:00+00:00,Southern Illinois,Illinois State,,,False,False,True,MVFC,MVFC,fcs,fcs,
7,regular,2026-10-17 04:00:00+00:00,Sacramento State,Ohio,,,False,False,True,Mid-American,Mid-American,fbs,fbs,
7,regular,2026-10-17 04:00:00+00:00,SMU,Virginia,,,False,False,True,ACC,ACC,fbs,fbs,
7,regular,2026-10-17 04:00:00+00:00,Syracuse,Louisville,,,False,False,True,ACC,ACC,fbs,fbs,
7,regular,2026-10-17 04:00:00+00:00,Virginia Tech,Georgia Tech,,,False,False,True,ACC,ACC,fbs,fbs,
7,regular,2026-10-17 04:00:00+00:00,Kansas State,Kansas,,,False,False,True,Big 12,Big 12,fbs,fbs,
7,regular,2026-10-17 04:00:00+00:00,Hawai'i,New Mexico,,,False,False,True,Mountain West,Mountain West,fbs,fbs,
7,regular,2026-10-17 16:00:00+00:00,Yale,Rhode Island,,,False,False,False,Ivy,Coastal Athletic,fcs,fcs,
7,regular,2026-10-17 16:00:00+00:00,Army,Florida Atlantic,,,False,False,True,American Athletic,American Athletic,fbs,fbs,
7,regular,2026-10-17 16:00:00+00:00,Alfred State,Brockport,,,False,False,True,Empire 8,Empire 8,iii,iii,
7,regular,2026-10-17 16:00:00+00:00,Nichols,Curry,,,False,False,True,Commonwealth Coast,Commonwealth Coast,iii,iii,
7,regular,2026-10-17 16:00:00+00:00,Wheeling,West Virginia State,,,False,False,True,Mountain East,Mountain East,ii,ii,
7,regular,2026-10-17 16:00:00+00:00,New England College,Husson,,,False,False,True,,Commonwealth Coast,,iii,
7,regular,2026-10-17 16:00:00+00:00,Gannon,Seton Hill,,,False,False,True,Pennsylvania State Athletic,Pennsylvania State Athletic,ii,ii,
7,regular,2026-10-17 16:00:00+00:00,Clarion,California (PA),,,False,False,True,Pennsylvania State Athletic,Pennsylvania State Athletic,ii,ii,
7,regular,2026-10-17 16:00:00+00:00,Franklin Pierce,Post,,,False,False,True,Northeast 10,Northeast 10,ii,ii,
7,regular,2026-10-17 16:00:00+00:00,Shepherd,Bloomsburg,,,False,False,True,Pennsylvania State Athletic,Pennsylvania State Athletic,ii,ii,
7,regular,2026-10-17 16:00:00+00:00,Michigan Tech,Northern Michigan,,,False,False,True,GLIAC,GLIAC,ii,ii,
7,regular,2026-10-17 16:00:00+00:00,Ohio Dominican,Kentucky Wesleyan,,,False,False,True,Great Midwest Athletic,Great Midwest Athletic,ii,ii,
7,regular,2026-10-17 16:00:00+00:00,Princeton,Brown,,,False,False,True,Ivy,Ivy,fcs,fcs,
7,regular,2026-10-17 16:00:00+00:00,Thomas More,Ashland,,,False,False,True,Great Midwest Athletic,Great Midwest Athletic,ii,ii,
7,regular,2026-10-17 16:00:00+00:00,North Carolina Wesleyan,Huntingdon,,,False,False,True,USA South,USA South,iii,iii,
7,regular,2026-10-17 16:00:00+00:00,Westminster (MO),Northwestern (MN),,,False,False,True,Upper Midwest,Upper Midwest,iii,iii,
7,regular,2026-10-17 16:00:00+00:00,Albright,Alvernia,,,False,False,True,Mid Atlantic,Mid Atlantic,iii,iii,
7,regular,2026-10-17 16:00:00+00:00,Walsh,Tiffin,,,False,False,True,Great Midwest Athletic,Great Midwest Athletic,ii,ii,
7,regular,2026-10-17 16:00:00+00:00,Berry,Southwestern U,,,False,False,True,Southern Athletic,Southern Athletic,iii,iii,
7,regular,2026-10-17 16:00:00+00:00,Robert Morris,New Haven,,,False,False,True,NEC,NEC,fcs,fcs,
7,regular,2026-10-17 16:00:00+00:00,Fitchburg State,Mass Maritime,,,False,False,True,MSCAC,MSCAC,iii,iii,
7,regular,2026-10-17 16:00:00+00:00,Dean,Bridgewater State,,,False,False,True,MSCAC,MSCAC,iii,iii,
7,regular,2026-10-17 16:00:00+00:00,Springfield,WPI,,,False,False,True,NEWMAC,NEWMAC,iii,iii,
7,regular,2026-10-17 16:00:00+00:00,Susquehanna,Moravian,,,False,False,True,Landmark Conference,Landmark Conference,iii,iii,
7,regular,2026-10-17 16:00:00+00:00,Calvin,Kalamazoo,,,False,False,True,Michigan,Michigan,iii,iii,
7,regular,2026-10-17 16:00:00+00:00,Ohio Northern,Otterbein,,,False,False,True,Ohio,Ohio,iii,iii,
7,regular,2026-10-17 16:00:00+00:00,MIT,Coast Guard,,,False,False,True,NEWMAC,NEWMAC,iii,iii,
7,regular,2026-10-17 16:00:00+00:00,New England,Maine Maritime,,,False,False,True,Commonwealth Coast,Commonwealth Coast,iii,iii,
7,regular,2026-10-17 16:00:00+00:00,Sacred Heart,Hampton,,,False,False,True,Coastal Athletic,Coastal Athletic,fcs,fcs,
7,regular,2026-10-17 16:00:00+00:00,North Carolina A&T,Chicago State,,,False,False,False,Coastal Athletic,FCS Independents,fcs,fcs,
7,regular,2026-10-17 16:00:00+00:00,Montclair State,Christopher Newport,,,False,False,True,New Jersey,New Jersey,iii,iii,
7,regular,2026-10-17 16:00:00+00:00,Shenandoah,Roanoke College,,,False,False,True,Old Dominion,,iii,,
7,regular,2026-10-17 16:00:00+00:00,Vermont State Castleton,Salisbury,,,False,False,True,New Jersey,New Jersey,iii,iii,
7,regular,2026-10-17 16:00:00+00:00,Alfred,SUNY Cortland,,,False,False,True,Empire 8,Empire 8,iii,iii,
7,regular,2026-10-17 16:00:00+00:00,Merchant Marine,Salve Regina,,,False,False,True,NEWMAC,NEWMAC,iii,iii,
7,regular,2026-10-17 17:00:00+00:00,Catholic,Western Connecticut State,,,False,False,True,Landmark Conference,Landmark Conference,iii,iii,
7,regular,2026-10-17 17:00:00+00:00,Lycoming,Juniata,,,False,False,True,Landmark Conference,Landmark Conference,iii,iii,
7,regular,2026-10-17 17:00:00+00:00,John Carroll,Wabash,,,False,False,True,Ohio,North Coast,iii,iii,
7,regular,2026-10-17 17:00:00+00:00,Mars Hill,Newberry,,,False,False,True,South Atlantic,South Atlantic,ii,ii,
7,regular,2026-10-17 17:00:00+00:00,Augsburg,Macalester,,,False,False,True,Minnesota,Minnesota,iii,iii,
7,regular,2026-10-17 17:00:00+00:00,Kenyon,Washington St. Louis,,,False,False,True,North Coast,North Coast,iii,iii,
7,regular,2026-10-17 17:00:00+00:00,Colby,Amherst,,,False,False,True,NESCAC,NESCAC,iii,iii,
7,regular,2026-10-17 17:00:00+00:00,Wesleyan (CT),Bates,,,False,False,True,NESCAC,NESCAC,iii,iii,
7,regular,2026-10-17 17:00:00+00:00,Bowdoin,Hamilton,,,False,False,True,NESCAC,NESCAC,iii,iii,
7,regular,2026-10-17 17:00:00+00:00,Ohio Wesleyan,Wittenberg,,,False,False,True,North Coast,North Coast,iii,iii,
7,regular,2026-10-17 17:00:00+00:00,William Paterson,The College of New Jersey,,,False,False,True,New Jersey,New Jersey,iii,iii,
7,regular,2026-10-17 17:00:00+00:00,Hampden Sydney,Guilford,,,False,False,True,Old Dominion,Old Dominion,iii,iii,
7,regular,2026-10-17 17:00:00+00:00,Allegheny,Washington & Jefferson,,,False,False,True,Presidents',Presidents',iii,iii,
7,regular,2026-10-17 17:00:00+00:00,Pace,American International,,,False,False,True,Northeast 10,Northeast 10,ii,ii,
7,regular,2026-10-17 17:00:00+00:00,Grove City,Hiram,,,False,False,True,Presidents',Presidents',iii,iii,
7,regular,2026-10-17 17:00:00+00:00,Saint Francis,Saint Vincent,,,False,False,True,Presidents',Presidents',iii,iii,
7,regular,2026-10-17 17:00:00+00:00,DePauw,Denison,,,False,False,True,North Coast,North Coast,iii,iii,
7,regular,2026-10-17 17:00:00+00:00,Shippensburg,East Stroudsburg,,,False,False,True,Pennsylvania State Athletic,Pennsylvania State Athletic,ii,ii,
7,regular,2026-10-17 17:00:00+00:00,Lock Haven,Edinboro,,,False,False,True,Pennsylvania State Athletic,Pennsylvania State Athletic,ii,ii,
7,regular,2026-10-17 17:00:00+00:00,Frostburg State,Charleston (WV),,,False,False,True,Mountain East,Mountain East,ii,ii,
7,regular,2026-10-17 17:00:00+00:00,West Liberty,West Virginia Wesleyan,,,False,False,True,Mountain East,Mountain East,ii,ii,
7,regular,2026-10-17 17:00:00+00:00,Winston-Salem State,Bluefield State,,,False,False,True,CIAA,CIAA,ii,ii,
7,regular,2026-10-17 17:00:00+00:00,Alma,Olivet,,,False,False,True,Michigan,Michigan,iii,iii,
7,regular,2026-10-17 17:00:00+00:00,Shaw,Virginia State,,,False,False,True,CIAA,CIAA,ii,ii,
7,regular,2026-10-17 17:00:00+00:00,Chowan,Erskine,,,False,False,True,Carolinas,Carolinas,ii,ii,
7,regular,2026-10-17 17:00:00+00:00,Maine,Bryant,,,False,False,True,Coastal Athletic,Coastal Athletic,fcs,fcs,
7,regular,2026-10-17 17:00:00+00:00,Southern Connecticut State,Assumption,,,False,False,True,Northeast 10,Northeast 10,ii,ii,
7,regular,2026-10-17 17:00:00+00:00,New Hampshire,Monmouth,,,False,False,True,Coastal Athletic,Coastal Athletic,fcs,fcs,
7,regular,2026-10-17 17:00:00+00:00,Rowan,Kean,,,False,False,True,New Jersey,New Jersey,iii,iii,
7,regular,2026-10-17 17:00:00+00:00,Texas A&M,The Citadel,,,False,False,False,SEC,Southern,fbs,fcs,
7,regular,2026-10-17 17:00:00+00:00,Davidson,Morehead State,,,False,False,True,Pioneer,Pioneer,fcs,fcs,
7,regular,2026-10-17 17:00:00+00:00,Drake,Marist,,,False,False,True,Pioneer,Pioneer,fcs,fcs,
7,regular,2026-10-17 17:00:00+00:00,Northwestern State,McNeese,,,False,False,True,Southland,Southland,fcs,fcs,
7,regular,2026-10-17 17:00:00+00:00,Bowie State,Virginia Union,,,False,False,True,CIAA,CIAA,ii,ii,
7,regular,2026-10-17 17:00:00+00:00,Northeastern State,William Jewell,,,False,False,False,Independent DII,Great Lakes,ii,ii,
7,regular,2026-10-17 17:00:00+00:00,Ferrum,Delta State,,,False,False,False,Carolinas,Gulf South,ii,ii,
7,regular,2026-10-17 17:00:00+00:00,Hillsdale,Findlay,,,False,False,True,Great Midwest Athletic,Great Midwest Athletic,ii,ii,
7,regular,2026-10-17 17:00:00+00:00,Clark Atlanta,Allen,,,False,False,True,SIAC,SIAC,ii,ii,
7,regular,2026-10-17 17:00:00+00:00,Lincoln (MO),Indianapolis,,,False,False,True,Great Lakes,Great Lakes,ii,ii,
7,regular,2026-10-17 17:00:00+00:00,Kentucky State,Lane College,,,False,False,True,SIAC,SIAC,ii,ii,
7,regular,2026-10-17 17:00:00+00:00,Carson Newman,Emory & Henry,,,False,False,True,South Atlantic,South Atlantic,ii,ii,
7,regular,2026-10-17 17:00:00+00:00,Gettysburg,Carnegie Mellon,,,False,False,True,Centennial,Presidents',iii,iii,
7,regular,2026-10-17 17:00:00+00:00,Methodist,Southern Virginia,,,False,False,True,USA South,USA South,iii,iii,
7,regular,2026-10-17 17:00:00+00:00,Stevenson,Delaware Valley,,,False,False,True,Mid Atlantic,Mid Atlantic,iii,iii,
7,regular,2026-10-17 17:00:00+00:00,Eastern,Widener,,,False,False,True,Mid Atlantic,Mid Atlantic,iii,iii,
7,regular,2026-10-17 17:00:00+00:00,Misericordia,FDU Florham,,,False,False,True,Mid Atlantic,Mid Atlantic,iii,iii,
7,regular,2026-10-17 17:00:00+00:00,King's,Lebanon Valley,,,False,False,True,Mid Atlantic,Mid Atlantic,iii,iii,
7,regular,2026-10-17 17:00:00+00:00,Rose Hulman,Heidelberg,,,False,False,False,Heartland,Ohio,iii,iii,
7,regular,2026-10-17 17:00:00+00:00,Greensboro,Belhaven,,,False,False,True,USA South,USA South,iii,iii,
7,regular,2026-10-17 17:00:00+00:00,Franklin & Marshall,Dickinson,,,False,False,True,Centennial,Centennial,iii,iii,
7,regular,2026-10-17 17:00:00+00:00,Ursinus,Johns Hopkins,,,False,False,True,Centennial,Centennial,iii,iii,
7,regular,2026-10-17 17:00:00+00:00,McMurry,Westgate Christian University,,,False,False,False,American Southwest,,iii,,
7,regular,2026-10-17 17:00:00+00:00,Centre,Rhodes,,,False,False,True,Southern Athletic,Southern Athletic,iii,iii,
7,regular,2026-10-17 17:00:00+00:00,Greenville,Crown,,,False,False,True,Upper Midwest,Upper Midwest,iii,iii,
7,regular,2026-10-17 17:00:00+00:00,Western New England,Endicott,,,False,False,True,Commonwealth Coast,Commonwealth Coast,iii,iii,
7,regular,2026-10-17 17:00:00+00:00,Stonehill,Duquesne,,,False,False,True,NEC,NEC,fcs,fcs,
7,regular,2026-10-17 17:00:00+00:00,Colgate,Georgetown,,,False,False,True,Patriot,Patriot,fcs,fcs,
7,regular,2026-10-17 17:00:00+00:00,Dartmouth,Merrimack,,,False,False,False,Ivy,FCS Independents,fcs,fcs,
7,regular,2026-10-17 17:00:00+00:00,Keystone,Apprentice School,,,False,False,False,Independent DIII,Independent DIII,iii,iii,
7,regular,2026-10-17 17:00:00+00:00,Harvard,Holy Cross,,,False,False,False,Ivy,Patriot,fcs,fcs,
7,regular,2026-10-17 17:00:00+00:00,Butler,Dayton,,,False,False,True,Pioneer,Pioneer,fcs,fcs,
7,regular,2026-10-17 17:30:00+00:00,Wofford,VMI,,,False,False,True,Southern,Southern,fcs,fcs,
7,regular,2026-10-17 17:30:00+00:00,Tufts,Trinity (CT),,,False,False,True,NESCAC,NESCAC,iii,iii,
7,regular,2026-10-17 17:30:00+00:00,Capital,Mount Union,,,False,False,True,Ohio,Ohio,iii,iii,
7,regular,2026-10-17 17:30:00+00:00,Marietta,Baldwin Wallace,,,False,False,True,Ohio,Ohio,iii,iii,
7,regular,2026-10-17 17:30:00+00:00,Manchester,Franklin,,,False,False,True,Heartland,Heartland,iii,iii,
7,regular,2026-10-17 17:30:00+00:00,Mount St Joseph,Bluffton,,,False,False,True,Heartland,Heartland,iii,iii,
7,regular,2026-10-17 17:30:00+00:00,Anderson (IN),Hanover,,,False,False,True,Heartland,Heartland,iii,iii,
7,regular,2026-10-17 17:30:00+00:00,Fayetteville State,Elizabeth City State,,,False,False,True,CIAA,CIAA,ii,ii,
7,regular,2026-10-17 18:00:00+00:00,Southwest Baptist,Upper Iowa,,,False,False,True,Great Lakes,Great Lakes,ii,ii,
7,regular,2026-10-17 18:00:00+00:00,North Dakota,South Dakota State,,,False,False,True,MVFC,MVFC,fcs,fcs,
7,regular,2026-10-17 18:00:00+00:00,West Georgia,Austin Peay,,,False,False,True,UAC,UAC,fcs,fcs,
7,regular,2026-10-17 18:00:00+00:00,Johnson C. Smith,Lincoln (PA),,,False,False,True,CIAA,CIAA,ii,ii,
7,regular,2026-10-17 18:00:00+00:00,North Greenville,Shorter,,,False,False,True,Carolinas,Carolinas,ii,ii,
7,regular,2026-10-17 18:00:00+00:00,Lake Erie,Northwood,,,False,False,True,Great Midwest Athletic,Great Midwest Athletic,ii,ii,
7,regular,2026-10-17 18:00:00+00:00,Roosevelt,Davenport,,,False,False,True,GLIAC,GLIAC,ii,ii,
7,regular,2026-10-17 18:00:00+00:00,Benedict,Edward Waters,,,False,False,True,SIAC,SIAC,ii,ii,
7,regular,2026-10-17 18:00:00+00:00,Missouri S&T,McKendree,,,False,False,True,Great Lakes,Great Lakes,ii,ii,
7,regular,2026-10-17 18:00:00+00:00,Central Missouri,Washburn,,,False,False,True,Mid America,Mid America,ii,ii,
7,regular,2026-10-17 18:00:00+00:00,Lenoir Rhyne,Wingate,,,False,False,True,South Atlantic,South Atlantic,ii,ii,
7,regular,2026-10-17 18:00:00+00:00,Tusculum,UVA Wise,,,False,False,True,South Atlantic,South Atlantic,ii,ii,
7,regular,2026-10-17 18:00:00+00:00,Bentley,Saint Anselm,,,False,False,True,Northeast 10,Northeast 10,ii,ii,
7,regular,2026-10-17 18:00:00+00:00,IU Pennsylvania,Slippery Rock,,,False,False,True,Pennsylvania State Athletic,Pennsylvania State Athletic,ii,ii,
7,regular,2026-10-17 18:00:00+00:00,Millersville,Kutztown,,,False,False,True,Pennsylvania State Athletic,Pennsylvania State Athletic,ii,ii,
7,regular,2026-10-17 18:00:00+00:00,Buena Vista,Coe,,,False,False,True,American Rivers,American Rivers,iii,iii,
7,regular,2026-10-17 18:00:00+00:00,Wheaton (IL),Carroll (WI),,,False,False,True,CCIW,CCIW,iii,iii,
7,regular,2026-10-17 18:00:00+00:00,Wisconsin Stout,Wisconsin Whitewater,,,False,False,True,Wisconsin,Wisconsin,iii,iii,
7,regular,2026-10-17 18:00:00+00:00,Wisconsin La Crosse,Wisconsin Stevens Point,,,False,False,True,Wisconsin,Wisconsin,iii,iii,
7,regular,2026-10-17 18:00:00+00:00,Wisconsin Platteville,Wisconsin River Falls,,,False,False,True,Wisconsin,Wisconsin,iii,iii,
7,regular,2026-10-17 18:00:00+00:00,Wisconsin Eau Claire,Wisconsin Oshkosh,,,False,False,True,Wisconsin,Wisconsin,iii,iii,
7,regular,2026-10-17 18:00:00+00:00,Trinity (TX),Maryville (TN),,,False,False,True,Southern Athletic,USA South,iii,iii,
7,regular,2026-10-17 18:00:00+00:00,Brevard,LaGrange,,,False,False,True,USA South,USA South,iii,iii,
7,regular,2026-10-17 18:00:00+00:00,Nebraska Wesleyan,Central College,,,False,False,True,American Rivers,American Rivers,iii,iii,
7,regular,2026-10-17 18:00:00+00:00,Loras,Wartburg,,,False,False,True,American Rivers,American Rivers,iii,iii,
7,regular,2026-10-17 18:00:00+00:00,Hardin Simmons,East Texas Baptist,,,False,False,True,American Southwest,American Southwest,iii,iii,
7,regular,2026-10-17 18:00:00+00:00,Texas Wesleyan,Mary Hardin Baylor,,,False,False,False,,American Southwest,,iii,
7,regular,2026-10-17 18:00:00+00:00,Muhlenberg,McDaniel,,,False,False,True,Centennial,Centennial,iii,iii,
7,regular,2026-10-17 18:00:00+00:00,Sewanee,Millsaps,,,False,False,True,Southern Athletic,Southern Athletic,iii,iii,
7,regular,2026-10-17 18:00:00+00:00,Benedictine (IL),St. Norbert,,,False,False,True,NACC,NACC,iii,iii,
7,regular,2026-10-17 18:00:00+00:00,Norwich,SUNY Maritime,,,False,False,True,NEWMAC,NEWMAC,iii,iii,
7,regular,2026-10-17 18:00:00+00:00,Middlebury,Williams,,,False,False,True,NESCAC,NESCAC,iii,iii,
7,regular,2026-10-17 18:00:00+00:00,Bridgewater,Washington and Lee,,,False,False,True,Old Dominion,Old Dominion,iii,iii,
7,regular,2026-10-17 18:00:00+00:00,Concordia Chicago,Lakeland,,,False,False,True,NACC,NACC,iii,iii,
7,regular,2026-10-17 18:00:00+00:00,Saint John's (MN),Concordia (MN),,,False,False,True,Minnesota,Minnesota,iii,iii,
7,regular,2026-10-17 18:00:00+00:00,Aurora,Wisconsin Lutheran,,,False,False,True,NACC,NACC,iii,iii,
7,regular,2026-10-17 18:00:00+00:00,St. Scholastica,Gustavus Adolphus,,,False,False,True,Minnesota,Minnesota,iii,iii,
7,regular,2026-10-17 18:00:00+00:00,Cornell,Lehigh,,,False,False,False,Ivy,Patriot,fcs,fcs,
7,regular,2026-10-17 18:00:00+00:00,Stetson,Presbyterian,,,False,False,True,Pioneer,Pioneer,fcs,fcs,
7,regular,2026-10-17 18:00:00+00:00,Rockford,Concordia (WI),,,False,False,True,NACC,NACC,iii,iii,
7,regular,2026-10-17 18:00:00+00:00,Emporia State,Central Oklahoma,,,False,False,True,Mid America,Mid America,ii,ii,
7,regular,2026-10-17 18:00:00+00:00,Nebraska Kearney,Missouri Southern State,,,False,False,True,Mid America,Mid America,ii,ii,
7,regular,2026-10-17 18:00:00+00:00,Anderson (SC),Catawba,,,False,False,True,South Atlantic,South Atlantic,ii,ii,
7,regular,2026-10-17 18:00:00+00:00,Concord,Glenville State,,,False,False,True,Mountain East,Mountain East,ii,ii,
7,regular,2026-10-17 18:00:00+00:00,Chicago,Illinois College,,,False,False,True,Midwest,Midwest,iii,iii,
7,regular,2026-10-17 18:00:00+00:00,Carthage,North Park,,,False,False,True,CCIW,CCIW,iii,iii,
7,regular,2026-10-17 18:00:00+00:00,Minnesota Morris,Martin Luther,,,False,False,True,Upper Midwest,Upper Midwest,iii,iii,
7,regular,2026-10-17 18:00:00+00:00,Elmhurst,North Central College,,,False,False,True,CCIW,CCIW,iii,iii,
7,regular,2026-10-17 18:00:00+00:00,Texas Lutheran,Hendrix,,,False,False,True,Southern Collegiate Athletic,Southern Athletic,iii,iii,
7,regular,2026-10-17 18:00:00+00:00,Westfield State,Framingham State,,,False,False,True,MSCAC,MSCAC,iii,iii,
7,regular,2026-10-17 18:00:00+00:00,Hope,Adrian,,,False,False,True,Michigan,Michigan,iii,iii,
7,regular,2026-10-17 18:00:00+00:00,Cornell (IA),Knox,,,False,False,True,Midwest,Midwest,iii,iii,
7,regular,2026-10-17 18:00:00+00:00,Beloit,Monmouth (IL),,,False,False,True,Midwest,Midwest,iii,iii,
7,regular,2026-10-17 18:00:00+00:00,Lawrence,Grinnell,,,False,False,True,Midwest,Midwest,iii,iii,
7,regular,2026-10-17 18:00:00+00:00,Lake Forest,Luther,,,False,False,True,Midwest,Midwest,iii,iii,
7,regular,2026-10-17 18:00:00+00:00,St. Olaf,Bethel (MN),,,False,False,True,Minnesota,Minnesota,iii,iii,
7,regular,2026-10-17 18:30:00+00:00,Stony Brook,UAlbany,,,False,False,True,Coastal Athletic,Coastal Athletic,fcs,fcs,
7,regular,2026-10-17 18:30:00+00:00,Worcester State,UMass Dartmouth,,,False,False,True,MSCAC,MSCAC,iii,iii,
7,regular,2026-10-17 18:30:00+00:00,Tennessee Tech,Eastern Kentucky,,,False,False,False,Southern,UAC,fcs,fcs,
7,regular,2026-10-17 19:00:00+00:00,Weber State,Idaho State,,,False,False,True,Big Sky,Big Sky,fcs,fcs,
7,regular,2026-10-17 19:00:00+00:00,Arkansas-Pine Bluff,Alabama State,,,False,False,True,SWAC,SWAC,fcs,fcs,
7,regular,2026-10-17 19:00:00+00:00,Prairie View A&M,Alcorn State,,,False,False,True,SWAC,SWAC,fcs,fcs,
7,regular,2026-10-17 19:00:00+00:00,Mississippi Valley State,Bethune-Cookman,,,False,False,True,SWAC,SWAC,fcs,fcs,
7,regular,2026-10-17 19:00:00+00:00,Montana,Idaho,,,False,False,True,Big Sky,Big Sky,fcs,fcs,
7,regular,2026-10-17 19:00:00+00:00,Simpson (IA),Dubuque,,,False,False,True,American Rivers,American Rivers,iii,iii,
7,regular,2026-10-17 19:00:00+00:00,Harding,Henderson State,,,False,False,True,Great American,Great American,ii,ii,
7,regular,2026-10-17 19:00:00+00:00,Northwestern (OK),Southeastern Oklahoma State,,,False,False,True,Great American,Great American,ii,ii,
7,regular,2026-10-17 19:00:00+00:00,Tuskegee,Albany State,,,False,False,True,SIAC,SIAC,ii,ii,
7,regular,2026-10-17 19:00:00+00:00,Savannah State,Fort Valley State,,,False,False,True,SIAC,SIAC,ii,ii,
7,regular,2026-10-17 19:00:00+00:00,Grand Valley State,Ferris State,,,False,False,True,GLIAC,GLIAC,ii,ii,
7,regular,2026-10-17 19:00:00+00:00,Chadron State,Adams State,,,False,False,True,Rocky Mountain,Rocky Mountain,ii,ii,
7,regular,2026-10-17 19:00:00+00:00,Colorado Mesa,Colorado School of Mines,,,False,False,True,Rocky Mountain,Rocky Mountain,ii,ii,
7,regular,2026-10-17 19:00:00+00:00,Quincy,Truman State,,,False,False,True,Great Lakes,Great Lakes,ii,ii,
7,regular,2026-10-17 19:00:00+00:00,Pittsburg State,Missouri Western,,,False,False,True,Mid America,Mid America,ii,ii,
7,regular,2026-10-17 19:00:00+00:00,Averett,Randolph Macon,,,False,False,True,Old Dominion,Old Dominion,iii,iii,
7,regular,2026-10-17 19:00:00+00:00,Wooster,Oberlin,,,False,False,True,North Coast,North Coast,iii,iii,
7,regular,2026-10-17 19:00:00+00:00,Jackson State,Florida A&M,,,False,False,True,SWAC,SWAC,fcs,fcs,
7,regular,2026-10-17 19:00:00+00:00,Alabama A&M,Grambling,,,False,False,True,SWAC,SWAC,fcs,fcs,
7,regular,2026-10-17 19:00:00+00:00,Southeast Missouri State,Western Illinois,,,False,False,True,OVC,OVC,fcs,fcs,
7,regular,2026-10-17 19:00:00+00:00,UT Martin,Gardner-Webb,,,False,False,True,OVC,OVC,fcs,fcs,
7,regular,2026-10-17 19:00:00+00:00,Eastern Illinois,Lindenwood,,,False,False,True,OVC,OVC,fcs,fcs,
7,regular,2026-10-17 19:00:00+00:00,Bucknell,Lafayette,,,False,False,True,Patriot,Patriot,fcs,fcs,
7,regular,2026-10-17 19:30:00+00:00,Wyoming,Northern Illinois,,,False,False,True,Mountain West,Mountain West,fbs,fbs,
7,regular,2026-10-17 19:30:00+00:00,Campbell,Towson,,,False,False,True,Coastal Athletic,Coastal Athletic,fcs,fcs,
7,regular,2026-10-17 19:30:00+00:00,Fordham,Villanova,,,False,False,True,Patriot,Patriot,fcs,fcs,
7,regular,2026-10-17 19:30:00+00:00,Air Force,UNLV,,,False,False,True,Mountain West,Mountain West,fbs,fbs,
7,regular,2026-10-17 19:30:00+00:00,Howard,Morehouse,,,False,False,False,MEAC,SIAC,fcs,ii,
7,regular,2026-10-17 20:00:00+00:00,Wilmington (OH),Muskingum,,,False,False,True,Ohio,Ohio,iii,iii,
7,regular,2026-10-17 20:00:00+00:00,Willamette,Puget Sound,,,False,False,True,Northwest,Northwest,iii,iii,
7,regular,2026-10-17 20:00:00+00:00,CSU Pueblo,New Mexico Highlands,,,False,False,True,Rocky Mountain,Rocky Mountain,ii,ii,
7,regular,2026-10-17 20:00:00+00:00,Schreiner,Howard Payne,,,False,False,True,,American Southwest,,iii,
7,regular,2026-10-17 20:00:00+00:00,Claremont Mudd Scripps,Whittier,,,False,False,True,So. Cal.,So. Cal.,iii,iii,
7,regular,2026-10-17 20:00:00+00:00,Pacific (OR),Pacific Lutheran,,,False,False,True,Northwest,Northwest,iii,iii,
7,regular,2026-10-17 20:00:00+00:00,Lewis & Clark,George Fox,,,False,False,True,Northwest,Northwest,iii,iii,
7,regular,2026-10-17 20:00:00+00:00,Whitworth,Linfield,,,False,False,True,Northwest,Northwest,iii,iii,
7,regular,2026-10-17 20:00:00+00:00,Nicholls,Stephen F. Austin,,,False,False,True,Southland,Southland,fcs,fcs,
7,regular,2026-10-17 20:00:00+00:00,San Diego,Valparaiso,,,False,False,True,Pioneer,Pioneer,fcs,fcs,
7,regular,2026-10-17 20:00:00+00:00,Barton,UNC Pembroke,,,False,False,True,Carolinas,Carolinas,ii,ii,
7,regular,2026-10-17 21:00:00+00:00,Murray State,South Dakota,,,False,False,True,MVFC,MVFC,fcs,fcs,
7,regular,2026-10-17 21:00:00+00:00,Eastern New Mexico,West Texas,,,False,False,True,Lone Star,Lone Star,ii,ii,
7,regular,2026-10-17 21:00:00+00:00,West Florida,West Alabama,,,False,False,False,UAC,Gulf South,fcs,ii,
7,regular,2026-10-17 22:00:00+00:00,Youngstown State,Northern Iowa,,,False,False,True,MVFC,MVFC,fcs,fcs,
7,regular,2026-10-17 22:00:00+00:00,West Chester,Lackawanna,,,False,False,True,Pennsylvania State Athletic,,ii,,
7,regular,2026-10-17 22:00:00+00:00,Wayne State (MI),Saginaw Valley State,,,False,False,True,GLIAC,GLIAC,ii,ii,
7,regular,2026-10-17 22:00:00+00:00,Oregon State,Washington State,,,False,False,True,Pac-12,Pac-12,fbs,fbs,
7,regular,2026-10-17 22:30:00+00:00,Tennessee State,Morgan State,,,False,False,False,OVC,MEAC,fcs,fcs,
7,regular,2026-10-17 23:00:00+00:00,Houston Christian,East Texas A&M,,,False,False,True,Southland,Southland,fcs,fcs,
7,regular,2026-10-17 23:00:00+00:00,Samford,Mercer,,,False,False,True,Southern,Southern,fcs,fcs,
7,regular,2026-10-17 23:00:00+00:00,UT Permian Basin,Western Oregon,,,False,False,True,Lone Star,Lone Star,ii,ii,
7,regular,2026-10-17 23:00:00+00:00,Case Western Reserve,Waynesburg,,,False,False,True,Presidents',Presidents',iii,iii,
7,regular,2026-10-17 23:00:00+00:00,Millikin,Illinois Wesleyan,,,False,False,True,CCIW,CCIW,iii,iii,
7,regular,2026-10-17 23:00:00+00:00,North Dakota State,Nevada,,,False,False,True,Mountain West,Mountain West,fbs,fbs,
7,regular,2026-10-17 23:00:00+00:00,Arkansas Tech,Southern Arkansas,,,False,False,True,Great American,Great American,ii,ii,
7,regular,2026-10-17 23:00:00+00:00,Centenary (LA),Austin,,,False,False,True,Southern Collegiate Athletic,Southern Collegiate Athletic,iii,iii,
7,regular,2026-10-17 23:00:00+00:00,North Alabama,Abilene Christian,,,False,False,True,UAC,UAC,fcs,fcs,
7,regular,2026-10-17 23:00:00+00:00,Eastern Washington,Montana State,,,False,False,True,Big Sky,Big Sky,fcs,fcs,
7,regular,2026-10-17 23:00:00+00:00,Northern Arizona,Portland State,,,False,False,True,Big Sky,Big Sky,fcs,fcs,
7,regular,2026-10-17 23:00:00+00:00,Tarleton State,Central Arkansas,,,False,False,True,UAC,UAC,fcs,fcs,
7,regular,2026-10-17 23:00:00+00:00,Incarnate Word,UT Rio Grande Valley,,,False,False,True,Southland,Southland,fcs,fcs,
7,regular,2026-10-17 23:00:00+00:00,SE Louisiana,Lamar,,,False,False,True,Southland,Southland,fcs,fcs,
7,regular,2026-10-17 23:30:00+00:00,Stanford,Elon,,,False,False,False,ACC,Coastal Athletic,fbs,fcs,
7,regular,2026-10-17 23:30:00+00:00,Geneva,Westminster (PA),,,False,False,True,Presidents',Presidents',iii,iii,
7,regular,2026-10-18 00:00:00+00:00,Fort Hays,Northwest Missouri State,,,False,False,True,Mid America,Mid America,ii,ii,
7,regular,2026-10-18 00:00:00+00:00,Hamline,Carleton,,,False,False,True,Minnesota,Minnesota,iii,iii,
7,regular,2026-10-18 00:00:00+00:00,Northern Colorado,Cal Poly,,,False,False,True,Big Sky,Big Sky,fcs,fcs,
7,regular,2026-10-18 00:00:00+00:00,Western Colorado,Fort Lewis,,,False,False,True,Rocky Mountain,Rocky Mountain,ii,ii,
7,regular,2026-10-18 00:00:00+00:00,Texas A&M-Kingsville,Central Washington,,,False,False,True,Lone Star,Lone Star,ii,ii,
7,regular,2026-10-18 00:00:00+00:00,Sul Ross State,Western New Mexico,,,False,False,True,Lone Star,Lone Star,ii,ii,
7,regular,2026-10-18 00:00:00+00:00,Southern Utah,UC Davis,,,False,False,True,Big Sky,Big Sky,fcs,fcs,
7,regular,2026-10-18 00:00:00+00:00,South Dakota Mines,Black Hills State,,,False,False,True,Rocky Mountain,Rocky Mountain,ii,ii,
7,regular,2026-10-18 01:00:00+00:00,Midwestern State,Angelo State,,,False,False,True,Lone Star,Lone Star,ii,ii,
7,regular,2026-10-18 01:00:00+00:00,Azusa Pacific,Chapman,,,False,False,True,So. Cal.,So. Cal.,iii,iii,
7,regular,2026-10-18 01:00:00+00:00,UTEP,San José State,,,False,False,True,Mountain West,Mountain West,fbs,fbs,
7,regular,2026-10-18 02:00:00+00:00,Cal Lutheran,Pomona Pitzer,,,False,False,True,So. Cal.,So. Cal.,iii,iii,
7,regular,2026-10-18 02:05:00+00:00,Redlands,La Verne,,,False,False,True,So. Cal.,So. Cal.,iii,iii,
7,regular,2026-10-18 02:30:00+00:00,San Diego State,Fresno State,,,False,False,True,Pac-12,Pac-12,fbs,fbs,
8,regular,2026-10-20 23:00:00+00:00,Florida International,Middle Tennessee,,,False,False,True,Conference USA,Conference USA,fbs,fbs,
8,regular,2026-10-20 23:00:00+00:00,Delaware,Missouri State,,,False,False,True,Conference USA,Conference USA,fbs,fbs,
8,regular,2026-10-20 23:30:00+00:00,Marshall,South Alabama,,,False,False,True,Sun Belt,Sun Belt,fbs,fbs,
8,regular,2026-10-22 00:00:00+00:00,Sam Houston,New Mexico State,,,False,False,True,Conference USA,Conference USA,fbs,fbs,
8,regular,2026-10-22 23:00:00+00:00,App State,James Madison,,,False,False,True,Sun Belt,Sun Belt,fbs,fbs,
8,regular,2026-10-22 23:00:00+00:00,Kennesaw State,Liberty,,,False,False,True,Conference USA,Conference USA,fbs,fbs,
8,regular,2026-10-22 23:30:00+00:00,Memphis,East Carolina,,,False,False,True,American Athletic,American Athletic,fbs,fbs,
8,regular,2026-10-23 21:00:00+00:00,Delaware State,North Carolina Central,,,False,False,True,MEAC,MEAC,fcs,fcs,
8,regular,2026-10-23 22:00:00+00:00,Johns Hopkins,Gettysburg,,,False,False,True,Centennial,Centennial,iii,iii,
8,regular,2026-10-23 23:00:00+00:00,UConn,Massachusetts,,,False,False,False,FBS Independents,Mid-American,fbs,fbs,
8,regular,2026-10-23 23:00:00+00:00,Virginia,Duke,,,False,False,True,ACC,ACC,fbs,fbs,
8,regular,2026-10-23 23:00:00+00:00,Pennsylvania,Yale,,,False,False,True,Ivy,Ivy,fcs,fcs,
8,regular,2026-10-24 00:30:00+00:00,Tulsa,Army,,,False,False,True,American Athletic,American Athletic,fbs,fbs,
8,regular,2026-10-24 01:00:00+00:00,Wyoming,Air Force,,,False,False,True,Mountain West,Mountain West,fbs,fbs,
8,regular,2026-10-24 02:30:00+00:00,Stanford,NC State,,,False,False,True,ACC,ACC,fbs,fbs,
8,regular,2026-10-24 04:00:00+00:00,Kansas,Baylor,,,False,False,True,Big 12,Big 12,fbs,fbs,
8,regular,2026-10-24 04:00:00+00:00,UCF,BYU,,,False,False,True,Big 12,Big 12,fbs,fbs,
8,regular,2026-10-24 04:00:00+00:00,Utah,Houston,,,False,False,True,Big 12,Big 12,fbs,fbs,
8,regular,2026-10-24 04:00:00+00:00,Arizona,Iowa State,,,False,False,True,Big 12,Big 12,fbs,fbs,
8,regular,2026-10-24 04:00:00+00:00,Arizona State,Kansas State,,,False,False,True,Big 12,Big 12,fbs,fbs,
8,regular,2026-10-24 04:00:00+00:00,Mississippi State,Oklahoma,,,False,False,True,SEC,SEC,fbs,fbs,FLEX: 3:30 - 4:30pm OR 6 - 8pm ET start
8,regular,2026-10-24 04:00:00+00:00,TCU,West Virginia,,,False,False,True,Big 12,Big 12,fbs,fbs,
8,regular,2026-10-24 04:00:00+00:00,Texas,Ole Miss,,,False,False,True,SEC,SEC,fbs,fbs,FLEX: 3:30 - 4:30pm OR 6 - 8pm ET start
8,regular,2026-10-24 04:00:00+00:00,South Carolina,Tennessee,,,False,False,True,SEC,SEC,fbs,fbs,AFTERNOON: 3:30 - 4:30pm ET start
8,regular,2026-10-24 04:00:00+00:00,Cincinnati,Texas Tech,,,False,False,True,Big 12,Big 12,fbs,fbs,
8,regular,2026-10-24 04:00:00+00:00,Miami,Pittsburgh,,,False,False,True,ACC,ACC,fbs,fbs,
8,regular,2026-10-24 04:00:00+00:00,Northern Illinois,Hawai'i,,,False,False,True,Mountain West,Mountain West,fbs,fbs,
8,regular,2026-10-24 04:00:00+00:00,Alabama,Texas A&M,,,False,False,True,SEC,SEC,fbs,fbs,FLEX: 3:30 - 4:30pm OR 6 - 8pm ET start
8,regular,2026-10-24 04:00:00+00:00,Oklahoma State,Colorado,,,False,False,True,Big 12,Big 12,fbs,fbs,
8,regular,2026-10-24 04:00:00+00:00,Michigan,Indiana,,,False,False,True,Big Ten,Big Ten,fbs,fbs,
8,regular,2026-10-24 04:00:00+00:00,Wisconsin,USC,,,False,False,True,Big Ten,Big Ten,fbs,fbs,
8,regular,2026-10-24 04:00:00+00:00,Florida Atlantic,Rice,,,False,False,True,American Athletic,American Athletic,fbs,fbs,
8,regular,2026-10-24 04:00:00+00:00,Illinois,Oregon,,,False,False,True,Big Ten,Big Ten,fbs,fbs,
8,regular,2026-10-24 04:00:00+00:00,Long Island University,Stonehill,,,False,False,True,NEC,NEC,fcs,fcs,
8,regular,2026-10-24 04:00:00+00:00,Louisiana Tech,Old Dominion,,,False,False,True,Sun Belt,Sun Belt,fbs,fbs,
8,regular,2026-10-24 04:00:00+00:00,Troy,UL Monroe,,,False,False,True,Sun Belt,Sun Belt,fbs,fbs,
8,regular,2026-10-24 04:00:00+00:00,SMU,California,,,False,False,True,ACC,ACC,fbs,fbs,
8,regular,2026-10-24 04:00:00+00:00,Georgia Tech,Boston College,,,False,False,True,ACC,ACC,fbs,fbs,
8,regular,2026-10-24 04:00:00+00:00,North Carolina,Syracuse,,,False,False,True,ACC,ACC,fbs,fbs,
8,regular,2026-10-24 04:00:00+00:00,Kentucky,Vanderbilt,,,False,False,True,SEC,SEC,fbs,fbs,NIGHT: 6 - 8pm ET start
8,regular,2026-10-24 04:00:00+00:00,Southern Miss,Louisiana,,,False,False,True,Sun Belt,Sun Belt,fbs,fbs,
8,regular,2026-10-24 04:00:00+00:00,Central Michigan,Miami (OH),,,False,False,True,Mid-American,Mid-American,fbs,fbs,
8,regular,2026-10-24 04:00:00+00:00,Tulane,UTSA,,,False,False,True,American Athletic,American Athletic,fbs,fbs,
8,regular,2026-10-24 04:00:00+00:00,UCLA,Michigan State,,,False,False,True,Big Ten,Big Ten,fbs,fbs,
8,regular,2026-10-24 04:00:00+00:00,Northwestern,Rutgers,,,False,False,True,Big Ten,Big Ten,fbs,fbs,
8,regular,2026-10-24 04:00:00+00:00,Minnesota,Iowa,,,False,False,True,Big Ten,Big Ten,fbs,fbs,
8,regular,2026-10-24 04:00:00+00:00,Clemson,Virginia Tech,,,False,False,True,ACC,ACC,fbs,fbs,
8,regular,2026-10-24 04:00:00+00:00,Kent State,Akron,,,False,False,True,Mid-American,Mid-American,fbs,fbs,
8,regular,2026-10-24 04:00:00+00:00,Buffalo,Bowling Green,,,False,False,True,Mid-American,Mid-American,fbs,fbs,
8,regular,2026-10-24 04:00:00+00:00,Ohio,Eastern Michigan,,,False,False,True,Mid-American,Mid-American,fbs,fbs,
8,regular,2026-10-24 04:00:00+00:00,Toledo,Western Michigan,,,False,False,True,Mid-American,Mid-American,fbs,fbs,
8,regular,2026-10-24 04:00:00+00:00,Ball State,Sacramento State,,,False,False,True,Mid-American,Mid-American,fbs,fbs,
8,regular,2026-10-24 15:00:00+00:00,Maine Maritime,New England College,,,False,False,True,Commonwealth Coast,,iii,,
8,regular,2026-10-24 16:00:00+00:00,Christopher Newport,Vermont State Castleton,,,False,False,True,New Jersey,New Jersey,iii,iii,
8,regular,2026-10-24 16:00:00+00:00,Auburn,LSU,,,False,False,True,SEC,SEC,fbs,fbs,
8,regular,2026-10-24 16:00:00+00:00,Rhode Island,UAlbany,,,False,False,True,Coastal Athletic,Coastal Athletic,fcs,fcs,
8,regular,2026-10-24 16:00:00+00:00,Merrimack,New Hampshire,,,False,False,False,FCS Independents,Coastal Athletic,fcs,fcs,
8,regular,2026-10-24 16:00:00+00:00,Brockport,SUNY Morrisville,,,False,False,True,Empire 8,Empire 8,iii,iii,
8,regular,2026-10-24 16:00:00+00:00,FDU Florham,King's,,,False,False,True,Mid Atlantic,Mid Atlantic,iii,iii,
8,regular,2026-10-24 16:00:00+00:00,Western New England,Curry,,,False,False,True,Commonwealth Coast,Commonwealth Coast,iii,iii,
8,regular,2026-10-24 16:00:00+00:00,Endicott,Nichols,,,False,False,True,Commonwealth Coast,Commonwealth Coast,iii,iii,
8,regular,2026-10-24 16:00:00+00:00,Framingham State,Mass Maritime,,,False,False,True,MSCAC,MSCAC,iii,iii,
8,regular,2026-10-24 16:00:00+00:00,Plymouth State,Westfield State,,,False,False,True,MSCAC,MSCAC,iii,iii,
8,regular,2026-10-24 16:00:00+00:00,Moravian,Catholic,,,False,False,True,Landmark Conference,Landmark Conference,iii,iii,
8,regular,2026-10-24 16:00:00+00:00,Wilkes,Susquehanna,,,False,False,True,Landmark Conference,Landmark Conference,iii,iii,
8,regular,2026-10-24 16:00:00+00:00,Hamilton,Colby,,,False,False,True,NESCAC,NESCAC,iii,iii,
8,regular,2026-10-24 16:00:00+00:00,Merchant Marine,Springfield,,,False,False,True,NEWMAC,NEWMAC,iii,iii,
8,regular,2026-10-24 16:00:00+00:00,Salve Regina,MIT,,,False,False,True,NEWMAC,NEWMAC,iii,iii,
8,regular,2026-10-24 16:00:00+00:00,Waynesburg,Grove City,,,False,False,True,Presidents',Presidents',iii,iii,
8,regular,2026-10-24 16:00:00+00:00,Findlay,Walsh,,,False,False,True,Great Midwest Athletic,Great Midwest Athletic,ii,ii,
8,regular,2026-10-24 16:00:00+00:00,Northwood,Ohio Dominican,,,False,False,True,Great Midwest Athletic,Great Midwest Athletic,ii,ii,
8,regular,2026-10-24 16:00:00+00:00,Ashland,Kentucky Wesleyan,,,False,False,True,Great Midwest Athletic,Great Midwest Athletic,ii,ii,
8,regular,2026-10-24 16:00:00+00:00,Davenport,Wayne State (MI),,,False,False,True,GLIAC,GLIAC,ii,ii,
8,regular,2026-10-24 16:00:00+00:00,Bentley,Southern Connecticut State,,,False,False,True,Northeast 10,Northeast 10,ii,ii,
8,regular,2026-10-24 16:00:00+00:00,Edinboro,Gannon,,,False,False,True,Pennsylvania State Athletic,Pennsylvania State Athletic,ii,ii,
8,regular,2026-10-24 16:00:00+00:00,Kutztown,West Chester,,,False,False,True,Pennsylvania State Athletic,Pennsylvania State Athletic,ii,ii,
8,regular,2026-10-24 16:00:00+00:00,West Virginia State,Monroe,,,False,False,False,Mountain East,,ii,,
8,regular,2026-10-24 16:00:00+00:00,Carnegie Mellon,Muhlenberg,,,False,False,True,Presidents',Centennial,iii,iii,
8,regular,2026-10-24 16:00:00+00:00,Rochester (NY),Rensselaer,,,False,False,True,Liberty League,Liberty League,iii,iii,
8,regular,2026-10-24 16:00:00+00:00,Utica,Alfred,,,False,False,True,Empire 8,Empire 8,iii,iii,
8,regular,2026-10-24 16:00:00+00:00,Marist,St. Thomas (MN),,,False,False,True,Pioneer,Pioneer,fcs,fcs,
8,regular,2026-10-24 16:00:00+00:00,Dayton,San Diego,,,False,False,True,Pioneer,Pioneer,fcs,fcs,
8,regular,2026-10-24 16:00:00+00:00,Central Connecticut,New Haven,,,False,False,True,NEC,NEC,fcs,fcs,
8,regular,2026-10-24 16:00:00+00:00,Brown,Cornell,,,False,False,True,Ivy,Ivy,fcs,fcs,
8,regular,2026-10-24 16:00:00+00:00,Duquesne,Wagner,,,False,False,True,NEC,NEC,fcs,fcs,
8,regular,2026-10-24 17:00:00+00:00,Wabash,Washington St. Louis,,,False,False,True,North Coast,North Coast,iii,iii,
8,regular,2026-10-24 17:00:00+00:00,Oberlin,Ohio Wesleyan,,,False,False,True,North Coast,North Coast,iii,iii,
8,regular,2026-10-24 17:00:00+00:00,Lakeland,Eureka,,,False,False,True,NACC,NACC,iii,iii,
8,regular,2026-10-24 17:00:00+00:00,Thiel,Washington & Jefferson,,,False,False,True,Presidents',Presidents',iii,iii,
8,regular,2026-10-24 17:00:00+00:00,Westminster (PA),Saint Francis,,,False,False,True,Presidents',Presidents',iii,iii,
8,regular,2026-10-24 17:00:00+00:00,Saint Vincent,Geneva,,,False,False,True,Presidents',Presidents',iii,iii,
8,regular,2026-10-24 17:00:00+00:00,Bethany (WV),Allegheny,,,False,False,True,Presidents',Presidents',iii,iii,
8,regular,2026-10-24 17:00:00+00:00,Washington and Lee,Hampden Sydney,,,False,False,True,Old Dominion,Old Dominion,iii,iii,
8,regular,2026-10-24 17:00:00+00:00,Randolph Macon,Guilford,,,False,False,True,Old Dominion,Old Dominion,iii,iii,
8,regular,2026-10-24 17:00:00+00:00,Salisbury,Montclair State,,,False,False,True,New Jersey,New Jersey,iii,iii,
8,regular,2026-10-24 17:00:00+00:00,Norwich,Coast Guard,,,False,False,True,NEWMAC,NEWMAC,iii,iii,
8,regular,2026-10-24 17:00:00+00:00,Bates,Middlebury,,,False,False,True,NESCAC,NESCAC,iii,iii,
8,regular,2026-10-24 17:00:00+00:00,Amherst,Wesleyan (CT),,,False,False,True,NESCAC,NESCAC,iii,iii,
8,regular,2026-10-24 17:00:00+00:00,Alma,Hope,,,False,False,True,Michigan,Michigan,iii,iii,
8,regular,2026-10-24 17:00:00+00:00,Calvin,Albion,,,False,False,True,Michigan,Michigan,iii,iii,
8,regular,2026-10-24 17:00:00+00:00,Adrian,Trine,,,False,False,True,Michigan,Michigan,iii,iii,
8,regular,2026-10-24 17:00:00+00:00,St. Lawrence,Hobart,,,False,False,True,Liberty League,Liberty League,iii,iii,
8,regular,2026-10-24 17:00:00+00:00,Union,Ithaca,,,False,False,True,Liberty League,Liberty League,iii,iii,
8,regular,2026-10-24 17:00:00+00:00,John Carroll,Wooster,,,False,False,True,Ohio,North Coast,iii,iii,
8,regular,2026-10-24 17:00:00+00:00,Lycoming,Western Connecticut State,,,False,False,True,Landmark Conference,Landmark Conference,iii,iii,
8,regular,2026-10-24 17:00:00+00:00,Dean,Worcester State,,,False,False,True,MSCAC,MSCAC,iii,iii,
8,regular,2026-10-24 17:00:00+00:00,Husson,New England,,,False,False,True,Commonwealth Coast,Commonwealth Coast,iii,iii,
8,regular,2026-10-24 17:00:00+00:00,Westminster (MO),Minnesota Morris,,,False,False,True,Upper Midwest,Upper Midwest,iii,iii,
8,regular,2026-10-24 17:00:00+00:00,Valparaiso,Presbyterian,,,False,False,True,Pioneer,Pioneer,fcs,fcs,
8,regular,2026-10-24 17:00:00+00:00,Northwestern (MN),Greenville,,,False,False,True,Upper Midwest,Upper Midwest,iii,iii,
8,regular,2026-10-24 17:00:00+00:00,Southwestern U,Rhodes,,,False,False,True,Southern Athletic,Southern Athletic,iii,iii,
8,regular,2026-10-24 17:00:00+00:00,Franklin & Marshall,Ursinus,,,False,False,True,Centennial,Centennial,iii,iii,
8,regular,2026-10-24 17:00:00+00:00,Lebanon Valley,Widener,,,False,False,True,Mid Atlantic,Mid Atlantic,iii,iii,
8,regular,2026-10-24 17:00:00+00:00,Delaware Valley,Misericordia,,,False,False,True,Mid Atlantic,Mid Atlantic,iii,iii,
8,regular,2026-10-24 17:00:00+00:00,Alvernia,Eastern,,,False,False,True,Mid Atlantic,Mid Atlantic,iii,iii,
8,regular,2026-10-24 17:00:00+00:00,Stevenson,Albright,,,False,False,True,Mid Atlantic,Mid Atlantic,iii,iii,
8,regular,2026-10-24 17:00:00+00:00,LaGrange,Greensboro,,,False,False,True,USA South,USA South,iii,iii,
8,regular,2026-10-24 17:00:00+00:00,Maryville (TN),Berry,,,False,False,True,USA South,Southern Athletic,iii,iii,
8,regular,2026-10-24 17:00:00+00:00,Belhaven,Southern Virginia,,,False,False,True,USA South,USA South,iii,iii,
8,regular,2026-10-24 17:00:00+00:00,SUNY Cortland,St. John Fisher,,,False,False,True,Empire 8,Empire 8,iii,iii,
8,regular,2026-10-24 17:00:00+00:00,Hiram,Case Western Reserve,,,False,False,True,Presidents',Presidents',iii,iii,
8,regular,2026-10-24 17:00:00+00:00,Concordia St. Paul,Winona State,,,False,False,True,Northern Sun,Northern Sun,ii,ii,
8,regular,2026-10-24 17:00:00+00:00,Minnesota St Moorhead,Northern State,,,False,False,True,Northern Sun,Northern Sun,ii,ii,
8,regular,2026-10-24 17:00:00+00:00,Slippery Rock,Lock Haven,,,False,False,True,Pennsylvania State Athletic,Pennsylvania State Athletic,ii,ii,
8,regular,2026-10-24 17:00:00+00:00,Lackawanna,Shippensburg,,,False,False,True,,Pennsylvania State Athletic,,ii,
8,regular,2026-10-24 17:00:00+00:00,West Virginia Wesleyan,Concord,,,False,False,True,Mountain East,Mountain East,ii,ii,
8,regular,2026-10-24 17:00:00+00:00,Charleston (WV),Fairmont State,,,False,False,True,Mountain East,Mountain East,ii,ii,
8,regular,2026-10-24 17:00:00+00:00,Franklin Pierce,Pace,,,False,False,True,Northeast 10,Northeast 10,ii,ii,
8,regular,2026-10-24 17:00:00+00:00,Saint Anselm,Assumption,,,False,False,True,Northeast 10,Northeast 10,ii,ii,
8,regular,2026-10-24 17:00:00+00:00,Post,American International,,,False,False,True,Northeast 10,Northeast 10,ii,ii,
8,regular,2026-10-24 17:00:00+00:00,Kentucky State,Savannah State,,,False,False,True,SIAC,SIAC,ii,ii,
8,regular,2026-10-24 17:00:00+00:00,Lincoln (MO),McKendree,,,False,False,True,Great Lakes,Great Lakes,ii,ii,
8,regular,2026-10-24 17:00:00+00:00,Ferris State,Michigan Tech,,,False,False,True,GLIAC,GLIAC,ii,ii,
8,regular,2026-10-24 17:00:00+00:00,Fort Valley State,Lane College,,,False,False,True,SIAC,SIAC,ii,ii,
8,regular,2026-10-24 17:00:00+00:00,Northern Michigan,Roosevelt,,,False,False,True,GLIAC,GLIAC,ii,ii,
8,regular,2026-10-24 17:00:00+00:00,Albany State,Benedict,,,False,False,True,SIAC,SIAC,ii,ii,
8,regular,2026-10-24 17:00:00+00:00,Virginia Union,Shaw,,,False,False,True,CIAA,CIAA,ii,ii,
8,regular,2026-10-24 17:00:00+00:00,Lincoln (PA),Winston-Salem State,,,False,False,True,CIAA,CIAA,ii,ii,
8,regular,2026-10-24 17:00:00+00:00,Maine,Campbell,,,False,False,True,Coastal Athletic,Coastal Athletic,fcs,fcs,
8,regular,2026-10-24 17:00:00+00:00,Bowie State,Johnson C. Smith,,,False,False,True,CIAA,CIAA,ii,ii,
8,regular,2026-10-24 17:00:00+00:00,Centre,Sewanee,,,False,False,True,Southern Athletic,Southern Athletic,iii,iii,
8,regular,2026-10-24 17:00:00+00:00,Bethune-Cookman,Jackson State,,,False,False,True,SWAC,SWAC,fcs,fcs,
8,regular,2026-10-24 17:00:00+00:00,Drake,Butler,,,False,False,True,Pioneer,Pioneer,fcs,fcs,
8,regular,2026-10-24 17:00:00+00:00,Kean,William Paterson,,,False,False,True,New Jersey,New Jersey,iii,iii,
8,regular,2026-10-24 17:00:00+00:00,Holy Cross,Bucknell,,,False,False,True,Patriot,Patriot,fcs,fcs,
8,regular,2026-10-24 17:00:00+00:00,Fordham,Lafayette,,,False,False,True,Patriot,Patriot,fcs,fcs,
8,regular,2026-10-24 17:05:00+00:00,East Stroudsburg,Shepherd,,,False,False,True,Pennsylvania State Athletic,Pennsylvania State Athletic,ii,ii,
8,regular,2026-10-24 17:30:00+00:00,Glenville State,West Liberty,,,False,False,True,Mountain East,Mountain East,ii,ii,
8,regular,2026-10-24 17:30:00+00:00,Capital,Anderson (IN),,,False,False,False,Ohio,Heartland,iii,iii,
8,regular,2026-10-24 17:30:00+00:00,Bluffton,Franklin,,,False,False,True,Heartland,Heartland,iii,iii,
8,regular,2026-10-24 17:30:00+00:00,Mount St Joseph,Manchester,,,False,False,True,Heartland,Heartland,iii,iii,
8,regular,2026-10-24 17:30:00+00:00,Baldwin Wallace,Otterbein,,,False,False,True,Ohio,Ohio,iii,iii,
8,regular,2026-10-24 17:30:00+00:00,Heidelberg,Ohio Northern,,,False,False,True,Ohio,Ohio,iii,iii,
8,regular,2026-10-24 17:30:00+00:00,Muskingum,Marietta,,,False,False,True,Ohio,Ohio,iii,iii,
8,regular,2026-10-24 17:30:00+00:00,Mount Union,Wilmington (OH),,,False,False,True,Ohio,Ohio,iii,iii,
8,regular,2026-10-24 17:30:00+00:00,Williams,Tufts,,,False,False,True,NESCAC,NESCAC,iii,iii,
8,regular,2026-10-24 17:30:00+00:00,Trinity (CT),Bowdoin,,,False,False,True,NESCAC,NESCAC,iii,iii,
8,regular,2026-10-24 17:30:00+00:00,Puget Sound,George Fox,,,False,False,True,Northwest,Northwest,iii,iii,
8,regular,2026-10-24 17:30:00+00:00,Columbia,Dartmouth,,,False,False,True,Ivy,Ivy,fcs,fcs,
8,regular,2026-10-24 17:30:00+00:00,South Carolina State,Norfolk State,,,False,False,True,MEAC,MEAC,fcs,fcs,
8,regular,2026-10-24 17:30:00+00:00,VMI,East Tennessee State,,,False,False,True,Southern,Southern,fcs,fcs,
8,regular,2026-10-24 18:00:00+00:00,McMurry,Mary Hardin Baylor,,,False,False,True,American Southwest,American Southwest,iii,iii,
8,regular,2026-10-24 18:00:00+00:00,Bridgewater,Shenandoah,,,False,False,True,Old Dominion,Old Dominion,iii,iii,
8,regular,2026-10-24 18:00:00+00:00,Rowan,The College of New Jersey,,,False,False,True,New Jersey,New Jersey,iii,iii,
8,regular,2026-10-24 18:00:00+00:00,Wittenberg,DePauw,,,False,False,True,North Coast,North Coast,iii,iii,
8,regular,2026-10-24 18:00:00+00:00,St. Scholastica,St. Olaf,,,False,False,True,Minnesota,Minnesota,iii,iii,
8,regular,2026-10-24 18:00:00+00:00,Concordia Chicago,Benedictine (IL),,,False,False,True,NACC,NACC,iii,iii,
8,regular,2026-10-24 18:00:00+00:00,Gustavus Adolphus,Hamline,,,False,False,True,Minnesota,Minnesota,iii,iii,
8,regular,2026-10-24 18:00:00+00:00,St. Norbert,Aurora,,,False,False,True,NACC,NACC,iii,iii,
8,regular,2026-10-24 18:00:00+00:00,Carleton,Saint John's (MN),,,False,False,True,Minnesota,Minnesota,iii,iii,
8,regular,2026-10-24 18:00:00+00:00,Kalamazoo,Olivet,,,False,False,True,Michigan,Michigan,iii,iii,
8,regular,2026-10-24 18:00:00+00:00,Luther,Ripon,,,False,False,True,Midwest,Midwest,iii,iii,
8,regular,2026-10-24 18:00:00+00:00,Knox,Lawrence,,,False,False,True,Midwest,Midwest,iii,iii,
8,regular,2026-10-24 18:00:00+00:00,Concordia (MN),Augsburg,,,False,False,True,Minnesota,Minnesota,iii,iii,
8,regular,2026-10-24 18:00:00+00:00,Grinnell,Cornell (IA),,,False,False,True,Midwest,Midwest,iii,iii,
8,regular,2026-10-24 18:00:00+00:00,SUNY Maritime,WPI,,,False,False,True,NEWMAC,NEWMAC,iii,iii,
8,regular,2026-10-24 18:00:00+00:00,Hendrix,Austin,,,False,False,True,Southern Athletic,Southern Collegiate Athletic,iii,iii,
8,regular,2026-10-24 18:00:00+00:00,Martin Luther,Crown,,,False,False,True,Upper Midwest,Upper Midwest,iii,iii,
8,regular,2026-10-24 18:00:00+00:00,Millsaps,Trinity (TX),,,False,False,True,Southern Athletic,Southern Athletic,iii,iii,
8,regular,2026-10-24 18:00:00+00:00,Dickinson,McDaniel,,,False,False,True,Centennial,Centennial,iii,iii,
8,regular,2026-10-24 18:00:00+00:00,Richmond,Colgate,,,False,False,True,Patriot,Patriot,fcs,fcs,
8,regular,2026-10-24 18:00:00+00:00,Huntingdon,Brevard,,,False,False,True,USA South,USA South,iii,iii,
8,regular,2026-10-24 18:00:00+00:00,Nelson (TX),Hardin Simmons,,,False,False,False,,American Southwest,,iii,
8,regular,2026-10-24 18:00:00+00:00,Hanover,Rose Hulman,,,False,False,True,Heartland,Heartland,iii,iii,
8,regular,2026-10-24 18:00:00+00:00,Nebraska Wesleyan,Loras,,,False,False,True,American Rivers,American Rivers,iii,iii,
8,regular,2026-10-24 18:00:00+00:00,Dubuque,Wartburg,,,False,False,True,American Rivers,American Rivers,iii,iii,
8,regular,2026-10-24 18:00:00+00:00,Wisconsin Oshkosh,Wisconsin Platteville,,,False,False,True,Wisconsin,Wisconsin,iii,iii,
8,regular,2026-10-24 18:00:00+00:00,Wisconsin River Falls,Wisconsin Eau Claire,,,False,False,True,Wisconsin,Wisconsin,iii,iii,
8,regular,2026-10-24 18:00:00+00:00,Wisconsin Stout,Wisconsin La Crosse,,,False,False,True,Wisconsin,Wisconsin,iii,iii,
8,regular,2026-10-24 18:00:00+00:00,Wisconsin Whitewater,Wisconsin Stevens Point,,,False,False,True,Wisconsin,Wisconsin,iii,iii,
8,regular,2026-10-24 18:00:00+00:00,Illinois Wesleyan,Elmhurst,,,False,False,True,CCIW,CCIW,iii,iii,
8,regular,2026-10-24 18:00:00+00:00,Carthage,Millikin,,,False,False,True,CCIW,CCIW,iii,iii,
8,regular,2026-10-24 18:00:00+00:00,Carroll (WI),North Central College,,,False,False,True,CCIW,CCIW,iii,iii,
8,regular,2026-10-24 18:00:00+00:00,North Park,Augustana (IL),,,False,False,True,CCIW,CCIW,iii,iii,
8,regular,2026-10-24 18:00:00+00:00,Central College,Buena Vista,,,False,False,True,American Rivers,American Rivers,iii,iii,
8,regular,2026-10-24 18:00:00+00:00,Monmouth (IL),Chicago,,,False,False,True,Midwest,Midwest,iii,iii,
8,regular,2026-10-24 18:00:00+00:00,Minnesota State,Wayne State (NE),,,False,False,True,Northern Sun,Northern Sun,ii,ii,
8,regular,2026-10-24 18:00:00+00:00,Augustana (SD),Southwest Minnesota State,,,False,False,True,Northern Sun,Northern Sun,ii,ii,
8,regular,2026-10-24 18:00:00+00:00,Sioux Falls,Minot State,,,False,False,True,Northern Sun,Northern Sun,ii,ii,
8,regular,2026-10-24 18:00:00+00:00,University of Mary,Minnesota Duluth,,,False,False,True,Northern Sun,Northern Sun,ii,ii,
8,regular,2026-10-24 18:00:00+00:00,Jamestown,Bemidji State,,,False,False,True,Northern Sun,Northern Sun,ii,ii,
8,regular,2026-10-24 18:00:00+00:00,Bloomsburg,Millersville,,,False,False,True,Pennsylvania State Athletic,Pennsylvania State Athletic,ii,ii,
8,regular,2026-10-24 18:00:00+00:00,Nebraska Kearney,Northwest Missouri State,,,False,False,True,Mid America,Mid America,ii,ii,
8,regular,2026-10-24 18:00:00+00:00,Wisconsin Lutheran,Rockford,,,False,False,True,NACC,NACC,iii,iii,
8,regular,2026-10-24 18:00:00+00:00,Morehead State,Stetson,,,False,False,True,Pioneer,Pioneer,fcs,fcs,
8,regular,2026-10-24 18:00:00+00:00,Bryant,Stony Brook,,,False,False,True,Coastal Athletic,Coastal Athletic,fcs,fcs,
8,regular,2026-10-24 18:00:00+00:00,Hampton,Monmouth,,,False,False,True,Coastal Athletic,Coastal Athletic,fcs,fcs,
8,regular,2026-10-24 18:00:00+00:00,South Dakota,North Dakota,,,False,False,True,MVFC,MVFC,fcs,fcs,
8,regular,2026-10-24 18:00:00+00:00,Southern Illinois,Northern Iowa,,,False,False,True,MVFC,MVFC,fcs,fcs,
8,regular,2026-10-24 18:00:00+00:00,Robert Morris,Mercyhurst,,,False,False,True,NEC,NEC,fcs,fcs,
8,regular,2026-10-24 18:00:00+00:00,Barton,North Greenville,,,False,False,True,Carolinas,Carolinas,ii,ii,
8,regular,2026-10-24 18:00:00+00:00,West Georgia,Tarleton State,,,False,False,True,UAC,UAC,fcs,fcs,
8,regular,2026-10-24 18:00:00+00:00,Furman,Samford,,,False,False,True,Southern,Southern,fcs,fcs,
8,regular,2026-10-24 18:00:00+00:00,The Citadel,Tennessee Tech,,,False,False,True,Southern,Southern,fcs,fcs,
8,regular,2026-10-24 18:00:00+00:00,Fort Hays,Washburn,,,False,False,True,Mid America,Mid America,ii,ii,
8,regular,2026-10-24 18:00:00+00:00,Upper Iowa,William Jewell,,,False,False,True,Great Lakes,Great Lakes,ii,ii,
8,regular,2026-10-24 18:00:00+00:00,Missouri S&T,Quincy,,,False,False,True,Great Lakes,Great Lakes,ii,ii,
8,regular,2026-10-24 18:00:00+00:00,Fort Lewis,CSU Pueblo,,,False,False,True,Rocky Mountain,Rocky Mountain,ii,ii,
8,regular,2026-10-24 18:00:00+00:00,Colorado School of Mines,South Dakota Mines,,,False,False,True,Rocky Mountain,Rocky Mountain,ii,ii,
8,regular,2026-10-24 18:00:00+00:00,New Mexico Highlands,Chadron State,,,False,False,True,Rocky Mountain,Rocky Mountain,ii,ii,
8,regular,2026-10-24 18:00:00+00:00,Adams State,Colorado Mesa,,,False,False,True,Rocky Mountain,Rocky Mountain,ii,ii,
8,regular,2026-10-24 18:00:00+00:00,Edward Waters,Clark Atlanta,,,False,False,True,SIAC,SIAC,ii,ii,
8,regular,2026-10-24 18:00:00+00:00,Allen,Tuskegee,,,False,False,True,SIAC,SIAC,ii,ii,
8,regular,2026-10-24 18:00:00+00:00,Saginaw Valley State,Grand Valley State,,,False,False,True,GLIAC,GLIAC,ii,ii,
8,regular,2026-10-24 18:00:00+00:00,Lake Erie,Thomas More,,,False,False,True,Great Midwest Athletic,Great Midwest Athletic,ii,ii,
8,regular,2026-10-24 18:00:00+00:00,Hillsdale,Tiffin,,,False,False,True,Great Midwest Athletic,Great Midwest Athletic,ii,ii,
8,regular,2026-10-24 18:00:00+00:00,Henderson State,Arkansas Tech,,,False,False,True,Great American,Great American,ii,ii,
8,regular,2026-10-24 18:00:00+00:00,Livingstone,Elizabeth City State,,,False,False,True,CIAA,CIAA,ii,ii,
8,regular,2026-10-24 18:00:00+00:00,Bluefield State,Fayetteville State,,,False,False,True,CIAA,CIAA,ii,ii,
8,regular,2026-10-24 18:30:00+00:00,Western Carolina,Chattanooga,,,False,False,True,Southern,Southern,fcs,fcs,
8,regular,2026-10-24 18:30:00+00:00,Truman State,Southwest Baptist,,,False,False,True,Great Lakes,Great Lakes,ii,ii,
8,regular,2026-10-24 19:00:00+00:00,Erskine,Ferrum,,,False,False,True,Carolinas,Carolinas,ii,ii,
8,regular,2026-10-24 19:00:00+00:00,UNC Pembroke,Chowan,,,False,False,True,Carolinas,Carolinas,ii,ii,
8,regular,2026-10-24 19:00:00+00:00,Simpson (IA),Coe,,,False,False,True,American Rivers,American Rivers,iii,iii,
8,regular,2026-10-24 19:00:00+00:00,Valdosta State,Shorter,,,False,False,False,Gulf South,Carolinas,ii,ii,
8,regular,2026-10-24 19:00:00+00:00,Arkansas Monticello,Harding,,,False,False,True,Great American,Great American,ii,ii,
8,regular,2026-10-24 19:00:00+00:00,Miles,Central State,,,False,False,True,SIAC,SIAC,ii,ii,
8,regular,2026-10-24 19:00:00+00:00,Morgan State,Howard,,,False,False,True,MEAC,MEAC,fcs,fcs,
8,regular,2026-10-24 19:00:00+00:00,Black Hills State,Western Colorado,,,False,False,True,Rocky Mountain,Rocky Mountain,ii,ii,
8,regular,2026-10-24 19:00:00+00:00,Roanoke College,Averett,,,False,False,True,,Old Dominion,,iii,
8,regular,2026-10-24 19:00:00+00:00,Pittsburg State,Central Oklahoma,,,False,False,True,Mid America,Mid America,ii,ii,
8,regular,2026-10-24 19:00:00+00:00,Southeastern Oklahoma State,Oklahoma Baptist,,,False,False,True,Great American,Great American,ii,ii,
8,regular,2026-10-24 19:00:00+00:00,Missouri Western,Missouri Southern State,,,False,False,True,Mid America,Mid America,ii,ii,
8,regular,2026-10-24 19:00:00+00:00,Texas Southern,Southern,,,False,False,True,SWAC,SWAC,fcs,fcs,
8,regular,2026-10-24 19:00:00+00:00,Frostburg State,Wheeling,,,False,False,True,Mountain East,Mountain East,ii,ii,
8,regular,2026-10-24 19:00:00+00:00,Hartwick,Alfred State,,,False,False,True,Empire 8,Empire 8,iii,iii,
8,regular,2026-10-24 19:00:00+00:00,Buffalo State,Hilbert,,,False,False,True,Liberty League,Empire 8,iii,iii,
8,regular,2026-10-24 19:00:00+00:00,Eastern Illinois,Southeast Missouri State,,,False,False,True,OVC,OVC,fcs,fcs,
8,regular,2026-10-24 19:00:00+00:00,Florida A&M,Arkansas-Pine Bluff,,,False,False,True,SWAC,SWAC,fcs,fcs,
8,regular,2026-10-24 19:00:00+00:00,Northwestern State,Nicholls,,,False,False,True,Southland,Southland,fcs,fcs,
8,regular,2026-10-24 19:00:00+00:00,Harvard,Princeton,,,False,False,True,Ivy,Ivy,fcs,fcs,
8,regular,2026-10-24 19:00:00+00:00,Eastern Kentucky,West Florida,,,False,False,True,UAC,UAC,fcs,fcs,
8,regular,2026-10-24 19:00:00+00:00,Lindenwood,Chicago State,,,False,False,False,OVC,FCS Independents,fcs,fcs,
8,regular,2026-10-24 19:00:00+00:00,Montana State,Weber State,,,False,False,True,Big Sky,Big Sky,fcs,fcs,
8,regular,2026-10-24 19:00:00+00:00,South Dakota State,Murray State,,,False,False,True,MVFC,MVFC,fcs,fcs,
8,regular,2026-10-24 19:00:00+00:00,Illinois State,Indiana State,,,False,False,True,MVFC,MVFC,fcs,fcs,
8,regular,2026-10-24 19:30:00+00:00,William & Mary,Georgetown,,,False,False,True,Patriot,Patriot,fcs,fcs,
8,regular,2026-10-24 19:30:00+00:00,Navy,North Texas,,,False,False,True,American Athletic,American Athletic,fbs,fbs,
8,regular,2026-10-24 19:30:00+00:00,Tennessee State,Charleston Southern,,,False,False,True,OVC,OVC,fcs,fcs,
8,regular,2026-10-24 19:30:00+00:00,Villanova,Lehigh,,,False,False,True,Patriot,Patriot,fcs,fcs,
8,regular,2026-10-24 19:30:00+00:00,Southern Arkansas,Ouachita Baptist,,,False,False,True,Great American,Great American,ii,ii,
8,regular,2026-10-24 20:00:00+00:00,UMass Dartmouth,Bridgewater State,,,False,False,True,MSCAC,MSCAC,iii,iii,
8,regular,2026-10-24 20:00:00+00:00,East Central,Southwestern Oklahoma State,,,False,False,True,Great American,Great American,ii,ii,
8,regular,2026-10-24 20:00:00+00:00,Southern Nazarene,Northwestern (OK),,,False,False,True,Great American,Great American,ii,ii,
8,regular,2026-10-24 20:00:00+00:00,Lamar,Houston Christian,,,False,False,True,Southland,Southland,fcs,fcs,
8,regular,2026-10-24 20:00:00+00:00,Denison,Kenyon,,,False,False,True,North Coast,North Coast,iii,iii,
8,regular,2026-10-24 20:00:00+00:00,Seton Hill,Clarion,,,False,False,True,Pennsylvania State Athletic,Pennsylvania State Athletic,ii,ii,
8,regular,2026-10-24 20:00:00+00:00,Whitworth,Lewis & Clark,,,False,False,True,Northwest,Northwest,iii,iii,
8,regular,2026-10-24 20:00:00+00:00,Linfield,Pacific Lutheran,,,False,False,True,Northwest,Northwest,iii,iii,
8,regular,2026-10-24 20:00:00+00:00,Willamette,Pacific (OR),,,False,False,True,Northwest,Northwest,iii,iii,
8,regular,2026-10-24 20:00:00+00:00,Western Illinois,UT Martin,,,False,False,True,OVC,OVC,fcs,fcs,
8,regular,2026-10-24 20:05:00+00:00,Western Oregon,Eastern New Mexico,,,False,False,True,Lone Star,Lone Star,ii,ii,
8,regular,2026-10-24 21:00:00+00:00,California (PA),IU Pennsylvania,,,False,False,True,Pennsylvania State Athletic,Pennsylvania State Athletic,ii,ii,
8,regular,2026-10-24 21:00:00+00:00,Delta State,West Alabama,,,False,False,True,Gulf South,Gulf South,ii,ii,
8,regular,2026-10-24 21:00:00+00:00,Lyon,Texas Lutheran,,,False,False,True,Southern Collegiate Athletic,Southern Collegiate Athletic,iii,iii,
8,regular,2026-10-24 21:00:00+00:00,Idaho,Southern Utah,,,False,False,True,Big Sky,Big Sky,fcs,fcs,
8,regular,2026-10-24 21:00:00+00:00,Incarnate Word,McNeese,,,False,False,True,Southland,Southland,fcs,fcs,
8,regular,2026-10-24 21:00:00+00:00,Nevada,San José State,,,False,False,True,Mountain West,Mountain West,fbs,fbs,
8,regular,2026-10-24 21:00:00+00:00,Cal Poly,Utah Tech,,,False,False,True,Big Sky,Big Sky,fcs,fcs,
8,regular,2026-10-24 21:00:00+00:00,Central Arkansas,UT Rio Grande Valley,,,False,False,False,UAC,Southland,fcs,fcs,
8,regular,2026-10-24 22:00:00+00:00,Idaho State,Portland State,,,False,False,True,Big Sky,Big Sky,fcs,fcs,
8,regular,2026-10-24 22:00:00+00:00,Washington State,Boise State,,,False,False,True,Pac-12,Pac-12,fbs,fbs,
8,regular,2026-10-24 22:00:00+00:00,Stephen F. Austin,SE Louisiana,,,False,False,True,Southland,Southland,fcs,fcs,
8,regular,2026-10-24 22:00:00+00:00,North Carolina Wesleyan,Methodist,,,False,False,True,USA South,USA South,iii,iii,
8,regular,2026-10-24 22:00:00+00:00,Newberry,Virginia Lynchburg,,,False,False,False,South Atlantic,,ii,,
8,regular,2026-10-24 22:30:00+00:00,Colorado State,San Diego State,,,False,False,True,Pac-12,Pac-12,fbs,fbs,
8,regular,2026-10-24 23:00:00+00:00,Midwestern State,Sul Ross State,,,False,False,True,Lone Star,Lone Star,ii,ii,
8,regular,2026-10-24 23:00:00+00:00,West Texas,Western New Mexico,,,False,False,True,Lone Star,Lone Star,ii,ii,
8,regular,2026-10-24 23:00:00+00:00,La Verne,Cal Lutheran,,,False,False,True,So. Cal.,So. Cal.,iii,iii,
8,regular,2026-10-24 23:00:00+00:00,Arkansas State,Georgia State,,,False,False,True,Sun Belt,Sun Belt,fbs,fbs,
8,regular,2026-10-24 23:00:00+00:00,Angelo State,Texas A&M-Kingsville,,,False,False,True,Lone Star,Lone Star,ii,ii,
8,regular,2026-10-24 23:00:00+00:00,North Alabama,Austin Peay,,,False,False,True,UAC,UAC,fcs,fcs,
8,regular,2026-10-24 23:00:00+00:00,East Texas A&M,Prairie View A&M,,,False,False,False,Southland,SWAC,fcs,fcs,
8,regular,2026-10-24 23:00:00+00:00,UC Davis,Northern Colorado,,,False,False,True,Big Sky,Big Sky,fcs,fcs,
8,regular,2026-10-24 23:30:00+00:00,Texas State,Utah State,,,False,False,True,Pac-12,Pac-12,fbs,fbs,
8,regular,2026-10-25 00:00:00+00:00,Emporia State,Central Missouri,,,False,False,True,Mid America,Mid America,ii,ii,
8,regular,2026-10-25 00:00:00+00:00,Whittier,Redlands,,,False,False,True,So. Cal.,So. Cal.,iii,iii,
8,regular,2026-10-25 00:00:00+00:00,Macalester,Bethel (MN),,,False,False,True,Minnesota,Minnesota,iii,iii,
8,regular,2026-10-25 01:00:00+00:00,Central Washington,UT Permian Basin,,,False,False,True,Lone Star,Lone Star,ii,ii,
8,regular,2026-10-25 02:00:00+00:00,New Mexico,North Dakota State,,,False,False,True,Mountain West,Mountain West,fbs,fbs,
8,regular,2026-10-25 02:00:00+00:00,Chapman,Claremont Mudd Scripps,,,False,False,True,So. Cal.,So. Cal.,iii,iii,
8,regular,2026-10-25 02:00:00+00:00,Pomona Pitzer,Azusa Pacific,,,False,False,True,So. Cal.,So. Cal.,iii,iii,
9,regular,2026-10-27 23:00:00+00:00,Western Kentucky,Delaware,,,False,False,True,Conference USA,Conference USA,fbs,fbs,
9,regular,2026-10-28 00:00:00+00:00,Missouri State,Sam Houston,,,False,False,True,Conference USA,Conference USA,fbs,fbs,
9,regular,2026-10-28 23:00:00+00:00,Middle Tennessee,Kennesaw State,,,False,False,True,Conference USA,Conference USA,fbs,fbs,
9,regular,2026-10-29 00:00:00+00:00,New Mexico State,Jacksonville State,,,False,False,True,Conference USA,Conference USA,fbs,fbs,
9,regular,2026-10-29 23:00:00+00:00,Miles,Fort Valley State,,,False,False,True,SIAC,SIAC,ii,ii,
9,regular,2026-10-29 23:00:00+00:00,Morgan State,South Carolina State,,,False,False,True,MEAC,MEAC,fcs,fcs,
9,regular,2026-10-29 23:30:00+00:00,North Texas,Florida Atlantic,,,False,False,True,American Athletic,American Athletic,fbs,fbs,
9,regular,2026-10-29 23:30:00+00:00,James Madison,Troy,,,False,False,True,Sun Belt,Sun Belt,fbs,fbs,
9,regular,2026-10-30 23:00:00+00:00,Lincoln (PA),Virginia Union,,,False,False,True,CIAA,CIAA,ii,ii,
9,regular,2026-10-30 23:00:00+00:00,Charlotte,Tulane,,,False,False,True,American Athletic,American Athletic,fbs,fbs,
9,regular,2026-10-30 23:00:00+00:00,Dartmouth,Harvard,,,False,False,True,Ivy,Ivy,fcs,fcs,
9,regular,2026-10-30 23:30:00+00:00,UCF,Baylor,,,False,False,True,Big 12,Big 12,fbs,fbs,
9,regular,2026-10-31 02:05:00+00:00,George Fox,Willamette,,,False,False,True,Northwest,Northwest,iii,iii,
9,regular,2026-10-31 02:30:00+00:00,Sacramento State,Kent State,,,False,False,True,Mid-American,Mid-American,fbs,fbs,
9,regular,2026-10-31 04:00:00+00:00,Maryland,Illinois,,,False,False,True,Big Ten,Big Ten,fbs,fbs,
9,regular,2026-10-31 04:00:00+00:00,Pittsburgh,Georgia Tech,,,False,False,True,ACC,ACC,fbs,fbs,
9,regular,2026-10-31 04:00:00+00:00,Florida State,Clemson,,,False,False,True,ACC,ACC,fbs,fbs,
9,regular,2026-10-31 04:00:00+00:00,Duke,Boston College,,,False,False,True,ACC,ACC,fbs,fbs,
9,regular,2026-10-31 04:00:00+00:00,Georgia State,Coastal Carolina,,,False,False,True,Sun Belt,Sun Belt,fbs,fbs,
9,regular,2026-10-31 04:00:00+00:00,Georgia Southern,App State,,,False,False,True,Sun Belt,Sun Belt,fbs,fbs,
9,regular,2026-10-31 04:00:00+00:00,NC State,California,,,False,False,True,ACC,ACC,fbs,fbs,
9,regular,2026-10-31 04:00:00+00:00,Oklahoma,South Carolina,,,False,False,True,SEC,SEC,fbs,fbs,FLEX: 3:30 - 4:30pm OR 6 - 8pm ET start
9,regular,2026-10-31 04:00:00+00:00,Rutgers,Michigan,,,False,False,True,Big Ten,Big Ten,fbs,fbs,
9,regular,2026-10-31 04:00:00+00:00,East Carolina,Temple,,,False,False,True,American Athletic,American Athletic,fbs,fbs,
9,regular,2026-10-31 04:00:00+00:00,Syracuse,SMU,,,False,False,True,ACC,ACC,fbs,fbs,
9,regular,2026-10-31 04:00:00+00:00,South Florida,UAB,,,False,False,True,American Athletic,American Athletic,fbs,fbs,
9,regular,2026-10-31 04:00:00+00:00,Memphis,Army,,,False,False,True,American Athletic,American Athletic,fbs,fbs,
9,regular,2026-10-31 04:00:00+00:00,UL Monroe,Southern Miss,,,False,False,True,Sun Belt,Sun Belt,fbs,fbs,
9,regular,2026-10-31 04:00:00+00:00,South Alabama,Louisiana Tech,,,False,False,True,Sun Belt,Sun Belt,fbs,fbs,
9,regular,2026-10-31 04:00:00+00:00,Oregon,Northwestern,,,False,False,True,Big Ten,Big Ten,fbs,fbs,
9,regular,2026-10-31 04:00:00+00:00,Nebraska,Washington,,,False,False,True,Big Ten,Big Ten,fbs,fbs,
9,regular,2026-10-31 04:00:00+00:00,San José State,New Mexico,,,False,False,True,Mountain West,Mountain West,fbs,fbs,
9,regular,2026-10-31 04:00:00+00:00,Iowa State,Oklahoma State,,,False,False,True,Big 12,Big 12,fbs,fbs,
9,regular,2026-10-31 04:00:00+00:00,Fresno State,Oregon State,,,False,False,True,Pac-12,Pac-12,fbs,fbs,
9,regular,2026-10-31 04:00:00+00:00,BYU,Arizona State,,,False,False,True,Big 12,Big 12,fbs,fbs,
9,regular,2026-10-31 04:00:00+00:00,Texas Tech,Arizona,,,False,False,True,Big 12,Big 12,fbs,fbs,
9,regular,2026-10-31 04:00:00+00:00,Colorado,Kansas State,,,False,False,True,Big 12,Big 12,fbs,fbs,
9,regular,2026-10-31 04:00:00+00:00,South Dakota State,South Dakota,,,False,False,True,MVFC,MVFC,fcs,fcs,
9,regular,2026-10-31 04:00:00+00:00,Central Connecticut,Robert Morris,,,False,False,True,NEC,NEC,fcs,fcs,
9,regular,2026-10-31 04:00:00+00:00,Penn State,Purdue,,,False,False,True,Big Ten,Big Ten,fbs,fbs,
9,regular,2026-10-31 04:00:00+00:00,TCU,Kansas,,,False,False,True,Big 12,Big 12,fbs,fbs,
9,regular,2026-10-31 04:00:00+00:00,Old Dominion,Marshall,,,False,False,True,Sun Belt,Sun Belt,fbs,fbs,
9,regular,2026-10-31 04:00:00+00:00,Iowa,Wisconsin,,,False,False,True,Big Ten,Big Ten,fbs,fbs,
9,regular,2026-10-31 04:00:00+00:00,Wake Forest,Virginia,,,False,False,True,ACC,ACC,fbs,fbs,
9,regular,2026-10-31 04:00:00+00:00,Cincinnati,Utah,,,False,False,True,Big 12,Big 12,fbs,fbs,
9,regular,2026-10-31 04:00:00+00:00,Southwestern Oklahoma State,Arkansas Monticello,,,False,False,True,Great American,Great American,ii,ii,
9,regular,2026-10-31 04:00:00+00:00,North Carolina,Miami,,,False,False,True,ACC,ACC,fbs,fbs,
9,regular,2026-10-31 04:00:00+00:00,Arkansas,Missouri,,,False,False,True,SEC,SEC,fbs,fbs,FLEX: 3:30 - 4:30pm OR 6 - 8pm ET start
9,regular,2026-10-31 04:00:00+00:00,Ole Miss,Auburn,,,False,False,True,SEC,SEC,fbs,fbs,EARLY: Noon - 1pm ET start
9,regular,2026-10-31 04:00:00+00:00,Texas,Mississippi State,,,False,False,True,SEC,SEC,fbs,fbs,NIGHT: 6 - 8pm ET start
9,regular,2026-10-31 04:00:00+00:00,UCLA,Nevada,,,False,False,False,Big Ten,Mountain West,fbs,fbs,
9,regular,2026-10-31 04:00:00+00:00,USC,Ohio State,,,False,False,True,Big Ten,Big Ten,fbs,fbs,
9,regular,2026-10-31 04:00:00+00:00,Louisville,Stanford,,,False,False,True,ACC,ACC,fbs,fbs,
9,regular,2026-10-31 04:00:00+00:00,Indiana,Minnesota,,,False,False,True,Big Ten,Big Ten,fbs,fbs,
9,regular,2026-10-31 04:00:00+00:00,Chicago State,UFTL,,,False,False,False,FCS Independents,,fcs,,
9,regular,2026-10-31 16:00:00+00:00,Clarion,Slippery Rock,,,False,False,True,Pennsylvania State Athletic,Pennsylvania State Athletic,ii,ii,
9,regular,2026-10-31 16:00:00+00:00,Merrimack,Wagner,,,False,False,False,FCS Independents,NEC,fcs,fcs,
9,regular,2026-10-31 16:00:00+00:00,UAlbany,Campbell,,,False,False,True,Coastal Athletic,Coastal Athletic,fcs,fcs,
9,regular,2026-10-31 16:00:00+00:00,Rhode Island,Maine,,,False,False,True,Coastal Athletic,Coastal Athletic,fcs,fcs,
9,regular,2026-10-31 16:00:00+00:00,Stony Brook,Sacred Heart,,,False,False,True,Coastal Athletic,Coastal Athletic,fcs,fcs,
9,regular,2026-10-31 16:00:00+00:00,Lehigh,Bucknell,,,False,False,True,Patriot,Patriot,fcs,fcs,
9,regular,2026-10-31 16:00:00+00:00,New Haven,Duquesne,,,False,False,True,NEC,NEC,fcs,fcs,
9,regular,2026-10-31 16:00:00+00:00,North Greenville,Erskine,,,False,False,True,Carolinas,Carolinas,ii,ii,
9,regular,2026-10-31 16:00:00+00:00,Frostburg State,Delta State,,,False,False,False,Mountain East,Gulf South,ii,ii,
9,regular,2026-10-31 16:00:00+00:00,Ohio Dominican,Walsh,,,False,False,True,Great Midwest Athletic,Great Midwest Athletic,ii,ii,
9,regular,2026-10-31 16:00:00+00:00,Tiffin,Lake Erie,,,False,False,True,Great Midwest Athletic,Great Midwest Athletic,ii,ii,
9,regular,2026-10-31 16:00:00+00:00,Thomas More,Findlay,,,False,False,True,Great Midwest Athletic,Great Midwest Athletic,ii,ii,
9,regular,2026-10-31 16:00:00+00:00,Kentucky Wesleyan,Hillsdale,,,False,False,True,Great Midwest Athletic,Great Midwest Athletic,ii,ii,
9,regular,2026-10-31 16:00:00+00:00,Wayne State (MI),Northern Michigan,,,False,False,True,GLIAC,GLIAC,ii,ii,
9,regular,2026-10-31 16:00:00+00:00,Assumption,Post,,,False,False,True,Northeast 10,Northeast 10,ii,ii,
9,regular,2026-10-31 16:00:00+00:00,Pace,Bentley,,,False,False,True,Northeast 10,Northeast 10,ii,ii,
9,regular,2026-10-31 16:00:00+00:00,Edinboro,Seton Hill,,,False,False,True,Pennsylvania State Athletic,Pennsylvania State Athletic,ii,ii,
9,regular,2026-10-31 16:00:00+00:00,Gannon,IU Pennsylvania,,,False,False,True,Pennsylvania State Athletic,Pennsylvania State Athletic,ii,ii,
9,regular,2026-10-31 16:00:00+00:00,Alfred,Brockport,,,False,False,True,Empire 8,Empire 8,iii,iii,
9,regular,2026-10-31 16:00:00+00:00,Hilbert,Union,,,False,False,True,Empire 8,Liberty League,iii,iii,
9,regular,2026-10-31 16:00:00+00:00,Albright,Eastern,,,False,False,True,Mid Atlantic,Mid Atlantic,iii,iii,
9,regular,2026-10-31 16:00:00+00:00,Alvernia,FDU Florham,,,False,False,True,Mid Atlantic,Mid Atlantic,iii,iii,
9,regular,2026-10-31 16:00:00+00:00,Curry,Husson,,,False,False,True,Commonwealth Coast,Commonwealth Coast,iii,iii,
9,regular,2026-10-31 16:00:00+00:00,Maine Maritime,Endicott,,,False,False,True,Commonwealth Coast,Commonwealth Coast,iii,iii,
9,regular,2026-10-31 16:00:00+00:00,New England College,Western New England,,,False,False,True,,Commonwealth Coast,,iii,
9,regular,2026-10-31 16:00:00+00:00,Nichols,New England,,,False,False,True,Commonwealth Coast,Commonwealth Coast,iii,iii,
9,regular,2026-10-31 16:00:00+00:00,Bridgewater State,Fitchburg State,,,False,False,True,MSCAC,MSCAC,iii,iii,
9,regular,2026-10-31 16:00:00+00:00,Framingham State,Plymouth State,,,False,False,True,MSCAC,MSCAC,iii,iii,
9,regular,2026-10-31 16:00:00+00:00,Mass Maritime,Westfield State,,,False,False,True,MSCAC,MSCAC,iii,iii,
9,regular,2026-10-31 16:00:00+00:00,WPI,Merchant Marine,,,False,False,True,NEWMAC,NEWMAC,iii,iii,
9,regular,2026-10-31 16:00:00+00:00,Catholic,Wilkes,,,False,False,True,Landmark Conference,Landmark Conference,iii,iii,
9,regular,2026-10-31 16:00:00+00:00,Otterbein,Capital,,,False,False,True,Ohio,Ohio,iii,iii,
9,regular,2026-10-31 16:00:00+00:00,Rensselaer,St. Lawrence,,,False,False,True,Liberty League,Liberty League,iii,iii,
9,regular,2026-10-31 16:00:00+00:00,Olivet,Adrian,,,False,False,True,Michigan,Michigan,iii,iii,
9,regular,2026-10-31 16:00:00+00:00,Coast Guard,Springfield,,,False,False,True,NEWMAC,NEWMAC,iii,iii,
9,regular,2026-10-31 16:00:00+00:00,MIT,SUNY Maritime,,,False,False,True,NEWMAC,NEWMAC,iii,iii,
9,regular,2026-10-31 16:00:00+00:00,Salve Regina,Norwich,,,False,False,True,NEWMAC,NEWMAC,iii,iii,
9,regular,2026-10-31 16:00:00+00:00,Princeton,Cornell,,,False,False,True,Ivy,Ivy,fcs,fcs,
9,regular,2026-10-31 16:00:00+00:00,Brown,Pennsylvania,,,False,False,True,Ivy,Ivy,fcs,fcs,
9,regular,2026-10-31 16:00:00+00:00,Stonehill,Mercyhurst,,,False,False,True,NEC,NEC,fcs,fcs,
9,regular,2026-10-31 16:00:00+00:00,Youngstown State,North Dakota,,,False,False,True,MVFC,MVFC,fcs,fcs,
9,regular,2026-10-31 16:00:00+00:00,Columbia,Yale,,,False,False,True,Ivy,Ivy,fcs,fcs,
9,regular,2026-10-31 16:00:00+00:00,Navy,Notre Dame,,,False,True,False,American Athletic,FBS Independents,fbs,fbs,
9,regular,2026-10-31 16:00:00+00:00,Western Michigan,Bowling Green,,,False,False,True,Mid-American,Mid-American,fbs,fbs,
9,regular,2026-10-31 16:00:00+00:00,The College of New Jersey,Montclair State,,,False,False,True,New Jersey,New Jersey,iii,iii,
9,regular,2026-10-31 16:30:00+00:00,Lafayette,Villanova,,,False,False,True,Patriot,Patriot,fcs,fcs,
9,regular,2026-10-31 16:30:00+00:00,Wisconsin Eau Claire,Wisconsin La Crosse,,,False,False,True,Wisconsin,Wisconsin,iii,iii,
9,regular,2026-10-31 17:00:00+00:00,Shaw,Bluefield State,,,False,False,True,CIAA,CIAA,ii,ii,
9,regular,2026-10-31 17:00:00+00:00,Fayetteville State,Bowie State,,,False,False,True,CIAA,CIAA,ii,ii,
9,regular,2026-10-31 17:00:00+00:00,Elizabeth City State,Winston-Salem State,,,False,False,True,CIAA,CIAA,ii,ii,
9,regular,2026-10-31 17:00:00+00:00,Towson,Hampton,,,False,False,True,Coastal Athletic,Coastal Athletic,fcs,fcs,
9,regular,2026-10-31 17:00:00+00:00,Johnson C. Smith,Virginia State,,,False,False,True,CIAA,CIAA,ii,ii,
9,regular,2026-10-31 17:00:00+00:00,Shorter,Barton,,,False,False,True,Carolinas,Carolinas,ii,ii,
9,regular,2026-10-31 17:00:00+00:00,Keystone,Monroe,,,False,False,False,Independent DIII,,iii,,
9,regular,2026-10-31 17:00:00+00:00,Truman State,Lincoln (MO),,,False,False,True,Great Lakes,Great Lakes,ii,ii,
9,regular,2026-10-31 17:00:00+00:00,Morehead State,Drake,,,False,False,True,Pioneer,Pioneer,fcs,fcs,
9,regular,2026-10-31 17:00:00+00:00,Central State,Edward Waters,,,False,False,True,SIAC,SIAC,ii,ii,
9,regular,2026-10-31 17:00:00+00:00,Hope,Kalamazoo,,,False,False,True,Michigan,Michigan,iii,iii,
9,regular,2026-10-31 17:00:00+00:00,Missouri Southern State,Pittsburg State,,,False,False,True,Mid America,Mid America,ii,ii,
9,regular,2026-10-31 17:00:00+00:00,Chattanooga,VMI,,,False,False,True,Southern,Southern,fcs,fcs,
9,regular,2026-10-31 17:00:00+00:00,Holy Cross,Richmond,,,False,False,True,Patriot,Patriot,fcs,fcs,
9,regular,2026-10-31 17:00:00+00:00,Ashland,Northwood,,,False,False,True,Great Midwest Athletic,Great Midwest Athletic,ii,ii,
9,regular,2026-10-31 17:00:00+00:00,Ferris State,Davenport,,,False,False,True,GLIAC,GLIAC,ii,ii,
9,regular,2026-10-31 17:00:00+00:00,Lycoming,Susquehanna,,,False,False,True,Landmark Conference,Landmark Conference,iii,iii,
9,regular,2026-10-31 17:00:00+00:00,Monmouth,Bryant,,,False,False,True,Coastal Athletic,Coastal Athletic,fcs,fcs,
9,regular,2026-10-31 17:00:00+00:00,North Carolina A&T,Elon,,,False,False,True,Coastal Athletic,Coastal Athletic,fcs,fcs,
9,regular,2026-10-31 17:00:00+00:00,Colgate,William & Mary,,,False,False,True,Patriot,Patriot,fcs,fcs,
9,regular,2026-10-31 17:00:00+00:00,Presbyterian,Butler,,,False,False,True,Pioneer,Pioneer,fcs,fcs,
9,regular,2026-10-31 17:00:00+00:00,Stetson,Dayton,,,False,False,True,Pioneer,Pioneer,fcs,fcs,
9,regular,2026-10-31 17:00:00+00:00,Pacific (OR),Puget Sound,,,False,False,True,Northwest,Northwest,iii,iii,
9,regular,2026-10-31 17:00:00+00:00,Vermont State Castleton,Kean,,,False,False,True,New Jersey,New Jersey,iii,iii,
9,regular,2026-10-31 17:00:00+00:00,Catawba,Carson Newman,,,False,False,True,South Atlantic,South Atlantic,ii,ii,
9,regular,2026-10-31 17:00:00+00:00,Emory & Henry,Lenoir Rhyne,,,False,False,True,South Atlantic,South Atlantic,ii,ii,
9,regular,2026-10-31 17:00:00+00:00,American International,Saint Anselm,,,False,False,True,Northeast 10,Northeast 10,ii,ii,
9,regular,2026-10-31 17:00:00+00:00,Southern Connecticut State,Franklin Pierce,,,False,False,True,Northeast 10,Northeast 10,ii,ii,
9,regular,2026-10-31 17:00:00+00:00,West Virginia Wesleyan,Charleston (WV),,,False,False,True,Mountain East,Mountain East,ii,ii,
9,regular,2026-10-31 17:00:00+00:00,Concord,Wheeling,,,False,False,True,Mountain East,Mountain East,ii,ii,
9,regular,2026-10-31 17:00:00+00:00,Fairmont State,West Liberty,,,False,False,True,Mountain East,Mountain East,ii,ii,
9,regular,2026-10-31 17:00:00+00:00,Glenville State,West Virginia State,,,False,False,True,Mountain East,Mountain East,ii,ii,
9,regular,2026-10-31 17:00:00+00:00,Lackawanna,Millersville,,,False,False,True,,Pennsylvania State Athletic,,ii,
9,regular,2026-10-31 17:00:00+00:00,Minnesota Duluth,Jamestown,,,False,False,True,Northern Sun,Northern Sun,ii,ii,
9,regular,2026-10-31 17:00:00+00:00,Southwest Minnesota State,Minnesota State,,,False,False,True,Northern Sun,Northern Sun,ii,ii,
9,regular,2026-10-31 17:00:00+00:00,Case Western Reserve,Thiel,,,False,False,True,Presidents',Presidents',iii,iii,
9,regular,2026-10-31 17:00:00+00:00,Hobart,Rochester (NY),,,False,False,True,Liberty League,Liberty League,iii,iii,
9,regular,2026-10-31 17:00:00+00:00,Shippensburg,Shepherd,,,False,False,True,Pennsylvania State Athletic,Pennsylvania State Athletic,ii,ii,
9,regular,2026-10-31 17:00:00+00:00,Elmhurst,Millikin,,,False,False,True,CCIW,CCIW,iii,iii,
9,regular,2026-10-31 17:00:00+00:00,SUNY Cortland,Alfred State,,,False,False,True,Empire 8,Empire 8,iii,iii,
9,regular,2026-10-31 17:00:00+00:00,Methodist,Belhaven,,,False,False,True,USA South,USA South,iii,iii,
9,regular,2026-10-31 17:00:00+00:00,SUNY Morrisville,Hartwick,,,False,False,True,Empire 8,Empire 8,iii,iii,
9,regular,2026-10-31 17:00:00+00:00,Southern Virginia,North Carolina Wesleyan,,,False,False,True,USA South,USA South,iii,iii,
9,regular,2026-10-31 17:00:00+00:00,King's,Delaware Valley,,,False,False,True,Mid Atlantic,Mid Atlantic,iii,iii,
9,regular,2026-10-31 17:00:00+00:00,Misericordia,Lebanon Valley,,,False,False,True,Mid Atlantic,Mid Atlantic,iii,iii,
9,regular,2026-10-31 17:00:00+00:00,Widener,Stevenson,,,False,False,True,Mid Atlantic,Mid Atlantic,iii,iii,
9,regular,2026-10-31 17:00:00+00:00,Berry,Centre,,,False,False,True,Southern Athletic,Southern Athletic,iii,iii,
9,regular,2026-10-31 17:00:00+00:00,McDaniel,Franklin & Marshall,,,False,False,True,Centennial,Centennial,iii,iii,
9,regular,2026-10-31 17:00:00+00:00,Gettysburg,Ursinus,,,False,False,True,Centennial,Centennial,iii,iii,
9,regular,2026-10-31 17:00:00+00:00,Johns Hopkins,Muhlenberg,,,False,False,True,Centennial,Centennial,iii,iii,
9,regular,2026-10-31 17:00:00+00:00,Minnesota Morris,Greenville,,,False,False,True,Upper Midwest,Upper Midwest,iii,iii,
9,regular,2026-10-31 17:00:00+00:00,Martin Luther,Westminster (MO),,,False,False,True,Upper Midwest,Upper Midwest,iii,iii,
9,regular,2026-10-31 17:00:00+00:00,Western Connecticut State,Juniata,,,False,False,True,Landmark Conference,Landmark Conference,iii,iii,
9,regular,2026-10-31 17:00:00+00:00,DePauw,John Carroll,,,False,False,True,North Coast,Ohio,iii,iii,
9,regular,2026-10-31 17:00:00+00:00,Albion,Alma,,,False,False,True,Michigan,Michigan,iii,iii,
9,regular,2026-10-31 17:00:00+00:00,Trine,Calvin,,,False,False,True,Michigan,Michigan,iii,iii,
9,regular,2026-10-31 17:00:00+00:00,Augsburg,Carleton,,,False,False,True,Minnesota,Minnesota,iii,iii,
9,regular,2026-10-31 17:00:00+00:00,Beloit,Lake Forest,,,False,False,True,Midwest,Midwest,iii,iii,
9,regular,2026-10-31 17:00:00+00:00,Tufts,Amherst,,,False,False,True,NESCAC,NESCAC,iii,iii,
9,regular,2026-10-31 17:00:00+00:00,Bowdoin,Wesleyan (CT),,,False,False,True,NESCAC,NESCAC,iii,iii,
9,regular,2026-10-31 17:00:00+00:00,Middlebury,Trinity (CT),,,False,False,True,NESCAC,NESCAC,iii,iii,
9,regular,2026-10-31 17:00:00+00:00,Christopher Newport,Rowan,,,False,False,True,New Jersey,New Jersey,iii,iii,
9,regular,2026-10-31 17:00:00+00:00,Wooster,Wittenberg,,,False,False,True,North Coast,North Coast,iii,iii,
9,regular,2026-10-31 17:00:00+00:00,William Paterson,Salisbury,,,False,False,True,New Jersey,New Jersey,iii,iii,
9,regular,2026-10-31 17:00:00+00:00,Hampden Sydney,Averett,,,False,False,True,Old Dominion,Old Dominion,iii,iii,
9,regular,2026-10-31 17:00:00+00:00,Shenandoah,Randolph Macon,,,False,False,True,Old Dominion,Old Dominion,iii,iii,
9,regular,2026-10-31 17:00:00+00:00,Saint Francis,Bethany (WV),,,False,False,True,Presidents',Presidents',iii,iii,
9,regular,2026-10-31 17:00:00+00:00,Saint Vincent,Westminster (PA),,,False,False,True,Presidents',Presidents',iii,iii,
9,regular,2026-10-31 17:00:00+00:00,Kenyon,Oberlin,,,False,False,True,North Coast,North Coast,iii,iii,
9,regular,2026-10-31 17:00:00+00:00,Ohio Wesleyan,Wabash,,,False,False,True,North Coast,North Coast,iii,iii,
9,regular,2026-10-31 17:05:00+00:00,East Stroudsburg,Kutztown,,,False,False,True,Pennsylvania State Athletic,Pennsylvania State Athletic,ii,ii,
9,regular,2026-10-31 17:30:00+00:00,Ohio Northern,Mount Union,,,False,False,True,Ohio,Ohio,iii,iii,
9,regular,2026-10-31 17:30:00+00:00,Wilmington (OH),Baldwin Wallace,,,False,False,True,Ohio,Ohio,iii,iii,
9,regular,2026-10-31 17:30:00+00:00,Williams,Hamilton,,,False,False,True,NESCAC,NESCAC,iii,iii,
9,regular,2026-10-31 17:30:00+00:00,Hanover,Bluffton,,,False,False,True,Heartland,Heartland,iii,iii,
9,regular,2026-10-31 17:30:00+00:00,Anderson (IN),Mount St Joseph,,,False,False,True,Heartland,Heartland,iii,iii,
9,regular,2026-10-31 17:30:00+00:00,Franklin,Muskingum,,,False,False,False,Heartland,Ohio,iii,iii,
9,regular,2026-10-31 18:00:00+00:00,Trinity (TX),Sewanee,,,False,False,True,Southern Athletic,Southern Athletic,iii,iii,
9,regular,2026-10-31 18:00:00+00:00,Crown,Northwestern (MN),,,False,False,True,Upper Midwest,Upper Midwest,iii,iii,
9,regular,2026-10-31 18:00:00+00:00,Huntingdon,LaGrange,,,False,False,True,USA South,USA South,iii,iii,
9,regular,2026-10-31 18:00:00+00:00,Loras,Central College,,,False,False,True,American Rivers,American Rivers,iii,iii,
9,regular,2026-10-31 18:00:00+00:00,Coe,Nebraska Wesleyan,,,False,False,True,American Rivers,American Rivers,iii,iii,
9,regular,2026-10-31 18:00:00+00:00,Rose Hulman,Manchester,,,False,False,True,Heartland,Heartland,iii,iii,
9,regular,2026-10-31 18:00:00+00:00,East Texas Baptist,McMurry,,,False,False,True,American Southwest,American Southwest,iii,iii,
9,regular,2026-10-31 18:00:00+00:00,Howard Payne,Hardin Simmons,,,False,False,True,American Southwest,American Southwest,iii,iii,
9,regular,2026-10-31 18:00:00+00:00,Southwestern U,Millsaps,,,False,False,True,Southern Athletic,Southern Athletic,iii,iii,
9,regular,2026-10-31 18:00:00+00:00,Rockford,Benedictine (IL),,,False,False,True,NACC,NACC,iii,iii,
9,regular,2026-10-31 18:00:00+00:00,Furman,Western Carolina,,,False,False,True,Southern,Southern,fcs,fcs,
9,regular,2026-10-31 18:00:00+00:00,St. Thomas (MN),Davidson,,,False,False,True,Pioneer,Pioneer,fcs,fcs,
9,regular,2026-10-31 18:00:00+00:00,Lindenwood,Tennessee State,,,False,False,True,OVC,OVC,fcs,fcs,
9,regular,2026-10-31 18:00:00+00:00,Southeast Missouri State,Gardner-Webb,,,False,False,True,OVC,OVC,fcs,fcs,
9,regular,2026-10-31 18:00:00+00:00,Charleston Southern,Western Illinois,,,False,False,True,OVC,OVC,fcs,fcs,
9,regular,2026-10-31 18:00:00+00:00,North Carolina Central,Howard,,,False,False,True,MEAC,MEAC,fcs,fcs,
9,regular,2026-10-31 18:00:00+00:00,Northern Iowa,Indiana State,,,False,False,True,MVFC,MVFC,fcs,fcs,
9,regular,2026-10-31 18:00:00+00:00,Concordia (WI),St. Norbert,,,False,False,True,NACC,NACC,iii,iii,
9,regular,2026-10-31 18:00:00+00:00,Eureka,Concordia Chicago,,,False,False,True,NACC,NACC,iii,iii,
9,regular,2026-10-31 18:00:00+00:00,Roanoke College,Bridgewater,,,False,False,True,,Old Dominion,,iii,
9,regular,2026-10-31 18:00:00+00:00,St. Olaf,Macalester,,,False,False,True,Minnesota,Minnesota,iii,iii,
9,regular,2026-10-31 18:00:00+00:00,Hamline,St. Scholastica,,,False,False,True,Minnesota,Minnesota,iii,iii,
9,regular,2026-10-31 18:00:00+00:00,Saint John's (MN),Gustavus Adolphus,,,False,False,True,Minnesota,Minnesota,iii,iii,
9,regular,2026-10-31 18:00:00+00:00,Aurora,Lakeland,,,False,False,True,NACC,NACC,iii,iii,
9,regular,2026-10-31 18:00:00+00:00,Bethel (MN),Concordia (MN),,,False,False,True,Minnesota,Minnesota,iii,iii,
9,regular,2026-10-31 18:00:00+00:00,Illinois College,Monmouth (IL),,,False,False,True,Midwest,Midwest,iii,iii,
9,regular,2026-10-31 18:00:00+00:00,Luther,Knox,,,False,False,True,Midwest,Midwest,iii,iii,
9,regular,2026-10-31 18:00:00+00:00,Cornell (IA),Lawrence,,,False,False,True,Midwest,Midwest,iii,iii,
9,regular,2026-10-31 18:00:00+00:00,Heidelberg,Marietta,,,False,False,True,Ohio,Ohio,iii,iii,
9,regular,2026-10-31 18:00:00+00:00,Austin,Texas Lutheran,,,False,False,True,Southern Collegiate Athletic,Southern Collegiate Athletic,iii,iii,
9,regular,2026-10-31 18:00:00+00:00,Livingstone,Virginia Lynchburg,,,False,False,False,CIAA,,ii,,
9,regular,2026-10-31 18:00:00+00:00,Ferrum,Chowan,,,False,False,True,Carolinas,Carolinas,ii,ii,
9,regular,2026-10-31 18:00:00+00:00,Henderson State,Southeastern Oklahoma State,,,False,False,True,Great American,Great American,ii,ii,
9,regular,2026-10-31 18:00:00+00:00,Northwestern (OK),Ouachita Baptist,,,False,False,True,Great American,Great American,ii,ii,
9,regular,2026-10-31 18:00:00+00:00,West Alabama,Valdosta State,,,False,False,True,Gulf South,Gulf South,ii,ii,
9,regular,2026-10-31 18:00:00+00:00,Saginaw Valley State,Michigan Tech,,,False,False,True,GLIAC,GLIAC,ii,ii,
9,regular,2026-10-31 18:00:00+00:00,Allen,Morehouse,,,False,False,True,SIAC,SIAC,ii,ii,
9,regular,2026-10-31 18:00:00+00:00,Benedict,Savannah State,,,False,False,True,SIAC,SIAC,ii,ii,
9,regular,2026-10-31 18:00:00+00:00,Adams State,Colorado School of Mines,,,False,False,True,Rocky Mountain,Rocky Mountain,ii,ii,
9,regular,2026-10-31 18:00:00+00:00,Indianapolis,Quincy,,,False,False,True,Great Lakes,Great Lakes,ii,ii,
9,regular,2026-10-31 18:00:00+00:00,McKendree,Upper Iowa,,,False,False,True,Great Lakes,Great Lakes,ii,ii,
9,regular,2026-10-31 18:00:00+00:00,William Jewell,Missouri S&T,,,False,False,True,Great Lakes,Great Lakes,ii,ii,
9,regular,2026-10-31 18:00:00+00:00,Western New Mexico,Western Oregon,,,False,False,True,Lone Star,Lone Star,ii,ii,
9,regular,2026-10-31 18:00:00+00:00,Central Missouri,Fort Hays,,,False,False,True,Mid America,Mid America,ii,ii,
9,regular,2026-10-31 18:00:00+00:00,Central Oklahoma,Nebraska Kearney,,,False,False,True,Mid America,Mid America,ii,ii,
9,regular,2026-10-31 18:00:00+00:00,UVA Wise,Mars Hill,,,False,False,True,South Atlantic,South Atlantic,ii,ii,
9,regular,2026-10-31 18:00:00+00:00,Washington St. Louis,Denison,,,False,False,True,North Coast,North Coast,iii,iii,
9,regular,2026-10-31 18:00:00+00:00,Bloomsburg,West Chester,,,False,False,True,Pennsylvania State Athletic,Pennsylvania State Athletic,ii,ii,
9,regular,2026-10-31 18:00:00+00:00,Bemidji State,Minnesota St Moorhead,,,False,False,True,Northern Sun,Northern Sun,ii,ii,
9,regular,2026-10-31 18:00:00+00:00,Chicago,Ripon,,,False,False,True,Midwest,Midwest,iii,iii,
9,regular,2026-10-31 18:00:00+00:00,Wayne State (NE),Concordia St. Paul,,,False,False,True,Northern Sun,Northern Sun,ii,ii,
9,regular,2026-10-31 18:00:00+00:00,Winona State,Sioux Falls,,,False,False,True,Northern Sun,Northern Sun,ii,ii,
9,regular,2026-10-31 18:00:00+00:00,Buena Vista,Dubuque,,,False,False,True,American Rivers,American Rivers,iii,iii,
9,regular,2026-10-31 18:00:00+00:00,Augustana (IL),Wheaton (IL),,,False,False,True,CCIW,CCIW,iii,iii,
9,regular,2026-10-31 18:00:00+00:00,North Park,Carroll (WI),,,False,False,True,CCIW,CCIW,iii,iii,
9,regular,2026-10-31 18:00:00+00:00,North Central College,Carthage,,,False,False,True,CCIW,CCIW,iii,iii,
9,regular,2026-10-31 18:00:00+00:00,Wisconsin Stevens Point,Wisconsin Platteville,,,False,False,True,Wisconsin,Wisconsin,iii,iii,
9,regular,2026-10-31 18:00:00+00:00,St. John Fisher,Utica,,,False,False,True,Empire 8,Empire 8,iii,iii,
9,regular,2026-10-31 18:00:00+00:00,Norfolk State,Delaware State,,,False,False,True,MEAC,MEAC,fcs,fcs,
9,regular,2026-10-31 18:00:00+00:00,Illinois State,Murray State,,,False,False,True,MVFC,MVFC,fcs,fcs,
9,regular,2026-10-31 18:05:00+00:00,Wisconsin River Falls,Wisconsin Stout,,,False,False,True,Wisconsin,Wisconsin,iii,iii,
9,regular,2026-10-31 18:30:00+00:00,UMass Dartmouth,Dean,,,False,False,True,MSCAC,MSCAC,iii,iii,
9,regular,2026-10-31 19:00:00+00:00,Western Colorado,South Dakota Mines,,,False,False,True,Rocky Mountain,Rocky Mountain,ii,ii,
9,regular,2026-10-31 19:00:00+00:00,Southern Nazarene,Arkansas Tech,,,False,False,True,Great American,Great American,ii,ii,
9,regular,2026-10-31 19:00:00+00:00,Southern Arkansas,East Central,,,False,False,True,Great American,Great American,ii,ii,
9,regular,2026-10-31 19:00:00+00:00,Oklahoma Baptist,Harding,,,False,False,True,Great American,Great American,ii,ii,
9,regular,2026-10-31 19:00:00+00:00,CSU Pueblo,Black Hills State,,,False,False,True,Rocky Mountain,Rocky Mountain,ii,ii,
9,regular,2026-10-31 19:00:00+00:00,Chadron State,Fort Lewis,,,False,False,True,Rocky Mountain,Rocky Mountain,ii,ii,
9,regular,2026-10-31 19:00:00+00:00,Colorado Mesa,New Mexico Highlands,,,False,False,True,Rocky Mountain,Rocky Mountain,ii,ii,
9,regular,2026-10-31 19:00:00+00:00,Lane College,Tuskegee,,,False,False,True,SIAC,SIAC,ii,ii,
9,regular,2026-10-31 19:00:00+00:00,Northwest Missouri State,Emporia State,,,False,False,True,Mid America,Mid America,ii,ii,
9,regular,2026-10-31 19:00:00+00:00,Washburn,Missouri Western,,,False,False,True,Mid America,Mid America,ii,ii,
9,regular,2026-10-31 19:00:00+00:00,Wingate,Anderson (SC),,,False,False,True,South Atlantic,South Atlantic,ii,ii,
9,regular,2026-10-31 19:00:00+00:00,Montana State,Cal Poly,,,False,False,True,Big Sky,Big Sky,fcs,fcs,
9,regular,2026-10-31 19:00:00+00:00,Stephen F. Austin,Houston Christian,,,False,False,True,Southland,Southland,fcs,fcs,
9,regular,2026-10-31 19:00:00+00:00,Mississippi Valley State,Alcorn State,,,False,False,True,SWAC,SWAC,fcs,fcs,
9,regular,2026-10-31 19:00:00+00:00,Minot State,University of Mary,,,False,False,True,Northern Sun,Northern Sun,ii,ii,
9,regular,2026-10-31 19:00:00+00:00,Wartburg,Simpson (IA),,,False,False,True,American Rivers,American Rivers,iii,iii,
9,regular,2026-10-31 19:00:00+00:00,Mary Hardin Baylor,Schreiner,,,False,False,True,American Southwest,,iii,,
9,regular,2026-10-31 19:00:00+00:00,Buffalo State,Ithaca,,,False,False,True,Liberty League,Liberty League,iii,iii,
9,regular,2026-10-31 19:00:00+00:00,Hiram,Waynesburg,,,False,False,True,Presidents',Presidents',iii,iii,
9,regular,2026-10-31 19:00:00+00:00,Air Force,UConn,,,False,False,False,Mountain West,FBS Independents,fbs,fbs,
9,regular,2026-10-31 19:00:00+00:00,Arkansas-Pine Bluff,Bethune-Cookman,,,False,False,True,SWAC,SWAC,fcs,fcs,
9,regular,2026-10-31 19:00:00+00:00,Mercer,The Citadel,,,False,False,True,Southern,Southern,fcs,fcs,
9,regular,2026-10-31 19:00:00+00:00,McNeese,Nicholls,,,False,False,True,Southland,Southland,fcs,fcs,
9,regular,2026-10-31 19:00:00+00:00,Florida A&M,Southern,,,False,False,True,SWAC,SWAC,fcs,fcs,
9,regular,2026-10-31 19:00:00+00:00,Weber State,UC Davis,,,False,False,True,Big Sky,Big Sky,fcs,fcs,
9,regular,2026-10-31 19:00:00+00:00,Southern Utah,Northern Arizona,,,False,False,True,Big Sky,Big Sky,fcs,fcs,
9,regular,2026-10-31 19:00:00+00:00,Utah Tech,Idaho State,,,False,False,True,Big Sky,Big Sky,fcs,fcs,
9,regular,2026-10-31 19:00:00+00:00,Langston,Northeastern State,,,False,False,False,,Independent DII,,ii,
9,regular,2026-10-31 19:00:00+00:00,UT Martin,Eastern Illinois,,,False,False,True,OVC,OVC,fcs,fcs,
9,regular,2026-10-31 19:30:00+00:00,East Tennessee State,Tennessee Tech,,,False,False,True,Southern,Southern,fcs,fcs,
9,regular,2026-10-31 19:30:00+00:00,Georgia,Florida,,,False,True,True,SEC,SEC,fbs,fbs,
9,regular,2026-10-31 19:30:00+00:00,Alabama A&M,Alabama State,,,False,True,True,SWAC,SWAC,fcs,fcs,Magic City Classic
9,regular,2026-10-31 19:30:00+00:00,Liberty,Florida International,,,False,False,True,Conference USA,Conference USA,fbs,fbs,
9,regular,2026-10-31 19:30:00+00:00,Carnegie Mellon,Dickinson,,,False,False,True,Presidents',Centennial,iii,iii,
9,regular,2026-10-31 19:30:00+00:00,North Dakota State,UTEP,,,False,False,True,Mountain West,Mountain West,fbs,fbs,
9,regular,2026-10-31 19:30:00+00:00,Utah State,Colorado State,,,False,False,True,Pac-12,Pac-12,fbs,fbs,
9,regular,2026-10-31 20:00:00+00:00,Eastern New Mexico,Central Washington,,,False,False,True,Lone Star,Lone Star,ii,ii,
9,regular,2026-10-31 20:00:00+00:00,Pacific Lutheran,Whitworth,,,False,False,True,Northwest,Northwest,iii,iii,
9,regular,2026-10-31 20:00:00+00:00,Lewis & Clark,Linfield,,,False,False,True,Northwest,Northwest,iii,iii,
9,regular,2026-10-31 20:00:00+00:00,Whittier,Cal Lutheran,,,False,False,True,So. Cal.,So. Cal.,iii,iii,
9,regular,2026-10-31 20:00:00+00:00,Guilford,Washington and Lee,,,False,False,True,Old Dominion,Old Dominion,iii,iii,
9,regular,2026-10-31 20:00:00+00:00,Chapman,Pomona Pitzer,,,False,False,True,So. Cal.,So. Cal.,iii,iii,
9,regular,2026-10-31 20:00:00+00:00,East Texas A&M,SE Louisiana,,,False,False,True,Southland,Southland,fcs,fcs,
9,regular,2026-10-31 20:00:00+00:00,Abilene Christian,West Georgia,,,False,False,True,UAC,UAC,fcs,fcs,
9,regular,2026-10-31 20:00:00+00:00,San Diego,Marist,,,False,False,True,Pioneer,Pioneer,fcs,fcs,
9,regular,2026-10-31 20:00:00+00:00,Portland State,Idaho,,,False,False,True,Big Sky,Big Sky,fcs,fcs,
9,regular,2026-10-31 20:00:00+00:00,Eastern Washington,Montana,,,False,False,True,Big Sky,Big Sky,fcs,fcs,
9,regular,2026-10-31 21:00:00+00:00,Incarnate Word,Northwestern State,,,False,False,True,Southland,Southland,fcs,fcs,
9,regular,2026-10-31 21:00:00+00:00,Central Arkansas,North Alabama,,,False,False,True,UAC,UAC,fcs,fcs,
9,regular,2026-10-31 22:00:00+00:00,Lock Haven,California (PA),,,False,False,True,Pennsylvania State Athletic,Pennsylvania State Athletic,ii,ii,
9,regular,2026-10-31 22:00:00+00:00,Washington & Jefferson,Grove City,,,False,False,True,Presidents',Presidents',iii,iii,
9,regular,2026-10-31 22:00:00+00:00,Clark Atlanta,Albany State,,,False,False,True,SIAC,SIAC,ii,ii,
9,regular,2026-10-31 22:00:00+00:00,Newberry,Tusculum,,,False,False,True,South Atlantic,South Atlantic,ii,ii,
9,regular,2026-10-31 23:00:00+00:00,Rhodes,Hendrix,,,False,False,False,Southern Athletic,Southern Athletic,iii,iii,
9,regular,2026-10-31 23:00:00+00:00,Brevard,Greensboro,,,False,False,True,USA South,USA South,iii,iii,
9,regular,2026-10-31 23:00:00+00:00,Northern State,Augustana (SD),,,False,False,True,Northern Sun,Northern Sun,ii,ii,
9,regular,2026-10-31 23:00:00+00:00,Centenary (LA),Lyon,,,False,False,True,Southern Collegiate Athletic,Southern Collegiate Athletic,iii,iii,
9,regular,2026-10-31 23:00:00+00:00,San Diego State,Washington State,,,False,False,True,Pac-12,Pac-12,fbs,fbs,
9,regular,2026-10-31 23:00:00+00:00,Roosevelt,Grand Valley State,,,False,False,True,GLIAC,GLIAC,ii,ii,
9,regular,2026-10-31 23:00:00+00:00,UT Permian Basin,Angelo State,,,False,False,True,Lone Star,Lone Star,ii,ii,
9,regular,2026-10-31 23:00:00+00:00,Geneva,Allegheny,,,False,False,True,Presidents',Presidents',iii,iii,
9,regular,2026-10-31 23:00:00+00:00,Colby,Bates,,,False,False,True,NESCAC,NESCAC,iii,iii,
9,regular,2026-10-31 23:00:00+00:00,Samford,Wofford,,,False,False,True,Southern,Southern,fcs,fcs,
9,regular,2026-10-31 23:00:00+00:00,Tarleton State,Eastern Kentucky,,,False,False,True,UAC,UAC,fcs,fcs,
9,regular,2026-11-01 00:00:00+00:00,UT Rio Grande Valley,Lamar,,,False,False,True,Southland,Southland,fcs,fcs,
9,regular,2026-11-01 00:00:00+00:00,Texas A&M-Kingsville,Midwestern State,,,False,False,True,Lone Star,Lone Star,ii,ii,
9,regular,2026-11-01 00:00:00+00:00,Wisconsin Whitewater,Wisconsin Oshkosh,,,False,False,True,Wisconsin,Wisconsin,iii,iii,
9,regular,2026-11-01 00:00:00+00:00,Sul Ross State,West Texas,,,False,False,True,Lone Star,Lone Star,ii,ii,
9,regular,2026-11-01 00:30:00+00:00,Texas Southern,Grambling,,,False,False,True,SWAC,SWAC,fcs,fcs,
9,regular,2026-11-01 01:00:00+00:00,Azusa Pacific,La Verne,,,False,False,True,So. Cal.,So. Cal.,iii,iii,
9,regular,2026-11-01 02:00:00+00:00,Boise State,Texas State,,,False,False,True,Pac-12,Pac-12,fbs,fbs,
9,regular,2026-11-01 02:05:00+00:00,Redlands,Claremont Mudd Scripps,,,False,False,True,So. Cal.,So. Cal.,iii,iii,
9,regular,2026-11-01 02:30:00+00:00,UNLV,Northern Illinois,,,False,False,True,Mountain West,Mountain West,fbs,fbs,
10,regular,2026-11-04 00:00:00+00:00,Akron,Ohio,,,False,False,True,Mid-American,Mid-American,fbs,fbs,
10,regular,2026-11-04 00:00:00+00:00,Miami (OH),Buffalo,,,False,False,True,Mid-American,Mid-American,fbs,fbs,
10,regular,2026-11-04 05:00:00+00:00,Massachusetts,Ball State,,,False,False,True,Mid-American,Mid-American,fbs,fbs,
10,regular,2026-11-04 05:00:00+00:00,Sacramento State,Toledo,,,False,False,True,Mid-American,Mid-American,fbs,fbs,
10,regular,2026-11-04 05:00:00+00:00,Eastern Michigan,Central Michigan,,,False,True,True,Mid-American,Mid-American,fbs,fbs,
10,regular,2026-11-05 22:00:00+00:00,Howard,South Carolina State,,,False,False,True,MEAC,MEAC,fcs,fcs,
10,regular,2026-11-06 01:00:00+00:00,Florida Atlantic,UTSA,,,False,False,True,American Athletic,American Athletic,fbs,fbs,
10,regular,2026-11-06 01:00:00+00:00,Southern Miss,James Madison,,,False,False,True,Sun Belt,Sun Belt,fbs,fbs,
10,regular,2026-11-07 00:00:00+00:00,SMU,Virginia Tech,,,False,False,True,ACC,ACC,fbs,fbs,
10,regular,2026-11-07 00:30:00+00:00,East Carolina,South Florida,,,False,False,True,American Athletic,American Athletic,fbs,fbs,
10,regular,2026-11-07 01:00:00+00:00,Illinois,Nebraska,,,False,False,True,Big Ten,Big Ten,fbs,fbs,
10,regular,2026-11-07 02:00:00+00:00,Nevada,New Mexico,,,False,False,True,Mountain West,Mountain West,fbs,fbs,
10,regular,2026-11-07 03:15:00+00:00,Arizona,TCU,,,False,False,True,Big 12,Big 12,fbs,fbs,
10,regular,2026-11-07 05:00:00+00:00,Wisconsin,Rutgers,,,False,False,True,Big Ten,Big Ten,fbs,fbs,
10,regular,2026-11-07 05:00:00+00:00,Washington,Penn State,,,False,False,True,Big Ten,Big Ten,fbs,fbs,
10,regular,2026-11-07 05:00:00+00:00,Mississippi State,Vanderbilt,,,False,False,True,SEC,SEC,fbs,fbs,FLEX: 3:30 - 4:30pm OR 6 - 8pm ET start
10,regular,2026-11-07 05:00:00+00:00,Purdue,Maryland,,,False,False,True,Big Ten,Big Ten,fbs,fbs,
10,regular,2026-11-07 05:00:00+00:00,Northwestern,Iowa,,,False,False,True,Big Ten,Big Ten,fbs,fbs,
10,regular,2026-11-07 05:00:00+00:00,UAB,Charlotte,,,False,False,True,American Athletic,American Athletic,fbs,fbs,
10,regular,2026-11-07 05:00:00+00:00,Michigan,Michigan State,,,False,False,True,Big Ten,Big Ten,fbs,fbs,
10,regular,2026-11-07 05:00:00+00:00,Missouri,Texas,,,False,False,True,SEC,SEC,fbs,fbs,EARLY: Noon - 1pm ET start
10,regular,2026-11-07 05:00:00+00:00,Tennessee,Kentucky,,,False,False,True,SEC,SEC,fbs,fbs,NIGHT: 6 - 8pm ET start
10,regular,2026-11-07 05:00:00+00:00,Arizona State,Colorado,,,False,False,True,Big 12,Big 12,fbs,fbs,
10,regular,2026-11-07 05:00:00+00:00,Kansas State,Oklahoma State,,,False,False,True,Big 12,Big 12,fbs,fbs,
10,regular,2026-11-07 05:00:00+00:00,Texas Tech,West Virginia,,,False,False,True,Big 12,Big 12,fbs,fbs,
10,regular,2026-11-07 05:00:00+00:00,Baylor,Iowa State,,,False,False,True,Big 12,Big 12,fbs,fbs,
10,regular,2026-11-07 05:00:00+00:00,UTEP,Hawai'i,,,False,False,True,Mountain West,Mountain West,fbs,fbs,
10,regular,2026-11-07 05:00:00+00:00,Boston College,Florida State,,,False,False,True,ACC,ACC,fbs,fbs,
10,regular,2026-11-07 05:00:00+00:00,Ohio State,Oregon,,,False,False,True,Big Ten,Big Ten,fbs,fbs,
10,regular,2026-11-07 05:00:00+00:00,Minnesota,UCLA,,,False,False,True,Big Ten,Big Ten,fbs,fbs,
10,regular,2026-11-07 05:00:00+00:00,Troy,Louisiana Tech,,,False,False,True,Sun Belt,Sun Belt,fbs,fbs,
10,regular,2026-11-07 05:00:00+00:00,Houston,Cincinnati,,,False,False,True,Big 12,Big 12,fbs,fbs,
10,regular,2026-11-07 05:00:00+00:00,South Carolina,Texas A&M,,,False,False,True,SEC,SEC,fbs,fbs,AFTERNOON: 3:30 - 4:30pm ET start
10,regular,2026-11-07 05:00:00+00:00,NC State,Duke,,,False,False,True,ACC,ACC,fbs,fbs,
10,regular,2026-11-07 05:00:00+00:00,Louisiana,South Alabama,,,False,False,True,Sun Belt,Sun Belt,fbs,fbs,
10,regular,2026-11-07 05:00:00+00:00,Georgia Southern,Marshall,,,False,False,True,Sun Belt,Sun Belt,fbs,fbs,
10,regular,2026-11-07 05:00:00+00:00,Coastal Carolina,Old Dominion,,,False,False,True,Sun Belt,Sun Belt,fbs,fbs,
10,regular,2026-11-07 05:00:00+00:00,App State,Georgia State,,,False,False,True,Sun Belt,Sun Belt,fbs,fbs,
10,regular,2026-11-07 05:00:00+00:00,Albright,King's,,,False,False,True,Mid Atlantic,Mid Atlantic,iii,iii,
10,regular,2026-11-07 05:00:00+00:00,Tulane,Tulsa,,,False,False,True,American Athletic,American Athletic,fbs,fbs,
10,regular,2026-11-07 05:00:00+00:00,North Texas,Rice,,,False,False,True,American Athletic,American Athletic,fbs,fbs,
10,regular,2026-11-07 05:00:00+00:00,Kansas,UCF,,,False,False,True,Big 12,Big 12,fbs,fbs,
10,regular,2026-11-07 05:00:00+00:00,Utah,BYU,,,False,False,True,Big 12,Big 12,fbs,fbs,
10,regular,2026-11-07 05:00:00+00:00,LSU,Alabama,,,False,False,True,SEC,SEC,fbs,fbs,FLEX: 3:30 - 4:30pm OR 6 - 8pm ET start
10,regular,2026-11-07 05:00:00+00:00,Florida,Oklahoma,,,False,False,True,SEC,SEC,fbs,fbs,FLEX: 3:30 - 4:30pm OR 6 - 8pm ET start
10,regular,2026-11-07 05:00:00+00:00,Ole Miss,Georgia,,,False,False,True,SEC,SEC,fbs,fbs,FLEX: 3:30 - 4:30pm OR 6 - 8pm ET start
10,regular,2026-11-07 05:00:00+00:00,Auburn,Arkansas,,,False,False,True,SEC,SEC,fbs,fbs,EARLY: Noon - 1pm ET start
10,regular,2026-11-07 05:00:00+00:00,Syracuse,Clemson,,,False,False,True,ACC,ACC,fbs,fbs,
10,regular,2026-11-07 05:00:00+00:00,Georgia Tech,Louisville,,,False,False,True,ACC,ACC,fbs,fbs,
10,regular,2026-11-07 05:00:00+00:00,San José State,Northern Illinois,,,False,False,True,Mountain West,Mountain West,fbs,fbs,
10,regular,2026-11-07 05:00:00+00:00,Mercyhurst,Wagner,,,False,False,True,NEC,NEC,fcs,fcs,
10,regular,2026-11-07 17:00:00+00:00,Sacred Heart,Towson,,,False,False,True,Coastal Athletic,Coastal Athletic,fcs,fcs,
10,regular,2026-11-07 17:00:00+00:00,Monmouth,North Carolina A&T,,,False,False,True,Coastal Athletic,Coastal Athletic,fcs,fcs,
10,regular,2026-11-07 17:00:00+00:00,Keystone,Gallaudet,,,False,False,False,Independent DIII,Southern Collegiate Athletic,iii,iii,
10,regular,2026-11-07 17:00:00+00:00,Walsh,Kentucky Wesleyan,,,False,False,True,Great Midwest Athletic,Great Midwest Athletic,ii,ii,
10,regular,2026-11-07 17:00:00+00:00,Marist,Morehead State,,,False,False,True,Pioneer,Pioneer,fcs,fcs,
10,regular,2026-11-07 17:00:00+00:00,Dayton,Valparaiso,,,False,False,True,Pioneer,Pioneer,fcs,fcs,
10,regular,2026-11-07 17:00:00+00:00,Husson,Nichols,,,False,False,True,Commonwealth Coast,Commonwealth Coast,iii,iii,
10,regular,2026-11-07 17:00:00+00:00,Lehigh,Colgate,,,False,False,True,Patriot,Patriot,fcs,fcs,
10,regular,2026-11-07 17:00:00+00:00,Norfolk State,North Carolina Central,,,False,False,True,MEAC,MEAC,fcs,fcs,
10,regular,2026-11-07 17:00:00+00:00,Duquesne,Robert Morris,,,False,False,True,NEC,NEC,fcs,fcs,
10,regular,2026-11-07 17:00:00+00:00,Princeton,Dartmouth,,,False,False,True,Ivy,Ivy,fcs,fcs,
10,regular,2026-11-07 17:00:00+00:00,New Haven,Long Island University,,,False,False,True,NEC,NEC,fcs,fcs,
10,regular,2026-11-07 17:00:00+00:00,Yale,Brown,,,False,False,True,Ivy,Ivy,fcs,fcs,
10,regular,2026-11-07 17:00:00+00:00,UConn,North Carolina,,,False,False,False,FBS Independents,ACC,fbs,fbs,
10,regular,2026-11-07 17:00:00+00:00,Wake Forest,Merrimack,,,False,False,False,ACC,FCS Independents,fbs,fcs,
10,regular,2026-11-07 17:00:00+00:00,Tiffin,Ohio Dominican,,,False,False,True,Great Midwest Athletic,Great Midwest Athletic,ii,ii,
10,regular,2026-11-07 17:00:00+00:00,Thomas More,Northwood,,,False,False,True,Great Midwest Athletic,Great Midwest Athletic,ii,ii,
10,regular,2026-11-07 17:00:00+00:00,Findlay,Lake Erie,,,False,False,True,Great Midwest Athletic,Great Midwest Athletic,ii,ii,
10,regular,2026-11-07 17:00:00+00:00,Hillsdale,Ashland,,,False,False,True,Great Midwest Athletic,Great Midwest Athletic,ii,ii,
10,regular,2026-11-07 17:00:00+00:00,Michigan Tech,Davenport,,,False,False,True,GLIAC,GLIAC,ii,ii,
10,regular,2026-11-07 17:00:00+00:00,Bentley,American International,,,False,False,True,Northeast 10,Northeast 10,ii,ii,
10,regular,2026-11-07 17:00:00+00:00,Assumption,Franklin Pierce,,,False,False,True,Northeast 10,Northeast 10,ii,ii,
10,regular,2026-11-07 17:00:00+00:00,Kutztown,Bloomsburg,,,False,False,True,Pennsylvania State Athletic,Pennsylvania State Athletic,ii,ii,
10,regular,2026-11-07 17:00:00+00:00,California (PA),Gannon,,,False,False,True,Pennsylvania State Athletic,Pennsylvania State Athletic,ii,ii,
10,regular,2026-11-07 17:00:00+00:00,Millersville,East Stroudsburg,,,False,False,True,Pennsylvania State Athletic,Pennsylvania State Athletic,ii,ii,
10,regular,2026-11-07 17:00:00+00:00,West Virginia State,Frostburg State,,,False,False,True,Mountain East,Mountain East,ii,ii,
10,regular,2026-11-07 17:00:00+00:00,Shepherd,Lackawanna,,,False,False,True,Pennsylvania State Athletic,,ii,,
10,regular,2026-11-07 17:00:00+00:00,Franklin & Marshall,Carnegie Mellon,,,False,False,True,Centennial,Presidents',iii,iii,
10,regular,2026-11-07 17:00:00+00:00,Brockport,SUNY Cortland,,,False,False,True,Empire 8,Empire 8,iii,iii,
10,regular,2026-11-07 17:00:00+00:00,Brevard,Methodist,,,False,False,True,USA South,USA South,iii,iii,
10,regular,2026-11-07 17:00:00+00:00,Maryville (TN),Southwestern U,,,False,False,True,USA South,Southern Athletic,iii,iii,
10,regular,2026-11-07 17:00:00+00:00,FDU Florham,Lebanon Valley,,,False,False,True,Mid Atlantic,Mid Atlantic,iii,iii,
10,regular,2026-11-07 17:00:00+00:00,Bluffton,Ohio Northern,,,False,False,False,Heartland,Ohio,iii,iii,
10,regular,2026-11-07 17:00:00+00:00,McDaniel,Johns Hopkins,,,False,False,True,Centennial,Centennial,iii,iii,
10,regular,2026-11-07 17:00:00+00:00,New England,Curry,,,False,False,True,Commonwealth Coast,Commonwealth Coast,iii,iii,
10,regular,2026-11-07 17:00:00+00:00,Endicott,New England College,,,False,False,True,Commonwealth Coast,,iii,,
10,regular,2026-11-07 17:00:00+00:00,Western New England,Maine Maritime,,,False,False,True,Commonwealth Coast,Commonwealth Coast,iii,iii,
10,regular,2026-11-07 17:00:00+00:00,Fitchburg State,Plymouth State,,,False,False,True,MSCAC,MSCAC,iii,iii,
10,regular,2026-11-07 17:00:00+00:00,Dean,Framingham State,,,False,False,True,MSCAC,MSCAC,iii,iii,
10,regular,2026-11-07 17:00:00+00:00,Worcester State,Mass Maritime,,,False,False,True,MSCAC,MSCAC,iii,iii,
10,regular,2026-11-07 17:00:00+00:00,Westfield State,UMass Dartmouth,,,False,False,True,MSCAC,MSCAC,iii,iii,
10,regular,2026-11-07 17:00:00+00:00,Susquehanna,Western Connecticut State,,,False,False,True,Landmark Conference,Landmark Conference,iii,iii,
10,regular,2026-11-07 17:00:00+00:00,WPI,MIT,,,False,False,True,NEWMAC,NEWMAC,iii,iii,
10,regular,2026-11-07 17:00:00+00:00,Juniata,Catholic,,,False,False,True,Landmark Conference,Landmark Conference,iii,iii,
10,regular,2026-11-07 17:00:00+00:00,Oberlin,John Carroll,,,False,False,True,North Coast,Ohio,iii,iii,
10,regular,2026-11-07 17:00:00+00:00,Wilkes,Moravian,,,False,False,True,Landmark Conference,Landmark Conference,iii,iii,
10,regular,2026-11-07 17:00:00+00:00,Coast Guard,Salve Regina,,,False,False,True,NEWMAC,NEWMAC,iii,iii,
10,regular,2026-11-07 17:00:00+00:00,Springfield,Norwich,,,False,False,True,NEWMAC,NEWMAC,iii,iii,
10,regular,2026-11-07 17:30:00+00:00,Middlebury,Hamilton,,,False,False,True,NESCAC,NESCAC,iii,iii,
10,regular,2026-11-07 17:30:00+00:00,Eastern,Stevenson,,,False,False,True,Mid Atlantic,Mid Atlantic,iii,iii,
10,regular,2026-11-07 17:30:00+00:00,Georgetown,Holy Cross,,,False,False,True,Patriot,Patriot,fcs,fcs,
10,regular,2026-11-07 18:00:00+00:00,Villanova,Richmond,,,False,False,True,Patriot,Patriot,fcs,fcs,
10,regular,2026-11-07 18:00:00+00:00,Fairmont State,Concord,,,False,False,True,Mountain East,Mountain East,ii,ii,
10,regular,2026-11-07 18:00:00+00:00,West Liberty,Charleston (WV),,,False,False,True,Mountain East,Mountain East,ii,ii,
10,regular,2026-11-07 18:00:00+00:00,William & Mary,Lafayette,,,False,False,True,Patriot,Patriot,fcs,fcs,
10,regular,2026-11-07 18:00:00+00:00,Union,Rochester (NY),,,False,False,True,Liberty League,Liberty League,iii,iii,
10,regular,2026-11-07 18:00:00+00:00,Grove City,Case Western Reserve,,,False,False,True,Presidents',Presidents',iii,iii,
10,regular,2026-11-07 18:00:00+00:00,Minnesota State,Augustana (SD),,,False,False,True,Northern Sun,Northern Sun,ii,ii,
10,regular,2026-11-07 18:00:00+00:00,Cornell,Pennsylvania,,,False,False,True,Ivy,Ivy,fcs,fcs,
10,regular,2026-11-07 18:00:00+00:00,Harvard,Columbia,,,False,False,True,Ivy,Ivy,fcs,fcs,
10,regular,2026-11-07 18:00:00+00:00,Concordia St. Paul,Southwest Minnesota State,,,False,False,True,Northern Sun,Northern Sun,ii,ii,
10,regular,2026-11-07 18:00:00+00:00,Seton Hill,Lock Haven,,,False,False,True,Pennsylvania State Athletic,Pennsylvania State Athletic,ii,ii,
10,regular,2026-11-07 18:00:00+00:00,Kean,Salisbury,,,False,False,True,New Jersey,New Jersey,iii,iii,
10,regular,2026-11-07 18:00:00+00:00,Wheeling,Glenville State,,,False,False,True,Mountain East,Mountain East,ii,ii,
10,regular,2026-11-07 18:00:00+00:00,Western Carolina,Wofford,,,False,False,True,Southern,Southern,fcs,fcs,
10,regular,2026-11-07 18:00:00+00:00,St. Lawrence,Buffalo State,,,False,False,True,Liberty League,Liberty League,iii,iii,
10,regular,2026-11-07 18:00:00+00:00,Albion,Adrian,,,False,False,True,Michigan,Michigan,iii,iii,
10,regular,2026-11-07 18:00:00+00:00,Centre,Trinity (TX),,,False,False,True,Southern Athletic,Southern Athletic,iii,iii,
10,regular,2026-11-07 18:00:00+00:00,Muhlenberg,Gettysburg,,,False,False,True,Centennial,Centennial,iii,iii,
10,regular,2026-11-07 18:00:00+00:00,Ursinus,Dickinson,,,False,False,True,Centennial,Centennial,iii,iii,
10,regular,2026-11-07 18:00:00+00:00,Misericordia,Widener,,,False,False,True,Mid Atlantic,Mid Atlantic,iii,iii,
10,regular,2026-11-07 18:00:00+00:00,Delaware Valley,Alvernia,,,False,False,True,Mid Atlantic,Mid Atlantic,iii,iii,
10,regular,2026-11-07 18:00:00+00:00,Belhaven,LaGrange,,,False,False,True,USA South,USA South,iii,iii,
10,regular,2026-11-07 18:00:00+00:00,St. John Fisher,SUNY Morrisville,,,False,False,True,Empire 8,Empire 8,iii,iii,
10,regular,2026-11-07 18:00:00+00:00,Greensboro,North Carolina Wesleyan,,,False,False,True,USA South,USA South,iii,iii,
10,regular,2026-11-07 18:00:00+00:00,Hobart,Hilbert,,,False,False,True,Liberty League,Empire 8,iii,iii,
10,regular,2026-11-07 18:00:00+00:00,Southern Virginia,Huntingdon,,,False,False,True,USA South,USA South,iii,iii,
10,regular,2026-11-07 18:00:00+00:00,Hartwick,Utica,,,False,False,True,Empire 8,Empire 8,iii,iii,
10,regular,2026-11-07 18:00:00+00:00,Alfred,Alfred State,,,False,False,True,Empire 8,Empire 8,iii,iii,
10,regular,2026-11-07 18:00:00+00:00,Millikin,North Central College,,,False,False,True,CCIW,CCIW,iii,iii,
10,regular,2026-11-07 18:00:00+00:00,Wheaton (IL),Elmhurst,,,False,False,True,CCIW,CCIW,iii,iii,
10,regular,2026-11-07 18:00:00+00:00,Augustana (IL),Carthage,,,False,False,True,CCIW,CCIW,iii,iii,
10,regular,2026-11-07 18:00:00+00:00,Southern Connecticut State,Pace,,,False,False,True,Northeast 10,Northeast 10,ii,ii,
10,regular,2026-11-07 18:00:00+00:00,Ohio Wesleyan,Washington St. Louis,,,False,False,True,North Coast,North Coast,iii,iii,
10,regular,2026-11-07 18:00:00+00:00,Kentucky State,Morehouse,,,False,True,True,SIAC,SIAC,ii,ii,
10,regular,2026-11-07 18:00:00+00:00,Grand Valley State,Northern Michigan,,,False,False,True,GLIAC,GLIAC,ii,ii,
10,regular,2026-11-07 18:00:00+00:00,Roosevelt,Saginaw Valley State,,,False,False,True,GLIAC,GLIAC,ii,ii,
10,regular,2026-11-07 18:00:00+00:00,Wayne State (MI),Ferris State,,,False,False,True,GLIAC,GLIAC,ii,ii,
10,regular,2026-11-07 18:00:00+00:00,Chowan,Shorter,,,False,False,True,Carolinas,Carolinas,ii,ii,
10,regular,2026-11-07 18:00:00+00:00,Virginia State,Virginia Union,,,False,False,True,CIAA,CIAA,ii,ii,
10,regular,2026-11-07 18:00:00+00:00,Bowie State,Lincoln (PA),,,False,False,True,CIAA,CIAA,ii,ii,
10,regular,2026-11-07 18:00:00+00:00,Kalamazoo,Alma,,,False,False,True,Michigan,Michigan,iii,iii,
10,regular,2026-11-07 18:00:00+00:00,Ithaca,Rensselaer,,,False,False,True,Liberty League,Liberty League,iii,iii,
10,regular,2026-11-07 18:00:00+00:00,Wesleyan (CT),Williams,,,False,False,True,NESCAC,NESCAC,iii,iii,
10,regular,2026-11-07 18:00:00+00:00,Colby,Tufts,,,False,False,True,NESCAC,NESCAC,iii,iii,
10,regular,2026-11-07 18:00:00+00:00,Bates,Bowdoin,,,False,False,True,NESCAC,NESCAC,iii,iii,
10,regular,2026-11-07 18:00:00+00:00,Amherst,Trinity (CT),,,False,False,True,NESCAC,NESCAC,iii,iii,
10,regular,2026-11-07 18:00:00+00:00,Trine,Olivet,,,False,False,True,Michigan,Michigan,iii,iii,
10,regular,2026-11-07 18:00:00+00:00,Carleton,Bethel (MN),,,False,False,True,Minnesota,Minnesota,iii,iii,
10,regular,2026-11-07 18:00:00+00:00,Gustavus Adolphus,Augsburg,,,False,False,True,Minnesota,Minnesota,iii,iii,
10,regular,2026-11-07 18:00:00+00:00,Knox,Illinois College,,,False,False,True,Midwest,Midwest,iii,iii,
10,regular,2026-11-07 18:00:00+00:00,Calvin,Hope,,,False,False,True,Michigan,Michigan,iii,iii,
10,regular,2026-11-07 18:00:00+00:00,Lake Forest,Cornell (IA),,,False,False,True,Midwest,Midwest,iii,iii,
10,regular,2026-11-07 18:00:00+00:00,Wabash,Kenyon,,,False,False,True,North Coast,North Coast,iii,iii,
10,regular,2026-11-07 18:00:00+00:00,Wooster,DePauw,,,False,False,True,North Coast,North Coast,iii,iii,
10,regular,2026-11-07 18:00:00+00:00,Concordia (WI),Wisconsin Lutheran,,,False,False,True,NACC,NACC,iii,iii,
10,regular,2026-11-07 18:00:00+00:00,Washington & Jefferson,Saint Francis,,,False,False,True,Presidents',Presidents',iii,iii,
10,regular,2026-11-07 18:00:00+00:00,Thiel,Westminster (PA),,,False,False,True,Presidents',Presidents',iii,iii,
10,regular,2026-11-07 18:00:00+00:00,Geneva,Waynesburg,,,False,False,True,Presidents',Presidents',iii,iii,
10,regular,2026-11-07 18:00:00+00:00,Allegheny,Hiram,,,False,False,True,Presidents',Presidents',iii,iii,
10,regular,2026-11-07 18:00:00+00:00,Washington and Lee,Shenandoah,,,False,False,True,Old Dominion,Old Dominion,iii,iii,
10,regular,2026-11-07 18:00:00+00:00,Randolph Macon,Roanoke College,,,False,False,True,Old Dominion,,iii,,
10,regular,2026-11-07 18:00:00+00:00,Averett,Guilford,,,False,False,True,Old Dominion,Old Dominion,iii,iii,
10,regular,2026-11-07 18:00:00+00:00,William Paterson,Rowan,,,False,False,True,New Jersey,New Jersey,iii,iii,
10,regular,2026-11-07 18:00:00+00:00,Christopher Newport,The College of New Jersey,,,False,False,True,New Jersey,New Jersey,iii,iii,
10,regular,2026-11-07 18:00:00+00:00,Bryant,UAlbany,,,False,False,True,Coastal Athletic,Coastal Athletic,fcs,fcs,
10,regular,2026-11-07 18:00:00+00:00,Campbell,Stony Brook,,,False,False,True,Coastal Athletic,Coastal Athletic,fcs,fcs,
10,regular,2026-11-07 18:00:00+00:00,New Hampshire,Rhode Island,,,False,False,True,Coastal Athletic,Coastal Athletic,fcs,fcs,
10,regular,2026-11-07 18:00:00+00:00,Stonehill,Central Connecticut,,,False,False,True,NEC,NEC,fcs,fcs,
10,regular,2026-11-07 18:00:00+00:00,Delaware State,Morgan State,,,False,False,True,MEAC,MEAC,fcs,fcs,
10,regular,2026-11-07 18:00:00+00:00,Bucknell,Fordham,,,False,False,True,Patriot,Patriot,fcs,fcs,
10,regular,2026-11-07 18:00:00+00:00,Butler,St. Thomas (MN),,,False,False,True,Pioneer,Pioneer,fcs,fcs,
10,regular,2026-11-07 18:00:00+00:00,Davidson,Stetson,,,False,False,True,Pioneer,Pioneer,fcs,fcs,
10,regular,2026-11-07 18:00:00+00:00,Drake,San Diego,,,False,False,True,Pioneer,Pioneer,fcs,fcs,
10,regular,2026-11-07 18:00:00+00:00,Chattanooga,Mercer,,,False,False,True,Southern,Southern,fcs,fcs,
10,regular,2026-11-07 18:00:00+00:00,East Tennessee State,Samford,,,False,False,True,Southern,Southern,fcs,fcs,
10,regular,2026-11-07 18:00:00+00:00,St. Scholastica,Saint John's (MN),,,False,False,True,Minnesota,Minnesota,iii,iii,
10,regular,2026-11-07 18:00:00+00:00,Linfield,Puget Sound,,,False,False,True,Northwest,Northwest,iii,iii,
10,regular,2026-11-07 18:00:00+00:00,Montclair State,Vermont State Castleton,,,False,False,True,New Jersey,New Jersey,iii,iii,
10,regular,2026-11-07 18:30:00+00:00,Franklin,Anderson (IN),,,False,False,True,Heartland,Heartland,iii,iii,
10,regular,2026-11-07 18:30:00+00:00,Wingate,Emory & Henry,,,False,False,True,South Atlantic,South Atlantic,ii,ii,
10,regular,2026-11-07 18:30:00+00:00,Erskine,Barton,,,False,False,True,Carolinas,Carolinas,ii,ii,
10,regular,2026-11-07 18:30:00+00:00,Winston-Salem State,Fayetteville State,,,False,False,True,CIAA,CIAA,ii,ii,
10,regular,2026-11-07 18:30:00+00:00,Muskingum,Otterbein,,,False,False,True,Ohio,Ohio,iii,iii,
10,regular,2026-11-07 18:30:00+00:00,Manchester,Hanover,,,False,False,True,Heartland,Heartland,iii,iii,
10,regular,2026-11-07 18:30:00+00:00,Marietta,Wilmington (OH),,,False,False,True,Ohio,Ohio,iii,iii,
10,regular,2026-11-07 18:30:00+00:00,Capital,Heidelberg,,,False,False,True,Ohio,Ohio,iii,iii,
10,regular,2026-11-07 18:30:00+00:00,Mount Union,Baldwin Wallace,,,False,False,True,Ohio,Ohio,iii,iii,
10,regular,2026-11-07 18:30:00+00:00,Mount St Joseph,Rose Hulman,,,False,False,True,Heartland,Heartland,iii,iii,
10,regular,2026-11-07 18:30:00+00:00,Gardner-Webb,Lindenwood,,,False,False,True,OVC,OVC,fcs,fcs,
10,regular,2026-11-07 19:00:00+00:00,The Citadel,Furman,,,False,False,True,Southern,Southern,fcs,fcs,
10,regular,2026-11-07 19:00:00+00:00,Northern Iowa,South Dakota State,,,False,False,True,MVFC,MVFC,fcs,fcs,
10,regular,2026-11-07 19:00:00+00:00,Murray State,Youngstown State,,,False,False,True,MVFC,MVFC,fcs,fcs,
10,regular,2026-11-07 19:00:00+00:00,Charleston Southern,UT Martin,,,False,False,True,OVC,OVC,fcs,fcs,
10,regular,2026-11-07 19:00:00+00:00,Northwestern State,UT Rio Grande Valley,,,False,False,True,Southland,Southland,fcs,fcs,
10,regular,2026-11-07 19:00:00+00:00,Eureka,Rockford,,,False,False,True,NACC,NACC,iii,iii,
10,regular,2026-11-07 19:00:00+00:00,Bethany (WV),Saint Vincent,,,False,False,True,Presidents',Presidents',iii,iii,
10,regular,2026-11-07 19:00:00+00:00,Crown,Minnesota Morris,,,False,False,True,Upper Midwest,Upper Midwest,iii,iii,
10,regular,2026-11-07 19:00:00+00:00,Hamline,St. Olaf,,,False,False,True,Minnesota,Minnesota,iii,iii,
10,regular,2026-11-07 19:00:00+00:00,Greenville,Westminster (MO),,,False,False,True,Upper Midwest,Upper Midwest,iii,iii,
10,regular,2026-11-07 19:00:00+00:00,Benedictine (IL),Aurora,,,False,False,True,NACC,NACC,iii,iii,
10,regular,2026-11-07 19:00:00+00:00,Concordia (MN),Macalester,,,False,False,True,Minnesota,Minnesota,iii,iii,
10,regular,2026-11-07 19:00:00+00:00,Monmouth (IL),Grinnell,,,False,False,True,Midwest,Midwest,iii,iii,
10,regular,2026-11-07 19:00:00+00:00,Northwestern (MN),Martin Luther,,,False,False,True,Upper Midwest,Upper Midwest,iii,iii,
10,regular,2026-11-07 19:00:00+00:00,Texas Lutheran,Centenary (LA),,,False,False,True,Southern Collegiate Athletic,Southern Collegiate Athletic,iii,iii,
10,regular,2026-11-07 19:00:00+00:00,Lyon,Hendrix,,,False,False,True,Southern Collegiate Athletic,Southern Athletic,iii,iii,
10,regular,2026-11-07 19:00:00+00:00,Emporia State,Washburn,,,False,False,True,Mid America,Mid America,ii,ii,
10,regular,2026-11-07 19:00:00+00:00,Nebraska Kearney,Fort Hays,,,False,False,True,Mid America,Mid America,ii,ii,
10,regular,2026-11-07 19:00:00+00:00,Lenoir Rhyne,Tusculum,,,False,False,True,South Atlantic,South Atlantic,ii,ii,
10,regular,2026-11-07 19:00:00+00:00,IU Pennsylvania,Clarion,,,False,False,True,Pennsylvania State Athletic,Pennsylvania State Athletic,ii,ii,
10,regular,2026-11-07 19:00:00+00:00,Bemidji State,Minnesota Duluth,,,False,False,True,Northern Sun,Northern Sun,ii,ii,
10,regular,2026-11-07 19:00:00+00:00,Lawrence,Chicago,,,False,False,True,Midwest,Midwest,iii,iii,
10,regular,2026-11-07 19:00:00+00:00,Jamestown,Minnesota St Moorhead,,,False,False,True,Northern Sun,Northern Sun,ii,ii,
10,regular,2026-11-07 19:00:00+00:00,McKendree,Northeastern State,,,False,False,False,Great Lakes,Independent DII,ii,ii,
10,regular,2026-11-07 19:00:00+00:00,Ouachita Baptist,Southwestern Oklahoma State,,,False,False,True,Great American,Great American,ii,ii,
10,regular,2026-11-07 19:00:00+00:00,Valdosta State,North Greenville,,,False,False,False,Gulf South,Carolinas,ii,ii,
10,regular,2026-11-07 19:00:00+00:00,Ferrum,UNC Pembroke,,,False,False,True,Carolinas,Carolinas,ii,ii,
10,regular,2026-11-07 19:00:00+00:00,Livingstone,Johnson C. Smith,,,False,False,True,CIAA,CIAA,ii,ii,
10,regular,2026-11-07 19:00:00+00:00,Bluefield State,Elizabeth City State,,,False,False,True,CIAA,CIAA,ii,ii,
10,regular,2026-11-07 19:00:00+00:00,Elon,Hampton,,,False,False,True,Coastal Athletic,Coastal Athletic,fcs,fcs,
10,regular,2026-11-07 19:00:00+00:00,North Dakota,Illinois State,,,False,False,True,MVFC,MVFC,fcs,fcs,
10,regular,2026-11-07 19:00:00+00:00,Fort Valley State,Albany State,,,False,True,True,SIAC,SIAC,ii,ii,
10,regular,2026-11-07 19:00:00+00:00,Edward Waters,Allen,,,False,False,True,SIAC,SIAC,ii,ii,
10,regular,2026-11-07 19:00:00+00:00,Benedict,Central State,,,False,False,True,SIAC,SIAC,ii,ii,
10,regular,2026-11-07 19:00:00+00:00,New Mexico Highlands,Adams State,,,False,False,True,Rocky Mountain,Rocky Mountain,ii,ii,
10,regular,2026-11-07 19:00:00+00:00,Fort Lewis,Colorado Mesa,,,False,False,True,Rocky Mountain,Rocky Mountain,ii,ii,
10,regular,2026-11-07 19:00:00+00:00,Minot State,Northern State,,,False,False,True,Northern Sun,Northern Sun,ii,ii,
10,regular,2026-11-07 19:00:00+00:00,Winona State,University of Mary,,,False,False,True,Northern Sun,Northern Sun,ii,ii,
10,regular,2026-11-07 19:00:00+00:00,Wayne State (NE),Sioux Falls,,,False,False,True,Northern Sun,Northern Sun,ii,ii,
10,regular,2026-11-07 19:00:00+00:00,West Chester,Shippensburg,,,False,False,True,Pennsylvania State Athletic,Pennsylvania State Athletic,ii,ii,
10,regular,2026-11-07 19:00:00+00:00,Loras,Buena Vista,,,False,False,True,American Rivers,American Rivers,iii,iii,
10,regular,2026-11-07 19:00:00+00:00,Illinois Wesleyan,North Park,,,False,False,True,CCIW,CCIW,iii,iii,
10,regular,2026-11-07 19:00:00+00:00,Wisconsin Platteville,Wisconsin Whitewater,,,False,False,True,Wisconsin,Wisconsin,iii,iii,
10,regular,2026-11-07 19:00:00+00:00,Wisconsin Stevens Point,Wisconsin Oshkosh,,,False,False,True,Wisconsin,Wisconsin,iii,iii,
10,regular,2026-11-07 19:00:00+00:00,Wisconsin La Crosse,Wisconsin River Falls,,,False,False,True,Wisconsin,Wisconsin,iii,iii,
10,regular,2026-11-07 19:00:00+00:00,Central College,Wartburg,,,False,False,True,American Rivers,American Rivers,iii,iii,
10,regular,2026-11-07 19:00:00+00:00,Coe,Dubuque,,,False,False,True,American Rivers,American Rivers,iii,iii,
10,regular,2026-11-07 19:00:00+00:00,East Texas Baptist,Mary Hardin Baylor,,,False,False,True,American Southwest,American Southwest,iii,iii,
10,regular,2026-11-07 19:00:00+00:00,McMurry,Howard Payne,,,False,False,True,American Southwest,American Southwest,iii,iii,
10,regular,2026-11-07 19:00:00+00:00,Millsaps,Berry,,,False,False,True,Southern Athletic,Southern Athletic,iii,iii,
10,regular,2026-11-07 19:00:00+00:00,Indianapolis,Southwest Baptist,,,False,False,True,Great Lakes,Great Lakes,ii,ii,
10,regular,2026-11-07 19:00:00+00:00,West Alabama,Monroe,,,False,False,False,Gulf South,,ii,,
10,regular,2026-11-07 19:00:00+00:00,Missouri S&T,Lincoln (MO),,,False,False,True,Great Lakes,Great Lakes,ii,ii,
10,regular,2026-11-07 19:00:00+00:00,Quincy,Upper Iowa,,,False,False,True,Great Lakes,Great Lakes,ii,ii,
10,regular,2026-11-07 19:00:00+00:00,Midwestern State,UT Permian Basin,,,False,False,True,Lone Star,Lone Star,ii,ii,
10,regular,2026-11-07 19:00:00+00:00,Missouri Southern State,Central Oklahoma,,,False,False,True,Mid America,Mid America,ii,ii,
10,regular,2026-11-07 19:00:00+00:00,St. Norbert,Concordia Chicago,,,False,False,True,NACC,NACC,iii,iii,
10,regular,2026-11-07 19:00:00+00:00,Bridgewater,Hampden Sydney,,,False,False,True,Old Dominion,Old Dominion,iii,iii,
10,regular,2026-11-07 19:00:00+00:00,Sewanee,Rhodes,,,False,False,True,Southern Athletic,Southern Athletic,iii,iii,
10,regular,2026-11-07 19:05:00+00:00,Wisconsin Stout,Wisconsin Eau Claire,,,False,False,True,Wisconsin,Wisconsin,iii,iii,
10,regular,2026-11-07 19:30:00+00:00,Tennessee Tech,VMI,,,False,False,True,Southern,Southern,fcs,fcs,
10,regular,2026-11-07 20:00:00+00:00,Black Hills State,Chadron State,,,False,False,True,Rocky Mountain,Rocky Mountain,ii,ii,
10,regular,2026-11-07 20:00:00+00:00,Montana,Portland State,,,False,False,True,Big Sky,Big Sky,fcs,fcs,
10,regular,2026-11-07 20:00:00+00:00,Southern Utah,Northern Colorado,,,False,False,True,Big Sky,Big Sky,fcs,fcs,
10,regular,2026-11-07 20:00:00+00:00,Eastern Illinois,Western Illinois,,,False,False,True,OVC,OVC,fcs,fcs,
10,regular,2026-11-07 20:00:00+00:00,Grambling,Arkansas-Pine Bluff,,,False,False,True,SWAC,SWAC,fcs,fcs,
10,regular,2026-11-07 20:00:00+00:00,Southern,Bethune-Cookman,,,False,False,True,SWAC,SWAC,fcs,fcs,
10,regular,2026-11-07 20:00:00+00:00,Western Colorado,Colorado School of Mines,,,False,False,True,Rocky Mountain,Rocky Mountain,ii,ii,
10,regular,2026-11-07 20:00:00+00:00,Southeastern Oklahoma State,Southern Arkansas,,,False,False,True,Great American,Great American,ii,ii,
10,regular,2026-11-07 20:00:00+00:00,East Central,Henderson State,,,False,False,True,Great American,Great American,ii,ii,
10,regular,2026-11-07 20:00:00+00:00,Arkansas Monticello,Northwestern (OK),,,False,False,True,Great American,Great American,ii,ii,
10,regular,2026-11-07 20:00:00+00:00,Arkansas Tech,Oklahoma Baptist,,,False,False,True,Great American,Great American,ii,ii,
10,regular,2026-11-07 20:00:00+00:00,Arkansas State,UL Monroe,,,False,False,True,Sun Belt,Sun Belt,fbs,fbs,
10,regular,2026-11-07 20:00:00+00:00,Whitworth,Willamette,,,False,False,True,Northwest,Northwest,iii,iii,
10,regular,2026-11-07 20:00:00+00:00,Carson Newman,Newberry,,,False,False,True,South Atlantic,South Atlantic,ii,ii,
10,regular,2026-11-07 20:00:00+00:00,UVA Wise,Catawba,,,False,False,True,South Atlantic,South Atlantic,ii,ii,
10,regular,2026-11-07 20:00:00+00:00,Missouri Western,Northwest Missouri State,,,False,False,True,Mid America,Mid America,ii,ii,
10,regular,2026-11-07 20:00:00+00:00,Prairie View A&M,Alabama A&M,,,False,False,True,SWAC,SWAC,fcs,fcs,
10,regular,2026-11-07 20:00:00+00:00,Savannah State,Virginia Lynchburg,,,False,False,False,SIAC,,ii,,
10,regular,2026-11-07 20:00:00+00:00,Kennesaw State,Delaware,,,False,False,True,Conference USA,Conference USA,fbs,fbs,
10,regular,2026-11-07 20:00:00+00:00,Pittsburg State,Central Missouri,,,False,False,True,Mid America,Mid America,ii,ii,
10,regular,2026-11-07 20:00:00+00:00,Alcorn State,Florida A&M,,,False,False,True,SWAC,SWAC,fcs,fcs,
10,regular,2026-11-07 20:00:00+00:00,Jackson State,Mississippi Valley State,,,False,False,True,SWAC,SWAC,fcs,fcs,
10,regular,2026-11-07 20:00:00+00:00,Texas Southern,Alabama State,,,False,False,True,SWAC,SWAC,fcs,fcs,
10,regular,2026-11-07 20:00:00+00:00,Nebraska Wesleyan,Simpson (IA),,,False,False,True,American Rivers,American Rivers,iii,iii,
10,regular,2026-11-07 20:00:00+00:00,Hardin Simmons,Schreiner,,,False,False,True,American Southwest,,iii,,
10,regular,2026-11-07 20:30:00+00:00,Tennessee State,Southeast Missouri State,,,False,False,True,OVC,OVC,fcs,fcs,
10,regular,2026-11-07 20:30:00+00:00,Tuskegee,Miles,,,False,False,True,SIAC,SIAC,ii,ii,
10,regular,2026-11-07 20:30:00+00:00,Saint Anselm,Post,,,False,False,True,Northeast 10,Northeast 10,ii,ii,
10,regular,2026-11-07 20:30:00+00:00,Middle Tennessee,Western Kentucky,,,False,False,True,Conference USA,Conference USA,fbs,fbs,
10,regular,2026-11-07 20:30:00+00:00,Navy,Temple,,,False,False,True,American Athletic,American Athletic,fbs,fbs,
10,regular,2026-11-07 21:00:00+00:00,Florida International,Missouri State,,,False,False,True,Conference USA,Conference USA,fbs,fbs,
10,regular,2026-11-07 21:00:00+00:00,La Verne,Whittier,,,False,False,True,So. Cal.,So. Cal.,iii,iii,
10,regular,2026-11-07 21:00:00+00:00,Nicholls,East Texas A&M,,,False,False,True,Southland,Southland,fcs,fcs,
10,regular,2026-11-07 21:00:00+00:00,Harding,Southern Nazarene,,,False,False,True,Great American,Great American,ii,ii,
10,regular,2026-11-07 21:00:00+00:00,William Jewell,Truman State,,,False,False,True,Great Lakes,Great Lakes,ii,ii,
10,regular,2026-11-07 21:00:00+00:00,Central Washington,Western New Mexico,,,False,False,True,Lone Star,Lone Star,ii,ii,
10,regular,2026-11-07 21:00:00+00:00,Lamar,Stephen F. Austin,,,False,False,True,Southland,Southland,fcs,fcs,
10,regular,2026-11-07 21:00:00+00:00,Anderson (SC),Mars Hill,,,False,False,True,South Atlantic,South Atlantic,ii,ii,
10,regular,2026-11-07 21:00:00+00:00,Slippery Rock,Edinboro,,,False,False,True,Pennsylvania State Athletic,Pennsylvania State Athletic,ii,ii,
10,regular,2026-11-07 21:00:00+00:00,Pacific (OR),George Fox,,,False,False,True,Northwest,Northwest,iii,iii,
10,regular,2026-11-07 21:00:00+00:00,Pacific Lutheran,Lewis & Clark,,,False,False,True,Northwest,Northwest,iii,iii,
10,regular,2026-11-07 21:05:00+00:00,Western Oregon,West Texas,,,False,False,True,Lone Star,Lone Star,ii,ii,
10,regular,2026-11-07 22:00:00+00:00,South Dakota Mines,CSU Pueblo,,,False,False,True,Rocky Mountain,Rocky Mountain,ii,ii,
10,regular,2026-11-07 22:00:00+00:00,Idaho,Eastern Washington,,,False,False,True,Big Sky,Big Sky,fcs,fcs,
10,regular,2026-11-07 22:00:00+00:00,Ripon,Beloit,,,False,False,True,Midwest,Midwest,iii,iii,
10,regular,2026-11-07 22:00:00+00:00,Cal Poly,Northern Arizona,,,False,False,True,Big Sky,Big Sky,fcs,fcs,
10,regular,2026-11-07 22:00:00+00:00,Central Arkansas,West Georgia,,,False,False,True,UAC,UAC,fcs,fcs,
10,regular,2026-11-07 22:00:00+00:00,Austin Peay,Eastern Kentucky,,,False,False,True,UAC,UAC,fcs,fcs,
10,regular,2026-11-07 22:00:00+00:00,Houston Christian,McNeese,,,False,False,True,Southland,Southland,fcs,fcs,
10,regular,2026-11-07 22:00:00+00:00,New Mexico State,Liberty,,,False,False,True,Conference USA,Conference USA,fbs,fbs,
10,regular,2026-11-07 23:00:00+00:00,Colorado State,Boise State,,,False,False,True,Pac-12,Pac-12,fbs,fbs,
10,regular,2026-11-07 23:00:00+00:00,Idaho State,Montana State,,,False,False,True,Big Sky,Big Sky,fcs,fcs,
10,regular,2026-11-07 23:00:00+00:00,Indiana State,Southern Illinois,,,False,False,True,MVFC,MVFC,fcs,fcs,
10,regular,2026-11-08 00:00:00+00:00,Tarleton State,Abilene Christian,,,False,False,True,UAC,UAC,fcs,fcs,
10,regular,2026-11-08 00:00:00+00:00,Jacksonville State,Sam Houston,,,False,False,True,Conference USA,Conference USA,fbs,fbs,
10,regular,2026-11-08 00:00:00+00:00,North Alabama,West Florida,,,False,False,True,UAC,UAC,fcs,fcs,
10,regular,2026-11-08 00:00:00+00:00,Angelo State,Eastern New Mexico,,,False,False,True,Lone Star,Lone Star,ii,ii,
10,regular,2026-11-08 00:00:00+00:00,Denison,Wittenberg,,,False,False,True,North Coast,North Coast,iii,iii,
10,regular,2026-11-08 00:00:00+00:00,SE Louisiana,Incarnate Word,,,False,False,True,Southland,Southland,fcs,fcs,
10,regular,2026-11-08 00:00:00+00:00,UC Davis,Utah Tech,,,False,False,True,Big Sky,Big Sky,fcs,fcs,
10,regular,2026-11-08 00:30:00+00:00,Army,Air Force,,,False,False,False,American Athletic,Mountain West,fbs,fbs,
10,regular,2026-11-08 00:30:00+00:00,Notre Dame,Miami,,,False,False,False,FBS Independents,ACC,fbs,fbs,
10,regular,2026-11-08 01:00:00+00:00,Claremont Mudd Scripps,Azusa Pacific,,,False,False,True,So. Cal.,So. Cal.,iii,iii,
10,regular,2026-11-08 01:00:00+00:00,Texas A&M-Kingsville,Sul Ross State,,,False,False,True,Lone Star,Lone Star,ii,ii,
10,regular,2026-11-08 02:30:00+00:00,Utah State,Fresno State,,,False,False,True,Pac-12,Pac-12,fbs,fbs,
10,regular,2026-11-08 03:00:00+00:00,Cal Lutheran,Chapman,,,False,False,True,So. Cal.,So. Cal.,iii,iii,
10,regular,2026-11-08 03:00:00+00:00,Pomona Pitzer,Redlands,,,False,False,True,So. Cal.,So. Cal.,iii,iii,
10,regular,2026-11-08 03:30:00+00:00,Oregon State,Texas State,,,False,False,True,Pac-12,Pac-12,fbs,fbs,
10,regular,2026-11-08 03:30:00+00:00,UNLV,Wyoming,,,False,False,True,Mountain West,Mountain West,fbs,fbs,
11,regular,2026-11-11 00:00:00+00:00,Akron,Western Michigan,,,False,False,True,Mid-American,Mid-American,fbs,fbs,
11,regular,2026-11-11 00:00:00+00:00,Miami (OH),Ohio,,,False,False,True,Mid-American,Mid-American,fbs,fbs,
11,regular,2026-11-11 00:00:00+00:00,Bowling Green,Kent State,,,False,False,True,Mid-American,Mid-American,fbs,fbs,
11,regular,2026-11-11 05:00:00+00:00,Ball State,Buffalo,,,False,False,True,Mid-American,Mid-American,fbs,fbs,
11,regular,2026-11-11 05:00:00+00:00,Toledo,Massachusetts,,,False,False,True,Mid-American,Mid-American,fbs,fbs,
11,regular,2026-11-11 05:00:00+00:00,Central Michigan,Sacramento State,,,False,False,True,Mid-American,Mid-American,fbs,fbs,
11,regular,2026-11-13 01:00:00+00:00,South Florida,Memphis,,,False,False,True,American Athletic,American Athletic,fbs,fbs,
11,regular,2026-11-13 02:00:00+00:00,UL Monroe,Louisiana,,,False,False,True,Sun Belt,Sun Belt,fbs,fbs,
11,regular,2026-11-13 23:00:00+00:00,Rowan,Montclair State,,,False,False,True,New Jersey,New Jersey,iii,iii,
11,regular,2026-11-14 00:00:00+00:00,Pittsburgh,Florida State,,,False,False,True,ACC,ACC,fbs,fbs,
11,regular,2026-11-14 00:00:00+00:00,Johns Hopkins,Franklin & Marshall,,,False,False,True,Centennial,Centennial,iii,iii,
11,regular,2026-11-14 00:00:00+00:00,The College of New Jersey,Kean,,,False,False,True,New Jersey,New Jersey,iii,iii,
11,regular,2026-11-14 02:00:00+00:00,UCLA,Illinois,,,False,False,True,Big Ten,Big Ten,fbs,fbs,
11,regular,2026-11-14 03:00:00+00:00,Portland State,Southern Utah,,,False,False,True,Big Sky,Big Sky,fcs,fcs,
11,regular,2026-11-14 03:15:00+00:00,Colorado,Houston,,,False,False,True,Big 12,Big 12,fbs,fbs,
11,regular,2026-11-14 05:00:00+00:00,Clemson,Georgia Tech,,,False,False,True,ACC,ACC,fbs,fbs,
11,regular,2026-11-14 05:00:00+00:00,Maryland,Wisconsin,,,False,False,True,Big Ten,Big Ten,fbs,fbs,
11,regular,2026-11-14 05:00:00+00:00,Iowa,Purdue,,,False,False,True,Big Ten,Big Ten,fbs,fbs,
11,regular,2026-11-14 05:00:00+00:00,Charlotte,East Carolina,,,False,False,True,American Athletic,American Athletic,fbs,fbs,
11,regular,2026-11-14 05:00:00+00:00,Rice,Tulane,,,False,False,True,American Athletic,American Athletic,fbs,fbs,
11,regular,2026-11-14 05:00:00+00:00,Tulsa,Florida Atlantic,,,False,False,True,American Athletic,American Athletic,fbs,fbs,
11,regular,2026-11-14 05:00:00+00:00,Temple,UAB,,,False,False,True,American Athletic,American Athletic,fbs,fbs,
11,regular,2026-11-14 05:00:00+00:00,Arizona,Utah,,,False,False,True,Big 12,Big 12,fbs,fbs,
11,regular,2026-11-14 05:00:00+00:00,Arkansas,South Carolina,,,False,False,True,SEC,SEC,fbs,fbs,FLEX: 3:30 - 4:30pm OR 6 - 8pm ET start
11,regular,2026-11-14 05:00:00+00:00,Virginia,California,,,False,False,True,ACC,ACC,fbs,fbs,
11,regular,2026-11-14 05:00:00+00:00,TCU,Kansas State,,,False,False,True,Big 12,Big 12,fbs,fbs,
11,regular,2026-11-14 05:00:00+00:00,Rutgers,Nebraska,,,False,False,True,Big Ten,Big Ten,fbs,fbs,
11,regular,2026-11-14 05:00:00+00:00,North Carolina,Louisville,,,False,False,True,ACC,ACC,fbs,fbs,
11,regular,2026-11-14 05:00:00+00:00,Iowa State,Cincinnati,,,False,False,True,Big 12,Big 12,fbs,fbs,
11,regular,2026-11-14 05:00:00+00:00,Georgia,Missouri,,,False,False,True,SEC,SEC,fbs,fbs,FLEX: 3:30 - 4:30pm OR 6 - 8pm ET start
11,regular,2026-11-14 05:00:00+00:00,Kentucky,Florida,,,False,False,True,SEC,SEC,fbs,fbs,NIGHT: 6 - 8pm ET start
11,regular,2026-11-14 05:00:00+00:00,Michigan State,Washington,,,False,False,True,Big Ten,Big Ten,fbs,fbs,
11,regular,2026-11-14 05:00:00+00:00,Coastal Carolina,Arkansas State,,,False,False,True,Sun Belt,Sun Belt,fbs,fbs,
11,regular,2026-11-14 05:00:00+00:00,Vanderbilt,Alabama,,,False,False,True,SEC,SEC,fbs,fbs,EARLY: Noon - 1pm ET start
11,regular,2026-11-14 05:00:00+00:00,Virginia Tech,Stanford,,,False,False,True,ACC,ACC,fbs,fbs,
11,regular,2026-11-14 05:00:00+00:00,Miami,Duke,,,False,False,True,ACC,ACC,fbs,fbs,
11,regular,2026-11-14 05:00:00+00:00,BYU,Baylor,,,False,False,True,Big 12,Big 12,fbs,fbs,
11,regular,2026-11-14 05:00:00+00:00,NC State,Syracuse,,,False,False,True,ACC,ACC,fbs,fbs,
11,regular,2026-11-14 05:00:00+00:00,Indiana,USC,,,False,False,True,Big Ten,Big Ten,fbs,fbs,
11,regular,2026-11-14 05:00:00+00:00,UCF,Arizona State,,,False,False,True,Big 12,Big 12,fbs,fbs,
11,regular,2026-11-14 05:00:00+00:00,Ohio State,Northwestern,,,False,False,True,Big Ten,Big Ten,fbs,fbs,
11,regular,2026-11-14 05:00:00+00:00,Long Island University,Central Connecticut,,,False,False,True,NEC,NEC,fcs,fcs,
11,regular,2026-11-14 05:00:00+00:00,UTSA,North Texas,,,False,False,True,American Athletic,American Athletic,fbs,fbs,
11,regular,2026-11-14 05:00:00+00:00,Mississippi State,Auburn,,,False,False,True,SEC,SEC,fbs,fbs,EARLY: Noon - 1pm ET start
11,regular,2026-11-14 05:00:00+00:00,Oklahoma,Ole Miss,,,False,False,True,SEC,SEC,fbs,fbs,AFTERNOON: 3:30 - 4:30pm ET start
11,regular,2026-11-14 05:00:00+00:00,South Alabama,Troy,,,False,False,True,Sun Belt,Sun Belt,fbs,fbs,
11,regular,2026-11-14 05:00:00+00:00,Louisiana Tech,Southern Miss,,,False,False,True,Sun Belt,Sun Belt,fbs,fbs,
11,regular,2026-11-14 05:00:00+00:00,Georgia State,Georgia Southern,,,False,False,True,Sun Belt,Sun Belt,fbs,fbs,
11,regular,2026-11-14 05:00:00+00:00,Marshall,App State,,,False,False,True,Sun Belt,Sun Belt,fbs,fbs,
11,regular,2026-11-14 05:00:00+00:00,UTEP,Wyoming,,,False,False,True,Mountain West,Mountain West,fbs,fbs,
11,regular,2026-11-14 05:00:00+00:00,Northern Illinois,Nevada,,,False,False,True,Mountain West,Mountain West,fbs,fbs,
11,regular,2026-11-14 05:00:00+00:00,Oregon,Michigan,,,False,False,True,Big Ten,Big Ten,fbs,fbs,
11,regular,2026-11-14 05:00:00+00:00,Penn State,Minnesota,,,False,False,True,Big Ten,Big Ten,fbs,fbs,
11,regular,2026-11-14 05:00:00+00:00,LSU,Texas,,,False,False,True,SEC,SEC,fbs,fbs,FLEX: 3:30 - 4:30pm OR 6 - 8pm ET start
11,regular,2026-11-14 05:00:00+00:00,Texas A&M,Tennessee,,,False,False,True,SEC,SEC,fbs,fbs,FLEX: 3:30 - 4:30pm OR 6 - 8pm ET start
11,regular,2026-11-14 05:00:00+00:00,SMU,Wake Forest,,,False,False,True,ACC,ACC,fbs,fbs,
11,regular,2026-11-14 05:00:00+00:00,Salisbury,Christopher Newport,,,False,False,True,New Jersey,New Jersey,iii,iii,
11,regular,2026-11-14 05:00:00+00:00,Oklahoma State,Texas Tech,,,False,False,True,Big 12,Big 12,fbs,fbs,
11,regular,2026-11-14 05:00:00+00:00,West Virginia,Kansas,,,False,False,True,Big 12,Big 12,fbs,fbs,
11,regular,2026-11-14 17:00:00+00:00,Dayton,Davidson,,,False,False,True,Pioneer,Pioneer,fcs,fcs,
11,regular,2026-11-14 17:00:00+00:00,Duquesne,Mercyhurst,,,False,False,True,NEC,NEC,fcs,fcs,
11,regular,2026-11-14 17:00:00+00:00,UConn,James Madison,,,False,False,False,FBS Independents,Sun Belt,fbs,fbs,
11,regular,2026-11-14 17:00:00+00:00,Morgan State,Norfolk State,,,False,False,True,MEAC,MEAC,fcs,fcs,
11,regular,2026-11-14 17:00:00+00:00,Wagner,New Haven,,,False,False,True,NEC,NEC,fcs,fcs,
11,regular,2026-11-14 17:00:00+00:00,Nichols,Western New England,,,False,False,True,Commonwealth Coast,Commonwealth Coast,iii,iii,
11,regular,2026-11-14 17:00:00+00:00,New England College,New England,,,False,False,True,,Commonwealth Coast,,iii,
11,regular,2026-11-14 17:00:00+00:00,Westfield State,Fitchburg State,,,False,False,True,MSCAC,MSCAC,iii,iii,
11,regular,2026-11-14 17:00:00+00:00,Mass Maritime,Bridgewater State,,,False,False,True,MSCAC,MSCAC,iii,iii,
11,regular,2026-11-14 17:00:00+00:00,Framingham State,Worcester State,,,False,False,True,MSCAC,MSCAC,iii,iii,
11,regular,2026-11-14 17:00:00+00:00,Plymouth State,UMass Dartmouth,,,False,False,True,MSCAC,MSCAC,iii,iii,
11,regular,2026-11-14 17:00:00+00:00,Western Connecticut State,Wilkes,,,False,False,True,Landmark Conference,Landmark Conference,iii,iii,
11,regular,2026-11-14 17:00:00+00:00,Salve Regina,WPI,,,False,False,True,NEWMAC,NEWMAC,iii,iii,
11,regular,2026-11-14 17:00:00+00:00,Susquehanna,Juniata,,,False,False,True,Landmark Conference,Landmark Conference,iii,iii,
11,regular,2026-11-14 17:00:00+00:00,Moravian,Lycoming,,,False,False,True,Landmark Conference,Landmark Conference,iii,iii,
11,regular,2026-11-14 17:00:00+00:00,Rensselaer,Union,,,False,False,True,Liberty League,Liberty League,iii,iii,
11,regular,2026-11-14 17:00:00+00:00,Olivet,Albion,,,False,False,True,Michigan,Michigan,iii,iii,
11,regular,2026-11-14 17:00:00+00:00,Hamilton,Bates,,,False,False,True,NESCAC,NESCAC,iii,iii,
11,regular,2026-11-14 17:00:00+00:00,SUNY Maritime,Springfield,,,False,False,True,NEWMAC,NEWMAC,iii,iii,
11,regular,2026-11-14 17:00:00+00:00,Trinity (CT),Wesleyan (CT),,,False,False,True,NESCAC,NESCAC,iii,iii,
11,regular,2026-11-14 17:00:00+00:00,Vermont State Castleton,William Paterson,,,False,False,True,New Jersey,New Jersey,iii,iii,
11,regular,2026-11-14 17:00:00+00:00,Norwich,MIT,,,False,False,True,NEWMAC,NEWMAC,iii,iii,
11,regular,2026-11-14 17:00:00+00:00,Williams,Amherst,,,False,False,True,NESCAC,NESCAC,iii,iii,
11,regular,2026-11-14 17:00:00+00:00,Northwood,Walsh,,,False,False,True,Great Midwest Athletic,Great Midwest Athletic,ii,ii,
11,regular,2026-11-14 17:00:00+00:00,Tiffin,Findlay,,,False,False,True,Great Midwest Athletic,Great Midwest Athletic,ii,ii,
11,regular,2026-11-14 17:00:00+00:00,Thomas More,Kentucky Wesleyan,,,False,False,True,Great Midwest Athletic,Great Midwest Athletic,ii,ii,
11,regular,2026-11-14 17:00:00+00:00,Ohio Dominican,Hillsdale,,,False,False,True,Great Midwest Athletic,Great Midwest Athletic,ii,ii,
11,regular,2026-11-14 17:00:00+00:00,Michigan Tech,Wayne State (MI),,,False,False,True,GLIAC,GLIAC,ii,ii,
11,regular,2026-11-14 17:00:00+00:00,Davenport,Grand Valley State,,,False,False,True,GLIAC,GLIAC,ii,ii,
11,regular,2026-11-14 17:00:00+00:00,Pace,Assumption,,,False,False,True,Northeast 10,Northeast 10,ii,ii,
11,regular,2026-11-14 17:00:00+00:00,California (PA),Bloomsburg,,,False,False,True,Pennsylvania State Athletic,Pennsylvania State Athletic,ii,ii,
11,regular,2026-11-14 17:00:00+00:00,Clarion,Millersville,,,False,False,True,Pennsylvania State Athletic,Pennsylvania State Athletic,ii,ii,
11,regular,2026-11-14 17:00:00+00:00,Lock Haven,East Stroudsburg,,,False,False,True,Pennsylvania State Athletic,Pennsylvania State Athletic,ii,ii,
11,regular,2026-11-14 17:00:00+00:00,Edinboro,Shippensburg,,,False,False,True,Pennsylvania State Athletic,Pennsylvania State Athletic,ii,ii,
11,regular,2026-11-14 17:00:00+00:00,Gannon,West Chester,,,False,False,True,Pennsylvania State Athletic,Pennsylvania State Athletic,ii,ii,
11,regular,2026-11-14 17:00:00+00:00,Charleston (WV),West Virginia State,,,False,False,True,Mountain East,Mountain East,ii,ii,
11,regular,2026-11-14 17:00:00+00:00,Wheeling,West Liberty,,,False,False,True,Mountain East,Mountain East,ii,ii,
11,regular,2026-11-14 17:00:00+00:00,Carnegie Mellon,Ursinus,,,False,False,True,Presidents',Centennial,iii,iii,
11,regular,2026-11-14 17:00:00+00:00,Rochester (NY),St. Lawrence,,,False,False,True,Liberty League,Liberty League,iii,iii,
11,regular,2026-11-14 17:00:00+00:00,Utica,Brockport,,,False,False,True,Empire 8,Empire 8,iii,iii,
11,regular,2026-11-14 17:00:00+00:00,Hilbert,Hartwick,,,False,False,False,Empire 8,Empire 8,iii,iii,
11,regular,2026-11-14 17:00:00+00:00,North Carolina Wesleyan,Brevard,,,False,False,True,USA South,USA South,iii,iii,
11,regular,2026-11-14 17:00:00+00:00,Maryville (TN),Millsaps,,,False,False,True,USA South,Southern Athletic,iii,iii,
11,regular,2026-11-14 17:00:00+00:00,FDU Florham,Eastern,,,False,False,True,Mid Atlantic,Mid Atlantic,iii,iii,
11,regular,2026-11-14 17:00:00+00:00,Marist,Butler,,,False,False,True,Pioneer,Pioneer,fcs,fcs,
11,regular,2026-11-14 17:00:00+00:00,Holy Cross,Villanova,,,False,False,True,Patriot,Patriot,fcs,fcs,
11,regular,2026-11-14 17:00:00+00:00,Fordham,Georgetown,,,False,False,True,Patriot,Patriot,fcs,fcs,
11,regular,2026-11-14 17:00:00+00:00,Robert Morris,Stonehill,,,False,False,True,NEC,NEC,fcs,fcs,
11,regular,2026-11-14 17:00:00+00:00,Youngstown State,Illinois State,,,False,False,True,MVFC,MVFC,fcs,fcs,
11,regular,2026-11-14 17:00:00+00:00,Brown,Columbia,,,False,False,True,Ivy,Ivy,fcs,fcs,
11,regular,2026-11-14 17:00:00+00:00,Monmouth,Merrimack,,,False,False,False,Coastal Athletic,FCS Independents,fcs,fcs,
11,regular,2026-11-14 17:00:00+00:00,Rhode Island,Towson,,,False,False,True,Coastal Athletic,Coastal Athletic,fcs,fcs,
11,regular,2026-11-14 17:00:00+00:00,Sacred Heart,Bryant,,,False,False,True,Coastal Athletic,Coastal Athletic,fcs,fcs,
11,regular,2026-11-14 17:00:00+00:00,UAlbany,Maine,,,False,False,True,Coastal Athletic,Coastal Athletic,fcs,fcs,
11,regular,2026-11-14 17:00:00+00:00,Yale,Princeton,,,False,False,True,Ivy,Ivy,fcs,fcs,
11,regular,2026-11-14 17:00:00+00:00,Southwestern U,Centre,,,False,False,True,Southern Athletic,Southern Athletic,iii,iii,
11,regular,2026-11-14 17:00:00+00:00,VMI,The Citadel,,,False,False,True,Southern,Southern,fcs,fcs,
11,regular,2026-11-14 17:00:00+00:00,Curry,Endicott,,,False,False,True,Commonwealth Coast,Commonwealth Coast,iii,iii,
11,regular,2026-11-14 17:00:00+00:00,Morehead State,Presbyterian,,,False,False,True,Pioneer,Pioneer,fcs,fcs,
11,regular,2026-11-14 17:30:00+00:00,Tufts,Middlebury,,,False,False,True,NESCAC,NESCAC,iii,iii,
11,regular,2026-11-14 18:00:00+00:00,Oklahoma Baptist,Southern Nazarene,,,False,False,True,Great American,Great American,ii,ii,
11,regular,2026-11-14 18:00:00+00:00,Howard,Delaware State,,,False,False,True,MEAC,MEAC,fcs,fcs,
11,regular,2026-11-14 18:00:00+00:00,Furman,Chattanooga,,,False,False,True,Southern,Southern,fcs,fcs,
11,regular,2026-11-14 18:00:00+00:00,Colgate,Lafayette,,,False,False,True,Patriot,Patriot,fcs,fcs,
11,regular,2026-11-14 18:00:00+00:00,Chicago State,Virginia Lynchburg,,,False,False,False,FCS Independents,,fcs,,
11,regular,2026-11-14 18:00:00+00:00,Concordia Chicago,Wisconsin Lutheran,,,False,False,True,NACC,NACC,iii,iii,
11,regular,2026-11-14 18:00:00+00:00,Pennsylvania,Harvard,,,False,False,True,Ivy,Ivy,fcs,fcs,
11,regular,2026-11-14 18:00:00+00:00,Hampton,North Carolina A&T,,,False,False,True,Coastal Athletic,Coastal Athletic,fcs,fcs,
11,regular,2026-11-14 18:00:00+00:00,New Hampshire,Stony Brook,,,False,False,True,Coastal Athletic,Coastal Athletic,fcs,fcs,
11,regular,2026-11-14 18:00:00+00:00,Cornell,Dartmouth,,,False,False,True,Ivy,Ivy,fcs,fcs,
11,regular,2026-11-14 18:00:00+00:00,Indiana State,Murray State,,,False,False,True,MVFC,MVFC,fcs,fcs,
11,regular,2026-11-14 18:00:00+00:00,William & Mary,Bucknell,,,False,False,True,Patriot,Patriot,fcs,fcs,
11,regular,2026-11-14 18:00:00+00:00,Stetson,Valparaiso,,,False,False,True,Pioneer,Pioneer,fcs,fcs,
11,regular,2026-11-14 18:00:00+00:00,Bethune-Cookman,Grambling,,,False,False,True,SWAC,SWAC,fcs,fcs,
11,regular,2026-11-14 18:00:00+00:00,Northeastern State,West Alabama,,,False,False,False,Independent DII,Gulf South,ii,ii,
11,regular,2026-11-14 18:00:00+00:00,Monroe,Keystone,,,False,False,False,,Independent DIII,,iii,
11,regular,2026-11-14 18:00:00+00:00,Northern Michigan,Saginaw Valley State,,,False,False,True,GLIAC,GLIAC,ii,ii,
11,regular,2026-11-14 18:00:00+00:00,Ferris State,Roosevelt,,,False,False,True,GLIAC,GLIAC,ii,ii,
11,regular,2026-11-14 18:00:00+00:00,Upper Iowa,Indianapolis,,,False,False,True,Great Lakes,Great Lakes,ii,ii,
11,regular,2026-11-14 18:00:00+00:00,Central Missouri,Nebraska Kearney,,,False,False,True,Mid America,Mid America,ii,ii,
11,regular,2026-11-14 18:00:00+00:00,Washburn,Missouri Southern State,,,False,False,True,Mid America,Mid America,ii,ii,
11,regular,2026-11-14 18:00:00+00:00,Newberry,Anderson (SC),,,False,False,True,South Atlantic,South Atlantic,ii,ii,
11,regular,2026-11-14 18:00:00+00:00,Emory & Henry,UVA Wise,,,False,False,True,South Atlantic,South Atlantic,ii,ii,
11,regular,2026-11-14 18:00:00+00:00,Mars Hill,Wingate,,,False,False,True,South Atlantic,South Atlantic,ii,ii,
11,regular,2026-11-14 18:00:00+00:00,American International,Southern Connecticut State,,,False,False,True,Northeast 10,Northeast 10,ii,ii,
11,regular,2026-11-14 18:00:00+00:00,Post,Bentley,,,False,False,True,Northeast 10,Northeast 10,ii,ii,
11,regular,2026-11-14 18:00:00+00:00,Franklin Pierce,Saint Anselm,,,False,False,True,Northeast 10,Northeast 10,ii,ii,
11,regular,2026-11-14 18:00:00+00:00,Seton Hill,Kutztown,,,False,False,True,Pennsylvania State Athletic,Pennsylvania State Athletic,ii,ii,
11,regular,2026-11-14 18:00:00+00:00,Concord,Ferrum,,,False,False,False,Mountain East,Carolinas,ii,ii,
11,regular,2026-11-14 18:00:00+00:00,Frostburg State,Fairmont State,,,False,False,True,Mountain East,Mountain East,ii,ii,
11,regular,2026-11-14 18:00:00+00:00,Glenville State,West Virginia Wesleyan,,,False,False,True,Mountain East,Mountain East,ii,ii,
11,regular,2026-11-14 18:00:00+00:00,Slippery Rock,Lackawanna,,,False,False,True,Pennsylvania State Athletic,,ii,,
11,regular,2026-11-14 18:00:00+00:00,Minnesota Duluth,Minot State,,,False,False,True,Northern Sun,Northern Sun,ii,ii,
11,regular,2026-11-14 18:00:00+00:00,Merchant Marine,Coast Guard,,,False,True,True,NEWMAC,NEWMAC,iii,iii,Secretaries’ Cup
11,regular,2026-11-14 18:00:00+00:00,Minnesota St Moorhead,Minnesota State,,,False,False,True,Northern Sun,Northern Sun,ii,ii,
11,regular,2026-11-14 18:00:00+00:00,Southwest Minnesota State,Winona State,,,False,False,True,Northern Sun,Northern Sun,ii,ii,
11,regular,2026-11-14 18:00:00+00:00,Allegheny,Case Western Reserve,,,False,False,True,Presidents',Presidents',iii,iii,
11,regular,2026-11-14 18:00:00+00:00,Carroll (WI),Augustana (IL),,,False,False,True,CCIW,CCIW,iii,iii,
11,regular,2026-11-14 18:00:00+00:00,Carthage,Wheaton (IL),,,False,False,True,CCIW,CCIW,iii,iii,
11,regular,2026-11-14 18:00:00+00:00,North Park,Elmhurst,,,False,False,True,CCIW,CCIW,iii,iii,
11,regular,2026-11-14 18:00:00+00:00,North Central College,Illinois Wesleyan,,,False,False,True,CCIW,CCIW,iii,iii,
11,regular,2026-11-14 18:00:00+00:00,Alfred State,St. John Fisher,,,False,False,True,Empire 8,Empire 8,iii,iii,
11,regular,2026-11-14 18:00:00+00:00,SUNY Morrisville,Alfred,,,False,False,True,Empire 8,Empire 8,iii,iii,
11,regular,2026-11-14 18:00:00+00:00,Ithaca,SUNY Cortland,,,False,True,False,Liberty League,Empire 8,iii,iii,
11,regular,2026-11-14 18:00:00+00:00,LaGrange,Southern Virginia,,,False,False,True,USA South,USA South,iii,iii,
11,regular,2026-11-14 18:00:00+00:00,Lebanon Valley,Albright,,,False,False,True,Mid Atlantic,Mid Atlantic,iii,iii,
11,regular,2026-11-14 18:00:00+00:00,Stevenson,Alvernia,,,False,False,True,Mid Atlantic,Mid Atlantic,iii,iii,
11,regular,2026-11-14 18:00:00+00:00,Widener,Delaware Valley,,,False,False,True,Mid Atlantic,Mid Atlantic,iii,iii,
11,regular,2026-11-14 18:00:00+00:00,King's,Misericordia,,,False,False,True,Mid Atlantic,Mid Atlantic,iii,iii,
11,regular,2026-11-14 18:00:00+00:00,Dickinson,Muhlenberg,,,False,False,True,Centennial,Centennial,iii,iii,
11,regular,2026-11-14 18:00:00+00:00,Gettysburg,McDaniel,,,False,False,True,Centennial,Centennial,iii,iii,
11,regular,2026-11-14 18:00:00+00:00,Westminster (MO),Crown,,,False,False,True,Upper Midwest,Upper Midwest,iii,iii,
11,regular,2026-11-14 18:00:00+00:00,Martin Luther,Greenville,,,False,False,True,Upper Midwest,Upper Midwest,iii,iii,
11,regular,2026-11-14 18:00:00+00:00,Maine Maritime,Husson,,,False,False,True,Commonwealth Coast,Commonwealth Coast,iii,iii,
11,regular,2026-11-14 18:00:00+00:00,John Carroll,Denison,,,False,False,True,Ohio,North Coast,iii,iii,
11,regular,2026-11-14 18:00:00+00:00,Adrian,Kalamazoo,,,False,False,True,Michigan,Michigan,iii,iii,
11,regular,2026-11-14 18:00:00+00:00,Buffalo State,Hobart,,,False,False,True,Liberty League,Liberty League,iii,iii,
11,regular,2026-11-14 18:00:00+00:00,Alma,Calvin,,,False,False,True,Michigan,Michigan,iii,iii,
11,regular,2026-11-14 18:00:00+00:00,Hope,Trine,,,False,False,True,Michigan,Michigan,iii,iii,
11,regular,2026-11-14 18:00:00+00:00,Illinois College,Beloit,,,False,False,True,Midwest,Midwest,iii,iii,
11,regular,2026-11-14 18:00:00+00:00,Knox,Monmouth (IL),,,False,False,True,Midwest,Midwest,iii,iii,
11,regular,2026-11-14 18:00:00+00:00,Hamline,Augsburg,,,False,False,True,Minnesota,Minnesota,iii,iii,
11,regular,2026-11-14 18:00:00+00:00,Bethel (MN),St. Scholastica,,,False,False,True,Minnesota,Minnesota,iii,iii,
11,regular,2026-11-14 18:00:00+00:00,Macalester,Gustavus Adolphus,,,False,False,True,Minnesota,Minnesota,iii,iii,
11,regular,2026-11-14 18:00:00+00:00,Bowdoin,Colby,,,False,False,True,NESCAC,NESCAC,iii,iii,
11,regular,2026-11-14 18:00:00+00:00,Wittenberg,Oberlin,,,False,False,True,North Coast,North Coast,iii,iii,
11,regular,2026-11-14 18:00:00+00:00,Shenandoah,Guilford,,,False,False,True,Old Dominion,Old Dominion,iii,iii,
11,regular,2026-11-14 18:00:00+00:00,Hampden Sydney,Randolph Macon,,,False,False,True,Old Dominion,Old Dominion,iii,iii,
11,regular,2026-11-14 18:00:00+00:00,Waynesburg,Bethany (WV),,,False,False,True,Presidents',Presidents',iii,iii,
11,regular,2026-11-14 18:00:00+00:00,Saint Francis,Geneva,,,False,False,True,Presidents',Presidents',iii,iii,
11,regular,2026-11-14 18:00:00+00:00,Grove City,Thiel,,,False,False,True,Presidents',Presidents',iii,iii,
11,regular,2026-11-14 18:00:00+00:00,Hiram,Saint Vincent,,,False,False,True,Presidents',Presidents',iii,iii,
11,regular,2026-11-14 18:00:00+00:00,Westminster (PA),Washington & Jefferson,,,False,False,True,Presidents',Presidents',iii,iii,
11,regular,2026-11-14 18:00:00+00:00,Kenyon,Ohio Wesleyan,,,False,False,True,North Coast,North Coast,iii,iii,
11,regular,2026-11-14 18:07:00+00:00,DePauw,Wabash,,,False,True,True,North Coast,North Coast,iii,iii,
11,regular,2026-11-14 18:30:00+00:00,Anderson (IN),Manchester,,,False,False,True,Heartland,Heartland,iii,iii,
11,regular,2026-11-14 18:30:00+00:00,South Carolina State,North Carolina Central,,,False,False,True,MEAC,MEAC,fcs,fcs,
11,regular,2026-11-14 18:30:00+00:00,Wilmington (OH),Heidelberg,,,False,False,True,Ohio,Ohio,iii,iii,
11,regular,2026-11-14 18:30:00+00:00,Otterbein,Mount Union,,,False,False,True,Ohio,Ohio,iii,iii,
11,regular,2026-11-14 18:30:00+00:00,Mount St Joseph,Marietta,,,False,False,False,Heartland,Ohio,iii,iii,
11,regular,2026-11-14 18:30:00+00:00,Bluffton,Rose Hulman,,,False,False,True,Heartland,Heartland,iii,iii,
11,regular,2026-11-14 18:30:00+00:00,Baldwin Wallace,Muskingum,,,False,False,True,Ohio,Ohio,iii,iii,
11,regular,2026-11-14 18:30:00+00:00,Capital,Ohio Northern,,,False,False,True,Ohio,Ohio,iii,iii,
11,regular,2026-11-14 18:30:00+00:00,Franklin,Hanover,,,False,False,True,Heartland,Heartland,iii,iii,
11,regular,2026-11-14 18:30:00+00:00,Wofford,East Tennessee State,,,False,False,True,Southern,Southern,fcs,fcs,
11,regular,2026-11-14 19:00:00+00:00,IU Pennsylvania,Shepherd,,,False,False,True,Pennsylvania State Athletic,Pennsylvania State Athletic,ii,ii,
11,regular,2026-11-14 19:00:00+00:00,Elon,Campbell,,,False,False,True,Coastal Athletic,Coastal Athletic,fcs,fcs,
11,regular,2026-11-14 19:00:00+00:00,South Dakota,Northern Iowa,,,False,False,True,MVFC,MVFC,fcs,fcs,
11,regular,2026-11-14 19:00:00+00:00,Southern Illinois,South Dakota State,,,False,False,True,MVFC,MVFC,fcs,fcs,
11,regular,2026-11-14 19:00:00+00:00,Richmond,Lehigh,,,False,False,True,Patriot,Patriot,fcs,fcs,
11,regular,2026-11-14 19:00:00+00:00,Austin Peay,Abilene Christian,,,False,False,True,UAC,UAC,fcs,fcs,
11,regular,2026-11-14 19:00:00+00:00,Northern Colorado,Montana State,,,False,False,True,Big Sky,Big Sky,fcs,fcs,
11,regular,2026-11-14 19:00:00+00:00,Eastern Kentucky,Central Arkansas,,,False,False,True,UAC,UAC,fcs,fcs,
11,regular,2026-11-14 19:00:00+00:00,Charleston Southern,Southeast Missouri State,,,False,False,True,OVC,OVC,fcs,fcs,
11,regular,2026-11-14 19:00:00+00:00,Western Illinois,Gardner-Webb,,,False,False,True,OVC,OVC,fcs,fcs,
11,regular,2026-11-14 19:00:00+00:00,West Georgia,North Alabama,,,False,False,True,UAC,UAC,fcs,fcs,
11,regular,2026-11-14 19:00:00+00:00,St. Thomas (MN),Drake,,,False,False,True,Pioneer,Pioneer,fcs,fcs,
11,regular,2026-11-14 19:00:00+00:00,Northwestern State,Houston Christian,,,False,False,True,Southland,Southland,fcs,fcs,
11,regular,2026-11-14 19:00:00+00:00,Concordia (MN),Carleton,,,False,False,True,Minnesota,Minnesota,iii,iii,
11,regular,2026-11-14 19:00:00+00:00,Aurora,Eureka,,,False,False,True,NACC,NACC,iii,iii,
11,regular,2026-11-14 19:00:00+00:00,Benedictine (IL),Concordia (WI),,,False,False,True,NACC,NACC,iii,iii,
11,regular,2026-11-14 19:00:00+00:00,Bridgewater,Averett,,,False,False,True,Old Dominion,Old Dominion,iii,iii,
11,regular,2026-11-14 19:00:00+00:00,Roanoke College,Washington and Lee,,,False,False,True,,Old Dominion,,iii,
11,regular,2026-11-14 19:00:00+00:00,Henderson State,Ouachita Baptist,,,False,False,True,Great American,Great American,ii,ii,
11,regular,2026-11-14 19:00:00+00:00,Lake Erie,Ashland,,,False,False,True,Great Midwest Athletic,Great Midwest Athletic,ii,ii,
11,regular,2026-11-14 19:00:00+00:00,Colorado School of Mines,New Mexico Highlands,,,False,False,True,Rocky Mountain,Rocky Mountain,ii,ii,
11,regular,2026-11-14 19:00:00+00:00,Lincoln (MO),William Jewell,,,False,False,True,Great Lakes,Great Lakes,ii,ii,
11,regular,2026-11-14 19:00:00+00:00,Southwest Baptist,Quincy,,,False,False,True,Great Lakes,Great Lakes,ii,ii,
11,regular,2026-11-14 19:00:00+00:00,Western New Mexico,Angelo State,,,False,False,True,Lone Star,Lone Star,ii,ii,
11,regular,2026-11-14 19:00:00+00:00,Central Oklahoma,Missouri Western,,,False,False,True,Mid America,Mid America,ii,ii,
11,regular,2026-11-14 19:00:00+00:00,Fort Hays,Emporia State,,,False,False,True,Mid America,Mid America,ii,ii,
11,regular,2026-11-14 19:00:00+00:00,Tusculum,Carson Newman,,,False,False,True,South Atlantic,South Atlantic,ii,ii,
11,regular,2026-11-14 19:00:00+00:00,Washington St. Louis,Wooster,,,False,False,True,North Coast,North Coast,iii,iii,
11,regular,2026-11-14 19:00:00+00:00,University of Mary,Bemidji State,,,False,False,True,Northern Sun,Northern Sun,ii,ii,
11,regular,2026-11-14 19:00:00+00:00,Chicago,Lake Forest,,,False,False,True,Midwest,Midwest,iii,iii,
11,regular,2026-11-14 19:00:00+00:00,Sioux Falls,Concordia St. Paul,,,False,False,True,Northern Sun,Northern Sun,ii,ii,
11,regular,2026-11-14 19:00:00+00:00,Augustana (SD),Wayne State (NE),,,False,False,True,Northern Sun,Northern Sun,ii,ii,
11,regular,2026-11-14 19:00:00+00:00,Buena Vista,Nebraska Wesleyan,,,False,False,True,American Rivers,American Rivers,iii,iii,
11,regular,2026-11-14 19:00:00+00:00,Wisconsin Eau Claire,Wisconsin Whitewater,,,False,False,True,Wisconsin,Wisconsin,iii,iii,
11,regular,2026-11-14 19:00:00+00:00,Wisconsin River Falls,Wisconsin Stevens Point,,,False,False,True,Wisconsin,Wisconsin,iii,iii,
11,regular,2026-11-14 19:00:00+00:00,Wisconsin La Crosse,Wisconsin Platteville,,,False,False,True,Wisconsin,Wisconsin,iii,iii,
11,regular,2026-11-14 19:00:00+00:00,Wartburg,Coe,,,False,False,True,American Rivers,American Rivers,iii,iii,
11,regular,2026-11-14 19:00:00+00:00,Dubuque,Loras,,,False,False,True,American Rivers,American Rivers,iii,iii,
11,regular,2026-11-14 19:00:00+00:00,Howard Payne,East Texas Baptist,,,False,False,True,American Southwest,American Southwest,iii,iii,
11,regular,2026-11-14 19:00:00+00:00,Huntingdon,Belhaven,,,False,False,True,USA South,USA South,iii,iii,
11,regular,2026-11-14 19:00:00+00:00,Mary Hardin Baylor,Hardin Simmons,,,False,False,True,American Southwest,American Southwest,iii,iii,
11,regular,2026-11-14 19:00:00+00:00,Minnesota Morris,Northwestern (MN),,,False,False,True,Upper Midwest,Upper Midwest,iii,iii,
11,regular,2026-11-14 19:00:00+00:00,Ripon,Lawrence,,,False,False,True,Midwest,Midwest,iii,iii,
11,regular,2026-11-14 19:00:00+00:00,Grinnell,Luther,,,False,False,True,Midwest,Midwest,iii,iii,
11,regular,2026-11-14 19:00:00+00:00,Sam Houston,Kennesaw State,,,False,False,True,Conference USA,Conference USA,fbs,fbs,
11,regular,2026-11-14 19:00:00+00:00,Lakeland,Rockford,,,False,False,True,NACC,NACC,iii,iii,
11,regular,2026-11-14 19:00:00+00:00,Berry,Sewanee,,,False,False,True,Southern Athletic,Southern Athletic,iii,iii,
11,regular,2026-11-14 19:30:00+00:00,Tennessee Tech,Mercer,,,False,False,True,Southern,Southern,fcs,fcs,
11,regular,2026-11-14 19:30:00+00:00,Northwest Missouri State,Pittsburg State,,,False,True,True,Mid America,Mid America,ii,ii,
11,regular,2026-11-14 20:00:00+00:00,UT Permian Basin,Texas A&M-Kingsville,,,False,False,True,Lone Star,Lone Star,ii,ii,
11,regular,2026-11-14 20:00:00+00:00,Puget Sound,Whitworth,,,False,False,True,Northwest,Northwest,iii,iii,
11,regular,2026-11-14 20:00:00+00:00,Harding,Arkansas Tech,,,False,False,True,Great American,Great American,ii,ii,
11,regular,2026-11-14 20:00:00+00:00,Arkansas Monticello,Southern Arkansas,,,False,True,True,Great American,Great American,ii,ii,
11,regular,2026-11-14 20:00:00+00:00,East Central,Southeastern Oklahoma State,,,False,False,True,Great American,Great American,ii,ii,
11,regular,2026-11-14 20:00:00+00:00,Delta State,Valdosta State,,,False,False,True,Gulf South,Gulf South,ii,ii,
11,regular,2026-11-14 20:00:00+00:00,Colorado Mesa,Black Hills State,,,False,False,True,Rocky Mountain,Rocky Mountain,ii,ii,
11,regular,2026-11-14 20:00:00+00:00,Chadron State,South Dakota Mines,,,False,False,True,Rocky Mountain,Rocky Mountain,ii,ii,
11,regular,2026-11-14 20:00:00+00:00,CSU Pueblo,Western Colorado,,,False,False,True,Rocky Mountain,Rocky Mountain,ii,ii,
11,regular,2026-11-14 20:00:00+00:00,West Texas,Central Washington,,,False,False,True,Lone Star,Lone Star,ii,ii,
11,regular,2026-11-14 20:00:00+00:00,Northern State,Jamestown,,,False,False,True,Northern Sun,Northern Sun,ii,ii,
11,regular,2026-11-14 20:00:00+00:00,Wisconsin Oshkosh,Wisconsin Stout,,,False,False,True,Wisconsin,Wisconsin,iii,iii,
11,regular,2026-11-14 20:00:00+00:00,Incarnate Word,Nicholls,,,False,False,True,Southland,Southland,fcs,fcs,
11,regular,2026-11-14 20:00:00+00:00,Florida A&M,Mississippi Valley State,,,False,False,True,SWAC,SWAC,fcs,fcs,
11,regular,2026-11-14 20:00:00+00:00,Arkansas-Pine Bluff,Prairie View A&M,,,False,False,True,SWAC,SWAC,fcs,fcs,
11,regular,2026-11-14 20:00:00+00:00,Southern,Alcorn State,,,False,False,True,SWAC,SWAC,fcs,fcs,
11,regular,2026-11-14 20:00:00+00:00,Alabama State,Jackson State,,,False,False,True,SWAC,SWAC,fcs,fcs,
11,regular,2026-11-14 20:00:00+00:00,Alabama A&M,Texas Southern,,,False,False,True,SWAC,SWAC,fcs,fcs,
11,regular,2026-11-14 20:00:00+00:00,West Florida,Tarleton State,,,False,False,True,UAC,UAC,fcs,fcs,
11,regular,2026-11-14 20:00:00+00:00,UT Martin,Lindenwood,,,False,False,True,OVC,OVC,fcs,fcs,
11,regular,2026-11-14 20:00:00+00:00,Simpson (IA),Central College,,,False,False,True,American Rivers,American Rivers,iii,iii,
11,regular,2026-11-14 20:00:00+00:00,Delaware,Florida International,,,False,False,True,Conference USA,Conference USA,fbs,fbs,
11,regular,2026-11-14 20:00:00+00:00,Rhodes,Trinity (TX),,,False,False,True,Southern Athletic,Southern Athletic,iii,iii,
11,regular,2026-11-14 20:00:00+00:00,Missouri State,New Mexico State,,,False,False,True,Conference USA,Conference USA,fbs,fbs,
11,regular,2026-11-14 20:30:00+00:00,Western Kentucky,Jacksonville State,,,False,False,True,Conference USA,Conference USA,fbs,fbs,
11,regular,2026-11-14 20:30:00+00:00,Tennessee State,Eastern Illinois,,,False,False,True,OVC,OVC,fcs,fcs,
11,regular,2026-11-14 20:30:00+00:00,Samford,Western Carolina,,,False,False,True,Southern,Southern,fcs,fcs,
11,regular,2026-11-14 20:30:00+00:00,Notre Dame,Boston College,,,False,False,False,FBS Independents,ACC,fbs,fbs,
11,regular,2026-11-14 20:30:00+00:00,Liberty,Middle Tennessee,,,False,False,True,Conference USA,Conference USA,fbs,fbs,
11,regular,2026-11-14 21:00:00+00:00,Utah Tech,Eastern Washington,,,False,False,True,Big Sky,Big Sky,fcs,fcs,
11,regular,2026-11-14 21:00:00+00:00,Lamar,East Texas A&M,,,False,False,True,Southland,Southland,fcs,fcs,
11,regular,2026-11-14 21:00:00+00:00,Idaho,UC Davis,,,False,False,True,Big Sky,Big Sky,fcs,fcs,
11,regular,2026-11-14 21:00:00+00:00,Texas State,Fresno State,,,False,False,True,Pac-12,Pac-12,fbs,fbs,
11,regular,2026-11-14 21:00:00+00:00,Eastern New Mexico,Midwestern State,,,False,False,True,Lone Star,Lone Star,ii,ii,
11,regular,2026-11-14 21:00:00+00:00,Schreiner,McMurry,,,False,False,True,,American Southwest,,iii,
11,regular,2026-11-14 21:00:00+00:00,Southwestern Oklahoma State,Northwestern (OK),,,False,False,True,Great American,Great American,ii,ii,
11,regular,2026-11-14 21:00:00+00:00,George Fox,Pacific Lutheran,,,False,False,True,Northwest,Northwest,iii,iii,
11,regular,2026-11-14 21:00:00+00:00,Lewis & Clark,Pacific (OR),,,False,False,True,Northwest,Northwest,iii,iii,
11,regular,2026-11-14 21:00:00+00:00,Willamette,Linfield,,,False,False,True,Northwest,Northwest,iii,iii,
11,regular,2026-11-14 21:00:00+00:00,Northern Arizona,Weber State,,,False,False,True,Big Sky,Big Sky,fcs,fcs,
11,regular,2026-11-14 21:00:00+00:00,Truman State,McKendree,,,False,False,True,Great Lakes,Great Lakes,ii,ii,
11,regular,2026-11-14 21:00:00+00:00,Adams State,Fort Lewis,,,False,False,True,Rocky Mountain,Rocky Mountain,ii,ii,
11,regular,2026-11-14 23:00:00+00:00,Boise State,Oregon State,,,False,False,True,Pac-12,Pac-12,fbs,fbs,
11,regular,2026-11-14 23:00:00+00:00,Methodist,Greensboro,,,False,False,True,USA South,USA South,iii,iii,
11,regular,2026-11-14 23:00:00+00:00,UT Rio Grande Valley,Stephen F. Austin,,,False,False,True,Southland,Southland,fcs,fcs,
11,regular,2026-11-14 23:00:00+00:00,Catawba,Lenoir Rhyne,,,False,False,True,South Atlantic,South Atlantic,ii,ii,
11,regular,2026-11-15 00:00:00+00:00,St. Olaf,Saint John's (MN),,,False,False,True,Minnesota,Minnesota,iii,iii,
11,regular,2026-11-15 00:00:00+00:00,SE Louisiana,McNeese,,,False,False,True,Southland,Southland,fcs,fcs,
11,regular,2026-11-15 00:00:00+00:00,Air Force,San José State,,,False,False,True,Mountain West,Mountain West,fbs,fbs,
11,regular,2026-11-15 00:30:00+00:00,New Mexico,UNLV,,,False,False,True,Mountain West,Mountain West,fbs,fbs,
11,regular,2026-11-15 01:00:00+00:00,Sul Ross State,Western Oregon,,,False,False,True,Lone Star,Lone Star,ii,ii,
11,regular,2026-11-15 02:30:00+00:00,San Diego State,Utah State,,,False,False,True,Pac-12,Pac-12,fbs,fbs,
11,regular,2026-11-15 03:30:00+00:00,Montana,Idaho State,,,False,False,True,Big Sky,Big Sky,fcs,fcs,
11,regular,2026-11-15 03:30:00+00:00,Washington State,Colorado State,,,False,False,True,Pac-12,Pac-12,fbs,fbs,
11,regular,2026-11-15 04:59:00+00:00,Hawai'i,North Dakota State,,,False,False,True,Mountain West,Mountain West,fbs,fbs,
12,regular,2026-11-18 00:00:00+00:00,Kent State,Miami (OH),,,False,False,True,Mid-American,Mid-American,fbs,fbs,
12,regular,2026-11-18 00:00:00+00:00,Western Michigan,Eastern Michigan,,,False,False,True,Mid-American,Mid-American,fbs,fbs,
12,regular,2026-11-18 00:00:00+00:00,Ohio,Ball State,,,False,False,True,Mid-American,Mid-American,fbs,fbs,
12,regular,2026-11-18 05:00:00+00:00,Massachusetts,Akron,,,False,False,True,Mid-American,Mid-American,fbs,fbs,
12,regular,2026-11-18 05:00:00+00:00,Buffalo,Central Michigan,,,False,False,True,Mid-American,Mid-American,fbs,fbs,
12,regular,2026-11-20 00:00:00+00:00,Stephen F. Austin,Northwestern State,,,False,False,True,Southland,Southland,fcs,fcs,
12,regular,2026-11-20 00:00:00+00:00,Nicholls,SE Louisiana,,,False,False,True,Southland,Southland,fcs,fcs,
12,regular,2026-11-20 00:30:00+00:00,Temple,Rice,,,False,False,True,American Athletic,American Athletic,fbs,fbs,
12,regular,2026-11-20 23:00:00+00:00,UCF,Iowa State,,,False,False,True,Big 12,Big 12,fbs,fbs,
12,regular,2026-11-21 00:30:00+00:00,Toledo,Bowling Green,,,False,False,True,Mid-American,Mid-American,fbs,fbs,
12,regular,2026-11-21 00:30:00+00:00,Duke,Clemson,,,False,False,True,ACC,ACC,fbs,fbs,
12,regular,2026-11-21 01:00:00+00:00,Air Force,UTEP,,,False,False,True,Mountain West,Mountain West,fbs,fbs,
12,regular,2026-11-21 01:00:00+00:00,Michigan State,Oregon,,,False,False,True,Big Ten,Big Ten,fbs,fbs,
12,regular,2026-11-21 05:00:00+00:00,Tennessee,LSU,,,False,False,True,SEC,SEC,fbs,fbs,FLEX: 3:30 - 4:30pm OR 6 - 8pm ET start
12,regular,2026-11-21 05:00:00+00:00,Miami,Virginia Tech,,,False,False,True,ACC,ACC,fbs,fbs,
12,regular,2026-11-21 05:00:00+00:00,Illinois,Iowa,,,False,False,True,Big Ten,Big Ten,fbs,fbs,
12,regular,2026-11-21 05:00:00+00:00,Georgia Tech,Wake Forest,,,False,False,True,ACC,ACC,fbs,fbs,
12,regular,2026-11-21 05:00:00+00:00,Washington,Indiana,,,False,False,True,Big Ten,Big Ten,fbs,fbs,
12,regular,2026-11-21 05:00:00+00:00,Florida State,NC State,,,False,False,True,ACC,ACC,fbs,fbs,
12,regular,2026-11-21 05:00:00+00:00,UAB,UTSA,,,False,False,True,American Athletic,American Athletic,fbs,fbs,
12,regular,2026-11-21 05:00:00+00:00,Nevada,Hawai'i,,,False,False,True,Mountain West,Mountain West,fbs,fbs,
12,regular,2026-11-21 05:00:00+00:00,Texas,Arkansas,,,False,False,True,SEC,SEC,fbs,fbs,AFTERNOON: 3:30 - 4:30pm ET start
12,regular,2026-11-21 05:00:00+00:00,Louisville,Pittsburgh,,,False,False,True,ACC,ACC,fbs,fbs,
12,regular,2026-11-21 05:00:00+00:00,USC,Maryland,,,False,False,True,Big Ten,Big Ten,fbs,fbs,
12,regular,2026-11-21 05:00:00+00:00,Virginia,North Carolina,,,False,False,True,ACC,ACC,fbs,fbs,
12,regular,2026-11-21 05:00:00+00:00,Cincinnati,Colorado,,,False,False,True,Big 12,Big 12,fbs,fbs,
12,regular,2026-11-21 05:00:00+00:00,West Virginia,Houston,,,False,False,True,Big 12,Big 12,fbs,fbs,
12,regular,2026-11-21 05:00:00+00:00,Kansas,BYU,,,False,False,True,Big 12,Big 12,fbs,fbs,
12,regular,2026-11-21 05:00:00+00:00,Tulsa,Charlotte,,,False,False,True,American Athletic,American Athletic,fbs,fbs,
12,regular,2026-11-21 05:00:00+00:00,Kansas State,Arizona,,,False,False,True,Big 12,Big 12,fbs,fbs,
12,regular,2026-11-21 05:00:00+00:00,Michigan,UCLA,,,False,False,True,Big Ten,Big Ten,fbs,fbs,
12,regular,2026-11-21 05:00:00+00:00,Boston College,Syracuse,,,False,False,True,ACC,ACC,fbs,fbs,
12,regular,2026-11-21 05:00:00+00:00,California,Stanford,,,False,False,True,ACC,ACC,fbs,fbs,
12,regular,2026-11-21 05:00:00+00:00,Minnesota,Northwestern,,,False,False,True,Big Ten,Big Ten,fbs,fbs,
12,regular,2026-11-21 05:00:00+00:00,Purdue,Wisconsin,,,False,False,True,Big Ten,Big Ten,fbs,fbs,
12,regular,2026-11-21 05:00:00+00:00,Nebraska,Ohio State,,,False,False,True,Big Ten,Big Ten,fbs,fbs,
12,regular,2026-11-21 05:00:00+00:00,Penn State,Rutgers,,,False,False,True,Big Ten,Big Ten,fbs,fbs,
12,regular,2026-11-21 05:00:00+00:00,Tulane,North Texas,,,False,False,True,American Athletic,American Athletic,fbs,fbs,
12,regular,2026-11-21 05:00:00+00:00,Louisiana Tech,Arkansas State,,,False,False,True,Sun Belt,Sun Belt,fbs,fbs,
12,regular,2026-11-21 05:00:00+00:00,App State,UL Monroe,,,False,False,True,Sun Belt,Sun Belt,fbs,fbs,
12,regular,2026-11-21 05:00:00+00:00,Louisiana,Coastal Carolina,,,False,False,True,Sun Belt,Sun Belt,fbs,fbs,
12,regular,2026-11-21 05:00:00+00:00,Troy,Georgia Southern,,,False,False,True,Sun Belt,Sun Belt,fbs,fbs,
12,regular,2026-11-21 05:00:00+00:00,Marshall,Georgia State,,,False,False,True,Sun Belt,Sun Belt,fbs,fbs,
12,regular,2026-11-21 05:00:00+00:00,TCU,Utah,,,False,False,True,Big 12,Big 12,fbs,fbs,
12,regular,2026-11-21 05:00:00+00:00,Southern Miss,South Alabama,,,False,False,True,Sun Belt,Sun Belt,fbs,fbs,
12,regular,2026-11-21 05:00:00+00:00,Florida Atlantic,South Florida,,,False,False,True,American Athletic,American Athletic,fbs,fbs,
12,regular,2026-11-21 05:00:00+00:00,South Carolina,Georgia,,,False,False,True,SEC,SEC,fbs,fbs,FLEX: 3:30 - 4:30pm OR 6 - 8pm ET start
12,regular,2026-11-21 05:00:00+00:00,Oklahoma,Texas A&M,,,False,False,True,SEC,SEC,fbs,fbs,EARLY: Noon - 1pm ET start
12,regular,2026-11-21 05:00:00+00:00,Florida,Vanderbilt,,,False,False,True,SEC,SEC,fbs,fbs,EARLY: Noon - 1pm ET start
12,regular,2026-11-21 05:00:00+00:00,Missouri,Kentucky,,,False,False,True,SEC,SEC,fbs,fbs,NIGHT: 6 - 8pm ET start
12,regular,2026-11-21 05:00:00+00:00,Arizona State,Oklahoma State,,,False,False,True,Big 12,Big 12,fbs,fbs,
12,regular,2026-11-21 05:00:00+00:00,Baylor,Texas Tech,,,False,False,True,Big 12,Big 12,fbs,fbs,
12,regular,2026-11-21 17:00:00+00:00,North Carolina A&T,UAlbany,,,False,False,True,Coastal Athletic,Coastal Athletic,fcs,fcs,
12,regular,2026-11-21 17:00:00+00:00,Princeton,Pennsylvania,,,False,False,True,Ivy,Ivy,fcs,fcs,
12,regular,2026-11-21 17:00:00+00:00,Richmond,William & Mary,,,False,False,True,Patriot,Patriot,fcs,fcs,
12,regular,2026-11-21 17:00:00+00:00,Merrimack,Sacred Heart,,,False,False,False,FCS Independents,Coastal Athletic,fcs,fcs,
12,regular,2026-11-21 17:00:00+00:00,Stony Brook,Hampton,,,False,False,True,Coastal Athletic,Coastal Athletic,fcs,fcs,
12,regular,2026-11-21 17:00:00+00:00,Columbia,Cornell,,,False,False,True,Ivy,Ivy,fcs,fcs,
12,regular,2026-11-21 17:00:00+00:00,Central Connecticut,Duquesne,,,False,False,True,NEC,NEC,fcs,fcs,
12,regular,2026-11-21 17:00:00+00:00,Robert Morris,Long Island University,,,False,False,True,NEC,NEC,fcs,fcs,
12,regular,2026-11-21 17:00:00+00:00,Mercyhurst,New Haven,,,False,False,True,NEC,NEC,fcs,fcs,
12,regular,2026-11-21 17:00:00+00:00,Stonehill,Wagner,,,False,False,True,NEC,NEC,fcs,fcs,
12,regular,2026-11-21 17:00:00+00:00,VMI,Furman,,,False,False,True,Southern,Southern,fcs,fcs,
12,regular,2026-11-21 17:00:00+00:00,Norfolk State,Howard,,,False,False,True,MEAC,MEAC,fcs,fcs,
12,regular,2026-11-21 17:00:00+00:00,Ole Miss,Wofford,,,False,False,False,SEC,Southern,fbs,fcs,
12,regular,2026-11-21 17:00:00+00:00,Holy Cross,Fordham,,,False,False,True,Patriot,Patriot,fcs,fcs,
12,regular,2026-11-21 17:00:00+00:00,Navy,Memphis,,,False,False,True,American Athletic,American Athletic,fbs,fbs,
12,regular,2026-11-21 17:00:00+00:00,Army,East Carolina,,,False,False,True,American Athletic,American Athletic,fbs,fbs,
12,regular,2026-11-21 17:30:00+00:00,Lafayette,Lehigh,,,False,False,True,Patriot,Patriot,fcs,fcs,
12,regular,2026-11-21 18:00:00+00:00,Davidson,Marist,,,False,False,True,Pioneer,Pioneer,fcs,fcs,
12,regular,2026-11-21 18:00:00+00:00,Western Carolina,The Citadel,,,False,False,True,Southern,Southern,fcs,fcs,
12,regular,2026-11-21 18:00:00+00:00,Presbyterian,Dayton,,,False,False,True,Pioneer,Pioneer,fcs,fcs,
12,regular,2026-11-21 18:00:00+00:00,Butler,Morehead State,,,False,False,True,Pioneer,Pioneer,fcs,fcs,
12,regular,2026-11-21 18:00:00+00:00,Eastern Illinois,Charleston Southern,,,False,False,True,OVC,OVC,fcs,fcs,
12,regular,2026-11-21 18:00:00+00:00,Villanova,Georgetown,,,False,False,True,Patriot,Patriot,fcs,fcs,
12,regular,2026-11-21 18:00:00+00:00,Bucknell,Colgate,,,False,False,True,Patriot,Patriot,fcs,fcs,
12,regular,2026-11-21 18:00:00+00:00,Illinois State,South Dakota,,,False,False,True,MVFC,MVFC,fcs,fcs,
12,regular,2026-11-21 18:00:00+00:00,Mississippi State,Tennessee Tech,,,False,False,False,SEC,Southern,fbs,fcs,
12,regular,2026-11-21 18:00:00+00:00,Maine,New Hampshire,,,False,False,True,Coastal Athletic,Coastal Athletic,fcs,fcs,
12,regular,2026-11-21 18:00:00+00:00,Towson,Elon,,,False,False,True,Coastal Athletic,Coastal Athletic,fcs,fcs,
12,regular,2026-11-21 18:00:00+00:00,Campbell,Monmouth,,,False,False,True,Coastal Athletic,Coastal Athletic,fcs,fcs,
12,regular,2026-11-21 18:00:00+00:00,Bryant,Rhode Island,,,False,False,True,Coastal Athletic,Coastal Athletic,fcs,fcs,
12,regular,2026-11-21 18:00:00+00:00,Dartmouth,Brown,,,False,False,True,Ivy,Ivy,fcs,fcs,
12,regular,2026-11-21 18:00:00+00:00,Liberty,Western Kentucky,,,False,False,True,Conference USA,Conference USA,fbs,fbs,
12,regular,2026-11-21 18:30:00+00:00,Gardner-Webb,Tennessee State,,,False,False,True,OVC,OVC,fcs,fcs,
12,regular,2026-11-21 18:30:00+00:00,South Carolina State,Delaware State,,,False,False,True,MEAC,MEAC,fcs,fcs,
12,regular,2026-11-21 19:00:00+00:00,Murray State,Northern Iowa,,,False,False,True,MVFC,MVFC,fcs,fcs,
12,regular,2026-11-21 19:00:00+00:00,Sam Houston,Middle Tennessee,,,False,False,True,Conference USA,Conference USA,fbs,fbs,
12,regular,2026-11-21 19:00:00+00:00,West Georgia,West Florida,,,False,False,True,UAC,UAC,fcs,fcs,
12,regular,2026-11-21 19:00:00+00:00,Alabama,Chattanooga,,,False,False,False,SEC,Southern,fbs,fcs,
12,regular,2026-11-21 19:00:00+00:00,Southeast Missouri State,UT Martin,,,False,False,True,OVC,OVC,fcs,fcs,
12,regular,2026-11-21 19:00:00+00:00,Jacksonville State,Missouri State,,,False,False,True,Conference USA,Conference USA,fbs,fbs,
12,regular,2026-11-21 19:00:00+00:00,Southern Utah,Chicago State,,,False,False,False,Big Sky,FCS Independents,fcs,fcs,
12,regular,2026-11-21 19:00:00+00:00,Valparaiso,St. Thomas (MN),,,False,False,True,Pioneer,Pioneer,fcs,fcs,
12,regular,2026-11-21 19:00:00+00:00,Montana State,Montana,,,False,False,True,Big Sky,Big Sky,fcs,fcs,
12,regular,2026-11-21 19:00:00+00:00,North Carolina Central,Morgan State,,,False,False,True,MEAC,MEAC,fcs,fcs,
12,regular,2026-11-21 19:00:00+00:00,Abilene Christian,Eastern Kentucky,,,False,False,True,UAC,UAC,fcs,fcs,
12,regular,2026-11-21 19:00:00+00:00,North Dakota,Southern Illinois,,,False,False,True,MVFC,MVFC,fcs,fcs,
12,regular,2026-11-21 20:00:00+00:00,Kennesaw State,Florida International,,,False,False,True,Conference USA,Conference USA,fbs,fbs,
12,regular,2026-11-21 20:00:00+00:00,South Dakota State,Indiana State,,,False,False,True,MVFC,MVFC,fcs,fcs,
12,regular,2026-11-21 20:00:00+00:00,Weber State,Utah Tech,,,False,False,True,Big Sky,Big Sky,fcs,fcs,
12,regular,2026-11-21 20:00:00+00:00,New Mexico State,Delaware,,,False,False,True,Conference USA,Conference USA,fbs,fbs,
12,regular,2026-11-21 20:00:00+00:00,Mercer,East Tennessee State,,,False,False,True,Southern,Southern,fcs,fcs,
12,regular,2026-11-21 20:00:00+00:00,Alcorn State,Jackson State,,,False,False,True,SWAC,SWAC,fcs,fcs,
12,regular,2026-11-21 20:00:00+00:00,Mississippi Valley State,Alabama A&M,,,False,False,True,SWAC,SWAC,fcs,fcs,
12,regular,2026-11-21 20:00:00+00:00,Alabama State,Prairie View A&M,,,False,False,True,SWAC,SWAC,fcs,fcs,
12,regular,2026-11-21 20:00:00+00:00,Lindenwood,Western Illinois,,,False,False,True,OVC,OVC,fcs,fcs,
12,regular,2026-11-21 20:30:00+00:00,Harvard,Yale,,,False,True,True,Ivy,Ivy,fcs,fcs,
12,regular,2026-11-21 20:30:00+00:00,Bethune-Cookman,Florida A&M,,,False,True,True,SWAC,SWAC,fcs,fcs,Florida Classic
12,regular,2026-11-21 20:30:00+00:00,UConn,Old Dominion,,,False,False,False,FBS Independents,Sun Belt,fbs,fbs,
12,regular,2026-11-21 20:30:00+00:00,Auburn,Samford,,,False,False,False,SEC,Southern,fbs,fcs,
12,regular,2026-11-21 21:00:00+00:00,Texas Southern,Arkansas-Pine Bluff,,,False,False,True,SWAC,SWAC,fcs,fcs,
12,regular,2026-11-21 21:00:00+00:00,UC Davis,Cal Poly,,,False,False,True,Big Sky,Big Sky,fcs,fcs,
12,regular,2026-11-21 21:00:00+00:00,North Dakota State,Northern Illinois,,,False,False,True,Mountain West,Mountain West,fbs,fbs,
12,regular,2026-11-21 21:00:00+00:00,East Texas A&M,Incarnate Word,,,False,False,True,Southland,Southland,fcs,fcs,
12,regular,2026-11-21 21:00:00+00:00,North Alabama,Tarleton State,,,False,False,True,UAC,UAC,fcs,fcs,
12,regular,2026-11-21 21:00:00+00:00,Northern Arizona,Northern Colorado,,,False,False,True,Big Sky,Big Sky,fcs,fcs,
12,regular,2026-11-21 21:00:00+00:00,Eastern Washington,Portland State,,,False,False,True,Big Sky,Big Sky,fcs,fcs,
12,regular,2026-11-21 22:00:00+00:00,Houston Christian,UT Rio Grande Valley,,,False,False,True,Southland,Southland,fcs,fcs,
12,regular,2026-11-21 22:00:00+00:00,Central Arkansas,Austin Peay,,,False,False,True,UAC,UAC,fcs,fcs,
12,regular,2026-11-21 23:00:00+00:00,Idaho State,Idaho,,,False,False,True,Big Sky,Big Sky,fcs,fcs,
12,regular,2026-11-21 23:00:00+00:00,Texas State,Washington State,,,False,False,True,Pac-12,Pac-12,fbs,fbs,
12,regular,2026-11-22 00:00:00+00:00,San José State,UNLV,,,False,False,True,Mountain West,Mountain West,fbs,fbs,
12,regular,2026-11-22 00:00:00+00:00,McNeese,Lamar,,,False,False,True,Southland,Southland,fcs,fcs,
12,regular,2026-11-22 00:30:00+00:00,Fresno State,Colorado State,,,False,False,True,Pac-12,Pac-12,fbs,fbs,
12,regular,2026-11-22 00:30:00+00:00,Notre Dame,SMU,,,False,False,False,FBS Independents,ACC,fbs,fbs,
12,regular,2026-11-22 01:00:00+00:00,San Diego,Stetson,,,False,False,True,Pioneer,Pioneer,fcs,fcs,
12,regular,2026-11-22 02:00:00+00:00,Wyoming,New Mexico,,,False,False,True,Mountain West,Mountain West,fbs,fbs,
12,regular,2026-11-22 02:30:00+00:00,Boise State,San Diego State,,,False,False,True,Pac-12,Pac-12,fbs,fbs,
12,regular,2026-11-22 03:30:00+00:00,Oregon State,Utah State,,,False,False,True,Pac-12,Pac-12,fbs,fbs,
13,regular,2026-11-24 05:00:00+00:00,Western Michigan,Miami (OH),,,False,False,True,Mid-American,Mid-American,fbs,fbs,
13,regular,2026-11-24 18:00:00+00:00,Concord,Ferrum,,,False,False,False,Mountain East,Carolinas,ii,ii,
13,regular,2026-11-25 00:00:00+00:00,Eastern Michigan,Kent State,,,False,False,True,Mid-American,Mid-American,fbs,fbs,
13,regular,2026-11-26 20:00:00+00:00,Alabama State,Tuskegee,,,False,False,False,SWAC,SIAC,fcs,ii,
13,regular,2026-11-27 01:00:00+00:00,Texas Tech,TCU,,,False,False,True,Big 12,Big 12,fbs,fbs,
13,regular,2026-11-27 05:00:00+00:00,East Carolina,Florida Atlantic,,,False,False,True,American Athletic,American Athletic,fbs,fbs,
13,regular,2026-11-27 05:00:00+00:00,Memphis,Temple,,,False,False,True,American Athletic,American Athletic,fbs,fbs,
13,regular,2026-11-27 05:00:00+00:00,South Florida,Tulane,,,False,False,True,American Athletic,American Athletic,fbs,fbs,Will be played Nov. 27 or Nov. 28
13,regular,2026-11-27 17:00:00+00:00,Iowa,Nebraska,,,False,False,True,Big Ten,Big Ten,fbs,fbs,
13,regular,2026-11-27 17:00:00+00:00,Ole Miss,Mississippi State,,,False,False,True,SEC,SEC,fbs,fbs,
13,regular,2026-11-27 17:00:00+00:00,Ohio,Toledo,,,False,False,True,Mid-American,Mid-American,fbs,fbs,
13,regular,2026-11-27 17:00:00+00:00,Akron,Buffalo,,,False,False,True,Mid-American,Mid-American,fbs,fbs,
13,regular,2026-11-27 20:00:00+00:00,South Alabama,App State,,,False,False,True,Sun Belt,Sun Belt,fbs,fbs,
13,regular,2026-11-27 20:30:00+00:00,Florida State,Florida,,,False,False,False,ACC,SEC,fbs,fbs,
13,regular,2026-11-27 20:30:00+00:00,San José State,North Dakota State,,,False,False,True,Mountain West,Mountain West,fbs,fbs,
13,regular,2026-11-28 00:30:00+00:00,Texas A&M,Texas,,,False,False,True,SEC,SEC,fbs,fbs,
13,regular,2026-11-28 00:30:00+00:00,Wisconsin,Minnesota,,,False,False,True,Big Ten,Big Ten,fbs,fbs,
13,regular,2026-11-28 02:00:00+00:00,Utah,West Virginia,,,False,False,True,Big 12,Big 12,fbs,fbs,
13,regular,2026-11-28 05:00:00+00:00,Iowa State,Kansas State,,,False,False,True,Big 12,Big 12,fbs,fbs,
13,regular,2026-11-28 05:00:00+00:00,California,Pittsburgh,,,False,False,True,ACC,ACC,fbs,fbs,
13,regular,2026-11-28 05:00:00+00:00,Georgia Southern,Louisiana Tech,,,False,False,True,Sun Belt,Sun Belt,fbs,fbs,
13,regular,2026-11-28 05:00:00+00:00,James Madison,Coastal Carolina,,,False,False,True,Sun Belt,Sun Belt,fbs,fbs,
13,regular,2026-11-28 05:00:00+00:00,Northern Illinois,UTEP,,,False,False,True,Mountain West,Mountain West,fbs,fbs,
13,regular,2026-11-28 05:00:00+00:00,Houston,Baylor,,,False,False,True,Big 12,Big 12,fbs,fbs,
13,regular,2026-11-28 05:00:00+00:00,Northwestern,Illinois,,,False,False,True,Big Ten,Big Ten,fbs,fbs,
13,regular,2026-11-28 05:00:00+00:00,Wake Forest,Duke,,,False,False,True,ACC,ACC,fbs,fbs,
13,regular,2026-11-28 05:00:00+00:00,Georgia State,Louisiana,,,False,False,True,Sun Belt,Sun Belt,fbs,fbs,
13,regular,2026-11-28 05:00:00+00:00,UTSA,Tulsa,,,False,False,True,American Athletic,American Athletic,fbs,fbs,Will be played Nov. 27 or Nov. 28
13,regular,2026-11-28 05:00:00+00:00,Rice,Army,,,False,False,True,American Athletic,American Athletic,fbs,fbs,
13,regular,2026-11-28 05:00:00+00:00,Wyoming,UConn,,,False,False,False,Mountain West,FBS Independents,fbs,fbs,
13,regular,2026-11-28 05:00:00+00:00,Miami,Boston College,,,False,False,True,ACC,ACC,fbs,fbs,
13,regular,2026-11-28 05:00:00+00:00,Indiana,Purdue,,,False,False,True,Big Ten,Big Ten,fbs,fbs,
13,regular,2026-11-28 05:00:00+00:00,UL Monroe,Marshall,,,False,False,True,Sun Belt,Sun Belt,fbs,fbs,
13,regular,2026-11-28 05:00:00+00:00,Missouri,Oklahoma,,,False,False,True,SEC,SEC,fbs,fbs,AFTERNOON: 3:30 - 4:30pm ET start
13,regular,2026-11-28 05:00:00+00:00,Arkansas,LSU,,,False,False,True,SEC,SEC,fbs,fbs,EARLY: Noon - 1pm ET start
13,regular,2026-11-28 05:00:00+00:00,Georgia,Georgia Tech,,,False,False,False,SEC,ACC,fbs,fbs,FLEX: 3:30 - 4:30pm OR 6 - 8pm ET start
13,regular,2026-11-28 05:00:00+00:00,Kentucky,Louisville,,,False,False,False,SEC,ACC,fbs,fbs,EARLY: Noon - 1pm ET start
13,regular,2026-11-28 05:00:00+00:00,Alabama,Auburn,,,False,False,True,SEC,SEC,fbs,fbs,FLEX: 3:30 - 4:30pm OR 6 - 8pm ET start
13,regular,2026-11-28 05:00:00+00:00,Virginia Tech,Virginia,,,False,False,True,ACC,ACC,fbs,fbs,
13,regular,2026-11-28 05:00:00+00:00,Stanford,SMU,,,False,False,True,ACC,ACC,fbs,fbs,
13,regular,2026-11-28 05:00:00+00:00,Maryland,Penn State,,,False,False,True,Big Ten,Big Ten,fbs,fbs,
13,regular,2026-11-28 05:00:00+00:00,UCLA,USC,,,False,False,True,Big Ten,Big Ten,fbs,fbs,
13,regular,2026-11-28 05:00:00+00:00,Oregon,Washington,,,False,False,True,Big Ten,Big Ten,fbs,fbs,
13,regular,2026-11-28 05:00:00+00:00,Rutgers,Michigan State,,,False,False,True,Big Ten,Big Ten,fbs,fbs,
13,regular,2026-11-28 05:00:00+00:00,Charlotte,Navy,,,False,False,True,American Athletic,American Athletic,fbs,fbs,
13,regular,2026-11-28 05:00:00+00:00,North Texas,UAB,,,False,False,True,American Athletic,American Athletic,fbs,fbs,
13,regular,2026-11-28 05:00:00+00:00,Syracuse,Notre Dame,,,False,False,False,ACC,FBS Independents,fbs,fbs,
13,regular,2026-11-28 05:00:00+00:00,Oklahoma State,Kansas,,,False,False,True,Big 12,Big 12,fbs,fbs,
13,regular,2026-11-28 05:00:00+00:00,BYU,Cincinnati,,,False,False,True,Big 12,Big 12,fbs,fbs,
13,regular,2026-11-28 05:00:00+00:00,Clemson,South Carolina,,,False,False,False,ACC,SEC,fbs,fbs,
13,regular,2026-11-28 05:00:00+00:00,Arizona,Arizona State,,,False,False,True,Big 12,Big 12,fbs,fbs,
13,regular,2026-11-28 05:00:00+00:00,Vanderbilt,Tennessee,,,False,False,True,SEC,SEC,fbs,fbs,NIGHT: 6 - 8pm ET start
13,regular,2026-11-28 05:00:00+00:00,North Carolina,NC State,,,False,False,True,ACC,ACC,fbs,fbs,
13,regular,2026-11-28 05:00:00+00:00,Colorado,UCF,,,False,False,True,Big 12,Big 12,fbs,fbs,
13,regular,2026-11-28 05:00:00+00:00,Old Dominion,Southern Miss,,,False,False,True,Sun Belt,Sun Belt,fbs,fbs,
13,regular,2026-11-28 17:00:00+00:00,Ohio State,Michigan,,,False,False,True,Big Ten,Big Ten,fbs,fbs,
13,regular,2026-11-28 17:00:00+00:00,Bowling Green,Massachusetts,,,False,False,True,Mid-American,Mid-American,fbs,fbs,
13,regular,2026-11-28 17:00:00+00:00,Ball State,Central Michigan,,,False,False,True,Mid-American,Mid-American,fbs,fbs,
13,regular,2026-11-28 18:00:00+00:00,Western Kentucky,Kennesaw State,,,False,False,True,Conference USA,Conference USA,fbs,fbs,
13,regular,2026-11-28 19:00:00+00:00,Florida International,Sam Houston,,,False,False,True,Conference USA,Conference USA,fbs,fbs,
13,regular,2026-11-28 19:00:00+00:00,Middle Tennessee,New Mexico State,,,False,False,True,Conference USA,Conference USA,fbs,fbs,
13,regular,2026-11-28 19:00:00+00:00,Southern,Grambling,,,False,True,True,SWAC,SWAC,fcs,fcs,
13,regular,2026-11-28 19:00:00+00:00,Missouri State,Liberty,,,False,False,True,Conference USA,Conference USA,fbs,fbs,
13,regular,2026-11-28 20:00:00+00:00,Arkansas State,Troy,,,False,False,True,Sun Belt,Sun Belt,fbs,fbs,
13,regular,2026-11-28 20:30:00+00:00,Delaware,Jacksonville State,,,False,False,True,Conference USA,Conference USA,fbs,fbs,
13,regular,2026-11-28 21:30:00+00:00,New Mexico,Air Force,,,False,False,True,Mountain West,Mountain West,fbs,fbs,
13,regular,2026-11-29 02:00:00+00:00,UNLV,Nevada,,,False,False,True,Mountain West,Mountain West,fbs,fbs,
13,regular,2026-11-29 04:00:00+00:00,Hawai'i,Sacramento State,,,False,False,False,Mountain West,Mid-American,fbs,fbs,
15,regular,2026-12-12 20:00:00+00:00,Army,Navy,,,False,True,True,American Athletic,American Athletic,fbs,fbs,
