week,season_type,start_date,home_team,away_team,home_points,away_points,completed,neutral_site,conference_game,home_conference,away_conference,home_classification,away_classification,notes
1,regular,2023-08-26 18:30:00+00:00,Notre Dame,Navy,42,3,True,True,False,FBS Independents,American Athletic,fbs,fbs,
1,regular,2023-08-26 19:30:00+00:00,Mercer,North Alabama,17,7,True,True,False,Southern,UAC,fcs,fcs,
1,regular,2023-08-26 21:30:00+00:00,Jacksonville State,UTEP,17,14,True,False,True,Conference USA,Conference USA,fbs,fbs,
1,regular,2023-08-26 23:00:00+00:00,New Mexico State,Massachusetts,30,41,True,False,False,Conference USA,FBS Independents,fbs,fbs,
1,regular,2023-08-26 23:00:00+00:00,San Diego State,Ohio,20,13,True,False,False,Mountain West,Mid-American,fbs,fbs,
1,regular,2023-08-26 23:00:00+00:00,UAlbany,Fordham,34,13,True,False,False,Coastal Athletic,Patriot,fcs,fcs,
1,regular,2023-08-26 23:30:00+00:00,Jackson State,South Carolina State,37,7,True,True,False,SWAC,MEAC,fcs,fcs,
1,regular,2023-08-26 23:30:00+00:00,Vanderbilt,Hawai'i,35,28,True,False,False,SEC,Mountain West,fbs,fbs,
1,regular,2023-08-27 00:00:00+00:00,USC,San José State,56,28,True,False,False,Pac-12,Mountain West,fbs,fbs,
1,regular,2023-08-27 01:00:00+00:00,Louisiana Tech,Florida International,22,17,True,False,True,Conference USA,Conference USA,fbs,fbs,
1,regular,2023-08-31 04:00:00+00:00,Morehead State,West Virginia State,37,35,True,False,False,Pioneer,Mountain East,fcs,ii,
1,regular,2023-08-31 04:00:00+00:00,Kennesaw State,Tusculum,38,7,True,False,False,FCS Independents,South Atlantic,fcs,ii,
1,regular,2023-08-31 04:00:00+00:00,Hiram,Heidelberg,14,68,True,False,False,North Coast,Ohio,iii,iii,
1,regular,2023-08-31 04:00:00+00:00,Lamar,Idaho,17,42,True,False,False,Southland,Big Sky,fcs,fcs,
1,regular,2023-08-31 04:00:00+00:00,New Haven,Frostburg State,24,27,True,False,False,Northeast 10,Mountain East,ii,ii,
1,regular,2023-08-31 04:00:00+00:00,East Texas A&M,UC Davis,10,48,True,False,False,Southland,Big Sky,fcs,fcs,
1,regular,2023-08-31 18:00:00+00:00,Northwood,Glenville State,9,44,True,False,False,Great Midwest Athletic,Mountain East,ii,ii,
1,regular,2023-08-31 22:00:00+00:00,Charleston Southern,North Greenville,13,10,True,False,False,Big South-OVC,Gulf South,fcs,ii,
1,regular,2023-08-31 22:00:00+00:00,Wingate,Albany State,30,7,True,False,False,South Atlantic,SIAC,ii,ii,
1,regular,2023-08-31 22:00:00+00:00,Saginaw Valley State,Winona State,34,24,True,False,False,GLIAC,Northern Sun,ii,ii,
1,regular,2023-08-31 22:00:00+00:00,Alderson-Broaddus,California (PA),0,0,True,False,False,Mountain East,Pennsylvania State Athletic,ii,ii,
1,regular,2023-08-31 22:00:00+00:00,UNC Pembroke,Fayetteville State,19,17,True,False,False,Mountain East,CIAA,ii,ii,
1,regular,2023-08-31 22:00:00+00:00,Keiser University,Mississippi College,14,17,True,True,False,,Gulf South,,ii,
1,regular,2023-08-31 22:00:00+00:00,Rowan,Stevenson,17,20,True,False,False,New Jersey,Mid Atlantic,iii,iii,
1,regular,2023-08-31 22:00:00+00:00,Barton,Chowan,41,0,True,False,False,South Atlantic,Gulf South,ii,ii,
1,regular,2023-08-31 23:00:00+00:00,Minot State,Southwest Minnesota State,23,28,True,False,True,Northern Sun,Northern Sun,ii,ii,
1,regular,2023-08-31 23:00:00+00:00,Louisiana Christian,East Texas Baptist,34,14,True,True,False,,American Southwest,,iii,
1,regular,2023-08-31 23:00:00+00:00,Bemidji State,Northern State,49,13,True,False,True,Northern Sun,Northern Sun,ii,ii,
1,regular,2023-08-31 23:00:00+00:00,Lakeland,Wisconsin Platteville,13,80,True,False,False,NACC,Wisconsin,iii,iii,
1,regular,2023-08-31 23:00:00+00:00,Northeastern State,Fort Hays,0,56,True,False,True,Mid America,Mid America,ii,ii,
1,regular,2023-08-31 23:00:00+00:00,West Georgia,Limestone,21,19,True,False,False,Gulf South,South Atlantic,ii,ii,
1,regular,2023-08-31 23:00:00+00:00,West Alabama,Angelo State,14,38,True,False,False,Gulf South,Lone Star,ii,ii,
1,regular,2023-08-31 23:00:00+00:00,Campbell,William & Mary,24,34,True,False,True,Coastal Athletic,Coastal Athletic,fcs,fcs,
1,regular,2023-08-31 23:00:00+00:00,IU Pennsylvania,Ashland,24,17,True,False,False,Pennsylvania State Athletic,Great Midwest Athletic,ii,ii,
1,regular,2023-08-31 23:00:00+00:00,Indiana State,Eastern Illinois,0,27,True,False,False,MVFC,Big South-OVC,fcs,fcs,
1,regular,2023-08-31 23:00:00+00:00,Fairmont State,Bloomsburg,34,30,True,False,False,Mountain East,Pennsylvania State Athletic,ii,ii,
1,regular,2023-08-31 23:00:00+00:00,Minnesota Duluth,Northern Michigan,47,10,True,False,False,Northern Sun,GLIAC,ii,ii,
1,regular,2023-08-31 23:00:00+00:00,Carson Newman,Virginia Lynchburg,35,3,True,False,False,South Atlantic,,ii,,
1,regular,2023-08-31 23:00:00+00:00,Millersville,Saint Anselm,33,7,True,False,False,Pennsylvania State Athletic,Northeast 10,ii,ii,
1,regular,2023-08-31 23:00:00+00:00,Missouri S&T,Delta State,20,48,True,False,False,Great Lakes,Gulf South,ii,ii,
1,regular,2023-08-31 23:00:00+00:00,UCF,Kent State,56,6,True,False,False,Big 12,Mid-American,fbs,fbs,
1,regular,2023-08-31 23:00:00+00:00,Southern Nazarene,Harding,20,53,True,False,True,Great American,Great American,ii,ii,
1,regular,2023-08-31 23:00:00+00:00,Walsh,West Liberty,24,21,True,False,False,Great Midwest Athletic,Mountain East,ii,ii,
1,regular,2023-08-31 23:00:00+00:00,Wayne State (NE),Minnesota St Moorhead,31,23,True,False,True,Northern Sun,Northern Sun,ii,ii,
1,regular,2023-08-31 23:00:00+00:00,Wheeling,Seton Hill,35,24,True,False,False,Mountain East,Pennsylvania State Athletic,ii,ii,
1,regular,2023-08-31 23:00:00+00:00,Furman,Tennessee Tech,45,10,True,False,False,Southern,Big South-OVC,fcs,fcs,
1,regular,2023-08-31 23:00:00+00:00,Sioux Falls,Minnesota State,26,54,True,False,True,Northern Sun,Northern Sun,ii,ii,
1,regular,2023-08-31 23:00:00+00:00,Georgia State,Rhode Island,42,35,True,False,False,Sun Belt,Coastal Athletic,fbs,fcs,
1,regular,2023-08-31 23:00:00+00:00,Wake Forest,Elon,37,17,True,False,False,ACC,Coastal Athletic,fbs,fcs,
1,regular,2023-08-31 23:00:00+00:00,Belhaven,Millsaps,47,7,True,False,False,USA South,Southern Athletic,iii,iii,
1,regular,2023-08-31 23:00:00+00:00,Samford,Shorter,69,14,True,False,False,Southern,Gulf South,fcs,ii,
1,regular,2023-08-31 23:00:00+00:00,Quincy,Chadron State,34,35,True,False,False,Great Lakes,Rocky Mountain,ii,ii,
1,regular,2023-08-31 23:00:00+00:00,Northwestern (OK),Arkansas Monticello,24,49,True,False,True,Great American,Great American,ii,ii,
1,regular,2023-08-31 23:00:00+00:00,McMurry,Birmingham-Southern,19,20,True,True,False,American Southwest,Southern Athletic,iii,iii,
1,regular,2023-08-31 23:00:00+00:00,Southwestern Oklahoma State,Ouachita Baptist,14,38,True,False,True,Great American,Great American,ii,ii,
1,regular,2023-08-31 23:00:00+00:00,Stony Brook,Delaware,13,37,True,False,True,Coastal Athletic,CAA,fcs,fcs,
1,regular,2023-08-31 23:00:00+00:00,Charleston (WV),Gannon,22,13,True,False,False,Mountain East,Pennsylvania State Athletic,ii,ii,
1,regular,2023-08-31 23:00:00+00:00,Lincoln (PA),Clarion,20,30,True,False,False,CIAA,Pennsylvania State Athletic,ii,ii,
1,regular,2023-08-31 23:00:00+00:00,Southern Arkansas,Southeastern Oklahoma State,34,19,True,False,True,Great American,Great American,ii,ii,
1,regular,2023-08-31 23:00:00+00:00,Kentucky State,Clark Atlanta,34,20,True,False,True,SIAC,SIAC,ii,ii,
1,regular,2023-08-31 23:00:00+00:00,Western Michigan,Saint Francis,35,17,True,False,False,Mid-American,NEC,fbs,fcs,
1,regular,2023-08-31 23:00:00+00:00,Buffalo State,Brockport,6,42,True,False,False,Liberty League,Empire 8,iii,iii,
1,regular,2023-08-31 23:05:00+00:00,East Stroudsburg,Pace,62,9,True,False,False,Pennsylvania State Athletic,Northeast 10,ii,ii,
1,regular,2023-08-31 23:30:00+00:00,Ferris State,Mercyhurst,54,12,True,False,False,GLIAC,Pennsylvania State Athletic,ii,ii,
1,regular,2023-08-31 23:30:00+00:00,UConn,NC State,14,24,True,False,False,FBS Independents,ACC,fbs,fbs,
1,regular,2023-08-31 23:30:00+00:00,Concordia St. Paul,Upper Iowa,43,20,True,False,True,Northern Sun,Northern Sun,ii,ii,
1,regular,2023-08-31 23:30:00+00:00,Youngstown State,Valparaiso,52,10,True,False,False,MVFC,Pioneer,fcs,fcs,
1,regular,2023-09-01 00:00:00+00:00,Missouri,South Dakota,35,10,True,False,False,SEC,MVFC,fbs,fcs,
1,regular,2023-09-01 00:00:00+00:00,Missouri Southern State,Northwest Missouri State,24,31,True,False,True,Mid America,Mid America,ii,ii,
1,regular,2023-09-01 00:00:00+00:00,Eastern New Mexico,New Mexico Highlands,28,26,True,False,False,Lone Star,Rocky Mountain,ii,ii,
1,regular,2023-09-01 00:00:00+00:00,Lindenwood,Wisconsin Stevens Point,77,9,True,False,False,Big South-OVC,Wisconsin,fcs,iii,
1,regular,2023-09-01 00:00:00+00:00,Dakota State University,Wisconsin La Crosse,6,31,True,True,False,,Wisconsin,,iii,
1,regular,2023-09-01 00:00:00+00:00,Tulsa,Arkansas-Pine Bluff,42,7,True,False,False,American Athletic,SWAC,fbs,fcs,
1,regular,2023-09-01 00:00:00+00:00,Abilene Christian,Northern Colorado,31,11,True,False,False,UAC,Big Sky,fcs,fcs,
1,regular,2023-09-01 00:00:00+00:00,UAB,North Carolina A&T,35,6,True,False,False,American Athletic,Coastal Athletic,fbs,fcs,
1,regular,2023-09-01 00:00:00+00:00,Weber State,Central Washington,35,10,True,False,False,Big Sky,Lone Star,fcs,ii,
1,regular,2023-09-01 00:00:00+00:00,Henderson State,East Central,41,13,True,False,True,Great American,Great American,ii,ii,
1,regular,2023-09-01 00:00:00+00:00,Pittsburg State,Washburn,34,7,True,False,True,Mid America,Mid America,ii,ii,
1,regular,2023-09-01 00:00:00+00:00,Beloit,Rockford,34,27,True,False,False,Midwest,NACC,iii,iii,
1,regular,2023-09-01 00:00:00+00:00,Central Oklahoma,Nebraska Kearney,24,21,True,False,True,Mid America,Mid America,ii,ii,
1,regular,2023-09-01 00:00:00+00:00,South Dakota State,Western Oregon,45,7,True,False,False,MVFC,Lone Star,fcs,ii,
1,regular,2023-09-01 00:00:00+00:00,Minnesota,Nebraska,13,10,True,False,True,Big Ten,Big Ten,fbs,fbs,
1,regular,2023-09-01 00:00:00+00:00,Utah,Florida,24,11,True,False,False,Pac-12,SEC,fbs,fbs,
1,regular,2023-09-01 00:00:00+00:00,Colorado School of Mines,Grand Valley State,31,28,True,False,False,Rocky Mountain,GLIAC,ii,ii,
1,regular,2023-09-01 00:00:00+00:00,Emporia State,Lincoln (MO),56,10,True,False,False,Mid America,Independent DII,ii,ii,
1,regular,2023-09-01 00:00:00+00:00,Oklahoma Baptist,Arkansas Tech,23,21,True,False,True,Great American,Great American,ii,ii,
1,regular,2023-09-01 00:00:00+00:00,Missouri Western,Central Missouri,38,45,True,False,True,Mid America,Mid America,ii,ii,
1,regular,2023-09-01 02:00:00+00:00,Arizona State,Southern Utah,24,21,True,False,False,Pac-12,UAC,fbs,fcs,
1,regular,2023-09-01 22:00:00+00:00,Nichols,UMass Dartmouth,6,57,True,False,False,Commonwealth Coast,MSCAC,iii,iii,
1,regular,2023-09-01 22:00:00+00:00,West Florida,Kentucky Wesleyan,35,3,True,True,False,Gulf South,Great Midwest Athletic,ii,ii,
1,regular,2023-09-01 22:30:00+00:00,Eastern Michigan,Howard,33,23,True,False,False,Mid-American,MEAC,fbs,fcs,
1,regular,2023-09-01 23:00:00+00:00,Catholic,McDaniel,34,7,True,False,False,Landmark Conference,Centennial,iii,iii,
1,regular,2023-09-01 23:00:00+00:00,Alfred,Hobart,9,31,True,False,False,Empire 8,Liberty League,iii,iii,
1,regular,2023-09-01 23:00:00+00:00,Muhlenberg,Moravian,53,12,True,False,False,Centennial,Landmark Conference,iii,iii,
1,regular,2023-09-01 23:00:00+00:00,WPI,Worcester State,44,13,True,False,False,NEWMAC,MSCAC,iii,iii,
1,regular,2023-09-01 23:00:00+00:00,Miami,Miami (OH),38,3,True,False,False,ACC,Mid-American,fbs,fbs,
1,regular,2023-09-01 23:00:00+00:00,Curry,Salve Regina,0,48,True,False,True,Commonwealth Coast,Commonwealth Coast,iii,iii,
1,regular,2023-09-01 23:00:00+00:00,Michigan State,Central Michigan,31,7,True,False,False,Big Ten,Mid-American,fbs,fbs,
1,regular,2023-09-01 23:00:00+00:00,Lebanon Valley,Franklin & Marshall,12,16,True,False,False,Mid Atlantic,Centennial,iii,iii,
1,regular,2023-09-01 23:30:00+00:00,Georgia Tech,Louisville,34,39,True,True,True,ACC,ACC,fbs,fbs,Aflac Kickoff
1,regular,2023-09-01 23:30:00+00:00,Ursinus,Alvernia,38,6,True,False,False,Centennial,Mid Atlantic,iii,iii,
1,regular,2023-09-02 00:00:00+00:00,Kansas,Missouri State,48,17,True,False,False,Big 12,MVFC,fbs,fcs,
1,regular,2023-09-02 00:00:00+00:00,South Dakota Mines,Valley City State,31,14,True,False,False,Rocky Mountain,,ii,,
1,regular,2023-09-02 00:00:00+00:00,Hardin Simmons,Albright,47,3,True,False,False,American Southwest,Mid Atlantic,iii,iii,
1,regular,2023-09-02 03:00:00+00:00,Hawai'i,Stanford,24,37,True,False,False,Mountain West,Pac-12,fbs,fbs,
1,regular,2023-09-02 04:00:00+00:00,VMI,Davidson,12,7,True,False,False,Southern,Pioneer,fcs,fcs,
1,regular,2023-09-02 04:00:00+00:00,UT Permian Basin,Texas College,96,0,True,False,False,Lone Star,,ii,,
1,regular,2023-09-02 04:00:00+00:00,Lehigh,Villanova,10,38,True,False,False,Patriot,Coastal Athletic,fcs,fcs,
1,regular,2023-09-02 04:00:00+00:00,Capital,Denison,35,45,True,False,False,Ohio,North Coast,iii,iii,
1,regular,2023-09-02 04:00:00+00:00,Duquesne,Edinboro,49,7,True,False,False,NEC,Pennsylvania State Athletic,fcs,ii,
1,regular,2023-09-02 04:00:00+00:00,Mississippi Valley State,Central State,21,24,True,True,False,SWAC,SIAC,fcs,ii,
1,regular,2023-09-02 04:00:00+00:00,Westminster (MO),Rhodes,0,47,True,False,False,Upper Midwest,Southern Athletic,iii,iii,
1,regular,2023-09-02 04:00:00+00:00,Nicholls,Sacramento State,24,38,True,False,False,Southland,Big Sky,fcs,fcs,
1,regular,2023-09-02 04:00:00+00:00,Findlay,Truman State,10,20,True,False,False,Great Midwest Athletic,Great Lakes,ii,ii,
1,regular,2023-09-02 04:00:00+00:00,Montana State,Utah Tech,63,20,True,False,False,Big Sky,UAC,fcs,fcs,
1,regular,2023-09-02 04:00:00+00:00,Marietta,St. John Fisher,31,7,True,False,False,Ohio,Empire 8,iii,iii,
1,regular,2023-09-02 04:00:00+00:00,Western Colorado,West Texas,28,6,True,False,False,Rocky Mountain,Lone Star,ii,ii,
1,regular,2023-09-02 04:00:00+00:00,Holy Cross,Merrimack,42,20,True,False,False,Patriot,NEC,fcs,fcs,
1,regular,2023-09-02 04:00:00+00:00,Texas Southern,Prairie View A&M,34,37,True,False,True,SWAC,SWAC,fcs,fcs,
1,regular,2023-09-02 04:00:00+00:00,Concord,Emory & Henry,10,56,True,False,False,Mountain East,South Atlantic,ii,ii,
1,regular,2023-09-02 04:00:00+00:00,Lake Erie,Franklin Pierce,10,26,True,False,False,Great Midwest Athletic,Northeast 10,ii,ii,
1,regular,2023-09-02 04:00:00+00:00,St. Thomas (MN),Black Hills State,36,26,True,False,False,Pioneer,Rocky Mountain,fcs,ii,
1,regular,2023-09-02 04:00:00+00:00,Guilford,Greensboro,36,21,True,False,False,Old Dominion,USA South,iii,iii,
1,regular,2023-09-02 04:00:00+00:00,Notre Dame College,Ohio Dominican,23,21,True,False,False,Mountain East,Great Midwest Athletic,ii,ii,
1,regular,2023-09-02 04:00:00+00:00,Lyon,Grinnell,18,12,True,True,False,,Midwest,,iii,
1,regular,2023-09-02 04:00:00+00:00,North Carolina Central,Winston-Salem State,47,21,True,False,False,MEAC,CIAA,fcs,ii,
1,regular,2023-09-02 04:00:00+00:00,Cal Poly,San Diego,27,10,True,False,False,Big Sky,Pioneer,fcs,fcs,
1,regular,2023-09-02 04:00:00+00:00,Central Connecticut,American International,44,0,True,False,False,NEC,Northeast 10,fcs,ii,
1,regular,2023-09-02 16:00:00+00:00,Boston College,Northern Illinois,24,27,True,False,False,ACC,Mid-American,fbs,fbs,
1,regular,2023-09-02 16:00:00+00:00,Purdue,Fresno State,35,39,True,False,False,Big Ten,Mountain West,fbs,fbs,
1,regular,2023-09-02 16:00:00+00:00,Oklahoma,Arkansas State,73,0,True,False,False,Big 12,Sun Belt,fbs,fbs,
1,regular,2023-09-02 16:00:00+00:00,SUNY Cortland,Delaware Valley,42,13,True,False,False,Empire 8,Mid Atlantic,iii,iii,
1,regular,2023-09-02 16:00:00+00:00,Endicott,St. Lawrence,31,0,True,False,False,Commonwealth Coast,Liberty League,iii,iii,
1,regular,2023-09-02 16:00:00+00:00,TCU,Colorado,42,45,True,False,False,Big 12,Pac-12,fbs,fbs,
1,regular,2023-09-02 16:00:00+00:00,The College of New Jersey,Eastern,41,21,True,False,False,New Jersey,Mid Atlantic,iii,iii,
1,regular,2023-09-02 16:00:00+00:00,Tiffin,McKendree,79,14,True,False,False,Great Midwest Athletic,Great Lakes,ii,ii,
1,regular,2023-09-02 16:00:00+00:00,Otterbein,Ohio Wesleyan,21,35,True,False,False,Ohio,North Coast,iii,iii,
1,regular,2023-09-02 16:00:00+00:00,Kean,SUNY Morrisville,14,24,True,False,False,New Jersey,Empire 8,iii,iii,
1,regular,2023-09-02 16:00:00+00:00,Bentley,West Chester,19,20,True,False,False,Northeast 10,Pennsylvania State Athletic,ii,ii,
1,regular,2023-09-02 16:00:00+00:00,Shippensburg,Newberry,10,14,True,False,False,Pennsylvania State Athletic,South Atlantic,ii,ii,
1,regular,2023-09-02 16:00:00+00:00,Hilbert,Union,0,65,True,True,False,North Coast,Liberty League,iii,iii,
1,regular,2023-09-02 16:00:00+00:00,Assumption,Kutztown,31,20,True,False,False,Northeast 10,Pennsylvania State Athletic,ii,ii,
1,regular,2023-09-02 16:00:00+00:00,Wilkes,King's,23,27,True,False,True,Landmark Conference,Mid Atlantic,iii,iii,
1,regular,2023-09-02 16:00:00+00:00,Kentucky,Ball State,44,14,True,False,False,SEC,Mid-American,fbs,fbs,
1,regular,2023-09-02 16:00:00+00:00,Michigan,East Carolina,30,3,True,False,False,Big Ten,American Athletic,fbs,fbs,
1,regular,2023-09-02 16:00:00+00:00,Western Connecticut State,Merchant Marine,35,52,True,False,False,MSCAC,NEWMAC,iii,iii,
1,regular,2023-09-02 16:00:00+00:00,Davenport,Thomas More,31,17,True,False,False,GLIAC,,ii,,
1,regular,2023-09-02 16:00:00+00:00,Dean,Fitchburg State,33,17,True,False,False,ECFC,MSCAC,iii,iii,
1,regular,2023-09-02 16:00:00+00:00,Keystone,Gallaudet,27,6,True,False,False,Landmark Conference,ECFC,iii,iii,
1,regular,2023-09-02 16:00:00+00:00,Kalamazoo,Oberlin,42,10,True,False,False,Michigan,North Coast,iii,iii,
1,regular,2023-09-02 16:00:00+00:00,MIT,Bridgewater State,41,27,True,False,False,NEWMAC,MSCAC,iii,iii,
1,regular,2023-09-02 16:00:00+00:00,Rochester (NY),Utica,17,20,True,False,False,Liberty League,Empire 8,iii,iii,
1,regular,2023-09-02 16:00:00+00:00,SMU,Louisiana Tech,38,14,True,False,False,American Athletic,Conference USA,fbs,fbs,
1,regular,2023-09-02 16:00:00+00:00,Tennessee,Virginia,49,13,True,True,False,SEC,ACC,fbs,fbs,
1,regular,2023-09-02 16:00:00+00:00,Alma,Ohio Northern,52,7,True,False,False,Michigan,Ohio,iii,iii,
1,regular,2023-09-02 16:00:00+00:00,Liberty,Bowling Green,34,24,True,False,False,Conference USA,Mid-American,fbs,fbs,
1,regular,2023-09-02 16:00:00+00:00,Iowa,Utah State,24,14,True,False,False,Big Ten,Mountain West,fbs,fbs,
1,regular,2023-09-02 16:00:00+00:00,Shepherd,Southern Connecticut State,27,26,True,False,False,Pennsylvania State Athletic,Northeast 10,ii,ii,
1,regular,2023-09-02 16:00:00+00:00,Johns Hopkins,Ithaca,27,17,True,False,False,Centennial,Liberty League,iii,iii,
1,regular,2023-09-02 16:00:00+00:00,North Carolina Wesleyan,Randolph Macon,9,51,True,False,False,USA South,Old Dominion,iii,iii,
1,regular,2023-09-02 16:30:00+00:00,Georgetown,Marist,49,7,True,False,False,Patriot,Pioneer,fcs,fcs,
1,regular,2023-09-02 17:00:00+00:00,New England,Coast Guard,44,28,True,False,False,Commonwealth Coast,NEWMAC,iii,iii,
1,regular,2023-09-02 17:00:00+00:00,Vermont State Castleton,Plymouth State,25,21,True,False,False,ECFC,MSCAC,iii,iii,
1,regular,2023-09-02 17:00:00+00:00,Sewanee,Maryville (TN),8,28,True,False,False,Southern Athletic,USA South,iii,iii,
1,regular,2023-09-02 17:00:00+00:00,Western New England,Springfield,14,28,True,False,False,Commonwealth Coast,NEWMAC,iii,iii,
1,regular,2023-09-02 17:00:00+00:00,Hampden Sydney,Wabash,28,29,True,False,False,Old Dominion,North Coast,iii,iii,
1,regular,2023-09-02 17:00:00+00:00,Widener,Lycoming,42,21,True,False,False,Mid Atlantic,Landmark Conference,iii,iii,
1,regular,2023-09-02 17:00:00+00:00,Washington and Lee,Salisbury,7,28,True,False,False,Old Dominion,New Jersey,iii,iii,
1,regular,2023-09-02 17:00:00+00:00,Delaware State,Bowie State,11,22,True,False,False,MEAC,CIAA,fcs,ii,
1,regular,2023-09-02 17:00:00+00:00,Shenandoah,Methodist,44,29,True,False,False,Old Dominion,USA South,iii,iii,
1,regular,2023-09-02 17:00:00+00:00,William Paterson,FDU Florham,29,33,True,False,False,New Jersey,Mid Atlantic,iii,iii,
1,regular,2023-09-02 17:00:00+00:00,Saint Vincent,Washington & Jefferson,0,51,True,False,True,Presidents',Presidents',iii,iii,
1,regular,2023-09-02 17:00:00+00:00,Gettysburg,Juniata,40,20,True,False,True,Centennial,Landmark Conference,iii,iii,
1,regular,2023-09-02 17:00:00+00:00,Dickinson,Rensselaer,27,38,True,False,False,Centennial,Liberty League,iii,iii,
1,regular,2023-09-02 17:00:00+00:00,West Virginia Wesleyan,Johnson C. Smith,6,49,True,False,False,Mountain East,CIAA,ii,ii,
1,regular,2023-09-02 17:00:00+00:00,Saint John's (MN),Trinity (TX),34,31,True,False,False,Minnesota,Southern Athletic,iii,iii,
1,regular,2023-09-02 17:00:00+00:00,Elizabeth City State,Catawba,23,31,True,False,False,CIAA,South Atlantic,ii,ii,
1,regular,2023-09-02 17:00:00+00:00,Illinois State,Dayton,41,0,True,False,False,MVFC,Pioneer,fcs,fcs,
1,regular,2023-09-02 17:00:00+00:00,Air Force,Robert Morris,42,7,True,False,False,Mountain West,Big South,fbs,fcs,
1,regular,2023-09-02 17:00:00+00:00,Muskingum,Ferrum,31,20,True,False,False,Ohio,Old Dominion,iii,iii,
1,regular,2023-09-02 17:00:00+00:00,Bridgewater,Susquehanna,19,51,True,False,False,Old Dominion,Landmark Conference,iii,iii,
1,regular,2023-09-02 17:00:00+00:00,Grove City,Westminster (PA),17,7,True,False,True,Presidents',Presidents',iii,iii,
1,regular,2023-09-02 17:00:00+00:00,Wilmington (OH),Wooster,63,43,True,False,False,Ohio,North Coast,iii,iii,
1,regular,2023-09-02 17:00:00+00:00,Waynesburg,Allegheny,36,39,True,False,True,Presidents',Presidents',iii,iii,
1,regular,2023-09-02 17:00:00+00:00,Misericordia,Alfred State,14,24,True,False,False,Mid Atlantic,ECFC,iii,iii,
1,regular,2023-09-02 17:00:00+00:00,Brevard,Warner,23,29,True,False,False,USA South,,iii,,
1,regular,2023-09-02 17:00:00+00:00,Stonehill,New Hampshire,17,51,True,False,False,NEC,Coastal Athletic,fcs,fcs,
1,regular,2023-09-02 17:00:00+00:00,Husson,Norwich,28,14,True,False,False,Commonwealth Coast,NEWMAC,iii,iii,
1,regular,2023-09-02 17:00:00+00:00,Baldwin Wallace,Mount St Joseph,33,46,True,False,False,Ohio,Heartland,iii,iii,
1,regular,2023-09-02 17:00:00+00:00,Apprentice School,Averett,14,34,True,False,False,Independent DIII,Old Dominion,iii,iii,
1,regular,2023-09-02 17:30:00+00:00,Franklin,Olivet,32,35,True,False,False,Heartland,Michigan,iii,iii,
1,regular,2023-09-02 17:30:00+00:00,Defiance College,Mount Union,6,45,True,False,False,Heartland,Ohio,iii,iii,
1,regular,2023-09-02 17:30:00+00:00,Centre,Hanover,7,10,True,False,False,Southern Athletic,Heartland,iii,iii,
1,regular,2023-09-02 18:00:00+00:00,Augustana (SD),University of Mary,38,7,True,False,True,Northern Sun,Northern Sun,ii,ii,
1,regular,2023-09-02 18:00:00+00:00,William Jewell,Fort Lewis,42,6,True,True,False,Great Lakes,Rocky Mountain,ii,ii,
1,regular,2023-09-02 18:00:00+00:00,Hendrix,Washington St. Louis,27,44,True,False,False,Southern Athletic,CCIW,iii,iii,
1,regular,2023-09-02 18:00:00+00:00,Ole Miss,Mercer,73,7,True,False,False,SEC,Southern,fbs,fcs,
1,regular,2023-09-02 18:00:00+00:00,Austin,Nebraska Wesleyan,7,19,True,False,False,American Southwest,American Rivers,iii,iii,
1,regular,2023-09-02 18:00:00+00:00,St. Olaf,Central College,24,34,True,False,False,Minnesota,American Rivers,iii,iii,
1,regular,2023-09-02 18:00:00+00:00,Roosevelt,North Central College,7,41,True,True,False,,CCIW,,iii,
1,regular,2023-09-02 18:00:00+00:00,Gustavus Adolphus,Buena Vista,51,7,True,False,False,Minnesota,American Rivers,iii,iii,
1,regular,2023-09-02 18:00:00+00:00,Jacksonville State,East Tennessee State,49,3,True,False,False,Conference USA,Southern,fbs,fcs,
1,regular,2023-09-02 18:00:00+00:00,Wisconsin River Falls,Mary Hardin Baylor,45,22,True,False,False,Wisconsin,American Southwest,iii,iii,
1,regular,2023-09-02 18:00:00+00:00,Ohio,Long Island University,27,10,True,False,False,Mid-American,NEC,fbs,fcs,
1,regular,2023-09-02 18:00:00+00:00,Aurora,Hope,38,17,True,False,False,NACC,Michigan,iii,iii,
1,regular,2023-09-02 18:00:00+00:00,Augsburg,Northwestern (MN),52,10,True,False,False,Minnesota,Upper Midwest,iii,iii,
1,regular,2023-09-02 18:00:00+00:00,Montana,Butler,35,20,True,False,False,Big Sky,Pioneer,fcs,fcs,
1,regular,2023-09-02 18:00:00+00:00,Wisconsin Eau Claire,Concordia (MN),31,28,True,False,False,Wisconsin,Minnesota,iii,iii,
1,regular,2023-09-02 18:00:00+00:00,John Carroll,Wisconsin Whitewater,23,27,True,False,False,Ohio,Wisconsin,iii,iii,
1,regular,2023-09-02 18:00:00+00:00,Carthage,Albion,20,41,True,False,False,CCIW,Michigan,iii,iii,
1,regular,2023-09-02 18:00:00+00:00,Temple,Akron,24,21,True,False,False,American Athletic,Mid-American,fbs,fbs,
1,regular,2023-09-02 18:00:00+00:00,Chicago,Claremont Mudd Scripps,15,24,True,False,False,Midwest,So. Cal.,iii,iii,
1,regular,2023-09-02 18:00:00+00:00,Hamline,Crown,45,13,True,False,False,Minnesota,Upper Midwest,iii,iii,
1,regular,2023-09-02 18:00:00+00:00,Norfolk State,Virginia State,24,33,True,False,False,MEAC,CIAA,fcs,ii,
1,regular,2023-09-02 18:00:00+00:00,Concordia (WI),Martin Luther,55,14,True,False,False,NACC,Upper Midwest,iii,iii,
1,regular,2023-09-02 18:00:00+00:00,Elmhurst,Adrian,14,3,True,False,False,CCIW,Michigan,iii,iii,
1,regular,2023-09-02 18:00:00+00:00,Concordia Chicago,Greenville,14,41,True,False,False,NACC,Upper Midwest,iii,iii,
1,regular,2023-09-02 18:00:00+00:00,Cornell (IA),Coe,6,56,True,False,False,Midwest,American Rivers,iii,iii,
1,regular,2023-09-02 18:00:00+00:00,St. Norbert,Ripon,23,7,True,False,False,NACC,Midwest,iii,iii,
1,regular,2023-09-02 18:00:00+00:00,Iowa State,Northern Iowa,30,9,True,False,False,Big 12,MVFC,fbs,fcs,
1,regular,2023-09-02 18:00:00+00:00,Dubuque,Wittenberg,27,28,True,False,False,American Rivers,North Coast,iii,iii,
1,regular,2023-09-02 18:00:00+00:00,St. Ambrose,Wisconsin Stout,7,35,True,True,False,,Wisconsin,,iii,
1,regular,2023-09-02 18:05:00+00:00,Wisconsin Oshkosh,Texas Lutheran,48,31,True,False,False,Wisconsin,American Southwest,iii,iii,
1,regular,2023-09-02 19:00:00+00:00,Lane College,Miles,24,37,True,False,True,SIAC,SIAC,ii,ii,
1,regular,2023-09-02 19:00:00+00:00,Colorado Mesa,Texas A&M-Kingsville,10,30,True,False,False,Rocky Mountain,Lone Star,ii,ii,
1,regular,2023-09-02 19:00:00+00:00,Hampton,Grambling,35,31,True,True,False,Coastal Athletic,SWAC,fcs,fcs,
1,regular,2023-09-02 19:00:00+00:00,Oregon,Portland State,81,7,True,False,False,Pac-12,Big Sky,fbs,fcs,
1,regular,2023-09-02 19:30:00+00:00,Texas,Rice,37,10,True,False,False,Big 12,American Athletic,fbs,fbs,
1,regular,2023-09-02 19:30:00+00:00,Notre Dame,Tennessee State,56,3,True,False,False,FBS Independents,Big South-OVC,fbs,fcs,
1,regular,2023-09-02 19:30:00+00:00,Maryland,Towson,38,6,True,False,False,Big Ten,Coastal Athletic,fbs,fcs,
1,regular,2023-09-02 19:30:00+00:00,Washington,Boise State,56,19,True,False,False,Pac-12,Mountain West,fbs,fbs,
1,regular,2023-09-02 19:30:00+00:00,Cincinnati,Eastern Kentucky,66,13,True,False,False,Big 12,UAC,fbs,fcs,
1,regular,2023-09-02 19:30:00+00:00,Auburn,Massachusetts,59,14,True,False,False,SEC,FBS Independents,fbs,fbs,
1,regular,2023-09-02 19:30:00+00:00,Western Kentucky,South Florida,41,24,True,False,False,Conference USA,American Athletic,fbs,fbs,
1,regular,2023-09-02 19:30:00+00:00,App State,Gardner-Webb,45,24,True,False,False,Sun Belt,Big South-OVC,fbs,fcs,
1,regular,2023-09-02 19:30:00+00:00,North Dakota State,Eastern Washington,35,10,True,True,False,MVFC,Big Sky,fcs,fcs,
1,regular,2023-09-02 19:30:00+00:00,Wisconsin,Buffalo,38,17,True,False,False,Big Ten,Mid-American,fbs,fbs,
1,regular,2023-09-02 19:30:00+00:00,Indiana,Ohio State,3,23,True,False,True,Big Ten,Big Ten,fbs,fbs,
1,regular,2023-09-02 19:30:00+00:00,Pittsburgh,Wofford,45,7,True,False,False,ACC,Southern,fbs,fcs,
1,regular,2023-09-02 20:00:00+00:00,Mississippi State,SE Louisiana,48,7,True,False,False,SEC,Southland,fbs,fcs,
1,regular,2023-09-02 20:00:00+00:00,La Verne,Willamette,21,24,True,False,False,So. Cal.,Northwest,iii,iii,
1,regular,2023-09-02 20:00:00+00:00,Syracuse,Colgate,65,0,True,False,False,ACC,Patriot,fbs,fcs,
1,regular,2023-09-02 20:00:00+00:00,Cal Lutheran,Southwestern U,41,35,True,False,False,So. Cal.,Southern Athletic,iii,iii,
1,regular,2023-09-02 20:00:00+00:00,Puget Sound,Lewis & Clark,42,38,True,False,True,Northwest,Northwest,iii,iii,
1,regular,2023-09-02 20:00:00+00:00,Pacific Lutheran,Redlands,14,24,True,False,False,Northwest,So. Cal.,iii,iii,
1,regular,2023-09-02 20:00:00+00:00,SUNY Maritime,Hartwick,34,11,True,False,False,NEWMAC,Empire 8,iii,iii,
1,regular,2023-09-02 20:00:00+00:00,Arkansas,Western Carolina,56,13,True,True,False,SEC,Southern,fbs,fcs,
1,regular,2023-09-02 20:00:00+00:00,UNLV,Bryant,44,14,True,False,False,Mountain West,Big South-OVC,fbs,fcs,
1,regular,2023-09-02 20:00:00+00:00,North Dakota,Drake,55,7,True,False,False,MVFC,Pioneer,fcs,fcs,
1,regular,2023-09-02 20:00:00+00:00,North Texas,California,21,58,True,False,False,American Athletic,Pac-12,fbs,fbs,
1,regular,2023-09-02 21:00:00+00:00,Christopher Newport,Southern Virginia,45,0,True,False,False,New Jersey,USA South,iii,iii,
1,regular,2023-09-02 22:00:00+00:00,Indianapolis,Hillsdale,39,20,True,False,False,Great Lakes,Great Midwest Athletic,ii,ii,
1,regular,2023-09-02 22:00:00+00:00,Manchester,North Park,0,27,True,False,False,Heartland,CCIW,iii,iii,
1,regular,2023-09-02 22:00:00+00:00,Anderson (IN),Trine,0,61,True,False,False,Heartland,Michigan,iii,iii,
1,regular,2023-09-02 22:00:00+00:00,Allen,Erskine,24,17,True,False,False,SIAC,South Atlantic,ii,ii,
1,regular,2023-09-02 22:00:00+00:00,Florida Atlantic,Monmouth,42,20,True,False,False,American Athletic,Coastal Athletic,fbs,fcs,
1,regular,2023-09-02 22:00:00+00:00,Fordham,Wagner,46,16,True,False,False,Patriot,NEC,fcs,fcs,
1,regular,2023-09-02 22:00:00+00:00,Alabama State,Southern,14,10,True,False,True,SWAC,SWAC,fcs,fcs,
1,regular,2023-09-02 22:00:00+00:00,Benedict,Shaw,52,0,True,False,False,SIAC,CIAA,ii,ii,
1,regular,2023-09-02 22:00:00+00:00,Georgia Southern,The Citadel,34,0,True,False,False,Sun Belt,Southern,fbs,fcs,
1,regular,2023-09-02 22:00:00+00:00,Sacred Heart,Lafayette,14,19,True,False,False,NEC,Patriot,fcs,fcs,
1,regular,2023-09-02 22:00:00+00:00,Slippery Rock,Wayne State (MI),28,17,True,False,False,Pennsylvania State Athletic,GLIAC,ii,ii,
1,regular,2023-09-02 22:00:00+00:00,Berry,Huntingdon,67,34,True,False,False,Southern Athletic,USA South,iii,iii,
1,regular,2023-09-02 22:00:00+00:00,Georgia,UT Martin,48,7,True,False,False,SEC,Big South-OVC,fbs,fcs,
1,regular,2023-09-02 22:00:00+00:00,Stetson,St. Thomas University (Fl),34,33,True,False,False,Pioneer,,fcs,,
1,regular,2023-09-02 22:00:00+00:00,Marshall,UAlbany,21,17,True,False,False,Sun Belt,Coastal Athletic,fbs,fcs,
1,regular,2023-09-02 22:00:00+00:00,Lock Haven,Post,58,7,True,False,False,Pennsylvania State Athletic,Independent DII,ii,ii,
1,regular,2023-09-02 22:00:00+00:00,Edward Waters,Florida Memorial University,21,38,True,False,False,SIAC,,ii,,
1,regular,2023-09-02 22:00:00+00:00,Richmond,Morgan State,10,17,True,False,False,Coastal Athletic,MEAC,fcs,fcs,
1,regular,2023-09-02 22:00:00+00:00,Lenoir Rhyne,St. Augustine's,45,7,True,False,False,South Atlantic,CIAA,ii,ii,
1,regular,2023-09-02 22:00:00+00:00,Livingstone,Bluefield State,7,41,True,False,False,CIAA,Independent DII,ii,ii,
1,regular,2023-09-02 22:00:00+00:00,James Madison,Bucknell,38,3,True,False,False,Sun Belt,Patriot,fbs,fcs,
1,regular,2023-09-02 22:00:00+00:00,Charlotte,South Carolina State,24,3,True,False,False,American Athletic,MEAC,fbs,fcs,
1,regular,2023-09-02 22:30:00+00:00,USC,Nevada,66,14,True,False,False,Pac-12,Mountain West,fbs,fbs,
1,regular,2023-09-02 22:30:00+00:00,Florida International,Maine,14,12,True,False,False,Conference USA,Coastal Athletic,fbs,fcs,
1,regular,2023-09-02 23:00:00+00:00,Vanderbilt,Alabama A&M,47,13,True,False,False,SEC,SWAC,fbs,fcs,
1,regular,2023-09-02 23:00:00+00:00,Wisconsin Lutheran,Lake Forest,0,24,True,False,False,NACC,Midwest,iii,iii,
1,regular,2023-09-02 23:00:00+00:00,Eureka,Knox,41,16,True,False,False,NACC,Midwest,iii,iii,
1,regular,2023-09-02 23:00:00+00:00,Rose Hulman,DePauw,21,33,True,False,False,Heartland,North Coast,iii,iii,
1,regular,2023-09-02 23:00:00+00:00,Baylor,Texas State,31,42,True,False,False,Big 12,Sun Belt,fbs,fbs,
1,regular,2023-09-02 23:00:00+00:00,North Alabama,Chattanooga,41,27,True,False,False,UAC,Southern,fcs,fcs,
1,regular,2023-09-02 23:00:00+00:00,Texas A&M,New Mexico,52,10,True,False,False,SEC,Mountain West,fbs,fbs,
1,regular,2023-09-02 23:00:00+00:00,Houston Christian,Arkansas Baptist,66,0,True,False,False,Southland,,fcs,,
1,regular,2023-09-02 23:00:00+00:00,Kansas State,Southeast Missouri State,45,0,True,False,False,Big 12,Big South-OVC,fbs,fcs,
1,regular,2023-09-02 23:00:00+00:00,Thiel,Case Western Reserve,0,14,True,False,True,Presidents',Presidents',iii,iii,
1,regular,2023-09-02 23:00:00+00:00,Illinois College,Millikin,31,0,True,False,False,Midwest,CCIW,iii,iii,
1,regular,2023-09-02 23:00:00+00:00,Anna Maria College,Westfield State,51,27,True,False,False,ECFC,MSCAC,iii,iii,
1,regular,2023-09-02 23:00:00+00:00,Valdosta State,Point University,63,10,True,False,False,Gulf South,,ii,,
1,regular,2023-09-02 23:00:00+00:00,Houston,UTSA,17,14,True,False,False,Big 12,American Athletic,fbs,fbs,
1,regular,2023-09-02 23:00:00+00:00,Southern Miss,Alcorn State,40,14,True,False,False,Sun Belt,SWAC,fbs,fcs,
1,regular,2023-09-02 23:00:00+00:00,Simpson (IA),Augustana (IL),27,49,True,False,False,American Rivers,CCIW,iii,iii,
1,regular,2023-09-02 23:00:00+00:00,Oklahoma Panhandle,Southwest Baptist,7,65,True,True,False,Independent DII,Great Lakes,ii,ii,
1,regular,2023-09-02 23:00:00+00:00,Loras,Benedictine (IL),42,41,True,False,False,American Rivers,NACC,iii,iii,
1,regular,2023-09-02 23:00:00+00:00,UL Monroe,Army,17,13,True,False,False,Sun Belt,FBS Independents,fbs,fbs,
1,regular,2023-09-02 23:00:00+00:00,Troy,Stephen F. Austin,48,30,True,False,False,Sun Belt,UAC,fbs,fcs,
1,regular,2023-09-02 23:00:00+00:00,Bluffton,Kenyon,51,35,True,False,False,Heartland,North Coast,iii,iii,
1,regular,2023-09-02 23:00:00+00:00,Memphis,Bethune-Cookman,56,14,True,False,False,American Athletic,SWAC,fbs,fcs,
1,regular,2023-09-02 23:00:00+00:00,Southeastern,Savannah State,20,23,True,True,False,,SIAC,,ii,
1,regular,2023-09-02 23:00:00+00:00,Oklahoma State,Central Arkansas,27,13,True,False,False,Big 12,UAC,fbs,fcs,
1,regular,2023-09-02 23:00:00+00:00,Colorado State,Washington State,24,50,True,False,False,Mountain West,Pac-12,fbs,fbs,
1,regular,2023-09-02 23:00:00+00:00,Macalester,Minnesota Morris,44,30,True,False,False,Minnesota,Upper Midwest,iii,iii,
1,regular,2023-09-02 23:00:00+00:00,Murray State,Presbyterian,41,10,True,False,False,MVFC,Pioneer,fcs,fcs,
1,regular,2023-09-02 23:00:00+00:00,UVA Wise,Union College,48,0,True,False,False,South Atlantic,,ii,,
1,regular,2023-09-02 23:00:00+00:00,Southern Illinois,Austin Peay,49,23,True,False,False,MVFC,UAC,fcs,fcs,
1,regular,2023-09-02 23:30:00+00:00,Wyoming,Texas Tech,35,33,True,False,False,Mountain West,Big 12,fbs,fbs,
1,regular,2023-09-02 23:30:00+00:00,Penn State,West Virginia,38,15,True,False,False,Big Ten,Big 12,fbs,fbs,
1,regular,2023-09-02 23:30:00+00:00,Alabama,Middle Tennessee,56,7,True,False,False,SEC,Conference USA,fbs,fbs,
1,regular,2023-09-02 23:30:00+00:00,Louisiana,Northwestern State,38,13,True,False,False,Sun Belt,Southland,fbs,fcs,
1,regular,2023-09-02 23:30:00+00:00,Geneva,Carnegie Mellon,0,31,True,False,True,Presidents',Presidents',iii,iii,
1,regular,2023-09-02 23:30:00+00:00,North Carolina,South Carolina,31,17,True,True,False,ACC,SEC,fbs,fbs,Duke’s Mayo Classic
1,regular,2023-09-02 23:30:00+00:00,Illinois,Toledo,30,28,True,False,False,Big Ten,Mid-American,fbs,fbs,
1,regular,2023-09-03 00:00:00+00:00,George Fox,Howard Payne,3,17,True,False,False,Northwest,American Southwest,iii,iii,
1,regular,2023-09-03 00:00:00+00:00,Tulane,South Alabama,37,17,True,False,False,American Athletic,Sun Belt,fbs,fbs,
1,regular,2023-09-03 00:00:00+00:00,Adams State,Lincoln (CA),35,16,True,False,False,Rocky Mountain,,ii,,
1,regular,2023-09-03 00:00:00+00:00,CSU Pueblo,Midwestern State,37,8,True,False,False,Rocky Mountain,Lone Star,ii,ii,
1,regular,2023-09-03 00:00:00+00:00,Virginia Tech,Old Dominion,36,17,True,False,False,ACC,Sun Belt,fbs,fbs,
1,regular,2023-09-03 00:00:00+00:00,McNeese,Tarleton State,34,52,True,False,False,Southland,UAC,fcs,fcs,
1,regular,2023-09-03 00:00:00+00:00,Western New Mexico,Sul Ross State,42,28,True,False,False,Lone Star,American Southwest,ii,iii,
1,regular,2023-09-03 00:00:00+00:00,Wartburg,Monmouth (IL),62,35,True,False,False,American Rivers,Midwest,iii,iii,
1,regular,2023-09-03 01:00:00+00:00,New Mexico State,Western Illinois,58,21,True,False,False,Conference USA,MVFC,fbs,fcs,
1,regular,2023-09-03 01:00:00+00:00,UTEP,Incarnate Word,28,14,True,False,False,Conference USA,Southland,fbs,fcs,
1,regular,2023-09-03 02:00:00+00:00,Pacific (OR),Chapman,0,0,True,False,False,Northwest,So. Cal.,iii,iii,
1,regular,2023-09-03 02:00:00+00:00,Arizona,Northern Arizona,38,3,True,False,False,Pac-12,Big Sky,fbs,fcs,
1,regular,2023-09-03 02:15:00+00:00,BYU,Sam Houston,14,0,True,False,False,Big 12,Conference USA,fbs,fbs,
1,regular,2023-09-03 02:30:00+00:00,UCLA,Coastal Carolina,27,13,True,False,False,Pac-12,Sun Belt,fbs,fbs,
1,regular,2023-09-03 02:30:00+00:00,San Diego State,Idaho State,36,28,True,False,False,Mountain West,Big Sky,fbs,fcs,
1,regular,2023-09-03 16:00:00+00:00,Rutgers,Northwestern,24,7,True,False,True,Big Ten,Big Ten,fbs,fbs,
1,regular,2023-09-03 19:00:00+00:00,Florida A&M,Jackson State,28,10,True,True,True,SWAC,SWAC,fcs,fcs,
1,regular,2023-09-03 19:30:00+00:00,San José State,Oregon State,17,42,True,False,False,Mountain West,Pac-12,fbs,fbs,
1,regular,2023-09-03 20:00:00+00:00,Morehouse,Virginia Union,13,45,True,True,False,SIAC,CIAA,ii,ii,
1,regular,2023-09-03 23:00:00+00:00,Tuskegee,Fort Valley State,37,31,True,True,True,SIAC,SIAC,ii,ii,
1,regular,2023-09-03 23:30:00+00:00,Florida State,LSU,45,24,True,True,False,ACC,SEC,fbs,fbs,Camping World Kickoff
1,regular,2023-09-05 00:00:00+00:00,Duke,Clemson,28,7,True,False,True,ACC,ACC,fbs,fbs,
2,regular,2023-09-07 22:00:00+00:00,Alderson-Broaddus,Glenville State,0,0,True,False,True,Mountain East,Mountain East,ii,ii,
2,regular,2023-09-07 23:00:00+00:00,Washburn,Missouri Southern State,23,30,True,False,True,Mid America,Mid America,ii,ii,
2,regular,2023-09-07 23:00:00+00:00,East Central,Southern Arkansas,17,24,True,False,True,Great American,Great American,ii,ii,
2,regular,2023-09-07 23:00:00+00:00,Mars Hill,Wingate,15,10,True,False,True,South Atlantic,South Atlantic,ii,ii,
2,regular,2023-09-07 23:30:00+00:00,Louisville,Murray State,56,0,True,False,False,ACC,MVFC,fbs,fcs,
2,regular,2023-09-08 00:00:00+00:00,Fort Hays,Pittsburg State,14,40,True,False,True,Mid America,Mid America,ii,ii,
2,regular,2023-09-08 00:00:00+00:00,Northwest Missouri State,Emporia State,13,33,True,False,True,Mid America,Mid America,ii,ii,
2,regular,2023-09-08 23:00:00+00:00,Mass Maritime,SUNY Maritime,7,14,True,False,False,MSCAC,NEWMAC,iii,iii,
2,regular,2023-09-08 23:00:00+00:00,Davidson,Barton,31,33,True,False,False,Pioneer,South Atlantic,fcs,ii,
2,regular,2023-09-08 23:00:00+00:00,Westfield State,Western New England,0,46,True,False,False,MSCAC,Commonwealth Coast,iii,iii,
2,regular,2023-09-08 23:00:00+00:00,St. Lawrence,Norwich,14,7,True,False,False,Liberty League,NEWMAC,iii,iii,
2,regular,2023-09-08 23:00:00+00:00,Bridgewater State,WPI,21,24,True,False,False,MSCAC,NEWMAC,iii,iii,
2,regular,2023-09-08 23:00:00+00:00,Franklin & Marshall,The College of New Jersey,0,0,True,False,False,Centennial,New Jersey,iii,iii,
2,regular,2023-09-08 23:00:00+00:00,Indiana,Indiana State,41,7,True,False,False,Big Ten,MVFC,fbs,fcs,
2,regular,2023-09-08 23:00:00+00:00,Rhode Island,Stony Brook,35,14,True,False,True,Coastal Athletic,Coastal Athletic,fcs,fcs,
2,regular,2023-09-08 23:30:00+00:00,Kansas,Illinois,34,23,True,False,False,Big 12,Big Ten,fbs,fbs,
2,regular,2023-09-09 04:00:00+00:00,West Liberty,Fairmont State,29,42,True,False,True,Mountain East,Mountain East,ii,ii,
2,regular,2023-09-09 04:00:00+00:00,Salve Regina,Framingham State,29,0,True,False,False,Commonwealth Coast,MSCAC,iii,iii,
2,regular,2023-09-09 15:00:00+00:00,Wake Forest,Vanderbilt,36,20,True,False,False,ACC,SEC,fbs,fbs,
2,regular,2023-09-09 15:00:00+00:00,Juniata,Alfred,0,34,True,False,False,Landmark Conference,Empire 8,iii,iii,
2,regular,2023-09-09 16:00:00+00:00,Springfield,Husson,45,20,True,False,False,NEWMAC,Commonwealth Coast,iii,iii,
2,regular,2023-09-09 16:00:00+00:00,Gannon,Millersville,21,28,True,False,True,Pennsylvania State Athletic,Pennsylvania State Athletic,ii,ii,
2,regular,2023-09-09 16:00:00+00:00,Central Washington,Montana Tech,29,37,True,False,False,Lone Star,,ii,,
2,regular,2023-09-09 16:00:00+00:00,Seton Hill,Shippensburg,28,23,True,False,True,Pennsylvania State Athletic,Pennsylvania State Athletic,ii,ii,
2,regular,2023-09-09 16:00:00+00:00,Rensselaer,Wilkes,38,14,True,False,False,Liberty League,Landmark Conference,iii,iii,
2,regular,2023-09-09 16:00:00+00:00,Kansas State,Troy,42,13,True,False,False,Big 12,Sun Belt,fbs,fbs,
2,regular,2023-09-09 16:00:00+00:00,Central Connecticut,Stonehill,30,33,True,False,True,NEC,NEC,fcs,fcs,
2,regular,2023-09-09 16:00:00+00:00,Virginia,James Madison,35,36,True,False,False,ACC,Sun Belt,fbs,fbs,
2,regular,2023-09-09 16:00:00+00:00,NC State,Notre Dame,24,45,True,False,False,ACC,FBS Independents,fbs,fbs,
2,regular,2023-09-09 16:00:00+00:00,Edinboro,Shepherd,28,35,True,False,True,Pennsylvania State Athletic,Pennsylvania State Athletic,ii,ii,
2,regular,2023-09-09 16:00:00+00:00,Army,Delaware State,57,0,True,False,False,FBS Independents,MEAC,fbs,fcs,
2,regular,2023-09-09 16:00:00+00:00,Shorter,Erskine,28,7,True,False,False,Gulf South,South Atlantic,ii,ii,
2,regular,2023-09-09 16:00:00+00:00,Colorado,Nebraska,36,14,True,False,False,Pac-12,Big Ten,fbs,fbs,
2,regular,2023-09-09 16:00:00+00:00,Thomas More,UVA Wise,37,0,True,True,False,,South Atlantic,,ii,
2,regular,2023-09-09 16:00:00+00:00,Virginia Tech,Purdue,17,24,True,False,False,ACC,Big Ten,fbs,fbs,
2,regular,2023-09-09 16:00:00+00:00,Georgia,Ball State,45,3,True,False,False,SEC,Mid-American,fbs,fbs,
2,regular,2023-09-09 16:00:00+00:00,Boston College,Holy Cross,31,28,True,False,False,ACC,Patriot,fbs,fcs,
2,regular,2023-09-09 16:00:00+00:00,Baylor,Utah,13,20,True,False,False,Big 12,Pac-12,fbs,fbs,
2,regular,2023-09-09 16:00:00+00:00,Penn State,Delaware,63,7,True,False,False,Big Ten,CAA,fbs,fcs,
2,regular,2023-09-09 16:00:00+00:00,Mount St Joseph,Hiram,62,21,True,False,False,Heartland,North Coast,iii,iii,
2,regular,2023-09-09 16:00:00+00:00,Albright,Delaware Valley,10,41,True,False,True,Mid Atlantic,Mid Atlantic,iii,iii,
2,regular,2023-09-09 16:00:00+00:00,California (PA),Kutztown,31,20,True,False,True,Pennsylvania State Athletic,Pennsylvania State Athletic,ii,ii,
2,regular,2023-09-09 16:00:00+00:00,Limestone,West Alabama,13,27,True,False,False,South Atlantic,Gulf South,ii,ii,
2,regular,2023-09-09 16:00:00+00:00,Plymouth State,New England,21,31,True,False,False,MSCAC,Commonwealth Coast,iii,iii,
2,regular,2023-09-09 16:00:00+00:00,Misericordia,King's,10,42,True,False,True,Mid Atlantic,Mid Atlantic,iii,iii,
2,regular,2023-09-09 16:00:00+00:00,Dean,Nichols,7,70,True,False,False,ECFC,Commonwealth Coast,iii,iii,
2,regular,2023-09-09 16:00:00+00:00,Coast Guard,Anna Maria College,93,24,True,False,False,NEWMAC,ECFC,iii,iii,
2,regular,2023-09-09 16:00:00+00:00,Ohio State,Youngstown State,35,7,True,False,False,Big Ten,MVFC,fbs,fcs,
2,regular,2023-09-09 16:00:00+00:00,Otterbein,Muskingum,14,27,True,False,True,Ohio,Ohio,iii,iii,
2,regular,2023-09-09 16:00:00+00:00,Muhlenberg,Salisbury,29,17,True,False,False,Centennial,New Jersey,iii,iii,
2,regular,2023-09-09 16:00:00+00:00,Southern Connecticut State,Assumption,29,42,True,False,True,Northeast 10,Northeast 10,ii,ii,
2,regular,2023-09-09 16:00:00+00:00,Pace,Findlay,25,40,True,False,False,Northeast 10,Great Midwest Athletic,ii,ii,
2,regular,2023-09-09 16:00:00+00:00,Endicott,Ithaca,17,20,True,False,False,Commonwealth Coast,Liberty League,iii,iii,
2,regular,2023-09-09 16:00:00+00:00,Davenport,Bowie State,24,19,True,False,False,GLIAC,CIAA,ii,ii,
2,regular,2023-09-09 16:00:00+00:00,Notre Dame College,West Virginia Wesleyan,87,9,True,False,True,Mountain East,Mountain East,ii,ii,
2,regular,2023-09-09 16:30:00+00:00,Georgetown,Sacred Heart,27,10,True,False,False,Patriot,NEC,fcs,fcs,
2,regular,2023-09-09 17:00:00+00:00,Worcester State,Union,0,63,True,False,False,MSCAC,Liberty League,iii,iii,
2,regular,2023-09-09 17:00:00+00:00,McDaniel,Rowan,28,49,True,False,False,Centennial,New Jersey,iii,iii,
2,regular,2023-09-09 17:00:00+00:00,Utica,Moravian,35,20,True,False,False,Empire 8,Landmark Conference,iii,iii,
2,regular,2023-09-09 17:00:00+00:00,Hope,Loras,42,28,True,False,False,Michigan,American Rivers,iii,iii,
2,regular,2023-09-09 17:00:00+00:00,Stevenson,Lebanon Valley,38,45,True,False,True,Mid Atlantic,Mid Atlantic,iii,iii,
2,regular,2023-09-09 17:00:00+00:00,Minnesota St Moorhead,Minot State,56,14,True,False,True,Northern Sun,Northern Sun,ii,ii,
2,regular,2023-09-09 17:00:00+00:00,Kenyon,Kalamazoo,16,48,True,False,False,North Coast,Michigan,iii,iii,
2,regular,2023-09-09 17:00:00+00:00,Lycoming,SUNY Cortland,7,62,True,False,False,Landmark Conference,Empire 8,iii,iii,
2,regular,2023-09-09 17:00:00+00:00,Presbyterian,Virginia Lynchburg,48,17,True,False,False,Pioneer,,fcs,,
2,regular,2023-09-09 17:00:00+00:00,Greenville,Eureka,14,23,True,False,False,Upper Midwest,NACC,iii,iii,
2,regular,2023-09-09 17:00:00+00:00,Gettysburg,Montclair State,21,32,True,False,False,Centennial,New Jersey,iii,iii,
2,regular,2023-09-09 17:00:00+00:00,Ohio Wesleyan,Wisconsin River Falls,10,37,True,False,False,North Coast,Wisconsin,iii,iii,
2,regular,2023-09-09 17:00:00+00:00,Hartwick,Keystone,31,21,True,False,False,Empire 8,Landmark Conference,iii,iii,
2,regular,2023-09-09 17:00:00+00:00,Dickinson,William Paterson,29,17,True,False,False,Centennial,New Jersey,iii,iii,
2,regular,2023-09-09 17:00:00+00:00,Sul Ross State,Eastern New Mexico,12,51,True,False,False,American Southwest,Lone Star,iii,ii,
2,regular,2023-09-09 17:00:00+00:00,Georgia Tech,South Carolina State,48,13,True,False,False,ACC,MEAC,fbs,fcs,
2,regular,2023-09-09 17:00:00+00:00,Kentucky State,Tuskegee,10,36,True,False,True,SIAC,SIAC,ii,ii,
2,regular,2023-09-09 17:00:00+00:00,Northern Michigan,Lake Erie,21,24,True,False,False,GLIAC,Great Midwest Athletic,ii,ii,
2,regular,2023-09-09 17:00:00+00:00,Shaw,Virginia Union,13,26,True,False,True,CIAA,CIAA,ii,ii,
2,regular,2023-09-09 17:00:00+00:00,Butler,Taylor,41,13,True,False,False,Pioneer,,fcs,,
2,regular,2023-09-09 17:00:00+00:00,Chowan,Delta State,18,42,True,False,True,Gulf South,Gulf South,ii,ii,
2,regular,2023-09-09 17:00:00+00:00,Dayton,Central State,62,24,True,False,False,Pioneer,SIAC,fcs,ii,
2,regular,2023-09-09 17:00:00+00:00,Southern Virginia,Bridgewater,9,35,True,False,False,USA South,Old Dominion,iii,iii,
2,regular,2023-09-09 17:00:00+00:00,Ursinus,Kean,30,14,True,False,False,Centennial,New Jersey,iii,iii,
2,regular,2023-09-09 17:00:00+00:00,Waynesburg,Grove City,27,43,True,False,True,Presidents',Presidents',iii,iii,
2,regular,2023-09-09 17:00:00+00:00,Westminster (PA),Thiel,28,7,True,False,True,Presidents',Presidents',iii,iii,
2,regular,2023-09-09 17:00:00+00:00,Allegheny,Geneva,21,27,True,False,True,Presidents',Presidents',iii,iii,
2,regular,2023-09-09 17:00:00+00:00,Truman State,South Dakota Mines,28,24,True,False,False,Great Lakes,Rocky Mountain,ii,ii,
2,regular,2023-09-09 17:00:00+00:00,Southwest Baptist,Black Hills State,33,39,True,False,False,Great Lakes,Rocky Mountain,ii,ii,
2,regular,2023-09-09 17:00:00+00:00,Bluefield State,Emory & Henry,14,37,True,False,False,Independent DII,South Atlantic,ii,ii,
2,regular,2023-09-09 17:00:00+00:00,Hampden Sydney,Brevard,31,17,True,False,False,Old Dominion,USA South,iii,iii,
2,regular,2023-09-09 17:00:00+00:00,Michigan Tech,Hillsdale,45,20,True,False,False,GLIAC,Great Midwest Athletic,ii,ii,
2,regular,2023-09-09 17:00:00+00:00,University of Mary,Sioux Falls,17,36,True,False,True,Northern Sun,Northern Sun,ii,ii,
2,regular,2023-09-09 17:00:00+00:00,Randolph Macon,Catholic,59,14,True,False,False,Old Dominion,Landmark Conference,iii,iii,
2,regular,2023-09-09 17:00:00+00:00,Merchant Marine,Gallaudet,30,13,True,False,False,NEWMAC,ECFC,iii,iii,
2,regular,2023-09-09 17:00:00+00:00,Johnson C. Smith,Walsh,9,14,True,False,False,CIAA,Great Midwest Athletic,ii,ii,
2,regular,2023-09-09 17:00:00+00:00,Post,Lincoln (PA),32,48,True,True,False,Independent DII,CIAA,ii,ii,
2,regular,2023-09-09 17:00:00+00:00,Wooster,Olivet,24,22,True,False,False,North Coast,Michigan,iii,iii,
2,regular,2023-09-09 17:00:00+00:00,Widener,FDU Florham,30,20,True,False,True,Mid Atlantic,Mid Atlantic,iii,iii,
2,regular,2023-09-09 17:00:00+00:00,Buffalo State,Apprentice School,23,37,True,False,False,Liberty League,Independent DIII,iii,iii,
2,regular,2023-09-09 17:00:00+00:00,Westminster (MO),Sewanee,14,32,True,False,False,Upper Midwest,Southern Athletic,iii,iii,
2,regular,2023-09-09 17:00:00+00:00,Hobart,SUNY Morrisville,27,10,True,False,False,Liberty League,Empire 8,iii,iii,
2,regular,2023-09-09 17:00:00+00:00,St. John Fisher,Hilbert,62,7,True,False,False,Empire 8,North Coast,iii,iii,
2,regular,2023-09-09 17:00:00+00:00,Clarion,Bloomsburg,7,21,True,False,True,Pennsylvania State Athletic,Pennsylvania State Athletic,ii,ii,
2,regular,2023-09-09 17:00:00+00:00,Bethany (WV),Washington & Jefferson,7,42,True,False,True,Presidents',Presidents',iii,iii,
2,regular,2023-09-09 17:00:00+00:00,Adrian,Defiance College,17,34,True,False,False,Michigan,Heartland,iii,iii,
2,regular,2023-09-09 17:00:00+00:00,Susquehanna,Brockport,6,5,True,False,False,Landmark Conference,Empire 8,iii,iii,
2,regular,2023-09-09 17:00:00+00:00,Wheeling,Frostburg State,16,20,True,False,True,Mountain East,Mountain East,ii,ii,
2,regular,2023-09-09 17:00:00+00:00,Carnegie Mellon,Saint Vincent,38,0,True,False,True,Presidents',Presidents',iii,iii,
2,regular,2023-09-09 17:00:00+00:00,Wayne State (MI),Missouri S&T,31,24,True,False,False,GLIAC,Great Lakes,ii,ii,
2,regular,2023-09-09 17:00:00+00:00,Elizabeth City State,St. Augustine's,13,0,True,True,True,CIAA,CIAA,ii,ii,
2,regular,2023-09-09 17:00:00+00:00,DePauw,Anderson (IN),68,19,True,False,False,North Coast,Heartland,iii,iii,
2,regular,2023-09-09 17:30:00+00:00,Franklin,Aurora,30,45,True,False,False,Heartland,NACC,iii,iii,
2,regular,2023-09-09 17:30:00+00:00,Ohio Northern,Capital,40,7,True,False,True,Ohio,Ohio,iii,iii,
2,regular,2023-09-09 17:30:00+00:00,Baldwin Wallace,Wilmington (OH),61,25,True,False,True,Ohio,Ohio,iii,iii,
2,regular,2023-09-09 17:30:00+00:00,Central Michigan,New Hampshire,45,42,True,False,False,Mid-American,Coastal Athletic,fbs,fcs,
2,regular,2023-09-09 18:00:00+00:00,Oberlin,Concordia Chicago,37,35,True,False,False,North Coast,NACC,iii,iii,
2,regular,2023-09-09 18:00:00+00:00,Bowling Green,Eastern Illinois,38,15,True,False,False,Mid-American,Big South-OVC,fbs,fcs,
2,regular,2023-09-09 18:00:00+00:00,Martin Luther,Macalester,27,56,True,False,False,Upper Midwest,Minnesota,iii,iii,
2,regular,2023-09-09 18:00:00+00:00,South Dakota,St. Thomas (MN),24,0,True,False,False,MVFC,Pioneer,fcs,fcs,
2,regular,2023-09-09 18:00:00+00:00,Crown,Simpson (IA),46,48,True,False,False,Upper Midwest,American Rivers,iii,iii,
2,regular,2023-09-09 18:00:00+00:00,Cornell (IA),Lawrence,31,7,True,False,True,Midwest,Midwest,iii,iii,
2,regular,2023-09-09 18:00:00+00:00,Maryville (TN),Centre,34,23,True,False,False,USA South,Southern Athletic,iii,iii,
2,regular,2023-09-09 18:00:00+00:00,Coe,Wisconsin Eau Claire,44,14,True,False,False,American Rivers,Wisconsin,iii,iii,
2,regular,2023-09-09 18:00:00+00:00,Monmouth (IL),Chicago,39,6,True,False,True,Midwest,Midwest,iii,iii,
2,regular,2023-09-09 18:00:00+00:00,Illinois Wesleyan,Central College,13,38,True,False,False,CCIW,American Rivers,iii,iii,
2,regular,2023-09-09 18:00:00+00:00,Carleton,Pomona Pitzer,45,24,True,False,False,Minnesota,So. Cal.,iii,iii,
2,regular,2023-09-09 18:00:00+00:00,Wisconsin Stout,Dickinson State University,21,24,True,False,False,Wisconsin,,iii,,
2,regular,2023-09-09 18:00:00+00:00,Rhodes,Austin,19,17,True,False,False,Southern Athletic,American Southwest,iii,iii,
2,regular,2023-09-09 18:00:00+00:00,Clark Atlanta,Fort Valley State,17,40,True,False,True,SIAC,SIAC,ii,ii,
2,regular,2023-09-09 18:00:00+00:00,Northwestern (MN),Concordia (WI),26,10,True,False,False,Upper Midwest,NACC,iii,iii,
2,regular,2023-09-09 18:00:00+00:00,Quincy,Madonna University (Mich.),89,0,True,False,False,Great Lakes,,ii,,
2,regular,2023-09-09 18:00:00+00:00,Millsaps,McMurry,2,53,True,False,False,Southern Athletic,American Southwest,iii,iii,
2,regular,2023-09-09 18:00:00+00:00,Wisconsin Whitewater,Saint John's (MN),56,28,True,False,False,Wisconsin,Minnesota,iii,iii,
2,regular,2023-09-09 18:00:00+00:00,Knox,Beloit,31,14,True,False,True,Midwest,Midwest,iii,iii,
2,regular,2023-09-09 18:00:00+00:00,Central Missouri,Central Oklahoma,41,17,True,False,True,Mid America,Mid America,ii,ii,
2,regular,2023-09-09 18:00:00+00:00,New Mexico Highlands,Western New Mexico,48,41,True,False,False,Rocky Mountain,Lone Star,ii,ii,
2,regular,2023-09-09 18:00:00+00:00,Grinnell,Ripon,12,31,True,False,True,Midwest,Midwest,iii,iii,
2,regular,2023-09-09 18:00:00+00:00,Wisconsin La Crosse,Hardin Simmons,21,28,True,False,False,Wisconsin,American Southwest,iii,iii,
2,regular,2023-09-09 18:00:00+00:00,Chadron State,Augustana (SD),3,27,True,False,False,Rocky Mountain,Northern Sun,ii,ii,
2,regular,2023-09-09 18:00:00+00:00,Illinois College,Lake Forest,6,37,True,False,True,Midwest,Midwest,iii,iii,
2,regular,2023-09-09 18:00:00+00:00,Wheaton (IL),Wisconsin Oshkosh,30,21,True,False,False,CCIW,Wisconsin,iii,iii,
2,regular,2023-09-09 18:00:00+00:00,Nebraska Wesleyan,Mayville State,33,30,True,True,False,American Rivers,,iii,,
2,regular,2023-09-09 18:00:00+00:00,Winona State,Concordia St. Paul,33,8,True,False,True,Northern Sun,Northern Sun,ii,ii,
2,regular,2023-09-09 18:00:00+00:00,Rockford,St. Scholastica,38,37,True,False,False,NACC,Minnesota,iii,iii,
2,regular,2023-09-09 18:00:00+00:00,Virginia State,Tusculum,21,17,True,False,False,CIAA,South Atlantic,ii,ii,
2,regular,2023-09-09 18:00:00+00:00,William Jewell,Kentucky Wesleyan,34,41,True,True,False,Great Lakes,Great Midwest Athletic,ii,ii,
2,regular,2023-09-09 18:00:00+00:00,Wisconsin Stevens Point,St. Norbert,31,28,True,False,False,Wisconsin,NACC,iii,iii,
2,regular,2023-09-09 18:00:00+00:00,Bethel (MN),Wartburg,2,16,True,False,False,Minnesota,American Rivers,iii,iii,
2,regular,2023-09-09 18:00:00+00:00,McKendree,West Florida,3,35,True,False,False,Great Lakes,Gulf South,ii,ii,
2,regular,2023-09-09 18:15:00+00:00,Clemson,Charleston Southern,66,17,True,False,False,ACC,Big South-OVC,fbs,fcs,
2,regular,2023-09-09 18:30:00+00:00,Western Carolina,Samford,30,7,True,False,True,Southern,Southern,fcs,fcs,
2,regular,2023-09-09 19:00:00+00:00,Fitchburg State,Vermont State Castleton,3,32,True,False,False,MSCAC,ECFC,iii,iii,
2,regular,2023-09-09 19:00:00+00:00,Western Colorado,UT Permian Basin,35,27,True,False,False,Rocky Mountain,Lone Star,ii,ii,
2,regular,2023-09-09 19:00:00+00:00,Luther,St. Olaf,21,52,True,False,False,American Rivers,Minnesota,iii,iii,
2,regular,2023-09-09 19:00:00+00:00,Kentucky,Eastern Kentucky,28,17,True,False,False,SEC,UAC,fbs,fcs,
2,regular,2023-09-09 19:00:00+00:00,The Citadel,Campbell,7,56,True,False,False,Southern,Coastal Athletic,fcs,fcs,
2,regular,2023-09-09 19:00:00+00:00,BYU,Southern Utah,41,16,True,False,False,Big 12,UAC,fbs,fcs,
2,regular,2023-09-09 19:30:00+00:00,Navy,Wagner,24,0,True,False,False,American Athletic,NEC,fbs,fcs,
2,regular,2023-09-09 19:30:00+00:00,UTSA,Texas State,20,13,True,False,False,American Athletic,Sun Belt,fbs,fbs,
2,regular,2023-09-09 19:30:00+00:00,Massachusetts,Miami (OH),28,41,True,False,False,FBS Independents,Mid-American,fbs,fbs,
2,regular,2023-09-09 19:30:00+00:00,North Dakota State,Maine,44,7,True,False,False,MVFC,Coastal Athletic,fcs,fcs,
2,regular,2023-09-09 19:30:00+00:00,Iowa State,Iowa,13,20,True,False,False,Big 12,Big Ten,fbs,fbs,
2,regular,2023-09-09 19:30:00+00:00,Ohio Dominican,Winston-Salem State,26,14,True,False,False,Great Midwest Athletic,CIAA,ii,ii,
2,regular,2023-09-09 19:30:00+00:00,Michigan State,Richmond,45,14,True,False,False,Big Ten,Coastal Athletic,fbs,fcs,
2,regular,2023-09-09 19:30:00+00:00,Northwestern,UTEP,38,7,True,False,False,Big Ten,Conference USA,fbs,fbs,
2,regular,2023-09-09 19:30:00+00:00,Toledo,Texas Southern,71,3,True,False,False,Mid-American,SWAC,fbs,fcs,
2,regular,2023-09-09 19:30:00+00:00,Miami,Texas A&M,48,33,True,False,False,ACC,SEC,fbs,fbs,
2,regular,2023-09-09 19:30:00+00:00,Saint Anselm,Tiffin,7,42,True,False,False,Northeast 10,Great Midwest Athletic,ii,ii,
2,regular,2023-09-09 19:30:00+00:00,Northern Illinois,Southern Illinois,11,14,True,False,False,Mid-American,MVFC,fbs,fcs,
2,regular,2023-09-09 19:30:00+00:00,Syracuse,Western Michigan,48,7,True,False,False,ACC,Mid-American,fbs,fbs,
2,regular,2023-09-09 19:30:00+00:00,Tulane,Ole Miss,20,37,True,False,False,American Athletic,SEC,fbs,fbs,
2,regular,2023-09-09 19:30:00+00:00,Michigan,UNLV,35,7,True,False,False,Big Ten,Mountain West,fbs,fbs,
2,regular,2023-09-09 20:00:00+00:00,Eastern Oregon,Whitworth,28,42,True,True,False,,Northwest,,iii,
2,regular,2023-09-09 20:00:00+00:00,Western Illinois,Illinois State,18,34,True,False,True,MVFC,MVFC,fcs,fcs,
2,regular,2023-09-09 20:00:00+00:00,Upper Iowa,St. Ambrose,45,26,True,False,False,Northern Sun,,ii,,
2,regular,2023-09-09 20:00:00+00:00,North Dakota,Northern Arizona,37,22,True,False,False,MVFC,Big Sky,fcs,fcs,
2,regular,2023-09-09 20:00:00+00:00,Arkansas,Kent State,28,6,True,False,False,SEC,Mid-American,fbs,fbs,
2,regular,2023-09-09 20:00:00+00:00,IU Pennsylvania,East Stroudsburg,12,13,True,False,True,Pennsylvania State Athletic,Pennsylvania State Athletic,ii,ii,
2,regular,2023-09-09 20:00:00+00:00,Concordia (MN),Pacific Lutheran,26,21,True,False,False,Minnesota,Northwest,iii,iii,
2,regular,2023-09-09 20:00:00+00:00,Pacific (OR),George Fox,9,14,True,False,True,Northwest,Northwest,iii,iii,
2,regular,2023-09-09 20:00:00+00:00,Bethune-Cookman,Savannah State,31,6,True,False,False,SWAC,SIAC,fcs,ii,
2,regular,2023-09-09 20:00:00+00:00,Edward Waters,Benedict,0,34,True,False,True,SIAC,SIAC,ii,ii,
2,regular,2023-09-09 20:00:00+00:00,East Carolina,Marshall,13,31,True,False,False,American Athletic,Sun Belt,fbs,fbs,
2,regular,2023-09-09 20:00:00+00:00,San Diego,Colorado Mesa,21,28,True,False,False,Pioneer,Rocky Mountain,fcs,ii,
2,regular,2023-09-09 20:00:00+00:00,Northern Colorado,Incarnate Word,7,42,True,False,False,Big Sky,Southland,fcs,fcs,
2,regular,2023-09-09 20:00:00+00:00,San José State,Cal Poly,59,3,True,False,False,Mountain West,Big Sky,fbs,fcs,
2,regular,2023-09-09 20:00:00+00:00,Merrimack,Lehigh,12,14,True,False,False,NEC,Patriot,fcs,fcs,
2,regular,2023-09-09 20:00:00+00:00,Lewis & Clark,Willamette,38,7,True,False,True,Northwest,Northwest,iii,iii,
2,regular,2023-09-09 20:00:00+00:00,Wyoming,Portland State,31,17,True,False,False,Mountain West,Big Sky,fbs,fcs,
2,regular,2023-09-09 20:05:00+00:00,Western Oregon,Lincoln (CA),29,14,True,False,False,Lone Star,,ii,,
2,regular,2023-09-09 21:00:00+00:00,Tennessee,Austin Peay,30,13,True,False,False,SEC,UAC,fbs,fcs,
2,regular,2023-09-09 21:00:00+00:00,Washington,Tulsa,43,10,True,False,False,Pac-12,American Athletic,fbs,fbs,
2,regular,2023-09-09 21:00:00+00:00,Northern Iowa,Weber State,17,34,True,False,False,MVFC,Big Sky,fcs,fcs,
2,regular,2023-09-09 21:00:00+00:00,UMass Dartmouth,Curry,28,14,True,False,False,MSCAC,Commonwealth Coast,iii,iii,
2,regular,2023-09-09 21:00:00+00:00,South Alabama,SE Louisiana,35,17,True,False,False,Sun Belt,Southland,fbs,fcs,
2,regular,2023-09-09 21:15:00+00:00,North Carolina,App State,40,34,True,False,False,ACC,Sun Belt,fbs,fbs,
2,regular,2023-09-09 21:30:00+00:00,East Tennessee State,Carson Newman,42,0,True,False,False,Southern,South Atlantic,fcs,ii,
2,regular,2023-09-09 22:00:00+00:00,Hampton,Norfolk State,23,31,True,False,False,Coastal Athletic,MEAC,fcs,fcs,
2,regular,2023-09-09 22:00:00+00:00,Duke,Lafayette,42,7,True,False,False,ACC,Patriot,fbs,fcs,
2,regular,2023-09-09 22:00:00+00:00,West Virginia State,UNC Pembroke,37,35,True,False,True,Mountain East,Mountain East,ii,ii,
2,regular,2023-09-09 22:00:00+00:00,Allen,Columbus State,49,0,True,False,False,SIAC,,ii,,
2,regular,2023-09-09 22:00:00+00:00,Johns Hopkins,Christopher Newport,20,14,True,False,False,Centennial,New Jersey,iii,iii,
2,regular,2023-09-09 22:00:00+00:00,Towson,Monmouth,23,42,True,False,True,Coastal Athletic,Coastal Athletic,fcs,fcs,
2,regular,2023-09-09 22:00:00+00:00,Catawba,Livingstone,55,15,True,False,False,South Atlantic,CIAA,ii,ii,
2,regular,2023-09-09 22:00:00+00:00,Georgia Southern,UAB,49,35,True,False,False,Sun Belt,American Athletic,fbs,fbs,
2,regular,2023-09-09 22:00:00+00:00,Akron,Morgan State,24,21,True,False,False,Mid-American,MEAC,fbs,fcs,
2,regular,2023-09-09 22:00:00+00:00,Gardner-Webb,Elon,34,27,True,False,False,Big South-OVC,Coastal Athletic,fcs,fcs,
2,regular,2023-09-09 22:00:00+00:00,Bucknell,VMI,21,13,True,False,False,Patriot,Southern,fcs,fcs,
2,regular,2023-09-09 22:00:00+00:00,Indiana Wesleyan,Valparaiso,24,22,True,True,False,,Pioneer,,fcs,
2,regular,2023-09-09 22:00:00+00:00,Albany State,Valdosta State,16,21,True,False,False,SIAC,Gulf South,ii,ii,
2,regular,2023-09-09 22:00:00+00:00,William & Mary,Wofford,23,6,True,False,False,Coastal Athletic,Southern,fcs,fcs,
2,regular,2023-09-09 22:00:00+00:00,Alabama State,Miles,17,21,True,False,False,SWAC,SIAC,fcs,ii,
2,regular,2023-09-09 22:00:00+00:00,Averett,Greensboro,34,7,True,False,False,Old Dominion,USA South,iii,iii,
2,regular,2023-09-09 22:00:00+00:00,Florida Atlantic,Ohio,10,17,True,False,False,American Athletic,Mid-American,fbs,fbs,
2,regular,2023-09-09 22:00:00+00:00,Ferrum,North Carolina Wesleyan,34,0,True,False,False,Old Dominion,USA South,iii,iii,
2,regular,2023-09-09 22:00:00+00:00,Bluffton,Albion,20,42,True,False,False,Heartland,Michigan,iii,iii,
2,regular,2023-09-09 22:00:00+00:00,Bryant,Long Island University,21,10,True,False,False,Big South-OVC,NEC,fcs,fcs,
2,regular,2023-09-09 22:00:00+00:00,West Virginia,Duquesne,56,17,True,False,False,Big 12,NEC,fbs,fcs,
2,regular,2023-09-09 22:00:00+00:00,Buffalo,Fordham,37,40,True,False,False,Mid-American,Patriot,fbs,fcs,
2,regular,2023-09-09 22:00:00+00:00,LaGrange,Berry,3,70,True,False,False,USA South,Southern Athletic,iii,iii,
2,regular,2023-09-09 22:00:00+00:00,Methodist,Guilford,21,39,True,False,False,USA South,Old Dominion,iii,iii,
2,regular,2023-09-09 22:00:00+00:00,Chattanooga,Kennesaw State,27,20,True,False,False,Southern,FCS Independents,fcs,fcs,
2,regular,2023-09-09 22:00:00+00:00,Lyon,Belhaven,15,48,True,True,False,,USA South,,iii,
2,regular,2023-09-09 22:00:00+00:00,Villanova,Colgate,42,19,True,False,False,Coastal Athletic,Patriot,fcs,fcs,
2,regular,2023-09-09 22:00:00+00:00,Liberty,New Mexico State,33,17,True,False,True,Conference USA,Conference USA,fbs,fbs,
2,regular,2023-09-09 22:00:00+00:00,Saginaw Valley State,Northwood,31,8,True,False,False,GLIAC,Great Midwest Athletic,ii,ii,
2,regular,2023-09-09 22:00:00+00:00,Old Dominion,Louisiana,38,31,True,False,True,Sun Belt,Sun Belt,fbs,fbs,
2,regular,2023-09-09 22:00:00+00:00,Fayetteville State,Lenoir Rhyne,10,24,True,False,False,CIAA,South Atlantic,ii,ii,
2,regular,2023-09-09 22:00:00+00:00,Robert Morris,Saint Francis,31,21,True,False,False,Big South,NEC,fcs,fcs,
2,regular,2023-09-09 22:00:00+00:00,Oklahoma,SMU,28,11,True,False,False,Big 12,American Athletic,fbs,fbs,
2,regular,2023-09-09 22:00:00+00:00,Slippery Rock,West Chester,49,24,True,False,True,Pennsylvania State Athletic,Pennsylvania State Athletic,ii,ii,
2,regular,2023-09-09 22:00:00+00:00,Manchester,Alma,0,68,True,False,False,Heartland,Michigan,iii,iii,
2,regular,2023-09-09 22:00:00+00:00,Mercyhurst,Lock Haven,41,29,True,False,True,Pennsylvania State Athletic,Pennsylvania State Athletic,ii,ii,
2,regular,2023-09-09 22:00:00+00:00,Southwest Minnesota State,Bemidji State,14,34,True,False,True,Northern Sun,Northern Sun,ii,ii,
2,regular,2023-09-09 22:30:00+00:00,Pittsburgh,Cincinnati,21,27,True,False,False,ACC,Big 12,fbs,fbs,
2,regular,2023-09-09 22:30:00+00:00,Bentley,New Haven,13,14,True,False,True,Northeast 10,Northeast 10,ii,ii,
2,regular,2023-09-09 22:30:00+00:00,Florida International,North Texas,46,39,True,False,False,Conference USA,American Athletic,fbs,fbs,
2,regular,2023-09-09 23:00:00+00:00,Tennessee State,Arkansas-Pine Bluff,24,14,True,True,False,Big South-OVC,SWAC,fcs,fcs,
2,regular,2023-09-09 23:00:00+00:00,Southern,Jackson State,14,27,True,False,True,SWAC,SWAC,fcs,fcs,
2,regular,2023-09-09 23:00:00+00:00,Nevada,Idaho,6,33,True,False,False,Mountain West,Big Sky,fbs,fcs,
2,regular,2023-09-09 23:00:00+00:00,South Florida,Florida A&M,38,24,True,False,False,American Athletic,SWAC,fbs,fcs,
2,regular,2023-09-09 23:00:00+00:00,Minnesota Morris,Hamline,28,49,True,False,False,Upper Midwest,Minnesota,iii,iii,
2,regular,2023-09-09 23:00:00+00:00,Arkansas State,Memphis,3,37,True,False,False,Sun Belt,American Athletic,fbs,fbs,
2,regular,2023-09-09 23:00:00+00:00,Eastern,Alvernia,30,23,True,True,True,Mid Atlantic,Mid Atlantic,iii,iii,
2,regular,2023-09-09 23:00:00+00:00,Central Arkansas,Texas College,70,2,True,False,False,UAC,,fcs,,
2,regular,2023-09-09 23:00:00+00:00,Stetson,Webber International,38,28,True,False,False,Pioneer,,fcs,,
2,regular,2023-09-09 23:00:00+00:00,Charleston (WV),Concord,54,14,True,False,True,Mountain East,Mountain East,ii,ii,
2,regular,2023-09-09 23:00:00+00:00,Denison,Linfield,14,28,True,False,False,North Coast,Northwest,iii,iii,
2,regular,2023-09-09 23:00:00+00:00,South Dakota State,Montana State,20,16,True,False,False,MVFC,Big Sky,fcs,fcs,
2,regular,2023-09-09 23:00:00+00:00,Drake,Northwestern (IA),24,27,True,False,False,Pioneer,,fcs,,
2,regular,2023-09-09 23:00:00+00:00,Howard Payne,Nelson (TX),42,10,True,False,False,American Southwest,,iii,,
2,regular,2023-09-09 23:00:00+00:00,Carroll (WI),Wisconsin Lutheran,51,7,True,False,False,CCIW,NACC,iii,iii,
2,regular,2023-09-09 23:00:00+00:00,Southeast Missouri State,Lindenwood,45,7,True,False,True,Big South-OVC,Big South-OVC,fcs,fcs,
2,regular,2023-09-09 23:00:00+00:00,North Carolina A&T,North Carolina Central,16,30,True,False,False,Coastal Athletic,MEAC,fcs,fcs,
2,regular,2023-09-09 23:00:00+00:00,Trine,Rose Hulman,28,30,True,False,False,Michigan,Heartland,iii,iii,
2,regular,2023-09-09 23:00:00+00:00,Boise State,UCF,16,18,True,False,False,Mountain West,Big 12,fbs,fbs,
2,regular,2023-09-09 23:00:00+00:00,Western Kentucky,Houston Christian,52,22,True,False,False,Conference USA,Southland,fbs,fcs,
2,regular,2023-09-09 23:00:00+00:00,Louisiana Tech,Northwestern State,51,21,True,False,False,Conference USA,Southland,fbs,fcs,
2,regular,2023-09-09 23:00:00+00:00,Coastal Carolina,Jacksonville State,30,16,True,False,False,Sun Belt,Conference USA,fbs,fbs,
2,regular,2023-09-09 23:00:00+00:00,Arkansas Monticello,Southwestern Oklahoma State,58,21,True,False,True,Great American,Great American,ii,ii,
2,regular,2023-09-09 23:00:00+00:00,Arkansas Tech,Southern Nazarene,31,38,True,False,True,Great American,Great American,ii,ii,
2,regular,2023-09-09 23:00:00+00:00,Trinity (TX),Mary Hardin Baylor,35,16,True,False,False,Southern Athletic,American Southwest,iii,iii,
2,regular,2023-09-09 23:00:00+00:00,Dubuque,Wisconsin Platteville,19,35,True,False,False,American Rivers,Wisconsin,iii,iii,
2,regular,2023-09-09 23:00:00+00:00,Rochester (NY),Alfred State,49,7,True,False,False,Liberty League,ECFC,iii,iii,
2,regular,2023-09-09 23:00:00+00:00,Huntingdon,Birmingham-Southern,16,0,True,False,False,USA South,Southern Athletic,iii,iii,
2,regular,2023-09-09 23:00:00+00:00,Lincoln (MO),Missouri Western,14,68,True,False,False,Independent DII,Mid America,ii,ii,
2,regular,2023-09-09 23:00:00+00:00,Northern State,Minnesota Duluth,21,41,True,False,True,Northern Sun,Northern Sun,ii,ii,
2,regular,2023-09-09 23:00:00+00:00,Ouachita Baptist,Northwestern (OK),66,0,True,False,True,Great American,Great American,ii,ii,
2,regular,2023-09-09 23:00:00+00:00,Southeastern Oklahoma State,Henderson State,28,38,True,False,True,Great American,Great American,ii,ii,
2,regular,2023-09-09 23:00:00+00:00,Rice,Houston,43,41,True,False,False,American Athletic,Big 12,fbs,fbs,
2,regular,2023-09-09 23:00:00+00:00,Texas Tech,Oregon,30,38,True,False,False,Big 12,Pac-12,fbs,fbs,
2,regular,2023-09-09 23:00:00+00:00,Alabama,Texas,24,34,True,False,False,SEC,Big 12,fbs,fbs,
2,regular,2023-09-09 23:00:00+00:00,Mercer,Morehead State,48,22,True,False,False,Southern,Pioneer,fcs,fcs,
2,regular,2023-09-09 23:00:00+00:00,UT Martin,Missouri State,38,31,True,False,False,Big South-OVC,MVFC,fcs,fcs,
2,regular,2023-09-09 23:00:00+00:00,Angelo State,Colorado School of Mines,21,31,True,False,False,Lone Star,Rocky Mountain,ii,ii,
2,regular,2023-09-09 23:00:00+00:00,Georgia State,UConn,35,14,True,False,False,Sun Belt,FBS Independents,fbs,fbs,
2,regular,2023-09-09 23:00:00+00:00,Missouri,Middle Tennessee,23,19,True,False,False,SEC,Conference USA,fbs,fbs,
2,regular,2023-09-09 23:00:00+00:00,Stephen F. Austin,Alcorn State,38,10,True,False,False,UAC,SWAC,fcs,fcs,
2,regular,2023-09-09 23:00:00+00:00,Prairie View A&M,Abilene Christian,16,45,True,False,False,SWAC,UAC,fcs,fcs,
2,regular,2023-09-09 23:00:00+00:00,Tarleton State,North Alabama,52,31,True,False,True,UAC,UAC,fcs,fcs,
2,regular,2023-09-09 23:00:00+00:00,Alabama A&M,Lane College,51,13,True,False,False,SWAC,SIAC,fcs,ii,
2,regular,2023-09-09 23:00:00+00:00,Howard,Morehouse,65,19,True,False,False,MEAC,SIAC,fcs,ii,
2,regular,2023-09-09 23:00:00+00:00,Ashland,Ferris State,28,38,True,False,False,Great Midwest Athletic,GLIAC,ii,ii,
2,regular,2023-09-09 23:00:00+00:00,American International,Franklin Pierce,27,24,True,False,True,Northeast 10,Northeast 10,ii,ii,
2,regular,2023-09-09 23:00:00+00:00,Minnesota State,Wayne State (NE),31,14,True,False,True,Northern Sun,Northern Sun,ii,ii,
2,regular,2023-09-09 23:00:00+00:00,Newberry,North Greenville,14,24,True,False,False,South Atlantic,Gulf South,ii,ii,
2,regular,2023-09-09 23:00:00+00:00,Grand Valley State,CSU Pueblo,57,49,True,False,False,GLIAC,Rocky Mountain,ii,ii,
2,regular,2023-09-09 23:00:00+00:00,Buena Vista,Lakeland,16,34,True,False,False,American Rivers,NACC,iii,iii,
2,regular,2023-09-09 23:30:00+00:00,Florida,McNeese,49,7,True,False,False,SEC,Southland,fbs,fcs,
2,regular,2023-09-09 23:30:00+00:00,Maryland,Charlotte,38,20,True,False,False,Big Ten,American Athletic,fbs,fbs,
2,regular,2023-09-09 23:30:00+00:00,LSU,Grambling,72,10,True,False,False,SEC,SWAC,fbs,fcs,
2,regular,2023-09-09 23:30:00+00:00,Minnesota,Eastern Michigan,25,6,True,False,False,Big Ten,Mid-American,fbs,fbs,
2,regular,2023-09-09 23:30:00+00:00,Rutgers,Temple,36,7,True,False,False,Big Ten,American Athletic,fbs,fbs,
2,regular,2023-09-09 23:30:00+00:00,Mississippi State,Arizona,31,24,True,False,False,SEC,Pac-12,fbs,fbs,
2,regular,2023-09-09 23:30:00+00:00,San Diego State,UCLA,10,35,True,False,False,Mountain West,Pac-12,fbs,fbs,
2,regular,2023-09-09 23:30:00+00:00,Washington State,Wisconsin,31,22,True,False,False,Pac-12,Big Ten,fbs,fbs,
2,regular,2023-09-09 23:30:00+00:00,South Carolina,Furman,47,21,True,False,False,SEC,Southern,fbs,fcs,
2,regular,2023-09-10 00:00:00+00:00,TCU,Nicholls,41,6,True,False,False,Big 12,Southland,fbs,fcs,
2,regular,2023-09-10 00:00:00+00:00,Utah State,Idaho State,78,28,True,False,False,Mountain West,Big Sky,fbs,fcs,
2,regular,2023-09-10 00:00:00+00:00,Sam Houston,Air Force,3,13,True,True,False,Conference USA,Mountain West,fbs,fbs,
2,regular,2023-09-10 00:00:00+00:00,New Mexico,Tennessee Tech,56,10,True,False,False,Mountain West,Big South-OVC,fbs,fcs,
2,regular,2023-09-10 00:00:00+00:00,West Texas,Adams State,28,7,True,False,False,Lone Star,Rocky Mountain,ii,ii,
2,regular,2023-09-10 00:00:00+00:00,UL Monroe,Lamar,24,14,True,False,False,Sun Belt,Southland,fbs,fcs,
2,regular,2023-09-10 00:00:00+00:00,Nebraska Kearney,Northeastern State,31,17,True,False,True,Mid America,Mid America,ii,ii,
2,regular,2023-09-10 00:00:00+00:00,Southwestern U,Texas Lutheran,7,39,True,False,False,Southern Athletic,American Southwest,iii,iii,
2,regular,2023-09-10 00:00:00+00:00,East Texas Baptist,Hendrix,38,37,True,False,False,American Southwest,Southern Athletic,iii,iii,
2,regular,2023-09-10 00:00:00+00:00,Harding,Oklahoma Baptist,49,10,True,False,True,Great American,Great American,ii,ii,
2,regular,2023-09-10 00:00:00+00:00,Midwestern State,Mississippi College,30,17,True,False,False,Lone Star,Gulf South,ii,ii,
2,regular,2023-09-10 00:00:00+00:00,Texas A&M-Kingsville,West Georgia,20,17,True,False,False,Lone Star,Gulf South,ii,ii,
2,regular,2023-09-10 00:30:00+00:00,Florida State,Southern Miss,66,13,True,False,False,ACC,Sun Belt,fbs,fbs,
2,regular,2023-09-10 01:00:00+00:00,Oregon State,UC Davis,55,7,True,False,False,Pac-12,Big Sky,fbs,fcs,
2,regular,2023-09-10 01:00:00+00:00,Phoenix,Fort Lewis,49,25,True,True,False,,Rocky Mountain,,ii,
2,regular,2023-09-10 01:00:00+00:00,Utah Tech,Montana,13,43,True,False,False,UAC,Big Sky,fcs,fcs,
2,regular,2023-09-10 01:00:00+00:00,Fresno State,Eastern Washington,34,31,True,False,False,Mountain West,Big Sky,fbs,fcs,
2,regular,2023-09-10 02:00:00+00:00,Sacramento State,East Texas A&M,34,6,True,False,False,Big Sky,Southland,fcs,fcs,
2,regular,2023-09-10 02:30:00+00:00,USC,Stanford,56,10,True,False,True,Pac-12,Pac-12,fbs,fbs,
2,regular,2023-09-10 02:30:00+00:00,Arizona State,Oklahoma State,15,27,True,False,False,Pac-12,Big 12,fbs,fbs,
2,regular,2023-09-10 02:30:00+00:00,California,Auburn,10,14,True,False,False,Pac-12,SEC,fbs,fbs,
2,regular,2023-09-10 03:59:00+00:00,Hawai'i,UAlbany,31,20,True,False,False,Mountain West,Coastal Athletic,fbs,fcs,
3,regular,2023-09-14 23:30:00+00:00,Miami,Bethune-Cookman,48,7,True,False,False,ACC,SWAC,fbs,fcs,
3,regular,2023-09-14 23:30:00+00:00,Memphis,Navy,28,24,True,False,True,American Athletic,American Athletic,fbs,fbs,
3,regular,2023-09-15 23:00:00+00:00,Union,Springfield,34,7,True,False,False,Liberty League,NEWMAC,iii,iii,
3,regular,2023-09-15 23:00:00+00:00,Western Connecticut State,Westfield State,42,0,True,False,True,MSCAC,MSCAC,iii,iii,
3,regular,2023-09-15 23:00:00+00:00,UTSA,Army,29,37,True,False,False,American Athletic,FBS Independents,fbs,fbs,
3,regular,2023-09-15 23:00:00+00:00,Maryland,Virginia,42,14,True,False,False,Big Ten,ACC,fbs,fbs,
3,regular,2023-09-16 00:00:00+00:00,Air Force,Utah State,39,21,True,False,True,Mountain West,Mountain West,fbs,fbs,
3,regular,2023-09-16 16:00:00+00:00,Wilkes,Brockport,7,31,True,False,False,Landmark Conference,Empire 8,iii,iii,
3,regular,2023-09-16 16:00:00+00:00,Boise State,North Dakota,42,18,True,False,False,Mountain West,MVFC,fbs,fcs,
3,regular,2023-09-16 16:00:00+00:00,Yale,Holy Cross,24,49,True,False,False,Ivy,Patriot,fcs,fcs,
3,regular,2023-09-16 16:00:00+00:00,Pace,Franklin Pierce,2,41,True,False,True,Northeast 10,Northeast 10,ii,ii,
3,regular,2023-09-16 16:00:00+00:00,Dean,Buffalo State,7,41,True,False,False,ECFC,Liberty League,iii,iii,
3,regular,2023-09-16 16:00:00+00:00,Boston College,Florida State,29,31,True,False,True,ACC,ACC,fbs,fbs,
3,regular,2023-09-16 16:00:00+00:00,California (PA),Shepherd,34,44,True,False,True,Pennsylvania State Athletic,Pennsylvania State Athletic,ii,ii,
3,regular,2023-09-16 16:00:00+00:00,Alfred State,Husson,13,31,True,False,False,ECFC,Commonwealth Coast,iii,iii,
3,regular,2023-09-16 16:00:00+00:00,Gallaudet,New England,10,31,True,False,False,ECFC,Commonwealth Coast,iii,iii,
3,regular,2023-09-16 16:00:00+00:00,Mississippi State,LSU,14,41,True,False,True,SEC,SEC,fbs,fbs,
3,regular,2023-09-16 16:00:00+00:00,West Chester,Gannon,38,31,True,False,True,Pennsylvania State Athletic,Pennsylvania State Athletic,ii,ii,
3,regular,2023-09-16 16:00:00+00:00,Wisconsin,Georgia Southern,35,14,True,False,False,Big Ten,Sun Belt,fbs,fbs,
3,regular,2023-09-16 16:00:00+00:00,Kent State,Central Connecticut,38,10,True,False,False,Mid-American,NEC,fbs,fcs,
3,regular,2023-09-16 16:00:00+00:00,Old Dominion,Wake Forest,24,27,True,False,False,Sun Belt,ACC,fbs,fbs,
3,regular,2023-09-16 16:00:00+00:00,Ohio,Iowa State,10,7,True,False,False,Mid-American,Big 12,fbs,fbs,
3,regular,2023-09-16 16:00:00+00:00,Missouri,Kansas State,30,27,True,False,False,SEC,Big 12,fbs,fbs,
3,regular,2023-09-16 16:00:00+00:00,Lycoming,Utica,35,38,True,False,False,Landmark Conference,Empire 8,iii,iii,
3,regular,2023-09-16 16:00:00+00:00,Albion,Rose Hulman,48,19,True,False,False,Michigan,Heartland,iii,iii,
3,regular,2023-09-16 16:00:00+00:00,Framingham State,UMass Dartmouth,7,33,True,False,True,MSCAC,MSCAC,iii,iii,
3,regular,2023-09-16 16:00:00+00:00,Limestone,Carson Newman,45,14,True,False,True,South Atlantic,South Atlantic,ii,ii,
3,regular,2023-09-16 16:00:00+00:00,SUNY Morrisville,Catholic,20,31,True,False,False,Empire 8,Landmark Conference,iii,iii,
3,regular,2023-09-16 16:00:00+00:00,Worcester State,Fitchburg State,33,13,True,False,True,MSCAC,MSCAC,iii,iii,
3,regular,2023-09-16 16:00:00+00:00,Hamilton,Bowdoin,12,26,True,False,True,NESCAC,NESCAC,iii,iii,
3,regular,2023-09-16 16:00:00+00:00,SUNY Cortland,Susquehanna,35,38,True,False,False,Empire 8,Landmark Conference,iii,iii,
3,regular,2023-09-16 16:00:00+00:00,Coast Guard,Nichols,49,42,True,False,False,NEWMAC,Commonwealth Coast,iii,iii,
3,regular,2023-09-16 16:00:00+00:00,SUNY Maritime,Endicott,0,27,True,False,False,NEWMAC,Commonwealth Coast,iii,iii,
3,regular,2023-09-16 16:00:00+00:00,Salve Regina,Rochester (NY),10,17,True,False,False,Commonwealth Coast,Liberty League,iii,iii,
3,regular,2023-09-16 16:00:00+00:00,Indiana,Louisville,14,21,True,True,False,Big Ten,ACC,fbs,fbs,
3,regular,2023-09-16 16:00:00+00:00,Bridgewater State,Plymouth State,41,19,True,False,True,MSCAC,MSCAC,iii,iii,
3,regular,2023-09-16 16:00:00+00:00,FDU Florham,Stevenson,21,24,True,False,True,Mid Atlantic,Mid Atlantic,iii,iii,
3,regular,2023-09-16 16:00:00+00:00,Kutztown,Mercyhurst,47,14,True,False,True,Pennsylvania State Athletic,Pennsylvania State Athletic,ii,ii,
3,regular,2023-09-16 16:00:00+00:00,Ferrum,LaGrange,13,10,True,False,False,Old Dominion,USA South,iii,iii,
3,regular,2023-09-16 16:00:00+00:00,Buffalo,Liberty,27,55,True,False,False,Mid-American,Conference USA,fbs,fbs,
3,regular,2023-09-16 16:00:00+00:00,Illinois,Penn State,13,30,True,False,True,Big Ten,Big Ten,fbs,fbs,
3,regular,2023-09-16 16:00:00+00:00,UNC Pembroke,Charleston (WV),29,37,True,False,True,Mountain East,Mountain East,ii,ii,
3,regular,2023-09-16 16:00:00+00:00,Keystone,St. John Fisher,20,35,True,False,False,Landmark Conference,Empire 8,iii,iii,
3,regular,2023-09-16 16:00:00+00:00,Shorter,Chowan,57,20,True,False,True,Gulf South,Gulf South,ii,ii,
3,regular,2023-09-16 16:00:00+00:00,Baylor,Long Island University,30,7,True,False,False,Big 12,NEC,fbs,fcs,
3,regular,2023-09-16 16:00:00+00:00,Glenville State,Notre Dame College,24,21,True,False,True,Mountain East,Mountain East,ii,ii,
3,regular,2023-09-16 16:00:00+00:00,Lehigh,Cornell,20,23,True,False,False,Patriot,Ivy,fcs,fcs,
3,regular,2023-09-16 16:30:00+00:00,Georgetown,Stonehill,20,23,True,False,False,Patriot,NEC,fcs,fcs,
3,regular,2023-09-16 16:30:00+00:00,Lafayette,Columbia,24,3,True,False,False,Patriot,Ivy,fcs,fcs,
3,regular,2023-09-16 17:00:00+00:00,William Paterson,McDaniel,35,14,True,False,False,New Jersey,Centennial,iii,iii,
3,regular,2023-09-16 17:00:00+00:00,Sacred Heart,Wagner,10,17,True,False,True,NEC,NEC,fcs,fcs,
3,regular,2023-09-16 17:00:00+00:00,Bowie State,Shaw,21,7,True,False,True,CIAA,CIAA,ii,ii,
3,regular,2023-09-16 17:00:00+00:00,Sul Ross State,Wayland Baptist,27,7,True,False,False,American Southwest,,iii,,
3,regular,2023-09-16 17:00:00+00:00,Minnesota St Moorhead,McKendree,38,17,True,False,False,Northern Sun,Great Lakes,ii,ii,
3,regular,2023-09-16 17:00:00+00:00,Montclair State,Franklin & Marshall,25,31,True,False,False,New Jersey,Centennial,iii,iii,
3,regular,2023-09-16 17:00:00+00:00,Kean,Dickinson,13,24,True,False,False,New Jersey,Centennial,iii,iii,
3,regular,2023-09-16 17:00:00+00:00,Harvard,St. Thomas (MN),45,13,True,False,False,Ivy,Pioneer,fcs,fcs,
3,regular,2023-09-16 17:00:00+00:00,Western New England,St. Lawrence,42,21,True,False,False,Commonwealth Coast,Liberty League,iii,iii,
3,regular,2023-09-16 17:00:00+00:00,Bates,Wesleyan (CT),17,28,True,False,True,NESCAC,NESCAC,iii,iii,
3,regular,2023-09-16 17:00:00+00:00,Concord,West Virginia State,27,47,True,False,True,Mountain East,Mountain East,ii,ii,
3,regular,2023-09-16 17:00:00+00:00,Juniata,Hartwick,31,21,True,False,False,Landmark Conference,Empire 8,iii,iii,
3,regular,2023-09-16 17:00:00+00:00,Fairmont State,Wheeling,37,43,True,False,True,Mountain East,Mountain East,ii,ii,
3,regular,2023-09-16 17:00:00+00:00,Frostburg State,West Liberty,37,7,True,False,True,Mountain East,Mountain East,ii,ii,
3,regular,2023-09-16 17:00:00+00:00,Vermont State Castleton,Norwich,14,28,True,False,False,ECFC,NEWMAC,iii,iii,
3,regular,2023-09-16 17:00:00+00:00,Washington and Lee,Methodist,54,14,True,False,False,Old Dominion,USA South,iii,iii,
3,regular,2023-09-16 17:00:00+00:00,Saint Vincent,Allegheny,23,19,True,False,True,Presidents',Presidents',iii,iii,
3,regular,2023-09-16 17:00:00+00:00,Marist,Davidson,21,49,True,False,True,Pioneer,Pioneer,fcs,fcs,
3,regular,2023-09-16 17:00:00+00:00,Monmouth,Campbell,31,45,True,False,True,Coastal Athletic,Coastal Athletic,fcs,fcs,
3,regular,2023-09-16 17:00:00+00:00,Grand Valley State,Assumption,43,7,True,False,False,GLIAC,Northeast 10,ii,ii,
3,regular,2023-09-16 17:00:00+00:00,Huntingdon,Guilford,40,14,True,False,False,USA South,Old Dominion,iii,iii,
3,regular,2023-09-16 17:00:00+00:00,King's,Albright,56,0,True,False,True,Mid Atlantic,Mid Atlantic,iii,iii,
3,regular,2023-09-16 17:00:00+00:00,Birmingham-Southern,Trinity (TX),3,38,True,False,True,Southern Athletic,Southern Athletic,iii,iii,
3,regular,2023-09-16 17:00:00+00:00,Northwood,Tiffin,27,34,True,False,True,Great Midwest Athletic,Great Midwest Athletic,ii,ii,
3,regular,2023-09-16 17:00:00+00:00,Dayton,Taylor,52,20,True,False,False,Pioneer,,fcs,,
3,regular,2023-09-16 17:00:00+00:00,Mary Hardin Baylor,Wisconsin Whitewater,14,17,True,False,False,American Southwest,Wisconsin,iii,iii,
3,regular,2023-09-16 17:00:00+00:00,Rhodes,Centre,26,28,True,False,True,Southern Athletic,Southern Athletic,iii,iii,
3,regular,2023-09-16 17:00:00+00:00,Colgate,Pennsylvania,6,20,True,False,False,Patriot,Ivy,fcs,fcs,
3,regular,2023-09-16 17:00:00+00:00,Curry,MIT,20,16,True,False,False,Commonwealth Coast,NEWMAC,iii,iii,
3,regular,2023-09-16 17:00:00+00:00,DePauw,Hiram,49,0,True,False,True,North Coast,North Coast,iii,iii,
3,regular,2023-09-16 17:00:00+00:00,Lebanon Valley,Misericordia,31,3,True,False,True,Mid Atlantic,Mid Atlantic,iii,iii,
3,regular,2023-09-16 17:00:00+00:00,Greensboro,Hampden Sydney,28,58,True,False,False,USA South,Old Dominion,iii,iii,
3,regular,2023-09-16 17:00:00+00:00,Moravian,Apprentice School,29,28,True,False,False,Landmark Conference,Independent DIII,iii,iii,
3,regular,2023-09-16 17:00:00+00:00,Nebraska Kearney,Missouri Southern State,13,18,True,False,True,Mid America,Mid America,ii,ii,
3,regular,2023-09-16 17:00:00+00:00,New Haven,Southern Connecticut State,34,7,True,False,True,Northeast 10,Northeast 10,ii,ii,
3,regular,2023-09-16 17:00:00+00:00,Olivet,Hanover,17,67,True,False,False,Michigan,Heartland,iii,iii,
3,regular,2023-09-16 17:00:00+00:00,Clarion,Lock Haven,20,21,True,False,True,Pennsylvania State Athletic,Pennsylvania State Athletic,ii,ii,
3,regular,2023-09-16 17:00:00+00:00,Eastern,Delaware Valley,6,29,True,True,True,Mid Atlantic,Mid Atlantic,iii,iii,
3,regular,2023-09-16 17:00:00+00:00,Alfred,Ithaca,0,22,True,False,False,Empire 8,Liberty League,iii,iii,
3,regular,2023-09-16 17:00:00+00:00,Kalamazoo,Defiance College,42,35,True,False,False,Michigan,Heartland,iii,iii,
3,regular,2023-09-16 17:00:00+00:00,Post,Bentley,13,40,True,True,False,Independent DII,Northeast 10,ii,ii,
3,regular,2023-09-16 17:00:00+00:00,Williams,Colby,25,22,True,False,True,NESCAC,NESCAC,iii,iii,
3,regular,2023-09-16 17:00:00+00:00,Hope,Mount St Joseph,40,35,True,False,False,Michigan,Heartland,iii,iii,
3,regular,2023-09-16 17:00:00+00:00,Thiel,Bethany (WV),22,14,True,False,True,Presidents',Presidents',iii,iii,
3,regular,2023-09-16 17:00:00+00:00,West Virginia Wesleyan,Alderson-Broaddus,0,0,True,False,True,Mountain East,Mountain East,ii,ii,
3,regular,2023-09-16 17:00:00+00:00,Washington & Jefferson,Westminster (PA),48,3,True,False,True,Presidents',Presidents',iii,iii,
3,regular,2023-09-16 17:00:00+00:00,Oberlin,Denison,0,70,True,False,True,North Coast,North Coast,iii,iii,
3,regular,2023-09-16 17:00:00+00:00,Trine,Franklin,58,43,True,False,False,Michigan,Heartland,iii,iii,
3,regular,2023-09-16 17:00:00+00:00,Carnegie Mellon,Waynesburg,41,10,True,False,True,Presidents',Presidents',iii,iii,
3,regular,2023-09-16 17:00:00+00:00,Saint Anselm,American International,24,14,True,False,True,Northeast 10,Northeast 10,ii,ii,
3,regular,2023-09-16 17:00:00+00:00,Shenandoah,Maryville (TN),20,27,True,False,False,Old Dominion,USA South,iii,iii,
3,regular,2023-09-16 17:00:00+00:00,Alvernia,Widener,7,57,True,False,True,Mid Atlantic,Mid Atlantic,iii,iii,
3,regular,2023-09-16 17:00:00+00:00,Southern Virginia,Randolph Macon,10,51,True,False,False,USA South,Old Dominion,iii,iii,
3,regular,2023-09-16 17:05:00+00:00,East Stroudsburg,Seton Hill,55,21,True,False,True,Pennsylvania State Athletic,Pennsylvania State Athletic,ii,ii,
3,regular,2023-09-16 17:30:00+00:00,Marietta,Mount Union,0,28,True,False,True,Ohio,Ohio,iii,iii,
3,regular,2023-09-16 17:30:00+00:00,Trinity (CT),Tufts,44,19,True,False,True,NESCAC,NESCAC,iii,iii,
3,regular,2023-09-16 17:30:00+00:00,Capital,Muskingum,38,45,True,False,True,Ohio,Ohio,iii,iii,
3,regular,2023-09-16 17:30:00+00:00,Baldwin Wallace,John Carroll,7,30,True,False,True,Ohio,Ohio,iii,iii,
3,regular,2023-09-16 18:00:00+00:00,Utah,Weber State,31,7,True,False,False,Pac-12,Big Sky,fbs,fcs,
3,regular,2023-09-16 18:00:00+00:00,Quincy,UFTL,49,0,True,False,False,Great Lakes,,ii,,
3,regular,2023-09-16 18:00:00+00:00,Minot State,Minnesota State,25,52,True,False,True,Northern Sun,Northern Sun,ii,ii,
3,regular,2023-09-16 18:00:00+00:00,Central College,Coe,11,19,True,False,True,American Rivers,American Rivers,iii,iii,
3,regular,2023-09-16 18:00:00+00:00,North Central College,Carthage,70,0,True,False,True,CCIW,CCIW,iii,iii,
3,regular,2023-09-16 18:00:00+00:00,Wartburg,Buena Vista,47,0,True,False,True,American Rivers,American Rivers,iii,iii,
3,regular,2023-09-16 18:00:00+00:00,Nebraska Wesleyan,Simpson (IA),21,13,True,True,True,American Rivers,American Rivers,iii,iii,
3,regular,2023-09-16 18:00:00+00:00,Salisbury,Johns Hopkins,7,42,True,False,False,New Jersey,Centennial,iii,iii,
3,regular,2023-09-16 18:00:00+00:00,Lawrence,Monmouth (IL),13,70,True,False,True,Midwest,Midwest,iii,iii,
3,regular,2023-09-16 18:00:00+00:00,Howard Payne,Lyon,85,0,True,False,False,American Southwest,,iii,,
3,regular,2023-09-16 18:00:00+00:00,Loras,Luther,44,29,True,False,True,American Rivers,American Rivers,iii,iii,
3,regular,2023-09-16 18:00:00+00:00,Hendrix,Southwestern U,51,38,True,False,True,Southern Athletic,Southern Athletic,iii,iii,
3,regular,2023-09-16 18:00:00+00:00,Tuskegee,Central State,27,21,True,False,True,SIAC,SIAC,ii,ii,
3,regular,2023-09-16 18:00:00+00:00,Colorado School of Mines,Adams State,70,7,True,False,True,Rocky Mountain,Rocky Mountain,ii,ii,
3,regular,2023-09-16 18:00:00+00:00,Augsburg,Martin Luther,62,0,True,False,False,Minnesota,Upper Midwest,iii,iii,
3,regular,2023-09-16 18:00:00+00:00,Wisconsin Platteville,Michigan Tech,20,24,True,False,False,Wisconsin,GLIAC,iii,ii,
3,regular,2023-09-16 18:00:00+00:00,Southwest Baptist,UT Permian Basin,7,86,True,False,False,Great Lakes,Lone Star,ii,ii,
3,regular,2023-09-16 18:00:00+00:00,Northern Michigan,Wisconsin La Crosse,3,34,True,False,False,GLIAC,Wisconsin,ii,iii,
3,regular,2023-09-16 18:00:00+00:00,Millikin,Washington St. Louis,13,63,True,False,True,CCIW,CCIW,iii,iii,
3,regular,2023-09-16 18:00:00+00:00,Benedictine (IL),Aurora,7,63,True,False,True,NACC,NACC,iii,iii,
3,regular,2023-09-16 18:00:00+00:00,IU Pennsylvania,Shippensburg,49,14,True,False,True,Pennsylvania State Athletic,Pennsylvania State Athletic,ii,ii,
3,regular,2023-09-16 18:00:00+00:00,Bridgewater,North Carolina Wesleyan,41,12,True,False,False,Old Dominion,USA South,iii,iii,
3,regular,2023-09-16 18:00:00+00:00,Lake Forest,Cornell (IA),41,7,True,False,True,Midwest,Midwest,iii,iii,
3,regular,2023-09-16 18:00:00+00:00,Eureka,Rockford,35,28,True,False,True,NACC,NACC,iii,iii,
3,regular,2023-09-16 18:00:00+00:00,Bloomsburg,Edinboro,13,23,True,False,True,Pennsylvania State Athletic,Pennsylvania State Athletic,ii,ii,
3,regular,2023-09-16 18:00:00+00:00,NC State,VMI,45,7,True,False,False,ACC,Southern,fbs,fcs,
3,regular,2023-09-16 18:00:00+00:00,St. Scholastica,Crown,38,18,True,False,False,Minnesota,Upper Midwest,iii,iii,
3,regular,2023-09-16 18:00:00+00:00,Ripon,Illinois College,21,52,True,False,True,Midwest,Midwest,iii,iii,
3,regular,2023-09-16 18:00:00+00:00,Beloit,Grinnell,23,33,True,False,True,Midwest,Midwest,iii,iii,
3,regular,2023-09-16 18:00:00+00:00,North Park,Carroll (WI),27,41,True,False,True,CCIW,CCIW,iii,iii,
3,regular,2023-09-16 18:00:00+00:00,Youngstown State,Robert Morris,48,28,True,False,False,MVFC,Big South,fcs,fcs,
3,regular,2023-09-16 18:00:00+00:00,Ball State,Indiana State,45,7,True,False,False,Mid-American,MVFC,fbs,fcs,
3,regular,2023-09-16 18:00:00+00:00,Wisconsin Eau Claire,Bethel (MN),0,24,True,False,False,Wisconsin,Minnesota,iii,iii,
3,regular,2023-09-16 18:00:00+00:00,Wisconsin Stout,Gustavus Adolphus,24,7,True,False,False,Wisconsin,Minnesota,iii,iii,
3,regular,2023-09-16 18:00:00+00:00,Northwestern (MN),Wisconsin River Falls,3,75,True,False,False,Upper Midwest,Wisconsin,iii,iii,
3,regular,2023-09-16 18:00:00+00:00,Temple,Norfolk State,41,9,True,False,False,American Athletic,MEAC,fbs,fcs,
3,regular,2023-09-16 18:00:00+00:00,Illinois Wesleyan,Wheaton (IL),16,47,True,False,True,CCIW,CCIW,iii,iii,
3,regular,2023-09-16 18:00:00+00:00,East Texas Baptist,Wisconsin Oshkosh,7,60,True,False,False,American Southwest,Wisconsin,iii,iii,
3,regular,2023-09-16 18:00:00+00:00,Eastern Michigan,Massachusetts,19,17,True,False,False,Mid-American,FBS Independents,fbs,fbs,
3,regular,2023-09-16 18:00:00+00:00,Sewanee,Millsaps,27,21,True,False,True,Southern Athletic,Southern Athletic,iii,iii,
3,regular,2023-09-16 18:00:00+00:00,Eastern New Mexico,Western Oregon,30,29,True,False,True,Lone Star,Lone Star,ii,ii,
3,regular,2023-09-16 18:00:00+00:00,Upper Iowa,Missouri S&T,38,26,True,False,False,Northern Sun,Great Lakes,ii,ii,
3,regular,2023-09-16 18:00:00+00:00,Central Missouri,Pittsburg State,37,38,True,False,True,Mid America,Mid America,ii,ii,
3,regular,2023-09-16 18:00:00+00:00,Manchester,Greenville,7,59,True,False,False,Heartland,Upper Midwest,iii,iii,
3,regular,2023-09-16 18:00:00+00:00,St. Norbert,Wisconsin Lutheran,37,32,True,False,True,NACC,NACC,iii,iii,
3,regular,2023-09-16 18:00:00+00:00,Lakeland,Concordia (WI),28,31,True,False,True,NACC,NACC,iii,iii,
3,regular,2023-09-16 18:00:00+00:00,Middlebury,Amherst,21,7,True,False,True,NESCAC,NESCAC,iii,iii,
3,regular,2023-09-16 18:00:00+00:00,South Dakota,Lamar,35,6,True,False,False,MVFC,Southland,fcs,fcs,
3,regular,2023-09-16 18:30:00+00:00,Notre Dame,Central Michigan,41,17,True,False,False,FBS Independents,Mid-American,fbs,fbs,
3,regular,2023-09-16 18:30:00+00:00,Anna Maria College,Mass Maritime,37,30,True,False,False,ECFC,MSCAC,iii,iii,
3,regular,2023-09-16 19:00:00+00:00,Bemidji State,Winona State,36,10,True,False,True,Northern Sun,Northern Sun,ii,ii,
3,regular,2023-09-16 19:00:00+00:00,Lane College,Benedict,7,54,True,False,True,SIAC,SIAC,ii,ii,
3,regular,2023-09-16 19:00:00+00:00,Chicago,Knox,63,0,True,False,True,Midwest,Midwest,iii,iii,
3,regular,2023-09-16 19:00:00+00:00,Adrian,Bluffton,23,15,True,False,False,Michigan,Heartland,iii,iii,
3,regular,2023-09-16 19:00:00+00:00,Minnesota Duluth,Sioux Falls,42,34,True,False,True,Northern Sun,Northern Sun,ii,ii,
3,regular,2023-09-16 19:00:00+00:00,Montana State,Stetson,57,20,True,False,False,Big Sky,Pioneer,fcs,fcs,
3,regular,2023-09-16 19:00:00+00:00,Grambling,Florida Memorial University,58,22,True,False,False,SWAC,,fcs,,
3,regular,2023-09-16 19:00:00+00:00,Pacific Lutheran,Cal Lutheran,37,27,True,False,False,Northwest,So. Cal.,iii,iii,
3,regular,2023-09-16 19:00:00+00:00,Minnesota Morris,Carleton,12,38,True,False,False,Upper Midwest,Minnesota,iii,iii,
3,regular,2023-09-16 19:00:00+00:00,Central Oklahoma,Missouri Western,31,34,True,False,True,Mid America,Mid America,ii,ii,
3,regular,2023-09-16 19:00:00+00:00,The College of New Jersey,Muhlenberg,10,38,True,False,False,New Jersey,Centennial,iii,iii,
3,regular,2023-09-16 19:00:00+00:00,Otterbein,Wilmington (OH),21,47,True,False,True,Ohio,Ohio,iii,iii,
3,regular,2023-09-16 19:00:00+00:00,Eastern Illinois,Illinois State,14,13,True,False,False,Big South-OVC,MVFC,fcs,fcs,
3,regular,2023-09-16 19:00:00+00:00,South Dakota Mines,Colorado Mesa,30,38,True,False,True,Rocky Mountain,Rocky Mountain,ii,ii,
3,regular,2023-09-16 19:00:00+00:00,Morehouse,Albany State,14,24,True,True,True,SIAC,SIAC,ii,ii,HBCU New York Classic
3,regular,2023-09-16 19:00:00+00:00,Truman State,Saginaw Valley State,21,7,True,False,False,Great Lakes,GLIAC,ii,ii,
3,regular,2023-09-16 19:30:00+00:00,Iowa,Western Michigan,41,10,True,False,False,Big Ten,Mid-American,fbs,fbs,
3,regular,2023-09-16 19:30:00+00:00,Georgia,South Carolina,24,14,True,False,True,SEC,SEC,fbs,fbs,
3,regular,2023-09-16 19:30:00+00:00,App State,East Carolina,43,28,True,False,False,Sun Belt,American Athletic,fbs,fbs,
3,regular,2023-09-16 19:30:00+00:00,UConn,Florida International,17,24,True,False,False,FBS Independents,Conference USA,fbs,fbs,
3,regular,2023-09-16 19:30:00+00:00,South Florida,Alabama,3,17,True,False,False,American Athletic,SEC,fbs,fbs,
3,regular,2023-09-16 19:30:00+00:00,Claremont Mudd Scripps,George Fox,16,7,True,False,False,So. Cal.,Northwest,iii,iii,
3,regular,2023-09-16 19:30:00+00:00,Maine,Rhode Island,17,34,True,False,True,Coastal Athletic,Coastal Athletic,fcs,fcs,
3,regular,2023-09-16 19:30:00+00:00,Duke,Northwestern,38,14,True,False,False,ACC,Big Ten,fbs,fbs,
3,regular,2023-09-16 19:30:00+00:00,Oregon State,San Diego State,26,9,True,False,False,Pac-12,Mountain West,fbs,fbs,
3,regular,2023-09-16 19:30:00+00:00,Richmond,Delaware State,38,6,True,False,False,Coastal Athletic,MEAC,fcs,fcs,
3,regular,2023-09-16 19:30:00+00:00,North Carolina,Minnesota,31,13,True,False,False,ACC,Big Ten,fbs,fbs,
3,regular,2023-09-16 19:30:00+00:00,South Dakota State,Drake,70,7,True,True,False,MVFC,Pioneer,fcs,fcs,
3,regular,2023-09-16 19:30:00+00:00,Howard,Hampton,34,35,True,True,False,MEAC,Coastal Athletic,fcs,fcs,
3,regular,2023-09-16 19:30:00+00:00,Rutgers,Virginia Tech,35,16,True,False,False,Big Ten,ACC,fbs,fbs,
3,regular,2023-09-16 19:30:00+00:00,Tulsa,Oklahoma,17,66,True,False,False,American Athletic,Big 12,fbs,fbs,
3,regular,2023-09-16 19:30:00+00:00,North Dakota State,Central Arkansas,49,31,True,False,False,MVFC,UAC,fcs,fcs,
3,regular,2023-09-16 20:00:00+00:00,Christopher Newport,Gettysburg,49,17,True,False,False,New Jersey,Centennial,iii,iii,
3,regular,2023-09-16 20:00:00+00:00,Ohio State,Western Kentucky,63,10,True,False,False,Big Ten,Conference USA,fbs,fbs,
3,regular,2023-09-16 20:00:00+00:00,San Diego,Princeton,12,23,True,False,False,Pioneer,Ivy,fcs,fcs,
3,regular,2023-09-16 20:00:00+00:00,Western Colorado,CSU Pueblo,30,14,True,False,True,Rocky Mountain,Rocky Mountain,ii,ii,
3,regular,2023-09-16 20:00:00+00:00,Northern Arizona,Utah Tech,36,50,True,False,False,Big Sky,UAC,fcs,fcs,
3,regular,2023-09-16 20:00:00+00:00,Barton,UVA Wise,28,24,True,False,True,South Atlantic,South Atlantic,ii,ii,
3,regular,2023-09-16 20:00:00+00:00,Montana Western,Lewis & Clark,48,13,True,True,False,,Northwest,,iii,
3,regular,2023-09-16 20:00:00+00:00,Puget Sound,La Verne,21,26,True,False,False,Northwest,So. Cal.,iii,iii,
3,regular,2023-09-16 20:00:00+00:00,Bryant,Brown,25,29,True,False,False,Big South-OVC,Ivy,fcs,fcs,
3,regular,2023-09-16 20:00:00+00:00,Eastern Washington,SE Louisiana,40,29,True,False,False,Big Sky,Southland,fcs,fcs,
3,regular,2023-09-16 20:00:00+00:00,Texas A&M,UL Monroe,47,3,True,False,False,SEC,Sun Belt,fbs,fbs,
3,regular,2023-09-16 20:00:00+00:00,Charleston Southern,William & Mary,7,15,True,False,False,Big South-OVC,Coastal Athletic,fcs,fcs,
3,regular,2023-09-16 20:00:00+00:00,California,Idaho,31,17,True,False,False,Pac-12,Big Sky,fbs,fcs,
3,regular,2023-09-16 20:00:00+00:00,Southern Miss,Tulane,3,21,True,False,False,Sun Belt,American Athletic,fbs,fbs,
3,regular,2023-09-16 20:00:00+00:00,Fort Lewis,New Mexico Highlands,17,31,True,False,True,Rocky Mountain,Rocky Mountain,ii,ii,
3,regular,2023-09-16 20:00:00+00:00,Alma,Anderson (IN),60,14,True,False,False,Michigan,Heartland,iii,iii,
3,regular,2023-09-16 20:00:00+00:00,Portland State,North American,91,0,True,False,False,Big Sky,,fcs,,
3,regular,2023-09-16 21:00:00+00:00,WPI,Rensselaer,0,25,True,False,False,NEWMAC,Liberty League,iii,iii,
3,regular,2023-09-16 21:00:00+00:00,Kennesaw State,Furman,28,31,True,False,False,FCS Independents,Southern,fcs,fcs,
3,regular,2023-09-16 21:00:00+00:00,Michigan State,Washington,7,41,True,False,False,Big Ten,Pac-12,fbs,fbs,
3,regular,2023-09-16 21:00:00+00:00,UCLA,North Carolina Central,59,7,True,False,False,Pac-12,MEAC,fbs,fcs,
3,regular,2023-09-16 21:00:00+00:00,Washington State,Northern Colorado,64,21,True,False,False,Pac-12,Big Sky,fbs,fcs,
3,regular,2023-09-16 21:00:00+00:00,Arkansas-Pine Bluff,Miles,21,20,True,False,False,SWAC,SIAC,fcs,ii,
3,regular,2023-09-16 22:00:00+00:00,Ohio Northern,Heidelberg,14,35,True,False,True,Ohio,Ohio,iii,iii,
3,regular,2023-09-16 22:00:00+00:00,Charlotte,Georgia State,25,41,True,False,False,American Athletic,Sun Belt,fbs,fbs,
3,regular,2023-09-16 22:00:00+00:00,Delaware,Saint Francis,42,14,True,False,False,CAA,NEC,fcs,fcs,
3,regular,2023-09-16 22:00:00+00:00,Elon,North Carolina A&T,27,3,True,False,True,Coastal Athletic,Coastal Athletic,fcs,fcs,
3,regular,2023-09-16 22:00:00+00:00,Brevard,Averett,14,17,True,False,False,USA South,Old Dominion,iii,iii,
3,regular,2023-09-16 22:00:00+00:00,Wingate,Tusculum,21,23,True,False,True,South Atlantic,South Atlantic,ii,ii,
3,regular,2023-09-16 22:00:00+00:00,Lenoir Rhyne,Erskine,62,0,True,False,True,South Atlantic,South Atlantic,ii,ii,
3,regular,2023-09-16 22:00:00+00:00,Wofford,Presbyterian,20,23,True,False,False,Southern,Pioneer,fcs,fcs,
3,regular,2023-09-16 22:00:00+00:00,Rowan,Ursinus,21,44,True,False,False,New Jersey,Centennial,iii,iii,
3,regular,2023-09-16 22:00:00+00:00,Fayetteville State,Lincoln (PA),20,17,True,False,True,CIAA,CIAA,ii,ii,
3,regular,2023-09-16 22:00:00+00:00,Wittenberg,Kenyon,56,17,True,False,True,North Coast,North Coast,iii,iii,
3,regular,2023-09-16 22:00:00+00:00,Tennessee State,Gardner-Webb,27,25,True,False,True,Big South-OVC,Big South-OVC,fcs,fcs,
3,regular,2023-09-16 22:00:00+00:00,Livingstone,Virginia Union,20,28,True,False,True,CIAA,CIAA,ii,ii,
3,regular,2023-09-16 22:00:00+00:00,Florida A&M,West Florida,31,10,True,False,False,SWAC,Gulf South,fcs,ii,
3,regular,2023-09-16 22:00:00+00:00,Morgan State,Towson,10,20,True,False,False,MEAC,Coastal Athletic,fcs,fcs,
3,regular,2023-09-16 22:00:00+00:00,Chattanooga,The Citadel,48,3,True,False,True,Southern,Southern,fcs,fcs,
3,regular,2023-09-16 22:00:00+00:00,Fort Valley State,Edward Waters,34,31,True,False,True,SIAC,SIAC,ii,ii,
3,regular,2023-09-16 22:00:00+00:00,Butler,Wabash,47,21,True,False,False,Pioneer,North Coast,fcs,iii,
3,regular,2023-09-16 22:00:00+00:00,Newberry,Emory & Henry,25,23,True,False,True,South Atlantic,South Atlantic,ii,ii,
3,regular,2023-09-16 22:00:00+00:00,Slippery Rock,Millersville,42,21,True,False,True,Pennsylvania State Athletic,Pennsylvania State Athletic,ii,ii,
3,regular,2023-09-16 22:00:00+00:00,Winston-Salem State,Elizabeth City State,24,7,True,False,True,CIAA,CIAA,ii,ii,
3,regular,2023-09-16 22:00:00+00:00,Idaho State,Northern Iowa,17,41,True,False,False,Big Sky,MVFC,fcs,fcs,
3,regular,2023-09-16 22:00:00+00:00,Merrimack,Virginia Lynchburg,44,0,True,False,False,NEC,,fcs,,
3,regular,2023-09-16 22:00:00+00:00,St. Augustine's,Virginia State,12,55,True,False,True,CIAA,CIAA,ii,ii,
3,regular,2023-09-16 22:00:00+00:00,Johnson C. Smith,Bluefield State,30,13,True,False,False,CIAA,Independent DII,ii,ii,
3,regular,2023-09-16 22:00:00+00:00,Catawba,Mars Hill,20,35,True,False,True,South Atlantic,South Atlantic,ii,ii,
3,regular,2023-09-16 22:00:00+00:00,Indianapolis,Wayne State (MI),21,7,True,False,False,Great Lakes,GLIAC,ii,ii,
3,regular,2023-09-16 22:00:00+00:00,New Hampshire,Dartmouth,24,7,True,False,False,Coastal Athletic,Ivy,fcs,fcs,
3,regular,2023-09-16 22:00:00+00:00,Allen,Kentucky State,34,30,True,False,True,SIAC,SIAC,ii,ii,
3,regular,2023-09-16 22:00:00+00:00,Eastern Kentucky,Western Carolina,24,27,True,False,False,UAC,Southern,fcs,fcs,
3,regular,2023-09-16 22:00:00+00:00,Savannah State,Clark Atlanta,28,21,True,False,True,SIAC,SIAC,ii,ii,
3,regular,2023-09-16 22:30:00+00:00,UCF,Villanova,48,14,True,False,False,Big 12,Coastal Athletic,fbs,fcs,
3,regular,2023-09-16 23:00:00+00:00,Oklahoma State,South Alabama,7,33,True,False,False,Big 12,Sun Belt,fbs,fbs,
3,regular,2023-09-16 23:00:00+00:00,Auburn,Samford,45,13,True,False,False,SEC,Southern,fbs,fcs,
3,regular,2023-09-16 23:00:00+00:00,UAB,Louisiana,21,41,True,False,False,American Athletic,Sun Belt,fbs,fbs,
3,regular,2023-09-16 23:00:00+00:00,Ashland,Hillsdale,38,14,True,False,True,Great Midwest Athletic,Great Midwest Athletic,ii,ii,
3,regular,2023-09-16 23:00:00+00:00,Southern Oregon,Willamette,49,7,True,True,False,,Northwest,,iii,
3,regular,2023-09-16 23:00:00+00:00,UT Martin,Houston Christian,66,7,True,False,False,Big South-OVC,Southland,fcs,fcs,
3,regular,2023-09-16 23:00:00+00:00,Toledo,San José State,21,17,True,False,False,Mid-American,Mountain West,fbs,fbs,
3,regular,2023-09-16 23:00:00+00:00,Augustana (IL),Elmhurst,74,6,True,False,True,CCIW,CCIW,iii,iii,
3,regular,2023-09-16 23:00:00+00:00,Harding,Arkansas Monticello,59,19,True,False,True,Great American,Great American,ii,ii,
3,regular,2023-09-16 23:00:00+00:00,Southeast Missouri State,Southern Illinois,25,26,True,False,False,Big South-OVC,MVFC,fcs,fcs,
3,regular,2023-09-16 23:00:00+00:00,SMU,Prairie View A&M,69,0,True,False,False,American Athletic,SWAC,fbs,fcs,
3,regular,2023-09-16 23:00:00+00:00,Wayne State (NE),Southwest Minnesota State,49,10,True,False,True,Northern Sun,Northern Sun,ii,ii,
3,regular,2023-09-16 23:00:00+00:00,Troy,James Madison,14,16,True,False,True,Sun Belt,Sun Belt,fbs,fbs,
3,regular,2023-09-16 23:00:00+00:00,Middle Tennessee,Murray State,35,14,True,False,False,Conference USA,MVFC,fbs,fcs,
3,regular,2023-09-16 23:00:00+00:00,Texas Tech,Tarleton State,41,3,True,False,False,Big 12,UAC,fbs,fcs,
3,regular,2023-09-16 23:00:00+00:00,Alcorn State,McNeese,17,3,True,False,False,SWAC,Southland,fcs,fcs,
3,regular,2023-09-16 23:00:00+00:00,Ouachita Baptist,Southern Arkansas,52,24,True,False,True,Great American,Great American,ii,ii,
3,regular,2023-09-16 23:00:00+00:00,Western Illinois,Lindenwood,40,43,True,False,False,MVFC,Big South-OVC,fcs,fcs,
3,regular,2023-09-16 23:00:00+00:00,Southern,Alabama A&M,20,10,True,False,True,SWAC,SWAC,fcs,fcs,
3,regular,2023-09-16 23:00:00+00:00,Delta State,Mississippi Valley State,35,7,True,False,False,Gulf South,SWAC,ii,fcs,
3,regular,2023-09-16 23:00:00+00:00,Lincoln (MO),Washburn,10,24,True,False,False,Independent DII,Mid America,ii,ii,
3,regular,2023-09-16 23:00:00+00:00,Arkansas Tech,Henderson State,24,27,True,False,True,Great American,Great American,ii,ii,
3,regular,2023-09-16 23:00:00+00:00,North Greenville,West Alabama,23,16,True,False,True,Gulf South,Gulf South,ii,ii,
3,regular,2023-09-16 23:00:00+00:00,Lake Erie,Findlay,3,45,True,False,True,Great Midwest Athletic,Great Midwest Athletic,ii,ii,
3,regular,2023-09-16 23:00:00+00:00,Arkansas State,Stony Brook,31,7,True,False,False,Sun Belt,Coastal Athletic,fbs,fcs,
3,regular,2023-09-16 23:00:00+00:00,Tennessee Tech,North Alabama,7,20,True,False,False,Big South-OVC,UAC,fcs,fcs,
3,regular,2023-09-16 23:00:00+00:00,Valdosta State,Keiser University,49,25,True,False,False,Gulf South,,ii,,
3,regular,2023-09-16 23:00:00+00:00,Kentucky Wesleyan,Walsh,31,28,True,False,True,Great Midwest Athletic,Great Midwest Athletic,ii,ii,
3,regular,2023-09-16 23:00:00+00:00,Thomas More,Ohio Dominican,18,17,True,True,False,,Great Midwest Athletic,,ii,
3,regular,2023-09-16 23:00:00+00:00,Northern State,University of Mary,41,10,True,True,True,Northern Sun,Northern Sun,ii,ii,
3,regular,2023-09-16 23:00:00+00:00,Coastal Carolina,Duquesne,66,7,True,False,False,Sun Belt,NEC,fbs,fcs,
3,regular,2023-09-16 23:00:00+00:00,Southwestern Oklahoma State,East Central,13,24,True,False,True,Great American,Great American,ii,ii,
3,regular,2023-09-16 23:00:00+00:00,Northwestern (OK),Southern Nazarene,29,42,True,False,True,Great American,Great American,ii,ii,
3,regular,2023-09-16 23:00:00+00:00,Northeastern State,Emporia State,0,38,True,False,True,Mid America,Mid America,ii,ii,
3,regular,2023-09-16 23:00:00+00:00,Northwestern State,Stephen F. Austin,7,41,True,False,False,Southland,UAC,fcs,fcs,
3,regular,2023-09-16 23:00:00+00:00,Rice,Texas Southern,59,7,True,False,False,American Athletic,SWAC,fbs,fcs,
3,regular,2023-09-16 23:00:00+00:00,Nebraska,Northern Illinois,35,11,True,False,False,Big Ten,Mid-American,fbs,fbs,
3,regular,2023-09-16 23:00:00+00:00,Case Western Reserve,Grove City,24,27,True,False,True,Presidents',Presidents',iii,iii,
3,regular,2023-09-16 23:00:00+00:00,UNLV,Vanderbilt,40,37,True,False,False,Mountain West,SEC,fbs,fbs,
3,regular,2023-09-16 23:00:00+00:00,Ohio Wesleyan,Wooster,49,20,True,False,True,North Coast,North Coast,iii,iii,
3,regular,2023-09-16 23:00:00+00:00,Austin Peay,East Tennessee State,63,3,True,False,False,UAC,Southern,fcs,fcs,
3,regular,2023-09-16 23:00:00+00:00,Louisiana Tech,North Texas,37,40,True,False,False,Conference USA,American Athletic,fbs,fbs,
3,regular,2023-09-16 23:00:00+00:00,Florida,Tennessee,29,16,True,False,True,SEC,SEC,fbs,fbs,
3,regular,2023-09-16 23:00:00+00:00,Texas Lutheran,Ave Maria University,14,27,True,False,False,American Southwest,,iii,,
3,regular,2023-09-16 23:00:00+00:00,Cincinnati,Miami (OH),24,31,True,False,False,Big 12,Mid-American,fbs,fbs,
3,regular,2023-09-16 23:30:00+00:00,West Virginia,Pittsburgh,17,6,True,False,False,Big 12,ACC,fbs,fbs,
3,regular,2023-09-16 23:30:00+00:00,Michigan,Bowling Green,31,6,True,False,False,Big Ten,Mid-American,fbs,fbs,
3,regular,2023-09-16 23:30:00+00:00,Ole Miss,Georgia Tech,48,23,True,False,False,SEC,ACC,fbs,fbs,
3,regular,2023-09-16 23:30:00+00:00,Kentucky,Akron,35,3,True,False,False,SEC,Mid-American,fbs,fbs,
3,regular,2023-09-16 23:30:00+00:00,Arkansas,BYU,31,38,True,False,False,SEC,Big 12,fbs,fbs,
3,regular,2023-09-16 23:30:00+00:00,Concordia St. Paul,Augustana (SD),16,24,True,False,True,Northern Sun,Northern Sun,ii,ii,
3,regular,2023-09-16 23:30:00+00:00,Purdue,Syracuse,20,35,True,False,False,Big Ten,ACC,fbs,fbs,
3,regular,2023-09-17 00:00:00+00:00,Houston,TCU,13,36,True,False,True,Big 12,Big 12,fbs,fbs,
3,regular,2023-09-17 00:00:00+00:00,Western New Mexico,Texas A&M-Kingsville,9,30,True,False,True,Lone Star,Lone Star,ii,ii,
3,regular,2023-09-17 00:00:00+00:00,Oregon,Hawai'i,55,10,True,False,False,Pac-12,Mountain West,fbs,fbs,
3,regular,2023-09-17 00:00:00+00:00,Oklahoma Baptist,Southeastern Oklahoma State,36,3,True,False,True,Great American,Great American,ii,ii,
3,regular,2023-09-17 00:00:00+00:00,Clemson,Florida Atlantic,48,14,True,False,False,ACC,American Athletic,fbs,fbs,
3,regular,2023-09-17 00:00:00+00:00,Cal Poly,Lincoln (CA),41,20,True,False,False,Big Sky,,fcs,,
3,regular,2023-09-17 00:00:00+00:00,Abilene Christian,Incarnate Word,20,27,True,False,False,UAC,Southland,fcs,fcs,
3,regular,2023-09-17 00:00:00+00:00,Stanford,Sacramento State,23,30,True,False,False,Pac-12,Big Sky,fbs,fcs,
3,regular,2023-09-17 00:00:00+00:00,Fort Hays,Northwest Missouri State,17,6,True,False,True,Mid America,Mid America,ii,ii,
3,regular,2023-09-17 00:00:00+00:00,Texas,Wyoming,31,10,True,False,False,Big 12,Mountain West,fbs,fbs,
3,regular,2023-09-17 00:00:00+00:00,Montana,Ferris State,17,10,True,False,False,Big Sky,GLIAC,fcs,ii,
3,regular,2023-09-17 00:00:00+00:00,New Mexico,New Mexico State,17,27,True,False,False,Mountain West,Conference USA,fbs,fbs,
3,regular,2023-09-17 00:00:00+00:00,Black Hills State,Chadron State,55,19,True,False,True,Rocky Mountain,Rocky Mountain,ii,ii,
3,regular,2023-09-17 00:00:00+00:00,West Texas,Midwestern State,23,0,True,False,True,Lone Star,Lone Star,ii,ii,
3,regular,2023-09-17 00:00:00+00:00,Mississippi College,West Georgia,35,38,True,False,True,Gulf South,Gulf South,ii,ii,
3,regular,2023-09-17 00:30:00+00:00,Texas State,Jackson State,77,34,True,False,False,Sun Belt,SWAC,fbs,fcs,
3,regular,2023-09-17 01:00:00+00:00,Central Washington,Angelo State,27,24,True,False,True,Lone Star,Lone Star,ii,ii,
3,regular,2023-09-17 02:00:00+00:00,Chapman,Whitworth,17,24,True,False,False,So. Cal.,Northwest,iii,iii,
3,regular,2023-09-17 02:00:00+00:00,UC Davis,Southern Utah,23,21,True,False,False,Big Sky,UAC,fcs,fcs,
3,regular,2023-09-17 02:00:00+00:00,Colorado,Colorado State,43,35,True,False,False,Pac-12,Mountain West,fbs,fbs,
3,regular,2023-09-17 02:00:00+00:00,Pomona Pitzer,Pacific (OR),24,17,True,False,False,So. Cal.,Northwest,iii,iii,
3,regular,2023-09-17 02:00:00+00:00,Redlands,Linfield,10,17,True,False,False,So. Cal.,Northwest,iii,iii,
3,regular,2023-09-17 02:30:00+00:00,Arizona State,Fresno State,0,29,True,False,False,Pac-12,Mountain West,fbs,fbs,
3,regular,2023-09-17 02:30:00+00:00,Nevada,Kansas,24,31,True,False,False,Mountain West,Big 12,fbs,fbs,
3,regular,2023-09-17 03:00:00+00:00,Arizona,UTEP,31,10,True,False,False,Pac-12,Conference USA,fbs,fbs,
4,regular,2023-09-21 23:00:00+00:00,Franklin & Marshall,The College of New Jersey,34,9,True,False,False,Centennial,New Jersey,iii,iii,
4,regular,2023-09-21 23:30:00+00:00,Alabama A&M,Arkansas-Pine Bluff,31,24,True,False,True,SWAC,SWAC,fcs,fcs,
4,regular,2023-09-21 23:30:00+00:00,Coastal Carolina,Georgia State,17,30,True,False,True,Sun Belt,Sun Belt,fbs,fbs,
4,regular,2023-09-22 23:00:00+00:00,Purdue,Wisconsin,17,38,True,False,True,Big Ten,Big Ten,fbs,fbs,
4,regular,2023-09-22 23:00:00+00:00,Harvard,Brown,34,31,True,False,True,Ivy,Ivy,fcs,fcs,
4,regular,2023-09-22 23:00:00+00:00,Endicott,Hardin Simmons,37,10,True,False,False,Commonwealth Coast,American Southwest,iii,iii,
4,regular,2023-09-22 23:30:00+00:00,Virginia,NC State,21,24,True,False,True,ACC,ACC,fbs,fbs,
4,regular,2023-09-23 02:30:00+00:00,San Diego State,Boise State,31,34,True,False,True,Mountain West,Mountain West,fbs,fbs,
4,regular,2023-09-23 02:30:00+00:00,San José State,Air Force,20,45,True,False,True,Mountain West,Mountain West,fbs,fbs,
4,regular,2023-09-23 16:00:00+00:00,Saint Francis,Sacred Heart,34,37,True,False,True,NEC,NEC,fcs,fcs,
4,regular,2023-09-23 16:00:00+00:00,Clemson,Florida State,24,31,True,False,True,ACC,ACC,fbs,fbs,
4,regular,2023-09-23 16:00:00+00:00,Cincinnati,Oklahoma,6,20,True,False,True,Big 12,Big 12,fbs,fbs,
4,regular,2023-09-23 16:00:00+00:00,Wheeling,Concord,44,27,True,False,True,Mountain East,Mountain East,ii,ii,
4,regular,2023-09-23 16:00:00+00:00,Millersville,West Chester,23,14,True,False,True,Pennsylvania State Athletic,Pennsylvania State Athletic,ii,ii,
4,regular,2023-09-23 16:00:00+00:00,Michigan,Rutgers,31,7,True,False,True,Big Ten,Big Ten,fbs,fbs,
4,regular,2023-09-23 16:00:00+00:00,Syracuse,Army,29,16,True,False,False,ACC,FBS Independents,fbs,fbs,
4,regular,2023-09-23 16:00:00+00:00,TCU,SMU,34,17,True,False,False,Big 12,American Athletic,fbs,fbs,
4,regular,2023-09-23 16:00:00+00:00,MIT,Salve Regina,7,34,True,False,False,NEWMAC,Commonwealth Coast,iii,iii,
4,regular,2023-09-23 16:00:00+00:00,Texas A&M,Auburn,27,10,True,False,True,SEC,SEC,fbs,fbs,
4,regular,2023-09-23 16:00:00+00:00,Stetson,Butler,18,28,True,False,True,Pioneer,Pioneer,fcs,fcs,
4,regular,2023-09-23 16:00:00+00:00,Albion,Wisconsin Stevens Point,30,7,True,False,False,Michigan,Wisconsin,iii,iii,
4,regular,2023-09-23 16:00:00+00:00,Utica,Curry,31,7,True,False,False,Empire 8,Commonwealth Coast,iii,iii,
4,regular,2023-09-23 16:00:00+00:00,Edinboro,California (PA),10,31,True,False,True,Pennsylvania State Athletic,Pennsylvania State Athletic,ii,ii,
4,regular,2023-09-23 16:00:00+00:00,Notre Dame College,Fairmont State,14,17,True,False,True,Mountain East,Mountain East,ii,ii,
4,regular,2023-09-23 16:00:00+00:00,Southern Connecticut State,Bentley,6,13,True,False,True,Northeast 10,Northeast 10,ii,ii,
4,regular,2023-09-23 16:00:00+00:00,UMass Dartmouth,Worcester State,59,0,True,False,True,MSCAC,MSCAC,iii,iii,
4,regular,2023-09-23 16:00:00+00:00,Hiram,Denison,24,55,True,False,True,North Coast,North Coast,iii,iii,
4,regular,2023-09-23 16:00:00+00:00,Walsh,Thomas More,10,26,True,False,False,Great Midwest Athletic,,ii,,
4,regular,2023-09-23 16:00:00+00:00,Wittenberg,Alma,28,48,True,False,False,North Coast,Michigan,iii,iii,
4,regular,2023-09-23 16:00:00+00:00,Brockport,Lycoming,59,3,True,False,False,Empire 8,Landmark Conference,iii,iii,
4,regular,2023-09-23 16:00:00+00:00,Framingham State,Westfield State,9,8,True,False,True,MSCAC,MSCAC,iii,iii,
4,regular,2023-09-23 16:00:00+00:00,Hope,Northwestern (MN),54,17,True,False,False,Michigan,Upper Midwest,iii,iii,
4,regular,2023-09-23 16:00:00+00:00,Shepherd,Kutztown,3,20,True,False,True,Pennsylvania State Athletic,Pennsylvania State Athletic,ii,ii,
4,regular,2023-09-23 16:00:00+00:00,Albright,FDU Florham,6,14,True,False,True,Mid Atlantic,Mid Atlantic,iii,iii,
4,regular,2023-09-23 16:00:00+00:00,Belhaven,Greensboro,34,0,True,False,True,USA South,USA South,iii,iii,
4,regular,2023-09-23 16:00:00+00:00,Merchant Marine,SUNY Maritime,36,19,True,False,True,NEWMAC,NEWMAC,iii,iii,
4,regular,2023-09-23 16:00:00+00:00,Davenport,William Jewell,55,27,True,False,False,GLIAC,Great Lakes,ii,ii,
4,regular,2023-09-23 16:00:00+00:00,Princeton,Bryant,13,16,True,False,False,Ivy,Big South-OVC,fcs,fcs,
4,regular,2023-09-23 16:00:00+00:00,Yale,Cornell,21,23,True,False,True,Ivy,Ivy,fcs,fcs,
4,regular,2023-09-23 16:00:00+00:00,Vanderbilt,Kentucky,28,45,True,False,True,SEC,SEC,fbs,fbs,
4,regular,2023-09-23 16:00:00+00:00,Marshall,Virginia Tech,24,17,True,False,False,Sun Belt,ACC,fbs,fbs,
4,regular,2023-09-23 16:00:00+00:00,Northern Illinois,Tulsa,14,22,True,False,False,Mid-American,American Athletic,fbs,fbs,
4,regular,2023-09-23 16:00:00+00:00,Troy,Western Kentucky,27,24,True,False,False,Sun Belt,Conference USA,fbs,fbs,
4,regular,2023-09-23 16:30:00+00:00,Columbia,Georgetown,30,0,True,False,False,Ivy,Patriot,fcs,fcs,
4,regular,2023-09-23 17:00:00+00:00,Shippensburg,Bloomsburg,7,0,True,False,True,Pennsylvania State Athletic,Pennsylvania State Athletic,ii,ii,
4,regular,2023-09-23 17:00:00+00:00,Misericordia,Alvernia,35,15,True,False,True,Mid Atlantic,Mid Atlantic,iii,iii,
4,regular,2023-09-23 17:00:00+00:00,Furman,Mercer,38,14,True,False,True,Southern,Southern,fcs,fcs,
4,regular,2023-09-23 17:00:00+00:00,Alderson-Broaddus,Frostburg State,0,0,True,False,True,Mountain East,Mountain East,ii,ii,
4,regular,2023-09-23 17:00:00+00:00,New England,Rochester (NY),27,29,True,False,False,Commonwealth Coast,Liberty League,iii,iii,
4,regular,2023-09-23 17:00:00+00:00,Susquehanna,Western New England,26,18,True,False,False,Landmark Conference,Commonwealth Coast,iii,iii,
4,regular,2023-09-23 17:00:00+00:00,Mars Hill,Barton,16,14,True,False,True,South Atlantic,South Atlantic,ii,ii,
4,regular,2023-09-23 17:00:00+00:00,Wayne State (MI),Truman State,7,41,True,False,False,GLIAC,Great Lakes,ii,ii,
4,regular,2023-09-23 17:00:00+00:00,Charleston (WV),West Virginia Wesleyan,76,16,True,False,True,Mountain East,Mountain East,ii,ii,
4,regular,2023-09-23 17:00:00+00:00,Gannon,Clarion,27,20,True,False,True,Pennsylvania State Athletic,Pennsylvania State Athletic,ii,ii,
4,regular,2023-09-23 17:00:00+00:00,Illinois State,Lindenwood,48,17,True,False,False,MVFC,Big South-OVC,fcs,fcs,
4,regular,2023-09-23 17:00:00+00:00,Lock Haven,East Stroudsburg,21,35,True,False,True,Pennsylvania State Athletic,Pennsylvania State Athletic,ii,ii,
4,regular,2023-09-23 17:00:00+00:00,Bowdoin,Williams,20,0,True,False,True,NESCAC,NESCAC,iii,iii,
4,regular,2023-09-23 17:00:00+00:00,Wesleyan (CT),Middlebury,24,21,True,False,True,NESCAC,NESCAC,iii,iii,
4,regular,2023-09-23 17:00:00+00:00,Kentucky State,Fort Valley State,9,31,True,False,True,SIAC,SIAC,ii,ii,
4,regular,2023-09-23 17:00:00+00:00,Missouri Western,Fort Hays,28,7,True,False,True,Mid America,Mid America,ii,ii,
4,regular,2023-09-23 17:00:00+00:00,LaGrange,Huntingdon,6,41,True,False,True,USA South,USA South,iii,iii,
4,regular,2023-09-23 17:00:00+00:00,Methodist,Southern Virginia,27,21,True,False,True,USA South,USA South,iii,iii,
4,regular,2023-09-23 17:00:00+00:00,Emory & Henry,Wingate,10,31,True,False,True,South Atlantic,South Atlantic,ii,ii,
4,regular,2023-09-23 17:00:00+00:00,Alfred State,Hilbert,48,7,True,False,False,ECFC,North Coast,iii,iii,
4,regular,2023-09-23 17:00:00+00:00,Northwood,Lake Erie,68,14,True,False,True,Great Midwest Athletic,Great Midwest Athletic,ii,ii,
4,regular,2023-09-23 17:00:00+00:00,DePauw,Ohio Wesleyan,28,7,True,False,True,North Coast,North Coast,iii,iii,
4,regular,2023-09-23 17:00:00+00:00,Fordham,Stonehill,44,0,True,False,False,Patriot,NEC,fcs,fcs,
4,regular,2023-09-23 17:00:00+00:00,Carson Newman,Lenoir Rhyne,7,24,True,False,True,South Atlantic,South Atlantic,ii,ii,
4,regular,2023-09-23 17:00:00+00:00,Delaware Valley,King's,28,0,True,False,True,Mid Atlantic,Mid Atlantic,iii,iii,
4,regular,2023-09-23 17:00:00+00:00,Colby,Trinity (CT),7,48,True,False,True,NESCAC,NESCAC,iii,iii,
4,regular,2023-09-23 17:00:00+00:00,Mass Maritime,Fitchburg State,21,3,True,False,True,MSCAC,MSCAC,iii,iii,
4,regular,2023-09-23 17:00:00+00:00,Lawrence,Minnesota Morris,22,38,True,False,False,Midwest,Upper Midwest,iii,iii,
4,regular,2023-09-23 17:00:00+00:00,Catholic,Alfred,6,9,True,False,False,Landmark Conference,Empire 8,iii,iii,
4,regular,2023-09-23 17:00:00+00:00,Lebanon Valley,Eastern,45,7,True,False,True,Mid Atlantic,Mid Atlantic,iii,iii,
4,regular,2023-09-23 17:00:00+00:00,Crown,Austin,23,34,True,False,False,Upper Midwest,American Southwest,iii,iii,
4,regular,2023-09-23 17:00:00+00:00,Union,Montclair State,43,7,True,False,False,Liberty League,New Jersey,iii,iii,
4,regular,2023-09-23 17:00:00+00:00,Greenville,Adrian,38,35,True,False,False,Upper Midwest,Michigan,iii,iii,
4,regular,2023-09-23 17:00:00+00:00,Wooster,Kenyon,70,21,True,False,True,North Coast,North Coast,iii,iii,
4,regular,2023-09-23 17:00:00+00:00,Central State,Allen,28,34,True,False,True,SIAC,SIAC,ii,ii,
4,regular,2023-09-23 17:00:00+00:00,Northwest Missouri State,Lincoln (MO),59,0,True,False,False,Mid America,Independent DII,ii,ii,
4,regular,2023-09-23 17:00:00+00:00,West Liberty,UNC Pembroke,19,37,True,False,True,Mountain East,Mountain East,ii,ii,
4,regular,2023-09-23 17:00:00+00:00,Bowie State,St. Augustine's,10,7,True,False,True,CIAA,CIAA,ii,ii,
4,regular,2023-09-23 17:00:00+00:00,Waynesburg,Westminster (PA),20,31,True,False,True,Presidents',Presidents',iii,iii,
4,regular,2023-09-23 17:00:00+00:00,Mercyhurst,IU Pennsylvania,13,30,True,False,True,Pennsylvania State Athletic,Pennsylvania State Athletic,ii,ii,
4,regular,2023-09-23 17:00:00+00:00,Valparaiso,Marist,30,36,True,False,True,Pioneer,Pioneer,fcs,fcs,
4,regular,2023-09-23 17:00:00+00:00,Centre,Berry,16,49,True,False,True,Southern Athletic,Southern Athletic,iii,iii,
4,regular,2023-09-23 17:00:00+00:00,Amherst,Hamilton,17,14,True,False,True,NESCAC,NESCAC,iii,iii,
4,regular,2023-09-23 17:00:00+00:00,Allegheny,Bethany (WV),31,20,True,False,True,Presidents',Presidents',iii,iii,
4,regular,2023-09-23 17:05:00+00:00,Washington & Jefferson,Thiel,56,14,True,False,True,Presidents',Presidents',iii,iii,
4,regular,2023-09-23 17:30:00+00:00,Hanover,Trine,38,14,True,False,False,Heartland,Michigan,iii,iii,
4,regular,2023-09-23 17:30:00+00:00,VMI,Wofford,17,14,True,False,True,Southern,Southern,fcs,fcs,
4,regular,2023-09-23 17:30:00+00:00,Marietta,Otterbein,50,0,True,False,True,Ohio,Ohio,iii,iii,
4,regular,2023-09-23 17:30:00+00:00,Heidelberg,John Carroll,7,34,True,False,True,Ohio,Ohio,iii,iii,
4,regular,2023-09-23 17:30:00+00:00,Ohio Northern,Baldwin Wallace,21,31,True,False,True,Ohio,Ohio,iii,iii,
4,regular,2023-09-23 17:30:00+00:00,Dartmouth,Lehigh,34,17,True,False,False,Ivy,Patriot,fcs,fcs,
4,regular,2023-09-23 17:30:00+00:00,Mount Union,Muskingum,74,7,True,False,True,Ohio,Ohio,iii,iii,
4,regular,2023-09-23 17:30:00+00:00,Toledo,Western Michigan,49,31,True,False,True,Mid-American,Mid-American,fbs,fbs,
4,regular,2023-09-23 18:00:00+00:00,Norwich,WPI,17,38,True,False,True,NEWMAC,NEWMAC,iii,iii,
4,regular,2023-09-23 18:00:00+00:00,Holy Cross,Colgate,47,7,True,False,True,Patriot,Patriot,fcs,fcs,
4,regular,2023-09-23 18:00:00+00:00,Sioux Falls,Minot State,7,0,True,False,True,Northern Sun,Northern Sun,ii,ii,
4,regular,2023-09-23 18:00:00+00:00,Emporia State,Central Oklahoma,38,27,True,False,True,Mid America,Mid America,ii,ii,
4,regular,2023-09-23 18:00:00+00:00,Coe,Nebraska Wesleyan,56,6,True,False,True,American Rivers,American Rivers,iii,iii,
4,regular,2023-09-23 18:00:00+00:00,Southwestern U,Birmingham-Southern,43,20,True,False,True,Southern Athletic,Southern Athletic,iii,iii,
4,regular,2023-09-23 18:00:00+00:00,Saint John's (MN),Bethel (MN),27,7,True,False,True,Minnesota,Minnesota,iii,iii,
4,regular,2023-09-23 18:00:00+00:00,Gustavus Adolphus,Augsburg,31,33,True,False,True,Minnesota,Minnesota,iii,iii,
4,regular,2023-09-23 18:00:00+00:00,North Park,Millikin,38,0,True,False,True,CCIW,CCIW,iii,iii,
4,regular,2023-09-23 18:00:00+00:00,Chadron State,Western Colorado,17,35,True,False,True,Rocky Mountain,Rocky Mountain,ii,ii,
4,regular,2023-09-23 18:00:00+00:00,Washburn,Central Missouri,28,58,True,False,True,Mid America,Mid America,ii,ii,
4,regular,2023-09-23 18:00:00+00:00,Dubuque,Loras,35,23,True,False,True,American Rivers,American Rivers,iii,iii,
4,regular,2023-09-23 18:00:00+00:00,Benedictine (IL),Concordia Chicago,48,14,True,False,True,NACC,NACC,iii,iii,
4,regular,2023-09-23 18:00:00+00:00,Minnesota State,Concordia St. Paul,42,10,True,False,True,Northern Sun,Northern Sun,ii,ii,
4,regular,2023-09-23 18:00:00+00:00,Concordia (WI),Wisconsin Lutheran,41,0,True,False,True,NACC,NACC,iii,iii,
4,regular,2023-09-23 18:00:00+00:00,Southwest Minnesota State,Minnesota Duluth,0,33,True,False,True,Northern Sun,Northern Sun,ii,ii,
4,regular,2023-09-23 18:00:00+00:00,Edward Waters,Morehouse,44,13,True,False,True,SIAC,SIAC,ii,ii,
4,regular,2023-09-23 18:00:00+00:00,Simpson (IA),Wartburg,0,63,True,False,True,American Rivers,American Rivers,iii,iii,
4,regular,2023-09-23 18:00:00+00:00,St. Thomas (MN),Morehead State,35,28,True,False,True,Pioneer,Pioneer,fcs,fcs,
4,regular,2023-09-23 18:00:00+00:00,UVA Wise,Limestone,17,38,True,False,True,South Atlantic,South Atlantic,ii,ii,
4,regular,2023-09-23 18:00:00+00:00,Tuskegee,Lane College,28,22,True,False,True,SIAC,SIAC,ii,ii,
4,regular,2023-09-23 18:00:00+00:00,Saginaw Valley State,Indianapolis,10,35,True,False,False,GLIAC,Great Lakes,ii,ii,
4,regular,2023-09-23 18:00:00+00:00,Luther,Central College,16,41,True,False,True,American Rivers,American Rivers,iii,iii,
4,regular,2023-09-23 18:00:00+00:00,Wabash,Oberlin,59,6,True,False,True,North Coast,North Coast,iii,iii,
4,regular,2023-09-23 18:00:00+00:00,St. Lawrence,Vermont State Castleton,28,0,True,False,False,Liberty League,ECFC,iii,iii,
4,regular,2023-09-23 18:00:00+00:00,St. Scholastica,Concordia (MN),16,49,True,False,True,Minnesota,Minnesota,iii,iii,
4,regular,2023-09-23 18:00:00+00:00,Lyon,Westminster (MO),30,7,True,True,False,,Upper Midwest,,iii,
4,regular,2023-09-23 18:00:00+00:00,Rockford,Lakeland,20,41,True,False,True,NACC,NACC,iii,iii,
4,regular,2023-09-23 18:00:00+00:00,Ball State,Georgia Southern,3,40,True,False,False,Mid-American,Sun Belt,fbs,fbs,
4,regular,2023-09-23 18:00:00+00:00,Augustana (SD),Minnesota St Moorhead,31,27,True,False,True,Northern Sun,Northern Sun,ii,ii,
4,regular,2023-09-23 18:00:00+00:00,Moravian,SUNY Morrisville,19,20,True,False,False,Landmark Conference,Empire 8,iii,iii,
4,regular,2023-09-23 18:00:00+00:00,Upper Iowa,Michigan Tech,31,34,True,False,False,Northern Sun,GLIAC,ii,ii,
4,regular,2023-09-23 18:00:00+00:00,Washington St. Louis,Carthage,38,7,True,False,True,CCIW,CCIW,iii,iii,
4,regular,2023-09-23 18:00:00+00:00,Eureka,St. Norbert,21,17,True,False,True,NACC,NACC,iii,iii,
4,regular,2023-09-23 18:00:00+00:00,Winona State,Northern State,39,16,True,False,True,Northern Sun,Northern Sun,ii,ii,
4,regular,2023-09-23 18:00:00+00:00,Quincy,Northern Michigan,45,27,True,False,False,Great Lakes,GLIAC,ii,ii,
4,regular,2023-09-23 18:00:00+00:00,Carroll (WI),Illinois Wesleyan,70,23,True,False,True,CCIW,CCIW,iii,iii,
4,regular,2023-09-23 18:00:00+00:00,St. Olaf,Macalester,38,13,True,False,True,Minnesota,Minnesota,iii,iii,
4,regular,2023-09-23 18:00:00+00:00,Carleton,Hamline,31,27,True,False,True,Minnesota,Minnesota,iii,iii,
4,regular,2023-09-23 18:00:00+00:00,Villanova,Rhode Island,35,9,True,False,True,Coastal Athletic,Coastal Athletic,fcs,fcs,
4,regular,2023-09-23 18:00:00+00:00,New Mexico Highlands,South Dakota Mines,7,42,True,False,True,Rocky Mountain,Rocky Mountain,ii,ii,
4,regular,2023-09-23 18:30:00+00:00,Western Carolina,Charleston Southern,77,21,True,False,False,Southern,Big South-OVC,fcs,fcs,
4,regular,2023-09-23 19:00:00+00:00,Southern Nazarene,Southwestern Oklahoma State,41,7,True,False,True,Great American,Great American,ii,ii,
4,regular,2023-09-23 19:00:00+00:00,Elmhurst,North Central College,6,59,True,False,True,CCIW,CCIW,iii,iii,
4,regular,2023-09-23 19:00:00+00:00,Missouri State,Utah Tech,59,14,True,False,False,MVFC,UAC,fcs,fcs,
4,regular,2023-09-23 19:00:00+00:00,Samford,Chattanooga,24,47,True,False,True,Southern,Southern,fcs,fcs,
4,regular,2023-09-23 19:00:00+00:00,Millsaps,Hendrix,42,53,True,False,True,Southern Athletic,Southern Athletic,iii,iii,
4,regular,2023-09-23 19:00:00+00:00,Albany State,Savannah State,15,12,True,True,True,SIAC,SIAC,ii,ii,Coastal City HBCU Classic
4,regular,2023-09-23 19:00:00+00:00,Colorado Mesa,Black Hills State,23,25,True,False,True,Rocky Mountain,Rocky Mountain,ii,ii,
4,regular,2023-09-23 19:00:00+00:00,Chowan,Benedict,3,31,True,False,False,Gulf South,SIAC,ii,ii,
4,regular,2023-09-23 19:00:00+00:00,North Carolina Central,Mississippi Valley State,45,3,True,True,False,MEAC,SWAC,fcs,fcs,
4,regular,2023-09-23 19:00:00+00:00,Robert Morris,Virginia Lynchburg,46,0,True,False,False,Big South,,fcs,,
4,regular,2023-09-23 19:00:00+00:00,Eastern Illinois,McNeese,31,28,True,False,False,Big South-OVC,Southland,fcs,fcs,
4,regular,2023-09-23 19:00:00+00:00,Grambling,Texas Southern,35,23,True,False,True,SWAC,SWAC,fcs,fcs,
4,regular,2023-09-23 19:00:00+00:00,Pittsburg State,Nebraska Kearney,33,14,True,False,True,Mid America,Mid America,ii,ii,
4,regular,2023-09-23 19:00:00+00:00,Seton Hill,Slippery Rock,14,35,True,False,True,Pennsylvania State Athletic,Pennsylvania State Athletic,ii,ii,
4,regular,2023-09-23 19:00:00+00:00,Nichols,Hartwick,52,3,True,False,False,Commonwealth Coast,Empire 8,iii,iii,
4,regular,2023-09-23 19:00:00+00:00,University of Mary,Bemidji State,10,41,True,False,True,Northern Sun,Northern Sun,ii,ii,
4,regular,2023-09-23 19:00:00+00:00,Missouri Southern State,Northeastern State,42,0,True,False,True,Mid America,Mid America,ii,ii,
4,regular,2023-09-23 19:00:00+00:00,Shenandoah,Juniata,48,7,True,False,False,Old Dominion,Landmark Conference,iii,iii,
4,regular,2023-09-23 19:30:00+00:00,Old Dominion,East Texas A&M,10,9,True,False,False,Sun Belt,Southland,fbs,fcs,
4,regular,2023-09-23 19:30:00+00:00,Nebraska,Louisiana Tech,28,14,True,False,False,Big Ten,Conference USA,fbs,fbs,
4,regular,2023-09-23 19:30:00+00:00,UConn,Duke,7,41,True,False,False,FBS Independents,ACC,fbs,fbs,
4,regular,2023-09-23 19:30:00+00:00,Husson,Anna Maria College,50,49,True,False,False,Commonwealth Coast,ECFC,iii,iii,
4,regular,2023-09-23 19:30:00+00:00,Miami (OH),Delaware State,62,20,True,False,False,Mid-American,MEAC,fbs,fcs,
4,regular,2023-09-23 19:30:00+00:00,West Virginia,Texas Tech,20,13,True,False,True,Big 12,Big 12,fbs,fbs,
4,regular,2023-09-23 19:30:00+00:00,Temple,Miami,7,41,True,False,False,American Athletic,ACC,fbs,fbs,
4,regular,2023-09-23 19:30:00+00:00,Springfield,Coast Guard,63,14,True,False,True,NEWMAC,NEWMAC,iii,iii,
4,regular,2023-09-23 19:30:00+00:00,Lafayette,Monmouth,28,20,True,False,False,Patriot,Coastal Athletic,fcs,fcs,
4,regular,2023-09-23 19:30:00+00:00,Massachusetts,New Mexico,31,34,True,False,False,FBS Independents,Mountain West,fbs,fbs,
4,regular,2023-09-23 19:30:00+00:00,Bucknell,Pennsylvania,21,37,True,False,False,Patriot,Ivy,fcs,fcs,
4,regular,2023-09-23 19:30:00+00:00,William & Mary,Maine,28,3,True,False,True,Coastal Athletic,Coastal Athletic,fcs,fcs,
4,regular,2023-09-23 19:30:00+00:00,Louisville,Boston College,56,28,True,False,True,ACC,ACC,fbs,fbs,
4,regular,2023-09-23 19:30:00+00:00,Stony Brook,Richmond,19,20,True,False,True,Coastal Athletic,Coastal Athletic,fcs,fcs,
4,regular,2023-09-23 19:30:00+00:00,Michigan State,Maryland,9,31,True,False,True,Big Ten,Big Ten,fbs,fbs,
4,regular,2023-09-23 19:30:00+00:00,Kansas,BYU,38,27,True,False,True,Big 12,Big 12,fbs,fbs,
4,regular,2023-09-23 19:30:00+00:00,Alabama,Ole Miss,24,10,True,False,True,SEC,SEC,fbs,fbs,
4,regular,2023-09-23 19:30:00+00:00,Bowling Green,Ohio,7,38,True,False,True,Mid-American,Mid-American,fbs,fbs,
4,regular,2023-09-23 19:30:00+00:00,Oregon,Colorado,42,6,True,False,True,Pac-12,Pac-12,fbs,fbs,
4,regular,2023-09-23 19:30:00+00:00,Utah,UCLA,14,7,True,False,True,Pac-12,Pac-12,fbs,fbs,
4,regular,2023-09-23 19:30:00+00:00,Illinois,Florida Atlantic,23,17,True,False,False,Big Ten,American Athletic,fbs,fbs,
4,regular,2023-09-23 20:00:00+00:00,Tiffin,Ashland,55,30,True,False,True,Great Midwest Athletic,Great Midwest Athletic,ii,ii,
4,regular,2023-09-23 20:00:00+00:00,Hillsdale,Findlay,21,31,True,False,True,Great Midwest Athletic,Great Midwest Athletic,ii,ii,
4,regular,2023-09-23 20:00:00+00:00,Wagner,Merrimack,30,27,True,False,True,NEC,NEC,fcs,fcs,
4,regular,2023-09-23 20:00:00+00:00,Idaho,Sacramento State,36,27,True,False,True,Big Sky,Big Sky,fcs,fcs,
4,regular,2023-09-23 20:00:00+00:00,St. John Fisher,Wilkes,29,20,True,False,False,Empire 8,Landmark Conference,iii,iii,
4,regular,2023-09-23 20:00:00+00:00,CSU Pueblo,Colorado School of Mines,14,55,True,False,True,Rocky Mountain,Rocky Mountain,ii,ii,
4,regular,2023-09-23 20:00:00+00:00,Claremont Mudd Scripps,Cal Lutheran,49,28,True,False,True,So. Cal.,So. Cal.,iii,iii,
4,regular,2023-09-23 20:00:00+00:00,Bridgewater State,Western Connecticut State,35,28,True,False,True,MSCAC,MSCAC,iii,iii,
4,regular,2023-09-23 20:00:00+00:00,South Florida,Rice,42,29,True,False,True,American Athletic,American Athletic,fbs,fbs,
4,regular,2023-09-23 20:00:00+00:00,American International,Pace,14,24,True,False,True,Northeast 10,Northeast 10,ii,ii,
4,regular,2023-09-23 20:00:00+00:00,Northern Arizona,Montana,28,14,True,False,True,Big Sky,Big Sky,fcs,fcs,
4,regular,2023-09-23 20:00:00+00:00,Tennessee,UTSA,45,14,True,False,False,SEC,American Athletic,fbs,fbs,
4,regular,2023-09-23 20:00:00+00:00,Portland State,Cal Poly,59,21,True,False,True,Big Sky,Big Sky,fcs,fcs,
4,regular,2023-09-23 20:00:00+00:00,Iowa State,Oklahoma State,34,27,True,False,True,Big 12,Big 12,fbs,fbs,
4,regular,2023-09-23 20:00:00+00:00,Tusculum,Catawba,35,21,True,False,True,South Atlantic,South Atlantic,ii,ii,
4,regular,2023-09-23 20:00:00+00:00,Towson,Norfolk State,14,21,True,False,False,Coastal Athletic,MEAC,fcs,fcs,
4,regular,2023-09-23 20:05:00+00:00,Western Oregon,Central Washington,7,17,True,False,True,Lone Star,Lone Star,ii,ii,
4,regular,2023-09-23 20:30:00+00:00,Saint Anselm,Post,42,21,True,False,False,Northeast 10,Independent DII,ii,ii,
4,regular,2023-09-23 21:00:00+00:00,San Diego,Dayton,40,25,True,False,True,Pioneer,Pioneer,fcs,fcs,
4,regular,2023-09-23 21:00:00+00:00,Miles,Clark Atlanta,55,14,True,False,True,SIAC,SIAC,ii,ii,
4,regular,2023-09-23 21:00:00+00:00,Rensselaer,Dean,63,0,True,False,False,Liberty League,ECFC,iii,iii,
4,regular,2023-09-23 21:00:00+00:00,Brevard,Maryville (TN),37,35,True,False,True,USA South,USA South,iii,iii,
4,regular,2023-09-23 21:00:00+00:00,South Alabama,Central Michigan,30,34,True,False,False,Sun Belt,Mid-American,fbs,fbs,
4,regular,2023-09-23 21:00:00+00:00,Jacksonville State,Eastern Michigan,21,0,True,False,False,Conference USA,Mid-American,fbs,fbs,
4,regular,2023-09-23 21:00:00+00:00,Trinity (TX),Rhodes,63,14,True,False,True,Southern Athletic,Southern Athletic,iii,iii,
4,regular,2023-09-23 22:00:00+00:00,Idaho State,Northern Colorado,35,21,True,False,True,Big Sky,Big Sky,fcs,fcs,
4,regular,2023-09-23 22:00:00+00:00,Hobart,Keystone,43,10,True,False,False,Liberty League,Landmark Conference,iii,iii,
4,regular,2023-09-23 22:00:00+00:00,Campbell,Elon,24,28,True,False,True,Coastal Athletic,Coastal Athletic,fcs,fcs,
4,regular,2023-09-23 22:00:00+00:00,West Virginia State,Glenville State,31,21,True,False,True,Mountain East,Mountain East,ii,ii,
4,regular,2023-09-23 22:00:00+00:00,South Carolina State,The Citadel,31,10,True,False,False,MEAC,Southern,fcs,fcs,
4,regular,2023-09-23 22:00:00+00:00,Morgan State,UAlbany,17,23,True,False,False,MEAC,Coastal Athletic,fcs,fcs,
4,regular,2023-09-23 22:00:00+00:00,Virginia State,Livingstone,33,0,True,False,True,CIAA,CIAA,ii,ii,
4,regular,2023-09-23 22:00:00+00:00,East Carolina,Gardner-Webb,44,0,True,False,False,American Athletic,Big South-OVC,fbs,fcs,
4,regular,2023-09-23 22:00:00+00:00,West Florida,West Georgia,49,21,True,True,True,Gulf South,Gulf South,ii,ii,
4,regular,2023-09-23 22:00:00+00:00,Winston-Salem State,Bluefield State,30,0,True,False,False,CIAA,Independent DII,ii,ii,
4,regular,2023-09-23 22:00:00+00:00,Franklin Pierce,New Haven,14,41,True,True,True,Northeast 10,Northeast 10,ii,ii,
4,regular,2023-09-23 22:00:00+00:00,Florida A&M,Alabama State,23,10,True,False,True,SWAC,SWAC,fcs,fcs,
4,regular,2023-09-23 22:00:00+00:00,Eastern Kentucky,Southeast Missouri State,41,38,True,False,False,UAC,Big South-OVC,fcs,fcs,
4,regular,2023-09-23 22:00:00+00:00,Virginia Union,Fayetteville State,7,10,True,False,True,CIAA,CIAA,ii,ii,
4,regular,2023-09-23 22:00:00+00:00,Delaware,New Hampshire,29,25,True,False,True,CAA,Coastal Athletic,fcs,fcs,
4,regular,2023-09-23 22:00:00+00:00,Erskine,Newberry,17,24,True,False,True,South Atlantic,South Atlantic,ii,ii,
4,regular,2023-09-23 22:30:00+00:00,Tufts,Bates,44,16,True,False,True,NESCAC,NESCAC,iii,iii,
4,regular,2023-09-23 22:30:00+00:00,Wake Forest,Georgia Tech,16,30,True,False,True,ACC,ACC,fbs,fbs,
4,regular,2023-09-23 22:30:00+00:00,Florida International,Liberty,6,38,True,False,True,Conference USA,Conference USA,fbs,fbs,
4,regular,2023-09-23 23:00:00+00:00,Case Western Reserve,Geneva,42,7,True,False,True,Presidents',Presidents',iii,iii,
4,regular,2023-09-23 23:00:00+00:00,Middle Tennessee,Colorado State,23,31,True,False,False,Conference USA,Mountain West,fbs,fbs,
4,regular,2023-09-23 23:00:00+00:00,Houston,Sam Houston,38,7,True,False,False,Big 12,Conference USA,fbs,fbs,
4,regular,2023-09-23 23:00:00+00:00,Florida,Charlotte,22,7,True,False,False,SEC,American Athletic,fbs,fbs,
4,regular,2023-09-23 23:00:00+00:00,Angelo State,Western New Mexico,62,9,True,False,True,Lone Star,Lone Star,ii,ii,
4,regular,2023-09-23 23:00:00+00:00,Washington State,Oregon State,38,35,True,False,True,Pac-12,Pac-12,fbs,fbs,
4,regular,2023-09-23 23:00:00+00:00,Jackson State,Bethune-Cookman,22,16,True,False,True,SWAC,SWAC,fcs,fcs,
4,regular,2023-09-23 23:00:00+00:00,Lamar,Lincoln (CA),38,0,True,False,False,Southland,,fcs,,
4,regular,2023-09-23 23:00:00+00:00,Davidson,St. Andrews,84,6,True,False,False,Pioneer,,fcs,,
4,regular,2023-09-23 23:00:00+00:00,Wilmington (OH),Capital,49,24,True,False,True,Ohio,Ohio,iii,iii,
4,regular,2023-09-23 23:00:00+00:00,LSU,Arkansas,34,31,True,False,True,SEC,SEC,fbs,fbs,
4,regular,2023-09-23 23:00:00+00:00,Tulane,Nicholls,36,7,True,False,False,American Athletic,Southland,fbs,fcs,
4,regular,2023-09-23 23:00:00+00:00,Arkansas State,Southern Miss,44,37,True,False,True,Sun Belt,Sun Belt,fbs,fbs,
4,regular,2023-09-23 23:00:00+00:00,Tarleton State,Southwest Baptist,27,13,True,False,False,UAC,Great Lakes,fcs,ii,
4,regular,2023-09-23 23:00:00+00:00,Kentucky Wesleyan,Ohio Dominican,13,10,True,False,True,Great Midwest Athletic,Great Midwest Athletic,ii,ii,
4,regular,2023-09-23 23:00:00+00:00,SE Louisiana,Houston Christian,19,34,True,False,True,Southland,Southland,fcs,fcs,
4,regular,2023-09-23 23:00:00+00:00,Lincoln (PA),Johnson C. Smith,20,27,True,False,True,CIAA,CIAA,ii,ii,
4,regular,2023-09-23 23:00:00+00:00,Henderson State,Harding,16,27,True,False,True,Great American,Great American,ii,ii,
4,regular,2023-09-23 23:00:00+00:00,Southern Arkansas,Arkansas Tech,49,3,True,False,True,Great American,Great American,ii,ii,
4,regular,2023-09-23 23:00:00+00:00,Tennessee Tech,Kennesaw State,17,7,True,False,False,Big South-OVC,FCS Independents,fcs,fcs,
4,regular,2023-09-23 23:00:00+00:00,Stephen F. Austin,Austin Peay,20,22,True,False,True,UAC,UAC,fcs,fcs,
4,regular,2023-09-23 23:00:00+00:00,Central Arkansas,Abilene Christian,52,17,True,False,True,UAC,UAC,fcs,fcs,
4,regular,2023-09-23 23:00:00+00:00,Mary Hardin Baylor,McMurry,50,9,True,False,True,American Southwest,American Southwest,iii,iii,
4,regular,2023-09-23 23:00:00+00:00,Alcorn State,Prairie View A&M,20,23,True,False,True,SWAC,SWAC,fcs,fcs,
4,regular,2023-09-23 23:00:00+00:00,Delta State,Shorter,56,20,True,False,True,Gulf South,Gulf South,ii,ii,
4,regular,2023-09-23 23:00:00+00:00,North Alabama,UT Martin,21,37,True,False,False,UAC,Big South-OVC,fcs,fcs,
4,regular,2023-09-23 23:00:00+00:00,Missouri S&T,Wayne State (NE),35,38,True,False,False,Great Lakes,Northern Sun,ii,ii,
4,regular,2023-09-23 23:00:00+00:00,Texas State,Nevada,35,24,True,False,False,Sun Belt,Mountain West,fbs,fbs,
4,regular,2023-09-23 23:00:00+00:00,Stanford,Arizona,20,21,True,False,True,Pac-12,Pac-12,fbs,fbs,
4,regular,2023-09-23 23:00:00+00:00,UT Permian Basin,West Texas,41,40,True,False,True,Lone Star,Lone Star,ii,ii,
4,regular,2023-09-23 23:00:00+00:00,Arkansas Monticello,Ouachita Baptist,25,45,True,False,True,Great American,Great American,ii,ii,
4,regular,2023-09-23 23:00:00+00:00,Southeastern Oklahoma State,Northwestern (OK),41,2,True,False,True,Great American,Great American,ii,ii,
4,regular,2023-09-23 23:00:00+00:00,East Central,Oklahoma Baptist,15,23,True,False,True,Great American,Great American,ii,ii,
4,regular,2023-09-23 23:00:00+00:00,Wyoming,App State,22,19,True,False,False,Mountain West,Sun Belt,fbs,fbs,
4,regular,2023-09-23 23:00:00+00:00,Valdosta State,North Greenville,28,3,True,False,True,Gulf South,Gulf South,ii,ii,
4,regular,2023-09-23 23:00:00+00:00,Grove City,Carnegie Mellon,21,14,True,False,True,Presidents',Presidents',iii,iii,
4,regular,2023-09-23 23:00:00+00:00,West Alabama,Mississippi College,10,7,True,False,True,Gulf South,Gulf South,ii,ii,
4,regular,2023-09-23 23:00:00+00:00,Wheaton (IL),Augustana (IL),41,34,True,False,True,CCIW,CCIW,iii,iii,
4,regular,2023-09-23 23:00:00+00:00,Incarnate Word,North American,63,3,True,False,False,Southland,,fcs,,
4,regular,2023-09-23 23:30:00+00:00,South Carolina,Mississippi State,37,30,True,False,True,SEC,SEC,fbs,fbs,
4,regular,2023-09-23 23:30:00+00:00,Missouri,Memphis,34,27,True,True,False,SEC,American Athletic,fbs,fbs,
4,regular,2023-09-23 23:30:00+00:00,Baylor,Texas,6,38,True,False,True,Big 12,Big 12,fbs,fbs,
4,regular,2023-09-23 23:30:00+00:00,Notre Dame,Ohio State,14,17,True,False,False,FBS Independents,Big Ten,fbs,fbs,
4,regular,2023-09-23 23:30:00+00:00,Indiana,Akron,29,27,True,False,False,Big Ten,Mid-American,fbs,fbs,
4,regular,2023-09-23 23:30:00+00:00,Louisiana,Buffalo,45,38,True,False,False,Sun Belt,Mid-American,fbs,fbs,
4,regular,2023-09-23 23:30:00+00:00,Georgia,UAB,49,21,True,False,False,SEC,American Athletic,fbs,fbs,
4,regular,2023-09-23 23:30:00+00:00,Northwestern,Minnesota,37,34,True,False,True,Big Ten,Big Ten,fbs,fbs,
4,regular,2023-09-23 23:30:00+00:00,Penn State,Iowa,31,0,True,False,True,Big Ten,Big Ten,fbs,fbs,
4,regular,2023-09-24 00:00:00+00:00,Utah State,James Madison,38,45,True,False,False,Mountain West,Sun Belt,fbs,fbs,
4,regular,2023-09-24 00:00:00+00:00,Pittsburgh,North Carolina,24,41,True,False,True,ACC,ACC,fbs,fbs,
4,regular,2023-09-24 00:00:00+00:00,Adams State,Fort Lewis,25,24,True,False,True,Rocky Mountain,Rocky Mountain,ii,ii,
4,regular,2023-09-24 00:00:00+00:00,Midwestern State,Eastern New Mexico,34,31,True,False,True,Lone Star,Lone Star,ii,ii,
4,regular,2023-09-24 00:00:00+00:00,Weber State,Montana State,0,40,True,False,True,Big Sky,Big Sky,fcs,fcs,
4,regular,2023-09-24 00:00:00+00:00,Southern Utah,Western Illinois,37,17,True,False,False,UAC,MVFC,fcs,fcs,
4,regular,2023-09-24 00:00:00+00:00,Kansas State,UCF,44,31,True,False,True,Big 12,Big 12,fbs,fbs,
4,regular,2023-09-24 01:00:00+00:00,UTEP,UNLV,28,45,True,False,False,Conference USA,Mountain West,fbs,fbs,
4,regular,2023-09-24 02:00:00+00:00,Pomona Pitzer,La Verne,34,7,True,False,True,So. Cal.,So. Cal.,iii,iii,
4,regular,2023-09-24 02:00:00+00:00,UC Davis,Eastern Washington,24,27,True,False,True,Big Sky,Big Sky,fcs,fcs,
4,regular,2023-09-24 02:00:00+00:00,Chapman,Redlands,21,38,True,False,True,So. Cal.,So. Cal.,iii,iii,
4,regular,2023-09-24 02:30:00+00:00,Fresno State,Kent State,53,10,True,False,False,Mountain West,Mid-American,fbs,fbs,
4,regular,2023-09-24 02:30:00+00:00,Washington,California,59,32,True,False,True,Pac-12,Pac-12,fbs,fbs,
4,regular,2023-09-24 02:30:00+00:00,Arizona State,USC,28,42,True,False,True,Pac-12,Pac-12,fbs,fbs,
4,regular,2023-09-24 03:59:00+00:00,Hawai'i,New Mexico State,20,17,True,False,False,Mountain West,Conference USA,fbs,fbs,
4,regular,2023-09-24 16:30:00+00:00,Stevenson,Widener,49,7,True,False,True,Mid Atlantic,Mid Atlantic,iii,iii,
4,regular,2023-09-24 17:00:00+00:00,Elizabeth City State,Shaw,17,20,True,False,True,CIAA,CIAA,ii,ii,
4,regular,2023-09-24 18:00:00+00:00,Apprentice School,Washington and Lee,9,28,True,False,False,Independent DIII,Old Dominion,iii,iii,
5,regular,2023-09-28 23:30:00+00:00,Western Kentucky,Middle Tennessee,31,10,True,False,True,Conference USA,Conference USA,fbs,fbs,
5,regular,2023-09-28 23:30:00+00:00,Tulsa,Temple,48,26,True,False,True,American Athletic,American Athletic,fbs,fbs,
5,regular,2023-09-29 00:00:00+00:00,Sam Houston,Jacksonville State,28,35,True,False,True,Conference USA,Conference USA,fbs,fbs,
5,regular,2023-09-29 22:00:00+00:00,Husson,Dean,75,17,True,False,False,Commonwealth Coast,ECFC,iii,iii,
5,regular,2023-09-29 23:00:00+00:00,Dickinson,Franklin & Marshall,19,17,True,False,True,Centennial,Centennial,iii,iii,
5,regular,2023-09-29 23:00:00+00:00,Ursinus,Muhlenberg,20,28,True,False,True,Centennial,Centennial,iii,iii,
5,regular,2023-09-29 23:00:00+00:00,American International,New Haven,14,33,True,False,True,Northeast 10,Northeast 10,ii,ii,
5,regular,2023-09-29 23:00:00+00:00,NC State,Louisville,10,13,True,False,True,ACC,ACC,fbs,fbs,
5,regular,2023-09-29 23:00:00+00:00,Princeton,Columbia,10,7,True,False,True,Ivy,Ivy,fcs,fcs,
5,regular,2023-09-30 01:00:00+00:00,Oregon State,Utah,21,7,True,False,True,Pac-12,Pac-12,fbs,fbs,
5,regular,2023-09-30 01:00:00+00:00,UTEP,Louisiana Tech,10,24,True,False,True,Conference USA,Conference USA,fbs,fbs,
5,regular,2023-09-30 02:15:00+00:00,BYU,Cincinnati,35,27,True,False,True,Big 12,Big 12,fbs,fbs,
5,regular,2023-09-30 16:00:00+00:00,Long Island University,Duquesne,28,31,True,False,True,NEC,NEC,fcs,fcs,
5,regular,2023-09-30 16:00:00+00:00,Olivet,Alfred State,40,19,True,False,False,Michigan,ECFC,iii,iii,
5,regular,2023-09-30 16:00:00+00:00,Northwestern,Penn State,13,41,True,False,True,Big Ten,Big Ten,fbs,fbs,
5,regular,2023-09-30 16:00:00+00:00,Arkansas,Texas A&M,22,34,True,True,True,SEC,SEC,fbs,fbs,
5,regular,2023-09-30 16:00:00+00:00,Yale,Morgan State,45,3,True,False,False,Ivy,MEAC,fcs,fcs,
5,regular,2023-09-30 16:00:00+00:00,Plymouth State,Framingham State,14,24,True,False,True,MSCAC,MSCAC,iii,iii,
5,regular,2023-09-30 16:00:00+00:00,Minnesota,Louisiana,35,24,True,False,False,Big Ten,Sun Belt,fbs,fbs,
5,regular,2023-09-30 16:00:00+00:00,Fitchburg State,Bridgewater State,14,38,True,False,True,MSCAC,MSCAC,iii,iii,
5,regular,2023-09-30 16:00:00+00:00,Colorado,USC,41,48,True,False,True,Pac-12,Pac-12,fbs,fbs,
5,regular,2023-09-30 16:00:00+00:00,Brown,Central Connecticut,42,20,True,False,False,Ivy,NEC,fcs,fcs,
5,regular,2023-09-30 16:00:00+00:00,Davidson,San Diego,55,33,True,False,True,Pioneer,Pioneer,fcs,fcs,
5,regular,2023-09-30 16:00:00+00:00,James Madison,South Alabama,31,23,True,False,True,Sun Belt,Sun Belt,fbs,fbs,
5,regular,2023-09-30 16:00:00+00:00,UConn,Utah State,33,34,True,False,False,FBS Independents,Mountain West,fbs,fbs,
5,regular,2023-09-30 16:00:00+00:00,Westfield State,Mass Maritime,17,10,True,False,True,MSCAC,MSCAC,iii,iii,
5,regular,2023-09-30 16:00:00+00:00,Limestone,Mars Hill,27,23,True,False,True,South Atlantic,South Atlantic,ii,ii,
5,regular,2023-09-30 16:00:00+00:00,Akron,Buffalo,10,13,True,False,True,Mid-American,Mid-American,fbs,fbs,
5,regular,2023-09-30 16:00:00+00:00,Salve Regina,Merchant Marine,35,17,True,False,False,Commonwealth Coast,NEWMAC,iii,iii,
5,regular,2023-09-30 16:00:00+00:00,California (PA),Clarion,37,7,True,False,True,Pennsylvania State Athletic,Pennsylvania State Athletic,ii,ii,
5,regular,2023-09-30 16:00:00+00:00,Southern Connecticut State,Saint Anselm,6,3,True,False,True,Northeast 10,Northeast 10,ii,ii,
5,regular,2023-09-30 16:00:00+00:00,Kentucky,Florida,33,14,True,False,True,SEC,SEC,fbs,fbs,
5,regular,2023-09-30 16:00:00+00:00,Assumption,Pace,36,22,True,False,True,Northeast 10,Northeast 10,ii,ii,
5,regular,2023-09-30 16:00:00+00:00,Millersville,Lock Haven,31,38,True,False,True,Pennsylvania State Athletic,Pennsylvania State Athletic,ii,ii,
5,regular,2023-09-30 16:00:00+00:00,Wilkes,Juniata,63,14,True,False,False,Landmark Conference,Landmark Conference,iii,iii,
5,regular,2023-09-30 16:00:00+00:00,UNC Pembroke,Wheeling,41,20,True,False,True,Mountain East,Mountain East,ii,ii,
5,regular,2023-09-30 16:00:00+00:00,Syracuse,Clemson,14,31,True,False,True,ACC,ACC,fbs,fbs,
5,regular,2023-09-30 16:00:00+00:00,Shepherd,Shippensburg,30,23,True,False,True,Pennsylvania State Athletic,Pennsylvania State Athletic,ii,ii,
5,regular,2023-09-30 16:00:00+00:00,Tulane,UAB,35,23,True,False,True,American Athletic,American Athletic,fbs,fbs,
5,regular,2023-09-30 16:00:00+00:00,WPI,Springfield,10,42,True,False,True,NEWMAC,NEWMAC,iii,iii,
5,regular,2023-09-30 16:00:00+00:00,Kutztown,East Stroudsburg,34,27,True,False,True,Pennsylvania State Athletic,Pennsylvania State Athletic,ii,ii,
5,regular,2023-09-30 16:00:00+00:00,Robert Morris,Howard,10,35,True,False,False,Big South,MEAC,fcs,fcs,
5,regular,2023-09-30 16:00:00+00:00,Shorter,Mississippi College,14,30,True,False,True,Gulf South,Gulf South,ii,ii,
5,regular,2023-09-30 16:00:00+00:00,SUNY Maritime,Norwich,24,21,True,False,True,NEWMAC,NEWMAC,iii,iii,
5,regular,2023-09-30 16:00:00+00:00,North Carolina Wesleyan,Belhaven,14,35,True,False,True,USA South,USA South,iii,iii,
5,regular,2023-09-30 17:00:00+00:00,Oberlin,DePauw,7,66,True,False,True,North Coast,North Coast,iii,iii,
5,regular,2023-09-30 17:00:00+00:00,Ohio Dominican,Ashland,6,20,True,False,True,Great Midwest Athletic,Great Midwest Athletic,ii,ii,
5,regular,2023-09-30 17:00:00+00:00,McDaniel,Gettysburg,20,27,True,False,True,Centennial,Centennial,iii,iii,
5,regular,2023-09-30 17:00:00+00:00,Kenyon,Hiram,40,16,True,False,True,North Coast,North Coast,iii,iii,
5,regular,2023-09-30 17:00:00+00:00,Concord,West Liberty,21,23,True,False,True,Mountain East,Mountain East,ii,ii,
5,regular,2023-09-30 17:00:00+00:00,Minnesota St Moorhead,Northern State,45,26,True,False,True,Northern Sun,Northern Sun,ii,ii,
5,regular,2023-09-30 17:00:00+00:00,Hampden Sydney,Bridgewater,38,39,True,False,True,Old Dominion,Old Dominion,iii,iii,
5,regular,2023-09-30 17:00:00+00:00,Rhode Island,Bryant,49,26,True,False,False,Coastal Athletic,Big South-OVC,fcs,fcs,
5,regular,2023-09-30 17:00:00+00:00,Marist,Stetson,34,24,True,False,True,Pioneer,Pioneer,fcs,fcs,
5,regular,2023-09-30 17:00:00+00:00,Albion,Kalamazoo,44,17,True,False,True,Michigan,Michigan,iii,iii,
5,regular,2023-09-30 17:00:00+00:00,Ohio Wesleyan,Wabash,13,31,True,False,True,North Coast,North Coast,iii,iii,
5,regular,2023-09-30 17:00:00+00:00,St. Augustine's,Virginia Union,7,47,True,False,True,CIAA,CIAA,ii,ii,
5,regular,2023-09-30 17:00:00+00:00,Trinity (CT),Amherst,49,0,True,False,True,NESCAC,NESCAC,iii,iii,
5,regular,2023-09-30 17:00:00+00:00,Union,St. Lawrence,34,0,True,False,True,Liberty League,Liberty League,iii,iii,
5,regular,2023-09-30 17:00:00+00:00,Crown,Westminster (MO),25,17,True,False,True,Upper Midwest,Upper Midwest,iii,iii,
5,regular,2023-09-30 17:00:00+00:00,Greenville,Minnesota Morris,10,24,True,False,True,Upper Midwest,Upper Midwest,iii,iii,
5,regular,2023-09-30 17:00:00+00:00,Chowan,Valdosta State,36,51,True,False,True,Gulf South,Gulf South,ii,ii,
5,regular,2023-09-30 17:00:00+00:00,Delaware State,Virginia Lynchburg,48,10,True,False,False,MEAC,,fcs,,
5,regular,2023-09-30 17:00:00+00:00,Kentucky State,Albany State,27,33,True,False,True,SIAC,SIAC,ii,ii,
5,regular,2023-09-30 17:00:00+00:00,Ithaca,Hobart,24,14,True,False,True,Liberty League,Liberty League,iii,iii,
5,regular,2023-09-30 17:00:00+00:00,Butler,Presbyterian,27,17,True,False,True,Pioneer,Pioneer,fcs,fcs,
5,regular,2023-09-30 17:00:00+00:00,Sacred Heart,Merrimack,7,17,True,False,True,NEC,NEC,fcs,fcs,
5,regular,2023-09-30 17:00:00+00:00,Berry,Trinity (TX),37,46,True,False,True,Southern Athletic,Southern Athletic,iii,iii,
5,regular,2023-09-30 17:00:00+00:00,Glenville State,Charleston (WV),17,52,True,False,True,Mountain East,Mountain East,ii,ii,
5,regular,2023-09-30 17:00:00+00:00,Shaw,Virginia State,19,38,True,False,True,CIAA,CIAA,ii,ii,
5,regular,2023-09-30 17:00:00+00:00,Samford,East Tennessee State,42,28,True,False,True,Southern,Southern,fcs,fcs,
5,regular,2023-09-30 17:00:00+00:00,Utica,Hartwick,48,7,True,False,True,Empire 8,Empire 8,iii,iii,
5,regular,2023-09-30 17:00:00+00:00,Stonehill,Saint Francis,10,15,True,False,True,NEC,NEC,fcs,fcs,
5,regular,2023-09-30 17:00:00+00:00,Susquehanna,Catholic,50,21,True,False,False,Landmark Conference,Landmark Conference,iii,iii,
5,regular,2023-09-30 17:00:00+00:00,Frostburg State,Notre Dame College,21,24,True,False,True,Mountain East,Mountain East,ii,ii,
5,regular,2023-09-30 17:00:00+00:00,Dayton,St. Thomas (MN),14,20,True,False,True,Pioneer,Pioneer,fcs,fcs,
5,regular,2023-09-30 17:00:00+00:00,Pennsylvania,Dartmouth,20,23,True,False,True,Ivy,Ivy,fcs,fcs,
5,regular,2023-09-30 17:00:00+00:00,Concordia St. Paul,University of Mary,37,34,True,False,True,Northern Sun,Northern Sun,ii,ii,
5,regular,2023-09-30 17:00:00+00:00,William Paterson,Kean,21,9,True,False,True,New Jersey,New Jersey,iii,iii,
5,regular,2023-09-30 17:00:00+00:00,Bluefield State,Fayetteville State,18,28,True,False,False,Independent DII,CIAA,ii,ii,
5,regular,2023-09-30 17:00:00+00:00,Monmouth,Lehigh,49,7,True,False,False,Coastal Athletic,Patriot,fcs,fcs,
5,regular,2023-09-30 17:00:00+00:00,Guilford,Randolph Macon,14,70,True,False,True,Old Dominion,Old Dominion,iii,iii,
5,regular,2023-09-30 17:00:00+00:00,Lincoln (PA),Winston-Salem State,30,27,True,False,True,CIAA,CIAA,ii,ii,
5,regular,2023-09-30 17:00:00+00:00,Nichols,Gallaudet,55,28,True,False,False,Commonwealth Coast,ECFC,iii,iii,
5,regular,2023-09-30 17:00:00+00:00,SUNY Morrisville,SUNY Cortland,15,52,True,False,True,Empire 8,Empire 8,iii,iii,
5,regular,2023-09-30 17:00:00+00:00,Central State,Miles,7,40,True,False,True,SIAC,SIAC,ii,ii,
5,regular,2023-09-30 17:00:00+00:00,Hillsdale,Northwood,40,18,True,False,True,Great Midwest Athletic,Great Midwest Athletic,ii,ii,
5,regular,2023-09-30 17:00:00+00:00,Rowan,Johns Hopkins,20,55,True,False,False,New Jersey,Centennial,iii,iii,
5,regular,2023-09-30 17:00:00+00:00,Minnesota Duluth,Winona State,38,14,True,False,True,Northern Sun,Northern Sun,ii,ii,
5,regular,2023-09-30 17:00:00+00:00,Moravian,Keystone,58,34,True,False,True,Landmark Conference,Landmark Conference,iii,iii,
5,regular,2023-09-30 17:00:00+00:00,Huntingdon,Methodist,52,7,True,False,True,USA South,USA South,iii,iii,
5,regular,2023-09-30 17:00:00+00:00,Southern Virginia,LaGrange,52,26,True,False,True,USA South,USA South,iii,iii,
5,regular,2023-09-30 17:00:00+00:00,Wesleyan (CT),Hamilton,35,14,True,False,True,NESCAC,NESCAC,iii,iii,
5,regular,2023-09-30 17:00:00+00:00,Michigan Tech,Davenport,0,28,True,False,True,GLIAC,GLIAC,ii,ii,
5,regular,2023-09-30 17:00:00+00:00,Elizabeth City State,Johnson C. Smith,20,21,True,False,True,CIAA,CIAA,ii,ii,
5,regular,2023-09-30 17:00:00+00:00,West Virginia Wesleyan,West Virginia State,16,51,True,False,True,Mountain East,Mountain East,ii,ii,
5,regular,2023-09-30 17:00:00+00:00,Middlebury,Bowdoin,34,27,True,False,True,NESCAC,NESCAC,iii,iii,
5,regular,2023-09-30 17:00:00+00:00,Ouachita Baptist,Southeastern Oklahoma State,34,7,True,False,True,Great American,Great American,ii,ii,
5,regular,2023-09-30 17:30:00+00:00,Coast Guard,MIT,36,14,True,False,True,NEWMAC,NEWMAC,iii,iii,
5,regular,2023-09-30 17:30:00+00:00,Central Michigan,Eastern Michigan,26,23,True,False,True,Mid-American,Mid-American,fbs,fbs,
5,regular,2023-09-30 17:30:00+00:00,Tufts,Williams,28,10,True,False,True,NESCAC,NESCAC,iii,iii,
5,regular,2023-09-30 17:30:00+00:00,Franklin,Bluffton,31,24,True,False,True,Heartland,Heartland,iii,iii,
5,regular,2023-09-30 17:30:00+00:00,Capital,Otterbein,35,31,True,False,True,Ohio,Ohio,iii,iii,
5,regular,2023-09-30 17:30:00+00:00,John Carroll,Wilmington (OH),59,7,True,False,True,Ohio,Ohio,iii,iii,
5,regular,2023-09-30 17:30:00+00:00,Hanover,Defiance College,21,27,True,False,True,Heartland,Heartland,iii,iii,
5,regular,2023-09-30 17:30:00+00:00,Mount St Joseph,Manchester,69,14,True,False,True,Heartland,Heartland,iii,iii,
5,regular,2023-09-30 17:30:00+00:00,Muskingum,Heidelberg,17,20,True,False,True,Ohio,Ohio,iii,iii,
5,regular,2023-09-30 18:00:00+00:00,Aurora,Eureka,70,10,True,False,True,NACC,NACC,iii,iii,
5,regular,2023-09-30 18:00:00+00:00,Nebraska Wesleyan,Luther,35,10,True,True,True,American Rivers,American Rivers,iii,iii,
5,regular,2023-09-30 18:00:00+00:00,McKendree,Truman State,24,56,True,False,True,Great Lakes,Great Lakes,ii,ii,
5,regular,2023-09-30 18:00:00+00:00,Lakeland,St. Norbert,21,24,True,False,True,NACC,NACC,iii,iii,
5,regular,2023-09-30 18:00:00+00:00,McMurry,Lyon,52,14,True,False,False,American Southwest,,iii,,
5,regular,2023-09-30 18:00:00+00:00,Sioux Falls,Augustana (SD),29,49,True,False,True,Northern Sun,Northern Sun,ii,ii,
5,regular,2023-09-30 18:00:00+00:00,Cornell,Colgate,25,35,True,False,False,Ivy,Patriot,fcs,fcs,
5,regular,2023-09-30 18:00:00+00:00,Buena Vista,Simpson (IA),28,55,True,False,True,American Rivers,American Rivers,iii,iii,
5,regular,2023-09-30 18:00:00+00:00,Hamline,St. Olaf,25,49,True,False,True,Minnesota,Minnesota,iii,iii,
5,regular,2023-09-30 18:00:00+00:00,Grove City,Washington & Jefferson,31,24,True,False,True,Presidents',Presidents',iii,iii,
5,regular,2023-09-30 18:00:00+00:00,Rose Hulman,Anderson (IN),64,3,True,False,True,Heartland,Heartland,iii,iii,
5,regular,2023-09-30 18:00:00+00:00,Baldwin Wallace,Marietta,21,42,True,False,True,Ohio,Ohio,iii,iii,
5,regular,2023-09-30 18:00:00+00:00,Ferrum,Shenandoah,3,38,True,False,True,Old Dominion,Old Dominion,iii,iii,
5,regular,2023-09-30 18:00:00+00:00,Fort Lewis,CSU Pueblo,7,85,True,False,True,Rocky Mountain,Rocky Mountain,ii,ii,
5,regular,2023-09-30 18:00:00+00:00,Beloit,Chicago,7,48,True,False,True,Midwest,Midwest,iii,iii,
5,regular,2023-09-30 18:00:00+00:00,Alma,Trine,70,30,True,False,True,Michigan,Michigan,iii,iii,
5,regular,2023-09-30 18:00:00+00:00,Augsburg,Saint John's (MN),24,27,True,False,True,Minnesota,Minnesota,iii,iii,
5,regular,2023-09-30 18:00:00+00:00,Central College,Dubuque,55,16,True,False,True,American Rivers,American Rivers,iii,iii,
5,regular,2023-09-30 18:00:00+00:00,Tusculum,Barton,14,17,True,False,True,South Atlantic,South Atlantic,ii,ii,
5,regular,2023-09-30 18:00:00+00:00,Concordia (MN),Carleton,35,36,True,False,True,Minnesota,Minnesota,iii,iii,
5,regular,2023-09-30 18:00:00+00:00,Grinnell,Lawrence,34,16,True,False,True,Midwest,Midwest,iii,iii,
5,regular,2023-09-30 18:00:00+00:00,Wisconsin River Falls,Wisconsin Platteville,27,16,True,False,True,Wisconsin,Wisconsin,iii,iii,
5,regular,2023-09-30 18:00:00+00:00,Minot State,Wayne State (NE),22,48,True,False,True,Northern Sun,Northern Sun,ii,ii,
5,regular,2023-09-30 18:00:00+00:00,Carthage,Elmhurst,27,20,True,False,True,CCIW,CCIW,iii,iii,
5,regular,2023-09-30 18:00:00+00:00,Wheaton (IL),North Central College,35,54,True,False,True,CCIW,CCIW,iii,iii,
5,regular,2023-09-30 18:00:00+00:00,Morehead State,Drake,9,16,True,False,True,Pioneer,Pioneer,fcs,fcs,
5,regular,2023-09-30 18:00:00+00:00,Mount Union,Ohio Northern,35,0,True,False,True,Ohio,Ohio,iii,iii,
5,regular,2023-09-30 18:00:00+00:00,North Dakota State,South Dakota,19,24,True,False,True,MVFC,MVFC,fcs,fcs,
5,regular,2023-09-30 18:00:00+00:00,Macalester,St. Scholastica,17,23,True,False,True,Minnesota,Minnesota,iii,iii,
5,regular,2023-09-30 18:00:00+00:00,Ripon,Cornell (IA),33,36,True,False,True,Midwest,Midwest,iii,iii,
5,regular,2023-09-30 18:00:00+00:00,Wartburg,Coe,27,21,True,False,True,American Rivers,American Rivers,iii,iii,
5,regular,2023-09-30 18:00:00+00:00,Edinboro,Mercyhurst,40,24,True,False,True,Pennsylvania State Athletic,Pennsylvania State Athletic,ii,ii,
5,regular,2023-09-30 18:00:00+00:00,Greensboro,Brevard,24,34,True,False,True,USA South,USA South,iii,iii,
5,regular,2023-09-30 18:00:00+00:00,Hendrix,Sewanee,19,20,True,False,True,Southern Athletic,Southern Athletic,iii,iii,
5,regular,2023-09-30 18:00:00+00:00,Wisconsin Stevens Point,Wisconsin Eau Claire,17,24,True,False,True,Wisconsin,Wisconsin,iii,iii,
5,regular,2023-09-30 18:00:00+00:00,Washington St. Louis,North Park,41,7,True,False,True,CCIW,CCIW,iii,iii,
5,regular,2023-09-30 18:00:00+00:00,Boston College,Virginia,27,24,True,False,True,ACC,ACC,fbs,fbs,
5,regular,2023-09-30 18:00:00+00:00,Quincy,Southwest Baptist,38,33,True,False,True,Great Lakes,Great Lakes,ii,ii,
5,regular,2023-09-30 18:00:00+00:00,Norfolk State,North Carolina A&T,26,28,True,False,False,MEAC,Coastal Athletic,fcs,fcs,
5,regular,2023-09-30 18:00:00+00:00,Northern Iowa,Youngstown State,44,41,True,False,True,MVFC,MVFC,fcs,fcs,
5,regular,2023-09-30 18:00:00+00:00,Augustana (IL),Carroll (WI),23,19,True,False,True,CCIW,CCIW,iii,iii,
5,regular,2023-09-30 18:00:00+00:00,Bethel (MN),Gustavus Adolphus,37,28,True,False,True,Minnesota,Minnesota,iii,iii,
5,regular,2023-09-30 18:00:00+00:00,Georgetown,Fordham,28,24,True,False,True,Patriot,Patriot,fcs,fcs,
5,regular,2023-09-30 18:00:00+00:00,Valparaiso,Southwest Minnesota State,16,15,True,False,False,Pioneer,Northern Sun,fcs,ii,
5,regular,2023-09-30 18:00:00+00:00,Clark Atlanta,Lane College,24,34,True,False,True,SIAC,SIAC,ii,ii,
5,regular,2023-09-30 18:00:00+00:00,West Chester,Bloomsburg,24,21,True,False,True,Pennsylvania State Athletic,Pennsylvania State Athletic,ii,ii,
5,regular,2023-09-30 18:00:00+00:00,Elon,William & Mary,14,6,True,False,True,Coastal Athletic,Coastal Athletic,fcs,fcs,
5,regular,2023-09-30 18:00:00+00:00,Millikin,Illinois Wesleyan,17,45,True,False,True,CCIW,CCIW,iii,iii,
5,regular,2023-09-30 18:00:00+00:00,Colorado School of Mines,Chadron State,35,7,True,False,True,Rocky Mountain,Rocky Mountain,ii,ii,
5,regular,2023-09-30 18:00:00+00:00,Hardin Simmons,Howard Payne,40,33,True,False,True,American Southwest,American Southwest,iii,iii,
5,regular,2023-09-30 18:00:00+00:00,The Citadel,Western Carolina,14,49,True,False,True,Southern,Southern,fcs,fcs,
5,regular,2023-09-30 18:00:00+00:00,Central Missouri,Northwest Missouri State,41,38,True,False,True,Mid America,Mid America,ii,ii,
5,regular,2023-09-30 18:00:00+00:00,Illinois College,Monmouth (IL),20,17,True,False,True,Midwest,Midwest,iii,iii,
5,regular,2023-09-30 18:00:00+00:00,Richmond,Hampton,14,31,True,False,True,Coastal Athletic,Coastal Athletic,fcs,fcs,
5,regular,2023-09-30 18:00:00+00:00,Lenoir Rhyne,UVA Wise,56,3,True,False,True,South Atlantic,South Atlantic,ii,ii,
5,regular,2023-09-30 18:00:00+00:00,Denison,Wittenberg,24,27,True,False,True,North Coast,North Coast,iii,iii,
5,regular,2023-09-30 18:00:00+00:00,Lindenwood,Austin Peay,10,52,True,False,False,Big South-OVC,UAC,fcs,fcs,
5,regular,2023-09-30 18:00:00+00:00,Martin Luther,Northwestern (MN),38,42,True,False,True,Upper Midwest,Upper Midwest,iii,iii,
5,regular,2023-09-30 18:00:00+00:00,Fairmont State,Alderson-Broaddus,0,0,True,False,True,Mountain East,Mountain East,ii,ii,
5,regular,2023-09-30 18:00:00+00:00,Wisconsin Lutheran,Rockford,52,20,True,False,True,NACC,NACC,iii,iii,
5,regular,2023-09-30 18:00:00+00:00,Christopher Newport,Salisbury,24,14,True,False,True,New Jersey,New Jersey,iii,iii,
5,regular,2023-09-30 18:05:00+00:00,Wisconsin Oshkosh,Wisconsin Whitewater,21,37,True,False,True,Wisconsin,Wisconsin,iii,iii,
5,regular,2023-09-30 18:30:00+00:00,Bethany (WV),Case Western Reserve,12,34,True,False,True,Presidents',Presidents',iii,iii,
5,regular,2023-09-30 18:30:00+00:00,Hilbert,Endicott,0,66,True,True,False,North Coast,Commonwealth Coast,iii,iii,
5,regular,2023-09-30 18:30:00+00:00,Kent State,Miami (OH),3,23,True,False,True,Mid-American,Mid-American,fbs,fbs,
5,regular,2023-09-30 19:00:00+00:00,Arkansas Monticello,East Central,28,35,True,False,True,Great American,Great American,ii,ii,
5,regular,2023-09-30 19:00:00+00:00,Rhodes,Southwestern U,31,7,True,False,True,Southern Athletic,Southern Athletic,iii,iii,
5,regular,2023-09-30 19:00:00+00:00,Thiel,Waynesburg,15,14,True,False,True,Presidents',Presidents',iii,iii,
5,regular,2023-09-30 19:00:00+00:00,Western Colorado,Colorado Mesa,43,7,True,False,True,Rocky Mountain,Rocky Mountain,ii,ii,
5,regular,2023-09-30 19:00:00+00:00,Wisconsin La Crosse,Wisconsin Stout,45,40,True,False,True,Wisconsin,Wisconsin,iii,iii,
5,regular,2023-09-30 19:00:00+00:00,Central Oklahoma,Missouri Southern State,30,27,True,False,True,Mid America,Mid America,ii,ii,
5,regular,2023-09-30 19:00:00+00:00,Ferris State,Northern Michigan,78,3,True,False,True,GLIAC,GLIAC,ii,ii,
5,regular,2023-09-30 19:00:00+00:00,New Hampshire,Towson,51,54,True,False,True,Coastal Athletic,Coastal Athletic,fcs,fcs,
5,regular,2023-09-30 19:00:00+00:00,South Dakota State,North Dakota,42,21,True,False,True,MVFC,MVFC,fcs,fcs,
5,regular,2023-09-30 19:00:00+00:00,New Mexico Highlands,Adams State,14,21,True,False,True,Rocky Mountain,Rocky Mountain,ii,ii,
5,regular,2023-09-30 19:00:00+00:00,Adrian,Hope,21,30,True,False,True,Michigan,Michigan,iii,iii,
5,regular,2023-09-30 19:00:00+00:00,New England,Vermont State Castleton,31,14,True,False,False,Commonwealth Coast,ECFC,iii,iii,
5,regular,2023-09-30 19:00:00+00:00,Knox,Lake Forest,0,50,True,False,True,Midwest,Midwest,iii,iii,
5,regular,2023-09-30 19:00:00+00:00,Northern Colorado,Weber State,21,28,True,False,True,Big Sky,Big Sky,fcs,fcs,
5,regular,2023-09-30 19:00:00+00:00,Southern Nazarene,Southern Arkansas,21,28,True,False,True,Great American,Great American,ii,ii,
5,regular,2023-09-30 19:00:00+00:00,Bemidji State,Minnesota State,24,27,True,False,True,Northern Sun,Northern Sun,ii,ii,
5,regular,2023-09-30 19:00:00+00:00,Alabama A&M,Tuskegee,58,3,True,False,False,SWAC,SIAC,fcs,ii,
5,regular,2023-09-30 19:00:00+00:00,Nebraska Kearney,Washburn,27,21,True,False,True,Mid America,Mid America,ii,ii,
5,regular,2023-09-30 19:00:00+00:00,Northeastern State,Pittsburg State,7,42,True,False,True,Mid America,Mid America,ii,ii,
5,regular,2023-09-30 19:00:00+00:00,Texas Southern,Lincoln (CA),52,7,True,True,False,SWAC,,fcs,,
5,regular,2023-09-30 19:00:00+00:00,California,Arizona State,24,21,True,False,True,Pac-12,Pac-12,fbs,fbs,
5,regular,2023-09-30 19:15:00+00:00,Concordia Chicago,Concordia (WI),42,57,True,False,True,NACC,NACC,iii,iii,
5,regular,2023-09-30 19:30:00+00:00,UAlbany,Villanova,31,10,True,False,True,Coastal Athletic,Coastal Athletic,fcs,fcs,
5,regular,2023-09-30 19:30:00+00:00,Georgia Tech,Bowling Green,27,38,True,False,False,ACC,Mid-American,fbs,fbs,
5,regular,2023-09-30 19:30:00+00:00,Marshall,Old Dominion,41,35,True,False,True,Sun Belt,Sun Belt,fbs,fbs,
5,regular,2023-09-30 19:30:00+00:00,Rutgers,Wagner,52,3,True,False,False,Big Ten,NEC,fbs,fcs,
5,regular,2023-09-30 19:30:00+00:00,Purdue,Illinois,44,19,True,False,True,Big Ten,Big Ten,fbs,fbs,
5,regular,2023-09-30 19:30:00+00:00,Maryland,Indiana,44,17,True,False,True,Big Ten,Big Ten,fbs,fbs,
5,regular,2023-09-30 19:30:00+00:00,Texas,Kansas,40,14,True,False,True,Big 12,Big 12,fbs,fbs,
5,regular,2023-09-30 19:30:00+00:00,Massachusetts,Arkansas State,28,52,True,False,False,FBS Independents,Sun Belt,fbs,fbs,
5,regular,2023-09-30 19:30:00+00:00,Texas Tech,Houston,49,28,True,False,True,Big 12,Big 12,fbs,fbs,
5,regular,2023-09-30 19:30:00+00:00,Auburn,Georgia,20,27,True,False,True,SEC,SEC,fbs,fbs,
5,regular,2023-09-30 19:30:00+00:00,Toledo,Northern Illinois,35,33,True,False,True,Mid-American,Mid-American,fbs,fbs,
5,regular,2023-09-30 19:30:00+00:00,UCF,Baylor,35,36,True,False,True,Big 12,Big 12,fbs,fbs,
5,regular,2023-09-30 19:30:00+00:00,Lafayette,Bucknell,56,22,True,False,True,Patriot,Patriot,fcs,fcs,
5,regular,2023-09-30 19:30:00+00:00,Nebraska,Michigan,7,45,True,False,True,Big Ten,Big Ten,fbs,fbs,
5,regular,2023-09-30 19:30:00+00:00,Navy,South Florida,30,44,True,False,True,American Athletic,American Athletic,fbs,fbs,
5,regular,2023-09-30 19:30:00+00:00,Western Michigan,Ball State,42,24,True,False,True,Mid-American,Mid-American,fbs,fbs,
5,regular,2023-09-30 19:30:00+00:00,Maine,Stony Brook,56,28,True,False,True,Coastal Athletic,Coastal Athletic,fcs,fcs,
5,regular,2023-09-30 20:00:00+00:00,Memphis,Boise State,35,32,True,False,False,American Athletic,Mountain West,fbs,fbs,
5,regular,2023-09-30 20:00:00+00:00,Seton Hill,Gannon,6,23,True,False,True,Pennsylvania State Athletic,Pennsylvania State Athletic,ii,ii,
5,regular,2023-09-30 20:00:00+00:00,Wyoming,New Mexico,35,26,True,False,True,Mountain West,Mountain West,fbs,fbs,
5,regular,2023-09-30 20:00:00+00:00,Linfield,Willamette,70,14,True,False,True,Northwest,Northwest,iii,iii,
5,regular,2023-09-30 20:00:00+00:00,Livingstone,Bowie State,31,18,True,False,True,CIAA,CIAA,ii,ii,
5,regular,2023-09-30 20:00:00+00:00,SE Louisiana,Tarleton State,13,14,True,False,False,Southland,UAC,fcs,fcs,
5,regular,2023-09-30 20:00:00+00:00,Claremont Mudd Scripps,Pomona Pitzer,30,20,True,False,True,So. Cal.,So. Cal.,iii,iii,
5,regular,2023-09-30 20:00:00+00:00,Eastern Washington,Idaho,36,44,True,False,True,Big Sky,Big Sky,fcs,fcs,
5,regular,2023-09-30 20:00:00+00:00,La Verne,Redlands,7,24,True,False,True,So. Cal.,So. Cal.,iii,iii,
5,regular,2023-09-30 20:00:00+00:00,Vanderbilt,Missouri,21,38,True,False,True,SEC,SEC,fbs,fbs,
5,regular,2023-09-30 20:00:00+00:00,Whitworth,Pacific Lutheran,42,13,True,False,True,Northwest,Northwest,iii,iii,
5,regular,2023-09-30 20:00:00+00:00,North Carolina Central,Campbell,49,48,True,False,False,MEAC,Coastal Athletic,fcs,fcs,
5,regular,2023-09-30 20:00:00+00:00,Pacific (OR),Puget Sound,28,14,True,False,True,Northwest,Northwest,iii,iii,
5,regular,2023-09-30 20:00:00+00:00,Mercer,VMI,38,3,True,False,True,Southern,Southern,fcs,fcs,
5,regular,2023-09-30 20:00:00+00:00,Montana State,Portland State,38,22,True,False,True,Big Sky,Big Sky,fcs,fcs,
5,regular,2023-09-30 20:00:00+00:00,Findlay,Kentucky Wesleyan,27,21,True,False,True,Great Midwest Athletic,Great Midwest Athletic,ii,ii,
5,regular,2023-09-30 20:00:00+00:00,Montana,Idaho State,28,20,True,False,True,Big Sky,Big Sky,fcs,fcs,
5,regular,2023-09-30 20:00:00+00:00,UNLV,Hawai'i,44,20,True,False,True,Mountain West,Mountain West,fbs,fbs,
5,regular,2023-09-30 21:00:00+00:00,Birmingham-Southern,Millsaps,8,14,True,False,True,Southern Athletic,Southern Athletic,iii,iii,
5,regular,2023-09-30 21:00:00+00:00,Southern Illinois,Missouri State,33,20,True,False,True,MVFC,MVFC,fcs,fcs,
5,regular,2023-09-30 21:00:00+00:00,William Jewell,Upper Iowa,30,13,True,True,False,Great Lakes,Northern Sun,ii,ii,
5,regular,2023-09-30 21:00:00+00:00,Missouri Western,Emporia State,34,31,True,False,True,Mid America,Mid America,ii,ii,
5,regular,2023-09-30 21:00:00+00:00,Arkansas-Pine Bluff,Southern,0,27,True,False,True,SWAC,SWAC,fcs,fcs,
5,regular,2023-09-30 21:00:00+00:00,West Alabama,Delta State,17,47,True,False,True,Gulf South,Gulf South,ii,ii,
5,regular,2023-09-30 21:00:00+00:00,Western Connecticut State,UMass Dartmouth,52,21,True,False,True,MSCAC,MSCAC,iii,iii,
5,regular,2023-09-30 21:00:00+00:00,Averett,Washington and Lee,20,25,True,False,True,Old Dominion,Old Dominion,iii,iii,
5,regular,2023-09-30 21:00:00+00:00,Holy Cross,Harvard,28,38,True,True,False,Patriot,Ivy,fcs,fcs,
5,regular,2023-09-30 21:00:00+00:00,Buffalo State,Rochester (NY),22,29,True,False,True,Liberty League,Liberty League,iii,iii,
5,regular,2023-09-30 22:00:00+00:00,Ole Miss,LSU,55,49,True,False,True,SEC,SEC,fbs,fbs,
5,regular,2023-09-30 22:00:00+00:00,Newberry,Carson Newman,21,34,True,False,True,South Atlantic,South Atlantic,ii,ii,
5,regular,2023-09-30 22:00:00+00:00,Alabama State,Alcorn State,20,23,True,False,True,SWAC,SWAC,fcs,fcs,
5,regular,2023-09-30 22:00:00+00:00,Benedict,Morehouse,27,3,True,False,True,SIAC,SIAC,ii,ii,
5,regular,2023-09-30 22:00:00+00:00,Savannah State,Edward Waters,25,26,True,False,True,SIAC,SIAC,ii,ii,
5,regular,2023-09-30 22:00:00+00:00,St. John Fisher,Brockport,18,35,True,False,True,Empire 8,Empire 8,iii,iii,
5,regular,2023-09-30 22:00:00+00:00,Bates,Colby,24,30,True,False,True,NESCAC,NESCAC,iii,iii,
5,regular,2023-09-30 22:00:00+00:00,Catawba,Emory & Henry,30,13,True,False,True,South Atlantic,South Atlantic,ii,ii,
5,regular,2023-09-30 22:00:00+00:00,Montclair State,The College of New Jersey,42,7,True,False,True,New Jersey,New Jersey,iii,iii,
5,regular,2023-09-30 22:00:00+00:00,Saginaw Valley State,Grand Valley State,14,55,True,False,True,GLIAC,GLIAC,ii,ii,
5,regular,2023-09-30 22:00:00+00:00,Lake Erie,Walsh,16,30,True,False,True,Great Midwest Athletic,Great Midwest Athletic,ii,ii,
5,regular,2023-09-30 22:00:00+00:00,Charleston Southern,Kennesaw State,13,10,True,False,False,Big South-OVC,FCS Independents,fcs,fcs,
5,regular,2023-09-30 22:00:00+00:00,Slippery Rock,IU Pennsylvania,42,21,True,False,True,Pennsylvania State Athletic,Pennsylvania State Athletic,ii,ii,
5,regular,2023-09-30 22:00:00+00:00,Wingate,Erskine,45,0,True,False,True,South Atlantic,South Atlantic,ii,ii,
5,regular,2023-09-30 22:00:00+00:00,Wofford,Chattanooga,13,23,True,False,True,Southern,Southern,fcs,fcs,
5,regular,2023-09-30 22:00:00+00:00,Wayne State (MI),Concordia-Michigan,23,24,True,False,False,GLIAC,,ii,,
5,regular,2023-09-30 22:30:00+00:00,Stanford,Oregon,6,42,True,False,True,Pac-12,Pac-12,fbs,fbs,
5,regular,2023-09-30 23:00:00+00:00,Thomas More,Tiffin,9,47,True,True,False,,Great Midwest Athletic,,ii,
5,regular,2023-09-30 23:00:00+00:00,Missouri S&T,Indianapolis,13,26,True,False,True,Great Lakes,Great Lakes,ii,ii,
5,regular,2023-09-30 23:00:00+00:00,Eastern New Mexico,Angelo State,14,23,True,False,True,Lone Star,Lone Star,ii,ii,
5,regular,2023-09-30 23:00:00+00:00,Northwestern State,Eastern Illinois,10,19,True,False,False,Southland,Big South-OVC,fcs,fcs,
5,regular,2023-09-30 23:00:00+00:00,Georgia Southern,Coastal Carolina,38,28,True,False,True,Sun Belt,Sun Belt,fbs,fbs,
5,regular,2023-09-30 23:00:00+00:00,Colorado State,Utah Tech,41,20,True,False,False,Mountain West,UAC,fbs,fcs,
5,regular,2023-09-30 23:00:00+00:00,UT Permian Basin,Texas A&M-Kingsville,29,17,True,False,True,Lone Star,Lone Star,ii,ii,
5,regular,2023-09-30 23:00:00+00:00,Sul Ross State,Texas Lutheran,37,34,True,False,True,American Southwest,American Southwest,iii,iii,
5,regular,2023-09-30 23:00:00+00:00,Mississippi Valley State,Florida A&M,7,31,True,False,True,SWAC,SWAC,fcs,fcs,
5,regular,2023-09-30 23:00:00+00:00,Geneva,Saint Vincent,19,28,True,False,True,Presidents',Presidents',iii,iii,
5,regular,2023-09-30 23:00:00+00:00,Prairie View A&M,Grambling,20,35,True,True,True,SWAC,SWAC,fcs,fcs,
5,regular,2023-09-30 23:00:00+00:00,Arkansas Tech,Northwestern (OK),44,21,True,False,True,Great American,Great American,ii,ii,
5,regular,2023-09-30 23:00:00+00:00,North Greenville,West Florida,24,48,True,False,True,Gulf South,Gulf South,ii,ii,
5,regular,2023-09-30 23:00:00+00:00,East Texas Baptist,Austin,35,7,True,False,True,American Southwest,American Southwest,iii,iii,
5,regular,2023-09-30 23:00:00+00:00,Stephen F. Austin,East Texas A&M,56,27,True,False,False,UAC,Southland,fcs,fcs,
5,regular,2023-09-30 23:00:00+00:00,Houston Christian,Lamar,19,21,True,False,True,Southland,Southland,fcs,fcs,
5,regular,2023-09-30 23:00:00+00:00,North Alabama,Eastern Kentucky,22,32,True,False,True,UAC,UAC,fcs,fcs,
5,regular,2023-09-30 23:00:00+00:00,Allegheny,Carnegie Mellon,3,19,True,False,True,Presidents',Presidents',iii,iii,
5,regular,2023-09-30 23:00:00+00:00,UT Martin,Tennessee State,20,10,True,False,True,Big South-OVC,Big South-OVC,fcs,fcs,
5,regular,2023-09-30 23:00:00+00:00,Harding,Southwestern Oklahoma State,64,0,True,False,True,Great American,Great American,ii,ii,
5,regular,2023-09-30 23:00:00+00:00,Murray State,Indiana State,30,28,True,False,True,MVFC,MVFC,fcs,fcs,
5,regular,2023-09-30 23:00:00+00:00,Allen,Fort Valley State,21,49,True,False,True,SIAC,SIAC,ii,ii,
5,regular,2023-09-30 23:00:00+00:00,George Fox,Lewis & Clark,31,37,True,False,True,Northwest,Northwest,iii,iii,
5,regular,2023-09-30 23:00:00+00:00,Oklahoma,Iowa State,50,20,True,False,True,Big 12,Big 12,fbs,fbs,
5,regular,2023-09-30 23:00:00+00:00,Rice,East Carolina,24,17,True,False,True,American Athletic,American Athletic,fbs,fbs,
5,regular,2023-09-30 23:00:00+00:00,Georgia State,Troy,7,28,True,False,True,Sun Belt,Sun Belt,fbs,fbs,
5,regular,2023-09-30 23:00:00+00:00,Southern Miss,Texas State,36,50,True,False,True,Sun Belt,Sun Belt,fbs,fbs,
5,regular,2023-09-30 23:00:00+00:00,North Texas,Abilene Christian,45,31,True,False,False,American Athletic,UAC,fbs,fcs,
5,regular,2023-09-30 23:30:00+00:00,Duke,Notre Dame,14,21,True,False,False,ACC,FBS Independents,fbs,fbs,
5,regular,2023-09-30 23:30:00+00:00,SMU,Charlotte,34,16,True,False,True,American Athletic,American Athletic,fbs,fbs,
5,regular,2023-09-30 23:30:00+00:00,Tennessee,South Carolina,41,20,True,False,True,SEC,SEC,fbs,fbs,
5,regular,2023-09-30 23:30:00+00:00,Iowa,Michigan State,26,16,True,False,True,Big Ten,Big Ten,fbs,fbs,
5,regular,2023-10-01 00:00:00+00:00,Cal Poly,UC Davis,13,31,True,False,True,Big Sky,Big Sky,fcs,fcs,
5,regular,2023-10-01 00:00:00+00:00,Oklahoma Baptist,Henderson State,14,27,True,False,True,Great American,Great American,ii,ii,
5,regular,2023-10-01 00:00:00+00:00,Air Force,San Diego State,49,10,True,False,True,Mountain West,Mountain West,fbs,fbs,
5,regular,2023-10-01 00:00:00+00:00,Southern Utah,Central Arkansas,27,29,True,False,True,UAC,UAC,fcs,fcs,
5,regular,2023-10-01 00:00:00+00:00,West Texas,Western Oregon,36,37,True,False,True,Lone Star,Lone Star,ii,ii,
5,regular,2023-10-01 00:00:00+00:00,McNeese,Nicholls,10,31,True,False,True,Southland,Southland,fcs,fcs,
5,regular,2023-10-01 00:00:00+00:00,UL Monroe,App State,40,41,True,False,True,Sun Belt,Sun Belt,fbs,fbs,
5,regular,2023-10-01 00:00:00+00:00,Western New Mexico,Central Washington,17,55,True,False,True,Lone Star,Lone Star,ii,ii,
5,regular,2023-10-01 00:00:00+00:00,TCU,West Virginia,21,24,True,False,True,Big 12,Big 12,fbs,fbs,
5,regular,2023-10-01 00:00:00+00:00,Virginia Tech,Pittsburgh,38,21,True,False,True,ACC,ACC,fbs,fbs,
5,regular,2023-10-01 00:00:00+00:00,Black Hills State,South Dakota Mines,14,49,True,False,True,Rocky Mountain,Rocky Mountain,ii,ii,
5,regular,2023-10-01 00:00:00+00:00,Fort Hays,Lincoln (MO),71,3,True,False,False,Mid America,Independent DII,ii,ii,
5,regular,2023-10-01 01:00:00+00:00,Mississippi State,Alabama,17,40,True,False,True,SEC,SEC,fbs,fbs,
5,regular,2023-10-01 01:00:00+00:00,Sacramento State,Northern Arizona,31,30,True,False,True,Big Sky,Big Sky,fcs,fcs,
5,regular,2023-10-01 02:00:00+00:00,Arizona,Washington,24,31,True,False,True,Pac-12,Pac-12,fbs,fbs,
5,regular,2023-10-01 02:00:00+00:00,Cal Lutheran,Chapman,24,21,True,False,True,So. Cal.,So. Cal.,iii,iii,
5,regular,2023-10-01 02:30:00+00:00,Fresno State,Nevada,27,9,True,False,True,Mountain West,Mountain West,fbs,fbs,
6,regular,2023-10-05 00:00:00+00:00,Middle Tennessee,Jacksonville State,30,45,True,False,True,Conference USA,Conference USA,fbs,fbs,
6,regular,2023-10-05 01:00:00+00:00,New Mexico State,Florida International,34,17,True,False,True,Conference USA,Conference USA,fbs,fbs,
6,regular,2023-10-05 23:00:00+00:00,Liberty,Sam Houston,21,16,True,False,True,Conference USA,Conference USA,fbs,fbs,
6,regular,2023-10-05 23:00:00+00:00,Fairmont State,Concord,42,9,True,False,True,Mountain East,Mountain East,ii,ii,
6,regular,2023-10-06 00:00:00+00:00,Louisiana Tech,Western Kentucky,28,35,True,False,True,Conference USA,Conference USA,fbs,fbs,
6,regular,2023-10-06 23:00:00+00:00,Johns Hopkins,Gettysburg,49,28,True,False,True,Centennial,Centennial,iii,iii,
6,regular,2023-10-06 23:00:00+00:00,Worcester State,Bridgewater State,7,35,True,False,True,MSCAC,MSCAC,iii,iii,
6,regular,2023-10-06 23:00:00+00:00,Harvard,Cornell,41,23,True,False,True,Ivy,Ivy,fcs,fcs,
6,regular,2023-10-06 23:30:00+00:00,Oklahoma State,Kansas State,29,21,True,False,True,Big 12,Big 12,fbs,fbs,
6,regular,2023-10-07 00:00:00+00:00,Illinois,Nebraska,7,20,True,False,True,Big Ten,Big Ten,fbs,fbs,
6,regular,2023-10-07 16:00:00+00:00,King's,FDU Florham,17,14,True,False,True,Mid Atlantic,Mid Atlantic,iii,iii,
6,regular,2023-10-07 16:00:00+00:00,Assumption,American International,38,14,True,False,True,Northeast 10,Northeast 10,ii,ii,
6,regular,2023-10-07 16:00:00+00:00,Southwestern U,Berry,10,52,True,False,True,Southern Athletic,Southern Athletic,iii,iii,
6,regular,2023-10-07 16:00:00+00:00,Gallaudet,Hilbert,34,20,True,False,False,ECFC,North Coast,iii,iii,
6,regular,2023-10-07 16:00:00+00:00,Fitchburg State,Framingham State,7,40,True,False,True,MSCAC,MSCAC,iii,iii,
6,regular,2023-10-07 16:00:00+00:00,Albright,Stevenson,0,38,True,False,True,Mid Atlantic,Mid Atlantic,iii,iii,
6,regular,2023-10-07 16:00:00+00:00,Belhaven,Huntingdon,29,3,True,False,True,USA South,USA South,iii,iii,
6,regular,2023-10-07 16:00:00+00:00,Army,Boston College,24,27,True,False,False,FBS Independents,ACC,fbs,fbs,
6,regular,2023-10-07 16:00:00+00:00,Salve Regina,Coast Guard,38,7,True,False,False,Commonwealth Coast,NEWMAC,iii,iii,
6,regular,2023-10-07 16:00:00+00:00,Pace,Post,38,7,True,False,False,Northeast 10,Independent DII,ii,ii,
6,regular,2023-10-07 16:00:00+00:00,Limestone,Lenoir Rhyne,28,31,True,False,True,South Atlantic,South Atlantic,ii,ii,
6,regular,2023-10-07 16:00:00+00:00,Gannon,Edinboro,23,12,True,False,True,Pennsylvania State Athletic,Pennsylvania State Athletic,ii,ii,
6,regular,2023-10-07 16:00:00+00:00,Catholic,Moravian,28,36,True,False,True,Landmark Conference,Landmark Conference,iii,iii,
6,regular,2023-10-07 16:00:00+00:00,Curry,Dean,47,14,True,False,False,Commonwealth Coast,ECFC,iii,iii,
6,regular,2023-10-07 16:00:00+00:00,Bluffton,Hanover,0,21,True,False,True,Heartland,Heartland,iii,iii,
6,regular,2023-10-07 16:00:00+00:00,Trinity (TX),Centre,31,3,True,False,True,Southern Athletic,Southern Athletic,iii,iii,
6,regular,2023-10-07 16:00:00+00:00,Lycoming,Wilkes,35,48,True,False,False,Landmark Conference,Landmark Conference,iii,iii,
6,regular,2023-10-07 16:00:00+00:00,Massachusetts,Toledo,24,41,True,False,False,FBS Independents,Mid-American,fbs,fbs,
6,regular,2023-10-07 16:00:00+00:00,Mississippi State,Western Michigan,41,28,True,False,False,SEC,Mid-American,fbs,fbs,
6,regular,2023-10-07 16:00:00+00:00,Long Island University,Sacred Heart,23,13,True,False,True,NEC,NEC,fcs,fcs,
6,regular,2023-10-07 16:00:00+00:00,Tiffin,Hillsdale,35,21,True,False,True,Great Midwest Athletic,Great Midwest Athletic,ii,ii,
6,regular,2023-10-07 16:00:00+00:00,Notre Dame College,West Virginia State,31,24,True,False,True,Mountain East,Mountain East,ii,ii,
6,regular,2023-10-07 16:00:00+00:00,Virginia,William & Mary,27,13,True,False,False,ACC,Coastal Athletic,fbs,fcs,
6,regular,2023-10-07 16:00:00+00:00,Ohio State,Maryland,37,17,True,False,True,Big Ten,Big Ten,fbs,fbs,
6,regular,2023-10-07 16:00:00+00:00,Missouri,LSU,39,49,True,False,True,SEC,SEC,fbs,fbs,
6,regular,2023-10-07 16:00:00+00:00,Texas,Oklahoma,30,34,True,True,True,Big 12,Big 12,fbs,fbs,Allstate Red River Rivalry
6,regular,2023-10-07 16:00:00+00:00,Brown,Rhode Island,30,34,True,False,False,Ivy,Coastal Athletic,fcs,fcs,
6,regular,2023-10-07 16:00:00+00:00,Alfred State,Lyon,41,15,True,False,False,ECFC,,iii,,
6,regular,2023-10-07 16:00:00+00:00,MIT,Springfield,10,38,True,False,True,NEWMAC,NEWMAC,iii,iii,
6,regular,2023-10-07 16:00:00+00:00,Misericordia,Eastern,25,8,True,False,True,Mid Atlantic,Mid Atlantic,iii,iii,
6,regular,2023-10-07 16:00:00+00:00,Rensselaer,Ithaca,17,20,True,False,True,Liberty League,Liberty League,iii,iii,
6,regular,2023-10-07 16:00:00+00:00,Wisconsin,Rutgers,24,13,True,False,True,Big Ten,Big Ten,fbs,fbs,
6,regular,2023-10-07 16:30:00+00:00,Columbia,Marist,16,0,True,False,False,Ivy,Pioneer,fcs,fcs,
6,regular,2023-10-07 17:00:00+00:00,Hampden Sydney,Ferrum,48,10,True,False,True,Old Dominion,Old Dominion,iii,iii,
6,regular,2023-10-07 17:00:00+00:00,Bucknell,Holy Cross,27,55,True,False,True,Patriot,Patriot,fcs,fcs,
6,regular,2023-10-07 17:00:00+00:00,Concordia St. Paul,Sioux Falls,28,35,True,False,True,Northern Sun,Northern Sun,ii,ii,
6,regular,2023-10-07 17:00:00+00:00,Merrimack,Stonehill,45,34,True,False,True,NEC,NEC,fcs,fcs,
6,regular,2023-10-07 17:00:00+00:00,Franklin & Marshall,Ursinus,20,16,True,False,True,Centennial,Centennial,iii,iii,
6,regular,2023-10-07 17:00:00+00:00,Dickinson,Christopher Newport,27,24,True,False,False,Centennial,New Jersey,iii,iii,
6,regular,2023-10-07 17:00:00+00:00,SUNY Cortland,Utica,56,3,True,False,True,Empire 8,Empire 8,iii,iii,
6,regular,2023-10-07 17:00:00+00:00,Trine,Adrian,34,14,True,False,True,Michigan,Michigan,iii,iii,
6,regular,2023-10-07 17:00:00+00:00,Western New England,Anna Maria College,33,17,True,False,False,Commonwealth Coast,ECFC,iii,iii,
6,regular,2023-10-07 17:00:00+00:00,Pennsylvania,Georgetown,42,39,True,False,False,Ivy,Patriot,fcs,fcs,
6,regular,2023-10-07 17:00:00+00:00,Shaw,Johnson C. Smith,21,10,True,False,True,CIAA,CIAA,ii,ii,
6,regular,2023-10-07 17:00:00+00:00,Princeton,Lafayette,9,12,True,False,False,Ivy,Patriot,fcs,fcs,
6,regular,2023-10-07 17:00:00+00:00,Westminster (MO),Martin Luther,28,14,True,False,True,Upper Midwest,Upper Midwest,iii,iii,
6,regular,2023-10-07 17:00:00+00:00,Salisbury,William Paterson,36,19,True,False,True,New Jersey,New Jersey,iii,iii,
6,regular,2023-10-07 17:00:00+00:00,DePauw,Denison,17,6,True,False,True,North Coast,North Coast,iii,iii,
6,regular,2023-10-07 17:00:00+00:00,Colby,Wesleyan (CT),20,13,True,False,True,NESCAC,NESCAC,iii,iii,
6,regular,2023-10-07 17:00:00+00:00,Maryville (TN),Greensboro,35,7,True,False,True,USA South,USA South,iii,iii,
6,regular,2023-10-07 17:00:00+00:00,Hobart,Buffalo State,45,21,True,False,True,Liberty League,Liberty League,iii,iii,
6,regular,2023-10-07 17:00:00+00:00,St. Thomas (MN),Butler,17,10,True,False,True,Pioneer,Pioneer,fcs,fcs,
6,regular,2023-10-07 17:00:00+00:00,Morgan State,Stony Brook,0,0,True,False,False,MEAC,Coastal Athletic,fcs,fcs,
6,regular,2023-10-07 17:00:00+00:00,Lock Haven,Shepherd,10,27,True,False,True,Pennsylvania State Athletic,Pennsylvania State Athletic,ii,ii,
6,regular,2023-10-07 17:00:00+00:00,St. Augustine's,Fayetteville State,0,7,True,False,True,CIAA,CIAA,ii,ii,
6,regular,2023-10-07 17:00:00+00:00,Shippensburg,West Chester,28,38,True,False,True,Pennsylvania State Athletic,Pennsylvania State Athletic,ii,ii,
6,regular,2023-10-07 17:00:00+00:00,Widener,Lebanon Valley,24,27,True,False,True,Mid Atlantic,Mid Atlantic,iii,iii,
6,regular,2023-10-07 17:00:00+00:00,Ferris State,Saginaw Valley State,38,17,True,False,True,GLIAC,GLIAC,ii,ii,
6,regular,2023-10-07 17:00:00+00:00,LaGrange,North Carolina Wesleyan,14,35,True,False,True,USA South,USA South,iii,iii,
6,regular,2023-10-07 17:00:00+00:00,Presbyterian,Stetson,24,28,True,False,True,Pioneer,Pioneer,fcs,fcs,
6,regular,2023-10-07 17:00:00+00:00,Chowan,North Greenville,16,31,True,False,True,Gulf South,Gulf South,ii,ii,
6,regular,2023-10-07 17:00:00+00:00,Randolph Macon,Averett,59,7,True,False,True,Old Dominion,Old Dominion,iii,iii,
6,regular,2023-10-07 17:00:00+00:00,New Haven,Lincoln (CA),38,0,True,False,False,Northeast 10,,ii,,
6,regular,2023-10-07 17:00:00+00:00,Elizabeth City State,Virginia Union,20,42,True,False,True,CIAA,CIAA,ii,ii,
6,regular,2023-10-07 17:00:00+00:00,Morehead State,Dayton,31,7,True,False,True,Pioneer,Pioneer,fcs,fcs,
6,regular,2023-10-07 17:00:00+00:00,Westminster (PA),Bethany (WV),42,7,True,False,True,Presidents',Presidents',iii,iii,
6,regular,2023-10-07 17:00:00+00:00,Norwich,Merchant Marine,21,28,True,False,True,NEWMAC,NEWMAC,iii,iii,
6,regular,2023-10-07 17:00:00+00:00,Rochester (NY),Union,17,21,True,False,True,Liberty League,Liberty League,iii,iii,
6,regular,2023-10-07 17:00:00+00:00,Wittenberg,Hiram,21,7,True,False,True,North Coast,North Coast,iii,iii,
6,regular,2023-10-07 17:00:00+00:00,Northwood,Findlay,33,30,True,False,True,Great Midwest Athletic,Great Midwest Athletic,ii,ii,
6,regular,2023-10-07 17:00:00+00:00,Carson Newman,Tusculum,21,27,True,False,True,South Atlantic,South Atlantic,ii,ii,
6,regular,2023-10-07 17:00:00+00:00,Ohio Dominican,Lake Erie,41,17,True,False,True,Great Midwest Athletic,Great Midwest Athletic,ii,ii,
6,regular,2023-10-07 17:00:00+00:00,Hope,Albion,14,6,True,False,True,Michigan,Michigan,iii,iii,
6,regular,2023-10-07 17:00:00+00:00,Wayne State (MI),Michigan Tech,23,21,True,False,True,GLIAC,GLIAC,ii,ii,
6,regular,2023-10-07 17:00:00+00:00,Saint Anselm,Bentley,24,17,True,False,True,Northeast 10,Northeast 10,ii,ii,
6,regular,2023-10-07 17:00:00+00:00,Fordham,Lehigh,38,35,True,False,True,Patriot,Patriot,fcs,fcs,
6,regular,2023-10-07 17:00:00+00:00,Brevard,Southern Virginia,49,28,True,False,True,USA South,USA South,iii,iii,
6,regular,2023-10-07 17:00:00+00:00,Hamilton,Trinity (CT),21,34,True,False,True,NESCAC,NESCAC,iii,iii,
6,regular,2023-10-07 17:00:00+00:00,Miles,Benedict,24,27,True,False,True,SIAC,SIAC,ii,ii,
6,regular,2023-10-07 17:00:00+00:00,Bates,Amherst,7,17,True,False,True,NESCAC,NESCAC,iii,iii,
6,regular,2023-10-07 17:00:00+00:00,Wheeling,West Virginia Wesleyan,58,3,True,False,True,Mountain East,Mountain East,ii,ii,
6,regular,2023-10-07 17:00:00+00:00,Kean,Montclair State,14,27,True,False,True,New Jersey,New Jersey,iii,iii,
6,regular,2023-10-07 17:00:00+00:00,Frostburg State,UNC Pembroke,31,21,True,False,True,Mountain East,Mountain East,ii,ii,
6,regular,2023-10-07 17:00:00+00:00,Brockport,Hartwick,63,0,True,False,True,Empire 8,Empire 8,iii,iii,
6,regular,2023-10-07 17:00:00+00:00,Franklin Pierce,Southern Connecticut State,17,14,True,True,True,Northeast 10,Northeast 10,ii,ii,
6,regular,2023-10-07 17:00:00+00:00,Central Connecticut,Delaware State,51,44,True,False,False,NEC,MEAC,fcs,fcs,
6,regular,2023-10-07 17:00:00+00:00,Saint Vincent,Case Western Reserve,0,19,True,False,True,Presidents',Presidents',iii,iii,
6,regular,2023-10-07 17:00:00+00:00,Winston-Salem State,Livingstone,21,23,True,False,True,CIAA,CIAA,ii,ii,
6,regular,2023-10-07 17:00:00+00:00,Alvernia,Delaware Valley,12,28,True,False,True,Mid Atlantic,Mid Atlantic,iii,iii,
6,regular,2023-10-07 17:00:00+00:00,Keystone,Susquehanna,0,69,True,False,False,Landmark Conference,Landmark Conference,iii,iii,
6,regular,2023-10-07 17:00:00+00:00,Alderson-Broaddus,Charleston (WV),0,0,False,False,True,Mountain East,Mountain East,ii,ii,
6,regular,2023-10-07 17:00:00+00:00,West Liberty,Glenville State,48,40,True,False,True,Mountain East,Mountain East,ii,ii,
6,regular,2023-10-07 17:30:00+00:00,Defiance College,Mount St Joseph,21,62,True,False,True,Heartland,Heartland,iii,iii,
6,regular,2023-10-07 17:30:00+00:00,Anderson (IN),Franklin,28,36,True,False,True,Heartland,Heartland,iii,iii,
6,regular,2023-10-07 17:30:00+00:00,Heidelberg,Mount Union,3,41,True,False,True,Ohio,Ohio,iii,iii,
6,regular,2023-10-07 17:30:00+00:00,Dartmouth,Yale,24,31,True,False,True,Ivy,Ivy,fcs,fcs,
6,regular,2023-10-07 17:30:00+00:00,Marietta,John Carroll,28,31,True,False,True,Ohio,Ohio,iii,iii,
6,regular,2023-10-07 17:30:00+00:00,Wofford,Samford,10,31,True,False,True,Southern,Southern,fcs,fcs,
6,regular,2023-10-07 17:30:00+00:00,Manchester,Rose Hulman,7,44,True,False,True,Heartland,Heartland,iii,iii,
6,regular,2023-10-07 18:00:00+00:00,Coe,Buena Vista,52,7,True,False,True,American Rivers,American Rivers,iii,iii,
6,regular,2023-10-07 18:00:00+00:00,Bowie State,Virginia State,16,44,True,False,True,CIAA,CIAA,ii,ii,
6,regular,2023-10-07 18:00:00+00:00,Edward Waters,Lane College,37,30,True,False,True,SIAC,SIAC,ii,ii,
6,regular,2023-10-07 18:00:00+00:00,Black Hills State,New Mexico Highlands,34,24,True,False,True,Rocky Mountain,Rocky Mountain,ii,ii,
6,regular,2023-10-07 18:00:00+00:00,Central Missouri,Nebraska Kearney,38,14,True,False,True,Mid America,Mid America,ii,ii,
6,regular,2023-10-07 18:00:00+00:00,Muhlenberg,McDaniel,50,6,True,False,True,Centennial,Centennial,iii,iii,
6,regular,2023-10-07 18:00:00+00:00,Ohio Wesleyan,Kenyon,48,7,True,False,True,North Coast,North Coast,iii,iii,
6,regular,2023-10-07 18:00:00+00:00,Wayne State (NE),Minnesota Duluth,28,18,True,False,True,Northern Sun,Northern Sun,ii,ii,
6,regular,2023-10-07 18:00:00+00:00,Chicago,Illinois College,20,41,True,False,True,Midwest,Midwest,iii,iii,
6,regular,2023-10-07 18:00:00+00:00,Davenport,Northern Michigan,28,12,True,False,True,GLIAC,GLIAC,ii,ii,
6,regular,2023-10-07 18:00:00+00:00,Truman State,Quincy,33,27,True,False,True,Great Lakes,Great Lakes,ii,ii,
6,regular,2023-10-07 18:00:00+00:00,Texas Lutheran,Mary Hardin Baylor,21,55,True,False,True,American Southwest,American Southwest,iii,iii,
6,regular,2023-10-07 18:00:00+00:00,Valdosta State,Delta State,25,49,True,False,True,Gulf South,Gulf South,ii,ii,
6,regular,2023-10-07 18:00:00+00:00,North Dakota,Western Illinois,49,10,True,False,True,MVFC,MVFC,fcs,fcs,
6,regular,2023-10-07 18:00:00+00:00,Saint John's (MN),Concordia (MN),42,23,True,False,True,Minnesota,Minnesota,iii,iii,
6,regular,2023-10-07 18:00:00+00:00,Mercyhurst,Slippery Rock,31,75,True,False,True,Pennsylvania State Athletic,Pennsylvania State Athletic,ii,ii,
6,regular,2023-10-07 18:00:00+00:00,St. Norbert,Rockford,58,6,True,False,True,NACC,NACC,iii,iii,
6,regular,2023-10-07 18:00:00+00:00,Loras,Central College,14,38,True,False,True,American Rivers,American Rivers,iii,iii,
6,regular,2023-10-07 18:00:00+00:00,UVA Wise,Emory & Henry,24,41,True,False,True,South Atlantic,South Atlantic,ii,ii,
6,regular,2023-10-07 18:00:00+00:00,Carthage,North Park,20,35,True,False,True,CCIW,CCIW,iii,iii,
6,regular,2023-10-07 18:00:00+00:00,Carleton,St. Olaf,33,31,True,False,True,Minnesota,Minnesota,iii,iii,
6,regular,2023-10-07 18:00:00+00:00,Hampton,Campbell,27,30,True,False,True,Coastal Athletic,Coastal Athletic,fcs,fcs,
6,regular,2023-10-07 18:00:00+00:00,Wisconsin Whitewater,Wisconsin La Crosse,34,37,True,False,True,Wisconsin,Wisconsin,iii,iii,
6,regular,2023-10-07 18:00:00+00:00,Austin,Sul Ross State,7,49,True,False,True,American Southwest,American Southwest,iii,iii,
6,regular,2023-10-07 18:00:00+00:00,Augustana (SD),Southwest Minnesota State,38,6,True,False,True,Northern Sun,Northern Sun,ii,ii,
6,regular,2023-10-07 18:00:00+00:00,Temple,UTSA,34,49,True,False,True,American Athletic,American Athletic,fbs,fbs,
6,regular,2023-10-07 18:00:00+00:00,Buffalo,Central Michigan,37,13,True,False,True,Mid-American,Mid-American,fbs,fbs,
6,regular,2023-10-07 18:00:00+00:00,Drake,Valparaiso,20,14,True,False,True,Pioneer,Pioneer,fcs,fcs,
6,regular,2023-10-07 18:00:00+00:00,Furman,The Citadel,28,14,True,False,True,Southern,Southern,fcs,fcs,
6,regular,2023-10-07 18:00:00+00:00,South Carolina State,Virginia Lynchburg,56,6,True,False,False,MEAC,,fcs,,
6,regular,2023-10-07 18:00:00+00:00,Concordia Chicago,Aurora,0,91,True,False,True,NACC,NACC,iii,iii,
6,regular,2023-10-07 18:00:00+00:00,Lindenwood,Tennessee Tech,23,0,True,False,True,Big South-OVC,Big South-OVC,fcs,fcs,
6,regular,2023-10-07 18:00:00+00:00,Chadron State,Fort Lewis,57,20,True,False,True,Rocky Mountain,Rocky Mountain,ii,ii,
6,regular,2023-10-07 18:00:00+00:00,Alfred,SUNY Morrisville,14,10,True,False,True,Empire 8,Empire 8,iii,iii,
6,regular,2023-10-07 18:00:00+00:00,Augustana (IL),Millikin,42,3,True,False,True,CCIW,CCIW,iii,iii,
6,regular,2023-10-07 18:00:00+00:00,NC State,Marshall,48,41,True,False,False,ACC,Sun Belt,fbs,fbs,
6,regular,2023-10-07 18:00:00+00:00,Bloomsburg,Kutztown,3,24,True,False,True,Pennsylvania State Athletic,Pennsylvania State Athletic,ii,ii,
6,regular,2023-10-07 18:00:00+00:00,Wisconsin Eau Claire,Wisconsin River Falls,7,49,True,False,True,Wisconsin,Wisconsin,iii,iii,
6,regular,2023-10-07 18:00:00+00:00,Wisconsin Lutheran,Lakeland,34,14,True,False,True,NACC,NACC,iii,iii,
6,regular,2023-10-07 18:00:00+00:00,Howard Payne,East Texas Baptist,28,14,True,False,True,American Southwest,American Southwest,iii,iii,
6,regular,2023-10-07 18:00:00+00:00,Elon,North Carolina Central,23,34,True,False,False,Coastal Athletic,MEAC,fcs,fcs,
6,regular,2023-10-07 18:00:00+00:00,Hamline,Augsburg,7,41,True,False,True,Minnesota,Minnesota,iii,iii,
6,regular,2023-10-07 18:00:00+00:00,Wisconsin Platteville,Wisconsin Stevens Point,51,10,True,False,True,Wisconsin,Wisconsin,iii,iii,
6,regular,2023-10-07 18:00:00+00:00,Washington & Jefferson,Allegheny,35,28,True,False,True,Presidents',Presidents',iii,iii,
6,regular,2023-10-07 18:00:00+00:00,Kalamazoo,Olivet,14,42,True,False,True,Michigan,Michigan,iii,iii,
6,regular,2023-10-07 18:00:00+00:00,St. Scholastica,Gustavus Adolphus,12,63,True,False,True,Minnesota,Minnesota,iii,iii,
6,regular,2023-10-07 18:00:00+00:00,IU Pennsylvania,California (PA),20,30,True,False,True,Pennsylvania State Athletic,Pennsylvania State Athletic,ii,ii,
6,regular,2023-10-07 18:00:00+00:00,Illinois Wesleyan,Washington St. Louis,10,38,True,False,True,CCIW,CCIW,iii,iii,
6,regular,2023-10-07 18:00:00+00:00,South Dakota Mines,Western Colorado,20,43,True,False,True,Rocky Mountain,Rocky Mountain,ii,ii,
6,regular,2023-10-07 18:00:00+00:00,Southwest Baptist,McKendree,24,17,True,False,True,Great Lakes,Great Lakes,ii,ii,
6,regular,2023-10-07 18:00:00+00:00,Dubuque,Nebraska Wesleyan,56,28,True,False,True,American Rivers,American Rivers,iii,iii,
6,regular,2023-10-07 18:00:00+00:00,Knox,Ripon,3,10,True,False,True,Midwest,Midwest,iii,iii,
6,regular,2023-10-07 18:00:00+00:00,Luther,Wartburg,0,54,True,False,True,American Rivers,American Rivers,iii,iii,
6,regular,2023-10-07 18:00:00+00:00,Williams,Middlebury,10,12,True,False,True,NESCAC,NESCAC,iii,iii,
6,regular,2023-10-07 18:00:00+00:00,Clarion,Seton Hill,17,24,True,False,True,Pennsylvania State Athletic,Pennsylvania State Athletic,ii,ii,
6,regular,2023-10-07 18:00:00+00:00,Concordia (WI),Benedictine (IL),28,0,True,False,True,NACC,NACC,iii,iii,
6,regular,2023-10-07 18:00:00+00:00,Wabash,Wooster,45,35,True,False,True,North Coast,North Coast,iii,iii,
6,regular,2023-10-07 18:30:00+00:00,Mars Hill,Erskine,38,3,True,False,True,South Atlantic,South Atlantic,ii,ii,
6,regular,2023-10-07 18:30:00+00:00,WPI,SUNY Maritime,21,28,True,False,True,NEWMAC,NEWMAC,iii,iii,
6,regular,2023-10-07 18:30:00+00:00,Northwest Missouri State,Central Oklahoma,34,21,True,False,True,Mid America,Mid America,ii,ii,
6,regular,2023-10-07 19:00:00+00:00,UCLA,Washington State,25,17,True,False,True,Pac-12,Pac-12,fbs,fbs,
6,regular,2023-10-07 19:00:00+00:00,Northwestern (MN),Crown,47,23,True,False,True,Upper Midwest,Upper Midwest,iii,iii,
6,regular,2023-10-07 19:00:00+00:00,Sewanee,Birmingham-Southern,32,38,True,False,True,Southern Athletic,Southern Athletic,iii,iii,
6,regular,2023-10-07 19:00:00+00:00,Eastern Illinois,UT Martin,27,28,True,False,True,Big South-OVC,Big South-OVC,fcs,fcs,
6,regular,2023-10-07 19:00:00+00:00,Cornell (IA),Beloit,36,24,True,False,True,Midwest,Midwest,iii,iii,
6,regular,2023-10-07 19:00:00+00:00,Lincoln (MO),Northeastern State,13,28,True,False,False,Independent DII,Mid America,ii,ii,
6,regular,2023-10-07 19:00:00+00:00,Missouri State,North Dakota State,10,38,True,False,True,MVFC,MVFC,fcs,fcs,
6,regular,2023-10-07 19:00:00+00:00,East Central,Ouachita Baptist,14,31,True,False,True,Great American,Great American,ii,ii,
6,regular,2023-10-07 19:00:00+00:00,Delaware,Duquesne,43,17,True,False,False,CAA,NEC,fcs,fcs,
6,regular,2023-10-07 19:00:00+00:00,Northwestern,Howard,23,20,True,False,False,Big Ten,MEAC,fbs,fcs,
6,regular,2023-10-07 19:00:00+00:00,Henderson State,Southern Nazarene,42,28,True,False,True,Great American,Great American,ii,ii,
6,regular,2023-10-07 19:00:00+00:00,Missouri Southern State,Fort Hays,22,35,True,False,True,Mid America,Mid America,ii,ii,
6,regular,2023-10-07 19:00:00+00:00,The College of New Jersey,Rowan,7,9,True,False,True,New Jersey,New Jersey,iii,iii,
6,regular,2023-10-07 19:00:00+00:00,Southeastern Oklahoma State,Arkansas Monticello,22,21,True,False,True,Great American,Great American,ii,ii,
6,regular,2023-10-07 19:00:00+00:00,University of Mary,Winona State,7,17,True,False,True,Northern Sun,Northern Sun,ii,ii,
6,regular,2023-10-07 19:00:00+00:00,Lake Forest,Lawrence,76,0,True,False,True,Midwest,Midwest,iii,iii,
6,regular,2023-10-07 19:00:00+00:00,Colorado Mesa,Colorado School of Mines,0,52,True,False,True,Rocky Mountain,Rocky Mountain,ii,ii,
6,regular,2023-10-07 19:00:00+00:00,Kennesaw State,Tennessee State,20,27,True,False,False,FCS Independents,Big South-OVC,fcs,fcs,
6,regular,2023-10-07 19:00:00+00:00,Pittsburg State,Emporia State,33,25,True,False,True,Mid America,Mid America,ii,ii,
6,regular,2023-10-07 19:00:00+00:00,Bluefield State,Lincoln (PA),44,52,True,False,False,Independent DII,CIAA,ii,ii,
6,regular,2023-10-07 19:00:00+00:00,Monmouth (IL),Grinnell,69,6,True,False,True,Midwest,Midwest,iii,iii,
6,regular,2023-10-07 19:00:00+00:00,Geneva,Grove City,21,48,True,False,True,Presidents',Presidents',iii,iii,
6,regular,2023-10-07 19:00:00+00:00,South Dakota,Murray State,38,7,True,False,True,MVFC,MVFC,fcs,fcs,
6,regular,2023-10-07 19:00:00+00:00,Wisconsin Stout,Wisconsin Oshkosh,46,48,True,False,True,Wisconsin,Wisconsin,iii,iii,
6,regular,2023-10-07 19:00:00+00:00,Minnesota State,Minnesota St Moorhead,24,21,True,False,True,Northern Sun,Northern Sun,ii,ii,
6,regular,2023-10-07 19:05:00+00:00,Alabama State,Bethune-Cookman,19,14,True,False,True,SWAC,SWAC,fcs,fcs,
6,regular,2023-10-07 19:30:00+00:00,Richmond,Maine,42,31,True,False,True,Coastal Athletic,Coastal Athletic,fcs,fcs,
6,regular,2023-10-07 19:30:00+00:00,Alcorn State,Grambling,25,24,True,False,True,SWAC,SWAC,fcs,fcs,
6,regular,2023-10-07 19:30:00+00:00,Akron,Northern Illinois,14,55,True,False,True,Mid-American,Mid-American,fbs,fbs,
6,regular,2023-10-07 19:30:00+00:00,Northern State,Minot State,46,9,True,False,True,Northern Sun,Northern Sun,ii,ii,
6,regular,2023-10-07 19:30:00+00:00,Miami (OH),Bowling Green,27,0,True,False,True,Mid-American,Mid-American,fbs,fbs,
6,regular,2023-10-07 19:30:00+00:00,Clemson,Wake Forest,17,12,True,False,True,ACC,ACC,fbs,fbs,
6,regular,2023-10-07 19:30:00+00:00,Texas A&M,Alabama,20,26,True,False,True,SEC,SEC,fbs,fbs,
6,regular,2023-10-07 19:30:00+00:00,Iowa,Purdue,20,14,True,False,True,Big Ten,Big Ten,fbs,fbs,
6,regular,2023-10-07 19:30:00+00:00,Navy,North Texas,27,24,True,False,True,American Athletic,American Athletic,fbs,fbs,
6,regular,2023-10-07 19:30:00+00:00,Eastern Michigan,Ball State,24,10,True,False,True,Mid-American,Mid-American,fbs,fbs,
6,regular,2023-10-07 19:30:00+00:00,Florida State,Virginia Tech,39,17,True,False,True,ACC,ACC,fbs,fbs,
6,regular,2023-10-07 19:30:00+00:00,North Carolina,Syracuse,40,7,True,False,True,ACC,ACC,fbs,fbs,
6,regular,2023-10-07 19:30:00+00:00,Ohio,Kent State,42,17,True,False,True,Mid-American,Mid-American,fbs,fbs,
6,regular,2023-10-07 19:30:00+00:00,East Tennessee State,Mercer,6,24,True,False,True,Southern,Southern,fcs,fcs,
6,regular,2023-10-07 19:30:00+00:00,Louisiana,Texas State,34,30,True,False,True,Sun Belt,Sun Belt,fbs,fbs,
6,regular,2023-10-07 19:30:00+00:00,Southern Arkansas,Oklahoma Baptist,63,24,True,False,True,Great American,Great American,ii,ii,
6,regular,2023-10-07 20:00:00+00:00,West Florida,Shorter,42,3,True,True,True,Gulf South,Gulf South,ii,ii,
6,regular,2023-10-07 20:00:00+00:00,Washington and Lee,Guilford,48,25,True,False,True,Old Dominion,Old Dominion,iii,iii,
6,regular,2023-10-07 20:00:00+00:00,CSU Pueblo,Adams State,43,10,True,False,True,Rocky Mountain,Rocky Mountain,ii,ii,
6,regular,2023-10-07 20:00:00+00:00,UMass Dartmouth,Mass Maritime,26,0,True,False,True,MSCAC,MSCAC,iii,iii,
6,regular,2023-10-07 20:00:00+00:00,Willamette,Whitworth,7,59,True,False,True,Northwest,Northwest,iii,iii,
6,regular,2023-10-07 20:00:00+00:00,Pacific Lutheran,Pacific (OR),17,10,True,False,True,Northwest,Northwest,iii,iii,
6,regular,2023-10-07 20:00:00+00:00,Nicholls,Houston Christian,38,7,True,False,True,Southland,Southland,fcs,fcs,
6,regular,2023-10-07 20:00:00+00:00,Chattanooga,Western Carolina,50,52,True,False,True,Southern,Southern,fcs,fcs,
6,regular,2023-10-07 20:00:00+00:00,UAB,South Florida,56,35,True,False,True,American Athletic,American Athletic,fbs,fbs,
6,regular,2023-10-07 20:00:00+00:00,Gardner-Webb,Robert Morris,31,16,True,False,True,Big South-OVC,Big South,fcs,fcs,
6,regular,2023-10-07 20:00:00+00:00,North Carolina A&T,Villanova,14,37,True,False,True,Coastal Athletic,Coastal Athletic,fcs,fcs,
6,regular,2023-10-07 20:00:00+00:00,Millsaps,Rhodes,7,37,True,False,True,Southern Athletic,Southern Athletic,iii,iii,
6,regular,2023-10-07 20:00:00+00:00,Lamar,Northwestern State,27,13,True,False,True,Southland,Southland,fcs,fcs,
6,regular,2023-10-07 20:00:00+00:00,Albany State,Central State,48,0,True,False,True,SIAC,SIAC,ii,ii,
6,regular,2023-10-07 20:00:00+00:00,Kansas,UCF,51,22,True,False,True,Big 12,Big 12,fbs,fbs,
6,regular,2023-10-07 20:00:00+00:00,Barton,Newberry,34,17,True,False,True,South Atlantic,South Atlantic,ii,ii,
6,regular,2023-10-07 20:00:00+00:00,Troy,Arkansas State,37,3,True,False,True,Sun Belt,Sun Belt,fbs,fbs,
6,regular,2023-10-07 20:00:00+00:00,Puget Sound,George Fox,29,27,True,False,True,Northwest,Northwest,iii,iii,
6,regular,2023-10-07 20:00:00+00:00,Florida,Vanderbilt,38,14,True,False,True,SEC,SEC,fbs,fbs,
6,regular,2023-10-07 20:00:00+00:00,Washburn,Missouri Western,21,61,True,False,True,Mid America,Mid America,ii,ii,
6,regular,2023-10-07 20:00:00+00:00,Lewis & Clark,Linfield,15,57,True,False,True,Northwest,Northwest,iii,iii,
6,regular,2023-10-07 20:00:00+00:00,Towson,UAlbany,17,24,True,False,True,Coastal Athletic,Coastal Athletic,fcs,fcs,
6,regular,2023-10-07 20:00:00+00:00,Western Connecticut State,Plymouth State,55,20,True,False,True,MSCAC,MSCAC,iii,iii,
6,regular,2023-10-07 20:00:00+00:00,Alabama A&M,Jackson State,30,45,True,True,True,SWAC,SWAC,fcs,fcs,
6,regular,2023-10-07 20:05:00+00:00,Western Oregon,Western New Mexico,31,10,True,False,True,Lone Star,Lone Star,ii,ii,
6,regular,2023-10-07 21:00:00+00:00,Incarnate Word,SE Louisiana,33,26,True,False,True,Southland,Southland,fcs,fcs,
6,regular,2023-10-07 21:00:00+00:00,Rice,UConn,31,38,True,False,False,American Athletic,FBS Independents,fbs,fbs,
6,regular,2023-10-07 21:00:00+00:00,Northwestern (OK),Harding,0,62,True,False,True,Great American,Great American,ii,ii,
6,regular,2023-10-07 21:00:00+00:00,Central Arkansas,Southeast Missouri State,38,33,True,False,False,UAC,Big South-OVC,fcs,fcs,
6,regular,2023-10-07 22:00:00+00:00,Indianapolis,William Jewell,59,17,True,False,True,Great Lakes,Great Lakes,ii,ii,
6,regular,2023-10-07 22:00:00+00:00,Florida Atlantic,Tulsa,20,17,True,False,True,American Athletic,American Athletic,fbs,fbs,
6,regular,2023-10-07 22:00:00+00:00,Allen,Clark Atlanta,35,27,True,False,True,SIAC,SIAC,ii,ii,
6,regular,2023-10-07 22:00:00+00:00,Youngstown State,Southern Illinois,31,3,True,False,True,MVFC,MVFC,fcs,fcs,
6,regular,2023-10-07 22:00:00+00:00,Catawba,Wingate,13,31,True,False,True,South Atlantic,South Atlantic,ii,ii,
6,regular,2023-10-07 22:00:00+00:00,Fort Valley State,Savannah State,38,24,True,False,True,SIAC,SIAC,ii,ii,
6,regular,2023-10-07 22:00:00+00:00,West Georgia,West Alabama,24,6,True,False,True,Gulf South,Gulf South,ii,ii,
6,regular,2023-10-07 22:05:00+00:00,East Stroudsburg,Millersville,38,17,True,False,True,Pennsylvania State Athletic,Pennsylvania State Athletic,ii,ii,
6,regular,2023-10-07 22:30:00+00:00,Arizona State,Colorado,24,27,True,False,True,Pac-12,Pac-12,fbs,fbs,
6,regular,2023-10-07 22:30:00+00:00,Southwestern Oklahoma State,Arkansas Tech,7,9,True,False,True,Great American,Great American,ii,ii,
6,regular,2023-10-07 22:30:00+00:00,Bowdoin,Tufts,10,24,True,False,True,NESCAC,NESCAC,iii,iii,
6,regular,2023-10-07 23:00:00+00:00,North Central College,Carroll (WI),69,24,True,False,True,CCIW,CCIW,iii,iii,
6,regular,2023-10-07 23:00:00+00:00,Georgia,Kentucky,51,13,True,False,True,SEC,SEC,fbs,fbs,
6,regular,2023-10-07 23:00:00+00:00,Carnegie Mellon,Thiel,80,22,True,False,True,Presidents',Presidents',iii,iii,
6,regular,2023-10-07 23:00:00+00:00,Southern Miss,Old Dominion,13,17,True,False,True,Sun Belt,Sun Belt,fbs,fbs,
6,regular,2023-10-07 23:00:00+00:00,UC Davis,Montana,23,31,True,False,True,Big Sky,Big Sky,fcs,fcs,
6,regular,2023-10-07 23:00:00+00:00,Illinois State,South Dakota State,21,40,True,False,True,MVFC,MVFC,fcs,fcs,
6,regular,2023-10-07 23:00:00+00:00,Shenandoah,Bridgewater,10,24,True,False,True,Old Dominion,Old Dominion,iii,iii,
6,regular,2023-10-07 23:00:00+00:00,Elmhurst,Wheaton (IL),6,61,True,False,True,CCIW,CCIW,iii,iii,
6,regular,2023-10-07 23:00:00+00:00,Southern,Florida A&M,19,26,True,False,True,SWAC,SWAC,fcs,fcs,
6,regular,2023-10-07 23:00:00+00:00,Tarleton State,Southern Utah,26,27,True,False,True,UAC,UAC,fcs,fcs,
6,regular,2023-10-07 23:00:00+00:00,Grand Valley State,Kentucky State,65,7,True,False,False,GLIAC,SIAC,ii,ii,
6,regular,2023-10-07 23:00:00+00:00,McMurry,Hardin Simmons,16,19,True,False,True,American Southwest,American Southwest,iii,iii,
6,regular,2023-10-07 23:00:00+00:00,Missouri S&T,Upper Iowa,31,6,True,False,False,Great Lakes,Northern Sun,ii,ii,
6,regular,2023-10-07 23:00:00+00:00,Kentucky Wesleyan,Thomas More,28,36,True,False,False,Great Midwest Athletic,,ii,,
6,regular,2023-10-07 23:00:00+00:00,Ashland,Walsh,21,7,True,False,True,Great Midwest Athletic,Great Midwest Athletic,ii,ii,
6,regular,2023-10-07 23:00:00+00:00,Prairie View A&M,Mississippi Valley State,31,12,True,False,True,SWAC,SWAC,fcs,fcs,
6,regular,2023-10-07 23:00:00+00:00,UL Monroe,South Alabama,7,55,True,False,True,Sun Belt,Sun Belt,fbs,fbs,
6,regular,2023-10-07 23:00:00+00:00,Indiana State,Northern Iowa,20,27,True,False,True,MVFC,MVFC,fcs,fcs,
6,regular,2023-10-07 23:30:00+00:00,Ole Miss,Arkansas,27,20,True,False,True,SEC,SEC,fbs,fbs,
6,regular,2023-10-07 23:30:00+00:00,Minnesota,Michigan,10,52,True,False,True,Big Ten,Big Ten,fbs,fbs,
6,regular,2023-10-07 23:37:00+00:00,Louisville,Notre Dame,33,20,True,False,False,ACC,FBS Independents,fbs,fbs,
6,regular,2023-10-08 00:00:00+00:00,Macalester,Bethel (MN),14,49,True,False,True,Minnesota,Minnesota,iii,iii,
6,regular,2023-10-08 00:00:00+00:00,Wyoming,Fresno State,24,19,True,False,True,Mountain West,Mountain West,fbs,fbs,
6,regular,2023-10-08 00:00:00+00:00,Midwestern State,UT Permian Basin,13,21,True,False,True,Lone Star,Lone Star,ii,ii,
6,regular,2023-10-08 00:00:00+00:00,Tuskegee,Morehouse,40,28,True,True,True,SIAC,SIAC,ii,ii,
6,regular,2023-10-08 00:00:00+00:00,Iowa State,TCU,27,14,True,False,True,Big 12,Big 12,fbs,fbs,
6,regular,2023-10-08 00:00:00+00:00,Boise State,San José State,35,27,True,False,True,Mountain West,Mountain West,fbs,fbs,
6,regular,2023-10-08 00:00:00+00:00,Weber State,Northern Arizona,10,27,True,False,True,Big Sky,Big Sky,fcs,fcs,
6,regular,2023-10-08 00:00:00+00:00,East Texas A&M,McNeese,41,10,True,False,True,Southland,Southland,fcs,fcs,
6,regular,2023-10-08 00:00:00+00:00,Utah State,Colorado State,44,24,True,False,True,Mountain West,Mountain West,fbs,fbs,
6,regular,2023-10-08 00:00:00+00:00,Texas A&M-Kingsville,West Texas,28,21,True,False,True,Lone Star,Lone Star,ii,ii,
6,regular,2023-10-08 00:00:00+00:00,Cal Poly,Idaho,14,42,True,False,True,Big Sky,Big Sky,fcs,fcs,
6,regular,2023-10-08 00:00:00+00:00,Miami,Georgia Tech,20,23,True,False,True,ACC,ACC,fbs,fbs,
6,regular,2023-10-08 00:00:00+00:00,Baylor,Texas Tech,14,39,True,False,True,Big 12,Big 12,fbs,fbs,
6,regular,2023-10-08 01:00:00+00:00,Central Washington,Eastern New Mexico,38,35,True,False,True,Lone Star,Lone Star,ii,ii,
6,regular,2023-10-08 01:00:00+00:00,Utah Tech,Stephen F. Austin,37,31,True,False,True,UAC,UAC,fcs,fcs,
6,regular,2023-10-08 02:00:00+00:00,Redlands,Pomona Pitzer,9,10,True,False,True,So. Cal.,So. Cal.,iii,iii,
6,regular,2023-10-08 02:00:00+00:00,Cal Lutheran,La Verne,55,0,True,False,True,So. Cal.,So. Cal.,iii,iii,
6,regular,2023-10-08 02:00:00+00:00,Chapman,Claremont Mudd Scripps,20,7,True,False,True,So. Cal.,So. Cal.,iii,iii,
6,regular,2023-10-08 02:00:00+00:00,California,Oregon State,40,52,True,False,True,Pac-12,Pac-12,fbs,fbs,
6,regular,2023-10-08 02:30:00+00:00,USC,Arizona,43,41,True,False,True,Pac-12,Pac-12,fbs,fbs,
7,regular,2023-10-10 23:00:00+00:00,Middle Tennessee,Louisiana Tech,31,23,True,False,True,Conference USA,Conference USA,fbs,fbs,
7,regular,2023-10-10 23:30:00+00:00,App State,Coastal Carolina,24,27,True,False,True,Sun Belt,Sun Belt,fbs,fbs,
7,regular,2023-10-10 23:30:00+00:00,Jacksonville State,Liberty,13,31,True,False,True,Conference USA,Conference USA,fbs,fbs,
7,regular,2023-10-11 23:30:00+00:00,Florida International,UTEP,14,27,True,False,True,Conference USA,Conference USA,fbs,fbs,
7,regular,2023-10-12 01:00:00+00:00,New Mexico State,Sam Houston,27,13,True,False,True,Conference USA,Conference USA,fbs,fbs,
7,regular,2023-10-12 23:00:00+00:00,Houston,West Virginia,41,39,True,False,True,Big 12,Big 12,fbs,fbs,
7,regular,2023-10-12 23:00:00+00:00,Saint Francis,Wagner,31,7,True,False,True,NEC,NEC,fcs,fcs,
7,regular,2023-10-12 23:00:00+00:00,Mass Maritime,Worcester State,22,19,True,False,True,MSCAC,MSCAC,iii,iii,
7,regular,2023-10-12 23:30:00+00:00,Benedict,Fort Valley State,48,6,True,False,True,SIAC,SIAC,ii,ii,
7,regular,2023-10-12 23:30:00+00:00,East Carolina,SMU,10,31,True,False,True,American Athletic,American Athletic,fbs,fbs,
7,regular,2023-10-13 23:00:00+00:00,Memphis,Tulane,21,31,True,False,True,American Athletic,American Athletic,fbs,fbs,
7,regular,2023-10-14 00:00:00+00:00,Utah State,Fresno State,32,37,True,False,True,Mountain West,Mountain West,fbs,fbs,
7,regular,2023-10-14 02:00:00+00:00,Colorado,Stanford,43,46,True,False,True,Pac-12,Pac-12,fbs,fbs,
7,regular,2023-10-14 16:00:00+00:00,Brown,Princeton,28,27,True,False,True,Ivy,Ivy,fcs,fcs,
7,regular,2023-10-14 16:00:00+00:00,Alabama,Arkansas,24,21,True,False,True,SEC,SEC,fbs,fbs,
7,regular,2023-10-14 16:00:00+00:00,Cincinnati,Iowa State,10,30,True,False,True,Big 12,Big 12,fbs,fbs,
7,regular,2023-10-14 16:00:00+00:00,Walsh,Ohio Dominican,10,12,True,False,True,Great Midwest Athletic,Great Midwest Athletic,ii,ii,
7,regular,2023-10-14 16:00:00+00:00,Kutztown,Shippensburg,9,6,True,False,True,Pennsylvania State Athletic,Pennsylvania State Athletic,ii,ii,
7,regular,2023-10-14 16:00:00+00:00,Gettysburg,Muhlenberg,13,41,True,False,True,Centennial,Centennial,iii,iii,
7,regular,2023-10-14 16:00:00+00:00,West Chester,East Stroudsburg,14,28,True,False,True,Pennsylvania State Athletic,Pennsylvania State Athletic,ii,ii,
7,regular,2023-10-14 16:00:00+00:00,Findlay,Thomas More,38,10,True,False,False,Great Midwest Athletic,,ii,,
7,regular,2023-10-14 16:00:00+00:00,FDU Florham,Delaware Valley,0,20,True,False,True,Mid Atlantic,Mid Atlantic,iii,iii,
7,regular,2023-10-14 16:00:00+00:00,Clarion,Mercyhurst,35,36,True,False,True,Pennsylvania State Athletic,Pennsylvania State Athletic,ii,ii,
7,regular,2023-10-14 16:00:00+00:00,Wilkes,Keystone,42,7,True,False,False,Landmark Conference,Landmark Conference,iii,iii,
7,regular,2023-10-14 16:00:00+00:00,Plymouth State,Fitchburg State,40,21,True,False,True,MSCAC,MSCAC,iii,iii,
7,regular,2023-10-14 16:00:00+00:00,Shorter,Clark Atlanta,19,13,True,False,False,Gulf South,SIAC,ii,ii,
7,regular,2023-10-14 16:00:00+00:00,Utica,SUNY Morrisville,24,6,True,False,True,Empire 8,Empire 8,iii,iii,
7,regular,2023-10-14 16:00:00+00:00,Gannon,Slippery Rock,24,49,True,False,True,Pennsylvania State Athletic,Pennsylvania State Athletic,ii,ii,
7,regular,2023-10-14 16:00:00+00:00,Lebanon Valley,King's,21,35,True,False,True,Mid Atlantic,Mid Atlantic,iii,iii,
7,regular,2023-10-14 16:00:00+00:00,Vermont State Castleton,Gallaudet,23,24,True,False,True,ECFC,ECFC,iii,iii,
7,regular,2023-10-14 16:00:00+00:00,Florida State,Syracuse,41,3,True,False,True,ACC,ACC,fbs,fbs,
7,regular,2023-10-14 16:00:00+00:00,Vanderbilt,Georgia,20,37,True,False,True,SEC,SEC,fbs,fbs,
7,regular,2023-10-14 16:00:00+00:00,North Texas,Temple,45,14,True,False,True,American Athletic,American Athletic,fbs,fbs,
7,regular,2023-10-14 16:00:00+00:00,Marist,San Diego,30,16,True,False,True,Pioneer,Pioneer,fcs,fcs,
7,regular,2023-10-14 16:00:00+00:00,Framingham State,Western Connecticut State,34,56,True,False,True,MSCAC,MSCAC,iii,iii,
7,regular,2023-10-14 16:00:00+00:00,Duquesne,Central Connecticut,44,20,True,False,True,NEC,NEC,fcs,fcs,
7,regular,2023-10-14 16:00:00+00:00,Alfred State,Anna Maria College,46,20,True,False,True,ECFC,ECFC,iii,iii,
7,regular,2023-10-14 16:00:00+00:00,Rutgers,Michigan State,27,24,True,False,True,Big Ten,Big Ten,fbs,fbs,
7,regular,2023-10-14 16:00:00+00:00,James Madison,Georgia Southern,41,13,True,False,True,Sun Belt,Sun Belt,fbs,fbs,
7,regular,2023-10-14 16:00:00+00:00,Michigan,Indiana,52,7,True,False,True,Big Ten,Big Ten,fbs,fbs,
7,regular,2023-10-14 16:00:00+00:00,UNC Pembroke,Fairmont State,49,7,True,False,True,Mountain East,Mountain East,ii,ii,
7,regular,2023-10-14 16:00:00+00:00,Merchant Marine,MIT,28,14,True,False,True,NEWMAC,NEWMAC,iii,iii,
7,regular,2023-10-14 16:00:00+00:00,Eastern Michigan,Kent State,28,14,True,False,True,Mid-American,Mid-American,fbs,fbs,
7,regular,2023-10-14 16:00:00+00:00,Purdue,Ohio State,7,41,True,False,True,Big Ten,Big Ten,fbs,fbs,
7,regular,2023-10-14 16:00:00+00:00,Endicott,Western New England,24,21,True,False,True,Commonwealth Coast,Commonwealth Coast,iii,iii,
7,regular,2023-10-14 16:00:00+00:00,Charleston (WV),Notre Dame College,52,27,True,False,True,Mountain East,Mountain East,ii,ii,
7,regular,2023-10-14 16:00:00+00:00,Lehigh,Georgetown,7,17,True,False,True,Patriot,Patriot,fcs,fcs,
7,regular,2023-10-14 16:00:00+00:00,Yale,Sacred Heart,31,3,True,False,False,Ivy,NEC,fcs,fcs,
7,regular,2023-10-14 17:00:00+00:00,Harvard,Howard,48,7,True,False,False,Ivy,MEAC,fcs,fcs,
7,regular,2023-10-14 17:00:00+00:00,Samford,Furman,21,27,True,False,True,Southern,Southern,fcs,fcs,
7,regular,2023-10-14 17:00:00+00:00,Rensselaer,Buffalo State,51,28,True,False,True,Liberty League,Liberty League,iii,iii,
7,regular,2023-10-14 17:00:00+00:00,Amherst,Colby,16,19,True,False,True,NESCAC,NESCAC,iii,iii,
7,regular,2023-10-14 17:00:00+00:00,St. Lawrence,Rochester (NY),27,37,True,False,True,Liberty League,Liberty League,iii,iii,
7,regular,2023-10-14 17:00:00+00:00,Concord,Frostburg State,3,34,True,False,True,Mountain East,Mountain East,ii,ii,
7,regular,2023-10-14 17:00:00+00:00,Hillsdale,Kentucky Wesleyan,44,14,True,False,True,Great Midwest Athletic,Great Midwest Athletic,ii,ii,
7,regular,2023-10-14 17:00:00+00:00,Centre,Southwestern U,45,21,True,False,True,Southern Athletic,Southern Athletic,iii,iii,
7,regular,2023-10-14 17:00:00+00:00,Lincoln (PA),Elizabeth City State,27,21,True,False,True,CIAA,CIAA,ii,ii,
7,regular,2023-10-14 17:00:00+00:00,Waynesburg,Saint Vincent,24,0,True,False,True,Presidents',Presidents',iii,iii,
7,regular,2023-10-14 17:00:00+00:00,West Virginia State,Alderson-Broaddus,0,0,False,False,True,Mountain East,Mountain East,ii,ii,
7,regular,2023-10-14 17:00:00+00:00,Johnson C. Smith,St. Augustine's,14,6,True,False,True,CIAA,CIAA,ii,ii,
7,regular,2023-10-14 17:00:00+00:00,Kean,The College of New Jersey,0,27,True,False,True,New Jersey,New Jersey,iii,iii,
7,regular,2023-10-14 17:00:00+00:00,Shaw,Winston-Salem State,20,41,True,False,True,CIAA,CIAA,ii,ii,
7,regular,2023-10-14 17:00:00+00:00,Kalamazoo,Adrian,45,23,True,False,True,Michigan,Michigan,iii,iii,
7,regular,2023-10-14 17:00:00+00:00,Ursinus,William Paterson,39,15,True,False,False,Centennial,New Jersey,iii,iii,
7,regular,2023-10-14 17:00:00+00:00,McDaniel,Dickinson,20,40,True,False,True,Centennial,Centennial,iii,iii,
7,regular,2023-10-14 17:00:00+00:00,New England,Nichols,62,26,True,False,True,Commonwealth Coast,Commonwealth Coast,iii,iii,
7,regular,2023-10-14 17:00:00+00:00,Husson,Curry,28,7,True,False,True,Commonwealth Coast,Commonwealth Coast,iii,iii,
7,regular,2023-10-14 17:00:00+00:00,Truman State,Indianapolis,17,38,True,False,True,Great Lakes,Great Lakes,ii,ii,
7,regular,2023-10-14 17:00:00+00:00,Hobart,Hilbert,49,3,True,False,False,Liberty League,North Coast,iii,iii,
7,regular,2023-10-14 17:00:00+00:00,Franklin & Marshall,Johns Hopkins,27,34,True,False,True,Centennial,Centennial,iii,iii,
7,regular,2023-10-14 17:00:00+00:00,Minnesota Duluth,University of Mary,46,0,True,False,True,Northern Sun,Northern Sun,ii,ii,
7,regular,2023-10-14 17:00:00+00:00,SUNY Cortland,Alfred,59,21,True,False,True,Empire 8,Empire 8,iii,iii,
7,regular,2023-10-14 17:00:00+00:00,Villanova,Elon,21,0,True,False,True,Coastal Athletic,Coastal Athletic,fcs,fcs,
7,regular,2023-10-14 17:00:00+00:00,Monmouth,Hampton,61,10,True,False,True,Coastal Athletic,Coastal Athletic,fcs,fcs,
7,regular,2023-10-14 17:00:00+00:00,New Haven,Saint Anselm,9,13,True,False,True,Northeast 10,Northeast 10,ii,ii,
7,regular,2023-10-14 17:00:00+00:00,Widener,Misericordia,31,27,True,False,True,Mid Atlantic,Mid Atlantic,iii,iii,
7,regular,2023-10-14 17:00:00+00:00,Catholic,Lycoming,25,28,True,False,True,Landmark Conference,Landmark Conference,iii,iii,
7,regular,2023-10-14 17:00:00+00:00,West Virginia Wesleyan,West Liberty,7,24,True,False,True,Mountain East,Mountain East,ii,ii,
7,regular,2023-10-14 17:00:00+00:00,Minnesota Morris,Westminster (MO),45,0,True,False,True,Upper Midwest,Upper Midwest,iii,iii,
7,regular,2023-10-14 17:00:00+00:00,Methodist,Brevard,20,52,True,False,True,USA South,USA South,iii,iii,
7,regular,2023-10-14 17:00:00+00:00,Virginia Union,Bowie State,52,3,True,False,True,CIAA,CIAA,ii,ii,
7,regular,2023-10-14 17:00:00+00:00,Martin Luther,Greenville,31,29,True,False,True,Upper Midwest,Upper Midwest,iii,iii,
7,regular,2023-10-14 17:00:00+00:00,Trinity (CT),Middlebury,15,20,True,False,True,NESCAC,NESCAC,iii,iii,
7,regular,2023-10-14 17:00:00+00:00,Northwood,Ashland,3,35,True,False,True,Great Midwest Athletic,Great Midwest Athletic,ii,ii,
7,regular,2023-10-14 17:00:00+00:00,Rhode Island,Richmond,17,24,True,False,True,Coastal Athletic,Coastal Athletic,fcs,fcs,
7,regular,2023-10-14 17:00:00+00:00,Trine,Olivet,28,14,True,False,True,Michigan,Michigan,iii,iii,
7,regular,2023-10-14 17:00:00+00:00,Hiram,Ohio Wesleyan,18,19,True,False,True,North Coast,North Coast,iii,iii,
7,regular,2023-10-14 17:00:00+00:00,Colgate,Dartmouth,27,24,True,False,False,Patriot,Ivy,fcs,fcs,
7,regular,2023-10-14 17:00:00+00:00,Dayton,Presbyterian,17,20,True,False,True,Pioneer,Pioneer,fcs,fcs,
7,regular,2023-10-14 17:00:00+00:00,Ithaca,Union,17,9,True,False,True,Liberty League,Liberty League,iii,iii,
7,regular,2023-10-14 17:00:00+00:00,Thiel,Geneva,9,20,True,False,True,Presidents',Presidents',iii,iii,
7,regular,2023-10-14 17:00:00+00:00,Franklin Pierce,Assumption,17,21,True,True,True,Northeast 10,Northeast 10,ii,ii,
7,regular,2023-10-14 17:00:00+00:00,LaGrange,Belhaven,20,42,True,False,True,USA South,USA South,iii,iii,
7,regular,2023-10-14 17:00:00+00:00,Cornell,Bucknell,13,21,True,False,False,Ivy,Patriot,fcs,fcs,
7,regular,2023-10-14 17:00:00+00:00,Alvernia,Stevenson,6,42,True,False,True,Mid Atlantic,Mid Atlantic,iii,iii,
7,regular,2023-10-14 17:00:00+00:00,Denison,Wabash,28,24,True,False,True,North Coast,North Coast,iii,iii,
7,regular,2023-10-14 17:00:00+00:00,Juniata,Susquehanna,0,56,True,False,True,Landmark Conference,Landmark Conference,iii,iii,
7,regular,2023-10-14 17:00:00+00:00,Central State,Savannah State,21,10,True,False,True,SIAC,SIAC,ii,ii,
7,regular,2023-10-14 17:00:00+00:00,Wayne State (NE),Bemidji State,23,33,True,False,True,Northern Sun,Northern Sun,ii,ii,
7,regular,2023-10-14 17:00:00+00:00,Emory & Henry,Mars Hill,14,24,True,False,True,South Atlantic,South Atlantic,ii,ii,
7,regular,2023-10-14 17:00:00+00:00,Saint Xavier,Saginaw Valley State,10,32,True,True,False,,GLIAC,,ii,
7,regular,2023-10-14 17:00:00+00:00,Minnesota St Moorhead,Sioux Falls,53,40,True,False,True,Northern Sun,Northern Sun,ii,ii,
7,regular,2023-10-14 17:00:00+00:00,Butler,Davidson,33,35,True,False,True,Pioneer,Pioneer,fcs,fcs,
7,regular,2023-10-14 17:00:00+00:00,Montclair State,Salisbury,12,31,True,False,True,New Jersey,New Jersey,iii,iii,
7,regular,2023-10-14 17:00:00+00:00,The Citadel,VMI,13,17,True,False,True,Southern,Southern,fcs,fcs,
7,regular,2023-10-14 17:00:00+00:00,Drake,St. Thomas (MN),52,21,True,False,True,Pioneer,Pioneer,fcs,fcs,
7,regular,2023-10-14 17:00:00+00:00,Bethany (WV),Carnegie Mellon,7,41,True,False,True,Presidents',Presidents',iii,iii,
7,regular,2023-10-14 17:00:00+00:00,New Hampshire,UAlbany,38,31,True,False,True,Coastal Athletic,Coastal Athletic,fcs,fcs,
7,regular,2023-10-14 17:00:00+00:00,Maine,Long Island University,24,13,True,False,False,Coastal Athletic,NEC,fcs,fcs,
7,regular,2023-10-14 17:00:00+00:00,Guilford,Shenandoah,20,31,True,False,True,Old Dominion,Old Dominion,iii,iii,
7,regular,2023-10-14 17:30:00+00:00,Mount Union,Capital,76,0,True,False,True,Ohio,Ohio,iii,iii,
7,regular,2023-10-14 17:30:00+00:00,South Carolina State,Tennessee Tech,7,28,True,False,False,MEAC,Big South-OVC,fcs,fcs,
7,regular,2023-10-14 17:30:00+00:00,Rose Hulman,Bluffton,52,28,True,False,True,Heartland,Heartland,iii,iii,
7,regular,2023-10-14 17:30:00+00:00,Columbia,Pennsylvania,17,20,True,False,True,Ivy,Ivy,fcs,fcs,
7,regular,2023-10-14 17:30:00+00:00,Glenville State,Wheeling,27,13,True,False,True,Mountain East,Mountain East,ii,ii,
7,regular,2023-10-14 17:30:00+00:00,Hamilton,Williams,17,24,True,False,True,NESCAC,NESCAC,iii,iii,
7,regular,2023-10-14 17:30:00+00:00,Hanover,Manchester,34,0,True,False,True,Heartland,Heartland,iii,iii,
7,regular,2023-10-14 17:30:00+00:00,Mount St Joseph,Anderson (IN),77,14,True,False,True,Heartland,Heartland,iii,iii,
7,regular,2023-10-14 17:30:00+00:00,Defiance College,Franklin,21,35,True,False,True,Heartland,Heartland,iii,iii,
7,regular,2023-10-14 18:00:00+00:00,Wooster,DePauw,7,53,True,False,True,North Coast,North Coast,iii,iii,
7,regular,2023-10-14 18:00:00+00:00,Emporia State,Washburn,38,23,True,False,True,Mid America,Mid America,ii,ii,
7,regular,2023-10-14 18:00:00+00:00,Saint John's (MN),Carleton,63,7,True,False,True,Minnesota,Minnesota,iii,iii,
7,regular,2023-10-14 18:00:00+00:00,Nebraska Wesleyan,Loras,38,41,True,True,True,American Rivers,American Rivers,iii,iii,
7,regular,2023-10-14 18:00:00+00:00,Lakeland,Concordia Chicago,17,9,True,False,True,NACC,NACC,iii,iii,
7,regular,2023-10-14 18:00:00+00:00,Lake Forest,Grinnell,47,0,True,False,True,Midwest,Midwest,iii,iii,
7,regular,2023-10-14 18:00:00+00:00,Missouri Western,Northwest Missouri State,23,27,True,False,True,Mid America,Mid America,ii,ii,
7,regular,2023-10-14 18:00:00+00:00,New Mexico Highlands,CSU Pueblo,7,56,True,False,True,Rocky Mountain,Rocky Mountain,ii,ii,
7,regular,2023-10-14 18:00:00+00:00,Huntingdon,Maryville (TN),28,21,True,False,True,USA South,USA South,iii,iii,
7,regular,2023-10-14 18:00:00+00:00,Hardin Simmons,Texas Lutheran,27,22,True,False,True,American Southwest,American Southwest,iii,iii,
7,regular,2023-10-14 18:00:00+00:00,Colorado School of Mines,South Dakota Mines,45,22,True,False,True,Rocky Mountain,Rocky Mountain,ii,ii,
7,regular,2023-10-14 18:00:00+00:00,Bridgewater,Randolph Macon,3,38,True,False,True,Old Dominion,Old Dominion,iii,iii,
7,regular,2023-10-14 18:00:00+00:00,Fort Lewis,Colorado Mesa,14,62,True,False,True,Rocky Mountain,Rocky Mountain,ii,ii,
7,regular,2023-10-14 18:00:00+00:00,Southwest Baptist,Missouri S&T,19,45,True,False,True,Great Lakes,Great Lakes,ii,ii,
7,regular,2023-10-14 18:00:00+00:00,Bloomsburg,Lock Haven,13,21,True,False,True,Pennsylvania State Athletic,Pennsylvania State Athletic,ii,ii,
7,regular,2023-10-14 18:00:00+00:00,Washington St. Louis,Augustana (IL),17,35,True,False,True,CCIW,CCIW,iii,iii,
7,regular,2023-10-14 18:00:00+00:00,Wisconsin Platteville,Wisconsin La Crosse,17,21,True,False,True,Wisconsin,Wisconsin,iii,iii,
7,regular,2023-10-14 18:00:00+00:00,Valparaiso,Morehead State,21,24,True,False,True,Pioneer,Pioneer,fcs,fcs,
7,regular,2023-10-14 18:00:00+00:00,Wisconsin Stout,Wisconsin Stevens Point,51,14,True,False,True,Wisconsin,Wisconsin,iii,iii,
7,regular,2023-10-14 18:00:00+00:00,Ball State,Toledo,6,13,True,False,True,Mid-American,Mid-American,fbs,fbs,
7,regular,2023-10-14 18:00:00+00:00,Mary Hardin Baylor,Sul Ross State,37,13,True,False,True,American Southwest,American Southwest,iii,iii,
7,regular,2023-10-14 18:00:00+00:00,Millikin,North Central College,3,75,True,False,True,CCIW,CCIW,iii,iii,
7,regular,2023-10-14 18:00:00+00:00,John Carroll,Ohio Northern,44,14,True,False,True,Ohio,Ohio,iii,iii,
7,regular,2023-10-14 18:00:00+00:00,IU Pennsylvania,Edinboro,20,10,True,False,True,Pennsylvania State Athletic,Pennsylvania State Athletic,ii,ii,
7,regular,2023-10-14 18:00:00+00:00,Illinois College,Knox,61,7,True,False,True,Midwest,Midwest,iii,iii,
7,regular,2023-10-14 18:00:00+00:00,Gustavus Adolphus,Macalester,55,18,True,False,True,Minnesota,Minnesota,iii,iii,
7,regular,2023-10-14 18:00:00+00:00,Carroll (WI),Elmhurst,62,14,True,False,True,CCIW,CCIW,iii,iii,
7,regular,2023-10-14 18:00:00+00:00,Southern Connecticut State,American International,21,27,True,False,True,Northeast 10,Northeast 10,ii,ii,
7,regular,2023-10-14 18:00:00+00:00,St. Norbert,Aurora,9,37,True,False,True,NACC,NACC,iii,iii,
7,regular,2023-10-14 18:00:00+00:00,Concordia (MN),Hamline,58,14,True,False,True,Minnesota,Minnesota,iii,iii,
7,regular,2023-10-14 18:00:00+00:00,Bowdoin,Bates,35,20,True,False,True,NESCAC,NESCAC,iii,iii,
7,regular,2023-10-14 18:00:00+00:00,Virginia State,Bluefield State,39,23,True,False,False,CIAA,Independent DII,ii,ii,
7,regular,2023-10-14 18:00:00+00:00,Rhodes,Sewanee,30,10,True,False,True,Southern Athletic,Southern Athletic,iii,iii,
7,regular,2023-10-14 18:00:00+00:00,Fort Hays,Nebraska Kearney,31,17,True,False,True,Mid America,Mid America,ii,ii,
7,regular,2023-10-14 18:00:00+00:00,Westfield State,UMass Dartmouth,23,26,True,False,True,MSCAC,MSCAC,iii,iii,
7,regular,2023-10-14 18:00:00+00:00,North Park,Illinois Wesleyan,20,18,True,False,True,CCIW,CCIW,iii,iii,
7,regular,2023-10-14 18:00:00+00:00,Rowan,Christopher Newport,18,21,True,False,True,New Jersey,New Jersey,iii,iii,
7,regular,2023-10-14 18:00:00+00:00,Monmouth (IL),Cornell (IA),43,6,True,False,True,Midwest,Midwest,iii,iii,
7,regular,2023-10-14 18:00:00+00:00,Wilmington (OH),Marietta,15,45,True,False,True,Ohio,Ohio,iii,iii,
7,regular,2023-10-14 18:00:00+00:00,Lawrence,Beloit,14,34,True,False,True,Midwest,Midwest,iii,iii,
7,regular,2023-10-14 18:00:00+00:00,Minot State,Concordia St. Paul,17,10,True,False,True,Northern Sun,Northern Sun,ii,ii,
7,regular,2023-10-14 18:00:00+00:00,Austin Peay,Gardner-Webb,41,14,True,False,False,UAC,Big South-OVC,fcs,fcs,
7,regular,2023-10-14 18:00:00+00:00,Wisconsin River Falls,Wisconsin Whitewater,14,21,True,False,True,Wisconsin,Wisconsin,iii,iii,
7,regular,2023-10-14 18:00:00+00:00,Simpson (IA),Coe,0,28,True,False,True,American Rivers,American Rivers,iii,iii,
7,regular,2023-10-14 18:00:00+00:00,Lenoir Rhyne,Barton,47,3,True,False,True,South Atlantic,South Atlantic,ii,ii,
7,regular,2023-10-14 18:00:00+00:00,Case Western Reserve,Westminster (PA),31,6,True,False,True,Presidents',Presidents',iii,iii,
7,regular,2023-10-14 18:00:00+00:00,Charlotte,Navy,0,14,True,False,True,American Athletic,American Athletic,fbs,fbs,
7,regular,2023-10-14 18:00:00+00:00,East Texas Baptist,McMurry,14,13,True,False,True,American Southwest,American Southwest,iii,iii,
7,regular,2023-10-14 18:00:00+00:00,Albany State,Allen,27,39,True,False,True,SIAC,SIAC,ii,ii,
7,regular,2023-10-14 18:00:00+00:00,Tuskegee,Edward Waters,38,41,True,False,True,SIAC,SIAC,ii,ii,
7,regular,2023-10-14 18:00:00+00:00,William Jewell,Quincy,28,41,True,True,True,Great Lakes,Great Lakes,ii,ii,
7,regular,2023-10-14 18:00:00+00:00,Tusculum,UVA Wise,35,7,True,False,True,South Atlantic,South Atlantic,ii,ii,
7,regular,2023-10-14 18:00:00+00:00,Hope,Alma,17,35,True,False,True,Michigan,Michigan,iii,iii,
7,regular,2023-10-14 18:00:00+00:00,Buena Vista,Luther,17,10,True,False,True,American Rivers,American Rivers,iii,iii,
7,regular,2023-10-14 18:00:00+00:00,Minnesota State,Western Oregon,45,14,True,False,False,Northern Sun,Lone Star,ii,ii,
7,regular,2023-10-14 18:00:00+00:00,Millersville,Shepherd,17,33,True,False,True,Pennsylvania State Athletic,Pennsylvania State Athletic,ii,ii,
7,regular,2023-10-14 18:00:00+00:00,Rockford,Benedictine (IL),7,19,True,False,True,NACC,NACC,iii,iii,
7,regular,2023-10-14 18:00:00+00:00,St. Scholastica,St. Olaf,17,37,True,False,True,Minnesota,Minnesota,iii,iii,
7,regular,2023-10-14 18:00:00+00:00,Washington and Lee,Ferrum,41,16,True,False,True,Old Dominion,Old Dominion,iii,iii,
7,regular,2023-10-14 18:00:00+00:00,Augsburg,Bethel (MN),7,38,True,False,True,Minnesota,Minnesota,iii,iii,
7,regular,2023-10-14 18:00:00+00:00,North Dakota,North Dakota State,49,24,True,False,True,MVFC,MVFC,fcs,fcs,
7,regular,2023-10-14 18:00:00+00:00,South Dakota,Youngstown State,34,31,True,False,True,MVFC,MVFC,fcs,fcs,
7,regular,2023-10-14 18:00:00+00:00,Fayetteville State,Livingstone,19,14,True,False,True,CIAA,CIAA,ii,ii,
7,regular,2023-10-14 18:05:00+00:00,Wisconsin Oshkosh,Wisconsin Eau Claire,35,7,True,False,True,Wisconsin,Wisconsin,iii,iii,
7,regular,2023-10-14 18:30:00+00:00,Hartwick,St. John Fisher,21,38,True,False,True,Empire 8,Empire 8,iii,iii,
7,regular,2023-10-14 18:30:00+00:00,Wartburg,Dubuque,31,10,True,False,True,American Rivers,American Rivers,iii,iii,
7,regular,2023-10-14 19:00:00+00:00,Northeastern State,Central Missouri,24,63,True,False,True,Mid America,Mid America,ii,ii,
7,regular,2023-10-14 19:00:00+00:00,Morehouse,Miles,22,36,True,False,True,SIAC,SIAC,ii,ii,
7,regular,2023-10-14 19:00:00+00:00,Birmingham-Southern,Hendrix,16,15,True,False,True,Southern Athletic,Southern Athletic,iii,iii,
7,regular,2023-10-14 19:00:00+00:00,Missouri Southern State,Pittsburg State,21,31,True,False,True,Mid America,Mid America,ii,ii,
7,regular,2023-10-14 19:00:00+00:00,Northwestern (OK),East Central,7,42,True,False,True,Great American,Great American,ii,ii,
7,regular,2023-10-14 19:00:00+00:00,Bentley,Pace,27,9,True,False,True,Northeast 10,Northeast 10,ii,ii,
7,regular,2023-10-14 19:00:00+00:00,Adams State,Chadron State,14,53,True,False,True,Rocky Mountain,Rocky Mountain,ii,ii,
7,regular,2023-10-14 19:00:00+00:00,Delaware,North Carolina A&T,21,6,True,False,True,CAA,Coastal Athletic,fcs,fcs,
7,regular,2023-10-14 19:00:00+00:00,Mississippi College,Valdosta State,10,21,True,False,True,Gulf South,Gulf South,ii,ii,
7,regular,2023-10-14 19:00:00+00:00,Howard Payne,Austin,35,11,True,False,True,American Southwest,American Southwest,iii,iii,
7,regular,2023-10-14 19:00:00+00:00,Murray State,Southern Illinois,6,27,True,False,True,MVFC,MVFC,fcs,fcs,
7,regular,2023-10-14 19:00:00+00:00,Mississippi Valley State,Arkansas-Pine Bluff,42,17,True,False,True,SWAC,SWAC,fcs,fcs,
7,regular,2023-10-14 19:00:00+00:00,South Dakota State,Northern Iowa,41,6,True,False,True,MVFC,MVFC,fcs,fcs,
7,regular,2023-10-14 19:00:00+00:00,Eastern Kentucky,Tarleton State,41,35,True,False,True,UAC,UAC,fcs,fcs,
7,regular,2023-10-14 19:00:00+00:00,Chicago,Ripon,21,6,True,False,True,Midwest,Midwest,iii,iii,
7,regular,2023-10-14 19:00:00+00:00,Southern Nazarene,Southeastern Oklahoma State,19,20,True,False,True,Great American,Great American,ii,ii,
7,regular,2023-10-14 19:00:00+00:00,Central Oklahoma,Lincoln (MO),59,17,True,False,False,Mid America,Independent DII,ii,ii,
7,regular,2023-10-14 19:00:00+00:00,Wingate,Limestone,10,17,True,False,True,South Atlantic,South Atlantic,ii,ii,
7,regular,2023-10-14 19:00:00+00:00,Arkansas Tech,Arkansas Monticello,24,10,True,False,True,Great American,Great American,ii,ii,
7,regular,2023-10-14 19:00:00+00:00,Bethune-Cookman,Texas Southern,31,34,True,False,True,SWAC,SWAC,fcs,fcs,
7,regular,2023-10-14 19:00:00+00:00,Grambling,Alabama A&M,24,45,True,False,True,SWAC,SWAC,fcs,fcs,
7,regular,2023-10-14 19:00:00+00:00,Lane College,Kentucky State,14,21,True,False,True,SIAC,SIAC,ii,ii,
7,regular,2023-10-14 19:00:00+00:00,Southeast Missouri State,Eastern Illinois,35,28,True,False,True,Big South-OVC,Big South-OVC,fcs,fcs,
7,regular,2023-10-14 19:00:00+00:00,Grand Valley State,Ferris State,49,28,True,False,True,GLIAC,GLIAC,ii,ii,
7,regular,2023-10-14 19:00:00+00:00,Jackson State,Alabama State,19,24,True,False,True,SWAC,SWAC,fcs,fcs,
7,regular,2023-10-14 19:00:00+00:00,Western Colorado,Black Hills State,35,20,True,False,True,Rocky Mountain,Rocky Mountain,ii,ii,
7,regular,2023-10-14 19:00:00+00:00,Winona State,Augustana (SD),28,48,True,False,True,Northern Sun,Northern Sun,ii,ii,
7,regular,2023-10-14 19:00:00+00:00,Utah,California,34,14,True,False,True,Pac-12,Pac-12,fbs,fbs,
7,regular,2023-10-14 19:00:00+00:00,Northern Colorado,Sacramento State,13,21,True,False,True,Big Sky,Big Sky,fcs,fcs,
7,regular,2023-10-14 19:00:00+00:00,Illinois State,Indiana State,44,7,True,False,True,MVFC,MVFC,fcs,fcs,
7,regular,2023-10-14 19:00:00+00:00,Henderson State,Southern Arkansas,34,35,True,False,True,Great American,Great American,ii,ii,
7,regular,2023-10-14 19:00:00+00:00,Southwestern Oklahoma State,Oklahoma Baptist,13,20,True,False,True,Great American,Great American,ii,ii,
7,regular,2023-10-14 19:30:00+00:00,Central Michigan,Akron,17,10,True,False,True,Mid-American,Mid-American,fbs,fbs,
7,regular,2023-10-14 19:30:00+00:00,Penn State,Massachusetts,63,0,True,False,False,Big Ten,FBS Independents,fbs,fbs,
7,regular,2023-10-14 19:30:00+00:00,Western Michigan,Miami (OH),21,34,True,False,True,Mid-American,Mid-American,fbs,fbs,
7,regular,2023-10-14 19:30:00+00:00,Maryland,Illinois,24,27,True,False,True,Big Ten,Big Ten,fbs,fbs,
7,regular,2023-10-14 19:30:00+00:00,Buffalo,Bowling Green,14,24,True,False,True,Mid-American,Mid-American,fbs,fbs,
7,regular,2023-10-14 19:30:00+00:00,South Carolina,Florida,39,41,True,False,True,SEC,SEC,fbs,fbs,
7,regular,2023-10-14 19:30:00+00:00,Army,Troy,0,19,True,False,False,FBS Independents,Sun Belt,fbs,fbs,
7,regular,2023-10-14 19:30:00+00:00,Stony Brook,Fordham,7,26,True,False,False,Coastal Athletic,Patriot,fcs,fcs,
7,regular,2023-10-14 19:30:00+00:00,TCU,BYU,44,11,True,False,True,Big 12,Big 12,fbs,fbs,
7,regular,2023-10-14 19:30:00+00:00,Oklahoma State,Kansas,39,32,True,False,True,Big 12,Big 12,fbs,fbs,
7,regular,2023-10-14 19:30:00+00:00,Tennessee,Texas A&M,20,13,True,False,True,SEC,SEC,fbs,fbs,
7,regular,2023-10-14 19:30:00+00:00,Virginia Tech,Wake Forest,30,13,True,False,True,ACC,ACC,fbs,fbs,
7,regular,2023-10-14 19:30:00+00:00,Washington,Oregon,36,33,True,False,True,Pac-12,Pac-12,fbs,fbs,
7,regular,2023-10-14 19:30:00+00:00,East Tennessee State,Wofford,41,10,True,False,True,Southern,Southern,fcs,fcs,
7,regular,2023-10-14 19:30:00+00:00,California (PA),Seton Hill,41,14,True,False,True,Pennsylvania State Athletic,Pennsylvania State Athletic,ii,ii,
7,regular,2023-10-14 19:30:00+00:00,Linfield,George Fox,41,13,True,False,True,Northwest,Northwest,iii,iii,
7,regular,2023-10-14 19:30:00+00:00,South Florida,Florida Atlantic,14,56,True,False,True,American Athletic,American Athletic,fbs,fbs,
7,regular,2023-10-14 20:00:00+00:00,Whitworth,Puget Sound,63,21,True,False,True,Northwest,Northwest,iii,iii,
7,regular,2023-10-14 20:00:00+00:00,Mercer,Chattanooga,10,22,True,False,True,Southern,Southern,fcs,fcs,
7,regular,2023-10-14 20:00:00+00:00,Lake Erie,Tiffin,0,50,True,False,True,Great Midwest Athletic,Great Midwest Athletic,ii,ii,
7,regular,2023-10-14 20:00:00+00:00,Averett,Hampden Sydney,28,31,True,False,True,Old Dominion,Old Dominion,iii,iii,
7,regular,2023-10-14 20:00:00+00:00,SE Louisiana,Lamar,24,30,True,False,True,Southland,Southland,fcs,fcs,
7,regular,2023-10-14 20:00:00+00:00,Abilene Christian,North Alabama,30,13,True,False,True,UAC,UAC,fcs,fcs,
7,regular,2023-10-14 20:00:00+00:00,Nicholls,Northwestern State,1,0,True,False,True,Southland,Southland,fcs,fcs,
7,regular,2023-10-14 20:00:00+00:00,Bryant,Robert Morris,43,24,True,False,True,Big South-OVC,Big South,fcs,fcs,
7,regular,2023-10-14 20:00:00+00:00,Western Illinois,Missouri State,7,48,True,False,True,MVFC,MVFC,fcs,fcs,
7,regular,2023-10-14 20:00:00+00:00,Northern Arizona,Portland State,21,45,True,False,True,Big Sky,Big Sky,fcs,fcs,
7,regular,2023-10-14 20:00:00+00:00,Upper Iowa,McKendree,34,41,True,False,False,Northern Sun,Great Lakes,ii,ii,
7,regular,2023-10-14 20:00:00+00:00,Wisconsin,Iowa,6,15,True,False,True,Big Ten,Big Ten,fbs,fbs,
7,regular,2023-10-14 20:00:00+00:00,Charleston Southern,Lindenwood,24,10,True,False,True,Big South-OVC,Big South-OVC,fcs,fcs,
7,regular,2023-10-14 20:00:00+00:00,Erskine,Carson Newman,10,14,True,False,True,South Atlantic,South Atlantic,ii,ii,
7,regular,2023-10-14 20:00:00+00:00,Allegheny,Grove City,7,31,True,False,True,Presidents',Presidents',iii,iii,
7,regular,2023-10-14 20:00:00+00:00,Northern Illinois,Ohio,23,13,True,False,True,Mid-American,Mid-American,fbs,fbs,
7,regular,2023-10-14 20:00:00+00:00,Willamette,Pacific Lutheran,7,62,True,False,True,Northwest,Northwest,iii,iii,
7,regular,2023-10-14 20:00:00+00:00,Oberlin,Wittenberg,7,72,True,False,True,North Coast,North Coast,iii,iii,
7,regular,2023-10-14 20:00:00+00:00,Newberry,Catawba,38,31,True,False,True,South Atlantic,South Atlantic,ii,ii,
7,regular,2023-10-14 21:00:00+00:00,Nevada,UNLV,27,45,True,False,True,Mountain West,Mountain West,fbs,fbs,
7,regular,2023-10-14 21:00:00+00:00,Southwest Minnesota State,Northern State,17,24,True,False,True,Northern Sun,Northern Sun,ii,ii,
7,regular,2023-10-14 21:00:00+00:00,Incarnate Word,East Texas A&M,28,11,True,False,True,Southland,Southland,fcs,fcs,
7,regular,2023-10-14 21:00:00+00:00,West Alabama,West Florida,10,6,True,False,True,Gulf South,Gulf South,ii,ii,
7,regular,2023-10-14 21:00:00+00:00,Southern,Lincoln (CA),45,18,True,False,False,SWAC,,fcs,,
7,regular,2023-10-14 21:00:00+00:00,Central Arkansas,Stephen F. Austin,24,21,True,False,True,UAC,UAC,fcs,fcs,
7,regular,2023-10-14 21:00:00+00:00,Eureka,Wisconsin Lutheran,14,42,True,False,True,NACC,NACC,iii,iii,
7,regular,2023-10-14 21:00:00+00:00,Heidelberg,Otterbein,28,8,True,False,True,Ohio,Ohio,iii,iii,
7,regular,2023-10-14 21:00:00+00:00,La Verne,Claremont Mudd Scripps,17,30,True,False,True,So. Cal.,So. Cal.,iii,iii,
7,regular,2023-10-14 22:00:00+00:00,Berry,Millsaps,64,7,True,False,True,Southern Athletic,Southern Athletic,iii,iii,
7,regular,2023-10-14 22:00:00+00:00,Tennessee State,Norfolk State,24,17,True,False,False,Big South-OVC,MEAC,fcs,fcs,
7,regular,2023-10-14 22:00:00+00:00,Wayne State (MI),Davenport,3,32,True,False,True,GLIAC,GLIAC,ii,ii,
7,regular,2023-10-14 22:00:00+00:00,New Mexico,San José State,24,52,True,False,True,Mountain West,Mountain West,fbs,fbs,
7,regular,2023-10-14 22:00:00+00:00,North Carolina Wesleyan,Greensboro,34,28,True,False,True,USA South,USA South,iii,iii,
7,regular,2023-10-14 22:00:00+00:00,Idaho State,Eastern Washington,42,41,True,False,True,Big Sky,Big Sky,fcs,fcs,
7,regular,2023-10-14 22:00:00+00:00,West Georgia,Chowan,35,24,True,False,True,Gulf South,Gulf South,ii,ii,
7,regular,2023-10-14 22:30:00+00:00,Tufts,Wesleyan (CT),49,14,True,False,True,NESCAC,NESCAC,iii,iii,
7,regular,2023-10-14 22:30:00+00:00,Pittsburgh,Louisville,38,21,True,False,True,ACC,ACC,fbs,fbs,
7,regular,2023-10-14 23:00:00+00:00,Delta State,North Greenville,49,27,True,False,True,Gulf South,Gulf South,ii,ii,
7,regular,2023-10-14 23:00:00+00:00,Muskingum,Baldwin Wallace,22,34,True,False,True,Ohio,Ohio,iii,iii,
7,regular,2023-10-14 23:00:00+00:00,Washington State,Arizona,6,44,True,False,True,Pac-12,Pac-12,fbs,fbs,
7,regular,2023-10-14 23:00:00+00:00,Texas State,UL Monroe,21,20,True,False,True,Sun Belt,Sun Belt,fbs,fbs,
7,regular,2023-10-14 23:00:00+00:00,UT Permian Basin,Eastern New Mexico,52,29,True,False,True,Lone Star,Lone Star,ii,ii,
7,regular,2023-10-14 23:00:00+00:00,LSU,Auburn,48,18,True,False,True,SEC,SEC,fbs,fbs,
7,regular,2023-10-14 23:00:00+00:00,Texas Tech,Kansas State,21,38,True,False,True,Big 12,Big 12,fbs,fbs,
7,regular,2023-10-14 23:00:00+00:00,Pacific (OR),Lewis & Clark,35,51,True,False,True,Northwest,Northwest,iii,iii,
7,regular,2023-10-14 23:00:00+00:00,Air Force,Wyoming,34,27,True,False,True,Mountain West,Mountain West,fbs,fbs,
7,regular,2023-10-14 23:00:00+00:00,Houston Christian,Prairie View A&M,30,0,True,False,False,Southland,SWAC,fcs,fcs,
7,regular,2023-10-14 23:00:00+00:00,Harding,Ouachita Baptist,41,10,True,False,True,Great American,Great American,ii,ii,
7,regular,2023-10-14 23:00:00+00:00,Northern Michigan,Michigan Tech,0,62,True,False,True,GLIAC,GLIAC,ii,ii,
7,regular,2023-10-14 23:00:00+00:00,Eastern,Albright,21,9,True,True,True,Mid Atlantic,Mid Atlantic,iii,iii,
7,regular,2023-10-14 23:00:00+00:00,Wheaton (IL),Carthage,50,13,True,False,True,CCIW,CCIW,iii,iii,
7,regular,2023-10-14 23:00:00+00:00,Georgia State,Marshall,41,24,True,False,True,Sun Belt,Sun Belt,fbs,fbs,
7,regular,2023-10-14 23:30:00+00:00,North Carolina,Miami,41,31,True,False,True,ACC,ACC,fbs,fbs,
7,regular,2023-10-14 23:30:00+00:00,Notre Dame,USC,48,20,True,False,False,FBS Independents,Pac-12,fbs,fbs,
7,regular,2023-10-14 23:30:00+00:00,Kentucky,Missouri,21,38,True,False,True,SEC,SEC,fbs,fbs,
7,regular,2023-10-15 00:00:00+00:00,Duke,NC State,24,3,True,False,True,ACC,ACC,fbs,fbs,
7,regular,2023-10-15 00:00:00+00:00,UTSA,UAB,41,20,True,False,True,American Athletic,American Athletic,fbs,fbs,
7,regular,2023-10-15 00:00:00+00:00,West Texas,Western New Mexico,49,27,True,False,True,Lone Star,Lone Star,ii,ii,
7,regular,2023-10-15 00:00:00+00:00,Midwestern State,Central Washington,7,10,True,False,True,Lone Star,Lone Star,ii,ii,
7,regular,2023-10-15 00:00:00+00:00,Oregon State,UCLA,36,24,True,False,True,Pac-12,Pac-12,fbs,fbs,
7,regular,2023-10-15 00:00:00+00:00,Montana State,Cal Poly,59,19,True,False,True,Big Sky,Big Sky,fcs,fcs,
7,regular,2023-10-15 00:00:00+00:00,Texas A&M-Kingsville,Angelo State,16,38,True,False,True,Lone Star,Lone Star,ii,ii,
7,regular,2023-10-15 00:00:00+00:00,Weber State,UC Davis,16,17,True,False,True,Big Sky,Big Sky,fcs,fcs,
7,regular,2023-10-15 01:45:00+00:00,Colorado State,Boise State,31,30,True,False,True,Mountain West,Mountain West,fbs,fbs,
7,regular,2023-10-15 02:00:00+00:00,Pomona Pitzer,Chapman,0,21,True,False,True,So. Cal.,So. Cal.,iii,iii,
7,regular,2023-10-15 02:00:00+00:00,Redlands,Cal Lutheran,20,10,True,False,True,So. Cal.,So. Cal.,iii,iii,
7,regular,2023-10-15 02:30:00+00:00,Idaho,Montana,21,23,True,False,True,Big Sky,Big Sky,fcs,fcs,
7,regular,2023-10-15 03:00:00+00:00,Hawai'i,San Diego State,34,41,True,False,True,Mountain West,Mountain West,fbs,fbs,
8,regular,2023-10-17 23:00:00+00:00,Liberty,Middle Tennessee,42,35,True,False,True,Conference USA,Conference USA,fbs,fbs,
8,regular,2023-10-17 23:30:00+00:00,Jacksonville State,Western Kentucky,20,17,True,False,True,Conference USA,Conference USA,fbs,fbs,
8,regular,2023-10-17 23:30:00+00:00,South Alabama,Southern Miss,55,3,True,False,True,Sun Belt,Sun Belt,fbs,fbs,
8,regular,2023-10-18 23:00:00+00:00,Sam Houston,Florida International,27,33,True,False,True,Conference USA,Conference USA,fbs,fbs,
8,regular,2023-10-19 01:00:00+00:00,UTEP,New Mexico State,7,28,True,False,True,Conference USA,Conference USA,fbs,fbs,
8,regular,2023-10-19 23:00:00+00:00,Tulsa,Rice,10,42,True,False,True,American Athletic,American Athletic,fbs,fbs,
8,regular,2023-10-19 23:00:00+00:00,West Virginia State,Frostburg State,14,28,True,False,True,Mountain East,Mountain East,ii,ii,
8,regular,2023-10-19 23:00:00+00:00,Marshall,James Madison,9,20,True,False,True,Sun Belt,Sun Belt,fbs,fbs,
8,regular,2023-10-19 23:30:00+00:00,Morgan State,North Carolina Central,10,16,True,False,True,MEAC,MEAC,fcs,fcs,
8,regular,2023-10-20 00:00:00+00:00,Northwestern State,SE Louisiana,20,37,True,False,True,Southland,Southland,fcs,fcs,
8,regular,2023-10-20 23:00:00+00:00,Western Connecticut State,Mass Maritime,28,0,True,False,True,MSCAC,MSCAC,iii,iii,
8,regular,2023-10-20 23:00:00+00:00,Temple,SMU,0,55,True,False,True,American Athletic,American Athletic,fbs,fbs,
8,regular,2023-10-21 16:00:00+00:00,Nichols,Endicott,0,48,True,False,True,Commonwealth Coast,Commonwealth Coast,iii,iii,
8,regular,2023-10-21 16:00:00+00:00,Georgia Tech,Boston College,23,38,True,False,True,ACC,ACC,fbs,fbs,
8,regular,2023-10-21 16:00:00+00:00,Springfield,Salve Regina,31,21,True,False,False,NEWMAC,Commonwealth Coast,iii,iii,
8,regular,2023-10-21 16:00:00+00:00,Stevenson,Misericordia,33,21,True,False,True,Mid Atlantic,Mid Atlantic,iii,iii,
8,regular,2023-10-21 16:00:00+00:00,Shepherd,West Chester,59,21,True,False,True,Pennsylvania State Athletic,Pennsylvania State Athletic,ii,ii,
8,regular,2023-10-21 16:00:00+00:00,SUNY Maritime,MIT,28,35,True,False,True,NEWMAC,NEWMAC,iii,iii,
8,regular,2023-10-21 16:00:00+00:00,North Carolina Wesleyan,Southern Virginia,34,7,True,False,True,USA South,USA South,iii,iii,
8,regular,2023-10-21 16:00:00+00:00,Thomas More,Hillsdale,33,35,True,True,False,,Great Midwest Athletic,,ii,
8,regular,2023-10-21 16:00:00+00:00,Plymouth State,Worcester State,35,0,True,False,True,MSCAC,MSCAC,iii,iii,
8,regular,2023-10-21 16:00:00+00:00,Navy,Air Force,6,17,True,False,False,American Athletic,Mountain West,fbs,fbs,
8,regular,2023-10-21 16:00:00+00:00,Edinboro,Clarion,20,34,True,False,True,Pennsylvania State Athletic,Pennsylvania State Athletic,ii,ii,
8,regular,2023-10-21 16:00:00+00:00,Belhaven,Methodist,45,10,True,False,True,USA South,USA South,iii,iii,
8,regular,2023-10-21 16:00:00+00:00,Juniata,Moravian,13,44,True,False,False,Landmark Conference,Landmark Conference,iii,iii,
8,regular,2023-10-21 16:00:00+00:00,Merchant Marine,WPI,40,28,True,False,True,NEWMAC,NEWMAC,iii,iii,
8,regular,2023-10-21 16:00:00+00:00,Lawrence,Illinois College,0,72,True,False,True,Midwest,Midwest,iii,iii,
8,regular,2023-10-21 16:00:00+00:00,King's,Eastern,28,18,True,False,True,Mid Atlantic,Mid Atlantic,iii,iii,
8,regular,2023-10-21 16:00:00+00:00,St. John Fisher,SUNY Cortland,14,42,True,False,True,Empire 8,Empire 8,iii,iii,
8,regular,2023-10-21 16:00:00+00:00,FDU Florham,Alvernia,41,16,True,False,True,Mid Atlantic,Mid Atlantic,iii,iii,
8,regular,2023-10-21 16:00:00+00:00,Kenyon,Wabash,18,67,True,False,True,North Coast,North Coast,iii,iii,
8,regular,2023-10-21 16:00:00+00:00,UAB,Memphis,21,45,True,False,True,American Athletic,American Athletic,fbs,fbs,
8,regular,2023-10-21 16:00:00+00:00,Oklahoma,UCF,31,29,True,False,True,Big 12,Big 12,fbs,fbs,
8,regular,2023-10-21 16:00:00+00:00,Wagner,Central Connecticut,3,17,True,False,True,NEC,NEC,fcs,fcs,
8,regular,2023-10-21 16:00:00+00:00,Cincinnati,Baylor,29,32,True,False,True,Big 12,Big 12,fbs,fbs,
8,regular,2023-10-21 16:00:00+00:00,Arkansas,Mississippi State,3,7,True,False,True,SEC,SEC,fbs,fbs,
8,regular,2023-10-21 16:00:00+00:00,Ohio State,Penn State,20,12,True,False,True,Big Ten,Big Ten,fbs,fbs,
8,regular,2023-10-21 16:00:00+00:00,Long Island University,Merrimack,0,39,True,False,True,NEC,NEC,fcs,fcs,
8,regular,2023-10-21 16:00:00+00:00,Indiana,Rutgers,14,31,True,False,True,Big Ten,Big Ten,fbs,fbs,
8,regular,2023-10-21 16:00:00+00:00,Yale,Pennsylvania,17,27,True,False,True,Ivy,Ivy,fcs,fcs,
8,regular,2023-10-21 16:00:00+00:00,Alfred,Utica,0,28,True,False,True,Empire 8,Empire 8,iii,iii,
8,regular,2023-10-21 16:00:00+00:00,American International,Bentley,12,62,True,False,True,Northeast 10,Northeast 10,ii,ii,
8,regular,2023-10-21 16:00:00+00:00,Assumption,Saint Anselm,0,14,True,False,True,Northeast 10,Northeast 10,ii,ii,
8,regular,2023-10-21 16:00:00+00:00,Dean,Anna Maria College,20,52,True,False,True,ECFC,ECFC,iii,iii,
8,regular,2023-10-21 16:00:00+00:00,Howard,Norfolk State,27,23,True,False,True,MEAC,MEAC,fcs,fcs,
8,regular,2023-10-21 16:00:00+00:00,Albright,Widener,3,48,True,False,True,Mid Atlantic,Mid Atlantic,iii,iii,
8,regular,2023-10-21 16:00:00+00:00,Rochester (NY),Ithaca,10,24,True,False,True,Liberty League,Liberty League,iii,iii,
8,regular,2023-10-21 16:00:00+00:00,Union,Hobart,27,10,True,False,True,Liberty League,Liberty League,iii,iii,
8,regular,2023-10-21 16:00:00+00:00,Greensboro,Huntingdon,8,56,True,False,True,USA South,USA South,iii,iii,
8,regular,2023-10-21 16:00:00+00:00,Delaware State,South Carolina State,7,35,True,False,True,MEAC,MEAC,fcs,fcs,
8,regular,2023-10-21 16:00:00+00:00,Ohio,Western Michigan,20,17,True,False,True,Mid-American,Mid-American,fbs,fbs,
8,regular,2023-10-21 16:30:00+00:00,Otterbein,Baldwin Wallace,0,24,True,False,True,Ohio,Ohio,iii,iii,
8,regular,2023-10-21 17:00:00+00:00,McDaniel,Franklin & Marshall,17,27,True,False,True,Centennial,Centennial,iii,iii,
8,regular,2023-10-21 17:00:00+00:00,Bucknell,Lehigh,18,27,True,False,True,Patriot,Patriot,fcs,fcs,
8,regular,2023-10-21 17:00:00+00:00,Pace,Southern Connecticut State,23,25,True,False,True,Northeast 10,Northeast 10,ii,ii,
8,regular,2023-10-21 17:00:00+00:00,Shippensburg,Millersville,13,7,True,False,True,Pennsylvania State Athletic,Pennsylvania State Athletic,ii,ii,
8,regular,2023-10-21 17:00:00+00:00,Curry,New England,13,19,True,False,True,Commonwealth Coast,Commonwealth Coast,iii,iii,
8,regular,2023-10-21 17:00:00+00:00,Dickinson,Muhlenberg,21,42,True,False,True,Centennial,Centennial,iii,iii,
8,regular,2023-10-21 17:00:00+00:00,Slippery Rock,California (PA),42,21,True,False,True,Pennsylvania State Athletic,Pennsylvania State Athletic,ii,ii,
8,regular,2023-10-21 17:00:00+00:00,Sul Ross State,Hardin Simmons,7,55,True,False,True,American Southwest,American Southwest,iii,iii,
8,regular,2023-10-21 17:00:00+00:00,Susquehanna,Wilkes,34,7,True,False,False,Landmark Conference,Landmark Conference,iii,iii,
8,regular,2023-10-21 17:00:00+00:00,University of Mary,Davenport,34,44,True,False,False,Northern Sun,GLIAC,ii,ii,
8,regular,2023-10-21 17:00:00+00:00,William Paterson,Montclair State,13,14,True,False,True,New Jersey,New Jersey,iii,iii,
8,regular,2023-10-21 17:00:00+00:00,West Virginia Wesleyan,UNC Pembroke,0,56,True,False,True,Mountain East,Mountain East,ii,ii,
8,regular,2023-10-21 17:00:00+00:00,Maryville (TN),LaGrange,26,6,True,False,True,USA South,USA South,iii,iii,
8,regular,2023-10-21 17:00:00+00:00,Bluefield State,Bowie State,11,40,True,False,False,Independent DII,CIAA,ii,ii,
8,regular,2023-10-21 17:00:00+00:00,Gallaudet,Alfred State,38,24,True,False,True,ECFC,ECFC,iii,iii,
8,regular,2023-10-21 17:00:00+00:00,Delaware Valley,Lebanon Valley,21,17,True,False,True,Mid Atlantic,Mid Atlantic,iii,iii,
8,regular,2023-10-21 17:00:00+00:00,Christopher Newport,Kean,34,10,True,False,True,New Jersey,New Jersey,iii,iii,
8,regular,2023-10-21 17:00:00+00:00,Albion,Trine,28,35,True,False,True,Michigan,Michigan,iii,iii,
8,regular,2023-10-21 17:00:00+00:00,Holy Cross,Lafayette,35,38,True,False,True,Patriot,Patriot,fcs,fcs,
8,regular,2023-10-21 17:00:00+00:00,Cornell,Brown,36,14,True,False,True,Ivy,Ivy,fcs,fcs,
8,regular,2023-10-21 17:00:00+00:00,Chattanooga,East Tennessee State,34,3,True,False,True,Southern,Southern,fcs,fcs,
8,regular,2023-10-21 17:00:00+00:00,Stetson,St. Thomas (MN),6,38,True,False,True,Pioneer,Pioneer,fcs,fcs,
8,regular,2023-10-21 17:00:00+00:00,Indiana State,South Dakota,3,17,True,False,True,MVFC,MVFC,fcs,fcs,
8,regular,2023-10-21 17:00:00+00:00,North Carolina A&T,Richmond,10,33,True,False,True,Coastal Athletic,Coastal Athletic,fcs,fcs,
8,regular,2023-10-21 17:00:00+00:00,Rowan,Salisbury,20,35,True,False,True,New Jersey,New Jersey,iii,iii,
8,regular,2023-10-21 17:00:00+00:00,Millsaps,Centre,20,59,True,False,True,Southern Athletic,Southern Athletic,iii,iii,
8,regular,2023-10-21 17:00:00+00:00,Ashland,Lake Erie,31,19,True,False,True,Great Midwest Athletic,Great Midwest Athletic,ii,ii,
8,regular,2023-10-21 17:00:00+00:00,Middlebury,Bates,48,7,True,False,True,NESCAC,NESCAC,iii,iii,
8,regular,2023-10-21 17:00:00+00:00,Ohio Dominican,Northwood,15,0,True,False,True,Great Midwest Athletic,Great Midwest Athletic,ii,ii,
8,regular,2023-10-21 17:00:00+00:00,Colby,Hamilton,6,17,True,False,True,NESCAC,NESCAC,iii,iii,
8,regular,2023-10-21 17:00:00+00:00,Grove City,Saint Vincent,49,0,True,False,True,Presidents',Presidents',iii,iii,
8,regular,2023-10-21 17:00:00+00:00,Carson Newman,Mars Hill,17,21,True,False,True,South Atlantic,South Atlantic,ii,ii,
8,regular,2023-10-21 17:00:00+00:00,Johns Hopkins,Ursinus,42,14,True,False,True,Centennial,Centennial,iii,iii,
8,regular,2023-10-21 17:00:00+00:00,Westminster (MO),Minnesota Morris,13,34,True,False,True,Upper Midwest,Upper Midwest,iii,iii,
8,regular,2023-10-21 17:00:00+00:00,Walsh,Findlay,0,23,True,False,True,Great Midwest Athletic,Great Midwest Athletic,ii,ii,
8,regular,2023-10-21 17:00:00+00:00,Northern Michigan,Grand Valley State,14,73,True,False,True,GLIAC,GLIAC,ii,ii,
8,regular,2023-10-21 17:00:00+00:00,Keystone,Lycoming,7,34,True,False,True,Landmark Conference,Landmark Conference,iii,iii,
8,regular,2023-10-21 17:00:00+00:00,Michigan Tech,Ferris State,21,35,True,False,True,GLIAC,GLIAC,ii,ii,
8,regular,2023-10-21 17:00:00+00:00,Western New England,Husson,10,9,True,False,True,Commonwealth Coast,Commonwealth Coast,iii,iii,
8,regular,2023-10-21 17:00:00+00:00,Emory & Henry,Tusculum,27,24,True,False,True,South Atlantic,South Atlantic,ii,ii,
8,regular,2023-10-21 17:00:00+00:00,Wheeling,Alderson-Broaddus,0,0,False,False,True,Mountain East,Mountain East,ii,ii,
8,regular,2023-10-21 17:00:00+00:00,Charleston (WV),Fairmont State,30,33,True,False,True,Mountain East,Mountain East,ii,ii,
8,regular,2023-10-21 17:00:00+00:00,Franklin Pierce,Post,13,16,True,True,False,Northeast 10,Independent DII,ii,ii,
8,regular,2023-10-21 17:00:00+00:00,Presbyterian,Marist,10,19,True,False,True,Pioneer,Pioneer,fcs,fcs,
8,regular,2023-10-21 17:00:00+00:00,Wesleyan (CT),Bowdoin,35,30,True,False,True,NESCAC,NESCAC,iii,iii,
8,regular,2023-10-21 17:00:00+00:00,St. Lawrence,Rensselaer,7,37,True,False,True,Liberty League,Liberty League,iii,iii,
8,regular,2023-10-21 17:00:00+00:00,SUNY Morrisville,Brockport,0,49,True,False,True,Empire 8,Empire 8,iii,iii,
8,regular,2023-10-21 17:00:00+00:00,Nebraska Kearney,Missouri Western,17,20,True,False,True,Mid America,Mid America,ii,ii,
8,regular,2023-10-21 17:00:00+00:00,Randolph Macon,Shenandoah,48,13,True,False,True,Old Dominion,Old Dominion,iii,iii,
8,regular,2023-10-21 17:00:00+00:00,Dayton,Butler,10,37,True,False,True,Pioneer,Pioneer,fcs,fcs,
8,regular,2023-10-21 17:00:00+00:00,Duquesne,Saint Francis,38,35,True,False,True,NEC,NEC,fcs,fcs,
8,regular,2023-10-21 17:00:00+00:00,Glenville State,Concord,44,7,True,False,True,Mountain East,Mountain East,ii,ii,
8,regular,2023-10-21 17:00:00+00:00,Davidson,Valparaiso,42,21,True,False,True,Pioneer,Pioneer,fcs,fcs,
8,regular,2023-10-21 17:00:00+00:00,Stonehill,Sacred Heart,22,19,True,False,True,NEC,NEC,fcs,fcs,
8,regular,2023-10-21 17:00:00+00:00,Lock Haven,Kutztown,3,7,True,False,True,Pennsylvania State Athletic,Pennsylvania State Athletic,ii,ii,
8,regular,2023-10-21 17:00:00+00:00,Princeton,Harvard,21,14,True,False,True,Ivy,Ivy,fcs,fcs,
8,regular,2023-10-21 17:00:00+00:00,Hampden Sydney,Washington and Lee,17,21,True,False,True,Old Dominion,Old Dominion,iii,iii,
8,regular,2023-10-21 17:00:00+00:00,Alma,Kalamazoo,43,10,True,False,True,Michigan,Michigan,iii,iii,
8,regular,2023-10-21 17:00:00+00:00,Amherst,Tufts,14,34,True,False,True,NESCAC,NESCAC,iii,iii,
8,regular,2023-10-21 17:00:00+00:00,Greenville,Northwestern (MN),12,32,True,False,True,Upper Midwest,Upper Midwest,iii,iii,
8,regular,2023-10-21 17:00:00+00:00,Hiram,Oberlin,27,19,True,False,True,North Coast,North Coast,iii,iii,
8,regular,2023-10-21 17:00:00+00:00,Virginia Union,Lincoln (PA),57,0,True,False,True,CIAA,CIAA,ii,ii,
8,regular,2023-10-21 17:05:00+00:00,East Stroudsburg,Bloomsburg,21,16,True,False,True,Pennsylvania State Athletic,Pennsylvania State Athletic,ii,ii,
8,regular,2023-10-21 17:30:00+00:00,Dartmouth,Columbia,20,9,True,False,True,Ivy,Ivy,fcs,fcs,
8,regular,2023-10-21 17:30:00+00:00,Mount St Joseph,Hanover,52,27,True,False,True,Heartland,Heartland,iii,iii,
8,regular,2023-10-21 17:30:00+00:00,Wilmington (OH),Mount Union,0,69,True,False,True,Ohio,Ohio,iii,iii,
8,regular,2023-10-21 17:30:00+00:00,Franklin,Rose Hulman,35,50,True,False,True,Heartland,Heartland,iii,iii,
8,regular,2023-10-21 17:30:00+00:00,Bluffton,Manchester,50,12,True,False,True,Heartland,Heartland,iii,iii,
8,regular,2023-10-21 17:30:00+00:00,Williams,Trinity (CT),14,41,True,False,True,NESCAC,NESCAC,iii,iii,
8,regular,2023-10-21 17:30:00+00:00,Anderson (IN),Defiance College,6,36,True,False,True,Heartland,Heartland,iii,iii,
8,regular,2023-10-21 17:30:00+00:00,VMI,Samford,14,27,True,False,True,Southern,Southern,fcs,fcs,
8,regular,2023-10-21 17:30:00+00:00,Coast Guard,Norwich,52,17,True,False,True,NEWMAC,NEWMAC,iii,iii,
8,regular,2023-10-21 17:30:00+00:00,Livingstone,Shaw,27,26,True,False,True,CIAA,CIAA,ii,ii,
8,regular,2023-10-21 17:30:00+00:00,Winston-Salem State,St. Augustine's,24,17,True,False,True,CIAA,CIAA,ii,ii,
8,regular,2023-10-21 17:30:00+00:00,Capital,John Carroll,17,63,True,False,True,Ohio,Ohio,iii,iii,
8,regular,2023-10-21 18:00:00+00:00,Central College,Nebraska Wesleyan,72,0,True,False,True,American Rivers,American Rivers,iii,iii,
8,regular,2023-10-21 18:00:00+00:00,Carleton,St. Scholastica,42,21,True,False,True,Minnesota,Minnesota,iii,iii,
8,regular,2023-10-21 18:00:00+00:00,St. Olaf,Augsburg,36,56,True,False,True,Minnesota,Minnesota,iii,iii,
8,regular,2023-10-21 18:00:00+00:00,Benedict,Kentucky State,63,14,True,False,True,SIAC,SIAC,ii,ii,
8,regular,2023-10-21 18:00:00+00:00,Washburn,Fort Hays,28,31,True,False,True,Mid America,Mid America,ii,ii,
8,regular,2023-10-21 18:00:00+00:00,Wisconsin La Crosse,Wisconsin Oshkosh,31,28,True,False,True,Wisconsin,Wisconsin,iii,iii,
8,regular,2023-10-21 18:00:00+00:00,Austin,Mary Hardin Baylor,14,49,True,False,True,American Southwest,American Southwest,iii,iii,
8,regular,2023-10-21 18:00:00+00:00,Augustana (SD),Minnesota State,28,10,True,False,True,Northern Sun,Northern Sun,ii,ii,
8,regular,2023-10-21 18:00:00+00:00,Southwestern U,Trinity (TX),7,57,True,False,True,Southern Athletic,Southern Athletic,iii,iii,
8,regular,2023-10-21 18:00:00+00:00,Grinnell,Knox,7,14,True,False,True,Midwest,Midwest,iii,iii,
8,regular,2023-10-21 18:00:00+00:00,Luther,Simpson (IA),14,56,True,False,True,American Rivers,American Rivers,iii,iii,
8,regular,2023-10-21 18:00:00+00:00,Youngstown State,Illinois State,41,38,True,False,True,MVFC,MVFC,fcs,fcs,
8,regular,2023-10-21 18:00:00+00:00,Wisconsin Eau Claire,Wisconsin Platteville,14,47,True,False,True,Wisconsin,Wisconsin,iii,iii,
8,regular,2023-10-21 18:00:00+00:00,Crown,Martin Luther,3,13,True,False,True,Upper Midwest,Upper Midwest,iii,iii,
8,regular,2023-10-21 18:00:00+00:00,Loras,Wartburg,7,62,True,False,True,American Rivers,American Rivers,iii,iii,
8,regular,2023-10-21 18:00:00+00:00,Beloit,Monmouth (IL),3,59,True,False,True,Midwest,Midwest,iii,iii,
8,regular,2023-10-21 18:00:00+00:00,McMurry,Howard Payne,45,21,True,False,True,American Southwest,American Southwest,iii,iii,
8,regular,2023-10-21 18:00:00+00:00,Minot State,Minnesota Duluth,7,42,True,False,True,Northern Sun,Northern Sun,ii,ii,
8,regular,2023-10-21 18:00:00+00:00,Sewanee,Berry,23,61,True,False,True,Southern Athletic,Southern Athletic,iii,iii,
8,regular,2023-10-21 18:00:00+00:00,Muskingum,Ohio Northern,17,27,True,False,True,Ohio,Ohio,iii,iii,
8,regular,2023-10-21 18:00:00+00:00,South Dakota Mines,Fort Lewis,48,10,True,False,True,Rocky Mountain,Rocky Mountain,ii,ii,
8,regular,2023-10-21 18:00:00+00:00,East Carolina,Charlotte,7,10,True,False,True,American Athletic,American Athletic,fbs,fbs,
8,regular,2023-10-21 18:00:00+00:00,Concordia (MN),Macalester,49,8,True,False,True,Minnesota,Minnesota,iii,iii,
8,regular,2023-10-21 18:00:00+00:00,Augustana (IL),North Park,42,28,True,False,True,CCIW,CCIW,iii,iii,
8,regular,2023-10-21 18:00:00+00:00,Bemidji State,Concordia St. Paul,38,3,True,False,True,Northern Sun,Northern Sun,ii,ii,
8,regular,2023-10-21 18:00:00+00:00,Upper Iowa,Southwest Baptist,35,13,True,False,False,Northern Sun,Great Lakes,ii,ii,
8,regular,2023-10-21 18:00:00+00:00,Carthage,Illinois Wesleyan,7,34,True,False,True,CCIW,CCIW,iii,iii,
8,regular,2023-10-21 18:00:00+00:00,Bethel (MN),Hamline,49,7,True,False,True,Minnesota,Minnesota,iii,iii,
8,regular,2023-10-21 18:00:00+00:00,Hampton,Delaware,3,47,True,False,True,Coastal Athletic,CAA,fcs,fcs,
8,regular,2023-10-21 18:00:00+00:00,Clark Atlanta,Central State,21,48,True,False,True,SIAC,SIAC,ii,ii,
8,regular,2023-10-21 18:00:00+00:00,Wisconsin Stevens Point,Wisconsin River Falls,14,75,True,False,True,Wisconsin,Wisconsin,iii,iii,
8,regular,2023-10-21 18:00:00+00:00,UVA Wise,Erskine,34,23,True,False,True,South Atlantic,South Atlantic,ii,ii,
8,regular,2023-10-21 18:00:00+00:00,Saginaw Valley State,Wayne State (MI),17,10,True,False,True,GLIAC,GLIAC,ii,ii,
8,regular,2023-10-21 18:00:00+00:00,Concordia Chicago,Eureka,28,27,True,False,True,NACC,NACC,iii,iii,
8,regular,2023-10-21 18:00:00+00:00,Ouachita Baptist,Arkansas Tech,31,24,True,False,True,Great American,Great American,ii,ii,
8,regular,2023-10-21 18:00:00+00:00,Ripon,Lake Forest,12,0,True,False,True,Midwest,Midwest,iii,iii,
8,regular,2023-10-21 18:00:00+00:00,Benedictine (IL),Lakeland,31,6,True,False,True,NACC,NACC,iii,iii,
8,regular,2023-10-21 18:00:00+00:00,Elmhurst,Millikin,29,27,True,False,True,CCIW,CCIW,iii,iii,
8,regular,2023-10-21 18:00:00+00:00,Wittenberg,DePauw,35,41,True,False,True,North Coast,North Coast,iii,iii,
8,regular,2023-10-21 18:00:00+00:00,Concordia (WI),St. Norbert,7,13,True,False,True,NACC,NACC,iii,iii,
8,regular,2023-10-21 18:00:00+00:00,Carroll (WI),Wheaton (IL),6,52,True,False,True,CCIW,CCIW,iii,iii,
8,regular,2023-10-21 18:00:00+00:00,Virginia State,Elizabeth City State,16,17,True,False,True,CIAA,CIAA,ii,ii,
8,regular,2023-10-21 18:00:00+00:00,Fort Valley State,Morehouse,31,3,True,False,True,SIAC,SIAC,ii,ii,
8,regular,2023-10-21 18:00:00+00:00,Chadron State,CSU Pueblo,3,28,True,False,True,Rocky Mountain,Rocky Mountain,ii,ii,
8,regular,2023-10-21 18:00:00+00:00,Southwest Minnesota State,Minnesota St Moorhead,17,34,True,False,True,Northern Sun,Northern Sun,ii,ii,
8,regular,2023-10-21 18:00:00+00:00,Gustavus Adolphus,Saint John's (MN),38,35,True,False,True,Minnesota,Minnesota,iii,iii,
8,regular,2023-10-21 18:00:00+00:00,Olivet,Hope,7,45,True,False,True,Michigan,Michigan,iii,iii,
8,regular,2023-10-21 18:00:00+00:00,Cornell (IA),Chicago,47,34,True,False,True,Midwest,Midwest,iii,iii,
8,regular,2023-10-21 18:00:00+00:00,Barton,Wingate,24,38,True,False,True,South Atlantic,South Atlantic,ii,ii,
8,regular,2023-10-21 18:00:00+00:00,Case Western Reserve,Waynesburg,35,0,True,False,True,Presidents',Presidents',iii,iii,
8,regular,2023-10-21 18:00:00+00:00,North Central College,Washington St. Louis,49,3,True,False,True,CCIW,CCIW,iii,iii,
8,regular,2023-10-21 18:00:00+00:00,Elon,Monmouth,28,26,True,False,True,Coastal Athletic,Coastal Athletic,fcs,fcs,
8,regular,2023-10-21 18:00:00+00:00,McKendree,Missouri S&T,20,17,True,False,True,Great Lakes,Great Lakes,ii,ii,
8,regular,2023-10-21 18:00:00+00:00,Quincy,Indianapolis,14,24,True,False,True,Great Lakes,Great Lakes,ii,ii,
8,regular,2023-10-21 18:00:00+00:00,Georgia Southern,UL Monroe,38,28,True,False,True,Sun Belt,Sun Belt,fbs,fbs,
8,regular,2023-10-21 18:00:00+00:00,Aurora,Wisconsin Lutheran,70,7,True,False,True,NACC,NACC,iii,iii,
8,regular,2023-10-21 18:00:00+00:00,Bowling Green,Akron,41,14,True,False,True,Mid-American,Mid-American,fbs,fbs,
8,regular,2023-10-21 18:00:00+00:00,Averett,Bridgewater,24,53,True,False,True,Old Dominion,Old Dominion,iii,iii,
8,regular,2023-10-21 18:00:00+00:00,Sioux Falls,Winona State,35,42,True,False,True,Northern Sun,Northern Sun,ii,ii,
8,regular,2023-10-21 18:30:00+00:00,Central Missouri,Emporia State,77,27,True,False,True,Mid America,Mid America,ii,ii,
8,regular,2023-10-21 18:30:00+00:00,Western Carolina,Furman,17,29,True,False,True,Southern,Southern,fcs,fcs,
8,regular,2023-10-21 18:30:00+00:00,Fayetteville State,Johnson C. Smith,14,7,True,False,True,CIAA,CIAA,ii,ii,
8,regular,2023-10-21 18:30:00+00:00,Tennessee Tech,Southeast Missouri State,3,28,True,False,True,Big South-OVC,Big South-OVC,fcs,fcs,
8,regular,2023-10-21 19:00:00+00:00,Dubuque,Buena Vista,41,0,True,False,True,American Rivers,American Rivers,iii,iii,
8,regular,2023-10-21 19:00:00+00:00,Southeastern Oklahoma State,Southwestern Oklahoma State,32,13,True,False,True,Great American,Great American,ii,ii,
8,regular,2023-10-21 19:00:00+00:00,Savannah State,Tuskegee,14,21,True,False,True,SIAC,SIAC,ii,ii,
8,regular,2023-10-21 19:00:00+00:00,Southern Illinois,South Dakota State,10,17,True,False,True,MVFC,MVFC,fcs,fcs,
8,regular,2023-10-21 19:00:00+00:00,Wisconsin Whitewater,Wisconsin Stout,37,20,True,False,True,Wisconsin,Wisconsin,iii,iii,
8,regular,2023-10-21 19:00:00+00:00,Arkansas-Pine Bluff,Alcorn State,7,31,True,False,True,SWAC,SWAC,fcs,fcs,
8,regular,2023-10-21 19:00:00+00:00,Truman State,William Jewell,31,10,True,False,True,Great Lakes,Great Lakes,ii,ii,
8,regular,2023-10-21 19:00:00+00:00,Northwest Missouri State,Pittsburg State,7,28,True,False,True,Mid America,Mid America,ii,ii,
8,regular,2023-10-21 19:00:00+00:00,UT Martin,Charleston Southern,17,0,True,False,True,Big South-OVC,Big South-OVC,fcs,fcs,
8,regular,2023-10-21 19:00:00+00:00,The College of New Jersey,Gettysburg,30,13,True,False,False,New Jersey,Centennial,iii,iii,
8,regular,2023-10-21 19:00:00+00:00,Seton Hill,IU Pennsylvania,35,28,True,False,True,Pennsylvania State Athletic,Pennsylvania State Athletic,ii,ii,
8,regular,2023-10-21 19:00:00+00:00,Eastern Illinois,Bryant,25,24,True,False,True,Big South-OVC,Big South-OVC,fcs,fcs,
8,regular,2023-10-21 19:00:00+00:00,Arkansas Monticello,Henderson State,14,42,True,False,True,Great American,Great American,ii,ii,
8,regular,2023-10-21 19:00:00+00:00,Mercyhurst,Gannon,28,31,True,False,True,Pennsylvania State Athletic,Pennsylvania State Athletic,ii,ii,
8,regular,2023-10-21 19:00:00+00:00,Mississippi Valley State,Jackson State,6,21,True,False,True,SWAC,SWAC,fcs,fcs,
8,regular,2023-10-21 19:00:00+00:00,Southern Arkansas,Harding,20,54,True,True,True,Great American,Great American,ii,ii,
8,regular,2023-10-21 19:00:00+00:00,Black Hills State,Colorado School of Mines,17,42,True,False,True,Rocky Mountain,Rocky Mountain,ii,ii,
8,regular,2023-10-21 19:00:00+00:00,Denison,Wooster,35,31,True,False,True,North Coast,North Coast,iii,iii,
8,regular,2023-10-21 19:00:00+00:00,Western Colorado,New Mexico Highlands,62,0,True,False,True,Rocky Mountain,Rocky Mountain,ii,ii,
8,regular,2023-10-21 19:00:00+00:00,Tennessee State,Lincoln (CA),54,0,True,False,False,Big South-OVC,,fcs,,
8,regular,2023-10-21 19:00:00+00:00,Lincoln (MO),Missouri Southern State,5,63,True,False,False,Independent DII,Mid America,ii,ii,
8,regular,2023-10-21 19:00:00+00:00,Marietta,Heidelberg,37,14,True,False,True,Ohio,Ohio,iii,iii,
8,regular,2023-10-21 19:00:00+00:00,Lane College,Virginia Lynchburg,42,45,True,False,False,SIAC,,ii,,
8,regular,2023-10-21 19:00:00+00:00,East Central,Southern Nazarene,13,27,True,False,True,Great American,Great American,ii,ii,
8,regular,2023-10-21 19:00:00+00:00,Missouri State,Murray State,28,24,True,False,True,MVFC,MVFC,fcs,fcs,
8,regular,2023-10-21 19:00:00+00:00,Georgetown,Colgate,18,28,True,False,True,Patriot,Patriot,fcs,fcs,
8,regular,2023-10-21 19:00:00+00:00,Colorado Mesa,Adams State,42,7,True,False,True,Rocky Mountain,Rocky Mountain,ii,ii,
8,regular,2023-10-21 19:00:00+00:00,Valdosta State,Shorter,42,14,True,False,True,Gulf South,Gulf South,ii,ii,
8,regular,2023-10-21 19:30:00+00:00,William & Mary,Towson,24,34,True,False,True,Coastal Athletic,Coastal Athletic,fcs,fcs,
8,regular,2023-10-21 19:30:00+00:00,North Dakota State,Western Illinois,52,7,True,False,True,MVFC,MVFC,fcs,fcs,
8,regular,2023-10-21 19:30:00+00:00,UAlbany,Rhode Island,35,10,True,False,True,Coastal Athletic,Coastal Athletic,fcs,fcs,
8,regular,2023-10-21 19:30:00+00:00,Northern Illinois,Eastern Michigan,20,13,True,False,True,Mid-American,Mid-American,fbs,fbs,
8,regular,2023-10-21 19:30:00+00:00,Illinois,Wisconsin,21,25,True,False,True,Big Ten,Big Ten,fbs,fbs,
8,regular,2023-10-21 19:30:00+00:00,Iowa,Minnesota,10,12,True,False,True,Big Ten,Big Ten,fbs,fbs,
8,regular,2023-10-21 19:30:00+00:00,Nebraska,Northwestern,17,9,True,False,True,Big Ten,Big Ten,fbs,fbs,
8,regular,2023-10-21 19:30:00+00:00,Wake Forest,Pittsburgh,21,17,True,False,True,ACC,ACC,fbs,fbs,
8,regular,2023-10-21 19:30:00+00:00,Oregon,Washington State,38,24,True,False,True,Pac-12,Pac-12,fbs,fbs,
8,regular,2023-10-21 19:30:00+00:00,Tulane,North Texas,35,28,True,False,True,American Athletic,American Athletic,fbs,fbs,
8,regular,2023-10-21 19:30:00+00:00,UConn,South Florida,21,24,True,False,False,FBS Independents,American Athletic,fbs,fbs,
8,regular,2023-10-21 19:30:00+00:00,West Virginia,Oklahoma State,34,48,True,False,True,Big 12,Big 12,fbs,fbs,
8,regular,2023-10-21 19:30:00+00:00,Kent State,Buffalo,6,24,True,False,True,Mid-American,Mid-American,fbs,fbs,
8,regular,2023-10-21 19:30:00+00:00,Alabama,Tennessee,34,20,True,False,True,SEC,SEC,fbs,fbs,
8,regular,2023-10-21 19:30:00+00:00,Missouri,South Carolina,34,12,True,False,True,SEC,SEC,fbs,fbs,
8,regular,2023-10-21 19:30:00+00:00,Ball State,Central Michigan,24,17,True,False,True,Mid-American,Mid-American,fbs,fbs,
8,regular,2023-10-21 19:30:00+00:00,Stony Brook,New Hampshire,14,45,True,False,True,Coastal Athletic,Coastal Athletic,fcs,fcs,
8,regular,2023-10-21 19:30:00+00:00,Ferrum,Guilford,28,0,True,False,True,Old Dominion,Old Dominion,iii,iii,
8,regular,2023-10-21 20:00:00+00:00,Puget Sound,Linfield,6,55,True,False,True,Northwest,Northwest,iii,iii,
8,regular,2023-10-21 20:00:00+00:00,Mercer,Wofford,31,17,True,False,True,Southern,Southern,fcs,fcs,
8,regular,2023-10-21 20:00:00+00:00,Bethune-Cookman,Southern,18,28,True,True,True,SWAC,SWAC,fcs,fcs,
8,regular,2023-10-21 20:00:00+00:00,Newberry,Lenoir Rhyne,10,24,True,False,True,South Atlantic,South Atlantic,ii,ii,
8,regular,2023-10-21 20:00:00+00:00,Houston,Texas,24,31,True,False,True,Big 12,Big 12,fbs,fbs,
8,regular,2023-10-21 20:00:00+00:00,Campbell,Maine,34,28,True,False,True,Coastal Athletic,Coastal Athletic,fcs,fcs,
8,regular,2023-10-21 20:00:00+00:00,Claremont Mudd Scripps,Redlands,31,17,True,False,True,So. Cal.,So. Cal.,iii,iii,
8,regular,2023-10-21 20:00:00+00:00,Portland State,Idaho State,24,38,True,False,True,Big Sky,Big Sky,fcs,fcs,
8,regular,2023-10-21 20:00:00+00:00,Pacific Lutheran,Lewis & Clark,49,14,True,False,True,Northwest,Northwest,iii,iii,
8,regular,2023-10-21 20:00:00+00:00,Bridgewater State,Westfield State,21,0,True,False,True,MSCAC,MSCAC,iii,iii,
8,regular,2023-10-21 20:00:00+00:00,Whitworth,Pacific (OR),42,20,True,False,True,Northwest,Northwest,iii,iii,
8,regular,2023-10-21 20:00:00+00:00,La Verne,Pomona Pitzer,7,20,True,False,True,So. Cal.,So. Cal.,iii,iii,
8,regular,2023-10-21 20:00:00+00:00,Delta State,West Florida,21,24,True,False,True,Gulf South,Gulf South,ii,ii,
8,regular,2023-10-21 20:00:00+00:00,UMass Dartmouth,Fitchburg State,42,7,True,False,True,MSCAC,MSCAC,iii,iii,
8,regular,2023-10-21 20:00:00+00:00,Miami (OH),Toledo,17,21,True,False,True,Mid-American,Mid-American,fbs,fbs,
8,regular,2023-10-21 20:00:00+00:00,Tiffin,Kentucky Wesleyan,37,12,True,False,True,Great Midwest Athletic,Great Midwest Athletic,ii,ii,
8,regular,2023-10-21 20:05:00+00:00,Western Oregon,Midwestern State,6,33,True,False,True,Lone Star,Lone Star,ii,ii,
8,regular,2023-10-21 20:30:00+00:00,East Texas A&M,Nicholls,7,27,True,False,True,Southland,Southland,fcs,fcs,
8,regular,2023-10-21 21:00:00+00:00,Miles,Allen,28,21,True,False,True,SIAC,SIAC,ii,ii,
8,regular,2023-10-21 21:00:00+00:00,Texas Lutheran,East Texas Baptist,6,16,True,False,True,American Southwest,American Southwest,iii,iii,
8,regular,2023-10-21 21:00:00+00:00,Stephen F. Austin,Abilene Christian,27,34,True,False,True,UAC,UAC,fcs,fcs,
8,regular,2023-10-21 21:00:00+00:00,Northern Iowa,North Dakota,27,0,True,False,True,MVFC,MVFC,fcs,fcs,
8,regular,2023-10-21 21:00:00+00:00,Buffalo State,Hilbert,44,12,True,False,False,Liberty League,North Coast,iii,iii,
8,regular,2023-10-21 21:00:00+00:00,San Diego,Drake,20,25,True,False,True,Pioneer,Pioneer,fcs,fcs,
8,regular,2023-10-21 21:00:00+00:00,West Liberty,Notre Dame College,35,40,True,False,True,Mountain East,Mountain East,ii,ii,
8,regular,2023-10-21 22:00:00+00:00,West Georgia,North Greenville,38,14,True,False,True,Gulf South,Gulf South,ii,ii,
8,regular,2023-10-21 22:00:00+00:00,Gardner-Webb,Eastern Kentucky,35,32,True,False,False,Big South-OVC,UAC,fcs,fcs,
8,regular,2023-10-21 22:00:00+00:00,Florida Atlantic,UTSA,10,36,True,False,True,American Athletic,American Athletic,fbs,fbs,
8,regular,2023-10-21 22:00:00+00:00,New Mexico,Hawai'i,42,21,True,False,True,Mountain West,Mountain West,fbs,fbs,
8,regular,2023-10-21 22:00:00+00:00,Edward Waters,Albany State,31,27,True,False,True,SIAC,SIAC,ii,ii,
8,regular,2023-10-21 22:30:00+00:00,North Carolina,Virginia,27,31,True,False,True,ACC,ACC,fbs,fbs,
8,regular,2023-10-21 23:00:00+00:00,Carnegie Mellon,Washington & Jefferson,35,14,True,False,True,Presidents',Presidents',iii,iii,
8,regular,2023-10-21 23:00:00+00:00,BYU,Texas Tech,27,14,True,False,True,Big 12,Big 12,fbs,fbs,
8,regular,2023-10-21 23:00:00+00:00,UNLV,Colorado State,25,23,True,False,True,Mountain West,Mountain West,fbs,fbs,
8,regular,2023-10-21 23:00:00+00:00,Westminster (PA),Allegheny,27,17,True,False,True,Presidents',Presidents',iii,iii,
8,regular,2023-10-21 23:00:00+00:00,Old Dominion,App State,28,21,True,False,True,Sun Belt,Sun Belt,fbs,fbs,
8,regular,2023-10-21 23:00:00+00:00,Arkansas State,Coastal Carolina,17,27,True,False,True,Sun Belt,Sun Belt,fbs,fbs,
8,regular,2023-10-21 23:00:00+00:00,Mississippi College,Chowan,38,21,True,False,True,Gulf South,Gulf South,ii,ii,
8,regular,2023-10-21 23:00:00+00:00,Auburn,Ole Miss,21,28,True,False,True,SEC,SEC,fbs,fbs,
8,regular,2023-10-21 23:00:00+00:00,Hendrix,Rhodes,50,49,True,False,True,Southern Athletic,Southern Athletic,iii,iii,
8,regular,2023-10-21 23:00:00+00:00,Northern State,Wayne State (NE),28,26,True,False,True,Northern Sun,Northern Sun,ii,ii,
8,regular,2023-10-21 23:00:00+00:00,San José State,Utah State,42,21,True,False,True,Mountain West,Mountain West,fbs,fbs,
8,regular,2023-10-21 23:00:00+00:00,Northeastern State,Central Oklahoma,21,37,True,False,True,Mid America,Mid America,ii,ii,
8,regular,2023-10-21 23:00:00+00:00,Kansas State,TCU,41,3,True,False,True,Big 12,Big 12,fbs,fbs,
8,regular,2023-10-21 23:00:00+00:00,North Alabama,Utah Tech,31,30,True,False,True,UAC,UAC,fcs,fcs,
8,regular,2023-10-21 23:00:00+00:00,Limestone,Catawba,27,16,True,False,True,South Atlantic,South Atlantic,ii,ii,
8,regular,2023-10-21 23:00:00+00:00,Angelo State,UT Permian Basin,23,28,True,False,True,Lone Star,Lone Star,ii,ii,
8,regular,2023-10-21 23:00:00+00:00,Eastern Washington,Weber State,31,23,True,False,True,Big Sky,Big Sky,fcs,fcs,
8,regular,2023-10-21 23:00:00+00:00,Tarleton State,Morehead State,42,0,True,False,False,UAC,Pioneer,fcs,fcs,
8,regular,2023-10-21 23:00:00+00:00,Geneva,Bethany (WV),45,20,True,False,True,Presidents',Presidents',iii,iii,
8,regular,2023-10-21 23:30:00+00:00,Michigan State,Michigan,0,49,True,False,True,Big Ten,Big Ten,fbs,fbs,
8,regular,2023-10-21 23:30:00+00:00,LSU,Army,62,0,True,False,False,SEC,FBS Independents,fbs,fbs,
8,regular,2023-10-21 23:30:00+00:00,Florida State,Duke,38,20,True,False,True,ACC,ACC,fbs,fbs,
8,regular,2023-10-22 00:00:00+00:00,USC,Utah,32,34,True,False,True,Pac-12,Pac-12,fbs,fbs,
8,regular,2023-10-22 00:00:00+00:00,Texas Southern,Florida A&M,21,31,True,False,True,SWAC,SWAC,fcs,fcs,
8,regular,2023-10-22 00:00:00+00:00,Oklahoma Baptist,Northwestern (OK),28,7,True,False,True,Great American,Great American,ii,ii,
8,regular,2023-10-22 00:00:00+00:00,Southern Utah,Austin Peay,45,48,True,False,True,UAC,UAC,fcs,fcs,
8,regular,2023-10-22 00:00:00+00:00,Eastern New Mexico,Texas A&M-Kingsville,14,35,True,False,True,Lone Star,Lone Star,ii,ii,
8,regular,2023-10-22 00:00:00+00:00,Cal Poly,Northern Colorado,24,17,True,False,True,Big Sky,Big Sky,fcs,fcs,
8,regular,2023-10-22 00:00:00+00:00,Miami,Clemson,28,20,True,False,True,ACC,ACC,fbs,fbs,
8,regular,2023-10-22 00:00:00+00:00,McNeese,Incarnate Word,24,35,True,False,True,Southland,Southland,fcs,fcs,
8,regular,2023-10-22 00:00:00+00:00,Louisiana,Georgia State,17,20,True,False,True,Sun Belt,Sun Belt,fbs,fbs,
8,regular,2023-10-22 01:00:00+00:00,Central Washington,West Texas,30,14,True,False,True,Lone Star,Lone Star,ii,ii,
8,regular,2023-10-22 01:00:00+00:00,San Diego State,Nevada,0,6,True,False,True,Mountain West,Mountain West,fbs,fbs,
8,regular,2023-10-22 02:00:00+00:00,Chapman,Cal Lutheran,38,10,True,False,True,So. Cal.,So. Cal.,iii,iii,
8,regular,2023-10-22 02:00:00+00:00,George Fox,Willamette,63,10,True,False,True,Northwest,Northwest,iii,iii,
8,regular,2023-10-22 02:30:00+00:00,Washington,Arizona State,15,7,True,False,True,Pac-12,Pac-12,fbs,fbs,
8,regular,2023-10-22 02:30:00+00:00,Stanford,UCLA,7,42,True,False,True,Pac-12,Pac-12,fbs,fbs,
8,regular,2023-10-22 02:30:00+00:00,Sacramento State,Montana State,30,42,True,False,True,Big Sky,Big Sky,fcs,fcs,
9,regular,2023-10-24 23:00:00+00:00,Louisiana Tech,New Mexico State,24,27,True,False,True,Conference USA,Conference USA,fbs,fbs,
9,regular,2023-10-24 23:30:00+00:00,Western Kentucky,Liberty,29,42,True,False,True,Conference USA,Conference USA,fbs,fbs,
9,regular,2023-10-25 23:00:00+00:00,Florida International,Jacksonville State,16,41,True,False,True,Conference USA,Conference USA,fbs,fbs,
9,regular,2023-10-26 00:00:00+00:00,Sam Houston,UTEP,34,37,True,False,True,Conference USA,Conference USA,fbs,fbs,
9,regular,2023-10-26 23:00:00+00:00,Central Connecticut,Long Island University,23,24,True,False,True,NEC,NEC,fcs,fcs,
9,regular,2023-10-26 23:00:00+00:00,Lincoln (MO),Eastern New Mexico,17,62,True,False,False,Independent DII,Lone Star,ii,ii,
9,regular,2023-10-26 23:00:00+00:00,Shorter,West Georgia,35,41,True,False,True,Gulf South,Gulf South,ii,ii,
9,regular,2023-10-26 23:00:00+00:00,Southern Nazarene,Ouachita Baptist,28,49,True,False,True,Great American,Great American,ii,ii,
9,regular,2023-10-26 23:30:00+00:00,Virginia Tech,Syracuse,38,10,True,False,True,ACC,ACC,fbs,fbs,
9,regular,2023-10-26 23:30:00+00:00,North Carolina Central,South Carolina State,62,28,True,False,True,MEAC,MEAC,fcs,fcs,
9,regular,2023-10-26 23:30:00+00:00,Georgia Southern,Georgia State,44,27,True,False,True,Sun Belt,Sun Belt,fbs,fbs,
9,regular,2023-10-27 23:00:00+00:00,Pennsylvania,Brown,26,30,True,False,True,Ivy,Ivy,fcs,fcs,
9,regular,2023-10-27 23:30:00+00:00,Charlotte,Florida Atlantic,16,38,True,False,True,American Athletic,American Athletic,fbs,fbs,
9,regular,2023-10-28 15:00:00+00:00,Hilbert,Lyon,27,43,True,True,False,North Coast,,iii,,
9,regular,2023-10-28 16:00:00+00:00,Boston College,UConn,21,14,True,False,False,ACC,FBS Independents,fbs,fbs,
9,regular,2023-10-28 16:00:00+00:00,Texas A&M,South Carolina,30,17,True,False,True,SEC,SEC,fbs,fbs,
9,regular,2023-10-28 16:00:00+00:00,Notre Dame College,Wheeling,28,25,True,False,True,Mountain East,Mountain East,ii,ii,
9,regular,2023-10-28 16:00:00+00:00,SMU,Tulsa,69,10,True,False,True,American Athletic,American Athletic,fbs,fbs,
9,regular,2023-10-28 16:00:00+00:00,Delaware State,Howard,10,17,True,False,True,MEAC,MEAC,fcs,fcs,
9,regular,2023-10-28 16:00:00+00:00,Yale,Columbia,35,7,True,False,True,Ivy,Ivy,fcs,fcs,
9,regular,2023-10-28 16:00:00+00:00,Wagner,Stonehill,28,17,True,False,True,NEC,NEC,fcs,fcs,
9,regular,2023-10-28 16:00:00+00:00,Anna Maria College,Gallaudet,50,7,True,False,True,ECFC,ECFC,iii,iii,
9,regular,2023-10-28 16:00:00+00:00,Bridgewater State,UMass Dartmouth,14,34,True,False,True,MSCAC,MSCAC,iii,iii,
9,regular,2023-10-28 16:00:00+00:00,Curry,Nichols,48,46,True,False,True,Commonwealth Coast,Commonwealth Coast,iii,iii,
9,regular,2023-10-28 16:00:00+00:00,Keystone,Catholic,14,26,True,False,True,Landmark Conference,Landmark Conference,iii,iii,
9,regular,2023-10-28 16:00:00+00:00,MIT,Norwich,29,26,True,False,True,NEWMAC,NEWMAC,iii,iii,
9,regular,2023-10-28 16:00:00+00:00,Mass Maritime,Framingham State,3,28,True,False,True,MSCAC,MSCAC,iii,iii,
9,regular,2023-10-28 16:00:00+00:00,Seton Hill,Edinboro,38,28,True,False,True,Pennsylvania State Athletic,Pennsylvania State Athletic,ii,ii,
9,regular,2023-10-28 16:00:00+00:00,Penn State,Indiana,33,24,True,False,True,Big Ten,Big Ten,fbs,fbs,
9,regular,2023-10-28 16:00:00+00:00,Rensselaer,Rochester (NY),49,10,True,False,True,Liberty League,Liberty League,iii,iii,
9,regular,2023-10-28 16:00:00+00:00,Davenport,Saginaw Valley State,24,21,True,False,True,GLIAC,GLIAC,ii,ii,
9,regular,2023-10-28 16:00:00+00:00,Husson,Endicott,13,23,True,False,True,Commonwealth Coast,Commonwealth Coast,iii,iii,
9,regular,2023-10-28 16:00:00+00:00,Findlay,Ohio Dominican,24,3,True,False,True,Great Midwest Athletic,Great Midwest Athletic,ii,ii,
9,regular,2023-10-28 16:00:00+00:00,Army,Massachusetts,14,21,True,False,True,FBS Independents,FBS Independents,fbs,fbs,
9,regular,2023-10-28 16:00:00+00:00,Robert Morris,Tennessee Tech,13,38,True,False,True,Big South,Big South-OVC,fcs,fcs,
9,regular,2023-10-28 16:00:00+00:00,Springfield,Merchant Marine,21,14,True,False,True,NEWMAC,NEWMAC,iii,iii,
9,regular,2023-10-28 16:00:00+00:00,Westfield State,Plymouth State,19,20,True,False,True,MSCAC,MSCAC,iii,iii,
9,regular,2023-10-28 16:00:00+00:00,California (PA),Mercyhurst,58,19,True,False,True,Pennsylvania State Athletic,Pennsylvania State Athletic,ii,ii,
9,regular,2023-10-28 16:00:00+00:00,DePauw,Kenyon,58,7,True,False,True,North Coast,North Coast,iii,iii,
9,regular,2023-10-28 16:00:00+00:00,Tiffin,Walsh,40,13,True,False,True,Great Midwest Athletic,Great Midwest Athletic,ii,ii,
9,regular,2023-10-28 16:00:00+00:00,Wake Forest,Florida State,16,41,True,False,True,ACC,ACC,fbs,fbs,
9,regular,2023-10-28 16:00:00+00:00,Kansas,Oklahoma,38,33,True,False,True,Big 12,Big 12,fbs,fbs,
9,regular,2023-10-28 16:00:00+00:00,Kansas State,Houston,41,0,True,False,True,Big 12,Big 12,fbs,fbs,
9,regular,2023-10-28 16:00:00+00:00,UCF,West Virginia,28,41,True,False,True,Big 12,Big 12,fbs,fbs,
9,regular,2023-10-28 16:00:00+00:00,Northwestern,Maryland,33,27,True,False,True,Big Ten,Big Ten,fbs,fbs,
9,regular,2023-10-28 16:00:00+00:00,Delaware Valley,Stevenson,21,14,True,False,True,Mid Atlantic,Mid Atlantic,iii,iii,
9,regular,2023-10-28 16:00:00+00:00,St. John Fisher,Alfred,30,12,True,False,True,Empire 8,Empire 8,iii,iii,
9,regular,2023-10-28 16:00:00+00:00,Oberlin,Ohio Wesleyan,7,50,True,False,True,North Coast,North Coast,iii,iii,
9,regular,2023-10-28 16:00:00+00:00,Sacred Heart,Duquesne,0,27,True,False,True,NEC,NEC,fcs,fcs,
9,regular,2023-10-28 16:00:00+00:00,Limestone,Newberry,28,24,True,False,True,South Atlantic,South Atlantic,ii,ii,
9,regular,2023-10-28 16:30:00+00:00,Georgetown,Lafayette,25,35,True,False,True,Patriot,Patriot,fcs,fcs,
9,regular,2023-10-28 16:30:00+00:00,Wisconsin La Crosse,Wisconsin Eau Claire,59,14,True,False,True,Wisconsin,Wisconsin,iii,iii,
9,regular,2023-10-28 17:00:00+00:00,Salisbury,The College of New Jersey,27,36,True,False,True,New Jersey,New Jersey,iii,iii,
9,regular,2023-10-28 17:00:00+00:00,Bowie State,Elizabeth City State,19,7,True,False,True,CIAA,CIAA,ii,ii,
9,regular,2023-10-28 17:00:00+00:00,Colgate,Bucknell,34,49,True,False,True,Patriot,Patriot,fcs,fcs,
9,regular,2023-10-28 17:00:00+00:00,Shaw,Fayetteville State,14,21,True,False,True,CIAA,CIAA,ii,ii,
9,regular,2023-10-28 17:00:00+00:00,Shenandoah,Averett,49,35,True,False,True,Old Dominion,Old Dominion,iii,iii,
9,regular,2023-10-28 17:00:00+00:00,Lebanon Valley,Alvernia,34,26,True,False,True,Mid Atlantic,Mid Atlantic,iii,iii,
9,regular,2023-10-28 17:00:00+00:00,Trinity (TX),Millsaps,63,0,True,False,True,Southern Athletic,Southern Athletic,iii,iii,
9,regular,2023-10-28 17:00:00+00:00,Saint Francis,Merrimack,28,21,True,False,True,NEC,NEC,fcs,fcs,
9,regular,2023-10-28 17:00:00+00:00,Widener,King's,31,14,True,False,True,Mid Atlantic,Mid Atlantic,iii,iii,
9,regular,2023-10-28 17:00:00+00:00,Bluefield State,Virginia Union,12,57,True,False,False,Independent DII,CIAA,ii,ii,
9,regular,2023-10-28 17:00:00+00:00,Slippery Rock,Clarion,42,14,True,False,True,Pennsylvania State Athletic,Pennsylvania State Athletic,ii,ii,
9,regular,2023-10-28 17:00:00+00:00,Cornell,Princeton,3,14,True,False,True,Ivy,Ivy,fcs,fcs,
9,regular,2023-10-28 17:00:00+00:00,Fairmont State,West Virginia State,21,20,True,False,True,Mountain East,Mountain East,ii,ii,
9,regular,2023-10-28 17:00:00+00:00,Westminster (MO),Greenville,6,38,True,False,True,Upper Midwest,Upper Midwest,iii,iii,
9,regular,2023-10-28 17:00:00+00:00,Alderson-Broaddus,West Liberty,0,0,False,False,True,Mountain East,Mountain East,ii,ii,
9,regular,2023-10-28 17:00:00+00:00,Rhode Island,New Hampshire,34,28,True,False,True,Coastal Athletic,Coastal Athletic,fcs,fcs,
9,regular,2023-10-28 17:00:00+00:00,Eastern Michigan,Western Michigan,21,45,True,False,True,Mid-American,Mid-American,fbs,fbs,
9,regular,2023-10-28 17:00:00+00:00,Moravian,Susquehanna,14,33,True,False,False,Landmark Conference,Landmark Conference,iii,iii,
9,regular,2023-10-28 17:00:00+00:00,New England,Western New England,7,42,True,False,True,Commonwealth Coast,Commonwealth Coast,iii,iii,
9,regular,2023-10-28 17:00:00+00:00,Maine,UAlbany,21,37,True,False,True,Coastal Athletic,Coastal Athletic,fcs,fcs,
9,regular,2023-10-28 17:00:00+00:00,Illinois State,Northern Iowa,21,24,True,False,True,MVFC,MVFC,fcs,fcs,
9,regular,2023-10-28 17:00:00+00:00,University of Mary,Minot State,27,23,True,False,True,Northern Sun,Northern Sun,ii,ii,
9,regular,2023-10-28 17:00:00+00:00,Frostburg State,Charleston (WV),25,28,True,False,True,Mountain East,Mountain East,ii,ii,
9,regular,2023-10-28 17:00:00+00:00,Lock Haven,West Chester,27,42,True,False,True,Pennsylvania State Athletic,Pennsylvania State Athletic,ii,ii,
9,regular,2023-10-28 17:00:00+00:00,New Haven,Assumption,25,14,True,False,True,Northeast 10,Northeast 10,ii,ii,
9,regular,2023-10-28 17:00:00+00:00,Hamilton,Tufts,36,34,True,False,True,NESCAC,NESCAC,iii,iii,
9,regular,2023-10-28 17:00:00+00:00,Eastern,FDU Florham,19,24,True,True,True,Mid Atlantic,Mid Atlantic,iii,iii,
9,regular,2023-10-28 17:00:00+00:00,Albany State,Miles,48,7,True,False,True,SIAC,SIAC,ii,ii,
9,regular,2023-10-28 17:00:00+00:00,Colby,Middlebury,,,False,False,True,NESCAC,NESCAC,iii,iii,
9,regular,2023-10-28 17:00:00+00:00,Guilford,Hampden Sydney,21,42,True,False,True,Old Dominion,Old Dominion,iii,iii,
9,regular,2023-10-28 17:00:00+00:00,Butler,Valparaiso,17,7,True,False,True,Pioneer,Pioneer,fcs,fcs,
9,regular,2023-10-28 17:00:00+00:00,Towson,Delaware,13,51,True,False,True,Coastal Athletic,CAA,fcs,fcs,
9,regular,2023-10-28 17:00:00+00:00,Alma,Olivet,41,20,True,False,True,Michigan,Michigan,iii,iii,
9,regular,2023-10-28 17:00:00+00:00,William & Mary,Monmouth,31,28,True,False,True,Coastal Athletic,Coastal Athletic,fcs,fcs,
9,regular,2023-10-28 17:00:00+00:00,Drake,Stetson,33,7,True,False,True,Pioneer,Pioneer,fcs,fcs,
9,regular,2023-10-28 17:00:00+00:00,Erskine,Tusculum,14,52,True,False,True,South Atlantic,South Atlantic,ii,ii,
9,regular,2023-10-28 17:00:00+00:00,Concordia St. Paul,Northern State,20,14,True,False,True,Northern Sun,Northern Sun,ii,ii,
9,regular,2023-10-28 17:00:00+00:00,Gettysburg,Dickinson,25,28,True,False,True,Centennial,Centennial,iii,iii,
9,regular,2023-10-28 17:00:00+00:00,Ithaca,Buffalo State,62,0,True,False,True,Liberty League,Liberty League,iii,iii,
9,regular,2023-10-28 17:00:00+00:00,Central State,Lane College,17,14,True,False,True,SIAC,SIAC,ii,ii,
9,regular,2023-10-28 17:00:00+00:00,Kalamazoo,Hope,17,63,True,False,True,Michigan,Michigan,iii,iii,
9,regular,2023-10-28 17:00:00+00:00,WPI,Salve Regina,24,27,True,False,False,NEWMAC,Commonwealth Coast,iii,iii,
9,regular,2023-10-28 17:00:00+00:00,Wesleyan (CT),Amherst,34,7,True,False,True,NESCAC,NESCAC,iii,iii,
9,regular,2023-10-28 17:00:00+00:00,Bates,Williams,,,False,False,True,NESCAC,NESCAC,iii,iii,
9,regular,2023-10-28 17:00:00+00:00,Saint Vincent,Westminster (PA),20,22,True,False,True,Presidents',Presidents',iii,iii,
9,regular,2023-10-28 17:00:00+00:00,Waynesburg,Geneva,29,43,True,False,True,Presidents',Presidents',iii,iii,
9,regular,2023-10-28 17:00:00+00:00,Allegheny,Thiel,27,3,True,False,True,Presidents',Presidents',iii,iii,
9,regular,2023-10-28 17:00:00+00:00,Mars Hill,UVA Wise,49,18,True,False,True,South Atlantic,South Atlantic,ii,ii,
9,regular,2023-10-28 17:00:00+00:00,Grove City,Bethany (WV),56,14,True,False,True,Presidents',Presidents',iii,iii,
9,regular,2023-10-28 17:00:00+00:00,Bowdoin,Trinity (CT),,,False,False,True,NESCAC,NESCAC,iii,iii,
9,regular,2023-10-28 17:00:00+00:00,Post,Southern Connecticut State,14,35,True,True,False,Independent DII,Northeast 10,ii,ii,
9,regular,2023-10-28 17:00:00+00:00,Ashland,Thomas More,28,20,True,False,False,Great Midwest Athletic,,ii,,
9,regular,2023-10-28 17:00:00+00:00,Lycoming,Juniata,56,10,True,False,False,Landmark Conference,Landmark Conference,iii,iii,
9,regular,2023-10-28 17:00:00+00:00,Fordham,Holy Cross,47,49,True,False,True,Patriot,Patriot,fcs,fcs,
9,regular,2023-10-28 17:00:00+00:00,Maryville (TN),Belhaven,20,7,True,False,True,USA South,USA South,iii,iii,
9,regular,2023-10-28 17:00:00+00:00,Minnesota St Moorhead,Winona State,20,17,True,False,True,Northern Sun,Northern Sun,ii,ii,
9,regular,2023-10-28 17:00:00+00:00,Misericordia,Albright,38,9,True,False,True,Mid Atlantic,Mid Atlantic,iii,iii,
9,regular,2023-10-28 17:00:00+00:00,Northern Michigan,Wayne State (MI),17,41,True,False,True,GLIAC,GLIAC,ii,ii,
9,regular,2023-10-28 17:00:00+00:00,Saint Anselm,Pace,16,23,True,False,True,Northeast 10,Northeast 10,ii,ii,
9,regular,2023-10-28 17:00:00+00:00,Ursinus,McDaniel,49,6,True,False,True,Centennial,Centennial,iii,iii,
9,regular,2023-10-28 17:00:00+00:00,Franklin & Marshall,Kean,40,14,True,False,False,Centennial,New Jersey,iii,iii,
9,regular,2023-10-28 17:00:00+00:00,Ferris State,American International,56,0,True,False,False,GLIAC,Northeast 10,ii,ii,
9,regular,2023-10-28 17:00:00+00:00,William Paterson,Christopher Newport,13,33,True,False,True,New Jersey,New Jersey,iii,iii,
9,regular,2023-10-28 17:00:00+00:00,Berry,Hendrix,53,6,True,False,True,Southern Athletic,Southern Athletic,iii,iii,
9,regular,2023-10-28 17:00:00+00:00,Wayne State (NE),Augustana (SD),14,12,True,False,True,Northern Sun,Northern Sun,ii,ii,
9,regular,2023-10-28 17:00:00+00:00,Wabash,Wittenberg,52,20,True,False,True,North Coast,North Coast,iii,iii,
9,regular,2023-10-28 17:00:00+00:00,Southern Virginia,Greensboro,7,47,True,False,True,USA South,USA South,iii,iii,
9,regular,2023-10-28 17:00:00+00:00,Chowan,West Alabama,6,14,True,False,True,Gulf South,Gulf South,ii,ii,
9,regular,2023-10-28 17:00:00+00:00,Minnesota Duluth,Bemidji State,31,38,True,False,True,Northern Sun,Northern Sun,ii,ii,
9,regular,2023-10-28 17:00:00+00:00,Centre,Sewanee,54,22,True,False,True,Southern Athletic,Southern Athletic,iii,iii,
9,regular,2023-10-28 17:00:00+00:00,Hobart,St. Lawrence,35,0,True,False,True,Liberty League,Liberty League,iii,iii,
9,regular,2023-10-28 17:00:00+00:00,Randolph Macon,Washington and Lee,35,12,True,False,True,Old Dominion,Old Dominion,iii,iii,
9,regular,2023-10-28 17:05:00+00:00,East Stroudsburg,Shippensburg,41,17,True,False,True,Pennsylvania State Athletic,Pennsylvania State Athletic,ii,ii,
9,regular,2023-10-28 17:30:00+00:00,Heidelberg,Wilmington (OH),49,35,True,False,True,Ohio,Ohio,iii,iii,
9,regular,2023-10-28 17:30:00+00:00,Manchester,Defiance College,27,51,True,False,True,Heartland,Heartland,iii,iii,
9,regular,2023-10-28 17:30:00+00:00,Gardner-Webb,UT Martin,38,34,True,False,True,Big South-OVC,Big South-OVC,fcs,fcs,
9,regular,2023-10-28 17:30:00+00:00,Mount Union,Otterbein,51,14,True,False,True,Ohio,Ohio,iii,iii,
9,regular,2023-10-28 17:30:00+00:00,Baldwin Wallace,Capital,59,35,True,False,True,Ohio,Ohio,iii,iii,
9,regular,2023-10-28 17:30:00+00:00,Anderson (IN),Bluffton,7,45,True,False,True,Heartland,Heartland,iii,iii,
9,regular,2023-10-28 17:30:00+00:00,Mount St Joseph,Franklin,55,0,True,False,True,Heartland,Heartland,iii,iii,
9,regular,2023-10-28 17:30:00+00:00,John Carroll,Muskingum,42,13,True,False,True,Ohio,Ohio,iii,iii,
9,regular,2023-10-28 17:30:00+00:00,VMI,Chattanooga,23,24,True,False,True,Southern,Southern,fcs,fcs,
9,regular,2023-10-28 18:00:00+00:00,Buena Vista,Loras,21,49,True,False,True,American Rivers,American Rivers,iii,iii,
9,regular,2023-10-28 18:00:00+00:00,Wingate,Lenoir Rhyne,34,30,True,False,True,South Atlantic,South Atlantic,ii,ii,
9,regular,2023-10-28 18:00:00+00:00,Washington St. Louis,Elmhurst,66,0,True,False,True,CCIW,CCIW,iii,iii,
9,regular,2023-10-28 18:00:00+00:00,North Dakota,Indiana State,36,33,True,False,True,MVFC,MVFC,fcs,fcs,
9,regular,2023-10-28 18:00:00+00:00,Colorado School of Mines,Western Colorado,42,7,True,False,True,Rocky Mountain,Rocky Mountain,ii,ii,
9,regular,2023-10-28 18:00:00+00:00,Carthage,Carroll (WI),30,27,True,False,True,CCIW,CCIW,iii,iii,
9,regular,2023-10-28 18:00:00+00:00,Knox,Cornell (IA),21,28,True,False,True,Midwest,Midwest,iii,iii,
9,regular,2023-10-28 18:00:00+00:00,Carleton,Bethel (MN),0,40,True,False,True,Minnesota,Minnesota,iii,iii,
9,regular,2023-10-28 18:00:00+00:00,Augsburg,Concordia (MN),10,30,True,False,True,Minnesota,Minnesota,iii,iii,
9,regular,2023-10-28 18:00:00+00:00,Kutztown,Millersville,17,12,True,False,True,Pennsylvania State Athletic,Pennsylvania State Athletic,ii,ii,
9,regular,2023-10-28 18:00:00+00:00,Allen,Edward Waters,59,21,True,False,True,SIAC,SIAC,ii,ii,
9,regular,2023-10-28 18:00:00+00:00,NC State,Clemson,24,17,True,False,True,ACC,ACC,fbs,fbs,
9,regular,2023-10-28 18:00:00+00:00,Norfolk State,Morgan State,28,32,True,False,True,MEAC,MEAC,fcs,fcs,
9,regular,2023-10-28 18:00:00+00:00,Wartburg,Central College,24,14,True,False,True,American Rivers,American Rivers,iii,iii,
9,regular,2023-10-28 18:00:00+00:00,East Texas Baptist,Sul Ross State,24,10,True,False,True,American Southwest,American Southwest,iii,iii,
9,regular,2023-10-28 18:00:00+00:00,Howard Payne,Texas Lutheran,31,27,True,False,True,American Southwest,American Southwest,iii,iii,
9,regular,2023-10-28 18:00:00+00:00,McMurry,Austin,51,13,True,False,True,American Southwest,American Southwest,iii,iii,
9,regular,2023-10-28 18:00:00+00:00,South Dakota,South Dakota State,3,37,True,False,True,MVFC,MVFC,fcs,fcs,
9,regular,2023-10-28 18:00:00+00:00,Virginia State,Lincoln (PA),75,25,True,False,True,CIAA,CIAA,ii,ii,
9,regular,2023-10-28 18:00:00+00:00,Missouri S&T,William Jewell,57,20,True,False,True,Great Lakes,Great Lakes,ii,ii,
9,regular,2023-10-28 18:00:00+00:00,Southwest Baptist,Truman State,20,17,True,False,True,Great Lakes,Great Lakes,ii,ii,
9,regular,2023-10-28 18:00:00+00:00,Ohio Northern,Marietta,17,21,True,False,True,Ohio,Ohio,iii,iii,
9,regular,2023-10-28 18:00:00+00:00,Furman,East Tennessee State,16,8,True,False,True,Southern,Southern,fcs,fcs,
9,regular,2023-10-28 18:00:00+00:00,North Greenville,Mississippi College,34,10,True,False,True,Gulf South,Gulf South,ii,ii,
9,regular,2023-10-28 18:00:00+00:00,Ripon,Monmouth (IL),3,45,True,False,True,Midwest,Midwest,iii,iii,
9,regular,2023-10-28 18:00:00+00:00,Wisconsin Stout,Wisconsin River Falls,35,49,True,False,True,Wisconsin,Wisconsin,iii,iii,
9,regular,2023-10-28 18:00:00+00:00,Muhlenberg,Johns Hopkins,28,34,True,False,True,Centennial,Centennial,iii,iii,
9,regular,2023-10-28 18:00:00+00:00,Youngstown State,Missouri State,44,28,True,False,True,MVFC,MVFC,fcs,fcs,
9,regular,2023-10-28 18:00:00+00:00,Hampton,North Carolina A&T,26,24,True,False,True,Coastal Athletic,Coastal Athletic,fcs,fcs,
9,regular,2023-10-28 18:00:00+00:00,St. Thomas (MN),Marist,49,14,True,False,True,Pioneer,Pioneer,fcs,fcs,
9,regular,2023-10-28 18:00:00+00:00,Bentley,Franklin Pierce,12,10,True,False,True,Northeast 10,Northeast 10,ii,ii,
9,regular,2023-10-28 18:00:00+00:00,Chicago,Lawrence,55,12,True,False,True,Midwest,Midwest,iii,iii,
9,regular,2023-10-28 18:00:00+00:00,Northwestern (MN),Martin Luther,21,14,True,False,True,Upper Midwest,Upper Midwest,iii,iii,
9,regular,2023-10-28 18:00:00+00:00,North Park,North Central College,0,56,True,False,True,CCIW,CCIW,iii,iii,
9,regular,2023-10-28 18:00:00+00:00,SUNY Maritime,Coast Guard,24,21,True,False,True,NEWMAC,NEWMAC,iii,iii,
9,regular,2023-10-28 18:00:00+00:00,St. Olaf,Gustavus Adolphus,40,41,True,False,True,Minnesota,Minnesota,iii,iii,
9,regular,2023-10-28 18:00:00+00:00,Concord,West Virginia Wesleyan,38,9,True,False,True,Mountain East,Mountain East,ii,ii,
9,regular,2023-10-28 18:00:00+00:00,Millikin,Wheaton (IL),0,75,True,False,True,CCIW,CCIW,iii,iii,
9,regular,2023-10-28 18:00:00+00:00,Washburn,Northwest Missouri State,31,52,True,False,True,Mid America,Mid America,ii,ii,
9,regular,2023-10-28 18:00:00+00:00,Fort Hays,Central Oklahoma,34,0,True,False,True,Mid America,Mid America,ii,ii,
9,regular,2023-10-28 18:00:00+00:00,New Mexico Highlands,Chadron State,21,24,True,False,True,Rocky Mountain,Rocky Mountain,ii,ii,
9,regular,2023-10-28 18:00:00+00:00,Coe,Luther,64,2,True,False,True,American Rivers,American Rivers,iii,iii,
9,regular,2023-10-28 18:00:00+00:00,Tuskegee,Clark Atlanta,14,3,True,False,True,SIAC,SIAC,ii,ii,
9,regular,2023-10-28 18:00:00+00:00,Illinois Wesleyan,Augustana (IL),14,44,True,False,True,CCIW,CCIW,iii,iii,
9,regular,2023-10-28 18:00:00+00:00,Saint John's (MN),St. Scholastica,62,7,True,False,True,Minnesota,Minnesota,iii,iii,
9,regular,2023-10-28 18:00:00+00:00,Johnson C. Smith,Winston-Salem State,35,31,True,False,True,CIAA,CIAA,ii,ii,
9,regular,2023-10-28 18:00:00+00:00,Hamline,Macalester,38,27,True,False,True,Minnesota,Minnesota,iii,iii,
9,regular,2023-10-28 18:00:00+00:00,Rockford,Aurora,10,77,True,False,True,NACC,NACC,iii,iii,
9,regular,2023-10-28 18:00:00+00:00,Hardin Simmons,Mary Hardin Baylor,24,14,True,False,True,American Southwest,American Southwest,iii,iii,
9,regular,2023-10-28 18:00:00+00:00,Fort Valley State,Virginia Lynchburg,37,26,True,False,False,SIAC,,ii,,
9,regular,2023-10-28 18:00:00+00:00,IU Pennsylvania,Gannon,15,16,True,False,True,Pennsylvania State Athletic,Pennsylvania State Athletic,ii,ii,
9,regular,2023-10-28 18:00:00+00:00,Concordia Chicago,St. Norbert,7,56,True,False,True,NACC,NACC,iii,iii,
9,regular,2023-10-28 18:00:00+00:00,Lake Forest,Beloit,41,0,True,False,True,Midwest,Midwest,iii,iii,
9,regular,2023-10-28 18:00:00+00:00,Minnesota State,Southwest Minnesota State,30,12,True,False,True,Northern Sun,Northern Sun,ii,ii,
9,regular,2023-10-28 18:00:00+00:00,Missouri Western,Northeastern State,44,0,True,False,True,Mid America,Mid America,ii,ii,
9,regular,2023-10-28 18:00:00+00:00,Rose Hulman,Hanover,44,39,True,False,True,Heartland,Heartland,iii,iii,
9,regular,2023-10-28 18:00:00+00:00,Bridgewater,Ferrum,48,16,True,False,True,Old Dominion,Old Dominion,iii,iii,
9,regular,2023-10-28 18:00:00+00:00,Rhodes,Birmingham-Southern,34,8,True,False,True,Southern Athletic,Southern Athletic,iii,iii,
9,regular,2023-10-28 18:00:00+00:00,Bloomsburg,Shepherd,14,10,True,False,True,Pennsylvania State Athletic,Pennsylvania State Athletic,ii,ii,
9,regular,2023-10-28 18:00:00+00:00,Villanova,Stony Brook,48,13,True,False,True,Coastal Athletic,Coastal Athletic,fcs,fcs,
9,regular,2023-10-28 18:00:00+00:00,Morehouse,Kentucky State,21,23,True,False,True,SIAC,SIAC,ii,ii,
9,regular,2023-10-28 18:00:00+00:00,Eureka,Concordia (WI),21,35,True,False,True,NACC,NACC,iii,iii,
9,regular,2023-10-28 18:00:00+00:00,Wooster,Hiram,47,14,True,False,True,North Coast,North Coast,iii,iii,
9,regular,2023-10-28 18:00:00+00:00,Wisconsin Whitewater,Wisconsin Platteville,45,23,True,False,True,Wisconsin,Wisconsin,iii,iii,
9,regular,2023-10-28 18:00:00+00:00,Hillsdale,Lake Erie,52,21,True,False,True,Great Midwest Athletic,Great Midwest Athletic,ii,ii,
9,regular,2023-10-28 18:00:00+00:00,Fort Lewis,Black Hills State,20,34,True,False,True,Rocky Mountain,Rocky Mountain,ii,ii,
9,regular,2023-10-28 18:00:00+00:00,Wisconsin Lutheran,Benedictine (IL),24,34,True,False,True,NACC,NACC,iii,iii,
9,regular,2023-10-28 18:00:00+00:00,Illinois College,Grinnell,93,0,True,False,True,Midwest,Midwest,iii,iii,
9,regular,2023-10-28 18:00:00+00:00,Brockport,Utica,38,3,True,False,True,Empire 8,Empire 8,iii,iii,
9,regular,2023-10-28 18:00:00+00:00,Minnesota Morris,Crown,56,23,True,False,True,Upper Midwest,Upper Midwest,iii,iii,
9,regular,2023-10-28 18:30:00+00:00,Hartwick,SUNY Cortland,7,73,True,False,True,Empire 8,Empire 8,iii,iii,
9,regular,2023-10-28 18:30:00+00:00,Western Carolina,Mercer,38,45,True,False,True,Southern,Southern,fcs,fcs,
9,regular,2023-10-28 18:35:00+00:00,Wisconsin Oshkosh,Wisconsin Stevens Point,66,28,True,False,True,Wisconsin,Wisconsin,iii,iii,
9,regular,2023-10-28 19:00:00+00:00,CSU Pueblo,Colorado Mesa,59,20,True,False,True,Rocky Mountain,Rocky Mountain,ii,ii,
9,regular,2023-10-28 19:00:00+00:00,Montana,Northern Colorado,40,0,True,False,True,Big Sky,Big Sky,fcs,fcs,
9,regular,2023-10-28 19:00:00+00:00,Southern Arkansas,Southwestern Oklahoma State,41,10,True,False,True,Great American,Great American,ii,ii,
9,regular,2023-10-28 19:00:00+00:00,Houston Christian,East Texas A&M,17,13,True,False,True,Southland,Southland,fcs,fcs,
9,regular,2023-10-28 19:00:00+00:00,Nicholls,Southeast Missouri State,31,35,True,False,False,Southland,Big South-OVC,fcs,fcs,
9,regular,2023-10-28 19:00:00+00:00,Carson Newman,Emory & Henry,37,7,True,False,True,South Atlantic,South Atlantic,ii,ii,
9,regular,2023-10-28 19:00:00+00:00,Tennessee State,Lindenwood,43,20,True,False,True,Big South-OVC,Big South-OVC,fcs,fcs,
9,regular,2023-10-28 19:00:00+00:00,Alcorn State,Mississippi Valley State,24,3,True,False,True,SWAC,SWAC,fcs,fcs,
9,regular,2023-10-28 19:00:00+00:00,Southern Utah,Abilene Christian,52,14,True,False,True,UAC,UAC,fcs,fcs,
9,regular,2023-10-28 19:00:00+00:00,Adrian,Albion,21,34,True,False,True,Michigan,Michigan,iii,iii,
9,regular,2023-10-28 19:00:00+00:00,Oklahoma Baptist,Arkansas Monticello,28,7,True,False,True,Great American,Great American,ii,ii,
9,regular,2023-10-28 19:00:00+00:00,Kennesaw State,Lincoln (CA),28,12,True,False,False,FCS Independents,,fcs,,
9,regular,2023-10-28 19:00:00+00:00,Grambling,Bethune-Cookman,28,14,True,False,True,SWAC,SWAC,fcs,fcs,
9,regular,2023-10-28 19:00:00+00:00,East Central,Arkansas Tech,16,18,True,False,True,Great American,Great American,ii,ii,
9,regular,2023-10-28 19:00:00+00:00,Samford,The Citadel,37,7,True,False,True,Southern,Southern,fcs,fcs,
9,regular,2023-10-28 19:00:00+00:00,Arkansas-Pine Bluff,Jackson State,14,40,True,False,True,SWAC,SWAC,fcs,fcs,
9,regular,2023-10-28 19:00:00+00:00,North Texas,Memphis,42,45,True,False,True,American Athletic,American Athletic,fbs,fbs,
9,regular,2023-10-28 19:00:00+00:00,Grand Valley State,Michigan Tech,44,13,True,False,True,GLIAC,GLIAC,ii,ii,
9,regular,2023-10-28 19:00:00+00:00,UNC Pembroke,Glenville State,49,0,True,False,True,Mountain East,Mountain East,ii,ii,
9,regular,2023-10-28 19:00:00+00:00,Savannah State,Benedict,17,38,True,False,True,SIAC,SIAC,ii,ii,
9,regular,2023-10-28 19:00:00+00:00,Emporia State,Nebraska Kearney,39,17,True,False,True,Mid America,Mid America,ii,ii,
9,regular,2023-10-28 19:00:00+00:00,Southeastern Oklahoma State,Harding,0,55,True,False,True,Great American,Great American,ii,ii,
9,regular,2023-10-28 19:00:00+00:00,Pittsburg State,Sioux Falls,55,6,True,False,False,Mid America,Northern Sun,ii,ii,
9,regular,2023-10-28 19:00:00+00:00,LaGrange,Brevard,20,30,True,False,True,USA South,USA South,iii,iii,
9,regular,2023-10-28 19:00:00+00:00,Henderson State,Northwestern (OK),51,0,True,False,True,Great American,Great American,ii,ii,
9,regular,2023-10-28 19:00:00+00:00,Adams State,South Dakota Mines,9,63,True,False,True,Rocky Mountain,Rocky Mountain,ii,ii,
9,regular,2023-10-28 19:00:00+00:00,Missouri Southern State,Central Missouri,21,42,True,False,True,Mid America,Mid America,ii,ii,
9,regular,2023-10-28 19:30:00+00:00,Florida,Georgia,20,43,True,True,True,SEC,SEC,fbs,fbs,
9,regular,2023-10-28 19:30:00+00:00,UTSA,East Carolina,41,27,True,False,True,American Athletic,American Athletic,fbs,fbs,
9,regular,2023-10-28 19:30:00+00:00,Miami,Virginia,29,26,True,False,True,ACC,ACC,fbs,fbs,
9,regular,2023-10-28 19:30:00+00:00,Utah,Oregon,6,35,True,False,True,Pac-12,Pac-12,fbs,fbs,
9,regular,2023-10-28 19:30:00+00:00,Nebraska,Purdue,31,14,True,False,True,Big Ten,Big Ten,fbs,fbs,
9,regular,2023-10-28 19:30:00+00:00,Louisville,Duke,23,0,True,False,True,ACC,ACC,fbs,fbs,
9,regular,2023-10-28 19:30:00+00:00,Texas,BYU,35,6,True,False,True,Big 12,Big 12,fbs,fbs,
9,regular,2023-10-28 19:30:00+00:00,Auburn,Mississippi State,27,13,True,False,True,SEC,SEC,fbs,fbs,
9,regular,2023-10-28 19:30:00+00:00,Baylor,Iowa State,18,30,True,False,True,Big 12,Big 12,fbs,fbs,
9,regular,2023-10-28 19:30:00+00:00,Notre Dame,Pittsburgh,58,7,True,False,False,FBS Independents,ACC,fbs,fbs,
9,regular,2023-10-28 19:30:00+00:00,Minnesota,Michigan State,27,12,True,False,True,Big Ten,Big Ten,fbs,fbs,
9,regular,2023-10-28 19:30:00+00:00,App State,Southern Miss,48,38,True,False,True,Sun Belt,Sun Belt,fbs,fbs,
9,regular,2023-10-28 19:30:00+00:00,Alabama State,Alabama A&M,31,16,True,True,True,SWAC,SWAC,fcs,fcs,
9,regular,2023-10-28 19:30:00+00:00,Ohio,Miami (OH),16,30,True,False,True,Mid-American,Mid-American,fbs,fbs,
9,regular,2023-10-28 19:30:00+00:00,Richmond,Campbell,44,13,True,False,True,Coastal Athletic,Coastal Athletic,fcs,fcs,
9,regular,2023-10-28 19:30:00+00:00,North Dakota State,Murray State,38,6,True,False,True,MVFC,MVFC,fcs,fcs,
9,regular,2023-10-28 20:00:00+00:00,Rice,Tulane,28,30,True,False,True,American Athletic,American Athletic,fbs,fbs,
9,regular,2023-10-28 20:00:00+00:00,Harvard,Dartmouth,17,9,True,False,True,Ivy,Ivy,fcs,fcs,
9,regular,2023-10-28 20:00:00+00:00,Catawba,Barton,32,27,True,False,True,South Atlantic,South Atlantic,ii,ii,
9,regular,2023-10-28 20:00:00+00:00,Austin Peay,North Alabama,49,39,True,False,True,UAC,UAC,fcs,fcs,
9,regular,2023-10-28 20:00:00+00:00,Livingstone,St. Augustine's,34,14,True,False,True,CIAA,CIAA,ii,ii,
9,regular,2023-10-28 20:00:00+00:00,West Florida,Valdosta State,28,31,True,True,True,Gulf South,Gulf South,ii,ii,
9,regular,2023-10-28 20:00:00+00:00,Idaho,Montana State,24,21,True,False,True,Big Sky,Big Sky,fcs,fcs,
9,regular,2023-10-28 20:00:00+00:00,Claremont Mudd Scripps,Chapman,10,14,True,False,True,So. Cal.,So. Cal.,iii,iii,
9,regular,2023-10-28 20:00:00+00:00,Northern Arizona,UC Davis,38,21,True,False,True,Big Sky,Big Sky,fcs,fcs,
9,regular,2023-10-28 20:00:00+00:00,Charleston Southern,Bryant,24,47,True,False,True,Big South-OVC,Big South-OVC,fcs,fcs,
9,regular,2023-10-28 20:00:00+00:00,Portland State,Eastern Washington,47,35,True,False,True,Big Sky,Big Sky,fcs,fcs,
9,regular,2023-10-28 20:00:00+00:00,Western Illinois,Southern Illinois,0,63,True,False,True,MVFC,MVFC,fcs,fcs,
9,regular,2023-10-28 20:00:00+00:00,Lewis & Clark,Whitworth,21,63,True,False,True,Northwest,Northwest,iii,iii,
9,regular,2023-10-28 20:00:00+00:00,Quincy,McKendree,34,41,True,False,True,Great Lakes,Great Lakes,ii,ii,
9,regular,2023-10-28 20:00:00+00:00,Lamar,Incarnate Word,7,17,True,False,True,Southland,Southland,fcs,fcs,
9,regular,2023-10-28 20:00:00+00:00,Willamette,Puget Sound,21,40,True,False,True,Northwest,Northwest,iii,iii,
9,regular,2023-10-28 20:00:00+00:00,Florida A&M,Prairie View A&M,45,7,True,False,True,SWAC,SWAC,fcs,fcs,
9,regular,2023-10-28 20:00:00+00:00,Linfield,Pacific (OR),42,27,True,False,True,Northwest,Northwest,iii,iii,
9,regular,2023-10-28 20:00:00+00:00,Vermont State Castleton,Dean,18,19,True,False,True,ECFC,ECFC,iii,iii,
9,regular,2023-10-28 20:00:00+00:00,California,USC,49,50,True,False,True,Pac-12,Pac-12,fbs,fbs,
9,regular,2023-10-28 21:00:00+00:00,Montclair State,Rowan,14,21,True,False,True,New Jersey,New Jersey,iii,iii,
9,regular,2023-10-28 21:00:00+00:00,San Diego,Morehead State,17,11,True,False,True,Pioneer,Pioneer,fcs,fcs,
9,regular,2023-10-28 21:00:00+00:00,South Alabama,Louisiana,20,33,True,False,True,Sun Belt,Sun Belt,fbs,fbs,
9,regular,2023-10-28 21:00:00+00:00,Southern,Texas Southern,23,17,True,False,True,SWAC,SWAC,fcs,fcs,
9,regular,2023-10-28 21:00:00+00:00,Simpson (IA),Dubuque,21,45,True,False,True,American Rivers,American Rivers,iii,iii,
9,regular,2023-10-28 21:00:00+00:00,UL Monroe,Arkansas State,24,34,True,False,True,Sun Belt,Sun Belt,fbs,fbs,
9,regular,2023-10-28 21:00:00+00:00,Central Arkansas,Tarleton State,23,25,True,False,True,UAC,UAC,fcs,fcs,
9,regular,2023-10-28 21:30:00+00:00,Boise State,Wyoming,32,7,True,False,True,Mountain West,Mountain West,fbs,fbs,
9,regular,2023-10-28 22:00:00+00:00,Washington & Jefferson,Case Western Reserve,38,33,True,False,True,Presidents',Presidents',iii,iii,
9,regular,2023-10-28 22:00:00+00:00,Methodist,North Carolina Wesleyan,3,27,True,False,True,USA South,USA South,iii,iii,
9,regular,2023-10-28 22:00:00+00:00,Indianapolis,Upper Iowa,35,7,True,False,False,Great Lakes,Northern Sun,ii,ii,
9,regular,2023-10-28 22:00:00+00:00,Coastal Carolina,Marshall,34,6,True,False,True,Sun Belt,Sun Belt,fbs,fbs,
9,regular,2023-10-28 23:00:00+00:00,Kentucky Wesleyan,Northwood,13,28,True,False,True,Great Midwest Athletic,Great Midwest Athletic,ii,ii,
9,regular,2023-10-28 23:00:00+00:00,UT Permian Basin,Western Oregon,28,16,True,False,True,Lone Star,Lone Star,ii,ii,
9,regular,2023-10-28 23:00:00+00:00,Davidson,Presbyterian,45,28,True,False,True,Pioneer,Pioneer,fcs,fcs,
9,regular,2023-10-28 23:00:00+00:00,Texas State,Troy,13,31,True,False,True,Sun Belt,Sun Belt,fbs,fbs,
9,regular,2023-10-28 23:00:00+00:00,Stanford,Washington,33,42,True,False,True,Pac-12,Pac-12,fbs,fbs,
9,regular,2023-10-28 23:00:00+00:00,Colorado State,Air Force,13,30,True,False,True,Mountain West,Mountain West,fbs,fbs,
9,regular,2023-10-28 23:00:00+00:00,Kentucky,Tennessee,27,33,True,False,True,SEC,SEC,fbs,fbs,
9,regular,2023-10-28 23:00:00+00:00,George Fox,Pacific Lutheran,35,25,True,False,True,Northwest,Northwest,iii,iii,
9,regular,2023-10-28 23:30:00+00:00,Ole Miss,Vanderbilt,33,7,True,False,True,SEC,SEC,fbs,fbs,
9,regular,2023-10-28 23:30:00+00:00,UCLA,Colorado,28,16,True,False,True,Pac-12,Pac-12,fbs,fbs,
9,regular,2023-10-28 23:30:00+00:00,Wisconsin,Ohio State,10,24,True,False,True,Big Ten,Big Ten,fbs,fbs,
9,regular,2023-10-29 00:00:00+00:00,Oklahoma State,Cincinnati,45,13,True,False,True,Big 12,Big 12,fbs,fbs,
9,regular,2023-10-29 00:00:00+00:00,McNeese,Northwestern State,1,0,True,False,True,Southland,Southland,fcs,fcs,
9,regular,2023-10-29 00:00:00+00:00,Utah Tech,Eastern Kentucky,30,34,True,False,True,UAC,UAC,fcs,fcs,
9,regular,2023-10-29 00:00:00+00:00,West Texas,Angelo State,10,27,True,False,True,Lone Star,Lone Star,ii,ii,
9,regular,2023-10-29 00:00:00+00:00,Texas A&M-Kingsville,Central Washington,17,21,True,False,True,Lone Star,Lone Star,ii,ii,
9,regular,2023-10-29 00:00:00+00:00,James Madison,Old Dominion,30,27,True,False,True,Sun Belt,Sun Belt,fbs,fbs,
9,regular,2023-10-29 00:00:00+00:00,Arizona State,Washington State,38,27,True,False,True,Pac-12,Pac-12,fbs,fbs,
9,regular,2023-10-29 00:00:00+00:00,Georgia Tech,North Carolina,46,42,True,False,True,ACC,ACC,fbs,fbs,
9,regular,2023-10-29 00:00:00+00:00,Midwestern State,Western New Mexico,56,7,True,False,True,Lone Star,Lone Star,ii,ii,
9,regular,2023-10-29 01:00:00+00:00,Sacramento State,Idaho State,51,16,True,False,True,Big Sky,Big Sky,fcs,fcs,
9,regular,2023-10-29 02:00:00+00:00,Redlands,La Verne,40,12,True,False,True,So. Cal.,So. Cal.,iii,iii,
9,regular,2023-10-29 02:00:00+00:00,Cal Lutheran,Pomona Pitzer,24,38,True,False,True,So. Cal.,So. Cal.,iii,iii,
9,regular,2023-10-29 02:30:00+00:00,Nevada,New Mexico,34,24,True,False,True,Mountain West,Mountain West,fbs,fbs,
9,regular,2023-10-29 02:30:00+00:00,Fresno State,UNLV,31,24,True,False,True,Mountain West,Mountain West,fbs,fbs,
9,regular,2023-10-29 02:30:00+00:00,Arizona,Oregon State,27,24,True,False,True,Pac-12,Pac-12,fbs,fbs,
9,regular,2023-10-29 03:59:00+00:00,Hawai'i,San José State,0,35,True,False,True,Mountain West,Mountain West,fbs,fbs,
9,regular,2023-10-30 19:00:00+00:00,Worcester State,Western Connecticut State,10,58,True,False,True,MSCAC,MSCAC,iii,iii,
10,regular,2023-10-31 23:00:00+00:00,Central Michigan,Northern Illinois,37,31,True,False,True,Mid-American,Mid-American,fbs,fbs,
10,regular,2023-10-31 23:30:00+00:00,Toledo,Buffalo,31,13,True,False,True,Mid-American,Mid-American,fbs,fbs,
10,regular,2023-11-01 23:00:00+00:00,Bowling Green,Ball State,24,21,True,False,True,Mid-American,Mid-American,fbs,fbs,
10,regular,2023-11-01 23:30:00+00:00,Akron,Kent State,31,27,True,False,True,Mid-American,Mid-American,fbs,fbs,
10,regular,2023-11-02 23:00:00+00:00,Texas Tech,TCU,35,28,True,False,True,Big 12,Big 12,fbs,fbs,
10,regular,2023-11-02 23:00:00+00:00,Charleston (WV),West Liberty,42,17,True,False,True,Mountain East,Mountain East,ii,ii,
10,regular,2023-11-02 23:30:00+00:00,Duke,Wake Forest,24,21,True,False,True,ACC,ACC,fbs,fbs,
10,regular,2023-11-02 23:30:00+00:00,Troy,South Alabama,28,10,True,False,True,Sun Belt,Sun Belt,fbs,fbs,
10,regular,2023-11-02 23:30:00+00:00,Bethune-Cookman,Mississippi Valley State,20,7,True,False,True,SWAC,SWAC,fcs,fcs,
10,regular,2023-11-03 23:00:00+00:00,Dartmouth,Princeton,23,21,True,False,True,Ivy,Ivy,fcs,fcs,
10,regular,2023-11-03 23:30:00+00:00,Syracuse,Boston College,10,17,True,False,True,ACC,ACC,fbs,fbs,
10,regular,2023-11-04 00:00:00+00:00,Wyoming,Colorado State,24,15,True,False,True,Mountain West,Mountain West,fbs,fbs,
10,regular,2023-11-04 16:00:00+00:00,The College of New Jersey,William Paterson,31,14,True,False,True,New Jersey,New Jersey,iii,iii,
10,regular,2023-11-04 16:00:00+00:00,UVA Wise,Carson Newman,7,52,True,False,True,South Atlantic,South Atlantic,ii,ii,
10,regular,2023-11-04 16:00:00+00:00,Walsh,Hillsdale,3,28,True,False,True,Great Midwest Athletic,Great Midwest Athletic,ii,ii,
10,regular,2023-11-04 16:00:00+00:00,Clarion,IU Pennsylvania,27,39,True,False,True,Pennsylvania State Athletic,Pennsylvania State Athletic,ii,ii,
10,regular,2023-11-04 16:00:00+00:00,Lebanon Valley,FDU Florham,21,28,True,False,True,Mid Atlantic,Mid Atlantic,iii,iii,
10,regular,2023-11-04 16:00:00+00:00,Davenport,Ferris State,10,28,True,False,True,GLIAC,GLIAC,ii,ii,
10,regular,2023-11-04 16:00:00+00:00,Framingham State,Bridgewater State,7,21,True,False,True,MSCAC,MSCAC,iii,iii,
10,regular,2023-11-04 16:00:00+00:00,SUNY Cortland,Brockport,41,17,True,False,True,Empire 8,Empire 8,iii,iii,
10,regular,2023-11-04 16:00:00+00:00,Rutgers,Ohio State,16,35,True,False,True,Big Ten,Big Ten,fbs,fbs,
10,regular,2023-11-04 16:00:00+00:00,Hiram,Wabash,13,52,True,False,True,North Coast,North Coast,iii,iii,
10,regular,2023-11-04 16:00:00+00:00,Edinboro,Slippery Rock,18,56,True,False,True,Pennsylvania State Athletic,Pennsylvania State Athletic,ii,ii,
10,regular,2023-11-04 16:00:00+00:00,West Chester,Kutztown,17,27,True,False,True,Pennsylvania State Athletic,Pennsylvania State Athletic,ii,ii,
10,regular,2023-11-04 16:00:00+00:00,Presbyterian,San Diego,13,23,True,False,True,Pioneer,Pioneer,fcs,fcs,
10,regular,2023-11-04 16:00:00+00:00,Texas,Kansas State,33,30,True,False,True,Big 12,Big 12,fbs,fbs,
10,regular,2023-11-04 16:00:00+00:00,Sacred Heart,Central Connecticut,31,24,True,False,True,NEC,NEC,fcs,fcs,
10,regular,2023-11-04 16:00:00+00:00,Millersville,Bloomsburg,31,34,True,False,True,Pennsylvania State Athletic,Pennsylvania State Athletic,ii,ii,
10,regular,2023-11-04 16:00:00+00:00,Saint Anselm,Franklin Pierce,24,17,True,False,True,Northeast 10,Northeast 10,ii,ii,
10,regular,2023-11-04 16:00:00+00:00,Michigan State,Nebraska,20,17,True,False,True,Big Ten,Big Ten,fbs,fbs,
10,regular,2023-11-04 16:00:00+00:00,Wheeling,West Virginia State,29,22,True,False,True,Mountain East,Mountain East,ii,ii,
10,regular,2023-11-04 16:00:00+00:00,North Carolina,Campbell,59,7,True,False,False,ACC,Coastal Athletic,fbs,fcs,
10,regular,2023-11-04 16:00:00+00:00,Bentley,Assumption,31,6,True,False,True,Northeast 10,Northeast 10,ii,ii,
10,regular,2023-11-04 16:00:00+00:00,Ole Miss,Texas A&M,38,35,True,False,True,SEC,SEC,fbs,fbs,
10,regular,2023-11-04 16:00:00+00:00,Clemson,Notre Dame,31,23,True,False,False,ACC,FBS Independents,fbs,fbs,
10,regular,2023-11-04 16:00:00+00:00,Tennessee,UConn,59,3,True,False,False,SEC,FBS Independents,fbs,fbs,
10,regular,2023-11-04 16:00:00+00:00,Florida,Arkansas,36,39,True,False,True,SEC,SEC,fbs,fbs,
10,regular,2023-11-04 16:00:00+00:00,Stevenson,King's,8,16,True,False,True,Mid Atlantic,Mid Atlantic,iii,iii,
10,regular,2023-11-04 16:00:00+00:00,Endicott,Curry,48,6,True,False,True,Commonwealth Coast,Commonwealth Coast,iii,iii,
10,regular,2023-11-04 16:00:00+00:00,Saint Francis,Long Island University,28,29,True,False,True,NEC,NEC,fcs,fcs,
10,regular,2023-11-04 16:00:00+00:00,Gallaudet,Dean,38,16,True,False,True,ECFC,ECFC,iii,iii,
10,regular,2023-11-04 16:00:00+00:00,Brown,Yale,17,36,True,False,True,Ivy,Ivy,fcs,fcs,
10,regular,2023-11-04 16:00:00+00:00,Wagner,Duquesne,26,34,True,False,True,NEC,NEC,fcs,fcs,
10,regular,2023-11-04 16:00:00+00:00,Norwich,Springfield,7,58,True,False,True,NEWMAC,NEWMAC,iii,iii,
10,regular,2023-11-04 16:00:00+00:00,Gannon,California (PA),17,34,True,False,True,Pennsylvania State Athletic,Pennsylvania State Athletic,ii,ii,
10,regular,2023-11-04 16:00:00+00:00,Shepherd,East Stroudsburg,44,17,True,False,True,Pennsylvania State Athletic,Pennsylvania State Athletic,ii,ii,
10,regular,2023-11-04 16:00:00+00:00,North Carolina Wesleyan,Maryville (TN),14,49,True,False,True,USA South,USA South,iii,iii,
10,regular,2023-11-04 16:00:00+00:00,Wilkes,Catholic,35,40,True,False,False,Landmark Conference,Landmark Conference,iii,iii,
10,regular,2023-11-04 16:00:00+00:00,Lycoming,Moravian,31,20,True,False,True,Landmark Conference,Landmark Conference,iii,iii,
10,regular,2023-11-04 16:00:00+00:00,Alfred State,Vermont State Castleton,44,8,True,False,True,ECFC,ECFC,iii,iii,
10,regular,2023-11-04 16:00:00+00:00,American International,Post,41,17,True,False,False,Northeast 10,Independent DII,ii,ii,
10,regular,2023-11-04 16:00:00+00:00,Lehigh,Holy Cross,24,28,True,False,True,Patriot,Patriot,fcs,fcs,
10,regular,2023-11-04 16:00:00+00:00,Fitchburg State,Western Connecticut State,0,54,True,False,True,MSCAC,MSCAC,iii,iii,
10,regular,2023-11-04 16:00:00+00:00,Marist,Drake,3,10,True,False,True,Pioneer,Pioneer,fcs,fcs,
10,regular,2023-11-04 16:00:00+00:00,Juniata,Keystone,35,42,True,False,False,Landmark Conference,Landmark Conference,iii,iii,
10,regular,2023-11-04 16:00:00+00:00,Plymouth State,Mass Maritime,31,21,True,False,True,MSCAC,MSCAC,iii,iii,
10,regular,2023-11-04 16:00:00+00:00,Westfield State,Worcester State,30,12,True,False,True,MSCAC,MSCAC,iii,iii,
10,regular,2023-11-04 16:00:00+00:00,South Carolina,Jacksonville State,38,28,True,False,False,SEC,Conference USA,fbs,fbs,
10,regular,2023-11-04 16:00:00+00:00,Indiana,Wisconsin,20,14,True,False,True,Big Ten,Big Ten,fbs,fbs,
10,regular,2023-11-04 16:30:00+00:00,Hamilton,Middlebury,7,41,True,False,True,NESCAC,NESCAC,iii,iii,
10,regular,2023-11-04 16:30:00+00:00,Lafayette,Colgate,34,37,True,False,True,Patriot,Patriot,fcs,fcs,
10,regular,2023-11-04 16:30:00+00:00,Columbia,Harvard,24,38,True,False,True,Ivy,Ivy,fcs,fcs,
10,regular,2023-11-04 17:00:00+00:00,Tusculum,Mars Hill,29,27,True,False,True,South Atlantic,South Atlantic,ii,ii,
10,regular,2023-11-04 17:00:00+00:00,Sam Houston,Kennesaw State,24,21,True,False,False,Conference USA,FCS Independents,fbs,fcs,
10,regular,2023-11-04 17:00:00+00:00,Bowdoin,Amherst,23,27,True,False,True,NESCAC,NESCAC,iii,iii,
10,regular,2023-11-04 17:00:00+00:00,Michigan Tech,Minot State,37,3,True,False,False,GLIAC,Northern Sun,ii,ii,
10,regular,2023-11-04 17:00:00+00:00,Greenville,Kalamazoo,23,33,True,False,False,Upper Midwest,Michigan,iii,iii,
10,regular,2023-11-04 17:00:00+00:00,Western New England,Nichols,69,28,True,False,True,Commonwealth Coast,Commonwealth Coast,iii,iii,
10,regular,2023-11-04 17:00:00+00:00,Pennsylvania,Cornell,23,8,True,False,True,Ivy,Ivy,fcs,fcs,
10,regular,2023-11-04 17:00:00+00:00,Misericordia,Delaware Valley,6,28,True,False,True,Mid Atlantic,Mid Atlantic,iii,iii,
10,regular,2023-11-04 17:00:00+00:00,Northwestern (MN),Westminster (MO),36,18,True,False,True,Upper Midwest,Upper Midwest,iii,iii,
10,regular,2023-11-04 17:00:00+00:00,New England,Husson,27,30,True,False,True,Commonwealth Coast,Commonwealth Coast,iii,iii,
10,regular,2023-11-04 17:00:00+00:00,Bethany (WV),Waynesburg,26,35,True,False,True,Presidents',Presidents',iii,iii,
10,regular,2023-11-04 17:00:00+00:00,Pace,New Haven,14,17,True,False,True,Northeast 10,Northeast 10,ii,ii,
10,regular,2023-11-04 17:00:00+00:00,Morgan State,Delaware State,24,17,True,False,True,MEAC,MEAC,fcs,fcs,
10,regular,2023-11-04 17:00:00+00:00,Sewanee,Trinity (TX),6,44,True,False,True,Southern Athletic,Southern Athletic,iii,iii,
10,regular,2023-11-04 17:00:00+00:00,Gettysburg,Ursinus,35,48,True,False,True,Centennial,Centennial,iii,iii,
10,regular,2023-11-04 17:00:00+00:00,Tufts,Colby,38,0,True,False,True,NESCAC,NESCAC,iii,iii,
10,regular,2023-11-04 17:00:00+00:00,Fordham,Bucknell,27,21,True,False,True,Patriot,Patriot,fcs,fcs,
10,regular,2023-11-04 17:00:00+00:00,Christopher Newport,Montclair State,14,19,True,False,True,New Jersey,New Jersey,iii,iii,
10,regular,2023-11-04 17:00:00+00:00,Maine,Hampton,35,42,True,False,True,Coastal Athletic,Coastal Athletic,fcs,fcs,
10,regular,2023-11-04 17:00:00+00:00,St. Lawrence,Ithaca,14,51,True,False,True,Liberty League,Liberty League,iii,iii,
10,regular,2023-11-04 17:00:00+00:00,University of Mary,Southwest Minnesota State,32,28,True,False,True,Northern Sun,Northern Sun,ii,ii,
10,regular,2023-11-04 17:00:00+00:00,Methodist,LaGrange,38,27,True,False,True,USA South,USA South,iii,iii,
10,regular,2023-11-04 17:00:00+00:00,Newberry,Wingate,17,21,True,False,True,South Atlantic,South Atlantic,ii,ii,
10,regular,2023-11-04 17:00:00+00:00,Concord,Notre Dame College,14,24,True,False,True,Mountain East,Mountain East,ii,ii,
10,regular,2023-11-04 17:00:00+00:00,Virginia Union,Virginia State,30,20,True,False,True,CIAA,CIAA,ii,ii,
10,regular,2023-11-04 17:00:00+00:00,Wayne State (MI),Grand Valley State,10,66,True,False,True,GLIAC,GLIAC,ii,ii,
10,regular,2023-11-04 17:00:00+00:00,Nebraska Kearney,Lincoln (MO),38,6,True,False,False,Mid America,Independent DII,ii,ii,
10,regular,2023-11-04 17:00:00+00:00,Bryant,Gardner-Webb,44,45,True,False,True,Big South-OVC,Big South-OVC,fcs,fcs,
10,regular,2023-11-04 17:00:00+00:00,William Jewell,Southwest Baptist,3,71,True,True,True,Great Lakes,Great Lakes,ii,ii,
10,regular,2023-11-04 17:00:00+00:00,Frostburg State,Glenville State,10,13,True,False,True,Mountain East,Mountain East,ii,ii,
10,regular,2023-11-04 17:00:00+00:00,Alvernia,Albright,28,16,True,False,True,Mid Atlantic,Mid Atlantic,iii,iii,
10,regular,2023-11-04 17:00:00+00:00,Wooster,Oberlin,36,0,True,False,True,North Coast,North Coast,iii,iii,
10,regular,2023-11-04 17:00:00+00:00,Kean,Rowan,6,16,True,False,True,New Jersey,New Jersey,iii,iii,
10,regular,2023-11-04 17:00:00+00:00,Dickinson,Johns Hopkins,23,34,True,False,True,Centennial,Centennial,iii,iii,
10,regular,2023-11-04 17:00:00+00:00,Buffalo State,Union,17,43,True,False,True,Liberty League,Liberty League,iii,iii,
10,regular,2023-11-04 17:00:00+00:00,Saginaw Valley State,Northern Michigan,62,17,True,False,True,GLIAC,GLIAC,ii,ii,
10,regular,2023-11-04 17:00:00+00:00,Delaware,Elon,27,33,True,False,True,CAA,Coastal Athletic,fcs,fcs,
10,regular,2023-11-04 17:00:00+00:00,Trinity (CT),Bates,52,7,True,False,True,NESCAC,NESCAC,iii,iii,
10,regular,2023-11-04 17:00:00+00:00,Muhlenberg,Franklin & Marshall,48,45,True,False,True,Centennial,Centennial,iii,iii,
10,regular,2023-11-04 17:00:00+00:00,Hampden Sydney,Shenandoah,26,25,True,False,True,Old Dominion,Old Dominion,iii,iii,
10,regular,2023-11-04 17:00:00+00:00,Truman State,Upper Iowa,14,7,True,False,False,Great Lakes,Northern Sun,ii,ii,
10,regular,2023-11-04 17:00:00+00:00,Kenyon,Denison,15,38,True,False,True,North Coast,North Coast,iii,iii,
10,regular,2023-11-04 17:00:00+00:00,Brevard,Huntingdon,27,31,True,False,True,USA South,USA South,iii,iii,
10,regular,2023-11-04 17:00:00+00:00,SUNY Morrisville,St. John Fisher,30,15,True,False,True,Empire 8,Empire 8,iii,iii,
10,regular,2023-11-04 17:00:00+00:00,Hobart,Rensselaer,31,21,True,False,True,Liberty League,Liberty League,iii,iii,
10,regular,2023-11-04 17:00:00+00:00,Shippensburg,Lock Haven,7,21,True,False,True,Pennsylvania State Athletic,Pennsylvania State Athletic,ii,ii,
10,regular,2023-11-04 17:00:00+00:00,Hope,Trine,38,28,True,False,True,Michigan,Michigan,iii,iii,
10,regular,2023-11-04 17:00:00+00:00,Elizabeth City State,Bluefield State,38,20,True,False,False,CIAA,Independent DII,ii,ii,
10,regular,2023-11-04 17:00:00+00:00,Kentucky State,Central State,10,20,True,False,True,SIAC,SIAC,ii,ii,
10,regular,2023-11-04 17:00:00+00:00,Minnesota Duluth,Concordia St. Paul,44,32,True,False,True,Northern Sun,Northern Sun,ii,ii,
10,regular,2023-11-04 17:00:00+00:00,Johnson C. Smith,Livingstone,38,17,True,False,True,CIAA,CIAA,ii,ii,
10,regular,2023-11-04 17:00:00+00:00,Adrian,Alma,24,45,True,False,True,Michigan,Michigan,iii,iii,
10,regular,2023-11-04 17:00:00+00:00,Emory & Henry,Erskine,56,14,True,False,True,South Atlantic,South Atlantic,ii,ii,
10,regular,2023-11-04 17:00:00+00:00,UAlbany,William & Mary,24,8,True,False,True,Coastal Athletic,Coastal Athletic,fcs,fcs,
10,regular,2023-11-04 17:00:00+00:00,Olivet,Albion,7,35,True,False,True,Michigan,Michigan,iii,iii,
10,regular,2023-11-04 17:00:00+00:00,Indiana State,Youngstown State,7,19,True,False,True,MVFC,MVFC,fcs,fcs,
10,regular,2023-11-04 17:00:00+00:00,Geneva,Washington & Jefferson,7,45,True,False,True,Presidents',Presidents',iii,iii,
10,regular,2023-11-04 17:00:00+00:00,North Carolina A&T,Towson,32,42,True,False,True,Coastal Athletic,Coastal Athletic,fcs,fcs,
10,regular,2023-11-04 17:00:00+00:00,Northwood,Thomas More,24,20,True,False,False,Great Midwest Athletic,,ii,,
10,regular,2023-11-04 17:00:00+00:00,Ohio Dominican,Tiffin,10,44,True,False,True,Great Midwest Athletic,Great Midwest Athletic,ii,ii,
10,regular,2023-11-04 17:00:00+00:00,St. Augustine's,Shaw,14,21,True,False,True,CIAA,CIAA,ii,ii,
10,regular,2023-11-04 17:00:00+00:00,West Virginia Wesleyan,Fairmont State,20,55,True,False,True,Mountain East,Mountain East,ii,ii,
10,regular,2023-11-04 17:00:00+00:00,Ashland,Findlay,37,35,True,False,True,Great Midwest Athletic,Great Midwest Athletic,ii,ii,
10,regular,2023-11-04 17:00:00+00:00,Westminster (PA),Carnegie Mellon,7,21,True,False,True,Presidents',Presidents',iii,iii,
10,regular,2023-11-04 17:00:00+00:00,Widener,Eastern,42,10,True,False,True,Mid Atlantic,Mid Atlantic,iii,iii,
10,regular,2023-11-04 17:00:00+00:00,Williams,Wesleyan (CT),22,30,True,False,True,NESCAC,NESCAC,iii,iii,
10,regular,2023-11-04 17:00:00+00:00,Lincoln (PA),Bowie State,39,46,True,False,True,CIAA,CIAA,ii,ii,
10,regular,2023-11-04 17:00:00+00:00,Hendrix,Centre,29,47,True,False,True,Southern Athletic,Southern Athletic,iii,iii,
10,regular,2023-11-04 17:00:00+00:00,Alderson-Broaddus,UNC Pembroke,0,0,False,False,True,Mountain East,Mountain East,ii,ii,
10,regular,2023-11-04 17:00:00+00:00,Stetson,Davidson,41,61,True,False,True,Pioneer,Pioneer,fcs,fcs,
10,regular,2023-11-04 17:00:00+00:00,Southern Virginia,Belhaven,7,61,True,False,True,USA South,USA South,iii,iii,
10,regular,2023-11-04 17:00:00+00:00,Saint Vincent,Thiel,27,30,True,False,True,Presidents',Presidents',iii,iii,
10,regular,2023-11-04 17:00:00+00:00,North Greenville,Shorter,27,17,True,False,True,Gulf South,Gulf South,ii,ii,
10,regular,2023-11-04 17:00:00+00:00,Monmouth,Stony Brook,56,17,True,False,True,Coastal Athletic,Coastal Athletic,fcs,fcs,
10,regular,2023-11-04 17:00:00+00:00,New Hampshire,Villanova,33,45,True,False,True,Coastal Athletic,Coastal Athletic,fcs,fcs,
10,regular,2023-11-04 17:00:00+00:00,East Tennessee State,VMI,24,31,True,False,True,Southern,Southern,fcs,fcs,
10,regular,2023-11-04 17:30:00+00:00,Capital,Marietta,14,45,True,False,True,Ohio,Ohio,iii,iii,
10,regular,2023-11-04 17:30:00+00:00,Ohio Northern,Otterbein,49,6,True,False,True,Ohio,Ohio,iii,iii,
10,regular,2023-11-04 17:30:00+00:00,Franklin,Manchester,36,0,True,False,True,Heartland,Heartland,iii,iii,
10,regular,2023-11-04 17:30:00+00:00,Defiance College,Rose Hulman,54,78,True,False,True,Heartland,Heartland,iii,iii,
10,regular,2023-11-04 17:30:00+00:00,Bluffton,Mount St Joseph,27,49,True,False,True,Heartland,Heartland,iii,iii,
10,regular,2023-11-04 17:30:00+00:00,Hanover,Anderson (IN),69,0,True,False,True,Heartland,Heartland,iii,iii,
10,regular,2023-11-04 17:30:00+00:00,Chattanooga,Furman,14,17,True,False,True,Southern,Southern,fcs,fcs,
10,regular,2023-11-04 17:30:00+00:00,John Carroll,Mount Union,14,49,True,False,True,Ohio,Ohio,iii,iii,
10,regular,2023-11-04 17:30:00+00:00,Muskingum,Wilmington (OH),64,63,True,False,True,Ohio,Ohio,iii,iii,
10,regular,2023-11-04 17:30:00+00:00,Baldwin Wallace,Heidelberg,24,21,True,False,True,Ohio,Ohio,iii,iii,
10,regular,2023-11-04 18:00:00+00:00,Eastern New Mexico,West Texas,35,27,True,False,True,Lone Star,Lone Star,ii,ii,
10,regular,2023-11-04 18:00:00+00:00,North Central College,Illinois Wesleyan,83,26,True,False,True,CCIW,CCIW,iii,iii,
10,regular,2023-11-04 18:00:00+00:00,Central Missouri,Fort Hays,47,28,True,False,True,Mid America,Mid America,ii,ii,
10,regular,2023-11-04 18:00:00+00:00,Ferrum,Randolph Macon,16,49,True,False,True,Old Dominion,Old Dominion,iii,iii,
10,regular,2023-11-04 18:00:00+00:00,Salve Regina,SUNY Maritime,49,0,True,False,False,Commonwealth Coast,NEWMAC,iii,iii,
10,regular,2023-11-04 18:00:00+00:00,Gustavus Adolphus,Carleton,38,20,True,False,True,Minnesota,Minnesota,iii,iii,
10,regular,2023-11-04 18:00:00+00:00,Alfred,Hartwick,42,6,True,False,True,Empire 8,Empire 8,iii,iii,
10,regular,2023-11-04 18:00:00+00:00,Martin Luther,Minnesota Morris,27,30,True,False,True,Upper Midwest,Upper Midwest,iii,iii,
10,regular,2023-11-04 18:00:00+00:00,Morehead State,Butler,7,49,True,False,True,Pioneer,Pioneer,fcs,fcs,
10,regular,2023-11-04 18:00:00+00:00,Grinnell,Chicago,14,48,True,False,True,Midwest,Midwest,iii,iii,
10,regular,2023-11-04 18:00:00+00:00,Southeast Missouri State,Robert Morris,20,21,True,False,True,Big South-OVC,Big South,fcs,fcs,
10,regular,2023-11-04 18:00:00+00:00,Valparaiso,Dayton,21,7,True,False,True,Pioneer,Pioneer,fcs,fcs,
10,regular,2023-11-04 18:00:00+00:00,Murray State,North Dakota,31,45,True,False,True,MVFC,MVFC,fcs,fcs,
10,regular,2023-11-04 18:00:00+00:00,Alabama A&M,Florida A&M,28,42,True,False,True,SWAC,SWAC,fcs,fcs,
10,regular,2023-11-04 18:00:00+00:00,Benedict,Allen,37,9,True,False,True,SIAC,SIAC,ii,ii,
10,regular,2023-11-04 18:00:00+00:00,Emporia State,Missouri Southern State,63,28,True,False,True,Mid America,Mid America,ii,ii,
10,regular,2023-11-04 18:00:00+00:00,Macalester,Augsburg,34,42,True,False,True,Minnesota,Minnesota,iii,iii,
10,regular,2023-11-04 18:00:00+00:00,Mary Hardin Baylor,East Texas Baptist,21,12,True,False,True,American Southwest,American Southwest,iii,iii,
10,regular,2023-11-04 18:00:00+00:00,Case Western Reserve,Allegheny,42,14,True,False,True,Presidents',Presidents',iii,iii,
10,regular,2023-11-04 18:00:00+00:00,Elmhurst,North Park,8,31,True,False,True,CCIW,CCIW,iii,iii,
10,regular,2023-11-04 18:00:00+00:00,Missouri Western,Pittsburg State,31,30,True,False,True,Mid America,Mid America,ii,ii,
10,regular,2023-11-04 18:00:00+00:00,Monmouth (IL),Lake Forest,16,14,True,False,True,Midwest,Midwest,iii,iii,
10,regular,2023-11-04 18:00:00+00:00,Quincy,Missouri S&T,14,21,True,False,True,Great Lakes,Great Lakes,ii,ii,
10,regular,2023-11-04 18:00:00+00:00,Ouachita Baptist,Oklahoma Baptist,55,14,True,False,True,Great American,Great American,ii,ii,
10,regular,2023-11-04 18:00:00+00:00,Lenoir Rhyne,Catawba,28,7,True,False,True,South Atlantic,South Atlantic,ii,ii,
10,regular,2023-11-04 18:00:00+00:00,Colorado School of Mines,New Mexico Highlands,77,3,True,False,True,Rocky Mountain,Rocky Mountain,ii,ii,
10,regular,2023-11-04 18:00:00+00:00,Loras,Simpson (IA),82,16,True,False,True,American Rivers,American Rivers,iii,iii,
10,regular,2023-11-04 18:00:00+00:00,South Dakota Mines,CSU Pueblo,28,35,True,False,True,Rocky Mountain,Rocky Mountain,ii,ii,
10,regular,2023-11-04 18:00:00+00:00,Winona State,Minnesota State,42,49,True,False,True,Northern Sun,Northern Sun,ii,ii,
10,regular,2023-11-04 18:00:00+00:00,Carroll (WI),Millikin,41,0,True,False,True,CCIW,CCIW,iii,iii,
10,regular,2023-11-04 18:00:00+00:00,Wheaton (IL),Washington St. Louis,36,35,True,False,True,CCIW,CCIW,iii,iii,
10,regular,2023-11-04 18:00:00+00:00,Western New Mexico,UT Permian Basin,3,56,True,False,True,Lone Star,Lone Star,ii,ii,
10,regular,2023-11-04 18:00:00+00:00,Wisconsin River Falls,Wisconsin La Crosse,28,31,True,False,True,Wisconsin,Wisconsin,iii,iii,
10,regular,2023-11-04 18:00:00+00:00,Wisconsin Stevens Point,Wisconsin Whitewater,0,48,True,False,True,Wisconsin,Wisconsin,iii,iii,
10,regular,2023-11-04 18:00:00+00:00,St. Scholastica,Hamline,26,33,True,False,True,Minnesota,Minnesota,iii,iii,
10,regular,2023-11-04 18:00:00+00:00,Aurora,Lakeland,70,14,True,False,True,NACC,NACC,iii,iii,
10,regular,2023-11-04 18:00:00+00:00,Clark Atlanta,Morehouse,21,35,True,False,True,SIAC,SIAC,ii,ii,
10,regular,2023-11-04 18:00:00+00:00,Wisconsin Eau Claire,Wisconsin Stout,13,38,True,False,True,Wisconsin,Wisconsin,iii,iii,
10,regular,2023-11-04 18:00:00+00:00,Central College,Buena Vista,56,22,True,False,True,American Rivers,American Rivers,iii,iii,
10,regular,2023-11-04 18:00:00+00:00,Beloit,Ripon,17,52,True,False,True,Midwest,Midwest,iii,iii,
10,regular,2023-11-04 18:00:00+00:00,St. Olaf,Saint John's (MN),10,49,True,False,True,Minnesota,Minnesota,iii,iii,
10,regular,2023-11-04 18:00:00+00:00,Utah,Arizona State,55,3,True,False,True,Pac-12,Pac-12,fbs,fbs,
10,regular,2023-11-04 18:00:00+00:00,West Alabama,Valdosta State,14,20,True,False,True,Gulf South,Gulf South,ii,ii,
10,regular,2023-11-04 18:00:00+00:00,Bemidji State,Minnesota St Moorhead,27,14,True,False,True,Northern Sun,Northern Sun,ii,ii,
10,regular,2023-11-04 18:00:00+00:00,Fayetteville State,Winston-Salem State,40,34,True,False,True,CIAA,CIAA,ii,ii,
10,regular,2023-11-04 18:00:00+00:00,Nebraska Wesleyan,Wartburg,0,45,True,True,True,American Rivers,American Rivers,iii,iii,
10,regular,2023-11-04 18:00:00+00:00,Northern Iowa,Western Illinois,50,6,True,False,True,MVFC,MVFC,fcs,fcs,
10,regular,2023-11-04 18:00:00+00:00,Sul Ross State,Howard Payne,47,42,True,False,True,American Southwest,American Southwest,iii,iii,
10,regular,2023-11-04 18:00:00+00:00,Wisconsin Lutheran,Concordia Chicago,28,21,True,False,True,NACC,NACC,iii,iii,
10,regular,2023-11-04 18:00:00+00:00,Sioux Falls,Wayne State (NE),20,28,True,False,True,Northern Sun,Northern Sun,ii,ii,
10,regular,2023-11-04 18:00:00+00:00,Wisconsin Platteville,Wisconsin Oshkosh,22,7,True,False,True,Wisconsin,Wisconsin,iii,iii,
10,regular,2023-11-04 18:00:00+00:00,Austin,Hardin Simmons,19,59,True,False,True,American Southwest,American Southwest,iii,iii,
10,regular,2023-11-04 18:00:00+00:00,Bethel (MN),Concordia (MN),31,14,True,False,True,Minnesota,Minnesota,iii,iii,
10,regular,2023-11-04 18:00:00+00:00,Carthage,Augustana (IL),13,16,True,False,True,CCIW,CCIW,iii,iii,
10,regular,2023-11-04 18:00:00+00:00,Texas Lutheran,McMurry,33,36,True,False,True,American Southwest,American Southwest,iii,iii,
10,regular,2023-11-04 18:00:00+00:00,Washington and Lee,Bridgewater,31,21,True,False,True,Old Dominion,Old Dominion,iii,iii,
10,regular,2023-11-04 18:00:00+00:00,Cornell (IA),Illinois College,34,76,True,False,True,Midwest,Midwest,iii,iii,
10,regular,2023-11-04 18:00:00+00:00,The Citadel,Mercer,16,38,True,False,True,Southern,Southern,fcs,fcs,
10,regular,2023-11-04 18:00:00+00:00,Fort Valley State,Albany State,7,13,True,True,True,SIAC,SIAC,ii,ii,33rd Fountain City Classic
10,regular,2023-11-04 18:00:00+00:00,McDaniel,Salisbury,20,59,True,False,False,Centennial,New Jersey,iii,iii,
10,regular,2023-11-04 18:00:00+00:00,Temple,Navy,32,18,True,False,True,American Athletic,American Athletic,fbs,fbs,
10,regular,2023-11-04 18:00:00+00:00,Dubuque,Coe,20,23,True,False,True,American Rivers,American Rivers,iii,iii,
10,regular,2023-11-04 18:00:00+00:00,Mercyhurst,Seton Hill,0,14,True,False,True,Pennsylvania State Athletic,Pennsylvania State Athletic,ii,ii,
10,regular,2023-11-04 18:00:00+00:00,Benedictine (IL),Eureka,41,21,True,False,True,NACC,NACC,iii,iii,
10,regular,2023-11-04 18:00:00+00:00,Knox,Lawrence,48,28,True,False,True,Midwest,Midwest,iii,iii,
10,regular,2023-11-04 18:00:00+00:00,Virginia,Georgia Tech,17,45,True,False,True,ACC,ACC,fbs,fbs,
10,regular,2023-11-04 18:00:00+00:00,Concordia (WI),Rockford,66,21,True,False,True,NACC,NACC,iii,iii,
10,regular,2023-11-04 18:00:00+00:00,Millsaps,Southwestern U,13,42,True,False,True,Southern Athletic,Southern Athletic,iii,iii,
10,regular,2023-11-04 18:00:00+00:00,Luther,Lyon,21,28,True,False,False,American Rivers,,iii,,
10,regular,2023-11-04 18:00:00+00:00,Southern Illinois,South Dakota,7,14,True,False,True,MVFC,MVFC,fcs,fcs,
10,regular,2023-11-04 18:30:00+00:00,Tennessee Tech,UT Martin,41,44,True,False,True,Big South-OVC,Big South-OVC,fcs,fcs,
10,regular,2023-11-04 18:30:00+00:00,Air Force,Army,3,23,True,True,False,Mountain West,FBS Independents,fbs,fbs,
10,regular,2023-11-04 19:00:00+00:00,Black Hills State,Adams State,35,28,True,False,True,Rocky Mountain,Rocky Mountain,ii,ii,
10,regular,2023-11-04 19:00:00+00:00,Northern State,Augustana (SD),21,31,True,False,True,Northern Sun,Northern Sun,ii,ii,
10,regular,2023-11-04 19:00:00+00:00,Abilene Christian,Utah Tech,24,7,True,False,True,UAC,UAC,fcs,fcs,
10,regular,2023-11-04 19:00:00+00:00,Northeastern State,Northwest Missouri State,0,52,True,False,True,Mid America,Mid America,ii,ii,
10,regular,2023-11-04 19:00:00+00:00,Missouri State,Illinois State,35,36,True,False,True,MVFC,MVFC,fcs,fcs,
10,regular,2023-11-04 19:00:00+00:00,Lane College,Savannah State,27,21,True,False,True,SIAC,SIAC,ii,ii,
10,regular,2023-11-04 19:00:00+00:00,Prairie View A&M,Arkansas-Pine Bluff,38,14,True,False,True,SWAC,SWAC,fcs,fcs,
10,regular,2023-11-04 19:00:00+00:00,Lindenwood,Eastern Illinois,10,16,True,False,True,Big South-OVC,Big South-OVC,fcs,fcs,
10,regular,2023-11-04 19:00:00+00:00,Montana State,Northern Arizona,45,21,True,False,True,Big Sky,Big Sky,fcs,fcs,
10,regular,2023-11-04 19:00:00+00:00,North Texas,UTSA,29,37,True,False,True,American Athletic,American Athletic,fbs,fbs,
10,regular,2023-11-04 19:00:00+00:00,Arkansas State,Louisiana,37,17,True,False,True,Sun Belt,Sun Belt,fbs,fbs,
10,regular,2023-11-04 19:00:00+00:00,Colorado Mesa,Chadron State,38,22,True,False,True,Rocky Mountain,Rocky Mountain,ii,ii,
10,regular,2023-11-04 19:00:00+00:00,Western Colorado,Fort Lewis,57,3,True,False,True,Rocky Mountain,Rocky Mountain,ii,ii,
10,regular,2023-11-04 19:00:00+00:00,Central Oklahoma,Washburn,41,7,True,False,True,Mid America,Mid America,ii,ii,
10,regular,2023-11-04 19:00:00+00:00,Arkansas Monticello,Southern Nazarene,14,41,True,False,True,Great American,Great American,ii,ii,
10,regular,2023-11-04 19:00:00+00:00,Northwestern (OK),Southern Arkansas,14,42,True,False,True,Great American,Great American,ii,ii,
10,regular,2023-11-04 19:00:00+00:00,Indianapolis,McKendree,16,21,True,False,True,Great Lakes,Great Lakes,ii,ii,
10,regular,2023-11-04 19:00:00+00:00,Memphis,South Florida,59,50,True,False,True,American Athletic,American Athletic,fbs,fbs,
10,regular,2023-11-04 19:00:00+00:00,Northwestern State,Houston Christian,0,1,True,False,True,Southland,Southland,fcs,fcs,
10,regular,2023-11-04 19:00:00+00:00,UAB,Florida Atlantic,45,42,True,False,True,American Athletic,American Athletic,fbs,fbs,
10,regular,2023-11-04 19:00:00+00:00,Alcorn State,Southern,44,21,True,False,True,SWAC,SWAC,fcs,fcs,
10,regular,2023-11-04 19:00:00+00:00,South Dakota State,North Dakota State,33,16,True,False,True,MVFC,MVFC,fcs,fcs,
10,regular,2023-11-04 19:00:00+00:00,Guilford,Averett,13,34,True,False,True,Old Dominion,Old Dominion,iii,iii,
10,regular,2023-11-04 19:00:00+00:00,Northern Colorado,Idaho,13,27,True,False,True,Big Sky,Big Sky,fcs,fcs,
10,regular,2023-11-04 19:00:00+00:00,Southern Utah,Lincoln (CA),35,6,True,False,False,UAC,,fcs,,
10,regular,2023-11-04 19:00:00+00:00,Southwestern Oklahoma State,Henderson State,0,56,True,False,True,Great American,Great American,ii,ii,
10,regular,2023-11-04 19:00:00+00:00,Jackson State,Texas Southern,21,19,True,False,True,SWAC,SWAC,fcs,fcs,
10,regular,2023-11-04 19:00:00+00:00,Wofford,Western Carolina,25,28,True,False,True,Southern,Southern,fcs,fcs,
10,regular,2023-11-04 19:00:00+00:00,Mississippi College,West Florida,14,42,True,False,True,Gulf South,Gulf South,ii,ii,
10,regular,2023-11-04 19:30:00+00:00,Georgia,Missouri,30,21,True,False,True,SEC,SEC,fbs,fbs,
10,regular,2023-11-04 19:30:00+00:00,Louisville,Virginia Tech,34,3,True,False,True,ACC,ACC,fbs,fbs,
10,regular,2023-11-04 19:30:00+00:00,Northwestern,Iowa,7,10,True,True,True,Big Ten,Big Ten,fbs,fbs,
10,regular,2023-11-04 19:30:00+00:00,South Carolina State,Howard,27,24,True,False,True,MEAC,MEAC,fcs,fcs,
10,regular,2023-11-04 19:30:00+00:00,Baylor,Houston,24,25,True,False,True,Big 12,Big 12,fbs,fbs,
10,regular,2023-11-04 19:30:00+00:00,East Carolina,Tulane,10,13,True,False,True,American Athletic,American Athletic,fbs,fbs,
10,regular,2023-11-04 19:30:00+00:00,North Carolina Central,Norfolk State,38,24,True,False,True,MEAC,MEAC,fcs,fcs,
10,regular,2023-11-04 19:30:00+00:00,Maryland,Penn State,15,51,True,False,True,Big Ten,Big Ten,fbs,fbs,
10,regular,2023-11-04 19:30:00+00:00,Massachusetts,Merrimack,31,21,True,False,False,FBS Independents,NEC,fbs,fcs,
10,regular,2023-11-04 19:30:00+00:00,Old Dominion,Coastal Carolina,24,28,True,False,True,Sun Belt,Sun Belt,fbs,fbs,
10,regular,2023-11-04 19:30:00+00:00,Minnesota,Illinois,26,27,True,False,True,Big Ten,Big Ten,fbs,fbs,
10,regular,2023-11-04 19:30:00+00:00,Georgia State,James Madison,14,42,True,False,True,Sun Belt,Sun Belt,fbs,fbs,
10,regular,2023-11-04 19:30:00+00:00,Oklahoma State,Oklahoma,27,24,True,False,True,Big 12,Big 12,fbs,fbs,
10,regular,2023-11-04 19:30:00+00:00,Cincinnati,UCF,26,28,True,False,True,Big 12,Big 12,fbs,fbs,
10,regular,2023-11-04 19:30:00+00:00,Pittsburgh,Florida State,7,24,True,False,True,ACC,ACC,fbs,fbs,
10,regular,2023-11-04 20:00:00+00:00,Pacific Lutheran,Linfield,19,42,True,False,True,Northwest,Northwest,iii,iii,
10,regular,2023-11-04 20:00:00+00:00,Incarnate Word,Nicholls,32,45,True,False,True,Southland,Southland,fcs,fcs,
10,regular,2023-11-04 20:00:00+00:00,Vanderbilt,Auburn,15,31,True,False,True,SEC,SEC,fbs,fbs,
10,regular,2023-11-04 20:00:00+00:00,Harding,East Central,48,7,True,False,True,Great American,Great American,ii,ii,
10,regular,2023-11-04 20:00:00+00:00,Ohio Wesleyan,Wittenberg,28,36,True,False,True,North Coast,North Coast,iii,iii,
10,regular,2023-11-04 20:00:00+00:00,Eastern Washington,Cal Poly,48,13,True,False,True,Big Sky,Big Sky,fcs,fcs,
10,regular,2023-11-04 20:00:00+00:00,Southern Miss,UL Monroe,24,7,True,False,True,Sun Belt,Sun Belt,fbs,fbs,
10,regular,2023-11-04 20:00:00+00:00,SE Louisiana,McNeese,38,24,True,False,True,Southland,Southland,fcs,fcs,
10,regular,2023-11-04 20:00:00+00:00,Lamar,East Texas A&M,41,21,True,False,True,Southland,Southland,fcs,fcs,
10,regular,2023-11-04 20:00:00+00:00,Charleston Southern,Tennessee State,35,21,True,False,True,Big South-OVC,Big South-OVC,fcs,fcs,
10,regular,2023-11-04 20:00:00+00:00,Whitworth,George Fox,24,13,True,False,True,Northwest,Northwest,iii,iii,
10,regular,2023-11-04 20:00:00+00:00,Tulsa,Charlotte,26,33,True,False,True,American Athletic,American Athletic,fbs,fbs,
10,regular,2023-11-04 20:00:00+00:00,Nevada,Hawai'i,14,27,True,False,True,Mountain West,Mountain West,fbs,fbs,
10,regular,2023-11-04 20:05:00+00:00,Western Oregon,Texas A&M-Kingsville,27,34,True,False,True,Lone Star,Lone Star,ii,ii,
10,regular,2023-11-04 21:00:00+00:00,Alabama State,Grambling,17,6,True,True,True,SWAC,SWAC,fcs,fcs,
10,regular,2023-11-04 21:00:00+00:00,Arkansas Tech,Southeastern Oklahoma State,14,7,True,False,True,Great American,Great American,ii,ii,
10,regular,2023-11-04 21:00:00+00:00,Miles,Tuskegee,35,10,True,False,True,SIAC,SIAC,ii,ii,
10,regular,2023-11-04 21:00:00+00:00,Texas State,Georgia Southern,45,24,True,False,True,Sun Belt,Sun Belt,fbs,fbs,
10,regular,2023-11-04 21:00:00+00:00,Eastern Kentucky,Austin Peay,30,33,True,False,True,UAC,UAC,fcs,fcs,
10,regular,2023-11-04 21:00:00+00:00,North Alabama,Central Arkansas,14,27,True,False,True,UAC,UAC,fcs,fcs,
10,regular,2023-11-04 21:30:00+00:00,Oregon,California,63,19,True,False,True,Pac-12,Pac-12,fbs,fbs,
10,regular,2023-11-04 21:30:00+00:00,Birmingham-Southern,Berry,6,53,True,False,True,Southern Athletic,Southern Athletic,iii,iii,
10,regular,2023-11-04 22:00:00+00:00,App State,Marshall,31,9,True,False,True,Sun Belt,Sun Belt,fbs,fbs,
10,regular,2023-11-04 22:00:00+00:00,New Mexico,UNLV,14,56,True,False,True,Mountain West,Mountain West,fbs,fbs,
10,regular,2023-11-04 22:00:00+00:00,Idaho State,Weber State,21,33,True,False,True,Big Sky,Big Sky,fcs,fcs,
10,regular,2023-11-04 22:00:00+00:00,Edward Waters,Virginia Lynchburg,41,17,True,False,False,SIAC,,ii,,
10,regular,2023-11-04 22:00:00+00:00,Barton,Limestone,28,33,True,False,True,South Atlantic,South Atlantic,ii,ii,
10,regular,2023-11-04 22:00:00+00:00,Liberty,Louisiana Tech,56,30,True,False,True,Conference USA,Conference USA,fbs,fbs,
10,regular,2023-11-04 22:00:00+00:00,West Georgia,Delta State,13,47,True,False,True,Gulf South,Gulf South,ii,ii,
10,regular,2023-11-04 22:00:00+00:00,New Mexico State,Middle Tennessee,13,7,True,False,True,Conference USA,Conference USA,fbs,fbs,
10,regular,2023-11-04 22:00:00+00:00,WPI,Coast Guard,21,28,True,False,True,NEWMAC,NEWMAC,iii,iii,
10,regular,2023-11-04 22:30:00+00:00,Lake Erie,Kentucky Wesleyan,37,43,True,False,True,Great Midwest Athletic,Great Midwest Athletic,ii,ii,
10,regular,2023-11-04 23:00:00+00:00,Iowa State,Kansas,21,28,True,False,True,Big 12,Big 12,fbs,fbs,
10,regular,2023-11-04 23:00:00+00:00,San Diego State,Utah State,24,32,True,False,True,Mountain West,Mountain West,fbs,fbs,
10,regular,2023-11-04 23:00:00+00:00,Angelo State,Midwestern State,27,12,True,False,True,Lone Star,Lone Star,ii,ii,
10,regular,2023-11-04 23:00:00+00:00,UC Davis,Portland State,37,23,True,False,True,Big Sky,Big Sky,fcs,fcs,
10,regular,2023-11-04 23:00:00+00:00,West Virginia,BYU,37,7,True,False,True,Big 12,Big 12,fbs,fbs,
10,regular,2023-11-04 23:00:00+00:00,Pacific (OR),Willamette,64,6,True,False,True,Northwest,Northwest,iii,iii,
10,regular,2023-11-04 23:00:00+00:00,Tarleton State,Stephen F. Austin,59,17,True,False,True,UAC,UAC,fcs,fcs,
10,regular,2023-11-04 23:30:00+00:00,USC,Washington,42,52,True,False,True,Pac-12,Pac-12,fbs,fbs,
10,regular,2023-11-04 23:30:00+00:00,Rice,SMU,31,36,True,False,True,American Athletic,American Athletic,fbs,fbs,
10,regular,2023-11-04 23:30:00+00:00,Mississippi State,Kentucky,3,24,True,False,True,SEC,SEC,fbs,fbs,
10,regular,2023-11-04 23:30:00+00:00,Michigan,Purdue,41,13,True,False,True,Big Ten,Big Ten,fbs,fbs,
10,regular,2023-11-04 23:45:00+00:00,Alabama,LSU,42,28,True,False,True,SEC,SEC,fbs,fbs,
10,regular,2023-11-05 00:00:00+00:00,NC State,Miami,20,6,True,False,True,ACC,ACC,fbs,fbs,
10,regular,2023-11-05 00:00:00+00:00,Montana,Sacramento State,34,7,True,False,True,Big Sky,Big Sky,fcs,fcs,
10,regular,2023-11-05 01:00:00+00:00,Washington State,Stanford,7,10,True,False,True,Pac-12,Pac-12,fbs,fbs,
10,regular,2023-11-05 01:00:00+00:00,UTEP,Western Kentucky,13,21,True,False,True,Conference USA,Conference USA,fbs,fbs,
10,regular,2023-11-05 01:00:00+00:00,Lewis & Clark,Puget Sound,66,24,True,False,True,Northwest,Northwest,iii,iii,
10,regular,2023-11-05 02:00:00+00:00,Chapman,La Verne,37,7,True,False,True,So. Cal.,So. Cal.,iii,iii,
10,regular,2023-11-05 02:00:00+00:00,Cal Lutheran,Claremont Mudd Scripps,13,30,True,False,True,So. Cal.,So. Cal.,iii,iii,
10,regular,2023-11-05 02:00:00+00:00,Pomona Pitzer,Redlands,20,7,True,False,True,So. Cal.,So. Cal.,iii,iii,
10,regular,2023-11-05 02:00:00+00:00,Fresno State,Boise State,37,30,True,False,True,Mountain West,Mountain West,fbs,fbs,
10,regular,2023-11-05 02:00:00+00:00,Colorado,Oregon State,19,26,True,False,True,Pac-12,Pac-12,fbs,fbs,
10,regular,2023-11-05 02:30:00+00:00,Arizona,UCLA,27,10,True,False,True,Pac-12,Pac-12,fbs,fbs,
11,regular,2023-11-08 00:00:00+00:00,Northern Illinois,Ball State,17,20,True,False,True,Mid-American,Mid-American,fbs,fbs,
11,regular,2023-11-08 00:00:00+00:00,Western Michigan,Central Michigan,38,28,True,False,True,Mid-American,Mid-American,fbs,fbs,
11,regular,2023-11-08 00:30:00+00:00,Buffalo,Ohio,10,20,True,False,True,Mid-American,Mid-American,fbs,fbs,
11,regular,2023-11-09 00:00:00+00:00,Kent State,Bowling Green,19,49,True,False,True,Mid-American,Mid-American,fbs,fbs,
11,regular,2023-11-09 00:00:00+00:00,Miami (OH),Akron,19,0,True,False,True,Mid-American,Mid-American,fbs,fbs,
11,regular,2023-11-09 00:30:00+00:00,Toledo,Eastern Michigan,49,23,True,False,True,Mid-American,Mid-American,fbs,fbs,
11,regular,2023-11-10 00:30:00+00:00,Louisville,Virginia,31,24,True,False,True,ACC,ACC,fbs,fbs,
11,regular,2023-11-10 00:30:00+00:00,Louisiana,Southern Miss,31,34,True,False,True,Sun Belt,Sun Belt,fbs,fbs,
11,regular,2023-11-10 23:00:00+00:00,The College of New Jersey,Christopher Newport,21,27,True,False,True,New Jersey,New Jersey,iii,iii,
11,regular,2023-11-11 00:00:00+00:00,Rowan,William Paterson,24,14,True,False,True,New Jersey,New Jersey,iii,iii,
11,regular,2023-11-11 00:00:00+00:00,Salisbury,Kean,31,28,True,False,True,New Jersey,New Jersey,iii,iii,
11,regular,2023-11-11 02:00:00+00:00,Arkansas-Pine Bluff,Grambling,14,43,True,False,True,SWAC,SWAC,fcs,fcs,
11,regular,2023-11-11 02:00:00+00:00,SMU,North Texas,45,21,True,False,True,American Athletic,American Athletic,fbs,fbs,
11,regular,2023-11-11 03:45:00+00:00,UNLV,Wyoming,34,14,True,False,True,Mountain West,Mountain West,fbs,fbs,
11,regular,2023-11-11 17:00:00+00:00,West Virginia State,Charleston (WV),20,52,True,False,True,Mountain East,Mountain East,ii,ii,
11,regular,2023-11-11 17:00:00+00:00,Army,Holy Cross,17,14,True,False,False,FBS Independents,Patriot,fbs,fcs,
11,regular,2023-11-11 17:00:00+00:00,Millersville,Seton Hill,10,30,True,False,True,Pennsylvania State Athletic,Pennsylvania State Athletic,ii,ii,
11,regular,2023-11-11 17:00:00+00:00,Endicott,New England,41,14,True,False,True,Commonwealth Coast,Commonwealth Coast,iii,iii,
11,regular,2023-11-11 17:00:00+00:00,Nebraska,Maryland,10,13,True,False,True,Big Ten,Big Ten,fbs,fbs,
11,regular,2023-11-11 17:00:00+00:00,Brockport,Alfred,35,14,True,False,True,Empire 8,Empire 8,iii,iii,
11,regular,2023-11-11 17:00:00+00:00,Kentucky,Alabama,21,49,True,False,True,SEC,SEC,fbs,fbs,
11,regular,2023-11-11 17:00:00+00:00,Fitchburg State,Westfield State,0,49,True,False,True,MSCAC,MSCAC,iii,iii,
11,regular,2023-11-11 17:00:00+00:00,Illinois,Indiana,48,45,True,False,True,Big Ten,Big Ten,fbs,fbs,
11,regular,2023-11-11 17:00:00+00:00,Merrimack,Central Connecticut,35,24,True,False,True,NEC,NEC,fcs,fcs,
11,regular,2023-11-11 17:00:00+00:00,Thomas More,Lake Erie,44,6,True,True,False,,Great Midwest Athletic,,ii,
11,regular,2023-11-11 17:00:00+00:00,Curry,Western New England,27,48,True,False,True,Commonwealth Coast,Commonwealth Coast,iii,iii,
11,regular,2023-11-11 17:00:00+00:00,Penn State,Michigan,15,24,True,False,True,Big Ten,Big Ten,fbs,fbs,
11,regular,2023-11-11 17:00:00+00:00,Findlay,Tiffin,7,26,True,False,True,Great Midwest Athletic,Great Midwest Athletic,ii,ii,
11,regular,2023-11-11 17:00:00+00:00,Notre Dame College,Alderson-Broaddus,0,0,False,False,True,Mountain East,Mountain East,ii,ii,
11,regular,2023-11-11 17:00:00+00:00,Bloomsburg,IU Pennsylvania,0,31,True,False,True,Pennsylvania State Athletic,Pennsylvania State Athletic,ii,ii,
11,regular,2023-11-11 17:00:00+00:00,Albright,Lebanon Valley,9,47,True,False,True,Mid Atlantic,Mid Atlantic,iii,iii,
11,regular,2023-11-11 17:00:00+00:00,Youngstown State,South Dakota State,0,34,True,False,True,MVFC,MVFC,fcs,fcs,
11,regular,2023-11-11 17:00:00+00:00,Assumption,Southern Connecticut State,14,20,True,False,True,Northeast 10,Northeast 10,ii,ii,
11,regular,2023-11-11 17:00:00+00:00,Walsh,Northwood,24,31,True,False,True,Great Midwest Athletic,Great Midwest Athletic,ii,ii,
11,regular,2023-11-11 17:00:00+00:00,Greensboro,Methodist,27,21,True,False,True,USA South,USA South,iii,iii,
11,regular,2023-11-11 17:00:00+00:00,Boston College,Virginia Tech,22,48,True,False,True,ACC,ACC,fbs,fbs,
11,regular,2023-11-11 17:00:00+00:00,Coast Guard,Merchant Marine,27,39,True,False,True,NEWMAC,NEWMAC,iii,iii,
11,regular,2023-11-11 17:00:00+00:00,Clemson,Georgia Tech,42,21,True,False,True,ACC,ACC,fbs,fbs,
11,regular,2023-11-11 17:00:00+00:00,Kutztown,Slippery Rock,31,7,True,False,True,Pennsylvania State Athletic,Pennsylvania State Athletic,ii,ii,
11,regular,2023-11-11 17:00:00+00:00,Dean,Alfred State,3,55,True,False,True,ECFC,ECFC,iii,iii,
11,regular,2023-11-11 17:00:00+00:00,Norwich,Salve Regina,0,38,True,False,False,NEWMAC,Commonwealth Coast,iii,iii,
11,regular,2023-11-11 17:00:00+00:00,Union,Rensselaer,13,7,True,False,True,Liberty League,Liberty League,iii,iii,
11,regular,2023-11-11 17:00:00+00:00,Rochester (NY),Hobart,23,27,True,False,True,Liberty League,Liberty League,iii,iii,
11,regular,2023-11-11 17:00:00+00:00,Duquesne,Stonehill,28,33,True,False,True,NEC,NEC,fcs,fcs,
11,regular,2023-11-11 17:00:00+00:00,South Carolina,Vanderbilt,47,6,True,False,True,SEC,SEC,fbs,fbs,
11,regular,2023-11-11 17:00:00+00:00,West Chester,Clarion,34,7,True,False,True,Pennsylvania State Athletic,Pennsylvania State Athletic,ii,ii,
11,regular,2023-11-11 17:00:00+00:00,Mass Maritime,Bridgewater State,6,48,True,False,True,MSCAC,MSCAC,iii,iii,
11,regular,2023-11-11 17:00:00+00:00,Nichols,Husson,31,61,True,False,True,Commonwealth Coast,Commonwealth Coast,iii,iii,
11,regular,2023-11-11 17:00:00+00:00,Kansas,Texas Tech,13,16,True,False,True,Big 12,Big 12,fbs,fbs,
11,regular,2023-11-11 17:00:00+00:00,Upper Iowa,Quincy,28,38,True,False,False,Northern Sun,Great Lakes,ii,ii,
11,regular,2023-11-11 17:00:00+00:00,South Florida,Temple,27,23,True,False,True,American Athletic,American Athletic,fbs,fbs,
11,regular,2023-11-11 17:00:00+00:00,UVA Wise,Wingate,0,27,True,False,True,South Atlantic,South Atlantic,ii,ii,
11,regular,2023-11-11 17:00:00+00:00,Amherst,Williams,21,14,True,False,True,NESCAC,NESCAC,iii,iii,
11,regular,2023-11-11 17:00:00+00:00,Tulane,Tulsa,24,22,True,False,True,American Athletic,American Athletic,fbs,fbs,
11,regular,2023-11-11 17:00:00+00:00,Belhaven,Brevard,46,19,True,False,True,USA South,USA South,iii,iii,
11,regular,2023-11-11 17:00:00+00:00,Fairmont State,Frostburg State,20,50,True,False,True,Mountain East,Mountain East,ii,ii,
11,regular,2023-11-11 17:00:00+00:00,South Carolina State,Morgan State,17,20,True,False,True,MEAC,MEAC,fcs,fcs,
11,regular,2023-11-11 17:00:00+00:00,Robert Morris,Charleston Southern,14,12,True,False,True,Big South,Big South-OVC,fcs,fcs,
11,regular,2023-11-11 17:00:00+00:00,Bates,Hamilton,7,21,True,False,True,NESCAC,NESCAC,iii,iii,
11,regular,2023-11-11 17:00:00+00:00,FDU Florham,Misericordia,3,6,True,False,True,Mid Atlantic,Mid Atlantic,iii,iii,
11,regular,2023-11-11 17:00:00+00:00,Ithaca,SUNY Cortland,28,38,True,False,False,Liberty League,Empire 8,iii,iii,
11,regular,2023-11-11 17:00:00+00:00,Wesleyan (CT),Trinity (CT),6,58,True,False,True,NESCAC,NESCAC,iii,iii,
11,regular,2023-11-11 17:00:00+00:00,Moravian,Wilkes,6,41,True,False,False,Landmark Conference,Landmark Conference,iii,iii,
11,regular,2023-11-11 17:00:00+00:00,Shepherd,Mercyhurst,49,25,True,False,True,Pennsylvania State Athletic,Pennsylvania State Athletic,ii,ii,
11,regular,2023-11-11 17:00:00+00:00,Monmouth,New Hampshire,24,31,True,False,True,Coastal Athletic,Coastal Athletic,fcs,fcs,
11,regular,2023-11-11 17:00:00+00:00,Princeton,Yale,28,36,True,False,True,Ivy,Ivy,fcs,fcs,
11,regular,2023-11-11 17:00:00+00:00,Delaware Valley,Widener,23,6,True,False,True,Mid Atlantic,Mid Atlantic,iii,iii,
11,regular,2023-11-11 17:00:00+00:00,Illinois State,Murray State,44,7,True,False,True,MVFC,MVFC,fcs,fcs,
11,regular,2023-11-11 17:00:00+00:00,Long Island University,Wagner,49,14,True,True,True,NEC,NEC,fcs,fcs,
11,regular,2023-11-11 17:00:00+00:00,UMass Dartmouth,Plymouth State,41,7,True,False,True,MSCAC,MSCAC,iii,iii,
11,regular,2023-11-11 17:00:00+00:00,Delaware State,Norfolk State,21,44,True,False,True,MEAC,MEAC,fcs,fcs,
11,regular,2023-11-11 17:30:00+00:00,Lafayette,Fordham,24,16,True,False,True,Patriot,Patriot,fcs,fcs,
11,regular,2023-11-11 17:30:00+00:00,Columbia,Brown,14,21,True,False,True,Ivy,Ivy,fcs,fcs,
11,regular,2023-11-11 17:30:00+00:00,Middlebury,Tufts,19,10,True,False,True,NESCAC,NESCAC,iii,iii,
11,regular,2023-11-11 18:00:00+00:00,Grand Valley State,Davenport,38,0,True,False,True,GLIAC,GLIAC,ii,ii,
11,regular,2023-11-11 18:00:00+00:00,Erskine,Barton,14,48,True,False,True,South Atlantic,South Atlantic,ii,ii,
11,regular,2023-11-11 18:00:00+00:00,Wittenberg,Wooster,52,24,True,False,True,North Coast,North Coast,iii,iii,
11,regular,2023-11-11 18:00:00+00:00,Lincoln (MO),Central Missouri,27,63,True,False,False,Independent DII,Mid America,ii,ii,
11,regular,2023-11-11 18:00:00+00:00,Randolph Macon,Hampden Sydney,49,10,True,False,True,Old Dominion,Old Dominion,iii,iii,
11,regular,2023-11-11 18:00:00+00:00,Colgate,Lehigh,37,21,True,False,True,Patriot,Patriot,fcs,fcs,
11,regular,2023-11-11 18:00:00+00:00,Concordia St. Paul,Wayne State (NE),21,56,True,False,True,Northern Sun,Northern Sun,ii,ii,
11,regular,2023-11-11 18:00:00+00:00,Olivet,Adrian,32,10,True,False,True,Michigan,Michigan,iii,iii,
11,regular,2023-11-11 18:00:00+00:00,Bethany (WV),Saint Vincent,21,29,True,False,True,Presidents',Presidents',iii,iii,
11,regular,2023-11-11 18:00:00+00:00,Thiel,Grove City,0,31,True,False,True,Presidents',Presidents',iii,iii,
11,regular,2023-11-11 18:00:00+00:00,Monmouth (IL),Knox,42,7,True,False,True,Midwest,Midwest,iii,iii,
11,regular,2023-11-11 18:00:00+00:00,Susquehanna,Lycoming,49,10,True,False,False,Landmark Conference,Landmark Conference,iii,iii,
11,regular,2023-11-11 18:00:00+00:00,Michigan Tech,Saginaw Valley State,21,38,True,False,True,GLIAC,GLIAC,ii,ii,
11,regular,2023-11-11 18:00:00+00:00,Bethune-Cookman,Alabama A&M,31,14,True,False,True,SWAC,SWAC,fcs,fcs,
11,regular,2023-11-11 18:00:00+00:00,Kenyon,Oberlin,38,10,True,False,True,North Coast,North Coast,iii,iii,
11,regular,2023-11-11 18:00:00+00:00,Beloit,Illinois College,7,54,True,False,True,Midwest,Midwest,iii,iii,
11,regular,2023-11-11 18:00:00+00:00,Hartwick,SUNY Morrisville,13,38,True,False,True,Empire 8,Empire 8,iii,iii,
11,regular,2023-11-11 18:00:00+00:00,Denison,Ohio Wesleyan,29,26,True,False,True,North Coast,North Coast,iii,iii,
11,regular,2023-11-11 18:00:00+00:00,King's,Alvernia,50,0,True,False,True,Mid Atlantic,Mid Atlantic,iii,iii,
11,regular,2023-11-11 18:00:00+00:00,Eastern Illinois,Tennessee State,30,17,True,False,True,Big South-OVC,Big South-OVC,fcs,fcs,
11,regular,2023-11-11 18:00:00+00:00,Valparaiso,Stetson,23,20,True,False,True,Pioneer,Pioneer,fcs,fcs,
11,regular,2023-11-11 18:00:00+00:00,Trine,Kalamazoo,42,29,True,False,True,Michigan,Michigan,iii,iii,
11,regular,2023-11-11 18:00:00+00:00,Morehead State,Davidson,47,17,True,False,True,Pioneer,Pioneer,fcs,fcs,
11,regular,2023-11-11 18:00:00+00:00,Emory & Henry,Limestone,29,47,True,False,True,South Atlantic,South Atlantic,ii,ii,
11,regular,2023-11-11 18:00:00+00:00,Hampton,William & Mary,10,31,True,False,True,Coastal Athletic,Coastal Athletic,fcs,fcs,
11,regular,2023-11-11 18:00:00+00:00,South Dakota,North Dakota,14,10,True,False,True,MVFC,MVFC,fcs,fcs,
11,regular,2023-11-11 18:00:00+00:00,Westminster (PA),Geneva,35,14,True,False,True,Presidents',Presidents',iii,iii,
11,regular,2023-11-11 18:00:00+00:00,New Haven,Bentley,24,17,True,False,True,Northeast 10,Northeast 10,ii,ii,
11,regular,2023-11-11 18:00:00+00:00,Rockford,Concordia Chicago,61,41,True,False,True,NACC,NACC,iii,iii,
11,regular,2023-11-11 18:00:00+00:00,Trinity (TX),Hendrix,56,7,True,False,True,Southern Athletic,Southern Athletic,iii,iii,
11,regular,2023-11-11 18:00:00+00:00,Shenandoah,Washington and Lee,21,40,True,False,True,Old Dominion,Old Dominion,iii,iii,
11,regular,2023-11-11 18:00:00+00:00,Lake Forest,Chicago,14,15,True,False,True,Midwest,Midwest,iii,iii,
11,regular,2023-11-11 18:00:00+00:00,Mars Hill,Newberry,21,14,True,False,True,South Atlantic,South Atlantic,ii,ii,
11,regular,2023-11-11 18:00:00+00:00,Augustana (IL),North Central College,17,61,True,False,True,CCIW,CCIW,iii,iii,
11,regular,2023-11-11 18:00:00+00:00,Shippensburg,Gannon,17,10,True,False,True,Pennsylvania State Athletic,Pennsylvania State Athletic,ii,ii,
11,regular,2023-11-11 18:00:00+00:00,Carson Newman,Catawba,14,24,True,False,True,South Atlantic,South Atlantic,ii,ii,
11,regular,2023-11-11 18:00:00+00:00,West Liberty,Wheeling,31,3,True,False,True,Mountain East,Mountain East,ii,ii,
11,regular,2023-11-11 18:00:00+00:00,Campbell,Delaware,7,45,True,False,True,Coastal Athletic,CAA,fcs,fcs,
11,regular,2023-11-11 18:00:00+00:00,Western Carolina,East Tennessee State,58,7,True,False,True,Southern,Southern,fcs,fcs,
11,regular,2023-11-11 18:00:00+00:00,Washington & Jefferson,Waynesburg,33,28,True,False,True,Presidents',Presidents',iii,iii,
11,regular,2023-11-11 18:00:00+00:00,Catholic,Juniata,34,20,True,False,False,Landmark Conference,Landmark Conference,iii,iii,
11,regular,2023-11-11 18:00:00+00:00,Stevenson,Eastern,26,23,True,False,True,Mid Atlantic,Mid Atlantic,iii,iii,
11,regular,2023-11-11 18:00:00+00:00,Springfield,SUNY Maritime,51,6,True,False,True,NEWMAC,NEWMAC,iii,iii,
11,regular,2023-11-11 18:00:00+00:00,Ferris State,Wayne State (MI),63,19,True,False,True,GLIAC,GLIAC,ii,ii,
11,regular,2023-11-11 18:00:00+00:00,Harvard,Pennsylvania,25,23,True,False,True,Ivy,Ivy,fcs,fcs,
11,regular,2023-11-11 18:00:00+00:00,Northern Michigan,Northern State,20,44,True,False,False,GLIAC,Northern Sun,ii,ii,
11,regular,2023-11-11 18:00:00+00:00,Lock Haven,Edinboro,30,36,True,False,True,Pennsylvania State Athletic,Pennsylvania State Athletic,ii,ii,
11,regular,2023-11-11 18:00:00+00:00,West Florida,Chowan,52,6,True,True,True,Gulf South,Gulf South,ii,ii,
11,regular,2023-11-11 18:00:00+00:00,Shorter,West Alabama,9,28,True,False,True,Gulf South,Gulf South,ii,ii,
11,regular,2023-11-11 18:00:00+00:00,Dayton,Marist,35,6,True,False,True,Pioneer,Pioneer,fcs,fcs,
11,regular,2023-11-11 18:00:00+00:00,Minnesota St Moorhead,University of Mary,35,7,True,False,True,Northern Sun,Northern Sun,ii,ii,
11,regular,2023-11-11 18:00:00+00:00,Southwest Minnesota State,Sioux Falls,28,10,True,False,True,Northern Sun,Northern Sun,ii,ii,
11,regular,2023-11-11 18:00:00+00:00,Lawrence,Ripon,34,55,True,False,True,Midwest,Midwest,iii,iii,
11,regular,2023-11-11 18:00:00+00:00,Bucknell,Georgetown,47,50,True,False,True,Patriot,Patriot,fcs,fcs,
11,regular,2023-11-11 18:00:00+00:00,Albion,Alma,14,50,True,False,True,Michigan,Michigan,iii,iii,
11,regular,2023-11-11 18:00:00+00:00,Utica,St. John Fisher,14,0,True,False,True,Empire 8,Empire 8,iii,iii,
11,regular,2023-11-11 18:00:00+00:00,Ursinus,Dickinson,21,10,True,False,True,Centennial,Centennial,iii,iii,
11,regular,2023-11-11 18:00:00+00:00,Minnesota State,Minnesota Duluth,21,33,True,False,True,Northern Sun,Northern Sun,ii,ii,
11,regular,2023-11-11 18:00:00+00:00,Southwestern U,Sewanee,24,0,True,False,True,Southern Athletic,Southern Athletic,iii,iii,
11,regular,2023-11-11 18:00:00+00:00,Indiana State,Western Illinois,27,6,True,False,True,MVFC,MVFC,fcs,fcs,
11,regular,2023-11-11 18:00:00+00:00,Rhode Island,North Carolina A&T,31,24,True,False,True,Coastal Athletic,Coastal Athletic,fcs,fcs,
11,regular,2023-11-11 18:00:00+00:00,Villanova,Towson,33,10,True,False,True,Coastal Athletic,Coastal Athletic,fcs,fcs,
11,regular,2023-11-11 18:00:00+00:00,Glenville State,West Virginia Wesleyan,41,3,True,False,True,Mountain East,Mountain East,ii,ii,
11,regular,2023-11-11 18:00:00+00:00,Hillsdale,Ohio Dominican,35,17,True,False,True,Great Midwest Athletic,Great Midwest Athletic,ii,ii,
11,regular,2023-11-11 18:00:00+00:00,Franklin & Marshall,Gettysburg,35,10,True,False,True,Centennial,Centennial,iii,iii,
11,regular,2023-11-11 18:00:00+00:00,Grinnell,Cornell (IA),20,51,True,False,True,Midwest,Midwest,iii,iii,
11,regular,2023-11-11 18:00:00+00:00,Buffalo State,St. Lawrence,7,30,True,False,True,Liberty League,Liberty League,iii,iii,
11,regular,2023-11-11 18:00:00+00:00,Maryville (TN),Southern Virginia,48,10,True,False,True,USA South,USA South,iii,iii,
11,regular,2023-11-11 18:00:00+00:00,Luther,Dubuque,10,42,True,False,True,American Rivers,American Rivers,iii,iii,
11,regular,2023-11-11 18:00:00+00:00,Averett,Ferrum,38,10,True,False,True,Old Dominion,Old Dominion,iii,iii,
11,regular,2023-11-11 18:00:00+00:00,Liberty,Old Dominion,38,10,True,False,False,Conference USA,Sun Belt,fbs,fbs,
11,regular,2023-11-11 18:00:00+00:00,Stony Brook,UAlbany,20,38,True,False,True,Coastal Athletic,Coastal Athletic,fcs,fcs,
11,regular,2023-11-11 18:00:00+00:00,Franklin Pierce,American International,21,10,True,True,True,Northeast 10,Northeast 10,ii,ii,
11,regular,2023-11-11 18:00:00+00:00,Greenville,Crown,64,20,True,False,True,Upper Midwest,Upper Midwest,iii,iii,
11,regular,2023-11-11 18:00:00+00:00,Centre,Birmingham-Southern,10,6,True,False,True,Southern Athletic,Southern Athletic,iii,iii,
11,regular,2023-11-11 18:05:00+00:00,East Stroudsburg,California (PA),37,30,True,False,True,Pennsylvania State Athletic,Pennsylvania State Athletic,ii,ii,
11,regular,2023-11-11 18:07:00+00:00,Wabash,DePauw,30,33,True,False,True,North Coast,North Coast,iii,iii,
11,regular,2023-11-11 18:30:00+00:00,Rose Hulman,Mount St Joseph,20,68,True,False,True,Heartland,Heartland,iii,iii,
11,regular,2023-11-11 18:30:00+00:00,Hanover,Franklin,36,17,True,False,True,Heartland,Heartland,iii,iii,
11,regular,2023-11-11 18:30:00+00:00,Marietta,Muskingum,21,20,True,False,True,Ohio,Ohio,iii,iii,
11,regular,2023-11-11 18:30:00+00:00,Otterbein,John Carroll,22,37,True,False,True,Ohio,Ohio,iii,iii,
11,regular,2023-11-11 18:30:00+00:00,Manchester,Anderson (IN),37,7,True,False,True,Heartland,Heartland,iii,iii,
11,regular,2023-11-11 18:30:00+00:00,Dartmouth,Cornell,30,14,True,False,True,Ivy,Ivy,fcs,fcs,
11,regular,2023-11-11 18:30:00+00:00,Defiance College,Bluffton,35,42,True,False,True,Heartland,Heartland,iii,iii,
11,regular,2023-11-11 18:30:00+00:00,Furman,VMI,37,3,True,False,True,Southern,Southern,fcs,fcs,
11,regular,2023-11-11 18:30:00+00:00,Mount Union,Baldwin Wallace,41,17,True,False,True,Ohio,Ohio,iii,iii,
11,regular,2023-11-11 18:30:00+00:00,Heidelberg,Capital,31,17,True,False,True,Ohio,Ohio,iii,iii,
11,regular,2023-11-11 19:00:00+00:00,Bridgewater,Guilford,47,15,True,False,True,Old Dominion,Old Dominion,iii,iii,
11,regular,2023-11-11 19:00:00+00:00,Minnesota Morris,Northwestern (MN),42,39,True,False,True,Upper Midwest,Upper Midwest,iii,iii,
11,regular,2023-11-11 19:00:00+00:00,Charlotte,Memphis,38,44,True,False,True,American Athletic,American Athletic,fbs,fbs,
11,regular,2023-11-11 19:00:00+00:00,New Mexico Highlands,Colorado Mesa,24,38,True,False,True,Rocky Mountain,Rocky Mountain,ii,ii,
11,regular,2023-11-11 19:00:00+00:00,East Texas Baptist,Hardin Simmons,27,42,True,False,True,American Southwest,American Southwest,iii,iii,
11,regular,2023-11-11 19:00:00+00:00,Aurora,Concordia (WI),23,0,True,False,True,NACC,NACC,iii,iii,
11,regular,2023-11-11 19:00:00+00:00,Wisconsin Stevens Point,Wisconsin La Crosse,7,41,True,False,True,Wisconsin,Wisconsin,iii,iii,
11,regular,2023-11-11 19:00:00+00:00,Delta State,Mississippi College,41,3,True,False,True,Gulf South,Gulf South,ii,ii,
11,regular,2023-11-11 19:00:00+00:00,Lakeland,Eureka,35,34,True,False,True,NACC,NACC,iii,iii,
11,regular,2023-11-11 19:00:00+00:00,The Citadel,Wofford,3,11,True,False,True,Southern,Southern,fcs,fcs,
11,regular,2023-11-11 19:00:00+00:00,Georgia State,App State,14,42,True,False,True,Sun Belt,Sun Belt,fbs,fbs,
11,regular,2023-11-11 19:00:00+00:00,McMurry,Sul Ross State,37,23,True,False,True,American Southwest,American Southwest,iii,iii,
11,regular,2023-11-11 19:00:00+00:00,Texas Lutheran,Austin,29,10,True,False,True,American Southwest,American Southwest,iii,iii,
11,regular,2023-11-11 19:00:00+00:00,Southwest Baptist,Indianapolis,3,41,True,False,True,Great Lakes,Great Lakes,ii,ii,
11,regular,2023-11-11 19:00:00+00:00,North Park,Wheaton (IL),26,42,True,False,True,CCIW,CCIW,iii,iii,
11,regular,2023-11-11 19:00:00+00:00,Millikin,Carthage,15,24,True,False,True,CCIW,CCIW,iii,iii,
11,regular,2023-11-11 19:00:00+00:00,Illinois Wesleyan,Elmhurst,49,13,True,False,True,CCIW,CCIW,iii,iii,
11,regular,2023-11-11 19:00:00+00:00,Chadron State,South Dakota Mines,27,19,True,False,True,Rocky Mountain,Rocky Mountain,ii,ii,
11,regular,2023-11-11 19:00:00+00:00,Austin Peay,Utah Tech,30,17,True,False,True,UAC,UAC,fcs,fcs,
11,regular,2023-11-11 19:00:00+00:00,Buena Vista,Nebraska Wesleyan,25,20,True,False,True,American Rivers,American Rivers,iii,iii,
11,regular,2023-11-11 19:00:00+00:00,Richmond,Elon,38,24,True,False,True,Coastal Athletic,Coastal Athletic,fcs,fcs,
11,regular,2023-11-11 19:00:00+00:00,Western New Mexico,Eastern New Mexico,25,24,True,False,True,Lone Star,Lone Star,ii,ii,
11,regular,2023-11-11 19:00:00+00:00,Washburn,Northeastern State,45,14,True,False,True,Mid America,Mid America,ii,ii,
11,regular,2023-11-11 19:00:00+00:00,Berry,Rhodes,36,12,True,False,True,Southern Athletic,Southern Athletic,iii,iii,
11,regular,2023-11-11 19:00:00+00:00,Howard Payne,Mary Hardin Baylor,10,35,True,False,True,American Southwest,American Southwest,iii,iii,
11,regular,2023-11-11 19:00:00+00:00,Wake Forest,NC State,6,26,True,False,True,ACC,ACC,fbs,fbs,
11,regular,2023-11-11 19:00:00+00:00,Midwestern State,Texas A&M-Kingsville,21,27,True,False,True,Lone Star,Lone Star,ii,ii,
11,regular,2023-11-11 19:00:00+00:00,Colorado,Arizona,31,34,True,False,True,Pac-12,Pac-12,fbs,fbs,
11,regular,2023-11-11 19:00:00+00:00,Wisconsin Whitewater,Wisconsin Eau Claire,59,0,True,False,True,Wisconsin,Wisconsin,iii,iii,
11,regular,2023-11-11 19:00:00+00:00,Augustana (SD),Bemidji State,38,19,True,False,True,Northern Sun,Northern Sun,ii,ii,
11,regular,2023-11-11 19:00:00+00:00,UL Monroe,Troy,14,45,True,False,True,Sun Belt,Sun Belt,fbs,fbs,
11,regular,2023-11-11 19:00:00+00:00,McKendree,William Jewell,35,14,True,False,True,Great Lakes,Great Lakes,ii,ii,
11,regular,2023-11-11 19:00:00+00:00,Missouri S&T,Truman State,14,24,True,False,True,Great Lakes,Great Lakes,ii,ii,
11,regular,2023-11-11 19:00:00+00:00,Fort Hays,Emporia State,42,45,True,False,True,Mid America,Mid America,ii,ii,
11,regular,2023-11-11 19:00:00+00:00,Huntingdon,North Carolina Wesleyan,21,0,True,False,True,USA South,USA South,iii,iii,
11,regular,2023-11-11 19:00:00+00:00,Lindenwood,Bryant,3,38,True,False,True,Big South-OVC,Big South-OVC,fcs,fcs,
11,regular,2023-11-11 19:00:00+00:00,Wisconsin Oshkosh,Wisconsin River Falls,38,31,True,False,True,Wisconsin,Wisconsin,iii,iii,
11,regular,2023-11-11 19:00:00+00:00,Coe,Loras,54,14,True,False,True,American Rivers,American Rivers,iii,iii,
11,regular,2023-11-11 19:00:00+00:00,James Madison,UConn,44,6,True,False,False,Sun Belt,FBS Independents,fbs,fbs,
11,regular,2023-11-11 19:00:00+00:00,Fort Lewis,Colorado School of Mines,0,82,True,False,True,Rocky Mountain,Rocky Mountain,ii,ii,
11,regular,2023-11-11 19:00:00+00:00,Winona State,Minot State,13,7,True,False,True,Northern Sun,Northern Sun,ii,ii,
11,regular,2023-11-11 19:00:00+00:00,Anna Maria College,Vermont State Castleton,58,23,True,False,True,ECFC,ECFC,iii,iii,
11,regular,2023-11-11 19:00:00+00:00,Wilmington (OH),Ohio Northern,14,38,True,False,True,Ohio,Ohio,iii,iii,
11,regular,2023-11-11 19:00:00+00:00,Ouachita Baptist,Henderson State,27,31,True,False,True,Great American,Great American,ii,ii,
11,regular,2023-11-11 19:00:00+00:00,Drake,Presbyterian,16,14,True,False,True,Pioneer,Pioneer,fcs,fcs,
11,regular,2023-11-11 19:00:00+00:00,Simpson (IA),Central College,14,69,True,False,True,American Rivers,American Rivers,iii,iii,
11,regular,2023-11-11 19:30:00+00:00,Northwest Missouri State,Nebraska Kearney,56,7,True,False,True,Mid America,Mid America,ii,ii,
11,regular,2023-11-11 19:30:00+00:00,Tennessee Tech,Gardner-Webb,0,35,True,False,True,Big South-OVC,Big South-OVC,fcs,fcs,
11,regular,2023-11-11 20:00:00+00:00,Utah State,Nevada,41,24,True,False,True,Mountain West,Mountain West,fbs,fbs,
11,regular,2023-11-11 20:00:00+00:00,Missouri Southern State,Missouri Western,47,41,True,False,True,Mid America,Mid America,ii,ii,
11,regular,2023-11-11 20:00:00+00:00,Wisconsin Platteville,Wisconsin Stout,41,24,True,False,True,Wisconsin,Wisconsin,iii,iii,
11,regular,2023-11-11 20:00:00+00:00,Kansas State,Baylor,59,25,True,False,True,Big 12,Big 12,fbs,fbs,
11,regular,2023-11-11 20:00:00+00:00,Southern Arkansas,Arkansas Monticello,60,17,True,False,True,Great American,Great American,ii,ii,
11,regular,2023-11-11 20:00:00+00:00,Arkansas Tech,Harding,0,56,True,False,True,Great American,Great American,ii,ii,
11,regular,2023-11-11 20:00:00+00:00,CSU Pueblo,Black Hills State,42,37,True,False,True,Rocky Mountain,Rocky Mountain,ii,ii,
11,regular,2023-11-11 20:00:00+00:00,Adams State,Western Colorado,24,45,True,False,True,Rocky Mountain,Rocky Mountain,ii,ii,
11,regular,2023-11-11 20:00:00+00:00,St. Norbert,Benedictine (IL),24,0,True,False,True,NACC,NACC,iii,iii,
11,regular,2023-11-11 20:00:00+00:00,Southern,Prairie View A&M,21,27,True,False,True,SWAC,SWAC,fcs,fcs,
11,regular,2023-11-11 20:00:00+00:00,Montana State,Eastern Washington,57,14,True,False,True,Big Sky,Big Sky,fcs,fcs,
11,regular,2023-11-11 20:00:00+00:00,Northern Arizona,Northern Colorado,28,7,True,False,True,Big Sky,Big Sky,fcs,fcs,
11,regular,2023-11-11 20:00:00+00:00,Missouri State,Northern Iowa,35,16,True,False,True,MVFC,MVFC,fcs,fcs,
11,regular,2023-11-11 20:00:00+00:00,Abilene Christian,Tarleton State,30,31,True,False,True,UAC,UAC,fcs,fcs,
11,regular,2023-11-11 20:00:00+00:00,Pittsburg State,Central Oklahoma,20,10,True,False,True,Mid America,Mid America,ii,ii,
11,regular,2023-11-11 20:00:00+00:00,Southeastern Oklahoma State,East Central,24,14,True,False,True,Great American,Great American,ii,ii,
11,regular,2023-11-11 20:00:00+00:00,Southern Nazarene,Oklahoma Baptist,49,21,True,False,True,Great American,Great American,ii,ii,
11,regular,2023-11-11 20:00:00+00:00,Louisiana Tech,Sam Houston,27,42,True,False,True,Conference USA,Conference USA,fbs,fbs,
11,regular,2023-11-11 20:00:00+00:00,Weber State,Idaho,31,29,True,False,True,Big Sky,Big Sky,fcs,fcs,
11,regular,2023-11-11 20:00:00+00:00,Kennesaw State,Virginia Lynchburg,63,3,True,False,False,FCS Independents,,fcs,,
11,regular,2023-11-11 20:00:00+00:00,UT Permian Basin,Central Washington,42,14,True,False,True,Lone Star,Lone Star,ii,ii,
11,regular,2023-11-11 20:00:00+00:00,Mississippi Valley State,Alabama State,3,20,True,False,True,SWAC,SWAC,fcs,fcs,
11,regular,2023-11-11 20:00:00+00:00,Mercer,Samford,28,21,True,False,True,Southern,Southern,fcs,fcs,
11,regular,2023-11-11 20:00:00+00:00,Incarnate Word,Northwestern State,1,0,True,False,True,Southland,Southland,fcs,fcs,
11,regular,2023-11-11 20:00:00+00:00,UT Martin,Southeast Missouri State,41,14,True,False,True,Big South-OVC,Big South-OVC,fcs,fcs,
11,regular,2023-11-11 20:30:00+00:00,Howard,North Carolina Central,50,20,True,False,True,MEAC,MEAC,fcs,fcs,
11,regular,2023-11-11 20:30:00+00:00,Navy,UAB,31,6,True,False,True,American Athletic,American Athletic,fbs,fbs,
11,regular,2023-11-11 20:30:00+00:00,Florida State,Miami,27,20,True,False,True,ACC,ACC,fbs,fbs,
11,regular,2023-11-11 20:30:00+00:00,Missouri,Tennessee,36,7,True,False,True,SEC,SEC,fbs,fbs,
11,regular,2023-11-11 20:30:00+00:00,Purdue,Minnesota,49,30,True,False,True,Big Ten,Big Ten,fbs,fbs,
11,regular,2023-11-11 20:30:00+00:00,Wisconsin,Northwestern,10,24,True,False,True,Big Ten,Big Ten,fbs,fbs,
11,regular,2023-11-11 20:30:00+00:00,Coastal Carolina,Texas State,31,23,True,False,True,Sun Belt,Sun Belt,fbs,fbs,
11,regular,2023-11-11 20:30:00+00:00,UCF,Oklahoma State,45,3,True,False,True,Big 12,Big 12,fbs,fbs,
11,regular,2023-11-11 20:30:00+00:00,Washington,Utah,35,28,True,False,True,Pac-12,Pac-12,fbs,fbs,
11,regular,2023-11-11 20:30:00+00:00,Western Kentucky,New Mexico State,29,38,True,False,True,Conference USA,Conference USA,fbs,fbs,
11,regular,2023-11-11 20:30:00+00:00,Syracuse,Pittsburgh,28,13,True,True,True,ACC,ACC,fbs,fbs,
11,regular,2023-11-11 20:30:00+00:00,North Dakota State,Southern Illinois,34,10,True,False,True,MVFC,MVFC,fcs,fcs,
11,regular,2023-11-11 20:30:00+00:00,Middle Tennessee,Florida International,40,6,True,False,True,Conference USA,Conference USA,fbs,fbs,
11,regular,2023-11-11 20:30:00+00:00,Iowa,Rutgers,22,0,True,False,True,Big Ten,Big Ten,fbs,fbs,
11,regular,2023-11-11 21:00:00+00:00,Nicholls,Lamar,37,24,True,False,True,Southland,Southland,fcs,fcs,
11,regular,2023-11-11 21:00:00+00:00,Willamette,Lewis & Clark,13,63,True,False,True,Northwest,Northwest,iii,iii,
11,regular,2023-11-11 21:00:00+00:00,Puget Sound,Pacific Lutheran,7,42,True,False,True,Northwest,Northwest,iii,iii,
11,regular,2023-11-11 21:00:00+00:00,Linfield,Whitworth,24,28,True,False,True,Northwest,Northwest,iii,iii,
11,regular,2023-11-11 21:00:00+00:00,UNC Pembroke,Concord,68,21,True,False,True,Mountain East,Mountain East,ii,ii,
11,regular,2023-11-11 21:00:00+00:00,Northwestern (OK),Southwestern Oklahoma State,41,0,True,False,True,Great American,Great American,ii,ii,
11,regular,2023-11-11 21:00:00+00:00,San Diego,St. Thomas (MN),14,20,True,False,True,Pioneer,Pioneer,fcs,fcs,
11,regular,2023-11-11 21:00:00+00:00,Florida Atlantic,East Carolina,7,22,True,False,True,American Athletic,American Athletic,fbs,fbs,
11,regular,2023-11-11 21:00:00+00:00,Arkansas,Auburn,10,48,True,False,True,SEC,SEC,fbs,fbs,
11,regular,2023-11-11 21:00:00+00:00,Tusculum,Lenoir Rhyne,7,48,True,False,True,South Atlantic,South Atlantic,ii,ii,
11,regular,2023-11-11 21:00:00+00:00,California,Washington State,42,39,True,False,True,Pac-12,Pac-12,fbs,fbs,
11,regular,2023-11-11 21:30:00+00:00,East Texas A&M,SE Louisiana,14,52,True,False,True,Southland,Southland,fcs,fcs,
11,regular,2023-11-11 22:00:00+00:00,Central Arkansas,Eastern Kentucky,27,24,True,False,True,UAC,UAC,fcs,fcs,
11,regular,2023-11-11 22:00:00+00:00,Mayville State,Martin Luther,45,20,True,True,False,,Upper Midwest,,iii,
11,regular,2023-11-11 22:00:00+00:00,Sacramento State,Cal Poly,41,30,True,False,True,Big Sky,Big Sky,fcs,fcs,
11,regular,2023-11-11 22:00:00+00:00,Kentucky Wesleyan,Ashland,23,56,True,False,True,Great Midwest Athletic,Great Midwest Athletic,ii,ii,
11,regular,2023-11-11 22:00:00+00:00,Colby,Bowdoin,14,35,True,False,True,NESCAC,NESCAC,iii,iii,
11,regular,2023-11-11 22:00:00+00:00,Johns Hopkins,McDaniel,58,7,True,False,True,Centennial,Centennial,iii,iii,
11,regular,2023-11-11 22:00:00+00:00,Stephen F. Austin,Southern Utah,17,45,True,False,True,UAC,UAC,fcs,fcs,
11,regular,2023-11-11 22:00:00+00:00,South Alabama,Arkansas State,21,14,True,False,True,Sun Belt,Sun Belt,fbs,fbs,
11,regular,2023-11-11 22:30:00+00:00,Oregon State,Stanford,62,17,True,False,True,Pac-12,Pac-12,fbs,fbs,
11,regular,2023-11-11 23:00:00+00:00,MIT,WPI,25,21,True,False,True,NEWMAC,NEWMAC,iii,iii,
11,regular,2023-11-11 23:00:00+00:00,Idaho State,UC Davis,14,21,True,False,True,Big Sky,Big Sky,fcs,fcs,
11,regular,2023-11-11 23:00:00+00:00,Montclair State,Muhlenberg,14,45,True,False,False,New Jersey,Centennial,iii,iii,
11,regular,2023-11-11 23:00:00+00:00,Washington St. Louis,Carroll (WI),35,23,True,False,True,CCIW,CCIW,iii,iii,
11,regular,2023-11-12 00:00:00+00:00,George Fox,Pacific (OR),45,42,True,False,True,Northwest,Northwest,iii,iii,
11,regular,2023-11-12 00:00:00+00:00,Marshall,Georgia Southern,38,33,True,False,True,Sun Belt,Sun Belt,fbs,fbs,
11,regular,2023-11-12 00:00:00+00:00,Valdosta State,West Georgia,58,28,True,False,True,Gulf South,Gulf South,ii,ii,
11,regular,2023-11-12 00:00:00+00:00,Carnegie Mellon,Case Western Reserve,31,21,True,False,True,Presidents',Presidents',iii,iii,
11,regular,2023-11-12 00:00:00+00:00,Houston,Cincinnati,14,24,True,False,True,Big 12,Big 12,fbs,fbs,
11,regular,2023-11-12 00:00:00+00:00,Oklahoma,West Virginia,59,20,True,False,True,Big 12,Big 12,fbs,fbs,
11,regular,2023-11-12 00:00:00+00:00,Georgia,Ole Miss,52,17,True,False,True,SEC,SEC,fbs,fbs,
11,regular,2023-11-12 00:00:00+00:00,Colorado State,San Diego State,22,19,True,False,True,Mountain West,Mountain West,fbs,fbs,
11,regular,2023-11-12 00:00:00+00:00,Angelo State,Western Oregon,31,13,True,False,True,Lone Star,Lone Star,ii,ii,
11,regular,2023-11-12 00:30:00+00:00,TCU,Texas,26,29,True,False,True,Big 12,Big 12,fbs,fbs,
11,regular,2023-11-12 00:30:00+00:00,LSU,Florida,52,35,True,False,True,SEC,SEC,fbs,fbs,
11,regular,2023-11-12 00:30:00+00:00,UTSA,Rice,34,14,True,False,True,American Athletic,American Athletic,fbs,fbs,
11,regular,2023-11-12 00:30:00+00:00,Ohio State,Michigan State,38,3,True,False,True,Big Ten,Big Ten,fbs,fbs,
11,regular,2023-11-12 00:30:00+00:00,Texas A&M,Mississippi State,51,10,True,False,True,SEC,SEC,fbs,fbs,
11,regular,2023-11-12 01:00:00+00:00,North Carolina,Duke,47,45,True,False,True,ACC,ACC,fbs,fbs,
11,regular,2023-11-12 01:00:00+00:00,McNeese,Houston Christian,24,35,True,False,True,Southland,Southland,fcs,fcs,
11,regular,2023-11-12 02:00:00+00:00,Portland State,Montana,10,34,True,False,True,Big Sky,Big Sky,fcs,fcs,
11,regular,2023-11-12 02:00:00+00:00,UCLA,Arizona State,7,17,True,False,True,Pac-12,Pac-12,fbs,fbs,
11,regular,2023-11-12 03:00:00+00:00,Boise State,New Mexico,42,14,True,False,True,Mountain West,Mountain West,fbs,fbs,
11,regular,2023-11-12 03:15:00+00:00,BYU,Iowa State,13,45,True,False,True,Big 12,Big 12,fbs,fbs,
11,regular,2023-11-12 03:30:00+00:00,Oregon,USC,36,27,True,False,True,Pac-12,Pac-12,fbs,fbs,
11,regular,2023-11-12 03:30:00+00:00,San José State,Fresno State,42,18,True,False,True,Mountain West,Mountain West,fbs,fbs,
11,regular,2023-11-12 04:00:00+00:00,Hawai'i,Air Force,27,13,True,False,True,Mountain West,Mountain West,fbs,fbs,
11,regular,2023-11-12 04:00:00+00:00,Florida A&M,Lincoln (CA),28,0,True,False,False,SWAC,,fcs,,
11,regular,2023-11-12 17:00:00+00:00,Worcester State,Framingham State,,,False,False,True,MSCAC,MSCAC,iii,iii,
11,regular,2023-11-12 20:00:00+00:00,Texas Southern,Alcorn State,44,10,True,False,True,SWAC,SWAC,fcs,fcs,
12,regular,2023-11-15 00:00:00+00:00,Eastern Michigan,Akron,30,27,True,False,True,Mid-American,Mid-American,fbs,fbs,
12,regular,2023-11-15 00:00:00+00:00,Bowling Green,Toledo,31,32,True,False,True,Mid-American,Mid-American,fbs,fbs,
12,regular,2023-11-15 00:00:00+00:00,Northern Illinois,Western Michigan,24,0,True,False,True,Mid-American,Mid-American,fbs,fbs,
12,regular,2023-11-16 00:00:00+00:00,Ohio,Central Michigan,34,20,True,False,True,Mid-American,Mid-American,fbs,fbs,
12,regular,2023-11-16 00:00:00+00:00,Miami (OH),Buffalo,23,10,True,False,True,Mid-American,Mid-American,fbs,fbs,
12,regular,2023-11-17 00:00:00+00:00,Pittsburgh,Boston College,24,16,True,False,True,ACC,ACC,fbs,fbs,
12,regular,2023-11-17 00:00:00+00:00,SE Louisiana,Nicholls,16,21,True,False,True,Southland,Southland,fcs,fcs,
12,regular,2023-11-17 00:00:00+00:00,Alabama A&M,Mississippi Valley State,30,21,True,False,True,SWAC,SWAC,fcs,fcs,
12,regular,2023-11-18 02:00:00+00:00,UTSA,South Florida,49,21,True,False,True,American Athletic,American Athletic,fbs,fbs,
12,regular,2023-11-18 03:30:00+00:00,Washington State,Colorado,56,14,True,False,True,Pac-12,Pac-12,fbs,fbs,
12,regular,2023-11-18 17:00:00+00:00,Yale,Harvard,23,18,True,False,True,Ivy,Ivy,fcs,fcs,
12,regular,2023-11-18 17:00:00+00:00,BYU,Oklahoma,24,31,True,False,True,Big 12,Big 12,fbs,fbs,
12,regular,2023-11-18 17:00:00+00:00,Miami,Louisville,31,38,True,False,True,ACC,ACC,fbs,fbs,
12,regular,2023-11-18 17:00:00+00:00,Florida Atlantic,Tulane,8,24,True,False,True,American Athletic,American Athletic,fbs,fbs,
12,regular,2023-11-18 17:00:00+00:00,Merrimack,Duquesne,14,26,True,False,True,NEC,NEC,fcs,fcs,
12,regular,2023-11-18 17:00:00+00:00,Northwestern,Purdue,23,15,True,False,True,Big Ten,Big Ten,fbs,fbs,
12,regular,2023-11-18 17:00:00+00:00,Maryland,Michigan,24,31,True,False,True,Big Ten,Big Ten,fbs,fbs,
12,regular,2023-11-18 17:00:00+00:00,Indiana,Michigan State,21,24,True,False,True,Big Ten,Big Ten,fbs,fbs,
12,regular,2023-11-18 17:00:00+00:00,Wagner,Post,48,21,True,False,False,NEC,Independent DII,fcs,ii,
12,regular,2023-11-18 17:00:00+00:00,Lehigh,Lafayette,21,49,True,False,True,Patriot,Patriot,fcs,fcs,
12,regular,2023-11-18 17:00:00+00:00,VMI,Western Carolina,27,24,True,False,True,Southern,Southern,fcs,fcs,
12,regular,2023-11-18 17:00:00+00:00,Marist,Bucknell,21,38,True,False,False,Pioneer,Patriot,fcs,fcs,
12,regular,2023-11-18 17:00:00+00:00,Central Connecticut,Saint Francis,14,49,True,False,True,NEC,NEC,fcs,fcs,
12,regular,2023-11-18 17:00:00+00:00,Robert Morris,Eastern Illinois,14,28,True,False,True,Big South,Big South-OVC,fcs,fcs,
12,regular,2023-11-18 17:00:00+00:00,Stetson,San Diego,20,47,True,False,True,Pioneer,Pioneer,fcs,fcs,
12,regular,2023-11-18 17:00:00+00:00,Texas A&M,Abilene Christian,38,10,True,False,False,SEC,UAC,fbs,fcs,
12,regular,2023-11-18 17:00:00+00:00,Ole Miss,UL Monroe,35,3,True,False,False,SEC,Sun Belt,fbs,fbs,
12,regular,2023-11-18 17:00:00+00:00,Penn State,Rutgers,27,6,True,False,True,Big Ten,Big Ten,fbs,fbs,
12,regular,2023-11-18 17:00:00+00:00,Army,Coastal Carolina,28,21,True,False,False,FBS Independents,Sun Belt,fbs,fbs,
12,regular,2023-11-18 17:00:00+00:00,Brown,Dartmouth,13,38,True,False,True,Ivy,Ivy,fcs,fcs,
12,regular,2023-11-18 17:00:00+00:00,Mississippi State,Southern Miss,41,20,True,False,False,SEC,Sun Belt,fbs,fbs,
12,regular,2023-11-18 17:00:00+00:00,UConn,Sacred Heart,31,3,True,False,False,FBS Independents,NEC,fbs,fcs,
12,regular,2023-11-18 17:00:00+00:00,Navy,East Carolina,10,0,True,False,True,American Athletic,American Athletic,fbs,fbs,
12,regular,2023-11-18 17:00:00+00:00,Holy Cross,Georgetown,31,10,True,False,True,Patriot,Patriot,fcs,fcs,
12,regular,2023-11-18 17:00:00+00:00,Alabama,Chattanooga,66,10,True,False,False,SEC,Southern,fbs,fcs,
12,regular,2023-11-18 17:00:00+00:00,Memphis,SMU,34,38,True,False,True,American Athletic,American Athletic,fbs,fbs,
12,regular,2023-11-18 17:00:00+00:00,Butler,Drake,9,13,True,False,True,Pioneer,Pioneer,fcs,fcs,
12,regular,2023-11-18 17:00:00+00:00,Wofford,Furman,19,13,True,False,True,Southern,Southern,fcs,fcs,
12,regular,2023-11-18 18:00:00+00:00,East Tennessee State,The Citadel,35,23,True,False,True,Southern,Southern,fcs,fcs,
12,regular,2023-11-18 18:00:00+00:00,William & Mary,Richmond,26,27,True,False,True,Coastal Athletic,Coastal Athletic,fcs,fcs,
12,regular,2023-11-18 18:00:00+00:00,Stonehill,Long Island University,40,23,True,False,True,NEC,NEC,fcs,fcs,
12,regular,2023-11-18 18:00:00+00:00,Bryant,Southeast Missouri State,45,21,True,False,True,Big South-OVC,Big South-OVC,fcs,fcs,
12,regular,2023-11-18 18:00:00+00:00,North Carolina A&T,Campbell,14,28,True,False,True,Coastal Athletic,Coastal Athletic,fcs,fcs,
12,regular,2023-11-18 18:00:00+00:00,Colgate,Fordham,21,14,True,False,True,Patriot,Patriot,fcs,fcs,
12,regular,2023-11-18 18:00:00+00:00,Delaware,Villanova,7,35,True,False,True,CAA,Coastal Athletic,fcs,fcs,
12,regular,2023-11-18 18:00:00+00:00,Cornell,Columbia,14,29,True,False,True,Ivy,Ivy,fcs,fcs,
12,regular,2023-11-18 18:00:00+00:00,Presbyterian,Morehead State,31,27,True,False,True,Pioneer,Pioneer,fcs,fcs,
12,regular,2023-11-18 18:00:00+00:00,Howard,Morgan State,14,7,True,False,True,MEAC,MEAC,fcs,fcs,
12,regular,2023-11-18 18:00:00+00:00,Elon,Hampton,51,14,True,False,True,Coastal Athletic,Coastal Athletic,fcs,fcs,
12,regular,2023-11-18 18:00:00+00:00,Towson,Rhode Island,31,30,True,False,True,Coastal Athletic,Coastal Athletic,fcs,fcs,
12,regular,2023-11-18 18:00:00+00:00,Gardner-Webb,Charleston Southern,34,10,True,False,True,Big South-OVC,Big South-OVC,fcs,fcs,
12,regular,2023-11-18 18:00:00+00:00,New Hampshire,Maine,44,25,True,False,True,Coastal Athletic,Coastal Athletic,fcs,fcs,
12,regular,2023-11-18 18:00:00+00:00,UAlbany,Monmouth,41,0,True,False,True,Coastal Athletic,Coastal Athletic,fcs,fcs,
12,regular,2023-11-18 18:00:00+00:00,Liberty,Massachusetts,49,25,True,False,False,Conference USA,FBS Independents,fbs,fbs,
12,regular,2023-11-18 18:00:00+00:00,Pennsylvania,Princeton,24,31,True,False,True,Ivy,Ivy,fcs,fcs,
12,regular,2023-11-18 18:00:00+00:00,Samford,UT Martin,27,17,True,False,False,Southern,Big South-OVC,fcs,fcs,
12,regular,2023-11-18 19:00:00+00:00,Jacksonville State,Louisiana Tech,56,17,True,False,True,Conference USA,Conference USA,fbs,fbs,
12,regular,2023-11-18 19:00:00+00:00,Northern Colorado,Portland State,23,27,True,False,True,Big Sky,Big Sky,fcs,fcs,
12,regular,2023-11-18 19:00:00+00:00,Eastern Kentucky,Stephen F. Austin,36,24,True,False,True,UAC,UAC,fcs,fcs,
12,regular,2023-11-18 19:00:00+00:00,North Carolina Central,Delaware State,55,14,True,False,True,MEAC,MEAC,fcs,fcs,
12,regular,2023-11-18 19:00:00+00:00,Southern Illinois,Indiana State,38,9,True,False,True,MVFC,MVFC,fcs,fcs,
12,regular,2023-11-18 19:00:00+00:00,Middle Tennessee,UTEP,34,30,True,False,True,Conference USA,Conference USA,fbs,fbs,
12,regular,2023-11-18 19:00:00+00:00,James Madison,App State,23,26,True,False,True,Sun Belt,Sun Belt,fbs,fbs,
12,regular,2023-11-18 19:00:00+00:00,Charlotte,Rice,7,28,True,False,True,American Athletic,American Athletic,fbs,fbs,
12,regular,2023-11-18 19:00:00+00:00,Ball State,Kent State,34,3,True,False,True,Mid-American,Mid-American,fbs,fbs,
12,regular,2023-11-18 19:00:00+00:00,Wyoming,Hawai'i,42,9,True,False,True,Mountain West,Mountain West,fbs,fbs,
12,regular,2023-11-18 19:00:00+00:00,Montana,Montana State,37,7,True,False,True,Big Sky,Big Sky,fcs,fcs,
12,regular,2023-11-18 19:00:00+00:00,North Dakota,Illinois State,22,21,True,False,True,MVFC,MVFC,fcs,fcs,
12,regular,2023-11-18 19:00:00+00:00,Western Illinois,South Dakota,6,48,True,False,True,MVFC,MVFC,fcs,fcs,
12,regular,2023-11-18 19:00:00+00:00,Norfolk State,South Carolina State,17,44,True,False,True,MEAC,MEAC,fcs,fcs,
12,regular,2023-11-18 19:00:00+00:00,Austin Peay,Central Arkansas,14,12,True,False,True,UAC,UAC,fcs,fcs,
12,regular,2023-11-18 19:00:00+00:00,St. Thomas (MN),Valparaiso,16,10,True,False,True,Pioneer,Pioneer,fcs,fcs,
12,regular,2023-11-18 19:00:00+00:00,Murray State,Youngstown State,17,34,True,False,True,MVFC,MVFC,fcs,fcs,
12,regular,2023-11-18 19:30:00+00:00,Arizona,Utah,42,18,True,False,True,Pac-12,Pac-12,fbs,fbs,
12,regular,2023-11-18 19:30:00+00:00,West Virginia,Cincinnati,42,21,True,False,True,Big 12,Big 12,fbs,fbs,
12,regular,2023-11-18 20:00:00+00:00,UC Davis,Sacramento State,31,21,True,False,True,Big Sky,Big Sky,fcs,fcs,
12,regular,2023-11-18 20:00:00+00:00,Prairie View A&M,Alabama State,21,14,True,False,True,SWAC,SWAC,fcs,fcs,
12,regular,2023-11-18 20:00:00+00:00,Virginia,Duke,30,27,True,False,True,ACC,ACC,fbs,fbs,
12,regular,2023-11-18 20:00:00+00:00,Tulsa,North Texas,28,35,True,False,True,American Athletic,American Athletic,fbs,fbs,
12,regular,2023-11-18 20:00:00+00:00,UAB,Temple,34,24,True,False,True,American Athletic,American Athletic,fbs,fbs,
12,regular,2023-11-18 20:00:00+00:00,Jackson State,Alcorn State,24,28,True,False,True,SWAC,SWAC,fcs,fcs,
12,regular,2023-11-18 20:00:00+00:00,Arkansas State,Texas State,77,31,True,False,True,Sun Belt,Sun Belt,fbs,fbs,
12,regular,2023-11-18 20:00:00+00:00,Houston Christian,Incarnate Word,24,45,True,False,True,Southland,Southland,fcs,fcs,
12,regular,2023-11-18 20:00:00+00:00,Colorado State,Nevada,30,20,True,False,True,Mountain West,Mountain West,fbs,fbs,
12,regular,2023-11-18 20:00:00+00:00,Tennessee State,Tennessee Tech,0,35,True,False,True,Big South-OVC,Big South-OVC,fcs,fcs,
12,regular,2023-11-18 20:00:00+00:00,Texas Southern,Arkansas-Pine Bluff,34,35,True,False,True,SWAC,SWAC,fcs,fcs,
12,regular,2023-11-18 20:00:00+00:00,South Dakota State,Missouri State,35,17,True,False,True,MVFC,MVFC,fcs,fcs,
12,regular,2023-11-18 20:00:00+00:00,Northwestern State,East Texas A&M,0,1,True,False,True,Southland,Southland,fcs,fcs,
12,regular,2023-11-18 20:30:00+00:00,Tennessee,Georgia,10,38,True,False,True,SEC,SEC,fbs,fbs,
12,regular,2023-11-18 20:30:00+00:00,Florida A&M,Bethune-Cookman,24,7,True,True,True,SWAC,SWAC,fcs,fcs,Florida Classic
12,regular,2023-11-18 20:30:00+00:00,Air Force,UNLV,27,31,True,False,True,Mountain West,Mountain West,fbs,fbs,
12,regular,2023-11-18 20:30:00+00:00,Notre Dame,Wake Forest,45,7,True,False,False,FBS Independents,ACC,fbs,fbs,
12,regular,2023-11-18 20:30:00+00:00,Western Kentucky,Sam Houston,28,23,True,False,True,Conference USA,Conference USA,fbs,fbs,
12,regular,2023-11-18 20:30:00+00:00,Iowa,Illinois,15,13,True,False,True,Big Ten,Big Ten,fbs,fbs,
12,regular,2023-11-18 20:30:00+00:00,TCU,Baylor,42,17,True,False,True,Big 12,Big 12,fbs,fbs,
12,regular,2023-11-18 20:30:00+00:00,Virginia Tech,NC State,28,35,True,False,True,ACC,ACC,fbs,fbs,
12,regular,2023-11-18 20:30:00+00:00,USC,UCLA,20,38,True,False,True,Pac-12,Pac-12,fbs,fbs,
12,regular,2023-11-18 20:30:00+00:00,Clemson,North Carolina,31,20,True,False,True,ACC,ACC,fbs,fbs,
12,regular,2023-11-18 20:30:00+00:00,Troy,Louisiana,31,24,True,False,True,Sun Belt,Sun Belt,fbs,fbs,
12,regular,2023-11-18 21:00:00+00:00,Auburn,New Mexico State,10,31,True,False,False,SEC,Conference USA,fbs,fbs,
12,regular,2023-11-18 21:00:00+00:00,Eastern Washington,Northern Arizona,42,49,True,False,True,Big Sky,Big Sky,fcs,fcs,
12,regular,2023-11-18 21:00:00+00:00,Houston,Oklahoma State,30,43,True,False,True,Big 12,Big 12,fbs,fbs,
12,regular,2023-11-18 21:00:00+00:00,Arizona State,Oregon,13,49,True,False,True,Pac-12,Pac-12,fbs,fbs,
12,regular,2023-11-18 21:00:00+00:00,Ohio State,Minnesota,37,3,True,False,True,Big Ten,Big Ten,fbs,fbs,
12,regular,2023-11-18 21:00:00+00:00,Lamar,McNeese,52,27,True,False,True,Southland,Southland,fcs,fcs,
12,regular,2023-11-18 22:00:00+00:00,Northern Iowa,North Dakota State,27,48,True,False,True,MVFC,MVFC,fcs,fcs,
12,regular,2023-11-18 22:00:00+00:00,Texas Tech,UCF,24,23,True,False,True,Big 12,Big 12,fbs,fbs,
12,regular,2023-11-18 22:00:00+00:00,South Alabama,Marshall,28,0,True,False,True,Sun Belt,Sun Belt,fbs,fbs,
12,regular,2023-11-18 23:00:00+00:00,Georgia Southern,Old Dominion,17,20,True,False,True,Sun Belt,Sun Belt,fbs,fbs,
12,regular,2023-11-18 23:30:00+00:00,Stanford,California,15,27,True,False,True,Pac-12,Pac-12,fbs,fbs,
12,regular,2023-11-18 23:30:00+00:00,Florida State,North Alabama,58,13,True,False,False,ACC,UAC,fbs,fcs,
12,regular,2023-11-19 00:00:00+00:00,Utah State,Boise State,10,45,True,False,True,Mountain West,Mountain West,fbs,fbs,
12,regular,2023-11-19 00:00:00+00:00,Davidson,Dayton,14,45,True,False,True,Pioneer,Pioneer,fcs,fcs,
12,regular,2023-11-19 00:00:00+00:00,Kansas,Kansas State,27,31,True,False,True,Big 12,Big 12,fbs,fbs,
12,regular,2023-11-19 00:00:00+00:00,Idaho,Idaho State,63,21,True,False,True,Big Sky,Big Sky,fcs,fcs,
12,regular,2023-11-19 00:00:00+00:00,Utah Tech,Southern Utah,16,24,True,False,True,UAC,UAC,fcs,fcs,
12,regular,2023-11-19 00:30:00+00:00,Oregon State,Washington,20,22,True,False,True,Pac-12,Pac-12,fbs,fbs,
12,regular,2023-11-19 00:30:00+00:00,Wisconsin,Nebraska,24,17,True,False,True,Big Ten,Big Ten,fbs,fbs,
12,regular,2023-11-19 00:30:00+00:00,Arkansas,Florida International,44,20,True,False,False,SEC,Conference USA,fbs,fbs,
12,regular,2023-11-19 00:30:00+00:00,South Carolina,Kentucky,17,14,True,False,True,SEC,SEC,fbs,fbs,
12,regular,2023-11-19 00:30:00+00:00,Missouri,Florida,33,31,True,False,True,SEC,SEC,fbs,fbs,
12,regular,2023-11-19 01:00:00+00:00,LSU,Georgia State,56,14,True,False,False,SEC,Sun Belt,fbs,fbs,
12,regular,2023-11-19 01:00:00+00:00,Iowa State,Texas,16,26,True,False,True,Big 12,Big 12,fbs,fbs,
12,regular,2023-11-19 01:00:00+00:00,Georgia Tech,Syracuse,31,22,True,False,True,ACC,ACC,fbs,fbs,
12,regular,2023-11-19 01:00:00+00:00,Cal Poly,Weber State,21,48,True,False,True,Big Sky,Big Sky,fcs,fcs,
12,regular,2023-11-19 03:30:00+00:00,Fresno State,New Mexico,17,25,True,False,True,Mountain West,Mountain West,fbs,fbs,
12,regular,2023-11-19 03:30:00+00:00,San José State,San Diego State,24,13,True,False,True,Mountain West,Mountain West,fbs,fbs,
13,regular,2023-11-22 00:00:00+00:00,Western Michigan,Bowling Green,10,34,True,False,True,Mid-American,Mid-American,fbs,fbs,
13,regular,2023-11-22 00:30:00+00:00,Buffalo,Eastern Michigan,11,24,True,False,True,Mid-American,Mid-American,fbs,fbs,
13,regular,2023-11-23 20:00:00+00:00,Alabama State,Tuskegee,41,3,True,False,False,SWAC,SIAC,fcs,ii,
13,regular,2023-11-24 00:30:00+00:00,Mississippi State,Ole Miss,7,17,True,False,True,SEC,SEC,fbs,fbs,
13,regular,2023-11-24 17:00:00+00:00,Temple,Memphis,21,45,True,False,True,American Athletic,American Athletic,fbs,fbs,
13,regular,2023-11-24 17:00:00+00:00,Akron,Ohio,14,25,True,False,True,Mid-American,Mid-American,fbs,fbs,
13,regular,2023-11-24 17:00:00+00:00,Central Michigan,Toledo,17,32,True,False,True,Mid-American,Mid-American,fbs,fbs,
13,regular,2023-11-24 17:00:00+00:00,Nebraska,Iowa,10,13,True,False,True,Big Ten,Big Ten,fbs,fbs,
13,regular,2023-11-24 17:00:00+00:00,Oklahoma,TCU,69,45,True,False,True,Big 12,Big 12,fbs,fbs,
13,regular,2023-11-24 17:00:00+00:00,Boston College,Miami,20,45,True,False,True,ACC,ACC,fbs,fbs,
13,regular,2023-11-24 20:30:00+00:00,New Mexico,Utah State,41,44,True,False,True,Mountain West,Mountain West,fbs,fbs,
13,regular,2023-11-24 20:30:00+00:00,Tulane,UTSA,29,16,True,False,True,American Athletic,American Athletic,fbs,fbs,
13,regular,2023-11-24 21:00:00+00:00,Arkansas,Missouri,14,48,True,False,True,SEC,SEC,fbs,fbs,
13,regular,2023-11-24 21:00:00+00:00,Boise State,Air Force,27,19,True,False,True,Mountain West,Mountain West,fbs,fbs,
13,regular,2023-11-25 00:30:00+00:00,Michigan State,Penn State,0,42,True,True,True,Big Ten,Big Ten,fbs,fbs,
13,regular,2023-11-25 00:30:00+00:00,Texas,Texas Tech,57,7,True,False,True,Big 12,Big 12,fbs,fbs,
13,regular,2023-11-25 01:30:00+00:00,Oregon,Oregon State,31,7,True,False,True,Pac-12,Pac-12,fbs,fbs,
13,regular,2023-11-25 17:00:00+00:00,LSU,Texas A&M,42,30,True,False,True,SEC,SEC,fbs,fbs,
13,regular,2023-11-25 17:00:00+00:00,Michigan,Ohio State,30,24,True,False,True,Big Ten,Big Ten,fbs,fbs,
13,regular,2023-11-25 17:00:00+00:00,Purdue,Indiana,35,31,True,False,True,Big Ten,Big Ten,fbs,fbs,
13,regular,2023-11-25 17:00:00+00:00,Sam Houston,Middle Tennessee,23,20,True,False,True,Conference USA,Conference USA,fbs,fbs,
13,regular,2023-11-25 17:00:00+00:00,Ball State,Miami (OH),15,17,True,False,True,Mid-American,Mid-American,fbs,fbs,
13,regular,2023-11-25 17:00:00+00:00,Kent State,Northern Illinois,27,37,True,False,True,Mid-American,Mid-American,fbs,fbs,
13,regular,2023-11-25 17:00:00+00:00,Louisville,Kentucky,31,38,True,False,False,ACC,SEC,fbs,fbs,
13,regular,2023-11-25 17:00:00+00:00,Southern Miss,Troy,17,35,True,False,True,Sun Belt,Sun Belt,fbs,fbs,
13,regular,2023-11-25 17:00:00+00:00,UCF,Houston,27,13,True,False,True,Big 12,Big 12,fbs,fbs,
13,regular,2023-11-25 17:00:00+00:00,SMU,Navy,59,14,True,False,True,American Athletic,American Athletic,fbs,fbs,
13,regular,2023-11-25 17:00:00+00:00,Duke,Pittsburgh,30,19,True,False,True,ACC,ACC,fbs,fbs,
13,regular,2023-11-25 17:00:00+00:00,Massachusetts,UConn,18,31,True,False,True,FBS Independents,FBS Independents,fbs,fbs,
13,regular,2023-11-25 18:00:00+00:00,Rice,Florida Atlantic,24,21,True,False,True,American Athletic,American Athletic,fbs,fbs,
13,regular,2023-11-25 19:00:00+00:00,Old Dominion,Georgia State,25,24,True,False,True,Sun Belt,Sun Belt,fbs,fbs,
13,regular,2023-11-25 19:00:00+00:00,North Texas,UAB,45,42,True,False,True,American Athletic,American Athletic,fbs,fbs,
13,regular,2023-11-25 19:00:00+00:00,East Carolina,Tulsa,27,29,True,False,True,American Athletic,American Athletic,fbs,fbs,
13,regular,2023-11-25 19:00:00+00:00,Syracuse,Wake Forest,35,31,True,False,True,ACC,ACC,fbs,fbs,
13,regular,2023-11-25 19:00:00+00:00,Grambling,Southern,22,27,True,True,True,SWAC,SWAC,fcs,fcs,
13,regular,2023-11-25 20:00:00+00:00,UNLV,San José State,31,37,True,False,True,Mountain West,Mountain West,fbs,fbs,
13,regular,2023-11-25 20:00:00+00:00,Florida International,Western Kentucky,28,41,True,False,True,Conference USA,Conference USA,fbs,fbs,
13,regular,2023-11-25 20:00:00+00:00,Louisiana,UL Monroe,52,21,True,False,True,Sun Belt,Sun Belt,fbs,fbs,
13,regular,2023-11-25 20:00:00+00:00,Utah,Colorado,23,17,True,False,True,Pac-12,Pac-12,fbs,fbs,
13,regular,2023-11-25 20:30:00+00:00,Coastal Carolina,James Madison,14,56,True,False,True,Sun Belt,Sun Belt,fbs,fbs,
13,regular,2023-11-25 20:30:00+00:00,Arizona State,Arizona,23,59,True,False,True,Pac-12,Pac-12,fbs,fbs,
13,regular,2023-11-25 20:30:00+00:00,App State,Georgia Southern,55,27,True,False,True,Sun Belt,Sun Belt,fbs,fbs,
13,regular,2023-11-25 20:30:00+00:00,Tennessee,Vanderbilt,48,24,True,False,True,SEC,SEC,fbs,fbs,
13,regular,2023-11-25 20:30:00+00:00,Virginia,Virginia Tech,17,55,True,False,True,ACC,ACC,fbs,fbs,
13,regular,2023-11-25 20:30:00+00:00,Marshall,Arkansas State,35,21,True,False,True,Sun Belt,Sun Belt,fbs,fbs,
13,regular,2023-11-25 20:30:00+00:00,Minnesota,Wisconsin,14,28,True,False,True,Big Ten,Big Ten,fbs,fbs,
13,regular,2023-11-25 20:30:00+00:00,Auburn,Alabama,24,27,True,False,True,SEC,SEC,fbs,fbs,
13,regular,2023-11-25 20:30:00+00:00,Illinois,Northwestern,43,45,True,False,True,Big Ten,Big Ten,fbs,fbs,
13,regular,2023-11-25 20:30:00+00:00,UTEP,Liberty,28,42,True,False,True,Conference USA,Conference USA,fbs,fbs,
13,regular,2023-11-25 20:30:00+00:00,Rutgers,Maryland,24,42,True,False,True,Big Ten,Big Ten,fbs,fbs,
13,regular,2023-11-25 20:30:00+00:00,Oklahoma State,BYU,40,34,True,False,True,Big 12,Big 12,fbs,fbs,
13,regular,2023-11-25 21:00:00+00:00,New Mexico State,Jacksonville State,20,17,True,False,True,Conference USA,Conference USA,fbs,fbs,
13,regular,2023-11-25 21:00:00+00:00,Washington,Washington State,24,21,True,False,True,Pac-12,Pac-12,fbs,fbs,
13,regular,2023-11-26 00:00:00+00:00,Florida,Florida State,15,24,True,False,False,SEC,ACC,fbs,fbs,
13,regular,2023-11-26 00:00:00+00:00,Texas State,South Alabama,52,44,True,False,True,Sun Belt,Sun Belt,fbs,fbs,
13,regular,2023-11-26 00:00:00+00:00,Baylor,West Virginia,31,34,True,False,True,Big 12,Big 12,fbs,fbs,
13,regular,2023-11-26 00:00:00+00:00,Stanford,Notre Dame,23,56,True,False,False,Pac-12,FBS Independents,fbs,fbs,
13,regular,2023-11-26 00:30:00+00:00,South Florida,Charlotte,48,14,True,False,True,American Athletic,American Athletic,fbs,fbs,
13,regular,2023-11-26 00:30:00+00:00,Cincinnati,Kansas,16,49,True,False,True,Big 12,Big 12,fbs,fbs,
13,regular,2023-11-26 00:30:00+00:00,South Carolina,Clemson,7,16,True,False,False,SEC,ACC,fbs,fbs,
13,regular,2023-11-26 00:30:00+00:00,Georgia Tech,Georgia,23,31,True,False,False,ACC,SEC,fbs,fbs,
13,regular,2023-11-26 01:00:00+00:00,NC State,North Carolina,39,20,True,False,True,ACC,ACC,fbs,fbs,
13,regular,2023-11-26 01:00:00+00:00,Kansas State,Iowa State,35,42,True,False,True,Big 12,Big 12,fbs,fbs,
13,regular,2023-11-26 02:00:00+00:00,Nevada,Wyoming,6,42,True,False,True,Mountain West,Mountain West,fbs,fbs,
13,regular,2023-11-26 03:30:00+00:00,San Diego State,Fresno State,33,18,True,False,True,Mountain West,Mountain West,fbs,fbs,
13,regular,2023-11-26 03:30:00+00:00,UCLA,California,7,33,True,False,True,Pac-12,Pac-12,fbs,fbs,
13,regular,2023-11-26 04:00:00+00:00,Hawai'i,Colorado State,27,24,True,False,True,Mountain West,Mountain West,fbs,fbs,
14,regular,2023-12-02 00:00:00+00:00,Liberty,New Mexico State,49,35,True,False,True,Conference USA,Conference USA,fbs,fbs,Conference USA Championship
14,regular,2023-12-02 01:00:00+00:00,Washington,Oregon,34,31,True,True,True,Pac-12,Pac-12,fbs,fbs,Pac-12 Championship
14,regular,2023-12-02 17:00:00+00:00,Texas,Oklahoma State,49,21,True,True,True,Big 12,Big 12,fbs,fbs,Dr Pepper Big 12 Championship
14,regular,2023-12-02 17:00:00+00:00,Toledo,Miami (OH),14,23,True,True,True,Mid-American,Mid-American,fbs,fbs,MAC Championship
14,regular,2023-12-02 20:00:00+00:00,UNLV,Boise State,20,44,True,False,True,Mountain West,Mountain West,fbs,fbs,Mountain West Championship
14,regular,2023-12-02 21:00:00+00:00,Alabama,Georgia,27,24,True,True,True,SEC,SEC,fbs,fbs,SEC Championship
14,regular,2023-12-02 21:00:00+00:00,Tulane,SMU,14,26,True,False,True,American Athletic,American Athletic,fbs,fbs,American Athletic Championship
14,regular,2023-12-02 21:00:00+00:00,Troy,App State,49,23,True,False,True,Sun Belt,Sun Belt,fbs,fbs,Sun Belt Championship
14,regular,2023-12-03 01:00:00+00:00,Iowa,Michigan,0,26,True,True,True,Big Ten,Big Ten,fbs,fbs,Big Ten Championship
14,regular,2023-12-03 01:00:00+00:00,Florida State,Louisville,16,6,True,True,True,ACC,ACC,fbs,fbs,ACC Championship
15,regular,2023-12-09 20:00:00+00:00,Army,Navy,17,11,True,True,False,FBS Independents,American Athletic,fbs,fbs,
1,postseason,2023-12-16 00:00:00+00:00,North Central College,SUNY Cortland,37,38,True,False,False,CCIW,Empire 8,iii,iii,Division III Championship
1,postseason,2023-12-16 00:00:00+00:00,South Dakota State,UAlbany,59,0,True,False,False,MVFC,Coastal Athletic,fcs,fcs,FCS Championship - Semifinals
1,postseason,2023-12-16 16:00:00+00:00,Ohio,Georgia Southern,41,21,True,True,False,Mid-American,Sun Belt,fbs,fbs,Myrtle Beach Bowl
1,postseason,2023-12-16 17:00:00+00:00,Florida A&M,Howard,30,26,True,True,False,SWAC,MEAC,fcs,fcs,Cricket Celebration Bowl
1,postseason,2023-12-16 18:00:00+00:00,Colorado School of Mines,Harding,7,38,True,True,False,Rocky Mountain,Great American,ii,ii,Division II Championship
1,postseason,2023-12-16 19:15:00+00:00,Louisiana,Jacksonville State,31,34,True,True,False,Sun Belt,Conference USA,fbs,fbs,R+L Carriers New Orleans Bowl
1,postseason,2023-12-16 20:30:00+00:00,App State,Miami (OH),13,9,True,True,False,Sun Belt,Mid-American,fbs,fbs,Avocados From Mexico Cure Bowl
1,postseason,2023-12-16 21:30:00+00:00,Montana,North Dakota State,31,29,True,False,False,Big Sky,MVFC,fcs,fcs,FCS Championship - Semifinals
1,postseason,2023-12-16 22:45:00+00:00,Fresno State,New Mexico State,37,10,True,True,False,Mountain West,Conference USA,fbs,fbs,Isleta New Mexico Bowl
1,postseason,2023-12-17 00:30:00+00:00,Boise State,UCLA,22,35,True,True,False,Mountain West,Pac-12,fbs,fbs,Starco Brands LA Bowl
1,postseason,2023-12-17 02:15:00+00:00,Texas Tech,California,34,14,True,True,False,Big 12,Pac-12,fbs,fbs,Radiance Technologies Independence Bowl
1,postseason,2023-12-18 19:30:00+00:00,Old Dominion,Western Kentucky,35,38,True,True,False,Sun Belt,Conference USA,fbs,fbs,Famous Toastery Bowl
1,postseason,2023-12-20 02:00:00+00:00,Marshall,UTSA,17,35,True,True,False,Sun Belt,American Athletic,fbs,fbs,Scooter's Coffee Frisco Bowl
1,postseason,2023-12-22 01:00:00+00:00,Syracuse,South Florida,0,45,True,True,False,ACC,American Athletic,fbs,fbs,RoofClaim.com Boca Raton Bowl
1,postseason,2023-12-22 23:30:00+00:00,UCF,Georgia Tech,17,30,True,True,False,Big 12,ACC,fbs,fbs,Union Home Mortgage Gasparilla Bowl
1,postseason,2023-12-23 17:00:00+00:00,Duke,Troy,17,10,True,True,False,ACC,Sun Belt,fbs,fbs,76 Birmingham Bowl
1,postseason,2023-12-23 17:00:00+00:00,Northern Illinois,Arkansas State,21,19,True,True,False,Mid-American,Sun Belt,fbs,fbs,Camellia Bowl
1,postseason,2023-12-23 20:30:00+00:00,Air Force,James Madison,31,21,True,True,False,Mountain West,Sun Belt,fbs,fbs,Lockheed Martin Armed Forces Bowl
1,postseason,2023-12-23 20:30:00+00:00,Utah State,Georgia State,22,45,True,True,False,Mountain West,Sun Belt,fbs,fbs,Famous Idaho Potato Bowl
1,postseason,2023-12-24 00:00:00+00:00,Eastern Michigan,South Alabama,10,59,True,False,False,Mid-American,Sun Belt,fbs,fbs,68 Ventures Bowl
1,postseason,2023-12-24 00:30:00+00:00,Northwestern,Utah,14,7,True,True,False,Big Ten,Pac-12,fbs,fbs,SRS Distribution Las Vegas Bowl
1,postseason,2023-12-24 03:30:00+00:00,San José State,Coastal Carolina,14,24,True,True,False,Mountain West,Sun Belt,fbs,fbs,EasyPost Hawaiʻi Bowl
1,postseason,2023-12-26 19:00:00+00:00,Minnesota,Bowling Green,30,24,True,True,False,Big Ten,Mid-American,fbs,fbs,Quick Lane Bowl
1,postseason,2023-12-26 22:30:00+00:00,Rice,Texas State,21,45,True,True,False,American Athletic,Sun Belt,fbs,fbs,SERVPRO First Responder Bowl
1,postseason,2023-12-27 02:00:00+00:00,UNLV,Kansas,36,49,True,True,False,Mountain West,Big 12,fbs,fbs,Guaranteed Rate Bowl
1,postseason,2023-12-27 19:00:00+00:00,Tulane,Virginia Tech,20,41,True,True,False,American Athletic,ACC,fbs,fbs,Military Bowl Presented by GoBowling.com
1,postseason,2023-12-27 22:30:00+00:00,West Virginia,North Carolina,30,10,True,True,False,Big 12,ACC,fbs,fbs,Duke's Mayo Bowl
1,postseason,2023-12-28 01:00:00+00:00,USC,Louisville,42,28,True,True,False,Pac-12,ACC,fbs,fbs,DIRECTV Holiday Bowl
1,postseason,2023-12-28 02:00:00+00:00,Oklahoma State,Texas A&M,31,23,True,True,False,Big 12,SEC,fbs,fbs,TaxAct Texas Bowl
1,postseason,2023-12-28 16:00:00+00:00,Boston College,SMU,23,14,True,True,False,ACC,American Athletic,fbs,fbs,Wasabi Fenway Bowl
1,postseason,2023-12-28 19:15:00+00:00,Miami,Rutgers,24,31,True,True,False,ACC,Big Ten,fbs,fbs,Bad Boy Mowers Pinstripe Bowl
1,postseason,2023-12-28 22:45:00+00:00,Kansas State,NC State,28,19,True,True,False,Big 12,ACC,fbs,fbs,Pop-Tarts Bowl
1,postseason,2023-12-29 02:15:00+00:00,Oklahoma,Arizona,24,38,True,True,False,Big 12,Pac-12,fbs,fbs,Valero Alamo Bowl
1,postseason,2023-12-29 17:00:00+00:00,Kentucky,Clemson,35,38,True,True,False,SEC,ACC,fbs,fbs,TaxSlayer Gator Bowl
1,postseason,2023-12-29 19:00:00+00:00,Notre Dame,Oregon State,40,8,True,True,False,FBS Independents,Pac-12,fbs,fbs,Tony the Tiger Sun Bowl
1,postseason,2023-12-29 20:30:00+00:00,Iowa State,Memphis,26,36,True,False,False,Big 12,American Athletic,fbs,fbs,AutoZone Liberty Bowl
1,postseason,2023-12-30 01:00:00+00:00,Ohio State,Missouri,3,14,True,True,False,Big Ten,SEC,fbs,fbs,Goodyear Cotton Bowl Classic
1,postseason,2023-12-30 17:00:00+00:00,Penn State,Ole Miss,25,38,True,True,False,Big Ten,SEC,fbs,fbs,Chick-fil-A Peach Bowl
1,postseason,2023-12-30 19:00:00+00:00,Maryland,Auburn,31,13,True,True,False,Big Ten,SEC,fbs,fbs,TransPerfect Music City Bowl
1,postseason,2023-12-30 21:00:00+00:00,Florida State,Georgia,3,63,True,True,False,ACC,SEC,fbs,fbs,Capital One Orange Bowl
1,postseason,2023-12-30 21:30:00+00:00,Wyoming,Toledo,16,15,True,True,False,Mountain West,Mid-American,fbs,fbs,Barstool Sports Arizona Bowl
1,postseason,2024-01-01 17:00:00+00:00,LSU,Wisconsin,35,31,True,True,False,SEC,Big Ten,fbs,fbs,ReliaQuest Bowl
1,postseason,2024-01-01 18:00:00+00:00,Oregon,Liberty,45,6,True,True,False,Pac-12,Conference USA,fbs,fbs,Vrbo Fiesta Bowl
1,postseason,2024-01-01 18:00:00+00:00,Tennessee,Iowa,35,0,True,True,False,SEC,Big Ten,fbs,fbs,Cheez-It Citrus Bowl
1,postseason,2024-01-01 22:00:00+00:00,Michigan,Alabama,27,20,True,True,False,Big Ten,SEC,fbs,fbs,CFP Semifinal at the Rose Bowl Game Pres. by Prudential
1,postseason,2024-01-02 01:45:00+00:00,Washington,Texas,37,31,True,True,False,Pac-12,Big 12,fbs,fbs,CFP Semifinal at the Allstate Sugar Bowl
1,postseason,2024-01-07 19:00:00+00:00,South Dakota State,Montana,23,3,True,True,False,MVFC,Big Sky,fcs,fcs,FCS Championship
1,postseason,2024-01-09 00:30:00+00:00,Michigan,Washington,34,13,True,True,False,Big Ten,Pac-12,fbs,fbs,CFP National Championship Pres. by AT&T
11,postseason,2023-11-11 17:00:00+00:00,Worcester State,Framingham State,6,41,True,False,True,MSCAC,MSCAC,iii,iii,
11,postseason,2023-11-11 18:00:00+00:00,Benedict,Albany State,47,10,True,False,True,SIAC,SIAC,ii,ii,SIAC Championship Game
11,postseason,2023-11-11 19:00:00+00:00,Bethel (MN),Gustavus Adolphus,31,7,True,False,True,Minnesota,Minnesota,iii,iii,
11,postseason,2023-11-11 19:00:00+00:00,Macalester,St. Scholastica,40,20,True,False,True,Minnesota,Minnesota,iii,iii,
11,postseason,2023-11-11 19:00:00+00:00,Concordia (MN),Saint John's (MN),21,48,True,False,True,Minnesota,Minnesota,iii,iii,
11,postseason,2023-11-11 19:00:00+00:00,Augsburg,Carleton,25,41,True,False,True,Minnesota,Minnesota,iii,iii,
11,postseason,2023-11-11 19:00:00+00:00,Hamline,St. Olaf,7,28,True,False,True,Minnesota,Minnesota,iii,iii,
11,postseason,2023-11-11 20:00:00+00:00,Fayetteville State,Virginia Union,10,21,True,False,True,CIAA,CIAA,ii,ii,
11,postseason,2023-11-11 21:00:00+00:00,Redlands,Claremont Mudd Scripps,6,21,True,False,True,So. Cal.,So. Cal.,iii,iii,
11,postseason,2023-11-11 21:00:00+00:00,Chapman,Pomona Pitzer,41,20,True,False,True,So. Cal.,So. Cal.,iii,iii,
11,postseason,2023-11-11 21:00:00+00:00,La Verne,Cal Lutheran,31,24,True,False,True,So. Cal.,So. Cal.,iii,iii,
12,postseason,2023-11-18 17:00:00+00:00,Delaware Valley,Union,16,24,True,False,False,Mid Atlantic,Liberty League,iii,iii,Division III Championship - First Round
12,postseason,2023-11-18 17:00:00+00:00,Springfield,Ithaca,7,21,True,False,False,NEWMAC,Liberty League,iii,iii,Division III Championship - First Round
12,postseason,2023-11-18 17:00:00+00:00,Alma,DePauw,32,17,True,False,False,Michigan,North Coast,iii,iii,Division III Championship - First Round
12,postseason,2023-11-18 17:00:00+00:00,Susquehanna,Grove City,20,21,True,False,False,Landmark Conference,Presidents',iii,iii,Division III Championship - First Round
12,postseason,2023-11-18 17:00:00+00:00,Johns Hopkins,Western Connecticut State,62,20,True,False,False,Centennial,MSCAC,iii,iii,Division III Championship - First Round
12,postseason,2023-11-18 17:00:00+00:00,Endicott,SUNY Cortland,17,23,True,False,False,Commonwealth Coast,Empire 8,iii,iii,Division III Championship - First Round
12,postseason,2023-11-18 17:00:00+00:00,Randolph Macon,Christopher Newport,28,20,True,False,False,Old Dominion,New Jersey,iii,iii,Division III Championship - First Round
12,postseason,2023-11-18 17:00:00+00:00,Mount Union,Alfred State,56,14,True,False,False,Ohio,ECFC,iii,iii,Division III Championship - First Round
12,postseason,2023-11-18 18:00:00+00:00,North Central College,Belhaven,65,0,True,False,False,CCIW,USA South,iii,iii,Division III Championship - First Round
12,postseason,2023-11-18 18:00:00+00:00,Wheaton (IL),Mount St Joseph,41,34,True,False,False,CCIW,Heartland,iii,iii,Division III Championship - First Round
12,postseason,2023-11-18 18:00:00+00:00,Wartburg,Illinois College,49,14,True,False,False,American Rivers,Midwest,iii,iii,Division III Championship - First Round
12,postseason,2023-11-18 18:00:00+00:00,Bowdoin,Trinity (CT),21,58,True,False,True,NESCAC,NESCAC,iii,iii,
12,postseason,2023-11-18 18:00:00+00:00,Wisconsin La Crosse,Minnesota Morris,62,7,True,False,False,Wisconsin,Upper Midwest,iii,iii,Division III Championship - First Round
12,postseason,2023-11-18 18:00:00+00:00,Bates,Williams,0,43,True,False,True,NESCAC,NESCAC,iii,iii,
12,postseason,2023-11-18 18:00:00+00:00,Charleston (WV),New Haven,52,44,True,False,False,Mountain East,Northeast 10,ii,ii,Division II Championship - First Round
12,postseason,2023-11-18 18:00:00+00:00,Slippery Rock,East Stroudsburg,45,14,True,False,True,Pennsylvania State Athletic,Pennsylvania State Athletic,ii,ii,Division II Championship - First Round
12,postseason,2023-11-18 18:00:00+00:00,Kutztown,Virginia Union,38,14,True,False,False,Pennsylvania State Athletic,CIAA,ii,ii,Division II Championship - First Round
12,postseason,2023-11-18 18:00:00+00:00,Wisconsin Whitewater,Bethel (MN),42,14,True,False,False,Wisconsin,Minnesota,iii,iii,Division III Championship - First Round
12,postseason,2023-11-18 18:00:00+00:00,Valdosta State,Limestone,62,41,True,False,False,Gulf South,South Atlantic,ii,ii,Division II Championship - First Round
12,postseason,2023-11-18 18:00:00+00:00,Grand Valley State,Ferris State,21,14,True,False,True,GLIAC,GLIAC,ii,ii,Division II Championship - First Round
12,postseason,2023-11-18 18:00:00+00:00,Colby,Middlebury,28,35,True,False,True,NESCAC,NESCAC,iii,iii,
12,postseason,2023-11-18 18:00:00+00:00,Lenoir Rhyne,Shepherd,63,17,True,False,False,South Atlantic,Pennsylvania State Athletic,ii,ii,Division II Championship - First Round
12,postseason,2023-11-18 18:00:00+00:00,Trinity (TX),Hardin Simmons,20,6,True,False,False,Southern Athletic,American Southwest,iii,iii,Division III Championship - First Round
12,postseason,2023-11-18 18:00:00+00:00,Aurora,Coe,20,7,True,False,False,NACC,American Rivers,iii,iii,Division III Championship - First Round
12,postseason,2023-11-18 19:00:00+00:00,Delta State,West Florida,49,14,True,False,True,Gulf South,Gulf South,ii,ii,Division II Championship - First Round
12,postseason,2023-11-18 19:00:00+00:00,Augustana (SD),Minnesota State,51,24,True,False,True,Northern Sun,Northern Sun,ii,ii,Division II Championship - First Round
12,postseason,2023-11-18 19:00:00+00:00,Central Missouri,Henderson State,56,14,True,False,False,Mid America,Great American,ii,ii,Division II Championship - First Round
12,postseason,2023-11-18 19:00:00+00:00,UT Permian Basin,Bemidji State,3,10,True,False,False,Lone Star,Northern Sun,ii,ii,Division II Championship - First Round
12,postseason,2023-11-18 19:00:00+00:00,Pittsburg State,Indianapolis,35,14,True,False,False,Mid America,Great Lakes,ii,ii,Division II Championship - First Round
12,postseason,2023-11-18 20:00:00+00:00,Whitworth,Chapman,42,28,True,False,False,Northwest,So. Cal.,iii,iii,Division III Championship - First Round
12,postseason,2023-11-18 20:00:00+00:00,Western Colorado,Central Washington,13,16,True,False,False,Rocky Mountain,Lone Star,ii,ii,Division II Championship - First Round
13,postseason,2023-11-25 17:00:00+00:00,Tiffin,Slippery Rock,35,45,True,False,False,Great Midwest Athletic,Pennsylvania State Athletic,ii,ii,Division II Championship - Second Round
13,postseason,2023-11-25 17:00:00+00:00,Randolph Macon,Ithaca,46,0,True,False,False,Old Dominion,Liberty League,iii,iii,Division III Championship - Second Round
13,postseason,2023-11-25 17:00:00+00:00,Johns Hopkins,Union,39,17,True,False,False,Centennial,Liberty League,iii,iii,Division III Championship - Second Round
13,postseason,2023-11-25 17:00:00+00:00,SUNY Cortland,Grove City,25,24,True,False,False,Empire 8,Presidents',iii,iii,Division III Championship - Second Round
13,postseason,2023-11-25 17:00:00+00:00,Mount Union,Alma,20,24,True,False,False,Ohio,Michigan,iii,iii,Division III Championship - Second Round
13,postseason,2023-11-25 18:00:00+00:00,Grand Valley State,Pittsburg State,24,21,True,False,False,GLIAC,Mid America,ii,ii,Division II Championship - Second Round
13,postseason,2023-11-25 18:00:00+00:00,North Dakota,Sacramento State,35,42,True,False,False,MVFC,Big Sky,fcs,fcs,FCS Championship - First Round
13,postseason,2023-11-25 18:00:00+00:00,Wisconsin Whitewater,Wheaton (IL),49,42,True,False,False,Wisconsin,CCIW,iii,iii,Division III Championship - Second Round
13,postseason,2023-11-25 18:00:00+00:00,Wartburg,Whitworth,42,20,True,False,False,American Rivers,Northwest,iii,iii,Division III Championship - Second Round
13,postseason,2023-11-25 18:00:00+00:00,North Central College,Trinity (TX),71,28,True,False,False,CCIW,Southern Athletic,iii,iii,Division III Championship - Second Round
13,postseason,2023-11-25 18:00:00+00:00,Charleston (WV),Kutztown,31,32,True,False,False,Mountain East,Pennsylvania State Athletic,ii,ii,Division II Championship - Second Round
13,postseason,2023-11-25 18:00:00+00:00,Wisconsin La Crosse,Aurora,56,35,True,False,False,Wisconsin,NACC,iii,iii,Division III Championship - Second Round
13,postseason,2023-11-25 18:00:00+00:00,Benedict,Lenoir Rhyne,25,35,True,False,False,SIAC,South Atlantic,ii,ii,Division II Championship - Second Round
13,postseason,2023-11-25 19:00:00+00:00,Bemidji State,Central Washington,17,21,True,False,False,Northern Sun,Lone Star,ii,ii,Division II Championship - Second Round
13,postseason,2023-11-25 19:00:00+00:00,Delaware,Lafayette,36,34,True,False,False,CAA,Patriot,fcs,fcs,FCS Championship - First Round
13,postseason,2023-11-25 19:00:00+00:00,Delta State,Valdosta State,31,38,True,False,True,Gulf South,Gulf South,ii,ii,Division II Championship - Second Round
13,postseason,2023-11-25 19:00:00+00:00,Colorado School of Mines,Augustana (SD),56,10,True,False,False,Rocky Mountain,Northern Sun,ii,ii,Division II Championship - Second Round
13,postseason,2023-11-25 19:00:00+00:00,Richmond,North Carolina Central,49,27,True,False,False,Coastal Athletic,MEAC,fcs,fcs,FCS Championship - First Round
13,postseason,2023-11-25 19:00:00+00:00,Harding,Central Missouri,35,34,True,False,False,Great American,Mid America,ii,ii,Division II Championship - Second Round
13,postseason,2023-11-25 20:00:00+00:00,Mercer,Gardner-Webb,17,7,True,False,False,Southern,Big South-OVC,fcs,fcs,FCS Championship - First Round
13,postseason,2023-11-25 20:00:00+00:00,Austin Peay,Chattanooga,21,24,True,False,False,UAC,Southern,fcs,fcs,FCS Championship - First Round
13,postseason,2023-11-25 20:00:00+00:00,Southern Illinois,Nicholls,35,0,True,False,False,MVFC,Southland,fcs,fcs,FCS Championship - First Round
13,postseason,2023-11-25 20:30:00+00:00,North Dakota State,Drake,66,3,True,False,False,MVFC,Pioneer,fcs,fcs,FCS Championship - First Round
13,postseason,2023-11-25 22:00:00+00:00,Youngstown State,Duquesne,40,7,True,False,False,MVFC,NEC,fcs,fcs,FCS Championship - First Round
14,postseason,2023-12-02 17:00:00+00:00,Slippery Rock,Kutztown,16,28,True,False,True,Pennsylvania State Athletic,Pennsylvania State Athletic,ii,ii,Division II Championship - Quarterfinal
14,postseason,2023-12-02 17:00:00+00:00,Villanova,Youngstown State,45,28,True,False,False,Coastal Athletic,MVFC,fcs,fcs,FCS Championship - Second Round
14,postseason,2023-12-02 17:00:00+00:00,Johns Hopkins,Randolph Macon,36,39,True,False,False,Centennial,Old Dominion,iii,iii,Division III Championship - Quarterfinal
14,postseason,2023-12-02 17:00:00+00:00,Alma,SUNY Cortland,41,58,True,False,False,Michigan,Empire 8,iii,iii,Division III Championship - Quarterfinal
14,postseason,2023-12-02 17:00:00+00:00,UAlbany,Richmond,41,13,True,False,True,Coastal Athletic,Coastal Athletic,fcs,fcs,FCS Championship - Second Round
14,postseason,2023-12-02 18:00:00+00:00,Wisconsin La Crosse,North Central College,42,55,True,False,False,Wisconsin,CCIW,iii,iii,Division III Championship - Quarterfinal
14,postseason,2023-12-02 18:00:00+00:00,Furman,Chattanooga,26,7,True,False,True,Southern,Southern,fcs,fcs,FCS Championship - Second Round
14,postseason,2023-12-02 18:00:00+00:00,Lenoir Rhyne,Valdosta State,35,7,True,False,False,South Atlantic,Gulf South,ii,ii,Division II Championship - Quarterfinal
14,postseason,2023-12-02 18:00:00+00:00,Wartburg,Wisconsin Whitewater,31,28,True,False,False,American Rivers,Wisconsin,iii,iii,Division III Championship - Quarterfinal
14,postseason,2023-12-02 19:00:00+00:00,South Dakota,Sacramento State,34,24,True,False,False,MVFC,Big Sky,fcs,fcs,FCS Championship - Second Round
14,postseason,2023-12-02 19:00:00+00:00,Harding,Grand Valley State,7,6,True,False,False,Great American,GLIAC,ii,ii,Division II Championship - Quarterfinal
14,postseason,2023-12-02 19:00:00+00:00,South Dakota State,Mercer,41,0,True,False,False,MVFC,Southern,fcs,fcs,FCS Championship - Second Round
14,postseason,2023-12-02 19:00:00+00:00,Colorado School of Mines,Central Washington,38,14,True,False,False,Rocky Mountain,Lone Star,ii,ii,Division II Championship - Quarterfinal
14,postseason,2023-12-02 20:00:00+00:00,Montana State,North Dakota State,34,35,True,False,False,Big Sky,MVFC,fcs,fcs,FCS Championship - Second Round
14,postseason,2023-12-02 21:00:00+00:00,Florida A&M,Prairie View A&M,35,14,True,False,True,SWAC,SWAC,fcs,fcs,SWAC Championship
14,postseason,2023-12-03 02:00:00+00:00,Montana,Delaware,49,19,True,False,False,Big Sky,CAA,fcs,fcs,FCS Championship - Second Round
14,postseason,2023-12-03 03:00:00+00:00,Idaho,Southern Illinois,20,17,True,False,False,Big Sky,MVFC,fcs,fcs,FCS Championship - Second Round
15,postseason,2023-12-09 02:00:00+00:00,Montana,Furman,35,28,True,False,False,Big Sky,Southern,fcs,fcs,FCS Championship - Quarterfinals
15,postseason,2023-12-09 17:00:00+00:00,South Dakota State,Villanova,23,12,True,False,False,MVFC,Coastal Athletic,fcs,fcs,FCS Championship - Quarterfinals
15,postseason,2023-12-09 17:00:00+00:00,SUNY Cortland,Randolph Macon,49,14,True,False,False,Empire 8,Old Dominion,iii,iii,Division III Championship - Semifinal
15,postseason,2023-12-09 17:00:00+00:00,Harding,Lenoir Rhyne,55,14,True,False,False,Great American,South Atlantic,ii,ii,Division II Championship - Semifinal
15,postseason,2023-12-09 19:30:00+00:00,South Dakota,North Dakota State,17,45,True,False,True,MVFC,MVFC,fcs,fcs,FCS Championship - Quarterfinals
15,postseason,2023-12-09 20:30:00+00:00,North Central College,Wartburg,34,27,True,False,False,CCIW,American Rivers,iii,iii,Division III Championship - Semifinal
15,postseason,2023-12-09 20:30:00+00:00,Colorado School of Mines,Kutztown,35,7,True,False,False,Rocky Mountain,Pennsylvania State Athletic,ii,ii,Division II Championship - Semifinal
15,postseason,2023-12-10 03:00:00+00:00,Idaho,UAlbany,22,30,True,False,False,Big Sky,Coastal Athletic,fcs,fcs,FCS Championship - Quarterfinals
