week,season_type,start_date,home_team,away_team,home_points,away_points,completed,neutral_site,conference_game,home_conference,away_conference,home_classification,away_classification,notes
1,regular,2022-08-27 16:00:00+00:00,Western Kentucky,Austin Peay,38,27,True,False,False,Conference USA,Atlantic Sun,fbs,fcs,
1,regular,2022-08-27 16:30:00+00:00,Northwestern,Nebraska,31,28,True,True,True,Big Ten,Big Ten,fbs,fbs,
1,regular,2022-08-27 19:00:00+00:00,Florida Memorial University,Edward Waters,39,34,True,True,False,,SIAC,,ii,
1,regular,2022-08-27 19:30:00+00:00,Jacksonville State,Stephen F. Austin,42,17,True,True,False,Atlantic Sun,Western Athletic,fcs,fcs,FCS Kickoff
1,regular,2022-08-27 19:30:00+00:00,UNLV,Idaho State,52,21,True,False,False,Mountain West,Big Sky,fbs,fcs,
1,regular,2022-08-27 20:00:00+00:00,Illinois,Wyoming,38,6,True,False,False,Big Ten,Mountain West,fbs,fbs,
1,regular,2022-08-27 20:00:00+00:00,Utah State,UConn,31,20,True,False,False,Mountain West,FBS Independents,fbs,fbs,
1,regular,2022-08-27 21:00:00+00:00,Florida State,Duquesne,47,7,True,False,False,ACC,NEC,fbs,fcs,
1,regular,2022-08-27 23:00:00+00:00,Alabama State,Howard,23,13,True,True,False,SWAC,MEAC,fcs,fcs,Cricket MEAC/SWAC Challenge Kickoff
1,regular,2022-08-27 23:00:00+00:00,Mercer,Morehead State,63,13,True,False,False,Southern,Pioneer,fcs,fcs,
1,regular,2022-08-27 23:00:00+00:00,Florida Atlantic,Charlotte,43,13,True,False,True,Conference USA,Conference USA,fbs,fbs,
1,regular,2022-08-28 00:15:00+00:00,North Carolina,Florida A&M,56,24,True,False,False,ACC,SWAC,fbs,fcs,
1,regular,2022-08-28 01:00:00+00:00,UTEP,North Texas,13,31,True,False,True,Conference USA,Conference USA,fbs,fbs,
1,regular,2022-08-28 02:00:00+00:00,New Mexico State,Nevada,12,23,True,False,False,FBS Independents,Mountain West,fbs,fbs,
1,regular,2022-08-28 02:30:00+00:00,Hawai'i,Vanderbilt,10,63,True,False,False,Mountain West,SEC,fbs,fbs,
1,regular,2022-09-01 18:00:00+00:00,New Mexico Highlands,Eastern New Mexico,18,34,True,False,False,Rocky Mountain,Lone Star,ii,ii,
1,regular,2022-09-01 21:30:00+00:00,Southern Connecticut State,Shepherd,7,48,True,False,False,Northeast 10,Pennsylvania State Athletic,ii,ii,
1,regular,2022-09-01 22:00:00+00:00,Saginaw Valley State,West Virginia Wesleyan,72,0,True,False,False,GLIAC,Mountain East,ii,ii,
1,regular,2022-09-01 22:00:00+00:00,Ashland,Notre Dame College,31,14,True,False,False,Great Midwest Athletic,Mountain East,ii,ii,
1,regular,2022-09-01 22:00:00+00:00,Michigan Tech,Wisconsin Platteville,23,13,True,False,False,GLIAC,Wisconsin,ii,iii,
1,regular,2022-09-01 22:00:00+00:00,Bluefield State,Johnson C. Smith,35,34,True,False,False,Independent DII,CIAA,ii,ii,
1,regular,2022-09-01 22:00:00+00:00,Clarion,West Liberty,14,21,True,False,False,Pennsylvania State Athletic,Mountain East,ii,ii,
1,regular,2022-09-01 22:00:00+00:00,Indiana State,North Alabama,17,14,True,False,False,MVFC,Atlantic Sun,fcs,fcs,
1,regular,2022-09-01 22:00:00+00:00,Chowan,Barton,3,17,True,False,False,CIAA,South Atlantic,ii,ii,
1,regular,2022-09-01 22:00:00+00:00,Campbell,The Citadel,29,10,True,False,False,Big South,Southern,fcs,fcs,
1,regular,2022-09-01 22:00:00+00:00,Wagner,Fordham,31,48,True,False,False,NEC,Patriot,fcs,fcs,
1,regular,2022-09-01 22:00:00+00:00,Tusculum,St. Augustine's,70,13,True,False,False,South Atlantic,CIAA,ii,ii,
1,regular,2022-09-01 22:00:00+00:00,Akron,Saint Francis,30,23,True,False,False,Mid-American,NEC,fbs,fcs,
1,regular,2022-09-01 22:30:00+00:00,California (PA),Fairmont State,35,15,True,False,False,Pennsylvania State Athletic,Mountain East,ii,ii,
1,regular,2022-09-01 23:00:00+00:00,Lakeland,Illinois College,20,38,True,False,False,NACC,Midwest,iii,iii,
1,regular,2022-09-01 23:00:00+00:00,Toledo,Long Island University,37,0,True,False,False,Mid-American,NEC,fbs,fcs,
1,regular,2022-09-01 23:00:00+00:00,Trine,Anderson (IN),38,0,True,False,False,Michigan,Heartland,iii,iii,
1,regular,2022-09-01 23:00:00+00:00,Millsaps,Belhaven,21,49,True,False,False,Southern Athletic,USA South,iii,iii,
1,regular,2022-09-01 23:00:00+00:00,Minnesota St Moorhead,Sioux Falls,14,27,True,False,True,Northern Sun,Northern Sun,ii,ii,
1,regular,2022-09-01 23:00:00+00:00,Minnesota Duluth,Southwest Minnesota State,31,21,True,False,True,Northern Sun,Northern Sun,ii,ii,
1,regular,2022-09-01 23:00:00+00:00,Gannon,Charleston (WV),47,13,True,False,False,Pennsylvania State Athletic,Mountain East,ii,ii,
1,regular,2022-09-01 23:00:00+00:00,Saint Anselm,Millersville,28,10,True,False,False,Northeast 10,Pennsylvania State Athletic,ii,ii,
1,regular,2022-09-01 23:00:00+00:00,Washburn,Lincoln (MO),45,3,True,False,True,Mid America,Mid America,ii,ii,
1,regular,2022-09-01 23:00:00+00:00,Grand Valley State,Colorado School of Mines,25,22,True,False,False,GLIAC,Rocky Mountain,ii,ii,
1,regular,2022-09-01 23:00:00+00:00,Quincy,Glenville State,15,44,True,False,False,Great Lakes,Mountain East,ii,ii,
1,regular,2022-09-01 23:00:00+00:00,Northern Michigan,McKendree,24,31,True,False,False,GLIAC,Great Lakes,ii,ii,
1,regular,2022-09-01 23:00:00+00:00,Southern Nazarene,Arkansas Monticello,26,40,True,False,True,Great American,Great American,ii,ii,
1,regular,2022-09-01 23:00:00+00:00,Southeastern Oklahoma State,Arkansas Tech,41,34,True,False,True,Great American,Great American,ii,ii,
1,regular,2022-09-01 23:00:00+00:00,Oklahoma Baptist,Ouachita Baptist,32,42,True,False,True,Great American,Great American,ii,ii,
1,regular,2022-09-01 23:00:00+00:00,East Central,Harding,12,29,True,False,True,Great American,Great American,ii,ii,
1,regular,2022-09-01 23:00:00+00:00,Frostburg State,American International,21,7,True,False,False,Mountain East,Northeast 10,ii,ii,
1,regular,2022-09-01 23:00:00+00:00,Pace,East Stroudsburg,31,16,True,False,False,Northeast 10,Pennsylvania State Athletic,ii,ii,
1,regular,2022-09-01 23:00:00+00:00,UCF,South Carolina State,56,10,True,False,False,American Athletic,MEAC,fbs,fcs,
1,regular,2022-09-01 23:00:00+00:00,Samford,Kennesaw State,27,17,True,False,False,Southern,Atlantic Sun,fcs,fcs,
1,regular,2022-09-01 23:00:00+00:00,Furman,North Greenville,52,0,True,False,False,Southern,Gulf South,fcs,ii,
1,regular,2022-09-01 23:00:00+00:00,Oklahoma State,Central Michigan,58,44,True,False,False,Big 12,Mid-American,fbs,fbs,
1,regular,2022-09-01 23:00:00+00:00,Pittsburgh,West Virginia,38,31,True,False,False,ACC,Big 12,fbs,fbs,
1,regular,2022-09-01 23:00:00+00:00,UVA Wise,Ferrum,41,9,True,False,False,South Atlantic,Old Dominion,ii,iii,
1,regular,2022-09-01 23:00:00+00:00,Northern State,Upper Iowa,30,0,True,False,True,Northern Sun,Northern Sun,ii,ii,
1,regular,2022-09-01 23:00:00+00:00,Bemidji State,Minnesota State,34,37,True,False,True,Northern Sun,Northern Sun,ii,ii,
1,regular,2022-09-01 23:00:00+00:00,Virginia Union,Virginia Lynchburg,77,0,True,False,False,CIAA,,ii,,
1,regular,2022-09-01 23:00:00+00:00,Wheeling,Seton Hill,25,11,True,False,False,Mountain East,Pennsylvania State Athletic,ii,ii,
1,regular,2022-09-01 23:00:00+00:00,Missouri S&T,South Dakota Mines,20,43,True,False,False,Great Lakes,Rocky Mountain,ii,ii,
1,regular,2022-09-01 23:00:00+00:00,Southern Arkansas,Northwestern (OK),62,31,True,False,True,Great American,Great American,ii,ii,
1,regular,2022-09-01 23:00:00+00:00,Stony Brook,Rhode Island,14,35,True,False,True,CAA,CAA,fcs,fcs,
1,regular,2022-09-01 23:00:00+00:00,Gardner-Webb,Limestone,56,21,True,False,False,Big South,South Atlantic,fcs,ii,
1,regular,2022-09-01 23:00:00+00:00,Valdosta State,Keiser University,36,21,True,False,False,Gulf South,,ii,,
1,regular,2022-09-01 23:00:00+00:00,Florida International,Bryant,38,37,True,False,False,Conference USA,Big South,fbs,fcs,
1,regular,2022-09-01 23:00:00+00:00,New Hampshire,Monmouth,31,21,True,False,True,CAA,CAA,fcs,fcs,
1,regular,2022-09-01 23:00:00+00:00,Tennessee,Ball State,59,10,True,False,False,SEC,Mid-American,fbs,fbs,
1,regular,2022-09-01 23:30:00+00:00,Ferris State,Central Washington,36,20,True,False,False,GLIAC,Lone Star,ii,ii,
1,regular,2022-09-01 23:30:00+00:00,Wake Forest,VMI,44,10,True,False,False,ACC,Southern,fbs,fcs,
1,regular,2022-09-01 23:30:00+00:00,UT Martin,Western Illinois,42,25,True,False,False,OVC,MVFC,fcs,fcs,
1,regular,2022-09-01 23:30:00+00:00,East Tennessee State,Mars Hill,44,7,True,False,False,Southern,South Atlantic,fcs,ii,
1,regular,2022-09-01 23:30:00+00:00,Concordia St. Paul,Augustana (SD),14,28,True,False,True,Northern Sun,Northern Sun,ii,ii,
1,regular,2022-09-02 00:00:00+00:00,Angelo State,Chadron State,35,0,True,False,False,Lone Star,Rocky Mountain,ii,ii,
1,regular,2022-09-02 00:00:00+00:00,Emporia State,Northeastern State,42,17,True,False,True,Mid America,Mid America,ii,ii,
1,regular,2022-09-02 00:00:00+00:00,Missouri Western,Central Oklahoma,35,0,True,False,True,Mid America,Mid America,ii,ii,
1,regular,2022-09-02 00:00:00+00:00,Missouri Southern State,Nebraska Kearney,7,24,True,False,True,Mid America,Mid America,ii,ii,
1,regular,2022-09-02 00:00:00+00:00,Pittsburg State,Central Missouri,21,10,True,False,True,Mid America,Mid America,ii,ii,
1,regular,2022-09-02 00:00:00+00:00,Abilene Christian,Lamar,28,14,True,False,True,Western Athletic,Southland,fcs,fcs,
1,regular,2022-09-02 00:00:00+00:00,Henderson State,Southwestern Oklahoma State,30,13,True,False,True,Great American,Great American,ii,ii,
1,regular,2022-09-02 00:00:00+00:00,Central Arkansas,Missouri State,14,27,True,False,False,Atlantic Sun,MVFC,fcs,fcs,
1,regular,2022-09-02 00:00:00+00:00,Weber State,Western Oregon,41,5,True,False,False,Big Sky,Lone Star,fcs,ii,
1,regular,2022-09-02 00:00:00+00:00,Southern Utah,St. Thomas (MN),44,13,True,False,False,Western Athletic,Pioneer,fcs,fcs,
1,regular,2022-09-02 00:00:00+00:00,UAB,Alabama A&M,59,0,True,False,False,Conference USA,SWAC,fbs,fcs,
1,regular,2022-09-02 00:00:00+00:00,Northwest Missouri State,Fort Hays,33,19,True,False,True,Mid America,Mid America,ii,ii,
1,regular,2022-09-02 00:00:00+00:00,Northern Illinois,Eastern Illinois,34,27,True,False,False,Mid-American,OVC,fbs,fcs,
1,regular,2022-09-02 00:00:00+00:00,Purdue,Penn State,31,35,True,False,True,Big Ten,Big Ten,fbs,fbs,
1,regular,2022-09-02 00:00:00+00:00,East Texas A&M,Lincoln (CA),52,7,True,False,False,Southland,,fcs,,
1,regular,2022-09-02 00:00:00+00:00,Tarleton State,Mississippi Valley State,29,13,True,False,False,Western Athletic,SWAC,fcs,fcs,
1,regular,2022-09-02 00:00:00+00:00,William Jewell,Colorado Mesa,14,37,True,False,False,Great Lakes,Rocky Mountain,ii,ii,
1,regular,2022-09-02 00:00:00+00:00,Dickinson State University,Black Hills State,2,17,True,True,False,,Rocky Mountain,,ii,
1,regular,2022-09-02 00:00:00+00:00,Missouri,Louisiana Tech,52,24,True,False,False,SEC,Conference USA,fbs,fbs,
1,regular,2022-09-02 01:00:00+00:00,Minnesota,New Mexico State,38,0,True,False,False,Big Ten,FBS Independents,fbs,fbs,
1,regular,2022-09-02 02:00:00+00:00,Arizona State,Northern Arizona,40,3,True,False,False,Pac-12,Big Sky,fbs,fcs,
1,regular,2022-09-02 02:30:00+00:00,Fresno State,Cal Poly,35,7,True,False,False,Mountain West,Big Sky,fbs,fcs,
1,regular,2022-09-02 02:30:00+00:00,San José State,Portland State,21,17,True,False,False,Mountain West,Big Sky,fbs,fcs,
1,regular,2022-09-02 22:00:00+00:00,Villanova,Lehigh,45,17,True,False,False,CAA,Patriot,fcs,fcs,
1,regular,2022-09-02 22:00:00+00:00,Salisbury,Albright,49,0,True,False,False,New Jersey,Mid Atlantic,iii,iii,
1,regular,2022-09-02 22:00:00+00:00,West Chester,Bentley,17,16,True,False,False,Pennsylvania State Athletic,Northeast 10,ii,ii,
1,regular,2022-09-02 22:30:00+00:00,Curry,MIT,20,34,True,False,False,Commonwealth Coast,NEWMAC,iii,iii,
1,regular,2022-09-02 23:00:00+00:00,Charlotte,William & Mary,24,41,True,False,False,Conference USA,CAA,fbs,fcs,
1,regular,2022-09-02 23:00:00+00:00,Alvernia,Ursinus,27,59,True,False,False,Mid Atlantic,Centennial,iii,iii,
1,regular,2022-09-02 23:00:00+00:00,Franklin & Marshall,Lebanon Valley,26,7,True,False,False,Centennial,Mid Atlantic,iii,iii,
1,regular,2022-09-02 23:00:00+00:00,Carnegie Mellon,Whitworth,35,17,True,False,False,Presidents',Northwest,iii,iii,
1,regular,2022-09-02 23:00:00+00:00,Springfield,Western New England,42,14,True,False,False,NEWMAC,Commonwealth Coast,iii,iii,
1,regular,2022-09-02 23:00:00+00:00,Old Dominion,Virginia Tech,20,17,True,False,False,Sun Belt,ACC,fbs,fbs,
1,regular,2022-09-02 23:00:00+00:00,Fitchburg State,Dean,33,28,True,False,False,MSCAC,ECFC,iii,iii,
1,regular,2022-09-02 23:00:00+00:00,Michigan State,Western Michigan,35,13,True,False,False,Big Ten,Mid-American,fbs,fbs,
1,regular,2022-09-02 23:00:00+00:00,Hobart,Alfred,36,6,True,False,False,Liberty League,Empire 8,iii,iii,
1,regular,2022-09-02 23:00:00+00:00,Merchant Marine,FDU Florham,7,17,True,False,False,NEWMAC,Mid Atlantic,iii,iii,
1,regular,2022-09-02 23:00:00+00:00,Worcester State,WPI,21,58,True,False,False,MSCAC,NEWMAC,iii,iii,
1,regular,2022-09-02 23:00:00+00:00,Eastern Michigan,Eastern Kentucky,42,34,True,False,False,Mid-American,Atlantic Sun,fbs,fcs,
1,regular,2022-09-02 23:00:00+00:00,Westfield State,Nichols,29,30,True,False,False,MSCAC,Commonwealth Coast,iii,iii,
1,regular,2022-09-02 23:00:00+00:00,Merrimack,Holy Cross,17,31,True,False,False,NEC,Patriot,fcs,fcs,
1,regular,2022-09-02 23:30:00+00:00,Duke,Temple,30,0,True,False,False,ACC,American Athletic,fbs,fbs,
1,regular,2022-09-03 00:00:00+00:00,Kansas,Tennessee Tech,56,10,True,False,False,Big 12,OVC,fbs,fcs,
1,regular,2022-09-03 00:00:00+00:00,Indiana,Illinois,23,20,True,False,True,Big Ten,Big Ten,fbs,fbs,
1,regular,2022-09-03 02:00:00+00:00,Colorado,TCU,13,38,True,False,False,Pac-12,Big 12,fbs,fbs,
1,regular,2022-09-03 16:00:00+00:00,Southwestern U,Cal Lutheran,7,37,True,False,False,American Southwest,So. Cal.,iii,iii,
1,regular,2022-09-03 16:00:00+00:00,Iowa,South Dakota State,7,3,True,False,False,Big Ten,MVFC,fbs,fcs,
1,regular,2022-09-03 16:00:00+00:00,Greensboro,Guilford,48,37,True,False,False,USA South,Old Dominion,iii,iii,
1,regular,2022-09-03 16:00:00+00:00,Robert Morris,Dayton,20,22,True,False,False,Big South,Pioneer,fcs,fcs,
1,regular,2022-09-03 16:00:00+00:00,Albion,Carthage,52,0,True,False,False,Michigan,CCIW,iii,iii,
1,regular,2022-09-03 16:00:00+00:00,The College of New Jersey,Moravian,31,13,True,False,False,New Jersey,Centennial,iii,iii,
1,regular,2022-09-03 16:00:00+00:00,Boston College,Rutgers,21,22,True,False,False,ACC,Big Ten,fbs,fbs,
1,regular,2022-09-03 16:00:00+00:00,App State,North Carolina,61,63,True,False,False,Sun Belt,ACC,fbs,fbs,
1,regular,2022-09-03 16:00:00+00:00,Assumption,Kutztown,3,0,True,False,False,Northeast 10,Pennsylvania State Athletic,ii,ii,
1,regular,2022-09-03 16:00:00+00:00,Wayland Baptist,Hardin Simmons,14,79,True,True,False,,American Southwest,,iii,
1,regular,2022-09-03 16:00:00+00:00,Salve Regina,Norwich,7,0,True,False,False,Commonwealth Coast,NEWMAC,iii,iii,
1,regular,2022-09-03 16:00:00+00:00,SUNY Cortland,Wittenberg,48,28,True,False,False,Empire 8,North Coast,iii,iii,
1,regular,2022-09-03 16:00:00+00:00,Delaware Valley,Westminster (PA),22,8,True,False,False,Mid Atlantic,Presidents',iii,iii,
1,regular,2022-09-03 16:00:00+00:00,Maryland,Buffalo,31,10,True,False,False,Big Ten,Mid-American,fbs,fbs,
1,regular,2022-09-03 16:00:00+00:00,UConn,Central Connecticut,28,3,True,False,False,FBS Independents,NEC,fbs,fcs,
1,regular,2022-09-03 16:00:00+00:00,UMass Dartmouth,Husson,35,14,True,False,False,MSCAC,Commonwealth Coast,iii,iii,
1,regular,2022-09-03 16:00:00+00:00,SUNY Morrisville,Kean,10,0,True,False,False,Empire 8,New Jersey,iii,iii,
1,regular,2022-09-03 16:00:00+00:00,Brockport,Framingham State,27,7,True,False,False,Empire 8,MSCAC,iii,iii,
1,regular,2022-09-03 16:00:00+00:00,Charleston Southern,Western Carolina,38,52,True,False,False,Big South,Southern,fcs,fcs,
1,regular,2022-09-03 16:00:00+00:00,Allegheny,Union,27,42,True,False,False,Presidents',Liberty League,iii,iii,
1,regular,2022-09-03 16:00:00+00:00,Ohio Wesleyan,Otterbein,13,21,True,False,False,North Coast,Ohio,iii,iii,
1,regular,2022-09-03 16:00:00+00:00,Bridgewater State,Ithaca,14,51,True,False,False,MSCAC,Liberty League,iii,iii,
1,regular,2022-09-03 16:00:00+00:00,Ohio Dominican,Findlay,28,14,True,False,True,Great Midwest Athletic,Great Midwest Athletic,ii,ii,
1,regular,2022-09-03 16:00:00+00:00,Marist,Georgetown,12,43,True,False,False,Pioneer,Patriot,fcs,fcs,
1,regular,2022-09-03 16:00:00+00:00,Michigan,Colorado State,51,7,True,False,False,Big Ten,Mountain West,fbs,fbs,
1,regular,2022-09-03 16:00:00+00:00,East Carolina,NC State,20,21,True,False,False,American Athletic,ACC,fbs,fbs,
1,regular,2022-09-03 16:00:00+00:00,Case Western Reserve,Johns Hopkins,14,54,True,False,False,Presidents',Centennial,iii,iii,
1,regular,2022-09-03 16:00:00+00:00,Marietta,Dubuque,14,13,True,False,False,Ohio,American Rivers,iii,iii,
1,regular,2022-09-03 16:00:00+00:00,Texas A&M,Sam Houston,31,0,True,False,False,SEC,Western Athletic,fbs,fcs,
1,regular,2022-09-03 16:00:00+00:00,Plymouth State,Vermont State Castleton,20,7,True,False,False,MSCAC,ECFC,iii,iii,
1,regular,2022-09-03 16:00:00+00:00,Navy,Delaware,7,14,True,False,False,American Athletic,CAA,fbs,fcs,
1,regular,2022-09-03 16:30:00+00:00,Lafayette,Sacred Heart,6,0,True,False,False,Patriot,NEC,fcs,fcs,
1,regular,2022-09-03 16:30:00+00:00,Virginia,Richmond,34,17,True,False,False,ACC,CAA,fbs,fcs,
1,regular,2022-09-03 17:00:00+00:00,Hartwick,SUNY Maritime,31,10,True,False,False,Empire 8,ECFC,iii,iii,
1,regular,2022-09-03 17:00:00+00:00,West Virginia State,Shippensburg,29,6,True,False,False,Mountain East,Pennsylvania State Athletic,ii,ii,
1,regular,2022-09-03 17:00:00+00:00,Kentucky State,Delta State,10,33,True,False,False,SIAC,Gulf South,ii,ii,
1,regular,2022-09-03 17:00:00+00:00,Post,Lock Haven,34,35,True,True,False,Independent DII,Pennsylvania State Athletic,ii,ii,
1,regular,2022-09-03 17:00:00+00:00,Emory & Henry,Concord,20,27,True,False,False,South Atlantic,Mountain East,ii,ii,
1,regular,2022-09-03 17:00:00+00:00,McDaniel,Catholic,27,37,True,False,False,Centennial,NEWMAC,iii,iii,
1,regular,2022-09-03 17:00:00+00:00,Kalamazoo,Oberlin,21,14,True,False,False,Michigan,North Coast,iii,iii,
1,regular,2022-09-03 17:00:00+00:00,Erskine,UFTL,49,2,True,False,False,South Atlantic,,ii,,
1,regular,2022-09-03 17:00:00+00:00,Rockford,Beloit,41,14,True,False,False,NACC,Midwest,iii,iii,
1,regular,2022-09-03 17:00:00+00:00,Ohio Northern,Alma,13,16,True,False,False,Ohio,Michigan,iii,iii,
1,regular,2022-09-03 17:00:00+00:00,DePauw,Rose Hulman,17,14,True,False,False,North Coast,Heartland,iii,iii,
1,regular,2022-09-03 17:00:00+00:00,Lycoming,Susquehanna,16,45,True,False,False,Mid Atlantic,Centennial,iii,iii,
1,regular,2022-09-03 17:00:00+00:00,William Paterson,Western Connecticut State,28,7,True,False,False,New Jersey,MSCAC,iii,iii,
1,regular,2022-09-03 17:00:00+00:00,Keystone,Wilkes,21,48,True,False,False,ECFC,Mid Atlantic,iii,iii,
1,regular,2022-09-03 17:00:00+00:00,Montclair State,Thiel,27,6,True,False,False,New Jersey,Presidents',iii,iii,
1,regular,2022-09-03 17:00:00+00:00,St. John Fisher,Buffalo State,62,21,True,False,False,Empire 8,Liberty League,iii,iii,
1,regular,2022-09-03 17:00:00+00:00,Widener,Rowan,20,42,True,False,False,Mid Atlantic,New Jersey,iii,iii,
1,regular,2022-09-03 17:00:00+00:00,Gettysburg,Bridgewater,14,29,True,False,False,Centennial,Old Dominion,iii,iii,
1,regular,2022-09-03 17:00:00+00:00,Washington & Jefferson,John Carroll,35,26,True,False,False,Presidents',Ohio,iii,iii,
1,regular,2022-09-03 17:00:00+00:00,Coe,Cornell (IA),56,7,True,False,False,American Rivers,Midwest,iii,iii,
1,regular,2022-09-03 17:00:00+00:00,Northwood,Kentucky Wesleyan,55,13,True,False,False,Great Midwest Athletic,Great Midwest Athletic,ii,ii,
1,regular,2022-09-03 17:00:00+00:00,Franklin Pierce,Edinboro,7,10,True,True,False,Northeast 10,Pennsylvania State Athletic,ii,ii,
1,regular,2022-09-03 17:00:00+00:00,Truman State,Davenport,19,20,True,False,False,Great Lakes,GLIAC,ii,ii,
1,regular,2022-09-03 17:00:00+00:00,Brevard,Shorter,6,45,True,False,False,USA South,Gulf South,iii,ii,
1,regular,2022-09-03 17:00:00+00:00,Grove City,Juniata,63,6,True,False,False,Presidents',Centennial,iii,iii,
1,regular,2022-09-03 17:00:00+00:00,Rensselaer,Dickinson,14,7,True,False,False,Liberty League,Centennial,iii,iii,
1,regular,2022-09-03 17:00:00+00:00,Butler,St. Thomas University (Fl),31,26,True,False,False,Pioneer,,fcs,,
1,regular,2022-09-03 17:00:00+00:00,Bethany (WV),Hiram,26,16,True,False,False,Presidents',North Coast,iii,iii,
1,regular,2022-09-03 17:00:00+00:00,St. Lawrence,Endicott,0,27,True,False,False,Liberty League,Commonwealth Coast,iii,iii,
1,regular,2022-09-03 17:00:00+00:00,Bowie State,New Haven,27,20,True,False,False,CIAA,Northeast 10,ii,ii,
1,regular,2022-09-03 17:00:00+00:00,Luther,Presentation,6,29,True,False,False,American Rivers,,iii,,
1,regular,2022-09-03 17:00:00+00:00,Air Force,Northern Iowa,48,17,True,False,False,Mountain West,MVFC,fbs,fcs,
1,regular,2022-09-03 17:00:00+00:00,Hope,Aurora,38,34,True,False,False,Michigan,NACC,iii,iii,
1,regular,2022-09-03 17:00:00+00:00,Alfred State,Misericordia,17,14,True,False,False,ECFC,Mid Atlantic,iii,iii,
1,regular,2022-09-03 17:00:00+00:00,Saint Vincent,Stevenson,21,25,True,False,False,Presidents',Mid Atlantic,iii,iii,
1,regular,2022-09-03 17:00:00+00:00,Sewanee,St. Scholastica,50,0,True,False,False,Southern Athletic,Minnesota,iii,iii,
1,regular,2022-09-03 17:00:00+00:00,Wabash,Hampden Sydney,52,48,True,False,False,North Coast,Old Dominion,iii,iii,
1,regular,2022-09-03 17:00:00+00:00,Methodist,Shenandoah,10,27,True,False,False,USA South,Old Dominion,iii,iii,
1,regular,2022-09-03 17:00:00+00:00,Kenyon,Bluffton,33,26,True,False,False,North Coast,Heartland,iii,iii,
1,regular,2022-09-03 17:00:00+00:00,Ripon,St. Norbert,13,10,True,False,False,Midwest,NACC,iii,iii,
1,regular,2022-09-03 17:00:00+00:00,Gallaudet,Waynesburg,14,52,True,False,False,ECFC,Presidents',iii,iii,
1,regular,2022-09-03 17:00:00+00:00,Augustana (IL),Rhodes,34,28,True,False,False,CCIW,Southern Athletic,iii,iii,
1,regular,2022-09-03 17:30:00+00:00,Mount St Joseph,Baldwin Wallace,31,28,True,False,False,Heartland,Ohio,iii,iii,
1,regular,2022-09-03 17:30:00+00:00,Mount Union,Defiance College,65,0,True,False,False,Ohio,Heartland,iii,iii,
1,regular,2022-09-03 17:30:00+00:00,Coast Guard,New England,10,17,True,False,False,NEWMAC,Commonwealth Coast,iii,iii,
1,regular,2022-09-03 18:00:00+00:00,Saint John's (MN),Wisconsin Whitewater,24,10,True,False,False,Minnesota,Wisconsin,iii,iii,
1,regular,2022-09-03 18:00:00+00:00,Knox,Westminster (MO),26,0,True,False,False,Midwest,Upper Midwest,iii,iii,
1,regular,2022-09-03 18:00:00+00:00,Bethel (MN),Pacific Lutheran,41,9,True,False,False,Minnesota,Northwest,iii,iii,
1,regular,2022-09-03 18:00:00+00:00,Eureka,Nebraska Wesleyan,6,31,True,False,False,NACC,American Rivers,iii,iii,
1,regular,2022-09-03 18:00:00+00:00,Lake Forest,Wisconsin Lutheran,42,7,True,False,False,Midwest,NACC,iii,iii,
1,regular,2022-09-03 18:00:00+00:00,Iowa State,Southeast Missouri State,42,10,True,False,False,Big 12,OVC,fbs,fcs,
1,regular,2022-09-03 18:00:00+00:00,Martin Luther,Concordia (WI),14,35,True,False,False,Upper Midwest,NACC,iii,iii,
1,regular,2022-09-03 18:00:00+00:00,Hendrix,Austin,20,0,True,False,False,Southern Athletic,American Southwest,iii,iii,
1,regular,2022-09-03 18:00:00+00:00,Minot State,Winona State,10,24,True,False,True,Northern Sun,Northern Sun,ii,ii,
1,regular,2022-09-03 18:00:00+00:00,Walsh,Tiffin,0,42,True,False,True,Great Midwest Athletic,Great Midwest Athletic,ii,ii,
1,regular,2022-09-03 18:00:00+00:00,Wisconsin Eau Claire,Loras,30,27,True,False,False,Wisconsin,American Rivers,iii,iii,
1,regular,2022-09-03 18:00:00+00:00,Delaware State,Lincoln (PA),34,0,True,False,False,MEAC,CIAA,fcs,ii,
1,regular,2022-09-03 18:00:00+00:00,Olivet,Franklin,35,31,True,False,False,Michigan,Heartland,iii,iii,
1,regular,2022-09-03 18:00:00+00:00,Jacksonville State,Davidson,35,17,True,False,False,Atlantic Sun,Pioneer,fcs,fcs,
1,regular,2022-09-03 18:00:00+00:00,Bloomsburg,Stonehill,30,33,True,False,False,Pennsylvania State Athletic,NEC,ii,fcs,
1,regular,2022-09-03 18:00:00+00:00,Concordia Chicago,Chicago,14,34,True,False,False,NACC,Midwest,iii,iii,
1,regular,2022-09-03 18:00:00+00:00,Central College,St. Olaf,44,13,True,False,False,American Rivers,Minnesota,iii,iii,
1,regular,2022-09-03 18:00:00+00:00,Elmhurst,Wisconsin River Falls,0,63,True,False,False,CCIW,Wisconsin,iii,iii,
1,regular,2022-09-03 18:00:00+00:00,McMurry,Birmingham-Southern,9,26,True,True,False,American Southwest,Southern Athletic,iii,iii,
1,regular,2022-09-03 18:00:00+00:00,Millikin,Greenville,28,14,True,False,False,CCIW,Upper Midwest,iii,iii,
1,regular,2022-09-03 18:00:00+00:00,Texas Lutheran,Howard Payne,45,59,True,False,True,American Southwest,American Southwest,iii,iii,
1,regular,2022-09-03 18:00:00+00:00,Youngstown State,Duquesne,31,14,True,False,False,MVFC,NEC,fcs,fcs,
1,regular,2022-09-03 18:00:00+00:00,Wisconsin Oshkosh,East Texas Baptist,52,13,True,False,False,Wisconsin,American Southwest,iii,iii,
1,regular,2022-09-03 18:00:00+00:00,Maryville (TN),Berry,24,31,True,False,False,USA South,Southern Athletic,iii,iii,
1,regular,2022-09-03 18:30:00+00:00,UCLA,Bowling Green,45,17,True,False,False,Pac-12,Mid-American,fbs,fbs,
1,regular,2022-09-03 19:00:00+00:00,Montana,Northwestern State,47,0,True,False,False,Big Sky,Southland,fcs,fcs,
1,regular,2022-09-03 19:00:00+00:00,Lake Erie,Hillsdale,31,35,True,False,True,Great Midwest Athletic,Great Midwest Athletic,ii,ii,
1,regular,2022-09-03 19:00:00+00:00,Willamette,Pomona Pitzer,21,44,True,False,False,Northwest,So. Cal.,iii,iii,
1,regular,2022-09-03 19:30:00+00:00,Nebraska,North Dakota,38,17,True,False,False,Big Ten,MVFC,fbs,fcs,
1,regular,2022-09-03 19:30:00+00:00,Wyoming,Tulsa,40,37,True,False,False,Mountain West,American Athletic,fbs,fbs,
1,regular,2022-09-03 19:30:00+00:00,North Dakota State,Drake,56,14,True,False,False,MVFC,Pioneer,fcs,fcs,
1,regular,2022-09-03 19:30:00+00:00,Arkansas,Cincinnati,31,24,True,False,False,SEC,American Athletic,fbs,fbs,
1,regular,2022-09-03 19:30:00+00:00,Marshall,Norfolk State,55,3,True,False,False,Sun Belt,MEAC,fbs,fcs,
1,regular,2022-09-03 19:30:00+00:00,UTSA,Houston,35,37,True,False,False,Conference USA,American Athletic,fbs,fbs,
1,regular,2022-09-03 19:30:00+00:00,Miami,Bethune-Cookman,70,13,True,False,False,ACC,SWAC,fbs,fcs,
1,regular,2022-09-03 19:30:00+00:00,Georgia,Oregon,49,3,True,True,False,SEC,Pac-12,fbs,fbs,Chick-fil-A Kickoff
1,regular,2022-09-03 19:30:00+00:00,Oklahoma,UTEP,45,13,True,False,False,Big 12,Conference USA,fbs,fbs,
1,regular,2022-09-03 19:30:00+00:00,San Diego State,Arizona,20,38,True,False,False,Mountain West,Pac-12,fbs,fbs,
1,regular,2022-09-03 20:00:00+00:00,Shaw,Wingate,7,21,True,False,False,CIAA,South Atlantic,ii,ii,
1,regular,2022-09-03 20:00:00+00:00,South Florida,BYU,21,50,True,False,False,American Athletic,FBS Independents,fbs,fbs,
1,regular,2022-09-03 20:00:00+00:00,Ole Miss,Troy,28,10,True,False,False,SEC,Sun Belt,fbs,fbs,
1,regular,2022-09-03 20:00:00+00:00,Edward Waters,Clark Atlanta,34,39,True,False,True,SIAC,SIAC,ii,ii,
1,regular,2022-09-03 20:00:00+00:00,Eastern Washington,Tennessee State,36,29,True,False,False,Big Sky,OVC,fcs,fcs,
1,regular,2022-09-03 20:00:00+00:00,Lewis & Clark,Puget Sound,41,15,True,False,True,Northwest,Northwest,iii,iii,
1,regular,2022-09-03 20:00:00+00:00,Northern Colorado,Houston Christian,34,46,True,False,False,Big Sky,Southland,fcs,fcs,
1,regular,2022-09-03 20:00:00+00:00,California,UC Davis,34,13,True,False,False,Pac-12,Big Sky,fbs,fcs,
1,regular,2022-09-03 21:00:00+00:00,South Alabama,Nicholls,48,7,True,False,False,Sun Belt,Southland,fbs,fcs,
1,regular,2022-09-03 21:00:00+00:00,Wisconsin La Crosse,Dakota State University,42,7,True,False,False,Wisconsin,,iii,,
1,regular,2022-09-03 21:30:00+00:00,Nevada,Texas State,38,14,True,False,False,Mountain West,Sun Belt,fbs,fbs,
1,regular,2022-09-03 22:00:00+00:00,Ohio,Florida Atlantic,41,38,True,False,False,Mid-American,Conference USA,fbs,fbs,
1,regular,2022-09-03 22:00:00+00:00,James Madison,Middle Tennessee,44,7,True,False,False,Sun Belt,Conference USA,fbs,fbs,
1,regular,2022-09-03 22:00:00+00:00,USC,Rice,66,14,True,False,False,Pac-12,Conference USA,fbs,fbs,
1,regular,2022-09-03 22:00:00+00:00,Georgia Southern,Morgan State,59,7,True,False,False,Sun Belt,MEAC,fbs,fcs,
1,regular,2022-09-03 22:00:00+00:00,Stetson,Concordia-Michigan,24,14,True,False,False,Pioneer,,fcs,,
1,regular,2022-09-03 22:00:00+00:00,Indianapolis,Saint Xavier,57,0,True,False,False,Great Lakes,,ii,,
1,regular,2022-09-03 22:00:00+00:00,Slippery Rock,Wayne State (MI),42,10,True,False,False,Pennsylvania State Athletic,GLIAC,ii,ii,
1,regular,2022-09-03 22:00:00+00:00,Bucknell,Towson,13,14,True,False,False,Patriot,CAA,fcs,fcs,
1,regular,2022-09-03 22:00:00+00:00,West Georgia,Carson Newman,38,7,True,False,False,Gulf South,South Atlantic,ii,ii,
1,regular,2022-09-03 22:00:00+00:00,Morehouse,West Alabama,16,24,True,False,False,SIAC,Gulf South,ii,ii,
1,regular,2022-09-03 22:00:00+00:00,Randolph Macon,North Carolina Wesleyan,49,7,True,False,False,Old Dominion,USA South,iii,iii,
1,regular,2022-09-03 22:00:00+00:00,Buena Vista,Gustavus Adolphus,20,62,True,False,False,American Rivers,Minnesota,iii,iii,
1,regular,2022-09-03 22:00:00+00:00,Newberry,Allen,40,6,True,False,False,South Atlantic,SIAC,ii,ii,
1,regular,2022-09-03 22:00:00+00:00,Lenoir Rhyne,Virginia State,38,19,True,False,False,South Atlantic,CIAA,ii,ii,
1,regular,2022-09-03 22:00:00+00:00,Finlandia University,Benedictine (IL),7,52,True,True,False,Upper Midwest,NACC,iii,iii,
1,regular,2022-09-03 22:00:00+00:00,Alderson-Broaddus,Mercyhurst,28,45,True,False,False,Mountain East,Pennsylvania State Athletic,ii,ii,
1,regular,2022-09-03 22:00:00+00:00,Hampton,Howard,31,28,True,False,False,CAA,MEAC,fcs,fcs,
1,regular,2022-09-03 22:00:00+00:00,Alabama State,Miles,21,13,True,False,False,SWAC,SIAC,fcs,ii,
1,regular,2022-09-03 22:00:00+00:00,Livingstone,Catawba,19,44,True,False,False,CIAA,South Atlantic,ii,ii,
1,regular,2022-09-03 22:00:00+00:00,Chattanooga,Wofford,31,0,True,False,True,Southern,Southern,fcs,fcs,
1,regular,2022-09-03 22:00:00+00:00,Benedict,Elizabeth City State,52,14,True,False,False,SIAC,CIAA,ii,ii,
1,regular,2022-09-03 22:00:00+00:00,Washington and Lee,Christopher Newport,3,9,True,False,False,Old Dominion,New Jersey,iii,iii,
1,regular,2022-09-03 22:30:00+00:00,University of Mary,Wayne State (NE),28,33,True,False,True,Northern Sun,Northern Sun,ii,ii,
1,regular,2022-09-03 23:00:00+00:00,Alcorn State,Stephen F. Austin,27,31,True,False,False,SWAC,Western Athletic,fcs,fcs,
1,regular,2022-09-03 23:00:00+00:00,Trinity (TX),Sul Ross State,55,7,True,False,False,Southern Athletic,American Southwest,iii,iii,
1,regular,2022-09-03 23:00:00+00:00,UT Permian Basin,Southwest Baptist,17,41,True,False,False,Lone Star,Great Lakes,ii,ii,
1,regular,2022-09-03 23:00:00+00:00,Mary Hardin Baylor,Muhlenberg,62,13,True,False,False,American Southwest,Centennial,iii,iii,
1,regular,2022-09-03 23:00:00+00:00,Southern,Florida Memorial University,86,0,True,False,False,SWAC,,fcs,,
1,regular,2022-09-03 23:00:00+00:00,Valparaiso,Indiana Wesleyan,20,17,True,False,False,Pioneer,,fcs,,
1,regular,2022-09-03 23:00:00+00:00,North Park,Manchester,14,23,True,False,False,CCIW,Heartland,iii,iii,
1,regular,2022-09-03 23:00:00+00:00,Heidelberg,Adrian,31,0,True,False,False,Ohio,Michigan,iii,iii,
1,regular,2022-09-03 23:00:00+00:00,Midwestern State,CSU Pueblo,27,59,True,False,False,Lone Star,Rocky Mountain,ii,ii,
1,regular,2022-09-03 23:00:00+00:00,Huntingdon,Linfield,34,41,True,False,False,USA South,Northwest,iii,iii,
1,regular,2022-09-03 23:00:00+00:00,Incarnate Word,Southern Illinois,64,29,True,False,False,Southland,MVFC,fcs,fcs,
1,regular,2022-09-03 23:00:00+00:00,West Florida,Warner,52,3,True,True,False,Gulf South,,ii,,
1,regular,2022-09-03 23:00:00+00:00,Denison,Capital,48,31,True,False,False,North Coast,Ohio,iii,iii,
1,regular,2022-09-03 23:00:00+00:00,Albany State,Mississippi College,28,14,True,False,False,SIAC,Gulf South,ii,ii,
1,regular,2022-09-03 23:00:00+00:00,Fayetteville State,UNC Pembroke,15,13,True,False,False,CIAA,Mountain East,ii,ii,
1,regular,2022-09-03 23:00:00+00:00,Louisiana,SE Louisiana,24,7,True,False,False,Sun Belt,Southland,fbs,fcs,
1,regular,2022-09-03 23:00:00+00:00,Auburn,Mercer,42,16,True,False,False,SEC,Southern,fbs,fcs,
1,regular,2022-09-03 23:00:00+00:00,Wisconsin Stevens Point,Mayville State,24,31,True,False,False,Wisconsin,,iii,,
1,regular,2022-09-03 23:00:00+00:00,Baylor,UAlbany,69,10,True,False,False,Big 12,CAA,fbs,fcs,
1,regular,2022-09-03 23:00:00+00:00,Minnesota Morris,Macalester,24,45,True,False,False,Upper Midwest,Minnesota,iii,iii,
1,regular,2022-09-03 23:00:00+00:00,Austin Peay,Presbyterian,63,0,True,False,False,Atlantic Sun,Pioneer,fcs,fcs,
1,regular,2022-09-03 23:00:00+00:00,Utica,Rochester (NY),43,28,True,False,False,Empire 8,Liberty League,iii,iii,
1,regular,2022-09-03 23:00:00+00:00,Arkansas-Pine Bluff,Lane College,48,42,True,False,False,SWAC,SIAC,fcs,ii,
1,regular,2022-09-03 23:00:00+00:00,Prairie View A&M,Texas Southern,40,23,True,False,True,SWAC,SWAC,fcs,fcs,
1,regular,2022-09-03 23:00:00+00:00,Southern Virginia,Wilmington (OH),27,52,True,False,False,USA South,Ohio,iii,iii,
1,regular,2022-09-03 23:00:00+00:00,Florida,Utah,29,26,True,False,False,SEC,Pac-12,fbs,fbs,
1,regular,2022-09-03 23:00:00+00:00,Kentucky,Miami (OH),37,13,True,False,False,SEC,Mid-American,fbs,fbs,
1,regular,2022-09-03 23:00:00+00:00,Vanderbilt,Elon,42,31,True,False,False,SEC,CAA,fbs,fcs,
1,regular,2022-09-03 23:00:00+00:00,Kansas State,South Dakota,34,0,True,False,False,Big 12,MVFC,fbs,fcs,
1,regular,2022-09-03 23:00:00+00:00,Coastal Carolina,Army,38,28,True,False,False,Sun Belt,FBS Independents,fbs,fbs,
1,regular,2022-09-03 23:00:00+00:00,Tulane,Massachusetts,42,10,True,False,False,American Athletic,FBS Independents,fbs,fbs,
1,regular,2022-09-03 23:00:00+00:00,Southern Miss,Liberty,27,29,True,False,False,Sun Belt,FBS Independents,fbs,fbs,
1,regular,2022-09-03 23:00:00+00:00,Wisconsin,Illinois State,38,0,True,False,False,Big Ten,MVFC,fbs,fcs,
1,regular,2022-09-03 23:00:00+00:00,Arkansas State,Grambling,58,3,True,False,False,Sun Belt,SWAC,fbs,fcs,
1,regular,2022-09-03 23:30:00+00:00,Mississippi State,Memphis,49,23,True,False,False,SEC,American Athletic,fbs,fbs,
1,regular,2022-09-03 23:30:00+00:00,South Carolina,Georgia State,35,14,True,False,False,SEC,Sun Belt,fbs,fbs,
1,regular,2022-09-03 23:30:00+00:00,Ohio State,Notre Dame,21,10,True,False,False,Big Ten,FBS Independents,fbs,fbs,
1,regular,2022-09-03 23:30:00+00:00,North Texas,SMU,10,48,True,False,False,Conference USA,American Athletic,fbs,fbs,
1,regular,2022-09-03 23:30:00+00:00,North Carolina Central,North Carolina A&T,28,13,True,True,False,MEAC,Big South,fcs,fcs,
1,regular,2022-09-03 23:30:00+00:00,Geneva,Wooster,25,33,True,False,False,Presidents',North Coast,iii,iii,
1,regular,2022-09-03 23:30:00+00:00,Alabama,Utah State,55,0,True,False,False,SEC,Mountain West,fbs,fbs,
1,regular,2022-09-04 00:00:00+00:00,Western New Mexico,Adams State,34,20,True,False,False,Lone Star,Rocky Mountain,ii,ii,
1,regular,2022-09-04 00:00:00+00:00,Western Colorado,West Texas,6,44,True,False,False,Rocky Mountain,Lone Star,ii,ii,
1,regular,2022-09-04 00:00:00+00:00,New Mexico,Maine,41,0,True,False,False,Mountain West,CAA,fbs,fcs,
1,regular,2022-09-04 00:00:00+00:00,Texas Tech,Murray State,63,10,True,False,False,Big 12,OVC,fbs,fcs,
1,regular,2022-09-04 00:00:00+00:00,Monmouth (IL),Wartburg,7,34,True,False,False,Midwest,American Rivers,iii,iii,
1,regular,2022-09-04 00:00:00+00:00,Montana State,McNeese,40,17,True,False,False,Big Sky,Southland,fcs,fcs,
1,regular,2022-09-04 00:00:00+00:00,Stanford,Colgate,41,10,True,False,False,Pac-12,Patriot,fbs,fcs,
1,regular,2022-09-04 00:00:00+00:00,Syracuse,Louisville,31,7,True,False,True,ACC,ACC,fbs,fbs,
1,regular,2022-09-04 00:00:00+00:00,Crown,Hamline,14,39,True,False,False,Upper Midwest,Minnesota,iii,iii,
1,regular,2022-09-04 00:00:00+00:00,Texas A&M-Kingsville,North American,60,0,True,False,False,Lone Star,,ii,,
1,regular,2022-09-04 00:00:00+00:00,Texas,UL Monroe,52,10,True,False,False,Big 12,Sun Belt,fbs,fbs,
1,regular,2022-09-04 00:00:00+00:00,Northwestern (MN),Augsburg,15,23,True,False,False,Upper Midwest,Minnesota,iii,iii,
1,regular,2022-09-04 01:00:00+00:00,San Diego,La Verne,58,0,True,False,False,Pioneer,So. Cal.,fcs,iii,
1,regular,2022-09-04 01:30:00+00:00,Washington State,Idaho,24,17,True,False,False,Pac-12,Big Sky,fbs,fcs,
1,regular,2022-09-04 02:00:00+00:00,Chapman,Pacific (OR),42,21,True,False,False,So. Cal.,Northwest,iii,iii,
1,regular,2022-09-04 02:00:00+00:00,George Fox,Redlands,38,31,True,False,False,Northwest,So. Cal.,iii,iii,
1,regular,2022-09-04 02:30:00+00:00,Oregon State,Boise State,34,17,True,False,False,Pac-12,Mountain West,fbs,fbs,
1,regular,2022-09-04 02:30:00+00:00,Washington,Kent State,45,20,True,False,False,Pac-12,Mid-American,fbs,fbs,
1,regular,2022-09-04 02:30:00+00:00,Sacramento State,Utah Tech,56,33,True,False,False,Big Sky,Western Athletic,fcs,fcs,
1,regular,2022-09-04 03:59:00+00:00,Hawai'i,Western Kentucky,17,49,True,False,False,Mountain West,Conference USA,fbs,fbs,
1,regular,2022-09-04 17:00:00+00:00,Hanover,Centre,29,31,True,False,False,Heartland,Southern Athletic,iii,iii,Suspended Sept 3
1,regular,2022-09-04 19:00:00+00:00,Jackson State,Florida A&M,59,3,True,True,True,SWAC,SWAC,fcs,fcs,Denny's Orange Blossom Classic
1,regular,2022-09-04 20:00:00+00:00,Central State,Winston-Salem State,41,21,True,True,False,SIAC,CIAA,ii,ii,
1,regular,2022-09-04 23:00:00+00:00,Tuskegee,Fort Valley State,6,21,True,True,True,SIAC,SIAC,ii,ii,Boeing Red Tails Classic
1,regular,2022-09-04 23:30:00+00:00,Florida State,LSU,24,23,True,True,False,ACC,SEC,fbs,fbs,Allstate Louisiana Kickoff
1,regular,2022-09-06 00:00:00+00:00,Georgia Tech,Clemson,10,41,True,True,True,ACC,ACC,fbs,fbs,Chick-fil-A Kickoff
2,regular,2022-09-08 22:00:00+00:00,West Liberty,Alderson-Broaddus,30,17,True,False,True,Mountain East,Mountain East,ii,ii,
2,regular,2022-09-08 23:00:00+00:00,Quincy,Trinity International (IL),53,14,True,False,False,Great Lakes,,ii,,
2,regular,2022-09-08 23:00:00+00:00,Fairmont State,Charleston (WV),38,40,True,False,True,Mountain East,Mountain East,ii,ii,
2,regular,2022-09-09 00:00:00+00:00,Fort Hays,Missouri Western,19,35,True,False,True,Mid America,Mid America,ii,ii,
2,regular,2022-09-09 00:00:00+00:00,Missouri State,UT Martin,35,30,True,False,False,MVFC,OVC,fcs,fcs,
2,regular,2022-09-09 00:00:00+00:00,Central Missouri,Washburn,32,40,True,False,True,Mid America,Mid America,ii,ii,
2,regular,2022-09-09 00:00:00+00:00,Nebraska Kearney,Pittsburg State,28,35,True,False,True,Mid America,Mid America,ii,ii,
2,regular,2022-09-09 00:00:00+00:00,Central Oklahoma,Emporia State,21,13,True,False,True,Mid America,Mid America,ii,ii,
2,regular,2022-09-09 23:00:00+00:00,FDU Florham,William Paterson,28,21,True,False,False,Mid Atlantic,New Jersey,iii,iii,
2,regular,2022-09-09 23:00:00+00:00,WPI,Endicott,0,24,True,False,False,NEWMAC,Commonwealth Coast,iii,iii,
2,regular,2022-09-09 23:00:00+00:00,SUNY Maritime,Mass Maritime,17,14,True,False,False,ECFC,MSCAC,iii,iii,
2,regular,2022-09-09 23:00:00+00:00,Nichols,Dean,71,55,True,False,False,Commonwealth Coast,ECFC,iii,iii,
2,regular,2022-09-09 23:00:00+00:00,Merrimack,Assumption,45,17,True,False,False,NEC,Northeast 10,fcs,ii,
2,regular,2022-09-09 23:30:00+00:00,UCF,Louisville,14,20,True,False,False,American Athletic,ACC,fbs,fbs,
2,regular,2022-09-10 01:00:00+00:00,New Mexico,Boise State,14,31,True,False,True,Mountain West,Mountain West,fbs,fbs,
2,regular,2022-09-10 16:00:00+00:00,Minnesota,Western Illinois,62,10,True,False,False,Big Ten,MVFC,fbs,fcs,
2,regular,2022-09-10 16:00:00+00:00,Vanderbilt,Wake Forest,25,45,True,False,False,SEC,ACC,fbs,fbs,
2,regular,2022-09-10 16:00:00+00:00,Texas,Alabama,19,20,True,False,False,Big 12,SEC,fbs,fbs,
2,regular,2022-09-10 16:00:00+00:00,Shepherd,Edinboro,41,7,True,False,True,Pennsylvania State Athletic,Pennsylvania State Athletic,ii,ii,
2,regular,2022-09-10 16:00:00+00:00,Kutztown,California (PA),24,19,True,False,True,Pennsylvania State Athletic,Pennsylvania State Athletic,ii,ii,
2,regular,2022-09-10 16:00:00+00:00,Anna Maria College,UMass Dartmouth,63,48,True,False,False,ECFC,MSCAC,iii,iii,
2,regular,2022-09-10 16:00:00+00:00,Husson,Plymouth State,0,17,True,False,False,Commonwealth Coast,MSCAC,iii,iii,
2,regular,2022-09-10 16:00:00+00:00,Miami,Southern Miss,30,7,True,False,False,ACC,Sun Belt,fbs,fbs,
2,regular,2022-09-10 16:00:00+00:00,Georgia State,North Carolina,28,35,True,False,False,Sun Belt,ACC,fbs,fbs,
2,regular,2022-09-10 16:00:00+00:00,Northwestern,Duke,23,31,True,False,False,Big Ten,ACC,fbs,fbs,
2,regular,2022-09-10 16:00:00+00:00,Notre Dame College,Wheeling,27,14,True,False,True,Mountain East,Mountain East,ii,ii,
2,regular,2022-09-10 16:00:00+00:00,UNC Pembroke,West Virginia Wesleyan,50,26,True,False,True,Mountain East,Mountain East,ii,ii,
2,regular,2022-09-10 16:00:00+00:00,Albion,Bluffton,51,2,True,False,False,Michigan,Heartland,iii,iii,
2,regular,2022-09-10 16:00:00+00:00,Penn State,Ohio,46,10,True,False,False,Big Ten,Mid-American,fbs,fbs,
2,regular,2022-09-10 16:00:00+00:00,West Chester,Slippery Rock,14,35,True,False,True,Pennsylvania State Athletic,Pennsylvania State Athletic,ii,ii,
2,regular,2022-09-10 16:00:00+00:00,Arkansas,South Carolina,44,30,True,False,True,SEC,SEC,fbs,fbs,
2,regular,2022-09-10 16:00:00+00:00,Hilbert,Denison,0,63,True,True,False,North Coast,North Coast,iii,iii,
2,regular,2022-09-10 16:00:00+00:00,Ohio State,Arkansas State,45,12,True,False,False,Big Ten,Sun Belt,fbs,fbs,
2,regular,2022-09-10 16:00:00+00:00,Norwich,St. Lawrence,19,30,True,False,False,NEWMAC,Liberty League,iii,iii,
2,regular,2022-09-10 16:00:00+00:00,Otterbein,Heidelberg,7,34,True,False,True,Ohio,Ohio,iii,iii,
2,regular,2022-09-10 16:00:00+00:00,Alfred,Mount St Joseph,37,43,True,False,False,Empire 8,Heartland,iii,iii,
2,regular,2022-09-10 16:00:00+00:00,Hiram,Wooster,21,49,True,False,True,North Coast,North Coast,iii,iii,
2,regular,2022-09-10 16:00:00+00:00,Kansas State,Missouri,40,12,True,False,False,Big 12,SEC,fbs,fbs,
2,regular,2022-09-10 16:00:00+00:00,Montclair State,Delaware Valley,6,14,True,False,False,New Jersey,Mid Atlantic,iii,iii,
2,regular,2022-09-10 16:00:00+00:00,Oberlin,Alvernia,35,38,True,False,False,North Coast,Mid Atlantic,iii,iii,
2,regular,2022-09-10 16:00:00+00:00,Utica,Kean,21,15,True,False,False,Empire 8,New Jersey,iii,iii,
2,regular,2022-09-10 16:00:00+00:00,SUNY Cortland,The College of New Jersey,63,7,True,False,False,Empire 8,New Jersey,iii,iii,
2,regular,2022-09-10 16:00:00+00:00,Framingham State,St. John Fisher,31,20,True,False,False,MSCAC,Empire 8,iii,iii,
2,regular,2022-09-10 16:00:00+00:00,Shorter,Catawba,34,21,True,False,False,Gulf South,South Atlantic,ii,ii,
2,regular,2022-09-10 16:00:00+00:00,Millersville,Gannon,10,16,True,False,True,Pennsylvania State Athletic,Pennsylvania State Athletic,ii,ii,
2,regular,2022-09-10 16:00:00+00:00,Army,UTSA,38,41,True,False,False,FBS Independents,Conference USA,fbs,fbs,
2,regular,2022-09-10 16:00:00+00:00,Springfield,Rowan,35,38,True,False,False,NEWMAC,New Jersey,iii,iii,
2,regular,2022-09-10 16:00:00+00:00,Duquesne,Thomas More,34,14,True,False,False,NEC,,fcs,,
2,regular,2022-09-10 16:30:00+00:00,NC State,Charleston Southern,55,3,True,False,False,ACC,Big South,fbs,fcs,
2,regular,2022-09-10 17:00:00+00:00,Gallaudet,Greensboro,31,14,True,False,False,ECFC,USA South,iii,iii,
2,regular,2022-09-10 17:00:00+00:00,St. Augustine's,Limestone,14,73,True,False,False,CIAA,South Atlantic,ii,ii,
2,regular,2022-09-10 17:00:00+00:00,Maine,Colgate,18,21,True,False,False,CAA,Patriot,fcs,fcs,
2,regular,2022-09-10 17:00:00+00:00,Chowan,Tusculum,21,23,True,False,False,CIAA,South Atlantic,ii,ii,
2,regular,2022-09-10 17:00:00+00:00,Northern Michigan,Wisconsin Oshkosh,13,10,True,False,False,GLIAC,Wisconsin,ii,iii,
2,regular,2022-09-10 17:00:00+00:00,Northwood,Madonna,38,0,True,False,False,Great Midwest Athletic,,ii,,
2,regular,2022-09-10 17:00:00+00:00,Thiel,Allegheny,6,34,True,False,False,Presidents',Presidents',iii,iii,
2,regular,2022-09-10 17:00:00+00:00,Lenoir Rhyne,Ferris State,5,27,True,False,False,South Atlantic,GLIAC,ii,ii,
2,regular,2022-09-10 17:00:00+00:00,Central State,Lincoln (PA),21,26,True,False,False,SIAC,CIAA,ii,ii,
2,regular,2022-09-10 17:00:00+00:00,Juniata,McDaniel,19,35,True,False,True,Centennial,Centennial,iii,iii,
2,regular,2022-09-10 17:00:00+00:00,Union,Worcester State,76,7,True,False,False,Liberty League,MSCAC,iii,iii,
2,regular,2022-09-10 17:00:00+00:00,Carson Newman,Franklin Pierce,27,6,True,False,False,South Atlantic,Northeast 10,ii,ii,
2,regular,2022-09-10 17:00:00+00:00,Grove City,Geneva,55,17,True,False,True,Presidents',Presidents',iii,iii,
2,regular,2022-09-10 17:00:00+00:00,Frostburg State,West Virginia State,18,7,True,False,True,Mountain East,Mountain East,ii,ii,
2,regular,2022-09-10 17:00:00+00:00,Lebanon Valley,Lycoming,20,21,True,False,True,Mid Atlantic,Mid Atlantic,iii,iii,
2,regular,2022-09-10 17:00:00+00:00,Saginaw Valley State,Bowie State,40,12,True,False,False,GLIAC,CIAA,ii,ii,
2,regular,2022-09-10 17:00:00+00:00,Long Island University,Villanova,21,38,True,False,False,NEC,CAA,fcs,fcs,
2,regular,2022-09-10 17:00:00+00:00,Olivet,Eureka,54,14,True,False,False,Michigan,NACC,iii,iii,
2,regular,2022-09-10 17:00:00+00:00,Western New England,Westfield State,38,14,True,False,False,Commonwealth Coast,MSCAC,iii,iii,
2,regular,2022-09-10 17:00:00+00:00,Hampden Sydney,Widener,27,31,True,False,False,Old Dominion,Mid Atlantic,iii,iii,
2,regular,2022-09-10 17:00:00+00:00,Misericordia,Keystone,38,20,True,False,False,Mid Atlantic,ECFC,iii,iii,
2,regular,2022-09-10 17:00:00+00:00,Stevenson,Salisbury,35,21,True,False,False,Mid Atlantic,New Jersey,iii,iii,
2,regular,2022-09-10 17:00:00+00:00,Kalamazoo,Kenyon,24,21,True,False,False,Michigan,North Coast,iii,iii,
2,regular,2022-09-10 17:00:00+00:00,Muhlenberg,Dickinson,34,21,True,False,True,Centennial,Centennial,iii,iii,
2,regular,2022-09-10 17:00:00+00:00,Tiffin,Ohio Dominican,28,13,True,False,True,Great Midwest Athletic,Great Midwest Athletic,ii,ii,
2,regular,2022-09-10 17:00:00+00:00,Presbyterian,Virginia Lynchburg,21,13,True,False,False,Pioneer,,fcs,,
2,regular,2022-09-10 17:00:00+00:00,Monmouth,Fordham,49,52,True,False,False,CAA,Patriot,fcs,fcs,
2,regular,2022-09-10 17:00:00+00:00,Stonehill,Post,76,0,True,False,False,NEC,Independent DII,fcs,ii,
2,regular,2022-09-10 17:00:00+00:00,Adrian,Hanover,33,0,True,False,False,Michigan,Heartland,iii,iii,
2,regular,2022-09-10 17:00:00+00:00,Concord,Glenville State,21,7,True,False,True,Mountain East,Mountain East,ii,ii,
2,regular,2022-09-10 17:00:00+00:00,Hartwick,King's,10,17,True,False,False,Empire 8,Mid Atlantic,iii,iii,
2,regular,2022-09-10 17:00:00+00:00,Moravian,Gettysburg,43,28,True,False,True,Centennial,Centennial,iii,iii,
2,regular,2022-09-10 17:00:00+00:00,Wisconsin Whitewater,Mary Hardin Baylor,28,24,True,False,False,Wisconsin,American Southwest,iii,iii,
2,regular,2022-09-10 17:00:00+00:00,Ithaca,Brockport,24,0,True,False,False,Liberty League,Empire 8,iii,iii,
2,regular,2022-09-10 17:00:00+00:00,Mississippi College,Keiser University,26,8,True,False,False,Gulf South,,ii,,
2,regular,2022-09-10 17:00:00+00:00,Central Michigan,South Alabama,24,38,True,False,False,Mid-American,Sun Belt,fbs,fbs,
2,regular,2022-09-10 17:00:00+00:00,Wabash,North Central College,12,56,True,False,False,North Coast,CCIW,iii,iii,
2,regular,2022-09-10 17:00:00+00:00,Ursinus,Johns Hopkins,29,36,True,False,True,Centennial,Centennial,iii,iii,
2,regular,2022-09-10 17:00:00+00:00,Sewanee,Washington and Lee,0,44,True,False,False,Southern Athletic,Old Dominion,iii,iii,
2,regular,2022-09-10 17:00:00+00:00,Hope,Coe,33,24,True,False,False,Michigan,American Rivers,iii,iii,
2,regular,2022-09-10 17:00:00+00:00,New England,Bridgewater State,38,23,True,False,False,Commonwealth Coast,MSCAC,iii,iii,
2,regular,2022-09-10 17:00:00+00:00,Concordia Chicago,Finlandia University,45,7,True,False,False,NACC,Upper Midwest,iii,iii,
2,regular,2022-09-10 17:00:00+00:00,Waynesburg,Case Western Reserve,31,45,True,False,True,Presidents',Presidents',iii,iii,
2,regular,2022-09-10 17:00:00+00:00,Black Hills State,William Jewell,38,19,True,False,False,Rocky Mountain,Great Lakes,ii,ii,
2,regular,2022-09-10 17:00:00+00:00,MIT,Salve Regina,10,13,True,False,False,NEWMAC,Commonwealth Coast,iii,iii,
2,regular,2022-09-10 17:00:00+00:00,Ferrum,Muskingum,3,31,True,False,False,Old Dominion,Ohio,iii,iii,
2,regular,2022-09-10 17:00:00+00:00,Catholic,Randolph Macon,7,41,True,False,False,NEWMAC,Old Dominion,iii,iii,
2,regular,2022-09-10 17:00:00+00:00,Fort Valley State,Kentucky State,9,7,True,True,True,SIAC,SIAC,ii,ii,
2,regular,2022-09-10 17:00:00+00:00,New Haven,Southern Connecticut State,31,26,True,False,True,Northeast 10,Northeast 10,ii,ii,
2,regular,2022-09-10 17:00:00+00:00,Susquehanna,Franklin & Marshall,39,36,True,False,True,Centennial,Centennial,iii,iii,
2,regular,2022-09-10 17:00:00+00:00,SUNY Morrisville,Hobart,24,13,True,False,False,Empire 8,Liberty League,iii,iii,
2,regular,2022-09-10 17:00:00+00:00,Shippensburg,Seton Hill,36,17,True,False,True,Pennsylvania State Athletic,Pennsylvania State Athletic,ii,ii,
2,regular,2022-09-10 17:00:00+00:00,Westminster (PA),Bethany (WV),42,3,True,False,True,Presidents',Presidents',iii,iii,
2,regular,2022-09-10 17:00:00+00:00,Rensselaer,Carnegie Mellon,7,10,True,False,False,Liberty League,Presidents',iii,iii,
2,regular,2022-09-10 17:00:00+00:00,Saint Vincent,Washington & Jefferson,21,52,True,False,True,Presidents',Presidents',iii,iii,
2,regular,2022-09-10 17:30:00+00:00,VMI,Bucknell,24,14,True,False,False,Southern,Patriot,fcs,fcs,
2,regular,2022-09-10 17:30:00+00:00,Coast Guard,Curry,22,16,True,False,False,NEWMAC,Commonwealth Coast,iii,iii,
2,regular,2022-09-10 17:30:00+00:00,Utah,Southern Utah,73,7,True,False,False,Pac-12,Western Athletic,fbs,fcs,
2,regular,2022-09-10 17:30:00+00:00,Wilmington (OH),Baldwin Wallace,12,13,True,False,True,Ohio,Ohio,iii,iii,
2,regular,2022-09-10 18:00:00+00:00,Sioux Falls,Minot State,34,0,True,False,False,Northern Sun,Northern Sun,ii,ii,
2,regular,2022-09-10 18:00:00+00:00,Mayville State,Nebraska Wesleyan,55,48,True,True,False,,American Rivers,,iii,
2,regular,2022-09-10 18:00:00+00:00,Central College,Wisconsin Eau Claire,31,13,True,False,False,American Rivers,Wisconsin,iii,iii,
2,regular,2022-09-10 18:00:00+00:00,Concordia (WI),Northwestern (MN),28,14,True,False,False,NACC,Upper Midwest,iii,iii,
2,regular,2022-09-10 18:00:00+00:00,Winona State,University of Mary,25,17,True,False,True,Northern Sun,Northern Sun,ii,ii,
2,regular,2022-09-10 18:00:00+00:00,Saint John's (MN),Wisconsin River Falls,37,34,True,False,False,Minnesota,Wisconsin,iii,iii,
2,regular,2022-09-10 18:00:00+00:00,Wisconsin Platteville,Bethel (MN),10,7,True,False,False,Wisconsin,Minnesota,iii,iii,
2,regular,2022-09-10 18:00:00+00:00,Beloit,Cornell (IA),14,35,True,False,True,Midwest,Midwest,iii,iii,
2,regular,2022-09-10 18:00:00+00:00,Westminster (MO),Iowa Wesleyan,6,41,True,False,False,Upper Midwest,,iii,,
2,regular,2022-09-10 18:00:00+00:00,McKendree,Delta State,34,58,True,False,False,Great Lakes,Gulf South,ii,ii,
2,regular,2022-09-10 18:00:00+00:00,Greenville,Rockford,40,30,True,False,False,Upper Midwest,NACC,iii,iii,
2,regular,2022-09-10 18:00:00+00:00,Temple,Lafayette,30,14,True,False,False,American Athletic,Patriot,fbs,fcs,
2,regular,2022-09-10 18:00:00+00:00,Drake,Missouri S&T,14,17,True,False,False,Pioneer,Great Lakes,fcs,ii,
2,regular,2022-09-10 18:00:00+00:00,South Dakota Mines,Truman State,20,27,True,False,False,Rocky Mountain,Great Lakes,ii,ii,
2,regular,2022-09-10 18:00:00+00:00,St. Thomas (MN),Michigan Tech,32,6,True,False,False,Pioneer,GLIAC,fcs,ii,
2,regular,2022-09-10 18:00:00+00:00,Ball State,Western Michigan,30,37,True,False,True,Mid-American,Mid-American,fbs,fbs,
2,regular,2022-09-10 18:00:00+00:00,Illinois Wesleyan,Ohio Wesleyan,45,21,True,False,False,CCIW,North Coast,iii,iii,
2,regular,2022-09-10 18:00:00+00:00,Washington St. Louis,Hendrix,52,7,True,False,False,CCIW,Southern Athletic,iii,iii,
2,regular,2022-09-10 18:00:00+00:00,Youngstown State,Dayton,49,16,True,False,False,MVFC,Pioneer,fcs,fcs,
2,regular,2022-09-10 18:00:00+00:00,Austin,Rhodes,7,23,True,False,False,American Southwest,Southern Athletic,iii,iii,
2,regular,2022-09-10 18:00:00+00:00,Colorado School of Mines,Angelo State,27,30,True,False,False,Rocky Mountain,Lone Star,ii,ii,
2,regular,2022-09-10 18:00:00+00:00,St. Norbert,Wisconsin Stevens Point,21,14,True,False,False,NACC,Wisconsin,iii,iii,
2,regular,2022-09-10 18:00:00+00:00,Vermont State Castleton,Fitchburg State,48,0,True,False,False,ECFC,MSCAC,iii,iii,
2,regular,2022-09-10 18:00:00+00:00,Aurora,Franklin,49,16,True,False,False,NACC,Heartland,iii,iii,
2,regular,2022-09-10 18:00:00+00:00,Hamline,Minnesota Morris,34,21,True,False,False,Minnesota,Upper Midwest,iii,iii,
2,regular,2022-09-10 18:00:00+00:00,McMurry,Millsaps,13,27,True,False,False,American Southwest,Southern Athletic,iii,iii,
2,regular,2022-09-10 18:00:00+00:00,Carleton,Crown,84,20,True,False,False,Minnesota,Upper Midwest,iii,iii,
2,regular,2022-09-10 18:00:00+00:00,Fort Lewis,Phoenix,12,52,True,False,False,Rocky Mountain,,ii,,
2,regular,2022-09-10 18:00:00+00:00,Bridgewater,Southern Virginia,58,10,True,False,False,Old Dominion,USA South,iii,iii,
2,regular,2022-09-10 18:00:00+00:00,Grinnell,Monmouth (IL),0,48,True,False,True,Midwest,Midwest,iii,iii,
2,regular,2022-09-10 18:00:00+00:00,St. Olaf,Luther,55,27,True,False,False,Minnesota,American Rivers,iii,iii,
2,regular,2022-09-10 18:00:00+00:00,Lakeland,Buena Vista,34,41,True,False,False,NACC,American Rivers,iii,iii,
2,regular,2022-09-10 18:00:00+00:00,Bloomsburg,Clarion,42,3,True,False,True,Pennsylvania State Athletic,Pennsylvania State Athletic,ii,ii,
2,regular,2022-09-10 18:00:00+00:00,Augustana (SD),Bemidji State,30,29,True,False,True,Northern Sun,Northern Sun,ii,ii,
2,regular,2022-09-10 18:00:00+00:00,Illinois College,Chicago,14,40,True,False,True,Midwest,Midwest,iii,iii,
2,regular,2022-09-10 18:30:00+00:00,Notre Dame,Marshall,21,26,True,False,False,FBS Independents,Sun Belt,fbs,fbs,
2,regular,2022-09-10 19:00:00+00:00,Albright,Western Connecticut State,14,28,True,False,False,Mid Atlantic,MSCAC,iii,iii,
2,regular,2022-09-10 19:00:00+00:00,Saint Anselm,American International,56,7,True,False,True,Northeast 10,Northeast 10,ii,ii,
2,regular,2022-09-10 19:00:00+00:00,Lincoln (MO),Northwest Missouri State,20,58,True,False,True,Mid America,Mid America,ii,ii,
2,regular,2022-09-10 19:00:00+00:00,Willamette,La Verne,26,14,True,False,False,Northwest,So. Cal.,iii,iii,
2,regular,2022-09-10 19:00:00+00:00,Lane College,Benedict,0,14,True,False,True,SIAC,SIAC,ii,ii,
2,regular,2022-09-10 19:30:00+00:00,Clemson,Furman,35,12,True,False,False,ACC,Southern,fbs,fcs,
2,regular,2022-09-10 19:30:00+00:00,Montana,South Dakota,24,7,True,False,False,Big Sky,MVFC,fcs,fcs,
2,regular,2022-09-10 19:30:00+00:00,Pittsburgh,Tennessee,27,34,True,False,False,ACC,SEC,fbs,fbs,
2,regular,2022-09-10 19:30:00+00:00,Charlotte,Maryland,21,56,True,False,False,Conference USA,Big Ten,fbs,fbs,
2,regular,2022-09-10 19:30:00+00:00,Air Force,Colorado,41,10,True,False,False,Mountain West,Pac-12,fbs,fbs,
2,regular,2022-09-10 19:30:00+00:00,Navy,Memphis,13,37,True,False,True,American Athletic,American Athletic,fbs,fbs,
2,regular,2022-09-10 19:30:00+00:00,Montana State,Morehead State,63,13,True,False,False,Big Sky,Pioneer,fcs,fcs,
2,regular,2022-09-10 19:30:00+00:00,Texas A&M,App State,14,17,True,False,False,SEC,Sun Belt,fbs,fbs,
2,regular,2022-09-10 19:30:00+00:00,Wisconsin,Washington State,14,17,True,False,False,Big Ten,Pac-12,fbs,fbs,
2,regular,2022-09-10 19:30:00+00:00,North Dakota State,North Carolina A&T,43,3,True,False,False,MVFC,Big South,fcs,fcs,
2,regular,2022-09-10 19:30:00+00:00,Cincinnati,Kennesaw State,63,10,True,False,False,American Athletic,Atlantic Sun,fbs,fcs,
2,regular,2022-09-10 20:00:00+00:00,Texas Tech,Houston,33,30,True,False,False,Big 12,American Athletic,fbs,fbs,
2,regular,2022-09-10 20:00:00+00:00,Iowa,Iowa State,7,10,True,False,False,Big Ten,Big 12,fbs,fbs,
2,regular,2022-09-10 20:00:00+00:00,Bentley,Pace,41,20,True,False,True,Northeast 10,Northeast 10,ii,ii,
2,regular,2022-09-10 20:00:00+00:00,Washington,Portland State,52,6,True,False,False,Pac-12,Big Sky,fbs,fcs,
2,regular,2022-09-10 20:00:00+00:00,North Dakota,Northern Iowa,29,27,True,False,True,MVFC,MVFC,fcs,fcs,
2,regular,2022-09-10 20:00:00+00:00,Rutgers,Wagner,66,7,True,False,False,Big Ten,NEC,fbs,fcs,
2,regular,2022-09-10 20:00:00+00:00,Purdue,Indiana State,56,0,True,False,False,Big Ten,MVFC,fbs,fcs,
2,regular,2022-09-10 20:00:00+00:00,Georgia,Samford,33,0,True,False,False,SEC,Southern,fbs,fcs,
2,regular,2022-09-10 20:00:00+00:00,Illinois,Virginia,24,3,True,False,False,Big Ten,ACC,fbs,fbs,
2,regular,2022-09-10 20:00:00+00:00,California,UNLV,20,14,True,False,False,Pac-12,Mountain West,fbs,fbs,
2,regular,2022-09-10 20:00:00+00:00,Upper Iowa,Minnesota St Moorhead,21,24,True,False,True,Northern Sun,Northern Sun,ii,ii,
2,regular,2022-09-10 20:00:00+00:00,Bethune-Cookman,South Carolina State,9,33,True,False,False,SWAC,MEAC,fcs,fcs,
2,regular,2022-09-10 20:00:00+00:00,Michigan State,Akron,52,0,True,False,False,Big Ten,Mid-American,fbs,fbs,
2,regular,2022-09-10 20:00:00+00:00,Austin Peay,Mississippi Valley State,41,0,True,False,False,Atlantic Sun,SWAC,fcs,fcs,
2,regular,2022-09-10 20:00:00+00:00,The Citadel,East Tennessee State,20,17,True,False,True,Southern,Southern,fcs,fcs,
2,regular,2022-09-10 20:00:00+00:00,Whitworth,Eastern Oregon,33,7,True,False,False,Northwest,,iii,,
2,regular,2022-09-10 20:00:00+00:00,Elizabeth City State,Livingstone,0,19,True,True,True,CIAA,CIAA,ii,ii,
2,regular,2022-09-10 20:00:00+00:00,Colorado State,Middle Tennessee,19,34,True,False,False,Mountain West,Conference USA,fbs,fbs,
2,regular,2022-09-10 20:00:00+00:00,James Madison,Norfolk State,63,7,True,False,False,Sun Belt,MEAC,fbs,fcs,
2,regular,2022-09-10 20:00:00+00:00,Bowling Green,Eastern Kentucky,57,59,True,False,False,Mid-American,Atlantic Sun,fbs,fcs,
2,regular,2022-09-10 20:00:00+00:00,Wyoming,Northern Colorado,33,10,True,False,False,Mountain West,Big Sky,fbs,fcs,
2,regular,2022-09-10 20:00:00+00:00,Claremont Mudd Scripps,Whittier,42,0,True,False,True,So. Cal.,So. Cal.,iii,iii,
2,regular,2022-09-10 20:00:00+00:00,Clark Atlanta,Erskine,19,23,True,False,False,SIAC,South Atlantic,ii,ii,
2,regular,2022-09-10 20:05:00+00:00,Western Oregon,Lincoln (CA),42,10,True,False,False,Lone Star,,ii,,
2,regular,2022-09-10 21:00:00+00:00,UCLA,Alabama State,45,7,True,False,False,Pac-12,SWAC,fbs,fcs,
2,regular,2022-09-10 21:00:00+00:00,Cal Poly,San Diego,28,27,True,False,False,Big Sky,Pioneer,fcs,fcs,
2,regular,2022-09-10 21:00:00+00:00,Georgetown,Lehigh,19,21,True,False,True,Patriot,Patriot,fcs,fcs,
2,regular,2022-09-10 21:00:00+00:00,Valdosta State,Virginia Union,40,45,True,False,False,Gulf South,CIAA,ii,ii,
2,regular,2022-09-10 21:30:00+00:00,Richmond,Saint Francis,31,21,True,False,False,CAA,NEC,fcs,fcs,
2,regular,2022-09-10 21:30:00+00:00,Nevada,Incarnate Word,41,55,True,False,False,Mountain West,Southland,fbs,fcs,
2,regular,2022-09-10 22:00:00+00:00,East Carolina,Old Dominion,39,21,True,False,False,American Athletic,Sun Belt,fbs,fbs,
2,regular,2022-09-10 22:00:00+00:00,Florida Atlantic,SE Louisiana,42,9,True,False,False,Conference USA,Southland,fbs,fcs,
2,regular,2022-09-10 22:00:00+00:00,Coastal Carolina,Gardner-Webb,31,27,True,False,False,Sun Belt,Big South,fbs,fcs,
2,regular,2022-09-10 22:00:00+00:00,Edward Waters,Savannah State,28,31,True,False,True,SIAC,SIAC,ii,ii,
2,regular,2022-09-10 22:00:00+00:00,West Virginia,Kansas,42,55,True,False,True,Big 12,Big 12,fbs,fbs,
2,regular,2022-09-10 22:00:00+00:00,Buffalo,Holy Cross,31,37,True,False,False,Mid-American,Patriot,fbs,fcs,
2,regular,2022-09-10 22:00:00+00:00,William & Mary,Campbell,37,21,True,False,False,CAA,Big South,fcs,fcs,
2,regular,2022-09-10 22:00:00+00:00,Hampton,Tuskegee,42,10,True,False,False,CAA,SIAC,fcs,ii,
2,regular,2022-09-10 22:00:00+00:00,Liberty,UAB,21,14,True,False,False,FBS Independents,Conference USA,fbs,fbs,
2,regular,2022-09-10 22:00:00+00:00,Central Connecticut,Sacred Heart,10,14,True,False,True,NEC,NEC,fcs,fcs,
2,regular,2022-09-10 22:00:00+00:00,Wayne State (MI),Shaw,30,22,True,False,False,GLIAC,CIAA,ii,ii,
2,regular,2022-09-10 22:00:00+00:00,Morehouse,West Georgia,0,42,True,False,False,SIAC,Gulf South,ii,ii,
2,regular,2022-09-10 22:00:00+00:00,Southwest Minnesota State,Concordia St. Paul,14,6,True,False,True,Northern Sun,Northern Sun,ii,ii,
2,regular,2022-09-10 22:00:00+00:00,Findlay,Ashland,3,28,True,False,True,Great Midwest Athletic,Great Midwest Athletic,ii,ii,
2,regular,2022-09-10 22:00:00+00:00,Lock Haven,Mercyhurst,7,49,True,False,True,Pennsylvania State Athletic,Pennsylvania State Athletic,ii,ii,
2,regular,2022-09-10 22:00:00+00:00,Bryant,Rhode Island,21,35,True,False,False,Big South,CAA,fcs,fcs,
2,regular,2022-09-10 22:00:00+00:00,North Carolina Central,Winston-Salem State,41,0,True,False,False,MEAC,CIAA,fcs,ii,
2,regular,2022-09-10 22:00:00+00:00,Florida A&M,Albany State,23,13,True,False,False,SWAC,SIAC,fcs,ii,
2,regular,2022-09-10 22:00:00+00:00,Delaware,Delaware State,35,9,True,False,False,CAA,MEAC,fcs,fcs,
2,regular,2022-09-10 22:00:00+00:00,Butler,Taylor,45,10,True,False,False,Pioneer,,fcs,,
2,regular,2022-09-10 22:00:00+00:00,Allen,Johnson C. Smith,0,0,True,False,False,SIAC,CIAA,ii,ii,
2,regular,2022-09-10 22:00:00+00:00,Anderson (IN),DePauw,0,55,True,False,False,Heartland,North Coast,iii,iii,
2,regular,2022-09-10 22:00:00+00:00,Alfred State,Rochester (NY),17,30,True,False,False,ECFC,Liberty League,iii,iii,
2,regular,2022-09-10 22:00:00+00:00,Berry,LaGrange,56,10,True,False,False,Southern Athletic,USA South,iii,iii,
2,regular,2022-09-10 22:00:00+00:00,Miami (OH),Robert Morris,31,14,True,False,False,Mid-American,Big South,fbs,fcs,
2,regular,2022-09-10 22:00:00+00:00,Stetson,Louisiana Christian,45,14,True,False,False,Pioneer,,fcs,,
2,regular,2022-09-10 22:00:00+00:00,Alma,Manchester,49,7,True,False,False,Michigan,Heartland,iii,iii,
2,regular,2022-09-10 22:00:00+00:00,Virginia State,Bluefield State,28,7,True,False,False,CIAA,Independent DII,ii,ii,
2,regular,2022-09-10 22:00:00+00:00,Wofford,Elon,0,26,True,False,False,Southern,CAA,fcs,fcs,
2,regular,2022-09-10 22:00:00+00:00,BLUEFIELD,Emory & Henry,33,41,True,True,False,,South Atlantic,,ii,
2,regular,2022-09-10 22:05:00+00:00,East Stroudsburg,IU Pennsylvania,35,38,True,False,True,Pennsylvania State Athletic,Pennsylvania State Athletic,ii,ii,
2,regular,2022-09-10 23:00:00+00:00,Wartburg,Wisconsin Stout,27,0,True,False,False,American Rivers,Wisconsin,iii,iii,
2,regular,2022-09-10 23:00:00+00:00,Benedictine (IL),Loras,48,26,True,False,False,NACC,American Rivers,iii,iii,
2,regular,2022-09-10 23:00:00+00:00,Wisconsin Lutheran,Carroll (WI),7,54,True,False,False,NACC,Midwest,iii,iii,
2,regular,2022-09-10 23:00:00+00:00,Shenandoah,North Carolina Wesleyan,45,0,True,False,False,Old Dominion,USA South,iii,iii,
2,regular,2022-09-10 23:00:00+00:00,Guilford,Methodist,16,49,True,False,False,Old Dominion,USA South,iii,iii,
2,regular,2022-09-10 23:00:00+00:00,Oklahoma,Kent State,33,3,True,False,False,Big 12,Mid-American,fbs,fbs,
2,regular,2022-09-10 23:00:00+00:00,Centre,Maryville (TN),20,10,True,False,False,Southern Athletic,USA South,iii,iii,
2,regular,2022-09-10 23:00:00+00:00,Eastern Illinois,Chattanooga,20,38,True,False,False,OVC,Southern,fcs,fcs,
2,regular,2022-09-10 23:00:00+00:00,Minnesota State,Minnesota Duluth,17,10,True,False,True,Northern Sun,Northern Sun,ii,ii,
2,regular,2022-09-10 23:00:00+00:00,Southwestern Oklahoma State,Southern Arkansas,24,20,True,False,True,Great American,Great American,ii,ii,
2,regular,2022-09-10 23:00:00+00:00,Wayne State (NE),Northern State,13,6,True,False,True,Northern Sun,Northern Sun,ii,ii,
2,regular,2022-09-10 23:00:00+00:00,Macalester,Martin Luther,43,7,True,False,False,Minnesota,Upper Midwest,iii,iii,
2,regular,2022-09-10 23:00:00+00:00,Louisiana Tech,Stephen F. Austin,52,17,True,False,False,Conference USA,Western Athletic,fbs,fcs,
2,regular,2022-09-10 23:00:00+00:00,Birmingham-Southern,Huntingdon,35,38,True,False,False,Southern Athletic,USA South,iii,iii,
2,regular,2022-09-10 23:00:00+00:00,Ouachita Baptist,Southern Nazarene,45,0,True,False,True,Great American,Great American,ii,ii,
2,regular,2022-09-10 23:00:00+00:00,Southern Illinois,Southeast Missouri State,31,34,True,False,False,MVFC,OVC,fcs,fcs,
2,regular,2022-09-10 23:00:00+00:00,Sam Houston,Northern Arizona,3,10,True,False,False,Western Athletic,Big Sky,fcs,fcs,
2,regular,2022-09-10 23:00:00+00:00,Rose Hulman,Trine,23,24,True,False,False,Heartland,Michigan,iii,iii,
2,regular,2022-09-10 23:00:00+00:00,Northeastern State,Missouri Southern State,13,30,True,False,True,Mid America,Mid America,ii,ii,
2,regular,2022-09-10 23:00:00+00:00,Miles,West Alabama,0,31,True,False,False,SIAC,Gulf South,ii,ii,
2,regular,2022-09-10 23:00:00+00:00,UConn,Syracuse,14,48,True,False,False,FBS Independents,ACC,fbs,fbs,
2,regular,2022-09-10 23:00:00+00:00,UAlbany,New Hampshire,23,28,True,False,True,CAA,CAA,fcs,fcs,
2,regular,2022-09-10 23:00:00+00:00,SMU,Lamar,45,16,True,False,False,American Athletic,Southland,fbs,fcs,
2,regular,2022-09-10 23:00:00+00:00,Murray State,Jacksonville State,3,34,True,False,False,OVC,Atlantic Sun,fcs,fcs,
2,regular,2022-09-10 23:00:00+00:00,Tulane,Alcorn State,52,0,True,False,False,American Athletic,SWAC,fbs,fcs,
2,regular,2022-09-10 23:00:00+00:00,Northwestern State,Grambling,21,47,True,True,False,Southland,SWAC,fcs,fcs,
2,regular,2022-09-10 23:00:00+00:00,Utah State,Weber State,7,35,True,False,False,Mountain West,Big Sky,fbs,fcs,
2,regular,2022-09-10 23:00:00+00:00,Florida,Kentucky,16,26,True,False,True,SEC,SEC,fbs,fbs,
2,regular,2022-09-10 23:00:00+00:00,Arkansas Monticello,Oklahoma Baptist,40,17,True,False,True,Great American,Great American,ii,ii,
2,regular,2022-09-10 23:00:00+00:00,Tennessee Tech,East Texas A&M,26,25,True,False,False,OVC,Southland,fcs,fcs,
2,regular,2022-09-10 23:00:00+00:00,Davidson,Barton,37,17,True,False,False,Pioneer,South Atlantic,fcs,ii,
2,regular,2022-09-10 23:00:00+00:00,Hillsdale,Walsh,35,17,True,False,True,Great Midwest Athletic,Great Midwest Athletic,ii,ii,
2,regular,2022-09-10 23:00:00+00:00,Dubuque,Wisconsin La Crosse,3,30,True,False,False,American Rivers,Wisconsin,iii,iii,
2,regular,2022-09-10 23:00:00+00:00,UT Permian Basin,Western Colorado,34,31,True,False,False,Lone Star,Rocky Mountain,ii,ii,
2,regular,2022-09-10 23:00:00+00:00,North Greenville,Newberry,22,29,True,False,False,Gulf South,South Atlantic,ii,ii,
2,regular,2022-09-10 23:00:00+00:00,Christopher Newport,Averett,20,24,True,False,False,New Jersey,Old Dominion,iii,iii,
2,regular,2022-09-10 23:00:00+00:00,Lawrence,Lake Forest,0,55,True,False,True,Midwest,Midwest,iii,iii,
2,regular,2022-09-10 23:00:00+00:00,Fayetteville State,Wingate,3,21,True,False,False,CIAA,South Atlantic,ii,ii,
2,regular,2022-09-10 23:00:00+00:00,Arkansas Tech,East Central,35,13,True,False,True,Great American,Great American,ii,ii,
2,regular,2022-09-10 23:00:00+00:00,Toledo,Massachusetts,55,10,True,False,False,Mid-American,FBS Independents,fbs,fbs,
2,regular,2022-09-10 23:00:00+00:00,Houston Christian,Lindenwood,20,21,True,False,False,Southland,OVC,fcs,fcs,
2,regular,2022-09-10 23:00:00+00:00,Troy,Alabama A&M,38,17,True,False,False,Sun Belt,SWAC,fbs,fcs,
2,regular,2022-09-10 23:00:00+00:00,Louisiana,Eastern Michigan,49,21,True,False,False,Sun Belt,Mid-American,fbs,fbs,
2,regular,2022-09-10 23:00:00+00:00,South Florida,Howard,42,20,True,False,False,American Athletic,MEAC,fbs,fcs,
2,regular,2022-09-10 23:00:00+00:00,Northwestern (OK),Henderson State,27,51,True,False,True,Great American,Great American,ii,ii,
2,regular,2022-09-10 23:00:00+00:00,Towson,Morgan State,29,21,True,False,False,CAA,MEAC,fcs,fcs,
2,regular,2022-09-10 23:00:00+00:00,Texas State,Florida International,41,12,True,False,False,Sun Belt,Conference USA,fbs,fbs,
2,regular,2022-09-10 23:00:00+00:00,Ripon,Knox,33,6,True,False,True,Midwest,Midwest,iii,iii,
2,regular,2022-09-10 23:00:00+00:00,South Dakota State,UC Davis,24,22,True,False,False,MVFC,Big Sky,fcs,fcs,
2,regular,2022-09-10 23:00:00+00:00,Tulsa,Northern Illinois,38,35,True,False,False,American Athletic,Mid-American,fbs,fbs,
2,regular,2022-09-10 23:00:00+00:00,Georgia Tech,Western Carolina,35,17,True,False,False,ACC,Southern,fbs,fcs,
2,regular,2022-09-10 23:00:00+00:00,Southwest Baptist,West Florida,10,49,True,False,False,Great Lakes,Gulf South,ii,ii,
2,regular,2022-09-10 23:00:00+00:00,Trinity (TX),Wheaton (IL),17,16,True,False,False,Southern Athletic,CCIW,iii,iii,
2,regular,2022-09-10 23:00:00+00:00,Capital,Ohio Northern,13,28,True,False,True,Ohio,Ohio,iii,iii,
2,regular,2022-09-10 23:00:00+00:00,Ole Miss,Central Arkansas,59,3,True,False,False,SEC,Atlantic Sun,fbs,fcs,
2,regular,2022-09-10 23:00:00+00:00,Arkansas-Pine Bluff,North American,76,3,True,False,False,SWAC,,fcs,,
2,regular,2022-09-10 23:00:00+00:00,North Alabama,UVA Wise,49,17,True,False,False,Atlantic Sun,South Atlantic,fcs,ii,
2,regular,2022-09-10 23:00:00+00:00,Tennessee State,Jackson State,3,16,True,True,False,OVC,SWAC,fcs,fcs,
2,regular,2022-09-10 23:30:00+00:00,Stanford,USC,28,41,True,False,True,Pac-12,Pac-12,fbs,fbs,
2,regular,2022-09-10 23:30:00+00:00,Nebraska,Georgia Southern,42,45,True,False,False,Big Ten,Sun Belt,fbs,fbs,
2,regular,2022-09-10 23:30:00+00:00,Rice,McNeese,52,10,True,False,False,Conference USA,Southland,fbs,fcs,
2,regular,2022-09-10 23:30:00+00:00,North Texas,Texas Southern,59,27,True,False,False,Conference USA,SWAC,fbs,fcs,
2,regular,2022-09-10 23:30:00+00:00,LSU,Southern,65,17,True,False,False,SEC,SWAC,fbs,fcs,
2,regular,2022-09-10 23:30:00+00:00,Oklahoma State,Arizona State,34,17,True,False,False,Big 12,Pac-12,fbs,fbs,
2,regular,2022-09-10 23:30:00+00:00,Illinois State,Valparaiso,28,21,True,False,False,MVFC,Pioneer,fcs,fcs,
2,regular,2022-09-10 23:30:00+00:00,Auburn,San José State,24,16,True,False,False,SEC,Mountain West,fbs,fbs,
2,regular,2022-09-11 00:00:00+00:00,TCU,Tarleton State,59,17,True,False,False,Big 12,Western Athletic,fbs,fcs,
2,regular,2022-09-11 00:00:00+00:00,Indiana,Idaho,35,22,True,False,False,Big Ten,Big Sky,fbs,fcs,
2,regular,2022-09-11 00:00:00+00:00,Abilene Christian,Prairie View A&M,21,13,True,False,False,Western Athletic,SWAC,fcs,fcs,
2,regular,2022-09-11 00:00:00+00:00,Harding,Southeastern Oklahoma State,38,13,True,False,True,Great American,Great American,ii,ii,
2,regular,2022-09-11 00:00:00+00:00,Presentation,Concordia (MN),13,42,True,True,False,,Minnesota,,iii,
2,regular,2022-09-11 00:00:00+00:00,UL Monroe,Nicholls,35,7,True,False,False,Sun Belt,Southland,fbs,fcs,
2,regular,2022-09-11 00:00:00+00:00,San Diego State,Idaho State,38,7,True,False,False,Mountain West,Big Sky,fbs,fcs,
2,regular,2022-09-11 00:00:00+00:00,Virginia Tech,Boston College,27,10,True,False,True,ACC,ACC,fbs,fbs,
2,regular,2022-09-11 00:00:00+00:00,Michigan,Hawai'i,56,10,True,False,False,Big Ten,Mountain West,fbs,fbs,
2,regular,2022-09-11 00:00:00+00:00,Kentucky Wesleyan,Lake Erie,21,26,True,False,True,Great Midwest Athletic,Great Midwest Athletic,ii,ii,
2,regular,2022-09-11 00:00:00+00:00,Belhaven,Southwestern U,42,15,True,False,True,USA South,American Southwest,iii,iii,
2,regular,2022-09-11 00:00:00+00:00,West Texas,Adams State,34,19,True,False,False,Lone Star,Rocky Mountain,ii,ii,
2,regular,2022-09-11 00:00:00+00:00,Howard Payne,George Fox,39,42,True,False,False,American Southwest,Northwest,iii,iii,
2,regular,2022-09-11 00:00:00+00:00,CSU Pueblo,Grand Valley State,10,35,True,False,False,Rocky Mountain,GLIAC,ii,ii,
2,regular,2022-09-11 00:00:00+00:00,Eastern New Mexico,Midwestern State,14,28,True,False,True,Lone Star,Lone Star,ii,ii,
2,regular,2022-09-11 00:00:00+00:00,Texas A&M-Kingsville,Sul Ross State,35,14,True,False,False,Lone Star,American Southwest,ii,iii,
2,regular,2022-09-11 00:30:00+00:00,Oregon,Eastern Washington,70,14,True,False,False,Pac-12,Big Sky,fbs,fcs,
2,regular,2022-09-11 01:00:00+00:00,Central Washington,Western New Mexico,24,13,True,False,False,Lone Star,Lone Star,ii,ii,
2,regular,2022-09-11 01:00:00+00:00,UTEP,New Mexico State,20,13,True,False,False,Conference USA,FBS Independents,fbs,fbs,
2,regular,2022-09-11 01:00:00+00:00,Utah Tech,Chadron State,56,10,True,False,False,Western Athletic,Rocky Mountain,fcs,ii,
2,regular,2022-09-11 02:00:00+00:00,Cal Lutheran,Chapman,41,42,True,False,True,So. Cal.,So. Cal.,iii,iii,
2,regular,2022-09-11 02:00:00+00:00,Pomona Pitzer,Redlands,21,20,True,False,True,So. Cal.,So. Cal.,iii,iii,
2,regular,2022-09-11 02:15:00+00:00,BYU,Baylor,26,20,True,False,False,FBS Independents,Big 12,fbs,fbs,
2,regular,2022-09-11 02:30:00+00:00,Fresno State,Oregon State,32,35,True,False,False,Mountain West,Pac-12,fbs,fbs,
2,regular,2022-09-11 03:00:00+00:00,Arizona,Mississippi State,17,39,True,False,False,Pac-12,SEC,fbs,fbs,
3,regular,2022-09-15 23:30:00+00:00,Benedict,Savannah State,24,6,True,False,True,SIAC,SIAC,ii,ii,
3,regular,2022-09-16 22:00:00+00:00,Bentley,Post,49,6,True,False,False,Northeast 10,Independent DII,ii,ii,
3,regular,2022-09-16 23:00:00+00:00,Harvard,Merrimack,28,21,True,False,False,Ivy,NEC,fcs,fcs,
3,regular,2022-09-16 23:00:00+00:00,St. Lawrence,SUNY Morrisville,15,17,True,False,False,Liberty League,Empire 8,iii,iii,
3,regular,2022-09-16 23:00:00+00:00,Westfield State,Western Connecticut State,20,34,True,False,True,MSCAC,MSCAC,iii,iii,
3,regular,2022-09-16 23:00:00+00:00,Southern Connecticut State,Pace,7,27,True,False,True,Northeast 10,Northeast 10,ii,ii,
3,regular,2022-09-16 23:30:00+00:00,Louisville,Florida State,31,35,True,False,True,ACC,ACC,fbs,fbs,
3,regular,2022-09-17 00:00:00+00:00,Wyoming,Air Force,17,14,True,False,True,Mountain West,Mountain West,fbs,fbs,
3,regular,2022-09-17 15:00:00+00:00,Virginia Tech,Wofford,27,7,True,False,False,ACC,Southern,fbs,fcs,
3,regular,2022-09-17 16:00:00+00:00,Dean,Curry,25,33,True,False,False,ECFC,Commonwealth Coast,iii,iii,
3,regular,2022-09-17 16:00:00+00:00,Husson,Alfred State,23,17,True,False,False,Commonwealth Coast,ECFC,iii,iii,
3,regular,2022-09-17 16:00:00+00:00,Endicott,The College of New Jersey,28,7,True,False,False,Commonwealth Coast,New Jersey,iii,iii,
3,regular,2022-09-17 16:00:00+00:00,Albright,Misericordia,21,27,True,False,True,Mid Atlantic,Mid Atlantic,iii,iii,
3,regular,2022-09-17 16:00:00+00:00,Hiram,DePauw,0,44,True,False,True,North Coast,North Coast,iii,iii,
3,regular,2022-09-17 16:00:00+00:00,Buffalo State,SUNY Cortland,7,66,True,False,False,Liberty League,Empire 8,iii,iii,
3,regular,2022-09-17 16:00:00+00:00,Ursinus,Muhlenberg,35,28,True,False,True,Centennial,Centennial,iii,iii,
3,regular,2022-09-17 16:00:00+00:00,Missouri,Abilene Christian,34,17,True,False,False,SEC,Western Athletic,fbs,fcs,
3,regular,2022-09-17 16:00:00+00:00,Mercyhurst,Kutztown,31,50,True,False,True,Pennsylvania State Athletic,Pennsylvania State Athletic,ii,ii,
3,regular,2022-09-17 16:00:00+00:00,Salisbury,Ave Maria University,42,14,True,False,False,New Jersey,,iii,,
3,regular,2022-09-17 16:00:00+00:00,Nichols,Coast Guard,37,33,True,False,False,Commonwealth Coast,NEWMAC,iii,iii,
3,regular,2022-09-17 16:00:00+00:00,Rose Hulman,Albion,17,49,True,False,False,Heartland,Michigan,iii,iii,
3,regular,2022-09-17 16:00:00+00:00,North Carolina Wesleyan,Bridgewater,7,48,True,False,False,USA South,Old Dominion,iii,iii,
3,regular,2022-09-17 16:00:00+00:00,Rochester (NY),Brockport,3,23,True,False,False,Liberty League,Empire 8,iii,iii,
3,regular,2022-09-17 16:00:00+00:00,FDU Florham,Lebanon Valley,14,17,True,False,True,Mid Atlantic,Mid Atlantic,iii,iii,
3,regular,2022-09-17 16:00:00+00:00,Fitchburg State,Worcester State,10,56,True,False,True,MSCAC,MSCAC,iii,iii,
3,regular,2022-09-17 16:00:00+00:00,Gannon,West Chester,23,29,True,False,True,Pennsylvania State Athletic,Pennsylvania State Athletic,ii,ii,
3,regular,2022-09-17 16:00:00+00:00,Springfield,Union,6,21,True,False,False,NEWMAC,Liberty League,iii,iii,
3,regular,2022-09-17 16:00:00+00:00,Charleston (WV),Frostburg State,28,34,True,False,True,Mountain East,Mountain East,ii,ii,
3,regular,2022-09-17 16:00:00+00:00,Army,Villanova,49,10,True,False,False,FBS Independents,CAA,fbs,fcs,
3,regular,2022-09-17 16:00:00+00:00,Lehigh,Richmond,6,30,True,False,False,Patriot,CAA,fcs,fcs,
3,regular,2022-09-17 16:00:00+00:00,Millersville,Slippery Rock,14,45,True,False,True,Pennsylvania State Athletic,Pennsylvania State Athletic,ii,ii,
3,regular,2022-09-17 16:00:00+00:00,Bowdoin,Hamilton,41,13,True,False,True,NESCAC,NESCAC,iii,iii,
3,regular,2022-09-17 16:00:00+00:00,Syracuse,Purdue,32,29,True,False,False,ACC,Big Ten,fbs,fbs,
3,regular,2022-09-17 16:00:00+00:00,Northwestern,Southern Illinois,24,31,True,False,False,Big Ten,MVFC,fbs,fcs,
3,regular,2022-09-17 16:00:00+00:00,Miami (OH),Cincinnati,17,38,True,True,False,Mid-American,American Athletic,fbs,fbs,
3,regular,2022-09-17 16:00:00+00:00,Shepherd,California (PA),26,23,True,False,True,Pennsylvania State Athletic,Pennsylvania State Athletic,ii,ii,
3,regular,2022-09-17 16:00:00+00:00,Bluefield State,Central State,27,23,True,False,False,Independent DII,SIAC,ii,ii,
3,regular,2022-09-17 16:00:00+00:00,Shorter,Albany State,20,42,True,False,False,Gulf South,SIAC,ii,ii,
3,regular,2022-09-17 16:00:00+00:00,Davenport,Northern Michigan,31,21,True,False,True,GLIAC,GLIAC,ii,ii,
3,regular,2022-09-17 16:00:00+00:00,Edinboro,Bloomsburg,23,20,True,False,True,Pennsylvania State Athletic,Pennsylvania State Athletic,ii,ii,
3,regular,2022-09-17 16:00:00+00:00,Walsh,Quincy,13,28,True,False,False,Great Midwest Athletic,Great Lakes,ii,ii,
3,regular,2022-09-17 16:00:00+00:00,Morgan State,Sacred Heart,24,9,True,False,False,MEAC,NEC,fcs,fcs,
3,regular,2022-09-17 16:00:00+00:00,Michigan,UConn,59,0,True,False,False,Big Ten,FBS Independents,fbs,fbs,
3,regular,2022-09-17 16:00:00+00:00,Seton Hill,East Stroudsburg,7,22,True,False,True,Pennsylvania State Athletic,Pennsylvania State Athletic,ii,ii,
3,regular,2022-09-17 16:00:00+00:00,Kentucky,Youngstown State,31,0,True,False,False,SEC,MVFC,fbs,fcs,
3,regular,2022-09-17 16:00:00+00:00,Notre Dame College,West Liberty,34,17,True,False,True,Mountain East,Mountain East,ii,ii,
3,regular,2022-09-17 16:00:00+00:00,Kent State,Long Island University,63,10,True,False,False,Mid-American,NEC,fbs,fcs,
3,regular,2022-09-17 16:00:00+00:00,Salve Regina,Montclair State,14,31,True,False,False,Commonwealth Coast,New Jersey,iii,iii,
3,regular,2022-09-17 16:00:00+00:00,South Carolina,Georgia,7,48,True,False,True,SEC,SEC,fbs,fbs,
3,regular,2022-09-17 16:00:00+00:00,Baylor,Texas State,42,7,True,False,False,Big 12,Sun Belt,fbs,fbs,
3,regular,2022-09-17 16:00:00+00:00,Elizabeth City State,Winston-Salem State,20,17,True,False,True,CIAA,CIAA,ii,ii,
3,regular,2022-09-17 16:00:00+00:00,Wilkes,Widener,44,20,True,False,True,Mid Atlantic,Mid Atlantic,iii,iii,
3,regular,2022-09-17 16:00:00+00:00,Hilbert,Willamette,20,31,True,True,False,North Coast,Northwest,iii,iii,
3,regular,2022-09-17 16:00:00+00:00,Plymouth State,Bridgewater State,41,34,True,False,True,MSCAC,MSCAC,iii,iii,
3,regular,2022-09-17 16:00:00+00:00,New England,Gallaudet,31,34,True,False,False,Commonwealth Coast,ECFC,iii,iii,
3,regular,2022-09-17 16:00:00+00:00,Nebraska,Oklahoma,14,49,True,False,False,Big Ten,Big 12,fbs,fbs,
3,regular,2022-09-17 16:00:00+00:00,Indiana,Western Kentucky,33,30,True,False,False,Big Ten,Conference USA,fbs,fbs,
3,regular,2022-09-17 16:00:00+00:00,Findlay,Southwest Baptist,52,35,True,False,False,Great Midwest Athletic,Great Lakes,ii,ii,
3,regular,2022-09-17 16:30:00+00:00,Brown,Bryant,44,38,True,False,False,Ivy,Big South,fcs,fcs,
3,regular,2022-09-17 17:00:00+00:00,Waynesburg,Geneva,37,30,True,False,True,Presidents',Presidents',iii,iii,
3,regular,2022-09-17 17:00:00+00:00,King's,Delaware Valley,6,26,True,False,True,Mid Atlantic,Mid Atlantic,iii,iii,
3,regular,2022-09-17 17:00:00+00:00,West Virginia,Towson,65,7,True,False,False,Big 12,CAA,fbs,fcs,
3,regular,2022-09-17 17:00:00+00:00,Stetson,Princeton,14,39,True,False,False,Pioneer,Ivy,fcs,fcs,
3,regular,2022-09-17 17:00:00+00:00,Catholic,Kean,14,33,True,False,False,NEWMAC,New Jersey,iii,iii,
3,regular,2022-09-17 17:00:00+00:00,Hillsdale,Truman State,13,21,True,False,False,Great Midwest Athletic,Great Lakes,ii,ii,
3,regular,2022-09-17 17:00:00+00:00,LaGrange,Ferrum,44,38,True,False,False,USA South,Old Dominion,iii,iii,
3,regular,2022-09-17 17:00:00+00:00,McDaniel,Franklin & Marshall,3,35,True,False,True,Centennial,Centennial,iii,iii,
3,regular,2022-09-17 17:00:00+00:00,Fordham,UAlbany,48,45,True,False,False,Patriot,CAA,fcs,fcs,
3,regular,2022-09-17 17:00:00+00:00,Berry,Wisconsin Whitewater,3,17,True,False,False,Southern Athletic,Wisconsin,iii,iii,
3,regular,2022-09-17 17:00:00+00:00,Pennsylvania,Colgate,25,14,True,False,False,Ivy,Patriot,fcs,fcs,
3,regular,2022-09-17 17:00:00+00:00,Gettysburg,Dickinson,9,35,True,False,True,Centennial,Centennial,iii,iii,
3,regular,2022-09-17 17:00:00+00:00,Indiana State,Montana,14,49,True,False,False,MVFC,Big Sky,fcs,fcs,
3,regular,2022-09-17 17:00:00+00:00,Central Michigan,Bucknell,41,0,True,False,False,Mid-American,Patriot,fbs,fcs,
3,regular,2022-09-17 17:00:00+00:00,Iowa Wesleyan,Finlandia University,55,0,True,True,False,,Upper Midwest,,iii,
3,regular,2022-09-17 17:00:00+00:00,Chowan,Johnson C. Smith,32,29,True,False,True,CIAA,CIAA,ii,ii,
3,regular,2022-09-17 17:00:00+00:00,Alderson-Broaddus,Wheeling,41,56,True,False,True,Mountain East,Mountain East,ii,ii,
3,regular,2022-09-17 17:00:00+00:00,Johns Hopkins,Juniata,70,0,True,False,True,Centennial,Centennial,iii,iii,
3,regular,2022-09-17 17:00:00+00:00,Denison,Oberlin,51,10,True,False,True,North Coast,North Coast,iii,iii,
3,regular,2022-09-17 17:00:00+00:00,Mars Hill,Catawba,38,7,True,False,True,South Atlantic,South Atlantic,ii,ii,
3,regular,2022-09-17 17:00:00+00:00,Dayton,Kentucky State,46,3,True,False,False,Pioneer,SIAC,fcs,ii,
3,regular,2022-09-17 17:00:00+00:00,Colby,Williams,24,14,True,False,True,NESCAC,NESCAC,iii,iii,
3,regular,2022-09-17 17:00:00+00:00,Coastal Carolina,Buffalo,38,26,True,False,False,Sun Belt,Mid-American,fbs,fbs,
3,regular,2022-09-17 17:00:00+00:00,Merchant Marine,SUNY Maritime,48,13,True,False,False,NEWMAC,ECFC,iii,iii,
3,regular,2022-09-17 17:00:00+00:00,Methodist,Washington and Lee,14,37,True,False,False,USA South,Old Dominion,iii,iii,
3,regular,2022-09-17 17:00:00+00:00,Shippensburg,IU Pennsylvania,21,44,True,False,True,Pennsylvania State Athletic,Pennsylvania State Athletic,ii,ii,
3,regular,2022-09-17 17:00:00+00:00,Hanover,Olivet,28,31,True,False,False,Heartland,Michigan,iii,iii,
3,regular,2022-09-17 17:00:00+00:00,Northwood,Saginaw Valley State,14,35,True,False,True,Great Midwest Athletic,GLIAC,ii,ii,
3,regular,2022-09-17 17:00:00+00:00,Randolph Macon,Southern Virginia,47,20,True,False,False,Old Dominion,USA South,iii,iii,
3,regular,2022-09-17 17:00:00+00:00,Western New England,Utica,21,23,True,False,False,Commonwealth Coast,Empire 8,iii,iii,
3,regular,2022-09-17 17:00:00+00:00,Susquehanna,Moravian,37,3,True,False,True,Centennial,Centennial,iii,iii,
3,regular,2022-09-17 17:00:00+00:00,West Virginia State,Fairmont State,34,29,True,False,True,Mountain East,Mountain East,ii,ii,
3,regular,2022-09-17 17:00:00+00:00,Stevenson,Alvernia,40,18,True,False,True,Mid Atlantic,Mid Atlantic,iii,iii,
3,regular,2022-09-17 17:00:00+00:00,Mass Maritime,Anna Maria College,14,23,True,False,False,MSCAC,ECFC,iii,iii,
3,regular,2022-09-17 17:00:00+00:00,Emory & Henry,Newberry,23,26,True,False,False,South Atlantic,South Atlantic,ii,ii,
3,regular,2022-09-17 17:00:00+00:00,Minnesota St Moorhead,Augustana (SD),7,31,True,False,True,Northern Sun,Northern Sun,ii,ii,
3,regular,2022-09-17 17:00:00+00:00,Ohio Dominican,William Jewell,31,21,True,False,False,Great Midwest Athletic,Great Lakes,ii,ii,
3,regular,2022-09-17 17:00:00+00:00,UVA Wise,Barton,20,40,True,False,False,South Atlantic,South Atlantic,ii,ii,
3,regular,2022-09-17 17:00:00+00:00,Hobart,St. John Fisher,17,0,True,False,False,Liberty League,Empire 8,iii,iii,
3,regular,2022-09-17 17:00:00+00:00,William Paterson,Keystone,27,20,True,False,False,New Jersey,ECFC,iii,iii,
3,regular,2022-09-17 17:00:00+00:00,Saint Vincent,Thiel,24,16,True,False,True,Presidents',Presidents',iii,iii,
3,regular,2022-09-17 17:00:00+00:00,New Haven,American International,54,26,True,False,True,Northeast 10,Northeast 10,ii,ii,
3,regular,2022-09-17 17:00:00+00:00,Ithaca,Alfred,52,3,True,False,False,Liberty League,Empire 8,iii,iii,
3,regular,2022-09-17 17:00:00+00:00,Wesleyan (CT),Bates,41,10,True,False,True,NESCAC,NESCAC,iii,iii,
3,regular,2022-09-17 17:00:00+00:00,Carnegie Mellon,Grove City,40,33,True,False,True,Presidents',Presidents',iii,iii,
3,regular,2022-09-17 17:00:00+00:00,Guilford,Huntingdon,7,47,True,False,False,Old Dominion,USA South,iii,iii,
3,regular,2022-09-17 17:00:00+00:00,Hampden Sydney,Greensboro,70,28,True,False,False,Old Dominion,USA South,iii,iii,
3,regular,2022-09-17 17:00:00+00:00,Kenyon,Wittenberg,28,51,True,False,True,North Coast,North Coast,iii,iii,
3,regular,2022-09-17 17:00:00+00:00,Shaw,Bowie State,17,14,True,False,True,CIAA,CIAA,ii,ii,
3,regular,2022-09-17 17:00:00+00:00,Carson Newman,Limestone,37,40,True,False,True,South Atlantic,South Atlantic,ii,ii,
3,regular,2022-09-17 17:00:00+00:00,Glenville State,UNC Pembroke,45,17,True,False,True,Mountain East,Mountain East,ii,ii,
3,regular,2022-09-17 17:00:00+00:00,Rhode Island,Delaware,21,42,True,False,True,CAA,CAA,fcs,fcs,
3,regular,2022-09-17 17:00:00+00:00,Monmouth,Georgetown,45,6,True,False,False,CAA,Patriot,fcs,fcs,
3,regular,2022-09-17 17:00:00+00:00,Maryville (TN),Shenandoah,29,34,True,False,False,USA South,Old Dominion,iii,iii,
3,regular,2022-09-17 17:30:00+00:00,Tufts,Trinity (CT),23,26,True,False,True,NESCAC,NESCAC,iii,iii,
3,regular,2022-09-17 17:30:00+00:00,John Carroll,Baldwin Wallace,21,7,True,False,True,Ohio,Ohio,iii,iii,
3,regular,2022-09-17 17:30:00+00:00,VMI,Cornell,22,28,True,False,False,Southern,Ivy,fcs,fcs,
3,regular,2022-09-17 17:30:00+00:00,Defiance College,Kalamazoo,23,42,True,False,False,Heartland,Michigan,iii,iii,
3,regular,2022-09-17 17:30:00+00:00,Dartmouth,Valparaiso,35,13,True,False,False,Ivy,Pioneer,fcs,fcs,
3,regular,2022-09-17 17:30:00+00:00,Mount Union,Marietta,55,7,True,False,True,Ohio,Ohio,iii,iii,
3,regular,2022-09-17 17:30:00+00:00,Mount St Joseph,Hope,33,28,True,False,False,Heartland,Michigan,iii,iii,
3,regular,2022-09-17 17:30:00+00:00,Franklin,Trine,21,55,True,False,False,Heartland,Michigan,iii,iii,
3,regular,2022-09-17 17:30:00+00:00,UMass Dartmouth,Framingham State,46,21,True,False,True,MSCAC,MSCAC,iii,iii,
3,regular,2022-09-17 18:00:00+00:00,Crown,St. Scholastica,14,63,True,False,False,Upper Midwest,Minnesota,iii,iii,
3,regular,2022-09-17 18:00:00+00:00,Emporia State,Missouri Western,36,12,True,False,True,Mid America,Mid America,ii,ii,
3,regular,2022-09-17 18:00:00+00:00,Whittier,Lewis & Clark,13,44,True,False,False,So. Cal.,Northwest,iii,iii,
3,regular,2022-09-17 18:00:00+00:00,Sewanee,Westminster (MO),41,6,True,False,False,Southern Athletic,Upper Midwest,iii,iii,
3,regular,2022-09-17 18:00:00+00:00,Temple,Rutgers,14,16,True,False,False,American Athletic,Big Ten,fbs,fbs,
3,regular,2022-09-17 18:00:00+00:00,Delaware State,Virginia Lynchburg,35,19,True,False,False,MEAC,,fcs,,
3,regular,2022-09-17 18:00:00+00:00,Carthage,North Central College,7,59,True,False,True,CCIW,CCIW,iii,iii,
3,regular,2022-09-17 18:00:00+00:00,Nebraska Wesleyan,Dubuque,34,48,True,True,True,American Rivers,American Rivers,iii,iii,
3,regular,2022-09-17 18:00:00+00:00,Amherst,Middlebury,6,17,True,False,True,NESCAC,NESCAC,iii,iii,
3,regular,2022-09-17 18:00:00+00:00,Ball State,Murray State,31,0,True,False,False,Mid-American,OVC,fbs,fcs,
3,regular,2022-09-17 18:00:00+00:00,Jackson State,Grambling,66,24,True,False,True,SWAC,SWAC,fcs,fcs,
3,regular,2022-09-17 18:00:00+00:00,Greenville,Manchester,49,22,True,False,False,Upper Midwest,Heartland,iii,iii,
3,regular,2022-09-17 18:00:00+00:00,Monmouth (IL),Illinois College,51,20,True,False,True,Midwest,Midwest,iii,iii,
3,regular,2022-09-17 18:00:00+00:00,New Mexico Highlands,Fort Lewis,27,3,True,False,True,Rocky Mountain,Rocky Mountain,ii,ii,
3,regular,2022-09-17 18:00:00+00:00,UCLA,South Alabama,32,31,True,False,False,Pac-12,Sun Belt,fbs,fbs,
3,regular,2022-09-17 18:00:00+00:00,Benedictine (IL),Concordia (WI),48,10,True,False,True,NACC,NACC,iii,iii,
3,regular,2022-09-17 18:00:00+00:00,Iowa State,Ohio,43,10,True,False,False,Big 12,Mid-American,fbs,fbs,
3,regular,2022-09-17 18:00:00+00:00,Virginia,Old Dominion,16,14,True,False,False,ACC,Sun Belt,fbs,fbs,
3,regular,2022-09-17 18:00:00+00:00,Wooster,Wabash,14,48,True,False,True,North Coast,North Coast,iii,iii,
3,regular,2022-09-17 18:00:00+00:00,Wilmington (OH),Otterbein,32,26,True,False,True,Ohio,Ohio,iii,iii,
3,regular,2022-09-17 18:00:00+00:00,Sul Ross State,Austin,55,14,True,False,True,American Southwest,American Southwest,iii,iii,
3,regular,2022-09-17 18:00:00+00:00,Central College,Loras,35,38,True,False,True,American Rivers,American Rivers,iii,iii,
3,regular,2022-09-17 18:00:00+00:00,Washington St. Louis,Millikin,54,7,True,False,True,CCIW,CCIW,iii,iii,
3,regular,2022-09-17 18:00:00+00:00,Eureka,Rockford,31,14,True,False,True,NACC,NACC,iii,iii,
3,regular,2022-09-17 18:00:00+00:00,Millsaps,Wisconsin Oshkosh,17,41,True,False,False,Southern Athletic,Wisconsin,iii,iii,
3,regular,2022-09-17 18:00:00+00:00,Washburn,Nebraska Kearney,13,21,True,False,True,Mid America,Mid America,ii,ii,
3,regular,2022-09-17 18:00:00+00:00,Concordia Chicago,Aurora,7,56,True,False,True,NACC,NACC,iii,iii,
3,regular,2022-09-17 18:00:00+00:00,Chicago,Beloit,43,10,True,False,True,Midwest,Midwest,iii,iii,
3,regular,2022-09-17 18:00:00+00:00,Martin Luther,Augsburg,7,45,True,False,False,Upper Midwest,Minnesota,iii,iii,
3,regular,2022-09-17 18:00:00+00:00,South Dakota,Cal Poly,38,21,True,False,False,MVFC,Big Sky,fcs,fcs,
3,regular,2022-09-17 18:00:00+00:00,Minot State,Wayne State (NE),10,49,True,False,True,Northern Sun,Northern Sun,ii,ii,
3,regular,2022-09-17 18:00:00+00:00,Elmhurst,Augustana (IL),16,34,True,False,True,CCIW,CCIW,iii,iii,
3,regular,2022-09-17 18:00:00+00:00,Holy Cross,Yale,38,14,True,False,False,Patriot,Ivy,fcs,fcs,
3,regular,2022-09-17 18:00:00+00:00,Norwich,Vermont State Castleton,26,21,True,False,False,NEWMAC,ECFC,iii,iii,
3,regular,2022-09-17 18:00:00+00:00,McMurry,East Texas Baptist,7,28,True,False,True,American Southwest,American Southwest,iii,iii,
3,regular,2022-09-17 18:00:00+00:00,Gustavus Adolphus,Wisconsin Stout,25,28,True,False,False,Minnesota,Wisconsin,iii,iii,
3,regular,2022-09-17 18:00:00+00:00,Wisconsin Platteville,Hardin Simmons,0,41,True,False,False,Wisconsin,American Southwest,iii,iii,
3,regular,2022-09-17 18:00:00+00:00,Cornell (IA),Ripon,14,49,True,False,True,Midwest,Midwest,iii,iii,
3,regular,2022-09-17 18:00:00+00:00,Wartburg,Luther,62,0,True,False,True,American Rivers,American Rivers,iii,iii,
3,regular,2022-09-17 18:00:00+00:00,Fort Valley State,Allen,29,27,True,False,True,SIAC,SIAC,ii,ii,
3,regular,2022-09-17 18:00:00+00:00,West Virginia Wesleyan,Concord,32,34,True,False,True,Mountain East,Mountain East,ii,ii,
3,regular,2022-09-17 18:00:00+00:00,Lawrence,Grinnell,7,28,True,False,True,Midwest,Midwest,iii,iii,
3,regular,2022-09-17 18:00:00+00:00,Cal Lutheran,Puget Sound,35,27,True,False,False,So. Cal.,Northwest,iii,iii,
3,regular,2022-09-17 18:00:00+00:00,Lock Haven,Clarion,7,44,True,False,True,Pennsylvania State Athletic,Pennsylvania State Athletic,ii,ii,
3,regular,2022-09-17 18:00:00+00:00,Norfolk State,Hampton,7,17,True,False,False,MEAC,CAA,fcs,fcs,
3,regular,2022-09-17 18:30:00+00:00,Notre Dame,California,24,17,True,False,False,FBS Independents,Pac-12,fbs,fbs,
3,regular,2022-09-17 18:30:00+00:00,Northwest Missouri State,Central Missouri,24,7,True,False,True,Mid America,Mid America,ii,ii,
3,regular,2022-09-17 19:00:00+00:00,Colorado Mesa,South Dakota Mines,17,31,True,False,True,Rocky Mountain,Rocky Mountain,ii,ii,
3,regular,2022-09-17 19:00:00+00:00,West Alabama,Tuskegee,10,13,True,False,False,Gulf South,SIAC,ii,ii,
3,regular,2022-09-17 19:00:00+00:00,Bemidji State,Winona State,34,24,True,False,True,Northern Sun,Northern Sun,ii,ii,
3,regular,2022-09-17 19:00:00+00:00,University of Mary,Southwest Minnesota State,28,31,True,False,True,Northern Sun,Northern Sun,ii,ii,
3,regular,2022-09-17 19:00:00+00:00,Kansas State,Tulane,10,17,True,False,False,Big 12,American Athletic,fbs,fbs,
3,regular,2022-09-17 19:00:00+00:00,Alabama A&M,Austin Peay,3,28,True,False,False,SWAC,Atlantic Sun,fcs,fcs,
3,regular,2022-09-17 19:00:00+00:00,UNLV,North Texas,58,27,True,False,False,Mountain West,Conference USA,fbs,fbs,
3,regular,2022-09-17 19:00:00+00:00,Idaho State,Central Arkansas,16,31,True,False,False,Big Sky,Atlantic Sun,fcs,fcs,
3,regular,2022-09-17 19:00:00+00:00,Idaho,Drake,42,14,True,False,False,Big Sky,Pioneer,fcs,fcs,
3,regular,2022-09-17 19:00:00+00:00,Howard,Morehouse,31,0,True,True,False,MEAC,SIAC,fcs,ii,
3,regular,2022-09-17 19:00:00+00:00,Adams State,Colorado School of Mines,10,84,True,False,True,Rocky Mountain,Rocky Mountain,ii,ii,
3,regular,2022-09-17 19:00:00+00:00,Lake Forest,Knox,48,14,True,False,True,Midwest,Midwest,iii,iii,
3,regular,2022-09-17 19:00:00+00:00,Southeast Missouri State,Nicholls,42,16,True,False,False,OVC,Southland,fcs,fcs,
3,regular,2022-09-17 19:00:00+00:00,Southern Nazarene,East Central,21,44,True,False,True,Great American,Great American,ii,ii,
3,regular,2022-09-17 19:00:00+00:00,Carleton,Minnesota Morris,41,7,True,False,False,Minnesota,Upper Midwest,iii,iii,
3,regular,2022-09-17 19:00:00+00:00,Mississippi College,North Greenville,19,41,True,False,True,Gulf South,Gulf South,ii,ii,
3,regular,2022-09-17 19:00:00+00:00,Lane College,Clark Atlanta,38,6,True,False,True,SIAC,SIAC,ii,ii,
3,regular,2022-09-17 19:30:00+00:00,Lafayette,William & Mary,7,34,True,False,False,Patriot,CAA,fcs,fcs,
3,regular,2022-09-17 19:30:00+00:00,Oregon,BYU,41,20,True,False,False,Pac-12,FBS Independents,fbs,fbs,
3,regular,2022-09-17 19:30:00+00:00,Wisconsin,New Mexico State,66,7,True,False,False,Big Ten,FBS Independents,fbs,fbs,
3,regular,2022-09-17 19:30:00+00:00,UAB,Georgia Southern,35,21,True,False,False,Conference USA,Sun Belt,fbs,fbs,
3,regular,2022-09-17 19:30:00+00:00,Minnesota,Colorado,49,7,True,False,False,Big Ten,Pac-12,fbs,fbs,
3,regular,2022-09-17 19:30:00+00:00,Georgia Tech,Ole Miss,0,42,True,False,False,ACC,SEC,fbs,fbs,
3,regular,2022-09-17 19:30:00+00:00,Northern Illinois,Vanderbilt,28,38,True,False,False,Mid-American,SEC,fbs,fbs,
3,regular,2022-09-17 19:30:00+00:00,Auburn,Penn State,12,41,True,False,False,SEC,Big Ten,fbs,fbs,
3,regular,2022-09-17 19:30:00+00:00,App State,Troy,32,28,True,False,True,Sun Belt,Sun Belt,fbs,fbs,
3,regular,2022-09-17 19:30:00+00:00,Western Carolina,Presbyterian,77,21,True,False,False,Southern,Pioneer,fcs,fcs,
3,regular,2022-09-17 19:30:00+00:00,Massachusetts,Stony Brook,20,3,True,False,False,FBS Independents,CAA,fbs,fcs,
3,regular,2022-09-17 20:00:00+00:00,Western Illinois,Southern Utah,10,17,True,False,False,MVFC,Western Athletic,fcs,fcs,
3,regular,2022-09-17 20:00:00+00:00,Boise State,UT Martin,30,7,True,False,False,Mountain West,OVC,fbs,fcs,
3,regular,2022-09-17 20:00:00+00:00,Houston,Kansas,30,48,True,False,False,American Athletic,Big 12,fbs,fbs,
3,regular,2022-09-17 20:00:00+00:00,Alabama,UL Monroe,63,7,True,False,False,SEC,Sun Belt,fbs,fbs,
3,regular,2022-09-17 20:00:00+00:00,Whitworth,Claremont Mudd Scripps,12,7,True,False,False,Northwest,So. Cal.,iii,iii,
3,regular,2022-09-17 20:00:00+00:00,Simon Fraser,Central Washington,7,40,True,False,True,Lone Star,Lone Star,ii,ii,
3,regular,2022-09-17 20:00:00+00:00,CSU Pueblo,Western Colorado,10,17,True,False,True,Rocky Mountain,Rocky Mountain,ii,ii,
3,regular,2022-09-17 20:00:00+00:00,Northern Arizona,North Dakota,24,27,True,False,False,Big Sky,MVFC,fcs,fcs,
3,regular,2022-09-17 20:00:00+00:00,Hendrix,Howard Payne,10,67,True,True,False,Southern Athletic,American Southwest,iii,iii,
3,regular,2022-09-17 20:00:00+00:00,Erskine,Lenoir Rhyne,20,42,True,False,False,South Atlantic,South Atlantic,ii,ii,
3,regular,2022-09-17 20:00:00+00:00,Linfield,Redlands,21,3,True,False,False,Northwest,So. Cal.,iii,iii,
3,regular,2022-09-17 20:00:00+00:00,Wagner,Saint Francis,7,27,True,False,True,NEC,NEC,fcs,fcs,
3,regular,2022-09-17 21:00:00+00:00,Bowling Green,Marshall,34,31,True,False,False,Mid-American,Sun Belt,fbs,fbs,
3,regular,2022-09-17 21:00:00+00:00,Northern Iowa,Sacramento State,21,37,True,False,False,MVFC,Big Sky,fcs,fcs,
3,regular,2022-09-17 21:00:00+00:00,Southern,Texas Southern,0,24,True,True,True,SWAC,SWAC,fcs,fcs,
3,regular,2022-09-17 21:00:00+00:00,Wake Forest,Liberty,37,36,True,False,False,ACC,FBS Independents,fbs,fbs,
3,regular,2022-09-17 21:00:00+00:00,Washington State,Colorado State,38,7,True,False,False,Pac-12,Mountain West,fbs,fbs,
3,regular,2022-09-17 21:00:00+00:00,Rensselaer,WPI,37,0,True,False,False,Liberty League,NEWMAC,iii,iii,
3,regular,2022-09-17 22:00:00+00:00,Mercer,The Citadel,17,0,True,False,True,Southern,Southern,fcs,fcs,
3,regular,2022-09-17 22:00:00+00:00,Virginia State,St. Augustine's,42,7,True,False,True,CIAA,CIAA,ii,ii,
3,regular,2022-09-17 22:00:00+00:00,New Hampshire,North Carolina Central,27,45,True,False,False,CAA,MEAC,fcs,fcs,
3,regular,2022-09-17 22:00:00+00:00,Eastern Kentucky,Charleston Southern,40,17,True,False,False,Atlantic Sun,Big South,fcs,fcs,
3,regular,2022-09-17 22:00:00+00:00,Duke,North Carolina A&T,49,20,True,False,False,ACC,Big South,fbs,fcs,
3,regular,2022-09-17 22:00:00+00:00,Morehead State,Kentucky Christian,49,14,True,False,False,Pioneer,,fcs,,
3,regular,2022-09-17 22:00:00+00:00,Tusculum,Wingate,10,27,True,False,True,South Atlantic,South Atlantic,ii,ii,
3,regular,2022-09-17 22:00:00+00:00,Averett,Brevard,23,6,True,False,True,Old Dominion,USA South,iii,iii,
3,regular,2022-09-17 22:00:00+00:00,LSU,Mississippi State,31,16,True,False,True,SEC,SEC,fbs,fbs,
3,regular,2022-09-17 22:00:00+00:00,Elon,Gardner-Webb,30,24,True,False,False,CAA,Big South,fcs,fcs,
3,regular,2022-09-17 22:00:00+00:00,East Carolina,Campbell,49,10,True,False,False,American Athletic,Big South,fbs,fcs,
3,regular,2022-09-17 22:00:00+00:00,Chattanooga,North Alabama,41,14,True,False,False,Southern,Atlantic Sun,fcs,fcs,
3,regular,2022-09-17 22:00:00+00:00,Missouri Southern State,Central Oklahoma,40,21,True,False,True,Mid America,Mid America,ii,ii,
3,regular,2022-09-17 22:00:00+00:00,Anderson (IN),Alma,7,45,True,False,False,Heartland,Michigan,iii,iii,
3,regular,2022-09-17 22:00:00+00:00,Lake Erie,McKendree,37,38,True,False,False,Great Midwest Athletic,Great Lakes,ii,ii,
3,regular,2022-09-17 22:00:00+00:00,Wayne State (MI),Wisconsin La Crosse,21,28,True,False,False,GLIAC,Wisconsin,ii,iii,
3,regular,2022-09-17 22:00:00+00:00,Virginia Union,Livingstone,42,6,True,False,True,CIAA,CIAA,ii,ii,
3,regular,2022-09-17 22:00:00+00:00,Franklin Pierce,Saint Anselm,0,27,True,True,True,Northeast 10,Northeast 10,ii,ii,
3,regular,2022-09-17 22:00:00+00:00,Marist,Columbia,3,38,True,False,False,Pioneer,Ivy,fcs,fcs,
3,regular,2022-09-17 22:00:00+00:00,Bluffton,Adrian,23,58,True,False,False,Heartland,Michigan,iii,iii,
3,regular,2022-09-17 23:00:00+00:00,Davidson,St. Andrews,56,6,True,False,False,Pioneer,,fcs,,
3,regular,2022-09-17 23:00:00+00:00,Henderson State,Arkansas Monticello,37,27,True,False,True,Great American,Great American,ii,ii,
3,regular,2022-09-17 23:00:00+00:00,Carroll (WI),North Park,42,0,True,False,False,Midwest,CCIW,iii,iii,
3,regular,2022-09-17 23:00:00+00:00,Arkansas Tech,Ouachita Baptist,14,63,True,False,True,Great American,Great American,ii,ii,
3,regular,2022-09-17 23:00:00+00:00,Prairie View A&M,Incarnate Word,14,31,True,False,False,SWAC,Southland,fcs,fcs,
3,regular,2022-09-17 23:00:00+00:00,Case Western Reserve,Washington & Jefferson,14,10,True,False,True,Presidents',Presidents',iii,iii,
3,regular,2022-09-17 23:00:00+00:00,Sam Houston,East Texas A&M,27,17,True,False,False,Western Athletic,Southland,fcs,fcs,
3,regular,2022-09-17 23:00:00+00:00,Lamar,Northern Colorado,14,21,True,False,False,Southland,Big Sky,fcs,fcs,
3,regular,2022-09-17 23:00:00+00:00,Mary Hardin Baylor,Southwestern U,68,14,True,False,True,American Southwest,American Southwest,iii,iii,
3,regular,2022-09-17 23:00:00+00:00,Northern State,Minnesota State,23,22,True,False,True,Northern Sun,Northern Sun,ii,ii,
3,regular,2022-09-17 23:00:00+00:00,Tiffin,Indianapolis,20,27,True,False,False,Great Midwest Athletic,Great Lakes,ii,ii,
3,regular,2022-09-17 23:00:00+00:00,South Dakota State,Butler,45,17,True,False,False,MVFC,Pioneer,fcs,fcs,
3,regular,2022-09-17 23:00:00+00:00,Buena Vista,Coe,3,14,True,False,True,American Rivers,American Rivers,iii,iii,
3,regular,2022-09-17 23:00:00+00:00,Lincoln (PA),Fayetteville State,7,19,True,False,True,CIAA,CIAA,ii,ii,
3,regular,2022-09-17 23:00:00+00:00,Trinity (TX),Texas Lutheran,52,14,True,False,False,Southern Athletic,American Southwest,iii,iii,
3,regular,2022-09-17 23:00:00+00:00,Wheaton (IL),Illinois Wesleyan,42,7,True,False,True,CCIW,CCIW,iii,iii,
3,regular,2022-09-17 23:00:00+00:00,Lincoln (MO),Fort Hays,14,51,True,False,True,Mid America,Mid America,ii,ii,
3,regular,2022-09-17 23:00:00+00:00,Minnesota Duluth,Upper Iowa,28,6,True,False,True,Northern Sun,Northern Sun,ii,ii,
3,regular,2022-09-17 23:00:00+00:00,Tulsa,Jacksonville State,54,17,True,False,False,American Athletic,Atlantic Sun,fbs,fcs,
3,regular,2022-09-17 23:00:00+00:00,Wisconsin Lutheran,Lakeland,25,21,True,False,True,NACC,NACC,iii,iii,
3,regular,2022-09-17 23:00:00+00:00,Middle Tennessee,Tennessee State,49,6,True,False,False,Conference USA,OVC,fbs,fcs,
3,regular,2022-09-17 23:00:00+00:00,Wisconsin Stevens Point,Simpson (IA),35,14,True,False,False,Wisconsin,American Rivers,iii,iii,
3,regular,2022-09-17 23:00:00+00:00,Tarleton State,Eastern New Mexico,41,6,True,False,False,Western Athletic,Lone Star,fcs,ii,
3,regular,2022-09-17 23:00:00+00:00,Southwestern Oklahoma State,Southeastern Oklahoma State,48,58,True,False,True,Great American,Great American,ii,ii,
3,regular,2022-09-17 23:00:00+00:00,Tennessee Tech,Samford,28,33,True,False,False,OVC,Southern,fcs,fcs,
3,regular,2022-09-17 23:00:00+00:00,Memphis,Arkansas State,44,32,True,False,False,American Athletic,Sun Belt,fbs,fbs,
3,regular,2022-09-17 23:00:00+00:00,Southern Miss,Northwestern State,64,10,True,False,False,Sun Belt,Southland,fbs,fcs,
3,regular,2022-09-17 23:00:00+00:00,Ohio State,Toledo,77,21,True,False,False,Big Ten,Mid-American,fbs,fbs,
3,regular,2022-09-17 23:00:00+00:00,Harding,Southern Arkansas,37,17,True,False,True,Great American,Great American,ii,ii,
3,regular,2022-09-17 23:00:00+00:00,Oklahoma State,Arkansas-Pine Bluff,63,7,True,False,False,Big 12,SWAC,fbs,fcs,
3,regular,2022-09-17 23:00:00+00:00,NC State,Texas Tech,27,14,True,False,False,ACC,Big 12,fbs,fbs,
3,regular,2022-09-17 23:00:00+00:00,Georgia State,Charlotte,41,42,True,False,False,Sun Belt,Conference USA,fbs,fbs,
3,regular,2022-09-17 23:00:00+00:00,Tennessee,Akron,63,6,True,False,False,SEC,Mid-American,fbs,fbs,
3,regular,2022-09-17 23:00:00+00:00,Arkansas,Missouri State,38,27,True,False,False,SEC,MVFC,fbs,fcs,
3,regular,2022-09-17 23:00:00+00:00,Muskingum,Capital,37,7,True,False,True,Ohio,Ohio,iii,iii,
3,regular,2022-09-17 23:00:00+00:00,Miles,Valdosta State,7,55,True,False,False,SIAC,Gulf South,ii,ii,
3,regular,2022-09-17 23:00:00+00:00,SE Louisiana,Central Connecticut,70,6,True,False,False,Southland,NEC,fcs,fcs,
3,regular,2022-09-17 23:00:00+00:00,Northwestern (OK),Oklahoma Baptist,23,31,True,False,True,Great American,Great American,ii,ii,
3,regular,2022-09-17 23:00:00+00:00,Grand Valley State,Lincoln (CA),66,7,True,False,False,GLIAC,,ii,,
3,regular,2022-09-17 23:00:00+00:00,Heidelberg,Ohio Northern,37,3,True,False,True,Ohio,Ohio,iii,iii,
3,regular,2022-09-17 23:00:00+00:00,Westminster (PA),Allegheny,42,14,True,False,False,Presidents',Presidents',iii,iii,
3,regular,2022-09-17 23:00:00+00:00,Lindenwood,Keiser University,37,3,True,False,False,OVC,,fcs,,
3,regular,2022-09-17 23:00:00+00:00,UT Permian Basin,Angelo State,21,34,True,False,True,Lone Star,Lone Star,ii,ii,
3,regular,2022-09-17 23:00:00+00:00,Wisconsin River Falls,Northwestern (MN),63,27,True,False,False,Wisconsin,Upper Midwest,iii,iii,
3,regular,2022-09-17 23:00:00+00:00,Mississippi Valley State,Delta State,17,28,True,False,False,SWAC,Gulf South,fcs,ii,
3,regular,2022-09-17 23:30:00+00:00,Florida,South Florida,31,28,True,False,False,SEC,American Athletic,fbs,fbs,
3,regular,2022-09-17 23:30:00+00:00,Florida Atlantic,UCF,14,40,True,False,False,Conference USA,American Athletic,fbs,fbs,
3,regular,2022-09-17 23:30:00+00:00,Iowa,Nevada,27,0,True,False,False,Big Ten,Mountain West,fbs,fbs,
3,regular,2022-09-17 23:30:00+00:00,Maryland,SMU,34,27,True,False,False,Big Ten,American Athletic,fbs,fbs,
3,regular,2022-09-17 23:30:00+00:00,Boston College,Maine,38,17,True,False,False,ACC,CAA,fbs,fcs,
3,regular,2022-09-17 23:30:00+00:00,Western Michigan,Pittsburgh,13,34,True,False,False,Mid-American,ACC,fbs,fbs,
3,regular,2022-09-17 23:30:00+00:00,Rice,Louisiana,33,21,True,False,False,Conference USA,Sun Belt,fbs,fbs,
3,regular,2022-09-17 23:30:00+00:00,Concordia St. Paul,Sioux Falls,23,44,True,False,True,Northern Sun,Northern Sun,ii,ii,
3,regular,2022-09-17 23:30:00+00:00,Washington,Michigan State,39,28,True,False,False,Pac-12,Big Ten,fbs,fbs,
3,regular,2022-09-17 23:30:00+00:00,Illinois State,Eastern Illinois,35,7,True,False,False,MVFC,OVC,fcs,fcs,
3,regular,2022-09-17 23:30:00+00:00,East Tennessee State,Furman,14,27,True,False,True,Southern,Southern,fcs,fcs,
3,regular,2022-09-18 00:00:00+00:00,Kentucky Wesleyan,Missouri S&T,11,6,True,False,False,Great Midwest Athletic,Great Lakes,ii,ii,
3,regular,2022-09-18 00:00:00+00:00,Weber State,Utah Tech,44,14,True,False,False,Big Sky,Western Athletic,fcs,fcs,
3,regular,2022-09-18 00:00:00+00:00,Midwestern State,Michigan Tech,28,21,True,False,False,Lone Star,GLIAC,ii,ii,
3,regular,2022-09-18 00:00:00+00:00,West Texas,Texas A&M-Kingsville,24,31,True,False,True,Lone Star,Lone Star,ii,ii,
3,regular,2022-09-18 00:00:00+00:00,Texas,UTSA,41,20,True,False,False,Big 12,Conference USA,fbs,fbs,
3,regular,2022-09-18 00:00:00+00:00,McNeese,Alcorn State,19,30,True,False,False,Southland,SWAC,fcs,fcs,
3,regular,2022-09-18 00:00:00+00:00,Chadron State,Black Hills State,23,32,True,False,True,Rocky Mountain,Rocky Mountain,ii,ii,
3,regular,2022-09-18 00:00:00+00:00,Oregon State,Montana State,68,28,True,True,False,Pac-12,Big Sky,fbs,fcs,
3,regular,2022-09-18 00:00:00+00:00,Western New Mexico,Western Oregon,35,30,True,False,False,Lone Star,Lone Star,ii,ii,
3,regular,2022-09-18 00:00:00+00:00,Clemson,Louisiana Tech,48,20,True,False,False,ACC,Conference USA,fbs,fbs,
3,regular,2022-09-18 00:00:00+00:00,Pittsburg State,Northeastern State,49,14,True,False,True,Mid America,Mid America,ii,ii,
3,regular,2022-09-18 00:00:00+00:00,New Mexico,UTEP,27,10,True,False,False,Mountain West,Conference USA,fbs,fbs,
3,regular,2022-09-18 01:00:00+00:00,Texas A&M,Miami,17,9,True,False,False,SEC,ACC,fbs,fbs,
3,regular,2022-09-18 02:00:00+00:00,Pacific (OR),Pomona Pitzer,23,20,True,False,False,Northwest,So. Cal.,iii,iii,
3,regular,2022-09-18 02:00:00+00:00,La Verne,Pacific Lutheran,0,41,True,False,False,So. Cal.,Northwest,iii,iii,
3,regular,2022-09-18 02:00:00+00:00,Utah,San Diego State,35,7,True,False,False,Pac-12,Mountain West,fbs,fbs,
3,regular,2022-09-18 02:00:00+00:00,George Fox,Chapman,38,28,True,False,False,Northwest,So. Cal.,iii,iii,
3,regular,2022-09-18 02:00:00+00:00,UC Davis,San Diego,43,13,True,False,False,Big Sky,Pioneer,fcs,fcs,
3,regular,2022-09-18 02:30:00+00:00,USC,Fresno State,45,17,True,False,False,Pac-12,Mountain West,fbs,fbs,
3,regular,2022-09-18 03:00:00+00:00,Arizona,North Dakota State,31,28,True,False,False,Pac-12,MVFC,fbs,fcs,
3,regular,2022-09-18 03:00:00+00:00,Arizona State,Eastern Michigan,21,30,True,False,False,Pac-12,Mid-American,fbs,fbs,
3,regular,2022-09-18 03:59:00+00:00,Hawai'i,Duquesne,24,14,True,False,False,Mountain West,NEC,fbs,fcs,
4,regular,2022-09-22 23:30:00+00:00,Virginia Tech,West Virginia,10,33,True,False,False,ACC,Big 12,fbs,fbs,
4,regular,2022-09-22 23:30:00+00:00,Georgia State,Coastal Carolina,24,41,True,False,True,Sun Belt,Sun Belt,fbs,fbs,
4,regular,2022-09-23 00:30:00+00:00,Illinois,Chattanooga,31,0,True,False,False,Big Ten,Southern,fbs,fcs,
4,regular,2022-09-23 22:00:00+00:00,Bentley,New Haven,13,21,True,False,True,Northeast 10,Northeast 10,ii,ii,
4,regular,2022-09-23 23:00:00+00:00,Syracuse,Virginia,22,20,True,False,True,ACC,ACC,fbs,fbs,
4,regular,2022-09-23 23:00:00+00:00,Johns Hopkins,Moravian,54,0,True,False,True,Centennial,Centennial,iii,iii,
4,regular,2022-09-24 00:00:00+00:00,Air Force,Nevada,48,20,True,False,True,Mountain West,Mountain West,fbs,fbs,
4,regular,2022-09-24 01:00:00+00:00,UTEP,Boise State,27,10,True,False,False,Conference USA,Mountain West,fbs,fbs,
4,regular,2022-09-24 16:00:00+00:00,Western New England,Salisbury,0,35,True,False,False,Commonwealth Coast,New Jersey,iii,iii,
4,regular,2022-09-24 16:00:00+00:00,Fitchburg State,Mass Maritime,13,38,True,False,True,MSCAC,MSCAC,iii,iii,
4,regular,2022-09-24 16:00:00+00:00,Charleston Southern,Furman,19,24,True,False,False,Big South,Southern,fcs,fcs,
4,regular,2022-09-24 16:00:00+00:00,FDU Florham,King's,23,27,True,False,True,Mid Atlantic,Mid Atlantic,iii,iii,
4,regular,2022-09-24 16:00:00+00:00,Wheeling,Glenville State,34,23,True,False,True,Mountain East,Mountain East,ii,ii,
4,regular,2022-09-24 16:00:00+00:00,Davenport,Northwood,51,17,True,False,True,GLIAC,Great Midwest Athletic,ii,ii,
4,regular,2022-09-24 16:00:00+00:00,Hiram,Wittenberg,14,38,True,False,True,North Coast,North Coast,iii,iii,
4,regular,2022-09-24 16:00:00+00:00,Wake Forest,Clemson,45,51,True,False,True,ACC,ACC,fbs,fbs,
4,regular,2022-09-24 16:00:00+00:00,MIT,Dean,35,6,True,False,False,NEWMAC,ECFC,iii,iii,
4,regular,2022-09-24 16:00:00+00:00,Kutztown,Shepherd,35,42,True,False,True,Pennsylvania State Athletic,Pennsylvania State Athletic,ii,ii,
4,regular,2022-09-24 16:00:00+00:00,Alfred State,Defiance College,42,33,True,False,False,ECFC,Heartland,iii,iii,
4,regular,2022-09-24 16:00:00+00:00,Vermont State Castleton,St. Lawrence,6,34,True,False,False,ECFC,Liberty League,iii,iii,
4,regular,2022-09-24 16:00:00+00:00,American International,Franklin Pierce,3,7,True,False,True,Northeast 10,Northeast 10,ii,ii,
4,regular,2022-09-24 16:00:00+00:00,Pace,Assumption,14,26,True,False,True,Northeast 10,Northeast 10,ii,ii,
4,regular,2022-09-24 16:00:00+00:00,West Chester,Millersville,26,14,True,False,True,Pennsylvania State Athletic,Pennsylvania State Athletic,ii,ii,
4,regular,2022-09-24 16:00:00+00:00,Robert Morris,East Tennessee State,3,45,True,False,False,Big South,Southern,fcs,fcs,
4,regular,2022-09-24 16:00:00+00:00,Michigan,Maryland,34,27,True,False,True,Big Ten,Big Ten,fbs,fbs,
4,regular,2022-09-24 16:00:00+00:00,Johnson C. Smith,Lincoln (PA),28,29,True,False,True,CIAA,CIAA,ii,ii,
4,regular,2022-09-24 16:00:00+00:00,Springfield,Husson,49,7,True,False,False,NEWMAC,Commonwealth Coast,iii,iii,
4,regular,2022-09-24 16:00:00+00:00,Albright,Lycoming,0,45,True,False,True,Mid Atlantic,Mid Atlantic,iii,iii,
4,regular,2022-09-24 16:00:00+00:00,Eastern Michigan,Buffalo,31,50,True,False,True,Mid-American,Mid-American,fbs,fbs,
4,regular,2022-09-24 16:00:00+00:00,Pittsburgh,Rhode Island,45,24,True,False,False,ACC,CAA,fbs,fcs,
4,regular,2022-09-24 16:00:00+00:00,Louisville,South Florida,41,3,True,False,False,ACC,American Athletic,fbs,fbs,
4,regular,2022-09-24 16:00:00+00:00,Penn State,Central Michigan,33,14,True,False,False,Big Ten,Mid-American,fbs,fbs,
4,regular,2022-09-24 16:00:00+00:00,Georgia,Kent State,39,22,True,False,False,SEC,Mid-American,fbs,fbs,
4,regular,2022-09-24 16:00:00+00:00,Iowa State,Baylor,24,31,True,False,True,Big 12,Big 12,fbs,fbs,
4,regular,2022-09-24 16:00:00+00:00,Kansas,Duke,35,27,True,False,False,Big 12,ACC,fbs,fbs,
4,regular,2022-09-24 16:00:00+00:00,Mississippi State,Bowling Green,45,14,True,False,False,SEC,Mid-American,fbs,fbs,
4,regular,2022-09-24 16:00:00+00:00,Auburn,Missouri,17,14,True,False,True,SEC,SEC,fbs,fbs,
4,regular,2022-09-24 16:00:00+00:00,Shorter,Valdosta State,30,34,True,False,True,Gulf South,Gulf South,ii,ii,
4,regular,2022-09-24 16:00:00+00:00,Anna Maria College,Coast Guard,28,66,True,False,False,ECFC,NEWMAC,iii,iii,
4,regular,2022-09-24 16:00:00+00:00,Endicott,Norwich,26,13,True,False,False,Commonwealth Coast,NEWMAC,iii,iii,
4,regular,2022-09-24 16:00:00+00:00,Buffalo State,SUNY Morrisville,10,31,True,False,False,Liberty League,Empire 8,iii,iii,
4,regular,2022-09-24 16:00:00+00:00,Greensboro,Maryville (TN),17,37,True,False,True,USA South,USA South,iii,iii,
4,regular,2022-09-24 16:00:00+00:00,SMU,TCU,34,42,True,False,False,American Athletic,Big 12,fbs,fbs,
4,regular,2022-09-24 16:00:00+00:00,California (PA),Edinboro,49,7,True,False,True,Pennsylvania State Athletic,Pennsylvania State Athletic,ii,ii,
4,regular,2022-09-24 16:30:00+00:00,Brown,Harvard,28,35,True,False,True,Ivy,Ivy,fcs,fcs,
4,regular,2022-09-24 16:30:00+00:00,Georgetown,Columbia,6,42,True,False,False,Patriot,Ivy,fcs,fcs,
4,regular,2022-09-24 17:00:00+00:00,Pennsylvania,Lafayette,12,0,True,False,False,Ivy,Patriot,fcs,fcs,
4,regular,2022-09-24 17:00:00+00:00,Bates,Tufts,7,35,True,False,True,NESCAC,NESCAC,iii,iii,
4,regular,2022-09-24 17:00:00+00:00,Colgate,Holy Cross,10,35,True,False,True,Patriot,Patriot,fcs,fcs,
4,regular,2022-09-24 17:00:00+00:00,Muhlenberg,McDaniel,41,7,True,False,True,Centennial,Centennial,iii,iii,
4,regular,2022-09-24 17:00:00+00:00,Carthage,Washington St. Louis,16,45,True,False,True,CCIW,CCIW,iii,iii,
4,regular,2022-09-24 17:00:00+00:00,Dubuque,Wartburg,0,25,True,False,True,American Rivers,American Rivers,iii,iii,
4,regular,2022-09-24 17:00:00+00:00,Loras,Nebraska Wesleyan,49,31,True,False,True,American Rivers,American Rivers,iii,iii,
4,regular,2022-09-24 17:00:00+00:00,Clarion,Gannon,24,47,True,False,True,Pennsylvania State Athletic,Pennsylvania State Athletic,ii,ii,
4,regular,2022-09-24 17:00:00+00:00,DePauw,Wooster,59,0,True,False,True,North Coast,North Coast,iii,iii,
4,regular,2022-09-24 17:00:00+00:00,Franklin & Marshall,Ursinus,7,22,True,False,True,Centennial,Centennial,iii,iii,
4,regular,2022-09-24 17:00:00+00:00,Curry,Hilbert,49,9,True,False,False,Commonwealth Coast,North Coast,iii,iii,
4,regular,2022-09-24 17:00:00+00:00,Delaware Valley,Misericordia,41,0,True,False,True,Mid Atlantic,Mid Atlantic,iii,iii,
4,regular,2022-09-24 17:00:00+00:00,Southern Virginia,North Carolina Wesleyan,13,14,True,False,True,USA South,USA South,iii,iii,
4,regular,2022-09-24 17:00:00+00:00,West Liberty,West Virginia Wesleyan,23,21,True,False,True,Mountain East,Mountain East,ii,ii,
4,regular,2022-09-24 17:00:00+00:00,Alfred,Kalamazoo,31,23,True,False,False,Empire 8,Michigan,iii,iii,
4,regular,2022-09-24 17:00:00+00:00,Shaw,Elizabeth City State,35,16,True,False,True,CIAA,CIAA,ii,ii,
4,regular,2022-09-24 17:00:00+00:00,Williams,Bowdoin,24,14,True,False,True,NESCAC,NESCAC,iii,iii,
4,regular,2022-09-24 17:00:00+00:00,Michigan Tech,Saginaw Valley State,13,35,True,False,True,GLIAC,GLIAC,ii,ii,
4,regular,2022-09-24 17:00:00+00:00,Minnesota Morris,Lawrence,49,19,True,False,False,Upper Midwest,Midwest,iii,iii,
4,regular,2022-09-24 17:00:00+00:00,Valparaiso,San Diego,28,21,True,False,True,Pioneer,Pioneer,fcs,fcs,
4,regular,2022-09-24 17:00:00+00:00,St. Augustine's,Bowie State,20,36,True,False,True,CIAA,CIAA,ii,ii,
4,regular,2022-09-24 17:00:00+00:00,West Virginia State,Notre Dame College,13,48,True,False,True,Mountain East,Mountain East,ii,ii,
4,regular,2022-09-24 17:00:00+00:00,Widener,Stevenson,14,30,True,False,True,Mid Atlantic,Mid Atlantic,iii,iii,
4,regular,2022-09-24 17:00:00+00:00,Hamilton,Amherst,24,10,True,False,True,NESCAC,NESCAC,iii,iii,
4,regular,2022-09-24 17:00:00+00:00,Frostburg State,Concord,22,23,True,False,True,Mountain East,Mountain East,ii,ii,
4,regular,2022-09-24 17:00:00+00:00,Bluefield State,Fort Valley State,27,44,True,False,False,Independent DII,SIAC,ii,ii,
4,regular,2022-09-24 17:00:00+00:00,Long Island University,Bryant,29,31,True,False,False,NEC,Big South,fcs,fcs,
4,regular,2022-09-24 17:00:00+00:00,LaGrange,Methodist,28,38,True,False,True,USA South,USA South,iii,iii,
4,regular,2022-09-24 17:00:00+00:00,Stetson,Morehead State,38,26,True,False,True,Pioneer,Pioneer,fcs,fcs,
4,regular,2022-09-24 17:00:00+00:00,Saint Anselm,Southern Connecticut State,21,14,True,False,True,Northeast 10,Northeast 10,ii,ii,
4,regular,2022-09-24 17:00:00+00:00,North Greenville,Findlay,34,27,True,False,False,Gulf South,Great Midwest Athletic,ii,ii,
4,regular,2022-09-24 17:00:00+00:00,Charleston (WV),Alderson-Broaddus,62,7,True,False,True,Mountain East,Mountain East,ii,ii,
4,regular,2022-09-24 17:00:00+00:00,Middlebury,Wesleyan (CT),24,10,True,False,True,NESCAC,NESCAC,iii,iii,
4,regular,2022-09-24 17:00:00+00:00,Trinity (CT),Colby,19,7,True,False,True,NESCAC,NESCAC,iii,iii,
4,regular,2022-09-24 17:00:00+00:00,Union,Utica,24,31,True,False,False,Liberty League,Empire 8,iii,iii,
4,regular,2022-09-24 17:00:00+00:00,SUNY Maritime,William Paterson,3,14,True,False,False,ECFC,New Jersey,iii,iii,
4,regular,2022-09-24 17:00:00+00:00,Kean,Merchant Marine,7,9,True,False,False,New Jersey,NEWMAC,iii,iii,
4,regular,2022-09-24 17:00:00+00:00,Keystone,Hobart,6,65,True,False,False,ECFC,Liberty League,iii,iii,
4,regular,2022-09-24 17:00:00+00:00,Kenyon,Ohio Wesleyan,14,41,True,False,True,North Coast,North Coast,iii,iii,
4,regular,2022-09-24 17:00:00+00:00,Juniata,Gettysburg,14,40,True,False,True,Centennial,Centennial,iii,iii,
4,regular,2022-09-24 17:00:00+00:00,Rowan,Salve Regina,24,28,True,False,False,New Jersey,Commonwealth Coast,iii,iii,
4,regular,2022-09-24 17:00:00+00:00,WPI,Montclair State,10,0,True,False,False,NEWMAC,New Jersey,iii,iii,
4,regular,2022-09-24 17:00:00+00:00,Lebanon Valley,Wilkes,24,19,True,False,True,Mid Atlantic,Mid Atlantic,iii,iii,
4,regular,2022-09-24 17:00:00+00:00,Northwestern (MN),Hope,7,56,True,False,False,Upper Midwest,Michigan,iii,iii,
4,regular,2022-09-24 17:00:00+00:00,Ohio Dominican,Indianapolis,38,44,True,False,False,Great Midwest Athletic,Great Lakes,ii,ii,
4,regular,2022-09-24 17:00:00+00:00,Dickinson,Susquehanna,0,45,True,False,True,Centennial,Centennial,iii,iii,
4,regular,2022-09-24 17:05:00+00:00,East Stroudsburg,Lock Haven,48,7,True,False,True,Pennsylvania State Athletic,Pennsylvania State Athletic,ii,ii,
4,regular,2022-09-24 17:30:00+00:00,John Carroll,Heidelberg,24,7,True,False,True,Ohio,Ohio,iii,iii,
4,regular,2022-09-24 17:30:00+00:00,Muskingum,Mount Union,0,59,True,False,True,Ohio,Ohio,iii,iii,
4,regular,2022-09-24 17:30:00+00:00,Capital,Wilmington (OH),31,34,True,False,True,Ohio,Ohio,iii,iii,
4,regular,2022-09-24 18:00:00+00:00,Huntingdon,Belhaven,34,21,True,False,False,USA South,USA South,iii,iii,
4,regular,2022-09-24 18:00:00+00:00,Bloomsburg,Shippensburg,17,31,True,False,True,Pennsylvania State Athletic,Pennsylvania State Athletic,ii,ii,
4,regular,2022-09-24 18:00:00+00:00,Fairmont State,UNC Pembroke,25,23,True,False,True,Mountain East,Mountain East,ii,ii,
4,regular,2022-09-24 18:00:00+00:00,Rockford,Aurora,7,70,True,False,True,NACC,NACC,iii,iii,
4,regular,2022-09-24 18:00:00+00:00,Greenville,Olivet,7,63,True,False,False,Upper Midwest,Michigan,iii,iii,
4,regular,2022-09-24 18:00:00+00:00,Jackson State,Mississippi Valley State,49,7,True,False,True,SWAC,SWAC,fcs,fcs,
4,regular,2022-09-24 18:00:00+00:00,Macalester,St. Olaf,32,38,True,False,False,Minnesota,Minnesota,iii,iii,
4,regular,2022-09-24 18:00:00+00:00,Rhodes,Westminster (MO),56,6,True,False,False,Southern Athletic,Upper Midwest,iii,iii,
4,regular,2022-09-24 18:00:00+00:00,Augustana (SD),Northern State,21,13,True,False,True,Northern Sun,Northern Sun,ii,ii,
4,regular,2022-09-24 18:00:00+00:00,Alma,Martin Luther,69,0,True,False,False,Michigan,Upper Midwest,iii,iii,
4,regular,2022-09-24 18:00:00+00:00,Concordia (WI),Concordia Chicago,35,7,True,False,True,NACC,NACC,iii,iii,
4,regular,2022-09-24 18:00:00+00:00,Delaware State,Merrimack,13,26,True,False,False,MEAC,NEC,fcs,fcs,
4,regular,2022-09-24 18:00:00+00:00,Emporia State,Pittsburg State,13,14,True,False,True,Mid America,Mid America,ii,ii,
4,regular,2022-09-24 18:00:00+00:00,Ohio,Fordham,59,52,True,False,False,Mid-American,Patriot,fbs,fcs,
4,regular,2022-09-24 18:00:00+00:00,Howard Payne,East Texas Baptist,33,21,True,False,True,American Southwest,American Southwest,iii,iii,
4,regular,2022-09-24 18:00:00+00:00,Central State,Miles,14,34,True,False,True,SIAC,SIAC,ii,ii,
4,regular,2022-09-24 18:00:00+00:00,North Central College,Elmhurst,76,6,True,False,True,CCIW,CCIW,iii,iii,
4,regular,2022-09-24 18:00:00+00:00,Christopher Newport,Catholic,38,7,True,False,False,New Jersey,NEWMAC,iii,iii,
4,regular,2022-09-24 18:00:00+00:00,Temple,Massachusetts,28,0,True,False,False,American Athletic,FBS Independents,fbs,fbs,
4,regular,2022-09-24 18:00:00+00:00,Colorado,UCLA,17,45,True,False,True,Pac-12,Pac-12,fbs,fbs,
4,regular,2022-09-24 18:00:00+00:00,Westfield State,Framingham State,11,14,True,False,True,MSCAC,MSCAC,iii,iii,
4,regular,2022-09-24 18:00:00+00:00,Bethune-Cookman,Grambling,36,19,True,False,True,SWAC,SWAC,fcs,fcs,
4,regular,2022-09-24 18:00:00+00:00,Coe,Simpson (IA),48,10,True,False,True,American Rivers,American Rivers,iii,iii,
4,regular,2022-09-24 18:00:00+00:00,Millikin,North Park,23,21,True,False,True,CCIW,CCIW,iii,iii,
4,regular,2022-09-24 18:00:00+00:00,Concordia (MN),Gustavus Adolphus,6,23,True,False,True,Minnesota,Minnesota,iii,iii,
4,regular,2022-09-24 18:00:00+00:00,Baldwin Wallace,Ohio Northern,35,31,True,False,True,Ohio,Ohio,iii,iii,
4,regular,2022-09-24 18:00:00+00:00,Allegheny,Waynesburg,31,15,True,False,False,Presidents',Presidents',iii,iii,
4,regular,2022-09-24 18:00:00+00:00,Barton,Mars Hill,18,24,True,False,False,South Atlantic,South Atlantic,ii,ii,
4,regular,2022-09-24 18:00:00+00:00,Sioux Falls,Minnesota Duluth,34,31,True,False,True,Northern Sun,Northern Sun,ii,ii,
4,regular,2022-09-24 18:00:00+00:00,Northern Michigan,Post,42,14,True,False,False,GLIAC,Independent DII,ii,ii,
4,regular,2022-09-24 18:00:00+00:00,Bethel (MN),Saint John's (MN),28,24,True,False,True,Minnesota,Minnesota,iii,iii,
4,regular,2022-09-24 18:00:00+00:00,Colorado School of Mines,CSU Pueblo,45,17,True,False,True,Rocky Mountain,Rocky Mountain,ii,ii,
4,regular,2022-09-24 18:00:00+00:00,Morehouse,Savannah State,3,15,True,False,True,SIAC,SIAC,ii,ii,
4,regular,2022-09-24 18:00:00+00:00,Tuskegee,Allen,35,27,True,False,True,SIAC,SIAC,ii,ii,
4,regular,2022-09-24 18:00:00+00:00,McKendree,Walsh,46,10,True,False,False,Great Lakes,Great Midwest Athletic,ii,ii,
4,regular,2022-09-24 18:00:00+00:00,Wisconsin Stout,Crown,66,6,True,False,False,Wisconsin,Upper Midwest,iii,iii,
4,regular,2022-09-24 18:00:00+00:00,Quincy,Ashland,14,34,True,False,False,Great Lakes,Great Midwest Athletic,ii,ii,
4,regular,2022-09-24 18:00:00+00:00,Otterbein,Marietta,10,27,True,False,True,Ohio,Ohio,iii,iii,
4,regular,2022-09-24 18:00:00+00:00,Southwest Baptist,Lake Erie,52,31,True,False,False,Great Lakes,Great Midwest Athletic,ii,ii,
4,regular,2022-09-24 18:00:00+00:00,Nebraska Kearney,Central Missouri,38,6,True,False,True,Mid America,Mid America,ii,ii,
4,regular,2022-09-24 18:00:00+00:00,Wabash,Denison,42,45,True,False,True,North Coast,North Coast,iii,iii,
4,regular,2022-09-24 18:00:00+00:00,Illinois Wesleyan,Carroll (WI),26,21,True,False,False,CCIW,Midwest,iii,iii,
4,regular,2022-09-24 18:00:00+00:00,William Jewell,Kentucky Wesleyan,24,17,True,False,False,Great Lakes,Great Midwest Athletic,ii,ii,
4,regular,2022-09-24 18:00:00+00:00,St. Norbert,Lakeland,35,12,True,False,True,NACC,NACC,iii,iii,
4,regular,2022-09-24 18:00:00+00:00,Hamline,Carleton,12,45,True,False,True,Minnesota,Minnesota,iii,iii,
4,regular,2022-09-24 18:00:00+00:00,Augsburg,St. Scholastica,50,13,True,False,True,Minnesota,Minnesota,iii,iii,
4,regular,2022-09-24 18:00:00+00:00,Wisconsin Eau Claire,Albion,20,28,True,False,False,Wisconsin,Michigan,iii,iii,
4,regular,2022-09-24 18:00:00+00:00,Luther,Buena Vista,49,52,True,False,True,American Rivers,American Rivers,iii,iii,
4,regular,2022-09-24 18:00:00+00:00,St. Thomas (MN),Lincoln (CA),43,6,True,False,False,Pioneer,,fcs,,
4,regular,2022-09-24 18:00:00+00:00,Richmond,Stony Brook,51,7,True,False,True,CAA,CAA,fcs,fcs,
4,regular,2022-09-24 18:00:00+00:00,Drake,Marist,25,30,True,False,True,Pioneer,Pioneer,fcs,fcs,
4,regular,2022-09-24 18:00:00+00:00,South Dakota,North Dakota State,17,34,True,False,True,MVFC,MVFC,fcs,fcs,
4,regular,2022-09-24 18:00:00+00:00,Norfolk State,Saint Francis,26,45,True,False,False,MEAC,NEC,fcs,fcs,
4,regular,2022-09-24 18:00:00+00:00,Cornell,Yale,14,38,True,False,True,Ivy,Ivy,fcs,fcs,
4,regular,2022-09-24 18:00:00+00:00,Sacred Heart,Dartmouth,38,31,True,False,False,NEC,Ivy,fcs,fcs,
4,regular,2022-09-24 18:00:00+00:00,Winona State,Minnesota St Moorhead,40,7,True,False,True,Northern Sun,Northern Sun,ii,ii,
4,regular,2022-09-24 18:30:00+00:00,Worcester State,UMass Dartmouth,20,41,True,False,True,MSCAC,MSCAC,iii,iii,
4,regular,2022-09-24 18:30:00+00:00,Trine,Centre,17,0,True,False,False,Michigan,Southern Athletic,iii,iii,
4,regular,2022-09-24 18:30:00+00:00,Hartwick,Nichols,28,20,True,False,False,Empire 8,Commonwealth Coast,iii,iii,
4,regular,2022-09-24 19:00:00+00:00,Northern Colorado,Idaho State,35,14,True,False,True,Big Sky,Big Sky,fcs,fcs,
4,regular,2022-09-24 19:00:00+00:00,Black Hills State,Colorado Mesa,31,28,True,False,True,Rocky Mountain,Rocky Mountain,ii,ii,
4,regular,2022-09-24 19:00:00+00:00,Thiel,Carnegie Mellon,6,35,True,False,True,Presidents',Presidents',iii,iii,
4,regular,2022-09-24 19:00:00+00:00,Missouri State,South Dakota State,14,28,True,False,True,MVFC,MVFC,fcs,fcs,
4,regular,2022-09-24 19:00:00+00:00,Western Colorado,Chadron State,56,28,True,False,True,Rocky Mountain,Rocky Mountain,ii,ii,
4,regular,2022-09-24 19:00:00+00:00,Southeast Missouri State,Central Arkansas,35,27,True,False,False,OVC,Atlantic Sun,fcs,fcs,
4,regular,2022-09-24 19:00:00+00:00,Princeton,Lehigh,29,17,True,False,False,Ivy,Patriot,fcs,fcs,
4,regular,2022-09-24 19:00:00+00:00,Samford,Western Carolina,35,12,True,False,True,Southern,Southern,fcs,fcs,
4,regular,2022-09-24 19:00:00+00:00,Southern Illinois,North Dakota,34,17,True,False,True,MVFC,MVFC,fcs,fcs,
4,regular,2022-09-24 19:00:00+00:00,Central Oklahoma,Northwest Missouri State,23,14,True,False,True,Mid America,Mid America,ii,ii,
4,regular,2022-09-24 19:00:00+00:00,West Alabama,West Georgia,7,22,True,False,True,Gulf South,Gulf South,ii,ii,
4,regular,2022-09-24 19:00:00+00:00,Truman State,Tiffin,18,17,True,False,False,Great Lakes,Great Midwest Athletic,ii,ii,
4,regular,2022-09-24 19:00:00+00:00,Ferris State,Waldorf,69,3,True,False,False,GLIAC,,ii,,
4,regular,2022-09-24 19:00:00+00:00,Minnesota State,University of Mary,31,28,True,False,True,Northern Sun,Northern Sun,ii,ii,
4,regular,2022-09-24 19:00:00+00:00,Adrian,Finlandia University,73,13,True,False,False,Michigan,Upper Midwest,iii,iii,
4,regular,2022-09-24 19:00:00+00:00,Lane College,Edward Waters,20,9,True,False,True,SIAC,SIAC,ii,ii,
4,regular,2022-09-24 19:30:00+00:00,William & Mary,Elon,31,35,True,False,True,CAA,CAA,fcs,fcs,
4,regular,2022-09-24 19:30:00+00:00,Western Kentucky,Florida International,73,0,True,False,True,Conference USA,Conference USA,fbs,fbs,
4,regular,2022-09-24 19:30:00+00:00,UAlbany,Central Connecticut,45,26,True,False,False,CAA,NEC,fcs,fcs,
4,regular,2022-09-24 19:30:00+00:00,UTSA,Texas Southern,52,24,True,False,False,Conference USA,SWAC,fbs,fcs,
4,regular,2022-09-24 19:30:00+00:00,Miami,Middle Tennessee,31,45,True,False,False,ACC,Conference USA,fbs,fbs,
4,regular,2022-09-24 19:30:00+00:00,Cincinnati,Indiana,45,24,True,False,False,American Athletic,Big Ten,fbs,fbs,
4,regular,2022-09-24 19:30:00+00:00,App State,James Madison,28,32,True,False,True,Sun Belt,Sun Belt,fbs,fbs,
4,regular,2022-09-24 19:30:00+00:00,Tennessee,Florida,38,33,True,False,True,SEC,SEC,fbs,fbs,
4,regular,2022-09-24 19:30:00+00:00,Texas Tech,Texas,37,34,True,False,True,Big 12,Big 12,fbs,fbs,
4,regular,2022-09-24 19:30:00+00:00,North Carolina,Notre Dame,32,45,True,False,False,ACC,FBS Independents,fbs,fbs,
4,regular,2022-09-24 19:30:00+00:00,Michigan State,Minnesota,7,34,True,False,True,Big Ten,Big Ten,fbs,fbs,
4,regular,2022-09-24 19:30:00+00:00,Memphis,North Texas,44,34,True,False,False,American Athletic,Conference USA,fbs,fbs,
4,regular,2022-09-24 19:30:00+00:00,Villanova,Monmouth,42,49,True,False,True,CAA,CAA,fcs,fcs,
4,regular,2022-09-24 19:30:00+00:00,San Diego State,Toledo,17,14,True,False,False,Mountain West,Mid-American,fbs,fbs,
4,regular,2022-09-24 20:00:00+00:00,Nicholls,Jacksonville State,21,52,True,False,False,Southland,Atlantic Sun,fcs,fcs,
4,regular,2022-09-24 20:00:00+00:00,Colorado State,Sacramento State,10,41,True,False,False,Mountain West,Big Sky,fbs,fcs,
4,regular,2022-09-24 20:00:00+00:00,Fayetteville State,Virginia Union,28,31,True,False,True,CIAA,CIAA,ii,ii,
4,regular,2022-09-24 20:00:00+00:00,Montana,Portland State,53,16,True,False,True,Big Sky,Big Sky,fcs,fcs,
4,regular,2022-09-24 20:00:00+00:00,UCF,Georgia Tech,27,10,True,False,False,American Athletic,ACC,fbs,fbs,
4,regular,2022-09-24 20:00:00+00:00,Western Illinois,Northern Iowa,17,52,True,False,True,MVFC,MVFC,fcs,fcs,
4,regular,2022-09-24 20:00:00+00:00,South Dakota Mines,New Mexico Highlands,41,27,True,False,True,Rocky Mountain,Rocky Mountain,ii,ii,
4,regular,2022-09-24 20:00:00+00:00,Fort Lewis,Adams State,17,52,True,False,True,Rocky Mountain,Rocky Mountain,ii,ii,
4,regular,2022-09-24 20:00:00+00:00,IU Pennsylvania,Mercyhurst,33,16,True,False,True,Pennsylvania State Athletic,Pennsylvania State Athletic,ii,ii,
4,regular,2022-09-24 20:00:00+00:00,Northern Arizona,Idaho,10,27,True,False,True,Big Sky,Big Sky,fcs,fcs,
4,regular,2022-09-24 20:00:00+00:00,Eastern Washington,Montana State,35,38,True,False,True,Big Sky,Big Sky,fcs,fcs,
4,regular,2022-09-24 20:00:00+00:00,Austin Peay,Eastern Kentucky,31,20,True,False,True,Atlantic Sun,Atlantic Sun,fcs,fcs,
4,regular,2022-09-24 20:00:00+00:00,North Carolina Central,Virginia Lynchburg,59,14,True,False,False,MEAC,,fcs,,
4,regular,2022-09-24 20:00:00+00:00,Ole Miss,Tulsa,35,27,True,False,False,SEC,American Athletic,fbs,fbs,
4,regular,2022-09-24 20:00:00+00:00,Washington State,Oregon,41,44,True,False,True,Pac-12,Pac-12,fbs,fbs,
4,regular,2022-09-24 20:00:00+00:00,Catawba,Tusculum,17,50,True,False,True,South Atlantic,South Atlantic,ii,ii,
4,regular,2022-09-24 20:00:00+00:00,Upper Iowa,Bemidji State,22,48,True,False,True,Northern Sun,Northern Sun,ii,ii,
4,regular,2022-09-24 20:00:00+00:00,Livingstone,Virginia State,7,37,True,False,True,CIAA,CIAA,ii,ii,
4,regular,2022-09-24 20:00:00+00:00,St. John Fisher,Rensselaer,3,0,True,False,False,Empire 8,Liberty League,iii,iii,
4,regular,2022-09-24 20:00:00+00:00,Pacific Lutheran,Cal Lutheran,14,17,True,False,False,Northwest,So. Cal.,iii,iii,
4,regular,2022-09-24 20:00:00+00:00,Towson,New Hampshire,14,37,True,False,True,CAA,CAA,fcs,fcs,
4,regular,2022-09-24 20:05:00+00:00,Western Oregon,UT Permian Basin,24,27,True,False,False,Lone Star,Lone Star,ii,ii,
4,regular,2022-09-24 20:30:00+00:00,Northwestern State,Lamar,35,27,True,False,False,Southland,Southland,fcs,fcs,
4,regular,2022-09-24 20:30:00+00:00,Northeastern State,Lincoln (MO),38,10,True,False,True,Mid America,Mid America,ii,ii,
4,regular,2022-09-24 21:00:00+00:00,Murray State,Eastern Illinois,21,35,True,False,True,OVC,OVC,fcs,fcs,
4,regular,2022-09-24 21:00:00+00:00,Eureka,Benedictine (IL),10,58,True,False,True,NACC,NACC,iii,iii,
4,regular,2022-09-24 21:00:00+00:00,Western Connecticut State,Bridgewater State,27,40,True,False,True,MSCAC,MSCAC,iii,iii,
4,regular,2022-09-24 21:30:00+00:00,California,Arizona,49,31,True,False,True,Pac-12,Pac-12,fbs,fbs,
4,regular,2022-09-24 22:00:00+00:00,Alabama State,Prairie View A&M,15,25,True,False,True,SWAC,SWAC,fcs,fcs,
4,regular,2022-09-24 22:00:00+00:00,Delaware,Hampton,35,3,True,False,True,CAA,CAA,fcs,fcs,
4,regular,2022-09-24 22:00:00+00:00,Gardner-Webb,Mercer,14,45,True,False,False,Big South,Southern,fcs,fcs,
4,regular,2022-09-24 22:00:00+00:00,Kennesaw State,Wofford,24,22,True,False,False,Atlantic Sun,Southern,fcs,fcs,
4,regular,2022-09-24 22:00:00+00:00,Florida A&M,Alabama A&M,38,25,True,False,True,SWAC,SWAC,fcs,fcs,
4,regular,2022-09-24 22:00:00+00:00,Houston,Rice,34,27,True,False,False,American Athletic,Conference USA,fbs,fbs,
4,regular,2022-09-24 22:00:00+00:00,Wayne State (MI),Grand Valley State,9,48,True,False,True,GLIAC,GLIAC,ii,ii,
4,regular,2022-09-24 22:00:00+00:00,Newberry,Erskine,32,14,True,False,False,South Atlantic,South Atlantic,ii,ii,
4,regular,2022-09-24 22:00:00+00:00,Benedict,Kentucky State,40,14,True,False,True,SIAC,SIAC,ii,ii,
4,regular,2022-09-24 22:00:00+00:00,Wingate,Emory & Henry,10,17,True,False,False,South Atlantic,South Atlantic,ii,ii,
4,regular,2022-09-24 22:00:00+00:00,Washington & Jefferson,Bethany (WV),50,7,True,False,True,Presidents',Presidents',iii,iii,
4,regular,2022-09-24 22:00:00+00:00,Southwest Minnesota State,Minot State,27,20,True,False,True,Northern Sun,Northern Sun,ii,ii,
4,regular,2022-09-24 22:00:00+00:00,Slippery Rock,Seton Hill,30,2,True,False,True,Pennsylvania State Athletic,Pennsylvania State Athletic,ii,ii,
4,regular,2022-09-24 22:00:00+00:00,Clark Atlanta,Albany State,0,35,True,False,True,SIAC,SIAC,ii,ii,
4,regular,2022-09-24 22:00:00+00:00,East Carolina,Navy,20,23,True,False,True,American Athletic,American Athletic,fbs,fbs,
4,regular,2022-09-24 22:00:00+00:00,Georgia Southern,Ball State,34,23,True,False,False,Sun Belt,Mid-American,fbs,fbs,
4,regular,2022-09-24 22:00:00+00:00,Old Dominion,Arkansas State,29,26,True,False,True,Sun Belt,Sun Belt,fbs,fbs,
4,regular,2022-09-24 22:00:00+00:00,Liberty,Akron,21,12,True,False,False,FBS Independents,Mid-American,fbs,fbs,
4,regular,2022-09-24 22:00:00+00:00,Chowan,Winston-Salem State,21,7,True,False,True,CIAA,CIAA,ii,ii,
4,regular,2022-09-24 22:00:00+00:00,Lenoir Rhyne,Carson Newman,34,13,True,False,True,South Atlantic,South Atlantic,ii,ii,
4,regular,2022-09-24 23:00:00+00:00,Geneva,Case Western Reserve,7,34,True,False,True,Presidents',Presidents',iii,iii,
4,regular,2022-09-24 23:00:00+00:00,Wayne State (NE),Concordia St. Paul,48,21,True,False,True,Northern Sun,Northern Sun,ii,ii,
4,regular,2022-09-24 23:00:00+00:00,Angelo State,West Texas,34,14,True,False,True,Lone Star,Lone Star,ii,ii,
4,regular,2022-09-24 23:00:00+00:00,SE Louisiana,Incarnate Word,41,35,True,False,False,Southland,Southland,fcs,fcs,
4,regular,2022-09-24 23:00:00+00:00,Texas State,Houston Christian,34,0,True,False,False,Sun Belt,Southland,fbs,fcs,
4,regular,2022-09-24 23:00:00+00:00,Alcorn State,Arkansas-Pine Bluff,38,21,True,False,True,SWAC,SWAC,fcs,fcs,
4,regular,2022-09-24 23:00:00+00:00,Presbyterian,Davidson,24,56,True,False,True,Pioneer,Pioneer,fcs,fcs,
4,regular,2022-09-24 23:00:00+00:00,Kentucky,Northern Illinois,31,23,True,False,False,SEC,Mid-American,fbs,fbs,
4,regular,2022-09-24 23:00:00+00:00,Limestone,UVA Wise,27,13,True,False,True,South Atlantic,South Atlantic,ii,ii,
4,regular,2022-09-24 23:00:00+00:00,West Florida,Delta State,42,45,True,True,True,Gulf South,Gulf South,ii,ii,
4,regular,2022-09-24 23:00:00+00:00,Southeastern Oklahoma State,Southern Nazarene,34,45,True,False,True,Great American,Great American,ii,ii,
4,regular,2022-09-24 23:00:00+00:00,Hardin Simmons,Mary Hardin Baylor,20,50,True,False,True,American Southwest,American Southwest,iii,iii,
4,regular,2022-09-24 23:00:00+00:00,South Alabama,Louisiana Tech,38,14,True,False,False,Sun Belt,Conference USA,fbs,fbs,
4,regular,2022-09-24 23:00:00+00:00,Utah State,UNLV,24,34,True,False,True,Mountain West,Mountain West,fbs,fbs,
4,regular,2022-09-24 23:00:00+00:00,Rutgers,Iowa,10,27,True,False,True,Big Ten,Big Ten,fbs,fbs,
4,regular,2022-09-24 23:00:00+00:00,Tulane,Southern Miss,24,27,True,False,False,American Athletic,Sun Belt,fbs,fbs,
4,regular,2022-09-24 23:00:00+00:00,Texas A&M,Arkansas,23,21,True,True,True,SEC,SEC,fbs,fbs,
4,regular,2022-09-24 23:00:00+00:00,Birmingham-Southern,Point University,34,14,True,False,False,Southern Athletic,,iii,,
4,regular,2022-09-24 23:00:00+00:00,North Alabama,Tarleton State,28,43,True,False,False,Atlantic Sun,Western Athletic,fcs,fcs,
4,regular,2022-09-24 23:00:00+00:00,Augustana (IL),Wheaton (IL),28,38,True,False,True,CCIW,CCIW,iii,iii,
4,regular,2022-09-24 23:00:00+00:00,Missouri S&T,Hillsdale,10,17,True,False,False,Great Lakes,Great Midwest Athletic,ii,ii,
4,regular,2022-09-24 23:00:00+00:00,UT Martin,Lindenwood,56,26,True,False,True,OVC,OVC,fcs,fcs,
4,regular,2022-09-24 23:00:00+00:00,Oklahoma Baptist,Southwestern Oklahoma State,31,38,True,False,True,Great American,Great American,ii,ii,
4,regular,2022-09-24 23:00:00+00:00,Southern Arkansas,Henderson State,28,24,True,False,True,Great American,Great American,ii,ii,
4,regular,2022-09-24 23:00:00+00:00,Ouachita Baptist,Harding,21,13,True,False,True,Great American,Great American,ii,ii,
4,regular,2022-09-24 23:00:00+00:00,Texas Lutheran,Sul Ross State,14,28,True,False,True,American Southwest,American Southwest,iii,iii,
4,regular,2022-09-24 23:00:00+00:00,Arkansas Monticello,Arkansas Tech,35,14,True,False,True,Great American,Great American,ii,ii,
4,regular,2022-09-24 23:00:00+00:00,East Texas A&M,North American,63,3,True,False,False,Southland,,fcs,,
4,regular,2022-09-24 23:00:00+00:00,Missouri Western,Washburn,31,38,True,False,True,Mid America,Mid America,ii,ii,
4,regular,2022-09-24 23:00:00+00:00,Southwestern U,McMurry,38,33,True,False,True,American Southwest,American Southwest,iii,iii,
4,regular,2022-09-24 23:00:00+00:00,North Carolina A&T,South Carolina State,41,27,True,False,False,Big South,MEAC,fcs,fcs,
4,regular,2022-09-24 23:00:00+00:00,East Central,Northwestern (OK),31,3,True,False,True,Great American,Great American,ii,ii,
4,regular,2022-09-24 23:00:00+00:00,Troy,Marshall,16,7,True,False,True,Sun Belt,Sun Belt,fbs,fbs,
4,regular,2022-09-24 23:00:00+00:00,Grove City,Saint Vincent,42,7,True,False,True,Presidents',Presidents',iii,iii,
4,regular,2022-09-24 23:00:00+00:00,Stephen F. Austin,Warner,98,0,True,False,True,Western Athletic,,fcs,,
4,regular,2022-09-24 23:30:00+00:00,South Carolina,Charlotte,56,20,True,False,False,SEC,Conference USA,fbs,fbs,
4,regular,2022-09-24 23:30:00+00:00,Ohio State,Wisconsin,52,21,True,False,True,Big Ten,Big Ten,fbs,fbs,
4,regular,2022-09-24 23:30:00+00:00,Northwestern,Miami (OH),14,17,True,False,False,Big Ten,Mid-American,fbs,fbs,
4,regular,2022-09-24 23:30:00+00:00,NC State,UConn,41,10,True,False,False,ACC,FBS Independents,fbs,fbs,
4,regular,2022-09-24 23:30:00+00:00,LSU,New Mexico,38,0,True,False,False,SEC,Mountain West,fbs,fbs,
4,regular,2022-09-24 23:30:00+00:00,Alabama,Vanderbilt,55,3,True,False,True,SEC,SEC,fbs,fbs,
4,regular,2022-09-24 23:30:00+00:00,Purdue,Florida Atlantic,28,26,True,False,False,Big Ten,Conference USA,fbs,fbs,
4,regular,2022-09-25 00:00:00+00:00,McNeese,Mississippi College,32,17,True,False,False,Southland,Gulf South,fcs,ii,
4,regular,2022-09-25 00:00:00+00:00,Oklahoma,Kansas State,34,41,True,False,True,Big 12,Big 12,fbs,fbs,
4,regular,2022-09-25 00:00:00+00:00,Texas A&M-Kingsville,Eastern New Mexico,43,10,True,False,True,Lone Star,Lone Star,ii,ii,
4,regular,2022-09-25 00:00:00+00:00,New Mexico State,Hawai'i,45,26,True,False,False,FBS Independents,Mountain West,fbs,fbs,
4,regular,2022-09-25 00:00:00+00:00,Abilene Christian,Western New Mexico,34,7,True,False,False,Western Athletic,Lone Star,fcs,ii,
4,regular,2022-09-25 00:00:00+00:00,UL Monroe,Louisiana,21,17,True,False,True,Sun Belt,Sun Belt,fbs,fbs,
4,regular,2022-09-25 00:00:00+00:00,Florida State,Boston College,44,14,True,False,True,ACC,ACC,fbs,fbs,
4,regular,2022-09-25 00:00:00+00:00,Southern Utah,Utah Tech,31,17,True,False,True,Western Athletic,Western Athletic,fcs,fcs,
4,regular,2022-09-25 00:00:00+00:00,Midwestern State,Simon Fraser,77,0,True,False,False,Lone Star,Lone Star,ii,ii,
4,regular,2022-09-25 00:00:00+00:00,Fort Hays,Missouri Southern State,24,25,True,False,True,Mid America,Mid America,ii,ii,
4,regular,2022-09-25 01:30:00+00:00,Oregon State,USC,14,17,True,False,True,Pac-12,Pac-12,fbs,fbs,
4,regular,2022-09-25 02:00:00+00:00,Redlands,Claremont Mudd Scripps,21,25,True,False,True,So. Cal.,So. Cal.,iii,iii,
4,regular,2022-09-25 02:00:00+00:00,UC Davis,Weber State,12,17,True,False,True,Big Sky,Big Sky,fcs,fcs,
4,regular,2022-09-25 02:00:00+00:00,Chapman,La Verne,56,13,True,False,True,So. Cal.,So. Cal.,iii,iii,
4,regular,2022-09-25 02:00:00+00:00,Whittier,Pomona Pitzer,0,59,True,False,True,So. Cal.,So. Cal.,iii,iii,
4,regular,2022-09-25 02:15:00+00:00,BYU,Wyoming,38,24,True,False,False,FBS Independents,Mountain West,fbs,fbs,
4,regular,2022-09-25 02:30:00+00:00,Washington,Stanford,40,22,True,False,True,Pac-12,Pac-12,fbs,fbs,
4,regular,2022-09-25 02:30:00+00:00,San José State,Western Michigan,34,6,True,False,False,Mountain West,Mid-American,fbs,fbs,
4,regular,2022-09-25 02:30:00+00:00,Arizona State,Utah,13,34,True,False,True,Pac-12,Pac-12,fbs,fbs,
5,regular,2022-09-29 23:00:00+00:00,Fayetteville State,Chowan,13,10,True,False,True,CIAA,CIAA,ii,ii,Moved from Oct 1
5,regular,2022-09-29 23:00:00+00:00,South Carolina,South Carolina State,50,10,True,False,False,SEC,MEAC,fbs,fcs,Moved from Oct 1
5,regular,2022-09-30 00:00:00+00:00,BYU,Utah State,38,26,True,False,False,FBS Independents,Mountain West,fbs,fbs,
5,regular,2022-09-30 23:00:00+00:00,Houston,Tulane,24,27,True,False,True,American Athletic,American Athletic,fbs,fbs,
5,regular,2022-09-30 23:00:00+00:00,UMass Dartmouth,Western Connecticut State,48,21,True,False,True,MSCAC,MSCAC,iii,iii,
5,regular,2022-09-30 23:30:00+00:00,Middle Tennessee,UTSA,30,45,True,False,True,Conference USA,Conference USA,fbs,fbs,
5,regular,2022-10-01 00:00:00+00:00,Boise State,San Diego State,35,13,True,False,True,Mountain West,Mountain West,fbs,fbs,
5,regular,2022-10-01 02:30:00+00:00,UCLA,Washington,40,32,True,False,True,Pac-12,Pac-12,fbs,fbs,
5,regular,2022-10-01 03:00:00+00:00,UNLV,New Mexico,31,20,True,False,True,Mountain West,Mountain West,fbs,fbs,
5,regular,2022-10-01 03:00:00+00:00,Dartmouth,Pennsylvania,17,23,True,False,True,Ivy,Ivy,fcs,fcs,
5,regular,2022-10-01 16:00:00+00:00,MIT,Catholic,7,42,True,False,True,NEWMAC,NEWMAC,iii,iii,
5,regular,2022-10-01 16:00:00+00:00,West Virginia Wesleyan,Wheeling,0,37,True,False,True,Mountain East,Mountain East,ii,ii,
5,regular,2022-10-01 16:00:00+00:00,Wilkes,Albright,27,0,True,False,True,Mid Atlantic,Mid Atlantic,iii,iii,
5,regular,2022-10-01 16:00:00+00:00,Nichols,Western New England,14,47,True,False,True,Commonwealth Coast,Commonwealth Coast,iii,iii,
5,regular,2022-10-01 16:00:00+00:00,Ole Miss,Kentucky,22,19,True,False,True,SEC,SEC,fbs,fbs,
5,regular,2022-10-01 16:00:00+00:00,TCU,Oklahoma,55,24,True,False,True,Big 12,Big 12,fbs,fbs,
5,regular,2022-10-01 16:00:00+00:00,Army,Georgia State,14,31,True,False,False,FBS Independents,Sun Belt,fbs,fbs,
5,regular,2022-10-01 16:00:00+00:00,Boston College,Louisville,34,33,True,False,True,ACC,ACC,fbs,fbs,
5,regular,2022-10-01 16:00:00+00:00,Wisconsin,Illinois,10,34,True,False,True,Big Ten,Big Ten,fbs,fbs,
5,regular,2022-10-01 16:00:00+00:00,North Carolina Wesleyan,LaGrange,37,22,True,False,True,USA South,USA South,iii,iii,
5,regular,2022-10-01 16:00:00+00:00,Air Force,Navy,13,10,True,False,False,Mountain West,American Athletic,fbs,fbs,
5,regular,2022-10-01 16:00:00+00:00,Stevenson,Delaware Valley,7,26,True,False,True,Mid Atlantic,Mid Atlantic,iii,iii,
5,regular,2022-10-01 16:00:00+00:00,Davenport,Michigan Tech,52,38,True,False,True,GLIAC,GLIAC,ii,ii,
5,regular,2022-10-01 16:00:00+00:00,Notre Dame College,Charleston (WV),49,24,True,False,True,Mountain East,Mountain East,ii,ii,
5,regular,2022-10-01 16:00:00+00:00,Stonehill,Duquesne,24,20,True,False,True,NEC,NEC,fcs,fcs,
5,regular,2022-10-01 16:00:00+00:00,Pace,Post,45,6,True,False,False,Northeast 10,Independent DII,ii,ii,
5,regular,2022-10-01 16:00:00+00:00,Framingham State,Plymouth State,9,14,True,False,True,MSCAC,MSCAC,iii,iii,
5,regular,2022-10-01 16:00:00+00:00,Saint Francis,Central Connecticut,39,13,True,False,True,NEC,NEC,fcs,fcs,
5,regular,2022-10-01 16:00:00+00:00,Morgan State,Virginia Lynchburg,44,10,True,False,False,MEAC,,fcs,,
5,regular,2022-10-01 16:00:00+00:00,Yale,Howard,34,26,True,False,False,Ivy,MEAC,fcs,fcs,
5,regular,2022-10-01 16:00:00+00:00,Moravian,Juniata,51,7,True,False,True,Centennial,Centennial,iii,iii,
5,regular,2022-10-01 16:00:00+00:00,Kansas State,Texas Tech,37,28,True,False,True,Big 12,Big 12,fbs,fbs,
5,regular,2022-10-01 16:00:00+00:00,Memphis,Temple,24,3,True,False,True,American Athletic,American Athletic,fbs,fbs,
5,regular,2022-10-01 16:00:00+00:00,Iowa,Michigan,14,27,True,False,True,Big Ten,Big Ten,fbs,fbs,
5,regular,2022-10-01 16:00:00+00:00,Keystone,Gallaudet,44,52,True,False,True,ECFC,ECFC,iii,iii,
5,regular,2022-10-01 16:00:00+00:00,Mass Maritime,Westfield State,20,9,True,False,True,MSCAC,MSCAC,iii,iii,
5,regular,2022-10-01 16:00:00+00:00,Findlay,Ferris State,7,38,True,False,False,Great Midwest Athletic,GLIAC,ii,ii,
5,regular,2022-10-01 16:00:00+00:00,Gannon,Seton Hill,21,10,True,False,True,Pennsylvania State Athletic,Pennsylvania State Athletic,ii,ii,
5,regular,2022-10-01 16:00:00+00:00,Minnesota,Purdue,10,20,True,False,True,Big Ten,Big Ten,fbs,fbs,
5,regular,2022-10-01 16:00:00+00:00,Southern Connecticut State,Assumption,14,28,True,False,True,Northeast 10,Northeast 10,ii,ii,
5,regular,2022-10-01 16:00:00+00:00,Marist,St. Thomas (MN),24,38,True,False,True,Pioneer,Pioneer,fcs,fcs,
5,regular,2022-10-01 16:00:00+00:00,Campbell,North Carolina Central,48,18,True,False,False,Big South,MEAC,fcs,fcs,
5,regular,2022-10-01 16:00:00+00:00,Lehigh,Monmouth,7,35,True,False,False,Patriot,CAA,fcs,fcs,
5,regular,2022-10-01 16:00:00+00:00,Endicott,Husson,20,0,True,False,True,Commonwealth Coast,Commonwealth Coast,iii,iii,
5,regular,2022-10-01 17:00:00+00:00,Simpson (IA),Luther,23,33,True,False,True,American Rivers,American Rivers,iii,iii,
5,regular,2022-10-01 17:00:00+00:00,Lycoming,King's,23,28,True,False,True,Mid Atlantic,Mid Atlantic,iii,iii,
5,regular,2022-10-01 17:00:00+00:00,SUNY Cortland,SUNY Morrisville,28,7,True,False,True,Empire 8,Empire 8,iii,iii,
5,regular,2022-10-01 17:00:00+00:00,Maine,Villanova,20,45,True,False,True,CAA,CAA,fcs,fcs,
5,regular,2022-10-01 17:00:00+00:00,Rochester (NY),Rensselaer,3,31,True,False,True,Liberty League,Liberty League,iii,iii,
5,regular,2022-10-01 17:00:00+00:00,Christopher Newport,Rowan,20,14,True,False,True,New Jersey,New Jersey,iii,iii,
5,regular,2022-10-01 17:00:00+00:00,Bluefield State,Apprentice School,22,19,True,False,False,Independent DII,Independent DIII,ii,iii,
5,regular,2022-10-01 17:00:00+00:00,Hobart,Ithaca,7,31,True,False,True,Liberty League,Liberty League,iii,iii,
5,regular,2022-10-01 17:00:00+00:00,Concordia St. Paul,Minnesota State,15,25,True,False,True,Northern Sun,Northern Sun,ii,ii,
5,regular,2022-10-01 17:00:00+00:00,Greenville,Martin Luther,30,27,True,False,True,Upper Midwest,Upper Midwest,iii,iii,
5,regular,2022-10-01 17:00:00+00:00,Merrimack,Long Island University,24,23,True,False,True,NEC,NEC,fcs,fcs,
5,regular,2022-10-01 17:00:00+00:00,Hendrix,Trinity (TX),7,28,True,False,True,Southern Athletic,Southern Athletic,iii,iii,
5,regular,2022-10-01 17:00:00+00:00,Columbia,Princeton,6,24,True,False,True,Ivy,Ivy,fcs,fcs,
5,regular,2022-10-01 17:00:00+00:00,Kalamazoo,Albion,6,48,True,False,True,Michigan,Michigan,iii,iii,
5,regular,2022-10-01 17:00:00+00:00,Harvard,Holy Cross,21,30,True,False,False,Ivy,Patriot,fcs,fcs,
5,regular,2022-10-01 17:00:00+00:00,Trine,Alma,21,40,True,False,True,Michigan,Michigan,iii,iii,
5,regular,2022-10-01 17:00:00+00:00,Franklin & Marshall,Johns Hopkins,26,43,True,False,True,Centennial,Centennial,iii,iii,
5,regular,2022-10-01 17:00:00+00:00,New England,Curry,37,21,True,False,True,Commonwealth Coast,Commonwealth Coast,iii,iii,
5,regular,2022-10-01 17:00:00+00:00,Wartburg,Loras,42,3,True,False,True,American Rivers,American Rivers,iii,iii,
5,regular,2022-10-01 17:00:00+00:00,Bowdoin,Middlebury,10,20,True,False,True,NESCAC,NESCAC,iii,iii,
5,regular,2022-10-01 17:00:00+00:00,Emory & Henry,Catawba,38,23,True,False,False,South Atlantic,South Atlantic,ii,ii,
5,regular,2022-10-01 17:00:00+00:00,Fordham,Georgetown,59,38,True,False,True,Patriot,Patriot,fcs,fcs,
5,regular,2022-10-01 17:00:00+00:00,Colgate,Cornell,31,34,True,False,False,Patriot,Ivy,fcs,fcs,
5,regular,2022-10-01 17:00:00+00:00,Davidson,Butler,31,0,True,False,True,Pioneer,Pioneer,fcs,fcs,
5,regular,2022-10-01 17:00:00+00:00,Sacred Heart,Norfolk State,31,14,True,False,False,NEC,MEAC,fcs,fcs,
5,regular,2022-10-01 17:00:00+00:00,Morehead State,Presbyterian,14,10,True,False,True,Pioneer,Pioneer,fcs,fcs,
5,regular,2022-10-01 17:00:00+00:00,North Dakota,Missouri State,48,31,True,False,True,MVFC,MVFC,fcs,fcs,
5,regular,2022-10-01 17:00:00+00:00,Wittenberg,Wabash,35,42,True,False,True,North Coast,North Coast,iii,iii,
5,regular,2022-10-01 17:00:00+00:00,Franklin Pierce,Bentley,0,41,True,True,True,Northeast 10,Northeast 10,ii,ii,
5,regular,2022-10-01 17:00:00+00:00,Dayton,Drake,27,14,True,False,True,Pioneer,Pioneer,fcs,fcs,
5,regular,2022-10-01 17:00:00+00:00,Wooster,Ohio Wesleyan,7,35,True,False,True,North Coast,North Coast,iii,iii,
5,regular,2022-10-01 17:00:00+00:00,Norwich,Coast Guard,31,23,True,False,True,NEWMAC,NEWMAC,iii,iii,
5,regular,2022-10-01 17:00:00+00:00,Lock Haven,Millersville,12,42,True,False,True,Pennsylvania State Athletic,Pennsylvania State Athletic,ii,ii,
5,regular,2022-10-01 17:00:00+00:00,McDaniel,Dickinson,21,13,True,False,True,Centennial,Centennial,iii,iii,
5,regular,2022-10-01 17:00:00+00:00,Kean,William Paterson,15,22,True,False,True,New Jersey,New Jersey,iii,iii,
5,regular,2022-10-01 17:00:00+00:00,Randolph Macon,Guilford,48,19,True,False,True,Old Dominion,Old Dominion,iii,iii,
5,regular,2022-10-01 17:00:00+00:00,Muhlenberg,Gettysburg,56,17,True,False,True,Centennial,Centennial,iii,iii,
5,regular,2022-10-01 17:00:00+00:00,Misericordia,FDU Florham,14,28,True,False,True,Mid Atlantic,Mid Atlantic,iii,iii,
5,regular,2022-10-01 17:00:00+00:00,Utica,Hartwick,57,7,True,False,True,Empire 8,Empire 8,iii,iii,
5,regular,2022-10-01 17:00:00+00:00,Glenville State,West Liberty,35,14,True,False,True,Mountain East,Mountain East,ii,ii,
5,regular,2022-10-01 17:00:00+00:00,Virginia Union,St. Augustine's,69,0,True,False,True,CIAA,CIAA,ii,ii,
5,regular,2022-10-01 17:00:00+00:00,Concord,Fairmont State,9,10,True,False,True,Mountain East,Mountain East,ii,ii,
5,regular,2022-10-01 17:00:00+00:00,Shippensburg,Shepherd,13,30,True,False,True,Pennsylvania State Athletic,Pennsylvania State Athletic,ii,ii,
5,regular,2022-10-01 17:00:00+00:00,Ohio Dominican,Walsh,21,0,True,False,True,Great Midwest Athletic,Great Midwest Athletic,ii,ii,
5,regular,2022-10-01 17:00:00+00:00,Amherst,Trinity (CT),3,20,True,False,True,NESCAC,NESCAC,iii,iii,
5,regular,2022-10-01 17:00:00+00:00,Carson Newman,Newberry,24,14,True,False,True,South Atlantic,South Atlantic,ii,ii,
5,regular,2022-10-01 17:00:00+00:00,Maryville (TN),Huntingdon,28,42,True,False,True,USA South,USA South,iii,iii,
5,regular,2022-10-01 17:00:00+00:00,Mars Hill,Limestone,14,17,True,False,True,South Atlantic,South Atlantic,ii,ii,
5,regular,2022-10-01 17:00:00+00:00,Oberlin,Hiram,7,34,True,False,True,North Coast,North Coast,iii,iii,
5,regular,2022-10-01 17:00:00+00:00,Finlandia University,Northwestern (MN),0,30,True,True,True,Upper Midwest,Upper Midwest,iii,iii,
5,regular,2022-10-01 17:00:00+00:00,Johnson C. Smith,Elizabeth City State,49,14,True,False,True,CIAA,CIAA,ii,ii,
5,regular,2022-10-01 17:00:00+00:00,Minnesota Duluth,Minnesota St Moorhead,36,28,True,False,True,Northern Sun,Northern Sun,ii,ii,
5,regular,2022-10-01 17:00:00+00:00,Shenandoah,Ferrum,20,0,True,False,True,Old Dominion,Old Dominion,iii,iii,
5,regular,2022-10-01 17:00:00+00:00,Buena Vista,Dubuque,16,46,True,False,True,American Rivers,American Rivers,iii,iii,
5,regular,2022-10-01 17:00:00+00:00,UNC Pembroke,Frostburg State,10,9,True,False,True,Mountain East,Mountain East,ii,ii,
5,regular,2022-10-01 17:00:00+00:00,Methodist,Belhaven,27,34,True,False,False,USA South,USA South,iii,iii,
5,regular,2022-10-01 17:00:00+00:00,Union,Buffalo State,45,0,True,False,True,Liberty League,Liberty League,iii,iii,
5,regular,2022-10-01 17:00:00+00:00,Nebraska Wesleyan,Central College,0,58,True,True,True,American Rivers,American Rivers,iii,iii,
5,regular,2022-10-01 17:00:00+00:00,Illinois College,Ripon,21,23,True,False,True,Midwest,Midwest,iii,iii,
5,regular,2022-10-01 17:00:00+00:00,Grinnell,Beloit,28,20,True,False,True,Midwest,Midwest,iii,iii,
5,regular,2022-10-01 17:00:00+00:00,Westminster (MO),Minnesota Morris,8,28,True,False,True,Upper Midwest,Upper Midwest,iii,iii,
5,regular,2022-10-01 17:00:00+00:00,Hamilton,Wesleyan (CT),14,49,True,False,True,NESCAC,NESCAC,iii,iii,
5,regular,2022-10-01 17:00:00+00:00,Salisbury,Montclair State,30,7,True,False,True,New Jersey,New Jersey,iii,iii,
5,regular,2022-10-01 17:05:00+00:00,East Stroudsburg,Kutztown,20,24,True,False,True,Pennsylvania State Athletic,Pennsylvania State Athletic,ii,ii,
5,regular,2022-10-01 17:30:00+00:00,Bluffton,Franklin,27,37,True,False,True,Heartland,Heartland,iii,iii,
5,regular,2022-10-01 17:30:00+00:00,Defiance College,Hanover,20,37,True,False,True,Heartland,Heartland,iii,iii,
5,regular,2022-10-01 17:30:00+00:00,Anna Maria College,Alfred State,25,30,True,False,True,ECFC,ECFC,iii,iii,
5,regular,2022-10-01 17:30:00+00:00,Alvernia,Lebanon Valley,6,32,True,False,True,Mid Atlantic,Mid Atlantic,iii,iii,
5,regular,2022-10-01 17:30:00+00:00,James Madison,Texas State,40,13,True,False,True,Sun Belt,Sun Belt,fbs,fbs,
5,regular,2022-10-01 17:30:00+00:00,Susquehanna,Ursinus,17,12,True,False,True,Centennial,Centennial,iii,iii,
5,regular,2022-10-01 17:30:00+00:00,Winston-Salem State,Lincoln (PA),0,0,True,False,True,CIAA,CIAA,ii,ii,
5,regular,2022-10-01 17:30:00+00:00,Wofford,Mercer,7,42,True,False,True,Southern,Southern,fcs,fcs,
5,regular,2022-10-01 17:30:00+00:00,Heidelberg,Muskingum,42,21,True,False,True,Ohio,Ohio,iii,iii,
5,regular,2022-10-01 17:30:00+00:00,Williams,Tufts,28,35,True,False,True,NESCAC,NESCAC,iii,iii,
5,regular,2022-10-01 17:30:00+00:00,George Fox,Pacific Lutheran,12,13,True,False,True,Northwest,Northwest,iii,iii,
5,regular,2022-10-01 17:30:00+00:00,Wilmington (OH),John Carroll,0,59,True,False,True,Ohio,Ohio,iii,iii,
5,regular,2022-10-01 17:30:00+00:00,Manchester,Mount St Joseph,20,55,True,False,True,Heartland,Heartland,iii,iii,
5,regular,2022-10-01 17:30:00+00:00,Ohio Northern,Mount Union,0,45,True,False,True,Ohio,Ohio,iii,iii,
5,regular,2022-10-01 17:30:00+00:00,Anderson (IN),Rose Hulman,7,45,True,False,True,Heartland,Heartland,iii,iii,
5,regular,2022-10-01 18:00:00+00:00,Central Missouri,Northeastern State,35,13,True,False,True,Mid America,Mid America,ii,ii,
5,regular,2022-10-01 18:00:00+00:00,Minot State,Bemidji State,14,59,True,False,True,Northern Sun,Northern Sun,ii,ii,
5,regular,2022-10-01 18:00:00+00:00,Carleton,Macalester,56,27,True,False,False,Minnesota,Minnesota,iii,iii,
5,regular,2022-10-01 18:00:00+00:00,Lindenwood,Southeast Missouri State,28,49,True,False,True,OVC,OVC,fcs,fcs,
5,regular,2022-10-01 18:00:00+00:00,Bowie State,Livingstone,53,7,True,False,True,CIAA,CIAA,ii,ii,
5,regular,2022-10-01 18:00:00+00:00,Mercyhurst,Edinboro,13,16,True,False,True,Pennsylvania State Athletic,Pennsylvania State Athletic,ii,ii,
5,regular,2022-10-01 18:00:00+00:00,Concordia Chicago,Eureka,13,27,True,False,True,NACC,NACC,iii,iii,
5,regular,2022-10-01 18:00:00+00:00,North Park,Washington St. Louis,21,56,True,False,True,CCIW,CCIW,iii,iii,
5,regular,2022-10-01 18:00:00+00:00,Cornell (IA),Lake Forest,10,41,True,False,True,Midwest,Midwest,iii,iii,
5,regular,2022-10-01 18:00:00+00:00,Grove City,Case Western Reserve,14,13,True,False,True,Presidents',Presidents',iii,iii,
5,regular,2022-10-01 18:00:00+00:00,Tennessee State,Lane College,27,28,True,True,False,OVC,SIAC,fcs,ii,
5,regular,2022-10-01 18:00:00+00:00,Furman,Samford,27,34,True,False,True,Southern,Southern,fcs,fcs,
5,regular,2022-10-01 18:00:00+00:00,Fort Valley State,Benedict,13,45,True,False,True,SIAC,SIAC,ii,ii,
5,regular,2022-10-01 18:00:00+00:00,Otterbein,Capital,35,28,True,False,True,Ohio,Ohio,iii,iii,
5,regular,2022-10-01 18:00:00+00:00,Gustavus Adolphus,Bethel (MN),27,30,True,False,True,Minnesota,Minnesota,iii,iii,
5,regular,2022-10-01 18:00:00+00:00,Elmhurst,Carthage,21,57,True,False,True,CCIW,CCIW,iii,iii,
5,regular,2022-10-01 18:00:00+00:00,St. Olaf,Augsburg,41,36,True,False,True,Minnesota,Minnesota,iii,iii,
5,regular,2022-10-01 18:00:00+00:00,Rockford,Concordia (WI),21,42,True,False,True,NACC,NACC,iii,iii,
5,regular,2022-10-01 18:00:00+00:00,Jacksonville State,Kennesaw State,35,28,True,False,True,Atlantic Sun,Atlantic Sun,fcs,fcs,
5,regular,2022-10-01 18:00:00+00:00,Illinois Wesleyan,Millikin,38,24,True,False,True,CCIW,CCIW,iii,iii,
5,regular,2022-10-01 18:00:00+00:00,Wisconsin River Falls,Wisconsin Stevens Point,56,3,True,False,True,Wisconsin,Wisconsin,iii,iii,
5,regular,2022-10-01 18:00:00+00:00,Washington & Jefferson,Allegheny,66,14,True,False,False,Presidents',Presidents',iii,iii,
5,regular,2022-10-01 18:00:00+00:00,Ball State,Northern Illinois,44,38,True,False,True,Mid-American,Mid-American,fbs,fbs,
5,regular,2022-10-01 18:00:00+00:00,Eastern Michigan,Massachusetts,20,13,True,False,False,Mid-American,FBS Independents,fbs,fbs,
5,regular,2022-10-01 18:00:00+00:00,William Jewell,McKendree,34,45,True,False,False,Great Lakes,Great Lakes,ii,ii,
5,regular,2022-10-01 18:00:00+00:00,Aurora,Wisconsin Lutheran,62,17,True,False,True,NACC,NACC,iii,iii,
5,regular,2022-10-01 18:00:00+00:00,Elon,Richmond,30,27,True,False,True,CAA,CAA,fcs,fcs,
5,regular,2022-10-01 18:00:00+00:00,Bridgewater,Hampden Sydney,27,17,True,False,True,Old Dominion,Old Dominion,iii,iii,
5,regular,2022-10-01 18:00:00+00:00,St. Scholastica,Hamline,43,42,True,False,True,Minnesota,Minnesota,iii,iii,
5,regular,2022-10-01 18:00:00+00:00,Saint John's (MN),Concordia (MN),35,28,True,False,True,Minnesota,Minnesota,iii,iii,
5,regular,2022-10-01 18:00:00+00:00,Rhodes,Centre,7,21,True,False,True,Southern Athletic,Southern Athletic,iii,iii,
5,regular,2022-10-01 18:00:00+00:00,Brevard,Greensboro,31,13,True,False,True,USA South,USA South,iii,iii,
5,regular,2022-10-01 18:00:00+00:00,North Dakota State,Youngstown State,27,14,True,False,True,MVFC,MVFC,fcs,fcs,
5,regular,2022-10-01 18:00:00+00:00,Winona State,Wayne State (NE),38,14,True,False,True,Northern Sun,Northern Sun,ii,ii,
5,regular,2022-10-01 18:00:00+00:00,Albany State,Miles,20,3,True,False,True,SIAC,SIAC,ii,ii,
5,regular,2022-10-01 18:00:00+00:00,Augustana (SD),Sioux Falls,24,31,True,False,True,Northern Sun,Northern Sun,ii,ii,
5,regular,2022-10-01 18:00:00+00:00,Knox,Chicago,14,50,True,False,True,Midwest,Midwest,iii,iii,
5,regular,2022-10-01 18:00:00+00:00,Sewanee,Millsaps,27,30,True,False,True,Southern Athletic,Southern Athletic,iii,iii,
5,regular,2022-10-01 18:00:00+00:00,Wisconsin La Crosse,Wisconsin Whitewater,31,34,True,False,True,Wisconsin,Wisconsin,iii,iii,
5,regular,2022-10-01 18:00:00+00:00,Utah,Oregon State,42,16,True,False,True,Pac-12,Pac-12,fbs,fbs,
5,regular,2022-10-01 18:00:00+00:00,Wisconsin Oshkosh,Wisconsin Platteville,46,7,True,False,True,Wisconsin,Wisconsin,iii,iii,
5,regular,2022-10-01 18:00:00+00:00,IU Pennsylvania,Slippery Rock,20,12,True,False,True,Pennsylvania State Athletic,Pennsylvania State Athletic,ii,ii,
5,regular,2022-10-01 18:00:00+00:00,Sul Ross State,Howard Payne,42,56,True,False,True,American Southwest,American Southwest,iii,iii,
5,regular,2022-10-01 18:00:00+00:00,Erskine,Wingate,7,31,True,False,False,South Atlantic,South Atlantic,ii,ii,
5,regular,2022-10-01 18:00:00+00:00,Clarion,California (PA),14,59,True,False,True,Pennsylvania State Athletic,Pennsylvania State Athletic,ii,ii,
5,regular,2022-10-01 18:30:00+00:00,Northwest Missouri State,Missouri Western,16,3,True,False,True,Mid America,Mid America,ii,ii,
5,regular,2022-10-01 18:30:00+00:00,South Florida,East Carolina,28,48,True,True,True,American Athletic,American Athletic,fbs,fbs,Moved from Raymond James Stadium due to inclement weather
5,regular,2022-10-01 18:30:00+00:00,WPI,Merchant Marine,14,41,True,False,True,NEWMAC,NEWMAC,iii,iii,
5,regular,2022-10-01 19:00:00+00:00,Arkansas Tech,Southern Nazarene,48,35,True,False,True,Great American,Great American,ii,ii,
5,regular,2022-10-01 19:00:00+00:00,South Dakota State,Western Illinois,34,10,True,False,True,MVFC,MVFC,fcs,fcs,
5,regular,2022-10-01 19:00:00+00:00,Mary Hardin Baylor,Austin,38,7,True,False,True,American Southwest,American Southwest,iii,iii,
5,regular,2022-10-01 19:00:00+00:00,Harding,Oklahoma Baptist,38,23,True,False,True,Great American,Great American,ii,ii,
5,regular,2022-10-01 19:00:00+00:00,UT Martin,Tennessee Tech,45,28,True,False,True,OVC,OVC,fcs,fcs,
5,regular,2022-10-01 19:00:00+00:00,East Tennessee State,Chattanooga,16,24,True,False,True,Southern,Southern,fcs,fcs,
5,regular,2022-10-01 19:00:00+00:00,Monmouth (IL),Lawrence,62,6,True,False,True,Midwest,Midwest,iii,iii,
5,regular,2022-10-01 19:00:00+00:00,UVA Wise,Lenoir Rhyne,10,42,True,False,True,South Atlantic,South Atlantic,ii,ii,
5,regular,2022-10-01 19:00:00+00:00,Benedictine (IL),St. Norbert,12,26,True,False,True,NACC,NACC,iii,iii,
5,regular,2022-10-01 19:00:00+00:00,Lincoln (MO),Central Oklahoma,3,45,True,False,True,Mid America,Mid America,ii,ii,
5,regular,2022-10-01 19:00:00+00:00,Southwestern Oklahoma State,Arkansas Monticello,37,27,True,False,True,Great American,Great American,ii,ii,
5,regular,2022-10-01 19:00:00+00:00,Carroll (WI),Augustana (IL),44,41,True,False,False,Midwest,CCIW,iii,iii,
5,regular,2022-10-01 19:00:00+00:00,Hope,Adrian,10,22,True,False,True,Michigan,Michigan,iii,iii,
5,regular,2022-10-01 19:00:00+00:00,Northwestern (OK),Ouachita Baptist,7,48,True,False,True,Great American,Great American,ii,ii,
5,regular,2022-10-01 19:00:00+00:00,West Alabama,Shorter,37,14,True,False,True,Gulf South,Gulf South,ii,ii,
5,regular,2022-10-01 19:00:00+00:00,Pittsburg State,Missouri Southern State,38,9,True,False,True,Mid America,Mid America,ii,ii,
5,regular,2022-10-01 19:00:00+00:00,University of Mary,Northern State,27,26,True,False,True,Northern Sun,Northern Sun,ii,ii,
5,regular,2022-10-01 19:00:00+00:00,Idaho State,Montana,20,28,True,False,True,Big Sky,Big Sky,fcs,fcs,
5,regular,2022-10-01 19:00:00+00:00,Washington and Lee,Averett,31,0,True,False,False,Old Dominion,Old Dominion,iii,iii,
5,regular,2022-10-01 19:00:00+00:00,Saint Anselm,New Haven,10,21,True,False,True,Northeast 10,Northeast 10,ii,ii,
5,regular,2022-10-01 19:00:00+00:00,Chadron State,Colorado School of Mines,9,45,True,False,True,Rocky Mountain,Rocky Mountain,ii,ii,
5,regular,2022-10-01 19:00:00+00:00,Henderson State,Southeastern Oklahoma State,31,23,True,False,True,Great American,Great American,ii,ii,
5,regular,2022-10-01 19:00:00+00:00,Alabama A&M,Bethune-Cookman,35,27,True,False,True,SWAC,SWAC,fcs,fcs,
5,regular,2022-10-01 19:30:00+00:00,Toledo,Central Michigan,38,17,True,False,True,Mid-American,Mid-American,fbs,fbs,
5,regular,2022-10-01 19:30:00+00:00,Maryland,Michigan State,27,13,True,False,True,Big Ten,Big Ten,fbs,fbs,
5,regular,2022-10-01 19:30:00+00:00,Akron,Bowling Green,28,31,True,False,True,Mid-American,Mid-American,fbs,fbs,
5,regular,2022-10-01 19:30:00+00:00,Florida State,Wake Forest,21,31,True,False,True,ACC,ACC,fbs,fbs,
5,regular,2022-10-01 19:30:00+00:00,Ohio State,Rutgers,49,10,True,False,True,Big Ten,Big Ten,fbs,fbs,
5,regular,2022-10-01 19:30:00+00:00,Bucknell,Lafayette,14,24,True,False,True,Patriot,Patriot,fcs,fcs,
5,regular,2022-10-01 19:30:00+00:00,Buffalo,Miami (OH),24,20,True,False,True,Mid-American,Mid-American,fbs,fbs,
5,regular,2022-10-01 19:30:00+00:00,Penn State,Northwestern,17,7,True,False,True,Big Ten,Big Ten,fbs,fbs,
5,regular,2022-10-01 19:30:00+00:00,Kansas,Iowa State,14,11,True,False,True,Big 12,Big 12,fbs,fbs,
5,regular,2022-10-01 19:30:00+00:00,Baylor,Oklahoma State,25,36,True,False,True,Big 12,Big 12,fbs,fbs,
5,regular,2022-10-01 19:30:00+00:00,Arkansas,Alabama,26,49,True,False,True,SEC,SEC,fbs,fbs,
5,regular,2022-10-01 19:30:00+00:00,App State,The Citadel,49,0,True,False,False,Sun Belt,Southern,fbs,fcs,
5,regular,2022-10-01 19:30:00+00:00,North Carolina,Virginia Tech,41,10,True,False,True,ACC,ACC,fbs,fbs,
5,regular,2022-10-01 19:30:00+00:00,Kent State,Ohio,31,24,True,False,True,Mid-American,Mid-American,fbs,fbs,
5,regular,2022-10-01 19:30:00+00:00,UConn,Fresno State,19,14,True,False,False,FBS Independents,Mountain West,fbs,fbs,
5,regular,2022-10-01 19:30:00+00:00,Delaware,Towson,24,10,True,False,True,CAA,CAA,fcs,fcs,
5,regular,2022-10-01 19:30:00+00:00,Stony Brook,William & Mary,10,27,True,False,True,CAA,CAA,fcs,fcs,
5,regular,2022-10-01 19:30:00+00:00,Southern Arkansas,East Central,22,34,True,False,True,Great American,Great American,ii,ii,
5,regular,2022-10-01 19:30:00+00:00,Sam Houston,Stephen F. Austin,17,16,True,True,True,Western Athletic,Western Athletic,fcs,fcs,
5,regular,2022-10-01 19:30:00+00:00,Marshall,Gardner-Webb,28,7,True,False,False,Sun Belt,Big South,fbs,fcs,
5,regular,2022-10-01 19:30:00+00:00,Western Carolina,VMI,38,17,True,False,True,Southern,Southern,fcs,fcs,
5,regular,2022-10-01 20:00:00+00:00,Pacific (OR),Willamette,35,0,True,False,True,Northwest,Northwest,iii,iii,
5,regular,2022-10-01 20:00:00+00:00,Lewis & Clark,Whitworth,28,66,True,False,True,Northwest,Northwest,iii,iii,
5,regular,2022-10-01 20:00:00+00:00,Bridgewater State,Fitchburg State,82,0,True,False,True,MSCAC,MSCAC,iii,iii,
5,regular,2022-10-01 20:00:00+00:00,Clark Atlanta,Tuskegee,43,45,True,False,True,SIAC,SIAC,ii,ii,
5,regular,2022-10-01 20:00:00+00:00,La Verne,Claremont Mudd Scripps,13,41,True,False,True,So. Cal.,So. Cal.,iii,iii,
5,regular,2022-10-01 20:00:00+00:00,San Diego,Stetson,0,0,True,False,True,Pioneer,Pioneer,fcs,fcs,
5,regular,2022-10-01 20:00:00+00:00,North Texas,Florida Atlantic,45,28,True,False,True,Conference USA,Conference USA,fbs,fbs,
5,regular,2022-10-01 20:00:00+00:00,CSU Pueblo,Fort Lewis,75,3,True,False,True,Rocky Mountain,Rocky Mountain,ii,ii,
5,regular,2022-10-01 20:00:00+00:00,Tiffin,Lake Erie,52,27,True,False,True,Great Midwest Athletic,Great Midwest Athletic,ii,ii,
5,regular,2022-10-01 20:00:00+00:00,Lamar,Houston Christian,34,37,True,False,False,Southland,Southland,fcs,fcs,
5,regular,2022-10-01 20:00:00+00:00,Mississippi State,Texas A&M,42,24,True,False,True,SEC,SEC,fbs,fbs,
5,regular,2022-10-01 20:05:00+00:00,Western Oregon,Angelo State,7,30,True,False,False,Lone Star,Lone Star,ii,ii,
5,regular,2022-10-01 20:30:00+00:00,Linfield,Puget Sound,72,2,True,False,True,Northwest,Northwest,iii,iii,
5,regular,2022-10-01 20:30:00+00:00,Northwestern State,Nicholls,36,33,True,False,True,Southland,Southland,fcs,fcs,
5,regular,2022-10-01 20:30:00+00:00,Bethany (WV),Thiel,26,27,True,False,True,Presidents',Presidents',iii,iii,
5,regular,2022-10-01 21:00:00+00:00,Central Arkansas,Austin Peay,49,20,True,False,True,Atlantic Sun,Atlantic Sun,fcs,fcs,
5,regular,2022-10-01 21:00:00+00:00,Vermont State Castleton,Dean,39,0,True,False,True,ECFC,ECFC,iii,iii,
5,regular,2022-10-01 21:00:00+00:00,Portland State,Northern Arizona,35,27,True,False,True,Big Sky,Big Sky,fcs,fcs,
5,regular,2022-10-01 21:00:00+00:00,Washburn,Emporia State,35,42,True,False,True,Mid America,Mid America,ii,ii,
5,regular,2022-10-01 21:00:00+00:00,McMurry,Hardin Simmons,13,45,True,False,True,American Southwest,American Southwest,iii,iii,
5,regular,2022-10-01 21:00:00+00:00,Louisiana,South Alabama,17,20,True,False,True,Sun Belt,Sun Belt,fbs,fbs,
5,regular,2022-10-01 21:00:00+00:00,West Florida,North Greenville,34,31,True,True,True,Gulf South,Gulf South,ii,ii,
5,regular,2022-10-01 21:00:00+00:00,Marietta,Baldwin Wallace,29,33,True,False,True,Ohio,Ohio,iii,iii,
5,regular,2022-10-01 21:00:00+00:00,Syracuse,Wagner,59,0,True,False,False,ACC,NEC,fbs,fcs,
5,regular,2022-10-01 21:00:00+00:00,Northern Iowa,Indiana State,20,14,True,False,True,MVFC,MVFC,fcs,fcs,
5,regular,2022-10-01 21:30:00+00:00,Washington State,California,28,9,True,False,True,Pac-12,Pac-12,fbs,fbs,
5,regular,2022-10-01 22:00:00+00:00,Wayne State (MI),Northern Michigan,30,37,True,False,True,GLIAC,GLIAC,ii,ii,
5,regular,2022-10-01 22:00:00+00:00,Alderson-Broaddus,West Virginia State,3,30,True,False,True,Mountain East,Mountain East,ii,ii,
5,regular,2022-10-01 22:00:00+00:00,Barton,Tusculum,13,14,True,False,False,South Atlantic,South Atlantic,ii,ii,
5,regular,2022-10-01 22:00:00+00:00,Virginia State,Shaw,28,24,True,False,True,CIAA,CIAA,ii,ii,
5,regular,2022-10-01 22:00:00+00:00,Old Dominion,Liberty,24,38,True,False,False,Sun Belt,FBS Independents,fbs,fbs,
5,regular,2022-10-01 22:00:00+00:00,Southwest Minnesota State,Upper Iowa,47,7,True,False,True,Northern Sun,Northern Sun,ii,ii,
5,regular,2022-10-01 22:00:00+00:00,Rhode Island,Brown,38,10,True,False,False,CAA,Ivy,fcs,fcs,
5,regular,2022-10-01 22:00:00+00:00,Allen,Central State,32,35,True,False,True,SIAC,SIAC,ii,ii,
5,regular,2022-10-01 22:00:00+00:00,Bloomsburg,West Chester,21,16,True,False,True,Pennsylvania State Athletic,Pennsylvania State Athletic,ii,ii,
5,regular,2022-10-01 22:00:00+00:00,Charlotte,UTEP,35,41,True,False,True,Conference USA,Conference USA,fbs,fbs,
5,regular,2022-10-01 22:00:00+00:00,Western Michigan,New Hampshire,44,7,True,False,False,Mid-American,CAA,fbs,fcs,
5,regular,2022-10-01 22:00:00+00:00,Florida A&M,Mississippi Valley State,34,7,True,False,True,SWAC,SWAC,fcs,fcs,
5,regular,2022-10-01 22:00:00+00:00,West Georgia,Mississippi College,38,39,True,False,True,Gulf South,Gulf South,ii,ii,
5,regular,2022-10-01 22:00:00+00:00,Eastern Kentucky,Southern Utah,35,28,True,False,False,Atlantic Sun,Western Athletic,fcs,fcs,
5,regular,2022-10-01 22:00:00+00:00,Brockport,St. John Fisher,25,0,True,False,True,Empire 8,Empire 8,iii,iii,
5,regular,2022-10-01 22:00:00+00:00,Delaware State,Robert Morris,14,9,True,False,False,MEAC,Big South,fcs,fcs,
5,regular,2022-10-01 22:00:00+00:00,Indianapolis,Southwest Baptist,44,17,True,False,True,Great Lakes,Great Lakes,ii,ii,
5,regular,2022-10-01 23:00:00+00:00,SE Louisiana,Murray State,48,14,True,False,False,Southland,OVC,fcs,fcs,
5,regular,2022-10-01 23:00:00+00:00,North Central College,Wheaton (IL),33,0,True,False,True,CCIW,CCIW,iii,iii,
5,regular,2022-10-01 23:00:00+00:00,Grand Valley State,Saginaw Valley State,29,10,True,False,True,GLIAC,GLIAC,ii,ii,
5,regular,2022-10-01 23:00:00+00:00,North Carolina A&T,Bryant,24,13,True,False,True,Big South,Big South,fcs,fcs,
5,regular,2022-10-01 23:00:00+00:00,Texas Southern,Alabama State,13,16,True,False,True,SWAC,SWAC,fcs,fcs,
5,regular,2022-10-01 23:00:00+00:00,Delta State,Valdosta State,70,31,True,False,True,Gulf South,Gulf South,ii,ii,
5,regular,2022-10-01 23:00:00+00:00,Southern,Arkansas-Pine Bluff,59,3,True,False,True,SWAC,SWAC,fcs,fcs,
5,regular,2022-10-01 23:00:00+00:00,Ashland,Northwood,56,17,True,False,False,Great Midwest Athletic,Great Midwest Athletic,ii,ii,
5,regular,2022-10-01 23:00:00+00:00,Kentucky Wesleyan,Hillsdale,31,27,True,False,True,Great Midwest Athletic,Great Midwest Athletic,ii,ii,
5,regular,2022-10-01 23:00:00+00:00,Incarnate Word,McNeese,48,20,True,False,True,Southland,Southland,fcs,fcs,
5,regular,2022-10-01 23:00:00+00:00,Tulsa,Cincinnati,21,31,True,False,True,American Athletic,American Athletic,fbs,fbs,
5,regular,2022-10-01 23:00:00+00:00,Auburn,LSU,17,21,True,False,True,SEC,SEC,fbs,fbs,
5,regular,2022-10-01 23:00:00+00:00,Denison,DePauw,13,17,True,False,True,North Coast,North Coast,iii,iii,
5,regular,2022-10-01 23:00:00+00:00,Carnegie Mellon,Westminster (PA),0,0,True,False,True,Presidents',Presidents',iii,iii,
5,regular,2022-10-01 23:00:00+00:00,East Texas Baptist,Southwestern U,27,17,True,False,True,American Southwest,American Southwest,iii,iii,
5,regular,2022-10-01 23:00:00+00:00,Wisconsin Stout,Wisconsin Eau Claire,73,29,True,False,True,Wisconsin,Wisconsin,iii,iii,
5,regular,2022-10-01 23:00:00+00:00,Birmingham-Southern,Berry,24,10,True,False,True,Southern Athletic,Southern Athletic,iii,iii,
5,regular,2022-10-01 23:00:00+00:00,Colby,Bates,38,17,True,False,True,NESCAC,NESCAC,iii,iii,
5,regular,2022-10-01 23:00:00+00:00,Western Kentucky,Troy,27,34,True,False,False,Conference USA,Sun Belt,fbs,fbs,
5,regular,2022-10-01 23:00:00+00:00,Arkansas State,UL Monroe,45,28,True,False,True,Sun Belt,Sun Belt,fbs,fbs,
5,regular,2022-10-01 23:00:00+00:00,Coastal Carolina,Georgia Southern,34,30,True,False,True,Sun Belt,Sun Belt,fbs,fbs,
5,regular,2022-10-01 23:00:00+00:00,Grambling,Prairie View A&M,14,34,True,True,True,SWAC,SWAC,fcs,fcs,
5,regular,2022-10-01 23:30:00+00:00,Nebraska,Indiana,35,21,True,False,True,Big Ten,Big Ten,fbs,fbs,
5,regular,2022-10-01 23:30:00+00:00,Missouri,Georgia,22,26,True,False,True,SEC,SEC,fbs,fbs,
5,regular,2022-10-01 23:30:00+00:00,Rice,UAB,28,24,True,False,True,Conference USA,Conference USA,fbs,fbs,
5,regular,2022-10-01 23:30:00+00:00,Clemson,NC State,30,20,True,False,True,ACC,ACC,fbs,fbs,
5,regular,2022-10-01 23:30:00+00:00,Wyoming,San José State,16,33,True,False,True,Mountain West,Mountain West,fbs,fbs,
5,regular,2022-10-01 23:30:00+00:00,Duke,Virginia,38,17,True,False,True,ACC,ACC,fbs,fbs,
5,regular,2022-10-01 23:30:00+00:00,Texas,West Virginia,38,20,True,False,True,Big 12,Big 12,fbs,fbs,
5,regular,2022-10-01 23:30:00+00:00,Illinois State,Southern Illinois,14,19,True,False,True,MVFC,MVFC,fcs,fcs,
5,regular,2022-10-02 00:00:00+00:00,Missouri S&T,Quincy,31,24,True,False,True,Great Lakes,Great Lakes,ii,ii,
5,regular,2022-10-02 00:00:00+00:00,Eastern New Mexico,Central Washington,17,45,True,False,False,Lone Star,Lone Star,ii,ii,
5,regular,2022-10-02 00:00:00+00:00,North American,Texas Lutheran,17,45,True,True,False,,American Southwest,,iii,
5,regular,2022-10-02 00:00:00+00:00,Pittsburgh,Georgia Tech,21,26,True,False,True,ACC,ACC,fbs,fbs,
5,regular,2022-10-02 00:00:00+00:00,South Dakota Mines,Black Hills State,17,24,True,False,True,Rocky Mountain,Rocky Mountain,ii,ii,Black Hills Brawl
5,regular,2022-10-02 00:00:00+00:00,West Texas,UT Permian Basin,28,27,True,False,True,Lone Star,Lone Star,ii,ii,
5,regular,2022-10-02 00:00:00+00:00,Cal Poly,Sacramento State,21,49,True,False,True,Big Sky,Big Sky,fcs,fcs,
5,regular,2022-10-02 00:00:00+00:00,Colorado Mesa,Western Colorado,34,42,True,False,True,Rocky Mountain,Rocky Mountain,ii,ii,
5,regular,2022-10-02 00:00:00+00:00,Nebraska Kearney,Fort Hays,38,20,True,False,True,Mid America,Mid America,ii,ii,
5,regular,2022-10-02 00:00:00+00:00,Western New Mexico,Midwestern State,30,27,True,False,True,Lone Star,Lone Star,ii,ii,
5,regular,2022-10-02 00:00:00+00:00,New Mexico State,Florida International,7,21,True,False,False,FBS Independents,Conference USA,fbs,fbs,
5,regular,2022-10-02 01:00:00+00:00,Adams State,New Mexico Highlands,21,23,True,False,True,Rocky Mountain,Rocky Mountain,ii,ii,
5,regular,2022-10-02 01:00:00+00:00,Idaho,Northern Colorado,55,35,True,False,True,Big Sky,Big Sky,fcs,fcs,
5,regular,2022-10-02 01:00:00+00:00,Simon Fraser,Texas A&M-Kingsville,7,35,True,True,False,Lone Star,Lone Star,ii,ii,
5,regular,2022-10-02 01:00:00+00:00,Utah Tech,Abilene Christian,10,26,True,False,True,Western Athletic,Western Athletic,fcs,fcs,
5,regular,2022-10-02 01:30:00+00:00,Arizona,Colorado,43,20,True,False,True,Pac-12,Pac-12,fbs,fbs,
5,regular,2022-10-02 02:00:00+00:00,Whittier,Cal Lutheran,0,45,True,False,True,So. Cal.,So. Cal.,iii,iii,
5,regular,2022-10-02 02:00:00+00:00,Chapman,Pomona Pitzer,17,31,True,False,True,So. Cal.,So. Cal.,iii,iii,
5,regular,2022-10-02 02:15:00+00:00,Montana State,UC Davis,41,24,True,False,True,Big Sky,Big Sky,fcs,fcs,
5,regular,2022-10-02 02:30:00+00:00,USC,Arizona State,42,25,True,False,True,Pac-12,Pac-12,fbs,fbs,
5,regular,2022-10-02 03:00:00+00:00,Oregon,Stanford,45,27,True,False,True,Pac-12,Pac-12,fbs,fbs,
5,regular,2022-10-02 16:00:00+00:00,Florida,Eastern Washington,52,17,True,False,False,SEC,Big Sky,fbs,fcs,Moved from Oct 1
5,regular,2022-10-02 18:00:00+00:00,Edward Waters,Morehouse,49,20,True,False,True,SIAC,SIAC,ii,ii,
5,regular,2022-10-02 19:00:00+00:00,Savannah State,Kentucky State,13,28,True,False,True,SIAC,SIAC,ii,ii,
6,regular,2022-10-05 23:00:00+00:00,UCF,SMU,41,19,True,False,True,American Athletic,American Athletic,fbs,fbs,Moved from Oct 1
6,regular,2022-10-06 23:00:00+00:00,Alderson-Broaddus,Fairmont State,7,51,True,False,True,Mountain East,Mountain East,ii,ii,
6,regular,2022-10-06 23:00:00+00:00,Mass Maritime,UMass Dartmouth,14,28,True,False,True,MSCAC,MSCAC,iii,iii,
6,regular,2022-10-07 00:00:00+00:00,Central Oklahoma,Northeastern State,55,6,True,False,True,Mid America,Mid America,ii,ii,
6,regular,2022-10-07 23:00:00+00:00,Cornell,Harvard,28,35,True,False,True,Ivy,Ivy,fcs,fcs,
6,regular,2022-10-07 23:00:00+00:00,Rutgers,Nebraska,13,14,True,False,True,Big Ten,Big Ten,fbs,fbs,
6,regular,2022-10-07 23:30:00+00:00,Memphis,Houston,32,33,True,False,True,American Athletic,American Athletic,fbs,fbs,
6,regular,2022-10-08 02:30:00+00:00,San José State,UNLV,40,7,True,False,True,Mountain West,Mountain West,fbs,fbs,
6,regular,2022-10-08 02:30:00+00:00,Nevada,Colorado State,14,17,True,False,True,Mountain West,Mountain West,fbs,fbs,
6,regular,2022-10-08 16:00:00+00:00,Indiana,Michigan,10,31,True,False,True,Big Ten,Big Ten,fbs,fbs,
6,regular,2022-10-08 16:00:00+00:00,FDU Florham,Widener,30,17,True,False,True,Mid Atlantic,Mid Atlantic,iii,iii,
6,regular,2022-10-08 16:00:00+00:00,Alvernia,Wilkes,14,35,True,False,True,Mid Atlantic,Mid Atlantic,iii,iii,
6,regular,2022-10-08 16:00:00+00:00,California (PA),IU Pennsylvania,21,22,True,False,True,Pennsylvania State Athletic,Pennsylvania State Athletic,ii,ii,
6,regular,2022-10-08 16:00:00+00:00,Walsh,Ashland,0,35,True,False,True,Great Midwest Athletic,Great Midwest Athletic,ii,ii,
6,regular,2022-10-08 16:00:00+00:00,Millersville,East Stroudsburg,20,14,True,False,True,Pennsylvania State Athletic,Pennsylvania State Athletic,ii,ii,
6,regular,2022-10-08 16:00:00+00:00,King's,Stevenson,20,7,True,False,True,Mid Atlantic,Mid Atlantic,iii,iii,
6,regular,2022-10-08 16:00:00+00:00,Greensboro,Southern Virginia,38,28,True,False,True,USA South,USA South,iii,iii,
6,regular,2022-10-08 16:00:00+00:00,American International,Grand Valley State,3,45,True,False,False,Northeast 10,GLIAC,ii,ii,
6,regular,2022-10-08 16:00:00+00:00,Endicott,Nichols,52,7,True,False,True,Commonwealth Coast,Commonwealth Coast,iii,iii,
6,regular,2022-10-08 16:00:00+00:00,Western Michigan,Eastern Michigan,23,45,True,False,True,Mid-American,Mid-American,fbs,fbs,
6,regular,2022-10-08 16:00:00+00:00,Wheeling,UNC Pembroke,16,17,True,False,True,Mountain East,Mountain East,ii,ii,
6,regular,2022-10-08 16:00:00+00:00,Delaware Valley,Lycoming,21,0,True,False,True,Mid Atlantic,Mid Atlantic,iii,iii,
6,regular,2022-10-08 16:00:00+00:00,West Liberty,Concord,28,45,True,False,True,Mountain East,Mountain East,ii,ii,
6,regular,2022-10-08 16:00:00+00:00,Bowling Green,Buffalo,7,38,True,False,True,Mid-American,Mid-American,fbs,fbs,
6,regular,2022-10-08 16:00:00+00:00,Merchant Marine,Norwich,19,7,True,False,True,NEWMAC,NEWMAC,iii,iii,
6,regular,2022-10-08 16:00:00+00:00,Maryland,Purdue,29,31,True,False,True,Big Ten,Big Ten,fbs,fbs,
6,regular,2022-10-08 16:00:00+00:00,Bridgewater State,Worcester State,45,0,True,False,True,MSCAC,MSCAC,iii,iii,
6,regular,2022-10-08 16:00:00+00:00,Florida,Missouri,24,17,True,False,True,SEC,SEC,fbs,fbs,
6,regular,2022-10-08 16:00:00+00:00,LSU,Tennessee,13,40,True,False,True,SEC,SEC,fbs,fbs,
6,regular,2022-10-08 16:00:00+00:00,Mississippi State,Arkansas,40,17,True,False,True,SEC,SEC,fbs,fbs,
6,regular,2022-10-08 16:00:00+00:00,Kansas,TCU,31,38,True,False,True,Big 12,Big 12,fbs,fbs,
6,regular,2022-10-08 16:00:00+00:00,Oklahoma,Texas,0,49,True,True,True,Big 12,Big 12,fbs,fbs,
6,regular,2022-10-08 16:00:00+00:00,Lake Erie,Ohio Dominican,7,38,True,False,True,Great Midwest Athletic,Great Midwest Athletic,ii,ii,
6,regular,2022-10-08 16:00:00+00:00,Bentley,Saint Anselm,38,7,True,False,True,Northeast 10,Northeast 10,ii,ii,
6,regular,2022-10-08 16:00:00+00:00,Lehigh,Fordham,28,40,True,False,True,Patriot,Patriot,fcs,fcs,
6,regular,2022-10-08 16:00:00+00:00,Albion,Hope,30,10,True,False,True,Michigan,Michigan,iii,iii,
6,regular,2022-10-08 16:00:00+00:00,Shepherd,Lock Haven,72,7,True,False,True,Pennsylvania State Athletic,Pennsylvania State Athletic,ii,ii,
6,regular,2022-10-08 16:00:00+00:00,Gallaudet,Vermont State Castleton,20,17,True,False,True,ECFC,ECFC,iii,iii,
6,regular,2022-10-08 16:00:00+00:00,Framingham State,Fitchburg State,47,0,True,False,True,MSCAC,MSCAC,iii,iii,
6,regular,2022-10-08 16:00:00+00:00,Presbyterian,Valparaiso,21,41,True,False,True,Pioneer,Pioneer,fcs,fcs,
6,regular,2022-10-08 16:00:00+00:00,Virginia,Louisville,17,34,True,False,True,ACC,ACC,fbs,fbs,
6,regular,2022-10-08 16:00:00+00:00,Kutztown,Bloomsburg,24,0,True,False,True,Pennsylvania State Athletic,Pennsylvania State Athletic,ii,ii,
6,regular,2022-10-08 16:00:00+00:00,Buffalo State,Rensselaer,14,42,True,False,True,Liberty League,Liberty League,iii,iii,
6,regular,2022-10-08 16:00:00+00:00,Charleston (WV),Glenville State,41,34,True,False,True,Mountain East,Mountain East,ii,ii,
6,regular,2022-10-08 16:00:00+00:00,Robert Morris,Gardner-Webb,0,48,True,False,True,Big South,Big South,fcs,fcs,
6,regular,2022-10-08 16:00:00+00:00,Yale,Dartmouth,24,21,True,False,True,Ivy,Ivy,fcs,fcs,
6,regular,2022-10-08 16:30:00+00:00,Lafayette,Princeton,2,23,True,False,False,Patriot,Ivy,fcs,fcs,
6,regular,2022-10-08 17:00:00+00:00,Butler,Dayton,31,0,True,False,True,Pioneer,Pioneer,fcs,fcs,
6,regular,2022-10-08 17:00:00+00:00,St. Lawrence,Union,7,44,True,False,True,Liberty League,Liberty League,iii,iii,
6,regular,2022-10-08 17:00:00+00:00,West Virginia State,West Virginia Wesleyan,46,21,True,False,True,Mountain East,Mountain East,ii,ii,
6,regular,2022-10-08 17:00:00+00:00,Rowan,The College of New Jersey,23,21,True,False,True,New Jersey,New Jersey,iii,iii,
6,regular,2022-10-08 17:00:00+00:00,Michigan Tech,Wayne State (MI),35,34,True,False,True,GLIAC,GLIAC,ii,ii,
6,regular,2022-10-08 17:00:00+00:00,Central State,Fort Valley State,17,32,True,False,True,SIAC,SIAC,ii,ii,
6,regular,2022-10-08 17:00:00+00:00,Case Western Reserve,Saint Vincent,45,21,True,False,True,Presidents',Presidents',iii,iii,
6,regular,2022-10-08 17:00:00+00:00,Westminster (PA),Washington & Jefferson,14,17,True,False,True,Presidents',Presidents',iii,iii,
6,regular,2022-10-08 17:00:00+00:00,Waynesburg,Carnegie Mellon,20,27,True,False,True,Presidents',Presidents',iii,iii,
6,regular,2022-10-08 17:00:00+00:00,Central College,Wartburg,28,35,True,False,True,American Rivers,American Rivers,iii,iii,
6,regular,2022-10-08 17:00:00+00:00,DePauw,Wittenberg,7,30,True,False,True,North Coast,North Coast,iii,iii,
6,regular,2022-10-08 17:00:00+00:00,Whitworth,Linfield,17,35,True,False,True,Northwest,Northwest,iii,iii,
6,regular,2022-10-08 17:00:00+00:00,St. John Fisher,SUNY Morrisville,3,10,True,False,True,Empire 8,Empire 8,iii,iii,
6,regular,2022-10-08 17:00:00+00:00,Virginia Union,Elizabeth City State,49,0,True,False,True,CIAA,CIAA,ii,ii,
6,regular,2022-10-08 17:00:00+00:00,Belhaven,North Carolina Wesleyan,24,0,True,False,False,USA South,USA South,iii,iii,
6,regular,2022-10-08 17:00:00+00:00,Ouachita Baptist,Southwestern Oklahoma State,63,24,True,False,True,Great American,Great American,ii,ii,
6,regular,2022-10-08 17:00:00+00:00,Oberlin,Kenyon,21,28,True,False,True,North Coast,North Coast,iii,iii,
6,regular,2022-10-08 17:00:00+00:00,Coast Guard,Springfield,6,49,True,False,True,NEWMAC,NEWMAC,iii,iii,
6,regular,2022-10-08 17:00:00+00:00,SUNY Maritime,Anna Maria College,27,41,True,False,True,ECFC,ECFC,iii,iii,
6,regular,2022-10-08 17:00:00+00:00,Columbia,Wagner,28,7,True,False,False,Ivy,NEC,fcs,fcs,
6,regular,2022-10-08 17:00:00+00:00,New Haven,Pace,35,7,True,False,True,Northeast 10,Northeast 10,ii,ii,
6,regular,2022-10-08 17:00:00+00:00,Northern Michigan,Davenport,24,27,True,False,True,GLIAC,GLIAC,ii,ii,
6,regular,2022-10-08 17:00:00+00:00,Wesleyan (CT),Colby,31,14,True,False,True,NESCAC,NESCAC,iii,iii,
6,regular,2022-10-08 17:00:00+00:00,Samford,Wofford,28,14,True,False,True,Southern,Southern,fcs,fcs,
6,regular,2022-10-08 17:00:00+00:00,Central Connecticut,Brown,20,27,True,False,False,NEC,Ivy,fcs,fcs,
6,regular,2022-10-08 17:00:00+00:00,Duquesne,Merrimack,21,28,True,False,True,NEC,NEC,fcs,fcs,
6,regular,2022-10-08 17:00:00+00:00,Minnesota Duluth,University of Mary,49,14,True,False,True,Northern Sun,Northern Sun,ii,ii,
6,regular,2022-10-08 17:00:00+00:00,Bethany (WV),Grove City,7,55,True,False,True,Presidents',Presidents',iii,iii,
6,regular,2022-10-08 17:00:00+00:00,Morgan State,Norfolk State,21,24,True,False,True,MEAC,MEAC,fcs,fcs,
6,regular,2022-10-08 17:00:00+00:00,Indiana State,North Dakota State,26,31,True,False,True,MVFC,MVFC,fcs,fcs,
6,regular,2022-10-08 17:00:00+00:00,North Greenville,Delta State,14,47,True,False,True,Gulf South,Gulf South,ii,ii,
6,regular,2022-10-08 17:00:00+00:00,Bryant,Southern Connecticut State,56,10,True,False,False,Big South,Northeast 10,fcs,ii,
6,regular,2022-10-08 17:00:00+00:00,Northwestern (MN),Greenville,41,35,True,False,True,Upper Midwest,Upper Midwest,iii,iii,
6,regular,2022-10-08 17:00:00+00:00,Lincoln (PA),Chowan,14,16,True,False,True,CIAA,CIAA,ii,ii,
6,regular,2022-10-08 17:00:00+00:00,Minnesota Morris,Finlandia University,28,12,True,False,True,Upper Midwest,Upper Midwest,iii,iii,
6,regular,2022-10-08 17:00:00+00:00,Plymouth State,Western Connecticut State,27,34,True,False,True,MSCAC,MSCAC,iii,iii,
6,regular,2022-10-08 17:00:00+00:00,Misericordia,Lebanon Valley,12,47,True,False,True,Mid Atlantic,Mid Atlantic,iii,iii,
6,regular,2022-10-08 17:00:00+00:00,Brockport,SUNY Cortland,24,42,True,False,True,Empire 8,Empire 8,iii,iii,
6,regular,2022-10-08 17:00:00+00:00,Centre,Sewanee,35,16,True,False,True,Southern Athletic,Southern Athletic,iii,iii,
6,regular,2022-10-08 17:00:00+00:00,Lenoir Rhyne,Limestone,51,30,True,False,True,South Atlantic,South Atlantic,ii,ii,
6,regular,2022-10-08 17:00:00+00:00,Monmouth,UAlbany,38,31,True,False,True,CAA,CAA,fcs,fcs,
6,regular,2022-10-08 17:00:00+00:00,William Paterson,Salisbury,0,23,True,False,True,New Jersey,New Jersey,iii,iii,
6,regular,2022-10-08 17:00:00+00:00,Amherst,Bates,23,27,True,False,True,NESCAC,NESCAC,iii,iii,
6,regular,2022-10-08 17:00:00+00:00,Frostburg State,Notre Dame College,33,30,True,False,True,Mountain East,Mountain East,ii,ii,
6,regular,2022-10-08 17:00:00+00:00,Catholic,WPI,24,21,True,False,True,NEWMAC,NEWMAC,iii,iii,
6,regular,2022-10-08 17:00:00+00:00,Loras,Buena Vista,65,0,True,False,True,American Rivers,American Rivers,iii,iii,
6,regular,2022-10-08 17:00:00+00:00,Curry,Salve Regina,37,20,True,False,True,Commonwealth Coast,Commonwealth Coast,iii,iii,
6,regular,2022-10-08 17:00:00+00:00,Minnesota St Moorhead,Minot State,36,14,True,False,True,Northern Sun,Northern Sun,ii,ii,
6,regular,2022-10-08 17:00:00+00:00,Emory & Henry,UVA Wise,34,14,True,False,False,South Atlantic,South Atlantic,ii,ii,
6,regular,2022-10-08 17:00:00+00:00,Stetson,Marist,31,45,True,False,True,Pioneer,Pioneer,fcs,fcs,
6,regular,2022-10-08 17:00:00+00:00,Ithaca,Rochester (NY),56,10,True,False,True,Liberty League,Liberty League,iii,iii,
6,regular,2022-10-08 17:00:00+00:00,Beloit,Knox,25,34,True,False,True,Midwest,Midwest,iii,iii,
6,regular,2022-10-08 17:00:00+00:00,Husson,New England,31,14,True,False,True,Commonwealth Coast,Commonwealth Coast,iii,iii,
6,regular,2022-10-08 17:00:00+00:00,Hartwick,Alfred,6,21,True,False,True,Empire 8,Empire 8,iii,iii,
6,regular,2022-10-08 17:00:00+00:00,Alfred State,Keystone,42,33,True,False,True,ECFC,ECFC,iii,iii,
6,regular,2022-10-08 17:00:00+00:00,Johnson C. Smith,Shaw,22,18,True,False,True,CIAA,CIAA,ii,ii,
6,regular,2022-10-08 17:00:00+00:00,LaGrange,Maryville (TN),17,56,True,False,True,USA South,USA South,iii,iii,
6,regular,2022-10-08 17:30:00+00:00,Livingstone,Winston-Salem State,20,17,True,False,True,CIAA,CIAA,ii,ii,
6,regular,2022-10-08 17:30:00+00:00,Muskingum,Otterbein,41,35,True,False,True,Ohio,Ohio,iii,iii,
6,regular,2022-10-08 17:30:00+00:00,VMI,East Tennessee State,21,44,True,False,True,Southern,Southern,fcs,fcs,
6,regular,2022-10-08 17:30:00+00:00,Mount Union,Heidelberg,28,6,True,False,True,Ohio,Ohio,iii,iii,
6,regular,2022-10-08 17:30:00+00:00,John Carroll,Marietta,45,10,True,False,True,Ohio,Ohio,iii,iii,
6,regular,2022-10-08 17:30:00+00:00,Franklin,Anderson (IN),54,14,True,False,True,Heartland,Heartland,iii,iii,
6,regular,2022-10-08 17:30:00+00:00,Trinity (CT),Hamilton,45,0,True,False,True,NESCAC,NESCAC,iii,iii,
6,regular,2022-10-08 17:30:00+00:00,Tusculum,Carson Newman,34,6,True,False,True,South Atlantic,South Atlantic,ii,ii,
6,regular,2022-10-08 17:30:00+00:00,Mount St Joseph,Defiance College,55,35,True,False,True,Heartland,Heartland,iii,iii,
6,regular,2022-10-08 17:30:00+00:00,Hanover,Bluffton,63,21,True,False,True,Heartland,Heartland,iii,iii,
6,regular,2022-10-08 18:00:00+00:00,South Carolina State,Florida A&M,14,20,True,False,False,MEAC,SWAC,fcs,fcs,
6,regular,2022-10-08 18:00:00+00:00,Drake,San Diego,10,22,True,False,True,Pioneer,Pioneer,fcs,fcs,
6,regular,2022-10-08 18:00:00+00:00,Elon,Towson,27,10,True,False,True,CAA,CAA,fcs,fcs,
6,regular,2022-10-08 18:00:00+00:00,East Texas Baptist,Mary Hardin Baylor,7,24,True,False,True,American Southwest,American Southwest,iii,iii,
6,regular,2022-10-08 18:00:00+00:00,Georgetown,Pennsylvania,28,59,True,False,False,Patriot,Ivy,fcs,fcs,
6,regular,2022-10-08 18:00:00+00:00,Washington St. Louis,Illinois Wesleyan,59,14,True,False,True,CCIW,CCIW,iii,iii,
6,regular,2022-10-08 18:00:00+00:00,Wisconsin Stout,Wisconsin La Crosse,21,42,True,False,True,Wisconsin,Wisconsin,iii,iii,
6,regular,2022-10-08 18:00:00+00:00,Wayne State (NE),Minnesota State,41,33,True,False,True,Northern Sun,Northern Sun,ii,ii,
6,regular,2022-10-08 18:00:00+00:00,Sioux Falls,Southwest Minnesota State,35,14,True,False,True,Northern Sun,Northern Sun,ii,ii,
6,regular,2022-10-08 18:00:00+00:00,Wisconsin River Falls,Wisconsin Oshkosh,27,24,True,False,True,Wisconsin,Wisconsin,iii,iii,
6,regular,2022-10-08 18:00:00+00:00,Wisconsin Eau Claire,Wisconsin Whitewater,24,45,True,False,True,Wisconsin,Wisconsin,iii,iii,
6,regular,2022-10-08 18:00:00+00:00,Middlebury,Williams,30,7,True,False,True,NESCAC,NESCAC,iii,iii,
6,regular,2022-10-08 18:00:00+00:00,Martin Luther,Crown,20,26,True,False,True,Upper Midwest,Upper Midwest,iii,iii,
6,regular,2022-10-08 18:00:00+00:00,Gustavus Adolphus,St. Scholastica,77,7,True,False,True,Minnesota,Minnesota,iii,iii,
6,regular,2022-10-08 18:00:00+00:00,Bethel (MN),Hamline,49,14,True,False,True,Minnesota,Minnesota,iii,iii,
6,regular,2022-10-08 18:00:00+00:00,North Park,Carthage,14,33,True,False,True,CCIW,CCIW,iii,iii,
6,regular,2022-10-08 18:00:00+00:00,Wheaton (IL),Elmhurst,56,0,True,False,True,CCIW,CCIW,iii,iii,
6,regular,2022-10-08 18:00:00+00:00,Augsburg,Saint John's (MN),0,45,True,False,True,Minnesota,Minnesota,iii,iii,
6,regular,2022-10-08 18:00:00+00:00,Austin,Texas Lutheran,15,37,True,False,True,American Southwest,American Southwest,iii,iii,
6,regular,2022-10-08 18:00:00+00:00,Luther,Coe,10,56,True,False,True,American Rivers,American Rivers,iii,iii,
6,regular,2022-10-08 18:00:00+00:00,Guilford,Washington and Lee,6,31,True,False,True,Old Dominion,Old Dominion,iii,iii,
6,regular,2022-10-08 18:00:00+00:00,Bridgewater,Shenandoah,23,17,True,False,True,Old Dominion,Old Dominion,iii,iii,
6,regular,2022-10-08 18:00:00+00:00,Georgia State,Georgia Southern,41,33,True,False,True,Sun Belt,Sun Belt,fbs,fbs,
6,regular,2022-10-08 18:00:00+00:00,Edinboro,Gannon,17,35,True,False,True,Pennsylvania State Athletic,Pennsylvania State Athletic,ii,ii,
6,regular,2022-10-08 18:00:00+00:00,Colorado School of Mines,Colorado Mesa,48,21,True,False,True,Rocky Mountain,Rocky Mountain,ii,ii,
6,regular,2022-10-08 18:00:00+00:00,Benedict,Miles,20,3,True,False,True,SIAC,SIAC,ii,ii,
6,regular,2022-10-08 18:00:00+00:00,Findlay,Northwood,34,14,True,False,False,Great Midwest Athletic,Great Midwest Athletic,ii,ii,
6,regular,2022-10-08 18:00:00+00:00,Saginaw Valley State,Ferris State,28,33,True,False,True,GLIAC,GLIAC,ii,ii,
6,regular,2022-10-08 18:00:00+00:00,Fayetteville State,St. Augustine's,54,0,True,False,True,CIAA,CIAA,ii,ii,
6,regular,2022-10-08 18:00:00+00:00,The Citadel,Furman,10,21,True,False,True,Southern,Southern,fcs,fcs,
6,regular,2022-10-08 18:00:00+00:00,Hampton,Maine,24,31,True,False,True,CAA,CAA,fcs,fcs,
6,regular,2022-10-08 18:00:00+00:00,St. Thomas (MN),Davidson,27,16,True,False,True,Pioneer,Pioneer,fcs,fcs,
6,regular,2022-10-08 18:00:00+00:00,Concordia (WI),Eureka,23,20,True,False,True,NACC,NACC,iii,iii,
6,regular,2022-10-08 18:00:00+00:00,Fort Lewis,Chadron State,3,56,True,False,True,Rocky Mountain,Rocky Mountain,ii,ii,
6,regular,2022-10-08 18:00:00+00:00,Alabama A&M,Grambling,37,31,True,False,True,SWAC,SWAC,fcs,fcs,
6,regular,2022-10-08 18:00:00+00:00,Howard Payne,McMurry,30,18,True,False,True,American Southwest,American Southwest,iii,iii,
6,regular,2022-10-08 18:00:00+00:00,Chicago,Monmouth (IL),20,23,True,False,True,Midwest,Midwest,iii,iii,
6,regular,2022-10-08 18:00:00+00:00,Wisconsin Lutheran,St. Norbert,0,7,True,False,True,NACC,NACC,iii,iii,
6,regular,2022-10-08 18:00:00+00:00,Hardin Simmons,Sul Ross State,70,35,True,False,True,American Southwest,American Southwest,iii,iii,
6,regular,2022-10-08 18:00:00+00:00,Rose Hulman,Manchester,48,14,True,False,True,Heartland,Heartland,iii,iii,
6,regular,2022-10-08 18:00:00+00:00,Olivet,Kalamazoo,41,17,True,False,True,Michigan,Michigan,iii,iii,
6,regular,2022-10-08 18:00:00+00:00,Ripon,Grinnell,56,6,True,False,True,Midwest,Midwest,iii,iii,
6,regular,2022-10-08 18:00:00+00:00,Quincy,Kentucky Wesleyan,46,9,True,False,False,Great Lakes,Great Midwest Athletic,ii,ii,
6,regular,2022-10-08 18:00:00+00:00,Emporia State,Central Missouri,44,27,True,False,True,Mid America,Mid America,ii,ii,
6,regular,2022-10-08 18:00:00+00:00,Millsaps,Hendrix,34,28,True,False,True,Southern Athletic,Southern Athletic,iii,iii,
6,regular,2022-10-08 18:00:00+00:00,Brevard,Methodist,22,20,True,False,True,USA South,USA South,iii,iii,
6,regular,2022-10-08 18:00:00+00:00,Millikin,Augustana (IL),0,70,True,False,True,CCIW,CCIW,iii,iii,
6,regular,2022-10-08 18:00:00+00:00,Carleton,St. Olaf,26,7,True,False,True,Minnesota,Minnesota,iii,iii,
6,regular,2022-10-08 18:00:00+00:00,Trinity (TX),Birmingham-Southern,23,20,True,False,True,Southern Athletic,Southern Athletic,iii,iii,
6,regular,2022-10-08 18:00:00+00:00,Lakeland,Benedictine (IL),14,23,True,False,True,NACC,NACC,iii,iii,
6,regular,2022-10-08 18:00:00+00:00,Ohio Wesleyan,Denison,41,7,True,False,True,North Coast,North Coast,iii,iii,
6,regular,2022-10-08 18:00:00+00:00,West Chester,Shippensburg,13,20,True,False,True,Pennsylvania State Athletic,Pennsylvania State Athletic,ii,ii,
6,regular,2022-10-08 18:00:00+00:00,Southwest Baptist,William Jewell,44,21,True,False,True,Great Lakes,Great Lakes,ii,ii,
6,regular,2022-10-08 18:00:00+00:00,Ohio,Akron,55,34,True,False,True,Mid-American,Mid-American,fbs,fbs,
6,regular,2022-10-08 18:00:00+00:00,McKendree,Indianapolis,23,38,True,False,True,Great Lakes,Great Lakes,ii,ii,
6,regular,2022-10-08 18:00:00+00:00,Lawrence,Cornell (IA),7,27,True,False,True,Midwest,Midwest,iii,iii,
6,regular,2022-10-08 18:00:00+00:00,Concordia (MN),Macalester,36,7,True,False,False,Minnesota,Minnesota,iii,iii,
6,regular,2022-10-08 18:00:00+00:00,Carroll (WI),North Central College,0,73,True,False,False,Midwest,CCIW,iii,iii,
6,regular,2022-10-08 18:30:00+00:00,Cincinnati,South Florida,28,24,True,False,True,American Athletic,American Athletic,fbs,fbs,
6,regular,2022-10-08 19:00:00+00:00,Adams State,CSU Pueblo,20,52,True,False,True,Rocky Mountain,Rocky Mountain,ii,ii,
6,regular,2022-10-08 19:00:00+00:00,Truman State,Missouri S&T,36,14,True,False,True,Great Lakes,Great Lakes,ii,ii,
6,regular,2022-10-08 19:00:00+00:00,Murray State,UT Martin,16,45,True,False,True,OVC,OVC,fcs,fcs,
6,regular,2022-10-08 19:00:00+00:00,South Dakota State,South Dakota,28,3,True,False,True,MVFC,MVFC,fcs,fcs,
6,regular,2022-10-08 19:00:00+00:00,Missouri State,Southern Illinois,21,38,True,False,True,MVFC,MVFC,fcs,fcs,
6,regular,2022-10-08 19:00:00+00:00,Missouri Southern State,Lincoln (MO),37,14,True,False,True,Mid America,Mid America,ii,ii,
6,regular,2022-10-08 19:00:00+00:00,Mississippi College,Shorter,35,21,True,False,True,Gulf South,Gulf South,ii,ii,
6,regular,2022-10-08 19:00:00+00:00,Bemidji State,Concordia St. Paul,44,0,True,False,True,Northern Sun,Northern Sun,ii,ii,
6,regular,2022-10-08 19:00:00+00:00,Southeast Missouri State,Tennessee Tech,34,20,True,False,True,OVC,OVC,fcs,fcs,
6,regular,2022-10-08 19:00:00+00:00,Alabama State,Jackson State,12,26,True,False,True,SWAC,SWAC,fcs,fcs,
6,regular,2022-10-08 19:00:00+00:00,Savannah State,Virginia Lynchburg,28,14,True,False,False,SIAC,,ii,,
6,regular,2022-10-08 19:00:00+00:00,East Central,Henderson State,31,10,True,False,True,Great American,Great American,ii,ii,
6,regular,2022-10-08 19:00:00+00:00,Wisconsin Stevens Point,Wisconsin Platteville,3,31,True,False,True,Wisconsin,Wisconsin,iii,iii,
6,regular,2022-10-08 19:00:00+00:00,Pittsburg State,Northwest Missouri State,24,22,True,False,True,Mid America,Mid America,ii,ii,
6,regular,2022-10-08 19:00:00+00:00,Lane College,Kentucky State,26,31,True,False,True,SIAC,SIAC,ii,ii,
6,regular,2022-10-08 19:00:00+00:00,Lake Forest,Illinois College,40,7,True,False,True,Midwest,Midwest,iii,iii,
6,regular,2022-10-08 19:00:00+00:00,Eastern Illinois,Northwestern State,35,27,True,False,False,OVC,Southland,fcs,fcs,
6,regular,2022-10-08 19:00:00+00:00,New Mexico Highlands,Black Hills State,30,28,True,False,True,Rocky Mountain,Rocky Mountain,ii,ii,
6,regular,2022-10-08 19:00:00+00:00,Southeastern Oklahoma State,Southern Arkansas,35,32,True,False,True,Great American,Great American,ii,ii,
6,regular,2022-10-08 19:00:00+00:00,Western Colorado,South Dakota Mines,10,38,True,False,True,Rocky Mountain,Rocky Mountain,ii,ii,
6,regular,2022-10-08 19:00:00+00:00,Arkansas Monticello,Northwestern (OK),23,26,True,False,True,Great American,Great American,ii,ii,
6,regular,2022-10-08 19:00:00+00:00,Arkansas-Pine Bluff,Texas Southern,17,24,True,False,True,SWAC,SWAC,fcs,fcs,
6,regular,2022-10-08 19:00:00+00:00,Geneva,Allegheny,35,21,True,False,False,Presidents',Presidents',iii,iii,
6,regular,2022-10-08 19:00:00+00:00,Southern Nazarene,Harding,28,56,True,False,True,Great American,Great American,ii,ii,
6,regular,2022-10-08 19:15:00+00:00,Concordia Chicago,Rockford,37,13,True,False,True,NACC,NACC,iii,iii,
6,regular,2022-10-08 19:30:00+00:00,Navy,Tulsa,53,21,True,False,True,American Athletic,American Athletic,fbs,fbs,
6,regular,2022-10-08 19:30:00+00:00,Massachusetts,Liberty,24,42,True,False,True,FBS Independents,FBS Independents,fbs,fbs,
6,regular,2022-10-08 19:30:00+00:00,Northwestern,Wisconsin,7,42,True,False,True,Big Ten,Big Ten,fbs,fbs,
6,regular,2022-10-08 19:30:00+00:00,Oklahoma State,Texas Tech,41,31,True,False,True,Big 12,Big 12,fbs,fbs,
6,regular,2022-10-08 19:30:00+00:00,Northern Illinois,Toledo,32,52,True,False,True,Mid-American,Mid-American,fbs,fbs,
6,regular,2022-10-08 19:30:00+00:00,Miami (OH),Kent State,27,24,True,False,True,Mid-American,Mid-American,fbs,fbs,
6,regular,2022-10-08 19:30:00+00:00,Northern State,Winona State,42,21,True,False,True,Northern Sun,Northern Sun,ii,ii,
6,regular,2022-10-08 19:30:00+00:00,Ferrum,Hampden Sydney,16,35,True,False,True,Old Dominion,Old Dominion,iii,iii,
6,regular,2022-10-08 19:30:00+00:00,UCLA,Utah,42,32,True,False,True,Pac-12,Pac-12,fbs,fbs,
6,regular,2022-10-08 19:30:00+00:00,UAB,Middle Tennessee,41,14,True,False,True,Conference USA,Conference USA,fbs,fbs,
6,regular,2022-10-08 19:30:00+00:00,Tulane,East Carolina,24,9,True,False,True,American Athletic,American Athletic,fbs,fbs,
6,regular,2022-10-08 19:30:00+00:00,New Hampshire,Stony Brook,24,14,True,False,True,CAA,CAA,fcs,fcs,
6,regular,2022-10-08 19:30:00+00:00,Georgia,Auburn,42,10,True,False,True,SEC,SEC,fbs,fbs,
6,regular,2022-10-08 19:30:00+00:00,William & Mary,Delaware,27,21,True,False,True,CAA,CAA,fcs,fcs,
6,regular,2022-10-08 19:30:00+00:00,Pittsburgh,Virginia Tech,45,29,True,False,True,ACC,ACC,fbs,fbs,
6,regular,2022-10-08 19:30:00+00:00,Central Michigan,Ball State,16,17,True,False,True,Mid-American,Mid-American,fbs,fbs,
6,regular,2022-10-08 20:00:00+00:00,Averett,Randolph Macon,7,55,True,False,False,Old Dominion,Old Dominion,iii,iii,
6,regular,2022-10-08 20:00:00+00:00,Georgia Tech,Duke,23,20,True,False,True,ACC,ACC,fbs,fbs,
6,regular,2022-10-08 20:00:00+00:00,Virginia State,Bowie State,14,41,True,False,True,CIAA,CIAA,ii,ii,
6,regular,2022-10-08 20:00:00+00:00,Northern Arizona,Cal Poly,31,29,True,False,True,Big Sky,Big Sky,fcs,fcs,
6,regular,2022-10-08 20:00:00+00:00,Campbell,Charleston Southern,34,28,True,False,True,Big South,Big South,fcs,fcs,
6,regular,2022-10-08 20:00:00+00:00,Seton Hill,Clarion,13,40,True,False,True,Pennsylvania State Athletic,Pennsylvania State Athletic,ii,ii,
6,regular,2022-10-08 20:00:00+00:00,Mercer,Western Carolina,49,6,True,False,True,Southern,Southern,fcs,fcs,
6,regular,2022-10-08 20:00:00+00:00,Miami,North Carolina,24,27,True,False,True,ACC,ACC,fbs,fbs,
6,regular,2022-10-08 20:00:00+00:00,Michigan State,Ohio State,20,49,True,False,True,Big Ten,Big Ten,fbs,fbs,
6,regular,2022-10-08 20:00:00+00:00,Newberry,Barton,42,21,True,False,False,South Atlantic,South Atlantic,ii,ii,
6,regular,2022-10-08 20:00:00+00:00,Upper Iowa,Augustana (SD),14,31,True,False,True,Northern Sun,Northern Sun,ii,ii,
6,regular,2022-10-08 20:00:00+00:00,Pacific Lutheran,Lewis & Clark,47,21,True,False,True,Northwest,Northwest,iii,iii,
6,regular,2022-10-08 20:00:00+00:00,Montana State,Idaho State,37,6,True,False,True,Big Sky,Big Sky,fcs,fcs,
6,regular,2022-10-08 20:00:00+00:00,Willamette,George Fox,10,27,True,False,True,Northwest,Northwest,iii,iii,
6,regular,2022-10-08 20:00:00+00:00,Claremont Mudd Scripps,Chapman,28,6,True,False,True,So. Cal.,So. Cal.,iii,iii,
6,regular,2022-10-08 20:00:00+00:00,Puget Sound,Pacific (OR),21,42,True,False,True,Northwest,Northwest,iii,iii,
6,regular,2022-10-08 20:00:00+00:00,Holy Cross,Bucknell,57,0,True,False,True,Patriot,Patriot,fcs,fcs,
6,regular,2022-10-08 20:00:00+00:00,Vanderbilt,Ole Miss,28,52,True,False,True,SEC,SEC,fbs,fbs,
6,regular,2022-10-08 20:00:00+00:00,Erskine,Mars Hill,13,33,True,False,False,South Atlantic,South Atlantic,ii,ii,
6,regular,2022-10-08 20:00:00+00:00,Arizona State,Washington,45,38,True,False,True,Pac-12,Pac-12,fbs,fbs,
6,regular,2022-10-08 20:00:00+00:00,Hillsdale,Tiffin,0,41,True,False,True,Great Midwest Athletic,Great Midwest Athletic,ii,ii,
6,regular,2022-10-08 21:00:00+00:00,SE Louisiana,East Texas A&M,28,31,True,False,True,Southland,Southland,fcs,fcs,
6,regular,2022-10-08 21:00:00+00:00,Dubuque,Simpson (IA),66,14,True,False,True,American Rivers,American Rivers,iii,iii,
6,regular,2022-10-08 21:00:00+00:00,Portland State,Lincoln (CA),48,6,True,False,False,Big Sky,,fcs,,
6,regular,2022-10-08 21:00:00+00:00,Central Arkansas,Lindenwood,49,52,True,False,False,Atlantic Sun,OVC,fcs,fcs,
6,regular,2022-10-08 21:00:00+00:00,Incarnate Word,Lamar,56,17,True,False,True,Southland,Southland,fcs,fcs,
6,regular,2022-10-08 21:00:00+00:00,Adrian,Trine,21,27,True,False,True,Michigan,Michigan,iii,iii,
6,regular,2022-10-08 21:00:00+00:00,Prairie View A&M,Southern,13,45,True,False,True,SWAC,SWAC,fcs,fcs,
6,regular,2022-10-08 21:00:00+00:00,Northern Iowa,Illinois State,21,23,True,False,True,MVFC,MVFC,fcs,fcs,
6,regular,2022-10-08 21:00:00+00:00,Missouri Western,Nebraska Kearney,18,39,True,False,True,Mid America,Mid America,ii,ii,
6,regular,2022-10-08 22:00:00+00:00,West Georgia,West Florida,28,42,True,False,True,Gulf South,Gulf South,ii,ii,
6,regular,2022-10-08 22:00:00+00:00,Wingate,Catawba,28,0,True,False,True,South Atlantic,South Atlantic,ii,ii,
6,regular,2022-10-08 22:00:00+00:00,UFTL,Bluefield State,0,0,True,True,False,,Independent DII,,ii,
6,regular,2022-10-08 22:00:00+00:00,Montclair State,Kean,22,23,True,False,True,New Jersey,New Jersey,iii,iii,
6,regular,2022-10-08 22:00:00+00:00,Youngstown State,North Dakota,30,35,True,False,True,MVFC,MVFC,fcs,fcs,
6,regular,2022-10-08 22:00:00+00:00,Tennessee State,Bethune-Cookman,41,17,True,False,False,OVC,SWAC,fcs,fcs,
6,regular,2022-10-08 22:00:00+00:00,Kennesaw State,North Alabama,40,34,True,False,False,Atlantic Sun,Atlantic Sun,fcs,fcs,
6,regular,2022-10-08 22:00:00+00:00,UTSA,Western Kentucky,31,28,True,False,True,Conference USA,Conference USA,fbs,fbs,
6,regular,2022-10-08 22:00:00+00:00,Slippery Rock,Mercyhurst,31,17,True,False,True,Pennsylvania State Athletic,Pennsylvania State Athletic,ii,ii,
6,regular,2022-10-08 22:00:00+00:00,Edward Waters,Albany State,7,55,True,False,True,SIAC,SIAC,ii,ii,
6,regular,2022-10-08 22:00:00+00:00,Allen,Clark Atlanta,41,42,True,False,True,SIAC,SIAC,ii,ii,
6,regular,2022-10-08 22:30:00+00:00,Tufts,Bowdoin,31,13,True,False,True,NESCAC,NESCAC,iii,iii,
6,regular,2022-10-08 23:00:00+00:00,Berry,Rhodes,34,0,True,False,True,Southern Athletic,Southern Athletic,iii,iii,
6,regular,2022-10-08 23:00:00+00:00,Utah State,Air Force,34,27,True,False,True,Mountain West,Mountain West,fbs,fbs,
6,regular,2022-10-08 23:00:00+00:00,Louisiana Tech,UTEP,41,31,True,False,True,Conference USA,Conference USA,fbs,fbs,
6,regular,2022-10-08 23:00:00+00:00,UT Permian Basin,Simon Fraser,31,24,True,False,False,Lone Star,Lone Star,ii,ii,
6,regular,2022-10-08 23:00:00+00:00,Oklahoma Baptist,Arkansas Tech,13,34,True,False,True,Great American,Great American,ii,ii,
6,regular,2022-10-08 23:00:00+00:00,Houston Christian,Nicholls,17,19,True,False,True,Southland,Southland,fcs,fcs,
6,regular,2022-10-08 23:00:00+00:00,Stephen F. Austin,Abilene Christian,41,38,True,False,True,Western Athletic,Western Athletic,fcs,fcs,
6,regular,2022-10-08 23:00:00+00:00,Arkansas State,James Madison,20,42,True,False,True,Sun Belt,Sun Belt,fbs,fbs,
6,regular,2022-10-08 23:00:00+00:00,Texas State,App State,36,24,True,False,True,Sun Belt,Sun Belt,fbs,fbs,
6,regular,2022-10-08 23:00:00+00:00,New Mexico,Wyoming,14,27,True,False,True,Mountain West,Mountain West,fbs,fbs,
6,regular,2022-10-08 23:00:00+00:00,Angelo State,Eastern New Mexico,28,9,True,False,True,Lone Star,Lone Star,ii,ii,
6,regular,2022-10-08 23:00:00+00:00,Valdosta State,West Alabama,31,34,True,False,True,Gulf South,Gulf South,ii,ii,
6,regular,2022-10-08 23:00:00+00:00,Mississippi Valley State,Alcorn State,7,30,True,False,True,SWAC,SWAC,fcs,fcs,
6,regular,2022-10-08 23:00:00+00:00,Florida International,UConn,12,33,True,False,False,Conference USA,FBS Independents,fbs,fbs,
6,regular,2022-10-08 23:00:00+00:00,Troy,Southern Miss,27,10,True,False,True,Sun Belt,Sun Belt,fbs,fbs,
6,regular,2022-10-08 23:30:00+00:00,Notre Dame,BYU,28,20,True,True,True,FBS Independents,FBS Independents,fbs,fbs,
6,regular,2022-10-08 23:30:00+00:00,Kentucky,South Carolina,14,24,True,False,True,SEC,SEC,fbs,fbs,
6,regular,2022-10-08 23:30:00+00:00,Wake Forest,Army,45,10,True,False,False,ACC,FBS Independents,fbs,fbs,
6,regular,2022-10-08 23:30:00+00:00,Boston College,Clemson,3,31,True,False,True,ACC,ACC,fbs,fbs,
6,regular,2022-10-08 23:30:00+00:00,Illinois,Iowa,9,6,True,False,True,Big Ten,Big Ten,fbs,fbs,
6,regular,2022-10-08 23:30:00+00:00,Iowa State,Kansas State,9,10,True,False,True,Big 12,Big 12,fbs,fbs,
6,regular,2022-10-08 23:30:00+00:00,USC,Washington State,30,14,True,False,True,Pac-12,Pac-12,fbs,fbs,
6,regular,2022-10-09 00:00:00+00:00,UL Monroe,Coastal Carolina,21,28,True,False,True,Sun Belt,Sun Belt,fbs,fbs,
6,regular,2022-10-09 00:00:00+00:00,Weber State,Eastern Washington,45,21,True,False,True,Big Sky,Big Sky,fcs,fcs,
6,regular,2022-10-09 00:00:00+00:00,Fort Hays,Washburn,14,45,True,False,True,Mid America,Mid America,ii,ii,
6,regular,2022-10-09 00:00:00+00:00,NC State,Florida State,19,17,True,False,True,ACC,ACC,fbs,fbs,
6,regular,2022-10-09 00:00:00+00:00,Morehouse,Tuskegee,14,31,True,True,True,SIAC,SIAC,ii,ii,
6,regular,2022-10-09 00:00:00+00:00,Alabama,Texas A&M,24,20,True,False,True,SEC,SEC,fbs,fbs,
6,regular,2022-10-09 00:00:00+00:00,Midwestern State,West Texas,26,38,True,False,True,Lone Star,Lone Star,ii,ii,
6,regular,2022-10-09 00:00:00+00:00,Texas A&M-Kingsville,Western New Mexico,21,17,True,False,True,Lone Star,Lone Star,ii,ii,
6,regular,2022-10-09 00:00:00+00:00,Southern Utah,Tarleton State,40,42,True,False,True,Western Athletic,Western Athletic,fcs,fcs,
6,regular,2022-10-09 01:00:00+00:00,Arizona,Oregon,22,49,True,False,True,Pac-12,Pac-12,fbs,fbs,
6,regular,2022-10-09 01:00:00+00:00,Central Washington,Western Oregon,14,16,True,False,True,Lone Star,Lone Star,ii,ii,
6,regular,2022-10-09 01:00:00+00:00,Sacramento State,Northern Colorado,55,7,True,False,True,Big Sky,Big Sky,fcs,fcs,
6,regular,2022-10-09 01:45:00+00:00,Boise State,Fresno State,40,20,True,False,True,Mountain West,Mountain West,fbs,fbs,
6,regular,2022-10-09 02:00:00+00:00,Cal Lutheran,Redlands,14,35,True,False,True,So. Cal.,So. Cal.,iii,iii,
6,regular,2022-10-09 02:00:00+00:00,Pomona Pitzer,La Verne,56,7,True,False,True,So. Cal.,So. Cal.,iii,iii,
6,regular,2022-10-09 02:30:00+00:00,San Diego State,Hawai'i,16,14,True,False,True,Mountain West,Mountain West,fbs,fbs,
6,regular,2022-10-09 03:00:00+00:00,Stanford,Oregon State,27,28,True,False,True,Pac-12,Pac-12,fbs,fbs,
6,regular,2022-10-09 16:00:00+00:00,Assumption,Franklin Pierce,28,14,True,False,True,Northeast 10,Northeast 10,ii,ii,
7,regular,2022-10-12 23:30:00+00:00,Marshall,Louisiana,13,23,True,False,True,Sun Belt,Sun Belt,fbs,fbs,
7,regular,2022-10-13 22:00:00+00:00,UNC Pembroke,West Virginia State,45,24,True,False,True,Mountain East,Mountain East,ii,ii,
7,regular,2022-10-13 23:00:00+00:00,UCF,Temple,70,13,True,False,True,American Athletic,American Athletic,fbs,fbs,
7,regular,2022-10-13 23:00:00+00:00,Fairmont State,West Liberty,24,27,True,False,True,Mountain East,Mountain East,ii,ii,
7,regular,2022-10-13 23:00:00+00:00,West Virginia,Baylor,43,40,True,False,True,Big 12,Big 12,fbs,fbs,
7,regular,2022-10-13 23:30:00+00:00,North Carolina Central,Morgan State,59,20,True,False,True,MEAC,MEAC,fcs,fcs,
7,regular,2022-10-14 22:00:00+00:00,Dickinson,Moravian,26,7,True,False,True,Centennial,Centennial,iii,iii,
7,regular,2022-10-14 23:00:00+00:00,Johns Hopkins,Muhlenberg,34,27,True,False,True,Centennial,Centennial,iii,iii,
7,regular,2022-10-14 23:00:00+00:00,Ursinus,McDaniel,56,17,True,False,True,Centennial,Centennial,iii,iii,
7,regular,2022-10-14 23:00:00+00:00,Princeton,Brown,35,19,True,False,True,Ivy,Ivy,fcs,fcs,
7,regular,2022-10-14 23:00:00+00:00,Hilbert,Lincoln (CA),0,70,True,True,False,North Coast,,iii,,
7,regular,2022-10-14 23:30:00+00:00,SMU,Navy,40,34,True,False,True,American Athletic,American Athletic,fbs,fbs,
7,regular,2022-10-15 00:00:00+00:00,Florida International,UTSA,10,30,True,False,True,Conference USA,Conference USA,fbs,fbs,
7,regular,2022-10-15 00:00:00+00:00,Wisconsin Whitewater,Wisconsin Oshkosh,24,3,True,False,True,Wisconsin,Wisconsin,iii,iii,
7,regular,2022-10-15 16:00:00+00:00,Lycoming,Stevenson,10,24,True,False,True,Mid Atlantic,Mid Atlantic,iii,iii,
7,regular,2022-10-15 16:00:00+00:00,Oklahoma,Kansas,52,42,True,False,True,Big 12,Big 12,fbs,fbs,
7,regular,2022-10-15 16:00:00+00:00,Shorter,West Florida,26,50,True,False,False,Gulf South,Gulf South,ii,ii,
7,regular,2022-10-15 16:00:00+00:00,Akron,Central Michigan,21,28,True,False,True,Mid-American,Mid-American,fbs,fbs,
7,regular,2022-10-15 16:00:00+00:00,Coastal Carolina,Old Dominion,21,49,True,False,True,Sun Belt,Sun Belt,fbs,fbs,
7,regular,2022-10-15 16:00:00+00:00,UVA Wise,Tusculum,9,10,True,False,True,South Atlantic,South Atlantic,ii,ii,
7,regular,2022-10-15 16:00:00+00:00,Salve Regina,Western New England,28,25,True,False,True,Commonwealth Coast,Commonwealth Coast,iii,iii,
7,regular,2022-10-15 16:00:00+00:00,Illinois,Minnesota,26,14,True,False,True,Big Ten,Big Ten,fbs,fbs,
7,regular,2022-10-15 16:00:00+00:00,Springfield,Norwich,69,20,True,False,True,NEWMAC,NEWMAC,iii,iii,
7,regular,2022-10-15 16:00:00+00:00,Bowling Green,Miami (OH),17,13,True,False,True,Mid-American,Mid-American,fbs,fbs,
7,regular,2022-10-15 16:00:00+00:00,Fitchburg State,Plymouth State,7,42,True,False,True,MSCAC,MSCAC,iii,iii,
7,regular,2022-10-15 16:00:00+00:00,Anna Maria College,Keystone,39,41,True,False,True,ECFC,ECFC,iii,iii,
7,regular,2022-10-15 16:00:00+00:00,The College of New Jersey,Montclair State,18,15,True,False,True,New Jersey,New Jersey,iii,iii,
7,regular,2022-10-15 16:00:00+00:00,MIT,Merchant Marine,0,17,True,False,True,NEWMAC,NEWMAC,iii,iii,
7,regular,2022-10-15 16:00:00+00:00,Kean,Christopher Newport,13,24,True,False,True,New Jersey,New Jersey,iii,iii,
7,regular,2022-10-15 16:00:00+00:00,Michigan,Penn State,41,17,True,False,True,Big Ten,Big Ten,fbs,fbs,
7,regular,2022-10-15 16:00:00+00:00,Texas,Iowa State,24,21,True,False,True,Big 12,Big 12,fbs,fbs,
7,regular,2022-10-15 16:00:00+00:00,Wilkes,Misericordia,28,0,True,False,True,Mid Atlantic,Mid Atlantic,iii,iii,
7,regular,2022-10-15 16:00:00+00:00,Bowie State,Virginia Union,14,41,True,False,True,CIAA,CIAA,ii,ii,
7,regular,2022-10-15 16:00:00+00:00,Dean,Gallaudet,23,26,True,False,True,ECFC,ECFC,iii,iii,
7,regular,2022-10-15 16:00:00+00:00,Ole Miss,Auburn,48,34,True,False,True,SEC,SEC,fbs,fbs,
7,regular,2022-10-15 16:00:00+00:00,Kenyon,Wooster,41,42,True,False,True,North Coast,North Coast,iii,iii,
7,regular,2022-10-15 16:00:00+00:00,North Carolina Wesleyan,Methodist,33,34,True,False,True,USA South,USA South,iii,iii,
7,regular,2022-10-15 16:00:00+00:00,Greensboro,Belhaven,7,59,True,False,False,USA South,USA South,iii,iii,
7,regular,2022-10-15 16:00:00+00:00,Limestone,Wingate,21,28,True,False,True,South Atlantic,South Atlantic,ii,ii,
7,regular,2022-10-15 16:00:00+00:00,Davenport,Wayne State (MI),47,43,True,False,True,GLIAC,GLIAC,ii,ii,
7,regular,2022-10-15 16:00:00+00:00,Yale,Bucknell,29,9,True,False,False,Ivy,Patriot,fcs,fcs,
7,regular,2022-10-15 16:00:00+00:00,Edinboro,IU Pennsylvania,0,41,True,False,True,Pennsylvania State Athletic,Pennsylvania State Athletic,ii,ii,
7,regular,2022-10-15 16:00:00+00:00,Marist,Dayton,7,24,True,False,True,Pioneer,Pioneer,fcs,fcs,
7,regular,2022-10-15 16:00:00+00:00,Gettysburg,Susquehanna,7,41,True,False,True,Centennial,Centennial,iii,iii,
7,regular,2022-10-15 16:00:00+00:00,Rochester (NY),Buffalo State,12,6,True,False,True,Liberty League,Liberty League,iii,iii,
7,regular,2022-10-15 16:00:00+00:00,Rensselaer,Hobart,16,13,True,False,True,Liberty League,Liberty League,iii,iii,
7,regular,2022-10-15 16:00:00+00:00,Shepherd,Millersville,55,17,True,False,True,Pennsylvania State Athletic,Pennsylvania State Athletic,ii,ii,
7,regular,2022-10-15 16:00:00+00:00,Albright,King's,21,27,True,False,True,Mid Atlantic,Mid Atlantic,iii,iii,
7,regular,2022-10-15 16:00:00+00:00,Vermont State Castleton,SUNY Maritime,36,33,True,False,True,ECFC,ECFC,iii,iii,
7,regular,2022-10-15 16:00:00+00:00,Walsh,Lake Erie,15,22,True,False,True,Great Midwest Athletic,Great Midwest Athletic,ii,ii,
7,regular,2022-10-15 16:00:00+00:00,Army,Colgate,42,17,True,False,False,FBS Independents,Patriot,fbs,fcs,
7,regular,2022-10-15 16:30:00+00:00,Virginia Tech,Miami,14,20,True,False,True,ACC,ACC,fbs,fbs,
7,regular,2022-10-15 16:30:00+00:00,Wisconsin Eau Claire,Wisconsin La Crosse,21,51,True,False,True,Wisconsin,Wisconsin,iii,iii,
7,regular,2022-10-15 17:00:00+00:00,Curry,Husson,26,38,True,False,True,Commonwealth Coast,Commonwealth Coast,iii,iii,
7,regular,2022-10-15 17:00:00+00:00,Wabash,Ohio Wesleyan,41,24,True,False,True,North Coast,North Coast,iii,iii,
7,regular,2022-10-15 17:00:00+00:00,Concord,Charleston (WV),68,60,True,False,True,Mountain East,Mountain East,ii,ii,
7,regular,2022-10-15 17:00:00+00:00,Randolph Macon,Bridgewater,44,7,True,False,True,Old Dominion,Old Dominion,iii,iii,
7,regular,2022-10-15 17:00:00+00:00,Lock Haven,Bloomsburg,9,17,True,False,True,Pennsylvania State Athletic,Pennsylvania State Athletic,ii,ii,
7,regular,2022-10-15 17:00:00+00:00,Westminster (PA),Thiel,41,6,True,False,True,Presidents',Presidents',iii,iii,
7,regular,2022-10-15 17:00:00+00:00,Nichols,New England,12,31,True,False,True,Commonwealth Coast,Commonwealth Coast,iii,iii,
7,regular,2022-10-15 17:00:00+00:00,Ferris State,Grand Valley State,21,22,True,False,True,GLIAC,GLIAC,ii,ii,
7,regular,2022-10-15 17:00:00+00:00,North Greenville,West Georgia,35,38,True,False,True,Gulf South,Gulf South,ii,ii,
7,regular,2022-10-15 17:00:00+00:00,Minnesota Duluth,Concordia St. Paul,53,7,True,False,True,Northern Sun,Northern Sun,ii,ii,
7,regular,2022-10-15 17:00:00+00:00,SUNY Cortland,Hartwick,69,7,True,False,True,Empire 8,Empire 8,iii,iii,
7,regular,2022-10-15 17:00:00+00:00,Lebanon Valley,Delaware Valley,10,34,True,False,True,Mid Atlantic,Mid Atlantic,iii,iii,
7,regular,2022-10-15 17:00:00+00:00,Long Island University,Saint Francis,7,57,True,False,True,NEC,NEC,fcs,fcs,
7,regular,2022-10-15 17:00:00+00:00,Pennsylvania,Columbia,34,14,True,False,True,Ivy,Ivy,fcs,fcs,
7,regular,2022-10-15 17:00:00+00:00,Kennesaw State,Central Arkansas,24,51,True,False,True,Atlantic Sun,Atlantic Sun,fcs,fcs,
7,regular,2022-10-15 17:00:00+00:00,Slippery Rock,Gannon,40,14,True,False,True,Pennsylvania State Athletic,Pennsylvania State Athletic,ii,ii,
7,regular,2022-10-15 17:00:00+00:00,Wheeling,Frostburg State,31,27,True,False,True,Mountain East,Mountain East,ii,ii,
7,regular,2022-10-15 17:00:00+00:00,Monmouth (IL),Beloit,64,0,True,False,True,Midwest,Midwest,iii,iii,
7,regular,2022-10-15 17:00:00+00:00,Sacred Heart,Stonehill,40,27,True,False,True,NEC,NEC,fcs,fcs,
7,regular,2022-10-15 17:00:00+00:00,Assumption,Bentley,3,10,True,False,True,Northeast 10,Northeast 10,ii,ii,
7,regular,2022-10-15 17:00:00+00:00,Pace,American International,45,34,True,False,True,Northeast 10,Northeast 10,ii,ii,
7,regular,2022-10-15 17:00:00+00:00,West Virginia Wesleyan,Notre Dame College,9,41,True,False,True,Mountain East,Mountain East,ii,ii,
7,regular,2022-10-15 17:00:00+00:00,Shippensburg,Kutztown,10,29,True,False,True,Pennsylvania State Athletic,Pennsylvania State Athletic,ii,ii,
7,regular,2022-10-15 17:00:00+00:00,Chowan,Virginia State,43,40,True,False,True,CIAA,CIAA,ii,ii,
7,regular,2022-10-15 17:00:00+00:00,St. Augustine's,Johnson C. Smith,28,25,True,False,True,CIAA,CIAA,ii,ii,
7,regular,2022-10-15 17:00:00+00:00,Minnesota St Moorhead,Bemidji State,7,46,True,False,True,Northern Sun,Northern Sun,ii,ii,
7,regular,2022-10-15 17:00:00+00:00,Michigan Tech,Northern Michigan,21,7,True,False,True,GLIAC,GLIAC,ii,ii,
7,regular,2022-10-15 17:00:00+00:00,Washington & Jefferson,Carnegie Mellon,7,12,True,False,True,Presidents',Presidents',iii,iii,
7,regular,2022-10-15 17:00:00+00:00,Southern Virginia,Maryville (TN),7,45,True,False,True,USA South,USA South,iii,iii,
7,regular,2022-10-15 17:00:00+00:00,Alma,Hope,28,26,True,False,True,Michigan,Michigan,iii,iii,
7,regular,2022-10-15 17:00:00+00:00,Juniata,Franklin & Marshall,13,38,True,False,True,Centennial,Centennial,iii,iii,
7,regular,2022-10-15 17:00:00+00:00,Rhodes,Trinity (TX),0,45,True,False,True,Southern Athletic,Southern Athletic,iii,iii,
7,regular,2022-10-15 17:00:00+00:00,Hampden Sydney,Averett,37,26,True,False,False,Old Dominion,Old Dominion,iii,iii,
7,regular,2022-10-15 17:00:00+00:00,New Haven,Post,67,20,True,False,False,Northeast 10,Independent DII,ii,ii,
7,regular,2022-10-15 17:00:00+00:00,Middlebury,Trinity (CT),21,27,True,False,True,NESCAC,NESCAC,iii,iii,
7,regular,2022-10-15 17:00:00+00:00,Cornell,Lehigh,19,15,True,False,False,Ivy,Patriot,fcs,fcs,
7,regular,2022-10-15 17:00:00+00:00,William Paterson,Rowan,9,14,True,False,True,New Jersey,New Jersey,iii,iii,
7,regular,2022-10-15 17:00:00+00:00,Merrimack,Wagner,54,17,True,False,True,NEC,NEC,fcs,fcs,
7,regular,2022-10-15 17:00:00+00:00,Crown,Minnesota Morris,27,0,True,False,True,Upper Midwest,Upper Midwest,iii,iii,
7,regular,2022-10-15 17:00:00+00:00,Rhode Island,Elon,17,10,True,False,True,CAA,CAA,fcs,fcs,
7,regular,2022-10-15 17:00:00+00:00,Shenandoah,Guilford,38,35,True,False,True,Old Dominion,Old Dominion,iii,iii,
7,regular,2022-10-15 17:00:00+00:00,Davidson,Morehead State,28,26,True,False,True,Pioneer,Pioneer,fcs,fcs,
7,regular,2022-10-15 17:00:00+00:00,Maine,Monmouth,38,28,True,False,True,CAA,CAA,fcs,fcs,
7,regular,2022-10-15 17:00:00+00:00,Campbell,Robert Morris,41,10,True,False,True,Big South,Big South,fcs,fcs,
7,regular,2022-10-15 17:00:00+00:00,North Carolina A&T,Edward Waters,45,7,True,False,False,Big South,SIAC,fcs,ii,
7,regular,2022-10-15 17:00:00+00:00,Alfred,St. John Fisher,7,21,True,False,True,Empire 8,Empire 8,iii,iii,
7,regular,2022-10-15 17:00:00+00:00,Ithaca,St. Lawrence,40,0,True,False,True,Liberty League,Liberty League,iii,iii,
7,regular,2022-10-15 17:00:00+00:00,Saint Vincent,Geneva,41,25,True,False,True,Presidents',Presidents',iii,iii,
7,regular,2022-10-15 17:00:00+00:00,Bethany (WV),Waynesburg,17,34,True,False,True,Presidents',Presidents',iii,iii,
7,regular,2022-10-15 17:00:00+00:00,Widener,Alvernia,16,19,True,False,True,Mid Atlantic,Mid Atlantic,iii,iii,
7,regular,2022-10-15 17:00:00+00:00,Northwood,Hillsdale,7,41,True,False,False,Great Midwest Athletic,Great Midwest Athletic,ii,ii,
7,regular,2022-10-15 17:00:00+00:00,Centre,Berry,30,31,True,False,True,Southern Athletic,Southern Athletic,iii,iii,
7,regular,2022-10-15 17:00:00+00:00,Elizabeth City State,Lincoln (PA),21,19,True,False,True,CIAA,CIAA,ii,ii,
7,regular,2022-10-15 17:00:00+00:00,Colby,Amherst,17,12,True,False,True,NESCAC,NESCAC,iii,iii,
7,regular,2022-10-15 17:00:00+00:00,Martin Luther,Finlandia University,34,0,True,False,True,Upper Midwest,Upper Midwest,iii,iii,
7,regular,2022-10-15 17:00:00+00:00,Olivet,Trine,37,39,True,False,True,Michigan,Michigan,iii,iii,
7,regular,2022-10-15 17:00:00+00:00,Massachusetts,Buffalo,7,34,True,False,False,FBS Independents,Mid-American,fbs,fbs,
7,regular,2022-10-15 17:30:00+00:00,Anderson (IN),Mount St Joseph,3,59,True,False,True,Heartland,Heartland,iii,iii,
7,regular,2022-10-15 17:30:00+00:00,South Carolina State,Virginia Lynchburg,36,0,True,False,False,MEAC,,fcs,,
7,regular,2022-10-15 17:30:00+00:00,Ohio Northern,John Carroll,7,24,True,False,True,Ohio,Ohio,iii,iii,
7,regular,2022-10-15 17:30:00+00:00,Bluffton,Rose Hulman,20,48,True,False,True,Heartland,Heartland,iii,iii,
7,regular,2022-10-15 17:30:00+00:00,Wofford,The Citadel,31,16,True,False,True,Southern,Southern,fcs,fcs,
7,regular,2022-10-15 17:30:00+00:00,Manchester,Hanover,20,51,True,False,True,Heartland,Heartland,iii,iii,
7,regular,2022-10-15 17:30:00+00:00,Franklin,Defiance College,48,19,True,False,True,Heartland,Heartland,iii,iii,
7,regular,2022-10-15 17:30:00+00:00,Marietta,Wilmington (OH),34,0,True,False,True,Ohio,Ohio,iii,iii,
7,regular,2022-10-15 17:30:00+00:00,Baldwin Wallace,Muskingum,35,21,True,False,True,Ohio,Ohio,iii,iii,
7,regular,2022-10-15 17:30:00+00:00,Coast Guard,Catholic,17,24,True,False,True,NEWMAC,NEWMAC,iii,iii,
7,regular,2022-10-15 17:30:00+00:00,Livingstone,Fayetteville State,7,44,True,False,True,CIAA,CIAA,ii,ii,
7,regular,2022-10-15 17:30:00+00:00,Capital,Mount Union,14,49,True,False,True,Ohio,Ohio,iii,iii,
7,regular,2022-10-15 17:30:00+00:00,Chattanooga,VMI,41,13,True,False,True,Southern,Southern,fcs,fcs,
7,regular,2022-10-15 17:30:00+00:00,Dartmouth,New Hampshire,0,14,True,False,False,Ivy,CAA,fcs,fcs,
7,regular,2022-10-15 17:30:00+00:00,Williams,Hamilton,13,15,True,False,True,NESCAC,NESCAC,iii,iii,
7,regular,2022-10-15 17:30:00+00:00,Glenville State,Alderson-Broaddus,31,12,True,False,True,Mountain East,Mountain East,ii,ii,
7,regular,2022-10-15 17:30:00+00:00,Winston-Salem State,Shaw,17,10,True,False,True,CIAA,CIAA,ii,ii,
7,regular,2022-10-15 18:00:00+00:00,Knox,Grinnell,28,7,True,False,True,Midwest,Midwest,iii,iii,
7,regular,2022-10-15 18:00:00+00:00,Hamline,Gustavus Adolphus,7,44,True,False,True,Minnesota,Minnesota,iii,iii,
7,regular,2022-10-15 18:00:00+00:00,Coe,Dubuque,14,15,True,False,True,American Rivers,American Rivers,iii,iii,
7,regular,2022-10-15 18:00:00+00:00,Albany State,Benedict,20,24,True,False,True,SIAC,SIAC,ii,ii,
7,regular,2022-10-15 18:00:00+00:00,Wisconsin Stevens Point,Wisconsin Stout,0,55,True,False,True,Wisconsin,Wisconsin,iii,iii,
7,regular,2022-10-15 18:00:00+00:00,Buena Vista,Central College,27,52,True,False,True,American Rivers,American Rivers,iii,iii,
7,regular,2022-10-15 18:00:00+00:00,Huntingdon,Brevard,38,14,True,False,True,USA South,USA South,iii,iii,
7,regular,2022-10-15 18:00:00+00:00,Ball State,UConn,25,21,True,False,False,Mid-American,FBS Independents,fbs,fbs,
7,regular,2022-10-15 18:00:00+00:00,Furman,Western Carolina,47,40,True,False,True,Southern,Southern,fcs,fcs,
7,regular,2022-10-15 18:00:00+00:00,Valparaiso,Butler,25,26,True,False,True,Pioneer,Pioneer,fcs,fcs,
7,regular,2022-10-15 18:00:00+00:00,Wisconsin Platteville,Wisconsin River Falls,21,14,True,False,True,Wisconsin,Wisconsin,iii,iii,
7,regular,2022-10-15 18:00:00+00:00,Saginaw Valley State,Indianapolis,38,14,True,False,False,GLIAC,Great Lakes,ii,ii,
7,regular,2022-10-15 18:00:00+00:00,Southern Connecticut State,Franklin Pierce,37,20,True,False,True,Northeast 10,Northeast 10,ii,ii,
7,regular,2022-10-15 18:00:00+00:00,Carthage,Wheaton (IL),24,59,True,False,True,CCIW,CCIW,iii,iii,
7,regular,2022-10-15 18:00:00+00:00,Ferrum,Washington and Lee,7,17,True,False,True,Old Dominion,Old Dominion,iii,iii,
7,regular,2022-10-15 18:00:00+00:00,Nebraska Kearney,Emporia State,21,44,True,False,True,Mid America,Mid America,ii,ii,
7,regular,2022-10-15 18:00:00+00:00,William Jewell,Missouri S&T,14,41,True,False,True,Great Lakes,Great Lakes,ii,ii,
7,regular,2022-10-15 18:00:00+00:00,Youngstown State,Indiana State,48,42,True,False,True,MVFC,MVFC,fcs,fcs,
7,regular,2022-10-15 18:00:00+00:00,Chadron State,Adams State,29,27,True,False,True,Rocky Mountain,Rocky Mountain,ii,ii,
7,regular,2022-10-15 18:00:00+00:00,Clark Atlanta,Savannah State,21,12,True,False,True,SIAC,SIAC,ii,ii,
7,regular,2022-10-15 18:00:00+00:00,Illinois Wesleyan,North Park,0,0,True,False,True,CCIW,CCIW,iii,iii,
7,regular,2022-10-15 18:00:00+00:00,Lake Forest,Ripon,14,16,True,False,True,Midwest,Midwest,iii,iii,
7,regular,2022-10-15 18:00:00+00:00,Carleton,St. Scholastica,56,20,True,False,True,Minnesota,Minnesota,iii,iii,
7,regular,2022-10-15 18:00:00+00:00,Minnesota State,Upper Iowa,43,20,True,False,True,Northern Sun,Northern Sun,ii,ii,
7,regular,2022-10-15 18:00:00+00:00,Fort Valley State,Morehouse,56,28,True,False,True,SIAC,SIAC,ii,ii,
7,regular,2022-10-15 18:00:00+00:00,North Central College,Millikin,65,0,True,False,True,CCIW,CCIW,iii,iii,
7,regular,2022-10-15 18:00:00+00:00,South Dakota Mines,Colorado School of Mines,20,48,True,False,True,Rocky Mountain,Rocky Mountain,ii,ii,
7,regular,2022-10-15 18:00:00+00:00,Ouachita Baptist,Arkansas Monticello,41,7,True,False,True,Great American,Great American,ii,ii,
7,regular,2022-10-15 18:00:00+00:00,Kentucky State,Allen,41,22,True,False,True,SIAC,SIAC,ii,ii,
7,regular,2022-10-15 18:00:00+00:00,Western New Mexico,Angelo State,13,52,True,False,True,Lone Star,Lone Star,ii,ii,
7,regular,2022-10-15 18:00:00+00:00,Colorado,California,20,13,True,False,True,Pac-12,Pac-12,fbs,fbs,
7,regular,2022-10-15 18:00:00+00:00,Norfolk State,Delaware State,7,28,True,False,True,MEAC,MEAC,fcs,fcs,
7,regular,2022-10-15 18:00:00+00:00,St. Norbert,Concordia (WI),21,28,True,False,True,NACC,NACC,iii,iii,
7,regular,2022-10-15 18:00:00+00:00,Southwest Minnesota State,Winona State,7,43,True,False,True,Northern Sun,Northern Sun,ii,ii,
7,regular,2022-10-15 18:00:00+00:00,Hardin Simmons,East Texas Baptist,27,7,True,False,True,American Southwest,American Southwest,iii,iii,
7,regular,2022-10-15 18:00:00+00:00,Greenville,Westminster (MO),52,0,True,False,True,Upper Midwest,Upper Midwest,iii,iii,
7,regular,2022-10-15 18:00:00+00:00,Grambling,Florida A&M,16,20,True,False,True,SWAC,SWAC,fcs,fcs,
7,regular,2022-10-15 18:00:00+00:00,Simpson (IA),Loras,21,63,True,False,True,American Rivers,American Rivers,iii,iii,
7,regular,2022-10-15 18:00:00+00:00,Hendrix,Sewanee,48,21,True,False,True,Southern Athletic,Southern Athletic,iii,iii,
7,regular,2022-10-15 18:00:00+00:00,St. Olaf,Saint John's (MN),10,49,True,False,True,Minnesota,Minnesota,iii,iii,
7,regular,2022-10-15 18:00:00+00:00,Black Hills State,Western Colorado,27,28,True,False,True,Rocky Mountain,Rocky Mountain,ii,ii,
7,regular,2022-10-15 18:00:00+00:00,St. Thomas (MN),Drake,26,14,True,False,True,Pioneer,Pioneer,fcs,fcs,
7,regular,2022-10-15 18:00:00+00:00,Austin,McMurry,21,24,True,False,True,American Southwest,American Southwest,iii,iii,
7,regular,2022-10-15 18:00:00+00:00,Texas Lutheran,Mary Hardin Baylor,16,45,True,False,True,American Southwest,American Southwest,iii,iii,
7,regular,2022-10-15 18:00:00+00:00,Bethel (MN),Concordia (MN),45,7,True,False,True,Minnesota,Minnesota,iii,iii,
7,regular,2022-10-15 18:00:00+00:00,Illinois College,Lawrence,57,0,True,False,True,Midwest,Midwest,iii,iii,
7,regular,2022-10-15 18:00:00+00:00,Macalester,Augsburg,21,42,True,False,False,Minnesota,Minnesota,iii,iii,
7,regular,2022-10-15 18:00:00+00:00,Augustana (SD),Wayne State (NE),31,27,True,False,True,Northern Sun,Northern Sun,ii,ii,
7,regular,2022-10-15 18:05:00+00:00,East Stroudsburg,West Chester,21,24,True,False,True,Pennsylvania State Athletic,Pennsylvania State Athletic,ii,ii,
7,regular,2022-10-15 18:30:00+00:00,Mars Hill,Emory & Henry,49,14,True,False,False,South Atlantic,South Atlantic,ii,ii,
7,regular,2022-10-15 18:30:00+00:00,Northwest Missouri State,Washburn,32,30,True,False,True,Mid America,Mid America,ii,ii,
7,regular,2022-10-15 18:30:00+00:00,Worcester State,Mass Maritime,17,25,True,False,True,MSCAC,MSCAC,iii,iii,
7,regular,2022-10-15 18:30:00+00:00,Central Missouri,Missouri Southern State,20,17,True,False,True,Mid America,Mid America,ii,ii,
7,regular,2022-10-15 18:30:00+00:00,Wartburg,Nebraska Wesleyan,65,0,True,False,True,American Rivers,American Rivers,iii,iii,
7,regular,2022-10-15 19:00:00+00:00,Harding,Henderson State,14,15,True,False,True,Great American,Great American,ii,ii,
7,regular,2022-10-15 19:00:00+00:00,Denison,Hiram,41,38,True,False,True,North Coast,North Coast,iii,iii,
7,regular,2022-10-15 19:00:00+00:00,Howard Payne,Southwestern U,48,17,True,False,True,American Southwest,American Southwest,iii,iii,
7,regular,2022-10-15 19:00:00+00:00,Arkansas Tech,Southern Arkansas,33,49,True,False,True,Great American,Great American,ii,ii,
7,regular,2022-10-15 19:00:00+00:00,University of Mary,Sioux Falls,27,41,True,False,True,Northern Sun,Northern Sun,ii,ii,
7,regular,2022-10-15 19:00:00+00:00,Idaho State,Cal Poly,40,31,True,False,True,Big Sky,Big Sky,fcs,fcs,
7,regular,2022-10-15 19:00:00+00:00,Montana,Idaho,23,30,True,False,True,Big Sky,Big Sky,fcs,fcs,
7,regular,2022-10-15 19:00:00+00:00,Northwestern (OK),Southeastern Oklahoma State,7,44,True,False,True,Great American,Great American,ii,ii,
7,regular,2022-10-15 19:00:00+00:00,Chicago,Cornell (IA),45,7,True,False,True,Midwest,Midwest,iii,iii,
7,regular,2022-10-15 19:00:00+00:00,Lincoln (MO),Pittsburg State,10,49,True,False,True,Mid America,Mid America,ii,ii,
7,regular,2022-10-15 19:00:00+00:00,Minot State,Northern State,10,38,True,False,True,Northern Sun,Northern Sun,ii,ii,
7,regular,2022-10-15 19:00:00+00:00,Eastern Illinois,Lindenwood,34,37,True,False,True,OVC,OVC,fcs,fcs,
7,regular,2022-10-15 19:00:00+00:00,Northern Colorado,Montana State,14,37,True,False,True,Big Sky,Big Sky,fcs,fcs,
7,regular,2022-10-15 19:00:00+00:00,Southern Illinois,Western Illinois,30,7,True,False,True,MVFC,MVFC,fcs,fcs,
7,regular,2022-10-15 19:00:00+00:00,Valdosta State,Mississippi College,40,49,True,False,True,Gulf South,Gulf South,ii,ii,
7,regular,2022-10-15 19:00:00+00:00,Illinois State,South Dakota,12,10,True,False,True,MVFC,MVFC,fcs,fcs,
7,regular,2022-10-15 19:00:00+00:00,Central Oklahoma,Fort Hays,35,23,True,False,True,Mid America,Mid America,ii,ii,
7,regular,2022-10-15 19:00:00+00:00,Western Connecticut State,Framingham State,21,15,True,False,True,MSCAC,MSCAC,iii,iii,
7,regular,2022-10-15 19:00:00+00:00,Alabama State,Mississippi Valley State,24,9,True,False,True,SWAC,SWAC,fcs,fcs,
7,regular,2022-10-15 19:30:00+00:00,Georgia,Vanderbilt,55,0,True,False,True,SEC,SEC,fbs,fbs,
7,regular,2022-10-15 19:30:00+00:00,North Dakota State,South Dakota State,21,23,True,False,True,MVFC,MVFC,fcs,fcs,
7,regular,2022-10-15 19:30:00+00:00,UAlbany,Hampton,37,38,True,False,True,CAA,CAA,fcs,fcs,
7,regular,2022-10-15 19:30:00+00:00,Middle Tennessee,Western Kentucky,17,35,True,False,True,Conference USA,Conference USA,fbs,fbs,
7,regular,2022-10-15 19:30:00+00:00,Troy,Texas State,17,14,True,False,True,Sun Belt,Sun Belt,fbs,fbs,
7,regular,2022-10-15 19:30:00+00:00,UAB,Charlotte,34,20,True,False,True,Conference USA,Conference USA,fbs,fbs,
7,regular,2022-10-15 19:30:00+00:00,Western Michigan,Ohio,14,33,True,False,True,Mid-American,Mid-American,fbs,fbs,
7,regular,2022-10-15 19:30:00+00:00,Toledo,Kent State,52,31,True,False,True,Mid-American,Mid-American,fbs,fbs,
7,regular,2022-10-15 19:30:00+00:00,Eastern Michigan,Northern Illinois,10,39,True,False,True,Mid-American,Mid-American,fbs,fbs,
7,regular,2022-10-15 19:30:00+00:00,Syracuse,NC State,24,9,True,False,True,ACC,ACC,fbs,fbs,
7,regular,2022-10-15 19:30:00+00:00,Indiana,Maryland,33,38,True,False,True,Big Ten,Big Ten,fbs,fbs,
7,regular,2022-10-15 19:30:00+00:00,Liberty,Gardner-Webb,21,20,True,False,False,FBS Independents,Big South,fbs,fcs,
7,regular,2022-10-15 19:30:00+00:00,TCU,Oklahoma State,43,40,True,False,True,Big 12,Big 12,fbs,fbs,
7,regular,2022-10-15 19:30:00+00:00,Lakeland,Concordia Chicago,43,23,True,False,True,NACC,NACC,iii,iii,
7,regular,2022-10-15 19:30:00+00:00,Richmond,Villanova,20,10,True,False,True,CAA,CAA,fcs,fcs,
7,regular,2022-10-15 19:30:00+00:00,Tennessee,Alabama,52,49,True,False,True,SEC,SEC,fbs,fbs,
7,regular,2022-10-15 19:30:00+00:00,BYU,Arkansas,35,52,True,False,False,FBS Independents,SEC,fbs,fbs,
7,regular,2022-10-15 20:00:00+00:00,North Texas,Louisiana Tech,47,27,True,False,True,Conference USA,Conference USA,fbs,fbs,
7,regular,2022-10-15 20:00:00+00:00,Nicholls,Incarnate Word,14,49,True,False,True,Southland,Southland,fcs,fcs,
7,regular,2022-10-15 20:00:00+00:00,Michigan State,Wisconsin,34,28,True,False,True,Big Ten,Big Ten,fbs,fbs,
7,regular,2022-10-15 20:00:00+00:00,McKendree,Quincy,62,63,True,False,True,Great Lakes,Great Lakes,ii,ii,
7,regular,2022-10-15 20:00:00+00:00,Bryant,Charleston Southern,23,24,True,False,True,Big South,Big South,fcs,fcs,
7,regular,2022-10-15 20:00:00+00:00,Austin Peay,Murray State,52,17,True,False,False,Atlantic Sun,OVC,fcs,fcs,
7,regular,2022-10-15 20:00:00+00:00,Mercer,East Tennessee State,55,33,True,False,True,Southern,Southern,fcs,fcs,
7,regular,2022-10-15 20:00:00+00:00,Georgia Southern,James Madison,45,38,True,False,True,Sun Belt,Sun Belt,fbs,fbs,
7,regular,2022-10-15 20:00:00+00:00,Barton,Lenoir Rhyne,0,34,True,False,False,South Atlantic,South Atlantic,ii,ii,
7,regular,2022-10-15 20:00:00+00:00,Wittenberg,Oberlin,62,7,True,False,True,North Coast,North Coast,iii,iii,
7,regular,2022-10-15 20:00:00+00:00,Pacific (OR),Linfield,21,42,True,False,True,Northwest,Northwest,iii,iii,
7,regular,2022-10-15 20:00:00+00:00,UMass Dartmouth,Westfield State,34,7,True,False,True,MSCAC,MSCAC,iii,iii,
7,regular,2022-10-15 20:00:00+00:00,Pacific Lutheran,Whitworth,28,7,True,False,True,Northwest,Northwest,iii,iii,
7,regular,2022-10-15 20:00:00+00:00,Howard,Harvard,25,41,True,True,False,MEAC,Ivy,fcs,fcs,
7,regular,2022-10-15 20:00:00+00:00,South Florida,Tulane,31,45,True,False,True,American Athletic,American Athletic,fbs,fbs,
7,regular,2022-10-15 20:00:00+00:00,CSU Pueblo,New Mexico Highlands,35,11,True,False,True,Rocky Mountain,Rocky Mountain,ii,ii,
7,regular,2022-10-15 20:00:00+00:00,Claremont Mudd Scripps,Cal Lutheran,41,3,True,False,True,So. Cal.,So. Cal.,iii,iii,
7,regular,2022-10-15 20:00:00+00:00,Bethune-Cookman,Jackson State,8,48,True,False,True,SWAC,SWAC,fcs,fcs,
7,regular,2022-10-15 20:00:00+00:00,Augustana (IL),Washington St. Louis,28,49,True,False,True,CCIW,CCIW,iii,iii,
7,regular,2022-10-15 20:05:00+00:00,Western Oregon,West Texas,27,13,True,False,False,Lone Star,Lone Star,ii,ii,
7,regular,2022-10-15 20:30:00+00:00,George Fox,Puget Sound,51,7,True,False,True,Northwest,Northwest,iii,iii,
7,regular,2022-10-15 20:30:00+00:00,Abilene Christian,Southern Utah,21,18,True,False,True,Western Athletic,Western Athletic,fcs,fcs,
7,regular,2022-10-15 21:00:00+00:00,Northeastern State,Missouri Western,16,23,True,False,True,Mid America,Mid America,ii,ii,
7,regular,2022-10-15 21:00:00+00:00,San Diego,Presbyterian,28,3,True,False,True,Pioneer,Pioneer,fcs,fcs,
7,regular,2022-10-15 21:00:00+00:00,Utica,Brockport,35,21,True,False,True,Empire 8,Empire 8,iii,iii,
7,regular,2022-10-15 21:00:00+00:00,Portland State,Weber State,7,42,True,False,True,Big Sky,Big Sky,fcs,fcs,
7,regular,2022-10-15 21:00:00+00:00,Northern Iowa,Utah Tech,41,14,True,False,False,MVFC,Western Athletic,fcs,fcs,
7,regular,2022-10-15 21:00:00+00:00,Birmingham-Southern,Millsaps,28,0,True,False,True,Southern Athletic,Southern Athletic,iii,iii,
7,regular,2022-10-15 21:00:00+00:00,Kentucky Wesleyan,Findlay,7,44,True,False,True,Great Midwest Athletic,Great Midwest Athletic,ii,ii,
7,regular,2022-10-15 21:00:00+00:00,Adrian,Kalamazoo,42,17,True,False,True,Michigan,Michigan,iii,iii,
7,regular,2022-10-15 21:00:00+00:00,Miles,Lane College,32,35,True,False,True,SIAC,SIAC,ii,ii,
7,regular,2022-10-15 21:30:00+00:00,Bates,Bowdoin,21,14,True,False,True,NESCAC,NESCAC,iii,iii,
7,regular,2022-10-15 21:30:00+00:00,Washington,Arizona,49,39,True,False,True,Pac-12,Pac-12,fbs,fbs,
7,regular,2022-10-15 21:30:00+00:00,Lewis & Clark,Willamette,39,17,True,False,True,Northwest,Northwest,iii,iii,
7,regular,2022-10-15 22:00:00+00:00,Tuskegee,Central State,49,34,True,True,True,SIAC,SIAC,ii,ii,
7,regular,2022-10-15 22:00:00+00:00,Seton Hill,California (PA),14,21,True,False,True,Pennsylvania State Athletic,Pennsylvania State Athletic,ii,ii,
7,regular,2022-10-15 22:00:00+00:00,Wesleyan (CT),Tufts,26,22,True,False,True,NESCAC,NESCAC,iii,iii,
7,regular,2022-10-15 22:00:00+00:00,Eastern Kentucky,Sam Houston,17,25,True,False,False,Atlantic Sun,Western Athletic,fcs,fcs,
7,regular,2022-10-15 22:00:00+00:00,Fordham,Stony Brook,45,14,True,False,False,Patriot,CAA,fcs,fcs,
7,regular,2022-10-15 22:00:00+00:00,Carson Newman,Erskine,37,0,True,False,False,South Atlantic,South Atlantic,ii,ii,
7,regular,2022-10-15 22:00:00+00:00,Florida Atlantic,Rice,17,14,True,False,True,Conference USA,Conference USA,fbs,fbs,
7,regular,2022-10-15 22:00:00+00:00,Catawba,Newberry,27,34,True,False,True,South Atlantic,South Atlantic,ii,ii,
7,regular,2022-10-15 22:00:00+00:00,Mercyhurst,Clarion,21,23,True,False,True,Pennsylvania State Athletic,Pennsylvania State Athletic,ii,ii,
7,regular,2022-10-15 22:30:00+00:00,Southwestern Oklahoma State,Southern Nazarene,38,45,True,False,True,Great American,Great American,ii,ii,
7,regular,2022-10-15 23:00:00+00:00,South Alabama,UL Monroe,41,34,True,False,True,Sun Belt,Sun Belt,fbs,fbs,
7,regular,2022-10-15 23:00:00+00:00,Delta State,West Alabama,20,7,True,False,True,Gulf South,Gulf South,ii,ii,
7,regular,2022-10-15 23:00:00+00:00,Elmhurst,Carroll (WI),28,31,True,False,False,CCIW,Midwest,iii,iii,
7,regular,2022-10-15 23:00:00+00:00,Wisconsin Lutheran,Rockford,52,35,True,False,True,NACC,NACC,iii,iii,
7,regular,2022-10-15 23:00:00+00:00,Ashland,Ohio Dominican,14,7,True,False,True,Great Midwest Athletic,Great Midwest Athletic,ii,ii,
7,regular,2022-10-15 23:00:00+00:00,Truman State,Southwest Baptist,25,20,True,False,True,Great Lakes,Great Lakes,ii,ii,
7,regular,2022-10-15 23:00:00+00:00,UC Davis,Northern Arizona,56,27,True,False,True,Big Sky,Big Sky,fcs,fcs,
7,regular,2022-10-15 23:00:00+00:00,Tennessee Tech,Tennessee State,14,30,True,False,True,OVC,OVC,fcs,fcs,
7,regular,2022-10-15 23:00:00+00:00,Eureka,Aurora,13,72,True,False,True,NACC,NACC,iii,iii,
7,regular,2022-10-15 23:00:00+00:00,Southern,Alcorn State,21,17,True,False,True,SWAC,SWAC,fcs,fcs,
7,regular,2022-10-15 23:00:00+00:00,Houston Christian,Northwestern State,10,37,True,False,True,Southland,Southland,fcs,fcs,
7,regular,2022-10-15 23:00:00+00:00,Southern Miss,Arkansas State,20,19,True,False,True,Sun Belt,Sun Belt,fbs,fbs,
7,regular,2022-10-15 23:00:00+00:00,Allegheny,Grove City,17,44,True,False,False,Presidents',Presidents',iii,iii,
7,regular,2022-10-15 23:00:00+00:00,Florida,LSU,35,45,True,False,True,SEC,SEC,fbs,fbs,
7,regular,2022-10-15 23:00:00+00:00,Colorado State,Utah State,13,17,True,False,True,Mountain West,Mountain West,fbs,fbs,
7,regular,2022-10-15 23:00:00+00:00,Oklahoma Baptist,East Central,20,34,True,False,True,Great American,Great American,ii,ii,
7,regular,2022-10-15 23:00:00+00:00,North Alabama,Jacksonville State,31,47,True,True,False,Atlantic Sun,Atlantic Sun,fcs,fcs,
7,regular,2022-10-15 23:00:00+00:00,Eastern Washington,Sacramento State,28,52,True,False,True,Big Sky,Big Sky,fcs,fcs,
7,regular,2022-10-15 23:00:00+00:00,Stephen F. Austin,Tarleton State,41,24,True,False,True,Western Athletic,Western Athletic,fcs,fcs,
7,regular,2022-10-15 23:30:00+00:00,Purdue,Nebraska,43,37,True,False,True,Big Ten,Big Ten,fbs,fbs,
7,regular,2022-10-15 23:30:00+00:00,Notre Dame,Stanford,14,16,True,False,False,FBS Independents,Pac-12,fbs,fbs,
7,regular,2022-10-15 23:30:00+00:00,East Carolina,Memphis,47,45,True,False,True,American Athletic,American Athletic,fbs,fbs,
7,regular,2022-10-15 23:30:00+00:00,Kentucky,Mississippi State,27,17,True,False,True,SEC,SEC,fbs,fbs,
7,regular,2022-10-15 23:30:00+00:00,Florida State,Clemson,28,34,True,False,True,ACC,ACC,fbs,fbs,
7,regular,2022-10-16 00:00:00+00:00,Texas A&M-Kingsville,UT Permian Basin,13,10,True,False,True,Lone Star,Lone Star,ii,ii,
7,regular,2022-10-16 00:00:00+00:00,McNeese,East Texas A&M,15,40,True,False,True,Southland,Southland,fcs,fcs,
7,regular,2022-10-16 00:00:00+00:00,New Mexico State,New Mexico,21,9,True,False,False,FBS Independents,Mountain West,fbs,fbs,
7,regular,2022-10-16 00:00:00+00:00,Utah,USC,43,42,True,False,True,Pac-12,Pac-12,fbs,fbs,
7,regular,2022-10-16 00:00:00+00:00,Eastern New Mexico,Simon Fraser,42,14,True,False,False,Lone Star,Lone Star,ii,ii,
7,regular,2022-10-16 00:00:00+00:00,La Verne,Whittier,43,20,True,False,True,So. Cal.,So. Cal.,iii,iii,
7,regular,2022-10-16 00:00:00+00:00,Duke,North Carolina,35,38,True,False,True,ACC,ACC,fbs,fbs,
7,regular,2022-10-16 00:00:00+00:00,Colorado Mesa,Fort Lewis,70,10,True,False,True,Rocky Mountain,Rocky Mountain,ii,ii,
7,regular,2022-10-16 01:00:00+00:00,Central Washington,Midwestern State,17,10,True,False,False,Lone Star,Lone Star,ii,ii,
7,regular,2022-10-16 01:00:00+00:00,Oregon State,Washington State,24,10,True,False,True,Pac-12,Pac-12,fbs,fbs,
7,regular,2022-10-16 02:00:00+00:00,Chapman,Redlands,38,28,True,False,True,So. Cal.,So. Cal.,iii,iii,
7,regular,2022-10-16 02:30:00+00:00,UNLV,Air Force,7,42,True,False,True,Mountain West,Mountain West,fbs,fbs,
7,regular,2022-10-16 02:45:00+00:00,Fresno State,San José State,17,10,True,False,True,Mountain West,Mountain West,fbs,fbs,
7,regular,2022-10-16 03:59:00+00:00,Hawai'i,Nevada,31,16,True,False,True,Mountain West,Mountain West,fbs,fbs,
7,regular,2022-10-16 20:00:00+00:00,Arkansas-Pine Bluff,Alabama A&M,31,34,True,True,True,SWAC,SWAC,fcs,fcs,
8,regular,2022-10-19 23:30:00+00:00,App State,Georgia State,42,17,True,False,True,Sun Belt,Sun Belt,fbs,fbs,
8,regular,2022-10-20 23:00:00+00:00,Shorter,Delta State,10,45,True,False,True,Gulf South,Gulf South,ii,ii,
8,regular,2022-10-20 23:00:00+00:00,Frostburg State,Fairmont State,16,14,True,False,True,Mountain East,Mountain East,ii,ii,
8,regular,2022-10-20 23:30:00+00:00,Georgia Tech,Virginia,9,16,True,False,True,ACC,ACC,fbs,fbs,
8,regular,2022-10-20 23:30:00+00:00,South Alabama,Troy,6,10,True,False,True,Sun Belt,Sun Belt,fbs,fbs,
8,regular,2022-10-21 23:00:00+00:00,Harvard,Princeton,10,37,True,False,True,Ivy,Ivy,fcs,fcs,
8,regular,2022-10-21 23:00:00+00:00,Wagner,Long Island University,37,26,True,False,True,NEC,NEC,fcs,fcs,
8,regular,2022-10-21 23:30:00+00:00,Temple,Tulsa,16,27,True,False,True,American Athletic,American Athletic,fbs,fbs,
8,regular,2022-10-22 00:00:00+00:00,Western Kentucky,UAB,20,17,True,False,True,Conference USA,Conference USA,fbs,fbs,
8,regular,2022-10-22 16:00:00+00:00,Ohio State,Iowa,54,10,True,False,True,Big Ten,Big Ten,fbs,fbs,
8,regular,2022-10-22 16:00:00+00:00,Lincoln (PA),Virginia Union,20,45,True,False,True,CIAA,CIAA,ii,ii,
8,regular,2022-10-22 16:00:00+00:00,Gannon,Mercyhurst,49,14,True,False,True,Pennsylvania State Athletic,Pennsylvania State Athletic,ii,ii,
8,regular,2022-10-22 16:00:00+00:00,Fitchburg State,UMass Dartmouth,0,49,True,False,True,MSCAC,MSCAC,iii,iii,
8,regular,2022-10-22 16:00:00+00:00,West Chester,Shepherd,14,47,True,False,True,Pennsylvania State Athletic,Pennsylvania State Athletic,ii,ii,
8,regular,2022-10-22 16:00:00+00:00,Charleston (WV),UNC Pembroke,70,21,True,False,True,Mountain East,Mountain East,ii,ii,
8,regular,2022-10-22 16:00:00+00:00,American International,Assumption,7,24,True,False,True,Northeast 10,Northeast 10,ii,ii,
8,regular,2022-10-22 16:00:00+00:00,Lehigh,Bucknell,17,19,True,False,True,Patriot,Patriot,fcs,fcs,
8,regular,2022-10-22 16:00:00+00:00,Notre Dame College,Glenville State,38,16,True,False,True,Mountain East,Mountain East,ii,ii,
8,regular,2022-10-22 16:00:00+00:00,SMU,Cincinnati,27,29,True,False,True,American Athletic,American Athletic,fbs,fbs,
8,regular,2022-10-22 16:00:00+00:00,SUNY Morrisville,Alfred,36,0,True,False,True,Empire 8,Empire 8,iii,iii,
8,regular,2022-10-22 16:00:00+00:00,Keystone,Vermont State Castleton,20,35,True,False,True,ECFC,ECFC,iii,iii,
8,regular,2022-10-22 16:00:00+00:00,Union,Rochester (NY),27,7,True,False,True,Liberty League,Liberty League,iii,iii,
8,regular,2022-10-22 16:00:00+00:00,Robert Morris,North Carolina A&T,14,38,True,False,True,Big South,Big South,fcs,fcs,
8,regular,2022-10-22 16:00:00+00:00,Norwich,MIT,21,11,True,False,True,NEWMAC,NEWMAC,iii,iii,
8,regular,2022-10-22 16:00:00+00:00,Hamilton,Colby,12,18,True,False,True,NESCAC,NESCAC,iii,iii,
8,regular,2022-10-22 16:00:00+00:00,Alfred State,Dean,35,36,True,False,True,ECFC,ECFC,iii,iii,
8,regular,2022-10-22 16:00:00+00:00,Kent State,Akron,33,27,True,False,True,Mid-American,Mid-American,fbs,fbs,
8,regular,2022-10-22 16:00:00+00:00,Clemson,Syracuse,27,21,True,False,True,ACC,ACC,fbs,fbs,
8,regular,2022-10-22 16:00:00+00:00,Mass Maritime,Western Connecticut State,3,24,True,False,True,MSCAC,MSCAC,iii,iii,
8,regular,2022-10-22 16:00:00+00:00,Army,UL Monroe,48,24,True,False,False,FBS Independents,Sun Belt,fbs,fbs,
8,regular,2022-10-22 16:00:00+00:00,Central Connecticut,Duquesne,6,30,True,False,True,NEC,NEC,fcs,fcs,
8,regular,2022-10-22 16:00:00+00:00,Colgate,Georgetown,34,24,True,False,True,Patriot,Patriot,fcs,fcs,
8,regular,2022-10-22 16:00:00+00:00,Wittenberg,Denison,10,28,True,False,True,North Coast,North Coast,iii,iii,
8,regular,2022-10-22 16:00:00+00:00,Clarion,Edinboro,17,47,True,False,True,Pennsylvania State Athletic,Pennsylvania State Athletic,ii,ii,
8,regular,2022-10-22 16:00:00+00:00,King's,Lebanon Valley,34,24,True,False,True,Mid Atlantic,Mid Atlantic,iii,iii,
8,regular,2022-10-22 16:00:00+00:00,Davenport,Lincoln (CA),58,14,True,False,False,GLIAC,,ii,,
8,regular,2022-10-22 16:00:00+00:00,Salve Regina,Nichols,42,21,True,False,True,Commonwealth Coast,Commonwealth Coast,iii,iii,
8,regular,2022-10-22 16:00:00+00:00,Clark Atlanta,Fort Valley State,21,41,True,False,True,SIAC,SIAC,ii,ii,
8,regular,2022-10-22 16:00:00+00:00,Juniata,Muhlenberg,12,57,True,False,True,Centennial,Centennial,iii,iii,
8,regular,2022-10-22 16:00:00+00:00,Worcester State,Plymouth State,21,49,True,False,True,MSCAC,MSCAC,iii,iii,
8,regular,2022-10-22 16:00:00+00:00,Rutgers,Indiana,24,17,True,False,True,Big Ten,Big Ten,fbs,fbs,
8,regular,2022-10-22 16:00:00+00:00,Tennessee,UT Martin,65,24,True,False,False,SEC,OVC,fbs,fcs,
8,regular,2022-10-22 16:00:00+00:00,Navy,Houston,20,38,True,False,True,American Athletic,American Athletic,fbs,fbs,
8,regular,2022-10-22 16:00:00+00:00,Stevenson,FDU Florham,20,7,True,False,True,Mid Atlantic,Mid Atlantic,iii,iii,
8,regular,2022-10-22 16:00:00+00:00,Baylor,Kansas,35,23,True,False,True,Big 12,Big 12,fbs,fbs,
8,regular,2022-10-22 16:30:00+00:00,Brown,Cornell,21,24,True,False,True,Ivy,Ivy,fcs,fcs,
8,regular,2022-10-22 16:30:00+00:00,Miami,Duke,21,45,True,False,True,ACC,ACC,fbs,fbs,
8,regular,2022-10-22 17:00:00+00:00,Allen,Bluefield State,50,14,True,False,False,SIAC,Independent DII,ii,ii,
8,regular,2022-10-22 17:00:00+00:00,Alderson-Broaddus,West Virginia Wesleyan,30,31,True,False,True,Mountain East,Mountain East,ii,ii,
8,regular,2022-10-22 17:00:00+00:00,West Virginia State,Concord,56,38,True,False,True,Mountain East,Mountain East,ii,ii,
8,regular,2022-10-22 17:00:00+00:00,Franklin & Marshall,Dickinson,28,17,True,False,True,Centennial,Centennial,iii,iii,
8,regular,2022-10-22 17:00:00+00:00,Ursinus,Moravian,44,17,True,False,True,Centennial,Centennial,iii,iii,
8,regular,2022-10-22 17:00:00+00:00,Central State,Edward Waters,13,45,True,False,True,SIAC,SIAC,ii,ii,
8,regular,2022-10-22 17:00:00+00:00,Widener,Albright,34,28,True,False,True,Mid Atlantic,Mid Atlantic,iii,iii,
8,regular,2022-10-22 17:00:00+00:00,Shenandoah,Randolph Macon,21,35,True,False,True,Old Dominion,Old Dominion,iii,iii,
8,regular,2022-10-22 17:00:00+00:00,Wayne State (NE),Southwest Minnesota State,20,14,True,False,True,Northern Sun,Northern Sun,ii,ii,
8,regular,2022-10-22 17:00:00+00:00,Bates,Middlebury,28,40,True,False,True,NESCAC,NESCAC,iii,iii,
8,regular,2022-10-22 17:00:00+00:00,Oberlin,Wabash,20,66,True,False,True,North Coast,North Coast,iii,iii,
8,regular,2022-10-22 17:00:00+00:00,Ashland,Tiffin,28,20,True,False,True,Great Midwest Athletic,Great Midwest Athletic,ii,ii,
8,regular,2022-10-22 17:00:00+00:00,Grove City,Westminster (PA),17,24,True,False,True,Presidents',Presidents',iii,iii,
8,regular,2022-10-22 17:00:00+00:00,McDaniel,Susquehanna,0,58,True,False,True,Centennial,Centennial,iii,iii,
8,regular,2022-10-22 17:00:00+00:00,New Hampshire,Elon,40,22,True,False,True,CAA,CAA,fcs,fcs,
8,regular,2022-10-22 17:00:00+00:00,Ohio Dominican,Kentucky Wesleyan,49,7,True,False,True,Great Midwest Athletic,Great Midwest Athletic,ii,ii,
8,regular,2022-10-22 17:00:00+00:00,Shaw,Livingstone,28,14,True,False,True,CIAA,CIAA,ii,ii,
8,regular,2022-10-22 17:00:00+00:00,Aurora,St. Norbert,28,6,True,False,True,NACC,NACC,iii,iii,
8,regular,2022-10-22 17:00:00+00:00,Ripon,Chicago,19,16,True,False,True,Midwest,Midwest,iii,iii,
8,regular,2022-10-22 17:00:00+00:00,Presbyterian,St. Thomas (MN),17,46,True,False,True,Pioneer,Pioneer,fcs,fcs,
8,regular,2022-10-22 17:00:00+00:00,Westminster (MO),Northwestern (MN),0,36,True,False,True,Upper Midwest,Upper Midwest,iii,iii,
8,regular,2022-10-22 17:00:00+00:00,Indiana State,Illinois State,21,27,True,False,True,MVFC,MVFC,fcs,fcs,
8,regular,2022-10-22 17:00:00+00:00,Gallaudet,SUNY Maritime,24,26,True,False,True,ECFC,ECFC,iii,iii,
8,regular,2022-10-22 17:00:00+00:00,Mars Hill,Carson Newman,44,13,True,False,True,South Atlantic,South Atlantic,ii,ii,
8,regular,2022-10-22 17:00:00+00:00,Maryville (TN),North Carolina Wesleyan,61,7,True,False,True,USA South,USA South,iii,iii,
8,regular,2022-10-22 17:00:00+00:00,Butler,Marist,31,10,True,False,True,Pioneer,Pioneer,fcs,fcs,
8,regular,2022-10-22 17:00:00+00:00,Johnson C. Smith,Fayetteville State,13,21,True,False,True,CIAA,CIAA,ii,ii,
8,regular,2022-10-22 17:00:00+00:00,West Liberty,Wheeling,21,42,True,False,True,Mountain East,Mountain East,ii,ii,
8,regular,2022-10-22 17:00:00+00:00,Howard,Delaware State,35,17,True,False,True,MEAC,MEAC,fcs,fcs,
8,regular,2022-10-22 17:00:00+00:00,Utica,SUNY Cortland,21,48,True,False,True,Empire 8,Empire 8,iii,iii,
8,regular,2022-10-22 17:00:00+00:00,Franklin Pierce,Pace,7,50,True,True,True,Northeast 10,Northeast 10,ii,ii,
8,regular,2022-10-22 17:00:00+00:00,Johns Hopkins,Gettysburg,60,7,True,False,True,Centennial,Centennial,iii,iii,
8,regular,2022-10-22 17:00:00+00:00,Lycoming,Alvernia,42,10,True,False,True,Mid Atlantic,Mid Atlantic,iii,iii,
8,regular,2022-10-22 17:00:00+00:00,Finlandia University,Crown,14,40,True,True,True,Upper Midwest,Upper Midwest,iii,iii,
8,regular,2022-10-22 17:00:00+00:00,Allegheny,Saint Vincent,35,52,True,False,False,Presidents',Presidents',iii,iii,
8,regular,2022-10-22 17:00:00+00:00,Upper Iowa,Minot State,33,20,True,False,True,Northern Sun,Northern Sun,ii,ii,
8,regular,2022-10-22 17:00:00+00:00,Guilford,Ferrum,17,31,True,False,True,Old Dominion,Old Dominion,iii,iii,
8,regular,2022-10-22 17:00:00+00:00,Bowie State,Chowan,15,21,True,False,True,CIAA,CIAA,ii,ii,
8,regular,2022-10-22 17:00:00+00:00,Bowdoin,Wesleyan (CT),28,26,True,False,True,NESCAC,NESCAC,iii,iii,
8,regular,2022-10-22 17:00:00+00:00,Trine,Albion,19,20,True,False,True,Michigan,Michigan,iii,iii,
8,regular,2022-10-22 17:00:00+00:00,Ferris State,Michigan Tech,28,20,True,False,True,GLIAC,GLIAC,ii,ii,
8,regular,2022-10-22 17:00:00+00:00,Catholic,Merchant Marine,41,33,True,False,True,NEWMAC,NEWMAC,iii,iii,
8,regular,2022-10-22 17:00:00+00:00,The College of New Jersey,Salisbury,17,70,True,False,True,New Jersey,New Jersey,iii,iii,
8,regular,2022-10-22 17:00:00+00:00,Monmouth,Rhode Island,46,48,True,False,True,CAA,CAA,fcs,fcs,
8,regular,2022-10-22 17:00:00+00:00,Methodist,Huntingdon,35,38,True,False,True,USA South,USA South,iii,iii,
8,regular,2022-10-22 17:00:00+00:00,Tufts,Amherst,17,20,True,False,True,NESCAC,NESCAC,iii,iii,
8,regular,2022-10-22 17:00:00+00:00,Delaware Valley,Wilkes,27,14,True,False,True,Mid Atlantic,Mid Atlantic,iii,iii,
8,regular,2022-10-22 17:00:00+00:00,Central Michigan,Bowling Green,18,34,True,False,True,Mid-American,Mid-American,fbs,fbs,
8,regular,2022-10-22 17:00:00+00:00,St. Lawrence,Hobart,10,31,True,False,True,Liberty League,Liberty League,iii,iii,
8,regular,2022-10-22 17:00:00+00:00,Dayton,Stetson,23,20,True,False,True,Pioneer,Pioneer,fcs,fcs,
8,regular,2022-10-22 17:00:00+00:00,Western New England,Curry,31,8,True,False,True,Commonwealth Coast,Commonwealth Coast,iii,iii,
8,regular,2022-10-22 17:00:00+00:00,Elizabeth City State,Virginia State,12,34,True,False,True,CIAA,CIAA,ii,ii,
8,regular,2022-10-22 17:00:00+00:00,Merrimack,Sacred Heart,31,25,True,False,True,NEC,NEC,fcs,fcs,
8,regular,2022-10-22 17:00:00+00:00,St. Augustine's,Winston-Salem State,14,41,True,False,True,CIAA,CIAA,ii,ii,
8,regular,2022-10-22 17:00:00+00:00,Washington and Lee,Hampden Sydney,43,44,True,False,True,Old Dominion,Old Dominion,iii,iii,
8,regular,2022-10-22 17:00:00+00:00,Saint Francis,Stonehill,17,13,True,False,True,NEC,NEC,fcs,fcs,
8,regular,2022-10-22 17:00:00+00:00,Buffalo State,Ithaca,10,51,True,False,True,Liberty League,Liberty League,iii,iii,
8,regular,2022-10-22 17:00:00+00:00,Belhaven,Southern Virginia,42,6,True,False,False,USA South,USA South,iii,iii,
8,regular,2022-10-22 17:00:00+00:00,Buffalo,Toledo,34,27,True,False,True,Mid-American,Mid-American,fbs,fbs,
8,regular,2022-10-22 17:00:00+00:00,New England,Endicott,0,43,True,False,True,Commonwealth Coast,Commonwealth Coast,iii,iii,
8,regular,2022-10-22 17:00:00+00:00,Pennsylvania,Yale,20,13,True,False,True,Ivy,Ivy,fcs,fcs,
8,regular,2022-10-22 17:00:00+00:00,Hiram,Kenyon,34,31,True,False,True,North Coast,North Coast,iii,iii,
8,regular,2022-10-22 17:00:00+00:00,Ohio Wesleyan,DePauw,21,22,True,False,True,North Coast,North Coast,iii,iii,
8,regular,2022-10-22 17:00:00+00:00,Wooster,Hilbert,49,7,True,False,False,North Coast,North Coast,iii,iii,
8,regular,2022-10-22 17:00:00+00:00,Christopher Newport,William Paterson,31,7,True,False,True,New Jersey,New Jersey,iii,iii,
8,regular,2022-10-22 17:30:00+00:00,Defiance College,Anderson (IN),32,22,True,False,True,Heartland,Heartland,iii,iii,
8,regular,2022-10-22 17:30:00+00:00,John Carroll,Capital,42,10,True,False,True,Ohio,Ohio,iii,iii,
8,regular,2022-10-22 17:30:00+00:00,South Carolina State,North Carolina Central,26,24,True,False,True,MEAC,MEAC,fcs,fcs,
8,regular,2022-10-22 17:30:00+00:00,Mount Union,Wilmington (OH),63,3,True,False,True,Ohio,Ohio,iii,iii,
8,regular,2022-10-22 17:30:00+00:00,VMI,Furman,3,41,True,False,True,Southern,Southern,fcs,fcs,
8,regular,2022-10-22 17:30:00+00:00,Rose Hulman,Franklin,49,0,True,False,True,Heartland,Heartland,iii,iii,
8,regular,2022-10-22 17:30:00+00:00,Manchester,Bluffton,44,46,True,False,True,Heartland,Heartland,iii,iii,
8,regular,2022-10-22 17:30:00+00:00,Hanover,Mount St Joseph,29,44,True,False,True,Heartland,Heartland,iii,iii,
8,regular,2022-10-22 17:30:00+00:00,Tusculum,Emory & Henry,35,9,True,False,False,South Atlantic,South Atlantic,ii,ii,
8,regular,2022-10-22 17:30:00+00:00,Hartwick,Brockport,14,35,True,False,True,Empire 8,Empire 8,iii,iii,
8,regular,2022-10-22 17:30:00+00:00,Chattanooga,Mercer,41,21,True,False,True,Southern,Southern,fcs,fcs,
8,regular,2022-10-22 17:30:00+00:00,Ohio Northern,Muskingum,7,23,True,False,True,Ohio,Ohio,iii,iii,
8,regular,2022-10-22 17:30:00+00:00,Columbia,Dartmouth,24,27,True,False,True,Ivy,Ivy,fcs,fcs,
8,regular,2022-10-22 18:00:00+00:00,Wisconsin River Falls,Wisconsin Eau Claire,63,6,True,False,True,Wisconsin,Wisconsin,iii,iii,
8,regular,2022-10-22 18:00:00+00:00,Central College,Simpson (IA),49,17,True,False,True,American Rivers,American Rivers,iii,iii,
8,regular,2022-10-22 18:00:00+00:00,McMurry,Texas Lutheran,10,17,True,False,True,American Southwest,American Southwest,iii,iii,
8,regular,2022-10-22 18:00:00+00:00,Bloomsburg,East Stroudsburg,21,27,True,False,True,Pennsylvania State Athletic,Pennsylvania State Athletic,ii,ii,
8,regular,2022-10-22 18:00:00+00:00,St. Scholastica,St. Olaf,28,33,True,False,True,Minnesota,Minnesota,iii,iii,
8,regular,2022-10-22 18:00:00+00:00,Morehead State,Valparaiso,35,40,True,False,True,Pioneer,Pioneer,fcs,fcs,
8,regular,2022-10-22 18:00:00+00:00,Drake,Davidson,14,48,True,False,True,Pioneer,Pioneer,fcs,fcs,
8,regular,2022-10-22 18:00:00+00:00,Lake Forest,Grinnell,49,0,True,False,True,Midwest,Midwest,iii,iii,
8,regular,2022-10-22 18:00:00+00:00,Millersville,Shippensburg,17,14,True,False,True,Pennsylvania State Athletic,Pennsylvania State Athletic,ii,ii,
8,regular,2022-10-22 18:00:00+00:00,Rockford,Benedictine (IL),27,70,True,False,True,NACC,NACC,iii,iii,
8,regular,2022-10-22 18:00:00+00:00,Minnesota Morris,Martin Luther,47,0,True,False,True,Upper Midwest,Upper Midwest,iii,iii,
8,regular,2022-10-22 18:00:00+00:00,Lenoir Rhyne,Newberry,24,38,True,False,True,South Atlantic,South Atlantic,ii,ii,
8,regular,2022-10-22 18:00:00+00:00,Illinois Wesleyan,Carthage,55,0,True,False,True,CCIW,CCIW,iii,iii,
8,regular,2022-10-22 18:00:00+00:00,Concordia (WI),Lakeland,30,20,True,False,True,NACC,NACC,iii,iii,
8,regular,2022-10-22 18:00:00+00:00,Augustana (SD),Minnesota State,14,35,True,False,True,Northern Sun,Northern Sun,ii,ii,
8,regular,2022-10-22 18:00:00+00:00,Fort Lewis,South Dakota Mines,20,65,True,False,True,Rocky Mountain,Rocky Mountain,ii,ii,
8,regular,2022-10-22 18:00:00+00:00,Baldwin Wallace,Otterbein,35,14,True,False,True,Ohio,Ohio,iii,iii,
8,regular,2022-10-22 18:00:00+00:00,Concordia (MN),Carleton,20,13,True,False,True,Minnesota,Minnesota,iii,iii,
8,regular,2022-10-22 18:00:00+00:00,Macalester,Bethel (MN),13,63,True,False,False,Minnesota,Minnesota,iii,iii,
8,regular,2022-10-22 18:00:00+00:00,Mary Hardin Baylor,Sul Ross State,45,14,True,False,True,American Southwest,American Southwest,iii,iii,
8,regular,2022-10-22 18:00:00+00:00,Bridgewater,Averett,23,16,True,False,False,Old Dominion,Old Dominion,iii,iii,
8,regular,2022-10-22 18:00:00+00:00,Southern Connecticut State,Bentley,3,24,True,False,True,Northeast 10,Northeast 10,ii,ii,
8,regular,2022-10-22 18:00:00+00:00,Lindenwood,Murray State,33,18,True,False,True,OVC,OVC,fcs,fcs,
8,regular,2022-10-22 18:00:00+00:00,Southwestern U,Hardin Simmons,0,68,True,False,True,American Southwest,American Southwest,iii,iii,
8,regular,2022-10-22 18:00:00+00:00,Washington St. Louis,North Central College,0,31,True,False,True,CCIW,CCIW,iii,iii,
8,regular,2022-10-22 18:00:00+00:00,Fort Hays,Central Missouri,27,14,True,False,True,Mid America,Mid America,ii,ii,
8,regular,2022-10-22 18:00:00+00:00,Trinity (TX),Berry,21,14,True,False,True,Southern Athletic,Southern Athletic,iii,iii,
8,regular,2022-10-22 18:00:00+00:00,East Texas Baptist,Austin,10,13,True,False,True,American Southwest,American Southwest,iii,iii,
8,regular,2022-10-22 18:00:00+00:00,Lake Erie,Northwood,14,18,True,False,False,Great Midwest Athletic,Great Midwest Athletic,ii,ii,
8,regular,2022-10-22 18:00:00+00:00,Colorado School of Mines,Black Hills State,38,0,True,False,True,Rocky Mountain,Rocky Mountain,ii,ii,
8,regular,2022-10-22 18:00:00+00:00,Saint John's (MN),Gustavus Adolphus,41,27,True,False,True,Minnesota,Minnesota,iii,iii,
8,regular,2022-10-22 18:00:00+00:00,IU Pennsylvania,Seton Hill,44,7,True,False,True,Pennsylvania State Athletic,Pennsylvania State Athletic,ii,ii,
8,regular,2022-10-22 18:00:00+00:00,Hendrix,Centre,42,45,True,False,True,Southern Athletic,Southern Athletic,iii,iii,
8,regular,2022-10-22 18:00:00+00:00,Bemidji State,Minnesota Duluth,41,16,True,False,True,Northern Sun,Northern Sun,ii,ii,
8,regular,2022-10-22 18:00:00+00:00,New Mexico Highlands,Western Colorado,13,30,True,False,True,Rocky Mountain,Rocky Mountain,ii,ii,
8,regular,2022-10-22 18:00:00+00:00,Knox,Illinois College,10,20,True,False,True,Midwest,Midwest,iii,iii,
8,regular,2022-10-22 18:00:00+00:00,Westfield State,Bridgewater State,7,42,True,False,True,MSCAC,MSCAC,iii,iii,
8,regular,2022-10-22 18:00:00+00:00,Jacksonville State,SE Louisiana,14,31,True,False,False,Atlantic Sun,Southland,fcs,fcs,
8,regular,2022-10-22 18:00:00+00:00,Millikin,Elmhurst,13,0,True,False,True,CCIW,CCIW,iii,iii,
8,regular,2022-10-22 18:00:00+00:00,Hope,Olivet,23,0,True,False,True,Michigan,Michigan,iii,iii,
8,regular,2022-10-22 18:00:00+00:00,Hamline,Augsburg,21,42,True,False,True,Minnesota,Minnesota,iii,iii,
8,regular,2022-10-22 18:00:00+00:00,Hampton,Richmond,10,41,True,False,True,CAA,CAA,fcs,fcs,
8,regular,2022-10-22 18:00:00+00:00,Missouri S&T,McKendree,35,42,True,False,True,Great Lakes,Great Lakes,ii,ii,
8,regular,2022-10-22 18:00:00+00:00,Hillsdale,Findlay,20,41,True,False,True,Great Midwest Athletic,Great Midwest Athletic,ii,ii,
8,regular,2022-10-22 18:00:00+00:00,Rowan,Kean,17,10,True,False,True,New Jersey,New Jersey,iii,iii,
8,regular,2022-10-22 18:00:00+00:00,Ohio,Northern Illinois,24,17,True,False,True,Mid-American,Mid-American,fbs,fbs,
8,regular,2022-10-22 18:00:00+00:00,Ball State,Eastern Michigan,16,20,True,False,True,Mid-American,Mid-American,fbs,fbs,
8,regular,2022-10-22 18:00:00+00:00,Wheaton (IL),Carroll (WI),61,9,True,False,False,CCIW,Midwest,iii,iii,
8,regular,2022-10-22 18:00:00+00:00,Wisconsin La Crosse,Wisconsin Stevens Point,55,13,True,False,True,Wisconsin,Wisconsin,iii,iii,
8,regular,2022-10-22 18:00:00+00:00,Western Carolina,The Citadel,21,34,True,False,True,Southern,Southern,fcs,fcs,
8,regular,2022-10-22 18:00:00+00:00,Washburn,Central Oklahoma,37,9,True,False,True,Mid America,Mid America,ii,ii,
8,regular,2022-10-22 18:00:00+00:00,Morehouse,Benedict,0,35,True,False,True,SIAC,SIAC,ii,ii,
8,regular,2022-10-22 18:00:00+00:00,Northwestern State,Southeast Missouri State,16,51,True,False,False,Southland,OVC,fcs,fcs,
8,regular,2022-10-22 18:00:00+00:00,North Park,Augustana (IL),34,56,True,False,True,CCIW,CCIW,iii,iii,
8,regular,2022-10-22 18:00:00+00:00,Heidelberg,Marietta,29,21,True,False,True,Ohio,Ohio,iii,iii,
8,regular,2022-10-22 18:00:00+00:00,Beloit,Lawrence,56,0,True,False,True,Midwest,Midwest,iii,iii,
8,regular,2022-10-22 18:00:00+00:00,Wisconsin Platteville,Wisconsin Whitewater,17,13,True,False,True,Wisconsin,Wisconsin,iii,iii,
8,regular,2022-10-22 18:00:00+00:00,Kalamazoo,Alma,21,45,True,False,True,Michigan,Michigan,iii,iii,
8,regular,2022-10-22 18:00:00+00:00,Case Western Reserve,Bethany (WV),45,7,True,False,True,Presidents',Presidents',iii,iii,
8,regular,2022-10-22 18:00:00+00:00,Loras,Coe,17,27,True,False,True,American Rivers,American Rivers,iii,iii,
8,regular,2022-10-22 18:30:00+00:00,Wisconsin Oshkosh,Wisconsin Stout,19,14,True,False,True,Wisconsin,Wisconsin,iii,iii,
8,regular,2022-10-22 18:30:00+00:00,Trinity (CT),Williams,32,13,True,False,True,NESCAC,NESCAC,iii,iii,
8,regular,2022-10-22 18:30:00+00:00,Notre Dame,UNLV,44,21,True,False,False,FBS Independents,Mountain West,fbs,fbs,
8,regular,2022-10-22 19:00:00+00:00,East Central,Southwestern Oklahoma State,42,28,True,False,True,Great American,Great American,ii,ii,
8,regular,2022-10-22 19:00:00+00:00,Delaware,Morgan State,38,7,True,False,False,CAA,MEAC,fcs,fcs,
8,regular,2022-10-22 19:00:00+00:00,Northern Colorado,UC Davis,10,58,True,False,True,Big Sky,Big Sky,fcs,fcs,
8,regular,2022-10-22 19:00:00+00:00,South Dakota,Southern Illinois,27,24,True,False,True,MVFC,MVFC,fcs,fcs,
8,regular,2022-10-22 19:00:00+00:00,Grand Valley State,Northern Michigan,56,3,True,False,True,GLIAC,GLIAC,ii,ii,
8,regular,2022-10-22 19:00:00+00:00,Alcorn State,Texas Southern,27,34,True,False,True,SWAC,SWAC,fcs,fcs,
8,regular,2022-10-22 19:00:00+00:00,Lane College,Tuskegee,31,35,True,False,True,SIAC,SIAC,ii,ii,
8,regular,2022-10-22 19:00:00+00:00,Southern Arkansas,Ouachita Baptist,31,63,True,False,True,Great American,Great American,ii,ii,
8,regular,2022-10-22 19:00:00+00:00,Incarnate Word,Faulkner University,70,0,True,False,False,Southland,,fcs,,
8,regular,2022-10-22 19:00:00+00:00,Kennesaw State,Tennessee Tech,33,30,True,False,False,Atlantic Sun,OVC,fcs,fcs,
8,regular,2022-10-22 19:00:00+00:00,Arkansas Monticello,Harding,43,56,True,False,True,Great American,Great American,ii,ii,
8,regular,2022-10-22 19:00:00+00:00,Northwest Missouri State,Northeastern State,36,3,True,False,True,Mid America,Mid America,ii,ii,
8,regular,2022-10-22 19:00:00+00:00,Kutztown,Lock Haven,35,7,True,False,True,Pennsylvania State Athletic,Pennsylvania State Athletic,ii,ii,
8,regular,2022-10-22 19:00:00+00:00,Tennessee State,Eastern Illinois,37,17,True,False,True,OVC,OVC,fcs,fcs,
8,regular,2022-10-22 19:00:00+00:00,Idaho,Portland State,56,21,True,False,True,Big Sky,Big Sky,fcs,fcs,
8,regular,2022-10-22 19:00:00+00:00,Montana State,Weber State,43,38,True,False,True,Big Sky,Big Sky,fcs,fcs,
8,regular,2022-10-22 19:00:00+00:00,Jackson State,Campbell,22,14,True,False,False,SWAC,Big South,fcs,fcs,
8,regular,2022-10-22 19:00:00+00:00,Dubuque,Luther,68,7,True,False,True,American Rivers,American Rivers,iii,iii,
8,regular,2022-10-22 19:00:00+00:00,Eastern Kentucky,North Alabama,56,53,True,False,False,Atlantic Sun,Atlantic Sun,fcs,fcs,
8,regular,2022-10-22 19:00:00+00:00,Cornell (IA),Monmouth (IL),12,56,True,False,True,Midwest,Midwest,iii,iii,
8,regular,2022-10-22 19:00:00+00:00,Southeastern Oklahoma State,Oklahoma Baptist,62,14,True,False,True,Great American,Great American,ii,ii,
8,regular,2022-10-22 19:00:00+00:00,Lincoln (MO),Nebraska Kearney,17,66,True,False,True,Mid America,Mid America,ii,ii,
8,regular,2022-10-22 19:00:00+00:00,Pittsburg State,Missouri Western,28,16,True,False,True,Mid America,Mid America,ii,ii,
8,regular,2022-10-22 19:00:00+00:00,Miles,Kentucky State,7,35,True,False,True,SIAC,SIAC,ii,ii,
8,regular,2022-10-22 19:00:00+00:00,Brevard,LaGrange,24,10,True,False,True,USA South,USA South,iii,iii,
8,regular,2022-10-22 19:00:00+00:00,Winona State,Sioux Falls,20,17,True,False,True,Northern Sun,Northern Sun,ii,ii,
8,regular,2022-10-22 19:00:00+00:00,East Texas A&M,Houston Christian,31,3,True,False,True,Southland,Southland,fcs,fcs,
8,regular,2022-10-22 19:00:00+00:00,Missouri Southern State,Emporia State,21,24,True,False,True,Mid America,Mid America,ii,ii,
8,regular,2022-10-22 19:00:00+00:00,Henderson State,Arkansas Tech,35,19,True,False,True,Great American,Great American,ii,ii,
8,regular,2022-10-22 19:00:00+00:00,Louisiana Tech,Rice,41,42,True,False,True,Conference USA,Conference USA,fbs,fbs,
8,regular,2022-10-22 19:00:00+00:00,University of Mary,Minnesota St Moorhead,38,40,True,False,True,Northern Sun,Northern Sun,ii,ii,
8,regular,2022-10-22 19:00:00+00:00,Idaho State,Northern Arizona,10,24,True,False,True,Big Sky,Big Sky,fcs,fcs,
8,regular,2022-10-22 19:00:00+00:00,Southern Utah,Stephen F. Austin,38,41,True,False,True,Western Athletic,Western Athletic,fcs,fcs,
8,regular,2022-10-22 19:00:00+00:00,Texas Tech,West Virginia,48,10,True,False,True,Big 12,Big 12,fbs,fbs,
8,regular,2022-10-22 19:30:00+00:00,Tulane,Memphis,38,28,True,False,True,American Athletic,American Athletic,fbs,fbs,
8,regular,2022-10-22 19:30:00+00:00,Charlotte,Florida International,15,34,True,False,True,Conference USA,Conference USA,fbs,fbs,
8,regular,2022-10-22 19:30:00+00:00,Wake Forest,Boston College,43,15,True,False,True,ACC,ACC,fbs,fbs,
8,regular,2022-10-22 19:30:00+00:00,Maryland,Northwestern,31,24,True,False,True,Big Ten,Big Ten,fbs,fbs,
8,regular,2022-10-22 19:30:00+00:00,James Madison,Marshall,12,26,True,False,True,Sun Belt,Sun Belt,fbs,fbs,
8,regular,2022-10-22 19:30:00+00:00,Springfield,WPI,45,7,True,False,True,NEWMAC,NEWMAC,iii,iii,
8,regular,2022-10-22 19:30:00+00:00,LSU,Ole Miss,45,20,True,False,True,SEC,SEC,fbs,fbs,
8,regular,2022-10-22 19:30:00+00:00,Lafayette,Holy Cross,21,24,True,False,True,Patriot,Patriot,fcs,fcs,
8,regular,2022-10-22 19:30:00+00:00,UTSA,North Texas,31,27,True,False,True,Conference USA,Conference USA,fbs,fbs,
8,regular,2022-10-22 19:30:00+00:00,Villanova,UAlbany,31,29,True,False,True,CAA,CAA,fcs,fcs,
8,regular,2022-10-22 19:30:00+00:00,Stony Brook,Maine,28,27,True,False,True,CAA,CAA,fcs,fcs,
8,regular,2022-10-22 19:30:00+00:00,East Tennessee State,Samford,45,55,True,False,True,Southern,Southern,fcs,fcs,
8,regular,2022-10-22 19:30:00+00:00,Liberty,BYU,41,14,True,False,True,FBS Independents,FBS Independents,fbs,fbs,
8,regular,2022-10-22 19:30:00+00:00,Oklahoma State,Texas,41,34,True,False,True,Big 12,Big 12,fbs,fbs,
8,regular,2022-10-22 19:30:00+00:00,Old Dominion,Georgia Southern,23,28,True,False,True,Sun Belt,Sun Belt,fbs,fbs,
8,regular,2022-10-22 19:30:00+00:00,California (PA),Slippery Rock,24,42,True,False,True,Pennsylvania State Athletic,Pennsylvania State Athletic,ii,ii,
8,regular,2022-10-22 19:30:00+00:00,Wisconsin,Purdue,35,24,True,False,True,Big Ten,Big Ten,fbs,fbs,
8,regular,2022-10-22 19:30:00+00:00,Miami (OH),Western Michigan,10,16,True,False,True,Mid-American,Mid-American,fbs,fbs,
8,regular,2022-10-22 19:30:00+00:00,Oregon,UCLA,45,30,True,False,True,Pac-12,Pac-12,fbs,fbs,
8,regular,2022-10-22 20:00:00+00:00,William Jewell,Truman State,7,42,True,False,True,Great Lakes,Great Lakes,ii,ii,
8,regular,2022-10-22 20:00:00+00:00,Nicholls,McNeese,40,35,True,False,True,Southland,Southland,fcs,fcs,
8,regular,2022-10-22 20:00:00+00:00,Western Illinois,Youngstown State,27,28,True,False,True,MVFC,MVFC,fcs,fcs,
8,regular,2022-10-22 20:00:00+00:00,Missouri,Vanderbilt,17,14,True,False,True,SEC,SEC,fbs,fbs,
8,regular,2022-10-22 20:00:00+00:00,Stanford,Arizona State,15,14,True,False,True,Pac-12,Pac-12,fbs,fbs,
8,regular,2022-10-22 20:00:00+00:00,Towson,William & Mary,24,44,True,False,True,CAA,CAA,fcs,fcs,
8,regular,2022-10-22 20:00:00+00:00,Erskine,UVA Wise,13,28,True,False,False,South Atlantic,South Atlantic,ii,ii,
8,regular,2022-10-22 20:00:00+00:00,Puget Sound,Lewis & Clark,41,47,True,False,True,Northwest,Northwest,iii,iii,
8,regular,2022-10-22 20:00:00+00:00,Colorado State,Hawai'i,17,13,True,False,True,Mountain West,Mountain West,fbs,fbs,
8,regular,2022-10-22 20:00:00+00:00,Pacific (OR),George Fox,7,21,True,False,True,Northwest,Northwest,iii,iii,
8,regular,2022-10-22 20:00:00+00:00,Mississippi Valley State,Bethune-Cookman,35,45,True,False,True,SWAC,SWAC,fcs,fcs,
8,regular,2022-10-22 20:00:00+00:00,UTEP,Florida Atlantic,24,21,True,False,True,Conference USA,Conference USA,fbs,fbs,
8,regular,2022-10-22 20:00:00+00:00,North Dakota,South Dakota State,35,49,True,False,True,MVFC,MVFC,fcs,fcs,
8,regular,2022-10-22 20:00:00+00:00,Millsaps,Rhodes,7,31,True,False,True,Southern Athletic,Southern Athletic,iii,iii,
8,regular,2022-10-22 20:00:00+00:00,Southern Nazarene,Northwestern (OK),27,21,True,False,True,Great American,Great American,ii,ii,
8,regular,2022-10-22 20:00:00+00:00,CSU Pueblo,Chadron State,34,12,True,False,True,Rocky Mountain,Rocky Mountain,ii,ii,
8,regular,2022-10-22 20:00:00+00:00,Whittier,Chapman,7,50,True,False,True,So. Cal.,So. Cal.,iii,iii,
8,regular,2022-10-22 20:00:00+00:00,Willamette,Whitworth,14,42,True,False,True,Northwest,Northwest,iii,iii,
8,regular,2022-10-22 20:05:00+00:00,Western Oregon,Eastern New Mexico,46,7,True,False,False,Lone Star,Lone Star,ii,ii,
8,regular,2022-10-22 20:30:00+00:00,Nebraska Wesleyan,Buena Vista,25,42,True,True,True,American Rivers,American Rivers,iii,iii,
8,regular,2022-10-22 20:30:00+00:00,Linfield,Pacific Lutheran,45,0,True,False,True,Northwest,Northwest,iii,iii,
8,regular,2022-10-22 21:00:00+00:00,West Florida,Mississippi College,45,17,True,True,True,Gulf South,Gulf South,ii,ii,
8,regular,2022-10-22 21:00:00+00:00,Northern Iowa,Missouri State,41,20,True,False,True,MVFC,MVFC,fcs,fcs,
8,regular,2022-10-22 21:00:00+00:00,Southern,Virginia Lynchburg,51,7,True,False,False,SWAC,,fcs,,
8,regular,2022-10-22 21:00:00+00:00,Lamar,Prairie View A&M,21,54,True,False,False,Southland,SWAC,fcs,fcs,
8,regular,2022-10-22 21:00:00+00:00,Savannah State,Albany State,20,31,True,False,True,SIAC,SIAC,ii,ii,
8,regular,2022-10-22 21:00:00+00:00,Louisiana,Arkansas State,38,18,True,False,True,Sun Belt,Sun Belt,fbs,fbs,
8,regular,2022-10-22 21:00:00+00:00,Texas State,Southern Miss,14,20,True,False,True,Sun Belt,Sun Belt,fbs,fbs,
8,regular,2022-10-22 21:00:00+00:00,West Alabama,North Greenville,33,34,True,False,True,Gulf South,Gulf South,ii,ii,
8,regular,2022-10-22 22:00:00+00:00,Wayne State (MI),Saginaw Valley State,14,21,True,False,True,GLIAC,GLIAC,ii,ii,
8,regular,2022-10-22 22:00:00+00:00,Post,Saint Anselm,20,24,True,True,False,Independent DII,Northeast 10,ii,ii,
8,regular,2022-10-22 22:00:00+00:00,Wingate,Barton,28,3,True,False,False,South Atlantic,South Atlantic,ii,ii,
8,regular,2022-10-22 22:00:00+00:00,West Georgia,Valdosta State,54,17,True,False,True,Gulf South,Gulf South,ii,ii,
8,regular,2022-10-22 22:00:00+00:00,Indianapolis,Quincy,52,38,True,False,True,Great Lakes,Great Lakes,ii,ii,
8,regular,2022-10-22 22:00:00+00:00,Catawba,Limestone,23,48,True,False,True,South Atlantic,South Atlantic,ii,ii,
8,regular,2022-10-22 22:00:00+00:00,Charleston Southern,Gardner-Webb,14,28,True,False,True,Big South,Big South,fcs,fcs,
8,regular,2022-10-22 22:30:00+00:00,New Mexico,Fresno State,9,41,True,False,True,Mountain West,Mountain West,fbs,fbs,
8,regular,2022-10-22 23:00:00+00:00,Sewanee,Birmingham-Southern,3,47,True,False,True,Southern Athletic,Southern Athletic,iii,iii,
8,regular,2022-10-22 23:00:00+00:00,UT Permian Basin,Midwestern State,23,24,True,False,True,Lone Star,Lone Star,ii,ii,
8,regular,2022-10-22 23:00:00+00:00,Alabama,Mississippi State,30,6,True,False,True,SEC,SEC,fbs,fbs,
8,regular,2022-10-22 23:00:00+00:00,Eureka,Wisconsin Lutheran,35,51,True,False,True,NACC,NACC,iii,iii,
8,regular,2022-10-22 23:00:00+00:00,Angelo State,Texas A&M-Kingsville,34,7,True,False,True,Lone Star,Lone Star,ii,ii,
8,regular,2022-10-22 23:00:00+00:00,Thiel,Waynesburg,8,34,True,False,True,Presidents',Presidents',iii,iii,
8,regular,2022-10-22 23:00:00+00:00,Air Force,Boise State,14,19,True,False,True,Mountain West,Mountain West,fbs,fbs,
8,regular,2022-10-22 23:00:00+00:00,Carnegie Mellon,Geneva,41,0,True,False,True,Presidents',Presidents',iii,iii,
8,regular,2022-10-22 23:00:00+00:00,Northern State,Concordia St. Paul,49,20,True,False,True,Northern Sun,Northern Sun,ii,ii,
8,regular,2022-10-22 23:30:00+00:00,East Carolina,UCF,34,13,True,False,True,American Athletic,American Athletic,fbs,fbs,
8,regular,2022-10-22 23:30:00+00:00,Penn State,Minnesota,45,17,True,False,True,Big Ten,Big Ten,fbs,fbs,
8,regular,2022-10-22 23:30:00+00:00,South Carolina,Texas A&M,30,24,True,False,True,SEC,SEC,fbs,fbs,
8,regular,2022-10-23 00:00:00+00:00,Tarleton State,Southwest Baptist,24,10,True,False,False,Western Athletic,Great Lakes,fcs,ii,
8,regular,2022-10-23 00:00:00+00:00,Cal Poly,Eastern Washington,10,17,True,False,True,Big Sky,Big Sky,fcs,fcs,
8,regular,2022-10-23 00:00:00+00:00,Louisville,Pittsburgh,24,10,True,False,True,ACC,ACC,fbs,fbs,
8,regular,2022-10-23 00:00:00+00:00,Oregon State,Colorado,42,9,True,False,True,Pac-12,Pac-12,fbs,fbs,
8,regular,2022-10-23 00:00:00+00:00,West Texas,Central Washington,35,16,True,False,False,Lone Star,Lone Star,ii,ii,
8,regular,2022-10-23 00:00:00+00:00,TCU,Kansas State,38,28,True,False,True,Big 12,Big 12,fbs,fbs,
8,regular,2022-10-23 01:00:00+00:00,Simon Fraser,Western New Mexico,21,38,True,True,False,Lone Star,Lone Star,ii,ii,
8,regular,2022-10-23 01:00:00+00:00,Adams State,Colorado Mesa,45,31,True,False,True,Rocky Mountain,Rocky Mountain,ii,ii,
8,regular,2022-10-23 01:00:00+00:00,Utah Tech,Sam Houston,13,18,True,False,True,Western Athletic,Western Athletic,fcs,fcs,
8,regular,2022-10-23 01:45:00+00:00,Wyoming,Utah State,28,14,True,False,True,Mountain West,Mountain West,fbs,fbs,
8,regular,2022-10-23 02:00:00+00:00,Cal Lutheran,Pomona Pitzer,24,28,True,False,True,So. Cal.,So. Cal.,iii,iii,
8,regular,2022-10-23 02:00:00+00:00,Redlands,La Verne,36,19,True,False,True,So. Cal.,So. Cal.,iii,iii,
8,regular,2022-10-23 02:30:00+00:00,California,Washington,21,28,True,False,True,Pac-12,Pac-12,fbs,fbs,
8,regular,2022-10-23 02:30:00+00:00,Nevada,San Diego State,7,23,True,False,True,Mountain West,Mountain West,fbs,fbs,
8,regular,2022-10-23 03:00:00+00:00,Sacramento State,Montana,31,24,True,False,True,Big Sky,Big Sky,fcs,fcs,
9,regular,2022-10-27 23:00:00+00:00,Miles,Edward Waters,16,22,True,False,True,SIAC,SIAC,ii,ii,
9,regular,2022-10-27 23:00:00+00:00,Ouachita Baptist,East Central,28,18,True,False,True,Great American,Great American,ii,ii,
9,regular,2022-10-27 23:30:00+00:00,Southern Miss,Louisiana,39,24,True,False,True,Sun Belt,Sun Belt,fbs,fbs,
9,regular,2022-10-27 23:30:00+00:00,NC State,Virginia Tech,22,21,True,False,True,ACC,ACC,fbs,fbs,
9,regular,2022-10-28 02:00:00+00:00,Washington State,Utah,17,21,True,False,True,Pac-12,Pac-12,fbs,fbs,
9,regular,2022-10-28 22:30:00+00:00,Columbia,Yale,16,41,True,False,True,Ivy,Ivy,fcs,fcs,
9,regular,2022-10-29 00:00:00+00:00,Illinois College,Cornell (IA),28,14,True,False,True,Midwest,Midwest,iii,iii,
9,regular,2022-10-29 00:00:00+00:00,BYU,East Carolina,24,27,True,False,False,FBS Independents,American Athletic,fbs,fbs,
9,regular,2022-10-29 00:00:00+00:00,Florida International,Louisiana Tech,42,34,True,False,True,Conference USA,Conference USA,fbs,fbs,
9,regular,2022-10-29 16:00:00+00:00,Akron,Miami (OH),9,27,True,False,True,Mid-American,Mid-American,fbs,fbs,
9,regular,2022-10-29 16:00:00+00:00,Pace,Saint Anselm,17,14,True,False,True,Northeast 10,Northeast 10,ii,ii,
9,regular,2022-10-29 16:00:00+00:00,Millersville,Kutztown,13,20,True,False,True,Pennsylvania State Athletic,Pennsylvania State Athletic,ii,ii,
9,regular,2022-10-29 16:00:00+00:00,Alvernia,King's,14,41,True,False,True,Mid Atlantic,Mid Atlantic,iii,iii,
9,regular,2022-10-29 16:00:00+00:00,UVA Wise,Mars Hill,16,20,True,False,True,South Atlantic,South Atlantic,ii,ii,
9,regular,2022-10-29 16:00:00+00:00,Rochester (NY),St. Lawrence,31,35,True,False,True,Liberty League,Liberty League,iii,iii,
9,regular,2022-10-29 16:00:00+00:00,Husson,Western New England,27,17,True,False,True,Commonwealth Coast,Commonwealth Coast,iii,iii,
9,regular,2022-10-29 16:00:00+00:00,WPI,Norwich,20,15,True,False,True,NEWMAC,NEWMAC,iii,iii,
9,regular,2022-10-29 16:00:00+00:00,FDU Florham,Albright,10,2,True,False,True,Mid Atlantic,Mid Atlantic,iii,iii,
9,regular,2022-10-29 16:00:00+00:00,Plymouth State,Westfield State,31,22,True,False,True,MSCAC,MSCAC,iii,iii,
9,regular,2022-10-29 16:00:00+00:00,Wilkes,Lycoming,24,7,True,False,True,Mid Atlantic,Mid Atlantic,iii,iii,
9,regular,2022-10-29 16:00:00+00:00,Auburn,Arkansas,27,41,True,False,True,SEC,SEC,fbs,fbs,
9,regular,2022-10-29 16:00:00+00:00,Iowa State,Oklahoma,13,27,True,False,True,Big 12,Big 12,fbs,fbs,
9,regular,2022-10-29 16:00:00+00:00,West Virginia,TCU,31,41,True,False,True,Big 12,Big 12,fbs,fbs,
9,regular,2022-10-29 16:00:00+00:00,UConn,Boston College,13,3,True,False,False,FBS Independents,ACC,fbs,fbs,
9,regular,2022-10-29 16:00:00+00:00,American International,Southern Connecticut State,22,23,True,False,True,Northeast 10,Northeast 10,ii,ii,
9,regular,2022-10-29 16:00:00+00:00,Edinboro,Seton Hill,14,45,True,False,True,Pennsylvania State Athletic,Pennsylvania State Athletic,ii,ii,
9,regular,2022-10-29 16:00:00+00:00,Clarion,Slippery Rock,0,31,True,False,True,Pennsylvania State Athletic,Pennsylvania State Athletic,ii,ii,
9,regular,2022-10-29 16:00:00+00:00,Findlay,Lake Erie,42,17,True,False,True,Great Midwest Athletic,Great Midwest Athletic,ii,ii,
9,regular,2022-10-29 16:00:00+00:00,Northern Michigan,Ferris State,20,56,True,False,True,GLIAC,GLIAC,ii,ii,
9,regular,2022-10-29 16:00:00+00:00,SUNY Morrisville,Utica,17,20,True,False,True,Empire 8,Empire 8,iii,iii,
9,regular,2022-10-29 16:00:00+00:00,Morgan State,South Carolina State,41,14,True,False,True,MEAC,MEAC,fcs,fcs,
9,regular,2022-10-29 16:00:00+00:00,Central Connecticut,Wagner,34,7,True,False,True,NEC,NEC,fcs,fcs,
9,regular,2022-10-29 16:00:00+00:00,Syracuse,Notre Dame,24,41,True,False,False,ACC,FBS Independents,fbs,fbs,
9,regular,2022-10-29 16:00:00+00:00,Penn State,Ohio State,31,44,True,False,True,Big Ten,Big Ten,fbs,fbs,
9,regular,2022-10-29 16:00:00+00:00,Florida State,Georgia Tech,41,16,True,False,True,ACC,ACC,fbs,fbs,
9,regular,2022-10-29 16:00:00+00:00,Houston,South Florida,42,27,True,False,True,American Athletic,American Athletic,fbs,fbs,
9,regular,2022-10-29 16:00:00+00:00,Marist,Presbyterian,37,7,True,False,True,Pioneer,Pioneer,fcs,fcs,
9,regular,2022-10-29 16:00:00+00:00,Framingham State,Mass Maritime,34,10,True,False,True,MSCAC,MSCAC,iii,iii,
9,regular,2022-10-29 16:00:00+00:00,UMass Dartmouth,Bridgewater State,48,7,True,False,True,MSCAC,MSCAC,iii,iii,
9,regular,2022-10-29 16:00:00+00:00,Fairmont State,Notre Dame College,6,30,True,False,True,Mountain East,Mountain East,ii,ii,
9,regular,2022-10-29 16:00:00+00:00,Gallaudet,Anna Maria College,27,13,True,False,True,ECFC,ECFC,iii,iii,
9,regular,2022-10-29 16:00:00+00:00,Brockport,Buffalo State,54,2,True,False,False,Empire 8,Liberty League,iii,iii,
9,regular,2022-10-29 16:00:00+00:00,Shepherd,Bloomsburg,55,10,True,False,True,Pennsylvania State Athletic,Pennsylvania State Athletic,ii,ii,
9,regular,2022-10-29 16:00:00+00:00,Butler,Morehead State,56,20,True,False,True,Pioneer,Pioneer,fcs,fcs,
9,regular,2022-10-29 16:00:00+00:00,Sacred Heart,Saint Francis,14,44,True,False,True,NEC,NEC,fcs,fcs,
9,regular,2022-10-29 16:00:00+00:00,Duquesne,Long Island University,48,50,True,False,True,NEC,NEC,fcs,fcs,
9,regular,2022-10-29 16:00:00+00:00,Albion,Adrian,37,9,True,False,True,Michigan,Michigan,iii,iii,
9,regular,2022-10-29 16:00:00+00:00,Walsh,Kentucky Wesleyan,35,10,True,False,True,Great Midwest Athletic,Great Midwest Athletic,ii,ii,
9,regular,2022-10-29 16:00:00+00:00,Concord,Wheeling,62,31,True,False,True,Mountain East,Mountain East,ii,ii,
9,regular,2022-10-29 16:00:00+00:00,Mercyhurst,California (PA),20,44,True,False,True,Pennsylvania State Athletic,Pennsylvania State Athletic,ii,ii,
9,regular,2022-10-29 16:00:00+00:00,Gannon,IU Pennsylvania,43,36,True,False,True,Pennsylvania State Athletic,Pennsylvania State Athletic,ii,ii,
9,regular,2022-10-29 16:00:00+00:00,West Chester,Lock Haven,58,10,True,False,True,Pennsylvania State Athletic,Pennsylvania State Athletic,ii,ii,
9,regular,2022-10-29 16:00:00+00:00,Vermont State Castleton,Alfred State,37,13,True,False,True,ECFC,ECFC,iii,iii,
9,regular,2022-10-29 16:00:00+00:00,Centre,Trinity (TX),21,41,True,False,True,Southern Athletic,Southern Athletic,iii,iii,
9,regular,2022-10-29 16:00:00+00:00,Misericordia,Stevenson,7,44,True,False,True,Mid Atlantic,Mid Atlantic,iii,iii,
9,regular,2022-10-29 16:00:00+00:00,Eastern Michigan,Toledo,24,27,True,False,True,Mid-American,Mid-American,fbs,fbs,
9,regular,2022-10-29 16:30:00+00:00,Brown,Pennsylvania,34,31,True,False,True,Ivy,Ivy,fcs,fcs,
9,regular,2022-10-29 16:30:00+00:00,Lafayette,Georgetown,20,30,True,False,True,Patriot,Patriot,fcs,fcs,
9,regular,2022-10-29 16:30:00+00:00,Virginia,Miami,12,14,True,False,True,ACC,ACC,fbs,fbs,
9,regular,2022-10-29 17:00:00+00:00,Maine,Richmond,21,31,True,False,True,CAA,CAA,fcs,fcs,
9,regular,2022-10-29 17:00:00+00:00,Princeton,Cornell,35,9,True,False,True,Ivy,Ivy,fcs,fcs,
9,regular,2022-10-29 17:00:00+00:00,Moravian,McDaniel,14,3,True,False,True,Centennial,Centennial,iii,iii,
9,regular,2022-10-29 17:00:00+00:00,Post,Franklin Pierce,19,42,True,True,False,Independent DII,Northeast 10,ii,ii,
9,regular,2022-10-29 17:00:00+00:00,Wabash,Hiram,59,23,True,False,True,North Coast,North Coast,iii,iii,
9,regular,2022-10-29 17:00:00+00:00,Olivet,Alma,35,49,True,False,True,Michigan,Michigan,iii,iii,
9,regular,2022-10-29 17:00:00+00:00,Curry,Endicott,7,48,True,False,True,Commonwealth Coast,Commonwealth Coast,iii,iii,
9,regular,2022-10-29 17:00:00+00:00,Waynesburg,Westminster (PA),10,30,True,False,True,Presidents',Presidents',iii,iii,
9,regular,2022-10-29 17:00:00+00:00,Saginaw Valley State,Davenport,28,29,True,False,True,GLIAC,GLIAC,ii,ii,
9,regular,2022-10-29 17:00:00+00:00,Lincoln (PA),Virginia State,21,42,True,False,True,CIAA,CIAA,ii,ii,
9,regular,2022-10-29 17:00:00+00:00,UAlbany,Stony Brook,59,14,True,False,True,CAA,CAA,fcs,fcs,
9,regular,2022-10-29 17:00:00+00:00,Thiel,Washington & Jefferson,0,55,True,False,True,Presidents',Presidents',iii,iii,
9,regular,2022-10-29 17:00:00+00:00,Stonehill,Merrimack,10,17,True,False,True,NEC,NEC,fcs,fcs,
9,regular,2022-10-29 17:00:00+00:00,Belhaven,LaGrange,70,16,True,False,False,USA South,USA South,iii,iii,
9,regular,2022-10-29 17:00:00+00:00,Carnegie Mellon,Saint Vincent,30,12,True,False,True,Presidents',Presidents',iii,iii,
9,regular,2022-10-29 17:00:00+00:00,Averett,Shenandoah,0,45,True,False,False,Old Dominion,Old Dominion,iii,iii,
9,regular,2022-10-29 17:00:00+00:00,Muhlenberg,Franklin & Marshall,28,21,True,False,True,Centennial,Centennial,iii,iii,
9,regular,2022-10-29 17:00:00+00:00,Holy Cross,Fordham,53,52,True,False,True,Patriot,Patriot,fcs,fcs,
9,regular,2022-10-29 17:00:00+00:00,Virginia Union,Chowan,21,26,True,False,True,CIAA,CIAA,ii,ii,
9,regular,2022-10-29 17:00:00+00:00,Amherst,Wesleyan (CT),7,13,True,False,True,NESCAC,NESCAC,iii,iii,
9,regular,2022-10-29 17:00:00+00:00,Southern Virginia,Methodist,23,36,True,False,True,USA South,USA South,iii,iii,
9,regular,2022-10-29 17:00:00+00:00,Montclair State,Christopher Newport,13,14,True,False,True,New Jersey,New Jersey,iii,iii,
9,regular,2022-10-29 17:00:00+00:00,Trinity (CT),Bowdoin,38,3,True,False,True,NESCAC,NESCAC,iii,iii,
9,regular,2022-10-29 17:00:00+00:00,Elizabeth City State,Bowie State,29,36,True,False,True,CIAA,CIAA,ii,ii,
9,regular,2022-10-29 17:00:00+00:00,Michigan Tech,Grand Valley State,7,42,True,False,True,GLIAC,GLIAC,ii,ii,
9,regular,2022-10-29 17:00:00+00:00,New England,Salve Regina,30,12,True,False,True,Commonwealth Coast,Commonwealth Coast,iii,iii,
9,regular,2022-10-29 17:00:00+00:00,Concordia St. Paul,University of Mary,13,23,True,False,True,Northern Sun,Northern Sun,ii,ii,
9,regular,2022-10-29 17:00:00+00:00,Ithaca,Rensselaer,13,10,True,False,True,Liberty League,Liberty League,iii,iii,
9,regular,2022-10-29 17:00:00+00:00,Lebanon Valley,Widener,20,26,True,False,True,Mid Atlantic,Mid Atlantic,iii,iii,
9,regular,2022-10-29 17:00:00+00:00,Bucknell,Colgate,7,13,True,False,True,Patriot,Patriot,fcs,fcs,
9,regular,2022-10-29 17:00:00+00:00,William Paterson,The College of New Jersey,2,33,True,False,True,New Jersey,New Jersey,iii,iii,
9,regular,2022-10-29 17:00:00+00:00,Dayton,Valparaiso,31,24,True,False,True,Pioneer,Pioneer,fcs,fcs,
9,regular,2022-10-29 17:00:00+00:00,MIT,Coast Guard,24,31,True,False,True,NEWMAC,NEWMAC,iii,iii,
9,regular,2022-10-29 17:00:00+00:00,Villanova,Hampton,24,10,True,False,True,CAA,CAA,fcs,fcs,
9,regular,2022-10-29 17:00:00+00:00,Hope,Kalamazoo,66,20,True,False,True,Michigan,Michigan,iii,iii,
9,regular,2022-10-29 17:00:00+00:00,Stetson,Drake,17,24,True,False,True,Pioneer,Pioneer,fcs,fcs,
9,regular,2022-10-29 17:00:00+00:00,Winston-Salem State,Johnson C. Smith,28,7,True,False,True,CIAA,CIAA,ii,ii,
9,regular,2022-10-29 17:00:00+00:00,Hampden Sydney,Guilford,28,21,True,False,True,Old Dominion,Old Dominion,iii,iii,
9,regular,2022-10-29 17:00:00+00:00,Shippensburg,East Stroudsburg,16,23,True,False,True,Pennsylvania State Athletic,Pennsylvania State Athletic,ii,ii,
9,regular,2022-10-29 17:00:00+00:00,North Carolina A&T,Campbell,45,38,True,False,True,Big South,Big South,fcs,fcs,
9,regular,2022-10-29 17:00:00+00:00,William & Mary,Rhode Island,31,30,True,False,True,CAA,CAA,fcs,fcs,
9,regular,2022-10-29 17:00:00+00:00,Kenyon,DePauw,35,58,True,False,True,North Coast,North Coast,iii,iii,
9,regular,2022-10-29 17:00:00+00:00,Kentucky State,Tuskegee,7,28,True,False,True,SIAC,SIAC,ii,ii,
9,regular,2022-10-29 17:00:00+00:00,Tufts,Hamilton,49,13,True,False,True,NESCAC,NESCAC,iii,iii,
9,regular,2022-10-29 17:00:00+00:00,Gettysburg,Ursinus,16,51,True,False,True,Centennial,Centennial,iii,iii,
9,regular,2022-10-29 17:00:00+00:00,Dickinson,Juniata,45,7,True,False,True,Centennial,Centennial,iii,iii,
9,regular,2022-10-29 17:00:00+00:00,Middlebury,Colby,20,17,True,False,True,NESCAC,NESCAC,iii,iii,
9,regular,2022-10-29 17:00:00+00:00,St. Thomas (MN),San Diego,49,42,True,False,True,Pioneer,Pioneer,fcs,fcs,
9,regular,2022-10-29 17:00:00+00:00,Williams,Bates,41,28,True,False,True,NESCAC,NESCAC,iii,iii,
9,regular,2022-10-29 17:00:00+00:00,Wayne State (NE),Upper Iowa,56,14,True,False,True,Northern Sun,Northern Sun,ii,ii,
9,regular,2022-10-29 17:00:00+00:00,Monmouth,Towson,48,52,True,False,True,CAA,CAA,fcs,fcs,
9,regular,2022-10-29 17:00:00+00:00,Emory & Henry,Carson Newman,7,21,True,False,False,South Atlantic,South Atlantic,ii,ii,
9,regular,2022-10-29 17:00:00+00:00,Lenoir Rhyne,Wingate,21,24,True,False,True,South Atlantic,South Atlantic,ii,ii,
9,regular,2022-10-29 17:00:00+00:00,Assumption,New Haven,14,13,True,False,True,Northeast 10,Northeast 10,ii,ii,
9,regular,2022-10-29 17:00:00+00:00,Minnesota Duluth,Minot State,51,7,True,False,True,Northern Sun,Northern Sun,ii,ii,
9,regular,2022-10-29 17:00:00+00:00,Hillsdale,Ashland,36,20,True,False,True,Great Midwest Athletic,Great Midwest Athletic,ii,ii,
9,regular,2022-10-29 17:00:00+00:00,Finlandia University,Westminster (MO),12,16,True,True,True,Upper Midwest,Upper Midwest,iii,iii,
9,regular,2022-10-29 17:00:00+00:00,Frostburg State,Alderson-Broaddus,58,7,True,False,True,Mountain East,Mountain East,ii,ii,
9,regular,2022-10-29 17:00:00+00:00,St. Augustine's,Livingstone,7,12,True,False,True,CIAA,CIAA,ii,ii,
9,regular,2022-10-29 17:00:00+00:00,Merchant Marine,Springfield,13,27,True,False,True,NEWMAC,NEWMAC,iii,iii,
9,regular,2022-10-29 17:00:00+00:00,Kennesaw State,Charleston Southern,30,20,True,False,False,Atlantic Sun,Big South,fcs,fcs,
9,regular,2022-10-29 17:00:00+00:00,Susquehanna,Johns Hopkins,26,24,True,False,True,Centennial,Centennial,iii,iii,
9,regular,2022-10-29 17:00:00+00:00,Glenville State,West Virginia State,31,30,True,False,True,Mountain East,Mountain East,ii,ii,
9,regular,2022-10-29 17:00:00+00:00,Alfred,SUNY Cortland,8,31,True,False,True,Empire 8,Empire 8,iii,iii,
9,regular,2022-10-29 17:00:00+00:00,Salisbury,Rowan,28,23,True,False,True,New Jersey,New Jersey,iii,iii,
9,regular,2022-10-29 17:00:00+00:00,Hobart,Union,23,21,True,False,True,Liberty League,Liberty League,iii,iii,
9,regular,2022-10-29 17:00:00+00:00,Allegheny,Case Western Reserve,7,54,True,False,False,Presidents',Presidents',iii,iii,
9,regular,2022-10-29 17:30:00+00:00,Wilmington (OH),Heidelberg,7,57,True,False,True,Ohio,Ohio,iii,iii,
9,regular,2022-10-29 17:30:00+00:00,Mount St Joseph,Bluffton,70,21,True,False,True,Heartland,Heartland,iii,iii,
9,regular,2022-10-29 17:30:00+00:00,Wofford,East Tennessee State,48,41,True,False,True,Southern,Southern,fcs,fcs,
9,regular,2022-10-29 17:30:00+00:00,Wooster,Wittenberg,44,43,True,False,True,North Coast,North Coast,iii,iii,
9,regular,2022-10-29 17:30:00+00:00,VMI,Mercer,14,55,True,False,True,Southern,Southern,fcs,fcs,
9,regular,2022-10-29 17:30:00+00:00,Capital,Baldwin Wallace,7,48,True,False,True,Ohio,Ohio,iii,iii,
9,regular,2022-10-29 17:30:00+00:00,Muskingum,John Carroll,14,49,True,False,True,Ohio,Ohio,iii,iii,
9,regular,2022-10-29 17:30:00+00:00,Marietta,Ohio Northern,27,10,True,False,True,Ohio,Ohio,iii,iii,
9,regular,2022-10-29 17:30:00+00:00,Gardner-Webb,Bryant,48,40,True,False,True,Big South,Big South,fcs,fcs,
9,regular,2022-10-29 17:30:00+00:00,Dartmouth,Harvard,13,28,True,False,True,Ivy,Ivy,fcs,fcs,
9,regular,2022-10-29 17:30:00+00:00,Tusculum,Erskine,49,14,True,False,False,South Atlantic,South Atlantic,ii,ii,
9,regular,2022-10-29 17:30:00+00:00,Rose Hulman,Defiance College,76,35,True,False,True,Heartland,Heartland,iii,iii,
9,regular,2022-10-29 17:30:00+00:00,Manchester,Franklin,6,24,True,False,True,Heartland,Heartland,iii,iii,
9,regular,2022-10-29 17:30:00+00:00,Anderson (IN),Hanover,3,62,True,False,True,Heartland,Heartland,iii,iii,
9,regular,2022-10-29 18:00:00+00:00,Quincy,Truman State,32,59,True,False,True,Great Lakes,Great Lakes,ii,ii,
9,regular,2022-10-29 18:00:00+00:00,Wisconsin Eau Claire,Wisconsin Stevens Point,48,26,True,False,True,Wisconsin,Wisconsin,iii,iii,
9,regular,2022-10-29 18:00:00+00:00,Albany State,Morehouse,31,7,True,False,True,SIAC,SIAC,ii,ii,
9,regular,2022-10-29 18:00:00+00:00,Lakeland,Eureka,26,17,True,False,True,NACC,NACC,iii,iii,
9,regular,2022-10-29 18:00:00+00:00,Benedict,Clark Atlanta,49,20,True,False,True,SIAC,SIAC,ii,ii,
9,regular,2022-10-29 18:00:00+00:00,Birmingham-Southern,Hendrix,30,7,True,False,True,Southern Athletic,Southern Athletic,iii,iii,
9,regular,2022-10-29 18:00:00+00:00,Black Hills State,Fort Lewis,75,0,True,False,True,Rocky Mountain,Rocky Mountain,ii,ii,
9,regular,2022-10-29 18:00:00+00:00,Chadron State,New Mexico Highlands,17,3,True,False,True,Rocky Mountain,Rocky Mountain,ii,ii,
9,regular,2022-10-29 18:00:00+00:00,Gustavus Adolphus,Carleton,28,9,True,False,True,Minnesota,Minnesota,iii,iii,
9,regular,2022-10-29 18:00:00+00:00,Huntingdon,Greensboro,42,0,True,False,True,USA South,USA South,iii,iii,
9,regular,2022-10-29 18:00:00+00:00,Augustana (IL),Illinois Wesleyan,24,21,True,False,True,CCIW,CCIW,iii,iii,
9,regular,2022-10-29 18:00:00+00:00,Ripon,Beloit,55,14,True,False,True,Midwest,Midwest,iii,iii,
9,regular,2022-10-29 18:00:00+00:00,Elmhurst,Washington St. Louis,6,49,True,False,True,CCIW,CCIW,iii,iii,
9,regular,2022-10-29 18:00:00+00:00,Austin,Southwestern U,29,40,True,False,True,American Southwest,American Southwest,iii,iii,
9,regular,2022-10-29 18:00:00+00:00,Sul Ross State,McMurry,33,27,True,False,True,American Southwest,American Southwest,iii,iii,
9,regular,2022-10-29 18:00:00+00:00,Hardin Simmons,Howard Payne,28,19,True,False,True,American Southwest,American Southwest,iii,iii,
9,regular,2022-10-29 18:00:00+00:00,Buena Vista,Wartburg,0,65,True,False,True,American Rivers,American Rivers,iii,iii,
9,regular,2022-10-29 18:00:00+00:00,Otterbein,Mount Union,0,59,True,False,True,Ohio,Ohio,iii,iii,
9,regular,2022-10-29 18:00:00+00:00,Southwest Minnesota State,Bemidji State,15,34,True,False,True,Northern Sun,Northern Sun,ii,ii,
9,regular,2022-10-29 18:00:00+00:00,Jackson State,Southern,35,0,True,False,True,SWAC,SWAC,fcs,fcs,
9,regular,2022-10-29 18:00:00+00:00,Berry,Millsaps,56,0,True,False,True,Southern Athletic,Southern Athletic,iii,iii,
9,regular,2022-10-29 18:00:00+00:00,Rice,Charlotte,23,56,True,False,True,Conference USA,Conference USA,fbs,fbs,
9,regular,2022-10-29 18:00:00+00:00,Northern State,Minnesota St Moorhead,35,7,True,False,True,Northern Sun,Northern Sun,ii,ii,
9,regular,2022-10-29 18:00:00+00:00,St. John Fisher,Hartwick,44,26,True,False,True,Empire 8,Empire 8,iii,iii,
9,regular,2022-10-29 18:00:00+00:00,Hamline,Macalester,20,33,True,False,False,Minnesota,Minnesota,iii,iii,
9,regular,2022-10-29 18:00:00+00:00,Coe,Central College,37,31,True,False,True,American Rivers,American Rivers,iii,iii,
9,regular,2022-10-29 18:00:00+00:00,Texas Lutheran,East Texas Baptist,35,38,True,False,True,American Southwest,American Southwest,iii,iii,
9,regular,2022-10-29 18:00:00+00:00,UNC Pembroke,West Liberty,24,3,True,False,True,Mountain East,Mountain East,ii,ii,
9,regular,2022-10-29 18:00:00+00:00,Luther,Loras,21,40,True,False,True,American Rivers,American Rivers,iii,iii,
9,regular,2022-10-29 18:00:00+00:00,Simpson (IA),Nebraska Wesleyan,74,41,True,False,True,American Rivers,American Rivers,iii,iii,
9,regular,2022-10-29 18:00:00+00:00,Carroll (WI),Carthage,59,14,True,False,False,Midwest,CCIW,iii,iii,
9,regular,2022-10-29 18:00:00+00:00,North Central College,North Park,59,0,True,False,True,CCIW,CCIW,iii,iii,
9,regular,2022-10-29 18:00:00+00:00,Youngstown State,South Dakota,45,24,True,False,True,MVFC,MVFC,fcs,fcs,
9,regular,2022-10-29 18:00:00+00:00,Southeast Missouri State,Eastern Kentucky,23,28,True,False,False,OVC,Atlantic Sun,fcs,fcs,
9,regular,2022-10-29 18:00:00+00:00,Augsburg,Concordia (MN),38,35,True,False,True,Minnesota,Minnesota,iii,iii,
9,regular,2022-10-29 18:00:00+00:00,Bethel (MN),St. Olaf,38,17,True,False,True,Minnesota,Minnesota,iii,iii,
9,regular,2022-10-29 18:00:00+00:00,Wisconsin Lutheran,Concordia Chicago,30,7,True,False,True,NACC,NACC,iii,iii,
9,regular,2022-10-29 18:00:00+00:00,Lindenwood,William Jewell,64,23,True,False,False,OVC,Great Lakes,fcs,ii,
9,regular,2022-10-29 18:00:00+00:00,Sioux Falls,Minnesota State,24,38,True,False,True,Northern Sun,Northern Sun,ii,ii,
9,regular,2022-10-29 18:00:00+00:00,South Dakota Mines,Adams State,23,20,True,False,True,Rocky Mountain,Rocky Mountain,ii,ii,
9,regular,2022-10-29 18:00:00+00:00,Western Connecticut State,Worcester State,38,35,True,False,True,MSCAC,MSCAC,iii,iii,
9,regular,2022-10-29 18:00:00+00:00,Washington and Lee,Randolph Macon,21,35,True,False,True,Old Dominion,Old Dominion,iii,iii,
9,regular,2022-10-29 18:00:00+00:00,West Virginia Wesleyan,Charleston (WV),0,44,True,False,True,Mountain East,Mountain East,ii,ii,
9,regular,2022-10-29 18:00:00+00:00,Winona State,Augustana (SD),24,7,True,False,True,Northern Sun,Northern Sun,ii,ii,
9,regular,2022-10-29 18:00:00+00:00,Central Missouri,Lincoln (MO),61,14,True,False,True,Mid America,Mid America,ii,ii,
9,regular,2022-10-29 18:00:00+00:00,Norfolk State,Howard,21,49,True,False,True,MEAC,MEAC,fcs,fcs,
9,regular,2022-10-29 18:00:00+00:00,Western New Mexico,West Texas,41,37,True,False,True,Lone Star,Lone Star,ii,ii,
9,regular,2022-10-29 18:00:00+00:00,Ferrum,Bridgewater,28,52,True,False,True,Old Dominion,Old Dominion,iii,iii,
9,regular,2022-10-29 18:00:00+00:00,Missouri Western,Missouri Southern State,31,27,True,False,True,Mid America,Mid America,ii,ii,
9,regular,2022-10-29 18:00:00+00:00,Maryville (TN),Brevard,21,24,True,False,True,USA South,USA South,iii,iii,
9,regular,2022-10-29 18:00:00+00:00,Wheaton (IL),Millikin,69,3,True,False,True,CCIW,CCIW,iii,iii,
9,regular,2022-10-29 18:00:00+00:00,Delaware State,North Carolina Central,21,28,True,False,True,MEAC,MEAC,fcs,fcs,
9,regular,2022-10-29 18:00:00+00:00,Lawrence,Knox,0,35,True,False,True,Midwest,Midwest,iii,iii,
9,regular,2022-10-29 18:00:00+00:00,Furman,Chattanooga,24,20,True,False,True,Southern,Southern,fcs,fcs,
9,regular,2022-10-29 18:00:00+00:00,Barton,Catawba,38,21,True,False,False,South Atlantic,South Atlantic,ii,ii,
9,regular,2022-10-29 18:00:00+00:00,The Citadel,Samford,3,38,True,False,True,Southern,Southern,fcs,fcs,
9,regular,2022-10-29 18:00:00+00:00,McKendree,Southwest Baptist,31,49,True,False,True,Great Lakes,Great Lakes,ii,ii,
9,regular,2022-10-29 18:00:00+00:00,Wisconsin Whitewater,Wisconsin River Falls,30,27,True,False,True,Wisconsin,Wisconsin,iii,iii,
9,regular,2022-10-29 18:00:00+00:00,Rockford,St. Norbert,14,52,True,False,True,NACC,NACC,iii,iii,
9,regular,2022-10-29 18:00:00+00:00,St. Scholastica,Saint John's (MN),6,56,True,False,True,Minnesota,Minnesota,iii,iii,
9,regular,2022-10-29 18:00:00+00:00,SUNY Maritime,Dean,30,19,True,False,True,ECFC,ECFC,iii,iii,
9,regular,2022-10-29 18:00:00+00:00,Chicago,Grinnell,58,0,True,False,True,Midwest,Midwest,iii,iii,
9,regular,2022-10-29 18:00:00+00:00,Wisconsin Stout,Wisconsin Platteville,24,22,True,False,True,Wisconsin,Wisconsin,iii,iii,
9,regular,2022-10-29 18:00:00+00:00,Wisconsin Oshkosh,Wisconsin La Crosse,35,38,True,False,True,Wisconsin,Wisconsin,iii,iii,
9,regular,2022-10-29 18:00:00+00:00,Lake Forest,Monmouth (IL),31,14,True,False,True,Midwest,Midwest,iii,iii,
9,regular,2022-10-29 18:00:00+00:00,Benedictine (IL),Aurora,13,20,True,False,True,NACC,NACC,iii,iii,
9,regular,2022-10-29 18:30:00+00:00,Minnesota,Rutgers,31,0,True,False,True,Big Ten,Big Ten,fbs,fbs,
9,regular,2022-10-29 19:00:00+00:00,Central Oklahoma,Pittsburg State,7,38,True,False,True,Mid America,Mid America,ii,ii,
9,regular,2022-10-29 19:00:00+00:00,North Greenville,Valdosta State,37,58,True,False,True,Gulf South,Gulf South,ii,ii,
9,regular,2022-10-29 19:00:00+00:00,Eastern Illinois,Tennessee Tech,17,20,True,False,True,OVC,OVC,fcs,fcs,
9,regular,2022-10-29 19:00:00+00:00,Southern Nazarene,Henderson State,41,42,True,False,True,Great American,Great American,ii,ii,
9,regular,2022-10-29 19:00:00+00:00,Rhodes,Sewanee,33,6,True,False,True,Southern Athletic,Southern Athletic,iii,iii,
9,regular,2022-10-29 19:00:00+00:00,Houston Christian,UT Martin,28,52,True,False,False,Southland,OVC,fcs,fcs,
9,regular,2022-10-29 19:00:00+00:00,Grambling,Alcorn State,35,6,True,False,True,SWAC,SWAC,fcs,fcs,
9,regular,2022-10-29 19:00:00+00:00,Texas Southern,Lincoln (CA),37,2,True,True,False,SWAC,,fcs,,
9,regular,2022-10-29 19:00:00+00:00,East Texas A&M,Incarnate Word,7,35,True,False,False,Southland,Southland,fcs,fcs,
9,regular,2022-10-29 19:00:00+00:00,South Dakota State,Indiana State,49,7,True,False,True,MVFC,MVFC,fcs,fcs,
9,regular,2022-10-29 19:00:00+00:00,Weber State,Montana,24,21,True,False,True,Big Sky,Big Sky,fcs,fcs,
9,regular,2022-10-29 19:00:00+00:00,Colorado Mesa,CSU Pueblo,28,33,True,False,True,Rocky Mountain,Rocky Mountain,ii,ii,
9,regular,2022-10-29 19:00:00+00:00,Northeastern State,Washburn,17,21,True,False,True,Mid America,Mid America,ii,ii,
9,regular,2022-10-29 19:00:00+00:00,Missouri State,Western Illinois,64,14,True,False,True,MVFC,MVFC,fcs,fcs,
9,regular,2022-10-29 19:00:00+00:00,Nebraska Kearney,Northwest Missouri State,24,28,True,False,True,Mid America,Mid America,ii,ii,
9,regular,2022-10-29 19:00:00+00:00,Emporia State,Fort Hays,42,14,True,False,True,Mid America,Mid America,ii,ii,
9,regular,2022-10-29 19:00:00+00:00,Oklahoma Baptist,Southern Arkansas,20,52,True,False,True,Great American,Great American,ii,ii,
9,regular,2022-10-29 19:00:00+00:00,Arkansas Monticello,Southeastern Oklahoma State,20,48,True,False,True,Great American,Great American,ii,ii,
9,regular,2022-10-29 19:00:00+00:00,Arkansas Tech,Southwestern Oklahoma State,22,21,True,False,True,Great American,Great American,ii,ii,
9,regular,2022-10-29 19:00:00+00:00,Southern Illinois,Northern Iowa,36,37,True,False,True,MVFC,MVFC,fcs,fcs,
9,regular,2022-10-29 19:00:00+00:00,Prairie View A&M,Bethune-Cookman,58,48,True,False,True,SWAC,SWAC,fcs,fcs,
9,regular,2022-10-29 19:00:00+00:00,Murray State,Tennessee State,19,3,True,False,True,OVC,OVC,fcs,fcs,
9,regular,2022-10-29 19:00:00+00:00,Lane College,Central State,42,31,True,False,True,SIAC,SIAC,ii,ii,
9,regular,2022-10-29 19:00:00+00:00,Georgia State,Old Dominion,31,17,True,False,True,Sun Belt,Sun Belt,fbs,fbs,
9,regular,2022-10-29 19:00:00+00:00,Western Colorado,Colorado School of Mines,20,30,True,False,True,Rocky Mountain,Rocky Mountain,ii,ii,
9,regular,2022-10-29 19:00:00+00:00,Stephen F. Austin,Utah Tech,44,47,True,False,True,Western Athletic,Western Athletic,fcs,fcs,
9,regular,2022-10-29 19:30:00+00:00,California,Oregon,24,42,True,False,True,Pac-12,Pac-12,fbs,fbs,
9,regular,2022-10-29 19:30:00+00:00,Tulsa,SMU,34,45,True,False,True,American Athletic,American Athletic,fbs,fbs,
9,regular,2022-10-29 19:30:00+00:00,Navy,Temple,27,20,True,False,True,American Athletic,American Athletic,fbs,fbs,
9,regular,2022-10-29 19:30:00+00:00,Louisville,Wake Forest,48,21,True,False,True,ACC,ACC,fbs,fbs,
9,regular,2022-10-29 19:30:00+00:00,Nebraska,Illinois,9,26,True,False,True,Big Ten,Big Ten,fbs,fbs,
9,regular,2022-10-29 19:30:00+00:00,Alabama State,Alabama A&M,24,17,True,True,True,SWAC,SWAC,fcs,fcs,Magic City Classic
9,regular,2022-10-29 19:30:00+00:00,North Dakota State,Illinois State,24,7,True,False,True,MVFC,MVFC,fcs,fcs,
9,regular,2022-10-29 19:30:00+00:00,App State,Robert Morris,42,3,True,False,False,Sun Belt,Big South,fbs,fcs,
9,regular,2022-10-29 19:30:00+00:00,Elon,Delaware,27,7,True,False,True,CAA,CAA,fcs,fcs,
9,regular,2022-10-29 19:30:00+00:00,Massachusetts,New Mexico State,13,23,True,False,True,FBS Independents,FBS Independents,fbs,fbs,
9,regular,2022-10-29 19:30:00+00:00,Kansas State,Oklahoma State,48,0,True,False,True,Big 12,Big 12,fbs,fbs,
9,regular,2022-10-29 19:30:00+00:00,Georgia,Florida,42,20,True,True,True,SEC,SEC,fbs,fbs,
9,regular,2022-10-29 19:30:00+00:00,Western Kentucky,North Texas,13,40,True,False,True,Conference USA,Conference USA,fbs,fbs,
9,regular,2022-10-29 19:30:00+00:00,Iowa,Northwestern,33,13,True,False,True,Big Ten,Big Ten,fbs,fbs,
9,regular,2022-10-29 19:30:00+00:00,UCF,Cincinnati,25,21,True,False,True,American Athletic,American Athletic,fbs,fbs,
9,regular,2022-10-29 20:00:00+00:00,Arkansas State,South Alabama,3,31,True,False,True,Sun Belt,Sun Belt,fbs,fbs,
9,regular,2022-10-29 20:00:00+00:00,Crown,Greenville,6,48,True,False,True,Upper Midwest,Upper Midwest,iii,iii,
9,regular,2022-10-29 20:00:00+00:00,Tiffin,Northwood,48,3,True,False,False,Great Midwest Athletic,Great Midwest Athletic,ii,ii,
9,regular,2022-10-29 20:00:00+00:00,Newberry,Limestone,37,42,True,False,True,South Atlantic,South Atlantic,ii,ii,
9,regular,2022-10-29 20:00:00+00:00,Whittier,Claremont Mudd Scripps,0,43,True,False,True,So. Cal.,So. Cal.,iii,iii,
9,regular,2022-10-29 20:00:00+00:00,Lewis & Clark,Pacific (OR),41,56,True,False,True,Northwest,Northwest,iii,iii,
9,regular,2022-10-29 20:00:00+00:00,Pacific Lutheran,Willamette,53,0,True,False,True,Northwest,Northwest,iii,iii,
9,regular,2022-10-29 20:00:00+00:00,Austin Peay,Jacksonville State,16,40,True,False,True,Atlantic Sun,Atlantic Sun,fcs,fcs,
9,regular,2022-10-29 20:00:00+00:00,Florida A&M,Arkansas-Pine Bluff,27,6,True,False,True,SWAC,SWAC,fcs,fcs,
9,regular,2022-10-29 20:00:00+00:00,Eastern Washington,Portland State,35,38,True,False,True,Big Sky,Big Sky,fcs,fcs,
9,regular,2022-10-29 20:00:00+00:00,Eastern New Mexico,UT Permian Basin,21,24,True,False,True,Lone Star,Lone Star,ii,ii,
9,regular,2022-10-29 20:00:00+00:00,Redlands,Pomona Pitzer,27,24,True,False,True,So. Cal.,So. Cal.,iii,iii,
9,regular,2022-10-29 20:00:00+00:00,Harding,Northwestern (OK),28,7,True,False,True,Great American,Great American,ii,ii,
9,regular,2022-10-29 20:00:00+00:00,Fayetteville State,Shaw,28,20,True,False,True,CIAA,CIAA,ii,ii,
9,regular,2022-10-29 20:00:00+00:00,Whitworth,Puget Sound,59,0,True,False,True,Northwest,Northwest,iii,iii,
9,regular,2022-10-29 20:00:00+00:00,North Dakota,Abilene Christian,34,31,True,False,False,MVFC,Western Athletic,fcs,fcs,
9,regular,2022-10-29 20:00:00+00:00,Lamar,Nicholls,24,17,True,False,True,Southland,Southland,fcs,fcs,
9,regular,2022-10-29 20:00:00+00:00,South Carolina,Missouri,10,23,True,False,True,SEC,SEC,fbs,fbs,
9,regular,2022-10-29 20:35:00+00:00,George Fox,Linfield,10,37,True,False,True,Northwest,Northwest,iii,iii,
9,regular,2022-10-29 21:00:00+00:00,West Florida,West Alabama,36,24,True,True,True,Gulf South,Gulf South,ii,ii,
9,regular,2022-10-29 21:00:00+00:00,Central Arkansas,North Alabama,64,29,True,False,False,Atlantic Sun,Atlantic Sun,fcs,fcs,
9,regular,2022-10-29 22:00:00+00:00,Savannah State,Fort Valley State,28,24,True,True,True,SIAC,SIAC,ii,ii,Macon Central City HBCU Football Classic
9,regular,2022-10-29 22:00:00+00:00,Northwestern (MN),Minnesota Morris,31,24,True,False,True,Upper Midwest,Upper Midwest,iii,iii,
9,regular,2022-10-29 22:00:00+00:00,West Georgia,Shorter,49,14,True,False,True,Gulf South,Gulf South,ii,ii,
9,regular,2022-10-29 22:00:00+00:00,Indianapolis,Missouri S&T,42,16,True,False,True,Great Lakes,Great Lakes,ii,ii,
9,regular,2022-10-29 23:00:00+00:00,Tennessee,Kentucky,44,6,True,False,True,SEC,SEC,fbs,fbs,
9,regular,2022-10-29 23:00:00+00:00,Arizona,USC,37,45,True,False,True,Pac-12,Pac-12,fbs,fbs,
9,regular,2022-10-29 23:00:00+00:00,Mississippi College,Delta State,38,52,True,False,True,Gulf South,Gulf South,ii,ii,
9,regular,2022-10-29 23:00:00+00:00,UC Davis,Cal Poly,59,17,True,False,True,Big Sky,Big Sky,fcs,fcs,
9,regular,2022-10-29 23:00:00+00:00,Florida Atlantic,UAB,24,17,True,False,True,Conference USA,Conference USA,fbs,fbs,
9,regular,2022-10-29 23:00:00+00:00,Geneva,Bethany (WV),34,6,True,False,True,Presidents',Presidents',iii,iii,
9,regular,2022-10-29 23:00:00+00:00,Marshall,Coastal Carolina,13,24,True,False,True,Sun Belt,Sun Belt,fbs,fbs,
9,regular,2022-10-29 23:00:00+00:00,Boise State,Colorado State,49,10,True,False,True,Mountain West,Mountain West,fbs,fbs,
9,regular,2022-10-29 23:00:00+00:00,Ohio Wesleyan,Oberlin,77,0,True,False,True,North Coast,North Coast,iii,iii,
9,regular,2022-10-29 23:30:00+00:00,Michigan,Michigan State,29,7,True,False,True,Big Ten,Big Ten,fbs,fbs,
9,regular,2022-10-29 23:30:00+00:00,Texas A&M,Ole Miss,28,31,True,False,True,SEC,SEC,fbs,fbs,
9,regular,2022-10-29 23:30:00+00:00,Colorado,Arizona State,34,42,True,False,True,Pac-12,Pac-12,fbs,fbs,
9,regular,2022-10-29 23:30:00+00:00,Texas Tech,Baylor,17,45,True,False,True,Big 12,Big 12,fbs,fbs,
9,regular,2022-10-30 00:00:00+00:00,North Carolina,Pittsburgh,42,24,True,False,True,ACC,ACC,fbs,fbs,
9,regular,2022-10-30 00:00:00+00:00,Midwestern State,Western Oregon,26,21,True,False,False,Lone Star,Lone Star,ii,ii,
9,regular,2022-10-30 00:00:00+00:00,McNeese,SE Louisiana,27,28,True,False,True,Southland,Southland,fcs,fcs,
9,regular,2022-10-30 00:00:00+00:00,Tarleton State,Sam Houston,21,40,True,False,True,Western Athletic,Western Athletic,fcs,fcs,
9,regular,2022-10-30 01:00:00+00:00,UTEP,Middle Tennessee,13,24,True,False,True,Conference USA,Conference USA,fbs,fbs,
9,regular,2022-10-30 01:00:00+00:00,Sacramento State,Idaho,31,28,True,False,True,Big Sky,Big Sky,fcs,fcs,
9,regular,2022-10-30 01:00:00+00:00,Central Washington,Texas A&M-Kingsville,23,19,True,False,False,Lone Star,Lone Star,ii,ii,
9,regular,2022-10-30 01:00:00+00:00,Simon Fraser,Angelo State,0,24,True,True,False,Lone Star,Lone Star,ii,ii,
9,regular,2022-10-30 02:00:00+00:00,Cal Lutheran,La Verne,22,29,True,False,True,So. Cal.,So. Cal.,iii,iii,
9,regular,2022-10-30 02:30:00+00:00,Fresno State,San Diego State,32,28,True,False,True,Mountain West,Mountain West,fbs,fbs,
9,regular,2022-10-30 02:30:00+00:00,San José State,Nevada,35,28,True,False,True,Mountain West,Mountain West,fbs,fbs,
9,regular,2022-10-30 02:30:00+00:00,UCLA,Stanford,38,13,True,False,True,Pac-12,Pac-12,fbs,fbs,
9,regular,2022-10-30 03:59:00+00:00,Hawai'i,Wyoming,20,27,True,False,True,Mountain West,Mountain West,fbs,fbs,
10,regular,2022-11-01 23:00:00+00:00,Kent State,Ball State,20,27,True,False,True,Mid-American,Mid-American,fbs,fbs,
10,regular,2022-11-01 23:30:00+00:00,Ohio,Buffalo,45,24,True,False,True,Mid-American,Mid-American,fbs,fbs,
10,regular,2022-11-02 23:00:00+00:00,Bowling Green,Western Michigan,13,9,True,False,True,Mid-American,Mid-American,fbs,fbs,
10,regular,2022-11-02 23:00:00+00:00,Northern Illinois,Central Michigan,22,35,True,False,True,Mid-American,Mid-American,fbs,fbs,
10,regular,2022-11-03 23:00:00+00:00,Rice,UTEP,37,30,True,False,True,Conference USA,Conference USA,fbs,fbs,
10,regular,2022-11-03 23:30:00+00:00,Mississippi Valley State,Alabama A&M,30,20,True,False,True,SWAC,SWAC,fcs,fcs,
10,regular,2022-11-03 23:30:00+00:00,Coastal Carolina,App State,35,28,True,False,True,Sun Belt,Sun Belt,fbs,fbs,
10,regular,2022-11-04 23:00:00+00:00,Boston College,Duke,31,38,True,False,True,ACC,ACC,fbs,fbs,
10,regular,2022-11-04 23:00:00+00:00,UConn,Massachusetts,27,10,True,False,False,FBS Independents,FBS Independents,fbs,fbs,
10,regular,2022-11-04 23:30:00+00:00,Prairie View A&M,Alcorn State,16,23,True,False,True,SWAC,SWAC,fcs,fcs,
10,regular,2022-11-05 02:30:00+00:00,Washington,Oregon State,24,21,True,False,True,Pac-12,Pac-12,fbs,fbs,
10,regular,2022-11-05 15:30:00+00:00,Army,Air Force,7,13,True,True,False,FBS Independents,Mountain West,fbs,fbs,
10,regular,2022-11-05 16:00:00+00:00,Texas A&M,Florida,24,41,True,False,True,SEC,SEC,fbs,fbs,
10,regular,2022-11-05 16:00:00+00:00,Dean,Anna Maria College,22,36,True,False,True,ECFC,ECFC,iii,iii,
10,regular,2022-11-05 16:00:00+00:00,Mass Maritime,Plymouth State,7,21,True,False,True,MSCAC,MSCAC,iii,iii,
10,regular,2022-11-05 16:00:00+00:00,North Carolina Wesleyan,Huntingdon,17,35,True,False,True,USA South,USA South,iii,iii,
10,regular,2022-11-05 16:00:00+00:00,Husson,Nichols,27,14,True,False,True,Commonwealth Coast,Commonwealth Coast,iii,iii,
10,regular,2022-11-05 16:00:00+00:00,Missouri,Kentucky,17,21,True,False,True,SEC,SEC,fbs,fbs,
10,regular,2022-11-05 16:00:00+00:00,King's,Misericordia,14,0,True,False,True,Mid Atlantic,Mid Atlantic,iii,iii,
10,regular,2022-11-05 16:00:00+00:00,Virginia,North Carolina,28,31,True,False,True,ACC,ACC,fbs,fbs,
10,regular,2022-11-05 16:00:00+00:00,Wisconsin,Maryland,23,10,True,False,True,Big Ten,Big Ten,fbs,fbs,
10,regular,2022-11-05 16:00:00+00:00,Lycoming,Widener,28,16,True,False,True,Mid Atlantic,Mid Atlantic,iii,iii,
10,regular,2022-11-05 16:00:00+00:00,Yale,Brown,69,17,True,False,True,Ivy,Ivy,fcs,fcs,
10,regular,2022-11-05 16:00:00+00:00,Tulsa,Tulane,13,27,True,False,True,American Athletic,American Athletic,fbs,fbs,
10,regular,2022-11-05 16:00:00+00:00,Juniata,Ursinus,2,65,True,False,True,Centennial,Centennial,iii,iii,
10,regular,2022-11-05 16:00:00+00:00,Kutztown,West Chester,9,28,True,False,True,Pennsylvania State Athletic,Pennsylvania State Athletic,ii,ii,
10,regular,2022-11-05 16:00:00+00:00,Duquesne,Sacred Heart,35,28,True,False,True,NEC,NEC,fcs,fcs,
10,regular,2022-11-05 16:00:00+00:00,Charleston Southern,Robert Morris,34,21,True,False,True,Big South,Big South,fcs,fcs,
10,regular,2022-11-05 16:00:00+00:00,Western Connecticut State,Fitchburg State,41,21,True,False,True,MSCAC,MSCAC,iii,iii,
10,regular,2022-11-05 16:00:00+00:00,Bridgewater State,Framingham State,20,19,True,False,True,MSCAC,MSCAC,iii,iii,
10,regular,2022-11-05 16:00:00+00:00,Saint Anselm,Assumption,12,21,True,False,True,Northeast 10,Northeast 10,ii,ii,
10,regular,2022-11-05 16:00:00+00:00,Rochester (NY),Hartwick,19,13,True,False,False,Liberty League,Empire 8,iii,iii,
10,regular,2022-11-05 16:00:00+00:00,Albright,Alvernia,14,21,True,False,True,Mid Atlantic,Mid Atlantic,iii,iii,
10,regular,2022-11-05 16:00:00+00:00,Fairmont State,Glenville State,36,38,True,False,True,Mountain East,Mountain East,ii,ii,
10,regular,2022-11-05 16:00:00+00:00,TCU,Texas Tech,34,24,True,False,True,Big 12,Big 12,fbs,fbs,
10,regular,2022-11-05 16:00:00+00:00,Northwestern,Ohio State,7,21,True,False,True,Big Ten,Big Ten,fbs,fbs,
10,regular,2022-11-05 16:00:00+00:00,Thiel,Geneva,20,55,True,False,True,Presidents',Presidents',iii,iii,
10,regular,2022-11-05 16:00:00+00:00,Nebraska,Minnesota,13,20,True,False,True,Big Ten,Big Ten,fbs,fbs,
10,regular,2022-11-05 16:00:00+00:00,Purdue,Iowa,3,24,True,False,True,Big Ten,Big Ten,fbs,fbs,
10,regular,2022-11-05 16:00:00+00:00,Worcester State,Westfield State,18,28,True,False,True,MSCAC,MSCAC,iii,iii,
10,regular,2022-11-05 16:00:00+00:00,Limestone,Barton,34,28,True,False,False,South Atlantic,South Atlantic,ii,ii,
10,regular,2022-11-05 16:00:00+00:00,Endicott,Salve Regina,42,10,True,False,True,Commonwealth Coast,Commonwealth Coast,iii,iii,
10,regular,2022-11-05 16:00:00+00:00,Shorter,North Greenville,31,14,True,False,True,Gulf South,Gulf South,ii,ii,
10,regular,2022-11-05 16:00:00+00:00,Charlotte,Western Kentucky,7,59,True,False,True,Conference USA,Conference USA,fbs,fbs,
10,regular,2022-11-05 16:00:00+00:00,Bluefield State,Lincoln (CA),17,20,True,False,False,Independent DII,,ii,,
10,regular,2022-11-05 16:00:00+00:00,Notre Dame College,UNC Pembroke,27,0,True,False,True,Mountain East,Mountain East,ii,ii,
10,regular,2022-11-05 16:00:00+00:00,California (PA),Gannon,13,25,True,False,True,Pennsylvania State Athletic,Pennsylvania State Athletic,ii,ii,
10,regular,2022-11-05 16:00:00+00:00,Springfield,MIT,16,14,True,False,True,NEWMAC,NEWMAC,iii,iii,
10,regular,2022-11-05 16:00:00+00:00,Bentley,American International,10,18,True,False,True,Northeast 10,Northeast 10,ii,ii,
10,regular,2022-11-05 16:00:00+00:00,North Carolina A&T,Norfolk State,49,24,True,False,False,Big South,MEAC,fcs,fcs,
10,regular,2022-11-05 16:00:00+00:00,Alfred State,Gallaudet,22,36,True,False,True,ECFC,ECFC,iii,iii,
10,regular,2022-11-05 16:00:00+00:00,Union,Ithaca,28,31,True,False,True,Liberty League,Liberty League,iii,iii,
10,regular,2022-11-05 16:00:00+00:00,Virginia State,Virginia Union,21,33,True,False,True,CIAA,CIAA,ii,ii,
10,regular,2022-11-05 16:00:00+00:00,Holy Cross,Lehigh,42,14,True,False,True,Patriot,Patriot,fcs,fcs,
10,regular,2022-11-05 16:00:00+00:00,Rensselaer,St. Lawrence,10,6,True,False,True,Liberty League,Liberty League,iii,iii,
10,regular,2022-11-05 16:00:00+00:00,Norwich,Catholic,14,31,True,False,True,NEWMAC,NEWMAC,iii,iii,
10,regular,2022-11-05 16:00:00+00:00,Coast Guard,WPI,24,30,True,False,True,NEWMAC,NEWMAC,iii,iii,
10,regular,2022-11-05 16:00:00+00:00,Delaware Valley,FDU Florham,42,7,True,False,True,Mid Atlantic,Mid Atlantic,iii,iii,
10,regular,2022-11-05 16:30:00+00:00,Georgetown,Saint Francis,24,38,True,False,False,Patriot,NEC,fcs,fcs,
10,regular,2022-11-05 16:30:00+00:00,Middlebury,Hamilton,48,34,True,False,True,NESCAC,NESCAC,iii,iii,
10,regular,2022-11-05 16:30:00+00:00,Virginia Tech,Georgia Tech,27,28,True,False,True,ACC,ACC,fbs,fbs,
10,regular,2022-11-05 17:00:00+00:00,Nebraska Kearney,Central Oklahoma,20,18,True,False,True,Mid America,Mid America,ii,ii,
10,regular,2022-11-05 17:00:00+00:00,Allen,Benedict,21,54,True,False,True,SIAC,SIAC,ii,ii,
10,regular,2022-11-05 17:00:00+00:00,Wheeling,Charleston (WV),19,22,True,False,True,Mountain East,Mountain East,ii,ii,
10,regular,2022-11-05 17:00:00+00:00,Davidson,Stetson,56,48,True,False,True,Pioneer,Pioneer,fcs,fcs,
10,regular,2022-11-05 17:00:00+00:00,Presbyterian,Dayton,28,52,True,False,True,Pioneer,Pioneer,fcs,fcs,
10,regular,2022-11-05 17:00:00+00:00,Wooster,Denison,14,28,True,False,True,North Coast,North Coast,iii,iii,
10,regular,2022-11-05 17:00:00+00:00,Colgate,Lafayette,16,21,True,False,True,Patriot,Patriot,fcs,fcs,
10,regular,2022-11-05 17:00:00+00:00,Stony Brook,Morgan State,24,22,True,False,False,CAA,MEAC,fcs,fcs,
10,regular,2022-11-05 17:00:00+00:00,Princeton,Dartmouth,17,14,True,False,True,Ivy,Ivy,fcs,fcs,
10,regular,2022-11-05 17:00:00+00:00,Cornell,Pennsylvania,21,28,True,False,True,Ivy,Ivy,fcs,fcs,
10,regular,2022-11-05 17:00:00+00:00,Harvard,Columbia,20,21,True,False,True,Ivy,Ivy,fcs,fcs,
10,regular,2022-11-05 17:00:00+00:00,Linfield,Willamette,65,0,True,False,True,Northwest,Northwest,iii,iii,
10,regular,2022-11-05 17:00:00+00:00,Randolph Macon,Ferrum,52,10,True,False,True,Old Dominion,Old Dominion,iii,iii,
10,regular,2022-11-05 17:00:00+00:00,Slippery Rock,Edinboro,28,21,True,False,True,Pennsylvania State Athletic,Pennsylvania State Athletic,ii,ii,
10,regular,2022-11-05 17:00:00+00:00,Western New England,New England,33,0,True,False,True,Commonwealth Coast,Commonwealth Coast,iii,iii,
10,regular,2022-11-05 17:00:00+00:00,Alma,Adrian,30,10,True,False,True,Michigan,Michigan,iii,iii,
10,regular,2022-11-05 17:00:00+00:00,Brevard,Belhaven,7,20,True,False,False,USA South,USA South,iii,iii,
10,regular,2022-11-05 17:00:00+00:00,Ferris State,Davenport,28,7,True,False,True,GLIAC,GLIAC,ii,ii,
10,regular,2022-11-05 17:00:00+00:00,Northwood,Ohio Dominican,24,35,True,False,False,Great Midwest Athletic,Great Midwest Athletic,ii,ii,
10,regular,2022-11-05 17:00:00+00:00,Trine,Hope,21,28,True,False,True,Michigan,Michigan,iii,iii,
10,regular,2022-11-05 17:00:00+00:00,Utica,Alfred,65,16,True,False,True,Empire 8,Empire 8,iii,iii,
10,regular,2022-11-05 17:00:00+00:00,Westminster (PA),Case Western Reserve,14,13,True,False,True,Presidents',Presidents',iii,iii,
10,regular,2022-11-05 17:00:00+00:00,Stonehill,Wagner,50,10,True,False,True,NEC,NEC,fcs,fcs,
10,regular,2022-11-05 17:00:00+00:00,Truman State,McKendree,52,7,True,False,True,Great Lakes,Great Lakes,ii,ii,
10,regular,2022-11-05 17:00:00+00:00,Hillsdale,Michigan Tech,24,28,True,False,False,Great Midwest Athletic,GLIAC,ii,ii,
10,regular,2022-11-05 17:00:00+00:00,Central College,Luther,61,13,True,False,True,American Rivers,American Rivers,iii,iii,
10,regular,2022-11-05 17:00:00+00:00,Bowie State,Lincoln (PA),41,24,True,False,True,CIAA,CIAA,ii,ii,
10,regular,2022-11-05 17:00:00+00:00,Mars Hill,Tusculum,34,27,True,False,True,South Atlantic,South Atlantic,ii,ii,
10,regular,2022-11-05 17:00:00+00:00,Kean,Salisbury,17,32,True,False,True,New Jersey,New Jersey,iii,iii,
10,regular,2022-11-05 17:00:00+00:00,Millsaps,Trinity (TX),7,53,True,False,True,Southern Athletic,Southern Athletic,iii,iii,
10,regular,2022-11-05 17:00:00+00:00,Amherst,Bowdoin,17,14,True,False,True,NESCAC,NESCAC,iii,iii,
10,regular,2022-11-05 17:00:00+00:00,Bates,Trinity (CT),14,63,True,False,True,NESCAC,NESCAC,iii,iii,
10,regular,2022-11-05 17:00:00+00:00,Wartburg,Simpson (IA),81,9,True,False,True,American Rivers,American Rivers,iii,iii,
10,regular,2022-11-05 17:00:00+00:00,Rowan,Montclair State,27,7,True,False,True,New Jersey,New Jersey,iii,iii,
10,regular,2022-11-05 17:00:00+00:00,Saint Vincent,Waynesburg,53,16,True,False,True,Presidents',Presidents',iii,iii,
10,regular,2022-11-05 17:00:00+00:00,Indiana State,North Dakota,7,42,True,False,True,MVFC,MVFC,fcs,fcs,
10,regular,2022-11-05 17:00:00+00:00,Hampton,William & Mary,14,20,True,False,True,CAA,CAA,fcs,fcs,
10,regular,2022-11-05 17:00:00+00:00,Rhode Island,Maine,26,22,True,False,True,CAA,CAA,fcs,fcs,
10,regular,2022-11-05 17:00:00+00:00,Delaware,Monmouth,49,17,True,False,True,CAA,CAA,fcs,fcs,
10,regular,2022-11-05 17:00:00+00:00,Long Island University,Central Connecticut,29,20,True,False,True,NEC,NEC,fcs,fcs,
10,regular,2022-11-05 17:00:00+00:00,Lock Haven,Shippensburg,7,44,True,False,True,Pennsylvania State Athletic,Pennsylvania State Athletic,ii,ii,
10,regular,2022-11-05 17:00:00+00:00,Wittenberg,Ohio Wesleyan,7,14,True,False,True,North Coast,North Coast,iii,iii,
10,regular,2022-11-05 17:00:00+00:00,SUNY Cortland,St. John Fisher,56,14,True,False,True,Empire 8,Empire 8,iii,iii,
10,regular,2022-11-05 17:00:00+00:00,Bucknell,Fordham,17,59,True,False,True,Patriot,Patriot,fcs,fcs,
10,regular,2022-11-05 17:00:00+00:00,Central State,Kentucky State,31,30,True,False,True,SIAC,SIAC,ii,ii,
10,regular,2022-11-05 17:00:00+00:00,Franklin & Marshall,Moravian,56,7,True,False,True,Centennial,Centennial,iii,iii,
10,regular,2022-11-05 17:00:00+00:00,Washington & Jefferson,Grove City,31,14,True,False,True,Presidents',Presidents',iii,iii,
10,regular,2022-11-05 17:00:00+00:00,Averett,Guilford,0,26,True,False,False,Old Dominion,Old Dominion,iii,iii,
10,regular,2022-11-05 17:00:00+00:00,Greenville,Finlandia University,45,7,True,False,True,Upper Midwest,Upper Midwest,iii,iii,
10,regular,2022-11-05 17:00:00+00:00,Muhlenberg,Susquehanna,24,28,True,False,True,Centennial,Centennial,iii,iii,
10,regular,2022-11-05 17:00:00+00:00,Upper Iowa,Winona State,7,45,True,False,True,Northern Sun,Northern Sun,ii,ii,
10,regular,2022-11-05 17:00:00+00:00,Buffalo State,Hobart,7,63,True,False,True,Liberty League,Liberty League,iii,iii,
10,regular,2022-11-05 17:00:00+00:00,Martin Luther,Westminster (MO),10,7,True,False,True,Upper Midwest,Upper Midwest,iii,iii,
10,regular,2022-11-05 17:00:00+00:00,Shenandoah,Hampden Sydney,23,7,True,False,True,Old Dominion,Old Dominion,iii,iii,
10,regular,2022-11-05 17:00:00+00:00,DePauw,Oberlin,72,0,True,False,True,North Coast,North Coast,iii,iii,
10,regular,2022-11-05 17:00:00+00:00,UT Martin,Kennesaw State,27,44,True,False,False,OVC,Atlantic Sun,fcs,fcs,
10,regular,2022-11-05 17:00:00+00:00,Dickinson,Johns Hopkins,13,35,True,False,True,Centennial,Centennial,iii,iii,
10,regular,2022-11-05 17:00:00+00:00,Minnesota State,Southwest Minnesota State,45,24,True,False,True,Northern Sun,Northern Sun,ii,ii,
10,regular,2022-11-05 17:00:00+00:00,LaGrange,Southern Virginia,21,35,True,False,True,USA South,USA South,iii,iii,
10,regular,2022-11-05 17:00:00+00:00,Southern Connecticut State,Post,44,7,True,False,False,Northeast 10,Independent DII,ii,ii,
10,regular,2022-11-05 17:00:00+00:00,McDaniel,Gettysburg,19,16,True,False,True,Centennial,Centennial,iii,iii,
10,regular,2022-11-05 17:00:00+00:00,Colby,Tufts,7,35,True,False,True,NESCAC,NESCAC,iii,iii,
10,regular,2022-11-05 17:00:00+00:00,New Haven,Franklin Pierce,50,6,True,False,True,Northeast 10,Northeast 10,ii,ii,
10,regular,2022-11-05 17:00:00+00:00,Christopher Newport,The College of New Jersey,24,21,True,False,True,New Jersey,New Jersey,iii,iii,
10,regular,2022-11-05 17:00:00+00:00,Hiram,Hilbert,59,27,True,False,False,North Coast,North Coast,iii,iii,
10,regular,2022-11-05 17:00:00+00:00,Minnesota St Moorhead,Concordia St. Paul,21,20,True,False,True,Northern Sun,Northern Sun,ii,ii,
10,regular,2022-11-05 17:00:00+00:00,Northern Michigan,Saginaw Valley State,21,30,True,False,True,GLIAC,GLIAC,ii,ii,
10,regular,2022-11-05 17:00:00+00:00,St. Norbert,Eureka,20,7,True,False,True,NACC,NACC,iii,iii,
10,regular,2022-11-05 17:00:00+00:00,Albion,Olivet,35,24,True,False,True,Michigan,Michigan,iii,iii,
10,regular,2022-11-05 17:00:00+00:00,Stevenson,Wilkes,28,0,True,False,True,Mid Atlantic,Mid Atlantic,iii,iii,
10,regular,2022-11-05 17:00:00+00:00,Keystone,SUNY Maritime,21,20,True,False,True,ECFC,ECFC,iii,iii,
10,regular,2022-11-05 17:00:00+00:00,West Virginia Wesleyan,Frostburg State,0,37,True,False,True,Mountain East,Mountain East,ii,ii,
10,regular,2022-11-05 17:05:00+00:00,East Stroudsburg,Shepherd,14,37,True,False,True,Pennsylvania State Athletic,Pennsylvania State Athletic,ii,ii,
10,regular,2022-11-05 17:30:00+00:00,Marietta,Capital,50,14,True,False,True,Ohio,Ohio,iii,iii,
10,regular,2022-11-05 17:30:00+00:00,Otterbein,Ohio Northern,7,42,True,False,True,Ohio,Ohio,iii,iii,
10,regular,2022-11-05 17:30:00+00:00,South Carolina State,Delaware State,24,27,True,False,True,MEAC,MEAC,fcs,fcs,
10,regular,2022-11-05 17:30:00+00:00,Defiance College,Manchester,24,21,True,False,True,Heartland,Heartland,iii,iii,
10,regular,2022-11-05 17:30:00+00:00,Wilmington (OH),Muskingum,13,27,True,False,True,Ohio,Ohio,iii,iii,
10,regular,2022-11-05 17:30:00+00:00,Franklin,Mount St Joseph,20,27,True,False,True,Heartland,Heartland,iii,iii,
10,regular,2022-11-05 17:30:00+00:00,Bluffton,Anderson (IN),27,9,True,False,True,Heartland,Heartland,iii,iii,
10,regular,2022-11-05 17:30:00+00:00,Mount Union,John Carroll,34,28,True,False,True,Ohio,Ohio,iii,iii,
10,regular,2022-11-05 17:30:00+00:00,Livingstone,Johnson C. Smith,26,20,True,False,True,CIAA,CIAA,ii,ii,
10,regular,2022-11-05 17:30:00+00:00,Heidelberg,Baldwin Wallace,20,21,True,False,True,Ohio,Ohio,iii,iii,
10,regular,2022-11-05 18:00:00+00:00,Wisconsin La Crosse,Wisconsin River Falls,24,17,True,False,True,Wisconsin,Wisconsin,iii,iii,
10,regular,2022-11-05 18:00:00+00:00,New Mexico Highlands,Colorado School of Mines,16,54,True,False,True,Rocky Mountain,Rocky Mountain,ii,ii,
10,regular,2022-11-05 18:00:00+00:00,Sioux Falls,Wayne State (NE),24,31,True,False,True,Northern Sun,Northern Sun,ii,ii,
10,regular,2022-11-05 18:00:00+00:00,Bloomsburg,Millersville,17,25,True,False,True,Pennsylvania State Athletic,Pennsylvania State Athletic,ii,ii,
10,regular,2022-11-05 18:00:00+00:00,Catawba,Lenoir Rhyne,10,62,True,False,True,South Atlantic,South Atlantic,ii,ii,
10,regular,2022-11-05 18:00:00+00:00,Morehouse,Clark Atlanta,20,17,True,False,True,SIAC,SIAC,ii,ii,
10,regular,2022-11-05 18:00:00+00:00,Tuskegee,Miles,26,23,True,False,True,SIAC,SIAC,ii,ii,
10,regular,2022-11-05 18:00:00+00:00,IU Pennsylvania,Clarion,45,0,True,False,True,Pennsylvania State Athletic,Pennsylvania State Athletic,ii,ii,
10,regular,2022-11-05 18:00:00+00:00,Edward Waters,UFTL,71,6,True,False,False,SIAC,,ii,,
10,regular,2022-11-05 18:00:00+00:00,The Citadel,Chattanooga,21,31,True,False,True,Southern,Southern,fcs,fcs,
10,regular,2022-11-05 18:00:00+00:00,Western Carolina,Wofford,36,29,True,False,True,Southern,Southern,fcs,fcs,
10,regular,2022-11-05 18:00:00+00:00,South Dakota,Missouri State,20,13,True,False,True,MVFC,MVFC,fcs,fcs,
10,regular,2022-11-05 18:00:00+00:00,Wisconsin Platteville,Wisconsin Eau Claire,38,14,True,False,True,Wisconsin,Wisconsin,iii,iii,
10,regular,2022-11-05 18:00:00+00:00,Hanover,Rose Hulman,17,47,True,False,True,Heartland,Heartland,iii,iii,
10,regular,2022-11-05 18:00:00+00:00,Aurora,Lakeland,68,0,True,False,True,NACC,NACC,iii,iii,
10,regular,2022-11-05 18:00:00+00:00,Monmouth (IL),Ripon,39,31,True,False,True,Midwest,Midwest,iii,iii,
10,regular,2022-11-05 18:00:00+00:00,North Park,Elmhurst,23,20,True,False,True,CCIW,CCIW,iii,iii,
10,regular,2022-11-05 18:00:00+00:00,Augustana (SD),Minnesota Duluth,24,34,True,False,True,Northern Sun,Northern Sun,ii,ii,
10,regular,2022-11-05 18:00:00+00:00,Wingate,Newberry,15,24,True,False,True,South Atlantic,South Atlantic,ii,ii,
10,regular,2022-11-05 18:00:00+00:00,Cornell (IA),Knox,27,31,True,False,True,Midwest,Midwest,iii,iii,
10,regular,2022-11-05 18:00:00+00:00,Nebraska Wesleyan,Coe,14,34,True,True,True,American Rivers,American Rivers,iii,iii,
10,regular,2022-11-05 18:00:00+00:00,Millikin,Carroll (WI),18,26,True,False,False,CCIW,Midwest,iii,iii,
10,regular,2022-11-05 18:00:00+00:00,Wisconsin Stout,Wisconsin Whitewater,7,16,True,False,True,Wisconsin,Wisconsin,iii,iii,
10,regular,2022-11-05 18:00:00+00:00,Concordia (WI),Wisconsin Lutheran,45,21,True,False,True,NACC,NACC,iii,iii,
10,regular,2022-11-05 18:00:00+00:00,Albany State,Fort Valley State,21,31,True,True,True,SIAC,SIAC,ii,ii,
10,regular,2022-11-05 18:00:00+00:00,Loras,Dubuque,20,27,True,False,True,American Rivers,American Rivers,iii,iii,
10,regular,2022-11-05 18:00:00+00:00,Bryant,Campbell,43,37,True,False,True,Big South,Big South,fcs,fcs,
10,regular,2022-11-05 18:00:00+00:00,Howard Payne,Mary Hardin Baylor,24,27,True,False,True,American Southwest,American Southwest,iii,iii,
10,regular,2022-11-05 18:00:00+00:00,North Carolina Central,Howard,50,21,True,False,True,MEAC,MEAC,fcs,fcs,
10,regular,2022-11-05 18:00:00+00:00,Valparaiso,St. Thomas (MN),7,34,True,False,True,Pioneer,Pioneer,fcs,fcs,
10,regular,2022-11-05 18:00:00+00:00,Elon,UAlbany,27,3,True,False,True,CAA,CAA,fcs,fcs,
10,regular,2022-11-05 18:00:00+00:00,Illinois Wesleyan,North Central College,3,68,True,False,True,CCIW,CCIW,iii,iii,
10,regular,2022-11-05 18:00:00+00:00,Washington St. Louis,Wheaton (IL),35,42,True,False,True,CCIW,CCIW,iii,iii,
10,regular,2022-11-05 18:00:00+00:00,Augsburg,Bethel (MN),27,30,True,False,True,Minnesota,Minnesota,iii,iii,
10,regular,2022-11-05 18:00:00+00:00,Beloit,Lake Forest,3,36,True,False,True,Midwest,Midwest,iii,iii,
10,regular,2022-11-05 18:00:00+00:00,Concordia Chicago,Benedictine (IL),34,26,True,False,True,NACC,NACC,iii,iii,
10,regular,2022-11-05 18:00:00+00:00,Hardin Simmons,Austin,31,3,True,False,True,American Southwest,American Southwest,iii,iii,
10,regular,2022-11-05 18:00:00+00:00,Bridgewater,Washington and Lee,13,6,True,False,True,Old Dominion,Old Dominion,iii,iii,
10,regular,2022-11-05 18:00:00+00:00,Temple,South Florida,54,28,True,False,True,American Athletic,American Athletic,fbs,fbs,
10,regular,2022-11-05 18:00:00+00:00,Bemidji State,Northern State,24,14,True,False,True,Northern Sun,Northern Sun,ii,ii,
10,regular,2022-11-05 18:00:00+00:00,Brockport,SUNY Morrisville,17,3,True,False,True,Empire 8,Empire 8,iii,iii,
10,regular,2022-11-05 18:00:00+00:00,Wisconsin Stevens Point,Wisconsin Oshkosh,0,45,True,False,True,Wisconsin,Wisconsin,iii,iii,
10,regular,2022-11-05 18:00:00+00:00,Seton Hill,Mercyhurst,7,0,True,False,True,Pennsylvania State Athletic,Pennsylvania State Athletic,ii,ii,
10,regular,2022-11-05 18:00:00+00:00,Macalester,St. Scholastica,54,35,True,False,False,Minnesota,Minnesota,iii,iii,
10,regular,2022-11-05 18:00:00+00:00,Old Dominion,Marshall,0,12,True,False,True,Sun Belt,Sun Belt,fbs,fbs,
10,regular,2022-11-05 18:00:00+00:00,Concordia (MN),Hamline,59,0,True,False,True,Minnesota,Minnesota,iii,iii,
10,regular,2022-11-05 18:00:00+00:00,Augustana (IL),Carthage,30,37,True,False,True,CCIW,CCIW,iii,iii,
10,regular,2022-11-05 18:00:00+00:00,Central Missouri,Missouri Western,40,37,True,False,True,Mid America,Mid America,ii,ii,
10,regular,2022-11-05 18:00:00+00:00,Lawrence,Chicago,0,60,True,False,True,Midwest,Midwest,iii,iii,
10,regular,2022-11-05 18:00:00+00:00,Chadron State,Colorado Mesa,37,38,True,False,True,Rocky Mountain,Rocky Mountain,ii,ii,
10,regular,2022-11-05 18:00:00+00:00,Fort Lewis,Western Colorado,14,55,True,False,True,Rocky Mountain,Rocky Mountain,ii,ii,
10,regular,2022-11-05 18:00:00+00:00,Towson,Villanova,27,3,True,False,True,CAA,CAA,fcs,fcs,
10,regular,2022-11-05 18:00:00+00:00,Saint John's (MN),Carleton,45,16,True,False,True,Minnesota,Minnesota,iii,iii,
10,regular,2022-11-05 18:00:00+00:00,Western Illinois,North Dakota State,17,56,True,False,True,MVFC,MVFC,fcs,fcs,
10,regular,2022-11-05 18:00:00+00:00,Concord,Alderson-Broaddus,50,13,True,False,True,Mountain East,Mountain East,ii,ii,
10,regular,2022-11-05 18:00:00+00:00,Birmingham-Southern,Centre,42,21,True,False,True,Southern Athletic,Southern Athletic,iii,iii,
10,regular,2022-11-05 18:00:00+00:00,Southwestern U,Texas Lutheran,17,21,True,False,True,American Southwest,American Southwest,iii,iii,
10,regular,2022-11-05 18:00:00+00:00,Crown,Northwestern (MN),14,39,True,False,True,Upper Midwest,Upper Midwest,iii,iii,
10,regular,2022-11-05 18:00:00+00:00,East Texas Baptist,Sul Ross State,17,14,True,False,True,American Southwest,American Southwest,iii,iii,
10,regular,2022-11-05 18:00:00+00:00,St. Olaf,Gustavus Adolphus,37,49,True,False,True,Minnesota,Minnesota,iii,iii,
10,regular,2022-11-05 18:00:00+00:00,Washburn,Pittsburg State,23,37,True,False,True,Mid America,Mid America,ii,ii,
10,regular,2022-11-05 18:00:00+00:00,Fort Hays,Northeastern State,27,14,True,False,True,Mid America,Mid America,ii,ii,
10,regular,2022-11-05 18:00:00+00:00,Southwest Baptist,Quincy,42,24,True,False,True,Great Lakes,Great Lakes,ii,ii,
10,regular,2022-11-05 18:00:00+00:00,William Jewell,Indianapolis,14,48,True,False,True,Great Lakes,Great Lakes,ii,ii,
10,regular,2022-11-05 18:30:00+00:00,Tennessee Tech,Lindenwood,35,34,True,False,True,OVC,OVC,fcs,fcs,
10,regular,2022-11-05 18:30:00+00:00,Sewanee,Berry,14,63,True,False,True,Southern Athletic,Southern Athletic,iii,iii,
10,regular,2022-11-05 18:30:00+00:00,Northwest Missouri State,Missouri Southern State,27,5,True,False,True,Mid America,Mid America,ii,ii,
10,regular,2022-11-05 19:00:00+00:00,Samford,VMI,34,15,True,False,True,Southern,Southern,fcs,fcs,
10,regular,2022-11-05 19:00:00+00:00,Grambling,Arkansas-Pine Bluff,36,10,True,False,True,SWAC,SWAC,fcs,fcs,
10,regular,2022-11-05 19:00:00+00:00,Weber State,Sacramento State,30,33,True,False,True,Big Sky,Big Sky,fcs,fcs,
10,regular,2022-11-05 19:00:00+00:00,East Texas A&M,Northwestern State,14,41,True,False,True,Southland,Southland,fcs,fcs,
10,regular,2022-11-05 19:00:00+00:00,Incarnate Word,Houston Christian,73,20,True,False,True,Southland,Southland,fcs,fcs,
10,regular,2022-11-05 19:00:00+00:00,Louisiana Tech,Middle Tennessee,40,24,True,False,True,Conference USA,Conference USA,fbs,fbs,
10,regular,2022-11-05 19:00:00+00:00,Findlay,Walsh,20,7,True,False,True,Great Midwest Athletic,Great Midwest Athletic,ii,ii,
10,regular,2022-11-05 19:00:00+00:00,Minot State,University of Mary,17,10,True,False,True,Northern Sun,Northern Sun,ii,ii,
10,regular,2022-11-05 19:00:00+00:00,Lincoln (MO),Emporia State,24,35,True,False,True,Mid America,Mid America,ii,ii,
10,regular,2022-11-05 19:00:00+00:00,Illinois State,Youngstown State,17,19,True,False,True,MVFC,MVFC,fcs,fcs,
10,regular,2022-11-05 19:00:00+00:00,East Central,Arkansas Monticello,16,0,True,False,True,Great American,Great American,ii,ii,
10,regular,2022-11-05 19:00:00+00:00,Southwestern Oklahoma State,Harding,29,37,True,False,True,Great American,Great American,ii,ii,
10,regular,2022-11-05 19:00:00+00:00,Idaho,Eastern Washington,48,16,True,False,True,Big Sky,Big Sky,fcs,fcs,
10,regular,2022-11-05 19:00:00+00:00,Adams State,Black Hills State,7,38,True,False,True,Rocky Mountain,Rocky Mountain,ii,ii,
10,regular,2022-11-05 19:00:00+00:00,Southeastern Oklahoma State,Ouachita Baptist,18,40,True,False,True,Great American,Great American,ii,ii,
10,regular,2022-11-05 19:00:00+00:00,Oklahoma,Baylor,35,38,True,False,True,Big 12,Big 12,fbs,fbs,
10,regular,2022-11-05 19:00:00+00:00,Henderson State,Oklahoma Baptist,51,24,True,False,True,Great American,Great American,ii,ii,
10,regular,2022-11-05 19:00:00+00:00,Southern Arkansas,Southern Nazarene,44,49,True,False,True,Great American,Great American,ii,ii,
10,regular,2022-11-05 19:00:00+00:00,Southern Miss,Georgia State,14,42,True,False,True,Sun Belt,Sun Belt,fbs,fbs,
10,regular,2022-11-05 19:00:00+00:00,West Alabama,Mississippi College,38,16,True,False,True,Gulf South,Gulf South,ii,ii,
10,regular,2022-11-05 19:00:00+00:00,Carson Newman,UVA Wise,38,22,True,False,True,South Atlantic,South Atlantic,ii,ii,
10,regular,2022-11-05 19:00:00+00:00,Grand Valley State,Wayne State (MI),42,14,True,False,True,GLIAC,GLIAC,ii,ii,
10,regular,2022-11-05 19:00:00+00:00,Delta State,West Georgia,42,52,True,False,True,Gulf South,Gulf South,ii,ii,
10,regular,2022-11-05 19:30:00+00:00,Colorado,Oregon,10,49,True,False,True,Pac-12,Pac-12,fbs,fbs,
10,regular,2022-11-05 19:30:00+00:00,Indiana,Penn State,14,45,True,False,True,Big Ten,Big Ten,fbs,fbs,
10,regular,2022-11-05 19:30:00+00:00,Georgia,Tennessee,27,13,True,False,True,SEC,SEC,fbs,fbs,
10,regular,2022-11-05 19:30:00+00:00,Kansas,Oklahoma State,37,16,True,False,True,Big 12,Big 12,fbs,fbs,
10,regular,2022-11-05 19:30:00+00:00,Stanford,Washington State,14,52,True,False,True,Pac-12,Pac-12,fbs,fbs,
10,regular,2022-11-05 19:30:00+00:00,Iowa State,West Virginia,31,14,True,False,True,Big 12,Big 12,fbs,fbs,
10,regular,2022-11-05 19:30:00+00:00,Illinois,Michigan State,15,23,True,False,True,Big Ten,Big Ten,fbs,fbs,
10,regular,2022-11-05 19:30:00+00:00,Memphis,UCF,28,35,True,False,True,American Athletic,American Athletic,fbs,fbs,
10,regular,2022-11-05 19:30:00+00:00,Richmond,New Hampshire,40,34,True,False,True,CAA,CAA,fcs,fcs,
10,regular,2022-11-05 19:30:00+00:00,Utah State,New Mexico,27,10,True,False,True,Mountain West,Mountain West,fbs,fbs,
10,regular,2022-11-05 19:30:00+00:00,Pittsburgh,Syracuse,19,9,True,False,True,ACC,ACC,fbs,fbs,
10,regular,2022-11-05 19:30:00+00:00,UAB,UTSA,38,44,True,False,True,Conference USA,Conference USA,fbs,fbs,
10,regular,2022-11-05 20:00:00+00:00,Lamar,SE Louisiana,31,47,True,False,False,Southland,Southland,fcs,fcs,
10,regular,2022-11-05 20:00:00+00:00,San Diego,Butler,23,26,True,False,True,Pioneer,Pioneer,fcs,fcs,
10,regular,2022-11-05 20:00:00+00:00,Erskine,Emory & Henry,0,32,True,False,False,South Atlantic,South Atlantic,ii,ii,
10,regular,2022-11-05 20:00:00+00:00,Northern Arizona,Montana State,38,41,True,False,True,Big Sky,Big Sky,fcs,fcs,
10,regular,2022-11-05 20:00:00+00:00,Pacific (OR),Whitworth,17,28,True,False,True,Northwest,Northwest,iii,iii,
10,regular,2022-11-05 20:00:00+00:00,Morehead State,Marist,21,31,True,False,True,Pioneer,Pioneer,fcs,fcs,
10,regular,2022-11-05 20:00:00+00:00,North Texas,Florida International,52,14,True,False,True,Conference USA,Conference USA,fbs,fbs,
10,regular,2022-11-05 20:00:00+00:00,Winston-Salem State,Fayetteville State,6,14,True,False,True,CIAA,CIAA,ii,ii,
10,regular,2022-11-05 20:00:00+00:00,Claremont Mudd Scripps,Redlands,42,0,True,False,True,So. Cal.,So. Cal.,iii,iii,
10,regular,2022-11-05 20:00:00+00:00,Bethune-Cookman,Alabama State,22,37,True,False,True,SWAC,SWAC,fcs,fcs,
10,regular,2022-11-05 20:00:00+00:00,Arkansas,Liberty,19,21,True,False,False,SEC,FBS Independents,fbs,fbs,
10,regular,2022-11-05 20:00:00+00:00,Cincinnati,Navy,20,10,True,False,True,American Athletic,American Athletic,fbs,fbs,
10,regular,2022-11-05 20:00:00+00:00,Lake Erie,Ashland,23,31,True,False,True,Great Midwest Athletic,Great Midwest Athletic,ii,ii,
10,regular,2022-11-05 20:00:00+00:00,Georgia Southern,South Alabama,31,38,True,False,True,Sun Belt,Sun Belt,fbs,fbs,
10,regular,2022-11-05 20:00:00+00:00,CSU Pueblo,South Dakota Mines,45,20,True,False,True,Rocky Mountain,Rocky Mountain,ii,ii,
10,regular,2022-11-05 20:00:00+00:00,Puget Sound,Pacific Lutheran,10,35,True,False,True,Northwest,Northwest,iii,iii,
10,regular,2022-11-05 20:05:00+00:00,Western Oregon,Simon Fraser,32,7,True,False,True,Lone Star,Lone Star,ii,ii,
10,regular,2022-11-05 21:00:00+00:00,Eastern Kentucky,Central Arkansas,42,14,True,False,True,Atlantic Sun,Atlantic Sun,fcs,fcs,
10,regular,2022-11-05 21:00:00+00:00,Northwestern (OK),Arkansas Tech,20,45,True,False,True,Great American,Great American,ii,ii,
10,regular,2022-11-05 21:00:00+00:00,Kentucky Wesleyan,Tiffin,13,72,True,False,True,Great Midwest Athletic,Great Midwest Athletic,ii,ii,
10,regular,2022-11-05 21:00:00+00:00,Savannah State,Lane College,44,38,True,False,True,SIAC,SIAC,ii,ii,
10,regular,2022-11-05 21:00:00+00:00,North Alabama,Austin Peay,35,38,True,False,False,Atlantic Sun,Atlantic Sun,fcs,fcs,
10,regular,2022-11-05 21:00:00+00:00,Portland State,Northern Colorado,35,21,True,False,True,Big Sky,Big Sky,fcs,fcs,
10,regular,2022-11-05 21:00:00+00:00,Northern Iowa,South Dakota State,28,31,True,False,True,MVFC,MVFC,fcs,fcs,
10,regular,2022-11-05 21:00:00+00:00,UL Monroe,Texas State,31,30,True,False,True,Sun Belt,Sun Belt,fbs,fbs,
10,regular,2022-11-05 21:00:00+00:00,Louisiana,Troy,17,23,True,False,True,Sun Belt,Sun Belt,fbs,fbs,
10,regular,2022-11-05 22:00:00+00:00,Florida A&M,Southern,30,16,True,False,True,SWAC,SWAC,fcs,fcs,
10,regular,2022-11-05 22:00:00+00:00,Methodist,Greensboro,48,23,True,False,True,USA South,USA South,iii,iii,
10,regular,2022-11-05 22:00:00+00:00,Tennessee State,Southeast Missouri State,0,42,True,False,True,OVC,OVC,fcs,fcs,
10,regular,2022-11-05 22:00:00+00:00,West Liberty,West Virginia State,32,42,True,False,True,Mountain East,Mountain East,ii,ii,
10,regular,2022-11-05 23:00:00+00:00,LSU,Alabama,32,31,True,False,True,SEC,SEC,fbs,fbs,
10,regular,2022-11-05 23:00:00+00:00,UT Permian Basin,Western New Mexico,37,14,True,False,True,Lone Star,Lone Star,ii,ii,
10,regular,2022-11-05 23:00:00+00:00,San Diego State,UNLV,14,10,True,False,True,Mountain West,Mountain West,fbs,fbs,
10,regular,2022-11-05 23:00:00+00:00,Boise State,BYU,28,31,True,False,False,Mountain West,FBS Independents,fbs,fbs,
10,regular,2022-11-05 23:00:00+00:00,Kansas State,Texas,27,34,True,False,True,Big 12,Big 12,fbs,fbs,
10,regular,2022-11-05 23:00:00+00:00,Hendrix,Rhodes,6,0,True,True,True,Southern Athletic,Southern Athletic,iii,iii,
10,regular,2022-11-05 23:00:00+00:00,Texas Southern,Jackson State,14,41,True,False,True,SWAC,SWAC,fcs,fcs,
10,regular,2022-11-05 23:00:00+00:00,UC Davis,Idaho State,43,3,True,False,True,Big Sky,Big Sky,fcs,fcs,
10,regular,2022-11-05 23:00:00+00:00,West Texas,Eastern New Mexico,21,24,True,False,True,Lone Star,Lone Star,ii,ii,
10,regular,2022-11-05 23:00:00+00:00,SMU,Houston,77,63,True,False,True,American Athletic,American Athletic,fbs,fbs,
10,regular,2022-11-05 23:00:00+00:00,Angelo State,Central Washington,22,12,True,False,False,Lone Star,Lone Star,ii,ii,
10,regular,2022-11-05 23:00:00+00:00,Valdosta State,West Florida,31,32,True,False,True,Gulf South,Gulf South,ii,ii,
10,regular,2022-11-05 23:30:00+00:00,Mississippi State,Auburn,39,33,True,False,True,SEC,SEC,fbs,fbs,
10,regular,2022-11-05 23:30:00+00:00,Vanderbilt,South Carolina,27,38,True,False,True,SEC,SEC,fbs,fbs,
10,regular,2022-11-05 23:30:00+00:00,Rutgers,Michigan,17,52,True,False,True,Big Ten,Big Ten,fbs,fbs,
10,regular,2022-11-05 23:30:00+00:00,Louisville,James Madison,34,10,True,False,False,ACC,Sun Belt,fbs,fbs,
10,regular,2022-11-05 23:30:00+00:00,Miami,Florida State,3,45,True,False,True,ACC,ACC,fbs,fbs,
10,regular,2022-11-05 23:30:00+00:00,Utah,Arizona,45,20,True,False,True,Pac-12,Pac-12,fbs,fbs,
10,regular,2022-11-05 23:30:00+00:00,Notre Dame,Clemson,35,14,True,False,False,FBS Independents,ACC,fbs,fbs,
10,regular,2022-11-05 23:35:00+00:00,George Fox,Lewis & Clark,41,20,True,False,True,Northwest,Northwest,iii,iii,
10,regular,2022-11-06 00:00:00+00:00,McNeese,Eastern Illinois,29,15,True,False,False,Southland,OVC,fcs,fcs,
10,regular,2022-11-06 00:00:00+00:00,NC State,Wake Forest,30,21,True,False,True,ACC,ACC,fbs,fbs,
10,regular,2022-11-06 00:00:00+00:00,Texas A&M-Kingsville,Midwestern State,37,41,True,False,True,Lone Star,Lone Star,ii,ii,
10,regular,2022-11-06 00:00:00+00:00,Tarleton State,Abilene Christian,23,28,True,False,True,Western Athletic,Western Athletic,fcs,fcs,
10,regular,2022-11-06 00:00:00+00:00,Montana,Cal Poly,57,0,True,False,True,Big Sky,Big Sky,fcs,fcs,
10,regular,2022-11-06 00:00:00+00:00,Utah Tech,Southern Utah,48,36,True,False,True,Western Athletic,Western Athletic,fcs,fcs,
10,regular,2022-11-06 02:00:00+00:00,Pomona Pitzer,Whittier,43,12,True,False,True,So. Cal.,So. Cal.,iii,iii,
10,regular,2022-11-06 02:00:00+00:00,Chapman,Cal Lutheran,65,26,True,False,True,So. Cal.,So. Cal.,iii,iii,
10,regular,2022-11-06 02:30:00+00:00,Arizona State,UCLA,36,50,True,False,True,Pac-12,Pac-12,fbs,fbs,
10,regular,2022-11-06 02:30:00+00:00,USC,California,41,35,True,False,True,Pac-12,Pac-12,fbs,fbs,
10,regular,2022-11-06 02:30:00+00:00,San José State,Colorado State,28,16,True,False,True,Mountain West,Mountain West,fbs,fbs,
10,regular,2022-11-06 02:30:00+00:00,Fresno State,Hawai'i,55,13,True,False,True,Mountain West,Mountain West,fbs,fbs,
11,regular,2022-11-09 00:00:00+00:00,Akron,Eastern Michigan,28,34,True,False,True,Mid-American,Mid-American,fbs,fbs,
11,regular,2022-11-09 00:30:00+00:00,Miami (OH),Ohio,21,37,True,False,True,Mid-American,Mid-American,fbs,fbs,
11,regular,2022-11-09 01:00:00+00:00,Toledo,Ball State,28,21,True,False,True,Mid-American,Mid-American,fbs,fbs,
11,regular,2022-11-10 00:00:00+00:00,Western Michigan,Northern Illinois,21,24,True,False,True,Mid-American,Mid-American,fbs,fbs,
11,regular,2022-11-10 00:00:00+00:00,Bowling Green,Kent State,6,40,True,False,True,Mid-American,Mid-American,fbs,fbs,
11,regular,2022-11-10 00:00:00+00:00,Central Michigan,Buffalo,31,27,True,False,True,Mid-American,Mid-American,fbs,fbs,
11,regular,2022-11-11 00:30:00+00:00,Louisiana,Georgia Southern,36,17,True,False,True,Sun Belt,Sun Belt,fbs,fbs,
11,regular,2022-11-11 00:30:00+00:00,Memphis,Tulsa,26,10,True,False,True,American Athletic,American Athletic,fbs,fbs,
11,regular,2022-11-12 00:00:00+00:00,The College of New Jersey,Kean,10,17,True,False,True,New Jersey,New Jersey,iii,iii,
11,regular,2022-11-12 00:00:00+00:00,Rowan,New England,38,20,True,False,False,New Jersey,Commonwealth Coast,iii,iii,
11,regular,2022-11-12 01:00:00+00:00,Cincinnati,East Carolina,27,25,True,False,True,American Athletic,American Athletic,fbs,fbs,
11,regular,2022-11-12 02:00:00+00:00,Portland State,Sacramento State,17,45,True,False,True,Big Sky,Big Sky,fcs,fcs,
11,regular,2022-11-12 02:30:00+00:00,USC,Colorado,55,17,True,False,True,Pac-12,Pac-12,fbs,fbs,
11,regular,2022-11-12 03:30:00+00:00,UNLV,Fresno State,30,37,True,False,True,Mountain West,Mountain West,fbs,fbs,
11,regular,2022-11-12 17:00:00+00:00,Catholic,Springfield,21,35,True,False,True,NEWMAC,NEWMAC,iii,iii,
11,regular,2022-11-12 17:00:00+00:00,Virginia,Pittsburgh,7,37,True,False,True,ACC,ACC,fbs,fbs,
11,regular,2022-11-12 17:00:00+00:00,Duke,Virginia Tech,24,7,True,False,True,ACC,ACC,fbs,fbs,
11,regular,2022-11-12 17:00:00+00:00,Clarion,West Chester,27,36,True,False,True,Pennsylvania State Athletic,Pennsylvania State Athletic,ii,ii,
11,regular,2022-11-12 17:00:00+00:00,Nichols,Curry,49,28,True,False,True,Commonwealth Coast,Commonwealth Coast,iii,iii,
11,regular,2022-11-12 17:00:00+00:00,Lebanon Valley,Albright,41,24,True,False,True,Mid Atlantic,Mid Atlantic,iii,iii,
11,regular,2022-11-12 17:00:00+00:00,Yale,Princeton,24,20,True,False,True,Ivy,Ivy,fcs,fcs,
11,regular,2022-11-12 17:00:00+00:00,American International,Saint Anselm,20,27,True,False,True,Northeast 10,Northeast 10,ii,ii,
11,regular,2022-11-12 17:00:00+00:00,Merchant Marine,Coast Guard,41,33,True,False,True,NEWMAC,NEWMAC,iii,iii,
11,regular,2022-11-12 17:00:00+00:00,Seton Hill,Millersville,10,14,True,False,True,Pennsylvania State Athletic,Pennsylvania State Athletic,ii,ii,
11,regular,2022-11-12 17:00:00+00:00,Bridgewater State,Mass Maritime,10,0,True,False,True,MSCAC,MSCAC,iii,iii,
11,regular,2022-11-12 17:00:00+00:00,Salve Regina,Husson,24,10,True,False,True,Commonwealth Coast,Commonwealth Coast,iii,iii,
11,regular,2022-11-12 17:00:00+00:00,Saint Francis,Duquesne,51,14,True,False,True,NEC,NEC,fcs,fcs,
11,regular,2022-11-12 17:00:00+00:00,Marist,Valparaiso,24,45,True,False,True,Pioneer,Pioneer,fcs,fcs,
11,regular,2022-11-12 17:00:00+00:00,UAlbany,Maine,23,21,True,False,True,CAA,CAA,fcs,fcs,
11,regular,2022-11-12 17:00:00+00:00,Wagner,Sacred Heart,28,38,True,False,True,NEC,NEC,fcs,fcs,
11,regular,2022-11-12 17:00:00+00:00,Plymouth State,UMass Dartmouth,21,46,True,False,True,MSCAC,MSCAC,iii,iii,
11,regular,2022-11-12 17:00:00+00:00,Ithaca,SUNY Cortland,34,17,True,True,False,Liberty League,Empire 8,iii,iii,
11,regular,2022-11-12 17:00:00+00:00,Rensselaer,Union,23,13,True,False,True,Liberty League,Liberty League,iii,iii,
11,regular,2022-11-12 17:00:00+00:00,Williams,Amherst,20,10,True,False,True,NESCAC,NESCAC,iii,iii,
11,regular,2022-11-12 17:00:00+00:00,Central Connecticut,Merrimack,14,20,True,False,True,NEC,NEC,fcs,fcs,
11,regular,2022-11-12 17:00:00+00:00,Moravian,Muhlenberg,10,37,True,False,True,Centennial,Centennial,iii,iii,
11,regular,2022-11-12 17:00:00+00:00,South Florida,SMU,23,41,True,False,True,American Athletic,American Athletic,fbs,fbs,
11,regular,2022-11-12 17:00:00+00:00,Lehigh,Colgate,36,33,True,False,True,Patriot,Patriot,fcs,fcs,
11,regular,2022-11-12 17:00:00+00:00,North Carolina A&T,Charleston Southern,20,10,True,False,True,Big South,Big South,fcs,fcs,
11,regular,2022-11-12 17:00:00+00:00,Edinboro,Lock Haven,26,13,True,False,True,Pennsylvania State Athletic,Pennsylvania State Athletic,ii,ii,
11,regular,2022-11-12 17:00:00+00:00,Ohio State,Indiana,56,14,True,False,True,Big Ten,Big Ten,fbs,fbs,
11,regular,2022-11-12 17:00:00+00:00,Michigan State,Rutgers,27,21,True,False,True,Big Ten,Big Ten,fbs,fbs,
11,regular,2022-11-12 17:00:00+00:00,Limestone,Emory & Henry,45,27,True,False,False,South Atlantic,South Atlantic,ii,ii,
11,regular,2022-11-12 17:00:00+00:00,Trinity (CT),Wesleyan (CT),31,14,True,False,True,NESCAC,NESCAC,iii,iii,
11,regular,2022-11-12 17:00:00+00:00,Dean,Keystone,44,45,True,False,True,ECFC,ECFC,iii,iii,
11,regular,2022-11-12 17:00:00+00:00,Southern Connecticut State,New Haven,14,54,True,False,True,Northeast 10,Northeast 10,ii,ii,
11,regular,2022-11-12 17:00:00+00:00,Navy,Notre Dame,32,35,True,True,False,American Athletic,FBS Independents,fbs,fbs,
11,regular,2022-11-12 17:00:00+00:00,UConn,Liberty,36,33,True,False,False,FBS Independents,FBS Independents,fbs,fbs,
11,regular,2022-11-12 17:00:00+00:00,WPI,MIT,14,21,True,False,True,NEWMAC,NEWMAC,iii,iii,
11,regular,2022-11-12 17:00:00+00:00,Wilkes,King's,58,42,True,False,True,Mid Atlantic,Mid Atlantic,iii,iii,
11,regular,2022-11-12 17:00:00+00:00,John Carroll,Otterbein,62,7,True,False,True,Ohio,Ohio,iii,iii,
11,regular,2022-11-12 17:00:00+00:00,Mercyhurst,Shepherd,13,16,True,False,True,Pennsylvania State Athletic,Pennsylvania State Athletic,ii,ii,
11,regular,2022-11-12 17:00:00+00:00,Tiffin,Findlay,25,27,True,False,True,Great Midwest Athletic,Great Midwest Athletic,ii,ii,
11,regular,2022-11-12 17:00:00+00:00,Lake Erie,Northern Michigan,11,33,True,False,False,Great Midwest Athletic,GLIAC,ii,ii,
11,regular,2022-11-12 17:00:00+00:00,Davenport,Grand Valley State,7,49,True,False,True,GLIAC,GLIAC,ii,ii,
11,regular,2022-11-12 17:00:00+00:00,California (PA),East Stroudsburg,31,7,True,False,True,Pennsylvania State Athletic,Pennsylvania State Athletic,ii,ii,
11,regular,2022-11-12 17:00:00+00:00,Holy Cross,Bryant,36,29,True,False,False,Patriot,Big South,fcs,fcs,
11,regular,2022-11-12 17:00:00+00:00,Pace,Bentley,10,18,True,False,True,Northeast 10,Northeast 10,ii,ii,
11,regular,2022-11-12 17:00:00+00:00,Gannon,Shippensburg,28,35,True,False,True,Pennsylvania State Athletic,Pennsylvania State Athletic,ii,ii,
11,regular,2022-11-12 17:00:00+00:00,Westfield State,Fitchburg State,50,0,True,False,True,MSCAC,MSCAC,iii,iii,
11,regular,2022-11-12 17:00:00+00:00,Misericordia,Lycoming,21,14,True,False,True,Mid Atlantic,Mid Atlantic,iii,iii,
11,regular,2022-11-12 17:00:00+00:00,Greensboro,North Carolina Wesleyan,14,35,True,False,True,USA South,USA South,iii,iii,
11,regular,2022-11-12 17:00:00+00:00,Arkansas,LSU,10,13,True,False,True,SEC,SEC,fbs,fbs,
11,regular,2022-11-12 17:00:00+00:00,Brown,Columbia,24,31,True,False,True,Ivy,Ivy,fcs,fcs,
11,regular,2022-11-12 17:00:00+00:00,Kentucky,Vanderbilt,21,24,True,False,True,SEC,SEC,fbs,fbs,
11,regular,2022-11-12 17:00:00+00:00,Tennessee,Missouri,66,24,True,False,True,SEC,SEC,fbs,fbs,
11,regular,2022-11-12 17:00:00+00:00,West Virginia,Oklahoma,23,20,True,False,True,Big 12,Big 12,fbs,fbs,
11,regular,2022-11-12 17:00:00+00:00,Illinois,Purdue,24,31,True,False,True,Big Ten,Big Ten,fbs,fbs,
11,regular,2022-11-12 17:00:00+00:00,Johns Hopkins,McDaniel,44,7,True,False,True,Centennial,Centennial,iii,iii,
11,regular,2022-11-12 17:00:00+00:00,Charleston (WV),West Virginia State,35,42,True,False,True,Mountain East,Mountain East,ii,ii,
11,regular,2022-11-12 17:00:00+00:00,SUNY Maritime,Alfred State,21,48,True,False,True,ECFC,ECFC,iii,iii,
11,regular,2022-11-12 17:00:00+00:00,Hamilton,Bates,14,19,True,False,True,NESCAC,NESCAC,iii,iii,
11,regular,2022-11-12 17:00:00+00:00,Framingham State,Worcester State,21,16,True,False,True,MSCAC,MSCAC,iii,iii,
11,regular,2022-11-12 17:30:00+00:00,Tufts,Middlebury,65,34,True,False,True,NESCAC,NESCAC,iii,iii,
11,regular,2022-11-12 17:30:00+00:00,Georgetown,Bucknell,21,24,True,False,True,Patriot,Patriot,fcs,fcs,
11,regular,2022-11-12 17:30:00+00:00,North Greenville,West Georgia,36,43,True,False,True,Gulf South,Gulf South,ii,ii,
11,regular,2022-11-12 18:00:00+00:00,Alderson-Broaddus,Notre Dame College,3,27,True,False,True,Mountain East,Mountain East,ii,ii,
11,regular,2022-11-12 18:00:00+00:00,Concordia St. Paul,Minot State,19,11,True,False,True,Northern Sun,Northern Sun,ii,ii,
11,regular,2022-11-12 18:00:00+00:00,Oberlin,Wooster,13,56,True,False,True,North Coast,North Coast,iii,iii,
11,regular,2022-11-12 18:00:00+00:00,Kalamazoo,Trine,19,42,True,False,True,Michigan,Michigan,iii,iii,
11,regular,2022-11-12 18:00:00+00:00,Slippery Rock,Kutztown,21,23,True,False,True,Pennsylvania State Athletic,Pennsylvania State Athletic,ii,ii,
11,regular,2022-11-12 18:00:00+00:00,Delaware,Richmond,13,21,True,False,True,CAA,CAA,fcs,fcs,
11,regular,2022-11-12 18:00:00+00:00,Howard,South Carolina State,28,14,True,False,True,MEAC,MEAC,fcs,fcs,
11,regular,2022-11-12 18:00:00+00:00,Campbell,Gardner-Webb,35,42,True,False,True,Big South,Big South,fcs,fcs,
11,regular,2022-11-12 18:00:00+00:00,Long Island University,Stonehill,34,28,True,False,True,NEC,NEC,fcs,fcs,
11,regular,2022-11-12 18:00:00+00:00,Ripon,Lawrence,82,0,True,False,True,Midwest,Midwest,iii,iii,
11,regular,2022-11-12 18:00:00+00:00,Ashland,Kentucky Wesleyan,41,10,True,False,True,Great Midwest Athletic,Great Midwest Athletic,ii,ii,
11,regular,2022-11-12 18:00:00+00:00,Pennsylvania,Harvard,14,37,True,False,True,Ivy,Ivy,fcs,fcs,
11,regular,2022-11-12 18:00:00+00:00,Stony Brook,Towson,17,21,True,False,True,CAA,CAA,fcs,fcs,
11,regular,2022-11-12 18:00:00+00:00,Hampton,Elon,24,38,True,False,True,CAA,CAA,fcs,fcs,
11,regular,2022-11-12 18:00:00+00:00,Denison,Kenyon,49,12,True,False,True,North Coast,North Coast,iii,iii,
11,regular,2022-11-12 18:00:00+00:00,Geneva,Westminster (PA),0,49,True,False,True,Presidents',Presidents',iii,iii,
11,regular,2022-11-12 18:00:00+00:00,Minnesota State,Winona State,40,13,True,False,True,Northern Sun,Northern Sun,ii,ii,
11,regular,2022-11-12 18:00:00+00:00,Upper Iowa,Sioux Falls,6,50,True,False,True,Northern Sun,Northern Sun,ii,ii,
11,regular,2022-11-12 18:00:00+00:00,Wittenberg,Hilbert,56,8,True,False,False,North Coast,North Coast,iii,iii,
11,regular,2022-11-12 18:00:00+00:00,Ohio Wesleyan,Hiram,47,21,True,False,True,North Coast,North Coast,iii,iii,
11,regular,2022-11-12 18:00:00+00:00,Ferrum,Averett,20,24,True,False,False,Old Dominion,Old Dominion,iii,iii,
11,regular,2022-11-12 18:00:00+00:00,St. John Fisher,Utica,21,35,True,False,True,Empire 8,Empire 8,iii,iii,
11,regular,2022-11-12 18:00:00+00:00,Adrian,Olivet,28,0,True,False,True,Michigan,Michigan,iii,iii,
11,regular,2022-11-12 18:00:00+00:00,Washington and Lee,Shenandoah,14,16,True,False,True,Old Dominion,Old Dominion,iii,iii,
11,regular,2022-11-12 18:00:00+00:00,Montclair State,William Paterson,14,17,True,False,True,New Jersey,New Jersey,iii,iii,
11,regular,2022-11-12 18:00:00+00:00,Carroll (WI),Washington St. Louis,7,37,True,False,False,Midwest,CCIW,iii,iii,
11,regular,2022-11-12 18:00:00+00:00,Western New England,Endicott,21,26,True,False,True,Commonwealth Coast,Commonwealth Coast,iii,iii,
11,regular,2022-11-12 18:00:00+00:00,Guilford,Bridgewater,22,64,True,False,True,Old Dominion,Old Dominion,iii,iii,
11,regular,2022-11-12 18:00:00+00:00,Luther,Nebraska Wesleyan,35,28,True,False,True,American Rivers,American Rivers,iii,iii,
11,regular,2022-11-12 18:00:00+00:00,North Dakota,South Dakota,28,19,True,False,True,MVFC,MVFC,fcs,fcs,
11,regular,2022-11-12 18:00:00+00:00,Simpson (IA),Buena Vista,21,26,True,False,True,American Rivers,American Rivers,iii,iii,
11,regular,2022-11-12 18:00:00+00:00,Wayne State (NE),Minnesota St Moorhead,10,7,True,False,True,Northern Sun,Northern Sun,ii,ii,
11,regular,2022-11-12 18:00:00+00:00,Westminster (MO),Crown,22,26,True,False,True,Upper Midwest,Upper Midwest,iii,iii,
11,regular,2022-11-12 18:00:00+00:00,East Tennessee State,Western Carolina,17,20,True,False,True,Southern,Southern,fcs,fcs,
11,regular,2022-11-12 18:00:00+00:00,Susquehanna,Juniata,66,15,True,False,True,Centennial,Centennial,iii,iii,
11,regular,2022-11-12 18:00:00+00:00,West Virginia Wesleyan,Glenville State,14,27,True,False,True,Mountain East,Mountain East,ii,ii,
11,regular,2022-11-12 18:00:00+00:00,Lenoir Rhyne,Tusculum,34,14,True,False,True,South Atlantic,South Atlantic,ii,ii,
11,regular,2022-11-12 18:00:00+00:00,Catawba,Carson Newman,23,61,True,False,True,South Atlantic,South Atlantic,ii,ii,
11,regular,2022-11-12 18:00:00+00:00,Newberry,Mars Hill,27,24,True,False,True,South Atlantic,South Atlantic,ii,ii,
11,regular,2022-11-12 18:00:00+00:00,Alvernia,FDU Florham,7,31,True,False,True,Mid Atlantic,Mid Atlantic,iii,iii,
11,regular,2022-11-12 18:00:00+00:00,Alma,Albion,34,31,True,False,True,Michigan,Michigan,iii,iii,
11,regular,2022-11-12 18:00:00+00:00,Gettysburg,Franklin & Marshall,14,31,True,False,True,Centennial,Centennial,iii,iii,
11,regular,2022-11-12 18:00:00+00:00,DePauw,Wabash,49,14,True,False,True,North Coast,North Coast,iii,iii,
11,regular,2022-11-12 18:00:00+00:00,Waynesburg,Washington & Jefferson,0,56,True,False,True,Presidents',Presidents',iii,iii,
11,regular,2022-11-12 18:00:00+00:00,West Liberty,Frostburg State,23,28,True,False,True,Mountain East,Mountain East,ii,ii,
11,regular,2022-11-12 18:00:00+00:00,Southern Virginia,Brevard,27,41,True,False,True,USA South,USA South,iii,iii,
11,regular,2022-11-12 18:00:00+00:00,St. Lawrence,Buffalo State,31,7,True,False,True,Liberty League,Liberty League,iii,iii,
11,regular,2022-11-12 18:00:00+00:00,Cornell,Dartmouth,17,13,True,False,True,Ivy,Ivy,fcs,fcs,
11,regular,2022-11-12 18:00:00+00:00,Centre,Millsaps,57,3,True,False,True,Southern Athletic,Southern Athletic,iii,iii,
11,regular,2022-11-12 18:00:00+00:00,Cornell (IA),Grinnell,45,6,True,False,True,Midwest,Midwest,iii,iii,
11,regular,2022-11-12 18:00:00+00:00,Ohio Dominican,Hillsdale,20,10,True,False,True,Great Midwest Athletic,Great Midwest Athletic,ii,ii,
11,regular,2022-11-12 18:00:00+00:00,Belhaven,Maryville (TN),22,25,True,False,False,USA South,USA South,iii,iii,
11,regular,2022-11-12 18:00:00+00:00,Widener,Delaware Valley,7,34,True,False,True,Mid Atlantic,Mid Atlantic,iii,iii,
11,regular,2022-11-12 18:00:00+00:00,SUNY Morrisville,Hartwick,38,12,True,False,True,Empire 8,Empire 8,iii,iii,
11,regular,2022-11-12 18:00:00+00:00,Illinois College,Beloit,65,13,True,False,True,Midwest,Midwest,iii,iii,
11,regular,2022-11-12 18:00:00+00:00,Minnesota Morris,Greenville,25,43,True,False,True,Upper Midwest,Upper Midwest,iii,iii,
11,regular,2022-11-12 18:00:00+00:00,Fordham,Lafayette,45,10,True,False,True,Patriot,Patriot,fcs,fcs,
11,regular,2022-11-12 18:00:00+00:00,Knox,Monmouth (IL),0,56,True,False,True,Midwest,Midwest,iii,iii,
11,regular,2022-11-12 18:00:00+00:00,Alfred,Brockport,7,16,True,False,True,Empire 8,Empire 8,iii,iii,
11,regular,2022-11-12 18:00:00+00:00,Hobart,Rochester (NY),27,7,True,False,True,Liberty League,Liberty League,iii,iii,
11,regular,2022-11-12 18:00:00+00:00,St. Norbert,Concordia Chicago,54,0,True,False,True,NACC,NACC,iii,iii,
11,regular,2022-11-12 18:00:00+00:00,Hampden Sydney,Randolph Macon,17,38,True,False,True,Old Dominion,Old Dominion,iii,iii,
11,regular,2022-11-12 18:00:00+00:00,Saginaw Valley State,Michigan Tech,35,30,True,False,True,GLIAC,GLIAC,ii,ii,
11,regular,2022-11-12 18:00:00+00:00,Ursinus,Dickinson,38,14,True,False,True,Centennial,Centennial,iii,iii,
11,regular,2022-11-12 18:00:00+00:00,Northwood,Walsh,34,14,True,False,False,Great Midwest Athletic,Great Midwest Athletic,ii,ii,
11,regular,2022-11-12 18:00:00+00:00,Dayton,Morehead State,49,27,True,False,True,Pioneer,Pioneer,fcs,fcs,
11,regular,2022-11-12 18:00:00+00:00,Trinity (TX),Sewanee,38,0,True,False,True,Southern Athletic,Southern Athletic,iii,iii,
11,regular,2022-11-12 18:00:00+00:00,New Hampshire,Rhode Island,31,28,True,False,True,CAA,CAA,fcs,fcs,
11,regular,2022-11-12 18:00:00+00:00,Wayne State (MI),Ferris State,14,40,True,False,True,GLIAC,GLIAC,ii,ii,
11,regular,2022-11-12 18:00:00+00:00,Kennesaw State,Austin Peay,14,31,True,False,True,Atlantic Sun,Atlantic Sun,fcs,fcs,
11,regular,2022-11-12 18:00:00+00:00,Old Dominion,James Madison,3,37,True,False,True,Sun Belt,Sun Belt,fbs,fbs,
11,regular,2022-11-12 18:00:00+00:00,Sam Houston,Abilene Christian,28,45,True,False,True,Western Athletic,Western Athletic,fcs,fcs,
11,regular,2022-11-12 18:00:00+00:00,Saint Vincent,Bethany (WV),36,7,True,False,True,Presidents',Presidents',iii,iii,
11,regular,2022-11-12 18:00:00+00:00,Georgia State,UL Monroe,28,31,True,False,True,Sun Belt,Sun Belt,fbs,fbs,
11,regular,2022-11-12 18:00:00+00:00,William & Mary,Villanova,45,12,True,False,True,CAA,CAA,fcs,fcs,
11,regular,2022-11-12 18:00:00+00:00,St. Thomas (MN),Stetson,23,0,True,False,True,Pioneer,Pioneer,fcs,fcs,
11,regular,2022-11-12 18:00:00+00:00,Grove City,Thiel,66,6,True,False,True,Presidents',Presidents',iii,iii,
11,regular,2022-11-12 18:30:00+00:00,Bluffton,Defiance College,14,17,True,False,True,Heartland,Heartland,iii,iii,
11,regular,2022-11-12 18:30:00+00:00,Muskingum,Marietta,23,38,True,False,True,Ohio,Ohio,iii,iii,
11,regular,2022-11-12 18:30:00+00:00,Franklin,Hanover,3,24,True,False,True,Heartland,Heartland,iii,iii,
11,regular,2022-11-12 18:30:00+00:00,Capital,Heidelberg,30,44,True,False,True,Ohio,Ohio,iii,iii,
11,regular,2022-11-12 18:30:00+00:00,Wofford,VMI,34,16,True,False,True,Southern,Southern,fcs,fcs,
11,regular,2022-11-12 18:30:00+00:00,Chattanooga,Samford,24,35,True,False,True,Southern,Southern,fcs,fcs,
11,regular,2022-11-12 18:30:00+00:00,Mount St Joseph,Rose Hulman,40,31,True,False,True,Heartland,Heartland,iii,iii,
11,regular,2022-11-12 18:30:00+00:00,Baldwin Wallace,Mount Union,21,23,True,False,True,Ohio,Ohio,iii,iii,
11,regular,2022-11-12 18:30:00+00:00,Wingate,UVA Wise,45,7,True,False,True,South Atlantic,South Atlantic,ii,ii,
11,regular,2022-11-12 18:30:00+00:00,Anderson (IN),Manchester,19,12,True,False,True,Heartland,Heartland,iii,iii,
11,regular,2022-11-12 19:00:00+00:00,Northern State,Minnesota Duluth,7,28,True,False,True,Northern Sun,Northern Sun,ii,ii,
11,regular,2022-11-12 19:00:00+00:00,South Dakota Mines,Chadron State,28,7,True,False,True,Rocky Mountain,Rocky Mountain,ii,ii,
11,regular,2022-11-12 19:00:00+00:00,Carthage,Millikin,6,17,True,False,True,CCIW,CCIW,iii,iii,
11,regular,2022-11-12 19:00:00+00:00,Wisconsin La Crosse,Wisconsin Platteville,31,10,True,False,True,Wisconsin,Wisconsin,iii,iii,
11,regular,2022-11-12 19:00:00+00:00,Barton,Erskine,51,22,True,False,True,South Atlantic,South Atlantic,ii,ii,
11,regular,2022-11-12 19:00:00+00:00,Wheeling,Fairmont State,31,28,True,False,True,Mountain East,Mountain East,ii,ii,
11,regular,2022-11-12 19:00:00+00:00,Emporia State,Northwest Missouri State,21,27,True,False,True,Mid America,Mid America,ii,ii,
11,regular,2022-11-12 19:00:00+00:00,Midwestern State,Angelo State,19,37,True,False,True,Lone Star,Lone Star,ii,ii,
11,regular,2022-11-12 19:00:00+00:00,Black Hills State,CSU Pueblo,0,38,True,False,True,Rocky Mountain,Rocky Mountain,ii,ii,
11,regular,2022-11-12 19:00:00+00:00,Missouri S&T,Southwest Baptist,17,24,True,False,True,Great Lakes,Great Lakes,ii,ii,
11,regular,2022-11-12 19:00:00+00:00,Murray State,Robert Morris,27,9,True,False,False,OVC,Big South,fcs,fcs,
11,regular,2022-11-12 19:00:00+00:00,Wisconsin Whitewater,Wisconsin Stevens Point,79,10,True,False,True,Wisconsin,Wisconsin,iii,iii,
11,regular,2022-11-12 19:00:00+00:00,The Citadel,Virginia Lynchburg,66,0,True,False,False,Southern,,fcs,,
11,regular,2022-11-12 19:00:00+00:00,Benedictine (IL),Wisconsin Lutheran,49,35,True,False,True,NACC,NACC,iii,iii,
11,regular,2022-11-12 19:00:00+00:00,North Central College,Augustana (IL),63,3,True,False,True,CCIW,CCIW,iii,iii,
11,regular,2022-11-12 19:00:00+00:00,Southern Illinois,North Dakota State,18,21,True,False,True,MVFC,MVFC,fcs,fcs,
11,regular,2022-11-12 19:00:00+00:00,Aurora,Concordia (WI),42,0,True,False,True,NACC,NACC,iii,iii,
11,regular,2022-11-12 19:00:00+00:00,Mary Hardin Baylor,McMurry,62,3,True,False,True,American Southwest,American Southwest,iii,iii,
11,regular,2022-11-12 19:00:00+00:00,Wisconsin River Falls,Wisconsin Stout,35,34,True,False,True,Wisconsin,Wisconsin,iii,iii,
11,regular,2022-11-12 19:00:00+00:00,Delaware State,Morgan State,7,37,True,False,True,MEAC,MEAC,fcs,fcs,
11,regular,2022-11-12 19:00:00+00:00,Sul Ross State,Southwestern U,44,41,True,False,True,American Southwest,American Southwest,iii,iii,
11,regular,2022-11-12 19:00:00+00:00,Drake,Butler,27,24,True,False,True,Pioneer,Pioneer,fcs,fcs,
11,regular,2022-11-12 19:00:00+00:00,Austin,Howard Payne,20,23,True,False,True,American Southwest,American Southwest,iii,iii,
11,regular,2022-11-12 19:00:00+00:00,Northwestern (MN),Martin Luther,31,9,True,False,True,Upper Midwest,Upper Midwest,iii,iii,
11,regular,2022-11-12 19:00:00+00:00,Colorado School of Mines,Fort Lewis,80,0,True,False,True,Rocky Mountain,Rocky Mountain,ii,ii,
11,regular,2022-11-12 19:00:00+00:00,Western Kentucky,Rice,45,10,True,False,True,Conference USA,Conference USA,fbs,fbs,
11,regular,2022-11-12 19:00:00+00:00,Southwest Minnesota State,Augustana (SD),0,49,True,False,True,Northern Sun,Northern Sun,ii,ii,
11,regular,2022-11-12 19:00:00+00:00,Indianapolis,Truman State,28,14,True,False,True,Great Lakes,Great Lakes,ii,ii,
11,regular,2022-11-12 19:00:00+00:00,Elmhurst,Illinois Wesleyan,17,21,True,False,True,CCIW,CCIW,iii,iii,
11,regular,2022-11-12 19:00:00+00:00,Dubuque,Central College,21,24,True,False,True,American Rivers,American Rivers,iii,iii,
11,regular,2022-11-12 19:00:00+00:00,Benedict,Tuskegee,58,21,True,False,True,SIAC,SIAC,ii,ii,SIAC Championship Game
11,regular,2022-11-12 19:00:00+00:00,Berry,Hendrix,55,8,True,False,True,Southern Athletic,Southern Athletic,iii,iii,
11,regular,2022-11-12 19:00:00+00:00,Northern Colorado,Northern Arizona,21,20,True,False,True,Big Sky,Big Sky,fcs,fcs,
11,regular,2022-11-12 19:00:00+00:00,Quincy,William Jewell,7,17,True,False,True,Great Lakes,Great Lakes,ii,ii,
11,regular,2022-11-12 19:00:00+00:00,Anna Maria College,Vermont State Castleton,27,26,True,False,True,ECFC,ECFC,iii,iii,
11,regular,2022-11-12 19:00:00+00:00,Jacksonville State,Eastern Kentucky,42,17,True,False,True,Atlantic Sun,Atlantic Sun,fcs,fcs,
11,regular,2022-11-12 19:00:00+00:00,Huntingdon,LaGrange,55,7,True,False,True,USA South,USA South,iii,iii,
11,regular,2022-11-12 19:00:00+00:00,Norfolk State,North Carolina Central,14,48,True,False,True,MEAC,MEAC,fcs,fcs,
11,regular,2022-11-12 19:00:00+00:00,Rhodes,Birmingham-Southern,20,3,True,False,True,Southern Athletic,Southern Athletic,iii,iii,
11,regular,2022-11-12 19:00:00+00:00,Coe,Wartburg,14,19,True,False,True,American Rivers,American Rivers,iii,iii,
11,regular,2022-11-12 19:00:00+00:00,Missouri Western,Lincoln (MO),41,0,True,False,True,Mid America,Mid America,ii,ii,
11,regular,2022-11-12 19:00:00+00:00,East Texas Baptist,North American,43,6,True,False,False,American Southwest,,iii,,
11,regular,2022-11-12 19:00:00+00:00,Texas Lutheran,Hardin Simmons,16,45,True,False,True,American Southwest,American Southwest,iii,iii,
11,regular,2022-11-12 19:00:00+00:00,Lakeland,Rockford,70,21,True,False,True,NACC,NACC,iii,iii,
11,regular,2022-11-12 19:00:00+00:00,Lindenwood,McKendree,63,35,True,False,False,OVC,Great Lakes,fcs,ii,
11,regular,2022-11-12 19:00:00+00:00,Wheaton (IL),North Park,54,14,True,False,True,CCIW,CCIW,iii,iii,
11,regular,2022-11-12 19:00:00+00:00,Western Illinois,Indiana State,0,21,True,False,True,MVFC,MVFC,fcs,fcs,
11,regular,2022-11-12 19:00:00+00:00,Wisconsin Eau Claire,Wisconsin Oshkosh,0,61,True,False,True,Wisconsin,Wisconsin,iii,iii,
11,regular,2022-11-12 19:00:00+00:00,New Mexico State,Lamar,51,14,True,False,False,FBS Independents,Southland,fbs,fcs,
11,regular,2022-11-12 19:30:00+00:00,Ohio Northern,Wilmington (OH),21,13,True,False,True,Ohio,Ohio,iii,iii,
11,regular,2022-11-12 20:00:00+00:00,Weber State,Idaho State,45,7,True,False,True,Big Sky,Big Sky,fcs,fcs,
11,regular,2022-11-12 20:00:00+00:00,Valdosta State,Shorter,30,28,True,False,True,Gulf South,Gulf South,ii,ii,
11,regular,2022-11-12 20:00:00+00:00,Delta State,West Alabama,17,7,True,False,True,Gulf South,Gulf South,ii,ii,
11,regular,2022-11-12 20:00:00+00:00,IU Pennsylvania,Bloomsburg,24,21,True,False,True,Pennsylvania State Athletic,Pennsylvania State Athletic,ii,ii,
11,regular,2022-11-12 20:00:00+00:00,Colorado Mesa,New Mexico Highlands,56,36,True,False,True,Rocky Mountain,Rocky Mountain,ii,ii,
11,regular,2022-11-12 20:00:00+00:00,Western Colorado,Adams State,52,10,True,False,True,Rocky Mountain,Rocky Mountain,ii,ii,
11,regular,2022-11-12 20:00:00+00:00,Mississippi College,West Florida,21,56,True,False,True,Gulf South,Gulf South,ii,ii,
11,regular,2022-11-12 20:00:00+00:00,Southern,Mississippi Valley State,27,7,True,False,True,SWAC,SWAC,fcs,fcs,
11,regular,2022-11-12 20:00:00+00:00,Missouri Southern State,Washburn,20,37,True,False,True,Mid America,Mid America,ii,ii,
11,regular,2022-11-12 20:00:00+00:00,Northeastern State,Nebraska Kearney,0,42,True,False,True,Mid America,Mid America,ii,ii,
11,regular,2022-11-12 20:00:00+00:00,Alcorn State,Bethune-Cookman,17,14,True,False,True,SWAC,SWAC,fcs,fcs,
11,regular,2022-11-12 20:00:00+00:00,Alabama State,Florida A&M,14,21,True,False,True,SWAC,SWAC,fcs,fcs,
11,regular,2022-11-12 20:00:00+00:00,Montana,Eastern Washington,63,7,True,False,True,Big Sky,Big Sky,fcs,fcs,
11,regular,2022-11-12 20:00:00+00:00,Missouri State,Youngstown State,25,22,True,False,True,MVFC,MVFC,fcs,fcs,
11,regular,2022-11-12 20:00:00+00:00,Central Oklahoma,Central Missouri,13,10,True,False,True,Mid America,Mid America,ii,ii,
11,regular,2022-11-12 20:00:00+00:00,Eastern Illinois,Southeast Missouri State,7,31,True,False,True,OVC,OVC,fcs,fcs,
11,regular,2022-11-12 20:00:00+00:00,Southern Utah,Lincoln (CA),55,0,True,False,False,Western Athletic,,fcs,,
11,regular,2022-11-12 20:00:00+00:00,Arkansas-Pine Bluff,Prairie View A&M,24,55,True,False,True,SWAC,SWAC,fcs,fcs,
11,regular,2022-11-12 20:00:00+00:00,South Dakota State,Illinois State,31,7,True,False,True,MVFC,MVFC,fcs,fcs,
11,regular,2022-11-12 20:00:00+00:00,Utah Tech,Tarleton State,34,28,True,False,True,Western Athletic,Western Athletic,fcs,fcs,
11,regular,2022-11-12 20:00:00+00:00,Houston Christian,McNeese,10,21,True,False,True,Southland,Southland,fcs,fcs,
11,regular,2022-11-12 20:00:00+00:00,Arkansas State,Massachusetts,35,33,True,False,False,Sun Belt,FBS Independents,fbs,fbs,
11,regular,2022-11-12 20:00:00+00:00,Arkansas Monticello,Southern Arkansas,7,20,True,False,True,Great American,Great American,ii,ii,
11,regular,2022-11-12 20:00:00+00:00,Harding,Arkansas Tech,55,10,True,False,True,Great American,Great American,ii,ii,
11,regular,2022-11-12 20:00:00+00:00,East Central,Southeastern Oklahoma State,31,10,True,False,True,Great American,Great American,ii,ii,
11,regular,2022-11-12 20:00:00+00:00,Henderson State,Ouachita Baptist,37,40,True,False,True,Great American,Great American,ii,ii,
11,regular,2022-11-12 20:00:00+00:00,University of Mary,Bemidji State,14,51,True,False,True,Northern Sun,Northern Sun,ii,ii,
11,regular,2022-11-12 20:00:00+00:00,Pittsburg State,Fort Hays,35,14,True,False,True,Mid America,Mid America,ii,ii,
11,regular,2022-11-12 20:00:00+00:00,Mercer,Furman,13,23,True,False,True,Southern,Southern,fcs,fcs,
11,regular,2022-11-12 20:00:00+00:00,Houston,Temple,43,36,True,False,True,American Athletic,American Athletic,fbs,fbs,
11,regular,2022-11-12 20:30:00+00:00,Minnesota,Northwestern,31,3,True,False,True,Big Ten,Big Ten,fbs,fbs,
11,regular,2022-11-12 20:30:00+00:00,Penn State,Maryland,30,0,True,False,True,Big Ten,Big Ten,fbs,fbs,
11,regular,2022-11-12 20:30:00+00:00,Air Force,New Mexico,35,3,True,False,True,Mountain West,Mountain West,fbs,fbs,
11,regular,2022-11-12 20:30:00+00:00,Marshall,App State,28,21,True,False,True,Sun Belt,Sun Belt,fbs,fbs,
11,regular,2022-11-12 20:30:00+00:00,Michigan,Nebraska,34,3,True,False,True,Big Ten,Big Ten,fbs,fbs,
11,regular,2022-11-12 20:30:00+00:00,Ole Miss,Alabama,24,30,True,False,True,SEC,SEC,fbs,fbs,
11,regular,2022-11-12 20:30:00+00:00,Whitworth,George Fox,14,28,True,False,True,Northwest,Northwest,iii,iii,
11,regular,2022-11-12 20:30:00+00:00,Washington State,Arizona State,28,18,True,False,True,Pac-12,Pac-12,fbs,fbs,
11,regular,2022-11-12 20:30:00+00:00,Oklahoma State,Iowa State,20,14,True,False,True,Big 12,Big 12,fbs,fbs,
11,regular,2022-11-12 20:30:00+00:00,Troy,Army,10,9,True,False,False,Sun Belt,FBS Independents,fbs,fbs,
11,regular,2022-11-12 20:30:00+00:00,Iowa,Wisconsin,24,10,True,False,True,Big Ten,Big Ten,fbs,fbs,
11,regular,2022-11-12 20:30:00+00:00,Clemson,Louisville,31,16,True,False,True,ACC,ACC,fbs,fbs,
11,regular,2022-11-12 20:30:00+00:00,Georgia Tech,Miami,14,35,True,False,True,ACC,ACC,fbs,fbs,
11,regular,2022-11-12 20:30:00+00:00,NC State,Boston College,20,21,True,False,True,ACC,ACC,fbs,fbs,
11,regular,2022-11-12 20:30:00+00:00,Tulane,UCF,31,38,True,False,True,American Athletic,American Athletic,fbs,fbs,
11,regular,2022-11-12 20:30:00+00:00,Middle Tennessee,Charlotte,24,14,True,False,True,Conference USA,Conference USA,fbs,fbs,
11,regular,2022-11-12 20:30:00+00:00,UTSA,Louisiana Tech,51,7,True,False,True,Conference USA,Conference USA,fbs,fbs,
11,regular,2022-11-12 20:30:00+00:00,UAB,North Texas,41,21,True,False,True,Conference USA,Conference USA,fbs,fbs,
11,regular,2022-11-12 21:00:00+00:00,Central Washington,UT Permian Basin,49,14,True,False,False,Lone Star,Lone Star,ii,ii,
11,regular,2022-11-12 21:00:00+00:00,La Verne,Chapman,14,42,True,False,True,So. Cal.,So. Cal.,iii,iii,
11,regular,2022-11-12 21:00:00+00:00,Eastern New Mexico,Western New Mexico,24,38,True,False,True,Lone Star,Lone Star,ii,ii,
11,regular,2022-11-12 21:00:00+00:00,Pacific Lutheran,Pacific (OR),7,18,True,False,True,Northwest,Northwest,iii,iii,
11,regular,2022-11-12 21:00:00+00:00,Willamette,Puget Sound,20,26,True,False,True,Northwest,Northwest,iii,iii,
11,regular,2022-11-12 21:00:00+00:00,Pomona Pitzer,Claremont Mudd Scripps,28,14,True,False,True,So. Cal.,So. Cal.,iii,iii,
11,regular,2022-11-12 21:00:00+00:00,Lewis & Clark,Linfield,7,70,True,False,True,Northwest,Northwest,iii,iii,
11,regular,2022-11-12 21:00:00+00:00,Southwestern Oklahoma State,Northwestern (OK),41,28,True,False,True,Great American,Great American,ii,ii,
11,regular,2022-11-12 21:00:00+00:00,Florida,South Carolina,38,6,True,False,True,SEC,SEC,fbs,fbs,
11,regular,2022-11-12 21:00:00+00:00,Redlands,Whittier,58,14,True,False,True,So. Cal.,So. Cal.,iii,iii,
11,regular,2022-11-12 21:00:00+00:00,UNC Pembroke,Concord,56,58,True,False,True,Mountain East,Mountain East,ii,ii,
11,regular,2022-11-12 21:00:00+00:00,Nicholls,East Texas A&M,12,10,True,False,True,Southland,Southland,fcs,fcs,
11,regular,2022-11-12 22:00:00+00:00,SE Louisiana,Northwestern State,23,7,True,False,True,Southland,Southland,fcs,fcs,
11,regular,2022-11-12 22:00:00+00:00,Stephen F. Austin,Central Arkansas,7,34,True,False,False,Western Athletic,Atlantic Sun,fcs,fcs,
11,regular,2022-11-12 22:00:00+00:00,Jackson State,Alabama A&M,27,13,True,True,True,SWAC,SWAC,fcs,fcs,
11,regular,2022-11-12 22:00:00+00:00,Tennessee State,UT Martin,3,20,True,False,True,OVC,OVC,fcs,fcs,
11,regular,2022-11-12 22:00:00+00:00,Salisbury,Christopher Newport,36,33,True,False,True,New Jersey,New Jersey,iii,iii,
11,regular,2022-11-12 22:00:00+00:00,North Alabama,Tennessee Tech,27,35,True,False,False,Atlantic Sun,OVC,fcs,fcs,
11,regular,2022-11-12 22:00:00+00:00,South Alabama,Texas State,38,21,True,False,True,Sun Belt,Sun Belt,fbs,fbs,
11,regular,2022-11-12 22:00:00+00:00,San Diego,Davidson,31,14,True,False,True,Pioneer,Pioneer,fcs,fcs,
11,regular,2022-11-12 22:30:00+00:00,Bowdoin,Colby,21,14,True,False,True,NESCAC,NESCAC,iii,iii,
11,regular,2022-11-12 23:00:00+00:00,Edward Waters,Allen,38,12,True,False,True,SIAC,SIAC,ii,ii,
11,regular,2022-11-13 00:00:00+00:00,Oklahoma Baptist,Southern Nazarene,21,56,True,False,True,Great American,Great American,ii,ii,
11,regular,2022-11-13 00:00:00+00:00,Colorado State,Wyoming,13,14,True,False,True,Mountain West,Mountain West,fbs,fbs,
11,regular,2022-11-13 00:00:00+00:00,Texas Tech,Kansas,43,28,True,False,True,Big 12,Big 12,fbs,fbs,
11,regular,2022-11-13 00:00:00+00:00,Mississippi State,Georgia,19,45,True,False,True,SEC,SEC,fbs,fbs,
11,regular,2022-11-13 00:00:00+00:00,Florida International,Florida Atlantic,7,52,True,False,True,Conference USA,Conference USA,fbs,fbs,
11,regular,2022-11-13 00:00:00+00:00,Case Western Reserve,Carnegie Mellon,7,20,True,False,True,Presidents',Presidents',iii,iii,
11,regular,2022-11-13 00:00:00+00:00,Idaho,UC Davis,26,44,True,False,True,Big Sky,Big Sky,fcs,fcs,
11,regular,2022-11-13 00:00:00+00:00,Baylor,Kansas State,3,31,True,False,True,Big 12,Big 12,fbs,fbs,
11,regular,2022-11-13 00:00:00+00:00,Texas Southern,Grambling,41,7,True,False,True,SWAC,SWAC,fcs,fcs,
11,regular,2022-11-13 00:00:00+00:00,Oregon,Washington,34,37,True,False,True,Pac-12,Pac-12,fbs,fbs,
11,regular,2022-11-13 00:30:00+00:00,Auburn,Texas A&M,13,10,True,False,True,SEC,SEC,fbs,fbs,
11,regular,2022-11-13 00:30:00+00:00,Coastal Carolina,Southern Miss,26,23,True,False,True,Sun Belt,Sun Belt,fbs,fbs,
11,regular,2022-11-13 00:30:00+00:00,Texas,TCU,10,17,True,False,True,Big 12,Big 12,fbs,fbs,
11,regular,2022-11-13 00:30:00+00:00,Wake Forest,North Carolina,34,36,True,False,True,ACC,ACC,fbs,fbs,
11,regular,2022-11-13 01:00:00+00:00,Syracuse,Florida State,3,38,True,False,True,ACC,ACC,fbs,fbs,
11,regular,2022-11-13 01:00:00+00:00,Cal Poly,Montana State,28,72,True,False,True,Big Sky,Big Sky,fcs,fcs,
11,regular,2022-11-13 01:00:00+00:00,Texas A&M-Kingsville,Western Oregon,37,48,True,False,False,Lone Star,Lone Star,ii,ii,
11,regular,2022-11-13 02:00:00+00:00,Simon Fraser,West Texas,46,14,True,True,False,Lone Star,Lone Star,ii,ii,
11,regular,2022-11-13 02:00:00+00:00,Oregon State,California,38,10,True,False,True,Pac-12,Pac-12,fbs,fbs,
11,regular,2022-11-13 03:00:00+00:00,Utah,Stanford,42,7,True,False,True,Pac-12,Pac-12,fbs,fbs,
11,regular,2022-11-13 03:30:00+00:00,UCLA,Arizona,28,34,True,False,True,Pac-12,Pac-12,fbs,fbs,
11,regular,2022-11-13 03:30:00+00:00,Nevada,Boise State,3,41,True,False,True,Mountain West,Mountain West,fbs,fbs,
11,regular,2022-11-13 03:30:00+00:00,San Diego State,San José State,43,27,True,False,True,Mountain West,Mountain West,fbs,fbs,
11,regular,2022-11-13 04:00:00+00:00,Hawai'i,Utah State,34,41,True,False,True,Mountain West,Mountain West,fbs,fbs,
12,regular,2022-11-16 00:00:00+00:00,Ball State,Ohio,18,32,True,False,True,Mid-American,Mid-American,fbs,fbs,
12,regular,2022-11-16 00:00:00+00:00,Toledo,Bowling Green,35,42,True,False,True,Mid-American,Mid-American,fbs,fbs,
12,regular,2022-11-16 23:00:00+00:00,Kent State,Eastern Michigan,24,31,True,False,True,Mid-American,Mid-American,fbs,fbs,
12,regular,2022-11-17 00:00:00+00:00,Northern Illinois,Miami (OH),23,29,True,False,True,Mid-American,Mid-American,fbs,fbs,
12,regular,2022-11-17 01:00:00+00:00,Central Michigan,Western Michigan,10,12,True,False,True,Mid-American,Mid-American,fbs,fbs,
12,regular,2022-11-18 00:00:00+00:00,Nicholls,SE Louisiana,17,40,True,False,True,Southland,Southland,fcs,fcs,
12,regular,2022-11-18 00:30:00+00:00,Tulane,SMU,59,24,True,False,True,American Athletic,American Athletic,fbs,fbs,
12,regular,2022-11-19 02:00:00+00:00,Tulsa,South Florida,48,42,True,False,True,American Athletic,American Athletic,fbs,fbs,
12,regular,2022-11-19 02:45:00+00:00,New Mexico,San Diego State,10,34,True,False,True,Mountain West,Mountain West,fbs,fbs,
12,regular,2022-11-19 16:00:00+00:00,UCF,Navy,14,17,True,False,True,American Athletic,American Athletic,fbs,fbs,
12,regular,2022-11-19 17:00:00+00:00,Morehead State,San Diego,9,14,True,False,True,Pioneer,Pioneer,fcs,fcs,
12,regular,2022-11-19 17:00:00+00:00,Duquesne,Wagner,33,0,True,False,True,NEC,NEC,fcs,fcs,
12,regular,2022-11-19 17:00:00+00:00,Monmouth,Stony Brook,24,21,True,False,True,CAA,CAA,fcs,fcs,
12,regular,2022-11-19 17:00:00+00:00,Shepherd,New Haven,16,13,True,False,False,Pennsylvania State Athletic,Northeast 10,ii,ii,Division II Championship - First Round
12,regular,2022-11-19 17:00:00+00:00,Harvard,Yale,14,19,True,False,True,Ivy,Ivy,fcs,fcs,
12,regular,2022-11-19 17:00:00+00:00,Merrimack,Saint Francis,23,52,True,False,True,NEC,NEC,fcs,fcs,
12,regular,2022-11-19 17:00:00+00:00,Randolph Macon,SUNY Cortland,35,28,True,False,False,Old Dominion,Empire 8,iii,iii,Division III Championship - First Round
12,regular,2022-11-19 17:00:00+00:00,Ithaca,UMass Dartmouth,63,20,True,False,False,Liberty League,MSCAC,iii,iii,Division III Championship - First Round
12,regular,2022-11-19 17:00:00+00:00,Assumption,Slippery Rock,14,17,True,False,False,Northeast 10,Pennsylvania State Athletic,ii,ii,Division II Championship - First Round
12,regular,2022-11-19 17:00:00+00:00,Pittsburgh,Duke,28,26,True,False,True,ACC,ACC,fbs,fbs,
12,regular,2022-11-19 17:00:00+00:00,Delaware Valley,Gallaudet,59,0,True,False,False,Mid Atlantic,ECFC,iii,iii,Division III Championship - First Round
12,regular,2022-11-19 17:00:00+00:00,Texas A&M,Massachusetts,20,3,True,False,False,SEC,FBS Independents,fbs,fbs,
12,regular,2022-11-19 17:00:00+00:00,Purdue,Northwestern,17,9,True,False,True,Big Ten,Big Ten,fbs,fbs,
12,regular,2022-11-19 17:00:00+00:00,Florida State,Louisiana,49,17,True,False,False,ACC,Sun Belt,fbs,fbs,
12,regular,2022-11-19 17:00:00+00:00,Michigan,Illinois,19,17,True,False,True,Big Ten,Big Ten,fbs,fbs,
12,regular,2022-11-19 17:00:00+00:00,Robert Morris,Bryant,6,35,True,False,True,Big South,Big South,fcs,fcs,
12,regular,2022-11-19 17:00:00+00:00,Gardner-Webb,North Carolina A&T,38,17,True,False,True,Big South,Big South,fcs,fcs,
12,regular,2022-11-19 17:00:00+00:00,Maine,New Hampshire,41,42,True,False,True,CAA,CAA,fcs,fcs,
12,regular,2022-11-19 17:00:00+00:00,Sacred Heart,Long Island University,34,37,True,False,True,NEC,NEC,fcs,fcs,
12,regular,2022-11-19 17:00:00+00:00,Richmond,William & Mary,26,37,True,False,True,CAA,CAA,fcs,fcs,
12,regular,2022-11-19 17:00:00+00:00,Butler,St. Thomas (MN),13,27,True,False,True,Pioneer,Pioneer,fcs,fcs,
12,regular,2022-11-19 17:00:00+00:00,Youngstown State,Southern Illinois,28,21,True,False,True,MVFC,MVFC,fcs,fcs,
12,regular,2022-11-19 17:00:00+00:00,Morgan State,Howard,6,35,True,False,True,MEAC,MEAC,fcs,fcs,
12,regular,2022-11-19 17:00:00+00:00,Illinois State,Western Illinois,20,13,True,False,True,MVFC,MVFC,fcs,fcs,
12,regular,2022-11-19 17:00:00+00:00,Alabama,Austin Peay,34,0,True,False,False,SEC,Atlantic Sun,fbs,fcs,
12,regular,2022-11-19 17:00:00+00:00,Mississippi State,East Tennessee State,56,7,True,False,False,SEC,Southern,fbs,fcs,
12,regular,2022-11-19 17:00:00+00:00,Furman,Wofford,63,28,True,False,True,Southern,Southern,fcs,fcs,
12,regular,2022-11-19 17:00:00+00:00,Alma,Mount St Joseph,41,21,True,False,False,Michigan,Heartland,iii,iii,Division III Championship - First Round
12,regular,2022-11-19 17:00:00+00:00,VMI,The Citadel,22,26,True,False,True,Southern,Southern,fcs,fcs,
12,regular,2022-11-19 17:00:00+00:00,Michigan State,Indiana,31,39,True,False,True,Big Ten,Big Ten,fbs,fbs,
12,regular,2022-11-19 17:00:00+00:00,Susquehanna,Utica,10,17,True,False,False,Centennial,Empire 8,iii,iii,Division III Championship - First Round
12,regular,2022-11-19 17:00:00+00:00,Army,UConn,34,17,True,False,False,FBS Independents,FBS Independents,fbs,fbs,
12,regular,2022-11-19 17:00:00+00:00,Liberty,Virginia Tech,22,23,True,False,False,FBS Independents,ACC,fbs,fbs,
12,regular,2022-11-19 17:00:00+00:00,Nebraska,Wisconsin,14,15,True,False,True,Big Ten,Big Ten,fbs,fbs,
12,regular,2022-11-19 17:00:00+00:00,Baylor,TCU,28,29,True,False,True,Big 12,Big 12,fbs,fbs,
12,regular,2022-11-19 17:00:00+00:00,Endicott,Springfield,14,17,True,False,False,Commonwealth Coast,NEWMAC,iii,iii,Division III Championship - First Round
12,regular,2022-11-19 17:00:00+00:00,Mount Union,Salisbury,51,0,True,False,False,Ohio,New Jersey,iii,iii,Division III Championship - First Round
12,regular,2022-11-19 17:00:00+00:00,Carnegie Mellon,DePauw,45,14,True,False,False,Presidents',North Coast,iii,iii,Division III Championship - First Round
12,regular,2022-11-19 17:00:00+00:00,Vanderbilt,Florida,31,24,True,False,True,SEC,SEC,fbs,fbs,
12,regular,2022-11-19 17:30:00+00:00,Georgetown,Holy Cross,10,47,True,False,True,Patriot,Patriot,fcs,fcs,
12,regular,2022-11-19 17:30:00+00:00,Lafayette,Lehigh,14,11,True,False,True,Patriot,Patriot,fcs,fcs,
12,regular,2022-11-19 18:00:00+00:00,Saint John's (MN),Northwestern (MN),49,0,True,False,False,Minnesota,Upper Midwest,iii,iii,Division III Championship - First Round
12,regular,2022-11-19 18:00:00+00:00,Princeton,Pennsylvania,19,20,True,False,True,Ivy,Ivy,fcs,fcs,
12,regular,2022-11-19 18:00:00+00:00,Samford,Mercer,50,44,True,False,True,Southern,Southern,fcs,fcs,
12,regular,2022-11-19 18:00:00+00:00,Rhode Island,UAlbany,35,21,True,False,True,CAA,CAA,fcs,fcs,
12,regular,2022-11-19 18:00:00+00:00,Western Carolina,Chattanooga,32,29,True,False,True,Southern,Southern,fcs,fcs,
12,regular,2022-11-19 18:00:00+00:00,Valparaiso,Drake,0,24,True,False,True,Pioneer,Pioneer,fcs,fcs,
12,regular,2022-11-19 18:00:00+00:00,Rice,UTSA,7,41,True,False,True,Conference USA,Conference USA,fbs,fbs,
12,regular,2022-11-19 18:00:00+00:00,Stonehill,Central Connecticut,14,39,True,False,True,NEC,NEC,fcs,fcs,
12,regular,2022-11-19 18:00:00+00:00,Fordham,Colgate,52,38,True,False,True,Patriot,Patriot,fcs,fcs,
12,regular,2022-11-19 18:00:00+00:00,Indiana State,Missouri State,7,24,True,False,True,MVFC,MVFC,fcs,fcs,
12,regular,2022-11-19 18:00:00+00:00,Ferris State,Davenport,41,7,True,False,True,GLIAC,GLIAC,ii,ii,Division II Championship - First Round
12,regular,2022-11-19 18:00:00+00:00,Columbia,Cornell,45,22,True,False,True,Ivy,Ivy,fcs,fcs,
12,regular,2022-11-19 18:00:00+00:00,Towson,Hampton,27,7,True,False,True,CAA,CAA,fcs,fcs,
12,regular,2022-11-19 18:00:00+00:00,Villanova,Delaware,29,26,True,False,True,CAA,CAA,fcs,fcs,
12,regular,2022-11-19 18:00:00+00:00,Trinity (TX),Hardin Simmons,14,7,True,False,False,Southern Athletic,American Southwest,iii,iii,Division III Championship - First Round
12,regular,2022-11-19 18:00:00+00:00,Wartburg,Wisconsin La Crosse,14,6,True,False,False,American Rivers,Wisconsin,iii,iii,Division III Championship - First Round
12,regular,2022-11-19 18:00:00+00:00,Minnesota State,Wayne State (NE),26,9,True,False,True,Northern Sun,Northern Sun,ii,ii,Division II Championship - First Round
12,regular,2022-11-19 18:00:00+00:00,Davidson,Dayton,24,23,True,False,True,Pioneer,Pioneer,fcs,fcs,
12,regular,2022-11-19 18:00:00+00:00,Sam Houston,Southern Utah,7,17,True,False,True,Western Athletic,Western Athletic,fcs,fcs,
12,regular,2022-11-19 18:00:00+00:00,Virginia Union,Wingate,7,32,True,False,False,CIAA,South Atlantic,ii,ii,Division II Championship - First Round
12,regular,2022-11-19 18:00:00+00:00,Ashland,Notre Dame College,20,13,True,False,False,Great Midwest Athletic,Mountain East,ii,ii,Division II Championship - First Round
12,regular,2022-11-19 18:00:00+00:00,Bucknell,Marist,24,13,True,False,False,Patriot,Pioneer,fcs,fcs,
12,regular,2022-11-19 18:00:00+00:00,Stetson,Presbyterian,42,21,True,False,True,Pioneer,Pioneer,fcs,fcs,
12,regular,2022-11-19 18:00:00+00:00,West Florida,Limestone,45,19,True,True,False,Gulf South,South Atlantic,ii,ii,Division II Championship - First Round
12,regular,2022-11-19 18:00:00+00:00,Mary Hardin Baylor,Huntingdon,54,0,True,False,False,American Southwest,USA South,iii,iii,Division III Championship - First Round
12,regular,2022-11-19 18:00:00+00:00,Wheaton (IL),Bethel (MN),32,34,True,False,False,CCIW,Minnesota,iii,iii,Division III Championship - First Round
12,regular,2022-11-19 18:00:00+00:00,Wisconsin Whitewater,Aurora,28,33,True,False,False,Wisconsin,NACC,iii,iii,Division III Championship - First Round
12,regular,2022-11-19 18:00:00+00:00,North Central College,Lake Forest,50,0,True,False,False,CCIW,Midwest,iii,iii,Division III Championship - First Round
12,regular,2022-11-19 18:30:00+00:00,Dartmouth,Brown,30,7,True,False,True,Ivy,Ivy,fcs,fcs,
12,regular,2022-11-19 18:30:00+00:00,South Carolina State,Norfolk State,38,42,True,False,True,MEAC,MEAC,fcs,fcs,
12,regular,2022-11-19 19:00:00+00:00,Alabama A&M,Texas Southern,24,20,True,False,True,SWAC,SWAC,fcs,fcs,
12,regular,2022-11-19 19:00:00+00:00,James Madison,Georgia State,42,40,True,False,True,Sun Belt,Sun Belt,fbs,fbs,
12,regular,2022-11-19 19:00:00+00:00,West Virginia,Kansas State,31,48,True,False,True,Big 12,Big 12,fbs,fbs,
12,regular,2022-11-19 19:00:00+00:00,Memphis,North Alabama,59,0,True,False,False,American Athletic,Atlantic Sun,fbs,fcs,
12,regular,2022-11-19 19:00:00+00:00,Northwestern State,Incarnate Word,7,66,True,False,False,Southland,Southland,fcs,fcs,
12,regular,2022-11-19 19:00:00+00:00,Delaware State,Campbell,7,34,True,False,False,MEAC,Big South,fcs,fcs,
12,regular,2022-11-19 19:00:00+00:00,Southeast Missouri State,Murray State,52,22,True,False,True,OVC,OVC,fcs,fcs,
12,regular,2022-11-19 19:00:00+00:00,South Dakota,Northern Iowa,14,58,True,False,True,MVFC,MVFC,fcs,fcs,
12,regular,2022-11-19 19:00:00+00:00,Arizona,Washington State,20,31,True,False,True,Pac-12,Pac-12,fbs,fbs,
12,regular,2022-11-19 19:00:00+00:00,Montana State,Montana,55,21,True,False,True,Big Sky,Big Sky,fcs,fcs,
12,regular,2022-11-19 19:00:00+00:00,East Carolina,Houston,3,42,True,False,True,American Athletic,American Athletic,fbs,fbs,
12,regular,2022-11-19 19:00:00+00:00,Mississippi Valley State,Prairie View A&M,27,7,True,False,True,SWAC,SWAC,fcs,fcs,
12,regular,2022-11-19 19:00:00+00:00,Colorado School of Mines,CSU Pueblo,45,24,True,False,True,Rocky Mountain,Rocky Mountain,ii,ii,Division II Championship - First Round
12,regular,2022-11-19 19:00:00+00:00,Pittsburg State,Indianapolis,35,0,True,False,False,Mid America,Great Lakes,ii,ii,Division II Championship - First Round
12,regular,2022-11-19 19:00:00+00:00,Ouachita Baptist,Northwest Missouri State,17,47,True,False,False,Great American,Mid America,ii,ii,Division II Championship - First Round
12,regular,2022-11-19 19:00:00+00:00,Bemidji State,Winona State,31,7,True,False,True,Northern Sun,Northern Sun,ii,ii,Division II Championship - First Round
12,regular,2022-11-19 19:00:00+00:00,Delta State,Fayetteville State,51,0,True,False,False,Gulf South,CIAA,ii,ii,Division II Championship - First Round
12,regular,2022-11-19 19:15:00+00:00,Arizona State,Oregon State,7,31,True,False,True,Pac-12,Pac-12,fbs,fbs,
12,regular,2022-11-19 19:30:00+00:00,Florida A&M,Bethune-Cookman,41,20,True,True,True,SWAC,SWAC,fcs,fcs,
12,regular,2022-11-19 19:30:00+00:00,App State,Old Dominion,27,14,True,False,True,Sun Belt,Sun Belt,fbs,fbs,
12,regular,2022-11-19 19:30:00+00:00,Tennessee Tech,North Carolina Central,20,22,True,False,False,OVC,MEAC,fcs,fcs,
12,regular,2022-11-19 19:30:00+00:00,Notre Dame,Boston College,44,0,True,False,False,FBS Independents,ACC,fbs,fbs,
12,regular,2022-11-19 20:00:00+00:00,Linfield,Pomona Pitzer,51,24,True,False,False,Northwest,So. Cal.,iii,iii,Division III Championship - First Round
12,regular,2022-11-19 20:00:00+00:00,Eastern Kentucky,Kennesaw State,45,38,True,False,True,Atlantic Sun,Atlantic Sun,fcs,fcs,
12,regular,2022-11-19 20:00:00+00:00,Alcorn State,Jackson State,13,24,True,False,True,SWAC,SWAC,fcs,fcs,
12,regular,2022-11-19 20:00:00+00:00,East Texas A&M,Tennessee State,14,22,True,False,False,Southland,OVC,fcs,fcs,
12,regular,2022-11-19 20:00:00+00:00,UT Martin,Eastern Illinois,34,31,True,False,True,OVC,OVC,fcs,fcs,
12,regular,2022-11-19 20:00:00+00:00,Tarleton State,Houston Christian,49,7,True,False,False,Western Athletic,Southland,fcs,fcs,
12,regular,2022-11-19 20:00:00+00:00,Idaho State,Idaho,7,38,True,False,True,Big Sky,Big Sky,fcs,fcs,
12,regular,2022-11-19 20:00:00+00:00,Northern Arizona,Weber State,31,33,True,False,True,Big Sky,Big Sky,fcs,fcs,
12,regular,2022-11-19 20:30:00+00:00,Charlotte,Louisiana Tech,26,21,True,False,True,Conference USA,Conference USA,fbs,fbs,
12,regular,2022-11-19 20:30:00+00:00,Middle Tennessee,Florida Atlantic,49,21,True,False,True,Conference USA,Conference USA,fbs,fbs,
12,regular,2022-11-19 20:30:00+00:00,Clemson,Miami,40,10,True,False,True,ACC,ACC,fbs,fbs,
12,regular,2022-11-19 20:30:00+00:00,Troy,UL Monroe,34,16,True,False,True,Sun Belt,Sun Belt,fbs,fbs,
12,regular,2022-11-19 20:30:00+00:00,Southern Miss,South Alabama,20,27,True,False,True,Sun Belt,Sun Belt,fbs,fbs,
12,regular,2022-11-19 20:30:00+00:00,BYU,Utah Tech,52,26,True,False,False,FBS Independents,Western Athletic,fbs,fcs,
12,regular,2022-11-19 20:30:00+00:00,Kentucky,Georgia,6,16,True,False,True,SEC,SEC,fbs,fbs,
12,regular,2022-11-19 20:30:00+00:00,Kansas,Texas,14,55,True,False,True,Big 12,Big 12,fbs,fbs,
12,regular,2022-11-19 20:30:00+00:00,North Dakota State,North Dakota,42,21,True,False,True,MVFC,MVFC,fcs,fcs,
12,regular,2022-11-19 20:30:00+00:00,Rutgers,Penn State,10,55,True,False,True,Big Ten,Big Ten,fbs,fbs,
12,regular,2022-11-19 20:30:00+00:00,Maryland,Ohio State,30,43,True,False,True,Big Ten,Big Ten,fbs,fbs,
12,regular,2022-11-19 20:30:00+00:00,Abilene Christian,Stephen F. Austin,21,24,True,False,True,Western Athletic,Western Athletic,fcs,fcs,
12,regular,2022-11-19 20:30:00+00:00,Louisville,NC State,25,10,True,False,True,ACC,ACC,fbs,fbs,
12,regular,2022-11-19 21:00:00+00:00,Temple,Cincinnati,3,23,True,False,True,American Athletic,American Athletic,fbs,fbs,
12,regular,2022-11-19 21:00:00+00:00,Auburn,Western Kentucky,41,17,True,False,False,SEC,Conference USA,fbs,fbs,
12,regular,2022-11-19 21:00:00+00:00,Minnesota,Iowa,10,13,True,False,True,Big Ten,Big Ten,fbs,fbs,
12,regular,2022-11-19 21:00:00+00:00,UTEP,Florida International,40,6,True,False,True,Conference USA,Conference USA,fbs,fbs,
12,regular,2022-11-19 21:00:00+00:00,Eastern Washington,Northern Colorado,45,21,True,False,True,Big Sky,Big Sky,fcs,fcs,
12,regular,2022-11-19 22:00:00+00:00,Sacramento State,UC Davis,27,21,True,False,True,Big Sky,Big Sky,fcs,fcs,
12,regular,2022-11-19 22:00:00+00:00,Central Arkansas,Jacksonville State,17,40,True,False,True,Atlantic Sun,Atlantic Sun,fcs,fcs,
12,regular,2022-11-19 22:00:00+00:00,Texas State,Arkansas State,16,13,True,False,True,Sun Belt,Sun Belt,fbs,fbs,
12,regular,2022-11-19 22:30:00+00:00,California,Stanford,27,20,True,False,True,Pac-12,Pac-12,fbs,fbs,
12,regular,2022-11-19 22:30:00+00:00,North Carolina,Georgia Tech,17,21,True,False,True,ACC,ACC,fbs,fbs,
12,regular,2022-11-19 23:00:00+00:00,Georgia Southern,Marshall,10,23,True,False,True,Sun Belt,Sun Belt,fbs,fbs,
12,regular,2022-11-20 00:00:00+00:00,Iowa State,Texas Tech,10,14,True,False,True,Big 12,Big 12,fbs,fbs,
12,regular,2022-11-20 00:00:00+00:00,Wyoming,Boise State,17,20,True,False,True,Mountain West,Mountain West,fbs,fbs,
12,regular,2022-11-20 00:00:00+00:00,South Carolina,Tennessee,63,38,True,False,True,SEC,SEC,fbs,fbs,
12,regular,2022-11-20 00:30:00+00:00,Arkansas,Ole Miss,42,27,True,False,True,SEC,SEC,fbs,fbs,
12,regular,2022-11-20 00:30:00+00:00,Missouri,New Mexico State,45,14,True,False,False,SEC,FBS Independents,fbs,fbs,
12,regular,2022-11-20 00:30:00+00:00,Oklahoma,Oklahoma State,28,13,True,False,True,Big 12,Big 12,fbs,fbs,
12,regular,2022-11-20 01:00:00+00:00,McNeese,Lamar,24,20,True,False,True,Southland,Southland,fcs,fcs,
12,regular,2022-11-20 01:00:00+00:00,UCLA,USC,45,48,True,False,True,Pac-12,Pac-12,fbs,fbs,
12,regular,2022-11-20 01:00:00+00:00,Cal Poly,Portland State,49,42,True,False,True,Big Sky,Big Sky,fcs,fcs,
12,regular,2022-11-20 01:00:00+00:00,Wake Forest,Syracuse,45,35,True,False,True,ACC,ACC,fbs,fbs,
12,regular,2022-11-20 02:00:00+00:00,Air Force,Colorado State,24,12,True,False,True,Mountain West,Mountain West,fbs,fbs,
12,regular,2022-11-20 02:00:00+00:00,LSU,UAB,41,10,True,False,False,SEC,Conference USA,fbs,fbs,
12,regular,2022-11-20 02:00:00+00:00,Washington,Colorado,54,7,True,False,True,Pac-12,Pac-12,fbs,fbs,
12,regular,2022-11-20 02:45:00+00:00,Utah State,San José State,35,31,True,False,True,Mountain West,Mountain West,fbs,fbs,
12,regular,2022-11-20 03:30:00+00:00,Oregon,Utah,20,17,True,False,True,Pac-12,Pac-12,fbs,fbs,
12,regular,2022-11-20 03:30:00+00:00,Nevada,Fresno State,14,41,True,False,True,Mountain West,Mountain West,fbs,fbs,
12,regular,2022-11-20 04:00:00+00:00,Hawai'i,UNLV,31,25,True,False,True,Mountain West,Mountain West,fbs,fbs,
13,regular,2022-11-23 00:00:00+00:00,Miami (OH),Ball State,18,17,True,False,True,Mid-American,Mid-American,fbs,fbs,
13,regular,2022-11-23 00:00:00+00:00,Ohio,Bowling Green,38,14,True,False,True,Mid-American,Mid-American,fbs,fbs,
13,regular,2022-11-24 20:00:00+00:00,Alabama State,Arkansas-Pine Bluff,14,19,True,False,True,SWAC,SWAC,fcs,fcs,
13,regular,2022-11-25 00:00:00+00:00,Ole Miss,Mississippi State,22,24,True,False,True,SEC,SEC,fbs,fbs,
13,regular,2022-11-25 17:00:00+00:00,Western Michigan,Toledo,20,14,True,False,True,Mid-American,Mid-American,fbs,fbs,
13,regular,2022-11-25 17:00:00+00:00,Cincinnati,Tulane,24,27,True,False,True,American Athletic,American Athletic,fbs,fbs,
13,regular,2022-11-25 17:00:00+00:00,Eastern Michigan,Central Michigan,38,19,True,False,True,Mid-American,Mid-American,fbs,fbs,
13,regular,2022-11-25 17:00:00+00:00,Texas,Baylor,38,27,True,False,True,Big 12,Big 12,fbs,fbs,
13,regular,2022-11-25 17:00:00+00:00,Boise State,Utah State,42,23,True,False,True,Mountain West,Mountain West,fbs,fbs,
13,regular,2022-11-25 20:00:00+00:00,Arizona,Arizona State,38,35,True,False,True,Pac-12,Pac-12,fbs,fbs,
13,regular,2022-11-25 20:30:00+00:00,North Carolina,NC State,27,30,True,False,True,ACC,ACC,fbs,fbs,
13,regular,2022-11-25 20:30:00+00:00,Missouri,Arkansas,29,27,True,False,True,SEC,SEC,fbs,fbs,
13,regular,2022-11-25 20:30:00+00:00,Colorado State,New Mexico,17,0,True,False,True,Mountain West,Mountain West,fbs,fbs,
13,regular,2022-11-25 21:00:00+00:00,Iowa,Nebraska,17,24,True,False,True,Big Ten,Big Ten,fbs,fbs,
13,regular,2022-11-25 21:30:00+00:00,California,UCLA,28,35,True,False,True,Pac-12,Pac-12,fbs,fbs,
13,regular,2022-11-26 00:30:00+00:00,Florida State,Florida,45,38,True,False,False,ACC,SEC,fbs,fbs,
13,regular,2022-11-26 03:00:00+00:00,Fresno State,Wyoming,30,0,True,False,True,Mountain West,Mountain West,fbs,fbs,
13,regular,2022-11-26 17:00:00+00:00,Georgia,Georgia Tech,37,14,True,False,False,SEC,ACC,fbs,fbs,
13,regular,2022-11-26 17:00:00+00:00,Maryland,Rutgers,37,0,True,False,True,Big Ten,Big Ten,fbs,fbs,
13,regular,2022-11-26 17:00:00+00:00,Ohio State,Michigan,23,45,True,False,True,Big Ten,Big Ten,fbs,fbs,
13,regular,2022-11-26 17:00:00+00:00,Florida Atlantic,Western Kentucky,31,32,True,False,True,Conference USA,Conference USA,fbs,fbs,
13,regular,2022-11-26 17:00:00+00:00,Marshall,Georgia State,28,23,True,False,True,Sun Belt,Sun Belt,fbs,fbs,
13,regular,2022-11-26 17:00:00+00:00,Massachusetts,Army,7,44,True,False,True,FBS Independents,FBS Independents,fbs,fbs,
13,regular,2022-11-26 17:00:00+00:00,Delaware Valley,Randolph Macon,39,32,True,False,False,Mid Atlantic,Old Dominion,iii,iii,Division III Championship - Second Round
13,regular,2022-11-26 17:00:00+00:00,James Madison,Coastal Carolina,47,7,True,False,True,Sun Belt,Sun Belt,fbs,fbs,
13,regular,2022-11-26 17:00:00+00:00,Saint John's (MN),Wartburg,20,23,True,False,False,Minnesota,American Rivers,iii,iii,Division III Championship - Second Round
13,regular,2022-11-26 17:00:00+00:00,Liberty,New Mexico State,14,49,True,False,True,FBS Independents,FBS Independents,fbs,fbs,
13,regular,2022-11-26 17:00:00+00:00,Clemson,South Carolina,30,31,True,False,False,ACC,SEC,fbs,fbs,
13,regular,2022-11-26 17:00:00+00:00,Ithaca,Springfield,31,20,True,False,False,Liberty League,NEWMAC,iii,iii,Division III Championship - Second Round
13,regular,2022-11-26 17:00:00+00:00,Shepherd,Slippery Rock,37,27,True,False,True,Pennsylvania State Athletic,Pennsylvania State Athletic,ii,ii,Division II Championship - Second Round
13,regular,2022-11-26 17:00:00+00:00,Alma,Aurora,26,48,True,False,False,Michigan,NACC,iii,iii,Division III Championship - Second Round
13,regular,2022-11-26 17:00:00+00:00,Mount Union,Utica,45,7,True,False,False,Ohio,Empire 8,iii,iii,Division III Championship - Second Round
13,regular,2022-11-26 17:00:00+00:00,Furman,Elon,31,6,True,False,False,Southern,CAA,fcs,fcs,FCS Championship - First Round
13,regular,2022-11-26 17:00:00+00:00,Oklahoma State,West Virginia,19,24,True,False,True,Big 12,Big 12,fbs,fbs,
13,regular,2022-11-26 17:00:00+00:00,South Alabama,Old Dominion,27,20,True,False,True,Sun Belt,Sun Belt,fbs,fbs,
13,regular,2022-11-26 18:00:00+00:00,IU Pennsylvania,Ashland,19,13,True,False,False,Pennsylvania State Athletic,Great Midwest Athletic,ii,ii,Division II Championship - Second Round
13,regular,2022-11-26 18:00:00+00:00,Trinity (TX),Mary Hardin Baylor,17,24,True,False,False,Southern Athletic,American Southwest,iii,iii,Division III Championship - Second Round
13,regular,2022-11-26 18:00:00+00:00,North Central College,Carnegie Mellon,28,7,True,False,False,CCIW,Presidents',iii,iii,Division III Championship - Second Round
13,regular,2022-11-26 18:00:00+00:00,Grand Valley State,Northwest Missouri State,13,8,True,False,False,GLIAC,Mid America,ii,ii,Division II Championship - Second Round
13,regular,2022-11-26 18:00:00+00:00,Benedict,Wingate,6,23,True,False,False,SIAC,South Atlantic,ii,ii,Division II Championship - Second Round
13,regular,2022-11-26 18:00:00+00:00,Buffalo,Kent State,27,30,True,False,True,Mid-American,Mid-American,fbs,fbs,
13,regular,2022-11-26 18:00:00+00:00,Temple,East Carolina,46,49,True,False,True,American Athletic,American Athletic,fbs,fbs,
13,regular,2022-11-26 18:00:00+00:00,Ferris State,Pittsburg State,17,14,True,False,False,GLIAC,Mid America,ii,ii,Division II Championship - Second Round
13,regular,2022-11-26 18:30:00+00:00,Northern Illinois,Akron,12,44,True,False,True,Mid-American,Mid-American,fbs,fbs,
13,regular,2022-11-26 19:00:00+00:00,Southern,Grambling,34,17,True,True,True,SWAC,SWAC,fcs,fcs,
13,regular,2022-11-26 19:00:00+00:00,Angelo State,Bemidji State,33,7,True,False,False,Lone Star,Northern Sun,ii,ii,Division II Championship - Second Round
13,regular,2022-11-26 19:00:00+00:00,Richmond,Davidson,41,0,True,False,False,CAA,Pioneer,fcs,fcs,FCS Championship - First Round
13,regular,2022-11-26 19:00:00+00:00,North Texas,Rice,21,17,True,False,True,Conference USA,Conference USA,fbs,fbs,
13,regular,2022-11-26 19:00:00+00:00,Colorado School of Mines,Minnesota State,48,45,True,False,False,Rocky Mountain,Northern Sun,ii,ii,Division II Championship - Second Round
13,regular,2022-11-26 19:00:00+00:00,Delaware,Saint Francis,56,17,True,False,False,CAA,NEC,fcs,fcs,FCS Championship - First Round
13,regular,2022-11-26 19:00:00+00:00,New Hampshire,Fordham,52,42,True,False,False,CAA,Patriot,fcs,fcs,FCS Championship - First Round
13,regular,2022-11-26 19:30:00+00:00,Delta State,West Florida,27,38,True,False,True,Gulf South,Gulf South,ii,ii,Division II Championship - Second Round
13,regular,2022-11-26 20:00:00+00:00,Linfield,Bethel (MN),13,30,True,False,False,Northwest,Minnesota,iii,iii,Division III Championship - Second Round
13,regular,2022-11-26 20:00:00+00:00,Kentucky,Louisville,26,13,True,False,False,SEC,ACC,fbs,fbs,
13,regular,2022-11-26 20:30:00+00:00,Indiana,Purdue,16,30,True,False,True,Big Ten,Big Ten,fbs,fbs,
13,regular,2022-11-26 20:30:00+00:00,Northwestern,Illinois,3,41,True,False,True,Big Ten,Big Ten,fbs,fbs,
13,regular,2022-11-26 20:30:00+00:00,Arkansas State,Troy,19,48,True,False,True,Sun Belt,Sun Belt,fbs,fbs,
13,regular,2022-11-26 20:30:00+00:00,UTSA,UTEP,34,31,True,False,True,Conference USA,Conference USA,fbs,fbs,
13,regular,2022-11-26 20:30:00+00:00,Oregon State,Oregon,38,34,True,False,True,Pac-12,Pac-12,fbs,fbs,
13,regular,2022-11-26 20:30:00+00:00,Duke,Wake Forest,34,31,True,False,True,ACC,ACC,fbs,fbs,
13,regular,2022-11-26 20:30:00+00:00,Alabama,Auburn,49,27,True,False,True,SEC,SEC,fbs,fbs,
13,regular,2022-11-26 20:30:00+00:00,Wisconsin,Minnesota,16,23,True,False,True,Big Ten,Big Ten,fbs,fbs,
13,regular,2022-11-26 20:30:00+00:00,Louisiana Tech,UAB,27,37,True,False,True,Conference USA,Conference USA,fbs,fbs,
13,regular,2022-11-26 20:30:00+00:00,San José State,Hawai'i,27,14,True,False,True,Mountain West,Mountain West,fbs,fbs,
13,regular,2022-11-26 20:30:00+00:00,SMU,Memphis,34,31,True,False,True,American Athletic,American Athletic,fbs,fbs,
13,regular,2022-11-26 21:00:00+00:00,TCU,Iowa State,62,14,True,False,True,Big 12,Big 12,fbs,fbs,
13,regular,2022-11-26 21:00:00+00:00,Colorado,Utah,21,63,True,False,True,Pac-12,Pac-12,fbs,fbs,
13,regular,2022-11-26 21:00:00+00:00,Weber State,North Dakota,38,31,True,False,False,Big Sky,MVFC,fcs,fcs,FCS Championship - First Round
13,regular,2022-11-26 21:00:00+00:00,Penn State,Michigan State,35,16,True,False,True,Big Ten,Big Ten,fbs,fbs,
13,regular,2022-11-26 22:00:00+00:00,UL Monroe,Southern Miss,10,20,True,False,True,Sun Belt,Sun Belt,fbs,fbs,
13,regular,2022-11-26 22:00:00+00:00,Texas State,Louisiana,13,41,True,False,True,Sun Belt,Sun Belt,fbs,fbs,
13,regular,2022-11-26 22:00:00+00:00,Eastern Kentucky,Gardner-Webb,41,52,True,False,False,Atlantic Sun,Big South,fcs,fcs,FCS Championship - First Round
13,regular,2022-11-26 23:00:00+00:00,Georgia Southern,App State,51,48,True,False,True,Sun Belt,Sun Belt,fbs,fbs,
13,regular,2022-11-26 23:00:00+00:00,UNLV,Nevada,27,22,True,False,True,Mountain West,Mountain West,fbs,fbs,
13,regular,2022-11-26 23:00:00+00:00,Florida International,Middle Tennessee,28,33,True,False,True,Conference USA,Conference USA,fbs,fbs,
13,regular,2022-11-27 00:00:00+00:00,Texas A&M,LSU,38,23,True,False,True,SEC,SEC,fbs,fbs,
13,regular,2022-11-27 00:00:00+00:00,South Florida,UCF,39,46,True,False,True,American Athletic,American Athletic,fbs,fbs,
13,regular,2022-11-27 00:00:00+00:00,SE Louisiana,Idaho,45,42,True,False,False,Southland,Big Sky,fcs,fcs,FCS Championship - First Round
13,regular,2022-11-27 00:30:00+00:00,Boston College,Syracuse,23,32,True,False,True,ACC,ACC,fbs,fbs,
13,regular,2022-11-27 00:30:00+00:00,Houston,Tulsa,30,37,True,False,True,American Athletic,American Athletic,fbs,fbs,
13,regular,2022-11-27 00:30:00+00:00,Vanderbilt,Tennessee,0,56,True,False,True,SEC,SEC,fbs,fbs,
13,regular,2022-11-27 00:30:00+00:00,Texas Tech,Oklahoma,51,48,True,False,True,Big 12,Big 12,fbs,fbs,
13,regular,2022-11-27 00:30:00+00:00,USC,Notre Dame,38,27,True,False,False,Pac-12,FBS Independents,fbs,fbs,
13,regular,2022-11-27 01:00:00+00:00,Miami,Pittsburgh,16,42,True,False,True,ACC,ACC,fbs,fbs,
13,regular,2022-11-27 01:00:00+00:00,Kansas State,Kansas,47,27,True,False,True,Big 12,Big 12,fbs,fbs,
13,regular,2022-11-27 02:00:00+00:00,San Diego State,Air Force,3,13,True,False,True,Mountain West,Mountain West,fbs,fbs,
13,regular,2022-11-27 03:00:00+00:00,Montana,Southeast Missouri State,34,24,True,False,False,Big Sky,OVC,fcs,fcs,FCS Championship - First Round
13,regular,2022-11-27 03:30:00+00:00,Washington State,Washington,33,51,True,False,True,Pac-12,Pac-12,fbs,fbs,
13,regular,2022-11-27 04:00:00+00:00,Stanford,BYU,26,35,True,False,False,Pac-12,FBS Independents,fbs,fbs,
14,regular,2022-12-02 18:00:00+00:00,Buffalo,Akron,23,22,True,False,True,Mid-American,Mid-American,fbs,fbs,
14,regular,2022-12-03 00:30:00+00:00,UTSA,North Texas,48,27,True,False,True,Conference USA,Conference USA,fbs,fbs,Conference USA Championship
14,regular,2022-12-03 01:00:00+00:00,USC,Utah,24,47,True,True,True,Pac-12,Pac-12,fbs,fbs,Pac-12 Championship Game
14,regular,2022-12-03 17:00:00+00:00,Ohio,Toledo,7,17,True,True,True,Mid-American,Mid-American,fbs,fbs,MAC Championship
14,regular,2022-12-03 17:00:00+00:00,TCU,Kansas State,28,31,True,True,True,Big 12,Big 12,fbs,fbs,Dr Pepper Big 12 Championship
14,regular,2022-12-03 17:00:00+00:00,Holy Cross,New Hampshire,35,19,True,False,False,Patriot,CAA,fcs,fcs,FCS Championship - Second Round
14,regular,2022-12-03 17:00:00+00:00,Mount Union,Delaware Valley,22,6,True,False,False,Ohio,Mid Atlantic,iii,iii,Division III Championship - Quarterfinal
14,regular,2022-12-03 18:00:00+00:00,Mary Hardin Baylor,Bethel (MN),41,28,True,False,False,American Southwest,Minnesota,iii,iii,Division III Championship - Quarterfinal
14,regular,2022-12-03 18:00:00+00:00,North Central College,Ithaca,48,7,True,False,False,CCIW,Liberty League,iii,iii,Division III Championship - Quarterfinal
14,regular,2022-12-03 18:00:00+00:00,IU Pennsylvania,Shepherd,13,48,True,False,True,Pennsylvania State Athletic,Pennsylvania State Athletic,ii,ii,Division II Championship - Quarterfinal
14,regular,2022-12-03 18:00:00+00:00,Grand Valley State,Ferris State,21,24,True,False,True,GLIAC,GLIAC,ii,ii,Division II Championship - Quarterfinal
14,regular,2022-12-03 18:00:00+00:00,Wartburg,Aurora,45,17,True,False,False,American Rivers,NACC,iii,iii,Division III Championship - Quarterfinal
14,regular,2022-12-03 18:00:00+00:00,West Florida,Wingate,45,14,True,True,False,Gulf South,South Atlantic,ii,ii,Division II Championship - Quarterfinal
14,regular,2022-12-03 19:00:00+00:00,Angelo State,Colorado School of Mines,24,42,True,False,False,Lone Star,Rocky Mountain,ii,ii,Division II Championship - Quarterfinal
14,regular,2022-12-03 19:00:00+00:00,William & Mary,Gardner-Webb,54,14,True,False,False,CAA,Big South,fcs,fcs,FCS Championship - Second Round
14,regular,2022-12-03 19:00:00+00:00,Incarnate Word,Furman,41,38,True,False,False,Southland,Southern,fcs,fcs,FCS Championship - Second Round
14,regular,2022-12-03 20:00:00+00:00,Samford,SE Louisiana,48,42,True,False,False,Southern,Southland,fcs,fcs,FCS Championship - Second Round
14,regular,2022-12-03 20:00:00+00:00,Montana State,Weber State,33,25,True,False,True,Big Sky,Big Sky,fcs,fcs,FCS Championship - Second Round
14,regular,2022-12-03 20:00:00+00:00,South Dakota State,Delaware,42,6,True,False,False,MVFC,CAA,fcs,fcs,FCS Championship - Second Round
14,regular,2022-12-03 20:00:00+00:00,New Mexico State,Valparaiso,65,3,True,False,False,FBS Independents,Pioneer,fbs,fcs,
14,regular,2022-12-03 20:30:00+00:00,North Dakota State,Montana,49,26,True,False,False,MVFC,Big Sky,fcs,fcs,FCS Championship - Second Round
14,regular,2022-12-03 20:30:00+00:00,Troy,Coastal Carolina,45,26,True,False,True,Sun Belt,Sun Belt,fbs,fbs,Sun Belt Championship
14,regular,2022-12-03 21:00:00+00:00,Georgia,LSU,50,30,True,True,True,SEC,SEC,fbs,fbs,SEC Championship Game
14,regular,2022-12-03 21:00:00+00:00,Tulane,UCF,45,28,True,False,True,American Athletic,American Athletic,fbs,fbs,American Athletic Championship
14,regular,2022-12-03 21:00:00+00:00,Jackson State,Southern,43,24,True,False,True,SWAC,SWAC,fcs,fcs,SWAC Championship Game
14,regular,2022-12-03 21:00:00+00:00,Boise State,Fresno State,16,28,True,False,True,Mountain West,Mountain West,fbs,fbs,Mountain West Championship Game
14,regular,2022-12-03 22:00:00+00:00,Sacramento State,Richmond,38,31,True,False,False,Big Sky,CAA,fcs,fcs,FCS Championship - Second Round
14,regular,2022-12-04 01:00:00+00:00,Michigan,Purdue,43,22,True,True,True,Big Ten,Big Ten,fbs,fbs,Big Ten Championship Game
14,regular,2022-12-04 01:00:00+00:00,North Carolina,Clemson,10,39,True,True,True,ACC,ACC,fbs,fbs,Subway ACC Championship
15,regular,2022-12-10 00:00:00+00:00,North Dakota State,Samford,24,3,True,False,False,MVFC,Southern,fcs,fcs,FCS Championship - Quarterfinals
15,regular,2022-12-10 03:15:00+00:00,Montana State,William & Mary,55,0,True,False,False,Big Sky,CAA,fcs,fcs,FCS Championship - Quarterfinals
15,regular,2022-12-10 03:30:00+00:00,Sacramento State,Incarnate Word,63,66,True,False,False,Big Sky,Southland,fcs,fcs,FCS Championship - Quarterfinals
15,regular,2022-12-10 17:00:00+00:00,South Dakota State,Holy Cross,41,21,True,False,False,MVFC,Patriot,fcs,fcs,FCS Championship - Quarterfinals
15,regular,2022-12-10 17:00:00+00:00,Mount Union,Wartburg,34,31,True,False,False,Ohio,American Rivers,iii,iii,Division III Championship - Semifinal
15,regular,2022-12-10 17:00:00+00:00,Ferris State,West Florida,38,17,True,False,False,GLIAC,Gulf South,ii,ii,Division II Championship - Semifinal
15,regular,2022-12-10 20:00:00+00:00,Army,Navy,20,17,True,True,False,FBS Independents,American Athletic,fbs,fbs,
15,regular,2022-12-10 20:30:00+00:00,Colorado School of Mines,Shepherd,44,13,True,False,False,Rocky Mountain,Pennsylvania State Athletic,ii,ii,Division II Championship - Semifinal
15,regular,2022-12-10 20:30:00+00:00,North Central College,Mary Hardin Baylor,49,14,True,False,False,CCIW,American Southwest,iii,iii,Division III Championship - Semifinal
1,postseason,2022-12-16 16:30:00+00:00,UAB,Miami (OH),24,20,True,True,False,Conference USA,Mid-American,fbs,fbs,HomeTown Lenders Bahamas Bowl
1,postseason,2022-12-16 20:00:00+00:00,Troy,UTSA,18,12,True,True,False,Sun Belt,Conference USA,fbs,fbs,Duluth Trading Cure Bowl
1,postseason,2022-12-17 00:00:00+00:00,North Central College,Mount Union,28,21,True,True,False,CCIW,Ohio,iii,iii,Division III Championship
1,postseason,2022-12-17 00:00:00+00:00,North Dakota State,Incarnate Word,35,32,True,False,False,MVFC,Southland,fcs,fcs,FCS Championship - Semifinals
1,postseason,2022-12-17 16:00:00+00:00,Louisville,Cincinnati,24,7,True,True,False,ACC,American Athletic,fbs,fbs,Wasabi Fenway Bowl
1,postseason,2022-12-17 17:00:00+00:00,North Carolina Central,Jackson State,41,34,True,True,False,MEAC,SWAC,fcs,fcs,Cricket Celebration Bowl
1,postseason,2022-12-17 18:00:00+00:00,Ferris State,Colorado School of Mines,34,14,True,True,False,GLIAC,Rocky Mountain,ii,ii,Division II Championship
1,postseason,2022-12-17 19:30:00+00:00,Oregon State,Florida,30,3,True,True,False,Pac-12,SEC,fbs,fbs,SRS Distribution Las Vegas Bowl
1,postseason,2022-12-17 20:30:00+00:00,Fresno State,Washington State,29,6,True,True,False,Mountain West,Pac-12,fbs,fbs,Jimmy Kimmel LA Bowl Presented by Stifel
1,postseason,2022-12-17 21:00:00+00:00,South Dakota State,Montana State,39,18,True,False,False,MVFC,Big Sky,fcs,fcs,FCS Championship - Semifinals
1,postseason,2022-12-17 22:45:00+00:00,Southern Miss,Rice,38,24,True,True,False,Sun Belt,Conference USA,fbs,fbs,LendingTree Bowl
1,postseason,2022-12-18 00:30:00+00:00,BYU,SMU,24,23,True,True,False,FBS Independents,American Athletic,fbs,fbs,New Mexico Bowl
1,postseason,2022-12-18 02:15:00+00:00,Boise State,North Texas,35,32,True,True,False,Mountain West,Conference USA,fbs,fbs,Frisco Bowl Presented by SERVPRO
1,postseason,2022-12-19 19:30:00+00:00,UConn,Marshall,14,28,True,True,False,FBS Independents,Sun Belt,fbs,fbs,Myrtle Beach Bowl
1,postseason,2022-12-20 20:30:00+00:00,San José State,Eastern Michigan,27,41,True,True,False,Mountain West,Mid-American,fbs,fbs,Famous Idaho Potato Bowl
1,postseason,2022-12-21 00:30:00+00:00,Toledo,Liberty,21,19,True,True,False,Mid-American,FBS Independents,fbs,fbs,RoofClaim.com Boca Raton Bowl
1,postseason,2022-12-22 02:00:00+00:00,South Alabama,Western Kentucky,23,44,True,True,False,Sun Belt,Conference USA,fbs,fbs,R+L Carriers New Orleans Bowl
1,postseason,2022-12-23 00:30:00+00:00,Air Force,Baylor,30,15,True,True,False,Mountain West,Big 12,fbs,fbs,Lockheed Martin Armed Forces Bowl
1,postseason,2022-12-23 20:00:00+00:00,Houston,Louisiana,23,16,True,True,False,American Athletic,Sun Belt,fbs,fbs,Radiance Technologies Independence Bowl
1,postseason,2022-12-23 23:30:00+00:00,Missouri,Wake Forest,17,27,True,True,False,SEC,ACC,fbs,fbs,Union Home Mortgage Gasparilla Bowl
1,postseason,2022-12-25 01:00:00+00:00,San Diego State,Middle Tennessee,23,25,True,True,False,Mountain West,Conference USA,fbs,fbs,EasyPost Hawai'i Bowl
1,postseason,2022-12-26 19:30:00+00:00,Bowling Green,New Mexico State,19,24,True,True,False,Mid-American,FBS Independents,fbs,fbs,Quick Lane Bowl
1,postseason,2022-12-27 17:00:00+00:00,Buffalo,Georgia Southern,23,21,True,True,False,Mid-American,Sun Belt,fbs,fbs,Camellia Bowl
1,postseason,2022-12-27 20:15:00+00:00,Utah State,Memphis,10,38,True,True,False,Mountain West,American Athletic,fbs,fbs,SERVPRO First Responder Bowl
1,postseason,2022-12-27 23:45:00+00:00,East Carolina,Coastal Carolina,53,29,True,True,False,American Athletic,Sun Belt,fbs,fbs,TicketSmarter Birmingham Bowl
1,postseason,2022-12-28 03:15:00+00:00,Oklahoma State,Wisconsin,17,24,True,True,False,Big 12,Big Ten,fbs,fbs,Guaranteed Rate Bowl
1,postseason,2022-12-28 19:00:00+00:00,Duke,UCF,30,13,True,True,False,ACC,American Athletic,fbs,fbs,Military Bowl Presented by Peraton
1,postseason,2022-12-28 22:30:00+00:00,Arkansas,Kansas,55,53,True,True,False,SEC,Big 12,fbs,fbs,AutoZone Liberty Bowl
1,postseason,2022-12-29 01:00:00+00:00,North Carolina,Oregon,27,28,True,True,False,ACC,Pac-12,fbs,fbs,San Diego County Credit Union Holiday Bowl
1,postseason,2022-12-29 02:00:00+00:00,Ole Miss,Texas Tech,25,42,True,True,False,SEC,Big 12,fbs,fbs,TaxAct Texas Bowl
1,postseason,2022-12-29 19:00:00+00:00,Minnesota,Syracuse,28,20,True,True,False,Big Ten,ACC,fbs,fbs,Bad Boy Mowers Pinstripe Bowl
1,postseason,2022-12-29 22:30:00+00:00,Florida State,Oklahoma,35,32,True,True,False,ACC,Big 12,fbs,fbs,Cheez-It Bowl
1,postseason,2022-12-30 02:00:00+00:00,Washington,Texas,27,20,True,True,False,Pac-12,Big 12,fbs,fbs,Valero Alamo Bowl
1,postseason,2022-12-30 17:00:00+00:00,NC State,Maryland,12,16,True,True,False,ACC,Big Ten,fbs,fbs,Duke's Mayo Bowl
1,postseason,2022-12-30 19:00:00+00:00,UCLA,Pittsburgh,35,37,True,True,False,Pac-12,ACC,fbs,fbs,Tony the Tiger Sun Bowl
1,postseason,2022-12-30 20:30:00+00:00,South Carolina,Notre Dame,38,45,True,True,False,SEC,FBS Independents,fbs,fbs,TaxSlayer Gator Bowl
1,postseason,2022-12-30 21:30:00+00:00,Wyoming,Ohio,27,30,True,True,False,Mountain West,Mid-American,fbs,fbs,Barstool Sports Arizona Bowl
1,postseason,2022-12-31 01:00:00+00:00,Clemson,Tennessee,14,31,True,True,False,ACC,SEC,fbs,fbs,Capital One Orange Bowl
1,postseason,2022-12-31 17:00:00+00:00,Kentucky,Iowa,0,21,True,True,False,SEC,Big Ten,fbs,fbs,TransPerfect Music City Bowl
1,postseason,2022-12-31 17:00:00+00:00,Kansas State,Alabama,20,45,True,True,False,Big 12,SEC,fbs,fbs,Allstate Sugar Bowl
1,postseason,2022-12-31 21:00:00+00:00,Michigan,TCU,45,51,True,True,False,Big Ten,Big 12,fbs,fbs,CFP Semifinal at the Vrbo Fiesta Bowl
1,postseason,2023-01-01 01:00:00+00:00,Georgia,Ohio State,42,41,True,True,False,SEC,Big Ten,fbs,fbs,CFP Semifinal at the Chick-fil-A Peach Bowl
1,postseason,2023-01-02 17:00:00+00:00,Illinois,Mississippi State,10,19,True,True,False,Big Ten,SEC,fbs,fbs,ReliaQuest Bowl
1,postseason,2023-01-02 18:00:00+00:00,Purdue,LSU,7,63,True,True,False,Big Ten,SEC,fbs,fbs,Cheez-It Citrus Bowl
1,postseason,2023-01-02 18:00:00+00:00,USC,Tulane,45,46,True,True,False,Pac-12,American Athletic,fbs,fbs,Goodyear Cotton Bowl Classic
1,postseason,2023-01-02 22:00:00+00:00,Utah,Penn State,21,35,True,True,False,Pac-12,Big Ten,fbs,fbs,Rose Bowl Game Presented by Prudential
1,postseason,2023-01-08 19:00:00+00:00,South Dakota State,North Dakota State,45,21,True,True,True,MVFC,MVFC,fcs,fcs,FCS Championship
1,postseason,2023-01-10 00:30:00+00:00,Georgia,TCU,65,7,True,True,False,SEC,Big 12,fbs,fbs,CFP National Championship pres. by AT&T
