week,season_type,start_date,home_team,away_team,home_points,away_points,completed,neutral_site,conference_game,home_conference,away_conference,home_classification,away_classification,notes
1,regular,2025-08-23 16:00:00+00:00,Kansas State,Iowa State,21,24,True,True,True,Big 12,Big 12,fbs,fbs,Aer Lingus College Football Classic
1,regular,2025-08-23 17:00:00+00:00,Nicholls,Incarnate Word,20,6,True,False,True,Southland,Southland,fcs,fcs,
1,regular,2025-08-23 20:00:00+00:00,UNLV,Idaho State,38,31,True,False,False,Mountain West,Big Sky,fbs,fcs,
1,regular,2025-08-23 20:30:00+00:00,Portland State,Tarleton State,0,42,True,False,False,Big Sky,UAC,fcs,fcs,
1,regular,2025-08-23 22:30:00+00:00,Kansas,Fresno State,31,7,True,False,False,Big 12,Mountain West,fbs,fbs,
1,regular,2025-08-23 23:00:00+00:00,Western Kentucky,Sam Houston,41,24,True,False,True,Conference USA,Conference USA,fbs,fbs,
1,regular,2025-08-23 23:30:00+00:00,Southern,North Carolina Central,14,31,True,True,False,SWAC,MEAC,fcs,fcs,Cricket MEAC/SWAC Challenge Kickoff
1,regular,2025-08-23 23:30:00+00:00,Hawai'i,Stanford,23,20,True,False,False,Mountain West,ACC,fbs,fbs,
1,regular,2025-08-28 20:00:00+00:00,Central Washington,Colorado Mesa,41,14,True,False,False,Lone Star,Rocky Mountain,ii,ii,
1,regular,2025-08-28 21:30:00+00:00,South Florida,Boise State,34,7,True,False,False,American Athletic,Mountain West,fbs,fbs,
1,regular,2025-08-28 22:00:00+00:00,Ferris State,Pittsburg State,34,17,True,False,False,GLIAC,Mid America,ii,ii,
1,regular,2025-08-28 22:00:00+00:00,Clarion,Wheeling,34,0,True,False,False,Pennsylvania State Athletic,Mountain East,ii,ii,
1,regular,2025-08-28 22:00:00+00:00,Youngstown State,Mercyhurst,24,15,True,False,False,MVFC,NEC,fcs,fcs,
1,regular,2025-08-28 22:00:00+00:00,Marian (IN),Indianapolis,21,45,True,True,False,,Great Lakes,,ii,
1,regular,2025-08-28 22:00:00+00:00,Bowling Green,Lafayette,26,7,True,False,False,Mid-American,Patriot,fbs,fcs,
1,regular,2025-08-28 22:00:00+00:00,Rutgers,Ohio,34,31,True,False,False,Big Ten,Mid-American,fbs,fbs,
1,regular,2025-08-28 22:00:00+00:00,Saginaw Valley State,Northeastern State,21,28,True,False,False,GLIAC,Independent DII,ii,ii,
1,regular,2025-08-28 22:00:00+00:00,Indiana State,McKendree,41,24,True,False,False,MVFC,Great Lakes,fcs,ii,
1,regular,2025-08-28 22:00:00+00:00,Northern Michigan,Minnesota St Moorhead,37,44,True,False,False,GLIAC,Northern Sun,ii,ii,
1,regular,2025-08-28 22:00:00+00:00,Michigan Tech,Bemidji State,37,17,True,False,False,GLIAC,Northern Sun,ii,ii,
1,regular,2025-08-28 23:00:00+00:00,Minnesota State,Northwest Missouri State,38,14,True,False,False,Northern Sun,Mid America,ii,ii,
1,regular,2025-08-28 23:00:00+00:00,Seton Hill,Fairmont State,21,24,True,False,False,Pennsylvania State Athletic,Mountain East,ii,ii,
1,regular,2025-08-28 23:00:00+00:00,NC State,East Carolina,24,17,True,False,False,ACC,American Athletic,fbs,fbs,
1,regular,2025-08-28 23:00:00+00:00,Walsh,West Liberty,38,10,True,False,False,Great Midwest Athletic,Mountain East,ii,ii,
1,regular,2025-08-28 23:00:00+00:00,Barton,Virginia State,7,35,True,False,False,Carolinas,CIAA,ii,ii,
1,regular,2025-08-28 23:00:00+00:00,Norfolk State,Towson,7,27,True,False,False,MEAC,Coastal Athletic,fcs,fcs,
1,regular,2025-08-28 23:00:00+00:00,St. Thomas (MN),Lindenwood,35,13,True,False,False,Pioneer,OVC-Big South,fcs,fcs,
1,regular,2025-08-28 23:00:00+00:00,Eastern Illinois,Dayton,24,14,True,False,False,OVC-Big South,Pioneer,fcs,fcs,
1,regular,2025-08-28 23:00:00+00:00,UCF,Jacksonville State,17,10,True,False,False,Big 12,Conference USA,fbs,fbs,
1,regular,2025-08-28 23:00:00+00:00,Akron,Wyoming,0,10,True,False,False,Mid-American,Mountain West,fbs,fbs,
1,regular,2025-08-28 23:00:00+00:00,Delta State,Central Missouri,31,23,True,False,False,Gulf South,Mid America,ii,ii,
1,regular,2025-08-28 23:00:00+00:00,Delaware,Delaware State,35,17,True,False,False,Conference USA,MEAC,fbs,fcs,
1,regular,2025-08-28 23:00:00+00:00,Wayne State (NE),Nebraska Kearney,21,28,True,False,False,Northern Sun,Mid America,ii,ii,
1,regular,2025-08-28 23:00:00+00:00,Charleston (WV),Livingstone,39,10,True,False,False,Mountain East,CIAA,ii,ii,
1,regular,2025-08-28 23:00:00+00:00,UL Monroe,Saint Francis,29,0,True,False,False,Sun Belt,NEC,fbs,fcs,
1,regular,2025-08-28 23:05:00+00:00,East Stroudsburg,Edinboro,14,29,True,False,True,Pennsylvania State Athletic,Pennsylvania State Athletic,ii,ii,
1,regular,2025-08-28 23:30:00+00:00,University of Mary,Midland,28,22,True,False,False,Northern Sun,,ii,,
1,regular,2025-08-28 23:30:00+00:00,Quincy,Concordia St. Paul,38,7,True,False,False,Great Lakes,Northern Sun,ii,ii,
1,regular,2025-08-28 23:30:00+00:00,Houston Christian,Arkansas Baptist,69,0,True,False,False,Southland,,fcs,,
1,regular,2025-08-28 23:30:00+00:00,Duke,Elon,45,17,True,False,False,ACC,Coastal Athletic,fbs,fcs,
1,regular,2025-08-28 23:30:00+00:00,Missouri,Central Arkansas,61,6,True,False,False,SEC,UAC,fbs,fcs,
1,regular,2025-08-28 23:30:00+00:00,Oklahoma State,UT Martin,27,7,True,False,False,Big 12,OVC-Big South,fbs,fcs,
1,regular,2025-08-28 23:30:00+00:00,Samford,West Georgia,3,34,True,False,False,Southern,UAC,fcs,fcs,
1,regular,2025-08-28 23:30:00+00:00,Drake,Upper Iowa,41,7,True,False,False,Pioneer,Great Lakes,fcs,ii,
1,regular,2025-08-29 00:00:00+00:00,Eastern New Mexico,New Mexico Highlands,28,34,True,False,False,Lone Star,Rocky Mountain,ii,ii,
1,regular,2025-08-29 00:00:00+00:00,Winona State,Minnesota Duluth,7,35,True,False,True,Northern Sun,Northern Sun,ii,ii,
1,regular,2025-08-29 00:00:00+00:00,CSU Pueblo,South Dakota Mines,43,0,True,False,True,Rocky Mountain,Rocky Mountain,ii,ii,
1,regular,2025-08-29 00:00:00+00:00,Western Colorado,West Texas,45,28,True,False,False,Rocky Mountain,Lone Star,ii,ii,
1,regular,2025-08-29 00:00:00+00:00,Emporia State,Minot State,27,7,True,False,False,Mid America,Northern Sun,ii,ii,
1,regular,2025-08-29 00:00:00+00:00,Black Hills State,Sioux Falls,21,27,True,False,False,Rocky Mountain,Northern Sun,ii,ii,
1,regular,2025-08-29 00:00:00+00:00,Houston,Stephen F. Austin,27,0,True,False,False,Big 12,Southland,fbs,fcs,
1,regular,2025-08-29 00:00:00+00:00,Fort Hays,Angelo State,7,28,True,False,False,Mid America,Lone Star,ii,ii,
1,regular,2025-08-29 00:00:00+00:00,Northwestern State,Alcorn State,20,10,True,False,False,Southland,SWAC,fcs,fcs,
1,regular,2025-08-29 00:00:00+00:00,Minnesota,Buffalo,23,10,True,False,False,Big Ten,Mid-American,fbs,fbs,
1,regular,2025-08-29 00:30:00+00:00,UAB,Alabama State,52,42,True,False,False,American Athletic,SWAC,fbs,fcs,
1,regular,2025-08-29 01:00:00+00:00,Wisconsin,Miami (OH),17,0,True,False,False,Big Ten,Mid-American,fbs,fbs,
1,regular,2025-08-29 01:00:00+00:00,Cincinnati,Nebraska,17,20,True,True,False,Big 12,Big Ten,fbs,fbs,
1,regular,2025-08-29 02:00:00+00:00,San Diego State,Stony Brook,42,0,True,False,False,Mountain West,Coastal Athletic,fbs,fcs,
1,regular,2025-08-29 22:00:00+00:00,West Florida,Lenoir Rhyne,48,21,True,False,False,Gulf South,South Atlantic,ii,ii,
1,regular,2025-08-29 22:00:00+00:00,Rhode Island,Campbell,31,20,True,False,True,Coastal Athletic,Coastal Athletic,fcs,fcs,
1,regular,2025-08-29 22:00:00+00:00,Army,Tarleton State,27,30,True,False,False,American Athletic,UAC,fbs,fcs,
1,regular,2025-08-29 23:00:00+00:00,Wake Forest,Kennesaw State,10,9,True,False,False,ACC,Conference USA,fbs,fbs,
1,regular,2025-08-29 23:00:00+00:00,Charlotte,App State,11,34,True,True,False,American Athletic,Sun Belt,fbs,fbs,Duke’s Mayo Classic
1,regular,2025-08-29 23:00:00+00:00,Marist,New Haven,31,14,True,False,False,Pioneer,NEC,fcs,fcs,
1,regular,2025-08-29 23:00:00+00:00,Florida International,Bethune-Cookman,42,9,True,False,False,Conference USA,SWAC,fbs,fcs,
1,regular,2025-08-29 23:00:00+00:00,Michigan State,Western Michigan,23,6,True,False,False,Big Ten,Mid-American,fbs,fbs,
1,regular,2025-08-29 23:00:00+00:00,Colgate,Monmouth,39,42,True,False,False,Patriot,Coastal Athletic,fcs,fcs,
1,regular,2025-08-29 23:30:00+00:00,Kansas,Wagner,46,7,True,False,False,Big 12,NEC,fbs,fcs,
1,regular,2025-08-29 23:30:00+00:00,Illinois,Western Illinois,52,3,True,False,False,Big Ten,OVC-Big South,fbs,fcs,
1,regular,2025-08-30 00:00:00+00:00,Baylor,Auburn,24,38,True,False,False,Big 12,SEC,fbs,fbs,
1,regular,2025-08-30 00:00:00+00:00,Colorado,Georgia Tech,20,27,True,False,False,Big 12,ACC,fbs,fbs,
1,regular,2025-08-30 01:30:00+00:00,Sam Houston,UNLV,21,38,True,True,False,Conference USA,Mountain West,fbs,fbs,
1,regular,2025-08-30 02:30:00+00:00,San José State,Central Michigan,14,16,True,False,False,Mountain West,Mid-American,fbs,fbs,
1,regular,2025-08-30 16:00:00+00:00,Lehigh,Richmond,21,14,True,False,False,Patriot,Patriot,fcs,fcs,
1,regular,2025-08-30 16:00:00+00:00,Shorter,Anderson (SC),7,34,True,False,False,Carolinas,South Atlantic,ii,ii,
1,regular,2025-08-30 16:00:00+00:00,Ohio State,Texas,14,7,True,False,False,Big Ten,SEC,fbs,fbs,
1,regular,2025-08-30 16:00:00+00:00,Kent State,Merrimack,21,17,True,False,False,Mid-American,FCS Independents,fbs,fcs,
1,regular,2025-08-30 16:00:00+00:00,Navy,VMI,52,7,True,False,False,American Athletic,Southern,fbs,fcs,
1,regular,2025-08-30 16:00:00+00:00,Southern Miss,Mississippi State,17,34,True,False,False,Sun Belt,SEC,fbs,fbs,
1,regular,2025-08-30 16:00:00+00:00,The Citadel,North Dakota State,0,38,True,False,False,Southern,MVFC,fcs,fcs,
1,regular,2025-08-30 16:00:00+00:00,Maryland,Florida Atlantic,39,7,True,False,False,Big Ten,American Athletic,fbs,fbs,
1,regular,2025-08-30 16:00:00+00:00,Purdue,Ball State,31,0,True,False,False,Big Ten,Mid-American,fbs,fbs,
1,regular,2025-08-30 16:00:00+00:00,Pittsburgh,Duquesne,61,9,True,False,False,ACC,NEC,fbs,fcs,
1,regular,2025-08-30 16:00:00+00:00,Gannon,Davenport,12,21,True,False,False,Pennsylvania State Athletic,GLIAC,ii,ii,
1,regular,2025-08-30 16:00:00+00:00,Tennessee,Syracuse,45,26,True,True,False,SEC,ACC,fbs,fbs,Aflac Kickoff
1,regular,2025-08-30 16:00:00+00:00,Carson Newman,West Virginia State,41,10,True,False,False,South Atlantic,Mountain East,ii,ii,
1,regular,2025-08-30 16:00:00+00:00,Tulane,Northwestern,23,3,True,False,False,American Athletic,Big Ten,fbs,fbs,
1,regular,2025-08-30 16:45:00+00:00,Kentucky,Toledo,24,16,True,False,False,SEC,Mid-American,fbs,fbs,
1,regular,2025-08-30 17:00:00+00:00,UT Permian Basin,Central Oklahoma,34,14,True,False,False,Lone Star,Mid America,ii,ii,
1,regular,2025-08-30 17:00:00+00:00,Tennessee Tech,Cumberland (TN),65,0,True,False,False,OVC-Big South,,fcs,,
1,regular,2025-08-30 17:00:00+00:00,Shaw,Albany State,7,51,True,False,False,CIAA,SIAC,ii,ii,
1,regular,2025-08-30 17:00:00+00:00,Davidson,Georgetown,14,51,True,False,False,Pioneer,Patriot,fcs,fcs,
1,regular,2025-08-30 17:00:00+00:00,Central State,Kentucky State,24,34,True,True,True,SIAC,SIAC,ii,ii,
1,regular,2025-08-30 17:00:00+00:00,Glenville State,Emory & Henry,17,45,True,False,False,Mountain East,South Atlantic,ii,ii,
1,regular,2025-08-30 17:00:00+00:00,Grand Valley State,Lincoln (PA),45,9,True,False,False,GLIAC,CIAA,ii,ii,
1,regular,2025-08-30 17:00:00+00:00,Post,West Virginia Wesleyan,51,14,True,False,False,Northeast 10,Mountain East,ii,ii,
1,regular,2025-08-30 17:15:00+00:00,Clark Atlanta,Valdosta State,28,31,True,True,False,SIAC,Gulf South,ii,ii,
1,regular,2025-08-30 18:00:00+00:00,Washburn,Truman State,20,17,True,False,False,Mid America,Great Lakes,ii,ii,
1,regular,2025-08-30 18:00:00+00:00,UConn,Central Connecticut,59,13,True,False,False,FBS Independents,NEC,fbs,fcs,
1,regular,2025-08-30 18:00:00+00:00,West Virginia,Robert Morris,45,3,True,False,False,Big 12,NEC,fbs,fcs,
1,regular,2025-08-30 18:00:00+00:00,Fort Lewis,William Jewell,14,34,True,False,False,Rocky Mountain,Great Lakes,ii,ii,
1,regular,2025-08-30 18:00:00+00:00,Furman,William & Mary,23,21,True,False,False,Southern,Coastal Athletic,fcs,fcs,
1,regular,2025-08-30 18:00:00+00:00,Boston College,Fordham,66,10,True,False,False,ACC,Patriot,fbs,fcs,
1,regular,2025-08-30 18:00:00+00:00,Valparaiso,Virginia Lynchburg,67,10,True,False,False,Pioneer,,fcs,,
1,regular,2025-08-30 18:00:00+00:00,Sacred Heart,Stonehill,12,7,True,False,False,FCS Independents,NEC,fcs,fcs,
1,regular,2025-08-30 18:00:00+00:00,Augustana (SD),Missouri Western,30,26,True,False,False,Northern Sun,Mid America,ii,ii,
1,regular,2025-08-30 18:00:00+00:00,Northern Iowa,Butler,38,14,True,False,False,MVFC,Pioneer,fcs,fcs,
1,regular,2025-08-30 18:30:00+00:00,Indiana,Old Dominion,27,14,True,False,False,Big Ten,Sun Belt,fbs,fbs,
1,regular,2025-08-30 19:00:00+00:00,Louisville,Eastern Kentucky,51,17,True,False,False,ACC,UAC,fbs,fcs,
1,regular,2025-08-30 19:00:00+00:00,Northern Colorado,Chadron State,17,3,True,False,False,Big Sky,Rocky Mountain,fcs,ii,
1,regular,2025-08-30 19:00:00+00:00,Jackson State,Hampton,28,14,True,False,False,SWAC,Coastal Athletic,fcs,fcs,
1,regular,2025-08-30 19:30:00+00:00,Georgia,Marshall,45,7,True,False,False,SEC,Sun Belt,fbs,fbs,
1,regular,2025-08-30 19:30:00+00:00,Northern Illinois,Holy Cross,19,17,True,False,False,Mid-American,Patriot,fbs,fcs,
1,regular,2025-08-30 19:30:00+00:00,Florida State,Alabama,31,17,True,False,False,ACC,SEC,fbs,fbs,
1,regular,2025-08-30 19:30:00+00:00,Air Force,Bucknell,49,13,True,False,False,Mountain West,Patriot,fbs,fcs,
1,regular,2025-08-30 19:30:00+00:00,Massachusetts,Temple,10,42,True,False,False,Mid-American,American Athletic,fbs,fbs,
1,regular,2025-08-30 19:30:00+00:00,Penn State,Nevada,46,11,True,False,False,Big Ten,Mountain West,fbs,fbs,
1,regular,2025-08-30 19:30:00+00:00,Iowa State,South Dakota,55,7,True,False,False,Big 12,MVFC,fbs,fcs,
1,regular,2025-08-30 20:00:00+00:00,Liberty,Maine,28,7,True,False,False,Conference USA,Coastal Athletic,fbs,fcs,
1,regular,2025-08-30 20:00:00+00:00,Florida A&M,Howard,9,10,True,True,False,SWAC,MEAC,fcs,fcs,Invesco QQQ Orange Blossom Classic
1,regular,2025-08-30 20:00:00+00:00,Oregon,Montana State,59,13,True,False,False,Big Ten,Big Sky,fbs,fcs,
1,regular,2025-08-30 20:00:00+00:00,Morehouse,Johnson C. Smith,9,45,True,True,False,SIAC,CIAA,ii,ii,
1,regular,2025-08-30 20:15:00+00:00,Arkansas,Alabama A&M,52,7,True,False,False,SEC,SWAC,fbs,fcs,
1,regular,2025-08-30 20:30:00+00:00,Memphis,Chattanooga,45,10,True,False,False,American Athletic,Southern,fbs,fcs,
1,regular,2025-08-30 20:30:00+00:00,Tennessee State,North Carolina A&T,24,21,True,False,False,OVC-Big South,Coastal Athletic,fcs,fcs,
1,regular,2025-08-30 21:00:00+00:00,Mississippi Valley State,Southern,29,34,True,False,True,SWAC,SWAC,fcs,fcs,
1,regular,2025-08-30 21:00:00+00:00,Pace,Saint Anselm,10,34,True,False,True,Northeast 10,Northeast 10,ii,ii,
1,regular,2025-08-30 21:00:00+00:00,Benedict,Fayetteville State,10,0,True,False,False,SIAC,CIAA,ii,ii,
1,regular,2025-08-30 21:15:00+00:00,West Alabama,Fort Valley State,27,17,True,True,False,Gulf South,SIAC,ii,ii,
1,regular,2025-08-30 21:30:00+00:00,East Tennessee State,Murray State,45,17,True,False,False,Southern,MVFC,fcs,fcs,
1,regular,2025-08-30 22:00:00+00:00,South Carolina State,Wofford,16,15,True,False,False,MEAC,Southern,fcs,fcs,
1,regular,2025-08-30 22:00:00+00:00,Western Carolina,Gardner-Webb,45,52,True,False,False,Southern,OVC-Big South,fcs,fcs,
1,regular,2025-08-30 22:00:00+00:00,Morehead State,Allen,38,31,True,False,False,Pioneer,SIAC,fcs,ii,
1,regular,2025-08-30 22:00:00+00:00,Iowa,UAlbany,34,7,True,False,False,Big Ten,Coastal Athletic,fbs,fcs,
1,regular,2025-08-30 22:00:00+00:00,Catawba,Ferrum,45,13,True,False,False,South Atlantic,Carolinas,ii,ii,
1,regular,2025-08-30 22:00:00+00:00,North Carolina Central,New Hampshire,10,27,True,False,False,MEAC,Coastal Athletic,fcs,fcs,
1,regular,2025-08-30 22:00:00+00:00,Frostburg State,Shepherd,41,27,True,False,False,Mountain East,Pennsylvania State Athletic,ii,ii,
1,regular,2025-08-30 22:00:00+00:00,Chowan,Elizabeth City State,28,14,True,False,False,Carolinas,CIAA,ii,ii,
1,regular,2025-08-30 22:00:00+00:00,Stetson,Webber International,21,31,True,False,False,Pioneer,,fcs,,
1,regular,2025-08-30 22:00:00+00:00,Savannah State,Edward Waters,14,41,True,False,True,SIAC,SIAC,ii,ii,
1,regular,2025-08-30 22:00:00+00:00,Mercer,Presbyterian,10,15,True,False,False,Southern,Pioneer,fcs,fcs,
1,regular,2025-08-30 22:00:00+00:00,Wingate,UNC Pembroke,30,21,True,False,False,South Atlantic,Carolinas,ii,ii,
1,regular,2025-08-30 22:00:00+00:00,Oklahoma,Illinois State,35,3,True,False,False,SEC,MVFC,fbs,fcs,
1,regular,2025-08-30 22:00:00+00:00,UVA Wise,Concord,29,37,True,False,False,South Atlantic,Mountain East,ii,ii,
1,regular,2025-08-30 22:00:00+00:00,James Madison,Weber State,45,10,True,False,False,Sun Belt,Big Sky,fbs,fcs,
1,regular,2025-08-30 22:00:00+00:00,Virginia,Coastal Carolina,48,7,True,False,False,ACC,Sun Belt,fbs,fbs,
1,regular,2025-08-30 23:00:00+00:00,Missouri S&T,Central Methodist,51,10,True,False,False,Great Lakes,,ii,,
1,regular,2025-08-30 23:00:00+00:00,Kansas State,North Dakota,38,35,True,False,False,Big 12,MVFC,fbs,fcs,
1,regular,2025-08-30 23:00:00+00:00,Arkansas State,Southeast Missouri State,42,24,True,False,False,Sun Belt,OVC-Big South,fbs,fcs,
1,regular,2025-08-30 23:00:00+00:00,Grambling,Langston,55,7,True,True,False,SWAC,,fcs,,
1,regular,2025-08-30 23:00:00+00:00,Troy,Nicholls,38,20,True,False,False,Sun Belt,Southland,fbs,fcs,
1,regular,2025-08-30 23:00:00+00:00,South Dakota State,Sacramento State,20,3,True,False,False,MVFC,Big Sky,fcs,fcs,
1,regular,2025-08-30 23:00:00+00:00,Texas A&M,UTSA,42,24,True,False,False,SEC,American Athletic,fbs,fbs,
1,regular,2025-08-30 23:00:00+00:00,Middle Tennessee,Austin Peay,14,34,True,False,False,Conference USA,UAC,fbs,fcs,
1,regular,2025-08-30 23:00:00+00:00,Missouri Southern State,Midwestern State,33,19,True,False,False,Mid America,Lone Star,ii,ii,
1,regular,2025-08-30 23:00:00+00:00,Bluefield State,Tusculum,23,49,True,False,False,CIAA,South Atlantic,ii,ii,
1,regular,2025-08-30 23:00:00+00:00,Southern Illinois,Thomas More,49,3,True,False,False,MVFC,Great Midwest Athletic,fcs,ii,
1,regular,2025-08-30 23:00:00+00:00,Incarnate Word,Eastern Washington,31,21,True,False,False,Southland,Big Sky,fcs,fcs,
1,regular,2025-08-30 23:00:00+00:00,Western Kentucky,North Alabama,55,6,True,False,False,Conference USA,UAC,fbs,fcs,
1,regular,2025-08-30 23:00:00+00:00,South Alabama,Morgan State,38,21,True,False,False,Sun Belt,MEAC,fbs,fcs,
1,regular,2025-08-30 23:00:00+00:00,Florida,Long Island University,55,0,True,False,False,SEC,NEC,fbs,fcs,
1,regular,2025-08-30 23:00:00+00:00,McNeese,Louisiana Christian,54,9,True,False,False,Southland,,fcs,,
1,regular,2025-08-30 23:00:00+00:00,Vanderbilt,Charleston Southern,45,3,True,False,False,SEC,OVC-Big South,fbs,fcs,
1,regular,2025-08-30 23:30:00+00:00,USC,Missouri State,73,13,True,False,False,Big Ten,Conference USA,fbs,fbs,
1,regular,2025-08-30 23:30:00+00:00,Louisiana Tech,SE Louisiana,24,0,True,False,False,Conference USA,Southland,fbs,fcs,
1,regular,2025-08-30 23:30:00+00:00,Texas Tech,Arkansas-Pine Bluff,67,7,True,False,False,Big 12,SWAC,fbs,fcs,
1,regular,2025-08-30 23:30:00+00:00,Clemson,LSU,10,17,True,False,False,ACC,SEC,fbs,fbs,
1,regular,2025-08-30 23:30:00+00:00,Utah State,UTEP,28,16,True,False,False,Mountain West,Conference USA,fbs,fbs,
1,regular,2025-08-30 23:30:00+00:00,Michigan,New Mexico,34,17,True,False,False,Big Ten,Mountain West,fbs,fbs,
1,regular,2025-08-30 23:30:00+00:00,Lincoln (MO),Lincoln (CA),55,6,True,False,False,Great Lakes,Independent DII,ii,ii,
1,regular,2025-08-30 23:45:00+00:00,Ole Miss,Georgia State,63,7,True,False,False,SEC,Sun Belt,fbs,fbs,
1,regular,2025-08-31 00:00:00+00:00,North Texas,Lamar,51,0,True,False,False,American Athletic,Southland,fbs,fcs,
1,regular,2025-08-31 00:00:00+00:00,BYU,Portland State,69,0,True,False,False,Big 12,Big Sky,fbs,fcs,
1,regular,2025-08-31 00:00:00+00:00,Tulsa,Abilene Christian,35,7,True,False,False,American Athletic,UAC,fbs,fcs,
1,regular,2025-08-31 00:00:00+00:00,Louisiana,Rice,12,14,True,False,False,Sun Belt,American Athletic,fbs,fbs,
1,regular,2025-08-31 00:00:00+00:00,San Diego,Cal Poly,17,41,True,False,False,Pioneer,Big Sky,fcs,fcs,
1,regular,2025-08-31 00:00:00+00:00,Texas State,Eastern Michigan,52,27,True,False,False,Sun Belt,Mid-American,fbs,fbs,
1,regular,2025-08-31 00:00:00+00:00,Western New Mexico,Adams State,35,21,True,False,False,Lone Star,Rocky Mountain,ii,ii,
1,regular,2025-08-31 00:00:00+00:00,UT Rio Grande Valley,Sul Ross State,66,0,True,False,False,Southland,Lone Star,fcs,ii,
1,regular,2025-08-31 00:00:00+00:00,Texas Southern,Prairie View A&M,21,22,True,False,True,SWAC,SWAC,fcs,fcs,
1,regular,2025-08-31 00:30:00+00:00,Southern Utah,Idaho State,46,24,True,False,False,UAC,Big Sky,fcs,fcs,
1,regular,2025-08-31 01:00:00+00:00,New Mexico State,Bryant,19,3,True,False,False,Conference USA,Coastal Athletic,fbs,fcs,
1,regular,2025-08-31 01:00:00+00:00,SMU,East Texas A&M,42,13,True,False,False,ACC,Southland,fbs,fcs,
1,regular,2025-08-31 01:30:00+00:00,Fresno State,Georgia Southern,42,14,True,False,False,Mountain West,Sun Belt,fbs,fbs,
1,regular,2025-08-31 02:00:00+00:00,Arizona State,Northern Arizona,38,19,True,False,False,Big 12,Big Sky,fbs,fcs,
1,regular,2025-08-31 02:00:00+00:00,Utah Tech,UC Davis,24,31,True,False,False,UAC,Big Sky,fcs,fcs,
1,regular,2025-08-31 02:00:00+00:00,Washington State,Idaho,13,10,True,False,False,Pac-12,Big Sky,fbs,fcs,
1,regular,2025-08-31 02:30:00+00:00,Oregon State,California,15,34,True,False,False,Pac-12,ACC,fbs,fbs,
1,regular,2025-08-31 02:30:00+00:00,Arizona,Hawai'i,40,6,True,False,False,Big 12,Mountain West,fbs,fbs,
1,regular,2025-08-31 03:00:00+00:00,Washington,Colorado State,38,21,True,False,False,Big Ten,Mountain West,fbs,fbs,
1,regular,2025-08-31 03:00:00+00:00,UCLA,Utah,10,43,True,False,False,Big Ten,Big 12,fbs,fbs,
1,regular,2025-08-31 19:00:00+00:00,South Carolina,Virginia Tech,24,11,True,True,False,SEC,ACC,fbs,fbs,Aflac Kickoff
1,regular,2025-08-31 20:00:00+00:00,Virginia Union,Miles,45,3,True,True,False,CIAA,SIAC,ii,ii,
1,regular,2025-08-31 23:00:00+00:00,Tuskegee,Winston-Salem State,20,17,True,True,False,SIAC,CIAA,ii,ii,
1,regular,2025-08-31 23:30:00+00:00,Miami,Notre Dame,27,24,True,False,False,ACC,FBS Independents,fbs,fbs,
1,regular,2025-09-02 00:00:00+00:00,North Carolina,TCU,14,48,True,False,False,ACC,Big 12,fbs,fbs,
1,regular,2025-12-13 17:00:00+00:00,John Carroll,Berry,21,13,True,False,False,Ohio,Southern Athletic,iii,iii,Division III Championship - Quarterfinal
1,regular,2025-12-13 17:00:00+00:00,Ferris State,Newberry,49,17,True,False,False,GLIAC,South Atlantic,ii,ii,Division II Championship - Semifinal
1,regular,2025-12-13 17:00:00+00:00,Susquehanna,Johns Hopkins,10,40,True,False,False,Landmark Conference,Centennial,iii,iii,Division III Championship - Quarterfinal
1,regular,2025-12-13 20:30:00+00:00,Kutztown,Harding,27,49,True,False,False,Pennsylvania State Athletic,Great American,ii,ii,Division II Championship - Semifinal
2,regular,2025-09-04 22:00:00+00:00,North Carolina Wesleyan,Averett,64,12,True,False,False,USA South,Old Dominion,iii,iii,
2,regular,2025-09-04 22:00:00+00:00,Wayne State (MI),Tiffin,7,34,True,False,False,GLIAC,Great Midwest Athletic,ii,ii,
2,regular,2025-09-04 22:00:00+00:00,California (PA),Charleston (WV),23,19,True,False,False,Pennsylvania State Athletic,Mountain East,ii,ii,
2,regular,2025-09-04 22:00:00+00:00,West Virginia Wesleyan,Clarion,20,48,True,False,False,Mountain East,Pennsylvania State Athletic,ii,ii,
2,regular,2025-09-04 23:00:00+00:00,Valley City State,Augsburg,27,0,True,True,False,,Minnesota,,iii,
2,regular,2025-09-04 23:00:00+00:00,Buffalo State,Brockport,0,41,True,False,False,Liberty League,Empire 8,iii,iii,
2,regular,2025-09-04 23:00:00+00:00,Lebanon Valley,Franklin & Marshall,21,31,True,False,False,Mid Atlantic,Centennial,iii,iii,
2,regular,2025-09-04 23:00:00+00:00,Wisconsin Eau Claire,Carroll (WI),29,7,True,False,False,Wisconsin,CCIW,iii,iii,
2,regular,2025-09-04 23:00:00+00:00,Henderson State,Southern Nazarene,48,13,True,False,True,Great American,Great American,ii,ii,
2,regular,2025-09-04 23:00:00+00:00,Westminster (PA),Marietta,8,12,True,False,False,Presidents',Ohio,iii,iii,
2,regular,2025-09-04 23:00:00+00:00,Millersville,Frostburg State,34,42,True,False,False,Pennsylvania State Athletic,Mountain East,ii,ii,
2,regular,2025-09-04 23:00:00+00:00,Fairmont State,Bloomsburg,41,40,True,False,False,Mountain East,Pennsylvania State Athletic,ii,ii,
2,regular,2025-09-04 23:00:00+00:00,IU Pennsylvania,Ashland,9,13,True,False,False,Pennsylvania State Athletic,Great Midwest Athletic,ii,ii,
2,regular,2025-09-04 23:00:00+00:00,Southern Arkansas,Oklahoma Baptist,49,14,True,False,True,Great American,Great American,ii,ii,
2,regular,2025-09-04 23:00:00+00:00,Southeastern Oklahoma State,Arkansas Monticello,44,13,True,False,True,Great American,Great American,ii,ii,
2,regular,2025-09-04 23:00:00+00:00,Heidelberg,Hiram,65,27,True,False,False,Ohio,Presidents',iii,iii,
2,regular,2025-09-04 23:00:00+00:00,Southwestern Oklahoma State,Arkansas Tech,10,32,True,False,True,Great American,Great American,ii,ii,
2,regular,2025-09-04 23:00:00+00:00,South Dakota Mines,Michigan Tech,9,45,True,False,False,Rocky Mountain,GLIAC,ii,ii,
2,regular,2025-09-04 23:00:00+00:00,Northwestern (OK),Harding,7,49,True,False,True,Great American,Great American,ii,ii,
2,regular,2025-09-04 23:05:00+00:00,East Stroudsburg,Pace,31,12,True,False,False,Pennsylvania State Athletic,Northeast 10,ii,ii,
2,regular,2025-09-04 23:30:00+00:00,Kutztown,Assumption,51,14,True,False,False,Pennsylvania State Athletic,Northeast 10,ii,ii,
2,regular,2025-09-05 00:00:00+00:00,Cornell (IA),Coe,6,62,True,False,False,Midwest,American Rivers,iii,iii,
2,regular,2025-09-05 00:00:00+00:00,Illinois College,Greenville,28,9,True,False,False,Midwest,Upper Midwest,iii,iii,
2,regular,2025-09-05 00:00:00+00:00,West Texas,Colorado School of Mines,31,33,True,False,False,Lone Star,Rocky Mountain,ii,ii,
2,regular,2025-09-05 00:00:00+00:00,Howard Payne,Pacific (OR),21,13,True,False,False,American Southwest,Northwest,iii,iii,
2,regular,2025-09-05 00:00:00+00:00,Belhaven,Millsaps,50,24,True,False,False,USA South,Southern Athletic,iii,iii,
2,regular,2025-09-05 00:00:00+00:00,CSU Pueblo,Fort Hays,35,36,True,False,False,Rocky Mountain,Mid America,ii,ii,
2,regular,2025-09-05 00:00:00+00:00,East Central,Ouachita Baptist,24,22,True,False,True,Great American,Great American,ii,ii,
2,regular,2025-09-05 00:00:00+00:00,Texas Lutheran,Trinity (TX),14,26,True,False,False,Southern Collegiate Athletic,Southern Athletic,iii,iii,
2,regular,2025-09-05 22:00:00+00:00,Curry,Bridgewater State,35,28,True,False,False,Commonwealth Coast,MSCAC,iii,iii,
2,regular,2025-09-05 22:00:00+00:00,Thiel,Concordia (WI),8,27,True,False,False,Presidents',NACC,iii,iii,
2,regular,2025-09-05 22:00:00+00:00,Randolph Macon,Dickinson,48,34,True,False,False,Old Dominion,Centennial,iii,iii,
2,regular,2025-09-05 22:00:00+00:00,Merchant Marine,Montclair State,29,15,True,False,False,NEWMAC,New Jersey,iii,iii,
2,regular,2025-09-05 22:00:00+00:00,Franklin Pierce,Slippery Rock,13,24,True,False,False,Northeast 10,Pennsylvania State Athletic,ii,ii,
2,regular,2025-09-05 22:00:00+00:00,Gallaudet,Albright,7,9,True,False,False,Old Dominion,Mid Atlantic,iii,iii,
2,regular,2025-09-05 23:00:00+00:00,St. Lawrence,Norwich,19,3,True,False,False,Liberty League,NEWMAC,iii,iii,
2,regular,2025-09-05 23:00:00+00:00,Alfred,Hobart,28,23,True,False,False,Empire 8,Liberty League,iii,iii,
2,regular,2025-09-05 23:00:00+00:00,Muhlenberg,Moravian,38,19,True,False,False,Centennial,Landmark Conference,iii,iii,
2,regular,2025-09-05 23:00:00+00:00,Louisville,James Madison,28,14,True,False,False,ACC,Sun Belt,fbs,fbs,
2,regular,2025-09-05 23:00:00+00:00,Catholic,McDaniel,10,7,True,False,False,Landmark Conference,Centennial,iii,iii,
2,regular,2025-09-05 23:00:00+00:00,Gettysburg,Juniata,30,31,True,False,False,Centennial,Landmark Conference,iii,iii,
2,regular,2025-09-05 23:00:00+00:00,Mass Maritime,SUNY Maritime,14,21,True,False,False,MSCAC,NEWMAC,iii,iii,
2,regular,2025-09-05 23:00:00+00:00,Fitchburg State,Dean,49,14,True,False,False,MSCAC,MSCAC,iii,iii,
2,regular,2025-09-05 23:30:00+00:00,Alvernia,Ursinus,17,41,True,False,False,Mid Atlantic,Centennial,iii,iii,
2,regular,2025-09-05 23:30:00+00:00,Maryland,Northern Illinois,20,9,True,False,False,Big Ten,Mid-American,fbs,fbs,
2,regular,2025-09-05 23:30:00+00:00,Northwestern,Western Illinois,42,7,True,False,False,Big Ten,OVC-Big South,fbs,fcs,
2,regular,2025-09-06 01:00:00+00:00,Boise State,Eastern Washington,51,14,True,False,False,Mountain West,Big Sky,fbs,fcs,
2,regular,2025-09-06 15:00:00+00:00,FDU Florham,St. John Fisher,0,21,True,False,False,Mid Atlantic,Empire 8,iii,iii,
2,regular,2025-09-06 16:00:00+00:00,Framingham State,Husson,13,40,True,False,False,MSCAC,Commonwealth Coast,iii,iii,
2,regular,2025-09-06 16:00:00+00:00,Texas,San José State,38,7,True,False,False,SEC,Mountain West,fbs,fbs,
2,regular,2025-09-06 16:00:00+00:00,Texas Tech,Kent State,62,14,True,False,False,Big 12,Mid-American,fbs,fbs,
2,regular,2025-09-06 16:00:00+00:00,Delaware Valley,Hampden Sydney,9,38,True,False,False,Mid Atlantic,Old Dominion,iii,iii,
2,regular,2025-09-06 16:00:00+00:00,Penn State,Florida International,34,0,True,False,False,Big Ten,Conference USA,fbs,fbs,
2,regular,2025-09-06 16:00:00+00:00,Northwood,Northern Michigan,23,18,True,False,False,Great Midwest Athletic,GLIAC,ii,ii,
2,regular,2025-09-06 16:00:00+00:00,Findlay,Indianapolis,38,35,True,False,False,Great Midwest Athletic,Great Lakes,ii,ii,
2,regular,2025-09-06 16:00:00+00:00,Endicott,Misericordia,31,21,True,False,False,Commonwealth Coast,Mid Atlantic,iii,iii,
2,regular,2025-09-06 16:00:00+00:00,SUNY Cortland,Grove City,14,31,True,False,False,Empire 8,Presidents',iii,iii,
2,regular,2025-09-06 16:00:00+00:00,Susquehanna,Union,33,14,True,False,False,Landmark Conference,Liberty League,iii,iii,
2,regular,2025-09-06 16:00:00+00:00,Hartwick,Maine Maritime,56,7,True,False,False,Empire 8,Commonwealth Coast,iii,iii,
2,regular,2025-09-06 16:00:00+00:00,Eastern,Anna Maria College,46,7,True,False,False,Mid Atlantic,MSCAC,iii,iii,
2,regular,2025-09-06 16:00:00+00:00,NC State,Virginia,35,31,True,False,False,ACC,ACC,fbs,fbs,
2,regular,2025-09-06 16:00:00+00:00,Concordia Chicago,Minnesota Morris,17,16,True,False,False,NACC,Upper Midwest,iii,iii,
2,regular,2025-09-06 16:00:00+00:00,MIT,Nichols,46,13,True,False,False,NEWMAC,Commonwealth Coast,iii,iii,
2,regular,2025-09-06 16:00:00+00:00,Westfield State,Vermont State Castleton,12,16,True,False,True,MSCAC,New Jersey,iii,iii,
2,regular,2025-09-06 16:00:00+00:00,Otterbein,Ohio Wesleyan,28,65,True,False,False,Ohio,North Coast,iii,iii,
2,regular,2025-09-06 16:00:00+00:00,SMU,Baylor,45,48,True,False,False,ACC,Big 12,fbs,fbs,
2,regular,2025-09-06 16:00:00+00:00,Dayton,Thomas More,38,0,True,False,False,Pioneer,Great Midwest Athletic,fcs,ii,
2,regular,2025-09-06 16:00:00+00:00,Washington & Jefferson,Utica,31,49,True,False,False,Presidents',Empire 8,iii,iii,
2,regular,2025-09-06 16:00:00+00:00,Indiana,Kennesaw State,56,9,True,False,False,Big Ten,Conference USA,fbs,fbs,
2,regular,2025-09-06 16:00:00+00:00,Jacksonville State,Liberty,34,24,True,False,True,Conference USA,Conference USA,fbs,fbs,
2,regular,2025-09-06 16:00:00+00:00,Salve Regina,UMass Dartmouth,34,13,True,False,False,NEWMAC,MSCAC,iii,iii,
2,regular,2025-09-06 16:00:00+00:00,New England College,Plymouth State,21,49,True,True,False,,MSCAC,,iii,
2,regular,2025-09-06 16:00:00+00:00,Minnesota,Northwestern State,66,0,True,False,False,Big Ten,Southland,fbs,fcs,
2,regular,2025-09-06 16:00:00+00:00,Duke,Illinois,19,45,True,False,False,ACC,Big Ten,fbs,fbs,
2,regular,2025-09-06 16:00:00+00:00,Syracuse,UConn,27,20,True,False,False,ACC,FBS Independents,fbs,fbs,
2,regular,2025-09-06 16:00:00+00:00,Florida State,East Texas A&M,77,3,True,False,False,ACC,Southland,fbs,fcs,
2,regular,2025-09-06 16:00:00+00:00,Rochester (NY),Olivet,38,17,True,False,False,Liberty League,Michigan,iii,iii,
2,regular,2025-09-06 16:00:00+00:00,Wilkes,King's,19,16,True,False,False,Landmark Conference,Mid Atlantic,iii,iii,
2,regular,2025-09-06 16:00:00+00:00,Pittsburgh,Central Michigan,45,17,True,False,False,ACC,Mid-American,fbs,fbs,
2,regular,2025-09-06 16:00:00+00:00,Johnson C. Smith,Valdosta State,28,16,True,False,False,CIAA,Gulf South,ii,ii,
2,regular,2025-09-06 16:00:00+00:00,Western New England,Springfield,23,22,True,False,False,Commonwealth Coast,NEWMAC,iii,iii,
2,regular,2025-09-06 16:00:00+00:00,Oberlin,Calvin,6,88,True,False,False,North Coast,Michigan,iii,iii,
2,regular,2025-09-06 16:00:00+00:00,Bentley,West Chester,13,30,True,False,False,Northeast 10,Pennsylvania State Athletic,ii,ii,
2,regular,2025-09-06 16:00:00+00:00,West Virginia State,Barton,28,14,True,False,False,Mountain East,Carolinas,ii,ii,
2,regular,2025-09-06 16:00:00+00:00,Mercyhurst,New Haven,48,14,True,False,False,NEC,NEC,fcs,fcs,
2,regular,2025-09-06 16:00:00+00:00,New England,Coast Guard,56,49,True,False,False,Commonwealth Coast,NEWMAC,iii,iii,
2,regular,2025-09-06 16:00:00+00:00,Anderson (IN),Alfred State,7,6,True,False,False,Heartland,Empire 8,iii,iii,
2,regular,2025-09-06 16:00:00+00:00,Iowa State,Iowa,16,13,True,False,False,Big 12,Big Ten,fbs,fbs,
2,regular,2025-09-06 16:00:00+00:00,Duquesne,Lincoln (PA),55,14,True,False,False,NEC,CIAA,fcs,ii,
2,regular,2025-09-06 16:00:00+00:00,Lehigh,Sacred Heart,28,10,True,False,False,Patriot,FCS Independents,fcs,fcs,
2,regular,2025-09-06 16:00:00+00:00,Bethany (WV),Sewanee,6,41,True,False,False,Presidents',Southern Athletic,iii,iii,
2,regular,2025-09-06 16:00:00+00:00,Central Connecticut,American International,34,7,True,False,False,NEC,Northeast 10,fcs,ii,
2,regular,2025-09-06 16:45:00+00:00,Texas A&M,Utah State,44,22,True,False,False,SEC,Mountain West,fbs,fbs,
2,regular,2025-09-06 17:00:00+00:00,Lawrence,Martin Luther,14,33,True,False,False,Midwest,Upper Midwest,iii,iii,
2,regular,2025-09-06 17:00:00+00:00,Indiana State,Eastern Illinois,38,14,True,False,False,MVFC,OVC-Big South,fcs,fcs,
2,regular,2025-09-06 17:00:00+00:00,Brevard,Kentucky Christian,20,41,True,False,False,USA South,,iii,,
2,regular,2025-09-06 17:00:00+00:00,Chowan,West Alabama,28,38,True,False,True,Carolinas,Gulf South,ii,ii,
2,regular,2025-09-06 17:00:00+00:00,Kentucky Wesleyan,West Florida,7,28,True,False,False,Great Midwest Athletic,Gulf South,ii,ii,
2,regular,2025-09-06 17:00:00+00:00,Lycoming,The College of New Jersey,24,27,True,False,False,Landmark Conference,New Jersey,iii,iii,
2,regular,2025-09-06 17:00:00+00:00,Anderson (SC),Erskine,35,7,True,False,False,South Atlantic,Carolinas,ii,ii,
2,regular,2025-09-06 17:00:00+00:00,Saint Vincent,Hilbert,28,7,True,False,False,Presidents',Empire 8,iii,iii,
2,regular,2025-09-06 17:00:00+00:00,Washington and Lee,Salisbury,21,42,True,False,False,Old Dominion,New Jersey,iii,iii,
2,regular,2025-09-06 17:00:00+00:00,Mount Union,Wheaton (IL),37,29,True,False,False,Ohio,CCIW,iii,iii,
2,regular,2025-09-06 17:00:00+00:00,Ithaca,Johns Hopkins,14,42,True,False,False,Liberty League,Centennial,iii,iii,
2,regular,2025-09-06 17:00:00+00:00,Waynesburg,John Carroll,14,48,True,False,False,Presidents',Ohio,iii,iii,
2,regular,2025-09-06 17:00:00+00:00,Georgetown,Wagner,31,20,True,False,False,Patriot,NEC,fcs,fcs,
2,regular,2025-09-06 17:00:00+00:00,Wisconsin River Falls,Alma,45,33,True,False,False,Wisconsin,Michigan,iii,iii,
2,regular,2025-09-06 17:00:00+00:00,Shippensburg,Bowie State,7,23,True,False,False,Pennsylvania State Athletic,CIAA,ii,ii,
2,regular,2025-09-06 17:00:00+00:00,Stonehill,Lafayette,26,42,True,False,False,NEC,Patriot,fcs,fcs,
2,regular,2025-09-06 17:00:00+00:00,West Liberty,Seton Hill,21,42,True,False,False,Mountain East,Pennsylvania State Athletic,ii,ii,
2,regular,2025-09-06 17:00:00+00:00,Merrimack,Saint Anselm,31,6,True,False,False,FCS Independents,Northeast 10,fcs,ii,
2,regular,2025-09-06 17:00:00+00:00,Shenandoah,Methodist,25,6,True,False,False,Old Dominion,USA South,iii,iii,
2,regular,2025-09-06 17:00:00+00:00,Chicago,Carnegie Mellon,0,20,True,False,False,Midwest,Presidents',iii,iii,
2,regular,2025-09-06 17:00:00+00:00,Bluefield State,Concord,38,31,True,False,False,CIAA,Mountain East,ii,ii,
2,regular,2025-09-06 17:00:00+00:00,Emory & Henry,Catawba,35,7,True,False,True,South Atlantic,South Atlantic,ii,ii,
2,regular,2025-09-06 17:00:00+00:00,Rowan,Case Western Reserve,17,17,True,False,False,New Jersey,Presidents',iii,iii,
2,regular,2025-09-06 17:00:00+00:00,Manchester,Westminster (MO),14,21,True,False,False,Heartland,Upper Midwest,iii,iii,
2,regular,2025-09-06 17:00:00+00:00,Marist,Bucknell,23,34,True,False,False,Pioneer,Patriot,fcs,fcs,
2,regular,2025-09-06 17:00:00+00:00,McKendree,Hillsdale,17,22,True,False,False,Great Lakes,Great Midwest Athletic,ii,ii,
2,regular,2025-09-06 17:00:00+00:00,Kean,SUNY Morrisville,17,14,True,False,False,New Jersey,Empire 8,iii,iii,
2,regular,2025-09-06 17:00:00+00:00,Christopher Newport,Trine,38,7,True,False,False,New Jersey,Michigan,iii,iii,
2,regular,2025-09-06 17:00:00+00:00,Tennessee Tech,Chattanooga,45,17,True,False,False,OVC-Big South,Southern,fcs,fcs,
2,regular,2025-09-06 17:00:00+00:00,Butler,Truman State,37,27,True,False,False,Pioneer,Great Lakes,fcs,ii,
2,regular,2025-09-06 17:00:00+00:00,Widener,Geneva,44,18,True,False,False,Mid Atlantic,Presidents',iii,iii,
2,regular,2025-09-06 17:00:00+00:00,Delaware State,UAlbany,37,32,True,False,False,MEAC,Coastal Athletic,fcs,fcs,
2,regular,2025-09-06 17:30:00+00:00,VMI,Ferrum,42,7,True,False,False,Southern,Carolinas,fcs,ii,
2,regular,2025-09-06 17:30:00+00:00,Franklin,Ohio Northern,27,20,True,False,False,Heartland,Ohio,iii,iii,
2,regular,2025-09-06 18:00:00+00:00,Washburn,Northwest Missouri State,7,34,True,False,True,Mid America,Mid America,ii,ii,
2,regular,2025-09-06 18:00:00+00:00,Wittenberg,Baldwin Wallace,13,31,True,False,False,North Coast,Ohio,iii,iii,
2,regular,2025-09-06 18:00:00+00:00,Minnesota State,Minot State,34,16,True,False,True,Northern Sun,Northern Sun,ii,ii,
2,regular,2025-09-06 18:00:00+00:00,Wisconsin Whitewater,Carleton,45,14,True,False,False,Wisconsin,Minnesota,iii,iii,
2,regular,2025-09-06 18:00:00+00:00,Lake Erie,Ferris State,6,63,True,False,False,Great Midwest Athletic,GLIAC,ii,ii,
2,regular,2025-09-06 18:00:00+00:00,Benedictine (IL),Buena Vista,35,0,True,False,False,NACC,American Rivers,iii,iii,
2,regular,2025-09-06 18:00:00+00:00,Grinnell,Macalester,15,20,True,False,False,Midwest,Minnesota,iii,iii,
2,regular,2025-09-06 18:00:00+00:00,Roosevelt,Quincy,23,21,True,False,False,GLIAC,Great Lakes,ii,ii,
2,regular,2025-09-06 18:00:00+00:00,Aurora,Wisconsin Platteville,0,41,True,False,False,NACC,Wisconsin,iii,iii,
2,regular,2025-09-06 18:00:00+00:00,Rockford,Beloit,19,15,True,False,False,NACC,Midwest,iii,iii,
2,regular,2025-09-06 18:00:00+00:00,Wisconsin Stevens Point,Albion,28,21,True,False,False,Wisconsin,Michigan,iii,iii,
2,regular,2025-09-06 18:00:00+00:00,Augustana (SD),Jamestown,37,7,True,False,False,Northern Sun,Northern Sun,ii,ii,
2,regular,2025-09-06 18:00:00+00:00,Youngstown State,Robert Morris,56,17,True,False,False,MVFC,NEC,fcs,fcs,
2,regular,2025-09-06 18:00:00+00:00,St. Norbert,Wabash,21,55,True,False,False,NACC,North Coast,iii,iii,
2,regular,2025-09-06 18:00:00+00:00,Allegheny,Denison,24,35,True,False,False,Presidents',North Coast,iii,iii,
2,regular,2025-09-06 18:00:00+00:00,Wake Forest,Western Carolina,42,10,True,False,False,ACC,Southern,fbs,fcs,
2,regular,2025-09-06 18:00:00+00:00,Kentucky State,Albany State,21,49,True,False,True,SIAC,SIAC,ii,ii,
2,regular,2025-09-06 18:00:00+00:00,Winona State,Bemidji State,21,17,True,False,True,Northern Sun,Northern Sun,ii,ii,
2,regular,2025-09-06 18:00:00+00:00,Loras,Hope,0,62,True,False,False,American Rivers,Michigan,iii,iii,
2,regular,2025-09-06 18:00:00+00:00,Saginaw Valley State,Gannon,49,28,True,False,False,GLIAC,Pennsylvania State Athletic,ii,ii,
2,regular,2025-09-06 18:00:00+00:00,St. Olaf,Northwestern (MN),32,7,True,False,False,Minnesota,Upper Midwest,iii,iii,
2,regular,2025-09-06 18:00:00+00:00,Illinois Wesleyan,Central College,18,27,True,False,False,CCIW,American Rivers,iii,iii,
2,regular,2025-09-06 18:00:00+00:00,Wisconsin Stout,Dubuque,38,35,True,False,False,Wisconsin,American Rivers,iii,iii,
2,regular,2025-09-06 18:00:00+00:00,Luther,Millikin,3,33,True,False,False,American Rivers,CCIW,iii,iii,
2,regular,2025-09-06 18:00:00+00:00,Wisconsin Lutheran,St. Scholastica,27,41,True,False,False,NACC,Minnesota,iii,iii,
2,regular,2025-09-06 18:00:00+00:00,Temple,Howard,55,7,True,False,False,American Athletic,MEAC,fbs,fcs,
2,regular,2025-09-06 18:00:00+00:00,Hamline,Crown,28,21,True,False,False,Minnesota,Upper Midwest,iii,iii,
2,regular,2025-09-06 18:00:00+00:00,Hendrix,Maryville (TN),14,40,True,False,False,Southern Athletic,USA South,iii,iii,
2,regular,2025-09-06 18:00:00+00:00,Furman,Presbyterian,38,39,True,False,False,Southern,Pioneer,fcs,fcs,
2,regular,2025-09-06 18:30:00+00:00,Tennessee State,North Dakota State,3,59,True,False,False,OVC-Big South,MVFC,fcs,fcs,
2,regular,2025-09-06 19:00:00+00:00,New Mexico,Idaho State,32,22,True,False,False,Mountain West,Big Sky,fbs,fcs,
2,regular,2025-09-06 19:00:00+00:00,Willamette,Pomona Pitzer,17,41,True,False,False,Northwest,So. Cal.,iii,iii,
2,regular,2025-09-06 19:00:00+00:00,Lane College,Lincoln (MO),15,27,True,False,False,SIAC,Great Lakes,ii,ii,
2,regular,2025-09-06 19:00:00+00:00,Clark Atlanta,Florida Memorial University,17,12,True,False,False,SIAC,,ii,,
2,regular,2025-09-06 19:30:00+00:00,Samford,The Citadel,13,40,True,False,True,Southern,Southern,fcs,fcs,
2,regular,2025-09-06 19:30:00+00:00,Clemson,Troy,27,16,True,False,False,ACC,Sun Belt,fbs,fbs,
2,regular,2025-09-06 19:30:00+00:00,Cincinnati,Bowling Green,34,20,True,False,False,Big 12,Mid-American,fbs,fbs,
2,regular,2025-09-06 19:30:00+00:00,App State,Lindenwood,20,13,True,False,False,Sun Belt,OVC-Big South,fbs,fcs,
2,regular,2025-09-06 19:30:00+00:00,Tennessee,East Tennessee State,72,17,True,False,False,SEC,Southern,fbs,fcs,
2,regular,2025-09-06 19:30:00+00:00,Georgia,Austin Peay,28,6,True,False,False,SEC,UAC,fbs,fcs,
2,regular,2025-09-06 19:30:00+00:00,Georgia Tech,Gardner-Webb,59,12,True,False,False,ACC,OVC-Big South,fbs,fcs,
2,regular,2025-09-06 19:30:00+00:00,Colorado,Delaware,31,7,True,False,False,Big 12,Conference USA,fbs,fbs,
2,regular,2025-09-06 19:30:00+00:00,Buffalo,Saint Francis,45,6,True,False,False,Mid-American,NEC,fbs,fcs,
2,regular,2025-09-06 19:30:00+00:00,Kentucky,Ole Miss,23,30,True,False,True,SEC,SEC,fbs,fbs,
2,regular,2025-09-06 19:30:00+00:00,Oregon,Oklahoma State,69,3,True,False,False,Big Ten,Big 12,fbs,fbs,
2,regular,2025-09-06 19:30:00+00:00,Missouri,Kansas,42,31,True,False,False,SEC,Big 12,fbs,fbs,
2,regular,2025-09-06 19:30:00+00:00,Oregon State,Fresno State,27,36,True,False,False,Pac-12,Mountain West,fbs,fbs,
2,regular,2025-09-06 19:30:00+00:00,Rutgers,Miami (OH),45,17,True,False,False,Big Ten,Mid-American,fbs,fbs,
2,regular,2025-09-06 19:30:00+00:00,Ohio State,Grambling,70,0,True,False,False,Big Ten,SWAC,fbs,fcs,
2,regular,2025-09-06 19:30:00+00:00,UTSA,Texas State,36,43,True,False,False,American Athletic,Sun Belt,fbs,fbs,
2,regular,2025-09-06 19:30:00+00:00,Massachusetts,Bryant,26,27,True,False,False,Mid-American,Coastal Athletic,fbs,fcs,
2,regular,2025-09-06 19:30:00+00:00,Navy,UAB,38,24,True,False,True,American Athletic,American Athletic,fbs,fbs,
2,regular,2025-09-06 19:30:00+00:00,Western Michigan,North Texas,30,33,True,False,False,Mid-American,American Athletic,fbs,fbs,
2,regular,2025-09-06 20:00:00+00:00,Wisconsin,Middle Tennessee,42,10,True,False,False,Big Ten,Conference USA,fbs,fbs,
2,regular,2025-09-06 20:00:00+00:00,Ohio,West Virginia,17,10,True,False,False,Mid-American,Big 12,fbs,fbs,
2,regular,2025-09-06 20:00:00+00:00,Linfield,Wisconsin Oshkosh,14,31,True,False,False,Northwest,Wisconsin,iii,iii,
2,regular,2025-09-06 20:00:00+00:00,Edward Waters,Miles,46,14,True,False,True,SIAC,SIAC,ii,ii,
2,regular,2025-09-06 20:00:00+00:00,Wyoming,Northern Iowa,31,7,True,False,False,Mountain West,MVFC,fbs,fcs,
2,regular,2025-09-06 20:00:00+00:00,Whitworth,Gustavus Adolphus,23,10,True,False,False,Northwest,Minnesota,iii,iii,
2,regular,2025-09-06 20:00:00+00:00,Cal Lutheran,Pacific Lutheran,18,15,True,False,False,So. Cal.,Northwest,iii,iii,
2,regular,2025-09-06 20:00:00+00:00,Idaho,St. Thomas (MN),37,30,True,False,False,Big Sky,Pioneer,fcs,fcs,
2,regular,2025-09-06 20:00:00+00:00,Puget Sound,Lewis & Clark,20,56,True,False,True,Northwest,Northwest,iii,iii,
2,regular,2025-09-06 20:05:00+00:00,Western Oregon,Southern Oregon,27,7,True,False,False,Lone Star,,ii,,
2,regular,2025-09-06 20:15:00+00:00,Florida,South Florida,16,18,True,False,False,SEC,American Athletic,fbs,fbs,
2,regular,2025-09-06 21:00:00+00:00,Western Connecticut State,William Paterson,21,20,True,False,False,Landmark Conference,New Jersey,iii,iii,
2,regular,2025-09-06 21:00:00+00:00,Southern Miss,Jackson State,38,20,True,False,False,Sun Belt,SWAC,fbs,fcs,
2,regular,2025-09-06 21:00:00+00:00,Arkansas,Arkansas State,56,14,True,True,False,SEC,Sun Belt,fbs,fbs,
2,regular,2025-09-06 21:00:00+00:00,Northern Arizona,Utah Tech,38,31,True,False,False,Big Sky,UAC,fcs,fcs,
2,regular,2025-09-06 21:00:00+00:00,Nevada,Sacramento State,20,17,True,False,False,Mountain West,Big Sky,fbs,fcs,
2,regular,2025-09-06 22:00:00+00:00,California,Texas Southern,35,3,True,False,False,ACC,SWAC,fbs,fcs,
2,regular,2025-09-06 22:00:00+00:00,Wheeling,Walsh,15,31,True,False,False,Mountain East,Great Midwest Athletic,ii,ii,
2,regular,2025-09-06 22:00:00+00:00,Allen,Livingstone,17,28,True,False,False,SIAC,CIAA,ii,ii,
2,regular,2025-09-06 22:00:00+00:00,Stony Brook,Rhode Island,17,31,True,False,True,Coastal Athletic,Coastal Athletic,fcs,fcs,
2,regular,2025-09-06 22:00:00+00:00,Southern Virginia,Apprentice School,27,6,True,False,False,USA South,Independent DIII,iii,iii,
2,regular,2025-09-06 22:00:00+00:00,UNC Pembroke,Fayetteville State,31,24,True,False,False,Carolinas,CIAA,ii,ii,
2,regular,2025-09-06 22:00:00+00:00,Tusculum,Lenoir Rhyne,7,28,True,False,True,South Atlantic,South Atlantic,ii,ii,
2,regular,2025-09-06 22:00:00+00:00,WPI,Rensselaer,9,26,True,False,False,NEWMAC,Liberty League,iii,iii,
2,regular,2025-09-06 22:00:00+00:00,Lock Haven,Glenville State,16,13,True,False,False,Pennsylvania State Athletic,Mountain East,ii,ii,
2,regular,2025-09-06 22:00:00+00:00,Wilmington (OH),Wooster,59,35,True,False,False,Ohio,North Coast,iii,iii,
2,regular,2025-09-06 22:00:00+00:00,Berry,Huntingdon,58,28,True,False,False,Southern Athletic,USA South,iii,iii,
2,regular,2025-09-06 22:00:00+00:00,UVA Wise,Newberry,24,31,True,False,True,South Atlantic,South Atlantic,ii,ii,
2,regular,2025-09-06 22:00:00+00:00,Hampton,Elizabeth City State,27,20,True,False,False,Coastal Athletic,CIAA,fcs,ii,
2,regular,2025-09-06 22:00:00+00:00,Marshall,Missouri State,20,21,True,False,False,Sun Belt,Conference USA,fbs,fbs,
2,regular,2025-09-06 22:00:00+00:00,Old Dominion,North Carolina Central,54,6,True,False,False,Sun Belt,MEAC,fbs,fcs,
2,regular,2025-09-06 22:00:00+00:00,Utah,Cal Poly,63,9,True,False,False,Big 12,Big Sky,fbs,fcs,
2,regular,2025-09-06 22:00:00+00:00,Villanova,Colgate,24,17,True,False,False,Coastal Athletic,Patriot,fcs,fcs,
2,regular,2025-09-06 22:00:00+00:00,Stetson,Warner,59,13,True,False,False,Pioneer,,fcs,,
2,regular,2025-09-06 22:00:00+00:00,Norfolk State,Virginia State,34,31,True,False,False,MEAC,CIAA,fcs,ii,
2,regular,2025-09-06 22:00:00+00:00,Eastern Kentucky,Houston Christian,20,10,True,False,False,UAC,Southland,fcs,fcs,
2,regular,2025-09-06 22:00:00+00:00,Savannah State,Shorter,13,0,True,False,False,SIAC,Carolinas,ii,ii,
2,regular,2025-09-06 22:00:00+00:00,Fordham,Monmouth,28,49,True,False,False,Patriot,Coastal Athletic,fcs,fcs,
2,regular,2025-09-06 22:00:00+00:00,Southwest Minnesota State,Minnesota St Moorhead,3,51,True,False,True,Northern Sun,Northern Sun,ii,ii,
2,regular,2025-09-06 22:00:00+00:00,William & Mary,Maine,28,27,True,False,True,Coastal Athletic,Coastal Athletic,fcs,fcs,
2,regular,2025-09-06 22:00:00+00:00,New Hampshire,Holy Cross,19,16,True,False,False,Coastal Athletic,Patriot,fcs,fcs,
2,regular,2025-09-06 22:00:00+00:00,Elon,Davidson,55,7,True,False,False,Coastal Athletic,Pioneer,fcs,fcs,
2,regular,2025-09-06 22:00:00+00:00,East Carolina,Campbell,56,3,True,False,False,American Athletic,Coastal Athletic,fbs,fcs,
2,regular,2025-09-06 22:00:00+00:00,Wofford,Richmond,10,14,True,False,False,Southern,Patriot,fcs,fcs,
2,regular,2025-09-06 22:00:00+00:00,Florida Atlantic,Florida A&M,56,14,True,False,False,American Athletic,SWAC,fbs,fcs,
2,regular,2025-09-06 22:30:00+00:00,Mars Hill,Winston-Salem State,25,28,True,False,False,South Atlantic,CIAA,ii,ii,
2,regular,2025-09-06 23:00:00+00:00,Rose Hulman,DePauw,0,40,True,False,False,Heartland,North Coast,iii,iii,
2,regular,2025-09-06 23:00:00+00:00,Bluffton,Kenyon,20,17,True,False,False,Heartland,North Coast,iii,iii,
2,regular,2025-09-06 23:00:00+00:00,Rice,Houston,9,35,True,False,False,American Athletic,Big 12,fbs,fbs,
2,regular,2025-09-06 23:00:00+00:00,Prairie View A&M,UT Rio Grande Valley,21,27,True,False,False,SWAC,Southland,fcs,fcs,
2,regular,2025-09-06 23:00:00+00:00,Nicholls,West Georgia,10,34,True,False,False,Southland,UAC,fcs,fcs,
2,regular,2025-09-06 23:00:00+00:00,Guilford,Greensboro,7,21,True,False,False,Old Dominion,USA South,iii,iii,
2,regular,2025-09-06 23:00:00+00:00,Murray State,SE Louisiana,24,45,True,False,False,MVFC,Southland,fcs,fcs,
2,regular,2025-09-06 23:00:00+00:00,Ripon,North Park,19,35,True,False,False,Midwest,CCIW,iii,iii,
2,regular,2025-09-06 23:00:00+00:00,North Dakota,Portland State,50,20,True,False,False,MVFC,Big Sky,fcs,fcs,
2,regular,2025-09-06 23:00:00+00:00,Miami,Bethune-Cookman,45,3,True,False,False,ACC,SWAC,fbs,fcs,
2,regular,2025-09-06 23:00:00+00:00,Austin,Kalamazoo,10,14,True,False,False,Southern Collegiate Athletic,Michigan,iii,iii,
2,regular,2025-09-06 23:00:00+00:00,Lamar,South Dakota,20,13,True,False,False,Southland,MVFC,fcs,fcs,
2,regular,2025-09-06 23:00:00+00:00,McMurry,Southwestern U,19,27,True,False,False,Southern Collegiate Athletic,Southern Athletic,iii,iii,
2,regular,2025-09-06 23:00:00+00:00,Southeast Missouri State,North Alabama,30,21,True,False,False,OVC-Big South,UAC,fcs,fcs,
2,regular,2025-09-06 23:00:00+00:00,Toledo,Western Kentucky,45,21,True,False,False,Mid-American,Conference USA,fbs,fbs,
2,regular,2025-09-06 23:00:00+00:00,Central Arkansas,Arkansas-Pine Bluff,41,17,True,False,False,UAC,SWAC,fcs,fcs,
2,regular,2025-09-06 23:00:00+00:00,Tuskegee,Central State,33,0,True,False,True,SIAC,SIAC,ii,ii,
2,regular,2025-09-06 23:00:00+00:00,Wayne State (NE),University of Mary,42,7,True,False,True,Northern Sun,Northern Sun,ii,ii,
2,regular,2025-09-06 23:00:00+00:00,Alabama A&M,Alcorn State,41,31,True,False,True,SWAC,SWAC,fcs,fcs,
2,regular,2025-09-06 23:00:00+00:00,Illinois State,Morehead State,41,13,True,False,False,MVFC,Pioneer,fcs,fcs,
2,regular,2025-09-06 23:00:00+00:00,Lakeland,Carthage,40,51,True,False,False,NACC,CCIW,iii,iii,
2,regular,2025-09-06 23:00:00+00:00,UCF,North Carolina A&T,68,7,True,False,False,Big 12,Coastal Athletic,fbs,fcs,
2,regular,2025-09-06 23:00:00+00:00,Delta State,North Greenville,41,9,True,False,True,Gulf South,Carolinas,ii,ii,
2,regular,2025-09-06 23:00:00+00:00,Simpson (IA),Augustana (IL),41,42,True,False,False,American Rivers,CCIW,iii,iii,
2,regular,2025-09-06 23:00:00+00:00,Eureka,Knox,14,13,True,False,False,NACC,Midwest,iii,iii,
2,regular,2025-09-06 23:00:00+00:00,Grand Valley State,Black Hills State,48,36,True,False,False,GLIAC,Rocky Mountain,ii,ii,
2,regular,2025-09-06 23:00:00+00:00,Northeastern State,Missouri S&T,24,27,True,False,False,Independent DII,Great Lakes,ii,ii,
2,regular,2025-09-06 23:00:00+00:00,Valparaiso,Adrian,7,10,True,False,False,Pioneer,Michigan,fcs,iii,
2,regular,2025-09-06 23:00:00+00:00,Bridgewater,Stevenson,27,32,True,False,False,Old Dominion,Mid Atlantic,iii,iii,
2,regular,2025-09-06 23:00:00+00:00,Centre,Hanover,23,15,True,False,False,Southern Athletic,Heartland,iii,iii,
2,regular,2025-09-06 23:00:00+00:00,Eastern Michigan,Long Island University,23,28,True,False,False,Mid-American,NEC,fbs,fcs,
2,regular,2025-09-06 23:00:00+00:00,Muskingum,Mount St Joseph,27,33,True,False,False,Ohio,Heartland,iii,iii,
2,regular,2025-09-06 23:00:00+00:00,South Carolina,South Carolina State,38,10,True,False,False,SEC,MEAC,fbs,fcs,
2,regular,2025-09-06 23:00:00+00:00,South Alabama,Tulane,31,33,True,False,False,Sun Belt,American Athletic,fbs,fbs,
2,regular,2025-09-06 23:00:00+00:00,Morgan State,Towson,22,27,True,False,False,MEAC,Coastal Athletic,fcs,fcs,
2,regular,2025-09-06 23:00:00+00:00,Kansas State,Army,21,24,True,False,False,Big 12,American Athletic,fbs,fbs,
2,regular,2025-09-06 23:00:00+00:00,Southern,Alabama State,7,30,True,False,True,SWAC,SWAC,fcs,fcs,
2,regular,2025-09-06 23:00:00+00:00,Tarleton State,Mississippi Valley State,59,3,True,False,False,UAC,SWAC,fcs,fcs,
2,regular,2025-09-06 23:00:00+00:00,Sioux Falls,Northern State,42,28,True,False,True,Northern Sun,Northern Sun,ii,ii,
2,regular,2025-09-06 23:00:00+00:00,Charlotte,North Carolina,3,20,True,False,False,American Athletic,ACC,fbs,fbs,
2,regular,2025-09-06 23:00:00+00:00,Mary Hardin Baylor,Bethel University Tennessee,30,23,True,False,False,American Southwest,,iii,,
2,regular,2025-09-06 23:00:00+00:00,Colorado State,Northern Colorado,21,17,True,False,False,Mountain West,Big Sky,fbs,fcs,
2,regular,2025-09-06 23:00:00+00:00,Georgia State,Memphis,16,38,True,False,False,Sun Belt,American Athletic,fbs,fbs,
2,regular,2025-09-06 23:00:00+00:00,Southwest Baptist,Missouri Southern State,31,38,True,False,False,Great Lakes,Mid America,ii,ii,
2,regular,2025-09-06 23:00:00+00:00,Angelo State,Emporia State,41,20,True,False,False,Lone Star,Mid America,ii,ii,
2,regular,2025-09-06 23:30:00+00:00,Oklahoma,Michigan,24,13,True,False,False,SEC,Big Ten,fbs,fbs,
2,regular,2025-09-06 23:30:00+00:00,Auburn,Ball State,42,3,True,False,False,SEC,Mid-American,fbs,fbs,
2,regular,2025-09-06 23:30:00+00:00,LSU,Louisiana Tech,23,7,True,False,False,SEC,Conference USA,fbs,fbs,
2,regular,2025-09-06 23:30:00+00:00,Purdue,Southern Illinois,34,17,True,False,False,Big Ten,MVFC,fbs,fcs,
2,regular,2025-09-06 23:30:00+00:00,Concordia St. Paul,Minnesota Duluth,7,61,True,False,True,Northern Sun,Northern Sun,ii,ii,
2,regular,2025-09-06 23:30:00+00:00,Coastal Carolina,Charleston Southern,13,0,True,False,False,Sun Belt,OVC-Big South,fbs,fcs,
2,regular,2025-09-06 23:30:00+00:00,Virginia Tech,Vanderbilt,20,44,True,False,False,ACC,SEC,fbs,fbs,
2,regular,2025-09-06 23:30:00+00:00,USC,Georgia Southern,59,20,True,False,False,Big Ten,Sun Belt,fbs,fbs,
2,regular,2025-09-06 23:30:00+00:00,Nebraska,Akron,68,0,True,False,False,Big Ten,Mid-American,fbs,fbs,
2,regular,2025-09-06 23:30:00+00:00,Mississippi State,Arizona State,24,20,True,False,False,SEC,Big 12,fbs,fbs,
2,regular,2025-09-06 23:30:00+00:00,Michigan State,Boston College,42,40,True,False,False,Big Ten,ACC,fbs,fbs,
2,regular,2025-09-06 23:45:00+00:00,Alabama,UL Monroe,73,0,True,False,False,SEC,Sun Belt,fbs,fbs,
2,regular,2025-09-07 00:00:00+00:00,Lake Forest,Claremont Mudd Scripps,7,14,True,True,False,Midwest,So. Cal.,iii,iii,
2,regular,2025-09-07 00:00:00+00:00,Montana,Central Washington,42,17,True,False,False,Big Sky,Lone Star,fcs,ii,
2,regular,2025-09-07 00:00:00+00:00,Point University,LaGrange,14,36,True,True,False,,USA South,,iii,
2,regular,2025-09-07 00:00:00+00:00,Dakota State University,Nebraska Wesleyan,37,7,True,True,False,,American Rivers,,iii,
2,regular,2025-09-07 00:00:00+00:00,Adams State,UT Permian Basin,7,41,True,False,False,Rocky Mountain,Lone Star,ii,ii,
2,regular,2025-09-07 00:00:00+00:00,Montana State,South Dakota State,24,30,True,False,False,Big Sky,MVFC,fcs,fcs,
2,regular,2025-09-07 00:00:00+00:00,Wartburg,Monmouth (IL),21,7,True,False,False,American Rivers,Midwest,iii,iii,
2,regular,2025-09-07 00:00:00+00:00,New Mexico Highlands,Western New Mexico,69,55,True,False,False,Rocky Mountain,Lone Star,ii,ii,
2,regular,2025-09-07 00:00:00+00:00,Nebraska Kearney,Chadron State,41,21,True,False,False,Mid America,Rocky Mountain,ii,ii,
2,regular,2025-09-07 00:00:00+00:00,Central Oklahoma,Pittsburg State,27,24,True,False,True,Mid America,Mid America,ii,ii,
2,regular,2025-09-07 00:00:00+00:00,Louisiana,McNeese,34,10,True,False,False,Sun Belt,Southland,fbs,fcs,
2,regular,2025-09-07 00:00:00+00:00,Washington St. Louis,Rhodes,49,0,True,False,False,CCIW,Southern Athletic,iii,iii,
2,regular,2025-09-07 00:00:00+00:00,Colorado Mesa,Eastern New Mexico,28,7,True,False,False,Rocky Mountain,Lone Star,ii,ii,
2,regular,2025-09-07 00:00:00+00:00,Concordia (MN),Mayville State,17,6,True,False,False,Minnesota,,iii,,
2,regular,2025-09-07 00:00:00+00:00,Abilene Christian,Stephen F. Austin,28,20,True,False,False,UAC,Southland,fcs,fcs,
2,regular,2025-09-07 00:00:00+00:00,Texas A&M-Kingsville,Lincoln (CA),60,12,True,False,False,Lone Star,Independent DII,ii,ii,
2,regular,2025-09-07 00:00:00+00:00,UNLV,UCLA,30,23,True,False,False,Mountain West,Big Ten,fbs,fbs,
2,regular,2025-09-07 00:00:00+00:00,East Texas Baptist,Lyon,47,8,True,False,False,American Southwest,Southern Collegiate Athletic,iii,iii,
2,regular,2025-09-07 00:00:00+00:00,Midwestern State,Western Colorado,13,38,True,False,False,Lone Star,Rocky Mountain,ii,ii,
2,regular,2025-09-07 01:00:00+00:00,New Mexico State,Tulsa,21,14,True,False,False,Conference USA,American Athletic,fbs,fbs,
2,regular,2025-09-07 01:00:00+00:00,San Diego,Southern Utah,30,27,True,False,False,Pioneer,UAC,fcs,fcs,
2,regular,2025-09-07 01:00:00+00:00,UTEP,UT Martin,42,17,True,False,False,Conference USA,OVC-Big South,fbs,fcs,
2,regular,2025-09-07 02:00:00+00:00,Chapman,Hardin Simmons,30,37,True,False,False,So. Cal.,American Southwest,iii,iii,
2,regular,2025-09-07 02:00:00+00:00,Phoenix,Fort Lewis,10,58,True,True,False,,Rocky Mountain,,ii,
2,regular,2025-09-07 02:00:00+00:00,Arizona,Weber State,48,3,True,False,False,Big 12,Big Sky,fbs,fcs,
2,regular,2025-09-07 02:00:00+00:00,Redlands,George Fox,10,7,True,False,False,So. Cal.,Northwest,iii,iii,
2,regular,2025-09-07 02:15:00+00:00,BYU,Stanford,27,3,True,False,False,Big 12,ACC,fbs,fbs,
2,regular,2025-09-07 02:15:00+00:00,Washington State,San Diego State,36,13,True,False,False,Pac-12,Mountain West,fbs,fbs,
2,regular,2025-09-07 03:00:00+00:00,Washington,UC Davis,70,10,True,False,False,Big Ten,Big Sky,fbs,fcs,
2,regular,2025-09-07 03:59:00+00:00,Hawai'i,Sam Houston,37,20,True,False,False,Mountain West,Conference USA,fbs,fbs,
3,regular,2025-09-11 22:30:00+00:00,West Virginia Wesleyan,Ohio Dominican,0,31,True,False,False,Mountain East,Great Midwest Athletic,ii,ii,
3,regular,2025-09-11 23:00:00+00:00,Clark Atlanta,Fort Valley State,26,21,True,False,True,SIAC,SIAC,ii,ii,
3,regular,2025-09-11 23:30:00+00:00,Wake Forest,NC State,24,34,True,False,True,ACC,ACC,fbs,fbs,
3,regular,2025-09-12 00:00:00+00:00,Arkansas Tech,Northwestern (OK),44,0,True,False,True,Great American,Great American,ii,ii,
3,regular,2025-09-12 00:00:00+00:00,Central Missouri,CSU Pueblo,24,29,True,False,False,Mid America,Rocky Mountain,ii,ii,
3,regular,2025-09-12 00:00:00+00:00,Harding,Southwestern Oklahoma State,55,0,True,False,True,Great American,Great American,ii,ii,
3,regular,2025-09-12 22:30:00+00:00,Indiana,Indiana State,73,0,True,False,False,Big Ten,MVFC,fbs,fcs,
3,regular,2025-09-12 23:00:00+00:00,Syracuse,Colgate,66,24,True,False,False,ACC,Patriot,fbs,fcs,
3,regular,2025-09-12 23:30:00+00:00,Houston,Colorado,36,20,True,False,True,Big 12,Big 12,fbs,fbs,
3,regular,2025-09-13 01:00:00+00:00,Arizona,Kansas State,23,17,True,False,False,Big 12,Big 12,fbs,fbs,
3,regular,2025-09-13 02:00:00+00:00,UCLA,New Mexico,10,35,True,False,False,Big Ten,Mountain West,fbs,fbs,
3,regular,2025-09-13 16:00:00+00:00,Johns Hopkins,John Carroll,27,13,True,False,False,Centennial,Ohio,iii,iii,
3,regular,2025-09-13 16:00:00+00:00,Carnegie Mellon,Wisconsin La Crosse,14,38,True,False,False,Presidents',Wisconsin,iii,iii,
3,regular,2025-09-13 16:00:00+00:00,Virginia,William & Mary,55,16,True,False,False,ACC,Coastal Athletic,fbs,fcs,
3,regular,2025-09-13 16:00:00+00:00,Montclair State,Lycoming,27,24,True,True,False,New Jersey,Landmark Conference,iii,iii,
3,regular,2025-09-13 16:00:00+00:00,Long Island University,Sacred Heart,21,24,True,False,False,NEC,FCS Independents,fcs,fcs,
3,regular,2025-09-13 16:00:00+00:00,SUNY Morrisville,Rochester (NY),14,30,True,False,False,Empire 8,Liberty League,iii,iii,
3,regular,2025-09-13 16:00:00+00:00,Endicott,Muhlenberg,20,28,True,False,False,Commonwealth Coast,Centennial,iii,iii,
3,regular,2025-09-13 16:00:00+00:00,Troy,Memphis,7,28,True,False,False,Sun Belt,American Athletic,fbs,fbs,
3,regular,2025-09-13 16:00:00+00:00,SUNY Cortland,Union,30,6,True,False,False,Empire 8,Liberty League,iii,iii,
3,regular,2025-09-13 16:00:00+00:00,Alabama,Wisconsin,38,14,True,False,False,SEC,Big Ten,fbs,fbs,
3,regular,2025-09-13 16:00:00+00:00,Vermont State Castleton,Norwich,30,8,True,False,False,New Jersey,NEWMAC,iii,iii,
3,regular,2025-09-13 16:00:00+00:00,Plymouth State,Worcester State,47,46,True,False,True,MSCAC,MSCAC,iii,iii,
3,regular,2025-09-13 16:00:00+00:00,Central Connecticut,Saint Francis,31,7,True,False,True,NEC,NEC,fcs,fcs,
3,regular,2025-09-13 16:00:00+00:00,Maryland,Towson,44,17,True,False,False,Big Ten,Coastal Athletic,fbs,fcs,
3,regular,2025-09-13 16:00:00+00:00,Northwestern,Oregon,14,34,True,False,True,Big Ten,Big Ten,fbs,fbs,
3,regular,2025-09-13 16:00:00+00:00,Temple,Oklahoma,3,42,True,False,False,American Athletic,SEC,fbs,fbs,
3,regular,2025-09-13 16:00:00+00:00,Georgia Tech,Clemson,24,21,True,False,True,ACC,ACC,fbs,fbs,
3,regular,2025-09-13 16:00:00+00:00,Baylor,Samford,42,7,True,False,False,Big 12,Southern,fbs,fcs,
3,regular,2025-09-13 16:00:00+00:00,Duquesne,Lehigh,21,35,True,False,False,NEC,Patriot,fcs,fcs,
3,regular,2025-09-13 16:00:00+00:00,Seton Hill,Bloomsburg,31,28,True,False,True,Pennsylvania State Athletic,Pennsylvania State Athletic,ii,ii,
3,regular,2025-09-13 16:00:00+00:00,Hilbert,Alfred State,13,49,True,False,False,Empire 8,Empire 8,iii,iii,
3,regular,2025-09-13 16:00:00+00:00,Findlay,Wayne State (MI),7,3,True,False,False,Great Midwest Athletic,GLIAC,ii,ii,
3,regular,2025-09-13 16:00:00+00:00,Anna Maria College,Framingham State,25,31,True,False,False,MSCAC,MSCAC,iii,iii,
3,regular,2025-09-13 16:00:00+00:00,California (PA),West Chester,26,24,True,False,True,Pennsylvania State Athletic,Pennsylvania State Athletic,ii,ii,
3,regular,2025-09-13 16:00:00+00:00,St. John Fisher,St. Lawrence,28,23,True,False,False,Empire 8,Liberty League,iii,iii,
3,regular,2025-09-13 16:00:00+00:00,Alma,Denison,53,27,True,False,False,Michigan,North Coast,iii,iii,
3,regular,2025-09-13 16:00:00+00:00,Kenyon,Wisconsin Eau Claire,6,35,True,False,False,North Coast,Wisconsin,iii,iii,
3,regular,2025-09-13 16:00:00+00:00,Nebraska,Houston Christian,59,7,True,False,False,Big Ten,Southland,fbs,fcs,
3,regular,2025-09-13 16:00:00+00:00,Michigan,Central Michigan,63,3,True,False,False,Big Ten,Mid-American,fbs,fbs,
3,regular,2025-09-13 16:00:00+00:00,Dean,Mass Maritime,0,28,True,False,False,MSCAC,MSCAC,iii,iii,
3,regular,2025-09-13 16:00:00+00:00,Eastern,Alvernia,24,14,True,False,True,Mid Atlantic,Mid Atlantic,iii,iii,
3,regular,2025-09-13 16:00:00+00:00,Greensboro,Roanoke College,22,32,True,False,False,USA South,,iii,,
3,regular,2025-09-13 16:00:00+00:00,Kent State,Buffalo,28,31,True,False,True,Mid-American,Mid-American,fbs,fbs,
3,regular,2025-09-13 16:00:00+00:00,Salve Regina,Western New England,34,28,True,False,False,NEWMAC,Commonwealth Coast,iii,iii,
3,regular,2025-09-13 16:00:00+00:00,Buffalo State,Hartwick,27,29,True,False,False,Liberty League,Empire 8,iii,iii,
3,regular,2025-09-13 16:00:00+00:00,Misericordia,Albright,42,21,True,False,True,Mid Atlantic,Mid Atlantic,iii,iii,
3,regular,2025-09-13 16:00:00+00:00,Bluffton,Albion,39,45,True,False,False,Heartland,Michigan,iii,iii,
3,regular,2025-09-13 16:00:00+00:00,Springfield,Husson,38,6,True,False,False,NEWMAC,Commonwealth Coast,iii,iii,
3,regular,2025-09-13 16:00:00+00:00,The College of New Jersey,Wilkes,17,3,True,False,False,New Jersey,Landmark Conference,iii,iii,
3,regular,2025-09-13 16:00:00+00:00,Alfred,Ithaca,14,45,True,False,False,Empire 8,Liberty League,iii,iii,
3,regular,2025-09-13 16:00:00+00:00,Millersville,Glenville State,28,44,True,False,False,Pennsylvania State Athletic,Mountain East,ii,ii,
3,regular,2025-09-13 16:00:00+00:00,Susquehanna,Bridgewater,56,17,True,False,False,Landmark Conference,Old Dominion,iii,iii,
3,regular,2025-09-13 16:00:00+00:00,Brockport,Hobart,14,10,True,False,False,Empire 8,Liberty League,iii,iii,
3,regular,2025-09-13 16:45:00+00:00,Auburn,South Alabama,31,15,True,False,False,SEC,Sun Belt,fbs,fbs,
3,regular,2025-09-13 17:00:00+00:00,Olivet,Madonna University (Mich.),28,45,True,False,False,Michigan,,iii,,
3,regular,2025-09-13 17:00:00+00:00,Lebanon Valley,FDU Florham,37,13,True,False,True,Mid Atlantic,Mid Atlantic,iii,iii,
3,regular,2025-09-13 17:00:00+00:00,Wooster,Saint Vincent,28,14,True,False,False,North Coast,Presidents',iii,iii,
3,regular,2025-09-13 17:00:00+00:00,Calvin,Concordia (WI),34,7,True,False,False,Michigan,NACC,iii,iii,
3,regular,2025-09-13 17:00:00+00:00,Howard,Morehouse,38,10,True,True,False,MEAC,SIAC,fcs,ii,
3,regular,2025-09-13 17:00:00+00:00,Truman State,Davenport,28,27,True,False,False,Great Lakes,GLIAC,ii,ii,
3,regular,2025-09-13 17:00:00+00:00,Post,Southern Connecticut State,39,30,True,False,True,Northeast 10,Northeast 10,ii,ii,
3,regular,2025-09-13 17:00:00+00:00,Rowan,Moravian,56,0,True,False,False,New Jersey,Landmark Conference,iii,iii,
3,regular,2025-09-13 17:00:00+00:00,Kalamazoo,Bethany (WV),50,7,True,False,False,Michigan,Presidents',iii,iii,
3,regular,2025-09-13 17:00:00+00:00,Juniata,Allegheny,40,38,True,False,False,Landmark Conference,Presidents',iii,iii,
3,regular,2025-09-13 17:00:00+00:00,Dickinson,Waynesburg,52,19,True,False,False,Centennial,Presidents',iii,iii,
3,regular,2025-09-13 17:00:00+00:00,Hampden Sydney,Washington & Jefferson,38,31,True,False,False,Old Dominion,Presidents',iii,iii,
3,regular,2025-09-13 17:00:00+00:00,Adrian,Thiel,76,0,True,False,False,Michigan,Presidents',iii,iii,
3,regular,2025-09-13 17:00:00+00:00,Wabash,Case Western Reserve,38,28,True,False,False,North Coast,Presidents',iii,iii,
3,regular,2025-09-13 17:00:00+00:00,Grove City,Mount Union,14,49,True,False,False,Presidents',Ohio,iii,iii,
3,regular,2025-09-13 17:00:00+00:00,Ursinus,Kean,42,14,True,False,False,Centennial,New Jersey,iii,iii,
3,regular,2025-09-13 17:00:00+00:00,New England,WPI,41,3,True,False,False,Commonwealth Coast,NEWMAC,iii,iii,
3,regular,2025-09-13 17:00:00+00:00,Gettysburg,Christopher Newport,14,49,True,False,False,Centennial,New Jersey,iii,iii,
3,regular,2025-09-13 17:00:00+00:00,Wittenberg,Washington and Lee,24,21,True,False,False,North Coast,Old Dominion,iii,iii,
3,regular,2025-09-13 17:00:00+00:00,Trinity (CT),Colby,6,13,True,False,True,NESCAC,NESCAC,iii,iii,
3,regular,2025-09-13 17:00:00+00:00,Central State,Benedict,0,10,True,False,True,SIAC,SIAC,ii,ii,
3,regular,2025-09-13 17:00:00+00:00,Franklin & Marshall,Westminster (PA),7,27,True,False,False,Centennial,Presidents',iii,iii,
3,regular,2025-09-13 17:00:00+00:00,Mars Hill,Carson Newman,31,24,True,False,True,South Atlantic,South Atlantic,ii,ii,
3,regular,2025-09-13 17:00:00+00:00,Elizabeth City State,Johnson C. Smith,17,21,True,False,True,CIAA,CIAA,ii,ii,
3,regular,2025-09-13 17:00:00+00:00,Hillsdale,Michigan Tech,21,34,True,False,False,Great Midwest Athletic,GLIAC,ii,ii,
3,regular,2025-09-13 17:00:00+00:00,Clarion,Shippensburg,31,24,True,False,True,Pennsylvania State Athletic,Pennsylvania State Athletic,ii,ii,
3,regular,2025-09-13 17:00:00+00:00,Edinboro,Kutztown,0,34,True,False,True,Pennsylvania State Athletic,Pennsylvania State Athletic,ii,ii,
3,regular,2025-09-13 17:00:00+00:00,Gannon,East Stroudsburg,22,69,True,False,True,Pennsylvania State Athletic,Pennsylvania State Athletic,ii,ii,
3,regular,2025-09-13 17:00:00+00:00,Manchester,Concordia Chicago,14,35,True,False,False,Heartland,NACC,iii,iii,
3,regular,2025-09-13 17:00:00+00:00,Mount St Joseph,Aurora,28,35,True,False,False,Heartland,NACC,iii,iii,
3,regular,2025-09-13 17:00:00+00:00,American International,Assumption,21,39,True,False,True,Northeast 10,Northeast 10,ii,ii,
3,regular,2025-09-13 17:00:00+00:00,Coast Guard,Curry,34,24,True,False,False,NEWMAC,Commonwealth Coast,iii,iii,
3,regular,2025-09-13 17:00:00+00:00,Northern Michigan,St. Thomas (MN),7,20,True,False,False,GLIAC,Pioneer,ii,fcs,
3,regular,2025-09-13 17:00:00+00:00,Tennessee Tech,Davidson,72,14,True,False,False,OVC-Big South,Pioneer,fcs,fcs,
3,regular,2025-09-13 17:00:00+00:00,Georgetown,Lafayette,37,42,True,False,True,Patriot,Patriot,fcs,fcs,
3,regular,2025-09-13 17:00:00+00:00,Missouri,Louisiana,52,10,True,False,False,SEC,Sun Belt,fbs,fbs,
3,regular,2025-09-13 17:00:00+00:00,Wagner,Marist,10,21,True,False,False,NEC,Pioneer,fcs,fcs,
3,regular,2025-09-13 17:00:00+00:00,Bates,Amherst,26,23,True,False,True,NESCAC,NESCAC,iii,iii,
3,regular,2025-09-13 17:00:00+00:00,UNC Pembroke,Delta State,25,21,True,False,False,Carolinas,Gulf South,ii,ii,
3,regular,2025-09-13 17:00:00+00:00,Stevenson,Widener,19,3,True,False,True,Mid Atlantic,Mid Atlantic,iii,iii,
3,regular,2025-09-13 17:00:00+00:00,Delaware Valley,King's,49,7,True,False,True,Mid Atlantic,Mid Atlantic,iii,iii,
3,regular,2025-09-13 17:00:00+00:00,Nichols,Merchant Marine,24,56,True,False,False,Commonwealth Coast,NEWMAC,iii,iii,
3,regular,2025-09-13 17:00:00+00:00,Ferrum,Shaw,14,6,True,False,False,Carolinas,CIAA,ii,ii,
3,regular,2025-09-13 17:00:00+00:00,Apprentice School,North Carolina Wesleyan,16,49,True,False,False,Independent DIII,USA South,iii,iii,
3,regular,2025-09-13 17:00:00+00:00,Wesleyan (CT),Middlebury,31,17,True,False,True,NESCAC,NESCAC,iii,iii,
3,regular,2025-09-13 17:00:00+00:00,Minnesota St Moorhead,Winona State,45,21,True,False,True,Northern Sun,Northern Sun,ii,ii,
3,regular,2025-09-13 17:00:00+00:00,SUNY Maritime,Anderson (IN),48,0,True,False,False,NEWMAC,Heartland,iii,iii,
3,regular,2025-09-13 17:00:00+00:00,Chowan,Valdosta State,3,56,True,False,True,Carolinas,Gulf South,ii,ii,
3,regular,2025-09-13 17:30:00+00:00,Hanover,Butler,7,16,True,False,False,Heartland,Pioneer,iii,fcs,
3,regular,2025-09-13 17:30:00+00:00,Franklin,Hope,14,38,True,False,False,Heartland,Michigan,iii,iii,
3,regular,2025-09-13 17:30:00+00:00,Hamilton,Williams,17,24,True,False,True,NESCAC,NESCAC,iii,iii,
3,regular,2025-09-13 17:30:00+00:00,Capital,Catholic,36,20,True,False,False,Ohio,Landmark Conference,iii,iii,
3,regular,2025-09-13 17:30:00+00:00,Baldwin Wallace,Wilmington (OH),63,21,True,False,True,Ohio,Ohio,iii,iii,
3,regular,2025-09-13 18:00:00+00:00,Cornell (IA),Chicago,12,28,True,False,True,Midwest,Midwest,iii,iii,
3,regular,2025-09-13 18:00:00+00:00,Huntingdon,Hendrix,28,30,True,False,False,USA South,Southern Athletic,iii,iii,
3,regular,2025-09-13 18:00:00+00:00,Indianapolis,Ashland,33,26,True,False,False,Great Lakes,Great Midwest Athletic,ii,ii,
3,regular,2025-09-13 18:00:00+00:00,West Alabama,Charleston (WV),28,24,True,False,False,Gulf South,Mountain East,ii,ii,
3,regular,2025-09-13 18:00:00+00:00,Colorado School of Mines,Washburn,41,27,True,False,False,Rocky Mountain,Mid America,ii,ii,
3,regular,2025-09-13 18:00:00+00:00,Bemidji State,Sioux Falls,23,56,True,False,True,Northern Sun,Northern Sun,ii,ii,
3,regular,2025-09-13 18:00:00+00:00,Jamestown,Southwest Minnesota State,7,12,True,True,False,Northern Sun,Northern Sun,ii,ii,
3,regular,2025-09-13 18:00:00+00:00,Anderson (SC),Tusculum,30,0,True,False,True,South Atlantic,South Atlantic,ii,ii,
3,regular,2025-09-13 18:00:00+00:00,Wisconsin Stevens Point,St. Norbert,41,17,True,False,False,Wisconsin,NACC,iii,iii,
3,regular,2025-09-13 18:00:00+00:00,Sewanee,Brevard,10,26,True,False,False,Southern Athletic,USA South,iii,iii,
3,regular,2025-09-13 18:00:00+00:00,Central College,Randolph Macon,10,0,True,False,False,American Rivers,Old Dominion,iii,iii,
3,regular,2025-09-13 18:00:00+00:00,Saint John's (MN),Minnesota Morris,49,0,True,False,False,Minnesota,Upper Midwest,iii,iii,
3,regular,2025-09-13 18:00:00+00:00,Ohio Wesleyan,Maryville (TN),24,48,True,False,False,North Coast,USA South,iii,iii,
3,regular,2025-09-13 18:00:00+00:00,Martin Luther,Luther,34,0,True,False,False,Upper Midwest,American Rivers,iii,iii,
3,regular,2025-09-13 18:00:00+00:00,Knox,Ripon,7,50,True,False,True,Midwest,Midwest,iii,iii,
3,regular,2025-09-13 18:00:00+00:00,Roosevelt,Southwest Baptist,34,40,True,False,False,GLIAC,Great Lakes,ii,ii,
3,regular,2025-09-13 18:00:00+00:00,Buena Vista,Wisconsin Lutheran,17,6,True,False,False,American Rivers,NACC,iii,iii,
3,regular,2025-09-13 18:00:00+00:00,Wisconsin Stout,Wartburg,0,16,True,False,False,Wisconsin,American Rivers,iii,iii,
3,regular,2025-09-13 18:00:00+00:00,Crown,Simpson (IA),7,45,True,False,False,Upper Midwest,American Rivers,iii,iii,
3,regular,2025-09-13 18:00:00+00:00,Wisconsin River Falls,Coe,59,47,True,False,False,Wisconsin,American Rivers,iii,iii,
3,regular,2025-09-13 18:00:00+00:00,Illinois College,Lake Forest,28,25,True,False,True,Midwest,Midwest,iii,iii,
3,regular,2025-09-13 18:00:00+00:00,Grinnell,Beloit,24,0,True,False,True,Midwest,Midwest,iii,iii,
3,regular,2025-09-13 18:00:00+00:00,Elmhurst,Rockford,34,30,True,False,False,CCIW,NACC,iii,iii,
3,regular,2025-09-13 18:00:00+00:00,South Dakota,Northern Colorado,24,17,True,False,False,MVFC,Big Sky,fcs,fcs,
3,regular,2025-09-13 18:00:00+00:00,Holy Cross,Rhode Island,7,9,True,False,False,Patriot,Coastal Athletic,fcs,fcs,
3,regular,2025-09-13 18:00:00+00:00,Nebraska Wesleyan,Mayville State,13,20,True,False,False,American Rivers,,iii,,
3,regular,2025-09-13 18:00:00+00:00,Saint Xavier (IL),Wisconsin Whitewater,0,37,True,True,False,,Wisconsin,,iii,
3,regular,2025-09-13 18:00:00+00:00,Ball State,New Hampshire,34,29,True,False,False,Mid-American,Coastal Athletic,fbs,fcs,
3,regular,2025-09-13 18:00:00+00:00,New England College,MIT,0,55,True,True,False,,NEWMAC,,iii,
3,regular,2025-09-13 18:00:00+00:00,Lakeland,Greenville,28,29,True,False,False,NACC,Upper Midwest,iii,iii,
3,regular,2025-09-13 18:00:00+00:00,North Central College,Wisconsin Oshkosh,45,14,True,False,False,CCIW,Wisconsin,iii,iii,
3,regular,2025-09-13 18:00:00+00:00,McDaniel,Salisbury,7,62,True,False,False,Centennial,New Jersey,iii,iii,
3,regular,2025-09-13 18:00:00+00:00,Monmouth (IL),Lawrence,78,7,True,False,True,Midwest,Midwest,iii,iii,
3,regular,2025-09-13 18:30:00+00:00,Northwest Missouri State,Texas A&M-Kingsville,49,20,True,False,False,Mid America,Lone Star,ii,ii,
3,regular,2025-09-13 18:30:00+00:00,Bridgewater State,Westfield State,29,16,True,False,True,MSCAC,MSCAC,iii,iii,
3,regular,2025-09-13 18:30:00+00:00,Western Carolina,Elon,31,37,True,False,False,Southern,Coastal Athletic,fcs,fcs,
3,regular,2025-09-13 19:00:00+00:00,Bowdoin,Tufts,0,13,True,False,True,NESCAC,NESCAC,iii,iii,
3,regular,2025-09-13 19:00:00+00:00,Jackson State,Tuskegee,30,0,True,False,False,SWAC,SIAC,fcs,ii,
3,regular,2025-09-13 19:00:00+00:00,Delaware State,Bowie State,36,14,True,False,False,MEAC,CIAA,fcs,ii,
3,regular,2025-09-13 19:00:00+00:00,Southern Nazarene,Southern Arkansas,18,26,True,False,True,Great American,Great American,ii,ii,
3,regular,2025-09-13 19:00:00+00:00,University of Mary,Augustana (SD),20,21,True,False,True,Northern Sun,Northern Sun,ii,ii,
3,regular,2025-09-13 19:00:00+00:00,Delaware,UConn,44,41,True,False,False,Conference USA,FBS Independents,fbs,fbs,
3,regular,2025-09-13 19:00:00+00:00,Minot State,Concordia St. Paul,21,27,True,False,True,Northern Sun,Northern Sun,ii,ii,
3,regular,2025-09-13 19:00:00+00:00,Montana,North Dakota,24,23,True,False,False,Big Sky,MVFC,fcs,fcs,
3,regular,2025-09-13 19:00:00+00:00,Eastern Illinois,Illinois State,30,42,True,False,False,OVC-Big South,MVFC,fcs,fcs,
3,regular,2025-09-13 19:00:00+00:00,Montana State,San Diego,41,7,True,False,False,Big Sky,Pioneer,fcs,fcs,
3,regular,2025-09-13 19:30:00+00:00,Rutgers,Norfolk State,60,10,True,False,False,Big Ten,MEAC,fbs,fcs,
3,regular,2025-09-13 19:30:00+00:00,Tennessee,Georgia,41,44,True,False,True,SEC,SEC,fbs,fbs,
3,regular,2025-09-13 19:30:00+00:00,North Dakota State,Southeast Missouri State,41,14,True,False,False,MVFC,OVC-Big South,fcs,fcs,
3,regular,2025-09-13 19:30:00+00:00,Toledo,Morgan State,60,0,True,False,False,Mid-American,MEAC,fbs,fcs,
3,regular,2025-09-13 19:30:00+00:00,West Virginia,Pittsburgh,31,24,True,False,False,Big 12,ACC,fbs,fbs,
3,regular,2025-09-13 19:30:00+00:00,Stony Brook,Fordham,41,18,True,False,False,Coastal Athletic,Patriot,fcs,fcs,
3,regular,2025-09-13 19:30:00+00:00,Bucknell,VMI,35,28,True,False,False,Patriot,Southern,fcs,fcs,
3,regular,2025-09-13 19:30:00+00:00,North Texas,Washington State,59,10,True,False,False,American Athletic,Pac-12,fbs,fbs,
3,regular,2025-09-13 19:30:00+00:00,UTSA,Incarnate Word,48,20,True,False,False,American Athletic,Southland,fbs,fcs,
3,regular,2025-09-13 19:30:00+00:00,Cincinnati,Northwestern State,70,0,True,False,False,Big 12,Southland,fbs,fcs,
3,regular,2025-09-13 19:30:00+00:00,North Carolina,Richmond,41,6,True,False,False,ACC,Patriot,fbs,fcs,
3,regular,2025-09-13 19:30:00+00:00,Missouri State,SMU,10,28,True,False,False,Conference USA,ACC,fbs,fbs,
3,regular,2025-09-13 19:30:00+00:00,Michigan State,Youngstown State,41,24,True,False,False,Big Ten,MVFC,fbs,fcs,
3,regular,2025-09-13 19:30:00+00:00,Purdue,USC,17,33,True,False,True,Big Ten,Big Ten,fbs,fbs,
3,regular,2025-09-13 19:30:00+00:00,Penn State,Villanova,52,6,True,False,False,Big Ten,Coastal Athletic,fbs,fcs,
3,regular,2025-09-13 19:30:00+00:00,Upper Iowa,South Dakota Mines,58,14,True,False,False,Great Lakes,Rocky Mountain,ii,ii,
3,regular,2025-09-13 19:30:00+00:00,Texas Tech,Oregon State,45,14,True,False,False,Big 12,Pac-12,fbs,fbs,
3,regular,2025-09-13 19:30:00+00:00,Campbell,Furman,24,28,True,False,False,Coastal Athletic,Southern,fcs,fcs,
3,regular,2025-09-13 20:00:00+00:00,Willamette,Pacific (OR),0,42,True,False,True,Northwest,Northwest,iii,iii,
3,regular,2025-09-13 20:00:00+00:00,UMass Dartmouth,Fitchburg State,25,24,True,False,True,MSCAC,MSCAC,iii,iii,
3,regular,2025-09-13 20:00:00+00:00,Eastern Oregon,Whitworth,16,10,True,True,False,,Northwest,,iii,
3,regular,2025-09-13 20:00:00+00:00,Edward Waters,Virginia Union,41,38,True,False,False,SIAC,CIAA,ii,ii,
3,regular,2025-09-13 20:00:00+00:00,Arkansas State,Iowa State,16,24,True,False,False,Sun Belt,Big 12,fbs,fbs,
3,regular,2025-09-13 20:00:00+00:00,IU Pennsylvania,Lock Haven,42,10,True,False,True,Pennsylvania State Athletic,Pennsylvania State Athletic,ii,ii,
3,regular,2025-09-13 20:00:00+00:00,Pacific Lutheran,Simpson (CA),42,16,True,False,False,Northwest,,iii,,
3,regular,2025-09-13 20:00:00+00:00,Idaho,Utah Tech,20,6,True,False,False,Big Sky,UAC,fcs,fcs,
3,regular,2025-09-13 20:00:00+00:00,Ohio Northern,Heidelberg,33,13,True,False,True,Ohio,Ohio,iii,iii,
3,regular,2025-09-13 20:00:00+00:00,Lewis & Clark,George Fox,38,10,True,False,True,Northwest,Northwest,iii,iii,
3,regular,2025-09-13 20:00:00+00:00,Charleston Southern,Lindenwood,28,35,True,False,True,OVC-Big South,OVC-Big South,fcs,fcs,
3,regular,2025-09-13 20:00:00+00:00,Lake Erie,Wheeling,31,35,True,False,False,Great Midwest Athletic,Mountain East,ii,ii,
3,regular,2025-09-13 20:15:00+00:00,Texas,UTEP,27,10,True,False,False,SEC,Conference USA,fbs,fbs,
3,regular,2025-09-13 20:30:00+00:00,Tennessee State,Alabama A&M,21,23,True,False,False,OVC-Big South,SWAC,fcs,fcs,
3,regular,2025-09-13 20:30:00+00:00,Miami,South Florida,49,12,True,False,False,ACC,American Athletic,fbs,fbs,
3,regular,2025-09-13 21:00:00+00:00,Northern Iowa,Eastern Washington,17,14,True,False,False,MVFC,Big Sky,fcs,fcs,
3,regular,2025-09-13 21:00:00+00:00,Bowling Green,Liberty,23,13,True,False,False,Mid-American,Conference USA,fbs,fbs,
3,regular,2025-09-13 21:00:00+00:00,Alabama State,Miles,37,9,True,False,False,SWAC,SIAC,fcs,ii,
3,regular,2025-09-13 21:00:00+00:00,Nevada,Middle Tennessee,13,14,True,False,False,Mountain West,Conference USA,fbs,fbs,
3,regular,2025-09-13 21:00:00+00:00,Minnesota Duluth,Minnesota State,17,14,True,False,True,Northern Sun,Northern Sun,ii,ii,
3,regular,2025-09-13 21:00:00+00:00,Pittsburg State,Grand Valley State,17,14,True,False,False,Mid America,GLIAC,ii,ii,
3,regular,2025-09-13 21:30:00+00:00,Lyon,Arkansas Baptist,19,20,True,False,False,Southern Collegiate Athletic,,iii,,
3,regular,2025-09-13 22:00:00+00:00,Robert Morris,West Liberty,28,14,True,False,False,NEC,Mountain East,fcs,ii,
3,regular,2025-09-13 22:00:00+00:00,Bryant,Bentley,42,6,True,False,False,Coastal Athletic,Northeast 10,fcs,ii,
3,regular,2025-09-13 22:00:00+00:00,Kennesaw State,Merrimack,27,13,True,False,False,Conference USA,FCS Independents,fbs,fcs,
3,regular,2025-09-13 22:00:00+00:00,Marshall,Eastern Kentucky,38,7,True,False,False,Sun Belt,UAC,fbs,fcs,
3,regular,2025-09-13 22:00:00+00:00,West Georgia,East Tennessee State,35,31,True,False,False,UAC,Southern,fcs,fcs,
3,regular,2025-09-13 22:00:00+00:00,Franklin Pierce,Pace,30,6,True,False,True,Northeast 10,Northeast 10,ii,ii,
3,regular,2025-09-13 22:00:00+00:00,Slippery Rock,Shepherd,35,28,True,False,True,Pennsylvania State Athletic,Pennsylvania State Athletic,ii,ii,
3,regular,2025-09-13 22:00:00+00:00,Catawba,UVA Wise,44,34,True,False,True,South Atlantic,South Atlantic,ii,ii,
3,regular,2025-09-13 22:00:00+00:00,Methodist,Guilford,40,42,True,False,False,USA South,Old Dominion,iii,iii,
3,regular,2025-09-13 22:00:00+00:00,Chattanooga,Stetson,63,0,True,False,False,Southern,Pioneer,fcs,fcs,
3,regular,2025-09-13 22:00:00+00:00,Mississippi State,Alcorn State,63,0,True,False,False,SEC,SWAC,fbs,fcs,
3,regular,2025-09-13 22:00:00+00:00,Allen,Lane College,29,21,True,False,True,SIAC,SIAC,ii,ii,
3,regular,2025-09-13 22:00:00+00:00,South Carolina State,Bethune-Cookman,55,41,True,False,False,MEAC,SWAC,fcs,fcs,
3,regular,2025-09-13 22:00:00+00:00,Arkansas-Pine Bluff,Lincoln (CA),34,8,True,False,False,SWAC,Independent DII,fcs,ii,
3,regular,2025-09-13 22:00:00+00:00,West Florida,Shorter,42,20,True,False,True,Gulf South,Carolinas,ii,ii,
3,regular,2025-09-13 22:00:00+00:00,Florida International,Florida Atlantic,38,28,True,False,False,Conference USA,American Athletic,fbs,fbs,
3,regular,2025-09-13 22:00:00+00:00,Saginaw Valley State,Northwood,14,38,True,False,False,GLIAC,Great Midwest Athletic,ii,ii,
3,regular,2025-09-13 22:00:00+00:00,Mercer,Wofford,22,21,True,False,True,Southern,Southern,fcs,fcs,
3,regular,2025-09-13 22:00:00+00:00,Charlotte,Monmouth,42,35,True,False,False,American Athletic,Coastal Athletic,fbs,fcs,
3,regular,2025-09-13 22:00:00+00:00,North Carolina Central,Fayetteville State,49,19,True,False,False,MEAC,CIAA,fcs,ii,
3,regular,2025-09-13 22:00:00+00:00,Maine,Stonehill,10,13,True,False,False,Coastal Athletic,NEC,fcs,fcs,
3,regular,2025-09-13 22:00:00+00:00,Ferris State,Tiffin,41,34,True,False,False,GLIAC,Great Midwest Athletic,ii,ii,
3,regular,2025-09-13 22:00:00+00:00,Hiram,Oberlin,58,21,True,False,True,Presidents',North Coast,iii,iii,
3,regular,2025-09-13 22:00:00+00:00,Averett,Southern Virginia,14,46,True,False,False,Old Dominion,USA South,iii,iii,
3,regular,2025-09-13 22:00:00+00:00,Wingate,Bluefield State,72,7,True,False,False,South Atlantic,CIAA,ii,ii,
3,regular,2025-09-13 22:00:00+00:00,Utica,Rensselaer,41,14,True,False,False,Empire 8,Liberty League,iii,iii,
3,regular,2025-09-13 22:00:00+00:00,Winston-Salem State,Lincoln (PA),51,14,True,False,True,CIAA,CIAA,ii,ii,
3,regular,2025-09-13 22:00:00+00:00,Lenoir Rhyne,Emory & Henry,31,28,True,False,True,South Atlantic,South Atlantic,ii,ii,
3,regular,2025-09-13 23:00:00+00:00,Texas Southern,Lamar,7,31,True,False,False,SWAC,Southland,fcs,fcs,
3,regular,2025-09-13 23:00:00+00:00,East Texas Baptist,Oklahoma Panhandle,28,0,True,False,False,American Southwest,Independent DII,iii,ii,
3,regular,2025-09-13 23:00:00+00:00,Bethel (MN),Northwestern (MN),50,3,True,False,False,Minnesota,Upper Midwest,iii,iii,
3,regular,2025-09-13 23:00:00+00:00,William Jewell,Kentucky Wesleyan,48,21,True,False,False,Great Lakes,Great Midwest Athletic,ii,ii,
3,regular,2025-09-13 23:00:00+00:00,Florida A&M,Albany State,33,25,True,False,False,SWAC,SIAC,fcs,ii,
3,regular,2025-09-13 23:00:00+00:00,UAlbany,New Haven,17,24,True,False,False,Coastal Athletic,NEC,fcs,fcs,
3,regular,2025-09-13 23:00:00+00:00,Western Illinois,Valparaiso,51,30,True,False,False,OVC-Big South,Pioneer,fcs,fcs,
3,regular,2025-09-13 23:00:00+00:00,North Alabama,Northeastern State,49,21,True,False,False,UAC,Independent DII,fcs,ii,
3,regular,2025-09-13 23:00:00+00:00,Georgia Southern,Jacksonville State,41,34,True,False,False,Sun Belt,Conference USA,fbs,fbs,
3,regular,2025-09-13 23:00:00+00:00,South Dakota State,Drake,37,21,True,False,False,MVFC,Pioneer,fcs,fcs,
3,regular,2025-09-13 23:00:00+00:00,Presbyterian,Erskine,42,14,True,False,False,Pioneer,Carolinas,fcs,ii,
3,regular,2025-09-13 23:00:00+00:00,SE Louisiana,Mississippi Valley State,56,3,True,False,False,Southland,SWAC,fcs,fcs,
3,regular,2025-09-13 23:00:00+00:00,UT Martin,Southern Illinois,10,37,True,False,False,OVC-Big South,MVFC,fcs,fcs,
3,regular,2025-09-13 23:00:00+00:00,Illinois,Western Michigan,38,0,True,False,False,Big Ten,Mid-American,fbs,fbs,
3,regular,2025-09-13 23:00:00+00:00,McNeese,Weber State,41,42,True,False,False,Southland,Big Sky,fcs,fcs,
3,regular,2025-09-13 23:00:00+00:00,Trine,Rose Hulman,27,10,True,False,False,Michigan,Heartland,iii,iii,
3,regular,2025-09-13 23:00:00+00:00,Trinity (TX),Belhaven,49,0,True,False,False,Southern Athletic,USA South,iii,iii,
3,regular,2025-09-13 23:00:00+00:00,Georgia State,Murray State,37,21,True,False,False,Sun Belt,MVFC,fbs,fcs,
3,regular,2025-09-13 23:00:00+00:00,Northern State,Wayne State (NE),26,7,True,False,True,Northern Sun,Northern Sun,ii,ii,
3,regular,2025-09-13 23:00:00+00:00,Austin Peay,Morehead State,56,7,True,False,False,UAC,Pioneer,fcs,fcs,
3,regular,2025-09-13 23:00:00+00:00,Virginia Tech,Old Dominion,26,45,True,False,False,ACC,Sun Belt,fbs,fbs,
3,regular,2025-09-13 23:00:00+00:00,Geneva,Shenandoah,28,29,True,False,False,Presidents',Old Dominion,iii,iii,
3,regular,2025-09-13 23:00:00+00:00,Benedictine (IL),Loras,20,13,True,False,False,NACC,American Rivers,iii,iii,
3,regular,2025-09-13 23:00:00+00:00,Arkansas Monticello,East Central,13,38,True,False,True,Great American,Great American,ii,ii,
3,regular,2025-09-13 23:00:00+00:00,Marietta,Otterbein,47,31,True,False,True,Ohio,Ohio,iii,iii,
3,regular,2025-09-13 23:00:00+00:00,Rhodes,Austin,31,17,True,False,False,Southern Athletic,Southern Collegiate Athletic,iii,iii,
3,regular,2025-09-13 23:00:00+00:00,Millsaps,Centenary (LA),56,14,True,False,False,Southern Athletic,Southern Collegiate Athletic,iii,iii,
3,regular,2025-09-13 23:00:00+00:00,Centre,DePauw,14,35,True,False,False,Southern Athletic,North Coast,iii,iii,
3,regular,2025-09-13 23:00:00+00:00,Rice,Prairie View A&M,38,17,True,False,False,American Athletic,SWAC,fbs,fcs,
3,regular,2025-09-13 23:00:00+00:00,North Greenville,Barton,41,28,True,False,False,Carolinas,Carolinas,ii,ii,
3,regular,2025-09-13 23:00:00+00:00,Newberry,Point University,49,0,True,False,False,South Atlantic,,ii,,
3,regular,2025-09-13 23:00:00+00:00,Gardner-Webb,The Citadel,23,13,True,False,False,OVC-Big South,Southern,fcs,fcs,
3,regular,2025-09-13 23:00:00+00:00,Missouri Western,Missouri S&T,27,10,True,False,False,Mid America,Great Lakes,ii,ii,
3,regular,2025-09-13 23:00:00+00:00,Southern Miss,App State,38,22,True,False,True,Sun Belt,Sun Belt,fbs,fbs,
3,regular,2025-09-13 23:00:00+00:00,Central Arkansas,Tarleton State,10,56,True,False,True,UAC,UAC,fcs,fcs,
3,regular,2025-09-13 23:00:00+00:00,Ole Miss,Arkansas,41,35,True,False,True,SEC,SEC,fbs,fbs,
3,regular,2025-09-13 23:00:00+00:00,Dubuque,Wisconsin Platteville,27,56,True,False,False,American Rivers,Wisconsin,iii,iii,
3,regular,2025-09-13 23:00:00+00:00,Hardin Simmons,McMurry,24,19,True,False,False,American Southwest,Southern Collegiate Athletic,iii,iii,
3,regular,2025-09-13 23:00:00+00:00,Texas Lutheran,Howard Payne,18,28,True,False,False,Southern Collegiate Athletic,American Southwest,iii,iii,
3,regular,2025-09-13 23:00:00+00:00,Grambling,Kentucky State,37,31,True,False,False,SWAC,SIAC,fcs,ii,
3,regular,2025-09-13 23:00:00+00:00,North Carolina A&T,Hampton,33,30,True,False,True,Coastal Athletic,Coastal Athletic,fcs,fcs,
3,regular,2025-09-13 23:00:00+00:00,Ohio State,Ohio,37,9,True,False,False,Big Ten,Mid-American,fbs,fbs,
3,regular,2025-09-13 23:30:00+00:00,LaGrange,Berry,0,48,True,False,False,USA South,Southern Athletic,iii,iii,
3,regular,2025-09-13 23:30:00+00:00,Coastal Carolina,East Carolina,0,38,True,False,False,Sun Belt,American Athletic,fbs,fbs,
3,regular,2025-09-13 23:30:00+00:00,Iowa,Massachusetts,47,7,True,False,False,Big Ten,Mid-American,fbs,fbs,
3,regular,2025-09-13 23:30:00+00:00,LSU,Florida,20,10,True,False,True,SEC,SEC,fbs,fbs,
3,regular,2025-09-13 23:30:00+00:00,Notre Dame,Texas A&M,40,41,True,False,False,FBS Independents,SEC,fbs,fbs,
3,regular,2025-09-13 23:30:00+00:00,Louisiana Tech,New Mexico State,49,14,True,False,True,Conference USA,Conference USA,fbs,fbs,
3,regular,2025-09-13 23:30:00+00:00,Kentucky,Eastern Michigan,48,23,True,False,False,SEC,Mid-American,fbs,fbs,
3,regular,2025-09-13 23:45:00+00:00,South Carolina,Vanderbilt,7,31,True,False,True,SEC,SEC,fbs,fbs,
3,regular,2025-09-14 00:00:00+00:00,UT Rio Grande Valley,Langston,80,0,True,False,False,Southland,,fcs,,
3,regular,2025-09-14 00:00:00+00:00,Tulsa,Navy,23,42,True,False,True,American Athletic,American Athletic,fbs,fbs,
3,regular,2025-09-14 00:00:00+00:00,TCU,Abilene Christian,42,21,True,False,False,Big 12,UAC,fbs,fcs,
3,regular,2025-09-14 00:00:00+00:00,Wyoming,Utah,6,31,True,False,False,Mountain West,Big 12,fbs,fbs,
3,regular,2025-09-14 00:00:00+00:00,Cal Poly,Western Oregon,56,7,True,False,False,Big Sky,Lone Star,fcs,ii,
3,regular,2025-09-14 00:00:00+00:00,Fort Hays,Nebraska Kearney,26,7,True,False,True,Mid America,Mid America,ii,ii,
3,regular,2025-09-14 00:00:00+00:00,Ouachita Baptist,Southeastern Oklahoma State,41,21,True,False,True,Great American,Great American,ii,ii,
3,regular,2025-09-14 00:00:00+00:00,Western New Mexico,West Texas,27,58,True,False,True,Lone Star,Lone Star,ii,ii,
3,regular,2025-09-14 00:00:00+00:00,Oklahoma Baptist,Henderson State,14,28,True,False,True,Great American,Great American,ii,ii,
3,regular,2025-09-14 00:00:00+00:00,Chadron State,Black Hills State,31,28,True,False,True,Rocky Mountain,Rocky Mountain,ii,ii,
3,regular,2025-09-14 00:00:00+00:00,Tulane,Duke,34,27,True,False,False,American Athletic,ACC,fbs,fbs,
3,regular,2025-09-14 00:00:00+00:00,Southwestern U,Puget Sound,51,43,True,False,False,Southern Athletic,Northwest,iii,iii,
3,regular,2025-09-14 00:00:00+00:00,Stephen F. Austin,Sul Ross State,63,0,True,False,False,Southland,Lone Star,fcs,ii,
3,regular,2025-09-14 00:00:00+00:00,Eastern New Mexico,Angelo State,20,31,True,False,True,Lone Star,Lone Star,ii,ii,
3,regular,2025-09-14 00:00:00+00:00,Westminster (MO),Eureka,29,6,True,False,False,Upper Midwest,NACC,iii,iii,
3,regular,2025-09-14 00:30:00+00:00,UAB,Akron,31,28,True,False,False,American Athletic,Mid-American,fbs,fbs,
3,regular,2025-09-14 00:30:00+00:00,Southern Utah,Northern Arizona,49,52,True,False,False,UAC,Big Sky,fcs,fcs,
3,regular,2025-09-14 01:00:00+00:00,Sacramento State,Mercyhurst,49,28,True,False,False,Big Sky,NEC,fcs,fcs,
3,regular,2025-09-14 01:45:00+00:00,Utah State,Air Force,49,30,True,False,True,Mountain West,Mountain West,fbs,fbs,
3,regular,2025-09-14 02:00:00+00:00,Fresno State,Southern,56,7,True,False,False,Mountain West,SWAC,fbs,fcs,
3,regular,2025-09-14 02:30:00+00:00,California,Minnesota,27,14,True,False,False,ACC,Big Ten,fbs,fbs,
3,regular,2025-09-14 02:30:00+00:00,Arizona State,Texas State,34,15,True,False,False,Big 12,Sun Belt,fbs,fbs,
3,regular,2025-09-14 02:30:00+00:00,Stanford,Boston College,30,20,True,False,True,ACC,ACC,fbs,fbs,
3,regular,2025-09-14 03:59:00+00:00,Hawai'i,Portland State,23,3,True,False,False,Mountain West,Big Sky,fbs,fcs,
4,regular,2025-09-18 23:00:00+00:00,Benedict,Tuskegee,45,24,True,False,True,SIAC,SIAC,ii,ii,
4,regular,2025-09-18 23:30:00+00:00,Charlotte,Rice,17,28,True,False,True,American Athletic,American Athletic,fbs,fbs,
4,regular,2025-09-19 22:00:00+00:00,Lafayette,Columbia,38,14,True,False,False,Patriot,Ivy,fcs,fcs,
4,regular,2025-09-19 22:00:00+00:00,Assumption,Saint Anselm,30,8,True,False,True,Northeast 10,Northeast 10,ii,ii,
4,regular,2025-09-19 23:30:00+00:00,Oklahoma State,Tulsa,12,19,True,False,False,Big 12,American Athletic,fbs,fbs,
4,regular,2025-09-20 00:00:00+00:00,Rutgers,Iowa,28,38,True,False,True,Big Ten,Big Ten,fbs,fbs,
4,regular,2025-09-20 16:00:00+00:00,Kutztown,Gannon,46,7,True,False,True,Pennsylvania State Athletic,Pennsylvania State Athletic,ii,ii,
4,regular,2025-09-20 16:00:00+00:00,Mary Hardin Baylor,Wisconsin Whitewater,6,26,True,False,False,American Southwest,Wisconsin,iii,iii,
4,regular,2025-09-20 16:00:00+00:00,North Carolina Wesleyan,Sewanee,0,33,True,False,False,USA South,Southern Athletic,iii,iii,
4,regular,2025-09-20 16:00:00+00:00,Bridgewater State,Plymouth State,21,42,True,False,True,MSCAC,MSCAC,iii,iii,
4,regular,2025-09-20 16:00:00+00:00,Clemson,Syracuse,21,34,True,False,True,ACC,ACC,fbs,fbs,
4,regular,2025-09-20 16:00:00+00:00,Framingham State,UMass Dartmouth,14,10,True,False,True,MSCAC,MSCAC,iii,iii,
4,regular,2025-09-20 16:00:00+00:00,Endicott,SUNY Maritime,41,7,True,False,False,Commonwealth Coast,NEWMAC,iii,iii,
4,regular,2025-09-20 16:00:00+00:00,Yale,Holy Cross,28,10,True,False,False,Ivy,Patriot,fcs,fcs,
4,regular,2025-09-20 16:00:00+00:00,Dean,Westfield State,6,48,True,False,False,MSCAC,MSCAC,iii,iii,
4,regular,2025-09-20 16:00:00+00:00,Howard Payne,Wayland Baptist,18,21,True,False,False,American Southwest,,iii,,
4,regular,2025-09-20 16:00:00+00:00,Rensselaer,Brockport,30,24,True,False,False,Liberty League,Empire 8,iii,iii,
4,regular,2025-09-20 16:00:00+00:00,Shorter,Virginia Lynchburg,57,20,True,False,False,Carolinas,,ii,,
4,regular,2025-09-20 16:00:00+00:00,Northwood,Thomas More,10,6,True,False,True,Great Midwest Athletic,Great Midwest Athletic,ii,ii,
4,regular,2025-09-20 16:00:00+00:00,California (PA),Lock Haven,42,6,True,False,True,Pennsylvania State Athletic,Pennsylvania State Athletic,ii,ii,
4,regular,2025-09-20 16:00:00+00:00,Albright,Delaware Valley,28,35,True,False,True,Mid Atlantic,Mid Atlantic,iii,iii,
4,regular,2025-09-20 16:00:00+00:00,Wisconsin,Maryland,10,27,True,False,True,Big Ten,Big Ten,fbs,fbs,
4,regular,2025-09-20 16:00:00+00:00,Wilkes,Muhlenberg,18,26,True,False,False,Landmark Conference,Centennial,iii,iii,
4,regular,2025-09-20 16:00:00+00:00,Pace,Post,19,27,True,False,True,Northeast 10,Northeast 10,ii,ii,
4,regular,2025-09-20 16:00:00+00:00,Fitchburg State,New England College,48,0,True,False,False,MSCAC,,iii,,
4,regular,2025-09-20 16:00:00+00:00,Albion,Rose Hulman,25,17,True,False,False,Michigan,Heartland,iii,iii,
4,regular,2025-09-20 16:00:00+00:00,Carnegie Mellon,Berry,17,9,True,False,False,Presidents',Southern Athletic,iii,iii,
4,regular,2025-09-20 16:00:00+00:00,Vermont State Castleton,New England,8,35,True,False,False,New Jersey,Commonwealth Coast,iii,iii,
4,regular,2025-09-20 16:00:00+00:00,Memphis,Arkansas,32,31,True,False,False,American Athletic,SEC,fbs,fbs,
4,regular,2025-09-20 16:00:00+00:00,TCU,SMU,35,24,True,False,False,Big 12,ACC,fbs,fbs,
4,regular,2025-09-20 16:00:00+00:00,Princeton,San Diego,35,42,True,False,False,Ivy,Pioneer,fcs,fcs,
4,regular,2025-09-20 16:00:00+00:00,Morgan State,Central State,27,0,True,False,False,MEAC,SIAC,fcs,ii,
4,regular,2025-09-20 16:00:00+00:00,Virginia Tech,Wofford,38,6,True,False,False,ACC,Southern,fbs,fcs,
4,regular,2025-09-20 16:00:00+00:00,Brown,Georgetown,46,0,True,False,False,Ivy,Patriot,fcs,fcs,
4,regular,2025-09-20 16:00:00+00:00,Western New England,Worcester State,48,13,True,False,False,Commonwealth Coast,MSCAC,iii,iii,
4,regular,2025-09-20 16:00:00+00:00,Miami (OH),UNLV,38,41,True,False,False,Mid-American,Mountain West,fbs,fbs,
4,regular,2025-09-20 16:00:00+00:00,Army,North Texas,38,45,True,False,True,American Athletic,American Athletic,fbs,fbs,
4,regular,2025-09-20 16:00:00+00:00,South Florida,South Carolina State,63,14,True,False,False,American Athletic,MEAC,fbs,fcs,
4,regular,2025-09-20 16:00:00+00:00,Ohio Dominican,Tiffin,20,14,True,False,True,Great Midwest Athletic,Great Midwest Athletic,ii,ii,
4,regular,2025-09-20 16:00:00+00:00,Utah,Texas Tech,10,34,True,False,True,Big 12,Big 12,fbs,fbs,
4,regular,2025-09-20 16:00:00+00:00,Louisville,Bowling Green,40,17,True,False,False,ACC,Mid-American,fbs,fbs,
4,regular,2025-09-20 16:30:00+00:00,Olivet,Bluffton,28,37,True,False,False,Michigan,Heartland,iii,iii,
4,regular,2025-09-20 16:30:00+00:00,Belhaven,Wisconsin River Falls,0,65,True,False,False,USA South,Wisconsin,iii,iii,
4,regular,2025-09-20 16:45:00+00:00,Tennessee,UAB,56,24,True,False,False,SEC,American Athletic,fbs,fbs,
4,regular,2025-09-20 17:00:00+00:00,Amherst,Hamilton,23,13,True,False,True,NESCAC,NESCAC,iii,iii,
4,regular,2025-09-20 17:00:00+00:00,Lincoln (PA),Shaw,21,36,True,False,True,CIAA,CIAA,ii,ii,
4,regular,2025-09-20 17:00:00+00:00,Gallaudet,Averett,39,30,True,False,False,Old Dominion,Old Dominion,iii,iii,
4,regular,2025-09-20 17:00:00+00:00,Elizabeth City State,Fayetteville State,8,51,True,False,True,CIAA,CIAA,ii,ii,
4,regular,2025-09-20 17:00:00+00:00,Ashland,Hillsdale,26,9,True,False,True,Great Midwest Athletic,Great Midwest Athletic,ii,ii,
4,regular,2025-09-20 17:00:00+00:00,Waynesburg,Hiram,35,27,True,False,False,Presidents',Presidents',iii,iii,
4,regular,2025-09-20 17:00:00+00:00,LaGrange,Centre,20,6,True,False,False,USA South,Southern Athletic,iii,iii,
4,regular,2025-09-20 17:00:00+00:00,John Carroll,Oberlin,63,0,True,False,False,Ohio,North Coast,iii,iii,
4,regular,2025-09-20 17:00:00+00:00,Moravian,Ursinus,7,35,True,False,False,Landmark Conference,Centennial,iii,iii,
4,regular,2025-09-20 17:00:00+00:00,St. Lawrence,Alfred,13,35,True,False,False,Liberty League,Empire 8,iii,iii,
4,regular,2025-09-20 17:00:00+00:00,Lebanon Valley,Eastern,24,21,True,False,True,Mid Atlantic,Mid Atlantic,iii,iii,
4,regular,2025-09-20 17:00:00+00:00,Middlebury,Bowdoin,31,10,True,False,True,NESCAC,NESCAC,iii,iii,
4,regular,2025-09-20 17:00:00+00:00,King's,FDU Florham,27,21,True,False,True,Mid Atlantic,Mid Atlantic,iii,iii,
4,regular,2025-09-20 17:00:00+00:00,Williams,Colby,38,0,True,False,True,NESCAC,NESCAC,iii,iii,
4,regular,2025-09-20 17:00:00+00:00,Rochester (NY),St. John Fisher,28,21,True,False,False,Liberty League,Empire 8,iii,iii,
4,regular,2025-09-20 17:00:00+00:00,Stonehill,Pennsylvania,21,24,True,False,False,NEC,Ivy,fcs,fcs,
4,regular,2025-09-20 17:00:00+00:00,Stetson,Harvard,7,59,True,False,False,Pioneer,Ivy,fcs,fcs,
4,regular,2025-09-20 17:00:00+00:00,Keystone,Southern Virginia,0,42,True,False,False,Independent DIII,USA South,iii,iii,
4,regular,2025-09-20 17:00:00+00:00,Charleston (WV),Concord,38,24,True,False,True,Mountain East,Mountain East,ii,ii,
4,regular,2025-09-20 17:00:00+00:00,Dartmouth,New Hampshire,27,20,True,False,False,Ivy,Coastal Athletic,fcs,fcs,
4,regular,2025-09-20 17:00:00+00:00,Saint Francis,Delaware State,10,39,True,False,False,NEC,MEAC,fcs,fcs,
4,regular,2025-09-20 17:00:00+00:00,Central Michigan,Wagner,49,10,True,False,False,Mid-American,NEC,fbs,fcs,
4,regular,2025-09-20 17:00:00+00:00,Morehouse,Kentucky State,17,35,True,False,True,SIAC,SIAC,ii,ii,
4,regular,2025-09-20 17:00:00+00:00,Winston-Salem State,Virginia State,33,34,True,False,True,CIAA,CIAA,ii,ii,
4,regular,2025-09-20 17:00:00+00:00,New Haven,Saginaw Valley State,35,28,True,False,False,NEC,GLIAC,fcs,ii,
4,regular,2025-09-20 17:00:00+00:00,Mass Maritime,Anna Maria College,27,33,True,False,False,MSCAC,MSCAC,iii,iii,
4,regular,2025-09-20 17:00:00+00:00,Nebraska Kearney,Emporia State,34,20,True,False,True,Mid America,Mid America,ii,ii,
4,regular,2025-09-20 17:00:00+00:00,Northern Michigan,Davenport,16,35,True,False,True,GLIAC,GLIAC,ii,ii,
4,regular,2025-09-20 17:00:00+00:00,Carson Newman,Lenoir Rhyne,24,7,True,False,True,South Atlantic,South Atlantic,ii,ii,
4,regular,2025-09-20 17:00:00+00:00,Wisconsin Platteville,Springfield,28,12,True,False,False,Wisconsin,NEWMAC,iii,iii,
4,regular,2025-09-20 17:00:00+00:00,Union,SUNY Morrisville,31,7,True,False,False,Liberty League,Empire 8,iii,iii,
4,regular,2025-09-20 17:00:00+00:00,Kentucky Wesleyan,Walsh,7,31,True,False,True,Great Midwest Athletic,Great Midwest Athletic,ii,ii,
4,regular,2025-09-20 17:00:00+00:00,Presbyterian,BLUEFIELD,76,3,True,False,False,Pioneer,,fcs,,
4,regular,2025-09-20 17:00:00+00:00,Fairmont State,Wheeling,28,35,True,False,True,Mountain East,Mountain East,ii,ii,
4,regular,2025-09-20 17:00:00+00:00,Trinity (CT),Bates,30,13,True,False,True,NESCAC,NESCAC,iii,iii,
4,regular,2025-09-20 17:00:00+00:00,Frostburg State,West Liberty,21,7,True,False,True,Mountain East,Mountain East,ii,ii,
4,regular,2025-09-20 17:00:00+00:00,West Virginia Wesleyan,West Virginia State,16,45,True,False,True,Mountain East,Mountain East,ii,ii,
4,regular,2025-09-20 17:00:00+00:00,Minnesota St Moorhead,Wayne State (NE),17,27,True,False,True,Northern Sun,Northern Sun,ii,ii,
4,regular,2025-09-20 17:00:00+00:00,Monmouth,Villanova,51,33,True,False,True,Coastal Athletic,Coastal Athletic,fcs,fcs,
4,regular,2025-09-20 17:00:00+00:00,Clarion,Shepherd,51,38,True,False,True,Pennsylvania State Athletic,Pennsylvania State Athletic,ii,ii,
4,regular,2025-09-20 17:00:00+00:00,Mars Hill,Anderson (SC),21,14,True,False,True,South Atlantic,South Atlantic,ii,ii,
4,regular,2025-09-20 17:00:00+00:00,Hobart,Utica,20,17,True,False,False,Liberty League,Empire 8,iii,iii,
4,regular,2025-09-20 17:00:00+00:00,Franklin & Marshall,Catholic,42,7,True,False,False,Centennial,Landmark Conference,iii,iii,
4,regular,2025-09-20 17:00:00+00:00,Susquehanna,Johns Hopkins,22,40,True,False,False,Landmark Conference,Centennial,iii,iii,
4,regular,2025-09-20 17:00:00+00:00,Western Connecticut State,Gettysburg,55,21,True,False,False,Landmark Conference,Centennial,iii,iii,
4,regular,2025-09-20 17:00:00+00:00,Hampden Sydney,Shenandoah,42,7,True,False,True,Old Dominion,Old Dominion,iii,iii,
4,regular,2025-09-20 17:00:00+00:00,Lycoming,Dickinson,29,52,True,False,False,Landmark Conference,Centennial,iii,iii,
4,regular,2025-09-20 17:00:00+00:00,William Paterson,Salve Regina,12,24,True,False,False,New Jersey,NEWMAC,iii,iii,
4,regular,2025-09-20 17:00:00+00:00,Alvernia,Stevenson,13,35,True,False,True,Mid Atlantic,Mid Atlantic,iii,iii,
4,regular,2025-09-20 17:00:00+00:00,Husson,WPI,13,15,True,False,False,Commonwealth Coast,NEWMAC,iii,iii,
4,regular,2025-09-20 17:00:00+00:00,Colgate,Fordham,44,21,True,False,True,Patriot,Patriot,fcs,fcs,
4,regular,2025-09-20 17:00:00+00:00,Alma,Hanover,23,24,True,False,False,Michigan,Heartland,iii,iii,
4,regular,2025-09-20 17:00:00+00:00,Hope,Mount St Joseph,31,28,True,False,False,Michigan,Heartland,iii,iii,
4,regular,2025-09-20 17:00:00+00:00,Widener,Misericordia,7,21,True,False,True,Mid Atlantic,Mid Atlantic,iii,iii,
4,regular,2025-09-20 17:00:00+00:00,DePauw,Kenyon,35,14,True,False,True,North Coast,North Coast,iii,iii,
4,regular,2025-09-20 17:00:00+00:00,Southern Connecticut State,American International,10,3,True,False,True,Northeast 10,Northeast 10,ii,ii,
4,regular,2025-09-20 17:00:00+00:00,Crown,Minnesota Morris,30,20,True,False,True,Upper Midwest,Upper Midwest,iii,iii,
4,regular,2025-09-20 17:00:00+00:00,Illinois State,North Alabama,38,36,True,False,False,MVFC,UAC,fcs,fcs,
4,regular,2025-09-20 17:15:00+00:00,Trine,Franklin,35,27,True,False,False,Michigan,Heartland,iii,iii,
4,regular,2025-09-20 17:30:00+00:00,Capital,Baldwin Wallace,7,44,True,False,True,Ohio,Ohio,iii,iii,
4,regular,2025-09-20 17:30:00+00:00,Coast Guard,Nichols,92,60,True,False,False,NEWMAC,Commonwealth Coast,iii,iii,
4,regular,2025-09-20 17:30:00+00:00,Muskingum,Wilmington (OH),56,49,True,False,True,Ohio,Ohio,iii,iii,
4,regular,2025-09-20 18:00:00+00:00,St. Scholastica,Augsburg,23,30,True,False,True,Minnesota,Minnesota,iii,iii,
4,regular,2025-09-20 18:00:00+00:00,Carroll (WI),Washington St. Louis,29,41,True,False,True,CCIW,CCIW,iii,iii,
4,regular,2025-09-20 18:00:00+00:00,South Dakota,Drake,42,21,True,False,False,MVFC,Pioneer,fcs,fcs,
4,regular,2025-09-20 18:00:00+00:00,Winona State,Minot State,35,25,True,False,True,Northern Sun,Northern Sun,ii,ii,
4,regular,2025-09-20 18:00:00+00:00,IU Pennsylvania,Millersville,70,24,True,False,True,Pennsylvania State Athletic,Pennsylvania State Athletic,ii,ii,
4,regular,2025-09-20 18:00:00+00:00,West Chester,Seton Hill,34,16,True,False,True,Pennsylvania State Athletic,Pennsylvania State Athletic,ii,ii,
4,regular,2025-09-20 18:00:00+00:00,Jamestown,Minnesota State,7,36,True,True,False,Northern Sun,Northern Sun,ii,ii,
4,regular,2025-09-20 18:00:00+00:00,Sioux Falls,Minnesota Duluth,17,34,True,False,True,Northern Sun,Northern Sun,ii,ii,
4,regular,2025-09-20 18:00:00+00:00,Greenville,Lyon,0,0,True,False,False,Upper Midwest,Southern Collegiate Athletic,iii,iii,
4,regular,2025-09-20 18:00:00+00:00,Robert Morris,Dayton,14,17,True,False,False,NEC,Pioneer,fcs,fcs,
4,regular,2025-09-20 18:00:00+00:00,Bridgewater,Randolph Macon,3,27,True,False,True,Old Dominion,Old Dominion,iii,iii,
4,regular,2025-09-20 18:00:00+00:00,Hardin Simmons,Louisiana Christian,52,17,True,False,False,American Southwest,,iii,,
4,regular,2025-09-20 18:00:00+00:00,Hilbert,Ithaca,3,65,True,False,False,Empire 8,Liberty League,iii,iii,
4,regular,2025-09-20 18:00:00+00:00,Wisconsin Oshkosh,Roosevelt,38,21,True,False,False,Wisconsin,GLIAC,iii,ii,
4,regular,2025-09-20 18:00:00+00:00,Wisconsin La Crosse,Wayne State (MI),31,22,True,False,False,Wisconsin,GLIAC,iii,ii,
4,regular,2025-09-20 18:00:00+00:00,Dubuque,Loras,34,27,True,False,True,American Rivers,American Rivers,iii,iii,
4,regular,2025-09-20 18:00:00+00:00,Norwich,Maine Maritime,63,0,True,False,False,NEWMAC,Commonwealth Coast,iii,iii,
4,regular,2025-09-20 18:00:00+00:00,Aurora,Benedictine (IL),35,36,True,False,True,NACC,NACC,iii,iii,
4,regular,2025-09-20 18:00:00+00:00,Wooster,Wabash,7,34,True,False,True,North Coast,North Coast,iii,iii,
4,regular,2025-09-20 18:00:00+00:00,Hamline,Saint John's (MN),0,58,True,False,True,Minnesota,Minnesota,iii,iii,
4,regular,2025-09-20 18:00:00+00:00,Illinois Wesleyan,Elmhurst,42,6,True,False,True,CCIW,CCIW,iii,iii,
4,regular,2025-09-20 18:00:00+00:00,Gustavus Adolphus,Bethel (MN),7,41,True,False,True,Minnesota,Minnesota,iii,iii,
4,regular,2025-09-20 18:00:00+00:00,The Citadel,Mercer,0,38,True,False,True,Southern,Southern,fcs,fcs,
4,regular,2025-09-20 18:00:00+00:00,Rockford,Eureka,20,40,True,False,True,NACC,NACC,iii,iii,
4,regular,2025-09-20 18:00:00+00:00,Ripon,Grinnell,30,20,True,False,True,Midwest,Midwest,iii,iii,
4,regular,2025-09-20 18:00:00+00:00,Chicago,Illinois College,24,21,True,False,True,Midwest,Midwest,iii,iii,
4,regular,2025-09-20 18:00:00+00:00,Richmond,VMI,38,14,True,False,False,Patriot,Southern,fcs,fcs,
4,regular,2025-09-20 18:00:00+00:00,Bloomsburg,Edinboro,34,18,True,False,True,Pennsylvania State Athletic,Pennsylvania State Athletic,ii,ii,
4,regular,2025-09-20 18:00:00+00:00,Hendrix,Millsaps,19,41,True,False,True,Southern Athletic,Southern Athletic,iii,iii,
4,regular,2025-09-20 18:00:00+00:00,Simpson (IA),Wartburg,13,27,True,False,True,American Rivers,American Rivers,iii,iii,
4,regular,2025-09-20 18:00:00+00:00,Lake Erie,Findlay,3,33,True,False,True,Great Midwest Athletic,Great Midwest Athletic,ii,ii,
4,regular,2025-09-20 18:00:00+00:00,Luther,Central College,26,63,True,False,True,American Rivers,American Rivers,iii,iii,
4,regular,2025-09-20 18:00:00+00:00,Carleton,Macalester,51,7,True,False,True,Minnesota,Minnesota,iii,iii,
4,regular,2025-09-20 18:00:00+00:00,Huntingdon,McMurry,52,46,True,False,False,USA South,Southern Collegiate Athletic,iii,iii,
4,regular,2025-09-20 18:00:00+00:00,St. Olaf,Concordia (MN),17,16,True,False,True,Minnesota,Minnesota,iii,iii,
4,regular,2025-09-20 18:00:00+00:00,Coe,Nebraska Wesleyan,62,14,True,False,True,American Rivers,American Rivers,iii,iii,
4,regular,2025-09-20 18:00:00+00:00,Concordia Chicago,St. Norbert,28,59,True,False,True,NACC,NACC,iii,iii,
4,regular,2025-09-20 18:00:00+00:00,McDaniel,Juniata,24,7,True,False,False,Centennial,Landmark Conference,iii,iii,
4,regular,2025-09-20 18:00:00+00:00,Colorado School of Mines,Chadron State,28,34,True,False,True,Rocky Mountain,Rocky Mountain,ii,ii,
4,regular,2025-09-20 18:00:00+00:00,Fort Lewis,Black Hills State,19,25,True,False,True,Rocky Mountain,Rocky Mountain,ii,ii,
4,regular,2025-09-20 18:00:00+00:00,Wisconsin Eau Claire,Martin Luther,42,6,True,False,False,Wisconsin,Upper Midwest,iii,iii,
4,regular,2025-09-20 18:00:00+00:00,Lawrence,Cornell (IA),0,20,True,False,True,Midwest,Midwest,iii,iii,
4,regular,2025-09-20 18:00:00+00:00,Southwest Minnesota State,University of Mary,9,40,True,False,True,Northern Sun,Northern Sun,ii,ii,
4,regular,2025-09-20 18:00:00+00:00,North Central College,Carthage,62,0,True,False,True,CCIW,CCIW,iii,iii,
4,regular,2025-09-20 18:00:00+00:00,Tusculum,Emory & Henry,13,34,True,False,True,South Atlantic,South Atlantic,ii,ii,
4,regular,2025-09-20 18:00:00+00:00,Lake Forest,Monmouth (IL),6,49,True,False,True,Midwest,Midwest,iii,iii,
4,regular,2025-09-20 18:00:00+00:00,Bemidji State,Augustana (SD),14,42,True,False,True,Northern Sun,Northern Sun,ii,ii,
4,regular,2025-09-20 18:30:00+00:00,Western Carolina,Samford,50,35,True,False,True,Southern,Southern,fcs,fcs,
4,regular,2025-09-20 19:00:00+00:00,Whitworth,Redlands,17,34,True,False,False,Northwest,So. Cal.,iii,iii,
4,regular,2025-09-20 19:00:00+00:00,Pacific Lutheran,Trinity (TX),8,45,True,False,False,Northwest,Southern Athletic,iii,iii,
4,regular,2025-09-20 19:00:00+00:00,Ferris State,University of Rio Grande,76,0,True,False,False,GLIAC,,ii,,
4,regular,2025-09-20 19:00:00+00:00,Montana State,Mercyhurst,17,0,True,False,False,Big Sky,NEC,fcs,fcs,
4,regular,2025-09-20 19:00:00+00:00,Oregon,Oregon State,41,7,True,False,False,Big Ten,Pac-12,fbs,fbs,
4,regular,2025-09-20 19:00:00+00:00,Hartwick,SUNY Cortland,9,59,True,False,True,Empire 8,Empire 8,iii,iii,
4,regular,2025-09-20 19:00:00+00:00,Fort Valley State,Delta State,16,21,True,False,False,SIAC,Gulf South,ii,ii,
4,regular,2025-09-20 19:00:00+00:00,Miles,Savannah State,19,45,True,False,True,SIAC,SIAC,ii,ii,
4,regular,2025-09-20 19:00:00+00:00,Adrian,Manchester,57,0,True,False,False,Michigan,Heartland,iii,iii,
4,regular,2025-09-20 19:00:00+00:00,La Verne,Willamette,14,29,True,False,False,So. Cal.,Northwest,iii,iii,
4,regular,2025-09-20 19:00:00+00:00,Bethune-Cookman,Edward Waters,35,9,True,False,False,SWAC,SIAC,fcs,ii,
4,regular,2025-09-20 19:00:00+00:00,New Mexico Highlands,South Dakota Mines,48,42,True,False,True,Rocky Mountain,Rocky Mountain,ii,ii,
4,regular,2025-09-20 19:00:00+00:00,Montana,Indiana State,63,20,True,False,False,Big Sky,MVFC,fcs,fcs,
4,regular,2025-09-20 19:00:00+00:00,Bentley,Franklin Pierce,21,35,True,False,True,Northeast 10,Northeast 10,ii,ii,
4,regular,2025-09-20 19:30:00+00:00,Notre Dame,Purdue,56,30,True,False,False,FBS Independents,Big Ten,fbs,fbs,
4,regular,2025-09-20 19:30:00+00:00,UCF,North Carolina,34,9,True,False,False,Big 12,ACC,fbs,fbs,
4,regular,2025-09-20 19:30:00+00:00,Liberty,James Madison,13,31,True,False,False,Conference USA,Sun Belt,fbs,fbs,
4,regular,2025-09-20 19:30:00+00:00,Nebraska,Michigan,27,30,True,False,True,Big Ten,Big Ten,fbs,fbs,
4,regular,2025-09-20 19:30:00+00:00,Ohio,Gardner-Webb,52,35,True,False,False,Mid-American,OVC-Big South,fbs,fcs,
4,regular,2025-09-20 19:30:00+00:00,Ole Miss,Tulane,45,10,True,False,False,SEC,American Athletic,fbs,fbs,
4,regular,2025-09-20 19:30:00+00:00,Florida State,Kent State,66,10,True,False,False,ACC,Mid-American,fbs,fbs,
4,regular,2025-09-20 19:30:00+00:00,Buffalo,Troy,17,21,True,False,False,Mid-American,Sun Belt,fbs,fbs,
4,regular,2025-09-20 19:30:00+00:00,Northern State,Concordia St. Paul,31,10,True,False,True,Northern Sun,Northern Sun,ii,ii,
4,regular,2025-09-20 19:30:00+00:00,Eastern Michigan,Louisiana,34,31,True,False,False,Mid-American,Sun Belt,fbs,fbs,
4,regular,2025-09-20 19:30:00+00:00,UConn,Ball State,31,25,True,False,False,FBS Independents,Mid-American,fbs,fbs,
4,regular,2025-09-20 19:30:00+00:00,Western Michigan,Toledo,14,13,True,False,True,Mid-American,Mid-American,fbs,fbs,
4,regular,2025-09-20 19:30:00+00:00,Oklahoma,Auburn,24,17,True,False,True,SEC,SEC,fbs,fbs,
4,regular,2025-09-20 20:00:00+00:00,Linfield,Chapman,28,13,True,False,False,Northwest,So. Cal.,iii,iii,
4,regular,2025-09-20 20:00:00+00:00,Norfolk State,Sacred Heart,28,31,True,False,False,MEAC,FCS Independents,fcs,fcs,
4,regular,2025-09-20 20:00:00+00:00,Washington and Lee,Guilford,35,7,True,False,True,Old Dominion,Old Dominion,iii,iii,
4,regular,2025-09-20 20:00:00+00:00,Livingstone,Bowie State,17,16,True,False,True,CIAA,CIAA,ii,ii,
4,regular,2025-09-20 20:00:00+00:00,Pomona Pitzer,Lewis & Clark,3,21,True,False,False,So. Cal.,Northwest,iii,iii,
4,regular,2025-09-20 20:00:00+00:00,Michigan Tech,Upper Iowa,14,21,True,False,False,GLIAC,Great Lakes,ii,ii,
4,regular,2025-09-20 20:00:00+00:00,Brevard,Erskine,38,34,True,False,False,USA South,Carolinas,iii,ii,
4,regular,2025-09-20 20:00:00+00:00,Puget Sound,Cal Lutheran,28,55,True,False,False,Northwest,So. Cal.,iii,iii,
4,regular,2025-09-20 20:00:00+00:00,North Dakota,Valparaiso,58,7,True,False,False,MVFC,Pioneer,fcs,fcs,
4,regular,2025-09-20 20:00:00+00:00,Duke,NC State,45,33,True,False,True,ACC,ACC,fbs,fbs,
4,regular,2025-09-20 20:00:00+00:00,Colorado Mesa,CSU Pueblo,24,31,True,False,True,Rocky Mountain,Rocky Mountain,ii,ii,
4,regular,2025-09-20 20:00:00+00:00,George Fox,Claremont Mudd Scripps,21,28,True,False,False,Northwest,So. Cal.,iii,iii,
4,regular,2025-09-20 20:00:00+00:00,William & Mary,Charleston Southern,34,7,True,False,False,Coastal Athletic,OVC-Big South,fcs,fcs,
4,regular,2025-09-20 20:00:00+00:00,Howard,Hampton,34,7,True,True,False,MEAC,Coastal Athletic,fcs,fcs,
4,regular,2025-09-20 20:00:00+00:00,North Carolina A&T,North Carolina Central,20,62,True,False,False,Coastal Athletic,MEAC,fcs,fcs,
4,regular,2025-09-20 20:05:00+00:00,Western Oregon,Sul Ross State,66,3,True,False,True,Lone Star,Lone Star,ii,ii,
4,regular,2025-09-20 20:15:00+00:00,Mississippi State,Northern Illinois,38,10,True,False,False,SEC,Mid-American,fbs,fbs,
4,regular,2025-09-20 20:30:00+00:00,Georgia Tech,Temple,45,24,True,False,False,ACC,American Athletic,fbs,fbs,
4,regular,2025-09-20 21:00:00+00:00,San José State,Idaho,31,28,True,False,False,Mountain West,Big Sky,fbs,fcs,
4,regular,2025-09-20 21:00:00+00:00,Northern Arizona,Incarnate Word,31,23,True,False,False,Big Sky,Southland,fcs,fcs,
4,regular,2025-09-20 21:00:00+00:00,Pittsburg State,Fort Hays,31,16,True,False,True,Mid America,Mid America,ii,ii,
4,regular,2025-09-20 21:00:00+00:00,Missouri Southern State,Northwest Missouri State,14,21,True,False,True,Mid America,Mid America,ii,ii,
4,regular,2025-09-20 21:30:00+00:00,East Tennessee State,Elon,26,16,True,False,False,Southern,Coastal Athletic,fcs,fcs,
4,regular,2025-09-20 22:00:00+00:00,Virginia Union,Johnson C. Smith,28,10,True,False,True,CIAA,CIAA,ii,ii,
4,regular,2025-09-20 22:00:00+00:00,UVA Wise,Wingate,7,28,True,False,True,South Atlantic,South Atlantic,ii,ii,
4,regular,2025-09-20 22:00:00+00:00,Towson,Youngstown State,28,31,True,False,False,Coastal Athletic,MVFC,fcs,fcs,
4,regular,2025-09-20 22:00:00+00:00,Kansas,West Virginia,41,10,True,False,True,Big 12,Big 12,fbs,fbs,
4,regular,2025-09-20 22:00:00+00:00,Ohio Wesleyan,Wittenberg,17,55,True,False,True,North Coast,North Coast,iii,iii,
4,regular,2025-09-20 22:00:00+00:00,Morehead State,Kentucky Christian,45,28,True,False,False,Pioneer,,fcs,,
4,regular,2025-09-20 22:00:00+00:00,West Georgia,Eastern Kentucky,33,12,True,False,True,UAC,UAC,fcs,fcs,
4,regular,2025-09-20 22:00:00+00:00,Rhode Island,Long Island University,28,7,True,False,False,Coastal Athletic,NEC,fcs,fcs,
4,regular,2025-09-20 22:00:00+00:00,Campbell,Bryant,50,48,True,False,True,Coastal Athletic,Coastal Athletic,fcs,fcs,
4,regular,2025-09-20 22:00:00+00:00,Alfred State,Buffalo State,56,20,True,False,False,Empire 8,Liberty League,iii,iii,
4,regular,2025-09-20 22:00:00+00:00,Allen,Clark Atlanta,49,38,True,False,True,SIAC,SIAC,ii,ii,
4,regular,2025-09-20 22:00:00+00:00,Kennesaw State,Arkansas State,28,21,True,False,False,Conference USA,Sun Belt,fbs,fbs,
4,regular,2025-09-20 22:00:00+00:00,Florida International,Delaware,16,38,True,False,True,Conference USA,Conference USA,fbs,fbs,
4,regular,2025-09-20 22:00:00+00:00,Slippery Rock,Shippensburg,42,0,True,False,True,Pennsylvania State Athletic,Pennsylvania State Athletic,ii,ii,
4,regular,2025-09-20 22:00:00+00:00,UNC Pembroke,Ferrum,41,14,True,False,False,Carolinas,Carolinas,ii,ii,
4,regular,2025-09-20 22:00:00+00:00,Indianapolis,McKendree,47,19,True,False,True,Great Lakes,Great Lakes,ii,ii,
4,regular,2025-09-20 22:00:00+00:00,Kalamazoo,Anderson (IN),27,0,True,False,False,Michigan,Heartland,iii,iii,
4,regular,2025-09-20 22:00:00+00:00,Akron,Duquesne,51,7,True,False,False,Mid-American,NEC,fbs,fcs,
4,regular,2025-09-20 22:00:00+00:00,Merrimack,Central Connecticut,16,14,True,False,False,FCS Independents,NEC,fcs,fcs,
4,regular,2025-09-20 22:00:00+00:00,Bucknell,Lehigh,24,41,True,False,True,Patriot,Patriot,fcs,fcs,
4,regular,2025-09-20 22:00:00+00:00,Idaho State,Lincoln (CA),90,0,True,False,False,Big Sky,Independent DII,fcs,ii,
4,regular,2025-09-20 23:00:00+00:00,Newberry,Catawba,10,21,True,False,True,South Atlantic,South Atlantic,ii,ii,
4,regular,2025-09-20 23:00:00+00:00,Alabama A&M,Lane College,49,7,True,False,False,SWAC,SIAC,fcs,ii,
4,regular,2025-09-20 23:00:00+00:00,Grambling,East Texas A&M,31,28,True,False,False,SWAC,Southland,fcs,fcs,
4,regular,2025-09-20 23:00:00+00:00,Air Force,Boise State,37,49,True,False,True,Mountain West,Mountain West,fbs,fbs,
4,regular,2025-09-20 23:00:00+00:00,Southern Arkansas,Harding,12,31,True,False,True,Great American,Great American,ii,ii,
4,regular,2025-09-20 23:00:00+00:00,Houston Christian,Northern Colorado,23,26,True,False,False,Southland,Big Sky,fcs,fcs,
4,regular,2025-09-20 23:00:00+00:00,Eastern Washington,Western Illinois,52,31,True,False,False,Big Sky,OVC-Big South,fcs,fcs,
4,regular,2025-09-20 23:00:00+00:00,Southeast Missouri State,Southern Illinois,31,59,True,False,False,OVC-Big South,MVFC,fcs,fcs,
4,regular,2025-09-20 23:00:00+00:00,Augustana (IL),Wheaton (IL),7,50,True,False,True,CCIW,CCIW,iii,iii,
4,regular,2025-09-20 23:00:00+00:00,Case Western Reserve,Westminster (PA),23,28,True,False,True,Presidents',Presidents',iii,iii,
4,regular,2025-09-20 23:00:00+00:00,William Jewell,Southwest Baptist,19,29,True,False,True,Great Lakes,Great Lakes,ii,ii,
4,regular,2025-09-20 23:00:00+00:00,East Central,Southern Nazarene,13,17,True,False,True,Great American,Great American,ii,ii,
4,regular,2025-09-20 23:00:00+00:00,Geneva,Saint Vincent,55,35,True,False,True,Presidents',Presidents',iii,iii,
4,regular,2025-09-20 23:00:00+00:00,UAlbany,Cornell,13,10,True,False,False,Coastal Athletic,Ivy,fcs,fcs,
4,regular,2025-09-20 23:00:00+00:00,Missouri State,UT Martin,42,10,True,False,False,Conference USA,OVC-Big South,fbs,fcs,
4,regular,2025-09-20 23:00:00+00:00,Midwestern State,Eastern New Mexico,31,56,True,False,True,Lone Star,Lone Star,ii,ii,
4,regular,2025-09-20 23:00:00+00:00,Missouri Western,Central Missouri,26,34,True,False,True,Mid America,Mid America,ii,ii,
4,regular,2025-09-20 23:00:00+00:00,Allegheny,Thiel,26,0,True,False,True,Presidents',Presidents',iii,iii,
4,regular,2025-09-20 23:00:00+00:00,Centenary (LA),East Texas Baptist,33,50,True,False,False,Southern Collegiate Athletic,American Southwest,iii,iii,
4,regular,2025-09-20 23:00:00+00:00,North Greenville,West Florida,17,25,True,False,True,Carolinas,Gulf South,ii,ii,
4,regular,2025-09-20 23:00:00+00:00,Arkansas Monticello,Henderson State,18,48,True,False,True,Great American,Great American,ii,ii,
4,regular,2025-09-20 23:00:00+00:00,Lindenwood,Stony Brook,30,27,True,False,False,OVC-Big South,Coastal Athletic,fcs,fcs,
4,regular,2025-09-20 23:00:00+00:00,Tufts,Wesleyan (CT),22,20,True,False,True,NESCAC,NESCAC,iii,iii,
4,regular,2025-09-20 23:00:00+00:00,Millikin,North Park,22,17,True,False,True,CCIW,CCIW,iii,iii,
4,regular,2025-09-20 23:00:00+00:00,Beloit,Knox,14,16,True,False,True,Midwest,Midwest,iii,iii,
4,regular,2025-09-20 23:00:00+00:00,Southeastern Oklahoma State,Southwestern Oklahoma State,14,35,True,False,True,Great American,Great American,ii,ii,
4,regular,2025-09-20 23:00:00+00:00,Missouri S&T,Truman State,20,49,True,False,True,Great Lakes,Great Lakes,ii,ii,
4,regular,2025-09-20 23:00:00+00:00,West Alabama,Barton,52,14,True,False,False,Gulf South,Carolinas,ii,ii,
4,regular,2025-09-20 23:00:00+00:00,Wisconsin Lutheran,Concordia (WI),20,27,True,False,True,NACC,NACC,iii,iii,
4,regular,2025-09-20 23:00:00+00:00,Jacksonville State,Murray State,45,10,True,False,False,Conference USA,MVFC,fbs,fcs,
4,regular,2025-09-20 23:00:00+00:00,Georgia Southern,Maine,45,17,True,False,False,Sun Belt,Coastal Athletic,fbs,fcs,
4,regular,2025-09-20 23:00:00+00:00,Western Kentucky,Nevada,31,16,True,False,False,Conference USA,Mountain West,fbs,fbs,
4,regular,2025-09-20 23:00:00+00:00,Davidson,Greensboro,48,0,True,False,False,Pioneer,USA South,fcs,iii,
4,regular,2025-09-20 23:00:00+00:00,Angelo State,Western New Mexico,56,27,True,False,True,Lone Star,Lone Star,ii,ii,
4,regular,2025-09-20 23:00:00+00:00,Middle Tennessee,Marshall,28,42,True,False,False,Conference USA,Sun Belt,fbs,fbs,
4,regular,2025-09-20 23:00:00+00:00,Northwestern (MN),Wisconsin Stout,13,56,True,False,False,Upper Midwest,Wisconsin,iii,iii,
4,regular,2025-09-20 23:00:00+00:00,Prairie View A&M,Northwestern State,27,24,True,False,False,SWAC,Southland,fcs,fcs,
4,regular,2025-09-20 23:00:00+00:00,South Alabama,Coastal Carolina,20,38,True,False,True,Sun Belt,Sun Belt,fbs,fbs,
4,regular,2025-09-20 23:00:00+00:00,Tarleton State,Chattanooga,52,24,True,False,False,UAC,Southern,fcs,fcs,
4,regular,2025-09-20 23:00:00+00:00,Missouri,South Carolina,29,20,True,False,True,SEC,SEC,fbs,fbs,
4,regular,2025-09-20 23:00:00+00:00,Heidelberg,Calvin,37,40,True,False,False,Ohio,Michigan,iii,iii,
4,regular,2025-09-20 23:30:00+00:00,Virginia,Stanford,48,20,True,False,True,ACC,ACC,fbs,fbs,
4,regular,2025-09-20 23:30:00+00:00,Vanderbilt,Georgia State,70,21,True,False,False,SEC,Sun Belt,fbs,fbs,
4,regular,2025-09-20 23:30:00+00:00,Washington State,Washington,24,59,True,False,False,Pac-12,Big Ten,fbs,fbs,
4,regular,2025-09-20 23:30:00+00:00,Baylor,Arizona State,24,27,True,False,True,Big 12,Big 12,fbs,fbs,
4,regular,2025-09-20 23:30:00+00:00,Indiana,Illinois,63,10,True,False,True,Big Ten,Big Ten,fbs,fbs,
4,regular,2025-09-20 23:30:00+00:00,Lincoln (MO),Quincy,21,24,True,False,True,Great Lakes,Great Lakes,ii,ii,
4,regular,2025-09-20 23:30:00+00:00,East Carolina,BYU,13,34,True,False,False,American Athletic,Big 12,fbs,fbs,
4,regular,2025-09-20 23:30:00+00:00,Miami,Florida,26,7,True,False,False,ACC,SEC,fbs,fbs,
4,regular,2025-09-20 23:30:00+00:00,Louisiana Tech,Southern Miss,30,20,True,False,False,Conference USA,Sun Belt,fbs,fbs,
4,regular,2025-09-20 23:45:00+00:00,LSU,SE Louisiana,56,10,True,False,False,SEC,Southland,fbs,fcs,
4,regular,2025-09-21 00:00:00+00:00,Utah Tech,Northern Iowa,20,9,True,False,False,UAC,MVFC,fcs,fcs,
4,regular,2025-09-21 00:00:00+00:00,Stephen F. Austin,Cal Poly,35,17,True,False,False,Southland,Big Sky,fcs,fcs,
4,regular,2025-09-21 00:00:00+00:00,Texas A&M-Kingsville,UT Permian Basin,30,43,True,False,True,Lone Star,Lone Star,ii,ii,
4,regular,2025-09-21 00:00:00+00:00,Oklahoma Baptist,Northwestern (OK),16,8,True,False,True,Great American,Great American,ii,ii,
4,regular,2025-09-21 00:00:00+00:00,Abilene Christian,Austin Peay,45,31,True,False,True,UAC,UAC,fcs,fcs,
4,regular,2025-09-21 00:00:00+00:00,Texas State,Nicholls,35,3,True,False,False,Sun Belt,Southland,fbs,fcs,
4,regular,2025-09-21 00:00:00+00:00,Southwestern U,Texas Lutheran,35,38,True,False,False,Southern Athletic,Southern Collegiate Athletic,iii,iii,
4,regular,2025-09-21 00:00:00+00:00,Adams State,Western Colorado,6,45,True,False,True,Rocky Mountain,Rocky Mountain,ii,ii,
4,regular,2025-09-21 00:00:00+00:00,Central Oklahoma,Washburn,34,28,True,False,True,Mid America,Mid America,ii,ii,
4,regular,2025-09-21 00:00:00+00:00,UT Rio Grande Valley,Texas Wesleyan,61,13,True,False,False,Southland,,fcs,,
4,regular,2025-09-21 00:00:00+00:00,Texas,Sam Houston,55,0,True,False,False,SEC,Conference USA,fbs,fbs,
4,regular,2025-09-21 00:00:00+00:00,Ouachita Baptist,Arkansas Tech,23,28,True,False,True,Great American,Great American,ii,ii,
4,regular,2025-09-21 00:00:00+00:00,Utah State,McNeese,48,7,True,False,False,Mountain West,Southland,fbs,fcs,
4,regular,2025-09-21 01:00:00+00:00,Central Washington,West Texas,52,6,True,False,True,Lone Star,Lone Star,ii,ii,
4,regular,2025-09-21 01:00:00+00:00,Pacific (OR),Wisconsin Stevens Point,13,36,True,False,False,Northwest,Wisconsin,iii,iii,
4,regular,2025-09-21 01:00:00+00:00,UTEP,UL Monroe,25,31,True,False,False,Conference USA,Sun Belt,fbs,fbs,
4,regular,2025-09-21 01:00:00+00:00,Sacramento State,Central Arkansas,45,16,True,False,False,Big Sky,UAC,fcs,fcs,
4,regular,2025-09-21 01:00:00+00:00,Weber State,Butler,38,24,True,False,False,Big Sky,Pioneer,fcs,fcs,
4,regular,2025-09-21 01:30:00+00:00,Colorado State,UTSA,16,17,True,False,False,Mountain West,American Athletic,fbs,fbs,
4,regular,2025-09-21 02:00:00+00:00,UC Davis,Southern Utah,50,34,True,False,False,Big Sky,UAC,fcs,fcs,
4,regular,2025-09-21 02:15:00+00:00,Colorado,Wyoming,37,20,True,False,False,Big 12,Mountain West,fbs,fbs,
4,regular,2025-09-21 02:30:00+00:00,San Diego State,California,34,0,True,False,False,Mountain West,ACC,fbs,fbs,
4,regular,2025-09-21 03:00:00+00:00,USC,Michigan State,45,31,True,False,True,Big Ten,Big Ten,fbs,fbs,
4,regular,2025-09-21 03:59:00+00:00,Hawai'i,Fresno State,21,23,True,False,True,Mountain West,Mountain West,fbs,fbs,
5,regular,2025-09-25 23:30:00+00:00,East Carolina,Army,28,6,True,False,True,American Athletic,American Athletic,fbs,fbs,
5,regular,2025-09-25 23:30:00+00:00,Davenport,Lincoln (CA),0,0,True,False,False,GLIAC,Independent DII,ii,ii,
5,regular,2025-09-26 23:00:00+00:00,Virginia,Florida State,46,38,True,False,True,ACC,ACC,fbs,fbs,
5,regular,2025-09-27 01:00:00+00:00,Arizona State,TCU,27,24,True,False,True,Big 12,Big 12,fbs,fbs,
5,regular,2025-09-27 02:30:00+00:00,Oregon State,Houston,24,27,True,False,False,Pac-12,Big 12,fbs,fbs,
5,regular,2025-09-27 16:00:00+00:00,Illinois,USC,34,32,True,False,True,Big Ten,Big Ten,fbs,fbs,
5,regular,2025-09-27 16:00:00+00:00,Central Connecticut,Dartmouth,28,35,True,False,False,NEC,Ivy,fcs,fcs,
5,regular,2025-09-27 16:00:00+00:00,Plymouth State,Mass Maritime,14,10,True,False,True,MSCAC,MSCAC,iii,iii,
5,regular,2025-09-27 16:00:00+00:00,Albright,Widener,35,9,True,False,True,Mid Atlantic,Mid Atlantic,iii,iii,
5,regular,2025-09-27 16:00:00+00:00,FDU Florham,Stevenson,20,55,True,False,True,Mid Atlantic,Mid Atlantic,iii,iii,
5,regular,2025-09-27 16:00:00+00:00,American International,Bentley,34,41,True,False,True,Northeast 10,Northeast 10,ii,ii,
5,regular,2025-09-27 16:00:00+00:00,Wagner,Norfolk State,18,13,True,False,False,NEC,MEAC,fcs,fcs,
5,regular,2025-09-27 16:00:00+00:00,MIT,Springfield,7,31,True,False,True,NEWMAC,NEWMAC,iii,iii,
5,regular,2025-09-27 16:00:00+00:00,WPI,Coast Guard,21,49,True,False,True,NEWMAC,NEWMAC,iii,iii,
5,regular,2025-09-27 16:00:00+00:00,Duquesne,New Haven,44,18,True,False,False,NEC,NEC,fcs,fcs,
5,regular,2025-09-27 16:00:00+00:00,Shorter,Chowan,29,30,True,False,True,Carolinas,Carolinas,ii,ii,
5,regular,2025-09-27 16:00:00+00:00,Edinboro,Clarion,21,20,True,False,True,Pennsylvania State Athletic,Pennsylvania State Athletic,ii,ii,
5,regular,2025-09-27 16:00:00+00:00,Seton Hill,IU Pennsylvania,13,40,True,False,True,Pennsylvania State Athletic,Pennsylvania State Athletic,ii,ii,
5,regular,2025-09-27 16:00:00+00:00,Norwich,Merchant Marine,0,49,True,False,True,NEWMAC,NEWMAC,iii,iii,
5,regular,2025-09-27 16:00:00+00:00,Dayton,Stetson,48,14,True,False,True,Pioneer,Pioneer,fcs,fcs,
5,regular,2025-09-27 16:00:00+00:00,Christopher Newport,Susquehanna,41,27,True,False,False,New Jersey,Landmark Conference,iii,iii,
5,regular,2025-09-27 16:00:00+00:00,Millersville,West Chester,7,38,True,False,True,Pennsylvania State Athletic,Pennsylvania State Athletic,ii,ii,
5,regular,2025-09-27 16:00:00+00:00,Minnesota,Rutgers,31,28,True,False,True,Big Ten,Big Ten,fbs,fbs,
5,regular,2025-09-27 16:00:00+00:00,Randolph Macon,Washington and Lee,24,6,True,False,True,Old Dominion,Old Dominion,iii,iii,
5,regular,2025-09-27 16:00:00+00:00,Northwood,Ashland,13,21,True,False,True,Great Midwest Athletic,Great Midwest Athletic,ii,ii,
5,regular,2025-09-27 16:00:00+00:00,North Texas,South Alabama,36,22,True,False,False,American Athletic,Sun Belt,fbs,fbs,
5,regular,2025-09-27 16:00:00+00:00,Ohio,Bowling Green,35,20,True,False,True,Mid-American,Mid-American,fbs,fbs,
5,regular,2025-09-27 16:00:00+00:00,Hilbert,Buffalo State,8,15,True,False,False,Empire 8,Liberty League,iii,iii,
5,regular,2025-09-27 16:00:00+00:00,Syracuse,Duke,3,38,True,False,True,ACC,ACC,fbs,fbs,
5,regular,2025-09-27 16:00:00+00:00,Shepherd,Kutztown,10,49,True,False,True,Pennsylvania State Athletic,Pennsylvania State Athletic,ii,ii,
5,regular,2025-09-27 16:00:00+00:00,Sacred Heart,Delaware State,35,31,True,False,False,FCS Independents,MEAC,fcs,fcs,
5,regular,2025-09-27 16:00:00+00:00,Rensselaer,Rochester (NY),31,3,True,False,True,Liberty League,Liberty League,iii,iii,
5,regular,2025-09-27 16:00:00+00:00,SUNY Morrisville,SUNY Cortland,3,48,True,False,True,Empire 8,Empire 8,iii,iii,
5,regular,2025-09-27 16:00:00+00:00,Framingham State,Bridgewater State,46,40,True,False,True,MSCAC,MSCAC,iii,iii,
5,regular,2025-09-27 16:00:00+00:00,Misericordia,Alvernia,41,10,True,False,True,Mid Atlantic,Mid Atlantic,iii,iii,
5,regular,2025-09-27 16:00:00+00:00,North Greenville,West Alabama,44,52,True,False,True,Carolinas,Gulf South,ii,ii,
5,regular,2025-09-27 16:00:00+00:00,Curry,Dean,52,12,True,False,False,Commonwealth Coast,MSCAC,iii,iii,
5,regular,2025-09-27 16:00:00+00:00,Arkansas,Notre Dame,13,56,True,False,False,SEC,FBS Independents,fbs,fbs,
5,regular,2025-09-27 16:00:00+00:00,Yale,Cornell,41,24,True,False,True,Ivy,Ivy,fcs,fcs,
5,regular,2025-09-27 16:00:00+00:00,Kansas,Cincinnati,34,37,True,False,True,Big 12,Big 12,fbs,fbs,
5,regular,2025-09-27 16:00:00+00:00,Kansas State,UCF,34,20,True,False,True,Big 12,Big 12,fbs,fbs,
5,regular,2025-09-27 16:00:00+00:00,Wake Forest,Georgia Tech,29,30,True,False,True,ACC,ACC,fbs,fbs,
5,regular,2025-09-27 16:00:00+00:00,Lehigh,Pennsylvania,44,30,True,False,False,Patriot,Ivy,fcs,fcs,
5,regular,2025-09-27 16:00:00+00:00,Pittsburgh,Louisville,27,34,True,False,True,ACC,ACC,fbs,fbs,
5,regular,2025-09-27 16:00:00+00:00,Columbia,Georgetown,19,10,True,False,False,Ivy,Patriot,fcs,fcs,
5,regular,2025-09-27 16:00:00+00:00,Oberlin,Wooster,0,38,True,False,True,North Coast,North Coast,iii,iii,
5,regular,2025-09-27 16:45:00+00:00,Vanderbilt,Utah State,55,35,True,False,False,SEC,Mountain West,fbs,fbs,
5,regular,2025-09-27 17:00:00+00:00,Ithaca,Hobart,13,7,True,False,True,Liberty League,Liberty League,iii,iii,
5,regular,2025-09-27 17:00:00+00:00,Husson,Endicott,14,48,True,False,True,Commonwealth Coast,Commonwealth Coast,iii,iii,
5,regular,2025-09-27 17:00:00+00:00,King's,Eastern,37,39,True,False,True,Mid Atlantic,Mid Atlantic,iii,iii,
5,regular,2025-09-27 17:00:00+00:00,Wayne State (MI),Quincy,14,31,True,False,False,GLIAC,Great Lakes,ii,ii,
5,regular,2025-09-27 17:00:00+00:00,Central State,Lane College,42,13,True,False,True,SIAC,SIAC,ii,ii,
5,regular,2025-09-27 17:00:00+00:00,Concord,West Liberty,44,21,True,False,True,Mountain East,Mountain East,ii,ii,
5,regular,2025-09-27 17:00:00+00:00,Lycoming,Rowan,23,34,True,False,False,Landmark Conference,New Jersey,iii,iii,
5,regular,2025-09-27 17:00:00+00:00,Methodist,Apprentice School,20,19,True,False,False,USA South,Independent DIII,iii,iii,
5,regular,2025-09-27 17:00:00+00:00,Kean,Western Connecticut State,7,38,True,False,False,New Jersey,Landmark Conference,iii,iii,
5,regular,2025-09-27 17:00:00+00:00,Saint Vincent,Hiram,38,40,True,False,False,Presidents',Presidents',iii,iii,
5,regular,2025-09-27 17:00:00+00:00,Utica,Alfred State,45,13,True,False,False,Empire 8,Empire 8,iii,iii,
5,regular,2025-09-27 17:00:00+00:00,Brockport,Hartwick,56,0,True,False,True,Empire 8,Empire 8,iii,iii,
5,regular,2025-09-27 17:00:00+00:00,Bryant,Towson,24,26,True,False,True,Coastal Athletic,Coastal Athletic,fcs,fcs,
5,regular,2025-09-27 17:00:00+00:00,New Hampshire,UAlbany,24,6,True,False,True,Coastal Athletic,Coastal Athletic,fcs,fcs,
5,regular,2025-09-27 17:00:00+00:00,Stonehill,Long Island University,10,3,True,False,True,NEC,NEC,fcs,fcs,
5,regular,2025-09-27 17:00:00+00:00,Concordia St. Paul,Jamestown,22,33,True,False,False,Northern Sun,Northern Sun,ii,ii,
5,regular,2025-09-27 17:00:00+00:00,Butler,Marist,31,28,True,False,True,Pioneer,Pioneer,fcs,fcs,
5,regular,2025-09-27 17:00:00+00:00,Fordham,Holy Cross,26,21,True,False,True,Patriot,Patriot,fcs,fcs,
5,regular,2025-09-27 17:00:00+00:00,Minnesota Duluth,Minnesota St Moorhead,28,14,True,False,True,Northern Sun,Northern Sun,ii,ii,
5,regular,2025-09-27 17:00:00+00:00,Glenville State,Charleston (WV),28,31,True,False,True,Mountain East,Mountain East,ii,ii,
5,regular,2025-09-27 17:00:00+00:00,Central Michigan,Eastern Michigan,24,13,True,False,True,Mid-American,Mid-American,fbs,fbs,
5,regular,2025-09-27 17:00:00+00:00,Franklin Pierce,Assumption,26,28,True,False,True,Northeast 10,Northeast 10,ii,ii,
5,regular,2025-09-27 17:00:00+00:00,Lock Haven,East Stroudsburg,21,24,True,False,True,Pennsylvania State Athletic,Pennsylvania State Athletic,ii,ii,
5,regular,2025-09-27 17:00:00+00:00,Nichols,New England College,41,21,True,False,False,Commonwealth Coast,,iii,,
5,regular,2025-09-27 17:00:00+00:00,Presbyterian,Morehead State,41,0,True,False,True,Pioneer,Pioneer,fcs,fcs,
5,regular,2025-09-27 17:00:00+00:00,Bowie State,Winston-Salem State,21,28,True,False,True,CIAA,CIAA,ii,ii,
5,regular,2025-09-27 17:00:00+00:00,Amherst,Tufts,30,14,True,False,True,NESCAC,NESCAC,iii,iii,
5,regular,2025-09-27 17:00:00+00:00,Maryville (TN),Pikeville,34,30,True,False,False,USA South,,iii,,
5,regular,2025-09-27 17:00:00+00:00,Shaw,Virginia Union,7,59,True,False,True,CIAA,CIAA,ii,ii,
5,regular,2025-09-27 17:00:00+00:00,Albany State,Allen,57,14,True,False,True,SIAC,SIAC,ii,ii,
5,regular,2025-09-27 17:00:00+00:00,Moravian,William Paterson,14,38,True,False,False,Landmark Conference,New Jersey,iii,iii,
5,regular,2025-09-27 17:00:00+00:00,Salve Regina,SUNY Maritime,28,20,True,False,True,NEWMAC,NEWMAC,iii,iii,
5,regular,2025-09-27 17:00:00+00:00,Kenyon,John Carroll,0,52,True,False,False,North Coast,Ohio,iii,iii,
5,regular,2025-09-27 17:00:00+00:00,Guilford,Hampden Sydney,14,69,True,False,True,Old Dominion,Old Dominion,iii,iii,
5,regular,2025-09-27 17:00:00+00:00,Emory & Henry,Anderson (SC),42,13,True,False,True,South Atlantic,South Atlantic,ii,ii,
5,regular,2025-09-27 17:00:00+00:00,Wittenberg,DePauw,0,28,True,False,True,North Coast,North Coast,iii,iii,
5,regular,2025-09-27 17:00:00+00:00,Saint Anselm,Pace,31,29,True,False,True,Northeast 10,Northeast 10,ii,ii,
5,regular,2025-09-27 17:00:00+00:00,Delaware Valley,Lebanon Valley,18,21,True,False,True,Mid Atlantic,Mid Atlantic,iii,iii,
5,regular,2025-09-27 17:00:00+00:00,Mars Hill,Mary Hardin Baylor,21,7,True,False,False,South Atlantic,American Southwest,ii,iii,
5,regular,2025-09-27 17:00:00+00:00,Shippensburg,Bloomsburg,10,7,True,False,True,Pennsylvania State Athletic,Pennsylvania State Athletic,ii,ii,
5,regular,2025-09-27 17:00:00+00:00,New England,Western New England,37,31,True,False,True,Commonwealth Coast,Commonwealth Coast,iii,iii,
5,regular,2025-09-27 17:00:00+00:00,Maine Maritime,Keystone,22,47,True,False,False,Commonwealth Coast,Independent DIII,iii,iii,
5,regular,2025-09-27 17:00:00+00:00,Hope,Alma,26,29,True,False,True,Michigan,Michigan,iii,iii,
5,regular,2025-09-27 17:00:00+00:00,Fayetteville State,Virginia State,34,14,True,False,True,CIAA,CIAA,ii,ii,
5,regular,2025-09-27 17:00:00+00:00,Bates,Wesleyan (CT),7,23,True,False,True,NESCAC,NESCAC,iii,iii,
5,regular,2025-09-27 17:00:00+00:00,Colby,Middlebury,17,27,True,False,True,NESCAC,NESCAC,iii,iii,
5,regular,2025-09-27 17:00:00+00:00,Hamilton,Bowdoin,27,13,True,False,True,NESCAC,NESCAC,iii,iii,
5,regular,2025-09-27 17:30:00+00:00,Williams,Trinity (CT),28,34,True,False,True,NESCAC,NESCAC,iii,iii,
5,regular,2025-09-27 17:30:00+00:00,Anna Maria College,UMass Dartmouth,47,43,True,False,False,MSCAC,MSCAC,iii,iii,
5,regular,2025-09-27 17:30:00+00:00,James Madison,Georgia Southern,35,10,True,False,True,Sun Belt,Sun Belt,fbs,fbs,
5,regular,2025-09-27 17:30:00+00:00,West Virginia State,Fairmont State,60,39,True,False,True,Mountain East,Mountain East,ii,ii,
5,regular,2025-09-27 17:30:00+00:00,Baldwin Wallace,Mount Union,23,42,True,False,True,Ohio,Ohio,iii,iii,
5,regular,2025-09-27 17:30:00+00:00,Wilmington (OH),Ohio Northern,35,41,True,False,True,Ohio,Ohio,iii,iii,
5,regular,2025-09-27 17:30:00+00:00,Capital,Marietta,21,24,True,False,True,Ohio,Ohio,iii,iii,
5,regular,2025-09-27 18:00:00+00:00,Wabash,Denison,36,0,True,False,True,North Coast,North Coast,iii,iii,
5,regular,2025-09-27 18:00:00+00:00,Rockford,Lakeland,7,35,True,False,True,NACC,NACC,iii,iii,
5,regular,2025-09-27 18:00:00+00:00,Concordia (WI),Benedictine (IL),28,20,True,False,True,NACC,NACC,iii,iii,
5,regular,2025-09-27 18:00:00+00:00,Concordia (MN),Gustavus Adolphus,14,13,True,False,True,Minnesota,Minnesota,iii,iii,
5,regular,2025-09-27 18:00:00+00:00,North Dakota State,South Dakota,51,13,True,False,True,MVFC,MVFC,fcs,fcs,
5,regular,2025-09-27 18:00:00+00:00,Central College,Dubuque,35,16,True,False,True,American Rivers,American Rivers,iii,iii,
5,regular,2025-09-27 18:00:00+00:00,Augustana (IL),Millikin,33,6,True,False,True,CCIW,CCIW,iii,iii,
5,regular,2025-09-27 18:00:00+00:00,Otterbein,Muskingum,13,37,True,False,True,Ohio,Ohio,iii,iii,
5,regular,2025-09-27 18:00:00+00:00,Upper Iowa,Lincoln (MO),31,10,True,False,True,Great Lakes,Great Lakes,ii,ii,
5,regular,2025-09-27 18:00:00+00:00,Central Missouri,Missouri Southern State,62,10,True,False,True,Mid America,Mid America,ii,ii,
5,regular,2025-09-27 18:00:00+00:00,Washburn,Nebraska Kearney,24,31,True,False,True,Mid America,Mid America,ii,ii,
5,regular,2025-09-27 18:00:00+00:00,Buena Vista,Simpson (IA),0,41,True,False,True,American Rivers,American Rivers,iii,iii,
5,regular,2025-09-27 18:00:00+00:00,Emporia State,Pittsburg State,29,42,True,False,True,Mid America,Mid America,ii,ii,
5,regular,2025-09-27 18:00:00+00:00,Nebraska Wesleyan,Luther,44,7,True,False,True,American Rivers,American Rivers,iii,iii,
5,regular,2025-09-27 18:00:00+00:00,Johnson C. Smith,Bluefield State,69,13,True,False,True,CIAA,CIAA,ii,ii,
5,regular,2025-09-27 18:00:00+00:00,Augustana (SD),Winona State,34,26,True,False,True,Northern Sun,Northern Sun,ii,ii,
5,regular,2025-09-27 18:00:00+00:00,Wayne State (NE),Southwest Minnesota State,51,6,True,False,True,Northern Sun,Northern Sun,ii,ii,
5,regular,2025-09-27 18:00:00+00:00,UVA Wise,Tusculum,35,21,True,False,True,South Atlantic,South Atlantic,ii,ii,
5,regular,2025-09-27 18:00:00+00:00,Catholic,Salisbury,6,55,True,False,False,Landmark Conference,New Jersey,iii,iii,
5,regular,2025-09-27 18:00:00+00:00,Olivet,Adrian,27,59,True,False,True,Michigan,Michigan,iii,iii,
5,regular,2025-09-27 18:00:00+00:00,Roanoke College,Gallaudet,38,14,True,True,False,,Old Dominion,,iii,
5,regular,2025-09-27 18:00:00+00:00,Wartburg,Coe,17,7,True,False,True,American Rivers,American Rivers,iii,iii,
5,regular,2025-09-27 18:00:00+00:00,Bethany (WV),Case Western Reserve,0,55,True,False,True,Presidents',Presidents',iii,iii,
5,regular,2025-09-27 18:00:00+00:00,Washington St. Louis,North Central College,14,44,True,False,True,CCIW,CCIW,iii,iii,
5,regular,2025-09-27 18:00:00+00:00,Westfield State,Worcester State,31,22,True,False,True,MSCAC,MSCAC,iii,iii,
5,regular,2025-09-27 18:00:00+00:00,Minot State,Bemidji State,28,21,True,False,True,Northern Sun,Northern Sun,ii,ii,
5,regular,2025-09-27 18:00:00+00:00,Wheaton (IL),Carroll (WI),61,13,True,False,True,CCIW,CCIW,iii,iii,
5,regular,2025-09-27 18:00:00+00:00,Hamline,Bethel (MN),12,62,True,False,True,Minnesota,Minnesota,iii,iii,
5,regular,2025-09-27 18:00:00+00:00,Saint John's (MN),Augsburg,63,0,True,False,True,Minnesota,Minnesota,iii,iii,
5,regular,2025-09-27 18:00:00+00:00,Carleton,St. Olaf,35,28,True,False,True,Minnesota,Minnesota,iii,iii,
5,regular,2025-09-27 18:00:00+00:00,Averett,Bridgewater,14,41,True,False,True,Old Dominion,Old Dominion,iii,iii,
5,regular,2025-09-27 18:00:00+00:00,Richmond,Howard,13,12,True,False,False,Patriot,MEAC,fcs,fcs,
5,regular,2025-09-27 18:00:00+00:00,St. John Fisher,Alfred,21,7,True,False,True,Empire 8,Empire 8,iii,iii,
5,regular,2025-09-27 18:00:00+00:00,Hillsdale,Kentucky Wesleyan,44,0,True,False,True,Great Midwest Athletic,Great Midwest Athletic,ii,ii,
5,regular,2025-09-27 18:00:00+00:00,Allegheny,Geneva,16,28,True,False,True,Presidents',Presidents',iii,iii,
5,regular,2025-09-27 18:00:00+00:00,Carthage,Illinois Wesleyan,10,34,True,False,True,CCIW,CCIW,iii,iii,
5,regular,2025-09-27 18:00:00+00:00,St. Scholastica,Macalester,37,34,True,False,True,Minnesota,Minnesota,iii,iii,
5,regular,2025-09-27 18:00:00+00:00,Elon,Hampton,41,20,True,False,True,Coastal Athletic,Coastal Athletic,fcs,fcs,
5,regular,2025-09-27 18:00:00+00:00,Wisconsin Lutheran,Concordia Chicago,28,6,True,False,True,NACC,NACC,iii,iii,
5,regular,2025-09-27 18:00:00+00:00,Austin Peay,Utah Tech,42,10,True,False,True,UAC,UAC,fcs,fcs,
5,regular,2025-09-27 18:00:00+00:00,Texas Lutheran,East Texas Baptist,21,24,True,False,False,Southern Collegiate Athletic,American Southwest,iii,iii,
5,regular,2025-09-27 18:30:00+00:00,Northwest Missouri State,Central Oklahoma,38,16,True,False,True,Mid America,Mid America,ii,ii,
5,regular,2025-09-27 18:30:00+00:00,Truman State,Indianapolis,20,30,True,False,True,Great Lakes,Great Lakes,ii,ii,
5,regular,2025-09-27 19:00:00+00:00,Florida A&M,Alabama State,14,42,True,False,True,SWAC,SWAC,fcs,fcs,
5,regular,2025-09-27 19:00:00+00:00,Morgan State,Miles,24,17,True,True,False,MEAC,SIAC,fcs,ii,
5,regular,2025-09-27 19:00:00+00:00,McMurry,Howard Payne,31,24,True,False,False,Southern Collegiate Athletic,American Southwest,iii,iii,
5,regular,2025-09-27 19:00:00+00:00,University of Mary,Northern State,14,55,True,False,True,Northern Sun,Northern Sun,ii,ii,
5,regular,2025-09-27 19:00:00+00:00,Northern Colorado,Idaho State,18,26,True,False,True,Big Sky,Big Sky,fcs,fcs,
5,regular,2025-09-27 19:00:00+00:00,McKendree,William Jewell,40,24,True,False,True,Great Lakes,Great Lakes,ii,ii,
5,regular,2025-09-27 19:00:00+00:00,Bethune-Cookman,Alabama A&M,41,34,True,False,True,SWAC,SWAC,fcs,fcs,
5,regular,2025-09-27 19:00:00+00:00,Black Hills State,Colorado School of Mines,27,36,True,False,True,Rocky Mountain,Rocky Mountain,ii,ii,
5,regular,2025-09-27 19:00:00+00:00,Chadron State,Colorado Mesa,34,27,True,False,True,Rocky Mountain,Rocky Mountain,ii,ii,
5,regular,2025-09-27 19:00:00+00:00,Western Colorado,New Mexico Highlands,30,3,True,False,True,Rocky Mountain,Rocky Mountain,ii,ii,
5,regular,2025-09-27 19:00:00+00:00,The College of New Jersey,Juniata,35,0,True,False,False,New Jersey,Landmark Conference,iii,iii,
5,regular,2025-09-27 19:00:00+00:00,Thiel,Waynesburg,14,45,True,False,True,Presidents',Presidents',iii,iii,
5,regular,2025-09-27 19:00:00+00:00,Minnesota State,Sioux Falls,38,12,True,False,True,Northern Sun,Northern Sun,ii,ii,
5,regular,2025-09-27 19:00:00+00:00,South Dakota State,Mercyhurst,51,7,True,False,False,MVFC,NEC,fcs,fcs,
5,regular,2025-09-27 19:00:00+00:00,Clark Atlanta,Benedict,24,59,True,False,True,SIAC,SIAC,ii,ii,
5,regular,2025-09-27 19:00:00+00:00,UL Monroe,Arkansas State,28,16,True,False,True,Sun Belt,Sun Belt,fbs,fbs,
5,regular,2025-09-27 19:00:00+00:00,Tuskegee,Fort Valley State,20,27,True,False,True,SIAC,SIAC,ii,ii,
5,regular,2025-09-27 19:30:00+00:00,Campbell,Western Carolina,35,42,True,False,False,Coastal Athletic,Southern,fcs,fcs,
5,regular,2025-09-27 19:30:00+00:00,Washington,Ohio State,6,24,True,False,True,Big Ten,Big Ten,fbs,fbs,
5,regular,2025-09-27 19:30:00+00:00,Northern Illinois,San Diego State,3,6,True,False,False,Mid-American,Mountain West,fbs,fbs,
5,regular,2025-09-27 19:30:00+00:00,Iowa,Indiana,15,20,True,False,True,Big Ten,Big Ten,fbs,fbs,
5,regular,2025-09-27 19:30:00+00:00,Northwestern,UCLA,17,14,True,False,True,Big Ten,Big Ten,fbs,fbs,
5,regular,2025-09-27 19:30:00+00:00,Boston College,California,24,28,True,False,True,ACC,ACC,fbs,fbs,
5,regular,2025-09-27 19:30:00+00:00,West Virginia,Utah,14,48,True,False,True,Big 12,Big 12,fbs,fbs,
5,regular,2025-09-27 19:30:00+00:00,Villanova,William & Mary,31,24,True,False,True,Coastal Athletic,Coastal Athletic,fcs,fcs,
5,regular,2025-09-27 19:30:00+00:00,Maine,North Carolina A&T,37,30,True,False,True,Coastal Athletic,Coastal Athletic,fcs,fcs,
5,regular,2025-09-27 19:30:00+00:00,Ole Miss,LSU,24,19,True,False,True,SEC,SEC,fbs,fbs,
5,regular,2025-09-27 19:30:00+00:00,Stony Brook,Merrimack,35,10,True,False,False,Coastal Athletic,FCS Independents,fcs,fcs,
5,regular,2025-09-27 19:30:00+00:00,Oklahoma State,Baylor,27,45,True,False,True,Big 12,Big 12,fbs,fbs,
5,regular,2025-09-27 19:30:00+00:00,Miami (OH),Lindenwood,38,0,True,False,False,Mid-American,OVC-Big South,fbs,fcs,
5,regular,2025-09-27 19:30:00+00:00,Navy,Rice,21,13,True,False,True,American Athletic,American Athletic,fbs,fbs,
5,regular,2025-09-27 19:30:00+00:00,Buffalo,UConn,17,20,True,False,False,Mid-American,FBS Independents,fbs,fbs,
5,regular,2025-09-27 19:30:00+00:00,Samford,Furman,13,31,True,False,True,Southern,Southern,fcs,fcs,
5,regular,2025-09-27 19:30:00+00:00,Lafayette,Princeton,28,38,True,False,False,Patriot,Ivy,fcs,fcs,
5,regular,2025-09-27 19:30:00+00:00,Texas A&M,Auburn,16,10,True,False,True,SEC,SEC,fbs,fbs,
5,regular,2025-09-27 19:30:00+00:00,Toledo,Akron,45,3,True,False,True,Mid-American,Mid-American,fbs,fbs,
5,regular,2025-09-27 20:00:00+00:00,Tulsa,Tulane,14,31,True,False,True,American Athletic,American Athletic,fbs,fbs,
5,regular,2025-09-27 20:00:00+00:00,Montana State,Eastern Washington,57,3,True,False,True,Big Sky,Big Sky,fcs,fcs,
5,regular,2025-09-27 20:00:00+00:00,Southern Nazarene,Southeastern Oklahoma State,21,27,True,False,True,Great American,Great American,ii,ii,
5,regular,2025-09-27 20:00:00+00:00,Catawba,Southern Connecticut State,63,23,True,False,False,South Atlantic,Northeast 10,ii,ii,
5,regular,2025-09-27 20:00:00+00:00,Valdosta State,UNC Pembroke,0,31,True,False,False,Gulf South,Carolinas,ii,ii,
5,regular,2025-09-27 20:00:00+00:00,San Diego,St. Thomas (MN),30,27,True,False,True,Pioneer,Pioneer,fcs,fcs,
5,regular,2025-09-27 20:00:00+00:00,CSU Pueblo,Adams State,55,7,True,False,True,Rocky Mountain,Rocky Mountain,ii,ii,
5,regular,2025-09-27 20:00:00+00:00,New Mexico,New Mexico State,38,20,True,False,False,Mountain West,Conference USA,fbs,fbs,
5,regular,2025-09-27 20:00:00+00:00,Livingstone,Lincoln (PA),31,7,True,False,True,CIAA,CIAA,ii,ii,
5,regular,2025-09-27 20:00:00+00:00,Walsh,Ohio Dominican,14,7,True,False,True,Great Midwest Athletic,Great Midwest Athletic,ii,ii,
5,regular,2025-09-27 20:00:00+00:00,Lake Erie,Tiffin,14,27,True,False,True,Great Midwest Athletic,Great Midwest Athletic,ii,ii,
5,regular,2025-09-27 20:00:00+00:00,Air Force,Hawai'i,35,44,True,False,True,Mountain West,Mountain West,fbs,fbs,
5,regular,2025-09-27 20:00:00+00:00,South Dakota Mines,Fort Lewis,22,21,True,False,True,Rocky Mountain,Rocky Mountain,ii,ii,
5,regular,2025-09-27 20:00:00+00:00,Western Illinois,Eastern Illinois,23,31,True,False,True,OVC-Big South,OVC-Big South,fcs,fcs,
5,regular,2025-09-27 20:15:00+00:00,Mississippi State,Tennessee,34,41,True,False,True,SEC,SEC,fbs,fbs,
5,regular,2025-09-27 20:30:00+00:00,Tennessee State,Tennessee Tech,8,35,True,False,True,OVC-Big South,OVC-Big South,fcs,fcs,
5,regular,2025-09-27 21:00:00+00:00,Union,St. Lawrence,44,12,True,False,True,Liberty League,Liberty League,iii,iii,
5,regular,2025-09-27 21:00:00+00:00,Mississippi Valley State,Texas Southern,20,23,True,False,True,SWAC,SWAC,fcs,fcs,
5,regular,2025-09-27 21:00:00+00:00,Portland State,Northern Arizona,17,31,True,False,True,Big Sky,Big Sky,fcs,fcs,
5,regular,2025-09-27 21:00:00+00:00,Montclair State,Wilkes,21,24,True,False,False,New Jersey,Landmark Conference,iii,iii,
5,regular,2025-09-27 21:30:00+00:00,Lyon,Westminster (MO),38,24,True,False,False,Southern Collegiate Athletic,Upper Midwest,iii,iii,
5,regular,2025-09-27 21:30:00+00:00,East Tennessee State,Mercer,34,38,True,False,True,Southern,Southern,fcs,fcs,
5,regular,2025-09-27 22:00:00+00:00,Savannah State,Kentucky State,20,37,True,False,True,SIAC,SIAC,ii,ii,
5,regular,2025-09-27 22:00:00+00:00,Slippery Rock,California (PA),38,45,True,False,True,Pennsylvania State Athletic,Pennsylvania State Athletic,ii,ii,
5,regular,2025-09-27 22:00:00+00:00,Lenoir Rhyne,Newberry,17,20,True,False,True,South Atlantic,South Atlantic,ii,ii,
5,regular,2025-09-27 22:00:00+00:00,Wingate,Carson Newman,14,21,True,False,True,South Atlantic,South Atlantic,ii,ii,
5,regular,2025-09-27 22:00:00+00:00,Harvard,Brown,41,7,True,False,True,Ivy,Ivy,fcs,fcs,
5,regular,2025-09-27 22:00:00+00:00,Kennesaw State,Middle Tennessee,24,16,True,False,True,Conference USA,Conference USA,fbs,fbs,
5,regular,2025-09-27 22:00:00+00:00,Charleston Southern,South Carolina State,31,24,True,False,False,OVC-Big South,MEAC,fcs,fcs,
5,regular,2025-09-27 22:00:00+00:00,Albion,Trine,35,38,True,False,True,Michigan,Michigan,iii,iii,
5,regular,2025-09-27 22:00:00+00:00,Chattanooga,The Citadel,10,28,True,False,True,Southern,Southern,fcs,fcs,
5,regular,2025-09-27 22:00:00+00:00,Old Dominion,Liberty,21,7,True,False,False,Sun Belt,Conference USA,fbs,fbs,
5,regular,2025-09-27 22:00:00+00:00,Edward Waters,Morehouse,27,24,True,False,True,SIAC,SIAC,ii,ii,
5,regular,2025-09-27 22:00:00+00:00,Bucknell,Saint Francis,30,23,True,False,False,Patriot,NEC,fcs,fcs,
5,regular,2025-09-27 22:00:00+00:00,Eastern Kentucky,Nicholls,27,7,True,False,False,UAC,Southland,fcs,fcs,
5,regular,2025-09-27 22:30:00+00:00,Western Michigan,Rhode Island,47,14,True,False,False,Mid-American,Coastal Athletic,fbs,fcs,
5,regular,2025-09-27 23:00:00+00:00,Southwestern Oklahoma State,Oklahoma Baptist,38,24,True,False,True,Great American,Great American,ii,ii,
5,regular,2025-09-27 23:00:00+00:00,Eureka,Aurora,0,66,True,False,True,NACC,NACC,iii,iii,
5,regular,2025-09-27 23:00:00+00:00,Hendrix,Rhodes,47,28,True,False,True,Southern Athletic,Southern Athletic,iii,iii,
5,regular,2025-09-27 23:00:00+00:00,North Park,Elmhurst,34,6,True,False,True,CCIW,CCIW,iii,iii,
5,regular,2025-09-27 23:00:00+00:00,Prairie View A&M,Grambling,28,13,True,True,True,SWAC,SWAC,fcs,fcs,
5,regular,2025-09-27 23:00:00+00:00,West Virginia Wesleyan,Frostburg State,9,55,True,False,True,Mountain East,Mountain East,ii,ii,
5,regular,2025-09-27 23:00:00+00:00,Findlay,Thomas More,37,7,True,False,True,Great Midwest Athletic,Great Midwest Athletic,ii,ii,
5,regular,2025-09-27 23:00:00+00:00,Southwest Baptist,Missouri S&T,40,42,True,False,True,Great Lakes,Great Lakes,ii,ii,
5,regular,2025-09-27 23:00:00+00:00,Henderson State,Southern Arkansas,21,24,True,False,True,Great American,Great American,ii,ii,
5,regular,2025-09-27 23:00:00+00:00,UT Permian Basin,Midwestern State,37,15,True,False,True,Lone Star,Lone Star,ii,ii,
5,regular,2025-09-27 23:00:00+00:00,Lamar,Central Arkansas,35,32,True,False,False,Southland,UAC,fcs,fcs,
5,regular,2025-09-27 23:00:00+00:00,Iowa State,Arizona,39,14,True,False,True,Big 12,Big 12,fbs,fbs,
5,regular,2025-09-27 23:00:00+00:00,Delta State,Erskine,52,0,True,False,True,Gulf South,Carolinas,ii,ii,
5,regular,2025-09-27 23:00:00+00:00,Calvin,Kalamazoo,24,16,True,False,True,Michigan,Michigan,iii,iii,
5,regular,2025-09-27 23:00:00+00:00,Grove City,Washington & Jefferson,14,34,True,False,True,Presidents',Presidents',iii,iii,
5,regular,2025-09-27 23:00:00+00:00,Southern,Jackson State,13,38,True,False,True,SWAC,SWAC,fcs,fcs,
5,regular,2025-09-27 23:00:00+00:00,NC State,Virginia Tech,21,23,True,False,True,ACC,ACC,fbs,fbs,
5,regular,2025-09-27 23:00:00+00:00,Arkansas Tech,Arkansas Monticello,24,31,True,False,True,Great American,Great American,ii,ii,
5,regular,2025-09-27 23:00:00+00:00,Northwestern (OK),East Central,20,41,True,False,True,Great American,Great American,ii,ii,
5,regular,2025-09-27 23:00:00+00:00,East Texas A&M,North Carolina Central,42,50,True,False,False,Southland,MEAC,fcs,fcs,
5,regular,2025-09-27 23:00:00+00:00,SE Louisiana,UT Rio Grande Valley,45,31,True,False,False,Southland,Southland,fcs,fcs,
5,regular,2025-09-27 23:00:00+00:00,Southern Miss,Jacksonville State,42,25,True,False,False,Sun Belt,Conference USA,fbs,fbs,
5,regular,2025-09-27 23:00:00+00:00,Florida Atlantic,Memphis,26,55,True,False,True,American Athletic,American Athletic,fbs,fbs,
5,regular,2025-09-27 23:00:00+00:00,Missouri State,Western Kentucky,22,27,True,False,True,Conference USA,Conference USA,fbs,fbs,
5,regular,2025-09-27 23:00:00+00:00,Incarnate Word,Abilene Christian,38,7,True,False,False,Southland,UAC,fcs,fcs,
5,regular,2025-09-27 23:00:00+00:00,UT Martin,Southeast Missouri State,34,10,True,False,True,OVC-Big South,OVC-Big South,fcs,fcs,
5,regular,2025-09-27 23:00:00+00:00,Alcorn State,Arkansas-Pine Bluff,20,24,True,True,True,SWAC,SWAC,fcs,fcs,
5,regular,2025-09-27 23:30:00+00:00,Colorado State,Washington State,3,20,True,False,False,Mountain West,Pac-12,fbs,fbs,
5,regular,2025-09-27 23:30:00+00:00,Penn State,Oregon,24,30,True,False,True,Big Ten,Big Ten,fbs,fbs,
5,regular,2025-09-27 23:30:00+00:00,Georgia,Alabama,21,24,True,False,True,SEC,SEC,fbs,fbs,
5,regular,2025-09-27 23:30:00+00:00,Boise State,App State,47,14,True,False,False,Mountain West,Sun Belt,fbs,fbs,
5,regular,2025-09-27 23:30:00+00:00,Stanford,San José State,30,29,True,False,False,ACC,Mountain West,fbs,fbs,
5,regular,2025-09-27 23:30:00+00:00,Missouri,Massachusetts,42,6,True,False,False,SEC,Mid-American,fbs,fbs,
5,regular,2025-09-27 23:45:00+00:00,South Carolina,Kentucky,35,13,True,False,True,SEC,SEC,fbs,fbs,
5,regular,2025-09-28 00:00:00+00:00,Fort Hays,Missouri Western,31,23,True,False,True,Mid America,Mid America,ii,ii,
5,regular,2025-09-28 00:00:00+00:00,West Texas,Western Oregon,35,7,True,False,True,Lone Star,Lone Star,ii,ii,
5,regular,2025-09-28 00:00:00+00:00,Sul Ross State,Texas A&M-Kingsville,3,52,True,False,True,Lone Star,Lone Star,ii,ii,
5,regular,2025-09-28 00:00:00+00:00,Harding,Ouachita Baptist,24,7,True,False,True,Great American,Great American,ii,ii,
5,regular,2025-09-28 00:00:00+00:00,Stephen F. Austin,McNeese,34,17,True,False,True,Southland,Southland,fcs,fcs,
5,regular,2025-09-28 00:00:00+00:00,Western New Mexico,Central Washington,31,91,True,False,True,Lone Star,Lone Star,ii,ii,
5,regular,2025-09-28 00:00:00+00:00,Louisiana,Marshall,54,51,True,False,True,Sun Belt,Sun Belt,fbs,fbs,
5,regular,2025-09-28 00:30:00+00:00,Southern Utah,West Georgia,24,27,True,False,True,UAC,UAC,fcs,fcs,
5,regular,2025-09-28 01:00:00+00:00,UTEP,Louisiana Tech,11,30,True,False,True,Conference USA,Conference USA,fbs,fbs,
5,regular,2025-09-28 01:00:00+00:00,Sacramento State,Cal Poly,24,32,True,False,True,Big Sky,Big Sky,fcs,fcs,
5,regular,2025-09-28 02:00:00+00:00,Pomona Pitzer,Claremont Mudd Scripps,25,17,True,False,True,So. Cal.,So. Cal.,iii,iii,
5,regular,2025-09-28 02:00:00+00:00,Redlands,Cal Lutheran,10,27,True,False,True,So. Cal.,So. Cal.,iii,iii,
5,regular,2025-09-28 02:00:00+00:00,UC Davis,Weber State,34,12,True,False,True,Big Sky,Big Sky,fcs,fcs,
5,regular,2025-09-28 02:00:00+00:00,Chapman,La Verne,56,6,True,False,True,So. Cal.,So. Cal.,iii,iii,
5,regular,2025-09-28 02:15:00+00:00,Colorado,BYU,21,24,True,False,True,Big 12,Big 12,fbs,fbs,
5,regular,2025-09-28 02:15:00+00:00,Montana,Idaho,41,30,True,False,True,Big Sky,Big Sky,fcs,fcs,
6,regular,2025-10-03 01:00:00+00:00,New Mexico State,Sam Houston,37,10,True,False,True,Conference USA,Conference USA,fbs,fbs,
6,regular,2025-10-03 22:00:00+00:00,Johns Hopkins,Dickinson,55,10,True,False,True,Centennial,Centennial,iii,iii,
6,regular,2025-10-03 23:00:00+00:00,Delaware,Western Kentucky,24,27,True,False,True,Conference USA,Conference USA,fbs,fbs,
6,regular,2025-10-03 23:00:00+00:00,Brown,Rhode Island,28,21,True,False,False,Ivy,Coastal Athletic,fcs,fcs,
6,regular,2025-10-03 23:00:00+00:00,UMass Dartmouth,Mass Maritime,31,7,True,False,True,MSCAC,MSCAC,iii,iii,
6,regular,2025-10-03 23:00:00+00:00,South Florida,Charlotte,54,26,True,False,True,American Athletic,American Athletic,fbs,fbs,
6,regular,2025-10-03 23:30:00+00:00,Princeton,Columbia,17,10,True,False,True,Ivy,Ivy,fcs,fcs,
6,regular,2025-10-04 02:00:00+00:00,San José State,New Mexico,35,28,True,False,True,Mountain West,Mountain West,fbs,fbs,
6,regular,2025-10-04 02:30:00+00:00,BYU,West Virginia,38,24,True,False,True,Big 12,Big 12,fbs,fbs,
6,regular,2025-10-04 02:30:00+00:00,San Diego State,Colorado State,45,24,True,False,True,Mountain West,Mountain West,fbs,fbs,
6,regular,2025-10-04 15:00:00+00:00,Belhaven,Brevard,23,20,True,False,True,USA South,USA South,iii,iii,
6,regular,2025-10-04 16:00:00+00:00,Kutztown,Shippensburg,49,0,True,False,True,Pennsylvania State Athletic,Pennsylvania State Athletic,ii,ii,
6,regular,2025-10-04 16:00:00+00:00,Lehigh,Yale,31,13,True,False,False,Patriot,Ivy,fcs,fcs,
6,regular,2025-10-04 16:00:00+00:00,UAB,Army,13,31,True,False,True,American Athletic,American Athletic,fbs,fbs,
6,regular,2025-10-04 16:00:00+00:00,Gannon,Slippery Rock,38,35,True,False,True,Pennsylvania State Athletic,Pennsylvania State Athletic,ii,ii,
6,regular,2025-10-04 16:00:00+00:00,California (PA),Seton Hill,7,16,True,False,True,Pennsylvania State Athletic,Pennsylvania State Athletic,ii,ii,
6,regular,2025-10-04 16:00:00+00:00,Alfred,Hartwick,45,24,True,False,True,Empire 8,Empire 8,iii,iii,
6,regular,2025-10-04 16:00:00+00:00,Dean,Plymouth State,0,34,True,False,False,MSCAC,MSCAC,iii,iii,
6,regular,2025-10-04 16:00:00+00:00,Westfield State,Anna Maria College,14,41,True,False,False,MSCAC,MSCAC,iii,iii,
6,regular,2025-10-04 16:00:00+00:00,Alfred State,SUNY Morrisville,41,21,True,False,False,Empire 8,Empire 8,iii,iii,
6,regular,2025-10-04 16:00:00+00:00,Duquesne,Stonehill,34,14,True,False,True,NEC,NEC,fcs,fcs,
6,regular,2025-10-04 16:00:00+00:00,Pittsburgh,Boston College,48,7,True,False,True,ACC,ACC,fbs,fbs,
6,regular,2025-10-04 16:00:00+00:00,Purdue,Illinois,27,43,True,False,True,Big Ten,Big Ten,fbs,fbs,
6,regular,2025-10-04 16:00:00+00:00,Michigan,Wisconsin,24,10,True,False,True,Big Ten,Big Ten,fbs,fbs,
6,regular,2025-10-04 16:00:00+00:00,North Carolina,Clemson,10,38,True,False,True,ACC,ACC,fbs,fbs,
6,regular,2025-10-04 16:00:00+00:00,Springfield,Salve Regina,28,14,True,False,True,NEWMAC,NEWMAC,iii,iii,
6,regular,2025-10-04 16:00:00+00:00,Ohio Dominican,Northwood,3,28,True,False,True,Great Midwest Athletic,Great Midwest Athletic,ii,ii,
6,regular,2025-10-04 16:00:00+00:00,Fitchburg State,Framingham State,12,22,True,False,True,MSCAC,MSCAC,iii,iii,
6,regular,2025-10-04 16:00:00+00:00,Endicott,New England,53,14,True,False,True,Commonwealth Coast,Commonwealth Coast,iii,iii,
6,regular,2025-10-04 16:00:00+00:00,Rochester (NY),Ithaca,6,10,True,False,True,Liberty League,Liberty League,iii,iii,
6,regular,2025-10-04 16:00:00+00:00,St. John Fisher,Brockport,31,24,True,False,True,Empire 8,Empire 8,iii,iii,
6,regular,2025-10-04 16:00:00+00:00,Wilkes,Catholic,15,13,True,False,True,Landmark Conference,Landmark Conference,iii,iii,
6,regular,2025-10-04 16:00:00+00:00,Merchant Marine,MIT,6,3,True,False,True,NEWMAC,NEWMAC,iii,iii,
6,regular,2025-10-04 16:00:00+00:00,Marist,San Diego,19,14,True,False,True,Pioneer,Pioneer,fcs,fcs,
6,regular,2025-10-04 16:00:00+00:00,Baylor,Kansas State,35,34,True,False,True,Big 12,Big 12,fbs,fbs,
6,regular,2025-10-04 16:00:00+00:00,DePauw,Oberlin,75,0,True,False,True,North Coast,North Coast,iii,iii,
6,regular,2025-10-04 16:00:00+00:00,Ball State,Ohio,20,14,True,False,True,Mid-American,Mid-American,fbs,fbs,
6,regular,2025-10-04 16:00:00+00:00,Georgia,Kentucky,35,14,True,False,True,SEC,SEC,fbs,fbs,
6,regular,2025-10-04 16:00:00+00:00,Cincinnati,Iowa State,38,30,True,False,True,Big 12,Big 12,fbs,fbs,
6,regular,2025-10-04 16:00:00+00:00,Navy,Air Force,34,31,True,False,False,American Athletic,Mountain West,fbs,fbs,
6,regular,2025-10-04 16:00:00+00:00,Central Connecticut,Sacred Heart,42,35,True,False,False,NEC,FCS Independents,fcs,fcs,
6,regular,2025-10-04 16:00:00+00:00,Bucknell,Richmond,33,28,True,False,False,Patriot,Patriot,fcs,fcs,
6,regular,2025-10-04 16:30:00+00:00,Lafayette,Fordham,24,10,True,False,True,Patriot,Patriot,fcs,fcs,
6,regular,2025-10-04 17:00:00+00:00,Trine,Hope,35,55,True,False,True,Michigan,Michigan,iii,iii,
6,regular,2025-10-04 17:00:00+00:00,Tennessee Tech,Western Illinois,66,20,True,False,True,OVC-Big South,OVC-Big South,fcs,fcs,
6,regular,2025-10-04 17:00:00+00:00,Georgetown,Morgan State,27,24,True,False,False,Patriot,MEAC,fcs,fcs,
6,regular,2025-10-04 17:00:00+00:00,Virginia Tech,Wake Forest,23,30,True,False,True,ACC,ACC,fbs,fbs,
6,regular,2025-10-04 17:00:00+00:00,New Haven,Pace,28,14,True,False,False,NEC,Northeast 10,fcs,ii,
6,regular,2025-10-04 17:00:00+00:00,Temple,UTSA,27,21,True,False,True,American Athletic,American Athletic,fbs,fbs,
6,regular,2025-10-04 17:00:00+00:00,Ferrum,Shorter,28,25,True,False,False,Carolinas,Carolinas,ii,ii,
6,regular,2025-10-04 17:00:00+00:00,St. Lawrence,Hilbert,45,14,True,False,False,Liberty League,Empire 8,iii,iii,
6,regular,2025-10-04 17:00:00+00:00,Wayne State (MI),Michigan Tech,24,48,True,False,True,GLIAC,GLIAC,ii,ii,
6,regular,2025-10-04 17:00:00+00:00,Frostburg State,Concord,33,7,True,False,True,Mountain East,Mountain East,ii,ii,
6,regular,2025-10-04 17:00:00+00:00,West Liberty,West Virginia State,47,41,True,False,True,Mountain East,Mountain East,ii,ii,
6,regular,2025-10-04 17:00:00+00:00,Franklin Pierce,American International,30,20,True,False,True,Northeast 10,Northeast 10,ii,ii,
6,regular,2025-10-04 17:00:00+00:00,Minnesota St Moorhead,Minot State,40,37,True,False,True,Northern Sun,Northern Sun,ii,ii,
6,regular,2025-10-04 17:00:00+00:00,Concordia St. Paul,Minnesota State,19,47,True,False,True,Northern Sun,Northern Sun,ii,ii,
6,regular,2025-10-04 17:00:00+00:00,Emory & Henry,Carson Newman,19,13,True,False,True,South Atlantic,South Atlantic,ii,ii,
6,regular,2025-10-04 17:00:00+00:00,Southern Virginia,Greensboro,35,22,True,False,True,USA South,USA South,iii,iii,
6,regular,2025-10-04 17:00:00+00:00,Lincoln (MO),Southwest Baptist,21,50,True,False,True,Great Lakes,Great Lakes,ii,ii,
6,regular,2025-10-04 17:00:00+00:00,Drake,Valparaiso,41,0,True,False,True,Pioneer,Pioneer,fcs,fcs,
6,regular,2025-10-04 17:00:00+00:00,Norwich,WPI,7,14,True,False,True,NEWMAC,NEWMAC,iii,iii,
6,regular,2025-10-04 17:00:00+00:00,Berry,Rhodes,54,14,True,False,True,Southern Athletic,Southern Athletic,iii,iii,
6,regular,2025-10-04 17:00:00+00:00,Adrian,Albion,28,7,True,False,True,Michigan,Michigan,iii,iii,
6,regular,2025-10-04 17:00:00+00:00,Gettysburg,Franklin & Marshall,28,35,True,False,True,Centennial,Centennial,iii,iii,
6,regular,2025-10-04 17:00:00+00:00,New Hampshire,Villanova,7,37,True,False,True,Coastal Athletic,Coastal Athletic,fcs,fcs,
6,regular,2025-10-04 17:00:00+00:00,Chowan,North Greenville,16,31,True,False,True,Carolinas,Carolinas,ii,ii,
6,regular,2025-10-04 17:00:00+00:00,Merrimack,Robert Morris,24,7,True,False,False,FCS Independents,NEC,fcs,fcs,
6,regular,2025-10-04 17:00:00+00:00,Pennsylvania,Dartmouth,36,24,True,False,True,Ivy,Ivy,fcs,fcs,
6,regular,2025-10-04 17:00:00+00:00,Stetson,Davidson,35,32,True,False,True,Pioneer,Pioneer,fcs,fcs,
6,regular,2025-10-04 17:00:00+00:00,Walsh,Findlay,10,31,True,False,True,Great Midwest Athletic,Great Midwest Athletic,ii,ii,
6,regular,2025-10-04 17:00:00+00:00,Kean,Montclair State,28,38,True,False,True,New Jersey,New Jersey,iii,iii,
6,regular,2025-10-04 17:00:00+00:00,William Paterson,Vermont State Castleton,32,7,True,False,False,New Jersey,New Jersey,iii,iii,
6,regular,2025-10-04 17:00:00+00:00,Western New England,Husson,35,10,True,False,True,Commonwealth Coast,Commonwealth Coast,iii,iii,
6,regular,2025-10-04 17:00:00+00:00,Centre,Millsaps,37,36,True,False,True,Southern Athletic,Southern Athletic,iii,iii,
6,regular,2025-10-04 17:00:00+00:00,Hobart,Rensselaer,10,36,True,False,True,Liberty League,Liberty League,iii,iii,
6,regular,2025-10-04 17:00:00+00:00,Rowan,Christopher Newport,41,49,True,False,True,New Jersey,New Jersey,iii,iii,
6,regular,2025-10-04 17:00:00+00:00,Juniata,Western Connecticut State,15,63,True,False,False,Landmark Conference,Landmark Conference,iii,iii,
6,regular,2025-10-04 17:00:00+00:00,SUNY Cortland,Utica,28,13,True,False,True,Empire 8,Empire 8,iii,iii,
6,regular,2025-10-04 17:00:00+00:00,Salisbury,The College of New Jersey,55,10,True,False,True,New Jersey,New Jersey,iii,iii,
6,regular,2025-10-04 17:00:00+00:00,Ouachita Baptist,Oklahoma Baptist,35,13,True,False,True,Great American,Great American,ii,ii,
6,regular,2025-10-04 17:00:00+00:00,Wesleyan (CT),Hamilton,56,14,True,False,True,NESCAC,NESCAC,iii,iii,
6,regular,2025-10-04 17:00:00+00:00,Glenville State,Fairmont State,36,24,True,False,True,Mountain East,Mountain East,ii,ii,
6,regular,2025-10-04 17:00:00+00:00,Bowdoin,Williams,17,35,True,False,True,NESCAC,NESCAC,iii,iii,
6,regular,2025-10-04 17:00:00+00:00,Mercyhurst,Long Island University,22,13,True,False,True,NEC,NEC,fcs,fcs,
6,regular,2025-10-04 17:00:00+00:00,Winston-Salem State,Virginia Union,34,44,True,False,True,CIAA,CIAA,ii,ii,
6,regular,2025-10-04 17:00:00+00:00,Monmouth,Delaware State,49,38,True,False,False,Coastal Athletic,MEAC,fcs,fcs,
6,regular,2025-10-04 17:00:00+00:00,Lycoming,Moravian,17,0,True,False,True,Landmark Conference,Landmark Conference,iii,iii,
6,regular,2025-10-04 17:00:00+00:00,Bowie State,Fayetteville State,10,38,True,False,True,CIAA,CIAA,ii,ii,
6,regular,2025-10-04 17:00:00+00:00,Hampden Sydney,Washington and Lee,34,42,True,False,True,Old Dominion,Old Dominion,iii,iii,
6,regular,2025-10-04 17:00:00+00:00,Augsburg,St. Olaf,44,13,True,False,True,Minnesota,Minnesota,iii,iii,
6,regular,2025-10-04 17:00:00+00:00,SUNY Maritime,Coast Guard,26,28,True,False,True,NEWMAC,NEWMAC,iii,iii,
6,regular,2025-10-04 17:00:00+00:00,LaGrange,North Carolina Wesleyan,41,24,True,False,True,USA South,USA South,iii,iii,
6,regular,2025-10-04 17:00:00+00:00,Bluefield State,Shaw,35,33,True,False,True,CIAA,CIAA,ii,ii,
6,regular,2025-10-04 17:00:00+00:00,Elizabeth City State,Livingstone,39,27,True,False,True,CIAA,CIAA,ii,ii,
6,regular,2025-10-04 17:00:00+00:00,Waynesburg,Allegheny,11,21,True,False,True,Presidents',Presidents',iii,iii,
6,regular,2025-10-04 17:00:00+00:00,Saint Vincent,Case Western Reserve,14,42,True,False,True,Presidents',Presidents',iii,iii,
6,regular,2025-10-04 17:00:00+00:00,Westminster (PA),Bethany (WV),52,0,True,False,True,Presidents',Presidents',iii,iii,
6,regular,2025-10-04 17:00:00+00:00,Post,Saint Anselm,23,30,True,False,True,Northeast 10,Northeast 10,ii,ii,
6,regular,2025-10-04 17:00:00+00:00,Muhlenberg,Ursinus,39,36,True,False,True,Centennial,Centennial,iii,iii,
6,regular,2025-10-04 17:00:00+00:00,Gallaudet,Guilford,0,55,True,False,False,Old Dominion,Old Dominion,iii,iii,
6,regular,2025-10-04 17:00:00+00:00,Fort Valley State,Central State,14,18,True,False,True,SIAC,SIAC,ii,ii,
6,regular,2025-10-04 17:00:00+00:00,Shenandoah,Bridgewater,24,21,True,False,True,Old Dominion,Old Dominion,iii,iii,
6,regular,2025-10-04 17:00:00+00:00,Maine Maritime,Nichols,20,49,True,False,False,Commonwealth Coast,Commonwealth Coast,iii,iii,
6,regular,2025-10-04 17:00:00+00:00,Hiram,Washington & Jefferson,13,70,True,False,False,Presidents',Presidents',iii,iii,
6,regular,2025-10-04 17:00:00+00:00,Minnesota Duluth,Southwest Minnesota State,63,28,True,False,True,Northern Sun,Northern Sun,ii,ii,
6,regular,2025-10-04 17:00:00+00:00,Morehead State,Dayton,28,35,True,False,True,Pioneer,Pioneer,fcs,fcs,
6,regular,2025-10-04 17:30:00+00:00,Mount Union,Otterbein,62,7,True,False,True,Ohio,Ohio,iii,iii,
6,regular,2025-10-04 17:30:00+00:00,Trinity (CT),Tufts,41,14,True,False,True,NESCAC,NESCAC,iii,iii,
6,regular,2025-10-04 17:30:00+00:00,Bluffton,Manchester,39,23,True,False,True,Heartland,Heartland,iii,iii,
6,regular,2025-10-04 17:30:00+00:00,Wofford,Western Carolina,21,23,True,False,True,Southern,Southern,fcs,fcs,
6,regular,2025-10-04 17:30:00+00:00,VMI,Chattanooga,14,21,True,False,True,Southern,Southern,fcs,fcs,
6,regular,2025-10-04 17:30:00+00:00,Erskine,UNC Pembroke,7,44,True,False,False,Carolinas,Carolinas,ii,ii,
6,regular,2025-10-04 17:30:00+00:00,Heidelberg,Capital,30,27,True,False,True,Ohio,Ohio,iii,iii,
6,regular,2025-10-04 17:30:00+00:00,Worcester State,Bridgewater State,19,10,True,False,True,MSCAC,MSCAC,iii,iii,
6,regular,2025-10-04 17:30:00+00:00,Gardner-Webb,Charleston Southern,30,27,True,False,True,OVC-Big South,OVC-Big South,fcs,fcs,
6,regular,2025-10-04 17:30:00+00:00,Mount St Joseph,Anderson (IN),41,21,True,False,True,Heartland,Heartland,iii,iii,
6,regular,2025-10-04 17:30:00+00:00,South Carolina State,Savannah State,49,6,True,False,False,MEAC,SIAC,fcs,ii,
6,regular,2025-10-04 18:00:00+00:00,Lindenwood,UT Martin,30,14,True,False,True,OVC-Big South,OVC-Big South,fcs,fcs,
6,regular,2025-10-04 18:00:00+00:00,Kalamazoo,Olivet,44,47,True,False,True,Michigan,Michigan,iii,iii,
6,regular,2025-10-04 18:00:00+00:00,Missouri S&T,Upper Iowa,26,36,True,False,True,Great Lakes,Great Lakes,ii,ii,
6,regular,2025-10-04 18:00:00+00:00,Concordia Chicago,Eureka,49,20,True,False,True,NACC,NACC,iii,iii,
6,regular,2025-10-04 18:00:00+00:00,West Chester,East Stroudsburg,14,45,True,False,True,Pennsylvania State Athletic,Pennsylvania State Athletic,ii,ii,
6,regular,2025-10-04 18:00:00+00:00,New England College,Curry,7,62,True,True,False,,Commonwealth Coast,,iii,
6,regular,2025-10-04 18:00:00+00:00,Ohio Northern,Marietta,42,9,True,False,True,Ohio,Ohio,iii,iii,
6,regular,2025-10-04 18:00:00+00:00,Benedictine (IL),Rockford,42,9,True,False,True,NACC,NACC,iii,iii,
6,regular,2025-10-04 18:00:00+00:00,Roanoke College,Randolph Macon,17,35,True,True,False,,Old Dominion,,iii,
6,regular,2025-10-04 18:00:00+00:00,Alma,Calvin,55,6,True,False,True,Michigan,Michigan,iii,iii,
6,regular,2025-10-04 18:00:00+00:00,Rose Hulman,Hanover,10,44,True,False,True,Heartland,Heartland,iii,iii,
6,regular,2025-10-04 18:00:00+00:00,Denison,Ohio Wesleyan,35,20,True,False,True,North Coast,North Coast,iii,iii,
6,regular,2025-10-04 18:00:00+00:00,St. Norbert,Concordia (WI),17,24,True,False,True,NACC,NACC,iii,iii,
6,regular,2025-10-04 18:00:00+00:00,Lakeland,Aurora,28,49,True,False,True,NACC,NACC,iii,iii,
6,regular,2025-10-04 18:00:00+00:00,Wisconsin Platteville,Wisconsin Stevens Point,52,0,True,False,True,Wisconsin,Wisconsin,iii,iii,
6,regular,2025-10-04 18:00:00+00:00,Carnegie Mellon,McDaniel,56,7,True,False,False,Presidents',Centennial,iii,iii,
6,regular,2025-10-04 18:00:00+00:00,Hardin Simmons,Howard Payne,69,14,True,False,True,American Southwest,American Southwest,iii,iii,
6,regular,2025-10-04 18:00:00+00:00,Wooster,Wittenberg,14,12,True,False,True,North Coast,North Coast,iii,iii,
6,regular,2025-10-04 18:00:00+00:00,Luther,Wartburg,3,36,True,False,True,American Rivers,American Rivers,iii,iii,
6,regular,2025-10-04 18:00:00+00:00,Gustavus Adolphus,Carleton,28,45,True,False,True,Minnesota,Minnesota,iii,iii,
6,regular,2025-10-04 18:00:00+00:00,Missouri Southern State,Fort Hays,21,28,True,False,True,Mid America,Mid America,ii,ii,
6,regular,2025-10-04 18:00:00+00:00,Loras,Central College,27,45,True,False,True,American Rivers,American Rivers,iii,iii,
6,regular,2025-10-04 18:00:00+00:00,Bethel (MN),Saint John's (MN),17,10,True,False,True,Minnesota,Minnesota,iii,iii,
6,regular,2025-10-04 18:00:00+00:00,Barton,Delta State,0,45,True,False,False,Carolinas,Gulf South,ii,ii,
6,regular,2025-10-04 18:00:00+00:00,Saginaw Valley State,Northern Michigan,47,25,True,False,True,GLIAC,GLIAC,ii,ii,
6,regular,2025-10-04 18:00:00+00:00,Coe,Buena Vista,37,10,True,False,True,American Rivers,American Rivers,iii,iii,
6,regular,2025-10-04 18:00:00+00:00,Concordia (MN),St. Scholastica,49,21,True,False,True,Minnesota,Minnesota,iii,iii,
6,regular,2025-10-04 18:00:00+00:00,Fort Lewis,Western Colorado,10,49,True,False,True,Rocky Mountain,Rocky Mountain,ii,ii,
6,regular,2025-10-04 18:00:00+00:00,Bryant,Maine,14,34,True,False,True,Coastal Athletic,Coastal Athletic,fcs,fcs,
6,regular,2025-10-04 18:00:00+00:00,St. Thomas (MN),Butler,14,21,True,False,True,Pioneer,Pioneer,fcs,fcs,
6,regular,2025-10-04 18:00:00+00:00,Jamestown,University of Mary,22,44,True,True,False,Northern Sun,Northern Sun,ii,ii,
6,regular,2025-10-04 18:00:00+00:00,Trinity (TX),Southwestern U,65,14,True,False,True,Southern Athletic,Southern Athletic,iii,iii,
6,regular,2025-10-04 18:00:00+00:00,Greenville,Westminster (MO),38,24,True,False,True,Upper Midwest,Upper Midwest,iii,iii,
6,regular,2025-10-04 18:00:00+00:00,Elmhurst,Carthage,7,31,True,False,True,CCIW,CCIW,iii,iii,
6,regular,2025-10-04 18:00:00+00:00,Millikin,Carroll (WI),17,28,True,False,True,CCIW,CCIW,iii,iii,
6,regular,2025-10-04 18:00:00+00:00,North Park,Augustana (IL),21,24,True,False,True,CCIW,CCIW,iii,iii,
6,regular,2025-10-04 18:00:00+00:00,Sioux Falls,Augustana (SD),28,29,True,False,True,Northern Sun,Northern Sun,ii,ii,
6,regular,2025-10-04 18:00:00+00:00,Winona State,Wayne State (NE),21,14,True,False,True,Northern Sun,Northern Sun,ii,ii,
6,regular,2025-10-04 18:00:00+00:00,Sewanee,Maryville (TN),7,40,True,False,False,Southern Athletic,USA South,iii,iii,
6,regular,2025-10-04 18:00:00+00:00,Colorado School of Mines,Colorado Mesa,24,28,True,False,True,Rocky Mountain,Rocky Mountain,ii,ii,
6,regular,2025-10-04 18:00:00+00:00,Bloomsburg,Lock Haven,17,38,True,False,True,Pennsylvania State Athletic,Pennsylvania State Athletic,ii,ii,
6,regular,2025-10-04 18:00:00+00:00,NC State,Campbell,56,10,True,False,False,ACC,Coastal Athletic,fbs,fcs,
6,regular,2025-10-04 18:00:00+00:00,Wisconsin Whitewater,Wisconsin La Crosse,20,23,True,False,True,Wisconsin,Wisconsin,iii,iii,
6,regular,2025-10-04 18:00:00+00:00,Grinnell,Monmouth (IL),9,49,True,False,True,Midwest,Midwest,iii,iii,
6,regular,2025-10-04 18:00:00+00:00,Holy Cross,Harvard,24,59,True,False,False,Patriot,Ivy,fcs,fcs,
6,regular,2025-10-04 18:00:00+00:00,Furman,East Tennessee State,31,22,True,False,True,Southern,Southern,fcs,fcs,
6,regular,2025-10-04 18:00:00+00:00,Southern Connecticut State,Bentley,21,34,True,False,True,Northeast 10,Northeast 10,ii,ii,
6,regular,2025-10-04 18:00:00+00:00,Cornell,Colgate,21,41,True,False,False,Ivy,Patriot,fcs,fcs,
6,regular,2025-10-04 18:00:00+00:00,East Texas Baptist,Mary Hardin Baylor,28,42,True,False,True,American Southwest,American Southwest,iii,iii,
6,regular,2025-10-04 18:00:00+00:00,Adams State,Chadron State,2,45,True,False,True,Rocky Mountain,Rocky Mountain,ii,ii,
6,regular,2025-10-04 18:00:00+00:00,Millersville,Shepherd,23,38,True,False,True,Pennsylvania State Athletic,Pennsylvania State Athletic,ii,ii,
6,regular,2025-10-04 18:00:00+00:00,Huntingdon,Methodist,26,0,True,False,True,USA South,USA South,iii,iii,
6,regular,2025-10-04 18:00:00+00:00,Knox,Chicago,0,52,True,False,True,Midwest,Midwest,iii,iii,
6,regular,2025-10-04 18:00:00+00:00,Illinois College,Lawrence,59,0,True,False,True,Midwest,Midwest,iii,iii,
6,regular,2025-10-04 18:00:00+00:00,Middlebury,Amherst,17,27,True,False,True,NESCAC,NESCAC,iii,iii,
6,regular,2025-10-04 18:00:00+00:00,Virginia State,Johnson C. Smith,20,31,True,False,True,CIAA,CIAA,ii,ii,
6,regular,2025-10-04 18:00:00+00:00,Wisconsin River Falls,Wisconsin Oshkosh,17,21,True,False,True,Wisconsin,Wisconsin,iii,iii,
6,regular,2025-10-04 18:00:00+00:00,Anderson (SC),UVA Wise,50,7,True,False,True,South Atlantic,South Atlantic,ii,ii,
6,regular,2025-10-04 18:00:00+00:00,Beloit,Cornell (IA),19,26,True,False,True,Midwest,Midwest,iii,iii,
6,regular,2025-10-04 18:00:00+00:00,Northeastern State,West Florida,24,31,True,False,False,Independent DII,Gulf South,ii,ii,
6,regular,2025-10-04 18:00:00+00:00,IU Pennsylvania,Edinboro,35,12,True,False,True,Pennsylvania State Athletic,Pennsylvania State Athletic,ii,ii,
6,regular,2025-10-04 18:00:00+00:00,Benedict,Allen,38,28,True,False,True,SIAC,SIAC,ii,ii,
6,regular,2025-10-04 18:00:00+00:00,Roosevelt,Ferris State,0,66,True,False,True,GLIAC,GLIAC,ii,ii,
6,regular,2025-10-04 18:00:00+00:00,Bemidji State,Northern State,24,21,True,False,True,Northern Sun,Northern Sun,ii,ii,
6,regular,2025-10-04 18:00:00+00:00,Wisconsin Eau Claire,Wisconsin Stout,17,42,True,False,True,Wisconsin,Wisconsin,iii,iii,
6,regular,2025-10-04 18:30:00+00:00,Massachusetts,Western Michigan,3,21,True,False,True,Mid-American,Mid-American,fbs,fbs,
6,regular,2025-10-04 18:35:00+00:00,John Carroll,Wabash,31,28,True,False,False,Ohio,North Coast,iii,iii,
6,regular,2025-10-04 19:00:00+00:00,Abilene Christian,North Alabama,52,23,True,False,True,UAC,UAC,fcs,fcs,
6,regular,2025-10-04 19:00:00+00:00,Miles,Kentucky State,17,38,True,False,True,SIAC,SIAC,ii,ii,
6,regular,2025-10-04 19:00:00+00:00,Southwestern Oklahoma State,Henderson State,32,35,True,False,True,Great American,Great American,ii,ii,
6,regular,2025-10-04 19:00:00+00:00,Quincy,McKendree,21,24,True,False,True,Great Lakes,Great Lakes,ii,ii,
6,regular,2025-10-04 19:00:00+00:00,Arizona,Oklahoma State,41,13,True,False,True,Big 12,Big 12,fbs,fbs,
6,regular,2025-10-04 19:00:00+00:00,Dubuque,Nebraska Wesleyan,21,10,True,False,True,American Rivers,American Rivers,iii,iii,
6,regular,2025-10-04 19:00:00+00:00,Pittsburg State,Nebraska Kearney,23,6,True,False,True,Mid America,Mid America,ii,ii,
6,regular,2025-10-04 19:00:00+00:00,South Dakota,Murray State,49,24,True,False,True,MVFC,MVFC,fcs,fcs,
6,regular,2025-10-04 19:00:00+00:00,New Mexico Highlands,CSU Pueblo,13,59,True,False,True,Rocky Mountain,Rocky Mountain,ii,ii,
6,regular,2025-10-04 19:00:00+00:00,Lane College,Albany State,6,47,True,False,True,SIAC,SIAC,ii,ii,
6,regular,2025-10-04 19:00:00+00:00,Eastern Illinois,Tennessee State,31,7,True,False,True,OVC-Big South,OVC-Big South,fcs,fcs,
6,regular,2025-10-04 19:00:00+00:00,Alabama State,Bethune-Cookman,52,35,True,False,True,SWAC,SWAC,fcs,fcs,
6,regular,2025-10-04 19:00:00+00:00,Northwestern (OK),Southern Arkansas,16,42,True,False,True,Great American,Great American,ii,ii,
6,regular,2025-10-04 19:00:00+00:00,Arkansas Monticello,Southern Nazarene,23,9,True,False,True,Great American,Great American,ii,ii,
6,regular,2025-10-04 19:00:00+00:00,Harding,East Central,65,0,True,False,True,Great American,Great American,ii,ii,
6,regular,2025-10-04 19:30:00+00:00,Northern Illinois,Miami (OH),14,25,True,False,True,Mid-American,Mid-American,fbs,fbs,
6,regular,2025-10-04 19:30:00+00:00,Louisville,Virginia,27,30,True,False,True,ACC,ACC,fbs,fbs,
6,regular,2025-10-04 19:30:00+00:00,Georgia State,James Madison,7,14,True,False,True,Sun Belt,Sun Belt,fbs,fbs,
6,regular,2025-10-04 19:30:00+00:00,SMU,Syracuse,31,18,True,False,True,ACC,ACC,fbs,fbs,
6,regular,2025-10-04 19:30:00+00:00,App State,Oregon State,27,23,True,False,False,Sun Belt,Pac-12,fbs,fbs,
6,regular,2025-10-04 19:30:00+00:00,Florida,Texas,29,21,True,False,True,SEC,SEC,fbs,fbs,
6,regular,2025-10-04 19:30:00+00:00,Wheeling,West Virginia Wesleyan,40,14,True,False,True,Mountain East,Mountain East,ii,ii,
6,regular,2025-10-04 19:30:00+00:00,Northwestern,UL Monroe,42,7,True,False,False,Big Ten,Sun Belt,fbs,fbs,
6,regular,2025-10-04 19:30:00+00:00,Maryland,Washington,20,24,True,False,True,Big Ten,Big Ten,fbs,fbs,
6,regular,2025-10-04 19:30:00+00:00,UConn,Florida International,51,10,True,False,False,FBS Independents,Conference USA,fbs,fbs,
6,regular,2025-10-04 19:30:00+00:00,UAlbany,Stony Brook,12,47,True,False,True,Coastal Athletic,Coastal Athletic,fcs,fcs,
6,regular,2025-10-04 19:30:00+00:00,Notre Dame,Boise State,28,7,True,False,False,FBS Independents,Mountain West,fbs,fbs,
6,regular,2025-10-04 19:30:00+00:00,William & Mary,North Carolina A&T,38,34,True,False,True,Coastal Athletic,Coastal Athletic,fcs,fcs,
6,regular,2025-10-04 19:30:00+00:00,Buffalo,Eastern Michigan,31,30,True,False,True,Mid-American,Mid-American,fbs,fbs,
6,regular,2025-10-04 19:30:00+00:00,UCLA,Penn State,42,37,True,False,True,Big Ten,Big Ten,fbs,fbs,
6,regular,2025-10-04 19:30:00+00:00,Alabama,Vanderbilt,30,14,True,False,True,SEC,SEC,fbs,fbs,
6,regular,2025-10-04 19:30:00+00:00,Akron,Central Michigan,28,22,True,False,True,Mid-American,Mid-American,fbs,fbs,
6,regular,2025-10-04 20:00:00+00:00,Towson,Elon,3,17,True,False,True,Coastal Athletic,Coastal Athletic,fcs,fcs,
6,regular,2025-10-04 20:00:00+00:00,Ripon,Lake Forest,0,38,True,False,True,Midwest,Midwest,iii,iii,
6,regular,2025-10-04 20:00:00+00:00,Tiffin,Hillsdale,28,21,True,False,True,Great Midwest Athletic,Great Midwest Athletic,ii,ii,
6,regular,2025-10-04 20:00:00+00:00,Valdosta State,Lenoir Rhyne,25,32,True,False,False,Gulf South,South Atlantic,ii,ii,
6,regular,2025-10-04 20:00:00+00:00,Nebraska,Michigan State,38,27,True,False,True,Big Ten,Big Ten,fbs,fbs,
6,regular,2025-10-04 20:00:00+00:00,Oklahoma,Kent State,44,0,True,False,False,SEC,Mid-American,fbs,fbs,
6,regular,2025-10-04 20:00:00+00:00,Arkansas State,Texas State,31,30,True,False,True,Sun Belt,Sun Belt,fbs,fbs,
6,regular,2025-10-04 20:00:00+00:00,Austin Peay,West Georgia,44,30,True,False,True,UAC,UAC,fcs,fcs,
6,regular,2025-10-04 20:00:00+00:00,Mercer,Samford,45,21,True,False,True,Southern,Southern,fcs,fcs,
6,regular,2025-10-04 20:00:00+00:00,Lamar,Nicholls,24,17,True,False,True,Southland,Southland,fcs,fcs,
6,regular,2025-10-04 20:00:00+00:00,Buffalo State,Union,6,28,True,False,True,Liberty League,Liberty League,iii,iii,
6,regular,2025-10-04 20:00:00+00:00,Grand Valley State,Davenport,37,14,True,False,True,GLIAC,GLIAC,ii,ii,
6,regular,2025-10-04 20:00:00+00:00,Lewis & Clark,Puget Sound,58,21,True,False,True,Northwest,Northwest,iii,iii,
6,regular,2025-10-04 20:00:00+00:00,Alcorn State,Prairie View A&M,12,13,True,False,True,SWAC,SWAC,fcs,fcs,
6,regular,2025-10-04 20:00:00+00:00,Pacific (OR),Whitworth,14,28,True,False,True,Northwest,Northwest,iii,iii,
6,regular,2025-10-04 20:00:00+00:00,Hampton,Norfolk State,41,34,True,False,False,Coastal Athletic,MEAC,fcs,fcs,
6,regular,2025-10-04 20:00:00+00:00,Pacific Lutheran,Willamette,31,28,True,False,True,Northwest,Northwest,iii,iii,
6,regular,2025-10-04 20:05:00+00:00,Western Oregon,Western New Mexico,41,20,True,False,True,Lone Star,Lone Star,ii,ii,
6,regular,2025-10-04 20:30:00+00:00,George Fox,Linfield,17,35,True,False,True,Northwest,Northwest,iii,iii,
6,regular,2025-10-04 21:00:00+00:00,Alabama A&M,Jackson State,24,57,True,True,True,SWAC,SWAC,fcs,fcs,
6,regular,2025-10-04 21:00:00+00:00,Kentucky Wesleyan,Ashland,0,55,True,False,True,Great Midwest Athletic,Great Midwest Athletic,ii,ii,
6,regular,2025-10-04 21:00:00+00:00,Northern Arizona,Montana State,10,34,True,False,True,Big Sky,Big Sky,fcs,fcs,
6,regular,2025-10-04 21:00:00+00:00,Northern Iowa,North Dakota,7,35,True,False,True,MVFC,MVFC,fcs,fcs,
6,regular,2025-10-04 21:00:00+00:00,Central Arkansas,Utah Tech,23,17,True,False,True,UAC,UAC,fcs,fcs,
6,regular,2025-10-04 22:00:00+00:00,Old Dominion,Coastal Carolina,47,7,True,False,True,Sun Belt,Sun Belt,fbs,fbs,
6,regular,2025-10-04 22:00:00+00:00,Youngstown State,South Dakota State,30,35,True,False,True,MVFC,MVFC,fcs,fcs,
6,regular,2025-10-04 22:00:00+00:00,Indianapolis,William Jewell,63,17,True,False,True,Great Lakes,Great Lakes,ii,ii,
6,regular,2025-10-04 22:00:00+00:00,Muskingum,Franklin,33,34,True,False,False,Ohio,Heartland,iii,iii,
6,regular,2025-10-04 22:00:00+00:00,Catawba,Mars Hill,42,28,True,False,True,South Atlantic,South Atlantic,ii,ii,
6,regular,2025-10-04 23:00:00+00:00,Thomas More,Lake Erie,15,21,True,False,True,Great Midwest Athletic,Great Midwest Athletic,ii,ii,
6,regular,2025-10-04 23:00:00+00:00,Newberry,Wingate,43,42,True,False,True,South Atlantic,South Atlantic,ii,ii,
6,regular,2025-10-04 23:00:00+00:00,Bates,Colby,6,13,True,False,True,NESCAC,NESCAC,iii,iii,
6,regular,2025-10-04 23:00:00+00:00,Morehouse,Tuskegee,27,20,True,True,True,SIAC,SIAC,ii,ii,
6,regular,2025-10-04 23:00:00+00:00,Missouri Western,Emporia State,14,50,True,False,True,Mid America,Mid America,ii,ii,
6,regular,2025-10-04 23:00:00+00:00,Texas Southern,Arkansas-Pine Bluff,51,7,True,False,True,SWAC,SWAC,fcs,fcs,
6,regular,2025-10-04 23:00:00+00:00,Austin,Centenary (LA),41,15,True,False,True,Southern Collegiate Athletic,Southern Collegiate Athletic,iii,iii,
6,regular,2025-10-04 23:00:00+00:00,Tarleton State,Southern Utah,52,42,True,False,True,UAC,UAC,fcs,fcs,
6,regular,2025-10-04 23:00:00+00:00,Northwestern State,East Texas A&M,10,40,True,False,True,Southland,Southland,fcs,fcs,
6,regular,2025-10-04 23:00:00+00:00,Eastern Washington,Portland State,35,27,True,False,True,Big Sky,Big Sky,fcs,fcs,
6,regular,2025-10-04 23:00:00+00:00,Rice,Florida Atlantic,21,27,True,False,True,American Athletic,American Athletic,fbs,fbs,
6,regular,2025-10-04 23:00:00+00:00,Midwestern State,Texas A&M-Kingsville,31,24,True,False,True,Lone Star,Lone Star,ii,ii,
6,regular,2025-10-04 23:00:00+00:00,West Alabama,Lincoln (CA),0,0,True,False,False,Gulf South,Independent DII,ii,ii,
6,regular,2025-10-04 23:00:00+00:00,Arkansas Tech,Southeastern Oklahoma State,14,10,True,False,True,Great American,Great American,ii,ii,
6,regular,2025-10-04 23:00:00+00:00,McNeese,SE Louisiana,0,38,True,False,True,Southland,Southland,fcs,fcs,
6,regular,2025-10-04 23:00:00+00:00,La Verne,Pomona Pitzer,12,34,True,False,True,So. Cal.,So. Cal.,iii,iii,
6,regular,2025-10-04 23:00:00+00:00,Minnesota Morris,Martin Luther,35,28,True,False,True,Upper Midwest,Upper Midwest,iii,iii,
6,regular,2025-10-04 23:00:00+00:00,North Central College,Wheaton (IL),35,0,True,False,True,CCIW,CCIW,iii,iii,
6,regular,2025-10-04 23:00:00+00:00,Washington St. Louis,Illinois Wesleyan,42,40,True,False,True,CCIW,CCIW,iii,iii,
6,regular,2025-10-04 23:00:00+00:00,Illinois State,North Dakota State,16,33,True,False,True,MVFC,MVFC,fcs,fcs,
6,regular,2025-10-04 23:00:00+00:00,Troy,South Alabama,31,24,True,False,True,Sun Belt,Sun Belt,fbs,fbs,
6,regular,2025-10-04 23:00:00+00:00,Houston,Texas Tech,11,35,True,False,True,Big 12,Big 12,fbs,fbs,
6,regular,2025-10-04 23:00:00+00:00,Angelo State,UT Permian Basin,14,28,True,False,True,Lone Star,Lone Star,ii,ii,
6,regular,2025-10-04 23:00:00+00:00,Southern Illinois,Indiana State,55,27,True,False,True,MVFC,MVFC,fcs,fcs,
6,regular,2025-10-04 23:00:00+00:00,Wyoming,UNLV,17,31,True,False,True,Mountain West,Mountain West,fbs,fbs,
6,regular,2025-10-04 23:00:00+00:00,Incarnate Word,Stephen F. Austin,17,31,True,False,True,Southland,Southland,fcs,fcs,
6,regular,2025-10-04 23:30:00+00:00,Ohio State,Minnesota,42,3,True,False,True,Big Ten,Big Ten,fbs,fbs,
6,regular,2025-10-04 23:30:00+00:00,Texas A&M,Mississippi State,31,9,True,False,True,SEC,SEC,fbs,fbs,
6,regular,2025-10-04 23:30:00+00:00,UCF,Kansas,20,27,True,False,True,Big 12,Big 12,fbs,fbs,
6,regular,2025-10-04 23:30:00+00:00,Florida State,Miami,22,28,True,False,True,ACC,ACC,fbs,fbs,
6,regular,2025-10-04 23:30:00+00:00,TCU,Colorado,35,21,True,False,True,Big 12,Big 12,fbs,fbs,
6,regular,2025-10-04 23:35:00+00:00,Geneva,Grove City,9,22,True,False,True,Presidents',Presidents',iii,iii,
6,regular,2025-10-05 00:00:00+00:00,Idaho State,Montana,38,42,True,False,True,Big Sky,Big Sky,fcs,fcs,
6,regular,2025-10-05 00:00:00+00:00,West Texas,Sul Ross State,56,7,True,False,True,Lone Star,Lone Star,ii,ii,
6,regular,2025-10-05 00:00:00+00:00,UT Rio Grande Valley,Houston Christian,27,7,True,False,False,Southland,Southland,fcs,fcs,
6,regular,2025-10-05 00:00:00+00:00,Macalester,Hamline,29,0,True,False,True,Minnesota,Minnesota,iii,iii,
6,regular,2025-10-05 00:00:00+00:00,Memphis,Tulsa,45,7,True,False,True,American Athletic,American Athletic,fbs,fbs,
6,regular,2025-10-05 00:00:00+00:00,Black Hills State,South Dakota Mines,13,27,True,False,True,Rocky Mountain,Rocky Mountain,ii,ii,
6,regular,2025-10-05 00:00:00+00:00,Cal Poly,UC Davis,27,34,True,False,True,Big Sky,Big Sky,fcs,fcs,
6,regular,2025-10-05 00:00:00+00:00,Central Oklahoma,Central Missouri,34,35,True,False,True,Mid America,Mid America,ii,ii,
6,regular,2025-10-05 00:15:00+00:00,Crown,Northwestern (MN),22,3,True,False,True,Upper Midwest,Upper Midwest,iii,iii,
6,regular,2025-10-05 01:00:00+00:00,Central Washington,Eastern New Mexico,58,7,True,False,True,Lone Star,Lone Star,ii,ii,
6,regular,2025-10-05 02:00:00+00:00,Cal Lutheran,Claremont Mudd Scripps,22,17,True,False,True,So. Cal.,So. Cal.,iii,iii,
6,regular,2025-10-05 02:00:00+00:00,Chapman,Redlands,27,0,True,False,True,So. Cal.,So. Cal.,iii,iii,
6,regular,2025-10-05 02:30:00+00:00,Fresno State,Nevada,20,17,True,False,True,Mountain West,Mountain West,fbs,fbs,
6,regular,2025-10-05 02:30:00+00:00,California,Duke,21,45,True,False,True,ACC,ACC,fbs,fbs,
7,regular,2025-10-08 23:30:00+00:00,Middle Tennessee,Missouri State,20,22,True,False,True,Conference USA,Conference USA,fbs,fbs,
7,regular,2025-10-09 00:00:00+00:00,UTEP,Liberty,8,19,True,False,True,Conference USA,Conference USA,fbs,fbs,
7,regular,2025-10-09 23:00:00+00:00,Southeastern Oklahoma State,Harding,7,35,True,False,True,Great American,Great American,ii,ii,
7,regular,2025-10-09 23:00:00+00:00,Kennesaw State,Louisiana Tech,35,7,True,False,True,Conference USA,Conference USA,fbs,fbs,
7,regular,2025-10-09 23:30:00+00:00,Tulane,East Carolina,26,19,True,False,True,American Athletic,American Athletic,fbs,fbs,
7,regular,2025-10-10 00:00:00+00:00,Georgia Southern,Southern Miss,35,38,True,False,True,Sun Belt,Sun Belt,fbs,fbs,
7,regular,2025-10-10 00:00:00+00:00,Sam Houston,Jacksonville State,27,29,True,True,True,Conference USA,Conference USA,fbs,fbs,
7,regular,2025-10-10 23:00:00+00:00,Harvard,Cornell,34,10,True,False,True,Ivy,Ivy,fcs,fcs,
7,regular,2025-10-10 23:00:00+00:00,Bryant,Brown,19,29,True,False,False,Coastal Athletic,Ivy,fcs,fcs,
7,regular,2025-10-10 23:00:00+00:00,Pennsylvania,Marist,28,9,True,False,False,Ivy,Pioneer,fcs,fcs,
7,regular,2025-10-10 23:00:00+00:00,Stevenson,King's,28,35,True,False,True,Mid Atlantic,Mid Atlantic,iii,iii,
7,regular,2025-10-10 23:30:00+00:00,North Texas,South Florida,36,63,True,False,True,American Athletic,American Athletic,fbs,fbs,
7,regular,2025-10-11 01:00:00+00:00,Colorado State,Fresno State,49,21,True,False,True,Mountain West,Mountain West,fbs,fbs,
7,regular,2025-10-11 01:00:00+00:00,Washington,Rutgers,38,19,True,False,True,Big Ten,Big Ten,fbs,fbs,
7,regular,2025-10-11 15:00:00+00:00,Curry,Maine Maritime,60,0,True,False,False,Commonwealth Coast,Commonwealth Coast,iii,iii,
7,regular,2025-10-11 16:00:00+00:00,Northwood,Lake Erie,52,7,True,False,True,Great Midwest Athletic,Great Midwest Athletic,ii,ii,
7,regular,2025-10-11 16:00:00+00:00,Bowling Green,Toledo,28,23,True,False,True,Mid-American,Mid-American,fbs,fbs,
7,regular,2025-10-11 16:00:00+00:00,Missouri,Alabama,24,27,True,False,True,SEC,SEC,fbs,fbs,
7,regular,2025-10-11 16:00:00+00:00,Oklahoma State,Houston,17,39,True,False,True,Big 12,Big 12,fbs,fbs,
7,regular,2025-10-11 16:00:00+00:00,Illinois,Ohio State,16,34,True,False,True,Big Ten,Big Ten,fbs,fbs,
7,regular,2025-10-11 16:00:00+00:00,Vermont State Castleton,Christopher Newport,7,69,True,False,False,New Jersey,New Jersey,iii,iii,
7,regular,2025-10-11 16:00:00+00:00,Gannon,Clarion,46,48,True,False,True,Pennsylvania State Athletic,Pennsylvania State Athletic,ii,ii,
7,regular,2025-10-11 16:00:00+00:00,North Carolina Wesleyan,Belhaven,38,41,True,False,True,USA South,USA South,iii,iii,
7,regular,2025-10-11 16:00:00+00:00,Army,Charlotte,24,7,True,False,True,American Athletic,American Athletic,fbs,fbs,
7,regular,2025-10-11 16:00:00+00:00,Akron,Miami (OH),7,20,True,False,True,Mid-American,Mid-American,fbs,fbs,
7,regular,2025-10-11 16:00:00+00:00,Worcester State,Fitchburg State,6,21,True,False,True,MSCAC,MSCAC,iii,iii,
7,regular,2025-10-11 16:00:00+00:00,Thiel,Geneva,38,51,True,False,True,Presidents',Presidents',iii,iii,
7,regular,2025-10-11 16:00:00+00:00,Eastern,Delaware Valley,37,20,True,False,True,Mid Atlantic,Mid Atlantic,iii,iii,
7,regular,2025-10-11 16:00:00+00:00,Wagner,Mercyhurst,7,19,True,False,True,NEC,NEC,fcs,fcs,
7,regular,2025-10-11 16:00:00+00:00,Johns Hopkins,Carnegie Mellon,28,27,True,False,False,Centennial,Presidents',iii,iii,
7,regular,2025-10-11 16:00:00+00:00,Rochester (NY),Hilbert,38,0,True,False,False,Liberty League,Empire 8,iii,iii,
7,regular,2025-10-11 16:00:00+00:00,Cincinnati,UCF,20,11,True,False,True,Big 12,Big 12,fbs,fbs,
7,regular,2025-10-11 16:00:00+00:00,Florida State,Pittsburgh,31,34,True,False,True,ACC,ACC,fbs,fbs,
7,regular,2025-10-11 16:00:00+00:00,Assumption,Pace,24,7,True,False,True,Northeast 10,Northeast 10,ii,ii,
7,regular,2025-10-11 16:00:00+00:00,Michigan State,UCLA,13,38,True,False,True,Big Ten,Big Ten,fbs,fbs,
7,regular,2025-10-11 16:00:00+00:00,Truman State,Upper Iowa,48,21,True,False,True,Great Lakes,Great Lakes,ii,ii,
7,regular,2025-10-11 16:00:00+00:00,Delaware State,Southern Connecticut State,70,23,True,False,False,MEAC,Northeast 10,fcs,ii,
7,regular,2025-10-11 16:00:00+00:00,Princeton,Mercer,14,38,True,False,False,Ivy,Southern,fcs,fcs,
7,regular,2025-10-11 16:00:00+00:00,SMU,Stanford,34,10,True,False,True,ACC,ACC,fbs,fbs,
7,regular,2025-10-11 16:00:00+00:00,Columbia,Lehigh,7,31,True,False,False,Ivy,Patriot,fcs,fcs,
7,regular,2025-10-11 16:00:00+00:00,Wittenberg,John Carroll,7,44,True,False,False,North Coast,Ohio,iii,iii,
7,regular,2025-10-11 16:00:00+00:00,Susquehanna,Lycoming,69,7,True,False,True,Landmark Conference,Landmark Conference,iii,iii,
7,regular,2025-10-11 16:00:00+00:00,Utica,SUNY Morrisville,27,21,True,False,True,Empire 8,Empire 8,iii,iii,
7,regular,2025-10-11 16:00:00+00:00,Shepherd,West Chester,28,24,True,False,True,Pennsylvania State Athletic,Pennsylvania State Athletic,ii,ii,
7,regular,2025-10-11 16:00:00+00:00,Seton Hill,Slippery Rock,7,49,True,False,True,Pennsylvania State Athletic,Pennsylvania State Athletic,ii,ii,
7,regular,2025-10-11 16:00:00+00:00,James Madison,Louisiana,24,14,True,False,True,Sun Belt,Sun Belt,fbs,fbs,
7,regular,2025-10-11 16:30:00+00:00,Lafayette,Bucknell,62,24,True,False,True,Patriot,Patriot,fcs,fcs,
7,regular,2025-10-11 16:40:00+00:00,Wisconsin La Crosse,Wisconsin Eau Claire,41,21,True,False,True,Wisconsin,Wisconsin,iii,iii,
7,regular,2025-10-11 16:45:00+00:00,Ole Miss,Washington State,24,21,True,False,False,SEC,Pac-12,fbs,fbs,
7,regular,2025-10-11 17:00:00+00:00,Randolph Macon,Averett,77,20,True,False,True,Old Dominion,Old Dominion,iii,iii,
7,regular,2025-10-11 17:00:00+00:00,Ferris State,Wayne State (MI),59,0,True,False,True,GLIAC,GLIAC,ii,ii,
7,regular,2025-10-11 17:00:00+00:00,Lebanon Valley,Misericordia,21,23,True,False,True,Mid Atlantic,Mid Atlantic,iii,iii,
7,regular,2025-10-11 17:00:00+00:00,Augsburg,Bethel (MN),7,56,True,False,True,Minnesota,Minnesota,iii,iii,
7,regular,2025-10-11 17:00:00+00:00,Greensboro,Huntingdon,10,17,True,False,True,USA South,USA South,iii,iii,
7,regular,2025-10-11 17:00:00+00:00,Duquesne,Saint Francis,52,7,True,False,True,NEC,NEC,fcs,fcs,
7,regular,2025-10-11 17:00:00+00:00,Rensselaer,Buffalo State,57,13,True,False,True,Liberty League,Liberty League,iii,iii,
7,regular,2025-10-11 17:00:00+00:00,St. Lawrence,Ithaca,7,24,True,False,True,Liberty League,Liberty League,iii,iii,
7,regular,2025-10-11 17:00:00+00:00,Shaw,Winston-Salem State,20,13,True,False,True,CIAA,CIAA,ii,ii,
7,regular,2025-10-11 17:00:00+00:00,Elizabeth City State,Virginia Union,18,37,True,False,True,CIAA,CIAA,ii,ii,
7,regular,2025-10-11 17:00:00+00:00,Bowie State,Virginia State,21,28,True,False,True,CIAA,CIAA,ii,ii,
7,regular,2025-10-11 17:00:00+00:00,Colgate,Richmond,19,24,True,False,False,Patriot,Patriot,fcs,fcs,
7,regular,2025-10-11 17:00:00+00:00,Merrimack,Maine,13,20,True,False,False,FCS Independents,Coastal Athletic,fcs,fcs,
7,regular,2025-10-11 17:00:00+00:00,Salisbury,Kean,38,24,True,False,True,New Jersey,New Jersey,iii,iii,
7,regular,2025-10-11 17:00:00+00:00,Northwestern (MN),Greenville,20,23,True,False,True,Upper Midwest,Upper Midwest,iii,iii,
7,regular,2025-10-11 17:00:00+00:00,Westminster (MO),Minnesota Morris,27,30,True,False,True,Upper Midwest,Upper Midwest,iii,iii,
7,regular,2025-10-11 17:00:00+00:00,Montclair State,Rowan,26,38,True,False,True,New Jersey,New Jersey,iii,iii,
7,regular,2025-10-11 17:00:00+00:00,Merchant Marine,SUNY Maritime,14,34,True,False,True,NEWMAC,NEWMAC,iii,iii,
7,regular,2025-10-11 17:00:00+00:00,Widener,FDU Florham,20,17,True,False,True,Mid Atlantic,Mid Atlantic,iii,iii,
7,regular,2025-10-11 17:00:00+00:00,Alvernia,Albright,14,38,True,False,True,Mid Atlantic,Mid Atlantic,iii,iii,
7,regular,2025-10-11 17:00:00+00:00,Wabash,Ohio Wesleyan,44,27,True,False,True,North Coast,North Coast,iii,iii,
7,regular,2025-10-11 17:00:00+00:00,Frostburg State,Glenville State,13,19,True,False,True,Mountain East,Mountain East,ii,ii,
7,regular,2025-10-11 17:00:00+00:00,Shippensburg,Millersville,41,28,True,False,True,Pennsylvania State Athletic,Pennsylvania State Athletic,ii,ii,
7,regular,2025-10-11 17:00:00+00:00,Maryville (TN),Centre,33,13,True,False,False,USA South,Southern Athletic,iii,iii,
7,regular,2025-10-11 17:00:00+00:00,Methodist,LaGrange,7,26,True,False,True,USA South,USA South,iii,iii,
7,regular,2025-10-11 17:00:00+00:00,Albany State,Clark Atlanta,32,7,True,False,True,SIAC,SIAC,ii,ii,
7,regular,2025-10-11 17:00:00+00:00,Ashland,Thomas More,38,14,True,False,True,Great Midwest Athletic,Great Midwest Athletic,ii,ii,
7,regular,2025-10-11 17:00:00+00:00,Guilford,Shenandoah,7,45,True,False,True,Old Dominion,Old Dominion,iii,iii,
7,regular,2025-10-11 17:00:00+00:00,Eastern Michigan,Northern Illinois,16,10,True,False,True,Mid-American,Mid-American,fbs,fbs,
7,regular,2025-10-11 17:00:00+00:00,Lincoln (MO),Northeastern State,3,52,True,False,False,Great Lakes,Independent DII,ii,ii,
7,regular,2025-10-11 17:00:00+00:00,Rhode Island,New Hampshire,38,27,True,False,True,Coastal Athletic,Coastal Athletic,fcs,fcs,
7,regular,2025-10-11 17:00:00+00:00,Washington and Lee,Gallaudet,45,0,True,False,False,Old Dominion,Old Dominion,iii,iii,
7,regular,2025-10-11 17:00:00+00:00,Moravian,Wilkes,7,26,True,False,True,Landmark Conference,Landmark Conference,iii,iii,
7,regular,2025-10-11 17:00:00+00:00,Catholic,Juniata,20,17,True,False,True,Landmark Conference,Landmark Conference,iii,iii,
7,regular,2025-10-11 17:00:00+00:00,Central State,Morehouse,26,31,True,False,True,SIAC,SIAC,ii,ii,
7,regular,2025-10-11 17:00:00+00:00,Franklin & Marshall,Muhlenberg,28,27,True,False,True,Centennial,Centennial,iii,iii,
7,regular,2025-10-11 17:00:00+00:00,Sacred Heart,Howard,32,14,True,False,False,FCS Independents,MEAC,fcs,fcs,
7,regular,2025-10-11 17:00:00+00:00,North Carolina A&T,South Carolina State,16,22,True,False,False,Coastal Athletic,MEAC,fcs,fcs,
7,regular,2025-10-11 17:00:00+00:00,Kentucky Wesleyan,Ohio Dominican,3,21,True,False,True,Great Midwest Athletic,Great Midwest Athletic,ii,ii,
7,regular,2025-10-11 17:00:00+00:00,Dickinson,Gettysburg,49,21,True,False,True,Centennial,Centennial,iii,iii,
7,regular,2025-10-11 17:00:00+00:00,Indiana State,South Dakota,14,19,True,False,True,MVFC,MVFC,fcs,fcs,
7,regular,2025-10-11 17:00:00+00:00,Tiffin,Walsh,54,7,True,False,True,Great Midwest Athletic,Great Midwest Athletic,ii,ii,
7,regular,2025-10-11 17:00:00+00:00,New Haven,Western Connecticut State,69,0,True,False,False,NEC,Landmark Conference,fcs,iii,
7,regular,2025-10-11 17:00:00+00:00,Davidson,St. Thomas (MN),13,57,True,False,True,Pioneer,Pioneer,fcs,fcs,
7,regular,2025-10-11 17:00:00+00:00,Morgan State,Virginia Lynchburg,44,6,True,False,False,MEAC,,fcs,,
7,regular,2025-10-11 17:00:00+00:00,Ursinus,McDaniel,52,0,True,False,True,Centennial,Centennial,iii,iii,
7,regular,2025-10-11 17:00:00+00:00,Butler,Presbyterian,25,31,True,False,True,Pioneer,Pioneer,fcs,fcs,
7,regular,2025-10-11 17:00:00+00:00,Southwestern U,Sewanee,39,31,True,False,True,Southern Athletic,Southern Athletic,iii,iii,
7,regular,2025-10-11 17:00:00+00:00,Bluefield State,Lincoln (PA),30,27,True,False,True,CIAA,CIAA,ii,ii,
7,regular,2025-10-11 17:00:00+00:00,Hamilton,Trinity (CT),0,49,True,False,True,NESCAC,NESCAC,iii,iii,
7,regular,2025-10-11 17:00:00+00:00,Stetson,Morehead State,21,14,True,False,True,Pioneer,Pioneer,fcs,fcs,
7,regular,2025-10-11 17:00:00+00:00,Union,Hobart,33,16,True,False,True,Liberty League,Liberty League,iii,iii,
7,regular,2025-10-11 17:30:00+00:00,Fayetteville State,Livingstone,38,14,True,False,True,CIAA,CIAA,ii,ii,
7,regular,2025-10-11 17:30:00+00:00,Bowdoin,Amherst,7,34,True,False,True,NESCAC,NESCAC,iii,iii,
7,regular,2025-10-11 17:30:00+00:00,Anderson (IN),Bluffton,7,49,True,False,True,Heartland,Heartland,iii,iii,
7,regular,2025-10-11 17:30:00+00:00,Colby,Wesleyan (CT),7,24,True,False,True,NESCAC,NESCAC,iii,iii,
7,regular,2025-10-11 17:30:00+00:00,Erskine,North Greenville,0,30,True,False,True,Carolinas,Carolinas,ii,ii,
7,regular,2025-10-11 17:30:00+00:00,Otterbein,Baldwin Wallace,14,56,True,False,True,Ohio,Ohio,iii,iii,
7,regular,2025-10-11 17:30:00+00:00,Mount St Joseph,Hanover,21,45,True,False,True,Heartland,Heartland,iii,iii,
7,regular,2025-10-11 17:30:00+00:00,Manchester,Capital,27,52,True,False,False,Heartland,Ohio,iii,iii,
7,regular,2025-10-11 17:30:00+00:00,Franklin,Rose Hulman,34,35,True,False,True,Heartland,Heartland,iii,iii,
7,regular,2025-10-11 17:30:00+00:00,Muskingum,Ohio Northern,16,54,True,False,True,Ohio,Ohio,iii,iii,
7,regular,2025-10-11 17:30:00+00:00,Wilmington (OH),Mount Union,0,59,True,False,True,Ohio,Ohio,iii,iii,
7,regular,2025-10-11 17:30:00+00:00,Dartmouth,Yale,17,16,True,False,True,Ivy,Ivy,fcs,fcs,
7,regular,2025-10-11 17:30:00+00:00,Wofford,Norfolk State,31,14,True,False,False,Southern,MEAC,fcs,fcs,
7,regular,2025-10-11 18:00:00+00:00,Bentley,Post,59,0,True,False,True,Northeast 10,Northeast 10,ii,ii,
7,regular,2025-10-11 18:00:00+00:00,McMurry,Lyon,65,7,True,False,True,Southern Collegiate Athletic,Southern Collegiate Athletic,iii,iii,
7,regular,2025-10-11 18:00:00+00:00,Illinois Wesleyan,Wheaton (IL),21,65,True,False,True,CCIW,CCIW,iii,iii,
7,regular,2025-10-11 18:00:00+00:00,Martin Luther,Crown,7,17,True,False,True,Upper Midwest,Upper Midwest,iii,iii,
7,regular,2025-10-11 18:00:00+00:00,Minnesota State,Winona State,47,21,True,False,True,Northern Sun,Northern Sun,ii,ii,
7,regular,2025-10-11 18:00:00+00:00,Tusculum,Newberry,28,35,True,False,True,South Atlantic,South Atlantic,ii,ii,
7,regular,2025-10-11 18:00:00+00:00,Carthage,Washington St. Louis,23,31,True,False,True,CCIW,CCIW,iii,iii,
7,regular,2025-10-11 18:00:00+00:00,Monmouth (IL),Illinois College,48,15,True,False,True,Midwest,Midwest,iii,iii,
7,regular,2025-10-11 18:00:00+00:00,Hampton,Campbell,21,38,True,False,True,Coastal Athletic,Coastal Athletic,fcs,fcs,
7,regular,2025-10-11 18:00:00+00:00,Wisconsin Stevens Point,Wisconsin Whitewater,14,45,True,False,True,Wisconsin,Wisconsin,iii,iii,
7,regular,2025-10-11 18:00:00+00:00,Lake Forest,Beloit,59,0,True,False,True,Midwest,Midwest,iii,iii,
7,regular,2025-10-11 18:00:00+00:00,St. Scholastica,Carleton,14,41,True,False,True,Minnesota,Minnesota,iii,iii,
7,regular,2025-10-11 18:00:00+00:00,Benedict,Fort Valley State,14,7,True,False,True,SIAC,SIAC,ii,ii,
7,regular,2025-10-11 18:00:00+00:00,Grove City,Waynesburg,24,14,True,False,True,Presidents',Presidents',iii,iii,
7,regular,2025-10-11 18:00:00+00:00,Wisconsin River Falls,Wisconsin Platteville,31,21,True,False,True,Wisconsin,Wisconsin,iii,iii,
7,regular,2025-10-11 18:00:00+00:00,Rhodes,Millsaps,19,45,True,False,True,Southern Athletic,Southern Athletic,iii,iii,
7,regular,2025-10-11 18:00:00+00:00,Henderson State,Northwestern (OK),59,0,True,False,True,Great American,Great American,ii,ii,
7,regular,2025-10-11 18:00:00+00:00,Hardin Simmons,Mary Hardin Baylor,34,7,True,False,True,American Southwest,American Southwest,iii,iii,
7,regular,2025-10-11 18:00:00+00:00,Davenport,Michigan Tech,14,16,True,False,True,GLIAC,GLIAC,ii,ii,
7,regular,2025-10-11 18:00:00+00:00,Southwest Baptist,McKendree,24,26,True,False,True,Great Lakes,Great Lakes,ii,ii,
7,regular,2025-10-11 18:00:00+00:00,Knox,Grinnell,20,17,True,False,True,Midwest,Midwest,iii,iii,
7,regular,2025-10-11 18:00:00+00:00,Towson,Monmouth,31,42,True,False,True,Coastal Athletic,Coastal Athletic,fcs,fcs,
7,regular,2025-10-11 18:00:00+00:00,Nebraska Wesleyan,Loras,28,31,True,False,True,American Rivers,American Rivers,iii,iii,
7,regular,2025-10-11 18:00:00+00:00,Washington & Jefferson,Westminster (PA),24,7,True,False,True,Presidents',Presidents',iii,iii,
7,regular,2025-10-11 18:00:00+00:00,Saginaw Valley State,Roosevelt,55,10,True,False,True,GLIAC,GLIAC,ii,ii,
7,regular,2025-10-11 18:00:00+00:00,Hendrix,Austin,60,21,True,False,False,Southern Athletic,Southern Collegiate Athletic,iii,iii,
7,regular,2025-10-11 18:00:00+00:00,Emporia State,Missouri Southern State,31,24,True,False,True,Mid America,Mid America,ii,ii,
7,regular,2025-10-11 18:00:00+00:00,Bridgewater,Roanoke College,14,24,True,False,False,Old Dominion,,iii,,
7,regular,2025-10-11 18:00:00+00:00,Williams,Middlebury,24,17,True,False,True,NESCAC,NESCAC,iii,iii,
7,regular,2025-10-11 18:00:00+00:00,Elon,Villanova,21,29,True,False,True,Coastal Athletic,Coastal Athletic,fcs,fcs,
7,regular,2025-10-11 18:00:00+00:00,Saint John's (MN),Macalester,70,0,True,False,True,Minnesota,Minnesota,iii,iii,
7,regular,2025-10-11 18:00:00+00:00,Fairmont State,West Virginia Wesleyan,45,10,True,False,True,Mountain East,Mountain East,ii,ii,
7,regular,2025-10-11 18:00:00+00:00,Findlay,Hillsdale,16,14,True,False,True,Great Midwest Athletic,Great Midwest Athletic,ii,ii,
7,regular,2025-10-11 18:00:00+00:00,Buena Vista,Luther,31,7,True,False,True,American Rivers,American Rivers,iii,iii,
7,regular,2025-10-11 18:00:00+00:00,Edinboro,California (PA),35,29,True,False,True,Pennsylvania State Athletic,Pennsylvania State Athletic,ii,ii,
7,regular,2025-10-11 18:00:00+00:00,Concord,West Virginia State,21,28,True,False,True,Mountain East,Mountain East,ii,ii,
7,regular,2025-10-11 18:00:00+00:00,Robert Morris,Central Connecticut,12,24,True,False,True,NEC,NEC,fcs,fcs,
7,regular,2025-10-11 18:00:00+00:00,Ferrum,Barton,20,34,True,False,False,Carolinas,Carolinas,ii,ii,
7,regular,2025-10-11 18:00:00+00:00,Wayne State (NE),Bemidji State,21,26,True,False,True,Northern Sun,Northern Sun,ii,ii,
7,regular,2025-10-11 18:00:00+00:00,St. Olaf,Gustavus Adolphus,21,35,True,False,True,Minnesota,Minnesota,iii,iii,
7,regular,2025-10-11 18:00:00+00:00,Concordia (WI),Lakeland,41,34,True,False,True,NACC,NACC,iii,iii,
7,regular,2025-10-11 18:00:00+00:00,Wisconsin Stout,Wisconsin Oshkosh,27,16,True,False,True,Wisconsin,Wisconsin,iii,iii,
7,regular,2025-10-11 18:00:00+00:00,Central Missouri,Northwest Missouri State,32,49,True,False,True,Mid America,Mid America,ii,ii,
7,regular,2025-10-11 18:00:00+00:00,Kentucky State,Edward Waters,42,14,True,False,True,SIAC,SIAC,ii,ii,
7,regular,2025-10-11 18:00:00+00:00,Wheeling,Charleston (WV),13,20,True,False,True,Mountain East,Mountain East,ii,ii,
7,regular,2025-10-11 18:00:00+00:00,Hamline,Concordia (MN),12,58,True,False,True,Minnesota,Minnesota,iii,iii,
7,regular,2025-10-11 18:00:00+00:00,Augustana (SD),Concordia St. Paul,50,10,True,False,True,Northern Sun,Northern Sun,ii,ii,
7,regular,2025-10-11 18:00:00+00:00,Aurora,Rockford,48,0,True,False,True,NACC,NACC,iii,iii,
7,regular,2025-10-11 18:00:00+00:00,South Dakota Mines,Colorado School of Mines,14,24,True,False,True,Rocky Mountain,Rocky Mountain,ii,ii,
7,regular,2025-10-11 18:00:00+00:00,Valparaiso,Dayton,10,41,True,False,True,Pioneer,Pioneer,fcs,fcs,
7,regular,2025-10-11 18:00:00+00:00,West Georgia,Abilene Christian,13,30,True,False,True,UAC,UAC,fcs,fcs,
7,regular,2025-10-11 18:00:00+00:00,The Citadel,Valdosta State,38,14,True,False,False,Southern,Gulf South,fcs,ii,
7,regular,2025-10-11 18:00:00+00:00,Simpson (IA),Coe,7,34,True,False,True,American Rivers,American Rivers,iii,iii,
7,regular,2025-10-11 18:00:00+00:00,Chicago,Lawrence,66,0,True,False,True,Midwest,Midwest,iii,iii,
7,regular,2025-10-11 18:30:00+00:00,Kent State,Massachusetts,42,6,True,False,True,Mid-American,Mid-American,fbs,fbs,
7,regular,2025-10-11 18:30:00+00:00,Western Carolina,Furman,52,7,True,False,True,Southern,Southern,fcs,fcs,
7,regular,2025-10-11 18:30:00+00:00,Marietta,Heidelberg,27,30,True,False,True,Ohio,Ohio,iii,iii,
7,regular,2025-10-11 18:30:00+00:00,Wartburg,Dubuque,33,7,True,False,True,American Rivers,American Rivers,iii,iii,
7,regular,2025-10-11 18:30:00+00:00,Mars Hill,Emory & Henry,23,48,True,False,True,South Atlantic,South Atlantic,ii,ii,
7,regular,2025-10-11 19:00:00+00:00,Bethune-Cookman,Southern,45,14,True,False,True,SWAC,SWAC,fcs,fcs,
7,regular,2025-10-11 19:00:00+00:00,Alabama A&M,Mississippi Valley State,45,25,True,False,True,SWAC,SWAC,fcs,fcs,
7,regular,2025-10-11 19:00:00+00:00,Lane College,Miles,13,23,True,False,True,SIAC,SIAC,ii,ii,
7,regular,2025-10-11 19:00:00+00:00,Lenoir Rhyne,Anderson (SC),28,35,True,False,True,South Atlantic,South Atlantic,ii,ii,
7,regular,2025-10-11 19:00:00+00:00,Western Colorado,Black Hills State,56,17,True,False,True,Rocky Mountain,Rocky Mountain,ii,ii,
7,regular,2025-10-11 19:00:00+00:00,University of Mary,Minnesota St Moorhead,35,38,True,False,True,Northern Sun,Northern Sun,ii,ii,
7,regular,2025-10-11 19:00:00+00:00,East Central,Arkansas Tech,37,21,True,False,True,Great American,Great American,ii,ii,
7,regular,2025-10-11 19:00:00+00:00,Oklahoma Baptist,Arkansas Monticello,17,14,True,False,True,Great American,Great American,ii,ii,
7,regular,2025-10-11 19:00:00+00:00,Cornell (IA),Ripon,14,22,True,False,True,Midwest,Midwest,iii,iii,
7,regular,2025-10-11 19:00:00+00:00,Minot State,Jamestown,35,28,True,False,False,Northern Sun,Northern Sun,ii,ii,
7,regular,2025-10-11 19:00:00+00:00,South Dakota State,Northern Iowa,31,3,True,False,True,MVFC,MVFC,fcs,fcs,
7,regular,2025-10-11 19:00:00+00:00,Southern Nazarene,Ouachita Baptist,7,28,True,False,True,Great American,Great American,ii,ii,
7,regular,2025-10-11 19:00:00+00:00,Nebraska Kearney,Missouri Western,27,7,True,False,True,Mid America,Mid America,ii,ii,
7,regular,2025-10-11 19:00:00+00:00,Pittsburg State,Washburn,34,10,True,False,True,Mid America,Mid America,ii,ii,
7,regular,2025-10-11 19:00:00+00:00,UNC Pembroke,Shorter,52,21,True,False,False,Carolinas,Carolinas,ii,ii,
7,regular,2025-10-11 19:00:00+00:00,Montana State,Idaho State,48,14,True,False,True,Big Sky,Big Sky,fcs,fcs,
7,regular,2025-10-11 19:00:00+00:00,Florida A&M,North Carolina Central,7,45,True,False,False,SWAC,MEAC,fcs,fcs,
7,regular,2025-10-11 19:00:00+00:00,UT Martin,Western Illinois,32,31,True,False,True,OVC-Big South,OVC-Big South,fcs,fcs,
7,regular,2025-10-11 19:00:00+00:00,Hartwick,St. John Fisher,21,35,True,False,True,Empire 8,Empire 8,iii,iii,
7,regular,2025-10-11 19:00:00+00:00,Brevard,Southern Virginia,35,32,True,False,True,USA South,USA South,iii,iii,
7,regular,2025-10-11 19:00:00+00:00,Carroll (WI),North Park,24,10,True,False,True,CCIW,CCIW,iii,iii,
7,regular,2025-10-11 19:00:00+00:00,Alcorn State,Lincoln (CA),42,0,True,False,False,SWAC,Independent DII,fcs,ii,
7,regular,2025-10-11 19:00:00+00:00,Chadron State,New Mexico Highlands,37,20,True,False,True,Rocky Mountain,Rocky Mountain,ii,ii,
7,regular,2025-10-11 19:00:00+00:00,The College of New Jersey,William Paterson,42,0,True,False,True,New Jersey,New Jersey,iii,iii,
7,regular,2025-10-11 19:00:00+00:00,Eastern Illinois,Gardner-Webb,10,21,True,False,True,OVC-Big South,OVC-Big South,fcs,fcs,
7,regular,2025-10-11 19:30:00+00:00,Georgia Tech,Virginia Tech,35,20,True,False,True,ACC,ACC,fbs,fbs,
7,regular,2025-10-11 19:30:00+00:00,Georgia State,App State,20,41,True,False,True,Sun Belt,Sun Belt,fbs,fbs,
7,regular,2025-10-11 19:30:00+00:00,Southern Arkansas,Southwestern Oklahoma State,14,12,True,False,True,Great American,Great American,ii,ii,
7,regular,2025-10-11 19:30:00+00:00,Kansas State,TCU,41,28,True,False,True,Big 12,Big 12,fbs,fbs,
7,regular,2025-10-11 19:30:00+00:00,Colorado,Iowa State,24,17,True,False,True,Big 12,Big 12,fbs,fbs,
7,regular,2025-10-11 19:30:00+00:00,Oregon State,Wake Forest,14,39,True,False,False,Pac-12,ACC,fbs,fbs,
7,regular,2025-10-11 19:30:00+00:00,UNLV,Air Force,51,48,True,False,True,Mountain West,Mountain West,fbs,fbs,
7,regular,2025-10-11 19:30:00+00:00,Western Michigan,Ball State,42,0,True,False,True,Mid-American,Mid-American,fbs,fbs,
7,regular,2025-10-11 19:30:00+00:00,Notre Dame,NC State,36,7,True,False,False,FBS Independents,ACC,fbs,fbs,
7,regular,2025-10-11 19:30:00+00:00,North Dakota State,Southern Illinois,45,17,True,False,True,MVFC,MVFC,fcs,fcs,
7,regular,2025-10-11 19:30:00+00:00,Howard Payne,East Texas Baptist,36,18,True,False,True,American Southwest,American Southwest,iii,iii,
7,regular,2025-10-11 19:30:00+00:00,Penn State,Northwestern,21,22,True,False,True,Big Ten,Big Ten,fbs,fbs,
7,regular,2025-10-11 19:30:00+00:00,Maryland,Nebraska,31,34,True,False,True,Big Ten,Big Ten,fbs,fbs,
7,regular,2025-10-11 19:30:00+00:00,East Tennessee State,VMI,45,10,True,False,True,Southern,Southern,fcs,fcs,
7,regular,2025-10-11 19:30:00+00:00,Jackson State,Alabama State,38,34,True,False,True,SWAC,SWAC,fcs,fcs,
7,regular,2025-10-11 19:30:00+00:00,Oregon,Indiana,20,30,True,False,True,Big Ten,Big Ten,fbs,fbs,
7,regular,2025-10-11 19:30:00+00:00,Texas,Oklahoma,23,6,True,True,True,SEC,SEC,fbs,fbs,Allstate Red River Rivalry
7,regular,2025-10-11 19:30:00+00:00,Marshall,Old Dominion,48,24,True,False,True,Sun Belt,Sun Belt,fbs,fbs,
7,regular,2025-10-11 20:00:00+00:00,Oberlin,Kenyon,2,57,True,False,True,North Coast,North Coast,iii,iii,
7,regular,2025-10-11 20:00:00+00:00,Linfield,Pacific (OR),23,6,True,False,True,Northwest,Northwest,iii,iii,
7,regular,2025-10-11 20:00:00+00:00,Temple,Navy,31,32,True,False,True,American Athletic,American Athletic,fbs,fbs,
7,regular,2025-10-11 20:00:00+00:00,Puget Sound,Pacific Lutheran,27,41,True,False,True,Northwest,Northwest,iii,iii,
7,regular,2025-10-11 20:00:00+00:00,Missouri S&T,Indianapolis,13,56,True,False,True,Great Lakes,Great Lakes,ii,ii,
7,regular,2025-10-11 20:00:00+00:00,CSU Pueblo,Fort Lewis,49,13,True,False,True,Rocky Mountain,Rocky Mountain,ii,ii,
7,regular,2025-10-11 20:00:00+00:00,North Dakota,Youngstown State,35,17,True,False,True,MVFC,MVFC,fcs,fcs,
7,regular,2025-10-11 20:00:00+00:00,North Alabama,Central Arkansas,21,49,True,False,True,UAC,UAC,fcs,fcs,
7,regular,2025-10-11 20:00:00+00:00,Montana,Cal Poly,28,9,True,False,True,Big Sky,Big Sky,fcs,fcs,
7,regular,2025-10-11 20:00:00+00:00,William Jewell,Quincy,33,34,True,False,True,Great Lakes,Great Lakes,ii,ii,
7,regular,2025-10-11 20:00:00+00:00,Claremont Mudd Scripps,Redlands,10,17,True,False,True,So. Cal.,So. Cal.,iii,iii,
7,regular,2025-10-11 20:00:00+00:00,Whitworth,George Fox,40,16,True,False,True,Northwest,Northwest,iii,iii,
7,regular,2025-10-11 20:00:00+00:00,La Verne,Cal Lutheran,19,23,True,False,True,So. Cal.,So. Cal.,iii,iii,
7,regular,2025-10-11 20:00:00+00:00,Charleston Southern,Tennessee Tech,13,27,True,False,True,OVC-Big South,OVC-Big South,fcs,fcs,
7,regular,2025-10-11 20:00:00+00:00,Willamette,Lewis & Clark,20,28,True,False,True,Northwest,Northwest,iii,iii,
7,regular,2025-10-11 20:00:00+00:00,Southeast Missouri State,Tennessee State,28,12,True,False,True,OVC-Big South,OVC-Big South,fcs,fcs,
7,regular,2025-10-11 20:15:00+00:00,Tennessee,Arkansas,34,31,True,False,True,SEC,SEC,fbs,fbs,
7,regular,2025-10-11 20:30:00+00:00,Case Western Reserve,Allegheny,62,21,True,False,True,Presidents',Presidents',iii,iii,
7,regular,2025-10-11 21:00:00+00:00,West Florida,Chowan,40,10,True,False,True,Gulf South,Carolinas,ii,ii,
7,regular,2025-10-11 21:00:00+00:00,Eastern New Mexico,Western Oregon,18,21,True,False,True,Lone Star,Lone Star,ii,ii,
7,regular,2025-10-11 21:00:00+00:00,San Diego,Drake,16,19,True,False,True,Pioneer,Pioneer,fcs,fcs,
7,regular,2025-10-11 21:00:00+00:00,Idaho,Northern Colorado,33,49,True,False,True,Big Sky,Big Sky,fcs,fcs,
7,regular,2025-10-11 22:00:00+00:00,Eureka,Benedictine (IL),0,56,True,False,True,NACC,NACC,iii,iii,
7,regular,2025-10-11 22:00:00+00:00,Berry,Trinity (TX),29,6,True,False,True,Southern Athletic,Southern Athletic,iii,iii,
7,regular,2025-10-11 22:00:00+00:00,Lock Haven,Kutztown,7,34,True,False,True,Pennsylvania State Athletic,Pennsylvania State Athletic,ii,ii,
7,regular,2025-10-11 22:00:00+00:00,Southwest Minnesota State,Sioux Falls,14,35,True,False,True,Northern Sun,Northern Sun,ii,ii,
7,regular,2025-10-11 22:00:00+00:00,Wingate,Catawba,41,28,True,False,True,South Atlantic,South Atlantic,ii,ii,
7,regular,2025-10-11 22:00:00+00:00,Saint Anselm,Franklin Pierce,21,0,True,False,True,Northeast 10,Northeast 10,ii,ii,
7,regular,2025-10-11 22:00:00+00:00,Florida Atlantic,UAB,53,33,True,False,True,American Athletic,American Athletic,fbs,fbs,
7,regular,2025-10-11 22:00:00+00:00,Eastern Kentucky,Austin Peay,34,20,True,False,True,UAC,UAC,fcs,fcs,
7,regular,2025-10-11 22:00:00+00:00,Allen,Savannah State,20,23,True,False,True,SIAC,SIAC,ii,ii,
7,regular,2025-10-11 22:05:00+00:00,East Stroudsburg,Bloomsburg,38,35,True,False,True,Pennsylvania State Athletic,Pennsylvania State Athletic,ii,ii,
7,regular,2025-10-11 23:00:00+00:00,Wooster,Denison,7,28,True,False,True,North Coast,North Coast,iii,iii,
7,regular,2025-10-11 23:00:00+00:00,Texas A&M,Florida,34,17,True,False,True,SEC,SEC,fbs,fbs,
7,regular,2025-10-11 23:00:00+00:00,UC Davis,Northern Arizona,45,24,True,False,True,Big Sky,Big Sky,fcs,fcs,
7,regular,2025-10-11 23:00:00+00:00,Coastal Carolina,UL Monroe,23,8,True,False,True,Sun Belt,Sun Belt,fbs,fbs,
7,regular,2025-10-11 23:00:00+00:00,Centenary (LA),Texas Lutheran,27,55,True,False,True,Southern Collegiate Athletic,Southern Collegiate Athletic,iii,iii,
7,regular,2025-10-11 23:00:00+00:00,Tufts,Bates,28,35,True,False,True,NESCAC,NESCAC,iii,iii,
7,regular,2025-10-11 23:00:00+00:00,Houston Christian,Northwestern State,20,17,True,False,True,Southland,Southland,fcs,fcs,
7,regular,2025-10-11 23:00:00+00:00,East Texas A&M,Lamar,23,33,True,False,True,Southland,Southland,fcs,fcs,
7,regular,2025-10-11 23:00:00+00:00,Murray State,Illinois State,32,46,True,False,True,MVFC,MVFC,fcs,fcs,
7,regular,2025-10-11 23:00:00+00:00,North Central College,Millikin,59,10,True,False,True,CCIW,CCIW,iii,iii,
7,regular,2025-10-11 23:00:00+00:00,Northern State,Minnesota Duluth,34,31,True,False,True,Northern Sun,Northern Sun,ii,ii,
7,regular,2025-10-11 23:00:00+00:00,UT Permian Basin,Central Washington,14,27,True,False,True,Lone Star,Lone Star,ii,ii,
7,regular,2025-10-11 23:00:00+00:00,Bethany (WV),Saint Vincent,35,57,True,False,True,Presidents',Presidents',iii,iii,
7,regular,2025-10-11 23:00:00+00:00,Northern Michigan,Grand Valley State,7,35,True,False,True,GLIAC,GLIAC,ii,ii,
7,regular,2025-10-11 23:00:00+00:00,Grambling,Texas Southern,20,21,True,False,True,SWAC,SWAC,fcs,fcs,
7,regular,2025-10-11 23:00:00+00:00,Wisconsin,Iowa,0,37,True,False,True,Big Ten,Big Ten,fbs,fbs,
7,regular,2025-10-11 23:00:00+00:00,Wyoming,San José State,35,28,True,False,True,Mountain West,Mountain West,fbs,fbs,
7,regular,2025-10-11 23:00:00+00:00,Wisconsin Lutheran,St. Norbert,14,17,True,False,True,NACC,NACC,iii,iii,
7,regular,2025-10-11 23:00:00+00:00,Elmhurst,Augustana (IL),7,48,True,False,True,CCIW,CCIW,iii,iii,
7,regular,2025-10-11 23:30:00+00:00,Boston College,Clemson,10,41,True,False,True,ACC,ACC,fbs,fbs,
7,regular,2025-10-11 23:30:00+00:00,Texas Tech,Kansas,42,17,True,False,True,Big 12,Big 12,fbs,fbs,
7,regular,2025-10-11 23:30:00+00:00,Minnesota,Purdue,27,20,True,False,True,Big Ten,Big Ten,fbs,fbs,
7,regular,2025-10-11 23:30:00+00:00,UTSA,Rice,61,13,True,False,True,American Athletic,American Athletic,fbs,fbs,
7,regular,2025-10-11 23:30:00+00:00,USC,Michigan,31,13,True,False,True,Big Ten,Big Ten,fbs,fbs,
7,regular,2025-10-11 23:30:00+00:00,Auburn,Georgia,10,20,True,False,True,SEC,SEC,fbs,fbs,
7,regular,2025-10-11 23:45:00+00:00,LSU,South Carolina,20,10,True,False,True,SEC,SEC,fbs,fbs,
7,regular,2025-10-12 00:00:00+00:00,Weber State,Sacramento State,27,55,True,False,True,Big Sky,Big Sky,fcs,fcs,
7,regular,2025-10-12 00:00:00+00:00,Colorado Mesa,Adams State,54,17,True,False,True,Rocky Mountain,Rocky Mountain,ii,ii,
7,regular,2025-10-12 00:00:00+00:00,Arizona,BYU,27,33,True,False,True,Big 12,Big 12,fbs,fbs,
7,regular,2025-10-12 00:00:00+00:00,Texas State,Troy,41,48,True,False,True,Sun Belt,Sun Belt,fbs,fbs,
7,regular,2025-10-12 00:00:00+00:00,Utah Tech,Tarleton State,23,41,True,False,True,UAC,UAC,fcs,fcs,
7,regular,2025-10-12 00:00:00+00:00,Texas A&M-Kingsville,Angelo State,24,19,True,False,True,Lone Star,Lone Star,ii,ii,
7,regular,2025-10-12 00:00:00+00:00,Sul Ross State,Midwestern State,23,69,True,False,True,Lone Star,Lone Star,ii,ii,
7,regular,2025-10-12 00:00:00+00:00,Fort Hays,Central Oklahoma,14,21,True,False,True,Mid America,Mid America,ii,ii,
7,regular,2025-10-12 01:45:00+00:00,Boise State,New Mexico,41,25,True,False,True,Mountain West,Mountain West,fbs,fbs,
7,regular,2025-10-12 02:00:00+00:00,Pomona Pitzer,Chapman,10,17,True,False,True,So. Cal.,So. Cal.,iii,iii,
7,regular,2025-10-12 02:15:00+00:00,Utah,Arizona State,42,10,True,False,True,Big 12,Big 12,fbs,fbs,
7,regular,2025-10-12 02:30:00+00:00,Nevada,San Diego State,10,44,True,False,True,Mountain West,Mountain West,fbs,fbs,
7,regular,2025-10-12 03:59:00+00:00,Hawai'i,Utah State,44,26,True,False,True,Mountain West,Mountain West,fbs,fbs,
8,regular,2025-10-14 23:00:00+00:00,Liberty,New Mexico State,30,27,True,False,True,Conference USA,Conference USA,fbs,fbs,
8,regular,2025-10-14 23:30:00+00:00,South Alabama,Arkansas State,14,15,True,False,True,Sun Belt,Sun Belt,fbs,fbs,
8,regular,2025-10-15 00:00:00+00:00,Western Kentucky,Florida International,6,25,True,False,True,Conference USA,Conference USA,fbs,fbs,
8,regular,2025-10-15 23:00:00+00:00,Jacksonville State,Delaware,38,25,True,False,True,Conference USA,Conference USA,fbs,fbs,
8,regular,2025-10-15 23:00:00+00:00,Sam Houston,UTEP,17,35,True,True,True,Conference USA,Conference USA,fbs,fbs,
8,regular,2025-10-16 23:00:00+00:00,Southern Nazarene,Southwestern Oklahoma State,6,31,True,False,True,Great American,Great American,ii,ii,
8,regular,2025-10-16 23:00:00+00:00,Olivet,Trine,7,59,True,False,True,Michigan,Michigan,iii,iii,
8,regular,2025-10-16 23:30:00+00:00,East Carolina,Tulsa,41,27,True,False,True,American Athletic,American Athletic,fbs,fbs,
8,regular,2025-10-17 22:00:00+00:00,Maine Maritime,New England,14,77,True,False,False,Commonwealth Coast,Commonwealth Coast,iii,iii,
8,regular,2025-10-17 23:00:00+00:00,Kentucky State,Franklin Pierce,17,14,True,False,False,SIAC,Northeast 10,ii,ii,
8,regular,2025-10-17 23:00:00+00:00,Miami,Louisville,21,24,True,False,True,ACC,ACC,fbs,fbs,
8,regular,2025-10-17 23:00:00+00:00,WPI,Springfield,10,24,True,False,True,NEWMAC,NEWMAC,iii,iii,
8,regular,2025-10-18 00:00:00+00:00,Wisconsin Whitewater,Wisconsin Stout,34,2,True,False,True,Wisconsin,Wisconsin,iii,iii,
8,regular,2025-10-18 00:00:00+00:00,Minnesota,Nebraska,24,6,True,False,True,Big Ten,Big Ten,fbs,fbs,
8,regular,2025-10-18 01:00:00+00:00,Utah State,San José State,30,25,True,False,True,Mountain West,Mountain West,fbs,fbs,
8,regular,2025-10-18 02:30:00+00:00,California,North Carolina,21,18,True,False,True,ACC,ACC,fbs,fbs,
8,regular,2025-10-18 15:30:00+00:00,Millikin,Illinois Wesleyan,27,49,True,False,True,CCIW,CCIW,iii,iii,
8,regular,2025-10-18 16:00:00+00:00,Vermont State Castleton,The College of New Jersey,7,48,True,False,False,New Jersey,New Jersey,iii,iii,
8,regular,2025-10-18 16:00:00+00:00,Vanderbilt,LSU,31,24,True,False,True,SEC,SEC,fbs,fbs,
8,regular,2025-10-18 16:00:00+00:00,Michigan,Washington,24,7,True,False,True,Big Ten,Big Ten,fbs,fbs,
8,regular,2025-10-18 16:00:00+00:00,Thomas More,Tiffin,10,45,True,False,True,Great Midwest Athletic,Great Midwest Athletic,ii,ii,
8,regular,2025-10-18 16:00:00+00:00,Edinboro,Fairmont State,30,35,True,False,False,Pennsylvania State Athletic,Mountain East,ii,ii,
8,regular,2025-10-18 16:00:00+00:00,Post,Assumption,27,63,True,False,True,Northeast 10,Northeast 10,ii,ii,
8,regular,2025-10-18 16:00:00+00:00,Husson,New England College,48,0,True,False,False,Commonwealth Coast,,iii,,
8,regular,2025-10-18 16:00:00+00:00,Tulane,Army,24,17,True,False,True,American Athletic,American Athletic,fbs,fbs,
8,regular,2025-10-18 16:00:00+00:00,Coast Guard,MIT,24,14,True,False,True,NEWMAC,NEWMAC,iii,iii,
8,regular,2025-10-18 16:00:00+00:00,Findlay,Kentucky Wesleyan,28,0,True,False,True,Great Midwest Athletic,Great Midwest Athletic,ii,ii,
8,regular,2025-10-18 16:00:00+00:00,Curry,Nichols,71,27,True,False,True,Commonwealth Coast,Commonwealth Coast,iii,iii,
8,regular,2025-10-18 16:00:00+00:00,Brockport,Alfred State,48,14,True,False,False,Empire 8,Empire 8,iii,iii,
8,regular,2025-10-18 16:00:00+00:00,Michigan Tech,Ferris State,10,38,True,False,True,GLIAC,GLIAC,ii,ii,
8,regular,2025-10-18 16:00:00+00:00,Framingham State,Westfield State,35,24,True,False,True,MSCAC,MSCAC,iii,iii,
8,regular,2025-10-18 16:00:00+00:00,Ohio Dominican,Ashland,14,31,True,False,True,Great Midwest Athletic,Great Midwest Athletic,ii,ii,
8,regular,2025-10-18 16:00:00+00:00,Montclair State,Salisbury,21,56,True,False,True,New Jersey,New Jersey,iii,iii,
8,regular,2025-10-18 16:00:00+00:00,FDU Florham,Delaware Valley,14,41,True,False,True,Mid Atlantic,Mid Atlantic,iii,iii,
8,regular,2025-10-18 16:00:00+00:00,Mass Maritime,Fitchburg State,10,0,True,False,True,MSCAC,MSCAC,iii,iii,
8,regular,2025-10-18 16:00:00+00:00,Plymouth State,Anna Maria College,28,35,True,False,False,MSCAC,MSCAC,iii,iii,
8,regular,2025-10-18 16:00:00+00:00,Duke,Georgia Tech,18,27,True,False,True,ACC,ACC,fbs,fbs,
8,regular,2025-10-18 16:00:00+00:00,Bowling Green,Central Michigan,6,27,True,False,True,Mid-American,Mid-American,fbs,fbs,
8,regular,2025-10-18 16:00:00+00:00,West Virginia State,Wheeling,20,24,True,False,True,Mountain East,Mountain East,ii,ii,
8,regular,2025-10-18 16:00:00+00:00,Yale,Stonehill,47,7,True,False,False,Ivy,NEC,fcs,fcs,
8,regular,2025-10-18 16:00:00+00:00,Houston,Arizona,31,28,True,False,True,Big 12,Big 12,fbs,fbs,
8,regular,2025-10-18 16:00:00+00:00,Boston College,UConn,23,38,True,False,False,ACC,FBS Independents,fbs,fbs,
8,regular,2025-10-18 16:00:00+00:00,Catholic,Moravian,26,20,True,False,True,Landmark Conference,Landmark Conference,iii,iii,
8,regular,2025-10-18 16:00:00+00:00,Miami (OH),Eastern Michigan,44,30,True,False,True,Mid-American,Mid-American,fbs,fbs,
8,regular,2025-10-18 16:00:00+00:00,Salve Regina,Merchant Marine,34,38,True,False,True,NEWMAC,NEWMAC,iii,iii,
8,regular,2025-10-18 16:00:00+00:00,Wofford,Furman,31,13,True,False,True,Southern,Southern,fcs,fcs,
8,regular,2025-10-18 16:00:00+00:00,Harvard,Merrimack,31,7,True,False,False,Ivy,FCS Independents,fcs,fcs,
8,regular,2025-10-18 16:00:00+00:00,Long Island University,Robert Morris,17,7,True,False,True,NEC,NEC,fcs,fcs,
8,regular,2025-10-18 16:00:00+00:00,Brown,Princeton,21,40,True,False,True,Ivy,Ivy,fcs,fcs,
8,regular,2025-10-18 16:00:00+00:00,Dayton,Butler,17,23,True,False,True,Pioneer,Pioneer,fcs,fcs,
8,regular,2025-10-18 16:00:00+00:00,TCU,Baylor,42,36,True,False,True,Big 12,Big 12,fbs,fbs,
8,regular,2025-10-18 16:45:00+00:00,South Carolina,Oklahoma,7,26,True,False,True,SEC,SEC,fbs,fbs,
8,regular,2025-10-18 17:00:00+00:00,Bluefield State,Bowie State,37,42,True,False,True,CIAA,CIAA,ii,ii,
8,regular,2025-10-18 17:00:00+00:00,Emory & Henry,Wingate,20,27,True,False,True,South Atlantic,South Atlantic,ii,ii,
8,regular,2025-10-18 17:00:00+00:00,Martin Luther,Greenville,41,39,True,False,True,Upper Midwest,Upper Midwest,iii,iii,
8,regular,2025-10-18 17:00:00+00:00,Trinity (TX),Rhodes,63,0,True,False,True,Southern Athletic,Southern Athletic,iii,iii,
8,regular,2025-10-18 17:00:00+00:00,Chicago,Ripon,37,12,True,False,True,Midwest,Midwest,iii,iii,
8,regular,2025-10-18 17:00:00+00:00,Anderson (SC),Carson Newman,6,28,True,False,True,South Atlantic,South Atlantic,ii,ii,
8,regular,2025-10-18 17:00:00+00:00,Western Connecticut State,Lycoming,24,42,True,False,False,Landmark Conference,Landmark Conference,iii,iii,
8,regular,2025-10-18 17:00:00+00:00,Charleston (WV),Frostburg State,30,32,True,False,True,Mountain East,Mountain East,ii,ii,
8,regular,2025-10-18 17:00:00+00:00,Juniata,Susquehanna,7,56,True,False,True,Landmark Conference,Landmark Conference,iii,iii,
8,regular,2025-10-18 17:00:00+00:00,Johns Hopkins,Ursinus,52,21,True,False,True,Centennial,Centennial,iii,iii,
8,regular,2025-10-18 17:00:00+00:00,Lock Haven,West Chester,28,21,True,False,True,Pennsylvania State Athletic,Pennsylvania State Athletic,ii,ii,
8,regular,2025-10-18 17:00:00+00:00,Wayne State (MI),Davenport,14,49,True,False,True,GLIAC,GLIAC,ii,ii,
8,regular,2025-10-18 17:00:00+00:00,LaGrange,Brevard,17,10,True,False,True,USA South,USA South,iii,iii,
8,regular,2025-10-18 17:00:00+00:00,Illinois State,Youngstown State,35,40,True,False,True,MVFC,MVFC,fcs,fcs,
8,regular,2025-10-18 17:00:00+00:00,Pace,Southern Connecticut State,34,35,True,False,True,Northeast 10,Northeast 10,ii,ii,
8,regular,2025-10-18 17:00:00+00:00,Trinity (CT),Middlebury,28,26,True,False,True,NESCAC,NESCAC,iii,iii,
8,regular,2025-10-18 17:00:00+00:00,Bethany (WV),Hiram,21,42,True,False,False,Presidents',Presidents',iii,iii,
8,regular,2025-10-18 17:00:00+00:00,Georgetown,Colgate,21,17,True,False,True,Patriot,Patriot,fcs,fcs,
8,regular,2025-10-18 17:00:00+00:00,Westminster (PA),Thiel,48,6,True,False,True,Presidents',Presidents',iii,iii,
8,regular,2025-10-18 17:00:00+00:00,Lake Erie,Walsh,13,20,True,False,True,Great Midwest Athletic,Great Midwest Athletic,ii,ii,
8,regular,2025-10-18 17:00:00+00:00,Wesleyan (CT),Bowdoin,17,25,True,False,True,NESCAC,NESCAC,iii,iii,
8,regular,2025-10-18 17:00:00+00:00,Bates,Williams,30,37,True,False,True,NESCAC,NESCAC,iii,iii,
8,regular,2025-10-18 17:00:00+00:00,Amherst,Colby,9,13,True,False,True,NESCAC,NESCAC,iii,iii,
8,regular,2025-10-18 17:00:00+00:00,Indiana State,North Dakota State,7,38,True,False,True,MVFC,MVFC,fcs,fcs,
8,regular,2025-10-18 17:00:00+00:00,Hamilton,Tufts,28,38,True,False,True,NESCAC,NESCAC,iii,iii,
8,regular,2025-10-18 17:00:00+00:00,Crown,Westminster (MO),19,6,True,False,True,Upper Midwest,Upper Midwest,iii,iii,
8,regular,2025-10-18 17:00:00+00:00,King's,Alvernia,52,0,True,False,True,Mid Atlantic,Mid Atlantic,iii,iii,
8,regular,2025-10-18 17:00:00+00:00,Saint Anselm,American International,27,14,True,False,True,Northeast 10,Northeast 10,ii,ii,
8,regular,2025-10-18 17:00:00+00:00,Cornell,Bucknell,30,20,True,False,False,Ivy,Patriot,fcs,fcs,
8,regular,2025-10-18 17:00:00+00:00,Winston-Salem State,Livingstone,42,10,True,False,True,CIAA,CIAA,ii,ii,
8,regular,2025-10-18 17:00:00+00:00,Southeast Missouri State,Eastern Illinois,42,13,True,False,True,OVC-Big South,OVC-Big South,fcs,fcs,
8,regular,2025-10-18 17:00:00+00:00,Drake,Davidson,45,0,True,False,True,Pioneer,Pioneer,fcs,fcs,
8,regular,2025-10-18 17:00:00+00:00,SUNY Cortland,Alfred,65,12,True,False,True,Empire 8,Empire 8,iii,iii,
8,regular,2025-10-18 17:00:00+00:00,Villanova,Hampton,56,14,True,False,True,Coastal Athletic,Coastal Athletic,fcs,fcs,
8,regular,2025-10-18 17:00:00+00:00,Hillsdale,Northwood,19,48,True,False,True,Great Midwest Athletic,Great Midwest Athletic,ii,ii,
8,regular,2025-10-18 17:00:00+00:00,Slippery Rock,IU Pennsylvania,30,27,True,False,True,Pennsylvania State Athletic,Pennsylvania State Athletic,ii,ii,
8,regular,2025-10-18 17:00:00+00:00,Albany State,Tuskegee,7,3,True,False,True,SIAC,SIAC,ii,ii,
8,regular,2025-10-18 17:00:00+00:00,Morehouse,Lane College,31,7,True,False,True,SIAC,SIAC,ii,ii,
8,regular,2025-10-18 17:00:00+00:00,Dickinson,Franklin & Marshall,20,23,True,False,True,Centennial,Centennial,iii,iii,
8,regular,2025-10-18 17:00:00+00:00,Saint Vincent,Washington & Jefferson,10,56,True,False,True,Presidents',Presidents',iii,iii,
8,regular,2025-10-18 17:00:00+00:00,UCF,West Virginia,45,13,True,False,True,Big 12,Big 12,fbs,fbs,
8,regular,2025-10-18 17:00:00+00:00,Christopher Newport,Kean,49,0,True,False,True,New Jersey,New Jersey,iii,iii,
8,regular,2025-10-18 17:00:00+00:00,West Virginia Wesleyan,West Liberty,11,35,True,False,True,Mountain East,Mountain East,ii,ii,
8,regular,2025-10-18 17:00:00+00:00,Belhaven,Greensboro,41,26,True,False,True,USA South,USA South,iii,iii,
8,regular,2025-10-18 17:00:00+00:00,DePauw,John Carroll,27,31,True,False,False,North Coast,Ohio,iii,iii,
8,regular,2025-10-18 17:00:00+00:00,Guilford,Randolph Macon,0,47,True,False,True,Old Dominion,Old Dominion,iii,iii,
8,regular,2025-10-18 17:00:00+00:00,Ohio Wesleyan,Wooster,20,24,True,False,True,North Coast,North Coast,iii,iii,
8,regular,2025-10-18 17:00:00+00:00,Kenyon,Wabash,12,46,True,False,True,North Coast,North Coast,iii,iii,
8,regular,2025-10-18 17:00:00+00:00,Carnegie Mellon,Gettysburg,44,20,True,False,False,Presidents',Centennial,iii,iii,
8,regular,2025-10-18 17:00:00+00:00,Waynesburg,Geneva,20,62,True,False,True,Presidents',Presidents',iii,iii,
8,regular,2025-10-18 17:00:00+00:00,Presbyterian,Stetson,42,7,True,False,True,Pioneer,Pioneer,fcs,fcs,
8,regular,2025-10-18 17:00:00+00:00,Eastern,Albright,17,10,True,False,True,Mid Atlantic,Mid Atlantic,iii,iii,
8,regular,2025-10-18 17:00:00+00:00,Virginia Union,Lincoln (PA),66,21,True,False,True,CIAA,CIAA,ii,ii,
8,regular,2025-10-18 17:00:00+00:00,Shaw,Johnson C. Smith,0,52,True,False,True,CIAA,CIAA,ii,ii,
8,regular,2025-10-18 17:00:00+00:00,Monmouth,Stony Brook,49,21,True,False,True,Coastal Athletic,Coastal Athletic,fcs,fcs,
8,regular,2025-10-18 17:00:00+00:00,Southern Virginia,Methodist,30,13,True,False,True,USA South,USA South,iii,iii,
8,regular,2025-10-18 17:00:00+00:00,Southern Illinois,North Dakota,19,38,True,False,True,MVFC,MVFC,fcs,fcs,
8,regular,2025-10-18 17:00:00+00:00,Calvin,Adrian,17,48,True,False,True,Michigan,Michigan,iii,iii,
8,regular,2025-10-18 17:00:00+00:00,Albion,Alma,27,48,True,False,True,Michigan,Michigan,iii,iii,
8,regular,2025-10-18 17:00:00+00:00,Widener,Lebanon Valley,14,34,True,False,True,Mid Atlantic,Mid Atlantic,iii,iii,
8,regular,2025-10-18 17:00:00+00:00,Fordham,Dartmouth,13,30,True,False,False,Patriot,Ivy,fcs,fcs,
8,regular,2025-10-18 17:30:00+00:00,VMI,Samford,22,24,True,False,True,Southern,Southern,fcs,fcs,
8,regular,2025-10-18 17:30:00+00:00,Chattanooga,East Tennessee State,42,38,True,False,True,Southern,Southern,fcs,fcs,
8,regular,2025-10-18 17:30:00+00:00,Franklin,Manchester,48,21,True,False,True,Heartland,Heartland,iii,iii,
8,regular,2025-10-18 17:30:00+00:00,Baldwin Wallace,Rose Hulman,52,20,True,False,False,Ohio,Heartland,iii,iii,
8,regular,2025-10-18 17:30:00+00:00,Hanover,Anderson (IN),58,0,True,False,True,Heartland,Heartland,iii,iii,
8,regular,2025-10-18 17:30:00+00:00,Columbia,Pennsylvania,21,35,True,False,True,Ivy,Ivy,fcs,fcs,
8,regular,2025-10-18 17:30:00+00:00,Heidelberg,Mount Union,6,38,True,False,True,Ohio,Ohio,iii,iii,
8,regular,2025-10-18 17:30:00+00:00,Ohio Northern,Capital,56,0,True,False,True,Ohio,Ohio,iii,iii,
8,regular,2025-10-18 17:30:00+00:00,Glenville State,Concord,42,30,True,False,True,Mountain East,Mountain East,ii,ii,
8,regular,2025-10-18 17:30:00+00:00,Marietta,Muskingum,31,35,True,False,True,Ohio,Ohio,iii,iii,
8,regular,2025-10-18 17:30:00+00:00,Bluffton,Mount St Joseph,7,35,True,False,True,Heartland,Heartland,iii,iii,
8,regular,2025-10-18 17:30:00+00:00,Arkansas Monticello,Ouachita Baptist,10,45,True,False,True,Great American,Great American,ii,ii,
8,regular,2025-10-18 17:30:00+00:00,Stevenson,Misericordia,28,29,True,False,True,Mid Atlantic,Mid Atlantic,iii,iii,
8,regular,2025-10-18 17:30:00+00:00,Otterbein,Wilmington (OH),41,54,True,False,True,Ohio,Ohio,iii,iii,
8,regular,2025-10-18 17:30:00+00:00,Gardner-Webb,UT Martin,7,37,True,False,True,OVC-Big South,OVC-Big South,fcs,fcs,
8,regular,2025-10-18 18:00:00+00:00,Central State,Kentucky Christian,27,35,True,False,False,SIAC,,ii,,
8,regular,2025-10-18 18:00:00+00:00,Macalester,Augsburg,21,32,True,False,True,Minnesota,Minnesota,iii,iii,
8,regular,2025-10-18 18:00:00+00:00,Austin,McMurry,13,31,True,False,True,Southern Collegiate Athletic,Southern Collegiate Athletic,iii,iii,
8,regular,2025-10-18 18:00:00+00:00,Wheaton (IL),Carthage,47,21,True,False,True,CCIW,CCIW,iii,iii,
8,regular,2025-10-18 18:00:00+00:00,Carleton,Hamline,63,14,True,False,True,Minnesota,Minnesota,iii,iii,
8,regular,2025-10-18 18:00:00+00:00,Roanoke College,Shenandoah,20,33,True,True,False,,Old Dominion,,iii,
8,regular,2025-10-18 18:00:00+00:00,Washington St. Louis,Elmhurst,17,0,True,False,True,CCIW,CCIW,iii,iii,
8,regular,2025-10-18 18:00:00+00:00,Bethel (MN),St. Olaf,64,10,True,False,True,Minnesota,Minnesota,iii,iii,
8,regular,2025-10-18 18:00:00+00:00,St. Norbert,Eureka,44,0,True,False,True,NACC,NACC,iii,iii,
8,regular,2025-10-18 18:00:00+00:00,Lakeland,Wisconsin Lutheran,31,34,True,False,True,NACC,NACC,iii,iii,
8,regular,2025-10-18 18:00:00+00:00,Lindenwood,Tennessee Tech,28,52,True,False,True,OVC-Big South,OVC-Big South,fcs,fcs,
8,regular,2025-10-18 18:00:00+00:00,Northern Iowa,South Dakota,14,17,True,False,True,MVFC,MVFC,fcs,fcs,
8,regular,2025-10-18 18:00:00+00:00,Grand Valley State,Saginaw Valley State,19,20,True,False,True,GLIAC,GLIAC,ii,ii,
8,regular,2025-10-18 18:00:00+00:00,Richmond,Holy Cross,22,28,True,False,False,Patriot,Patriot,fcs,fcs,
8,regular,2025-10-18 18:00:00+00:00,Rowan,William Paterson,45,16,True,False,True,New Jersey,New Jersey,iii,iii,
8,regular,2025-10-18 18:00:00+00:00,Central College,Nebraska Wesleyan,34,13,True,False,True,American Rivers,American Rivers,iii,iii,
8,regular,2025-10-18 18:00:00+00:00,Morehead State,Marist,23,21,True,False,True,Pioneer,Pioneer,fcs,fcs,
8,regular,2025-10-18 18:00:00+00:00,Rockford,Concordia Chicago,26,37,True,False,True,NACC,NACC,iii,iii,
8,regular,2025-10-18 18:00:00+00:00,Aurora,Concordia (WI),45,54,True,False,True,NACC,NACC,iii,iii,
8,regular,2025-10-18 18:00:00+00:00,Concordia (MN),Saint John's (MN),6,41,True,False,True,Minnesota,Minnesota,iii,iii,
8,regular,2025-10-18 18:00:00+00:00,Gustavus Adolphus,St. Scholastica,45,6,True,False,True,Minnesota,Minnesota,iii,iii,
8,regular,2025-10-18 18:00:00+00:00,Indianapolis,Lincoln (MO),62,7,True,False,True,Great Lakes,Great Lakes,ii,ii,
8,regular,2025-10-18 18:00:00+00:00,Henderson State,Harding,10,35,True,False,True,Great American,Great American,ii,ii,
8,regular,2025-10-18 18:00:00+00:00,East Texas Baptist,Hardin Simmons,16,34,True,False,True,American Southwest,American Southwest,iii,iii,
8,regular,2025-10-18 18:00:00+00:00,Luther,Simpson (IA),3,36,True,False,True,American Rivers,American Rivers,iii,iii,
8,regular,2025-10-18 18:00:00+00:00,Missouri Southern State,Nebraska Kearney,24,16,True,False,True,Mid America,Mid America,ii,ii,
8,regular,2025-10-18 18:00:00+00:00,Toledo,Kent State,45,10,True,False,True,Mid-American,Mid-American,fbs,fbs,
8,regular,2025-10-18 18:00:00+00:00,Murray State,South Dakota State,14,35,True,False,True,MVFC,MVFC,fcs,fcs,
8,regular,2025-10-18 18:00:00+00:00,Bridgewater,Gallaudet,73,13,True,False,False,Old Dominion,Old Dominion,iii,iii,
8,regular,2025-10-18 18:00:00+00:00,North Park,North Central College,0,75,True,False,True,CCIW,CCIW,iii,iii,
8,regular,2025-10-18 18:00:00+00:00,Wisconsin Stevens Point,Wisconsin River Falls,7,52,True,False,True,Wisconsin,Wisconsin,iii,iii,
8,regular,2025-10-18 18:00:00+00:00,Wisconsin Platteville,Wisconsin La Crosse,38,21,True,False,True,Wisconsin,Wisconsin,iii,iii,
8,regular,2025-10-18 18:00:00+00:00,Wisconsin Oshkosh,Wisconsin Eau Claire,28,21,True,False,True,Wisconsin,Wisconsin,iii,iii,
8,regular,2025-10-18 18:00:00+00:00,Delta State,Ferrum,51,10,True,False,False,Gulf South,Carolinas,ii,ii,
8,regular,2025-10-18 18:00:00+00:00,Roosevelt,Northern Michigan,21,42,True,False,True,GLIAC,GLIAC,ii,ii,
8,regular,2025-10-18 18:00:00+00:00,St. Thomas (MN),Valparaiso,55,17,True,False,True,Pioneer,Pioneer,fcs,fcs,
8,regular,2025-10-18 18:00:00+00:00,McDaniel,Muhlenberg,7,56,True,False,True,Centennial,Centennial,iii,iii,
8,regular,2025-10-18 18:00:00+00:00,Fort Lewis,Chadron State,0,41,True,False,True,Rocky Mountain,Rocky Mountain,ii,ii,
8,regular,2025-10-18 18:00:00+00:00,Colorado School of Mines,Adams State,72,14,True,False,True,Rocky Mountain,Rocky Mountain,ii,ii,
8,regular,2025-10-18 18:00:00+00:00,Sewanee,Berry,7,44,True,False,True,Southern Athletic,Southern Athletic,iii,iii,
8,regular,2025-10-18 18:00:00+00:00,Seton Hill,Gannon,28,14,True,False,True,Pennsylvania State Athletic,Pennsylvania State Athletic,ii,ii,
8,regular,2025-10-18 18:00:00+00:00,SUNY Maritime,Norwich,42,0,True,False,True,NEWMAC,NEWMAC,iii,iii,
8,regular,2025-10-18 18:00:00+00:00,Millsaps,Maryville (TN),31,21,True,False,False,Southern Athletic,USA South,iii,iii,
8,regular,2025-10-18 18:00:00+00:00,Lawrence,Beloit,0,34,True,False,True,Midwest,Midwest,iii,iii,
8,regular,2025-10-18 18:00:00+00:00,Huntingdon,North Carolina Wesleyan,20,21,True,False,True,USA South,USA South,iii,iii,
8,regular,2025-10-18 18:00:00+00:00,Lake Forest,Grinnell,70,0,True,False,True,Midwest,Midwest,iii,iii,
8,regular,2025-10-18 18:00:00+00:00,Texas Lutheran,Hendrix,50,48,True,False,False,Southern Collegiate Athletic,Southern Athletic,iii,iii,
8,regular,2025-10-18 18:00:00+00:00,Texas Southern,Virginia Lynchburg,61,10,True,False,False,SWAC,,fcs,,
8,regular,2025-10-18 18:00:00+00:00,Loras,Wartburg,20,40,True,False,True,American Rivers,American Rivers,iii,iii,
8,regular,2025-10-18 18:00:00+00:00,Virginia State,Elizabeth City State,24,20,True,False,True,CIAA,CIAA,ii,ii,
8,regular,2025-10-18 18:00:00+00:00,Augustana (IL),Carroll (WI),31,24,True,False,True,CCIW,CCIW,iii,iii,
8,regular,2025-10-18 18:00:00+00:00,North Greenville,UNC Pembroke,20,7,True,False,False,Carolinas,Carolinas,ii,ii,
8,regular,2025-10-18 18:00:00+00:00,South Dakota Mines,Western Colorado,13,34,True,False,True,Rocky Mountain,Rocky Mountain,ii,ii,
8,regular,2025-10-18 18:00:00+00:00,The Citadel,Western Carolina,38,45,True,False,True,Southern,Southern,fcs,fcs,
8,regular,2025-10-18 18:00:00+00:00,Upper Iowa,Southwest Baptist,39,2,True,False,True,Great Lakes,Great Lakes,ii,ii,
8,regular,2025-10-18 18:00:00+00:00,Hope,Kalamazoo,56,21,True,False,True,Michigan,Michigan,iii,iii,
8,regular,2025-10-18 18:00:00+00:00,Bloomsburg,Shepherd,13,37,True,False,True,Pennsylvania State Athletic,Pennsylvania State Athletic,ii,ii,
8,regular,2025-10-18 18:30:00+00:00,Northwest Missouri State,Fort Hays,52,3,True,False,True,Mid America,Mid America,ii,ii,
8,regular,2025-10-18 18:30:00+00:00,Truman State,Quincy,44,21,True,False,True,Great Lakes,Great Lakes,ii,ii,
8,regular,2025-10-18 18:30:00+00:00,Massachusetts,Buffalo,21,28,True,False,True,Mid-American,Mid-American,fbs,fbs,
8,regular,2025-10-18 19:00:00+00:00,California (PA),Clarion,31,28,True,False,True,Pennsylvania State Athletic,Pennsylvania State Athletic,ii,ii,
8,regular,2025-10-18 19:00:00+00:00,Washburn,Central Missouri,37,17,True,False,True,Mid America,Mid America,ii,ii,
8,regular,2025-10-18 19:00:00+00:00,Monmouth (IL),Cornell (IA),45,3,True,False,True,Midwest,Midwest,iii,iii,
8,regular,2025-10-18 19:00:00+00:00,Mary Hardin Baylor,Texas Wesleyan,28,19,True,False,False,American Southwest,,iii,,
8,regular,2025-10-18 19:00:00+00:00,Minnesota Morris,Northwestern (MN),3,21,True,False,True,Upper Midwest,Upper Midwest,iii,iii,
8,regular,2025-10-18 19:00:00+00:00,Northwestern,Purdue,19,0,True,False,True,Big Ten,Big Ten,fbs,fbs,
8,regular,2025-10-18 19:00:00+00:00,Montana,Sacred Heart,43,21,True,False,False,Big Sky,FCS Independents,fcs,fcs,
8,regular,2025-10-18 19:00:00+00:00,Lenoir Rhyne,UVA Wise,23,10,True,False,True,South Atlantic,South Atlantic,ii,ii,
8,regular,2025-10-18 19:00:00+00:00,UL Monroe,Troy,14,37,True,False,True,Sun Belt,Sun Belt,fbs,fbs,
8,regular,2025-10-18 19:00:00+00:00,Dubuque,Buena Vista,47,20,True,False,True,American Rivers,American Rivers,iii,iii,
8,regular,2025-10-18 19:00:00+00:00,Mississippi Valley State,Lincoln (CA),49,0,True,False,False,SWAC,Independent DII,fcs,ii,
8,regular,2025-10-18 19:00:00+00:00,Arkansas-Pine Bluff,Grambling,16,20,True,False,True,SWAC,SWAC,fcs,fcs,
8,regular,2025-10-18 19:00:00+00:00,Miles,Clark Atlanta,27,20,True,False,True,SIAC,SIAC,ii,ii,
8,regular,2025-10-18 19:00:00+00:00,New Mexico Highlands,Colorado Mesa,28,22,True,False,True,Rocky Mountain,Rocky Mountain,ii,ii,
8,regular,2025-10-18 19:00:00+00:00,Illinois College,Knox,64,14,True,False,True,Midwest,Midwest,iii,iii,
8,regular,2025-10-18 19:00:00+00:00,Southern Arkansas,Arkansas Tech,42,7,True,False,True,Great American,Great American,ii,ii,
8,regular,2025-10-18 19:00:00+00:00,Southeastern Oklahoma State,Northwestern (OK),56,14,True,False,True,Great American,Great American,ii,ii,
8,regular,2025-10-18 19:00:00+00:00,Kutztown,Millersville,43,14,True,False,True,Pennsylvania State Athletic,Pennsylvania State Athletic,ii,ii,
8,regular,2025-10-18 19:00:00+00:00,Fort Valley State,Savannah State,7,0,True,True,True,SIAC,SIAC,ii,ii,
8,regular,2025-10-18 19:00:00+00:00,Black Hills State,CSU Pueblo,14,40,True,False,True,Rocky Mountain,Rocky Mountain,ii,ii,
8,regular,2025-10-18 19:30:00+00:00,Clemson,SMU,24,35,True,False,True,ACC,ACC,fbs,fbs,
8,regular,2025-10-18 19:30:00+00:00,Arkansas,Texas A&M,42,45,True,False,True,SEC,SEC,fbs,fbs,
8,regular,2025-10-18 19:30:00+00:00,William & Mary,Elon,26,21,True,False,True,Coastal Athletic,Coastal Athletic,fcs,fcs,
8,regular,2025-10-18 19:30:00+00:00,Campbell,New Hampshire,10,24,True,False,True,Coastal Athletic,Coastal Athletic,fcs,fcs,
8,regular,2025-10-18 19:30:00+00:00,Marshall,Texas State,40,37,True,False,True,Sun Belt,Sun Belt,fbs,fbs,
8,regular,2025-10-18 19:30:00+00:00,Ohio,Northern Illinois,48,21,True,False,True,Mid-American,Mid-American,fbs,fbs,
8,regular,2025-10-18 19:30:00+00:00,Wisconsin,Ohio State,0,34,True,False,True,Big Ten,Big Ten,fbs,fbs,
8,regular,2025-10-18 19:30:00+00:00,Air Force,Wyoming,24,21,True,False,True,Mountain West,Mountain West,fbs,fbs,
8,regular,2025-10-18 19:30:00+00:00,Lyon,Centenary (LA),20,23,True,False,True,Southern Collegiate Athletic,Southern Collegiate Athletic,iii,iii,
8,regular,2025-10-18 19:30:00+00:00,Georgia,Ole Miss,43,35,True,False,True,SEC,SEC,fbs,fbs,
8,regular,2025-10-18 19:30:00+00:00,Indiana,Michigan State,38,13,True,False,True,Big Ten,Big Ten,fbs,fbs,
8,regular,2025-10-18 19:30:00+00:00,App State,Coastal Carolina,37,45,True,False,True,Sun Belt,Sun Belt,fbs,fbs,
8,regular,2025-10-18 19:30:00+00:00,James Madison,Old Dominion,63,27,True,False,True,Sun Belt,Sun Belt,fbs,fbs,
8,regular,2025-10-18 19:30:00+00:00,Charlotte,Temple,14,49,True,False,True,American Athletic,American Athletic,fbs,fbs,
8,regular,2025-10-18 19:30:00+00:00,North Texas,UTSA,55,17,True,False,True,American Athletic,American Athletic,fbs,fbs,
8,regular,2025-10-18 19:30:00+00:00,Boise State,UNLV,56,31,True,False,True,Mountain West,Mountain West,fbs,fbs,
8,regular,2025-10-18 19:30:00+00:00,UAlbany,Rhode Island,17,58,True,False,True,Coastal Athletic,Coastal Athletic,fcs,fcs,
8,regular,2025-10-18 19:30:00+00:00,Ball State,Akron,42,28,True,False,True,Mid-American,Mid-American,fbs,fbs,
8,regular,2025-10-18 20:00:00+00:00,Pacific Lutheran,Pacific (OR),47,29,True,False,True,Northwest,Northwest,iii,iii,
8,regular,2025-10-18 20:00:00+00:00,Claremont Mudd Scripps,La Verne,22,19,True,False,True,So. Cal.,So. Cal.,iii,iii,
8,regular,2025-10-18 20:00:00+00:00,Puget Sound,Willamette,45,28,True,False,True,Northwest,Northwest,iii,iii,
8,regular,2025-10-18 20:00:00+00:00,Linfield,Whitworth,20,30,True,False,True,Northwest,Northwest,iii,iii,
8,regular,2025-10-18 20:00:00+00:00,Averett,Hampden Sydney,7,67,True,False,True,Old Dominion,Old Dominion,iii,iii,
8,regular,2025-10-18 20:00:00+00:00,Bridgewater State,Dean,47,25,True,False,False,MSCAC,MSCAC,iii,iii,
8,regular,2025-10-18 20:00:00+00:00,Allegheny,Grove City,6,42,True,False,True,Presidents',Presidents',iii,iii,
8,regular,2025-10-18 20:00:00+00:00,Lamar,UT Rio Grande Valley,23,21,True,False,False,Southland,Southland,fcs,fcs,
8,regular,2025-10-18 20:00:00+00:00,Wittenberg,Denison,40,43,True,False,True,North Coast,North Coast,iii,iii,
8,regular,2025-10-18 20:00:00+00:00,UMass Dartmouth,Worcester State,32,7,True,False,True,MSCAC,MSCAC,iii,iii,
8,regular,2025-10-18 20:00:00+00:00,Florida A&M,Alcorn State,33,28,True,False,True,SWAC,SWAC,fcs,fcs,
8,regular,2025-10-18 20:00:00+00:00,Barton,Chowan,28,21,True,False,False,Carolinas,Carolinas,ii,ii,
8,regular,2025-10-18 20:00:00+00:00,Shorter,Erskine,19,23,True,False,True,Carolinas,Carolinas,ii,ii,
8,regular,2025-10-18 20:00:00+00:00,East Central,Oklahoma Baptist,37,31,True,False,True,Great American,Great American,ii,ii,
8,regular,2025-10-18 20:00:00+00:00,William Jewell,Northeastern State,7,35,True,False,False,Great Lakes,Independent DII,ii,ii,
8,regular,2025-10-18 20:00:00+00:00,Edward Waters,Benedict,27,31,True,False,True,SIAC,SIAC,ii,ii,
8,regular,2025-10-18 20:00:00+00:00,Arizona State,Texas Tech,26,22,True,False,True,Big 12,Big 12,fbs,fbs,
8,regular,2025-10-18 20:00:00+00:00,Western Illinois,Charleston Southern,24,29,True,False,True,OVC-Big South,OVC-Big South,fcs,fcs,
8,regular,2025-10-18 20:00:00+00:00,UAB,Memphis,31,24,True,False,True,American Athletic,American Athletic,fbs,fbs,
8,regular,2025-10-18 20:05:00+00:00,Western Oregon,UT Permian Basin,31,28,True,False,True,Lone Star,Lone Star,ii,ii,
8,regular,2025-10-18 20:15:00+00:00,Florida,Mississippi State,23,21,True,False,True,SEC,SEC,fbs,fbs,
8,regular,2025-10-18 20:30:00+00:00,George Fox,Lewis & Clark,42,28,True,False,True,Northwest,Northwest,iii,iii,
8,regular,2025-10-18 21:00:00+00:00,Louisiana,Southern Miss,10,22,True,False,True,Sun Belt,Sun Belt,fbs,fbs,
8,regular,2025-10-18 21:00:00+00:00,Portland State,Weber State,27,43,True,False,True,Big Sky,Big Sky,fcs,fcs,
8,regular,2025-10-18 21:00:00+00:00,Endicott,Western New England,45,24,True,False,True,Commonwealth Coast,Commonwealth Coast,iii,iii,
8,regular,2025-10-18 21:00:00+00:00,Southern,Prairie View A&M,3,24,True,False,True,SWAC,SWAC,fcs,fcs,
8,regular,2025-10-18 21:00:00+00:00,Northern State,Southwest Minnesota State,55,23,True,False,True,Northern Sun,Northern Sun,ii,ii,
8,regular,2025-10-18 21:00:00+00:00,SE Louisiana,Northwestern State,49,0,True,False,True,Southland,Southland,fcs,fcs,
8,regular,2025-10-18 21:00:00+00:00,Wagner,Central Connecticut,17,24,True,False,True,NEC,NEC,fcs,fcs,
8,regular,2025-10-18 21:30:00+00:00,Tennessee State,Howard,24,7,True,False,False,OVC-Big South,MEAC,fcs,fcs,
8,regular,2025-10-18 21:30:00+00:00,Incarnate Word,East Texas A&M,45,52,True,False,True,Southland,Southland,fcs,fcs,
8,regular,2025-10-18 22:00:00+00:00,Mercyhurst,Duquesne,0,37,True,False,True,NEC,NEC,fcs,fcs,
8,regular,2025-10-18 22:00:00+00:00,Newberry,Mars Hill,38,24,True,False,True,South Atlantic,South Atlantic,ii,ii,
8,regular,2025-10-18 22:05:00+00:00,East Stroudsburg,Shippensburg,24,7,True,False,True,Pennsylvania State Athletic,Pennsylvania State Athletic,ii,ii,
8,regular,2025-10-18 22:30:00+00:00,Rutgers,Oregon,10,56,True,False,True,Big Ten,Big Ten,fbs,fbs,
8,regular,2025-10-18 22:30:00+00:00,Virginia,Washington State,22,20,True,False,False,ACC,Pac-12,fbs,fbs,
8,regular,2025-10-18 23:00:00+00:00,Kentucky,Texas,13,16,True,False,True,SEC,SEC,fbs,fbs,
8,regular,2025-10-18 23:00:00+00:00,Georgia Southern,Georgia State,41,24,True,False,True,Sun Belt,Sun Belt,fbs,fbs,
8,regular,2025-10-18 23:00:00+00:00,Stephen F. Austin,Nicholls,34,7,True,False,True,Southland,Southland,fcs,fcs,
8,regular,2025-10-18 23:00:00+00:00,Tarleton State,West Georgia,45,10,True,False,True,UAC,UAC,fcs,fcs,
8,regular,2025-10-18 23:00:00+00:00,Eastern Washington,Idaho,21,14,True,False,True,Big Sky,Big Sky,fcs,fcs,
8,regular,2025-10-18 23:00:00+00:00,North Alabama,Eastern Kentucky,35,14,True,False,True,UAC,UAC,fcs,fcs,
8,regular,2025-10-18 23:00:00+00:00,Angelo State,Midwestern State,48,24,True,False,True,Lone Star,Lone Star,ii,ii,
8,regular,2025-10-18 23:00:00+00:00,Iowa,Penn State,25,24,True,False,True,Big Ten,Big Ten,fbs,fbs,
8,regular,2025-10-18 23:00:00+00:00,UCLA,Maryland,20,17,True,False,True,Big Ten,Big Ten,fbs,fbs,
8,regular,2025-10-18 23:00:00+00:00,McNeese,Houston Christian,27,0,True,False,True,Southland,Southland,fcs,fcs,
8,regular,2025-10-18 23:00:00+00:00,Centre,Southwestern U,19,16,True,False,True,Southern Athletic,Southern Athletic,iii,iii,
8,regular,2025-10-18 23:00:00+00:00,Missouri Western,Pittsburg State,20,44,True,False,True,Mid America,Mid America,ii,ii,
8,regular,2025-10-18 23:00:00+00:00,Colorado State,Hawai'i,19,31,True,False,True,Mountain West,Mountain West,fbs,fbs,
8,regular,2025-10-18 23:00:00+00:00,West Alabama,West Florida,16,23,True,False,True,Gulf South,Gulf South,ii,ii,
8,regular,2025-10-18 23:30:00+00:00,South Florida,Florida Atlantic,48,13,True,False,True,American Athletic,American Athletic,fbs,fbs,
8,regular,2025-10-18 23:30:00+00:00,Notre Dame,USC,34,24,True,False,False,FBS Independents,Big Ten,fbs,fbs,
8,regular,2025-10-18 23:30:00+00:00,Alabama,Tennessee,37,20,True,False,True,SEC,SEC,fbs,fbs,
8,regular,2025-10-18 23:30:00+00:00,Syracuse,Pittsburgh,13,30,True,False,True,ACC,ACC,fbs,fbs,
8,regular,2025-10-18 23:45:00+00:00,Auburn,Missouri,17,23,True,False,True,SEC,SEC,fbs,fbs,
8,regular,2025-10-19 00:00:00+00:00,Oklahoma State,Cincinnati,17,49,True,False,True,Big 12,Big 12,fbs,fbs,
8,regular,2025-10-19 00:00:00+00:00,BYU,Utah,24,21,True,False,True,Big 12,Big 12,fbs,fbs,
8,regular,2025-10-19 00:00:00+00:00,West Texas,Eastern New Mexico,43,14,True,False,True,Lone Star,Lone Star,ii,ii,
8,regular,2025-10-19 00:00:00+00:00,Central Oklahoma,Emporia State,56,22,True,False,True,Mid America,Mid America,ii,ii,
8,regular,2025-10-19 00:30:00+00:00,Southern Utah,Abilene Christian,31,24,True,False,True,UAC,UAC,fcs,fcs,
8,regular,2025-10-19 01:00:00+00:00,Sacramento State,Northern Colorado,40,35,True,False,True,Big Sky,Big Sky,fcs,fcs,
8,regular,2025-10-19 01:00:00+00:00,Western New Mexico,Sul Ross State,45,42,True,False,True,Lone Star,Lone Star,ii,ii,
8,regular,2025-10-19 01:00:00+00:00,Central Washington,Texas A&M-Kingsville,24,21,True,False,True,Lone Star,Lone Star,ii,ii,
8,regular,2025-10-19 01:45:00+00:00,New Mexico,Nevada,24,22,True,False,True,Mountain West,Mountain West,fbs,fbs,
8,regular,2025-10-19 02:00:00+00:00,Redlands,Pomona Pitzer,16,14,True,False,True,So. Cal.,So. Cal.,iii,iii,
8,regular,2025-10-19 02:00:00+00:00,Oregon State,Lafayette,45,13,True,False,False,Pac-12,Patriot,fbs,fcs,
8,regular,2025-10-19 02:00:00+00:00,Cal Lutheran,Chapman,25,35,True,False,True,So. Cal.,So. Cal.,iii,iii,
8,regular,2025-10-19 02:30:00+00:00,Stanford,Florida State,20,13,True,False,True,ACC,ACC,fbs,fbs,
8,regular,2025-10-19 18:00:00+00:00,McKendree,Missouri S&T,10,29,True,False,True,Great Lakes,Great Lakes,ii,ii,
9,regular,2025-10-21 23:00:00+00:00,Florida International,Kennesaw State,26,45,True,False,True,Conference USA,Conference USA,fbs,fbs,
9,regular,2025-10-21 23:30:00+00:00,Louisiana Tech,Western Kentucky,27,28,True,False,True,Conference USA,Conference USA,fbs,fbs,
9,regular,2025-10-22 23:30:00+00:00,Delaware,Middle Tennessee,31,28,True,False,True,Conference USA,Conference USA,fbs,fbs,
9,regular,2025-10-23 01:00:00+00:00,New Mexico State,Missouri State,17,24,True,False,True,Conference USA,Conference USA,fbs,fbs,
9,regular,2025-10-23 23:30:00+00:00,Georgia State,South Alabama,31,38,True,False,True,Sun Belt,Sun Belt,fbs,fbs,
9,regular,2025-10-24 22:00:00+00:00,Dartmouth,Columbia,49,3,True,False,True,Ivy,Ivy,fcs,fcs,
9,regular,2025-10-24 23:00:00+00:00,Charlotte,North Texas,20,54,True,False,True,American Athletic,American Athletic,fbs,fbs,
9,regular,2025-10-24 23:30:00+00:00,Virginia Tech,California,42,34,True,False,True,ACC,ACC,fbs,fbs,
9,regular,2025-10-25 02:00:00+00:00,Nevada,Boise State,3,24,True,False,True,Mountain West,Mountain West,fbs,fbs,
9,regular,2025-10-25 02:30:00+00:00,Sacramento State,Montana,35,49,True,False,True,Big Sky,Big Sky,fcs,fcs,
9,regular,2025-10-25 16:00:00+00:00,New England College,Maine Maritime,14,10,True,True,False,,Commonwealth Coast,,iii,
9,regular,2025-10-25 16:00:00+00:00,Dayton,Presbyterian,35,19,True,False,True,Pioneer,Pioneer,fcs,fcs,
9,regular,2025-10-25 16:00:00+00:00,Mercyhurst,Stonehill,15,22,True,False,True,NEC,NEC,fcs,fcs,
9,regular,2025-10-25 16:00:00+00:00,Old Dominion,App State,24,21,True,False,True,Sun Belt,Sun Belt,fbs,fbs,
9,regular,2025-10-25 16:00:00+00:00,Memphis,South Florida,34,31,True,False,True,American Athletic,American Athletic,fbs,fbs,
9,regular,2025-10-25 16:00:00+00:00,Bentley,Pace,42,13,True,False,True,Northeast 10,Northeast 10,ii,ii,
9,regular,2025-10-25 16:00:00+00:00,Findlay,Ohio Dominican,27,20,True,False,True,Great Midwest Athletic,Great Midwest Athletic,ii,ii,
9,regular,2025-10-25 16:00:00+00:00,Indiana,UCLA,56,6,True,False,True,Big Ten,Big Ten,fbs,fbs,
9,regular,2025-10-25 16:00:00+00:00,Wagner,Duquesne,24,13,True,False,True,NEC,NEC,fcs,fcs,
9,regular,2025-10-25 16:00:00+00:00,Bridgewater State,UMass Dartmouth,35,15,True,False,True,MSCAC,MSCAC,iii,iii,
9,regular,2025-10-25 16:00:00+00:00,Georgia Tech,Syracuse,41,16,True,False,True,ACC,ACC,fbs,fbs,
9,regular,2025-10-25 16:00:00+00:00,Kent State,Bowling Green,24,21,True,False,True,Mid-American,Mid-American,fbs,fbs,
9,regular,2025-10-25 16:00:00+00:00,Marist,Drake,17,31,True,False,True,Pioneer,Pioneer,fcs,fcs,
9,regular,2025-10-25 16:00:00+00:00,Nebraska,Northwestern,28,21,True,False,True,Big Ten,Big Ten,fbs,fbs,
9,regular,2025-10-25 16:00:00+00:00,Davidson,San Diego,28,40,True,False,True,Pioneer,Pioneer,fcs,fcs,
9,regular,2025-10-25 16:00:00+00:00,Eastern Michigan,Ohio,21,28,True,False,True,Mid-American,Mid-American,fbs,fbs,
9,regular,2025-10-25 16:00:00+00:00,Millersville,Bloomsburg,21,37,True,False,True,Pennsylvania State Athletic,Pennsylvania State Athletic,ii,ii,
9,regular,2025-10-25 16:00:00+00:00,Springfield,Merchant Marine,35,7,True,False,True,NEWMAC,NEWMAC,iii,iii,
9,regular,2025-10-25 16:00:00+00:00,Wake Forest,SMU,13,12,True,False,True,ACC,ACC,fbs,fbs,
9,regular,2025-10-25 16:00:00+00:00,Oklahoma,Ole Miss,26,34,True,False,True,SEC,SEC,fbs,fbs,
9,regular,2025-10-25 16:00:00+00:00,Bucknell,Georgetown,24,31,True,False,True,Patriot,Patriot,fcs,fcs,
9,regular,2025-10-25 16:00:00+00:00,Yale,Pennsylvania,35,13,True,False,True,Ivy,Ivy,fcs,fcs,
9,regular,2025-10-25 16:00:00+00:00,Muhlenberg,Carnegie Mellon,27,23,True,False,False,Centennial,Presidents',iii,iii,
9,regular,2025-10-25 16:00:00+00:00,Alfred,Utica,28,51,True,False,True,Empire 8,Empire 8,iii,iii,
9,regular,2025-10-25 16:00:00+00:00,MIT,Salve Regina,28,20,True,False,True,NEWMAC,NEWMAC,iii,iii,
9,regular,2025-10-25 16:00:00+00:00,North Carolina Wesleyan,Southern Virginia,10,19,True,False,True,USA South,USA South,iii,iii,
9,regular,2025-10-25 16:00:00+00:00,Long Island University,New Haven,38,16,True,False,False,NEC,NEC,fcs,fcs,
9,regular,2025-10-25 16:00:00+00:00,Purdue,Rutgers,24,27,True,False,True,Big Ten,Big Ten,fbs,fbs,
9,regular,2025-10-25 16:00:00+00:00,Curry,Western New England,52,31,True,False,True,Commonwealth Coast,Commonwealth Coast,iii,iii,
9,regular,2025-10-25 16:00:00+00:00,Coast Guard,Norwich,59,28,True,False,True,NEWMAC,NEWMAC,iii,iii,
9,regular,2025-10-25 16:00:00+00:00,Assumption,American International,35,14,True,False,True,Northeast 10,Northeast 10,ii,ii,
9,regular,2025-10-25 16:00:00+00:00,Mass Maritime,Framingham State,14,12,True,False,True,MSCAC,MSCAC,iii,iii,
9,regular,2025-10-25 16:00:00+00:00,Gannon,Edinboro,20,41,True,False,True,Pennsylvania State Athletic,Pennsylvania State Athletic,ii,ii,
9,regular,2025-10-25 16:00:00+00:00,Shepherd,East Stroudsburg,26,21,True,False,True,Pennsylvania State Athletic,Pennsylvania State Athletic,ii,ii,
9,regular,2025-10-25 16:00:00+00:00,Delaware Valley,Stevenson,41,38,True,False,True,Mid Atlantic,Mid Atlantic,iii,iii,
9,regular,2025-10-25 16:00:00+00:00,Northern Michigan,Michigan Tech,17,56,True,False,True,GLIAC,GLIAC,ii,ii,
9,regular,2025-10-25 16:00:00+00:00,Hilbert,Rensselaer,14,69,True,False,False,Empire 8,Liberty League,iii,iii,
9,regular,2025-10-25 16:00:00+00:00,Shenandoah,Averett,48,3,True,False,True,Old Dominion,Old Dominion,iii,iii,
9,regular,2025-10-25 16:00:00+00:00,SUNY Morrisville,Brockport,3,61,True,False,True,Empire 8,Empire 8,iii,iii,
9,regular,2025-10-25 16:00:00+00:00,Albright,FDU Florham,32,18,True,False,True,Mid Atlantic,Mid Atlantic,iii,iii,
9,regular,2025-10-25 16:00:00+00:00,Vermont State Castleton,Montclair State,20,48,True,False,False,New Jersey,New Jersey,iii,iii,
9,regular,2025-10-25 16:00:00+00:00,Nichols,Endicott,3,56,True,False,True,Commonwealth Coast,Commonwealth Coast,iii,iii,
9,regular,2025-10-25 16:00:00+00:00,Walsh,Thomas More,41,20,True,False,True,Great Midwest Athletic,Great Midwest Athletic,ii,ii,
9,regular,2025-10-25 16:00:00+00:00,Anna Maria College,Fitchburg State,30,22,True,False,False,MSCAC,MSCAC,iii,iii,
9,regular,2025-10-25 16:00:00+00:00,North Carolina,Virginia,16,17,True,False,True,ACC,ACC,fbs,fbs,
9,regular,2025-10-25 16:00:00+00:00,Kansas,Kansas State,17,42,True,False,True,Big 12,Big 12,fbs,fbs,
9,regular,2025-10-25 16:00:00+00:00,Thiel,Case Western Reserve,7,55,True,False,True,Presidents',Presidents',iii,iii,
9,regular,2025-10-25 16:00:00+00:00,Princeton,Harvard,14,35,True,False,True,Ivy,Ivy,fcs,fcs,
9,regular,2025-10-25 16:00:00+00:00,Davenport,Roosevelt,75,23,True,False,True,GLIAC,GLIAC,ii,ii,
9,regular,2025-10-25 16:00:00+00:00,West Chester,Kutztown,7,41,True,False,True,Pennsylvania State Athletic,Pennsylvania State Athletic,ii,ii,
9,regular,2025-10-25 16:45:00+00:00,Arkansas,Auburn,24,33,True,False,True,SEC,SEC,fbs,fbs,
9,regular,2025-10-25 17:00:00+00:00,Gettysburg,Johns Hopkins,21,59,True,False,True,Centennial,Centennial,iii,iii,
9,regular,2025-10-25 17:00:00+00:00,Bowdoin,Trinity (CT),3,45,True,False,True,NESCAC,NESCAC,iii,iii,
9,regular,2025-10-25 17:00:00+00:00,WPI,SUNY Maritime,7,28,True,False,True,NEWMAC,NEWMAC,iii,iii,
9,regular,2025-10-25 17:00:00+00:00,Virginia Union,Bowie State,24,7,True,False,True,CIAA,CIAA,ii,ii,
9,regular,2025-10-25 17:00:00+00:00,Kentucky Wesleyan,Northwood,14,49,True,False,True,Great Midwest Athletic,Great Midwest Athletic,ii,ii,
9,regular,2025-10-25 17:00:00+00:00,Wheeling,Frostburg State,13,31,True,False,True,Mountain East,Mountain East,ii,ii,
9,regular,2025-10-25 17:00:00+00:00,West Liberty,Glenville State,28,32,True,False,True,Mountain East,Mountain East,ii,ii,
9,regular,2025-10-25 17:00:00+00:00,Post,Franklin Pierce,17,28,True,False,True,Northeast 10,Northeast 10,ii,ii,
9,regular,2025-10-25 17:00:00+00:00,Tiffin,Ashland,27,30,True,False,True,Great Midwest Athletic,Great Midwest Athletic,ii,ii,
9,regular,2025-10-25 17:00:00+00:00,Shaw,Fayetteville State,13,31,True,False,True,CIAA,CIAA,ii,ii,
9,regular,2025-10-25 17:00:00+00:00,Susquehanna,Catholic,69,13,True,False,True,Landmark Conference,Landmark Conference,iii,iii,
9,regular,2025-10-25 17:00:00+00:00,Minnesota Duluth,University of Mary,54,32,True,False,True,Northern Sun,Northern Sun,ii,ii,
9,regular,2025-10-25 17:00:00+00:00,Misericordia,Eastern,21,28,True,False,True,Mid Atlantic,Mid Atlantic,iii,iii,
9,regular,2025-10-25 17:00:00+00:00,Kenyon,Ohio Wesleyan,13,55,True,False,True,North Coast,North Coast,iii,iii,
9,regular,2025-10-25 17:00:00+00:00,LaGrange,Huntingdon,30,14,True,False,True,USA South,USA South,iii,iii,
9,regular,2025-10-25 17:00:00+00:00,John Carroll,Wooster,66,7,True,False,False,Ohio,North Coast,iii,iii,
9,regular,2025-10-25 17:00:00+00:00,Washington & Jefferson,Waynesburg,56,0,True,False,True,Presidents',Presidents',iii,iii,
9,regular,2025-10-25 17:00:00+00:00,Hampden Sydney,Roanoke College,35,10,True,False,False,Old Dominion,,iii,,
9,regular,2025-10-25 17:00:00+00:00,Gallaudet,Randolph Macon,7,47,True,False,False,Old Dominion,Old Dominion,iii,iii,
9,regular,2025-10-25 17:00:00+00:00,Greenville,Minnesota Morris,27,20,True,False,True,Upper Midwest,Upper Midwest,iii,iii,
9,regular,2025-10-25 17:00:00+00:00,Southwestern U,Maryville (TN),13,44,True,False,False,Southern Athletic,USA South,iii,iii,
9,regular,2025-10-25 17:00:00+00:00,Moravian,Western Connecticut State,35,28,True,False,False,Landmark Conference,Landmark Conference,iii,iii,
9,regular,2025-10-25 17:00:00+00:00,Westminster (MO),Martin Luther,28,38,True,False,True,Upper Midwest,Upper Midwest,iii,iii,
9,regular,2025-10-25 17:00:00+00:00,McDaniel,Dickinson,20,23,True,False,True,Centennial,Centennial,iii,iii,
9,regular,2025-10-25 17:00:00+00:00,Alvernia,Widener,14,32,True,False,True,Mid Atlantic,Mid Atlantic,iii,iii,
9,regular,2025-10-25 17:00:00+00:00,Rowan,Salisbury,28,31,True,False,True,New Jersey,New Jersey,iii,iii,
9,regular,2025-10-25 17:00:00+00:00,Cornell,Brown,30,24,True,False,True,Ivy,Ivy,fcs,fcs,
9,regular,2025-10-25 17:00:00+00:00,Johnson C. Smith,Winston-Salem State,52,27,True,False,True,CIAA,CIAA,ii,ii,
9,regular,2025-10-25 17:00:00+00:00,Ferris State,Grand Valley State,38,31,True,False,True,GLIAC,GLIAC,ii,ii,
9,regular,2025-10-25 17:00:00+00:00,Mars Hill,Lenoir Rhyne,0,45,True,False,True,South Atlantic,South Atlantic,ii,ii,
9,regular,2025-10-25 17:00:00+00:00,Clark Atlanta,Edward Waters,41,55,True,False,True,SIAC,SIAC,ii,ii,
9,regular,2025-10-25 17:00:00+00:00,St. John Fisher,SUNY Cortland,7,31,True,False,True,Empire 8,Empire 8,iii,iii,
9,regular,2025-10-25 17:00:00+00:00,New England,Husson,38,28,True,False,True,Commonwealth Coast,Commonwealth Coast,iii,iii,
9,regular,2025-10-25 17:00:00+00:00,Berry,Millsaps,43,20,True,False,True,Southern Athletic,Southern Athletic,iii,iii,
9,regular,2025-10-25 17:00:00+00:00,Olivet,Alma,21,53,True,False,True,Michigan,Michigan,iii,iii,
9,regular,2025-10-25 17:00:00+00:00,Lebanon Valley,King's,20,21,True,False,True,Mid Atlantic,Mid Atlantic,iii,iii,
9,regular,2025-10-25 17:00:00+00:00,Middlebury,Bates,34,16,True,False,True,NESCAC,NESCAC,iii,iii,
9,regular,2025-10-25 17:00:00+00:00,Lycoming,Wilkes,31,21,True,False,True,Landmark Conference,Landmark Conference,iii,iii,
9,regular,2025-10-25 17:00:00+00:00,Southern Connecticut State,Saint Anselm,37,13,True,False,True,Northeast 10,Northeast 10,ii,ii,
9,regular,2025-10-25 17:00:00+00:00,William Paterson,Christopher Newport,7,52,True,False,True,New Jersey,New Jersey,iii,iii,
9,regular,2025-10-25 17:00:00+00:00,Maine,Elon,35,14,True,False,True,Coastal Athletic,Coastal Athletic,fcs,fcs,
9,regular,2025-10-25 17:00:00+00:00,New Hampshire,William & Mary,34,24,True,False,True,Coastal Athletic,Coastal Athletic,fcs,fcs,
9,regular,2025-10-25 17:00:00+00:00,Ursinus,Franklin & Marshall,20,52,True,False,True,Centennial,Centennial,iii,iii,
9,regular,2025-10-25 17:00:00+00:00,Central State,Miles,24,28,True,False,True,SIAC,SIAC,ii,ii,
9,regular,2025-10-25 17:00:00+00:00,Rhode Island,Bryant,38,17,True,False,True,Coastal Athletic,Coastal Athletic,fcs,fcs,
9,regular,2025-10-25 17:00:00+00:00,Calvin,Trine,34,31,True,False,True,Michigan,Michigan,iii,iii,
9,regular,2025-10-25 17:00:00+00:00,North Carolina Central,Delaware State,26,35,True,False,True,MEAC,MEAC,fcs,fcs,
9,regular,2025-10-25 17:00:00+00:00,Tennessee Tech,Southeast Missouri State,42,23,True,False,True,OVC-Big South,OVC-Big South,fcs,fcs,
9,regular,2025-10-25 17:00:00+00:00,Ithaca,Union,14,19,True,False,True,Liberty League,Liberty League,iii,iii,
9,regular,2025-10-25 17:00:00+00:00,Shippensburg,Lock Haven,21,35,True,False,True,Pennsylvania State Athletic,Pennsylvania State Athletic,ii,ii,
9,regular,2025-10-25 17:00:00+00:00,Fordham,Lehigh,6,27,True,False,True,Patriot,Patriot,fcs,fcs,
9,regular,2025-10-25 17:00:00+00:00,Valparaiso,Morehead State,13,17,True,False,True,Pioneer,Pioneer,fcs,fcs,
9,regular,2025-10-25 17:00:00+00:00,Kalamazoo,Albion,30,26,True,False,True,Michigan,Michigan,iii,iii,
9,regular,2025-10-25 17:00:00+00:00,Adrian,Hope,17,19,True,False,True,Michigan,Michigan,iii,iii,
9,regular,2025-10-25 17:00:00+00:00,Augsburg,Concordia (MN),7,26,True,False,True,Minnesota,Minnesota,iii,iii,
9,regular,2025-10-25 17:00:00+00:00,Kean,The College of New Jersey,7,24,True,False,True,New Jersey,New Jersey,iii,iii,
9,regular,2025-10-25 17:00:00+00:00,Stetson,St. Thomas (MN),10,52,True,False,True,Pioneer,Pioneer,fcs,fcs,
9,regular,2025-10-25 17:00:00+00:00,Fairmont State,Charleston (WV),35,45,True,False,True,Mountain East,Mountain East,ii,ii,
9,regular,2025-10-25 17:00:00+00:00,Wesleyan (CT),Amherst,31,21,True,False,True,NESCAC,NESCAC,iii,iii,
9,regular,2025-10-25 17:00:00+00:00,Holy Cross,Colgate,28,29,True,False,True,Patriot,Patriot,fcs,fcs,
9,regular,2025-10-25 17:00:00+00:00,Grove City,Westminster (PA),14,7,True,False,True,Presidents',Presidents',iii,iii,
9,regular,2025-10-25 17:00:00+00:00,Colby,Hamilton,17,10,True,False,True,NESCAC,NESCAC,iii,iii,
9,regular,2025-10-25 17:00:00+00:00,Hobart,St. Lawrence,49,17,True,False,True,Liberty League,Liberty League,iii,iii,
9,regular,2025-10-25 17:00:00+00:00,Belhaven,Methodist,28,7,True,False,True,USA South,USA South,iii,iii,
9,regular,2025-10-25 17:00:00+00:00,North Carolina A&T,Campbell,28,24,True,False,True,Coastal Athletic,Coastal Athletic,fcs,fcs,
9,regular,2025-10-25 17:00:00+00:00,Ripon,Illinois College,0,31,True,False,True,Midwest,Midwest,iii,iii,
9,regular,2025-10-25 17:00:00+00:00,Buffalo,Akron,16,24,True,False,True,Mid-American,Mid-American,fbs,fbs,
9,regular,2025-10-25 17:00:00+00:00,Hendrix,Lyon,38,21,True,False,False,Southern Athletic,Southern Collegiate Athletic,iii,iii,
9,regular,2025-10-25 17:00:00+00:00,Lincoln (PA),Elizabeth City State,14,62,True,False,True,CIAA,CIAA,ii,ii,
9,regular,2025-10-25 17:00:00+00:00,Ferrum,Erskine,35,33,True,False,False,Carolinas,Carolinas,ii,ii,
9,regular,2025-10-25 17:30:00+00:00,Muskingum,Heidelberg,14,27,True,False,True,Ohio,Ohio,iii,iii,
9,regular,2025-10-25 17:30:00+00:00,Mount Union,Ohio Northern,33,7,True,False,True,Ohio,Ohio,iii,iii,
9,regular,2025-10-25 17:30:00+00:00,Anderson (IN),Wilmington (OH),23,34,True,False,False,Heartland,Ohio,iii,iii,
9,regular,2025-10-25 17:30:00+00:00,Hanover,Manchester,76,7,True,False,True,Heartland,Heartland,iii,iii,
9,regular,2025-10-25 17:30:00+00:00,Mount St Joseph,Franklin,52,21,True,False,True,Heartland,Heartland,iii,iii,
9,regular,2025-10-25 17:30:00+00:00,Capital,Otterbein,19,20,True,False,True,Ohio,Ohio,iii,iii,
9,regular,2025-10-25 17:30:00+00:00,Trinity (TX),Centre,19,14,True,False,True,Southern Athletic,Southern Athletic,iii,iii,
9,regular,2025-10-25 17:30:00+00:00,Worcester State,Dean,52,27,True,False,False,MSCAC,MSCAC,iii,iii,
9,regular,2025-10-25 17:30:00+00:00,Tufts,Williams,41,20,True,False,True,NESCAC,NESCAC,iii,iii,
9,regular,2025-10-25 18:00:00+00:00,South Dakota,Illinois State,13,21,True,False,True,MVFC,MVFC,fcs,fcs,
9,regular,2025-10-25 18:00:00+00:00,Virginia State,Bluefield State,51,34,True,False,True,CIAA,CIAA,ii,ii,
9,regular,2025-10-25 18:00:00+00:00,Wartburg,Central College,28,13,True,False,True,American Rivers,American Rivers,iii,iii,
9,regular,2025-10-25 18:00:00+00:00,Grinnell,Chicago,7,38,True,False,True,Midwest,Midwest,iii,iii,
9,regular,2025-10-25 18:00:00+00:00,McKendree,Lincoln (MO),54,48,True,False,True,Great Lakes,Great Lakes,ii,ii,
9,regular,2025-10-25 18:00:00+00:00,Hampton,Monmouth,10,28,True,False,True,Coastal Athletic,Coastal Athletic,fcs,fcs,
9,regular,2025-10-25 18:00:00+00:00,Lawrence,Knox,0,0,True,False,True,Midwest,Midwest,iii,iii,
9,regular,2025-10-25 18:00:00+00:00,Beloit,Monmouth (IL),0,72,True,False,True,Midwest,Midwest,iii,iii,
9,regular,2025-10-25 18:00:00+00:00,Cornell (IA),Lake Forest,24,49,True,False,True,Midwest,Midwest,iii,iii,
9,regular,2025-10-25 18:00:00+00:00,Hamline,Gustavus Adolphus,9,63,True,False,True,Minnesota,Minnesota,iii,iii,
9,regular,2025-10-25 18:00:00+00:00,Mary Hardin Baylor,Howard Payne,41,17,True,False,True,American Southwest,American Southwest,iii,iii,
9,regular,2025-10-25 18:00:00+00:00,Charleston Southern,Eastern Illinois,17,16,True,False,True,OVC-Big South,OVC-Big South,fcs,fcs,
9,regular,2025-10-25 18:00:00+00:00,Furman,The Citadel,24,14,True,False,True,Southern,Southern,fcs,fcs,
9,regular,2025-10-25 18:00:00+00:00,Youngstown State,Murray State,51,17,True,False,True,MVFC,MVFC,fcs,fcs,
9,regular,2025-10-25 18:00:00+00:00,Quincy,Missouri S&T,31,30,True,False,True,Great Lakes,Great Lakes,ii,ii,
9,regular,2025-10-25 18:00:00+00:00,Concord,West Virginia Wesleyan,31,21,True,False,True,Mountain East,Mountain East,ii,ii,
9,regular,2025-10-25 18:00:00+00:00,Clarion,Seton Hill,23,17,True,False,True,Pennsylvania State Athletic,Pennsylvania State Athletic,ii,ii,
9,regular,2025-10-25 18:00:00+00:00,Benedict,Albany State,3,31,True,False,True,SIAC,SIAC,ii,ii,
9,regular,2025-10-25 18:00:00+00:00,William Jewell,Upper Iowa,10,28,True,False,True,Great Lakes,Great Lakes,ii,ii,
9,regular,2025-10-25 18:00:00+00:00,Saginaw Valley State,Wayne State (MI),28,7,True,False,True,GLIAC,GLIAC,ii,ii,
9,regular,2025-10-25 18:00:00+00:00,Livingstone,Virginia Lynchburg,44,22,True,False,False,CIAA,,ii,,
9,regular,2025-10-25 18:00:00+00:00,Simpson (IA),Dubuque,27,7,True,False,True,American Rivers,American Rivers,iii,iii,
9,regular,2025-10-25 18:00:00+00:00,Wisconsin Eau Claire,Wisconsin River Falls,21,73,True,False,True,Wisconsin,Wisconsin,iii,iii,
9,regular,2025-10-25 18:00:00+00:00,Hardin Simmons,Nelson (TX),68,14,True,False,False,American Southwest,,iii,,
9,regular,2025-10-25 18:00:00+00:00,Barton,Shorter,7,33,True,False,False,Carolinas,Carolinas,ii,ii,
9,regular,2025-10-25 18:00:00+00:00,Buena Vista,Loras,14,28,True,False,True,American Rivers,American Rivers,iii,iii,
9,regular,2025-10-25 18:00:00+00:00,North Central College,Augustana (IL),76,14,True,False,True,CCIW,CCIW,iii,iii,
9,regular,2025-10-25 18:00:00+00:00,Carroll (WI),Elmhurst,47,7,True,False,True,CCIW,CCIW,iii,iii,
9,regular,2025-10-25 18:00:00+00:00,Wisconsin Whitewater,Wisconsin Platteville,29,19,True,False,True,Wisconsin,Wisconsin,iii,iii,
9,regular,2025-10-25 18:00:00+00:00,Carthage,Millikin,24,7,True,False,True,CCIW,CCIW,iii,iii,
9,regular,2025-10-25 18:00:00+00:00,Illinois Wesleyan,North Park,49,21,True,False,True,CCIW,CCIW,iii,iii,
9,regular,2025-10-25 18:00:00+00:00,Wheaton (IL),Washington St. Louis,28,24,True,False,True,CCIW,CCIW,iii,iii,
9,regular,2025-10-25 18:00:00+00:00,Wisconsin Stout,Wisconsin Stevens Point,42,22,True,False,True,Wisconsin,Wisconsin,iii,iii,
9,regular,2025-10-25 18:00:00+00:00,Rose Hulman,Bluffton,27,30,True,False,True,Heartland,Heartland,iii,iii,
9,regular,2025-10-25 18:00:00+00:00,St. Olaf,St. Scholastica,44,41,True,False,True,Minnesota,Minnesota,iii,iii,
9,regular,2025-10-25 18:00:00+00:00,Saint John's (MN),Carleton,49,10,True,False,True,Minnesota,Minnesota,iii,iii,
9,regular,2025-10-25 18:00:00+00:00,Bethel (MN),Macalester,53,0,True,False,True,Minnesota,Minnesota,iii,iii,
9,regular,2025-10-25 18:00:00+00:00,Concordia Chicago,Concordia (WI),20,47,True,False,True,NACC,NACC,iii,iii,
9,regular,2025-10-25 18:00:00+00:00,St. Norbert,Rockford,61,10,True,False,True,NACC,NACC,iii,iii,
9,regular,2025-10-25 18:00:00+00:00,Benedictine (IL),Lakeland,42,35,True,False,True,NACC,NACC,iii,iii,
9,regular,2025-10-25 18:00:00+00:00,Oberlin,Wittenberg,0,52,True,False,True,North Coast,North Coast,iii,iii,
9,regular,2025-10-25 18:00:00+00:00,Baldwin Wallace,Marietta,38,0,True,False,True,Ohio,Ohio,iii,iii,
9,regular,2025-10-25 18:00:00+00:00,Westfield State,Plymouth State,35,42,True,False,True,MSCAC,MSCAC,iii,iii,
9,regular,2025-10-25 18:00:00+00:00,West Georgia,Central Arkansas,18,17,True,False,True,UAC,UAC,fcs,fcs,
9,regular,2025-10-25 18:00:00+00:00,IU Pennsylvania,California (PA),38,30,True,False,True,Pennsylvania State Athletic,Pennsylvania State Athletic,ii,ii,
9,regular,2025-10-25 18:00:00+00:00,Wayne State (NE),Minnesota State,35,20,True,False,True,Northern Sun,Northern Sun,ii,ii,
9,regular,2025-10-25 18:00:00+00:00,Southwest Minnesota State,Augustana (SD),29,57,True,False,True,Northern Sun,Northern Sun,ii,ii,
9,regular,2025-10-25 18:00:00+00:00,Coe,Luther,42,21,True,False,True,American Rivers,American Rivers,iii,iii,
9,regular,2025-10-25 18:00:00+00:00,Norfolk State,South Carolina State,20,51,True,False,True,MEAC,MEAC,fcs,fcs,
9,regular,2025-10-25 18:00:00+00:00,Ouachita Baptist,Southern Arkansas,42,14,True,False,True,Great American,Great American,ii,ii,
9,regular,2025-10-25 18:00:00+00:00,Southwest Baptist,Truman State,16,27,True,False,True,Great Lakes,Great Lakes,ii,ii,
9,regular,2025-10-25 18:00:00+00:00,Washburn,Fort Hays,10,13,True,False,True,Mid America,Mid America,ii,ii,
9,regular,2025-10-25 18:00:00+00:00,Bemidji State,Jamestown,47,25,True,False,False,Northern Sun,Northern Sun,ii,ii,
9,regular,2025-10-25 18:00:00+00:00,Minot State,Sioux Falls,17,24,True,False,True,Northern Sun,Northern Sun,ii,ii,
9,regular,2025-10-25 18:00:00+00:00,Anderson (SC),Wingate,3,30,True,False,True,South Atlantic,South Atlantic,ii,ii,
9,regular,2025-10-25 18:30:00+00:00,Central Missouri,Emporia State,27,31,True,False,True,Mid America,Mid America,ii,ii,
9,regular,2025-10-25 18:30:00+00:00,Tennessee State,Western Illinois,16,17,True,False,True,OVC-Big South,OVC-Big South,fcs,fcs,
9,regular,2025-10-25 18:30:00+00:00,Hillsdale,Lake Erie,35,10,True,False,True,Great Midwest Athletic,Great Midwest Athletic,ii,ii,
9,regular,2025-10-25 19:00:00+00:00,Southern Illinois,Northern Iowa,31,17,True,False,True,MVFC,MVFC,fcs,fcs,
9,regular,2025-10-25 19:00:00+00:00,Prairie View A&M,Lincoln (CA),38,0,True,False,False,SWAC,Independent DII,fcs,ii,
9,regular,2025-10-25 19:00:00+00:00,Mercer,VMI,62,0,True,False,True,Southern,Southern,fcs,fcs,
9,regular,2025-10-25 19:00:00+00:00,West Alabama,Delta State,38,41,True,False,True,Gulf South,Gulf South,ii,ii,
9,regular,2025-10-25 19:00:00+00:00,Tuskegee,Allen,13,28,True,False,True,SIAC,SIAC,ii,ii,
9,regular,2025-10-25 19:00:00+00:00,New Mexico,Utah State,33,14,True,False,True,Mountain West,Mountain West,fbs,fbs,
9,regular,2025-10-25 19:00:00+00:00,Bethune-Cookman,Arkansas-Pine Bluff,31,14,True,False,True,SWAC,SWAC,fcs,fcs,
9,regular,2025-10-25 19:00:00+00:00,Wisconsin La Crosse,Wisconsin Oshkosh,44,13,True,False,True,Wisconsin,Wisconsin,iii,iii,
9,regular,2025-10-25 19:00:00+00:00,Alcorn State,Mississippi Valley State,32,10,True,False,True,SWAC,SWAC,fcs,fcs,
9,regular,2025-10-25 19:00:00+00:00,Saint Francis,Robert Morris,14,24,True,False,True,NEC,NEC,fcs,fcs,
9,regular,2025-10-25 19:00:00+00:00,Lindenwood,Gardner-Webb,20,48,True,False,True,OVC-Big South,OVC-Big South,fcs,fcs,
9,regular,2025-10-25 19:00:00+00:00,Missouri Southern State,Missouri Western,12,19,True,False,True,Mid America,Mid America,ii,ii,
9,regular,2025-10-25 19:00:00+00:00,Hiram,Allegheny,13,28,True,False,False,Presidents',Presidents',iii,iii,
9,regular,2025-10-25 19:00:00+00:00,Southwestern Oklahoma State,East Central,38,14,True,False,True,Great American,Great American,ii,ii,
9,regular,2025-10-25 19:00:00+00:00,Carson Newman,UVA Wise,35,14,True,False,True,South Atlantic,South Atlantic,ii,ii,
9,regular,2025-10-25 19:00:00+00:00,Lane College,Fort Valley State,19,23,True,False,True,SIAC,SIAC,ii,ii,
9,regular,2025-10-25 19:00:00+00:00,Savannah State,Morehouse,24,16,True,False,True,SIAC,SIAC,ii,ii,
9,regular,2025-10-25 19:00:00+00:00,Rhodes,Sewanee,6,28,True,False,True,Southern Athletic,Southern Athletic,iii,iii,
9,regular,2025-10-25 19:00:00+00:00,Valdosta State,North Greenville,35,24,True,False,True,Gulf South,Carolinas,ii,ii,
9,regular,2025-10-25 19:00:00+00:00,Harding,Arkansas Monticello,55,0,True,False,True,Great American,Great American,ii,ii,
9,regular,2025-10-25 19:00:00+00:00,Denison,DePauw,28,35,True,False,True,North Coast,North Coast,iii,iii,
9,regular,2025-10-25 19:00:00+00:00,Geneva,Bethany (WV),75,28,True,False,True,Presidents',Presidents',iii,iii,
9,regular,2025-10-25 19:00:00+00:00,Buffalo State,Rochester (NY),3,23,True,False,True,Liberty League,Liberty League,iii,iii,
9,regular,2025-10-25 19:00:00+00:00,Western Colorado,Colorado School of Mines,40,17,True,False,True,Rocky Mountain,Rocky Mountain,ii,ii,
9,regular,2025-10-25 19:00:00+00:00,Northern Colorado,UC Davis,16,27,True,False,True,Big Sky,Big Sky,fcs,fcs,
9,regular,2025-10-25 19:00:00+00:00,Rice,UConn,37,34,True,False,False,American Athletic,FBS Independents,fbs,fbs,
9,regular,2025-10-25 19:00:00+00:00,Winona State,Concordia St. Paul,24,14,True,False,True,Northern Sun,Northern Sun,ii,ii,
9,regular,2025-10-25 19:00:00+00:00,Northwest Missouri State,Nebraska Kearney,14,0,True,False,True,Mid America,Mid America,ii,ii,
9,regular,2025-10-25 19:00:00+00:00,West Florida,West Virginia State,55,6,True,False,False,Gulf South,Mountain East,ii,ii,
9,regular,2025-10-25 19:00:00+00:00,Northwestern State,Lamar,14,41,True,False,True,Southland,Southland,fcs,fcs,
9,regular,2025-10-25 19:00:00+00:00,Eastern Kentucky,Tarleton State,7,31,True,False,True,UAC,UAC,fcs,fcs,
9,regular,2025-10-25 19:00:00+00:00,Houston Christian,SE Louisiana,14,38,True,False,True,Southland,Southland,fcs,fcs,
9,regular,2025-10-25 19:00:00+00:00,Weber State,Eastern Washington,20,23,True,False,True,Big Sky,Big Sky,fcs,fcs,
9,regular,2025-10-25 19:30:00+00:00,Washington,Illinois,42,25,True,False,True,Big Ten,Big Ten,fbs,fbs,
9,regular,2025-10-25 19:30:00+00:00,Samford,Chattanooga,13,49,True,False,True,Southern,Southern,fcs,fcs,
9,regular,2025-10-25 19:30:00+00:00,Fresno State,San Diego State,0,23,True,False,True,Mountain West,Mountain West,fbs,fbs,
9,regular,2025-10-25 19:30:00+00:00,Central Michigan,Massachusetts,38,13,True,False,True,Mid-American,Mid-American,fbs,fbs,
9,regular,2025-10-25 19:30:00+00:00,Tulsa,Temple,37,38,True,False,True,American Athletic,American Athletic,fbs,fbs,
9,regular,2025-10-25 19:30:00+00:00,Howard,Morgan State,33,27,True,False,True,MEAC,MEAC,fcs,fcs,
9,regular,2025-10-25 19:30:00+00:00,Southern Miss,UL Monroe,49,21,True,False,True,Sun Belt,Sun Belt,fbs,fbs,
9,regular,2025-10-25 19:30:00+00:00,Vanderbilt,Missouri,17,10,True,False,True,SEC,SEC,fbs,fbs,
9,regular,2025-10-25 19:30:00+00:00,Washington State,Toledo,28,7,True,False,False,Pac-12,Mid-American,fbs,fbs,
9,regular,2025-10-25 19:30:00+00:00,Northern Illinois,Ball State,21,7,True,False,True,Mid-American,Mid-American,fbs,fbs,
9,regular,2025-10-25 19:30:00+00:00,Pittsburgh,NC State,53,34,True,False,True,ACC,ACC,fbs,fbs,
9,regular,2025-10-25 19:30:00+00:00,Iowa,Minnesota,41,3,True,False,True,Big Ten,Big Ten,fbs,fbs,
9,regular,2025-10-25 19:30:00+00:00,Navy,Florida Atlantic,42,32,True,False,True,American Athletic,American Athletic,fbs,fbs,
9,regular,2025-10-25 19:30:00+00:00,Stony Brook,Towson,27,19,True,False,True,Coastal Athletic,Coastal Athletic,fcs,fcs,
9,regular,2025-10-25 19:30:00+00:00,Villanova,UAlbany,29,16,True,False,True,Coastal Athletic,Coastal Athletic,fcs,fcs,
9,regular,2025-10-25 19:30:00+00:00,Iowa State,BYU,27,41,True,False,True,Big 12,Big 12,fbs,fbs,
9,regular,2025-10-25 19:30:00+00:00,Miami (OH),Western Michigan,26,17,True,False,True,Mid-American,Mid-American,fbs,fbs,
9,regular,2025-10-25 19:30:00+00:00,East Tennessee State,Wofford,14,10,True,False,True,Southern,Southern,fcs,fcs,
9,regular,2025-10-25 19:30:00+00:00,South Carolina,Alabama,22,29,True,False,True,SEC,SEC,fbs,fbs,
9,regular,2025-10-25 19:30:00+00:00,Alabama A&M,Alabama State,13,56,True,True,True,SWAC,SWAC,fcs,fcs,Magic City Classic
9,regular,2025-10-25 20:00:00+00:00,Texas Tech,Oklahoma State,42,0,True,False,True,Big 12,Big 12,fbs,fbs,
9,regular,2025-10-25 20:00:00+00:00,Nicholls,McNeese,31,7,True,False,True,Southland,Southland,fcs,fcs,
9,regular,2025-10-25 20:00:00+00:00,Pacific Lutheran,Linfield,15,31,True,False,True,Northwest,Northwest,iii,iii,
9,regular,2025-10-25 20:00:00+00:00,Pacific (OR),Willamette,35,14,True,False,True,Northwest,Northwest,iii,iii,
9,regular,2025-10-25 20:00:00+00:00,Cincinnati,Baylor,41,20,True,False,True,Big 12,Big 12,fbs,fbs,
9,regular,2025-10-25 20:00:00+00:00,Washington and Lee,Bridgewater,20,17,True,False,True,Old Dominion,Old Dominion,iii,iii,
9,regular,2025-10-25 20:00:00+00:00,Lewis & Clark,Whitworth,35,42,True,False,True,Northwest,Northwest,iii,iii,
9,regular,2025-10-25 20:00:00+00:00,Idaho,Portland State,45,6,True,False,True,Big Sky,Big Sky,fcs,fcs,
9,regular,2025-10-25 20:00:00+00:00,Austin Peay,North Alabama,56,28,True,False,True,UAC,UAC,fcs,fcs,
9,regular,2025-10-25 20:00:00+00:00,North Dakota,Indiana State,46,17,True,False,True,MVFC,MVFC,fcs,fcs,
9,regular,2025-10-25 20:00:00+00:00,Northwestern (OK),Southern Nazarene,33,22,True,False,True,Great American,Great American,ii,ii,
9,regular,2025-10-25 20:00:00+00:00,Colorado Mesa,Fort Lewis,24,14,True,False,True,Rocky Mountain,Rocky Mountain,ii,ii,
9,regular,2025-10-25 20:00:00+00:00,Alfred State,Hartwick,54,28,True,False,False,Empire 8,Empire 8,iii,iii,
9,regular,2025-10-25 20:15:00+00:00,Mississippi State,Texas,38,45,True,False,True,SEC,SEC,fbs,fbs,
9,regular,2025-10-25 20:30:00+00:00,George Fox,Puget Sound,48,23,True,False,True,Northwest,Northwest,iii,iii,
9,regular,2025-10-25 21:00:00+00:00,Eastern New Mexico,Western New Mexico,59,35,True,False,True,Lone Star,Lone Star,ii,ii,
9,regular,2025-10-25 21:00:00+00:00,Arkansas Tech,Henderson State,17,6,True,False,True,Great American,Great American,ii,ii,
9,regular,2025-10-25 21:00:00+00:00,Southern,Florida A&M,35,43,True,False,True,SWAC,SWAC,fcs,fcs,
9,regular,2025-10-25 21:00:00+00:00,Austin,Texas Lutheran,7,55,True,False,True,Southern Collegiate Athletic,Southern Collegiate Athletic,iii,iii,
9,regular,2025-10-25 22:00:00+00:00,Chowan,UNC Pembroke,10,42,True,False,False,Carolinas,Carolinas,ii,ii,
9,regular,2025-10-25 22:00:00+00:00,West Virginia,TCU,17,23,True,False,True,Big 12,Big 12,fbs,fbs,
9,regular,2025-10-25 22:00:00+00:00,Eureka,Wisconsin Lutheran,12,42,True,False,True,NACC,NACC,iii,iii,
9,regular,2025-10-25 22:00:00+00:00,Centenary (LA),McMurry,6,52,True,False,True,Southern Collegiate Athletic,Southern Collegiate Athletic,iii,iii,
9,regular,2025-10-25 22:00:00+00:00,Catawba,Tusculum,38,3,True,False,True,South Atlantic,South Atlantic,ii,ii,
9,regular,2025-10-25 22:00:00+00:00,Newberry,Emory & Henry,36,34,True,False,True,South Atlantic,South Atlantic,ii,ii,
9,regular,2025-10-25 22:00:00+00:00,Idaho State,Northern Arizona,18,31,True,False,True,Big Sky,Big Sky,fcs,fcs,
9,regular,2025-10-25 22:00:00+00:00,Greensboro,Brevard,7,34,True,False,True,USA South,USA South,iii,iii,
9,regular,2025-10-25 22:00:00+00:00,Grambling,Jackson State,26,24,True,True,True,SWAC,SWAC,fcs,fcs,
9,regular,2025-10-25 23:00:00+00:00,UT Permian Basin,West Texas,22,6,True,False,True,Lone Star,Lone Star,ii,ii,
9,regular,2025-10-25 23:00:00+00:00,Arkansas State,Georgia Southern,34,24,True,False,True,Sun Belt,Sun Belt,fbs,fbs,
9,regular,2025-10-25 23:00:00+00:00,Troy,Louisiana,35,23,True,False,True,Sun Belt,Sun Belt,fbs,fbs,
9,regular,2025-10-25 23:00:00+00:00,East Texas A&M,Stephen F. Austin,21,31,True,False,True,Southland,Southland,fcs,fcs,
9,regular,2025-10-25 23:00:00+00:00,Oregon,Wisconsin,21,7,True,False,True,Big Ten,Big Ten,fbs,fbs,
9,regular,2025-10-25 23:00:00+00:00,Northern State,Minnesota St Moorhead,49,48,True,False,True,Northern Sun,Northern Sun,ii,ii,
9,regular,2025-10-25 23:00:00+00:00,Miami,Stanford,42,7,True,False,True,ACC,ACC,fbs,fbs,
9,regular,2025-10-25 23:00:00+00:00,Oklahoma Baptist,Southeastern Oklahoma State,10,14,True,False,True,Great American,Great American,ii,ii,
9,regular,2025-10-25 23:30:00+00:00,Michigan State,Michigan,20,31,True,False,True,Big Ten,Big Ten,fbs,fbs,
9,regular,2025-10-25 23:30:00+00:00,Louisville,Boston College,38,24,True,False,True,ACC,ACC,fbs,fbs,
9,regular,2025-10-25 23:30:00+00:00,Wyoming,Colorado State,28,0,True,False,True,Mountain West,Mountain West,fbs,fbs,
9,regular,2025-10-25 23:30:00+00:00,LSU,Texas A&M,25,49,True,False,True,SEC,SEC,fbs,fbs,
9,regular,2025-10-25 23:45:00+00:00,Kentucky,Tennessee,34,56,True,False,True,SEC,SEC,fbs,fbs,
9,regular,2025-10-26 00:00:00+00:00,Central Oklahoma,Northeastern State,21,28,True,False,False,Mid America,Independent DII,ii,ii,
9,regular,2025-10-26 00:00:00+00:00,UT Rio Grande Valley,Incarnate Word,56,28,True,False,False,Southland,Southland,fcs,fcs,
9,regular,2025-10-26 00:00:00+00:00,Utah Tech,Southern Utah,7,28,True,False,True,UAC,UAC,fcs,fcs,
9,regular,2025-10-26 00:00:00+00:00,Sul Ross State,Angelo State,,62,True,False,True,Lone Star,Lone Star,ii,ii,
9,regular,2025-10-26 00:00:00+00:00,Adams State,New Mexico Highlands,10,49,True,False,True,Rocky Mountain,Rocky Mountain,ii,ii,
9,regular,2025-10-26 00:00:00+00:00,Texas A&M-Kingsville,Western Oregon,27,34,True,False,True,Lone Star,Lone Star,ii,ii,
9,regular,2025-10-26 00:00:00+00:00,Midwestern State,Central Washington,13,56,True,False,True,Lone Star,Lone Star,ii,ii,
9,regular,2025-10-26 00:00:00+00:00,Cal Poly,Montana State,17,34,True,False,True,Big Sky,Big Sky,fcs,fcs,
9,regular,2025-10-26 00:00:00+00:00,Arizona State,Houston,16,24,True,False,True,Big 12,Big 12,fbs,fbs,
9,regular,2025-10-26 00:00:00+00:00,Northwestern (MN),Crown,24,16,True,False,True,Upper Midwest,Upper Midwest,iii,iii,
9,regular,2025-10-26 00:00:00+00:00,South Dakota State,North Dakota State,7,38,True,False,True,MVFC,MVFC,fcs,fcs,
9,regular,2025-10-26 02:00:00+00:00,Chapman,Claremont Mudd Scripps,37,31,True,False,True,So. Cal.,So. Cal.,iii,iii,
9,regular,2025-10-26 02:00:00+00:00,Cal Lutheran,Redlands,24,30,True,False,True,So. Cal.,So. Cal.,iii,iii,
9,regular,2025-10-26 02:00:00+00:00,Pomona Pitzer,La Verne,8,26,True,False,True,So. Cal.,So. Cal.,iii,iii,
9,regular,2025-10-26 02:15:00+00:00,Utah,Colorado,53,7,True,False,True,Big 12,Big 12,fbs,fbs,
10,regular,2025-10-29 00:00:00+00:00,Texas State,James Madison,20,52,True,False,True,Sun Belt,Sun Belt,fbs,fbs,
10,regular,2025-10-29 00:00:00+00:00,Kennesaw State,UTEP,33,20,True,False,True,Conference USA,Conference USA,fbs,fbs,
10,regular,2025-10-29 23:30:00+00:00,Middle Tennessee,Jacksonville State,21,24,True,False,True,Conference USA,Conference USA,fbs,fbs,
10,regular,2025-10-30 00:00:00+00:00,Missouri State,Florida International,28,21,True,False,True,Conference USA,Conference USA,fbs,fbs,
10,regular,2025-10-30 23:00:00+00:00,Delaware State,Norfolk State,27,20,True,True,True,MEAC,MEAC,fcs,fcs,
10,regular,2025-10-30 23:30:00+00:00,UTSA,Tulane,48,26,True,False,True,American Athletic,American Athletic,fbs,fbs,
10,regular,2025-10-30 23:30:00+00:00,Coastal Carolina,Marshall,44,27,True,False,True,Sun Belt,Sun Belt,fbs,fbs,
10,regular,2025-10-31 23:00:00+00:00,Pennsylvania,Brown,28,21,True,False,True,Ivy,Ivy,fcs,fcs,
10,regular,2025-10-31 23:00:00+00:00,Rice,Memphis,14,38,True,False,True,American Athletic,American Athletic,fbs,fbs,
10,regular,2025-10-31 23:30:00+00:00,Syracuse,North Carolina,10,27,True,False,True,ACC,ACC,fbs,fbs,
10,regular,2025-11-01 00:00:00+00:00,Louisiana Tech,Sam Houston,55,14,True,False,True,Conference USA,Conference USA,fbs,fbs,
10,regular,2025-11-01 02:30:00+00:00,Northern Arizona,Idaho,32,35,True,False,True,Big Sky,Big Sky,fcs,fcs,
10,regular,2025-11-01 16:00:00+00:00,The College of New Jersey,Rowan,30,44,True,False,True,New Jersey,New Jersey,iii,iii,
10,regular,2025-11-01 16:00:00+00:00,North Carolina A&T,Towson,9,62,True,False,True,Coastal Athletic,Coastal Athletic,fcs,fcs,
10,regular,2025-11-01 16:00:00+00:00,Norwich,Springfield,6,48,True,False,True,NEWMAC,NEWMAC,iii,iii,
10,regular,2025-11-01 16:00:00+00:00,Rochester (NY),Hobart,21,28,True,False,True,Liberty League,Liberty League,iii,iii,
10,regular,2025-11-01 16:00:00+00:00,Sacred Heart,New Haven,35,20,True,False,False,FCS Independents,NEC,fcs,fcs,
10,regular,2025-11-01 16:00:00+00:00,Millersville,Lock Haven,7,42,True,False,True,Pennsylvania State Athletic,Pennsylvania State Athletic,ii,ii,
10,regular,2025-11-01 16:00:00+00:00,Yale,Columbia,24,10,True,False,True,Ivy,Ivy,fcs,fcs,
10,regular,2025-11-01 16:00:00+00:00,Assumption,Southern Connecticut State,38,7,True,False,True,Northeast 10,Northeast 10,ii,ii,
10,regular,2025-11-01 16:00:00+00:00,Seton Hill,Edinboro,6,22,True,False,True,Pennsylvania State Athletic,Pennsylvania State Athletic,ii,ii,
10,regular,2025-11-01 16:00:00+00:00,FDU Florham,Misericordia,16,35,True,False,True,Mid Atlantic,Mid Atlantic,iii,iii,
10,regular,2025-11-01 16:00:00+00:00,Kutztown,East Stroudsburg,49,6,True,False,True,Pennsylvania State Athletic,Pennsylvania State Athletic,ii,ii,
10,regular,2025-11-01 16:00:00+00:00,Baylor,UCF,30,3,True,False,True,Big 12,Big 12,fbs,fbs,
10,regular,2025-11-01 16:00:00+00:00,Houston,West Virginia,35,45,True,False,True,Big 12,Big 12,fbs,fbs,
10,regular,2025-11-01 16:00:00+00:00,Fitchburg State,Bridgewater State,18,38,True,False,True,MSCAC,MSCAC,iii,iii,
10,regular,2025-11-01 16:00:00+00:00,Brevard,Huntingdon,26,32,True,False,True,USA South,USA South,iii,iii,
10,regular,2025-11-01 16:00:00+00:00,Shepherd,Shippensburg,48,7,True,False,True,Pennsylvania State Athletic,Pennsylvania State Athletic,ii,ii,
10,regular,2025-11-01 16:00:00+00:00,Air Force,Army,17,20,True,False,False,Mountain West,American Athletic,fbs,fbs,
10,regular,2025-11-01 16:00:00+00:00,UConn,UAB,38,19,True,False,False,FBS Independents,American Athletic,fbs,fbs,
10,regular,2025-11-01 16:00:00+00:00,North Texas,Navy,31,17,True,False,True,American Athletic,American Athletic,fbs,fbs,
10,regular,2025-11-01 16:00:00+00:00,Dean,UMass Dartmouth,7,48,True,False,False,MSCAC,MSCAC,iii,iii,
10,regular,2025-11-01 16:00:00+00:00,West Chester,Bloomsburg,46,44,True,False,True,Pennsylvania State Athletic,Pennsylvania State Athletic,ii,ii,
10,regular,2025-11-01 16:00:00+00:00,Saint Francis,Wagner,20,23,True,False,True,NEC,NEC,fcs,fcs,
10,regular,2025-11-01 16:00:00+00:00,Endicott,Maine Maritime,69,7,True,False,False,Commonwealth Coast,Commonwealth Coast,iii,iii,
10,regular,2025-11-01 16:00:00+00:00,Wheeling,Concord,26,21,True,False,True,Mountain East,Mountain East,ii,ii,
10,regular,2025-11-01 16:00:00+00:00,Husson,Curry,21,40,True,False,True,Commonwealth Coast,Commonwealth Coast,iii,iii,
10,regular,2025-11-01 16:00:00+00:00,Central Connecticut,Long Island University,10,7,True,False,True,NEC,NEC,fcs,fcs,
10,regular,2025-11-01 16:00:00+00:00,SMU,Miami,26,20,True,False,True,ACC,ACC,fbs,fbs,
10,regular,2025-11-01 16:00:00+00:00,Thomas More,Hillsdale,10,24,True,False,True,Great Midwest Athletic,Great Midwest Athletic,ii,ii,
10,regular,2025-11-01 16:00:00+00:00,Bowling Green,Buffalo,3,28,True,False,True,Mid-American,Mid-American,fbs,fbs,
10,regular,2025-11-01 16:00:00+00:00,Illinois,Rutgers,35,13,True,False,True,Big Ten,Big Ten,fbs,fbs,
10,regular,2025-11-01 16:00:00+00:00,Michigan Tech,Roosevelt,56,31,True,False,True,GLIAC,GLIAC,ii,ii,
10,regular,2025-11-01 16:00:00+00:00,Davenport,Saginaw Valley State,31,17,True,False,True,GLIAC,GLIAC,ii,ii,
10,regular,2025-11-01 16:00:00+00:00,Ohio State,Penn State,38,14,True,False,True,Big Ten,Big Ten,fbs,fbs,
10,regular,2025-11-01 16:00:00+00:00,Texas,Vanderbilt,34,31,True,False,True,SEC,SEC,fbs,fbs,
10,regular,2025-11-01 16:00:00+00:00,Plymouth State,Framingham State,28,26,True,False,True,MSCAC,MSCAC,iii,iii,
10,regular,2025-11-01 16:00:00+00:00,Westfield State,Mass Maritime,14,21,True,False,True,MSCAC,MSCAC,iii,iii,
10,regular,2025-11-01 16:00:00+00:00,Salve Regina,Coast Guard,31,36,True,False,True,NEWMAC,NEWMAC,iii,iii,
10,regular,2025-11-01 16:00:00+00:00,Upper Iowa,McKendree,57,7,True,False,True,Great Lakes,Great Lakes,ii,ii,
10,regular,2025-11-01 16:00:00+00:00,Catholic,Lycoming,12,38,True,False,True,Landmark Conference,Landmark Conference,iii,iii,
10,regular,2025-11-01 16:00:00+00:00,Ohio Dominican,Lake Erie,30,14,True,False,True,Great Midwest Athletic,Great Midwest Athletic,ii,ii,
10,regular,2025-11-01 16:00:00+00:00,Hartwick,SUNY Morrisville,24,13,True,False,True,Empire 8,Empire 8,iii,iii,
10,regular,2025-11-01 16:00:00+00:00,Brockport,Alfred,51,0,True,False,True,Empire 8,Empire 8,iii,iii,
10,regular,2025-11-01 16:00:00+00:00,Saint Anselm,Bentley,14,28,True,False,True,Northeast 10,Northeast 10,ii,ii,
10,regular,2025-11-01 16:00:00+00:00,Clemson,Duke,45,46,True,False,True,ACC,ACC,fbs,fbs,
10,regular,2025-11-01 16:00:00+00:00,Lehigh,Georgetown,41,0,True,False,True,Patriot,Patriot,fcs,fcs,
10,regular,2025-11-01 16:00:00+00:00,North Greenville,Ferrum,27,0,True,False,False,Carolinas,Carolinas,ii,ii,
10,regular,2025-11-01 16:00:00+00:00,MIT,WPI,19,7,True,False,True,NEWMAC,NEWMAC,iii,iii,
10,regular,2025-11-01 16:00:00+00:00,Wilkes,Juniata,38,7,True,False,True,Landmark Conference,Landmark Conference,iii,iii,
10,regular,2025-11-01 16:00:00+00:00,Northwood,Findlay,16,31,True,False,True,Great Midwest Athletic,Great Midwest Athletic,ii,ii,
10,regular,2025-11-01 16:30:00+00:00,Hamilton,Middlebury,21,24,True,False,True,NESCAC,NESCAC,iii,iii,
10,regular,2025-11-01 17:00:00+00:00,Nebraska Kearney,Central Oklahoma,35,24,True,False,True,Mid America,Mid America,ii,ii,
10,regular,2025-11-01 17:00:00+00:00,Fayetteville State,Johnson C. Smith,14,17,True,False,True,CIAA,CIAA,ii,ii,
10,regular,2025-11-01 17:00:00+00:00,Ashland,Walsh,23,16,True,False,True,Great Midwest Athletic,Great Midwest Athletic,ii,ii,
10,regular,2025-11-01 17:00:00+00:00,Albany State,Savannah State,21,18,True,False,True,SIAC,SIAC,ii,ii,
10,regular,2025-11-01 17:00:00+00:00,Alfred State,SUNY Cortland,7,49,True,False,False,Empire 8,Empire 8,iii,iii,
10,regular,2025-11-01 17:00:00+00:00,West Liberty,Fairmont State,44,45,True,False,True,Mountain East,Mountain East,ii,ii,
10,regular,2025-11-01 17:00:00+00:00,Wayne State (MI),Grand Valley State,13,59,True,False,True,GLIAC,GLIAC,ii,ii,
10,regular,2025-11-01 17:00:00+00:00,California (PA),Frostburg State,31,26,True,False,False,Pennsylvania State Athletic,Mountain East,ii,ii,
10,regular,2025-11-01 17:00:00+00:00,West Virginia State,Glenville State,52,28,True,False,True,Mountain East,Mountain East,ii,ii,
10,regular,2025-11-01 17:00:00+00:00,Minnesota State,Southwest Minnesota State,48,7,True,False,True,Northern Sun,Northern Sun,ii,ii,
10,regular,2025-11-01 17:00:00+00:00,Utica,St. John Fisher,31,7,True,False,True,Empire 8,Empire 8,iii,iii,
10,regular,2025-11-01 17:00:00+00:00,Wooster,Kenyon,49,6,True,False,True,North Coast,North Coast,iii,iii,
10,regular,2025-11-01 17:00:00+00:00,Maryville (TN),Rhodes,42,22,True,False,False,USA South,Southern Athletic,iii,iii,
10,regular,2025-11-01 17:00:00+00:00,Sewanee,Trinity (TX),3,32,True,False,True,Southern Athletic,Southern Athletic,iii,iii,
10,regular,2025-11-01 17:00:00+00:00,Wabash,Wittenberg,28,21,True,False,True,North Coast,North Coast,iii,iii,
10,regular,2025-11-01 17:00:00+00:00,Elmhurst,Wheaton (IL),0,65,True,False,True,CCIW,CCIW,iii,iii,
10,regular,2025-11-01 17:00:00+00:00,Gallaudet,Hampden Sydney,8,61,True,False,False,Old Dominion,Old Dominion,iii,iii,
10,regular,2025-11-01 17:00:00+00:00,Albion,Hope,0,62,True,False,True,Michigan,Michigan,iii,iii,
10,regular,2025-11-01 17:00:00+00:00,Bethany (WV),Waynesburg,28,48,True,False,True,Presidents',Presidents',iii,iii,
10,regular,2025-11-01 17:00:00+00:00,Bowdoin,Bates,17,9,True,False,True,NESCAC,NESCAC,iii,iii,
10,regular,2025-11-01 17:00:00+00:00,Randolph Macon,Shenandoah,31,14,True,False,True,Old Dominion,Old Dominion,iii,iii,
10,regular,2025-11-01 17:00:00+00:00,Union,Hilbert,34,13,True,False,False,Liberty League,Empire 8,iii,iii,
10,regular,2025-11-01 17:00:00+00:00,Concordia St. Paul,Wayne State (NE),0,34,True,False,True,Northern Sun,Northern Sun,ii,ii,
10,regular,2025-11-01 17:00:00+00:00,Stevenson,Lebanon Valley,15,13,True,False,True,Mid Atlantic,Mid Atlantic,iii,iii,
10,regular,2025-11-01 17:00:00+00:00,Carroll (WI),North Central College,7,64,True,False,True,CCIW,CCIW,iii,iii,
10,regular,2025-11-01 17:00:00+00:00,North Park,Carthage,14,10,True,False,True,CCIW,CCIW,iii,iii,
10,regular,2025-11-01 17:00:00+00:00,Trine,Alma,28,42,True,False,True,Michigan,Michigan,iii,iii,
10,regular,2025-11-01 17:00:00+00:00,Bryant,Monmouth,7,35,True,False,True,Coastal Athletic,Coastal Athletic,fcs,fcs,
10,regular,2025-11-01 17:00:00+00:00,Morehead State,Davidson,28,24,True,False,True,Pioneer,Pioneer,fcs,fcs,
10,regular,2025-11-01 17:00:00+00:00,Cornell,Princeton,20,17,True,False,True,Ivy,Ivy,fcs,fcs,
10,regular,2025-11-01 17:00:00+00:00,Holy Cross,Lafayette,13,21,True,False,True,Patriot,Patriot,fcs,fcs,
10,regular,2025-11-01 17:00:00+00:00,Colgate,Merrimack,23,20,True,False,False,Patriot,FCS Independents,fcs,fcs,
10,regular,2025-11-01 17:00:00+00:00,Tufts,Colby,6,33,True,False,True,NESCAC,NESCAC,iii,iii,
10,regular,2025-11-01 17:00:00+00:00,Williams,Wesleyan (CT),28,34,True,False,True,NESCAC,NESCAC,iii,iii,
10,regular,2025-11-01 17:00:00+00:00,Trinity (CT),Amherst,14,7,True,False,True,NESCAC,NESCAC,iii,iii,
10,regular,2025-11-01 17:00:00+00:00,Ferris State,Northern Michigan,70,35,True,False,True,GLIAC,GLIAC,ii,ii,
10,regular,2025-11-01 17:00:00+00:00,Tiffin,Kentucky Wesleyan,24,12,True,False,True,Great Midwest Athletic,Great Midwest Athletic,ii,ii,
10,regular,2025-11-01 17:00:00+00:00,American International,Post,19,10,True,False,True,Northeast 10,Northeast 10,ii,ii,
10,regular,2025-11-01 17:00:00+00:00,Morehouse,Allen,17,28,True,False,True,SIAC,SIAC,ii,ii,
10,regular,2025-11-01 17:00:00+00:00,Carson Newman,Catawba,24,16,True,False,True,South Atlantic,South Atlantic,ii,ii,
10,regular,2025-11-01 17:00:00+00:00,Slippery Rock,Clarion,42,23,True,False,True,Pennsylvania State Athletic,Pennsylvania State Athletic,ii,ii,
10,regular,2025-11-01 17:00:00+00:00,Charleston (WV),West Virginia Wesleyan,69,15,True,False,True,Mountain East,Mountain East,ii,ii,
10,regular,2025-11-01 17:00:00+00:00,Valdosta State,West Alabama,45,35,True,False,True,Gulf South,Gulf South,ii,ii,
10,regular,2025-11-01 17:00:00+00:00,Maine,Stony Brook,28,21,True,False,True,Coastal Athletic,Coastal Athletic,fcs,fcs,
10,regular,2025-11-01 17:00:00+00:00,Salisbury,William Paterson,51,7,True,False,True,New Jersey,New Jersey,iii,iii,
10,regular,2025-11-01 17:00:00+00:00,Grove City,Saint Vincent,59,14,True,False,True,Presidents',Presidents',iii,iii,
10,regular,2025-11-01 17:00:00+00:00,Western New England,New England College,55,0,True,False,False,Commonwealth Coast,,iii,,
10,regular,2025-11-01 17:00:00+00:00,King's,Albright,24,14,True,False,True,Mid Atlantic,Mid Atlantic,iii,iii,
10,regular,2025-11-01 17:00:00+00:00,Alvernia,Delaware Valley,10,43,True,False,True,Mid Atlantic,Mid Atlantic,iii,iii,
10,regular,2025-11-01 17:00:00+00:00,Widener,Eastern,0,35,True,False,True,Mid Atlantic,Mid Atlantic,iii,iii,
10,regular,2025-11-01 17:00:00+00:00,Centre,Berry,13,31,True,False,True,Southern Athletic,Southern Athletic,iii,iii,
10,regular,2025-11-01 17:00:00+00:00,Christopher Newport,Montclair State,49,42,True,False,True,New Jersey,New Jersey,iii,iii,
10,regular,2025-11-01 17:00:00+00:00,Southern Virginia,Belhaven,19,41,True,False,True,USA South,USA South,iii,iii,
10,regular,2025-11-01 17:00:00+00:00,St. Lawrence,Rensselaer,0,48,True,False,True,Liberty League,Liberty League,iii,iii,
10,regular,2025-11-01 17:00:00+00:00,Butler,Drake,19,24,True,False,True,Pioneer,Pioneer,fcs,fcs,
10,regular,2025-11-01 17:00:00+00:00,Ithaca,Buffalo State,49,7,True,False,True,Liberty League,Liberty League,iii,iii,
10,regular,2025-11-01 17:00:00+00:00,Iowa State,Arizona State,19,24,True,False,True,Big 12,Big 12,fbs,fbs,
10,regular,2025-11-01 17:00:00+00:00,Western Connecticut State,Susquehanna,0,34,True,False,False,Landmark Conference,Landmark Conference,iii,iii,
10,regular,2025-11-01 17:00:00+00:00,Greensboro,LaGrange,20,49,True,False,True,USA South,USA South,iii,iii,
10,regular,2025-11-01 17:00:00+00:00,Franklin & Marshall,McDaniel,24,3,True,False,True,Centennial,Centennial,iii,iii,
10,regular,2025-11-01 17:00:00+00:00,Kalamazoo,Adrian,7,34,True,False,True,Michigan,Michigan,iii,iii,
10,regular,2025-11-01 17:00:00+00:00,Westminster (PA),Allegheny,57,21,True,False,True,Presidents',Presidents',iii,iii,
10,regular,2025-11-01 17:00:00+00:00,Hiram,Thiel,20,48,True,False,False,Presidents',Presidents',iii,iii,
10,regular,2025-11-01 17:00:00+00:00,Ohio Wesleyan,DePauw,10,40,True,False,True,North Coast,North Coast,iii,iii,
10,regular,2025-11-01 17:00:00+00:00,New England,Nichols,58,34,True,False,True,Commonwealth Coast,Commonwealth Coast,iii,iii,
10,regular,2025-11-01 17:00:00+00:00,Calvin,Olivet,50,20,True,False,True,Michigan,Michigan,iii,iii,
10,regular,2025-11-01 17:00:00+00:00,Denison,Oberlin,62,9,True,False,True,North Coast,North Coast,iii,iii,
10,regular,2025-11-01 17:00:00+00:00,Ursinus,Gettysburg,40,13,True,False,True,Centennial,Centennial,iii,iii,
10,regular,2025-11-01 17:00:00+00:00,Kean,Vermont State Castleton,14,9,True,False,False,New Jersey,New Jersey,iii,iii,
10,regular,2025-11-01 17:00:00+00:00,Tennessee Tech,Gardner-Webb,27,21,True,False,True,OVC-Big South,OVC-Big South,fcs,fcs,
10,regular,2025-11-01 17:00:00+00:00,Presbyterian,Valparaiso,43,14,True,False,True,Pioneer,Pioneer,fcs,fcs,
10,regular,2025-11-01 17:00:00+00:00,Stonehill,Robert Morris,17,20,True,False,True,NEC,NEC,fcs,fcs,
10,regular,2025-11-01 17:00:00+00:00,Minnesota St Moorhead,Bemidji State,49,21,True,False,True,Northern Sun,Northern Sun,ii,ii,
10,regular,2025-11-01 17:30:00+00:00,Bluffton,Hanover,0,48,True,False,True,Heartland,Heartland,iii,iii,
10,regular,2025-11-01 17:30:00+00:00,Manchester,Rose Hulman,13,35,True,False,True,Heartland,Heartland,iii,iii,
10,regular,2025-11-01 17:30:00+00:00,Wofford,Samford,26,16,True,False,True,Southern,Southern,fcs,fcs,
10,regular,2025-11-01 17:30:00+00:00,Anderson (IN),Franklin,7,41,True,False,True,Heartland,Heartland,iii,iii,
10,regular,2025-11-01 17:30:00+00:00,Worcester State,Anna Maria College,35,45,True,False,False,MSCAC,MSCAC,iii,iii,
10,regular,2025-11-01 17:30:00+00:00,Ohio Northern,Mount St Joseph,49,42,True,False,False,Ohio,Heartland,iii,iii,
10,regular,2025-11-01 17:30:00+00:00,Heidelberg,Otterbein,69,13,True,False,True,Ohio,Ohio,iii,iii,
10,regular,2025-11-01 17:30:00+00:00,Mount Union,Capital,65,17,True,False,True,Ohio,Ohio,iii,iii,
10,regular,2025-11-01 17:30:00+00:00,Muskingum,Baldwin Wallace,28,35,True,False,True,Ohio,Ohio,iii,iii,
10,regular,2025-11-01 17:30:00+00:00,Erskine,Chowan,30,34,True,False,True,Carolinas,Carolinas,ii,ii,
10,regular,2025-11-01 18:00:00+00:00,South Dakota,North Dakota,26,21,True,False,True,MVFC,MVFC,fcs,fcs,
10,regular,2025-11-01 18:00:00+00:00,Fort Hays,Central Missouri,24,28,True,False,True,Mid America,Mid America,ii,ii,
10,regular,2025-11-01 18:00:00+00:00,The Citadel,VMI,35,24,True,False,True,Southern,Southern,fcs,fcs,
10,regular,2025-11-01 18:00:00+00:00,Richmond,Fordham,17,14,True,False,False,Patriot,Patriot,fcs,fcs,
10,regular,2025-11-01 18:00:00+00:00,Augustana (IL),Illinois Wesleyan,42,21,True,False,True,CCIW,CCIW,iii,iii,
10,regular,2025-11-01 18:00:00+00:00,Concordia (WI),Rockford,35,0,True,False,True,NACC,NACC,iii,iii,
10,regular,2025-11-01 18:00:00+00:00,Southeast Missouri State,Charleston Southern,17,23,True,False,True,OVC-Big South,OVC-Big South,fcs,fcs,
10,regular,2025-11-01 18:00:00+00:00,Emporia State,Northwest Missouri State,14,41,True,False,True,Mid America,Mid America,ii,ii,
10,regular,2025-11-01 18:00:00+00:00,Austin,Lyon,28,40,True,False,True,Southern Collegiate Athletic,Southern Collegiate Athletic,iii,iii,
10,regular,2025-11-01 18:00:00+00:00,Colorado School of Mines,New Mexico Highlands,48,21,True,False,True,Rocky Mountain,Rocky Mountain,ii,ii,
10,regular,2025-11-01 18:00:00+00:00,South Dakota Mines,Chadron State,10,35,True,False,True,Rocky Mountain,Rocky Mountain,ii,ii,
10,regular,2025-11-01 18:00:00+00:00,Quincy,Indianapolis,3,49,True,False,True,Great Lakes,Great Lakes,ii,ii,
10,regular,2025-11-01 18:00:00+00:00,Millikin,Washington St. Louis,7,38,True,False,True,CCIW,CCIW,iii,iii,
10,regular,2025-11-01 18:00:00+00:00,Ouachita Baptist,Northwestern (OK),55,14,True,False,True,Great American,Great American,ii,ii,
10,regular,2025-11-01 18:00:00+00:00,Temple,East Carolina,14,45,True,False,True,American Athletic,American Athletic,fbs,fbs,
10,regular,2025-11-01 18:00:00+00:00,Nebraska Wesleyan,Wartburg,10,34,True,False,True,American Rivers,American Rivers,iii,iii,
10,regular,2025-11-01 18:00:00+00:00,Howard Payne,Hardin Simmons,24,54,True,False,True,American Southwest,American Southwest,iii,iii,
10,regular,2025-11-01 18:00:00+00:00,IU Pennsylvania,Gannon,26,6,True,False,True,Pennsylvania State Athletic,Pennsylvania State Athletic,ii,ii,
10,regular,2025-11-01 18:00:00+00:00,Lincoln (MO),Truman State,26,59,True,False,True,Great Lakes,Great Lakes,ii,ii,
10,regular,2025-11-01 18:00:00+00:00,Sioux Falls,Winona State,49,24,True,False,True,Northern Sun,Northern Sun,ii,ii,
10,regular,2025-11-01 18:00:00+00:00,Lakeland,Concordia Chicago,47,16,True,False,True,NACC,NACC,iii,iii,
10,regular,2025-11-01 18:00:00+00:00,Wisconsin River Falls,Wisconsin Whitewater,52,14,True,False,True,Wisconsin,Wisconsin,iii,iii,
10,regular,2025-11-01 18:00:00+00:00,Western New Mexico,UT Permian Basin,7,66,True,False,True,Lone Star,Lone Star,ii,ii,
10,regular,2025-11-01 18:00:00+00:00,Jamestown,Minnesota Duluth,29,45,True,True,False,Northern Sun,Northern Sun,ii,ii,
10,regular,2025-11-01 18:00:00+00:00,Millsaps,Southwestern U,27,24,True,False,True,Southern Athletic,Southern Athletic,iii,iii,
10,regular,2025-11-01 18:00:00+00:00,Mary Hardin Baylor,East Texas Baptist,62,14,True,False,True,American Southwest,American Southwest,iii,iii,
10,regular,2025-11-01 18:00:00+00:00,Martin Luther,Northwestern (MN),17,24,True,False,True,Upper Midwest,Upper Midwest,iii,iii,
10,regular,2025-11-01 18:00:00+00:00,South Carolina State,Morgan State,36,30,True,False,True,MEAC,MEAC,fcs,fcs,
10,regular,2025-11-01 18:00:00+00:00,Wisconsin La Crosse,Wisconsin Stout,31,14,True,False,True,Wisconsin,Wisconsin,iii,iii,
10,regular,2025-11-01 18:00:00+00:00,Augustana (SD),Northern State,27,14,True,False,True,Northern Sun,Northern Sun,ii,ii,
10,regular,2025-11-01 18:00:00+00:00,Wilmington (OH),Marietta,14,44,True,False,True,Ohio,Ohio,iii,iii,
10,regular,2025-11-01 18:00:00+00:00,Wisconsin Platteville,Wisconsin Oshkosh,21,14,True,False,True,Wisconsin,Wisconsin,iii,iii,
10,regular,2025-11-01 18:00:00+00:00,Gustavus Adolphus,Saint John's (MN),13,31,True,False,True,Minnesota,Minnesota,iii,iii,
10,regular,2025-11-01 18:00:00+00:00,Lake Forest,Lawrence,72,0,True,False,True,Midwest,Midwest,iii,iii,
10,regular,2025-11-01 18:00:00+00:00,St. Norbert,Benedictine (IL),24,17,True,False,True,NACC,NACC,iii,iii,
10,regular,2025-11-01 18:00:00+00:00,Wisconsin Lutheran,Aurora,42,49,True,False,True,NACC,NACC,iii,iii,
10,regular,2025-11-01 18:00:00+00:00,Concordia (MN),Bethel (MN),9,55,True,False,True,Minnesota,Minnesota,iii,iii,
10,regular,2025-11-01 18:00:00+00:00,Benedict,Virginia Lynchburg,42,10,True,False,False,SIAC,,ii,,
10,regular,2025-11-01 18:00:00+00:00,Tusculum,Mars Hill,7,28,True,False,True,South Atlantic,South Atlantic,ii,ii,
10,regular,2025-11-01 18:00:00+00:00,Illinois College,Grinnell,14,7,True,False,True,Midwest,Midwest,iii,iii,
10,regular,2025-11-01 18:00:00+00:00,St. Scholastica,Hamline,49,18,True,False,True,Minnesota,Minnesota,iii,iii,
10,regular,2025-11-01 18:00:00+00:00,Carleton,Augsburg,48,17,True,False,True,Minnesota,Minnesota,iii,iii,
10,regular,2025-11-01 18:00:00+00:00,Chicago,Monmouth (IL),0,29,True,False,True,Midwest,Midwest,iii,iii,
10,regular,2025-11-01 18:00:00+00:00,Bowie State,Elizabeth City State,27,28,True,False,True,CIAA,CIAA,ii,ii,
10,regular,2025-11-01 18:00:00+00:00,Virginia State,Lincoln (PA),35,14,True,False,True,CIAA,CIAA,ii,ii,
10,regular,2025-11-01 18:00:00+00:00,Livingstone,Shaw,43,13,True,False,True,CIAA,CIAA,ii,ii,
10,regular,2025-11-01 18:00:00+00:00,Central College,Buena Vista,52,27,True,False,True,American Rivers,American Rivers,iii,iii,
10,regular,2025-11-01 18:00:00+00:00,Dubuque,Coe,7,19,True,False,True,American Rivers,American Rivers,iii,iii,
10,regular,2025-11-01 18:00:00+00:00,Westminster (MO),Greenville,24,7,True,False,True,Upper Midwest,Upper Midwest,iii,iii,
10,regular,2025-11-01 18:00:00+00:00,Loras,Simpson (IA),27,28,True,False,True,American Rivers,American Rivers,iii,iii,
10,regular,2025-11-01 18:00:00+00:00,Wisconsin Stevens Point,Wisconsin Eau Claire,39,36,True,False,True,Wisconsin,Wisconsin,iii,iii,
10,regular,2025-11-01 18:00:00+00:00,Missouri S&T,William Jewell,24,17,True,False,True,Great Lakes,Great Lakes,ii,ii,
10,regular,2025-11-01 18:00:00+00:00,Northern Colorado,Montana State,7,55,True,False,True,Big Sky,Big Sky,fcs,fcs,
10,regular,2025-11-01 18:00:00+00:00,Edward Waters,Central State,17,21,True,False,True,SIAC,SIAC,ii,ii,
10,regular,2025-11-01 18:00:00+00:00,Muhlenberg,Johns Hopkins,26,47,True,False,True,Centennial,Centennial,iii,iii,
10,regular,2025-11-01 18:00:00+00:00,St. Thomas (MN),Marist,45,0,True,False,True,Pioneer,Pioneer,fcs,fcs,
10,regular,2025-11-01 18:00:00+00:00,Knox,Cornell (IA),14,35,True,False,True,Midwest,Midwest,iii,iii,
10,regular,2025-11-01 18:00:00+00:00,Ripon,Beloit,49,0,True,False,True,Midwest,Midwest,iii,iii,
10,regular,2025-11-01 18:00:00+00:00,Furman,Mercer,28,52,True,False,True,Southern,Southern,fcs,fcs,
10,regular,2025-11-01 19:00:00+00:00,Fort Lewis,Adams State,44,24,True,False,True,Rocky Mountain,Rocky Mountain,ii,ii,
10,regular,2025-11-01 19:00:00+00:00,Texas Southern,Alcorn State,14,33,True,False,True,SWAC,SWAC,fcs,fcs,
10,regular,2025-11-01 19:00:00+00:00,Kentucky State,Clark Atlanta,43,28,True,False,True,SIAC,SIAC,ii,ii,
10,regular,2025-11-01 19:00:00+00:00,Tuskegee,Lane College,18,13,True,False,True,SIAC,SIAC,ii,ii,
10,regular,2025-11-01 19:00:00+00:00,Incarnate Word,Lamar,24,17,True,False,True,Southland,Southland,fcs,fcs,
10,regular,2025-11-01 19:00:00+00:00,UNLV,New Mexico,35,40,True,False,True,Mountain West,Mountain West,fbs,fbs,
10,regular,2025-11-01 19:00:00+00:00,Arkansas-Pine Bluff,Southern,40,21,True,False,True,SWAC,SWAC,fcs,fcs,
10,regular,2025-11-01 19:00:00+00:00,Southeastern Oklahoma State,Henderson State,20,21,True,False,True,Great American,Great American,ii,ii,
10,regular,2025-11-01 19:00:00+00:00,Eastern Illinois,UT Martin,20,27,True,False,True,OVC-Big South,OVC-Big South,fcs,fcs,
10,regular,2025-11-01 19:00:00+00:00,Harvard,Dartmouth,31,10,True,False,True,Ivy,Ivy,fcs,fcs,
10,regular,2025-11-01 19:00:00+00:00,East Central,Southern Arkansas,44,22,True,False,True,Great American,Great American,ii,ii,
10,regular,2025-11-01 19:00:00+00:00,Illinois State,Northern Iowa,31,16,True,False,True,MVFC,MVFC,fcs,fcs,
10,regular,2025-11-01 19:00:00+00:00,Arkansas Tech,Southern Nazarene,42,17,True,False,True,Great American,Great American,ii,ii,
10,regular,2025-11-01 19:00:00+00:00,Wingate,Lenoir Rhyne,38,37,True,False,True,South Atlantic,South Atlantic,ii,ii,
10,regular,2025-11-01 19:00:00+00:00,Minnesota Morris,Crown,15,34,True,False,True,Upper Midwest,Upper Midwest,iii,iii,
10,regular,2025-11-01 19:00:00+00:00,UNC Pembroke,Barton,34,17,True,False,False,Carolinas,Carolinas,ii,ii,
10,regular,2025-11-01 19:00:00+00:00,Western Colorado,CSU Pueblo,21,24,True,False,True,Rocky Mountain,Rocky Mountain,ii,ii,
10,regular,2025-11-01 19:00:00+00:00,Arkansas Monticello,Southwestern Oklahoma State,7,49,True,False,True,Great American,Great American,ii,ii,
10,regular,2025-11-01 19:00:00+00:00,University of Mary,Minot State,36,21,True,False,True,Northern Sun,Northern Sun,ii,ii,
10,regular,2025-11-01 19:00:00+00:00,Black Hills State,Colorado Mesa,38,45,True,False,True,Rocky Mountain,Rocky Mountain,ii,ii,
10,regular,2025-11-01 19:00:00+00:00,South Dakota State,Indiana State,12,24,True,False,True,MVFC,MVFC,fcs,fcs,
10,regular,2025-11-01 19:00:00+00:00,Bethune-Cookman,Mississippi Valley State,42,34,True,False,True,SWAC,SWAC,fcs,fcs,
10,regular,2025-11-01 19:00:00+00:00,Virginia Tech,Louisville,16,28,True,False,True,ACC,ACC,fbs,fbs,
10,regular,2025-11-01 19:00:00+00:00,Weber State,Montana,17,38,True,False,True,Big Sky,Big Sky,fcs,fcs,
10,regular,2025-11-01 19:00:00+00:00,Grambling,Alabama A&M,13,10,True,False,True,SWAC,SWAC,fcs,fcs,
10,regular,2025-11-01 19:00:00+00:00,Prairie View A&M,Alabama State,28,31,True,False,True,SWAC,SWAC,fcs,fcs,
10,regular,2025-11-01 19:00:00+00:00,Missouri Western,Washburn,27,24,True,False,True,Mid America,Mid America,ii,ii,
10,regular,2025-11-01 19:00:00+00:00,Pittsburg State,Missouri Southern State,30,10,True,False,True,Mid America,Mid America,ii,ii,
10,regular,2025-11-01 19:30:00+00:00,William & Mary,UAlbany,37,7,True,False,True,Coastal Athletic,Coastal Athletic,fcs,fcs,
10,regular,2025-11-01 19:30:00+00:00,Stanford,Pittsburgh,20,35,True,False,True,ACC,ACC,fbs,fbs,
10,regular,2025-11-01 19:30:00+00:00,Minnesota,Michigan State,23,20,True,False,True,Big Ten,Big Ten,fbs,fbs,
10,regular,2025-11-01 19:30:00+00:00,South Alabama,Louisiana,22,31,True,False,True,Sun Belt,Sun Belt,fbs,fbs,
10,regular,2025-11-01 19:30:00+00:00,Kansas State,Texas Tech,20,43,True,False,True,Big 12,Big 12,fbs,fbs,
10,regular,2025-11-01 19:30:00+00:00,UL Monroe,Old Dominion,6,31,True,False,True,Sun Belt,Sun Belt,fbs,fbs,
10,regular,2025-11-01 19:30:00+00:00,Maryland,Indiana,10,55,True,False,True,Big Ten,Big Ten,fbs,fbs,
10,regular,2025-11-01 19:30:00+00:00,North Dakota State,Youngstown State,38,30,True,False,True,MVFC,MVFC,fcs,fcs,
10,regular,2025-11-01 19:30:00+00:00,Liberty,Delaware,59,30,True,False,True,Conference USA,Conference USA,fbs,fbs,
10,regular,2025-11-01 19:30:00+00:00,Boston College,Notre Dame,10,25,True,False,False,ACC,FBS Independents,fbs,fbs,
10,regular,2025-11-01 19:30:00+00:00,Howard,North Carolina Central,14,35,True,False,True,MEAC,MEAC,fcs,fcs,
10,regular,2025-11-01 19:30:00+00:00,Western Kentucky,New Mexico State,35,16,True,False,True,Conference USA,Conference USA,fbs,fbs,
10,regular,2025-11-01 19:30:00+00:00,Boise State,Fresno State,7,30,True,False,True,Mountain West,Mountain West,fbs,fbs,
10,regular,2025-11-01 19:30:00+00:00,Florida,Georgia,20,24,True,True,True,SEC,SEC,fbs,fbs,
10,regular,2025-11-01 19:30:00+00:00,Dickinson,Carnegie Mellon,29,70,True,False,False,Centennial,Presidents',iii,iii,
10,regular,2025-11-01 19:45:00+00:00,California,Virginia,21,31,True,False,True,ACC,ACC,fbs,fbs,
10,regular,2025-11-01 20:00:00+00:00,Linfield,Lewis & Clark,29,21,True,False,True,Northwest,Northwest,iii,iii,
10,regular,2025-11-01 20:00:00+00:00,La Verne,Redlands,14,29,True,False,True,So. Cal.,So. Cal.,iii,iii,
10,regular,2025-11-01 20:00:00+00:00,Delta State,West Florida,38,51,True,False,True,Gulf South,Gulf South,ii,ii,
10,regular,2025-11-01 20:00:00+00:00,Eastern Washington,Sacramento State,13,35,True,False,True,Big Sky,Big Sky,fcs,fcs,
10,regular,2025-11-01 20:00:00+00:00,San Diego,Dayton,31,13,True,False,True,Pioneer,Pioneer,fcs,fcs,
10,regular,2025-11-01 20:00:00+00:00,Arkansas,Mississippi State,35,38,True,False,True,SEC,SEC,fbs,fbs,
10,regular,2025-11-01 20:00:00+00:00,Western Michigan,Central Michigan,24,21,True,False,True,Mid-American,Mid-American,fbs,fbs,
10,regular,2025-11-01 20:00:00+00:00,Puget Sound,Pacific (OR),35,52,True,False,True,Northwest,Northwest,iii,iii,
10,regular,2025-11-01 20:00:00+00:00,Whitworth,Pacific Lutheran,10,6,True,False,True,Northwest,Northwest,iii,iii,
10,regular,2025-11-01 20:00:00+00:00,Averett,Washington and Lee,21,61,True,False,True,Old Dominion,Old Dominion,iii,iii,
10,regular,2025-11-01 20:00:00+00:00,Anderson (SC),Newberry,21,24,True,False,True,South Atlantic,South Atlantic,ii,ii,
10,regular,2025-11-01 20:00:00+00:00,Abilene Christian,Tarleton State,31,28,True,False,True,UAC,UAC,fcs,fcs,
10,regular,2025-11-01 20:00:00+00:00,Claremont Mudd Scripps,Cal Lutheran,18,21,True,False,True,So. Cal.,So. Cal.,iii,iii,
10,regular,2025-11-01 20:00:00+00:00,Willamette,George Fox,9,31,True,False,True,Northwest,Northwest,iii,iii,
10,regular,2025-11-01 20:00:00+00:00,UC Davis,Idaho State,36,38,True,False,True,Big Sky,Big Sky,fcs,fcs,
10,regular,2025-11-01 20:00:00+00:00,Chattanooga,Western Carolina,28,35,True,False,True,Southern,Southern,fcs,fcs,
10,regular,2025-11-01 20:00:00+00:00,Utah Tech,North Alabama,34,33,True,False,True,UAC,UAC,fcs,fcs,
10,regular,2025-11-01 20:00:00+00:00,Nicholls,Houston Christian,31,7,True,False,True,Southland,Southland,fcs,fcs,
10,regular,2025-11-01 20:00:00+00:00,Harding,Oklahoma Baptist,69,0,True,False,True,Great American,Great American,ii,ii,
10,regular,2025-11-01 20:00:00+00:00,Kansas,Oklahoma State,38,21,True,False,True,Big 12,Big 12,fbs,fbs,
10,regular,2025-11-01 20:05:00+00:00,Western Oregon,Midwestern State,31,3,True,False,True,Lone Star,Lone Star,ii,ii,
10,regular,2025-11-01 20:30:00+00:00,Tennessee State,Lindenwood,13,35,True,False,True,OVC-Big South,OVC-Big South,fcs,fcs,
10,regular,2025-11-01 21:00:00+00:00,Cal Poly,Portland State,35,40,True,False,True,Big Sky,Big Sky,fcs,fcs,
10,regular,2025-11-01 21:00:00+00:00,West Texas,Texas A&M-Kingsville,53,48,True,False,True,Lone Star,Lone Star,ii,ii,
10,regular,2025-11-01 21:00:00+00:00,Murray State,Southern Illinois,7,27,True,False,True,MVFC,MVFC,fcs,fcs,
10,regular,2025-11-01 21:00:00+00:00,Central Arkansas,Eastern Kentucky,13,34,True,False,True,UAC,UAC,fcs,fcs,
10,regular,2025-11-01 21:00:00+00:00,Methodist,North Carolina Wesleyan,17,48,True,False,True,USA South,USA South,iii,iii,
10,regular,2025-11-01 22:00:00+00:00,Roanoke College,Guilford,21,20,True,True,False,,Old Dominion,,iii,
10,regular,2025-11-01 22:00:00+00:00,Washington & Jefferson,Case Western Reserve,28,17,True,False,True,Presidents',Presidents',iii,iii,
10,regular,2025-11-01 22:00:00+00:00,Fort Valley State,Miles,24,14,True,False,True,SIAC,SIAC,ii,ii,
10,regular,2025-11-01 22:00:00+00:00,Bluefield State,Virginia Union,14,70,True,False,True,CIAA,CIAA,ii,ii,
10,regular,2025-11-01 23:00:00+00:00,McMurry,Texas Lutheran,13,42,True,False,True,Southern Collegiate Athletic,Southern Collegiate Athletic,iii,iii,
10,regular,2025-11-01 23:00:00+00:00,Florida A&M,Jackson State,16,41,True,False,True,SWAC,SWAC,fcs,fcs,
10,regular,2025-11-01 23:00:00+00:00,McNeese,Northwestern State,50,3,True,False,True,Southland,Southland,fcs,fcs,
10,regular,2025-11-01 23:00:00+00:00,Colorado,Arizona,17,52,True,False,True,Big 12,Big 12,fbs,fbs,
10,regular,2025-11-01 23:00:00+00:00,Northeastern State,Lincoln (CA),68,0,True,False,True,Independent DII,Independent DII,ii,ii,
10,regular,2025-11-01 23:00:00+00:00,Hendrix,Centenary (LA),64,10,True,False,False,Southern Athletic,Southern Collegiate Athletic,iii,iii,
10,regular,2025-11-01 23:00:00+00:00,Ole Miss,South Carolina,30,14,True,False,True,SEC,SEC,fbs,fbs,
10,regular,2025-11-01 23:00:00+00:00,San Diego State,Wyoming,24,7,True,False,True,Mountain West,Mountain West,fbs,fbs,
10,regular,2025-11-01 23:00:00+00:00,SE Louisiana,East Texas A&M,59,14,True,False,True,Southland,Southland,fcs,fcs,
10,regular,2025-11-01 23:00:00+00:00,Michigan,Purdue,21,16,True,False,True,Big Ten,Big Ten,fbs,fbs,
10,regular,2025-11-01 23:00:00+00:00,Stephen F. Austin,UT Rio Grande Valley,41,17,True,False,False,Southland,Southland,fcs,fcs,
10,regular,2025-11-01 23:30:00+00:00,Nebraska,USC,17,21,True,False,True,Big Ten,Big Ten,fbs,fbs,
10,regular,2025-11-01 23:30:00+00:00,Oregon State,Washington State,10,7,True,False,True,Pac-12,Pac-12,fbs,fbs,
10,regular,2025-11-01 23:30:00+00:00,Florida State,Wake Forest,42,7,True,False,True,ACC,ACC,fbs,fbs,
10,regular,2025-11-01 23:30:00+00:00,Tennessee,Oklahoma,27,33,True,False,True,SEC,SEC,fbs,fbs,
10,regular,2025-11-01 23:30:00+00:00,Auburn,Kentucky,3,10,True,False,True,SEC,SEC,fbs,fbs,
10,regular,2025-11-01 23:30:00+00:00,NC State,Georgia Tech,48,36,True,False,True,ACC,ACC,fbs,fbs,
10,regular,2025-11-02 00:00:00+00:00,Eastern New Mexico,Sul Ross State,40,34,True,False,True,Lone Star,Lone Star,ii,ii,
10,regular,2025-11-02 00:00:00+00:00,Macalester,St. Olaf,27,6,True,False,True,Minnesota,Minnesota,iii,iii,
10,regular,2025-11-02 00:00:00+00:00,Troy,Arkansas State,10,23,True,False,True,Sun Belt,Sun Belt,fbs,fbs,
10,regular,2025-11-02 00:30:00+00:00,Southern Utah,Austin Peay,33,17,True,False,True,UAC,UAC,fcs,fcs,
10,regular,2025-11-02 01:00:00+00:00,Central Washington,Angelo State,38,21,True,False,True,Lone Star,Lone Star,ii,ii,
10,regular,2025-11-02 02:00:00+00:00,Chapman,Pomona Pitzer,22,14,True,False,True,So. Cal.,So. Cal.,iii,iii,
10,regular,2025-11-02 02:15:00+00:00,Utah,Cincinnati,45,14,True,False,True,Big 12,Big 12,fbs,fbs,
10,regular,2025-11-02 02:30:00+00:00,San José State,Hawai'i,45,38,True,False,True,Mountain West,Mountain West,fbs,fbs,
11,regular,2025-11-05 00:00:00+00:00,Ohio,Miami (OH),24,20,True,False,True,Mid-American,Mid-American,fbs,fbs,
11,regular,2025-11-05 00:00:00+00:00,Akron,Massachusetts,44,10,True,False,True,Mid-American,Mid-American,fbs,fbs,
11,regular,2025-11-06 00:00:00+00:00,Toledo,Northern Illinois,42,3,True,False,True,Mid-American,Mid-American,fbs,fbs,
11,regular,2025-11-06 00:00:00+00:00,Ball State,Kent State,17,13,True,False,True,Mid-American,Mid-American,fbs,fbs,
11,regular,2025-11-07 00:30:00+00:00,South Florida,UTSA,55,23,True,False,True,American Athletic,American Athletic,fbs,fbs,
11,regular,2025-11-07 00:30:00+00:00,App State,Georgia Southern,23,25,True,False,True,Sun Belt,Sun Belt,fbs,fbs,
11,regular,2025-11-08 00:00:00+00:00,Morgan State,Delaware State,12,14,True,False,True,MEAC,MEAC,fcs,fcs,
11,regular,2025-11-08 00:00:00+00:00,Columbia,Harvard,14,31,True,False,True,Ivy,Ivy,fcs,fcs,
11,regular,2025-11-08 01:00:00+00:00,UCF,Houston,27,30,True,False,True,Big 12,Big 12,fbs,fbs,
11,regular,2025-11-08 02:00:00+00:00,USC,Northwestern,38,17,True,False,True,Big Ten,Big Ten,fbs,fbs,
11,regular,2025-11-08 02:00:00+00:00,Memphis,Tulane,32,38,True,False,True,American Athletic,American Athletic,fbs,fbs,
11,regular,2025-11-08 16:00:00+00:00,Buffalo State,St. Lawrence,19,24,True,False,True,Liberty League,Liberty League,iii,iii,
11,regular,2025-11-08 17:00:00+00:00,Nichols,Husson,19,63,True,False,True,Commonwealth Coast,Commonwealth Coast,iii,iii,
11,regular,2025-11-08 17:00:00+00:00,Maine Maritime,Western New England,7,70,True,False,False,Commonwealth Coast,Commonwealth Coast,iii,iii,
11,regular,2025-11-08 17:00:00+00:00,Monmouth,New Hampshire,13,34,True,False,True,Coastal Athletic,Coastal Athletic,fcs,fcs,
11,regular,2025-11-08 17:00:00+00:00,UMass Dartmouth,Westfield State,33,13,True,False,True,MSCAC,MSCAC,iii,iii,
11,regular,2025-11-08 17:00:00+00:00,Wesleyan (CT),Trinity (CT),31,28,True,False,True,NESCAC,NESCAC,iii,iii,
11,regular,2025-11-08 17:00:00+00:00,SUNY Cortland,Brockport,44,14,True,False,True,Empire 8,Empire 8,iii,iii,
11,regular,2025-11-08 17:00:00+00:00,Susquehanna,Wilkes,26,3,True,False,True,Landmark Conference,Landmark Conference,iii,iii,
11,regular,2025-11-08 17:00:00+00:00,Western Connecticut State,Catholic,52,19,True,False,False,Landmark Conference,Landmark Conference,iii,iii,
11,regular,2025-11-08 17:00:00+00:00,New England College,Endicott,0,63,True,True,False,,Commonwealth Coast,,iii,
11,regular,2025-11-08 17:00:00+00:00,Springfield,Coast Guard,30,10,True,False,True,NEWMAC,NEWMAC,iii,iii,
11,regular,2025-11-08 17:00:00+00:00,Boston College,SMU,13,45,True,False,True,ACC,ACC,fbs,fbs,
11,regular,2025-11-08 17:00:00+00:00,Long Island University,Duquesne,29,11,True,False,True,NEC,NEC,fcs,fcs,
11,regular,2025-11-08 17:00:00+00:00,Central Connecticut,Stonehill,40,10,True,False,True,NEC,NEC,fcs,fcs,
11,regular,2025-11-08 17:00:00+00:00,North Carolina Wesleyan,Greensboro,29,38,True,False,True,USA South,USA South,iii,iii,
11,regular,2025-11-08 17:00:00+00:00,Lake Erie,Kentucky Wesleyan,27,9,True,False,True,Great Midwest Athletic,Great Midwest Athletic,ii,ii,
11,regular,2025-11-08 17:00:00+00:00,Curry,New England,47,30,True,False,True,Commonwealth Coast,Commonwealth Coast,iii,iii,
11,regular,2025-11-08 17:00:00+00:00,Oberlin,Wabash,13,42,True,False,True,North Coast,North Coast,iii,iii,
11,regular,2025-11-08 17:00:00+00:00,SUNY Maritime,MIT,27,30,True,False,True,NEWMAC,NEWMAC,iii,iii,
11,regular,2025-11-08 17:00:00+00:00,Olivet,Albion,42,58,True,False,True,Michigan,Michigan,iii,iii,
11,regular,2025-11-08 17:00:00+00:00,Bates,Hamilton,21,24,True,False,True,NESCAC,NESCAC,iii,iii,
11,regular,2025-11-08 17:00:00+00:00,Mass Maritime,Worcester State,10,17,True,False,True,MSCAC,MSCAC,iii,iii,
11,regular,2025-11-08 17:00:00+00:00,Amherst,Williams,14,13,True,False,True,NESCAC,NESCAC,iii,iii,
11,regular,2025-11-08 17:00:00+00:00,Walsh,Hillsdale,20,23,True,False,True,Great Midwest Athletic,Great Midwest Athletic,ii,ii,
11,regular,2025-11-08 17:00:00+00:00,Army,Temple,14,13,True,False,True,American Athletic,American Athletic,fbs,fbs,
11,regular,2025-11-08 17:00:00+00:00,Merchant Marine,WPI,34,14,True,False,True,NEWMAC,NEWMAC,iii,iii,
11,regular,2025-11-08 17:00:00+00:00,Juniata,Moravian,13,38,True,False,True,Landmark Conference,Landmark Conference,iii,iii,
11,regular,2025-11-08 17:00:00+00:00,Saint Francis,Mercyhurst,15,16,True,False,True,NEC,NEC,fcs,fcs,
11,regular,2025-11-08 17:00:00+00:00,Johns Hopkins,McDaniel,42,0,True,False,True,Centennial,Centennial,iii,iii,
11,regular,2025-11-08 17:00:00+00:00,Carnegie Mellon,Franklin & Marshall,24,31,True,False,False,Presidents',Centennial,iii,iii,
11,regular,2025-11-08 17:00:00+00:00,Thomas More,Ohio Dominican,29,31,True,False,True,Great Midwest Athletic,Great Midwest Athletic,ii,ii,
11,regular,2025-11-08 17:00:00+00:00,Northwood,Tiffin,40,37,True,False,True,Great Midwest Athletic,Great Midwest Athletic,ii,ii,
11,regular,2025-11-08 17:00:00+00:00,Albright,Stevenson,7,17,True,False,True,Mid Atlantic,Mid Atlantic,iii,iii,
11,regular,2025-11-08 17:00:00+00:00,Robert Morris,Wagner,20,24,True,False,True,NEC,NEC,fcs,fcs,
11,regular,2025-11-08 17:00:00+00:00,Gannon,California (PA),21,41,True,False,True,Pennsylvania State Athletic,Pennsylvania State Athletic,ii,ii,
11,regular,2025-11-08 17:00:00+00:00,Bentley,Assumption,20,17,True,False,True,Northeast 10,Northeast 10,ii,ii,
11,regular,2025-11-08 17:00:00+00:00,Davenport,Northern Michigan,45,47,True,False,True,GLIAC,GLIAC,ii,ii,
11,regular,2025-11-08 17:00:00+00:00,Sacred Heart,Virginia Lynchburg,56,10,True,False,False,FCS Independents,,fcs,,
11,regular,2025-11-08 17:00:00+00:00,Brown,Yale,22,34,True,False,True,Ivy,Ivy,fcs,fcs,
11,regular,2025-11-08 17:00:00+00:00,Hilbert,Hobart,6,63,True,False,False,Empire 8,Liberty League,iii,iii,
11,regular,2025-11-08 17:00:00+00:00,Rowan,Vermont State Castleton,62,7,True,False,False,New Jersey,New Jersey,iii,iii,
11,regular,2025-11-08 17:00:00+00:00,Clarion,IU Pennsylvania,42,45,True,False,True,Pennsylvania State Athletic,Pennsylvania State Athletic,ii,ii,
11,regular,2025-11-08 17:00:00+00:00,Arkansas State,Southern Miss,21,27,True,False,True,Sun Belt,Sun Belt,fbs,fbs,
11,regular,2025-11-08 17:00:00+00:00,Rensselaer,Ithaca,23,24,True,False,True,Liberty League,Liberty League,iii,iii,
11,regular,2025-11-08 17:00:00+00:00,Framingham State,Dean,31,6,True,False,False,MSCAC,MSCAC,iii,iii,
11,regular,2025-11-08 17:00:00+00:00,Rochester (NY),Union,10,14,True,False,True,Liberty League,Liberty League,iii,iii,
11,regular,2025-11-08 17:00:00+00:00,Marshall,James Madison,23,35,True,False,True,Sun Belt,Sun Belt,fbs,fbs,
11,regular,2025-11-08 17:00:00+00:00,Lehigh,Holy Cross,38,3,True,False,True,Patriot,Patriot,fcs,fcs,
11,regular,2025-11-08 17:00:00+00:00,Chattanooga,Furman,45,28,True,False,True,Southern,Southern,fcs,fcs,
11,regular,2025-11-08 17:00:00+00:00,Edinboro,Slippery Rock,38,8,True,False,True,Pennsylvania State Athletic,Pennsylvania State Athletic,ii,ii,
11,regular,2025-11-08 17:00:00+00:00,Texas Tech,BYU,29,7,True,False,True,Big 12,Big 12,fbs,fbs,
11,regular,2025-11-08 17:00:00+00:00,Plymouth State,Fitchburg State,27,0,True,False,True,MSCAC,MSCAC,iii,iii,
11,regular,2025-11-08 17:00:00+00:00,Mississippi State,Georgia,21,41,True,False,True,SEC,SEC,fbs,fbs,
11,regular,2025-11-08 17:00:00+00:00,Penn State,Indiana,24,27,True,False,True,Big Ten,Big Ten,fbs,fbs,
11,regular,2025-11-08 17:00:00+00:00,West Virginia,Colorado,29,22,True,False,True,Big 12,Big 12,fbs,fbs,
11,regular,2025-11-08 17:00:00+00:00,Norwich,Salve Regina,10,38,True,False,True,NEWMAC,NEWMAC,iii,iii,
11,regular,2025-11-08 17:00:00+00:00,Stony Brook,North Carolina A&T,38,12,True,False,True,Coastal Athletic,Coastal Athletic,fcs,fcs,
11,regular,2025-11-08 17:30:00+00:00,Lafayette,Colgate,59,42,True,False,True,Patriot,Patriot,fcs,fcs,
11,regular,2025-11-08 17:30:00+00:00,Middlebury,Tufts,33,30,True,False,True,NESCAC,NESCAC,iii,iii,
11,regular,2025-11-08 17:35:00+00:00,Eastern,FDU Florham,28,7,True,False,True,Mid Atlantic,Mid Atlantic,iii,iii,
11,regular,2025-11-08 18:00:00+00:00,Georgetown,Richmond,24,31,True,False,False,Patriot,Patriot,fcs,fcs,
11,regular,2025-11-08 18:00:00+00:00,Lock Haven,Shepherd,19,35,True,False,True,Pennsylvania State Athletic,Pennsylvania State Athletic,ii,ii,
11,regular,2025-11-08 18:00:00+00:00,Shippensburg,West Chester,43,14,True,False,True,Pennsylvania State Athletic,Pennsylvania State Athletic,ii,ii,
11,regular,2025-11-08 18:00:00+00:00,Rhodes,Southwestern U,22,35,True,False,True,Southern Athletic,Southern Athletic,iii,iii,
11,regular,2025-11-08 18:00:00+00:00,Thiel,Bethany (WV),12,17,True,False,True,Presidents',Presidents',iii,iii,
11,regular,2025-11-08 18:00:00+00:00,St. Olaf,Hamline,41,34,True,False,True,Minnesota,Minnesota,iii,iii,
11,regular,2025-11-08 18:00:00+00:00,American International,Pace,21,9,True,False,True,Northeast 10,Northeast 10,ii,ii,
11,regular,2025-11-08 18:00:00+00:00,Alma,Kalamazoo,53,3,True,False,True,Michigan,Michigan,iii,iii,
11,regular,2025-11-08 18:00:00+00:00,Misericordia,Delaware Valley,20,51,True,False,True,Mid Atlantic,Mid Atlantic,iii,iii,
11,regular,2025-11-08 18:00:00+00:00,Wheaton (IL),Millikin,61,14,True,False,True,CCIW,CCIW,iii,iii,
11,regular,2025-11-08 18:00:00+00:00,Luther,Dubuque,20,27,True,False,True,American Rivers,American Rivers,iii,iii,
11,regular,2025-11-08 18:00:00+00:00,Alfred State,Alfred,35,28,True,False,False,Empire 8,Empire 8,iii,iii,
11,regular,2025-11-08 18:00:00+00:00,Minnesota St Moorhead,Jamestown,44,20,True,False,False,Northern Sun,Northern Sun,ii,ii,
11,regular,2025-11-08 18:00:00+00:00,Methodist,Brevard,20,47,True,False,True,USA South,USA South,iii,iii,
11,regular,2025-11-08 18:00:00+00:00,Berry,Maryville (TN),36,7,True,False,False,Southern Athletic,USA South,iii,iii,
11,regular,2025-11-08 18:00:00+00:00,William Paterson,Kean,7,17,True,False,True,New Jersey,New Jersey,iii,iii,
11,regular,2025-11-08 18:00:00+00:00,Rockford,Wisconsin Lutheran,3,48,True,False,True,NACC,NACC,iii,iii,
11,regular,2025-11-08 18:00:00+00:00,Kenyon,Denison,18,33,True,False,True,North Coast,North Coast,iii,iii,
11,regular,2025-11-08 18:00:00+00:00,John Carroll,Ohio Wesleyan,55,17,True,False,False,Ohio,North Coast,iii,iii,
11,regular,2025-11-08 18:00:00+00:00,Hampden Sydney,Bridgewater,42,45,True,False,True,Old Dominion,Old Dominion,iii,iii,
11,regular,2025-11-08 18:00:00+00:00,Washington and Lee,Roanoke College,35,14,True,False,False,Old Dominion,,iii,,
11,regular,2025-11-08 18:00:00+00:00,Lebanon Valley,Alvernia,38,7,True,False,True,Mid Atlantic,Mid Atlantic,iii,iii,
11,regular,2025-11-08 18:00:00+00:00,Elizabeth City State,Bluefield State,70,30,True,False,True,CIAA,CIAA,ii,ii,
11,regular,2025-11-08 18:00:00+00:00,Chowan,Ferrum,37,40,True,False,False,Carolinas,Carolinas,ii,ii,
11,regular,2025-11-08 18:00:00+00:00,Lincoln (MO),Missouri S&T,0,59,True,False,True,Great Lakes,Great Lakes,ii,ii,
11,regular,2025-11-08 18:00:00+00:00,Franklin Pierce,Southern Connecticut State,38,7,True,False,True,Northeast 10,Northeast 10,ii,ii,
11,regular,2025-11-08 18:00:00+00:00,Minnesota Duluth,Bemidji State,42,28,True,False,True,Northern Sun,Northern Sun,ii,ii,
11,regular,2025-11-08 18:00:00+00:00,Glenville State,Wheeling,35,38,True,False,True,Mountain East,Mountain East,ii,ii,
11,regular,2025-11-08 18:00:00+00:00,Case Western Reserve,Grove City,14,28,True,False,True,Presidents',Presidents',iii,iii,
11,regular,2025-11-08 18:00:00+00:00,Concord,Fairmont State,17,31,True,False,True,Mountain East,Mountain East,ii,ii,
11,regular,2025-11-08 18:00:00+00:00,Saint John's (MN),St. Scholastica,70,21,True,False,True,Minnesota,Minnesota,iii,iii,
11,regular,2025-11-08 18:00:00+00:00,Washington St. Louis,North Park,42,14,True,False,True,CCIW,CCIW,iii,iii,
11,regular,2025-11-08 18:00:00+00:00,Elmhurst,North Central College,0,58,True,False,True,CCIW,CCIW,iii,iii,
11,regular,2025-11-08 18:00:00+00:00,Drake,St. Thomas (MN),13,20,True,False,True,Pioneer,Pioneer,fcs,fcs,
11,regular,2025-11-08 18:00:00+00:00,Carthage,Augustana (IL),3,23,True,False,True,CCIW,CCIW,iii,iii,
11,regular,2025-11-08 18:00:00+00:00,Valparaiso,San Diego,27,43,True,False,True,Pioneer,Pioneer,fcs,fcs,
11,regular,2025-11-08 18:00:00+00:00,Purdue,Ohio State,10,34,True,False,True,Big Ten,Big Ten,fbs,fbs,
11,regular,2025-11-08 18:00:00+00:00,Dickinson,Ursinus,47,22,True,False,True,Centennial,Centennial,iii,iii,
11,regular,2025-11-08 18:00:00+00:00,Gettysburg,Muhlenberg,27,59,True,False,True,Centennial,Centennial,iii,iii,
11,regular,2025-11-08 18:00:00+00:00,Liberty,Missouri State,17,21,True,False,True,Conference USA,Conference USA,fbs,fbs,
11,regular,2025-11-08 18:00:00+00:00,Ole Miss,The Citadel,49,0,True,False,False,SEC,Southern,fbs,fcs,
11,regular,2025-11-08 18:00:00+00:00,LaGrange,Belhaven,38,6,True,False,True,USA South,USA South,iii,iii,
11,regular,2025-11-08 18:00:00+00:00,Ashland,Findlay,3,14,True,False,True,Great Midwest Athletic,Great Midwest Athletic,ii,ii,
11,regular,2025-11-08 18:00:00+00:00,Augsburg,Gustavus Adolphus,10,31,True,False,True,Minnesota,Minnesota,iii,iii,
11,regular,2025-11-08 18:00:00+00:00,Davidson,Presbyterian,14,13,True,False,True,Pioneer,Pioneer,fcs,fcs,
11,regular,2025-11-08 18:00:00+00:00,Dartmouth,Princeton,20,17,True,False,True,Ivy,Ivy,fcs,fcs,
11,regular,2025-11-08 18:00:00+00:00,Eastern Illinois,Tennessee Tech,9,21,True,False,True,OVC-Big South,OVC-Big South,fcs,fcs,
11,regular,2025-11-08 18:00:00+00:00,Macalester,Concordia (MN),14,17,True,False,True,Minnesota,Minnesota,iii,iii,
11,regular,2025-11-08 18:00:00+00:00,Eastern Michigan,Bowling Green,27,21,True,False,True,Mid-American,Mid-American,fbs,fbs,
11,regular,2025-11-08 18:00:00+00:00,Greenville,Northwestern (MN),14,17,True,False,True,Upper Midwest,Upper Midwest,iii,iii,
11,regular,2025-11-08 18:00:00+00:00,Hampton,Maine,7,35,True,False,True,Coastal Athletic,Coastal Athletic,fcs,fcs,
11,regular,2025-11-08 18:00:00+00:00,Adrian,Trine,44,21,True,False,True,Michigan,Michigan,iii,iii,
11,regular,2025-11-08 18:00:00+00:00,Indiana State,Illinois State,20,52,True,False,True,MVFC,MVFC,fcs,fcs,
11,regular,2025-11-08 18:00:00+00:00,Towson,Villanova,10,28,True,False,True,Coastal Athletic,Coastal Athletic,fcs,fcs,
11,regular,2025-11-08 18:00:00+00:00,Morehead State,Butler,31,30,True,False,True,Pioneer,Pioneer,fcs,fcs,
11,regular,2025-11-08 18:00:00+00:00,University of Mary,Winona State,29,36,True,False,True,Northern Sun,Northern Sun,ii,ii,
11,regular,2025-11-08 18:00:00+00:00,Marist,Stetson,41,13,True,False,True,Pioneer,Pioneer,fcs,fcs,
11,regular,2025-11-08 18:00:00+00:00,Fayetteville State,Winston-Salem State,31,21,True,False,True,CIAA,CIAA,ii,ii,
11,regular,2025-11-08 18:00:00+00:00,Newberry,Carson Newman,28,21,True,False,True,South Atlantic,South Atlantic,ii,ii,
11,regular,2025-11-08 18:00:00+00:00,Mars Hill,UVA Wise,60,19,True,False,True,South Atlantic,South Atlantic,ii,ii,
11,regular,2025-11-08 18:00:00+00:00,SUNY Morrisville,St. John Fisher,7,21,True,False,True,Empire 8,Empire 8,iii,iii,
11,regular,2025-11-08 18:00:00+00:00,Knox,Lake Forest,0,63,True,False,True,Midwest,Midwest,iii,iii,
11,regular,2025-11-08 18:00:00+00:00,Northeastern State,McKendree,44,10,True,False,False,Independent DII,Great Lakes,ii,ii,
11,regular,2025-11-08 18:00:00+00:00,Pennsylvania,Cornell,17,39,True,False,True,Ivy,Ivy,fcs,fcs,
11,regular,2025-11-08 18:00:00+00:00,Virginia Union,Virginia State,14,3,True,False,True,CIAA,CIAA,ii,ii,
11,regular,2025-11-08 18:00:00+00:00,Utica,Hartwick,64,7,True,False,True,Empire 8,Empire 8,iii,iii,
11,regular,2025-11-08 18:00:00+00:00,Johnson C. Smith,Livingstone,26,21,True,False,True,CIAA,CIAA,ii,ii,
11,regular,2025-11-08 18:00:00+00:00,Frostburg State,West Virginia State,29,24,True,False,True,Mountain East,Mountain East,ii,ii,
11,regular,2025-11-08 18:00:00+00:00,Lincoln (PA),Bowie State,17,28,True,False,True,CIAA,CIAA,ii,ii,
11,regular,2025-11-08 18:00:00+00:00,Saginaw Valley State,Ferris State,45,51,True,False,True,GLIAC,GLIAC,ii,ii,
11,regular,2025-11-08 18:00:00+00:00,UAlbany,Bryant,24,27,True,False,True,Coastal Athletic,Coastal Athletic,fcs,fcs,
11,regular,2025-11-08 18:00:00+00:00,Charleston (WV),West Liberty,45,28,True,False,True,Mountain East,Mountain East,ii,ii,
11,regular,2025-11-08 18:00:00+00:00,Emory & Henry,Shaw,55,7,True,False,False,South Atlantic,CIAA,ii,ii,
11,regular,2025-11-08 18:00:00+00:00,Geneva,Washington & Jefferson,7,49,True,False,True,Presidents',Presidents',iii,iii,
11,regular,2025-11-08 18:00:00+00:00,Waynesburg,Saint Vincent,35,24,True,False,True,Presidents',Presidents',iii,iii,
11,regular,2025-11-08 18:00:00+00:00,DePauw,Wooster,59,0,True,False,True,North Coast,North Coast,iii,iii,
11,regular,2025-11-08 18:00:00+00:00,Post,Saint Anselm,41,35,True,False,True,Northeast 10,Northeast 10,ii,ii,
11,regular,2025-11-08 18:00:00+00:00,Fordham,Bucknell,19,37,True,False,True,Patriot,Patriot,fcs,fcs,
11,regular,2025-11-08 18:00:00+00:00,Widener,King's,40,24,True,False,True,Mid Atlantic,Mid Atlantic,iii,iii,
11,regular,2025-11-08 18:00:00+00:00,Minnesota Morris,Westminster (MO),14,7,True,False,True,Upper Midwest,Upper Midwest,iii,iii,
11,regular,2025-11-08 18:00:00+00:00,Westminster (PA),Hiram,76,0,True,False,False,Presidents',Presidents',iii,iii,
11,regular,2025-11-08 18:30:00+00:00,Gardner-Webb,Southeast Missouri State,27,24,True,False,True,OVC-Big South,OVC-Big South,fcs,fcs,
11,regular,2025-11-08 18:30:00+00:00,South Carolina State,Howard,42,12,True,False,True,MEAC,MEAC,fcs,fcs,
11,regular,2025-11-08 18:30:00+00:00,VMI,Wofford,10,52,True,False,True,Southern,Southern,fcs,fcs,
11,regular,2025-11-08 18:30:00+00:00,Heidelberg,Wilmington (OH),34,31,True,False,True,Ohio,Ohio,iii,iii,
11,regular,2025-11-08 18:30:00+00:00,Hanover,Otterbein,49,8,True,False,False,Heartland,Ohio,iii,iii,
11,regular,2025-11-08 18:30:00+00:00,Franklin,Bluffton,59,57,True,False,True,Heartland,Heartland,iii,iii,
11,regular,2025-11-08 18:30:00+00:00,Capital,Muskingum,3,7,True,False,True,Ohio,Ohio,iii,iii,
11,regular,2025-11-08 18:30:00+00:00,Ohio Northern,Baldwin Wallace,30,28,True,False,True,Ohio,Ohio,iii,iii,
11,regular,2025-11-08 18:30:00+00:00,Marietta,Mount Union,19,30,True,False,True,Ohio,Ohio,iii,iii,
11,regular,2025-11-08 18:30:00+00:00,Mount St Joseph,Manchester,48,20,True,False,True,Heartland,Heartland,iii,iii,
11,regular,2025-11-08 19:00:00+00:00,Central Missouri,Pittsburg State,35,48,True,False,True,Mid America,Mid America,ii,ii,
11,regular,2025-11-08 19:00:00+00:00,Huntingdon,Southern Virginia,44,21,True,False,True,USA South,USA South,iii,iii,
11,regular,2025-11-08 19:00:00+00:00,Simpson (IA),Central College,10,35,True,False,True,American Rivers,American Rivers,iii,iii,
11,regular,2025-11-08 19:00:00+00:00,Lyon,Texas Lutheran,10,54,True,False,True,Southern Collegiate Athletic,Southern Collegiate Athletic,iii,iii,
11,regular,2025-11-08 19:00:00+00:00,East Texas Baptist,Howard Payne,27,34,True,False,True,American Southwest,American Southwest,iii,iii,
11,regular,2025-11-08 19:00:00+00:00,Augustana (SD),Minnesota State,21,45,True,False,True,Northern Sun,Northern Sun,ii,ii,
11,regular,2025-11-08 19:00:00+00:00,Elon,Rhode Island,20,34,True,False,True,Coastal Athletic,Coastal Athletic,fcs,fcs,
11,regular,2025-11-08 19:00:00+00:00,Roosevelt,Wayne State (MI),48,14,True,False,True,GLIAC,GLIAC,ii,ii,
11,regular,2025-11-08 19:00:00+00:00,Allen,Edward Waters,53,30,True,False,True,SIAC,SIAC,ii,ii,
11,regular,2025-11-08 19:00:00+00:00,Monmouth (IL),Ripon,58,3,True,False,True,Midwest,Midwest,iii,iii,
11,regular,2025-11-08 19:00:00+00:00,Upper Iowa,Quincy,41,8,True,False,True,Great Lakes,Great Lakes,ii,ii,
11,regular,2025-11-08 19:00:00+00:00,Midwestern State,West Texas,42,56,True,False,True,Lone Star,Lone Star,ii,ii,
11,regular,2025-11-08 19:00:00+00:00,Illinois Wesleyan,Carroll (WI),14,34,True,False,True,CCIW,CCIW,iii,iii,
11,regular,2025-11-08 19:00:00+00:00,West Alabama,Lincoln (CA),0,0,True,False,False,Gulf South,Independent DII,ii,ii,
11,regular,2025-11-08 19:00:00+00:00,North Carolina Central,Norfolk State,31,28,True,False,True,MEAC,MEAC,fcs,fcs,
11,regular,2025-11-08 19:00:00+00:00,McMurry,Hendrix,34,28,True,False,False,Southern Collegiate Athletic,Southern Athletic,iii,iii,
11,regular,2025-11-08 19:00:00+00:00,Southwest Baptist,Indianapolis,21,66,True,False,True,Great Lakes,Great Lakes,ii,ii,
11,regular,2025-11-08 19:00:00+00:00,Tusculum,Wingate,10,56,True,False,True,South Atlantic,South Atlantic,ii,ii,
11,regular,2025-11-08 19:00:00+00:00,Sioux Falls,Wayne State (NE),13,42,True,False,True,Northern Sun,Northern Sun,ii,ii,
11,regular,2025-11-08 19:00:00+00:00,Henderson State,East Central,45,35,True,False,True,Great American,Great American,ii,ii,
11,regular,2025-11-08 19:00:00+00:00,Mary Hardin Baylor,Hardin Simmons,21,17,True,False,True,American Southwest,American Southwest,iii,iii,
11,regular,2025-11-08 19:00:00+00:00,Cornell (IA),Illinois College,0,24,True,False,True,Midwest,Midwest,iii,iii,
11,regular,2025-11-08 19:00:00+00:00,Buena Vista,Nebraska Wesleyan,34,21,True,False,True,American Rivers,American Rivers,iii,iii,
11,regular,2025-11-08 19:00:00+00:00,Central Oklahoma,Missouri Southern State,44,17,True,False,True,Mid America,Mid America,ii,ii,
11,regular,2025-11-08 19:00:00+00:00,Southwest Minnesota State,Concordia St. Paul,14,19,True,False,True,Northern Sun,Northern Sun,ii,ii,
11,regular,2025-11-08 19:00:00+00:00,Beloit,Chicago,0,40,True,False,True,Midwest,Midwest,iii,iii,
11,regular,2025-11-08 19:00:00+00:00,Aurora,St. Norbert,37,14,True,False,True,NACC,NACC,iii,iii,
11,regular,2025-11-08 19:00:00+00:00,Western Illinois,Lindenwood,24,21,True,False,True,OVC-Big South,OVC-Big South,fcs,fcs,
11,regular,2025-11-08 19:00:00+00:00,Rice,UAB,24,17,True,False,True,American Athletic,American Athletic,fbs,fbs,
11,regular,2025-11-08 19:00:00+00:00,Northern Iowa,Murray State,31,14,True,False,True,MVFC,MVFC,fcs,fcs,
11,regular,2025-11-08 19:00:00+00:00,Grand Valley State,Michigan Tech,18,15,True,False,True,GLIAC,GLIAC,ii,ii,
11,regular,2025-11-08 19:00:00+00:00,Sewanee,Centre,0,28,True,False,True,Southern Athletic,Southern Athletic,iii,iii,
11,regular,2025-11-08 19:00:00+00:00,North Dakota,North Dakota State,10,15,True,False,True,MVFC,MVFC,fcs,fcs,
11,regular,2025-11-08 19:00:00+00:00,Eureka,Lakeland,12,40,True,False,True,NACC,NACC,iii,iii,
11,regular,2025-11-08 19:00:00+00:00,Crown,Martin Luther,34,21,True,False,True,Upper Midwest,Upper Midwest,iii,iii,
11,regular,2025-11-08 19:00:00+00:00,Bloomsburg,Kutztown,27,35,True,False,True,Pennsylvania State Athletic,Pennsylvania State Athletic,ii,ii,
11,regular,2025-11-08 19:00:00+00:00,Bethel (MN),Carleton,49,7,True,False,True,Minnesota,Minnesota,iii,iii,
11,regular,2025-11-08 19:00:00+00:00,Northwestern State,Incarnate Word,3,38,True,False,True,Southland,Southland,fcs,fcs,
11,regular,2025-11-08 19:00:00+00:00,Washburn,Emporia State,17,45,True,False,True,Mid America,Mid America,ii,ii,
11,regular,2025-11-08 19:00:00+00:00,Fort Valley State,Albany State,3,48,True,True,True,SIAC,SIAC,ii,ii,
11,regular,2025-11-08 19:00:00+00:00,Wisconsin River Falls,Wisconsin La Crosse,41,7,True,False,True,Wisconsin,Wisconsin,iii,iii,
11,regular,2025-11-08 19:00:00+00:00,Wisconsin Oshkosh,Wisconsin Stevens Point,41,15,True,False,True,Wisconsin,Wisconsin,iii,iii,
11,regular,2025-11-08 19:00:00+00:00,Campbell,William & Mary,27,30,True,False,True,Coastal Athletic,Coastal Athletic,fcs,fcs,
11,regular,2025-11-08 19:00:00+00:00,Youngstown State,Southern Illinois,48,38,True,False,True,MVFC,MVFC,fcs,fcs,
11,regular,2025-11-08 19:00:00+00:00,Wisconsin Whitewater,Wisconsin Eau Claire,51,10,True,False,True,Wisconsin,Wisconsin,iii,iii,
11,regular,2025-11-08 19:00:00+00:00,Rose Hulman,Anderson (IN),38,0,True,False,True,Heartland,Heartland,iii,iii,
11,regular,2025-11-08 19:00:00+00:00,Benedictine (IL),Concordia Chicago,38,7,True,False,True,NACC,NACC,iii,iii,
11,regular,2025-11-08 19:00:00+00:00,Coe,Loras,63,7,True,False,True,American Rivers,American Rivers,iii,iii,
11,regular,2025-11-08 19:00:00+00:00,Trinity (TX),Millsaps,42,24,True,False,True,Southern Athletic,Southern Athletic,iii,iii,
11,regular,2025-11-08 19:00:00+00:00,UT Martin,Tennessee State,26,7,True,False,True,OVC-Big South,OVC-Big South,fcs,fcs,
11,regular,2025-11-08 19:00:00+00:00,Adams State,Black Hills State,0,59,True,False,True,Rocky Mountain,Rocky Mountain,ii,ii,
11,regular,2025-11-08 19:00:00+00:00,Colorado School of Mines,CSU Pueblo,34,41,True,False,True,Rocky Mountain,Rocky Mountain,ii,ii,
11,regular,2025-11-08 19:00:00+00:00,Grinnell,Lawrence,63,6,True,False,True,Midwest,Midwest,iii,iii,
11,regular,2025-11-08 19:30:00+00:00,Northwest Missouri State,Missouri Western,38,7,True,False,True,Mid America,Mid America,ii,ii,
11,regular,2025-11-08 19:30:00+00:00,Rutgers,Maryland,35,20,True,False,True,Big Ten,Big Ten,fbs,fbs,
11,regular,2025-11-08 19:30:00+00:00,Western Carolina,Mercer,47,49,True,False,True,Southern,Southern,fcs,fcs,
11,regular,2025-11-08 20:00:00+00:00,Grambling,Bethune-Cookman,31,23,True,False,True,SWAC,SWAC,fcs,fcs,
11,regular,2025-11-08 20:00:00+00:00,Montana State,Weber State,66,14,True,False,True,Big Sky,Big Sky,fcs,fcs,
11,regular,2025-11-08 20:00:00+00:00,Lane College,Kentucky State,0,55,True,False,True,SIAC,SIAC,ii,ii,
11,regular,2025-11-08 20:00:00+00:00,Eastern Kentucky,Southern Utah,17,27,True,False,True,UAC,UAC,fcs,fcs,
11,regular,2025-11-08 20:00:00+00:00,Arkansas-Pine Bluff,Florida A&M,28,31,True,False,True,SWAC,SWAC,fcs,fcs,
11,regular,2025-11-08 20:00:00+00:00,Guilford,Averett,21,27,True,False,True,Old Dominion,Old Dominion,iii,iii,
11,regular,2025-11-08 20:00:00+00:00,Montana,Eastern Washington,29,24,True,False,True,Big Sky,Big Sky,fcs,fcs,
11,regular,2025-11-08 20:00:00+00:00,Abilene Christian,Utah Tech,31,10,True,False,True,UAC,UAC,fcs,fcs,
11,regular,2025-11-08 20:00:00+00:00,Delaware,Louisiana Tech,25,24,True,False,True,Conference USA,Conference USA,fbs,fbs,
11,regular,2025-11-08 20:00:00+00:00,Miles,Tuskegee,23,24,True,False,True,SIAC,SIAC,ii,ii,
11,regular,2025-11-08 20:00:00+00:00,Southern Arkansas,Southeastern Oklahoma State,16,14,True,False,True,Great American,Great American,ii,ii,
11,regular,2025-11-08 20:00:00+00:00,Southern Nazarene,Harding,14,52,True,False,True,Great American,Great American,ii,ii,
11,regular,2025-11-08 20:00:00+00:00,Northwestern (OK),Arkansas Monticello,40,7,True,False,True,Great American,Great American,ii,ii,
11,regular,2025-11-08 20:00:00+00:00,Southwestern Oklahoma State,Ouachita Baptist,38,42,True,False,True,Great American,Great American,ii,ii,
11,regular,2025-11-08 20:00:00+00:00,Middle Tennessee,Florida International,30,56,True,False,True,Conference USA,Conference USA,fbs,fbs,
11,regular,2025-11-08 20:00:00+00:00,Alabama A&M,Prairie View A&M,5,48,True,False,True,SWAC,SWAC,fcs,fcs,
11,regular,2025-11-08 20:00:00+00:00,Oklahoma Baptist,Arkansas Tech,25,38,True,False,True,Great American,Great American,ii,ii,
11,regular,2025-11-08 20:00:00+00:00,Savannah State,Benedict,13,16,True,False,True,SIAC,SIAC,ii,ii,
11,regular,2025-11-08 20:00:00+00:00,UTEP,Jacksonville State,27,30,True,False,True,Conference USA,Conference USA,fbs,fbs,
11,regular,2025-11-08 20:00:00+00:00,Wisconsin Platteville,Wisconsin Stout,24,23,True,False,True,Wisconsin,Wisconsin,iii,iii,
11,regular,2025-11-08 20:00:00+00:00,Florida Atlantic,Tulsa,40,21,True,False,True,American Athletic,American Athletic,fbs,fbs,
11,regular,2025-11-08 20:00:00+00:00,Northern State,Minot State,28,49,True,False,True,Northern Sun,Northern Sun,ii,ii,
11,regular,2025-11-08 20:00:00+00:00,Chadron State,Western Colorado,27,24,True,False,True,Rocky Mountain,Rocky Mountain,ii,ii,
11,regular,2025-11-08 20:00:00+00:00,New Mexico Highlands,Fort Lewis,31,14,True,False,True,Rocky Mountain,Rocky Mountain,ii,ii,
11,regular,2025-11-08 20:00:00+00:00,Alabama State,Texas Southern,42,24,True,False,True,SWAC,SWAC,fcs,fcs,
11,regular,2025-11-08 20:00:00+00:00,Houston Christian,Stephen F. Austin,3,50,True,False,True,Southland,Southland,fcs,fcs,
11,regular,2025-11-08 20:00:00+00:00,East Carolina,Charlotte,48,22,True,False,True,American Athletic,American Athletic,fbs,fbs,
11,regular,2025-11-08 20:00:00+00:00,Mississippi Valley State,Jackson State,3,42,True,False,True,SWAC,SWAC,fcs,fcs,
11,regular,2025-11-08 20:30:00+00:00,Missouri,Texas A&M,17,38,True,False,True,SEC,SEC,fbs,fbs,
11,regular,2025-11-08 20:30:00+00:00,Samford,East Tennessee State,14,38,True,False,True,Southern,Southern,fcs,fcs,
11,regular,2025-11-08 20:30:00+00:00,UConn,Duke,37,34,True,False,False,FBS Independents,ACC,fbs,fbs,
11,regular,2025-11-08 20:30:00+00:00,Arizona,Kansas,24,20,True,False,True,Big 12,Big 12,fbs,fbs,
11,regular,2025-11-08 20:30:00+00:00,TCU,Iowa State,17,20,True,False,True,Big 12,Big 12,fbs,fbs,
11,regular,2025-11-08 20:30:00+00:00,Miami,Syracuse,38,10,True,False,True,ACC,ACC,fbs,fbs,
11,regular,2025-11-08 20:30:00+00:00,New Haven,Merrimack,41,31,True,False,False,NEC,FCS Independents,fcs,fcs,
11,regular,2025-11-08 20:30:00+00:00,Iowa,Oregon,16,18,True,False,True,Big Ten,Big Ten,fbs,fbs,
11,regular,2025-11-08 21:00:00+00:00,North Alabama,West Georgia,17,24,True,False,True,UAC,UAC,fcs,fcs,
11,regular,2025-11-08 21:00:00+00:00,Austin Peay,Central Arkansas,41,38,True,False,True,UAC,UAC,fcs,fcs,
11,regular,2025-11-08 21:00:00+00:00,Lamar,SE Louisiana,14,12,True,False,True,Southland,Southland,fcs,fcs,
11,regular,2025-11-08 21:00:00+00:00,Alcorn State,Southern,35,17,True,False,True,SWAC,SWAC,fcs,fcs,
11,regular,2025-11-08 21:00:00+00:00,Redlands,Claremont Mudd Scripps,14,28,True,False,True,So. Cal.,So. Cal.,iii,iii,
11,regular,2025-11-08 21:00:00+00:00,La Verne,Chapman,14,30,True,False,True,So. Cal.,So. Cal.,iii,iii,
11,regular,2025-11-08 21:00:00+00:00,Bridgewater State,Anna Maria College,41,35,True,False,False,MSCAC,MSCAC,iii,iii,
11,regular,2025-11-08 21:00:00+00:00,Valdosta State,Delta State,27,23,True,False,True,Gulf South,Gulf South,ii,ii,
11,regular,2025-11-08 21:00:00+00:00,Colorado Mesa,South Dakota Mines,38,12,True,False,True,Rocky Mountain,Rocky Mountain,ii,ii,
11,regular,2025-11-08 21:00:00+00:00,Lewis & Clark,Pacific Lutheran,36,46,True,False,True,Northwest,Northwest,iii,iii,
11,regular,2025-11-08 21:00:00+00:00,South Dakota,South Dakota State,24,17,True,False,True,MVFC,MVFC,fcs,fcs,
11,regular,2025-11-08 21:00:00+00:00,Willamette,Whitworth,0,29,True,False,True,Northwest,Northwest,iii,iii,
11,regular,2025-11-08 21:00:00+00:00,Truman State,William Jewell,35,17,True,False,True,Great Lakes,Great Lakes,ii,ii,
11,regular,2025-11-08 21:00:00+00:00,Puget Sound,Linfield,14,77,True,False,True,Northwest,Northwest,iii,iii,
11,regular,2025-11-08 21:00:00+00:00,Vanderbilt,Auburn,45,38,True,False,True,SEC,SEC,fbs,fbs,
11,regular,2025-11-08 21:00:00+00:00,New Mexico State,Kennesaw State,21,24,True,False,True,Conference USA,Conference USA,fbs,fbs,
11,regular,2025-11-08 21:00:00+00:00,Coastal Carolina,Georgia State,40,27,True,False,True,Sun Belt,Sun Belt,fbs,fbs,
11,regular,2025-11-08 21:30:00+00:00,North Carolina,Stanford,20,15,True,False,True,ACC,ACC,fbs,fbs,
11,regular,2025-11-08 21:30:00+00:00,George Fox,Pacific (OR),27,21,True,False,True,Northwest,Northwest,iii,iii,
11,regular,2025-11-08 21:30:00+00:00,Wisconsin,Washington,13,10,True,False,True,Big Ten,Big Ten,fbs,fbs,
11,regular,2025-11-08 22:00:00+00:00,Hope,Calvin,52,0,True,False,True,Michigan,Michigan,iii,iii,
11,regular,2025-11-08 22:00:00+00:00,Montclair State,The College of New Jersey,30,27,True,False,True,New Jersey,New Jersey,iii,iii,
11,regular,2025-11-08 22:00:00+00:00,Colby,Bowdoin,16,6,True,False,True,NESCAC,NESCAC,iii,iii,
11,regular,2025-11-08 22:00:00+00:00,East Texas A&M,McNeese,20,35,True,False,True,Southland,Southland,fcs,fcs,
11,regular,2025-11-08 22:00:00+00:00,Shorter,North Greenville,33,35,True,False,True,Carolinas,Carolinas,ii,ii,
11,regular,2025-11-08 22:00:00+00:00,Louisiana,Texas State,42,39,True,False,True,Sun Belt,Sun Belt,fbs,fbs,
11,regular,2025-11-08 22:00:00+00:00,Portland State,Sacramento State,24,52,True,False,True,Big Sky,Big Sky,fcs,fcs,
11,regular,2025-11-08 22:00:00+00:00,Barton,Erskine,37,7,True,False,False,Carolinas,Carolinas,ii,ii,
11,regular,2025-11-08 23:00:00+00:00,UT Rio Grande Valley,Nicholls,28,21,True,False,False,Southland,Southland,fcs,fcs,
11,regular,2025-11-08 23:00:00+00:00,Idaho State,Cal Poly,27,17,True,False,True,Big Sky,Big Sky,fcs,fcs,
11,regular,2025-11-08 23:00:00+00:00,Shenandoah,Gallaudet,52,14,True,False,False,Old Dominion,Old Dominion,iii,iii,
11,regular,2025-11-08 23:00:00+00:00,Christopher Newport,Salisbury,45,42,True,False,True,New Jersey,New Jersey,iii,iii,
11,regular,2025-11-08 23:00:00+00:00,Clark Atlanta,Morehouse,48,45,True,False,True,SIAC,SIAC,ii,ii,
11,regular,2025-11-08 23:00:00+00:00,San José State,Air Force,16,26,True,False,True,Mountain West,Mountain West,fbs,fbs,
11,regular,2025-11-08 23:00:00+00:00,Catawba,Anderson (SC),44,20,True,False,True,South Atlantic,South Atlantic,ii,ii,
11,regular,2025-11-08 23:00:00+00:00,Northern Arizona,Northern Colorado,49,10,True,False,True,Big Sky,Big Sky,fcs,fcs,
11,regular,2025-11-08 23:05:00+00:00,East Stroudsburg,Millersville,45,21,True,False,True,Pennsylvania State Athletic,Pennsylvania State Athletic,ii,ii,
11,regular,2025-11-09 00:00:00+00:00,Louisville,California,26,29,True,False,True,ACC,ACC,fbs,fbs,
11,regular,2025-11-09 00:00:00+00:00,Idaho,UC Davis,14,28,True,False,True,Big Sky,Big Sky,fcs,fcs,
11,regular,2025-11-09 00:00:00+00:00,Virginia,Wake Forest,9,16,True,False,True,ACC,ACC,fbs,fbs,
11,regular,2025-11-09 00:00:00+00:00,Clemson,Florida State,24,10,True,False,True,ACC,ACC,fbs,fbs,
11,regular,2025-11-09 00:00:00+00:00,Angelo State,Western Oregon,7,31,True,False,True,Lone Star,Lone Star,ii,ii,
11,regular,2025-11-09 00:00:00+00:00,Centenary (LA),Austin,10,20,True,False,True,Southern Collegiate Athletic,Southern Collegiate Athletic,iii,iii,
11,regular,2025-11-09 00:30:00+00:00,Alabama,LSU,20,9,True,False,True,SEC,SEC,fbs,fbs,
11,regular,2025-11-09 00:30:00+00:00,Kentucky,Florida,38,7,True,False,True,SEC,SEC,fbs,fbs,
11,regular,2025-11-09 00:30:00+00:00,Utah State,Nevada,51,14,True,False,True,Mountain West,Mountain West,fbs,fbs,
11,regular,2025-11-09 00:30:00+00:00,Notre Dame,Navy,49,10,True,False,False,FBS Independents,American Athletic,fbs,fbs,
11,regular,2025-11-09 01:00:00+00:00,UT Permian Basin,Eastern New Mexico,47,34,True,False,True,Lone Star,Lone Star,ii,ii,
11,regular,2025-11-09 01:00:00+00:00,Texas A&M-Kingsville,Western New Mexico,64,13,True,False,True,Lone Star,Lone Star,ii,ii,
11,regular,2025-11-09 01:00:00+00:00,Sul Ross State,Central Washington,7,73,True,False,True,Lone Star,Lone Star,ii,ii,
11,regular,2025-11-09 02:00:00+00:00,UCLA,Nebraska,21,28,True,False,True,Big Ten,Big Ten,fbs,fbs,
11,regular,2025-11-09 02:30:00+00:00,Colorado State,UNLV,10,42,True,False,True,Mountain West,Mountain West,fbs,fbs,
11,regular,2025-11-09 03:00:00+00:00,Pomona Pitzer,Cal Lutheran,28,18,True,False,True,So. Cal.,So. Cal.,iii,iii,
11,regular,2025-11-09 03:00:00+00:00,Oregon State,Sam Houston,17,21,True,False,False,Pac-12,Conference USA,fbs,fbs,
11,regular,2025-11-09 04:00:00+00:00,Hawai'i,San Diego State,38,6,True,False,True,Mountain West,Mountain West,fbs,fbs,
12,regular,2025-11-12 00:30:00+00:00,Akron,Kent State,35,42,True,False,True,Mid-American,Mid-American,fbs,fbs,
12,regular,2025-11-12 01:00:00+00:00,Western Michigan,Ohio,17,13,True,False,True,Mid-American,Mid-American,fbs,fbs,
12,regular,2025-11-13 00:00:00+00:00,Massachusetts,Northern Illinois,3,45,True,False,True,Mid-American,Mid-American,fbs,fbs,
12,regular,2025-11-13 00:00:00+00:00,Miami (OH),Toledo,3,24,True,False,True,Mid-American,Mid-American,fbs,fbs,
12,regular,2025-11-13 00:00:00+00:00,Central Michigan,Buffalo,38,19,True,False,True,Mid-American,Mid-American,fbs,fbs,
12,regular,2025-11-14 00:30:00+00:00,Old Dominion,Troy,33,0,True,False,True,Sun Belt,Sun Belt,fbs,fbs,
12,regular,2025-11-14 22:30:00+00:00,North Carolina Central,South Carolina State,27,34,True,False,True,MEAC,MEAC,fcs,fcs,
12,regular,2025-11-14 23:00:00+00:00,The College of New Jersey,Christopher Newport,7,27,True,False,True,New Jersey,New Jersey,iii,iii,
12,regular,2025-11-14 23:00:00+00:00,Salisbury,Vermont State Castleton,63,13,True,False,False,New Jersey,New Jersey,iii,iii,
12,regular,2025-11-15 00:00:00+00:00,MIT,Norwich,48,14,True,False,True,NEWMAC,NEWMAC,iii,iii,
12,regular,2025-11-15 00:30:00+00:00,Louisville,Clemson,19,20,True,False,True,ACC,ACC,fbs,fbs,
12,regular,2025-11-15 01:30:00+00:00,Augsburg,Hamline,43,3,True,False,True,Minnesota,Minnesota,iii,iii,
12,regular,2025-11-15 02:00:00+00:00,Oregon,Minnesota,42,13,True,False,True,Big Ten,Big Ten,fbs,fbs,
12,regular,2025-11-15 16:00:00+00:00,Austin,Centenary (LA),16,14,True,True,True,Southern Collegiate Athletic,Southern Collegiate Athletic,iii,iii,
12,regular,2025-11-15 17:00:00+00:00,Endicott,Curry,45,17,True,False,True,Commonwealth Coast,Commonwealth Coast,iii,iii,
12,regular,2025-11-15 17:00:00+00:00,Otterbein,Ohio Northern,14,56,True,False,True,Ohio,Ohio,iii,iii,
12,regular,2025-11-15 17:00:00+00:00,St. John Fisher,Alfred State,41,14,True,False,False,Empire 8,Empire 8,iii,iii,
12,regular,2025-11-15 17:00:00+00:00,Davenport,Ferris State,23,44,True,False,True,GLIAC,GLIAC,ii,ii,
12,regular,2025-11-15 17:00:00+00:00,Northwestern (MN),Westminster (MO),6,15,True,False,True,Upper Midwest,Upper Midwest,iii,iii,
12,regular,2025-11-15 17:00:00+00:00,West Liberty,Wheeling,68,67,True,False,True,Mountain East,Mountain East,ii,ii,
12,regular,2025-11-15 17:00:00+00:00,Hartwick,Hilbert,52,0,True,False,True,Empire 8,Empire 8,iii,iii,
12,regular,2025-11-15 17:00:00+00:00,Fairmont State,Frostburg State,18,35,True,False,True,Mountain East,Mountain East,ii,ii,
12,regular,2025-11-15 17:00:00+00:00,Southwestern U,Berry,7,49,True,False,True,Southern Athletic,Southern Athletic,iii,iii,
12,regular,2025-11-15 17:00:00+00:00,Fitchburg State,Westfield State,7,10,True,False,True,MSCAC,MSCAC,iii,iii,
12,regular,2025-11-15 17:00:00+00:00,Coast Guard,Merchant Marine,38,39,True,True,True,NEWMAC,NEWMAC,iii,iii,
12,regular,2025-11-15 17:00:00+00:00,Pace,Franklin Pierce,10,24,True,False,True,Northeast 10,Northeast 10,ii,ii,
12,regular,2025-11-15 17:00:00+00:00,Walsh,Northwood,13,17,True,False,True,Great Midwest Athletic,Great Midwest Athletic,ii,ii,
12,regular,2025-11-15 17:00:00+00:00,Saint Francis,Long Island University,3,10,True,False,True,NEC,NEC,fcs,fcs,
12,regular,2025-11-15 17:00:00+00:00,Greensboro,Methodist,13,12,True,False,True,USA South,USA South,iii,iii,
12,regular,2025-11-15 17:00:00+00:00,Ursinus,Carnegie Mellon,27,20,True,False,False,Centennial,Presidents',iii,iii,
12,regular,2025-11-15 17:00:00+00:00,Case Western Reserve,Geneva,16,43,True,False,True,Presidents',Presidents',iii,iii,
12,regular,2025-11-15 17:00:00+00:00,Worcester State,Framingham State,27,28,True,False,True,MSCAC,MSCAC,iii,iii,
12,regular,2025-11-15 17:00:00+00:00,FDU Florham,Alvernia,52,3,True,False,True,Mid Atlantic,Mid Atlantic,iii,iii,
12,regular,2025-11-15 17:00:00+00:00,Princeton,Yale,10,13,True,False,True,Ivy,Ivy,fcs,fcs,
12,regular,2025-11-15 17:00:00+00:00,West Virginia State,Charleston (WV),21,38,True,False,True,Mountain East,Mountain East,ii,ii,
12,regular,2025-11-15 17:00:00+00:00,Indiana,Wisconsin,31,7,True,False,True,Big Ten,Big Ten,fbs,fbs,
12,regular,2025-11-15 17:00:00+00:00,Delaware Valley,Widener,28,7,True,False,True,Mid Atlantic,Mid Atlantic,iii,iii,
12,regular,2025-11-15 17:00:00+00:00,Bentley,American International,21,7,True,False,True,Northeast 10,Northeast 10,ii,ii,
12,regular,2025-11-15 17:00:00+00:00,Pittsburgh,Notre Dame,15,37,True,False,False,ACC,FBS Independents,fbs,fbs,
12,regular,2025-11-15 17:00:00+00:00,Wilkes,Western Connecticut State,38,0,True,False,False,Landmark Conference,Landmark Conference,iii,iii,
12,regular,2025-11-15 17:00:00+00:00,Bryant,New Hampshire,14,42,True,False,True,Coastal Athletic,Coastal Athletic,fcs,fcs,
12,regular,2025-11-15 17:00:00+00:00,Albright,Lebanon Valley,35,38,True,False,True,Mid Atlantic,Mid Atlantic,iii,iii,
12,regular,2025-11-15 17:00:00+00:00,Misericordia,King's,27,21,True,False,True,Mid Atlantic,Mid Atlantic,iii,iii,
12,regular,2025-11-15 17:00:00+00:00,Kutztown,IU Pennsylvania,28,23,True,False,True,Pennsylvania State Athletic,Pennsylvania State Athletic,ii,ii,
12,regular,2025-11-15 17:00:00+00:00,Millersville,Edinboro,10,63,True,False,True,Pennsylvania State Athletic,Pennsylvania State Athletic,ii,ii,
12,regular,2025-11-15 17:00:00+00:00,West Chester,Assumption,24,42,True,False,False,Pennsylvania State Athletic,Northeast 10,ii,ii,
12,regular,2025-11-15 17:00:00+00:00,New England,New England College,59,3,True,False,False,Commonwealth Coast,,iii,,
12,regular,2025-11-15 17:00:00+00:00,Shepherd,Seton Hill,21,13,True,False,True,Pennsylvania State Athletic,Pennsylvania State Athletic,ii,ii,
12,regular,2025-11-15 17:00:00+00:00,Sacred Heart,Merrimack,42,37,True,False,True,FCS Independents,FCS Independents,fcs,fcs,
12,regular,2025-11-15 17:00:00+00:00,Maryville (TN),Trinity (TX),14,31,True,False,False,USA South,Southern Athletic,iii,iii,
12,regular,2025-11-15 17:00:00+00:00,Michigan Tech,Saginaw Valley State,21,24,True,False,True,GLIAC,GLIAC,ii,ii,
12,regular,2025-11-15 17:00:00+00:00,Bridgewater State,Mass Maritime,7,20,True,False,True,MSCAC,MSCAC,iii,iii,
12,regular,2025-11-15 17:00:00+00:00,WPI,Salve Regina,9,45,True,False,True,NEWMAC,NEWMAC,iii,iii,
12,regular,2025-11-15 17:00:00+00:00,Bucknell,Holy Cross,20,37,True,False,True,Patriot,Patriot,fcs,fcs,
12,regular,2025-11-15 17:00:00+00:00,Anna Maria College,Dean,62,15,True,False,True,MSCAC,MSCAC,iii,iii,
12,regular,2025-11-15 17:00:00+00:00,Findlay,Tiffin,21,23,True,False,True,Great Midwest Athletic,Great Midwest Athletic,ii,ii,
12,regular,2025-11-15 17:00:00+00:00,Ithaca,SUNY Cortland,26,21,True,False,False,Liberty League,Empire 8,iii,iii,
12,regular,2025-11-15 17:00:00+00:00,Bloomsburg,Slippery Rock,30,24,True,False,True,Pennsylvania State Athletic,Pennsylvania State Athletic,ii,ii,
12,regular,2025-11-15 17:00:00+00:00,Southern Connecticut State,Post,52,45,True,False,True,Northeast 10,Northeast 10,ii,ii,
12,regular,2025-11-15 17:00:00+00:00,Harvard,Pennsylvania,45,43,True,False,True,Ivy,Ivy,fcs,fcs,
12,regular,2025-11-15 17:00:00+00:00,Texas A&M,South Carolina,31,30,True,False,True,SEC,SEC,fbs,fbs,
12,regular,2025-11-15 17:00:00+00:00,Duquesne,Central Connecticut,38,33,True,False,True,NEC,NEC,fcs,fcs,
12,regular,2025-11-15 17:00:00+00:00,Western Carolina,East Tennessee State,35,52,True,False,True,Southern,Southern,fcs,fcs,
12,regular,2025-11-15 17:00:00+00:00,UConn,Air Force,26,16,True,False,False,FBS Independents,Mountain West,fbs,fbs,
12,regular,2025-11-15 17:00:00+00:00,Charlotte,UTSA,7,28,True,False,True,American Athletic,American Athletic,fbs,fbs,
12,regular,2025-11-15 17:00:00+00:00,Navy,South Florida,41,38,True,False,True,American Athletic,American Athletic,fbs,fbs,
12,regular,2025-11-15 17:00:00+00:00,Murray State,North Dakota,17,35,True,False,True,MVFC,MVFC,fcs,fcs,
12,regular,2025-11-15 17:00:00+00:00,Marist,Davidson,37,10,True,False,True,Pioneer,Pioneer,fcs,fcs,
12,regular,2025-11-15 17:00:00+00:00,Columbia,Brown,29,32,True,False,True,Ivy,Ivy,fcs,fcs,
12,regular,2025-11-15 17:00:00+00:00,Albion,Calvin,24,53,True,False,True,Michigan,Michigan,iii,iii,
12,regular,2025-11-15 17:00:00+00:00,Wagner,Stonehill,20,14,True,False,True,NEC,NEC,fcs,fcs,
12,regular,2025-11-15 17:00:00+00:00,Mercyhurst,Robert Morris,27,13,True,False,True,NEC,NEC,fcs,fcs,
12,regular,2025-11-15 17:00:00+00:00,Ball State,Eastern Michigan,9,24,True,False,True,Mid-American,Mid-American,fbs,fbs,
12,regular,2025-11-15 17:00:00+00:00,UMass Dartmouth,Plymouth State,42,21,True,False,True,MSCAC,MSCAC,iii,iii,
12,regular,2025-11-15 17:00:00+00:00,Dayton,Drake,6,14,True,False,True,Pioneer,Pioneer,fcs,fcs,
12,regular,2025-11-15 17:00:00+00:00,Youngstown State,Indiana State,48,29,True,False,True,MVFC,MVFC,fcs,fcs,
12,regular,2025-11-15 17:00:00+00:00,Cincinnati,Arizona,24,30,True,False,True,Big 12,Big 12,fbs,fbs,
12,regular,2025-11-15 17:00:00+00:00,Oklahoma State,Kansas State,6,14,True,False,True,Big 12,Big 12,fbs,fbs,
12,regular,2025-11-15 17:00:00+00:00,Northwestern,Michigan,22,24,True,True,True,Big Ten,Big Ten,fbs,fbs,
12,regular,2025-11-15 17:00:00+00:00,North Carolina A&T,Monmouth,19,63,True,False,True,Coastal Athletic,Coastal Athletic,fcs,fcs,
12,regular,2025-11-15 17:00:00+00:00,Norfolk State,Morgan State,28,35,True,False,True,MEAC,MEAC,fcs,fcs,
12,regular,2025-11-15 17:30:00+00:00,Moravian,Susquehanna,7,48,True,False,True,Landmark Conference,Landmark Conference,iii,iii,
12,regular,2025-11-15 17:45:00+00:00,LSU,Arkansas,23,22,True,False,True,SEC,SEC,fbs,fbs,
12,regular,2025-11-15 18:00:00+00:00,Dartmouth,Cornell,24,14,True,False,True,Ivy,Ivy,fcs,fcs,
12,regular,2025-11-15 18:00:00+00:00,Southern Illinois,South Dakota,51,53,True,False,True,MVFC,MVFC,fcs,fcs,
12,regular,2025-11-15 18:00:00+00:00,Nebraska Kearney,Central Missouri,24,38,True,False,True,Mid America,Mid America,ii,ii,
12,regular,2025-11-15 18:00:00+00:00,Hiram,Grove City,14,63,True,False,False,Presidents',Presidents',iii,iii,
12,regular,2025-11-15 18:00:00+00:00,Augustana (IL),Washington St. Louis,13,35,True,False,True,CCIW,CCIW,iii,iii,
12,regular,2025-11-15 18:00:00+00:00,Hampton,William & Mary,14,55,True,False,True,Coastal Athletic,Coastal Athletic,fcs,fcs,
12,regular,2025-11-15 18:00:00+00:00,Villanova,Stony Brook,30,27,True,False,True,Coastal Athletic,Coastal Athletic,fcs,fcs,
12,regular,2025-11-15 18:00:00+00:00,Valparaiso,Stetson,32,31,True,False,True,Pioneer,Pioneer,fcs,fcs,
12,regular,2025-11-15 18:00:00+00:00,Georgetown,Fordham,14,0,True,False,True,Patriot,Patriot,fcs,fcs,
12,regular,2025-11-15 18:00:00+00:00,Tulsa,Oregon State,31,14,True,False,False,American Athletic,Pac-12,fbs,fbs,
12,regular,2025-11-15 18:00:00+00:00,Jackson State,Bethune-Cookman,28,13,True,False,True,SWAC,SWAC,fcs,fcs,
12,regular,2025-11-15 18:00:00+00:00,Millikin,Elmhurst,29,22,True,False,True,CCIW,CCIW,iii,iii,
12,regular,2025-11-15 18:00:00+00:00,Carson Newman,Tusculum,26,0,True,False,True,South Atlantic,South Atlantic,ii,ii,
12,regular,2025-11-15 18:00:00+00:00,Juniata,Lycoming,16,24,True,False,True,Landmark Conference,Landmark Conference,iii,iii,
12,regular,2025-11-15 18:00:00+00:00,Colgate,Lehigh,7,27,True,False,True,Patriot,Patriot,fcs,fcs,
12,regular,2025-11-15 18:00:00+00:00,Hillsdale,Ohio Dominican,31,14,True,False,True,Great Midwest Athletic,Great Midwest Athletic,ii,ii,
12,regular,2025-11-15 18:00:00+00:00,Lock Haven,Gannon,49,28,True,False,True,Pennsylvania State Athletic,Pennsylvania State Athletic,ii,ii,
12,regular,2025-11-15 18:00:00+00:00,Arizona State,West Virginia,25,23,True,False,True,Big 12,Big 12,fbs,fbs,
12,regular,2025-11-15 18:00:00+00:00,Husson,Maine Maritime,48,7,True,False,False,Commonwealth Coast,Commonwealth Coast,iii,iii,
12,regular,2025-11-15 18:00:00+00:00,West Virginia Wesleyan,Glenville State,16,56,True,False,True,Mountain East,Mountain East,ii,ii,
12,regular,2025-11-15 18:00:00+00:00,Hobart,Buffalo State,35,9,True,False,True,Liberty League,Liberty League,iii,iii,
12,regular,2025-11-15 18:00:00+00:00,Union,Rensselaer,28,21,True,False,True,Liberty League,Liberty League,iii,iii,
12,regular,2025-11-15 18:00:00+00:00,Concordia (WI),Eureka,35,0,True,False,True,NACC,NACC,iii,iii,
12,regular,2025-11-15 18:00:00+00:00,Lawrence,Ripon,7,48,True,False,True,Midwest,Midwest,iii,iii,
12,regular,2025-11-15 18:00:00+00:00,Randolph Macon,Hampden Sydney,42,14,True,False,True,Old Dominion,Old Dominion,iii,iii,
12,regular,2025-11-15 18:00:00+00:00,Averett,Roanoke College,0,1,True,False,False,Old Dominion,,iii,,Roanoke College wins by forfeit
12,regular,2025-11-15 18:00:00+00:00,Grand Valley State,Roosevelt,69,13,True,False,True,GLIAC,GLIAC,ii,ii,
12,regular,2025-11-15 18:00:00+00:00,Trine,Kalamazoo,25,24,True,False,True,Michigan,Michigan,iii,iii,
12,regular,2025-11-15 18:00:00+00:00,Winona State,Southwest Minnesota State,30,6,True,False,True,Northern Sun,Northern Sun,ii,ii,
12,regular,2025-11-15 18:00:00+00:00,Northern Michigan,Wayne State (MI),45,11,True,False,True,GLIAC,GLIAC,ii,ii,
12,regular,2025-11-15 18:00:00+00:00,Alfred,SUNY Morrisville,34,21,True,False,True,Empire 8,Empire 8,iii,iii,
12,regular,2025-11-15 18:00:00+00:00,Concordia St. Paul,Sioux Falls,18,34,True,False,True,Northern Sun,Northern Sun,ii,ii,
12,regular,2025-11-15 18:00:00+00:00,Southeastern Oklahoma State,East Central,24,19,True,False,True,Great American,Great American,ii,ii,
12,regular,2025-11-15 18:00:00+00:00,Minnesota State,Minnesota St Moorhead,23,31,True,False,True,Northern Sun,Northern Sun,ii,ii,
12,regular,2025-11-15 18:00:00+00:00,Western New England,Nichols,63,20,True,False,True,Commonwealth Coast,Commonwealth Coast,iii,iii,
12,regular,2025-11-15 18:00:00+00:00,Franklin & Marshall,Johns Hopkins,29,28,True,False,True,Centennial,Centennial,iii,iii,
12,regular,2025-11-15 18:00:00+00:00,McDaniel,Gettysburg,23,36,True,False,True,Centennial,Centennial,iii,iii,
12,regular,2025-11-15 18:00:00+00:00,Lenoir Rhyne,Catawba,48,46,True,False,True,South Atlantic,South Atlantic,ii,ii,
12,regular,2025-11-15 18:00:00+00:00,Grinnell,Cornell (IA),17,22,True,False,True,Midwest,Midwest,iii,iii,
12,regular,2025-11-15 18:00:00+00:00,Denison,John Carroll,21,48,True,False,False,North Coast,Ohio,iii,iii,
12,regular,2025-11-15 18:00:00+00:00,Shenandoah,Washington and Lee,17,14,True,False,True,Old Dominion,Old Dominion,iii,iii,
12,regular,2025-11-15 18:00:00+00:00,Greenville,Crown,20,38,True,False,True,Upper Midwest,Upper Midwest,iii,iii,
12,regular,2025-11-15 18:00:00+00:00,William Paterson,Montclair State,21,24,True,False,True,New Jersey,New Jersey,iii,iii,
12,regular,2025-11-15 18:00:00+00:00,Gustavus Adolphus,Macalester,38,14,True,False,True,Minnesota,Minnesota,iii,iii,
12,regular,2025-11-15 18:00:00+00:00,St. Lawrence,Rochester (NY),37,17,True,False,True,Liberty League,Liberty League,iii,iii,
12,regular,2025-11-15 18:00:00+00:00,Carleton,Concordia (MN),24,31,True,False,True,Minnesota,Minnesota,iii,iii,
12,regular,2025-11-15 18:00:00+00:00,Muhlenberg,Dickinson,30,17,True,False,True,Centennial,Centennial,iii,iii,
12,regular,2025-11-15 18:00:00+00:00,Hope,Olivet,63,6,True,False,True,Michigan,Michigan,iii,iii,
12,regular,2025-11-15 18:00:00+00:00,Kentucky Wesleyan,Thomas More,11,14,True,False,True,Great Midwest Athletic,Great Midwest Athletic,ii,ii,
12,regular,2025-11-15 18:00:00+00:00,North Park,Wheaton (IL),6,52,True,False,True,CCIW,CCIW,iii,iii,
12,regular,2025-11-15 18:00:00+00:00,North Central College,Illinois Wesleyan,24,7,True,False,True,CCIW,CCIW,iii,iii,
12,regular,2025-11-15 18:00:00+00:00,Lake Forest,Chicago,34,28,True,False,True,Midwest,Midwest,iii,iii,
12,regular,2025-11-15 18:00:00+00:00,Monmouth (IL),Knox,69,0,True,False,True,Midwest,Midwest,iii,iii,
12,regular,2025-11-15 18:00:00+00:00,Allegheny,Bethany (WV),42,6,True,False,True,Presidents',Presidents',iii,iii,
12,regular,2025-11-15 18:00:00+00:00,Washington & Jefferson,Thiel,67,0,True,False,True,Presidents',Presidents',iii,iii,
12,regular,2025-11-15 18:00:00+00:00,Saint Vincent,Westminster (PA),14,57,True,False,True,Presidents',Presidents',iii,iii,
12,regular,2025-11-15 18:00:00+00:00,Beloit,Illinois College,7,38,True,False,True,Midwest,Midwest,iii,iii,
12,regular,2025-11-15 18:00:00+00:00,Furman,VMI,32,14,True,False,True,Southern,Southern,fcs,fcs,
12,regular,2025-11-15 18:00:00+00:00,North Greenville,UNC Pembroke,34,20,True,False,True,Carolinas,Carolinas,ii,ii,
12,regular,2025-11-15 18:00:00+00:00,Delaware State,Howard,26,13,True,False,True,MEAC,MEAC,fcs,fcs,
12,regular,2025-11-15 18:00:00+00:00,Maine,Rhode Island,13,45,True,False,True,Coastal Athletic,Coastal Athletic,fcs,fcs,
12,regular,2025-11-15 18:00:00+00:00,Brevard,North Carolina Wesleyan,45,6,True,False,True,USA South,USA South,iii,iii,
12,regular,2025-11-15 18:00:00+00:00,Concordia Chicago,Aurora,26,59,True,False,True,NACC,NACC,iii,iii,
12,regular,2025-11-15 18:00:00+00:00,Ohio Wesleyan,Oberlin,35,0,True,False,True,North Coast,North Coast,iii,iii,
12,regular,2025-11-15 18:00:00+00:00,UAlbany,Towson,19,36,True,False,True,Coastal Athletic,Coastal Athletic,fcs,fcs,
12,regular,2025-11-15 18:00:00+00:00,Wittenberg,Kenyon,35,0,True,False,True,North Coast,North Coast,iii,iii,
12,regular,2025-11-15 18:00:00+00:00,Kean,Rowan,34,47,True,False,True,New Jersey,New Jersey,iii,iii,
12,regular,2025-11-15 18:00:00+00:00,Southern Virginia,LaGrange,27,65,True,False,True,USA South,USA South,iii,iii,
12,regular,2025-11-15 18:00:00+00:00,Saint John's (MN),St. Olaf,63,21,True,False,True,Minnesota,Minnesota,iii,iii,
12,regular,2025-11-15 18:00:00+00:00,Shippensburg,California (PA),10,35,True,False,True,Pennsylvania State Athletic,Pennsylvania State Athletic,ii,ii,
12,regular,2025-11-15 18:00:00+00:00,Carthage,Carroll (WI),7,3,True,False,True,CCIW,CCIW,iii,iii,
12,regular,2025-11-15 18:00:00+00:00,Albany State,Benedict,22,16,True,False,True,SIAC,SIAC,ii,ii,SIAC Championship Game
12,regular,2025-11-15 18:00:00+00:00,Springfield,SUNY Maritime,23,7,True,False,True,NEWMAC,NEWMAC,iii,iii,
12,regular,2025-11-15 18:00:00+00:00,Stevenson,Eastern,10,16,True,False,True,Mid Atlantic,Mid Atlantic,iii,iii,
12,regular,2025-11-15 18:00:00+00:00,Ashland,Lake Erie,34,14,True,False,True,Great Midwest Athletic,Great Midwest Athletic,ii,ii,
12,regular,2025-11-15 18:05:00+00:00,East Stroudsburg,Clarion,42,34,True,False,True,Pennsylvania State Athletic,Pennsylvania State Athletic,ii,ii,
12,regular,2025-11-15 18:07:00+00:00,Wabash,DePauw,20,41,True,False,True,North Coast,North Coast,iii,iii,
12,regular,2025-11-15 18:30:00+00:00,Manchester,Anderson (IN),20,26,True,False,True,Heartland,Heartland,iii,iii,
12,regular,2025-11-15 18:30:00+00:00,Wilmington (OH),Capital,27,28,True,False,True,Ohio,Ohio,iii,iii,
12,regular,2025-11-15 18:30:00+00:00,Hanover,Franklin,51,18,True,False,True,Heartland,Heartland,iii,iii,
12,regular,2025-11-15 18:30:00+00:00,Rose Hulman,Mount St Joseph,0,48,True,False,True,Heartland,Heartland,iii,iii,
12,regular,2025-11-15 18:30:00+00:00,Mount Union,Muskingum,51,7,True,False,True,Ohio,Ohio,iii,iii,
12,regular,2025-11-15 18:30:00+00:00,Kentucky,Tennessee Tech,42,10,True,False,False,SEC,OVC-Big South,fbs,fcs,
12,regular,2025-11-15 18:30:00+00:00,Baldwin Wallace,Heidelberg,41,38,True,False,True,Ohio,Ohio,iii,iii,
12,regular,2025-11-15 19:00:00+00:00,Belhaven,Huntingdon,13,30,True,False,True,USA South,USA South,iii,iii,
12,regular,2025-11-15 19:00:00+00:00,Wayne State (NE),Augustana (SD),38,31,True,False,True,Northern Sun,Northern Sun,ii,ii,
12,regular,2025-11-15 19:00:00+00:00,Bemidji State,University of Mary,34,21,True,False,True,Northern Sun,Northern Sun,ii,ii,
12,regular,2025-11-15 19:00:00+00:00,Jamestown,Northern State,40,46,True,True,False,Northern Sun,Northern Sun,ii,ii,
12,regular,2025-11-15 19:00:00+00:00,Howard Payne,Mary Hardin Baylor,9,65,True,False,True,American Southwest,American Southwest,iii,iii,
12,regular,2025-11-15 19:00:00+00:00,Loras,Luther,45,12,True,False,True,American Rivers,American Rivers,iii,iii,
12,regular,2025-11-15 19:00:00+00:00,St. Thomas (MN),Presbyterian,9,23,True,False,True,Pioneer,Pioneer,fcs,fcs,
12,regular,2025-11-15 19:00:00+00:00,Indianapolis,Upper Iowa,28,21,True,False,True,Great Lakes,Great Lakes,ii,ii,
12,regular,2025-11-15 19:00:00+00:00,St. Scholastica,Bethel (MN),0,62,True,False,True,Minnesota,Minnesota,iii,iii,
12,regular,2025-11-15 19:00:00+00:00,Bridgewater,Guilford,1,0,True,False,True,Old Dominion,Old Dominion,iii,iii,Bridgewater wins by forfeit
12,regular,2025-11-15 19:00:00+00:00,Minot State,Minnesota Duluth,7,33,True,False,True,Northern Sun,Northern Sun,ii,ii,
12,regular,2025-11-15 19:00:00+00:00,Western New Mexico,Midwestern State,23,70,True,False,True,Lone Star,Lone Star,ii,ii,
12,regular,2025-11-15 19:00:00+00:00,Kentucky State,Shorter,35,7,True,False,False,SIAC,Carolinas,ii,ii,
12,regular,2025-11-15 19:00:00+00:00,Ferrum,Concord,34,56,True,False,False,Carolinas,Mountain East,ii,ii,
12,regular,2025-11-15 19:00:00+00:00,Lakeland,St. Norbert,35,25,True,False,True,NACC,NACC,iii,iii,
12,regular,2025-11-15 19:00:00+00:00,Quincy,Southwest Baptist,37,35,True,False,True,Great Lakes,Great Lakes,ii,ii,
12,regular,2025-11-15 19:00:00+00:00,Brockport,Utica,20,28,True,False,True,Empire 8,Empire 8,iii,iii,
12,regular,2025-11-15 19:00:00+00:00,Fort Lewis,Colorado School of Mines,21,55,True,False,True,Rocky Mountain,Rocky Mountain,ii,ii,
12,regular,2025-11-15 19:00:00+00:00,Wisconsin Stevens Point,Wisconsin La Crosse,0,52,True,False,True,Wisconsin,Wisconsin,iii,iii,
12,regular,2025-11-15 19:00:00+00:00,Emporia State,Fort Hays,7,13,True,False,True,Mid America,Mid America,ii,ii,
12,regular,2025-11-15 19:00:00+00:00,Marietta,Bluffton,37,14,True,False,False,Ohio,Heartland,iii,iii,
12,regular,2025-11-15 19:00:00+00:00,South Dakota Mines,Adams State,45,21,True,False,True,Rocky Mountain,Rocky Mountain,ii,ii,
12,regular,2025-11-15 19:00:00+00:00,UVA Wise,Emory & Henry,13,70,True,False,True,South Atlantic,South Atlantic,ii,ii,
12,regular,2025-11-15 19:00:00+00:00,West Alabama,Northeastern State,20,33,True,False,False,Gulf South,Independent DII,ii,ii,
12,regular,2025-11-15 19:00:00+00:00,Missouri Southern State,Washburn,24,29,True,False,True,Mid America,Mid America,ii,ii,
12,regular,2025-11-15 19:00:00+00:00,Millsaps,Sewanee,34,20,True,False,True,Southern Athletic,Southern Athletic,iii,iii,
12,regular,2025-11-15 19:00:00+00:00,Nebraska Wesleyan,Simpson (IA),22,23,True,False,True,American Rivers,American Rivers,iii,iii,
12,regular,2025-11-15 19:00:00+00:00,Hardin Simmons,East Texas Baptist,63,14,True,False,True,American Southwest,American Southwest,iii,iii,
12,regular,2025-11-15 19:00:00+00:00,UT Martin,Charleston Southern,17,14,True,False,True,OVC-Big South,OVC-Big South,fcs,fcs,
12,regular,2025-11-15 19:00:00+00:00,West Georgia,Utah Tech,23,0,True,False,True,UAC,UAC,fcs,fcs,
12,regular,2025-11-15 19:00:00+00:00,Western Illinois,Southeast Missouri State,17,22,True,False,True,OVC-Big South,OVC-Big South,fcs,fcs,
12,regular,2025-11-15 19:00:00+00:00,The Citadel,Wofford,14,16,True,False,True,Southern,Southern,fcs,fcs,
12,regular,2025-11-15 19:00:00+00:00,Wisconsin Oshkosh,Wisconsin Whitewater,7,24,True,False,True,Wisconsin,Wisconsin,iii,iii,
12,regular,2025-11-15 19:00:00+00:00,Wisconsin Stout,Wisconsin River Falls,19,29,True,False,True,Wisconsin,Wisconsin,iii,iii,
12,regular,2025-11-15 19:00:00+00:00,Wisconsin Eau Claire,Wisconsin Platteville,28,55,True,False,True,Wisconsin,Wisconsin,iii,iii,
12,regular,2025-11-15 19:00:00+00:00,Martin Luther,Minnesota Morris,36,14,True,False,True,Upper Midwest,Upper Midwest,iii,iii,
12,regular,2025-11-15 19:00:00+00:00,Central College,Coe,7,13,True,False,True,American Rivers,American Rivers,iii,iii,
12,regular,2025-11-15 19:00:00+00:00,Austin Peay,Samford,30,16,True,False,False,UAC,Southern,fcs,fcs,
12,regular,2025-11-15 19:00:00+00:00,Benedictine (IL),Wisconsin Lutheran,10,14,True,False,True,NACC,NACC,iii,iii,
12,regular,2025-11-15 19:00:00+00:00,Campbell,Elon,24,31,True,False,True,Coastal Athletic,Coastal Athletic,fcs,fcs,
12,regular,2025-11-15 19:00:00+00:00,Wartburg,Buena Vista,63,20,True,False,True,American Rivers,American Rivers,iii,iii,
12,regular,2025-11-15 19:00:00+00:00,Ouachita Baptist,Henderson State,14,41,True,False,True,Great American,Great American,ii,ii,
12,regular,2025-11-15 19:00:00+00:00,UAB,North Texas,24,53,True,False,True,American Athletic,American Athletic,fbs,fbs,
12,regular,2025-11-15 19:00:00+00:00,Richmond,Lafayette,28,35,True,False,False,Patriot,Patriot,fcs,fcs,
12,regular,2025-11-15 19:00:00+00:00,Georgia State,Marshall,18,30,True,False,True,Sun Belt,Sun Belt,fbs,fbs,
12,regular,2025-11-15 19:00:00+00:00,Rhodes,Centre,3,28,True,False,True,Southern Athletic,Southern Athletic,iii,iii,
12,regular,2025-11-15 19:00:00+00:00,Alma,Adrian,35,34,True,False,True,Michigan,Michigan,iii,iii,
12,regular,2025-11-15 19:00:00+00:00,William Jewell,Lincoln (MO),49,13,True,False,True,Great Lakes,Great Lakes,ii,ii,
12,regular,2025-11-15 19:30:00+00:00,Tennessee State,Gardner-Webb,14,30,True,False,True,OVC-Big South,OVC-Big South,fcs,fcs,
12,regular,2025-11-15 19:30:00+00:00,Pittsburg State,Northwest Missouri State,27,14,True,True,True,Mid America,Mid America,ii,ii,
12,regular,2025-11-15 20:00:00+00:00,Delta State,Kentucky State,,,True,False,False,Gulf South,SIAC,ii,ii,
12,regular,2025-11-15 20:00:00+00:00,Alcorn State,Grambling,27,16,True,False,True,SWAC,SWAC,fcs,fcs,
12,regular,2025-11-15 20:00:00+00:00,Prairie View A&M,Arkansas-Pine Bluff,56,9,True,False,True,SWAC,SWAC,fcs,fcs,
12,regular,2025-11-15 20:00:00+00:00,Lindenwood,Eastern Illinois,42,12,True,False,True,OVC-Big South,OVC-Big South,fcs,fcs,
12,regular,2025-11-15 20:00:00+00:00,South Dakota State,Illinois State,21,35,True,False,True,MVFC,MVFC,fcs,fcs,
12,regular,2025-11-15 20:00:00+00:00,Southern Nazarene,Oklahoma Baptist,49,19,True,False,True,Great American,Great American,ii,ii,
12,regular,2025-11-15 20:00:00+00:00,Black Hills State,New Mexico Highlands,55,28,True,False,True,Rocky Mountain,Rocky Mountain,ii,ii,
12,regular,2025-11-15 20:00:00+00:00,Arkansas Tech,Harding,13,47,True,False,True,Great American,Great American,ii,ii,
12,regular,2025-11-15 20:00:00+00:00,CSU Pueblo,Chadron State,30,27,True,False,True,Rocky Mountain,Rocky Mountain,ii,ii,
12,regular,2025-11-15 20:00:00+00:00,Wingate,Mars Hill,37,22,True,False,True,South Atlantic,South Atlantic,ii,ii,
12,regular,2025-11-15 20:00:00+00:00,Southern Arkansas,Arkansas Monticello,49,10,True,False,True,Great American,Great American,ii,ii,
12,regular,2025-11-15 20:00:00+00:00,Virginia Union,Johnson C. Smith,21,45,True,True,True,CIAA,CIAA,ii,ii,
12,regular,2025-11-15 20:00:00+00:00,Southern,Texas Southern,30,35,True,False,True,SWAC,SWAC,fcs,fcs,
12,regular,2025-11-15 20:00:00+00:00,Eastern Kentucky,Abilene Christian,10,17,True,False,True,UAC,UAC,fcs,fcs,
12,regular,2025-11-15 20:00:00+00:00,Whitworth,Puget Sound,59,31,True,False,True,Northwest,Northwest,iii,iii,
12,regular,2025-11-15 20:00:00+00:00,West Florida,Valdosta State,44,47,True,False,True,Gulf South,Gulf South,ii,ii,
12,regular,2025-11-15 20:00:00+00:00,Alabama A&M,Florida A&M,23,26,True,False,True,SWAC,SWAC,fcs,fcs,
12,regular,2025-11-15 20:00:00+00:00,Missouri Western,Central Oklahoma,10,54,True,False,True,Mid America,Mid America,ii,ii,
12,regular,2025-11-15 20:00:00+00:00,Western Colorado,Colorado Mesa,42,28,True,False,True,Rocky Mountain,Rocky Mountain,ii,ii,
12,regular,2025-11-15 20:00:00+00:00,Incarnate Word,SE Louisiana,7,10,True,False,True,Southland,Southland,fcs,fcs,
12,regular,2025-11-15 20:00:00+00:00,New Mexico,Colorado State,20,17,True,False,True,Mountain West,Mountain West,fbs,fbs,
12,regular,2025-11-15 20:00:00+00:00,Eastern New Mexico,Texas A&M-Kingsville,28,45,True,False,True,Lone Star,Lone Star,ii,ii,
12,regular,2025-11-15 20:00:00+00:00,Missouri State,UTEP,38,24,True,False,True,Conference USA,Conference USA,fbs,fbs,
12,regular,2025-11-15 20:00:00+00:00,Mercer,Chattanooga,63,17,True,False,True,Southern,Southern,fcs,fcs,
12,regular,2025-11-15 20:30:00+00:00,Illinois,Maryland,24,6,True,False,True,Big Ten,Big Ten,fbs,fbs,
12,regular,2025-11-15 20:30:00+00:00,USC,Iowa,26,21,True,False,True,Big Ten,Big Ten,fbs,fbs,
12,regular,2025-11-15 20:30:00+00:00,Western Kentucky,Middle Tennessee,42,26,True,False,True,Conference USA,Conference USA,fbs,fbs,
12,regular,2025-11-15 20:30:00+00:00,Southern Miss,Texas State,14,41,True,False,True,Sun Belt,Sun Belt,fbs,fbs,
12,regular,2025-11-15 20:30:00+00:00,Nevada,San José State,55,10,True,False,True,Mountain West,Mountain West,fbs,fbs,
12,regular,2025-11-15 20:30:00+00:00,Alabama,Oklahoma,21,23,True,False,True,SEC,SEC,fbs,fbs,
12,regular,2025-11-15 20:30:00+00:00,Texas Tech,UCF,48,9,True,False,True,Big 12,Big 12,fbs,fbs,
12,regular,2025-11-15 20:30:00+00:00,UL Monroe,South Alabama,14,26,True,False,True,Sun Belt,Sun Belt,fbs,fbs,
12,regular,2025-11-15 20:30:00+00:00,Duke,Virginia,17,34,True,False,True,ACC,ACC,fbs,fbs,
12,regular,2025-11-15 20:30:00+00:00,North Dakota State,Northern Iowa,48,16,True,False,True,MVFC,MVFC,fcs,fcs,
12,regular,2025-11-15 20:30:00+00:00,James Madison,App State,58,10,True,False,True,Sun Belt,Sun Belt,fbs,fbs,
12,regular,2025-11-15 20:30:00+00:00,Miami,NC State,41,7,True,False,True,ACC,ACC,fbs,fbs,
12,regular,2025-11-15 20:30:00+00:00,Boston College,Georgia Tech,34,36,True,False,True,ACC,ACC,fbs,fbs,
12,regular,2025-11-15 20:30:00+00:00,Michigan State,Penn State,10,28,True,False,True,Big Ten,Big Ten,fbs,fbs,
12,regular,2025-11-15 21:00:00+00:00,Nicholls,Northwestern State,26,21,True,False,True,Southland,Southland,fcs,fcs,
12,regular,2025-11-15 21:00:00+00:00,San Diego,Butler,29,7,True,False,True,Pioneer,Pioneer,fcs,fcs,
12,regular,2025-11-15 21:00:00+00:00,Chapman,Cal Lutheran,27,17,True,False,True,So. Cal.,So. Cal.,iii,iii,
12,regular,2025-11-15 21:00:00+00:00,Redlands,Pomona Pitzer,0,12,True,False,True,So. Cal.,So. Cal.,iii,iii,
12,regular,2025-11-15 21:00:00+00:00,Pacific (OR),Lewis & Clark,21,28,True,False,True,Northwest,Northwest,iii,iii,
12,regular,2025-11-15 21:00:00+00:00,McKendree,Truman State,13,45,True,False,True,Great Lakes,Great Lakes,ii,ii,
12,regular,2025-11-15 21:00:00+00:00,Hendrix,Lyon,55,28,True,True,False,Southern Athletic,Southern Collegiate Athletic,iii,iii,
12,regular,2025-11-15 21:00:00+00:00,Allen,Erskine,42,24,True,False,False,SIAC,Carolinas,ii,ii,
12,regular,2025-11-15 21:00:00+00:00,Pacific Lutheran,George Fox,55,21,True,False,True,Northwest,Northwest,iii,iii,
12,regular,2025-11-15 21:00:00+00:00,Linfield,Willamette,65,19,True,False,True,Northwest,Northwest,iii,iii,
12,regular,2025-11-15 21:00:00+00:00,Northwestern (OK),Southwestern Oklahoma State,3,45,True,False,True,Great American,Great American,ii,ii,
12,regular,2025-11-15 21:00:00+00:00,Claremont Mudd Scripps,La Verne,5,0,True,False,True,So. Cal.,So. Cal.,iii,iii,
12,regular,2025-11-15 21:00:00+00:00,Northern Arizona,Cal Poly,35,27,True,False,True,Big Sky,Big Sky,fcs,fcs,
12,regular,2025-11-15 21:00:00+00:00,Eastern Washington,Northern Colorado,27,7,True,False,True,Big Sky,Big Sky,fcs,fcs,
12,regular,2025-11-15 21:00:00+00:00,Tulane,Florida Atlantic,35,24,True,False,True,American Athletic,American Athletic,fbs,fbs,
12,regular,2025-11-15 21:00:00+00:00,East Carolina,Memphis,31,27,True,False,True,American Athletic,American Athletic,fbs,fbs,
12,regular,2025-11-15 21:05:00+00:00,Western Oregon,Central Washington,17,19,True,False,True,Lone Star,Lone Star,ii,ii,
12,regular,2025-11-15 21:15:00+00:00,Tennessee,New Mexico State,42,9,True,False,False,SEC,Conference USA,fbs,fbs,
12,regular,2025-11-15 21:30:00+00:00,Wake Forest,North Carolina,28,12,True,False,True,ACC,ACC,fbs,fbs,
12,regular,2025-11-15 22:00:00+00:00,Mississippi Valley State,Alabama State,3,41,True,False,True,SWAC,SWAC,fcs,fcs,
12,regular,2025-11-15 22:00:00+00:00,West Texas,Angelo State,45,44,True,False,True,Lone Star,Lone Star,ii,ii,
12,regular,2025-11-15 22:00:00+00:00,Portland State,Montana,17,63,True,False,True,Big Sky,Big Sky,fcs,fcs,
12,regular,2025-11-15 22:00:00+00:00,Stephen F. Austin,Lamar,26,15,True,False,True,Southland,Southland,fcs,fcs,
12,regular,2025-11-15 22:00:00+00:00,Florida International,Liberty,34,27,True,False,True,Conference USA,Conference USA,fbs,fbs,
12,regular,2025-11-15 22:00:00+00:00,East Texas A&M,Houston Christian,37,32,True,False,True,Southland,Southland,fcs,fcs,
12,regular,2025-11-15 23:00:00+00:00,Georgia Southern,Coastal Carolina,45,40,True,False,True,Sun Belt,Sun Belt,fbs,fbs,
12,regular,2025-11-15 23:00:00+00:00,Idaho State,Weber State,31,3,True,False,True,Big Sky,Big Sky,fcs,fcs,
12,regular,2025-11-15 23:00:00+00:00,Barton,Chowan,6,20,True,False,True,Carolinas,Carolinas,ii,ii,
12,regular,2025-11-16 00:00:00+00:00,Sam Houston,Delaware,26,23,True,True,True,Conference USA,Conference USA,fbs,fbs,
12,regular,2025-11-16 00:00:00+00:00,McNeese,UT Rio Grande Valley,13,28,True,False,False,Southland,Southland,fcs,fcs,
12,regular,2025-11-16 00:00:00+00:00,Baylor,Utah,28,55,True,False,True,Big 12,Big 12,fbs,fbs,
12,regular,2025-11-16 00:00:00+00:00,Washington,Purdue,49,13,True,False,True,Big Ten,Big Ten,fbs,fbs,
12,regular,2025-11-16 00:00:00+00:00,UNLV,Utah State,29,26,True,False,True,Mountain West,Mountain West,fbs,fbs,
12,regular,2025-11-16 00:00:00+00:00,Tarleton State,North Alabama,61,0,True,False,True,UAC,UAC,fcs,fcs,
12,regular,2025-11-16 00:00:00+00:00,Ole Miss,Florida,34,24,True,False,True,SEC,SEC,fbs,fbs,
12,regular,2025-11-16 00:30:00+00:00,Ohio State,UCLA,48,10,True,False,True,Big Ten,Big Ten,fbs,fbs,
12,regular,2025-11-16 00:30:00+00:00,Florida State,Virginia Tech,34,14,True,False,True,ACC,ACC,fbs,fbs,
12,regular,2025-11-16 00:30:00+00:00,Georgia,Texas,35,10,True,False,True,SEC,SEC,fbs,fbs,
12,regular,2025-11-16 00:45:00+00:00,Missouri,Mississippi State,49,27,True,False,True,SEC,SEC,fbs,fbs,
12,regular,2025-11-16 01:00:00+00:00,Jacksonville State,Kennesaw State,35,26,True,False,True,Conference USA,Conference USA,fbs,fbs,
12,regular,2025-11-16 01:00:00+00:00,UT Permian Basin,Sul Ross State,74,10,True,False,True,Lone Star,Lone Star,ii,ii,
12,regular,2025-11-16 01:30:00+00:00,Southern Utah,Central Arkansas,28,21,True,False,True,UAC,UAC,fcs,fcs,
12,regular,2025-11-16 02:00:00+00:00,Texas Lutheran,McMurry,19,27,True,True,True,Southern Collegiate Athletic,Southern Collegiate Athletic,iii,iii,
12,regular,2025-11-16 02:00:00+00:00,Sacramento State,Idaho,23,20,True,False,True,Big Sky,Big Sky,fcs,fcs,
12,regular,2025-11-16 03:00:00+00:00,Washington State,Louisiana Tech,28,3,True,False,False,Pac-12,Conference USA,fbs,fbs,
12,regular,2025-11-16 03:15:00+00:00,BYU,TCU,44,13,True,False,True,Big 12,Big 12,fbs,fbs,
12,regular,2025-11-16 03:30:00+00:00,Montana State,UC Davis,38,17,True,False,True,Big Sky,Big Sky,fcs,fcs,
12,regular,2025-11-16 03:30:00+00:00,Fresno State,Wyoming,24,3,True,False,True,Mountain West,Mountain West,fbs,fbs,
12,regular,2025-11-16 03:30:00+00:00,San Diego State,Boise State,17,7,True,False,True,Mountain West,Mountain West,fbs,fbs,
13,regular,2025-11-19 00:00:00+00:00,Northern Illinois,Western Michigan,19,35,True,False,True,Mid-American,Mid-American,fbs,fbs,
13,regular,2025-11-19 00:00:00+00:00,Ohio,Massachusetts,42,14,True,False,True,Mid-American,Mid-American,fbs,fbs,
13,regular,2025-11-19 00:00:00+00:00,Bowling Green,Akron,16,19,True,False,True,Mid-American,Mid-American,fbs,fbs,
13,regular,2025-11-20 00:00:00+00:00,Buffalo,Miami (OH),20,37,True,False,True,Mid-American,Mid-American,fbs,fbs,
13,regular,2025-11-20 00:00:00+00:00,Kent State,Central Michigan,16,28,True,False,True,Mid-American,Mid-American,fbs,fbs,
13,regular,2025-11-21 00:00:00+00:00,SE Louisiana,Nicholls,38,26,True,False,True,Southland,Southland,fcs,fcs,
13,regular,2025-11-21 00:30:00+00:00,Arkansas State,Louisiana,30,34,True,False,True,Sun Belt,Sun Belt,fbs,fbs,
13,regular,2025-11-21 00:30:00+00:00,Northwestern State,Stephen F. Austin,14,62,True,False,True,Southland,Southland,fcs,fcs,
13,regular,2025-11-21 22:00:00+00:00,Curry,Merchant Marine,24,27,True,False,False,Commonwealth Coast,NEWMAC,iii,iii,
13,regular,2025-11-22 01:00:00+00:00,NC State,Florida State,21,11,True,False,True,ACC,ACC,fbs,fbs,
13,regular,2025-11-22 03:30:00+00:00,UNLV,Hawai'i,38,10,True,False,True,Mountain West,Mountain West,fbs,fbs,
13,regular,2025-11-22 17:00:00+00:00,Delaware Valley,Dickinson,14,13,True,False,False,Mid Atlantic,Centennial,iii,iii,
13,regular,2025-11-22 17:00:00+00:00,Brockport,Geneva,46,10,True,False,False,Empire 8,Presidents',iii,iii,
13,regular,2025-11-22 17:00:00+00:00,Monmouth,UAlbany,24,31,True,False,True,Coastal Athletic,Coastal Athletic,fcs,fcs,
13,regular,2025-11-22 17:00:00+00:00,VMI,Western Carolina,6,48,True,False,True,Southern,Southern,fcs,fcs,
13,regular,2025-11-22 17:00:00+00:00,Yale,Harvard,45,28,True,False,True,Ivy,Ivy,fcs,fcs,
13,regular,2025-11-22 17:00:00+00:00,Merrimack,Fordham,27,26,True,False,False,FCS Independents,Patriot,fcs,fcs,
13,regular,2025-11-22 17:00:00+00:00,Central Connecticut,Mercyhurst,35,28,True,False,True,NEC,NEC,fcs,fcs,
13,regular,2025-11-22 17:00:00+00:00,Long Island University,Wagner,24,17,True,False,True,NEC,NEC,fcs,fcs,
13,regular,2025-11-22 17:00:00+00:00,Illinois College,Aurora,14,49,True,True,False,Midwest,NACC,iii,iii,
13,regular,2025-11-22 17:00:00+00:00,Ohio State,Rutgers,42,9,True,False,True,Big Ten,Big Ten,fbs,fbs,
13,regular,2025-11-22 17:00:00+00:00,Northwestern,Minnesota,38,35,True,True,True,Big Ten,Big Ten,fbs,fbs,
13,regular,2025-11-22 17:00:00+00:00,Lycoming,Washington and Lee,12,14,True,True,False,Landmark Conference,Old Dominion,iii,iii,
13,regular,2025-11-22 17:00:00+00:00,Stony Brook,Bryant,35,28,True,False,True,Coastal Athletic,Coastal Athletic,fcs,fcs,
13,regular,2025-11-22 17:00:00+00:00,Morgan State,North Carolina Central,14,33,True,False,True,MEAC,MEAC,fcs,fcs,
13,regular,2025-11-22 17:00:00+00:00,Brown,Dartmouth,35,28,True,False,True,Ivy,Ivy,fcs,fcs,
13,regular,2025-11-22 17:00:00+00:00,SMU,Louisville,38,6,True,False,True,ACC,ACC,fbs,fbs,
13,regular,2025-11-22 17:00:00+00:00,Virginia Tech,Miami,17,34,True,False,True,ACC,ACC,fbs,fbs,
13,regular,2025-11-22 17:00:00+00:00,Oklahoma,Missouri,17,6,True,False,True,SEC,SEC,fbs,fbs,
13,regular,2025-11-22 17:00:00+00:00,Army,Tulsa,25,26,True,False,True,American Athletic,American Athletic,fbs,fbs,
13,regular,2025-11-22 17:00:00+00:00,Texas A&M,Samford,48,0,True,False,False,SEC,Southern,fbs,fcs,
13,regular,2025-11-22 17:00:00+00:00,Iowa State,Kansas,38,14,True,False,True,Big 12,Big 12,fbs,fbs,
13,regular,2025-11-22 17:00:00+00:00,Wake Forest,Delaware,52,14,True,False,False,ACC,Conference USA,fbs,fbs,
13,regular,2025-11-22 17:00:00+00:00,St. John Fisher,Rensselaer,24,35,True,False,False,Empire 8,Liberty League,iii,iii,
13,regular,2025-11-22 17:00:00+00:00,Carnegie Mellon,Misericordia,24,17,True,False,False,Presidents',Mid Atlantic,iii,iii,
13,regular,2025-11-22 17:30:00+00:00,Lafayette,Lehigh,32,42,True,False,True,Patriot,Patriot,fcs,fcs,
13,regular,2025-11-22 17:45:00+00:00,Georgia,Charlotte,35,3,True,False,False,SEC,American Athletic,fbs,fbs,
13,regular,2025-11-22 18:00:00+00:00,Arizona,Baylor,41,17,True,False,True,Big 12,Big 12,fbs,fbs,
13,regular,2025-11-22 18:00:00+00:00,Georgia Southern,Old Dominion,10,45,True,False,True,Sun Belt,Sun Belt,fbs,fbs,
13,regular,2025-11-22 18:00:00+00:00,James Madison,Washington State,24,20,True,False,False,Sun Belt,Pac-12,fbs,fbs,
13,regular,2025-11-22 18:00:00+00:00,Pennsylvania,Princeton,17,6,True,False,True,Ivy,Ivy,fcs,fcs,
13,regular,2025-11-22 18:00:00+00:00,Utica,Rowan,20,26,True,False,False,Empire 8,New Jersey,iii,iii,
13,regular,2025-11-22 18:00:00+00:00,Wabash,Ohio Northern,32,31,True,True,False,North Coast,Ohio,iii,iii,
13,regular,2025-11-22 18:00:00+00:00,Cornell,Columbia,12,29,True,False,True,Ivy,Ivy,fcs,fcs,
13,regular,2025-11-22 18:00:00+00:00,Colgate,Bucknell,38,19,True,False,True,Patriot,Patriot,fcs,fcs,
13,regular,2025-11-22 18:00:00+00:00,Stetson,San Diego,8,42,True,False,True,Pioneer,Pioneer,fcs,fcs,
13,regular,2025-11-22 18:00:00+00:00,Presbyterian,Marist,29,25,True,False,True,Pioneer,Pioneer,fcs,fcs,
13,regular,2025-11-22 18:00:00+00:00,Davidson,Dayton,14,42,True,False,True,Pioneer,Pioneer,fcs,fcs,
13,regular,2025-11-22 18:00:00+00:00,Butler,Valparaiso,27,20,True,False,True,Pioneer,Pioneer,fcs,fcs,
13,regular,2025-11-22 18:00:00+00:00,Indiana State,Murray State,17,31,True,False,True,MVFC,MVFC,fcs,fcs,
13,regular,2025-11-22 18:00:00+00:00,Alabama State,Arkansas-Pine Bluff,44,13,True,False,True,SWAC,SWAC,fcs,fcs,
13,regular,2025-11-22 18:00:00+00:00,William & Mary,Richmond,21,28,True,False,True,Coastal Athletic,Patriot,fcs,fcs,
13,regular,2025-11-22 18:00:00+00:00,Tennessee Tech,UT Martin,20,17,True,False,True,OVC-Big South,OVC-Big South,fcs,fcs,
13,regular,2025-11-22 18:00:00+00:00,Drake,Morehead State,17,10,True,False,True,Pioneer,Pioneer,fcs,fcs,
13,regular,2025-11-22 18:00:00+00:00,East Tennessee State,The Citadel,28,26,True,False,True,Southern,Southern,fcs,fcs,
13,regular,2025-11-22 18:00:00+00:00,Illinois State,Southern Illinois,7,37,True,False,True,MVFC,MVFC,fcs,fcs,
13,regular,2025-11-22 18:00:00+00:00,Delaware State,South Carolina State,17,28,True,False,True,MEAC,MEAC,fcs,fcs,
13,regular,2025-11-22 18:00:00+00:00,Villanova,Sacred Heart,34,10,True,False,False,Coastal Athletic,FCS Independents,fcs,fcs,
13,regular,2025-11-22 18:00:00+00:00,New Hampshire,Maine,33,27,True,False,True,Coastal Athletic,Coastal Athletic,fcs,fcs,
13,regular,2025-11-22 18:00:00+00:00,Towson,Campbell,35,31,True,False,True,Coastal Athletic,Coastal Athletic,fcs,fcs,
13,regular,2025-11-22 18:00:00+00:00,Ursinus,Lebanon Valley,31,13,True,False,False,Centennial,Mid Atlantic,iii,iii,
13,regular,2025-11-22 18:00:00+00:00,SUNY Maritime,Hobart,14,42,True,False,False,NEWMAC,Liberty League,iii,iii,
13,regular,2025-11-22 18:00:00+00:00,Stonehill,Saint Francis,20,10,True,False,True,NEC,NEC,fcs,fcs,
13,regular,2025-11-22 18:00:00+00:00,Rhode Island,Hampton,38,10,True,False,True,Coastal Athletic,Coastal Athletic,fcs,fcs,
13,regular,2025-11-22 18:30:00+00:00,Gardner-Webb,Western Illinois,24,29,True,False,True,OVC-Big South,OVC-Big South,fcs,fcs,
13,regular,2025-11-22 18:30:00+00:00,Wofford,Chattanooga,35,13,True,False,True,Southern,Southern,fcs,fcs,
13,regular,2025-11-22 19:00:00+00:00,Auburn,Mercer,62,17,True,False,False,SEC,Southern,fbs,fcs,
13,regular,2025-11-22 19:00:00+00:00,Montana,Montana State,28,31,True,False,True,Big Sky,Big Sky,fcs,fcs,
13,regular,2025-11-22 19:00:00+00:00,Charleston Southern,Tennessee State,7,6,True,False,True,OVC-Big South,OVC-Big South,fcs,fcs,
13,regular,2025-11-22 19:00:00+00:00,Northern Iowa,Youngstown State,32,35,True,False,True,MVFC,MVFC,fcs,fcs,
13,regular,2025-11-22 19:00:00+00:00,Northern Colorado,Portland State,24,13,True,False,True,Big Sky,Big Sky,fcs,fcs,
13,regular,2025-11-22 19:00:00+00:00,Toledo,Ball State,38,9,True,False,True,Mid-American,Mid-American,fbs,fbs,
13,regular,2025-11-22 19:00:00+00:00,Kennesaw State,Missouri State,41,34,True,False,True,Conference USA,Conference USA,fbs,fbs,
13,regular,2025-11-22 19:00:00+00:00,Alabama,Eastern Illinois,56,0,True,False,False,SEC,OVC-Big South,fbs,fcs,
13,regular,2025-11-22 19:00:00+00:00,North Alabama,Southern Utah,34,36,True,False,True,UAC,UAC,fcs,fcs,
13,regular,2025-11-22 19:00:00+00:00,Elon,North Carolina A&T,55,17,True,False,True,Coastal Athletic,Coastal Athletic,fcs,fcs,
13,regular,2025-11-22 19:00:00+00:00,Southeast Missouri State,Lindenwood,13,30,True,False,True,OVC-Big South,OVC-Big South,fcs,fcs,
13,regular,2025-11-22 19:00:00+00:00,Wyoming,Nevada,7,13,True,False,True,Mountain West,Mountain West,fbs,fbs,
13,regular,2025-11-22 19:00:00+00:00,Robert Morris,Duquesne,17,20,True,False,True,NEC,NEC,fcs,fcs,
13,regular,2025-11-22 19:00:00+00:00,North Dakota,South Dakota State,31,34,True,False,True,MVFC,MVFC,fcs,fcs,
13,regular,2025-11-22 19:30:00+00:00,App State,Marshall,26,24,True,False,True,Sun Belt,Sun Belt,fbs,fbs,
13,regular,2025-11-22 20:00:00+00:00,Wisconsin Stout,Washington St. Louis,31,23,True,True,False,Wisconsin,CCIW,iii,iii,
13,regular,2025-11-22 20:00:00+00:00,Florida Atlantic,UConn,45,48,True,False,False,American Athletic,FBS Independents,fbs,fbs,
13,regular,2025-11-22 20:00:00+00:00,Prairie View A&M,Mississippi Valley State,59,6,True,False,True,SWAC,SWAC,fcs,fcs,
13,regular,2025-11-22 20:00:00+00:00,Louisiana Tech,Liberty,34,28,True,False,True,Conference USA,Conference USA,fbs,fbs,
13,regular,2025-11-22 20:00:00+00:00,UAB,South Florida,18,48,True,False,True,American Athletic,American Athletic,fbs,fbs,
13,regular,2025-11-22 20:00:00+00:00,UTEP,New Mexico State,31,34,True,False,True,Conference USA,Conference USA,fbs,fbs,
13,regular,2025-11-22 20:00:00+00:00,Middle Tennessee,Sam Houston,31,17,True,False,True,Conference USA,Conference USA,fbs,fbs,
13,regular,2025-11-22 20:00:00+00:00,Texas Southern,Alabama A&M,24,7,True,False,True,SWAC,SWAC,fcs,fcs,
13,regular,2025-11-22 20:00:00+00:00,Weber State,Northern Arizona,48,28,True,False,True,Big Sky,Big Sky,fcs,fcs,
13,regular,2025-11-22 20:00:00+00:00,Houston Christian,Incarnate Word,10,31,True,False,True,Southland,Southland,fcs,fcs,
13,regular,2025-11-22 20:30:00+00:00,Iowa,Michigan State,20,17,True,False,True,Big Ten,Big Ten,fbs,fbs,
13,regular,2025-11-22 20:30:00+00:00,Vanderbilt,Kentucky,45,17,True,False,True,SEC,SEC,fbs,fbs,
13,regular,2025-11-22 20:30:00+00:00,Oregon,USC,42,27,True,False,True,Big Ten,Big Ten,fbs,fbs,
13,regular,2025-11-22 20:30:00+00:00,Texas,Arkansas,52,37,True,False,True,SEC,SEC,fbs,fbs,
13,regular,2025-11-22 20:30:00+00:00,Alcorn State,Jackson State,21,27,True,False,True,SWAC,SWAC,fcs,fcs,
13,regular,2025-11-22 20:30:00+00:00,Howard,Norfolk State,44,15,True,True,True,MEAC,MEAC,fcs,fcs,
13,regular,2025-11-22 20:30:00+00:00,Florida A&M,Bethune-Cookman,34,38,True,True,True,SWAC,SWAC,fcs,fcs,Florida Classic
13,regular,2025-11-22 20:30:00+00:00,South Alabama,Southern Miss,42,35,True,False,True,Sun Belt,Sun Belt,fbs,fbs,
13,regular,2025-11-22 20:30:00+00:00,Florida International,Jacksonville State,27,21,True,False,True,Conference USA,Conference USA,fbs,fbs,
13,regular,2025-11-22 20:30:00+00:00,Notre Dame,Syracuse,70,7,True,False,False,FBS Independents,ACC,fbs,fbs,
13,regular,2025-11-22 20:30:00+00:00,North Carolina,Duke,25,32,True,False,True,ACC,ACC,fbs,fbs,
13,regular,2025-11-22 20:30:00+00:00,North Dakota State,St. Thomas (MN),62,7,True,False,False,MVFC,Pioneer,fcs,fcs,
13,regular,2025-11-22 20:30:00+00:00,UTSA,East Carolina,58,24,True,False,True,American Athletic,American Athletic,fbs,fbs,
13,regular,2025-11-22 20:45:00+00:00,Temple,Tulane,13,37,True,False,True,American Athletic,American Athletic,fbs,fbs,
13,regular,2025-11-22 21:00:00+00:00,Houston,TCU,14,17,True,False,True,Big 12,Big 12,fbs,fbs,
13,regular,2025-11-22 21:00:00+00:00,Shenandoah,Wilkes,35,37,True,True,False,Old Dominion,Landmark Conference,iii,iii,
13,regular,2025-11-22 21:00:00+00:00,Maryland,Michigan,20,45,True,False,True,Big Ten,Big Ten,fbs,fbs,
13,regular,2025-11-22 21:00:00+00:00,UCF,Oklahoma State,17,14,True,False,True,Big 12,Big 12,fbs,fbs,
13,regular,2025-11-22 21:00:00+00:00,Utah,Kansas State,51,47,True,False,True,Big 12,Big 12,fbs,fbs,
13,regular,2025-11-22 21:00:00+00:00,UC Davis,Sacramento State,31,27,True,False,True,Big Sky,Big Sky,fcs,fcs,
13,regular,2025-11-22 21:00:00+00:00,Holy Cross,Georgetown,42,7,True,True,True,Patriot,Patriot,fcs,fcs,
13,regular,2025-11-22 21:00:00+00:00,Utah Tech,Eastern Kentucky,10,33,True,False,True,UAC,UAC,fcs,fcs,
13,regular,2025-11-22 21:00:00+00:00,Lamar,McNeese,19,21,True,False,True,Southland,Southland,fcs,fcs,
13,regular,2025-11-22 21:00:00+00:00,Idaho,Idaho State,16,37,True,False,True,Big Sky,Big Sky,fcs,fcs,
13,regular,2025-11-22 21:00:00+00:00,Troy,Georgia State,31,19,True,False,True,Sun Belt,Sun Belt,fbs,fbs,
13,regular,2025-11-22 21:15:00+00:00,South Carolina,Coastal Carolina,51,7,True,False,False,SEC,Sun Belt,fbs,fbs,
13,regular,2025-11-22 21:30:00+00:00,Clemson,Furman,45,10,True,False,False,ACC,Southern,fbs,fcs,
13,regular,2025-11-22 22:00:00+00:00,Texas State,UL Monroe,31,14,True,False,True,Sun Belt,Sun Belt,fbs,fbs,
13,regular,2025-11-22 22:00:00+00:00,Tarleton State,Austin Peay,45,44,True,False,True,UAC,UAC,fcs,fcs,
13,regular,2025-11-22 22:00:00+00:00,Cal Poly,Eastern Washington,43,34,True,False,True,Big Sky,Big Sky,fcs,fcs,
13,regular,2025-11-22 22:00:00+00:00,Central Arkansas,Abilene Christian,28,49,True,False,True,UAC,UAC,fcs,fcs,
13,regular,2025-11-22 23:00:00+00:00,UT Rio Grande Valley,East Texas A&M,33,14,True,False,False,Southland,Southland,fcs,fcs,
13,regular,2025-11-22 23:00:00+00:00,Westminster (PA),Mount St Joseph,40,21,True,True,False,Presidents',Heartland,iii,iii,
13,regular,2025-11-23 00:00:00+00:00,Georgia Tech,Pittsburgh,28,42,True,False,True,ACC,ACC,fbs,fbs,
13,regular,2025-11-23 00:00:00+00:00,Penn State,Nebraska,37,10,True,False,True,Big Ten,Big Ten,fbs,fbs,
13,regular,2025-11-23 00:00:00+00:00,Air Force,New Mexico,3,20,True,False,True,Mountain West,Mountain West,fbs,fbs,
13,regular,2025-11-23 00:00:00+00:00,Boise State,Colorado State,49,21,True,False,True,Mountain West,Mountain West,fbs,fbs,
13,regular,2025-11-23 00:30:00+00:00,Stanford,California,31,10,True,False,True,ACC,ACC,fbs,fbs,
13,regular,2025-11-23 00:30:00+00:00,Rice,North Texas,24,56,True,False,True,American Athletic,American Athletic,fbs,fbs,
13,regular,2025-11-23 00:30:00+00:00,Wisconsin,Illinois,27,10,True,False,True,Big Ten,Big Ten,fbs,fbs,
13,regular,2025-11-23 00:30:00+00:00,Florida,Tennessee,11,31,True,False,True,SEC,SEC,fbs,fbs,
13,regular,2025-11-23 00:45:00+00:00,LSU,Western Kentucky,13,10,True,False,False,SEC,Conference USA,fbs,fbs,
13,regular,2025-11-23 01:00:00+00:00,Cincinnati,BYU,14,26,True,False,True,Big 12,Big 12,fbs,fbs,
13,regular,2025-11-23 01:00:00+00:00,Colorado,Arizona State,17,42,True,False,True,Big 12,Big 12,fbs,fbs,
13,regular,2025-11-23 03:30:00+00:00,Fresno State,Utah State,17,28,True,False,True,Mountain West,Mountain West,fbs,fbs,
13,regular,2025-11-23 03:30:00+00:00,UCLA,Washington,14,48,True,False,True,Big Ten,Big Ten,fbs,fbs,
13,regular,2025-11-23 03:30:00+00:00,San Diego State,San José State,25,3,True,False,True,Mountain West,Mountain West,fbs,fbs,
14,regular,2025-11-25 21:30:00+00:00,Massachusetts,Bowling Green,14,45,True,False,True,Mid-American,Mid-American,fbs,fbs,
14,regular,2025-11-26 00:30:00+00:00,Eastern Michigan,Western Michigan,21,31,True,False,True,Mid-American,Mid-American,fbs,fbs,
14,regular,2025-11-27 20:00:00+00:00,Alabama State,Tuskegee,58,21,True,False,False,SWAC,SIAC,fcs,ii,
14,regular,2025-11-28 00:30:00+00:00,Memphis,Navy,17,28,True,False,True,American Athletic,American Athletic,fbs,fbs,
14,regular,2025-11-28 17:00:00+00:00,Mississippi State,Ole Miss,19,38,True,False,True,SEC,SEC,fbs,fbs,
14,regular,2025-11-28 17:00:00+00:00,Nebraska,Iowa,16,40,True,False,True,Big Ten,Big Ten,fbs,fbs,
14,regular,2025-11-28 17:00:00+00:00,Buffalo,Ohio,26,31,True,False,True,Mid-American,Mid-American,fbs,fbs,
14,regular,2025-11-28 17:00:00+00:00,Northern Illinois,Kent State,31,35,True,False,True,Mid-American,Mid-American,fbs,fbs,
14,regular,2025-11-28 17:00:00+00:00,Kansas,Utah,21,31,True,False,True,Big 12,Big 12,fbs,fbs,
14,regular,2025-11-28 20:00:00+00:00,Colorado State,Air Force,21,42,True,False,True,Mountain West,Mountain West,fbs,fbs,
14,regular,2025-11-28 20:30:00+00:00,New Mexico,San Diego State,23,17,True,False,True,Mountain West,Mountain West,fbs,fbs,
14,regular,2025-11-28 20:30:00+00:00,North Texas,Temple,52,25,True,False,True,American Athletic,American Athletic,fbs,fbs,
14,regular,2025-11-28 20:30:00+00:00,Georgia Tech,Georgia,9,16,True,True,False,ACC,SEC,fbs,fbs,
14,regular,2025-11-28 21:00:00+00:00,Utah State,Boise State,24,25,True,False,True,Mountain West,Mountain West,fbs,fbs,
14,regular,2025-11-29 00:30:00+00:00,Texas,Texas A&M,27,17,True,False,True,SEC,SEC,fbs,fbs,
14,regular,2025-11-29 00:30:00+00:00,Purdue,Indiana,3,56,True,False,True,Big Ten,Big Ten,fbs,fbs,
14,regular,2025-11-29 02:00:00+00:00,Arizona State,Arizona,7,23,True,False,True,Big 12,Big 12,fbs,fbs,
14,regular,2025-11-29 17:00:00+00:00,Kansas State,Colorado,24,14,True,False,True,Big 12,Big 12,fbs,fbs,
14,regular,2025-11-29 17:00:00+00:00,Berry,LaGrange,18,14,True,False,False,Southern Athletic,USA South,iii,iii,Division III Championship - Second Round
14,regular,2025-11-29 17:00:00+00:00,Christopher Newport,Susquehanna,28,42,True,False,False,New Jersey,Landmark Conference,iii,iii,Division III Championship - Second Round
14,regular,2025-11-29 17:00:00+00:00,Oklahoma State,Iowa State,13,20,True,False,True,Big 12,Big 12,fbs,fbs,
14,regular,2025-11-29 17:00:00+00:00,Johns Hopkins,Springfield,34,14,True,False,False,Centennial,NEWMAC,iii,iii,Division III Championship - Second Round
14,regular,2025-11-29 17:00:00+00:00,California (PA),Frostburg State,21,23,True,False,False,Pennsylvania State Athletic,Mountain East,ii,ii,Division II Championship - Second Round
14,regular,2025-11-29 17:00:00+00:00,Baylor,Houston,24,31,True,False,True,Big 12,Big 12,fbs,fbs,
14,regular,2025-11-29 17:00:00+00:00,Miami (OH),Ball State,45,24,True,False,True,Mid-American,Mid-American,fbs,fbs,
14,regular,2025-11-29 17:00:00+00:00,Rhode Island,Central Connecticut,27,19,True,False,False,Coastal Athletic,NEC,fcs,fcs,FCS Championship - First Round
14,regular,2025-11-29 17:00:00+00:00,Florida Atlantic,East Carolina,3,42,True,False,True,American Athletic,American Athletic,fbs,fbs,
14,regular,2025-11-29 17:00:00+00:00,West Virginia,Texas Tech,0,49,True,False,True,Big 12,Big 12,fbs,fbs,
14,regular,2025-11-29 17:00:00+00:00,Michigan,Ohio State,9,27,True,False,True,Big Ten,Big Ten,fbs,fbs,
14,regular,2025-11-29 17:00:00+00:00,South Carolina,Clemson,14,28,True,False,False,SEC,ACC,fbs,fbs,
14,regular,2025-11-29 17:00:00+00:00,Pittsburgh,Miami,7,38,True,False,True,ACC,ACC,fbs,fbs,
14,regular,2025-11-29 17:00:00+00:00,Mount Union,Muhlenberg,49,7,True,False,False,Ohio,Centennial,iii,iii,Division III Championship - Second Round
14,regular,2025-11-29 17:00:00+00:00,Kutztown,Assumption,56,19,True,False,False,Pennsylvania State Athletic,Northeast 10,ii,ii,Division II Championship - Second Round
14,regular,2025-11-29 17:00:00+00:00,Central Michigan,Toledo,3,21,True,False,True,Mid-American,Mid-American,fbs,fbs,
14,regular,2025-11-29 17:00:00+00:00,Villanova,Harvard,52,7,True,False,False,Coastal Athletic,Ivy,fcs,fcs,FCS Championship - First Round
14,regular,2025-11-29 17:00:00+00:00,Youngstown State,Yale,42,43,True,False,False,MVFC,Ivy,fcs,fcs,FCS Championship - First Round
14,regular,2025-11-29 17:00:00+00:00,Louisville,Kentucky,41,0,True,False,False,ACC,SEC,fbs,fbs,
14,regular,2025-11-29 18:00:00+00:00,Delaware,UTEP,61,31,True,False,True,Conference USA,Conference USA,fbs,fbs,
14,regular,2025-11-29 18:00:00+00:00,BYU,UCF,41,21,True,False,True,Big 12,Big 12,fbs,fbs,
14,regular,2025-11-29 18:00:00+00:00,SE Louisiana,Illinois State,3,21,True,False,False,Southland,MVFC,fcs,fcs,FCS Championship - First Round
14,regular,2025-11-29 18:00:00+00:00,Abilene Christian,Lamar,38,20,True,False,False,UAC,Southland,fcs,fcs,FCS Championship - First Round
14,regular,2025-11-29 18:00:00+00:00,South Dakota,Drake,38,17,True,False,False,MVFC,Pioneer,fcs,fcs,FCS Championship - First Round
14,regular,2025-11-29 18:00:00+00:00,South Dakota State,New Hampshire,41,3,True,False,False,MVFC,Coastal Athletic,fcs,fcs,FCS Championship - First Round
14,regular,2025-11-29 18:00:00+00:00,Tennessee Tech,North Dakota,6,31,True,False,False,OVC-Big South,MVFC,fcs,fcs,FCS Championship - First Round
14,regular,2025-11-29 18:00:00+00:00,Sam Houston,Florida International,16,56,True,True,True,Conference USA,Conference USA,fbs,fbs,
14,regular,2025-11-29 18:00:00+00:00,Albany State,Benedict,14,12,True,False,True,SIAC,SIAC,ii,ii,Division II Championship - Second Round
14,regular,2025-11-29 18:00:00+00:00,Ferris State,Ashland,56,24,True,False,False,GLIAC,Great Midwest Athletic,ii,ii,Division II Championship - Second Round
14,regular,2025-11-29 18:00:00+00:00,Wisconsin River Falls,Chapman,58,7,True,False,False,Wisconsin,So. Cal.,iii,iii,Division III Championship - Second Round
14,regular,2025-11-29 18:00:00+00:00,Bethel (MN),Coe,51,26,True,False,False,Minnesota,American Rivers,iii,iii,Division III Championship - Second Round
14,regular,2025-11-29 18:00:00+00:00,North Central College,Hanover,38,6,True,False,False,CCIW,Heartland,iii,iii,Division III Championship - Second Round
14,regular,2025-11-29 18:00:00+00:00,Wartburg,Wheaton (IL),24,28,True,False,False,American Rivers,CCIW,iii,iii,Division III Championship - Second Round
14,regular,2025-11-29 18:30:00+00:00,Marshall,Georgia Southern,19,24,True,False,True,Sun Belt,Sun Belt,fbs,fbs,
14,regular,2025-11-29 19:00:00+00:00,Old Dominion,Georgia State,27,10,True,False,True,Sun Belt,Sun Belt,fbs,fbs,
14,regular,2025-11-29 19:00:00+00:00,Missouri State,Louisiana Tech,30,42,True,False,True,Conference USA,Conference USA,fbs,fbs,
14,regular,2025-11-29 19:00:00+00:00,Harding,Pittsburg State,37,21,True,False,False,Great American,Mid America,ii,ii,Division II Championship - Second Round
14,regular,2025-11-29 19:00:00+00:00,Jacksonville State,Western Kentucky,37,34,True,False,True,Conference USA,Conference USA,fbs,fbs,
14,regular,2025-11-29 19:00:00+00:00,West Florida,Newberry,17,24,True,False,False,Gulf South,South Atlantic,ii,ii,Division II Championship - Second Round
14,regular,2025-11-29 19:00:00+00:00,Indianapolis,Minnesota State,27,35,True,False,False,Great Lakes,Northern Sun,ii,ii,Division II Championship - Second Round
14,regular,2025-11-29 19:00:00+00:00,Southern,Grambling,28,27,True,True,True,SWAC,SWAC,fcs,fcs,
14,regular,2025-11-29 19:30:00+00:00,App State,Arkansas State,29,30,True,False,True,Sun Belt,Sun Belt,fbs,fbs,
14,regular,2025-11-29 20:00:00+00:00,Mississippi Valley State,Florida A&M,35,31,True,False,True,SWAC,SWAC,fcs,fcs,
14,regular,2025-11-29 20:00:00+00:00,UT Permian Basin,Western Colorado,21,15,True,False,False,Lone Star,Rocky Mountain,ii,ii,Division II Championship - Second Round
14,regular,2025-11-29 20:00:00+00:00,Tulsa,UAB,24,31,True,False,True,American Athletic,American Athletic,fbs,fbs,
14,regular,2025-11-29 20:00:00+00:00,Syracuse,Boston College,12,34,True,False,True,ACC,ACC,fbs,fbs,
14,regular,2025-11-29 20:00:00+00:00,Texas State,South Alabama,49,26,True,False,True,Sun Belt,Sun Belt,fbs,fbs,
14,regular,2025-11-29 20:00:00+00:00,Louisiana,UL Monroe,30,27,True,False,True,Sun Belt,Sun Belt,fbs,fbs,
14,regular,2025-11-29 20:00:00+00:00,New Mexico State,Middle Tennessee,24,31,True,False,True,Conference USA,Conference USA,fbs,fbs,
14,regular,2025-11-29 20:30:00+00:00,Duke,Wake Forest,49,32,True,False,True,ACC,ACC,fbs,fbs,
14,regular,2025-11-29 20:30:00+00:00,Arkansas,Missouri,17,31,True,False,True,SEC,SEC,fbs,fbs,
14,regular,2025-11-29 20:30:00+00:00,TCU,Cincinnati,45,23,True,False,True,Big 12,Big 12,fbs,fbs,
14,regular,2025-11-29 20:30:00+00:00,Southern Miss,Troy,18,28,True,False,True,Sun Belt,Sun Belt,fbs,fbs,
14,regular,2025-11-29 20:30:00+00:00,Liberty,Kennesaw State,42,48,True,False,True,Conference USA,Conference USA,fbs,fbs,
14,regular,2025-11-29 20:30:00+00:00,Oklahoma,LSU,17,13,True,False,True,SEC,SEC,fbs,fbs,
14,regular,2025-11-29 20:30:00+00:00,Minnesota,Wisconsin,17,7,True,False,True,Big Ten,Big Ten,fbs,fbs,
14,regular,2025-11-29 20:30:00+00:00,Tennessee,Vanderbilt,24,45,True,False,True,SEC,SEC,fbs,fbs,
14,regular,2025-11-29 20:30:00+00:00,UTSA,Army,24,27,True,False,True,American Athletic,American Athletic,fbs,fbs,
14,regular,2025-11-29 20:30:00+00:00,Washington,Oregon,14,26,True,False,True,Big Ten,Big Ten,fbs,fbs,
14,regular,2025-11-29 20:30:00+00:00,Rutgers,Penn State,36,40,True,False,True,Big Ten,Big Ten,fbs,fbs,
14,regular,2025-11-29 20:45:00+00:00,Coastal Carolina,James Madison,10,59,True,False,True,Sun Belt,Sun Belt,fbs,fbs,
14,regular,2025-11-29 21:30:00+00:00,Florida,Florida State,40,21,True,False,False,SEC,ACC,fbs,fbs,
14,regular,2025-11-29 23:30:00+00:00,Washington State,Oregon State,32,8,True,False,True,Pac-12,Pac-12,fbs,fbs,
14,regular,2025-11-30 00:00:00+00:00,South Florida,Rice,52,3,True,False,True,American Athletic,American Athletic,fbs,fbs,
14,regular,2025-11-30 00:00:00+00:00,Michigan State,Maryland,38,28,True,True,True,Big Ten,Big Ten,fbs,fbs,
14,regular,2025-11-30 00:00:00+00:00,Virginia,Virginia Tech,27,7,True,False,True,ACC,ACC,fbs,fbs,
14,regular,2025-11-30 00:30:00+00:00,Auburn,Alabama,20,27,True,False,True,SEC,SEC,fbs,fbs,
14,regular,2025-11-30 00:30:00+00:00,NC State,North Carolina,42,19,True,False,True,ACC,ACC,fbs,fbs,
14,regular,2025-11-30 00:30:00+00:00,Illinois,Northwestern,20,13,True,False,True,Big Ten,Big Ten,fbs,fbs,
14,regular,2025-11-30 00:30:00+00:00,USC,UCLA,29,10,True,False,True,Big Ten,Big Ten,fbs,fbs,
14,regular,2025-11-30 00:30:00+00:00,Tulane,Charlotte,27,0,True,False,True,American Athletic,American Athletic,fbs,fbs,
14,regular,2025-11-30 01:00:00+00:00,California,SMU,38,35,True,False,True,ACC,ACC,fbs,fbs,
14,regular,2025-11-30 02:00:00+00:00,Nevada,UNLV,17,42,True,False,True,Mountain West,Mountain West,fbs,fbs,
14,regular,2025-11-30 03:30:00+00:00,Stanford,Notre Dame,20,49,True,False,False,ACC,FBS Independents,fbs,fbs,
14,regular,2025-11-30 03:30:00+00:00,San José State,Fresno State,14,41,True,False,True,Mountain West,Mountain West,fbs,fbs,
14,regular,2025-11-30 04:00:00+00:00,Hawai'i,Wyoming,27,7,True,False,True,Mountain West,Mountain West,fbs,fbs,
15,regular,2025-12-06 00:00:00+00:00,James Madison,Troy,31,14,True,False,False,Sun Belt,Sun Belt,fbs,fbs,Sun Belt Championship
15,regular,2025-12-06 00:00:00+00:00,Jacksonville State,Kennesaw State,15,19,True,False,False,Conference USA,Conference USA,fbs,fbs,Conference USA Championship
15,regular,2025-12-06 01:00:00+00:00,Tulane,North Texas,34,21,True,False,False,American Athletic,American Athletic,fbs,fbs,American Championship
15,regular,2025-12-06 01:00:00+00:00,Boise State,UNLV,38,21,True,False,False,Mountain West,Mountain West,fbs,fbs,Mountain West Championship
15,regular,2025-12-06 17:00:00+00:00,Lehigh,Villanova,7,14,True,False,False,Patriot,Coastal Athletic,fcs,fcs,FCS Championship - Second Round
15,regular,2025-12-06 17:00:00+00:00,DePauw,Wheaton (IL),24,49,True,False,False,North Coast,CCIW,iii,iii,Division III Championship - Third Round
15,regular,2025-12-06 17:00:00+00:00,Western Michigan,Miami (OH),23,13,True,True,False,Mid-American,Mid-American,fbs,fbs,MAC Championship
15,regular,2025-12-06 17:00:00+00:00,Texas Tech,BYU,34,7,True,True,False,Big 12,Big 12,fbs,fbs,Big 12 Championship
15,regular,2025-12-06 17:00:00+00:00,Trinity (TX),Berry,23,31,True,False,False,Southern Athletic,Southern Athletic,iii,iii,Division III Championship - Third Round
15,regular,2025-12-06 17:00:00+00:00,Johns Hopkins,Salisbury,45,13,True,False,False,Centennial,New Jersey,iii,iii,Division III Championship - Third Round
15,regular,2025-12-06 17:00:00+00:00,Mount Union,John Carroll,7,10,True,False,False,Ohio,Ohio,iii,iii,Division III Championship - Third Round
15,regular,2025-12-06 17:00:00+00:00,Kutztown,Frostburg State,51,29,True,False,False,Pennsylvania State Athletic,Mountain East,ii,ii,Division II Championship - Quarterfinal
15,regular,2025-12-06 17:00:00+00:00,Susquehanna,Eastern,29,0,True,False,False,Landmark Conference,Mid Atlantic,iii,iii,Division III Championship - Third Round
15,regular,2025-12-06 17:00:00+00:00,Mercer,South Dakota,0,47,True,False,False,Southern,MVFC,fcs,fcs,FCS Championship - Second Round
15,regular,2025-12-06 18:00:00+00:00,Wisconsin River Falls,Saint John's (MN),42,14,True,False,False,Wisconsin,Minnesota,iii,iii,Division III Championship - Third Round
15,regular,2025-12-06 18:00:00+00:00,Bethel (MN),Wisconsin Platteville,35,24,True,False,False,Minnesota,Wisconsin,iii,iii,Division III Championship - Third Round
15,regular,2025-12-06 18:00:00+00:00,North Dakota State,Illinois State,28,29,True,False,False,MVFC,MVFC,fcs,fcs,FCS Championship - Second Round
15,regular,2025-12-06 18:00:00+00:00,Albany State,Newberry,24,31,True,False,False,SIAC,South Atlantic,ii,ii,Division II Championship - Quarterfinal
15,regular,2025-12-06 18:00:00+00:00,Ferris State,Minnesota State,52,29,True,False,False,GLIAC,Northern Sun,ii,ii,Division II Championship - Quarterfinal
15,regular,2025-12-06 18:00:00+00:00,Tarleton State,North Dakota,31,13,True,False,False,UAC,MVFC,fcs,fcs,FCS Championship - Second Round
15,regular,2025-12-06 18:00:00+00:00,North Central College,Wisconsin La Crosse,35,27,True,False,False,CCIW,Wisconsin,iii,iii,Division III Championship - Third Round
15,regular,2025-12-06 18:00:00+00:00,Arkansas Tech,West Texas,27,28,True,True,False,Great American,Lone Star,ii,ii,
15,regular,2025-12-06 19:00:00+00:00,Hillsdale,Upper Iowa,28,37,True,True,False,Great Midwest Athletic,Great Lakes,ii,ii,
15,regular,2025-12-06 19:00:00+00:00,Jackson State,Prairie View A&M,21,23,True,False,False,SWAC,SWAC,fcs,fcs,SWAC Championship
15,regular,2025-12-06 19:00:00+00:00,Montana,South Dakota State,50,29,True,False,False,Big Sky,MVFC,fcs,fcs,FCS Championship - Second Round
15,regular,2025-12-06 19:00:00+00:00,Stephen F. Austin,Abilene Christian,41,34,True,False,False,Southland,UAC,fcs,fcs,FCS Championship - Second Round
15,regular,2025-12-06 19:00:00+00:00,Harding,UT Permian Basin,34,28,True,False,False,Great American,Lone Star,ii,ii,Division II Championship - Quarterfinal
15,regular,2025-12-06 19:00:00+00:00,Montana State,Yale,21,13,True,False,False,Big Sky,Ivy,fcs,fcs,FCS Championship - Second Round
15,regular,2025-12-06 21:00:00+00:00,Alabama,Georgia,7,28,True,True,False,SEC,SEC,fbs,fbs,SEC Championship
15,regular,2025-12-07 01:00:00+00:00,Virginia,Duke,20,27,True,True,False,ACC,ACC,fbs,fbs,ACC Championship
15,regular,2025-12-07 01:00:00+00:00,Ohio State,Indiana,10,13,True,True,False,Big Ten,Big Ten,fbs,fbs,Big Ten Championship
15,regular,2025-12-07 03:00:00+00:00,UC Davis,Rhode Island,47,26,True,False,False,Big Sky,Coastal Athletic,fcs,fcs,FCS Championship - Second Round
16,regular,2025-12-13 02:00:00+00:00,Montana State,Stephen F. Austin,44,28,True,False,False,Big Sky,Southland,fcs,fcs,FCS Championship - Quarterfinals
16,regular,2025-12-13 17:00:00+00:00,Tarleton State,Villanova,21,26,True,False,False,UAC,Coastal Athletic,fcs,fcs,FCS Championship - Quarterfinals
16,regular,2025-12-13 18:00:00+00:00,North Central College,Bethel (MN),35,21,True,False,False,CCIW,Minnesota,iii,iii,Division III Championship - Quarterfinal
16,regular,2025-12-13 20:00:00+00:00,Wheaton (IL),Wisconsin River Falls,21,46,True,False,False,CCIW,Wisconsin,iii,iii,Division III Championship - Quarterfinal
16,regular,2025-12-13 20:00:00+00:00,Navy,Army,17,16,True,True,True,American Athletic,American Athletic,fbs,fbs,
16,regular,2025-12-13 20:30:00+00:00,Montana,South Dakota,52,22,True,False,False,Big Sky,MVFC,fcs,fcs,FCS Championship - Quarterfinals
16,regular,2025-12-13 22:00:00+00:00,UC Davis,Illinois State,31,42,True,False,False,Big Sky,MVFC,fcs,fcs,FCS Championship - Quarterfinals
1,postseason,2025-12-13 17:00:00+00:00,Prairie View A&M,South Carolina State,38,40,True,True,False,SWAC,MEAC,fcs,fcs,Cricket Celebration Bowl
1,postseason,2025-12-14 01:00:00+00:00,Washington,Boise State,38,10,True,True,False,Big Ten,Mountain West,fbs,fbs,Bucked Up LA Bowl
1,postseason,2025-12-17 02:00:00+00:00,Jacksonville State,Troy,17,13,True,True,False,Conference USA,Sun Belt,fbs,fbs,IS4S Salute to Veterans Bowl
1,postseason,2025-12-17 22:00:00+00:00,South Florida,Old Dominion,10,24,True,True,False,American Athletic,Sun Belt,fbs,fbs,StaffDNA Cure Bowl
1,postseason,2025-12-18 01:30:00+00:00,Delaware,Louisiana,20,13,True,True,False,Conference USA,Sun Belt,fbs,fbs,68 Ventures Bowl
1,postseason,2025-12-19 02:00:00+00:00,Arkansas State,Missouri State,34,28,True,True,False,Sun Belt,Conference USA,fbs,fbs,Xbox Bowl
1,postseason,2025-12-19 16:00:00+00:00,Western Michigan,Kennesaw State,41,6,True,True,False,Mid-American,Conference USA,fbs,fbs,Myrtle Beach Bowl
1,postseason,2025-12-19 19:30:00+00:00,NC State,Memphis,31,7,True,True,False,ACC,American Athletic,fbs,fbs,Union Home Mortgage Gasparilla Bowl
1,postseason,2025-12-20 01:00:00+00:00,Oklahoma,Alabama,24,34,True,False,False,SEC,SEC,fbs,fbs,College Football Playoff First Round Game
1,postseason,2025-12-20 17:00:00+00:00,Texas A&M,Miami,3,10,True,False,False,SEC,ACC,fbs,fbs,College Football Playoff First Round Game
1,postseason,2025-12-20 18:00:00+00:00,Wisconsin River Falls,Johns Hopkins,48,41,True,False,False,Wisconsin,Centennial,iii,iii,Division III Championship - Semifinal
1,postseason,2025-12-20 20:30:00+00:00,Ole Miss,Tulane,41,10,True,False,False,SEC,American Athletic,fbs,fbs,College Football Playoff First Round Game
1,postseason,2025-12-20 21:00:00+00:00,Montana State,Montana,48,23,True,False,False,Big Sky,Big Sky,fcs,fcs,FCS Championship - Semifinals
1,postseason,2025-12-20 21:00:00+00:00,Ferris State,Harding,42,21,True,True,False,GLIAC,Great American,ii,ii,Division II Championship
1,postseason,2025-12-20 21:30:00+00:00,North Central College,John Carroll,41,21,True,False,False,CCIW,Ohio,iii,iii,Division III Championship - Semifinal
1,postseason,2025-12-21 00:30:00+00:00,Villanova,Illinois State,14,30,True,False,False,Coastal Athletic,MVFC,fcs,fcs,FCS Championship - Semifinals
1,postseason,2025-12-21 00:30:00+00:00,Oregon,James Madison,51,34,True,False,False,Big Ten,Sun Belt,fbs,fbs,College Football Playoff First Round Game
1,postseason,2025-12-22 19:00:00+00:00,Utah State,Washington State,21,34,True,True,False,Mountain West,Pac-12,fbs,fbs,Famous Idaho Potato Bowl
1,postseason,2025-12-23 19:00:00+00:00,Louisville,Toledo,27,22,True,True,False,ACC,Mid-American,fbs,fbs,Bush's Boca Raton Bowl
1,postseason,2025-12-23 22:30:00+00:00,Southern Miss,Western Kentucky,16,27,True,True,False,Sun Belt,Conference USA,fbs,fbs,New Orleans Bowl
1,postseason,2025-12-24 02:00:00+00:00,Ohio,UNLV,17,10,True,True,False,Mid-American,Mountain West,fbs,fbs,Scooter's Coffee Frisco Bowl
1,postseason,2025-12-25 01:00:00+00:00,Hawai'i,California,35,31,True,False,False,Mountain West,ACC,fbs,fbs,Sheraton Hawaiʻi Bowl
1,postseason,2025-12-26 18:00:00+00:00,Northwestern,Central Michigan,34,7,True,True,False,Big Ten,Mid-American,fbs,fbs,GameAbove Sports Bowl
1,postseason,2025-12-26 21:30:00+00:00,Minnesota,New Mexico,20,17,True,True,False,Big Ten,Mountain West,fbs,fbs,Rate Bowl
1,postseason,2025-12-27 01:00:00+00:00,UTSA,Florida International,57,20,True,True,False,American Athletic,Conference USA,fbs,fbs,SERVPRO First Responder Bowl
1,postseason,2025-12-27 16:00:00+00:00,East Carolina,Pittsburgh,23,17,True,True,False,American Athletic,ACC,fbs,fbs,Go Bowling Military Bowl
1,postseason,2025-12-27 17:00:00+00:00,Clemson,Penn State,10,22,True,True,False,ACC,Big Ten,fbs,fbs,Bad Boy Mowers Pinstripe Bowl
1,postseason,2025-12-27 19:15:00+00:00,Army,UConn,41,16,True,True,False,American Athletic,FBS Independents,fbs,fbs,Wasabi Fenway Bowl
1,postseason,2025-12-27 20:30:00+00:00,BYU,Georgia Tech,25,21,True,True,False,Big 12,ACC,fbs,fbs,Pop-Tarts Bowl
1,postseason,2025-12-27 21:30:00+00:00,Fresno State,Miami (OH),18,3,True,True,False,Mountain West,Mid-American,fbs,fbs,Snoop Dogg Arizona Bowl
1,postseason,2025-12-27 22:45:00+00:00,San Diego State,North Texas,47,49,True,True,False,Mountain West,American Athletic,fbs,fbs,Isleta New Mexico Bowl
1,postseason,2025-12-28 00:30:00+00:00,Missouri,Virginia,7,13,True,True,False,SEC,ACC,fbs,fbs,TaxSlayer Gator Bowl
1,postseason,2025-12-28 02:15:00+00:00,Houston,LSU,38,35,True,True,False,Big 12,SEC,fbs,fbs,Kinder's Texas Bowl
1,postseason,2025-12-29 19:00:00+00:00,App State,Georgia Southern,10,29,True,True,False,Sun Belt,Sun Belt,fbs,fbs,JLab Birmingham Bowl
1,postseason,2025-12-30 19:00:00+00:00,Louisiana Tech,Coastal Carolina,23,14,True,True,False,Conference USA,Sun Belt,fbs,fbs,Radiance Technologies Independence Bowl
1,postseason,2025-12-30 22:30:00+00:00,Illinois,Tennessee,30,28,True,True,False,Big Ten,SEC,fbs,fbs,Liberty Mutual Music City Bowl
1,postseason,2025-12-31 02:00:00+00:00,TCU,USC,30,27,True,True,False,Big 12,Big Ten,fbs,fbs,Valero Alamo Bowl
1,postseason,2025-12-31 17:00:00+00:00,Vanderbilt,Iowa,27,34,True,True,False,SEC,Big Ten,fbs,fbs,ReliaQuest Bowl
1,postseason,2025-12-31 19:00:00+00:00,Duke,Arizona State,42,39,True,True,False,ACC,Big 12,fbs,fbs,Tony the Tiger Sun Bowl
1,postseason,2025-12-31 20:00:00+00:00,Texas,Michigan,41,27,True,True,False,SEC,Big Ten,fbs,fbs,Cheez-It Citrus Bowl
1,postseason,2025-12-31 20:30:00+00:00,Utah,Nebraska,44,22,True,True,False,Big 12,Big Ten,fbs,fbs,SRS Distribution Las Vegas Bowl
1,postseason,2026-01-01 00:30:00+00:00,Ohio State,Miami,14,24,True,True,False,Big Ten,ACC,fbs,fbs,College Football Playoff Quarterfinal at the Goodyear Cotton Bowl Classic
1,postseason,2026-01-01 17:00:00+00:00,Texas Tech,Oregon,0,23,True,True,False,Big 12,Big Ten,fbs,fbs,College Football Playoff Quarterfinal at the Capital One Orange Bowl
1,postseason,2026-01-01 21:00:00+00:00,Indiana,Alabama,38,3,True,True,False,Big Ten,SEC,fbs,fbs,College Football Playoff Quarterfinal at the Rose Bowl Presented by Prudential
1,postseason,2026-01-02 01:00:00+00:00,Georgia,Ole Miss,34,39,True,True,False,SEC,SEC,fbs,fbs,College Football Playoff Quarterfinal at the Allstate Sugar Bowl
1,postseason,2026-01-02 18:00:00+00:00,Texas State,Rice,41,10,True,True,False,Sun Belt,American Athletic,fbs,fbs,Lockheed Martin Armed Forces Bowl
1,postseason,2026-01-02 21:30:00+00:00,Cincinnati,Navy,13,35,True,True,False,Big 12,American Athletic,fbs,fbs,AutoZone Liberty Bowl
1,postseason,2026-01-03 01:00:00+00:00,SMU,Arizona,24,19,True,True,False,ACC,Big 12,fbs,fbs,Trust & Will Holiday Bowl
1,postseason,2026-01-03 01:00:00+00:00,Mississippi State,Wake Forest,29,43,True,True,False,SEC,ACC,fbs,fbs,Duke's Mayo Bowl
1,postseason,2026-01-05 01:00:00+00:00,North Central College,Wisconsin River Falls,14,24,True,True,False,CCIW,Wisconsin,iii,iii,Division III Championship
1,postseason,2026-01-06 00:30:00+00:00,Montana State,Illinois State,35,34,True,True,False,Big Sky,MVFC,fcs,fcs,FCS Championship
1,postseason,2026-01-09 00:30:00+00:00,Ole Miss,Miami,27,31,True,True,False,SEC,ACC,fbs,fbs,College Football Playoff Semifinal at the Vrbo Fiesta Bowl
1,postseason,2026-01-10 00:30:00+00:00,Indiana,Oregon,56,22,True,True,False,Big Ten,Big Ten,fbs,fbs,College Football Playoff Semifinal at the Chick-fil-A Peach Bowl
1,postseason,2026-01-20 00:30:00+00:00,Indiana,Miami,27,21,True,True,False,Big Ten,ACC,fbs,fbs,College Football Playoff National Championship Presented by AT&T
13,postseason,2025-11-22 17:00:00+00:00,Kutztown,Bentley,52,0,True,False,False,Pennsylvania State Athletic,Northeast 10,ii,ii,Division II Championship - First Round
13,postseason,2025-11-22 17:00:00+00:00,Muhlenberg,Union,34,26,True,False,False,Centennial,Liberty League,iii,iii,Division III Championship - First Round
13,postseason,2025-11-22 17:00:00+00:00,Framingham State,LaGrange,21,24,True,False,False,MSCAC,USA South,iii,iii,Division III Championship - First Round
13,postseason,2025-11-22 17:00:00+00:00,Springfield,SUNY Cortland,21,7,True,False,False,NEWMAC,Empire 8,iii,iii,Division III Championship - First Round
13,postseason,2025-11-22 17:00:00+00:00,Hanover,Grove City,23,15,True,False,False,Heartland,Presidents',iii,iii,Division III Championship - First Round
13,postseason,2025-11-22 17:00:00+00:00,Susquehanna,Washington & Jefferson,38,32,True,False,False,Landmark Conference,Presidents',iii,iii,Division III Championship - First Round
13,postseason,2025-11-22 18:00:00+00:00,Ferris State,Northwood,65,14,True,False,False,GLIAC,Great Midwest Athletic,ii,ii,Division II Championship - First Round
13,postseason,2025-11-22 18:00:00+00:00,Findlay,Minnesota State,14,37,True,False,False,Great Midwest Athletic,Northern Sun,ii,ii,Division II Championship - First Round
13,postseason,2025-11-22 18:00:00+00:00,Newberry,Kentucky State,45,24,True,False,False,South Atlantic,SIAC,ii,ii,Division II Championship - First Round
13,postseason,2025-11-22 18:00:00+00:00,IU Pennsylvania,Assumption,20,23,True,False,False,Pennsylvania State Athletic,Northeast 10,ii,ii,Division II Championship - First Round
13,postseason,2025-11-22 18:00:00+00:00,Johnson C. Smith,Frostburg State,7,21,True,False,False,CIAA,Mountain East,ii,ii,Division II Championship - First Round
13,postseason,2025-11-22 18:00:00+00:00,Albany State,Valdosta State,35,30,True,False,False,SIAC,Gulf South,ii,ii,Division II Championship - First Round
13,postseason,2025-11-22 18:00:00+00:00,Wheaton (IL),Crown,76,14,True,False,False,CCIW,Upper Midwest,iii,iii,Division III Championship - First Round
13,postseason,2025-11-22 18:00:00+00:00,Concordia (WI),Coe,7,44,True,False,False,NACC,American Rivers,iii,iii,Division III Championship - First Round
13,postseason,2025-11-22 18:00:00+00:00,Ashland,Minnesota Duluth,32,7,True,False,False,Great Midwest Athletic,Northern Sun,ii,ii,Division II Championship - First Round
13,postseason,2025-11-22 18:00:00+00:00,Virginia Union,California (PA),24,27,True,False,False,CIAA,Pennsylvania State Athletic,ii,ii,Division II Championship - First Round
13,postseason,2025-11-22 19:00:00+00:00,West Florida,North Greenville,43,19,True,False,False,Gulf South,Carolinas,ii,ii,Division II Championship - First Round
13,postseason,2025-11-22 19:00:00+00:00,Harding,Northwest Missouri State,38,16,True,False,False,Great American,Mid America,ii,ii,Division II Championship - First Round
13,postseason,2025-11-22 19:00:00+00:00,Indianapolis,Truman State,57,14,True,False,False,Great Lakes,Great Lakes,ii,ii,Division II Championship - First Round
13,postseason,2025-11-22 19:00:00+00:00,Wingate,Benedict,24,25,True,False,False,South Atlantic,SIAC,ii,ii,Division II Championship - First Round
13,postseason,2025-11-22 19:00:00+00:00,Pittsburg State,Chadron State,21,17,True,False,False,Mid America,Rocky Mountain,ii,ii,Division II Championship - First Round
13,postseason,2025-11-22 20:00:00+00:00,Whitworth,Chapman,16,18,True,False,False,Northwest,So. Cal.,iii,iii,Division III Championship - First Round
13,postseason,2025-11-22 20:00:00+00:00,CSU Pueblo,UT Permian Basin,24,37,True,False,False,Rocky Mountain,Lone Star,ii,ii,Division II Championship - First Round
13,postseason,2025-11-22 21:00:00+00:00,Central Washington,Western Colorado,20,27,True,False,False,Lone Star,Rocky Mountain,ii,ii,Division II Championship - First Round
14,postseason,2025-11-29 17:00:00+00:00,John Carroll,Randolph Macon,35,6,True,False,False,Ohio,Old Dominion,iii,iii,Division III Championship - Second Round
14,postseason,2025-11-29 17:00:00+00:00,Hope,Wisconsin La Crosse,7,9,True,False,False,Michigan,Wisconsin,iii,iii,Division III Championship - Second Round
14,postseason,2025-11-29 17:00:00+00:00,Franklin & Marshall,Eastern,24,28,True,False,False,Centennial,Mid Atlantic,iii,iii,Division III Championship - Second Round
14,postseason,2025-11-29 17:00:00+00:00,Salisbury,Endicott,35,28,True,False,False,New Jersey,Commonwealth Coast,iii,iii,Division III Championship - Second Round
14,postseason,2025-11-29 18:00:00+00:00,Trinity (TX),Hardin Simmons,34,24,True,False,False,Southern Athletic,American Southwest,iii,iii,Division III Championship - Second Round
14,postseason,2025-11-29 18:00:00+00:00,Wisconsin Platteville,Alma,24,7,True,False,False,Wisconsin,Michigan,iii,iii,Division III Championship - Second Round
14,postseason,2025-11-29 18:00:00+00:00,Wisconsin Whitewater,DePauw,23,26,True,False,False,Wisconsin,North Coast,iii,iii,Division III Championship - Second Round
14,postseason,2025-11-29 18:00:00+00:00,Saint John's (MN),Monmouth (IL),49,15,True,False,False,Minnesota,Midwest,iii,iii,Division III Championship - Second Round
