week,season_type,start_date,home_team,away_team,home_points,away_points,completed,neutral_site,conference_game,home_conference,away_conference,home_classification,away_classification,notes
1,regular,2021-08-28 17:20:00+00:00,Illinois,Nebraska,30,22,True,False,True,Big Ten,Big Ten,fbs,fbs,
1,regular,2021-08-28 18:00:00+00:00,Fresno State,UConn,45,0,True,False,False,Mountain West,FBS Independents,fbs,fbs,
1,regular,2021-08-28 19:00:00+00:00,Central State,Kentucky State,6,20,True,True,True,SIAC,SIAC,ii,ii,
1,regular,2021-08-28 19:30:00+00:00,UCLA,Hawai'i,44,10,True,False,False,Pac-12,Mountain West,fbs,fbs,
1,regular,2021-08-28 22:00:00+00:00,Indiana State,Eastern Illinois,26,21,True,False,False,MVFC,OVC,fcs,fcs,
1,regular,2021-08-28 23:00:00+00:00,North Carolina Central,Alcorn State,23,14,True,True,False,MEAC,SWAC,fcs,fcs,Cricket MEAC/SWAC Challenge
1,regular,2021-08-29 01:30:00+00:00,New Mexico State,UTEP,3,30,True,False,False,FBS Independents,Conference USA,fbs,fbs,
1,regular,2021-08-29 02:00:00+00:00,San José State,Southern Utah,45,14,True,False,False,Mountain West,Big Sky,fbs,fcs,
1,regular,2021-09-01 23:30:00+00:00,Jacksonville State,UAB,0,31,True,True,False,AWC,Conference USA,fcs,fbs,Montgomery Kickoff
1,regular,2021-09-02 22:00:00+00:00,Stony Brook,New Hampshire,21,27,True,False,True,CAA,CAA,fcs,fcs,
1,regular,2021-09-02 22:00:00+00:00,Wingate,Shaw,30,7,True,False,False,South Atlantic,CIAA,ii,ii,
1,regular,2021-09-02 22:00:00+00:00,Wayne State (MI),Slippery Rock,21,24,True,False,False,GLIAC,Pennsylvania State Athletic,ii,ii,
1,regular,2021-09-02 23:00:00+00:00,Mars Hill,Chowan,24,30,True,False,False,South Atlantic,CIAA,ii,ii,
1,regular,2021-09-02 23:00:00+00:00,Millersville,American International,9,14,True,False,False,Pennsylvania State Athletic,Northeast 10,ii,ii,
1,regular,2021-09-02 23:00:00+00:00,Lindenwood,Angelo State,20,40,True,False,False,Great Lakes Valley,Lone Star,ii,ii,
1,regular,2021-09-02 23:00:00+00:00,Kentucky Wesleyan,Frostburg State,13,20,True,False,False,Great Midwest Athletic,Mountain East,ii,ii,
1,regular,2021-09-02 23:00:00+00:00,Northwestern (OK),Southern Arkansas,13,32,True,False,True,Great American,Great American,ii,ii,
1,regular,2021-09-02 23:00:00+00:00,Mississippi College,Albany State,0,24,True,False,False,Gulf South,SIAC,ii,ii,
1,regular,2021-09-02 23:00:00+00:00,Minnesota State,Northern State,40,34,True,False,True,Northern Sun,Northern Sun,ii,ii,
1,regular,2021-09-02 23:00:00+00:00,Drake,West Virginia Wesleyan,45,3,True,False,False,Pioneer,Mountain East,fcs,ii,
1,regular,2021-09-02 23:00:00+00:00,Arkansas Monticello,Southern Nazarene,30,23,True,False,True,Great American,Great American,ii,ii,
1,regular,2021-09-02 23:00:00+00:00,Arkansas Tech,Southeastern Oklahoma State,20,38,True,False,True,Great American,Great American,ii,ii,
1,regular,2021-09-02 23:00:00+00:00,Delta State,Bethel University Tennessee,48,14,True,False,False,Gulf South,,ii,,
1,regular,2021-09-02 23:00:00+00:00,Maine,Delaware,24,34,True,False,True,CAA,CAA,fcs,fcs,
1,regular,2021-09-02 23:00:00+00:00,Ouachita Baptist,Oklahoma Baptist,38,31,True,False,True,Great American,Great American,ii,ii,
1,regular,2021-09-02 23:00:00+00:00,Mercer,Point University,69,0,True,False,False,Southern,,fcs,,
1,regular,2021-09-02 23:00:00+00:00,Youngstown State,Incarnate Word,44,41,True,False,False,MVFC,Southland,fcs,fcs,
1,regular,2021-09-02 23:00:00+00:00,Southwestern Oklahoma State,Henderson State,13,31,True,False,True,Great American,Great American,ii,ii,
1,regular,2021-09-02 23:00:00+00:00,Carson Newman,West Georgia,7,45,True,False,False,South Atlantic,Gulf South,ii,ii,
1,regular,2021-09-02 23:00:00+00:00,Sioux Falls,Bemidji State,16,24,True,False,True,Northern Sun,Northern Sun,ii,ii,
1,regular,2021-09-02 23:00:00+00:00,Lincoln (MO),Washburn,12,76,True,False,True,Mid America,Mid America,ii,ii,
1,regular,2021-09-02 23:00:00+00:00,Upper Iowa,Minnesota Duluth,14,41,True,False,True,Northern Sun,Northern Sun,ii,ii,
1,regular,2021-09-02 23:00:00+00:00,Northwood,Gannon,21,28,True,False,False,GLIAC,Pennsylvania State Athletic,ii,ii,
1,regular,2021-09-02 23:00:00+00:00,Ball State,Western Illinois,31,21,True,False,False,Mid-American,MVFC,fbs,fcs,
1,regular,2021-09-02 23:00:00+00:00,Seton Hill,Wheeling,16,14,True,False,False,Pennsylvania State Athletic,Mountain East,ii,ii,
1,regular,2021-09-02 23:00:00+00:00,Ohio Dominican,Shepherd,30,35,True,False,False,Great Midwest Athletic,Pennsylvania State Athletic,ii,ii,
1,regular,2021-09-02 23:00:00+00:00,Samford,Tennessee Tech,52,14,True,False,False,Southern,OVC,fcs,fcs,
1,regular,2021-09-02 23:00:00+00:00,Fairmont State,California (PA),14,23,True,False,False,Mountain East,Pennsylvania State Athletic,ii,ii,
1,regular,2021-09-02 23:00:00+00:00,West Liberty,Walsh,6,27,True,False,False,Mountain East,Great Midwest Athletic,ii,ii,
1,regular,2021-09-02 23:00:00+00:00,Wayne State (NE),University of Mary,34,27,True,False,True,Northern Sun,Northern Sun,ii,ii,
1,regular,2021-09-02 23:00:00+00:00,UCF,Boise State,36,31,True,False,False,American Athletic,Mountain West,fbs,fbs,
1,regular,2021-09-02 23:00:00+00:00,Coastal Carolina,The Citadel,52,14,True,False,False,Sun Belt,Southern,fbs,fcs,
1,regular,2021-09-02 23:00:00+00:00,Buffalo,Wagner,69,7,True,False,False,Mid-American,NEC,fbs,fcs,
1,regular,2021-09-02 23:05:00+00:00,East Stroudsburg,Pace,35,14,True,False,False,Pennsylvania State Athletic,Northeast 10,ii,ii,
1,regular,2021-09-02 23:30:00+00:00,NC State,South Florida,45,0,True,False,False,ACC,American Athletic,fbs,fbs,
1,regular,2021-09-02 23:30:00+00:00,Ferris State,Findlay,54,14,True,False,False,GLIAC,Great Midwest Athletic,ii,ii,
1,regular,2021-09-02 23:30:00+00:00,App State,East Carolina,33,19,True,False,False,Sun Belt,American Athletic,fbs,fbs,
1,regular,2021-09-02 23:30:00+00:00,Tulsa,UC Davis,17,19,True,False,False,American Athletic,Big Sky,fbs,fcs,
1,regular,2021-09-02 23:30:00+00:00,Utah,Weber State,40,17,True,False,False,Pac-12,Big Sky,fbs,fcs,
1,regular,2021-09-02 23:30:00+00:00,Southeast Missouri State,Southern Illinois,21,47,True,False,False,OVC,MVFC,fcs,fcs,
1,regular,2021-09-02 23:30:00+00:00,Chattanooga,Austin Peay,20,30,True,False,False,Southern,OVC,fcs,fcs,
1,regular,2021-09-03 00:00:00+00:00,Murray State,Mississippi Valley State,35,0,True,False,False,OVC,SWAC,fcs,fcs,
1,regular,2021-09-03 00:00:00+00:00,Kennesaw State,Reinhardt,35,25,True,False,False,Big South,,fcs,,
1,regular,2021-09-03 00:00:00+00:00,Western Kentucky,UT Martin,59,21,True,False,False,Conference USA,OVC,fbs,fcs,
1,regular,2021-09-03 00:00:00+00:00,Colorado Mesa,William Jewell,40,3,True,False,False,Rocky Mountain,Great Lakes,ii,ii,
1,regular,2021-09-03 00:00:00+00:00,Southwest Minnesota State,Minnesota St Moorhead,21,33,True,False,True,Northern Sun,Northern Sun,ii,ii,
1,regular,2021-09-03 00:00:00+00:00,CSU Pueblo,East Texas A&M,6,12,True,False,False,Rocky Mountain,Lone Star,ii,ii,
1,regular,2021-09-03 00:00:00+00:00,Fort Hays,Northwest Missouri State,7,15,True,False,True,Mid America,Mid America,ii,ii,
1,regular,2021-09-03 00:00:00+00:00,New Mexico,Houston Christian,27,17,True,False,False,Mountain West,Southland,fbs,fcs,
1,regular,2021-09-03 00:00:00+00:00,Minnesota,Ohio State,31,45,True,False,True,Big Ten,Big Ten,fbs,fbs,
1,regular,2021-09-03 00:00:00+00:00,Winona State,Concordia St. Paul,47,6,True,False,True,Northern Sun,Northern Sun,ii,ii,
1,regular,2021-09-03 00:00:00+00:00,Colorado School of Mines,Western Oregon,42,3,True,False,False,Rocky Mountain,Great Northwest,ii,ii,
1,regular,2021-09-03 00:00:00+00:00,Central Missouri,Pittsburg State,16,35,True,False,True,Mid America,Mid America,ii,ii,
1,regular,2021-09-03 00:00:00+00:00,Tennessee,Bowling Green,38,6,True,False,False,SEC,Mid-American,fbs,fbs,
1,regular,2021-09-03 00:00:00+00:00,Nebraska Kearney,Missouri Southern State,38,0,True,False,True,Mid America,Mid America,ii,ii,
1,regular,2021-09-03 00:00:00+00:00,Eastern New Mexico,Central Washington,24,66,True,False,False,Lone Star,Great Northwest,ii,ii,
1,regular,2021-09-03 00:00:00+00:00,South Dakota Mines,Missouri S&T,34,31,True,False,False,Rocky Mountain,Great Lakes,ii,ii,
1,regular,2021-09-03 00:00:00+00:00,Central Oklahoma,Missouri Western,24,20,True,False,True,Mid America,Mid America,ii,ii,
1,regular,2021-09-03 00:05:00+00:00,Florida International,Long Island University,48,10,True,False,False,Conference USA,NEC,fbs,fcs,
1,regular,2021-09-03 01:00:00+00:00,Northern Arizona,Sam Houston,16,42,True,False,False,Big Sky,AWC,fcs,fcs,
1,regular,2021-09-03 01:00:00+00:00,West Texas,Texas College,73,0,True,False,False,Lone Star,,ii,,
1,regular,2021-09-03 02:00:00+00:00,UNLV,Eastern Washington,33,35,True,False,False,Mountain West,Big Sky,fbs,fcs,
1,regular,2021-09-03 02:30:00+00:00,Arizona State,Southern Utah,41,14,True,False,False,Pac-12,Big Sky,fbs,fcs,
1,regular,2021-09-03 22:00:00+00:00,Central Connecticut,Southern Connecticut State,21,28,True,False,False,NEC,Northeast 10,fcs,ii,
1,regular,2021-09-03 22:00:00+00:00,Bentley,West Chester,41,17,True,False,False,Northeast 10,Pennsylvania State Athletic,ii,ii,
1,regular,2021-09-03 22:00:00+00:00,Virginia Tech,North Carolina,17,10,True,False,True,ACC,ACC,fbs,fbs,
1,regular,2021-09-03 23:00:00+00:00,Charlotte,Duke,31,28,True,False,False,Conference USA,ACC,fbs,fbs,
1,regular,2021-09-03 23:00:00+00:00,Eastern Michigan,Saint Francis,35,15,True,False,False,Mid-American,NEC,fbs,fcs,
1,regular,2021-09-03 23:00:00+00:00,Wake Forest,Old Dominion,42,10,True,False,False,ACC,Conference USA,fbs,fbs,
1,regular,2021-09-04 00:00:00+00:00,Kansas,South Dakota,17,14,True,False,False,Big 12,MVFC,fbs,fcs,
1,regular,2021-09-04 01:00:00+00:00,Colorado State,South Dakota State,23,42,True,False,False,Mountain West,MVFC,fbs,fcs,
1,regular,2021-09-04 01:00:00+00:00,Colorado,Northern Colorado,35,7,True,False,False,Pac-12,Big Sky,fbs,fcs,
1,regular,2021-09-04 01:00:00+00:00,Northwestern,Michigan State,21,38,True,False,True,Big Ten,Big Ten,fbs,fbs,
1,regular,2021-09-04 16:00:00+00:00,UVA Wise,Virginia Lynchburg,54,0,True,False,False,South Atlantic,,ii,,
1,regular,2021-09-04 16:00:00+00:00,Notre Dame College,Ashland,42,35,True,False,False,Mountain East,Great Midwest Athletic,ii,ii,
1,regular,2021-09-04 16:00:00+00:00,Georgia State,Army,10,43,True,False,False,Sun Belt,FBS Independents,fbs,fbs,
1,regular,2021-09-04 16:00:00+00:00,Bluefield State,Lawrence Tech,14,21,True,False,False,Independent DII,,ii,,
1,regular,2021-09-04 16:00:00+00:00,Nebraska,Fordham,52,7,True,False,False,Big Ten,Patriot,fbs,fcs,
1,regular,2021-09-04 16:00:00+00:00,UConn,Holy Cross,28,38,True,False,False,FBS Independents,Patriot,fbs,fcs,
1,regular,2021-09-04 16:00:00+00:00,Davenport,Truman State,14,31,True,False,False,GLIAC,Great Lakes,ii,ii,
1,regular,2021-09-04 16:00:00+00:00,Southwest Baptist,UT Permian Basin,16,24,True,False,False,Great Lakes,Lone Star,ii,ii,
1,regular,2021-09-04 16:00:00+00:00,Kansas State,Stanford,24,7,True,True,False,Big 12,Pac-12,fbs,fbs,
1,regular,2021-09-04 16:00:00+00:00,Rutgers,Temple,61,14,True,False,False,Big Ten,American Athletic,fbs,fbs,
1,regular,2021-09-04 16:00:00+00:00,Wisconsin,Penn State,10,16,True,False,True,Big Ten,Big Ten,fbs,fbs,
1,regular,2021-09-04 16:00:00+00:00,Boston College,Colgate,51,0,True,False,False,ACC,Patriot,fbs,fcs,
1,regular,2021-09-04 16:00:00+00:00,Kentucky,UL Monroe,45,10,True,False,False,SEC,Sun Belt,fbs,fbs,
1,regular,2021-09-04 16:00:00+00:00,Shorter,Brevard,38,14,True,False,False,Gulf South,USA South,ii,iii,
1,regular,2021-09-04 16:00:00+00:00,Oklahoma,Tulane,40,35,True,False,False,Big 12,American Athletic,fbs,fbs,
1,regular,2021-09-04 16:00:00+00:00,Michigan,Western Michigan,47,14,True,False,False,Big Ten,Mid-American,fbs,fbs,
1,regular,2021-09-04 16:00:00+00:00,Lehigh,Villanova,3,47,True,False,False,Patriot,CAA,fcs,fcs,
1,regular,2021-09-04 16:05:00+00:00,Kutztown,Assumption,19,0,True,False,False,Pennsylvania State Athletic,Northeast 10,ii,ii,
1,regular,2021-09-04 17:00:00+00:00,Catawba,Erskine,37,27,True,False,False,South Atlantic,Independent DII,ii,ii,
1,regular,2021-09-04 17:00:00+00:00,New Haven,Franklin Pierce,30,14,True,False,True,Northeast 10,Northeast 10,ii,ii,
1,regular,2021-09-04 17:00:00+00:00,Shippensburg,West Virginia State,25,17,True,False,False,Pennsylvania State Athletic,Mountain East,ii,ii,
1,regular,2021-09-04 17:00:00+00:00,St. Augustine's,Tusculum,14,58,True,False,False,CIAA,South Atlantic,ii,ii,
1,regular,2021-09-04 17:00:00+00:00,MARIAN (IN,Tiffin,10,34,True,False,False,,Great Midwest Athletic,,ii,
1,regular,2021-09-04 17:00:00+00:00,McNeese,West Florida,36,42,True,False,False,Southland,Gulf South,fcs,ii,
1,regular,2021-09-04 17:00:00+00:00,Merrimack,Saint Anselm,55,23,True,False,False,NEC,Northeast 10,fcs,ii,
1,regular,2021-09-04 17:30:00+00:00,VMI,Davidson,45,24,True,False,False,Southern,Pioneer,fcs,fcs,
1,regular,2021-09-04 18:00:00+00:00,Furman,North Carolina A&T,29,18,True,False,False,Southern,Big South,fcs,fcs,
1,regular,2021-09-04 18:00:00+00:00,Elon,Wofford,22,24,True,False,False,CAA,Southern,fcs,fcs,
1,regular,2021-09-04 18:00:00+00:00,Richmond,Howard,38,14,True,False,False,CAA,MEAC,fcs,fcs,
1,regular,2021-09-04 18:00:00+00:00,McKendree,Northern Michigan,20,27,True,False,False,Great Lakes,GLIAC,ii,ii,
1,regular,2021-09-04 18:00:00+00:00,Fort Lewis,New Mexico Highlands,7,44,True,False,True,Rocky Mountain,Rocky Mountain,ii,ii,
1,regular,2021-09-04 18:00:00+00:00,Quincy,Midwestern State,27,48,True,False,False,Great Lakes,Lone Star,ii,ii,
1,regular,2021-09-04 18:00:00+00:00,Oregon,Fresno State,31,24,True,False,False,Pac-12,Mountain West,fbs,fbs,
1,regular,2021-09-04 18:00:00+00:00,Air Force,Lafayette,35,14,True,False,False,Mountain West,Patriot,fbs,fcs,
1,regular,2021-09-04 18:00:00+00:00,Barton,Newberry,7,31,True,False,False,Independent DII,South Atlantic,ii,ii,
1,regular,2021-09-04 18:00:00+00:00,Arkansas,Rice,38,17,True,False,False,SEC,Conference USA,fbs,fbs,
1,regular,2021-09-04 18:00:00+00:00,Michigan Tech,Hillsdale,14,10,True,False,False,GLIAC,Great Midwest Athletic,ii,ii,
1,regular,2021-09-04 18:00:00+00:00,Augustana (SD),Minot State,49,0,True,False,True,Northern Sun,Northern Sun,ii,ii,
1,regular,2021-09-04 18:30:00+00:00,Stonehill,Bloomsburg,35,13,True,False,False,Northeast 10,Pennsylvania State Athletic,ii,ii,
1,regular,2021-09-04 19:00:00+00:00,Western Colorado,Chadron State,23,10,True,False,True,Rocky Mountain,Rocky Mountain,ii,ii,
1,regular,2021-09-04 19:00:00+00:00,Idaho State,North Dakota,14,35,True,False,False,Big Sky,MVFC,fcs,fcs,
1,regular,2021-09-04 19:30:00+00:00,North Dakota State,UAlbany,28,6,True,False,False,MVFC,CAA,fcs,fcs,
1,regular,2021-09-04 19:30:00+00:00,Maryland,West Virginia,30,24,True,False,False,Big Ten,Big 12,fbs,fbs,
1,regular,2021-09-04 19:30:00+00:00,Navy,Marshall,7,49,True,False,False,American Athletic,Conference USA,fbs,fbs,
1,regular,2021-09-04 19:30:00+00:00,Miami,Alabama,13,44,True,True,False,ACC,SEC,fbs,fbs,
1,regular,2021-09-04 19:30:00+00:00,Cincinnati,Miami (OH),49,14,True,False,False,American Athletic,Mid-American,fbs,fbs,
1,regular,2021-09-04 19:30:00+00:00,Iowa,Indiana,34,6,True,False,True,Big Ten,Big Ten,fbs,fbs,
1,regular,2021-09-04 20:00:00+00:00,Pittsburgh,Massachusetts,51,7,True,False,False,ACC,FBS Independents,fbs,fbs,
1,regular,2021-09-04 20:00:00+00:00,Wyoming,Montana State,19,16,True,False,False,Mountain West,Big Sky,fbs,fcs,
1,regular,2021-09-04 20:00:00+00:00,Missouri,Central Michigan,34,24,True,False,False,SEC,Mid-American,fbs,fbs,
1,regular,2021-09-04 20:00:00+00:00,Elizabeth City State,Fayetteville State,6,47,True,False,True,CIAA,CIAA,ii,ii,
1,regular,2021-09-04 20:00:00+00:00,Mississippi State,Louisiana Tech,35,34,True,False,False,SEC,Conference USA,fbs,fbs,
1,regular,2021-09-04 20:00:00+00:00,Morgan State,Towson,0,31,True,False,False,MEAC,CAA,fcs,fcs,
1,regular,2021-09-04 20:00:00+00:00,Delaware State,Bowie State,32,24,True,False,False,MEAC,CIAA,fcs,ii,
1,regular,2021-09-04 20:00:00+00:00,San Diego,Cal Poly,17,28,True,False,False,Pioneer,Big Sky,fcs,fcs,
1,regular,2021-09-04 20:00:00+00:00,Idaho,Simon Fraser,68,0,True,False,False,Big Sky,Great Northwest,fcs,ii,
1,regular,2021-09-04 20:00:00+00:00,Presbyterian,St. Andrews,84,43,True,False,False,Pioneer,,fcs,,
1,regular,2021-09-04 20:30:00+00:00,Texas,Louisiana,38,18,True,False,False,Big 12,Sun Belt,fbs,fbs,
1,regular,2021-09-04 20:30:00+00:00,Iowa State,Northern Iowa,16,10,True,False,False,Big 12,MVFC,fbs,fcs,
1,regular,2021-09-04 21:00:00+00:00,USC,San José State,30,7,True,False,False,Pac-12,Mountain West,fbs,fbs,
1,regular,2021-09-04 22:00:00+00:00,Liberty,Campbell,48,7,True,False,False,FBS Independents,Big South,fbs,fcs,
1,regular,2021-09-04 22:00:00+00:00,Georgia Southern,Gardner-Webb,30,25,True,False,False,Sun Belt,Big South,fbs,fcs,
1,regular,2021-09-04 22:00:00+00:00,Livingstone,Clark Atlanta,10,13,True,False,False,CIAA,SIAC,ii,ii,
1,regular,2021-09-04 22:00:00+00:00,Virginia State,Lenoir Rhyne,7,48,True,False,False,CIAA,South Atlantic,ii,ii,
1,regular,2021-09-04 22:00:00+00:00,Lincoln (PA),Lock Haven,0,20,True,False,False,CIAA,Pennsylvania State Athletic,ii,ii,
1,regular,2021-09-04 22:00:00+00:00,Benedict,Allen,45,12,True,False,True,SIAC,SIAC,ii,ii,
1,regular,2021-09-04 22:00:00+00:00,Clarion,Lake Erie,26,31,True,False,False,Pennsylvania State Athletic,Great Midwest Athletic,ii,ii,
1,regular,2021-09-04 22:00:00+00:00,Stetson,Warner,54,14,True,False,False,Pioneer,,fcs,,
1,regular,2021-09-04 22:00:00+00:00,Indiana Wesleyan,Valparaiso,28,10,True,False,False,,Pioneer,,fcs,
1,regular,2021-09-04 22:00:00+00:00,James Madison,Morehead State,68,10,True,False,False,CAA,Pioneer,fcs,fcs,
1,regular,2021-09-04 22:00:00+00:00,Mercyhurst,Alderson-Broaddus,18,3,True,False,False,Pennsylvania State Athletic,Mountain East,ii,ii,
1,regular,2021-09-04 22:00:00+00:00,Hampton,Virginia Union,42,28,True,False,False,Big South,CIAA,fcs,ii,
1,regular,2021-09-04 22:00:00+00:00,Western Carolina,Eastern Kentucky,28,31,True,False,False,Southern,AWC,fcs,fcs,
1,regular,2021-09-04 22:00:00+00:00,Alabama State,Miles,14,13,True,False,False,SWAC,SIAC,fcs,ii,
1,regular,2021-09-04 22:00:00+00:00,Rhode Island,Bryant,45,21,True,False,False,CAA,NEC,fcs,fcs,
1,regular,2021-09-04 22:00:00+00:00,Sacred Heart,Bucknell,21,0,True,False,False,NEC,Patriot,fcs,fcs,
1,regular,2021-09-04 23:00:00+00:00,Oklahoma State,Missouri State,23,16,True,False,False,Big 12,MVFC,fbs,fcs,
1,regular,2021-09-04 23:00:00+00:00,Saginaw Valley State,Texas A&M-Kingsville,13,9,True,False,False,GLIAC,Lone Star,ii,ii,
1,regular,2021-09-04 23:00:00+00:00,Harding,East Central,28,0,True,False,True,Great American,Great American,ii,ii,
1,regular,2021-09-04 23:00:00+00:00,Stephen F. Austin,Tarleton State,20,10,True,False,True,Western Athletic,Western Athletic,fcs,fcs,
1,regular,2021-09-04 23:00:00+00:00,North Alabama,SE Louisiana,28,49,True,False,False,Big South,Southland,fcs,fcs,
1,regular,2021-09-04 23:00:00+00:00,Arkansas-Pine Bluff,Lane College,34,16,True,False,False,SWAC,SIAC,fcs,ii,
1,regular,2021-09-04 23:00:00+00:00,Alabama A&M,South Carolina State,42,41,True,False,False,SWAC,MEAC,fcs,fcs,
1,regular,2021-09-04 23:00:00+00:00,Valdosta State,Savannah State,53,7,True,False,False,Gulf South,SIAC,ii,ii,
1,regular,2021-09-04 23:00:00+00:00,Middle Tennessee,Monmouth,50,15,True,False,False,Conference USA,Big South,fbs,fcs,
1,regular,2021-09-04 23:00:00+00:00,West Alabama,Morehouse,48,7,True,False,False,Gulf South,SIAC,ii,ii,
1,regular,2021-09-04 23:00:00+00:00,Purdue,Oregon State,30,21,True,False,False,Big Ten,Pac-12,fbs,fbs,
1,regular,2021-09-04 23:00:00+00:00,Adams State,Western New Mexico,17,35,True,False,False,Rocky Mountain,Lone Star,ii,ii,
1,regular,2021-09-04 23:00:00+00:00,SMU,Abilene Christian,56,9,True,False,False,American Athletic,Western Athletic,fbs,fcs,
1,regular,2021-09-04 23:00:00+00:00,Texas State,Baylor,20,29,True,False,False,Sun Belt,Big 12,fbs,fbs,
1,regular,2021-09-04 23:00:00+00:00,Ohio,Syracuse,9,29,True,False,False,Mid-American,ACC,fbs,fbs,
1,regular,2021-09-04 23:00:00+00:00,North Greenville,Limestone,37,16,True,False,False,Gulf South,South Atlantic,ii,ii,
1,regular,2021-09-04 23:00:00+00:00,Auburn,Akron,60,10,True,False,False,SEC,Mid-American,fbs,fbs,
1,regular,2021-09-04 23:00:00+00:00,South Carolina,Eastern Illinois,46,0,True,False,False,SEC,OVC,fbs,fcs,
1,regular,2021-09-04 23:00:00+00:00,Houston,Texas Tech,21,38,True,True,False,American Athletic,Big 12,fbs,fbs,
1,regular,2021-09-04 23:00:00+00:00,Memphis,Nicholls,42,17,True,False,False,American Athletic,Southland,fbs,fcs,
1,regular,2021-09-04 23:00:00+00:00,Saint Xavier,Indianapolis,10,34,True,False,False,,Great Lakes,,ii,
1,regular,2021-09-04 23:00:00+00:00,Arkansas State,Central Arkansas,40,21,True,False,False,Sun Belt,AWC,fbs,fcs,
1,regular,2021-09-04 23:00:00+00:00,Toledo,Norfolk State,49,10,True,False,False,Mid-American,MEAC,fbs,fcs,
1,regular,2021-09-04 23:00:00+00:00,Northeastern State,Emporia State,7,38,True,False,True,Mid America,Mid America,ii,ii,
1,regular,2021-09-04 23:00:00+00:00,Troy,Southern,55,3,True,False,False,Sun Belt,SWAC,fbs,fcs,
1,regular,2021-09-04 23:30:00+00:00,Florida,Florida Atlantic,35,14,True,False,False,SEC,Conference USA,fbs,fbs,
1,regular,2021-09-04 23:30:00+00:00,Georgia Tech,Northern Illinois,21,22,True,False,False,ACC,Mid-American,fbs,fbs,
1,regular,2021-09-04 23:30:00+00:00,Virginia,William & Mary,43,0,True,False,False,ACC,CAA,fbs,fcs,
1,regular,2021-09-04 23:30:00+00:00,Clemson,Georgia,3,10,True,True,False,ACC,SEC,fbs,fbs,
1,regular,2021-09-04 23:30:00+00:00,North Texas,Northwestern State,44,14,True,False,False,Conference USA,Southland,fbs,fcs,
1,regular,2021-09-04 23:30:00+00:00,Illinois State,Butler,49,7,True,False,False,MVFC,Pioneer,fcs,fcs,
1,regular,2021-09-04 23:30:00+00:00,Illinois,UTSA,30,37,True,False,False,Big Ten,Conference USA,fbs,fbs,
1,regular,2021-09-05 00:00:00+00:00,Washington,Montana,7,13,True,False,False,Pac-12,Big Sky,fbs,fcs,
1,regular,2021-09-05 00:00:00+00:00,Texas Southern,Prairie View A&M,17,40,True,False,True,SWAC,SWAC,fcs,fcs,
1,regular,2021-09-05 00:00:00+00:00,Vanderbilt,East Tennessee State,3,23,True,False,False,SEC,Southern,fbs,fcs,
1,regular,2021-09-05 00:00:00+00:00,Texas A&M,Kent State,41,10,True,False,False,SEC,Mid-American,fbs,fbs,
1,regular,2021-09-05 00:00:00+00:00,South Alabama,Southern Miss,31,7,True,False,False,Sun Belt,Conference USA,fbs,fbs,
1,regular,2021-09-05 00:00:00+00:00,TCU,Duquesne,45,3,True,False,False,Big 12,NEC,fbs,fcs,
1,regular,2021-09-05 00:30:00+00:00,UCLA,LSU,38,27,True,False,False,Pac-12,SEC,fbs,fbs,
1,regular,2021-09-05 01:00:00+00:00,UTEP,Bethune-Cookman,38,28,True,False,False,Conference USA,SWAC,fbs,fcs,
1,regular,2021-09-05 01:00:00+00:00,Utah Tech,Sacramento State,7,19,True,False,False,Western Athletic,Big Sky,fcs,fcs,
1,regular,2021-09-05 02:30:00+00:00,California,Nevada,17,22,True,False,False,Pac-12,Mountain West,fbs,fbs,
1,regular,2021-09-05 02:30:00+00:00,Arizona,BYU,16,24,True,True,False,Pac-12,FBS Independents,fbs,fbs,
1,regular,2021-09-05 02:30:00+00:00,San Diego State,New Mexico State,28,10,True,False,False,Mountain West,FBS Independents,fbs,fbs,
1,regular,2021-09-05 03:00:00+00:00,Washington State,Utah State,23,26,True,False,False,Pac-12,Mountain West,fbs,fbs,
1,regular,2021-09-05 03:59:00+00:00,Hawai'i,Portland State,49,35,True,False,False,Mountain West,Big Sky,fbs,fcs,
1,regular,2021-09-05 19:00:00+00:00,Florida A&M,Jackson State,6,7,True,False,True,SWAC,SWAC,fcs,fcs,Denny's Orange Blossom Classic
1,regular,2021-09-05 20:00:00+00:00,Grambling,Tennessee State,16,10,True,False,False,SWAC,OVC,fcs,fcs,
1,regular,2021-09-05 23:00:00+00:00,Tuskegee,Fort Valley State,0,30,True,False,True,SIAC,SIAC,ii,ii,Boeing Red Tails Classic
1,regular,2021-09-05 23:30:00+00:00,Florida State,Notre Dame,38,41,True,False,True,ACC,FBS Independents,fbs,fbs,
1,regular,2021-09-07 00:00:00+00:00,Ole Miss,Louisville,43,24,True,True,False,SEC,ACC,fbs,fbs,
2,regular,2021-09-09 23:00:00+00:00,Charleston (WV),Fairmont State,27,6,True,False,True,Mountain East,Mountain East,ii,ii,
2,regular,2021-09-09 23:00:00+00:00,Washburn,Central Missouri,29,10,True,False,True,Mid America,Mid America,ii,ii,
2,regular,2021-09-09 23:00:00+00:00,Wheeling,Notre Dame College,15,31,True,False,True,Mountain East,Mountain East,ii,ii,
2,regular,2021-09-09 23:00:00+00:00,Glenville State,Concord,17,10,True,False,True,Mountain East,Mountain East,ii,ii,
2,regular,2021-09-09 23:00:00+00:00,Mars Hill,Virginia Lynchburg,50,14,True,False,False,South Atlantic,,ii,,
2,regular,2021-09-09 23:30:00+00:00,Benedict,Edward Waters,44,3,True,False,False,SIAC,SIAC,ii,ii,
2,regular,2021-09-10 00:00:00+00:00,Missouri Western,Fort Hays,38,31,True,False,True,Mid America,Mid America,ii,ii,
2,regular,2021-09-10 23:00:00+00:00,Pace,American International,33,40,True,False,True,Northeast 10,Northeast 10,ii,ii,
2,regular,2021-09-10 23:30:00+00:00,Coastal Carolina,Kansas,49,22,True,False,False,Sun Belt,Big 12,fbs,fbs,
2,regular,2021-09-11 00:00:00+00:00,Duke,North Carolina A&T,45,17,True,False,False,ACC,Big South,fbs,fcs,
2,regular,2021-09-11 01:30:00+00:00,Boise State,UTEP,54,13,True,False,False,Mountain West,Conference USA,fbs,fbs,
2,regular,2021-09-11 02:20:00+00:00,Utah State,North Dakota,48,24,True,False,False,Mountain West,MVFC,fbs,fcs,
2,regular,2021-09-11 15:00:00+00:00,Virginia,Illinois,42,14,True,False,False,ACC,Big Ten,fbs,fbs,
2,regular,2021-09-11 15:30:00+00:00,Kent State,VMI,60,10,True,False,False,Mid-American,Southern,fbs,fcs,
2,regular,2021-09-11 15:30:00+00:00,Army,Western Kentucky,38,35,True,False,False,FBS Independents,Conference USA,fbs,fbs,
2,regular,2021-09-11 16:00:00+00:00,Auburn,Alabama State,62,0,True,False,False,SEC,SWAC,fbs,fcs,
2,regular,2021-09-11 16:00:00+00:00,Michigan State,Youngstown State,42,14,True,False,False,Big Ten,MVFC,fbs,fcs,
2,regular,2021-09-11 16:00:00+00:00,Minnesota,Miami (OH),31,26,True,False,False,Big Ten,Mid-American,fbs,fbs,
2,regular,2021-09-11 16:00:00+00:00,Ohio State,Oregon,28,35,True,False,False,Big Ten,Pac-12,fbs,fbs,
2,regular,2021-09-11 16:00:00+00:00,Oklahoma State,Tulsa,28,23,True,False,False,Big 12,American Athletic,fbs,fbs,
2,regular,2021-09-11 16:00:00+00:00,Tennessee,Pittsburgh,34,41,True,False,False,SEC,ACC,fbs,fbs,
2,regular,2021-09-11 16:00:00+00:00,East Carolina,South Carolina,17,20,True,False,False,American Athletic,SEC,fbs,fbs,
2,regular,2021-09-11 16:00:00+00:00,Wake Forest,Norfolk State,41,16,True,False,False,ACC,MEAC,fbs,fcs,
2,regular,2021-09-11 16:00:00+00:00,Georgia Tech,Kennesaw State,45,17,True,False,False,ACC,Big South,fbs,fcs,
2,regular,2021-09-11 16:00:00+00:00,Northwestern,Indiana State,24,6,True,False,False,Big Ten,MVFC,fbs,fcs,
2,regular,2021-09-11 16:00:00+00:00,Gannon,Shepherd,26,56,True,False,True,Pennsylvania State Athletic,Pennsylvania State Athletic,ii,ii,
2,regular,2021-09-11 16:00:00+00:00,Edinboro,Shippensburg,9,30,True,False,True,Pennsylvania State Athletic,Pennsylvania State Athletic,ii,ii,
2,regular,2021-09-11 16:00:00+00:00,Mercyhurst,West Chester,10,56,True,False,True,Pennsylvania State Athletic,Pennsylvania State Athletic,ii,ii,
2,regular,2021-09-11 17:00:00+00:00,Dayton,Eastern Illinois,17,10,True,False,False,Pioneer,OVC,fcs,fcs,
2,regular,2021-09-11 17:00:00+00:00,Colgate,Stony Brook,3,24,True,False,False,Patriot,CAA,fcs,fcs,
2,regular,2021-09-11 17:00:00+00:00,Wayne State (MI),Truman State,9,27,True,False,False,GLIAC,Great Lakes,ii,ii,
2,regular,2021-09-11 17:00:00+00:00,South Florida,Florida,20,42,True,False,False,American Athletic,SEC,fbs,fbs,
2,regular,2021-09-11 17:00:00+00:00,Tusculum,Chowan,38,46,True,False,False,South Atlantic,CIAA,ii,ii,
2,regular,2021-09-11 17:00:00+00:00,Tulane,Morgan State,69,20,True,False,False,American Athletic,MEAC,fbs,fcs,"Game moved to Birmingham, AL"
2,regular,2021-09-11 17:00:00+00:00,Alderson-Broaddus,West Liberty,0,24,True,False,True,Mountain East,Mountain East,ii,ii,
2,regular,2021-09-11 17:00:00+00:00,Minnesota St Moorhead,Winona State,13,27,True,False,True,Northern Sun,Northern Sun,ii,ii,
2,regular,2021-09-11 17:00:00+00:00,Northern Michigan,Wisconsin Oshkosh,10,28,True,False,False,GLIAC,Wisconsin,ii,iii,
2,regular,2021-09-11 17:00:00+00:00,Erskine,Barton,25,38,True,False,True,Independent DII,Independent DII,ii,ii,
2,regular,2021-09-11 17:00:00+00:00,Tiffin,Northwood,40,6,True,False,False,Great Midwest Athletic,GLIAC,ii,ii,
2,regular,2021-09-11 17:00:00+00:00,Ohio Dominican,Virginia State,10,7,True,False,False,Great Midwest Athletic,CIAA,ii,ii,
2,regular,2021-09-11 17:00:00+00:00,Clarion,Millersville,17,21,True,False,True,Pennsylvania State Athletic,Pennsylvania State Athletic,ii,ii,
2,regular,2021-09-11 17:00:00+00:00,Concordia St. Paul,Upper Iowa,24,6,True,False,True,Northern Sun,Northern Sun,ii,ii,
2,regular,2021-09-11 17:00:00+00:00,Kentucky State,Kentucky Wesleyan,25,26,True,False,False,SIAC,Great Midwest Athletic,ii,ii,
2,regular,2021-09-11 17:00:00+00:00,Franklin Pierce,Lake Erie,20,31,True,False,False,Northeast 10,Great Midwest Athletic,ii,ii,
2,regular,2021-09-11 17:00:00+00:00,Bowie State,Saginaw Valley State,28,19,True,False,False,CIAA,GLIAC,ii,ii,
2,regular,2021-09-11 17:00:00+00:00,Assumption,Bentley,28,40,True,False,True,Northeast 10,Northeast 10,ii,ii,
2,regular,2021-09-11 17:00:00+00:00,Lincoln (PA),Central State,7,19,True,False,False,CIAA,SIAC,ii,ii,
2,regular,2021-09-11 17:00:00+00:00,California (PA),Lock Haven,59,0,True,False,True,Pennsylvania State Athletic,Pennsylvania State Athletic,ii,ii,
2,regular,2021-09-11 17:10:00+00:00,Michigan Tech,St. Thomas (MN),9,12,True,False,False,GLIAC,Pioneer,ii,fcs,
2,regular,2021-09-11 17:30:00+00:00,Elizabeth City State,Bluefield State,27,35,True,False,False,CIAA,Independent DII,ii,ii,
2,regular,2021-09-11 17:30:00+00:00,Northern Illinois,Wyoming,43,50,True,False,False,Mid-American,Mountain West,fbs,fbs,
2,regular,2021-09-11 18:00:00+00:00,Ohio,Duquesne,26,28,True,False,False,Mid-American,NEC,fbs,fcs,
2,regular,2021-09-11 18:00:00+00:00,Colorado School of Mines,New Mexico Highlands,31,21,True,False,True,Rocky Mountain,Rocky Mountain,ii,ii,
2,regular,2021-09-11 18:00:00+00:00,Quincy,Iowa Wesleyan,59,27,True,False,False,Great Lakes,,ii,,
2,regular,2021-09-11 18:00:00+00:00,West Virginia State,Frostburg State,21,34,True,False,True,Mountain East,Mountain East,ii,ii,
2,regular,2021-09-11 18:00:00+00:00,Western New Mexico,Western Colorado,14,49,True,False,False,Lone Star,Rocky Mountain,ii,ii,
2,regular,2021-09-11 18:00:00+00:00,Tuskegee,West Alabama,7,33,True,False,False,SIAC,Gulf South,ii,ii,
2,regular,2021-09-11 18:00:00+00:00,Syracuse,Rutgers,7,17,True,False,False,ACC,Big Ten,fbs,fbs,
2,regular,2021-09-11 18:00:00+00:00,Southern Nazarene,Ouachita Baptist,3,41,True,False,True,Great American,Great American,ii,ii,
2,regular,2021-09-11 18:00:00+00:00,IU Pennsylvania,Kutztown,29,26,True,False,True,Pennsylvania State Athletic,Pennsylvania State Athletic,ii,ii,
2,regular,2021-09-11 18:00:00+00:00,Virginia Tech,Middle Tennessee,35,14,True,False,False,ACC,Conference USA,fbs,fbs,
2,regular,2021-09-11 18:00:00+00:00,Morehead State,Point University,62,9,True,False,False,Pioneer,,fcs,,
2,regular,2021-09-11 18:00:00+00:00,Delaware State,Georgetown,14,20,True,False,False,MEAC,Patriot,fcs,fcs,
2,regular,2021-09-11 18:00:00+00:00,The Citadel,Charleston Southern,21,38,True,False,False,Southern,Big South,fcs,fcs,
2,regular,2021-09-11 18:00:00+00:00,Richmond,Lehigh,31,3,True,False,False,CAA,Patriot,fcs,fcs,
2,regular,2021-09-11 18:00:00+00:00,South Dakota,Northern Arizona,34,7,True,False,False,MVFC,Big Sky,fcs,fcs,
2,regular,2021-09-11 18:00:00+00:00,Holy Cross,Merrimack,21,35,True,False,False,Patriot,NEC,fcs,fcs,
2,regular,2021-09-11 18:30:00+00:00,Notre Dame,Toledo,32,29,True,False,False,FBS Independents,Mid-American,fbs,fbs,
2,regular,2021-09-11 18:30:00+00:00,Tennessee Tech,Furman,0,26,True,False,False,OVC,Southern,fcs,fcs,
2,regular,2021-09-11 19:00:00+00:00,Chadron State,Angelo State,24,28,True,False,False,Rocky Mountain,Lone Star,ii,ii,
2,regular,2021-09-11 19:00:00+00:00,Bemidji State,Wayne State (NE),38,28,True,False,True,Northern Sun,Northern Sun,ii,ii,
2,regular,2021-09-11 19:00:00+00:00,Missouri Southern State,Northeastern State,17,21,True,False,True,Mid America,Mid America,ii,ii,
2,regular,2021-09-11 19:00:00+00:00,Central Michigan,Robert Morris,45,0,True,False,False,Mid-American,Big South,fbs,fcs,
2,regular,2021-09-11 19:00:00+00:00,University of Mary,Augustana (SD),20,43,True,False,True,Northern Sun,Northern Sun,ii,ii,
2,regular,2021-09-11 19:00:00+00:00,Missouri S&T,Arkansas Baptist,71,0,True,False,False,Great Lakes,,ii,,
2,regular,2021-09-11 19:00:00+00:00,UConn,Purdue,0,49,True,False,False,FBS Independents,Big Ten,fbs,fbs,
2,regular,2021-09-11 19:00:00+00:00,Wagner,Central Connecticut,19,21,True,False,True,NEC,NEC,fcs,fcs,
2,regular,2021-09-11 19:30:00+00:00,North Dakota State,Valparaiso,64,0,True,False,False,MVFC,Pioneer,fcs,fcs,
2,regular,2021-09-11 19:30:00+00:00,Georgia,UAB,56,7,True,False,False,SEC,Conference USA,fbs,fbs,
2,regular,2021-09-11 19:30:00+00:00,TCU,California,34,32,True,False,False,Big 12,Pac-12,fbs,fbs,
2,regular,2021-09-11 19:30:00+00:00,Akron,Temple,24,45,True,False,False,Mid-American,American Athletic,fbs,fbs,
2,regular,2021-09-11 19:30:00+00:00,Nebraska,Buffalo,28,3,True,False,False,Big Ten,Mid-American,fbs,fbs,
2,regular,2021-09-11 19:30:00+00:00,Navy,Air Force,3,23,True,False,False,American Athletic,Mountain West,fbs,fbs,
2,regular,2021-09-11 19:30:00+00:00,Colorado,Texas A&M,7,10,True,True,False,Pac-12,SEC,fbs,fbs,
2,regular,2021-09-11 19:30:00+00:00,Florida Atlantic,Georgia Southern,38,6,True,False,False,Conference USA,Sun Belt,fbs,fbs,
2,regular,2021-09-11 19:30:00+00:00,Cincinnati,Murray State,42,7,True,False,False,American Athletic,OVC,fbs,fcs,
2,regular,2021-09-11 19:30:00+00:00,Massachusetts,Boston College,28,45,True,False,False,FBS Independents,ACC,fbs,fbs,
2,regular,2021-09-11 19:30:00+00:00,Penn State,Ball State,44,13,True,False,False,Big Ten,Mid-American,fbs,fbs,
2,regular,2021-09-11 20:00:00+00:00,Bowling Green,South Alabama,19,22,True,False,False,Mid-American,Sun Belt,fbs,fbs,
2,regular,2021-09-11 20:00:00+00:00,Clark Atlanta,Lane College,26,35,True,False,True,SIAC,SIAC,ii,ii,
2,regular,2021-09-11 20:00:00+00:00,Linfield,Simon Fraser,56,20,True,False,False,Northwest,Great Northwest,iii,ii,
2,regular,2021-09-11 20:00:00+00:00,Alabama,Mercer,48,14,True,False,False,SEC,Southern,fbs,fcs,
2,regular,2021-09-11 20:00:00+00:00,San Diego,UC Davis,7,53,True,False,False,Pioneer,Big Sky,fcs,fcs,
2,regular,2021-09-11 20:00:00+00:00,Presbyterian,UFTL,68,3,True,False,False,Pioneer,,fcs,,
2,regular,2021-09-11 20:00:00+00:00,James Madison,Maine,55,7,True,False,True,CAA,CAA,fcs,fcs,
2,regular,2021-09-11 20:00:00+00:00,Eastern Washington,Central Washington,63,14,True,False,False,Big Sky,Great Northwest,fcs,ii,
2,regular,2021-09-11 20:30:00+00:00,Iowa State,Iowa,17,27,True,False,False,Big 12,Big Ten,fbs,fbs,
2,regular,2021-09-11 21:00:00+00:00,Virginia Union,Valdosta State,7,51,True,False,False,CIAA,Gulf South,ii,ii,
2,regular,2021-09-11 21:00:00+00:00,Clemson,South Carolina State,49,3,True,False,False,ACC,MEAC,fbs,fcs,
2,regular,2021-09-11 21:00:00+00:00,Western Michigan,Illinois State,28,0,True,False,False,Mid-American,MVFC,fbs,fcs,
2,regular,2021-09-11 21:00:00+00:00,West Virginia,Long Island University,66,0,True,False,False,Big 12,NEC,fbs,fcs,
2,regular,2021-09-11 22:00:00+00:00,Villanova,Bucknell,55,3,True,False,False,CAA,Patriot,fcs,fcs,
2,regular,2021-09-11 22:00:00+00:00,New Hampshire,Towson,26,14,True,False,True,CAA,CAA,fcs,fcs,
2,regular,2021-09-11 22:00:00+00:00,Florida A&M,Fort Valley State,34,7,True,False,False,SWAC,SIAC,fcs,ii,
2,regular,2021-09-11 22:00:00+00:00,William & Mary,Lafayette,24,3,True,False,False,CAA,Patriot,fcs,fcs,
2,regular,2021-09-11 22:00:00+00:00,Stetson,Ave Maria University,49,16,True,False,False,Pioneer,,fcs,,
2,regular,2021-09-11 22:00:00+00:00,Delaware,Saint Francis,27,10,True,False,False,CAA,NEC,fcs,fcs,
2,regular,2021-09-11 22:00:00+00:00,Fordham,Monmouth,23,26,True,False,False,Patriot,Big South,fcs,fcs,
2,regular,2021-09-11 22:00:00+00:00,Butler,DePauw,49,24,True,False,False,Pioneer,North Coast,fcs,iii,
2,regular,2021-09-11 22:00:00+00:00,Campbell,Elon,23,24,True,False,False,Big South,CAA,fcs,fcs,
2,regular,2021-09-11 22:00:00+00:00,UTSA,Lamar,54,0,True,False,False,Conference USA,Western Athletic,fbs,fcs,
2,regular,2021-09-11 22:00:00+00:00,Slippery Rock,East Stroudsburg,22,7,True,False,True,Pennsylvania State Athletic,Pennsylvania State Athletic,ii,ii,
2,regular,2021-09-11 22:00:00+00:00,West Georgia,Morehouse,47,0,True,False,False,Gulf South,SIAC,ii,ii,
2,regular,2021-09-11 22:00:00+00:00,Johnson C. Smith,Allen,19,20,True,False,False,CIAA,SIAC,ii,ii,
2,regular,2021-09-11 22:00:00+00:00,Washington State,Portland State,44,24,True,False,False,Pac-12,Big Sky,fbs,fcs,
2,regular,2021-09-11 22:00:00+00:00,Findlay,UNC Pembroke,34,28,True,False,False,Great Midwest Athletic,Mountain East,ii,ii,
2,regular,2021-09-11 22:00:00+00:00,Stonehill,Southern Connecticut State,54,21,True,False,True,Northeast 10,Northeast 10,ii,ii,
2,regular,2021-09-11 22:00:00+00:00,Savannah State,Livingstone,50,6,True,False,False,SIAC,CIAA,ii,ii,
2,regular,2021-09-11 22:00:00+00:00,Wingate,Fayetteville State,40,21,True,False,False,South Atlantic,CIAA,ii,ii,
2,regular,2021-09-11 22:00:00+00:00,Newberry,North Greenville,14,24,True,False,False,South Atlantic,Gulf South,ii,ii,
2,regular,2021-09-11 22:00:00+00:00,Charlotte,Gardner-Webb,38,10,True,False,False,Conference USA,Big South,fbs,fcs,
2,regular,2021-09-11 22:00:00+00:00,Seton Hill,Bloomsburg,13,7,True,False,True,Pennsylvania State Athletic,Pennsylvania State Athletic,ii,ii,
2,regular,2021-09-11 22:30:00+00:00,Marshall,North Carolina Central,44,10,True,False,False,Conference USA,MEAC,fbs,fcs,
2,regular,2021-09-11 22:30:00+00:00,Rice,Houston,7,44,True,False,False,Conference USA,American Athletic,fbs,fbs,
2,regular,2021-09-11 22:30:00+00:00,UCF,Bethune-Cookman,63,14,True,False,False,American Athletic,SWAC,fbs,fcs,
2,regular,2021-09-11 23:00:00+00:00,Southern Miss,Grambling,37,0,True,False,False,Conference USA,SWAC,fbs,fcs,
2,regular,2021-09-11 23:00:00+00:00,Jackson State,Tennessee State,38,16,True,False,False,SWAC,OVC,fcs,fcs,
2,regular,2021-09-11 23:00:00+00:00,Baylor,Texas Southern,66,7,True,False,False,Big 12,SWAC,fbs,fcs,
2,regular,2021-09-11 23:00:00+00:00,Kansas State,Southern Illinois,31,23,True,False,False,Big 12,MVFC,fbs,fcs,
2,regular,2021-09-11 23:00:00+00:00,Southern,Miles,41,24,True,False,False,SWAC,SIAC,fcs,ii,
2,regular,2021-09-11 23:00:00+00:00,Florida International,Texas State,17,23,True,False,False,Conference USA,Sun Belt,fbs,fbs,
2,regular,2021-09-11 23:00:00+00:00,Bryant,Sacred Heart,17,6,True,False,True,NEC,NEC,fcs,fcs,
2,regular,2021-09-11 23:00:00+00:00,South Dakota State,Lindenwood,52,7,True,False,False,MVFC,Great Lakes Valley,fcs,ii,
2,regular,2021-09-11 23:00:00+00:00,Abilene Christian,Louisiana Christian,62,7,True,False,False,Western Athletic,,fcs,,
2,regular,2021-09-11 23:00:00+00:00,Miami,App State,25,23,True,False,False,ACC,Sun Belt,fbs,fbs,
2,regular,2021-09-11 23:00:00+00:00,Arkansas,Texas,40,21,True,False,False,SEC,Big 12,fbs,fbs,
2,regular,2021-09-11 23:00:00+00:00,Wisconsin,Eastern Michigan,34,7,True,False,False,Big Ten,Mid-American,fbs,fbs,
2,regular,2021-09-11 23:00:00+00:00,Louisville,Eastern Kentucky,30,3,True,False,False,ACC,AWC,fbs,fcs,
2,regular,2021-09-11 23:00:00+00:00,SMU,North Texas,35,12,True,False,False,American Athletic,Conference USA,fbs,fbs,
2,regular,2021-09-11 23:00:00+00:00,Old Dominion,Hampton,47,7,True,False,False,Conference USA,Big South,fbs,fcs,
2,regular,2021-09-11 23:00:00+00:00,Louisiana,Nicholls,27,24,True,False,False,Sun Belt,Southland,fbs,fcs,
2,regular,2021-09-11 23:00:00+00:00,Oklahoma,Western Carolina,76,0,True,False,False,Big 12,Southern,fbs,fcs,
2,regular,2021-09-11 23:00:00+00:00,Davidson,Shaw,28,26,True,False,False,Pioneer,CIAA,fcs,ii,
2,regular,2021-09-11 23:00:00+00:00,Houston Christian,Northern Colorado,13,45,True,False,False,Southland,Big Sky,fcs,fcs,
2,regular,2021-09-11 23:00:00+00:00,North Alabama,Chattanooga,0,20,True,False,False,Big South,Southern,fcs,fcs,
2,regular,2021-09-11 23:00:00+00:00,Mississippi State,NC State,24,10,True,False,False,SEC,ACC,fbs,fbs,
2,regular,2021-09-11 23:00:00+00:00,New Mexico,New Mexico State,34,25,True,False,False,Mountain West,FBS Independents,fbs,fbs,
2,regular,2021-09-11 23:00:00+00:00,Arkansas State,Memphis,50,55,True,False,False,Sun Belt,American Athletic,fbs,fbs,
2,regular,2021-09-11 23:00:00+00:00,Troy,Liberty,13,21,True,False,False,Sun Belt,FBS Independents,fbs,fbs,
2,regular,2021-09-11 23:00:00+00:00,UAlbany,Rhode Island,14,16,True,False,True,CAA,CAA,fcs,fcs,
2,regular,2021-09-11 23:00:00+00:00,Texas Tech,Stephen F. Austin,28,22,True,False,False,Big 12,Western Athletic,fbs,fcs,
2,regular,2021-09-11 23:00:00+00:00,Louisiana Tech,SE Louisiana,45,42,True,False,False,Conference USA,Southland,fbs,fcs,
2,regular,2021-09-11 23:00:00+00:00,Alcorn State,Northwestern State,13,10,True,False,False,SWAC,Southland,fcs,fcs,
2,regular,2021-09-11 23:00:00+00:00,UT Martin,Samford,33,27,True,False,False,OVC,Southern,fcs,fcs,
2,regular,2021-09-11 23:00:00+00:00,East Central,Arkansas Tech,13,10,True,False,True,Great American,Great American,ii,ii,
2,regular,2021-09-11 23:00:00+00:00,Albany State,Shorter,28,12,True,False,False,SIAC,Gulf South,ii,ii,
2,regular,2021-09-11 23:00:00+00:00,South Dakota Mines,Mayville State,52,7,True,False,False,Rocky Mountain,,ii,,
2,regular,2021-09-11 23:00:00+00:00,UT Permian Basin,West Texas,42,31,True,False,True,Lone Star,Lone Star,ii,ii,
2,regular,2021-09-11 23:00:00+00:00,West Florida,Southwest Baptist,63,14,True,False,False,Gulf South,Great Lakes,ii,ii,
2,regular,2021-09-11 23:00:00+00:00,Northern State,Southwest Minnesota State,30,13,True,False,True,Northern Sun,Northern Sun,ii,ii,
2,regular,2021-09-11 23:00:00+00:00,Catawba,Winston-Salem State,28,6,True,False,False,South Atlantic,CIAA,ii,ii,
2,regular,2021-09-11 23:00:00+00:00,Oklahoma Baptist,Arkansas Monticello,45,20,True,False,True,Great American,Great American,ii,ii,
2,regular,2021-09-11 23:00:00+00:00,Ashland,Ferris State,19,45,True,False,False,Great Midwest Athletic,GLIAC,ii,ii,
2,regular,2021-09-11 23:00:00+00:00,East Texas A&M,Midwestern State,30,31,True,False,True,Lone Star,Lone Star,ii,ii,
2,regular,2021-09-11 23:00:00+00:00,Delta State,McKendree,45,17,True,False,False,Gulf South,Great Lakes,ii,ii,
2,regular,2021-09-11 23:00:00+00:00,Henderson State,Northwestern (OK),55,7,True,False,True,Great American,Great American,ii,ii,
2,regular,2021-09-11 23:00:00+00:00,Hillsdale,Indianapolis,31,35,True,False,False,Great Midwest Athletic,Great Lakes,ii,ii,
2,regular,2021-09-11 23:00:00+00:00,Southeastern Oklahoma State,Harding,32,31,True,False,True,Great American,Great American,ii,ii,
2,regular,2021-09-11 23:00:00+00:00,Sam Houston,Southeast Missouri State,52,14,True,False,False,AWC,OVC,fcs,fcs,
2,regular,2021-09-11 23:00:00+00:00,Southern Arkansas,Southwestern Oklahoma State,42,27,True,False,True,Great American,Great American,ii,ii,
2,regular,2021-09-11 23:00:00+00:00,Minnesota Duluth,Minnesota State,30,10,True,False,True,Northern Sun,Northern Sun,ii,ii,
2,regular,2021-09-11 23:00:00+00:00,Tarleton State,Fort Lewis,54,7,True,False,False,Western Athletic,Rocky Mountain,fcs,ii,
2,regular,2021-09-11 23:00:00+00:00,Grand Valley State,CSU Pueblo,34,14,True,False,False,GLIAC,Rocky Mountain,ii,ii,
2,regular,2021-09-11 23:30:00+00:00,Kentucky,Missouri,35,28,True,False,True,SEC,SEC,fbs,fbs,
2,regular,2021-09-11 23:30:00+00:00,North Carolina,Georgia State,59,17,True,False,False,ACC,Sun Belt,fbs,fbs,
2,regular,2021-09-11 23:30:00+00:00,Maryland,Howard,62,0,True,False,False,Big Ten,MEAC,fbs,fcs,
2,regular,2021-09-11 23:30:00+00:00,Indiana,Idaho,56,14,True,False,False,Big Ten,Big Sky,fbs,fcs,
2,regular,2021-09-11 23:30:00+00:00,Ole Miss,Austin Peay,54,17,True,False,False,SEC,OVC,fbs,fcs,
2,regular,2021-09-11 23:30:00+00:00,East Tennessee State,UVA Wise,45,14,True,False,False,Southern,South Atlantic,fcs,ii,
2,regular,2021-09-12 00:00:00+00:00,Montana State,Drake,45,7,True,False,False,Big Sky,Pioneer,fcs,fcs,
2,regular,2021-09-12 00:00:00+00:00,Incarnate Word,Prairie View A&M,40,9,True,False,False,Southland,SWAC,fcs,fcs,
2,regular,2021-09-12 00:00:00+00:00,Florida State,Jacksonville State,17,20,True,False,False,ACC,AWC,fbs,fcs,
2,regular,2021-09-12 00:00:00+00:00,Michigan,Washington,31,10,True,False,False,Big Ten,Pac-12,fbs,fbs,
2,regular,2021-09-12 00:00:00+00:00,LSU,McNeese,34,7,True,False,False,SEC,Southland,fbs,fcs,
2,regular,2021-09-12 00:00:00+00:00,Montana,Western Illinois,42,7,True,False,False,Big Sky,MVFC,fcs,fcs,
2,regular,2021-09-12 00:00:00+00:00,Missouri State,Central Arkansas,43,34,True,False,False,MVFC,AWC,fcs,fcs,
2,regular,2021-09-12 00:00:00+00:00,Texas A&M-Kingsville,Western Oregon,24,10,True,False,False,Lone Star,Great Northwest,ii,ii,
2,regular,2021-09-12 00:00:00+00:00,Pittsburg State,Nebraska Kearney,17,28,True,False,True,Mid America,Mid America,ii,ii,
2,regular,2021-09-12 00:00:00+00:00,Emporia State,Central Oklahoma,31,21,True,False,True,Mid America,Mid America,ii,ii,
2,regular,2021-09-12 00:00:00+00:00,Eastern New Mexico,Adams State,42,14,True,False,False,Lone Star,Rocky Mountain,ii,ii,
2,regular,2021-09-12 01:00:00+00:00,Sacramento State,Northern Iowa,16,34,True,False,False,Big Sky,MVFC,fcs,fcs,
2,regular,2021-09-12 02:00:00+00:00,Colorado State,Vanderbilt,21,24,True,False,False,Mountain West,SEC,fbs,fbs,
2,regular,2021-09-12 02:00:00+00:00,Utah Tech,Weber State,3,41,True,False,False,Western Athletic,Big Sky,fcs,fcs,
2,regular,2021-09-12 02:00:00+00:00,Fresno State,Cal Poly,63,10,True,False,False,Mountain West,Big Sky,fbs,fcs,
2,regular,2021-09-12 02:00:00+00:00,Arizona,San Diego State,14,38,True,False,False,Pac-12,Mountain West,fbs,fbs,
2,regular,2021-09-12 02:15:00+00:00,BYU,Utah,26,17,True,False,False,FBS Independents,Pac-12,fbs,fbs,
2,regular,2021-09-12 02:30:00+00:00,USC,Stanford,28,42,True,False,True,Pac-12,Pac-12,fbs,fbs,
2,regular,2021-09-12 02:30:00+00:00,Nevada,Idaho State,49,10,True,False,False,Mountain West,Big Sky,fbs,fcs,
2,regular,2021-09-12 02:30:00+00:00,Arizona State,UNLV,37,10,True,False,False,Pac-12,Mountain West,fbs,fbs,
2,regular,2021-09-12 03:00:00+00:00,Oregon State,Hawai'i,45,27,True,False,False,Pac-12,Mountain West,fbs,fbs,
3,regular,2021-09-16 17:00:00+00:00,Frostburg State,Charleston (WV),30,24,True,False,True,Mountain East,Mountain East,ii,ii,
3,regular,2021-09-16 23:30:00+00:00,Bethune-Cookman,Alabama A&M,27,30,True,False,True,SWAC,SWAC,fcs,fcs,
3,regular,2021-09-17 00:00:00+00:00,Louisiana,Ohio,49,14,True,False,False,Sun Belt,Mid-American,fbs,fbs,
3,regular,2021-09-17 23:00:00+00:00,Southern Connecticut State,Saint Anselm,34,31,True,False,True,Northeast 10,Northeast 10,ii,ii,
3,regular,2021-09-17 23:30:00+00:00,Louisville,UCF,42,35,True,False,False,ACC,American Athletic,fbs,fbs,
3,regular,2021-09-18 01:00:00+00:00,Illinois,Maryland,17,20,True,False,True,Big Ten,Big Ten,fbs,fbs,
3,regular,2021-09-18 16:00:00+00:00,Michigan,Northern Illinois,63,10,True,False,False,Big Ten,Mid-American,fbs,fbs,
3,regular,2021-09-18 16:00:00+00:00,West Virginia,Virginia Tech,27,21,True,False,False,Big 12,ACC,fbs,fbs,
3,regular,2021-09-18 16:00:00+00:00,Pittsburgh,Western Michigan,41,44,True,False,False,ACC,Mid-American,fbs,fbs,
3,regular,2021-09-18 16:00:00+00:00,Miami,Michigan State,17,38,True,False,False,ACC,Big Ten,fbs,fbs,
3,regular,2021-09-18 16:00:00+00:00,Army,UConn,52,21,True,False,False,FBS Independents,FBS Independents,fbs,fbs,
3,regular,2021-09-18 16:00:00+00:00,Lehigh,Princeton,0,32,True,False,False,Patriot,Ivy,fcs,fcs,
3,regular,2021-09-18 16:00:00+00:00,Indiana,Cincinnati,24,38,True,False,False,Big Ten,American Athletic,fbs,fbs,
3,regular,2021-09-18 16:00:00+00:00,Temple,Boston College,3,28,True,False,False,American Athletic,ACC,fbs,fbs,
3,regular,2021-09-18 16:00:00+00:00,Saint Francis,Wagner,39,24,True,False,True,NEC,NEC,fcs,fcs,
3,regular,2021-09-18 16:00:00+00:00,Texas A&M,New Mexico,34,0,True,False,False,SEC,Mountain West,fbs,fbs,
3,regular,2021-09-18 16:00:00+00:00,Oklahoma,Nebraska,23,16,True,False,False,Big 12,Big Ten,fbs,fbs,
3,regular,2021-09-18 16:00:00+00:00,Missouri,Southeast Missouri State,59,28,True,False,False,SEC,OVC,fbs,fcs,
3,regular,2021-09-18 16:00:00+00:00,Buffalo,Coastal Carolina,25,28,True,False,False,Mid-American,Sun Belt,fbs,fbs,
3,regular,2021-09-18 16:00:00+00:00,Tennessee,Tennessee Tech,56,0,True,False,False,SEC,OVC,fbs,fcs,
3,regular,2021-09-18 16:00:00+00:00,Kentucky,Chattanooga,28,23,True,False,False,SEC,Southern,fbs,fcs,
3,regular,2021-09-18 16:00:00+00:00,West Chester,Edinboro,41,37,True,False,True,Pennsylvania State Athletic,Pennsylvania State Athletic,ii,ii,
3,regular,2021-09-18 16:00:00+00:00,Clark Atlanta,Shorter,17,38,True,False,False,SIAC,Gulf South,ii,ii,
3,regular,2021-09-18 16:00:00+00:00,Howard,Hampton,32,48,True,True,False,MEAC,Big South,fcs,fcs,
3,regular,2021-09-18 16:00:00+00:00,Syracuse,UAlbany,62,24,True,False,False,ACC,CAA,fbs,fcs,
3,regular,2021-09-18 16:00:00+00:00,Yale,Holy Cross,17,20,True,False,False,Ivy,Patriot,fcs,fcs,
3,regular,2021-09-18 16:00:00+00:00,Central Connecticut,SE Louisiana,10,56,True,False,False,NEC,Southland,fcs,fcs,
3,regular,2021-09-18 16:00:00+00:00,Maine,Merrimack,31,26,True,False,False,CAA,NEC,fcs,fcs,
3,regular,2021-09-18 16:05:00+00:00,Kutztown,Seton Hill,14,3,True,False,True,Pennsylvania State Athletic,Pennsylvania State Athletic,ii,ii,
3,regular,2021-09-18 16:30:00+00:00,Brown,Rhode Island,24,45,True,False,False,Ivy,CAA,fcs,fcs,
3,regular,2021-09-18 16:30:00+00:00,Lafayette,New Hampshire,13,19,True,False,False,Patriot,CAA,fcs,fcs,
3,regular,2021-09-18 16:30:00+00:00,Georgetown,Harvard,9,44,True,False,False,Patriot,Ivy,fcs,fcs,
3,regular,2021-09-18 17:00:00+00:00,Fairmont State,West Virginia State,23,30,True,False,True,Mountain East,Mountain East,ii,ii,
3,regular,2021-09-18 17:00:00+00:00,Chowan,Erskine,49,19,True,False,False,CIAA,Independent DII,ii,ii,
3,regular,2021-09-18 17:00:00+00:00,Colgate,William & Mary,7,27,True,False,False,Patriot,CAA,fcs,fcs,
3,regular,2021-09-18 17:00:00+00:00,Clarion,Shippensburg,33,62,True,False,True,Pennsylvania State Athletic,Pennsylvania State Athletic,ii,ii,
3,regular,2021-09-18 17:00:00+00:00,New Haven,Bowie State,13,27,True,False,False,Northeast 10,CIAA,ii,ii,
3,regular,2021-09-18 17:00:00+00:00,Columbia,Marist,37,14,True,False,False,Ivy,Pioneer,fcs,fcs,
3,regular,2021-09-18 17:00:00+00:00,Truman State,Hillsdale,38,24,True,False,False,Great Lakes,Great Midwest Athletic,ii,ii,
3,regular,2021-09-18 17:00:00+00:00,California (PA),Millersville,30,0,True,False,True,Pennsylvania State Athletic,Pennsylvania State Athletic,ii,ii,
3,regular,2021-09-18 17:00:00+00:00,Catawba,Barton,17,10,True,False,False,South Atlantic,Independent DII,ii,ii,
3,regular,2021-09-18 17:00:00+00:00,Carson Newman,Wingate,3,25,True,False,True,South Atlantic,South Atlantic,ii,ii,
3,regular,2021-09-18 17:00:00+00:00,William Jewell,Ohio Dominican,25,35,True,False,False,Great Lakes,Great Midwest Athletic,ii,ii,
3,regular,2021-09-18 17:00:00+00:00,Sacred Heart,Morgan State,21,7,True,False,False,NEC,MEAC,fcs,fcs,
3,regular,2021-09-18 17:00:00+00:00,Mars Hill,UVA Wise,44,9,True,False,True,South Atlantic,South Atlantic,ii,ii,
3,regular,2021-09-18 17:00:00+00:00,Shaw,Central State,52,0,True,False,False,CIAA,SIAC,ii,ii,
3,regular,2021-09-18 17:00:00+00:00,Wheeling,Alderson-Broaddus,28,6,True,False,True,Mountain East,Mountain East,ii,ii,
3,regular,2021-09-18 17:00:00+00:00,Northern Michigan,Davenport,20,14,True,False,True,GLIAC,GLIAC,ii,ii,
3,regular,2021-09-18 17:00:00+00:00,Assumption,Pace,32,21,True,False,True,Northeast 10,Northeast 10,ii,ii,
3,regular,2021-09-18 17:00:00+00:00,Colorado,Minnesota,0,30,True,False,False,Pac-12,Big Ten,fbs,fbs,
3,regular,2021-09-18 17:05:00+00:00,East Stroudsburg,Mercyhurst,17,7,True,False,True,Pennsylvania State Athletic,Pennsylvania State Athletic,ii,ii,
3,regular,2021-09-18 18:00:00+00:00,Eastern New Mexico,Texas A&M-Kingsville,10,36,True,False,True,Lone Star,Lone Star,ii,ii,
3,regular,2021-09-18 18:00:00+00:00,McKendree,Lake Erie,10,17,True,False,False,Great Lakes,Great Midwest Athletic,ii,ii,
3,regular,2021-09-18 18:00:00+00:00,Valparaiso,Dartmouth,18,28,True,False,False,Pioneer,Ivy,fcs,fcs,
3,regular,2021-09-18 18:00:00+00:00,Sioux Falls,Concordia St. Paul,50,14,True,False,True,Northern Sun,Northern Sun,ii,ii,
3,regular,2021-09-18 18:00:00+00:00,IU Pennsylvania,Shepherd,21,37,True,False,True,Pennsylvania State Athletic,Pennsylvania State Athletic,ii,ii,
3,regular,2021-09-18 18:00:00+00:00,Fort Valley State,Lane College,24,27,True,False,True,SIAC,SIAC,ii,ii,
3,regular,2021-09-18 18:00:00+00:00,Southwest Baptist,Findlay,41,62,True,False,False,Great Lakes,Great Midwest Athletic,ii,ii,
3,regular,2021-09-18 18:00:00+00:00,Concord,West Virginia Wesleyan,28,25,True,False,True,Mountain East,Mountain East,ii,ii,
3,regular,2021-09-18 18:00:00+00:00,Tuskegee,Edward Waters,23,6,True,False,False,SIAC,SIAC,ii,ii,
3,regular,2021-09-18 18:00:00+00:00,New Mexico Highlands,Colorado Mesa,37,56,True,False,True,Rocky Mountain,Rocky Mountain,ii,ii,
3,regular,2021-09-18 18:00:00+00:00,Cornell,VMI,21,31,True,False,False,Ivy,Southern,fcs,fcs,
3,regular,2021-09-18 18:00:00+00:00,Missouri S&T,Wayne State (MI),51,45,True,False,False,Great Lakes,GLIAC,ii,ii,
3,regular,2021-09-18 18:00:00+00:00,Morehouse,Miles,14,37,True,False,True,SIAC,SIAC,ii,ii,
3,regular,2021-09-18 18:00:00+00:00,Winona State,Minnesota Duluth,23,29,True,False,True,Northern Sun,Northern Sun,ii,ii,
3,regular,2021-09-18 18:00:00+00:00,Augustana (SD),Minnesota St Moorhead,43,17,True,False,True,Northern Sun,Northern Sun,ii,ii,
3,regular,2021-09-18 18:00:00+00:00,Central Missouri,Northwest Missouri State,7,47,True,False,True,Mid America,Mid America,ii,ii,
3,regular,2021-09-18 18:00:00+00:00,Bloomsburg,Gannon,31,27,True,False,True,Pennsylvania State Athletic,Pennsylvania State Athletic,ii,ii,
3,regular,2021-09-18 18:00:00+00:00,Quincy,Walsh,38,17,True,False,False,Great Lakes,Great Midwest Athletic,ii,ii,
3,regular,2021-09-18 18:00:00+00:00,Bentley,Stonehill,24,14,True,False,True,Northeast 10,Northeast 10,ii,ii,
3,regular,2021-09-18 18:00:00+00:00,West Liberty,Notre Dame College,10,51,True,False,True,Mountain East,Mountain East,ii,ii,
3,regular,2021-09-18 18:00:00+00:00,Fort Lewis,Colorado School of Mines,0,76,True,False,True,Rocky Mountain,Rocky Mountain,ii,ii,
3,regular,2021-09-18 18:00:00+00:00,Nebraska Kearney,Washburn,28,24,True,False,True,Mid America,Mid America,ii,ii,
3,regular,2021-09-18 18:00:00+00:00,Kansas State,Nevada,38,17,True,False,False,Big 12,Mountain West,fbs,fbs,
3,regular,2021-09-18 18:30:00+00:00,Notre Dame,Purdue,27,13,True,False,False,FBS Independents,Big Ten,fbs,fbs,
3,regular,2021-09-18 18:30:00+00:00,Western Carolina,Samford,37,42,True,False,True,Southern,Southern,fcs,fcs,
3,regular,2021-09-18 19:00:00+00:00,Austin Peay,Morehead State,59,35,True,False,False,OVC,Pioneer,fcs,fcs,
3,regular,2021-09-18 19:00:00+00:00,Tusculum,Limestone,24,21,True,False,True,South Atlantic,South Atlantic,ii,ii,
3,regular,2021-09-18 19:00:00+00:00,Grand Valley State,Wisconsin La Crosse,45,24,True,False,False,GLIAC,Wisconsin,ii,iii,
3,regular,2021-09-18 19:00:00+00:00,Mississippi College,UFTL,63,0,True,False,False,Gulf South,,ii,,
3,regular,2021-09-18 19:00:00+00:00,Tennessee State,Kentucky State,41,7,True,False,False,OVC,SIAC,fcs,ii,
3,regular,2021-09-18 19:00:00+00:00,Montana State,San Diego,52,10,True,False,False,Big Sky,Pioneer,fcs,fcs,
3,regular,2021-09-18 19:00:00+00:00,CSU Pueblo,Black Hills State,19,16,True,False,True,Rocky Mountain,Rocky Mountain,ii,ii,
3,regular,2021-09-18 19:30:00+00:00,Akron,Bryant,35,14,True,False,False,Mid-American,NEC,fbs,fcs,
3,regular,2021-09-18 19:30:00+00:00,Wake Forest,Florida State,35,14,True,False,True,ACC,ACC,fbs,fbs,
3,regular,2021-09-18 19:30:00+00:00,Rutgers,Delaware,45,13,True,False,False,Big Ten,CAA,fbs,fcs,
3,regular,2021-09-18 19:30:00+00:00,Miami (OH),Long Island University,42,7,True,False,False,Mid-American,NEC,fbs,fcs,
3,regular,2021-09-18 19:30:00+00:00,Oregon State,Idaho,42,0,True,False,False,Pac-12,Big Sky,fbs,fcs,
3,regular,2021-09-18 19:30:00+00:00,Clemson,Georgia Tech,14,8,True,False,True,ACC,ACC,fbs,fbs,
3,regular,2021-09-18 19:30:00+00:00,App State,Elon,44,10,True,False,False,Sun Belt,CAA,fbs,fcs,
3,regular,2021-09-18 19:30:00+00:00,Kansas,Baylor,7,45,True,False,True,Big 12,Big 12,fbs,fbs,
3,regular,2021-09-18 19:30:00+00:00,Iowa,Kent State,30,7,True,False,False,Big Ten,Mid-American,fbs,fbs,
3,regular,2021-09-18 19:30:00+00:00,Massachusetts,Eastern Michigan,28,42,True,False,False,FBS Independents,Mid-American,fbs,fbs,
3,regular,2021-09-18 19:30:00+00:00,Washington State,USC,14,45,True,False,True,Pac-12,Pac-12,fbs,fbs,
3,regular,2021-09-18 19:30:00+00:00,Villanova,Richmond,34,27,True,False,True,CAA,CAA,fcs,fcs,
3,regular,2021-09-18 19:30:00+00:00,Florida,Alabama,29,31,True,False,True,SEC,SEC,fbs,fbs,
3,regular,2021-09-18 19:30:00+00:00,Louisiana Tech,SMU,37,39,True,False,False,Conference USA,American Athletic,fbs,fbs,
3,regular,2021-09-18 19:30:00+00:00,Ohio State,Tulsa,41,20,True,False,False,Big Ten,American Athletic,fbs,fbs,
3,regular,2021-09-18 20:00:00+00:00,Memphis,Mississippi State,31,29,True,False,False,American Athletic,SEC,fbs,fbs,
3,regular,2021-09-18 20:00:00+00:00,Toledo,Colorado State,6,22,True,False,False,Mid-American,Mountain West,fbs,fbs,
3,regular,2021-09-18 20:00:00+00:00,Northern Colorado,Lamar,10,17,True,False,False,Big Sky,Western Athletic,fcs,fcs,
3,regular,2021-09-18 20:00:00+00:00,Western Illinois,Eastern Washington,56,62,True,False,False,MVFC,Big Sky,fcs,fcs,
3,regular,2021-09-18 20:00:00+00:00,Duke,Northwestern,30,23,True,False,False,ACC,Big Ten,fbs,fbs,
3,regular,2021-09-18 20:00:00+00:00,Wyoming,Ball State,45,12,True,False,False,Mountain West,Mid-American,fbs,fbs,
3,regular,2021-09-18 20:00:00+00:00,Arkansas,Georgia Southern,45,10,True,False,False,SEC,Sun Belt,fbs,fbs,
3,regular,2021-09-18 20:00:00+00:00,California,Sacramento State,42,30,True,False,False,Pac-12,Big Sky,fbs,fcs,
3,regular,2021-09-18 20:15:00+00:00,Washington,Arkansas State,52,3,True,False,False,Pac-12,Sun Belt,fbs,fbs,
3,regular,2021-09-18 21:00:00+00:00,North Dakota,Drake,38,0,True,False,False,MVFC,Pioneer,fcs,fcs,
3,regular,2021-09-18 21:00:00+00:00,Northern Iowa,St. Thomas (MN),44,3,True,False,False,MVFC,Pioneer,fcs,fcs,
3,regular,2021-09-18 21:00:00+00:00,Portland State,Western Oregon,21,7,True,False,False,Big Sky,Great Northwest,fcs,ii,
3,regular,2021-09-18 21:00:00+00:00,Bowling Green,Murray State,27,10,True,False,False,Mid-American,OVC,fbs,fcs,
3,regular,2021-09-18 21:00:00+00:00,Minnesota State,Bemidji State,45,24,True,False,True,Northern Sun,Northern Sun,ii,ii,
3,regular,2021-09-18 22:00:00+00:00,Franklin Pierce,American International,19,38,True,False,True,Northeast 10,Northeast 10,ii,ii,
3,regular,2021-09-18 22:00:00+00:00,Slippery Rock,Lock Haven,57,7,True,False,True,Pennsylvania State Athletic,Pennsylvania State Athletic,ii,ii,
3,regular,2021-09-18 22:00:00+00:00,Virginia Union,Virginia Lynchburg,49,7,True,False,False,CIAA,,ii,,
3,regular,2021-09-18 22:00:00+00:00,Allen,Livingstone,34,32,True,False,False,SIAC,CIAA,ii,ii,
3,regular,2021-09-18 22:00:00+00:00,Johnson C. Smith,Bluefield State,12,20,True,False,False,CIAA,Independent DII,ii,ii,
3,regular,2021-09-18 22:00:00+00:00,UNC Pembroke,Glenville State,36,22,True,False,True,Mountain East,Mountain East,ii,ii,
3,regular,2021-09-18 22:00:00+00:00,West Georgia,Delta State,27,26,True,False,True,Gulf South,Gulf South,ii,ii,
3,regular,2021-09-18 22:00:00+00:00,Florida Atlantic,Fordham,45,14,True,False,False,Conference USA,Patriot,fbs,fcs,
3,regular,2021-09-18 22:00:00+00:00,Savannah State,Benedict,41,34,True,False,True,SIAC,SIAC,ii,ii,
3,regular,2021-09-18 22:00:00+00:00,Indianapolis,Tiffin,17,20,True,False,False,Great Lakes,Great Midwest Athletic,ii,ii,
3,regular,2021-09-18 22:00:00+00:00,Newberry,Lenoir Rhyne,28,21,True,False,True,South Atlantic,South Atlantic,ii,ii,
3,regular,2021-09-18 22:00:00+00:00,Marshall,East Carolina,38,42,True,False,False,Conference USA,American Athletic,fbs,fbs,
3,regular,2021-09-18 22:00:00+00:00,The Citadel,North Greenville,45,13,True,False,False,Southern,Gulf South,fcs,ii,
3,regular,2021-09-18 22:00:00+00:00,North Carolina Central,Winston-Salem State,20,13,True,False,False,MEAC,CIAA,fcs,ii,
3,regular,2021-09-18 22:00:00+00:00,Charleston Southern,Monmouth,14,41,True,False,True,Big South,Big South,fcs,fcs,
3,regular,2021-09-18 22:00:00+00:00,Towson,North Dakota State,7,35,True,False,False,CAA,MVFC,fcs,fcs,
3,regular,2021-09-18 22:00:00+00:00,Wofford,Kennesaw State,10,31,True,False,False,Southern,Big South,fcs,fcs,
3,regular,2021-09-18 22:00:00+00:00,Gardner-Webb,Lincoln (PA),56,0,True,False,False,Big South,CIAA,fcs,ii,
3,regular,2021-09-18 22:00:00+00:00,UTSA,Middle Tennessee,27,13,True,False,True,Conference USA,Conference USA,fbs,fbs,
3,regular,2021-09-18 22:00:00+00:00,Norfolk State,Elizabeth City State,63,26,True,False,False,MEAC,CIAA,fcs,ii,
3,regular,2021-09-18 22:00:00+00:00,Liberty,Old Dominion,45,17,True,False,False,FBS Independents,Conference USA,fbs,fbs,
3,regular,2021-09-18 22:00:00+00:00,Bucknell,Pennsylvania,6,30,True,False,False,Patriot,Ivy,fcs,fcs,
3,regular,2021-09-18 22:00:00+00:00,Campbell,Presbyterian,72,0,True,False,False,Big South,Pioneer,fcs,fcs,
3,regular,2021-09-18 23:00:00+00:00,Central Arkansas,Arkansas-Pine Bluff,45,23,True,False,False,AWC,SWAC,fcs,fcs,
3,regular,2021-09-18 23:00:00+00:00,Jacksonville State,North Alabama,27,24,True,False,False,AWC,Big South,fcs,fcs,
3,regular,2021-09-18 23:00:00+00:00,Stephen F. Austin,Mississippi Valley State,58,13,True,False,False,Western Athletic,SWAC,fcs,fcs,
3,regular,2021-09-18 23:00:00+00:00,Abilene Christian,UT Permian Basin,34,9,True,False,False,Western Athletic,Lone Star,fcs,ii,
3,regular,2021-09-18 23:00:00+00:00,Southern,McNeese,24,31,True,False,False,SWAC,Southland,fcs,fcs,
3,regular,2021-09-18 23:00:00+00:00,Northwestern State,UT Martin,10,35,True,False,False,Southland,OVC,fcs,fcs,
3,regular,2021-09-18 23:00:00+00:00,Eastern Kentucky,Indiana State,21,23,True,False,False,AWC,MVFC,fcs,fcs,
3,regular,2021-09-18 23:00:00+00:00,Georgia,South Carolina,40,13,True,False,True,SEC,SEC,fbs,fbs,
3,regular,2021-09-18 23:00:00+00:00,Georgia State,Charlotte,20,9,True,False,False,Sun Belt,Conference USA,fbs,fbs,
3,regular,2021-09-18 23:00:00+00:00,Southern Illinois,Dayton,55,3,True,False,False,MVFC,Pioneer,fcs,fcs,
3,regular,2021-09-18 23:00:00+00:00,Eastern Illinois,Illinois State,24,31,True,False,False,OVC,MVFC,fcs,fcs,
3,regular,2021-09-18 23:00:00+00:00,Tarleton State,Southern Utah,35,40,True,False,False,Western Athletic,Big Sky,fcs,fcs,
3,regular,2021-09-18 23:00:00+00:00,Prairie View A&M,Houston Christian,37,27,True,False,False,SWAC,Southland,fcs,fcs,
3,regular,2021-09-18 23:00:00+00:00,Taylor,Butler,24,77,True,False,False,,Pioneer,,fcs,
3,regular,2021-09-18 23:00:00+00:00,East Texas A&M,West Florida,17,35,True,False,False,Lone Star,Gulf South,ii,ii,
3,regular,2021-09-18 23:00:00+00:00,Ferris State,Saginaw Valley State,47,45,True,False,True,GLIAC,GLIAC,ii,ii,
3,regular,2021-09-18 23:00:00+00:00,Houston,Grambling,45,0,True,False,False,American Athletic,SWAC,fbs,fcs,
3,regular,2021-09-18 23:00:00+00:00,Southern Miss,Troy,9,21,True,False,False,Conference USA,Sun Belt,fbs,fbs,
3,regular,2021-09-18 23:00:00+00:00,East Central,Southern Nazarene,40,13,True,False,True,Great American,Great American,ii,ii,
3,regular,2021-09-18 23:00:00+00:00,South Florida,Florida A&M,38,17,True,False,False,American Athletic,SWAC,fbs,fcs,
3,regular,2021-09-18 23:00:00+00:00,Southern Arkansas,Harding,6,37,True,False,True,Great American,Great American,ii,ii,
3,regular,2021-09-18 23:00:00+00:00,Angelo State,Midwestern State,17,35,True,False,True,Lone Star,Lone Star,ii,ii,
3,regular,2021-09-18 23:00:00+00:00,Valdosta State,Albany State,21,3,True,False,False,Gulf South,SIAC,ii,ii,
3,regular,2021-09-18 23:00:00+00:00,Missouri Western,Emporia State,38,37,True,False,True,Mid America,Mid America,ii,ii,
3,regular,2021-09-18 23:00:00+00:00,Southwest Minnesota State,University of Mary,23,45,True,False,True,Northern Sun,Northern Sun,ii,ii,
3,regular,2021-09-18 23:00:00+00:00,Southeastern Oklahoma State,Southwestern Oklahoma State,37,28,True,False,True,Great American,Great American,ii,ii,
3,regular,2021-09-18 23:00:00+00:00,Upper Iowa,Northern State,22,40,True,False,True,Northern Sun,Northern Sun,ii,ii,
3,regular,2021-09-18 23:00:00+00:00,Arkansas Monticello,Henderson State,18,58,True,False,True,Great American,Great American,ii,ii,
3,regular,2021-09-18 23:00:00+00:00,Ouachita Baptist,Arkansas Tech,38,24,True,False,True,Great American,Great American,ii,ii,
3,regular,2021-09-18 23:00:00+00:00,Northeastern State,Pittsburg State,13,48,True,False,True,Mid America,Mid America,ii,ii,
3,regular,2021-09-18 23:00:00+00:00,San Diego State,Utah,33,31,True,False,False,Mountain West,Pac-12,fbs,fbs,
3,regular,2021-09-18 23:00:00+00:00,Wayne State (NE),Minot State,48,0,True,False,True,Northern Sun,Northern Sun,ii,ii,
3,regular,2021-09-18 23:00:00+00:00,Oklahoma Baptist,Northwestern (OK),56,42,True,False,True,Great American,Great American,ii,ii,
3,regular,2021-09-18 23:00:00+00:00,Texas State,Incarnate Word,34,42,True,False,False,Sun Belt,Southland,fbs,fcs,
3,regular,2021-09-18 23:00:00+00:00,Texas Tech,Florida International,54,21,True,False,False,Big 12,Conference USA,fbs,fbs,
3,regular,2021-09-18 23:30:00+00:00,LSU,Central Michigan,49,21,True,False,False,SEC,Mid-American,fbs,fbs,
3,regular,2021-09-18 23:30:00+00:00,Air Force,Utah State,45,49,True,False,True,Mountain West,Mountain West,fbs,fbs,
3,regular,2021-09-18 23:30:00+00:00,NC State,Furman,45,7,True,False,False,ACC,Southern,fbs,fcs,
3,regular,2021-09-18 23:30:00+00:00,North Carolina,Virginia,59,39,True,False,True,ACC,ACC,fbs,fbs,
3,regular,2021-09-18 23:30:00+00:00,North Texas,UAB,6,40,True,False,True,Conference USA,Conference USA,fbs,fbs,
3,regular,2021-09-18 23:30:00+00:00,Oregon,Stony Brook,48,7,True,False,False,Pac-12,CAA,fbs,fcs,
3,regular,2021-09-18 23:30:00+00:00,Penn State,Auburn,28,20,True,False,False,Big Ten,SEC,fbs,fbs,
3,regular,2021-09-18 23:30:00+00:00,East Tennessee State,Delaware State,38,6,True,False,False,Southern,MEAC,fcs,fcs,
3,regular,2021-09-19 00:00:00+00:00,Cal Poly,South Dakota,14,48,True,False,False,Big Sky,MVFC,fcs,fcs,
3,regular,2021-09-19 00:00:00+00:00,Weber State,James Madison,24,37,True,False,False,Big Sky,CAA,fcs,fcs,
3,regular,2021-09-19 00:00:00+00:00,Lindenwood,Kentucky Wesleyan,56,34,True,False,False,Great Lakes Valley,Great Midwest Athletic,ii,ii,
3,regular,2021-09-19 00:00:00+00:00,Fort Hays,Lincoln (MO),72,0,True,False,True,Mid America,Mid America,ii,ii,
3,regular,2021-09-19 00:00:00+00:00,UL Monroe,Jackson State,12,7,True,False,False,Sun Belt,SWAC,fbs,fcs,
3,regular,2021-09-19 00:00:00+00:00,Ole Miss,Tulane,61,21,True,False,False,SEC,American Athletic,fbs,fbs,
3,regular,2021-09-19 00:00:00+00:00,Texas,Rice,58,0,True,False,False,Big 12,Conference USA,fbs,fbs,
3,regular,2021-09-19 00:00:00+00:00,South Alabama,Alcorn State,28,21,True,False,False,Sun Belt,SWAC,fbs,fcs,
3,regular,2021-09-19 00:00:00+00:00,Central Oklahoma,Missouri Southern State,10,14,True,False,True,Mid America,Mid America,ii,ii,
3,regular,2021-09-19 00:00:00+00:00,West Texas,Western New Mexico,42,14,True,False,True,Lone Star,Lone Star,ii,ii,
3,regular,2021-09-19 00:00:00+00:00,New Mexico State,South Carolina State,43,35,True,False,False,FBS Independents,MEAC,fbs,fcs,
3,regular,2021-09-19 00:00:00+00:00,Vanderbilt,Stanford,23,41,True,False,False,SEC,Pac-12,fbs,fbs,
3,regular,2021-09-19 00:30:00+00:00,Chadron State,South Dakota Mines,31,20,True,False,True,Rocky Mountain,Rocky Mountain,ii,ii,
3,regular,2021-09-19 01:00:00+00:00,Adams State,Western Colorado,10,24,True,False,True,Rocky Mountain,Rocky Mountain,ii,ii,
3,regular,2021-09-19 01:00:00+00:00,Boise State,Oklahoma State,20,21,True,False,False,Mountain West,Big 12,fbs,fbs,
3,regular,2021-09-19 01:00:00+00:00,Simon Fraser,Central Washington,14,36,True,False,True,Great Northwest,Great Northwest,ii,ii,
3,regular,2021-09-19 02:00:00+00:00,Arizona,Northern Arizona,19,21,True,False,False,Pac-12,Big Sky,fbs,fcs,
3,regular,2021-09-19 02:00:00+00:00,UC Davis,Utah Tech,60,27,True,False,False,Big Sky,Western Athletic,fcs,fcs,
3,regular,2021-09-19 02:15:00+00:00,BYU,Arizona State,27,17,True,False,False,FBS Independents,Pac-12,fbs,fbs,
3,regular,2021-09-19 02:30:00+00:00,UNLV,Iowa State,3,48,True,False,False,Mountain West,Big 12,fbs,fbs,
3,regular,2021-09-19 02:45:00+00:00,UCLA,Fresno State,37,40,True,False,False,Pac-12,Mountain West,fbs,fbs,
3,regular,2021-09-19 04:30:00+00:00,Hawai'i,San José State,13,17,True,False,True,Mountain West,Mountain West,fbs,fbs,
4,regular,2021-09-23 23:30:00+00:00,App State,Marshall,31,30,True,False,False,Sun Belt,Conference USA,fbs,fbs,
4,regular,2021-09-23 23:30:00+00:00,Arkansas-Pine Bluff,Alcorn State,38,39,True,False,True,SWAC,SWAC,fcs,fcs,
4,regular,2021-09-24 22:30:00+00:00,Charlotte,Middle Tennessee,42,39,True,False,True,Conference USA,Conference USA,fbs,fbs,
4,regular,2021-09-24 23:00:00+00:00,Harvard,Brown,49,17,True,False,True,Ivy,Ivy,fcs,fcs,
4,regular,2021-09-24 23:00:00+00:00,Virginia,Wake Forest,17,37,True,False,True,ACC,ACC,fbs,fbs,
4,regular,2021-09-25 00:00:00+00:00,Syracuse,Liberty,24,21,True,False,False,ACC,FBS Independents,fbs,fbs,
4,regular,2021-09-25 02:00:00+00:00,Fresno State,UNLV,38,30,True,False,True,Mountain West,Mountain West,fbs,fbs,
4,regular,2021-09-25 16:00:00+00:00,Utah State,Boise State,3,27,True,False,True,Mountain West,Mountain West,fbs,fbs,
4,regular,2021-09-25 16:00:00+00:00,Boston College,Missouri,41,34,True,False,False,ACC,SEC,fbs,fbs,
4,regular,2021-09-25 16:00:00+00:00,Virginia Tech,Richmond,21,10,True,False,False,ACC,CAA,fbs,fcs,
4,regular,2021-09-25 16:00:00+00:00,TCU,SMU,34,42,True,False,False,Big 12,American Athletic,fbs,fbs,
4,regular,2021-09-25 16:00:00+00:00,UVA Wise,Carson Newman,33,7,True,False,True,South Atlantic,South Atlantic,ii,ii,
4,regular,2021-09-25 16:00:00+00:00,Army,Miami (OH),23,10,True,False,False,FBS Independents,Mid-American,fbs,fbs,
4,regular,2021-09-25 16:00:00+00:00,Pittsburgh,New Hampshire,77,7,True,False,False,ACC,CAA,fbs,fcs,
4,regular,2021-09-25 16:00:00+00:00,Incarnate Word,McNeese,31,0,True,False,True,Southland,Southland,fcs,fcs,
4,regular,2021-09-25 16:00:00+00:00,Temple,Wagner,41,7,True,False,False,American Athletic,NEC,fbs,fcs,
4,regular,2021-09-25 16:00:00+00:00,Shepherd,Kutztown,29,37,True,False,True,Pennsylvania State Athletic,Pennsylvania State Athletic,ii,ii,
4,regular,2021-09-25 16:00:00+00:00,Northwestern,Ohio,35,6,True,False,False,Big Ten,Mid-American,fbs,fbs,
4,regular,2021-09-25 16:00:00+00:00,Davidson,San Diego,28,16,True,False,True,Pioneer,Pioneer,fcs,fcs,
4,regular,2021-09-25 16:00:00+00:00,Minnesota,Bowling Green,10,14,True,False,False,Big Ten,Mid-American,fbs,fbs,
4,regular,2021-09-25 16:00:00+00:00,Saint Francis,Norfolk State,16,28,True,False,False,NEC,MEAC,fcs,fcs,
4,regular,2021-09-25 16:00:00+00:00,Vanderbilt,Georgia,0,62,True,False,True,SEC,SEC,fbs,fbs,
4,regular,2021-09-25 16:00:00+00:00,Texas,Texas Tech,70,35,True,False,True,Big 12,Big 12,fbs,fbs,
4,regular,2021-09-25 16:00:00+00:00,Yale,Cornell,23,17,True,False,True,Ivy,Ivy,fcs,fcs,
4,regular,2021-09-25 16:00:00+00:00,American International,Bentley,27,35,True,False,True,Northeast 10,Northeast 10,ii,ii,
4,regular,2021-09-25 16:00:00+00:00,Wisconsin,Notre Dame,13,41,True,True,False,Big Ten,FBS Independents,fbs,fbs,
4,regular,2021-09-25 16:00:00+00:00,Edinboro,California (PA),12,20,True,False,True,Pennsylvania State Athletic,Pennsylvania State Athletic,ii,ii,
4,regular,2021-09-25 16:00:00+00:00,Glenville State,Wheeling,10,27,True,False,True,Mountain East,Mountain East,ii,ii,
4,regular,2021-09-25 16:00:00+00:00,Penn State,Villanova,38,17,True,False,False,Big Ten,CAA,fbs,fcs,
4,regular,2021-09-25 16:00:00+00:00,Kentucky Wesleyan,William Jewell,41,21,True,False,False,Great Midwest Athletic,Great Lakes,ii,ii,
4,regular,2021-09-25 16:00:00+00:00,Findlay,Lindenwood,16,28,True,False,False,Great Midwest Athletic,Great Lakes Valley,ii,ii,
4,regular,2021-09-25 16:00:00+00:00,Notre Dame College,West Virginia State,38,14,True,False,True,Mountain East,Mountain East,ii,ii,
4,regular,2021-09-25 16:00:00+00:00,Robert Morris,Howard,22,16,True,False,False,Big South,MEAC,fcs,fcs,
4,regular,2021-09-25 16:00:00+00:00,Central Michigan,Florida International,31,27,True,False,False,Mid-American,Conference USA,fbs,fbs,
4,regular,2021-09-25 16:00:00+00:00,Mississippi State,LSU,25,28,True,False,True,SEC,SEC,fbs,fbs,
4,regular,2021-09-25 16:30:00+00:00,Miami,Central Connecticut,69,0,True,False,False,ACC,NEC,fbs,fcs,
4,regular,2021-09-25 17:00:00+00:00,Lincoln (PA),Shaw,6,41,True,False,True,CIAA,CIAA,ii,ii,
4,regular,2021-09-25 17:00:00+00:00,Princeton,Stetson,63,0,True,False,False,Ivy,Pioneer,fcs,fcs,
4,regular,2021-09-25 17:00:00+00:00,Johnson C. Smith,Virginia Union,7,43,True,False,True,CIAA,CIAA,ii,ii,
4,regular,2021-09-25 17:00:00+00:00,Indiana State,South Dakota State,0,44,True,False,True,MVFC,MVFC,fcs,fcs,
4,regular,2021-09-25 17:00:00+00:00,Drake,Valparaiso,21,24,True,False,True,Pioneer,Pioneer,fcs,fcs,
4,regular,2021-09-25 17:00:00+00:00,St. Thomas (MN),Butler,36,0,True,False,True,Pioneer,Pioneer,fcs,fcs,
4,regular,2021-09-25 17:00:00+00:00,Monmouth,Holy Cross,15,45,True,False,False,Big South,Patriot,fcs,fcs,
4,regular,2021-09-25 17:00:00+00:00,Columbia,Georgetown,35,24,True,False,False,Ivy,Patriot,fcs,fcs,
4,regular,2021-09-25 17:00:00+00:00,Duquesne,Virginia Lynchburg,56,7,True,False,False,NEC,,fcs,,
4,regular,2021-09-25 17:00:00+00:00,Colgate,Lehigh,30,3,True,False,True,Patriot,Patriot,fcs,fcs,
4,regular,2021-09-25 17:00:00+00:00,Dayton,Presbyterian,63,43,True,False,True,Pioneer,Pioneer,fcs,fcs,
4,regular,2021-09-25 17:00:00+00:00,Erskine,North Greenville,7,38,True,False,False,Independent DII,Gulf South,ii,ii,
4,regular,2021-09-25 17:00:00+00:00,Mercyhurst,IU Pennsylvania,13,48,True,False,True,Pennsylvania State Athletic,Pennsylvania State Athletic,ii,ii,
4,regular,2021-09-25 17:00:00+00:00,Michigan Tech,Grand Valley State,21,44,True,False,True,GLIAC,GLIAC,ii,ii,
4,regular,2021-09-25 17:00:00+00:00,West Virginia Wesleyan,West Liberty,0,31,True,False,True,Mountain East,Mountain East,ii,ii,
4,regular,2021-09-25 17:00:00+00:00,Concordia St. Paul,Southwest Minnesota State,24,34,True,False,True,Northern Sun,Northern Sun,ii,ii,
4,regular,2021-09-25 17:00:00+00:00,Shorter,West Georgia,0,56,True,False,True,Gulf South,Gulf South,ii,ii,
4,regular,2021-09-25 17:00:00+00:00,St. Augustine's,Chowan,12,59,True,False,True,CIAA,CIAA,ii,ii,
4,regular,2021-09-25 17:00:00+00:00,Gannon,Clarion,56,21,True,False,True,Pennsylvania State Athletic,Pennsylvania State Athletic,ii,ii,
4,regular,2021-09-25 17:00:00+00:00,Shippensburg,Bloomsburg,51,7,True,False,True,Pennsylvania State Athletic,Pennsylvania State Athletic,ii,ii,
4,regular,2021-09-25 17:00:00+00:00,Northwood,Northern Michigan,37,20,True,False,True,GLIAC,GLIAC,ii,ii,
4,regular,2021-09-25 17:00:00+00:00,UNC Pembroke,Fairmont State,27,30,True,False,True,Mountain East,Mountain East,ii,ii,
4,regular,2021-09-25 17:00:00+00:00,Coastal Carolina,Massachusetts,53,3,True,False,False,Sun Belt,FBS Independents,fbs,fbs,
4,regular,2021-09-25 17:00:00+00:00,Ashland,Quincy,63,23,True,False,False,Great Midwest Athletic,Great Lakes,ii,ii,
4,regular,2021-09-25 17:00:00+00:00,Concord,Frostburg State,23,42,True,False,True,Mountain East,Mountain East,ii,ii,
4,regular,2021-09-25 17:00:00+00:00,Saint Anselm,Franklin Pierce,42,7,True,False,True,Northeast 10,Northeast 10,ii,ii,
4,regular,2021-09-25 17:00:00+00:00,Minnesota St Moorhead,Upper Iowa,33,28,True,False,True,Northern Sun,Northern Sun,ii,ii,
4,regular,2021-09-25 17:00:00+00:00,Alderson-Broaddus,Charleston (WV),7,69,True,False,True,Mountain East,Mountain East,ii,ii,
4,regular,2021-09-25 17:00:00+00:00,New Haven,Southern Connecticut State,38,9,True,False,True,Northeast 10,Northeast 10,ii,ii,
4,regular,2021-09-25 17:00:00+00:00,Indianapolis,Ohio Dominican,16,19,True,False,False,Great Lakes,Great Midwest Athletic,ii,ii,
4,regular,2021-09-25 17:30:00+00:00,Winston-Salem State,Elizabeth City State,14,19,True,False,True,CIAA,CIAA,ii,ii,
4,regular,2021-09-25 17:30:00+00:00,Tusculum,Newberry,19,24,True,False,True,South Atlantic,South Atlantic,ii,ii,
4,regular,2021-09-25 17:30:00+00:00,VMI,Wofford,31,23,True,False,True,Southern,Southern,fcs,fcs,
4,regular,2021-09-25 17:30:00+00:00,Dartmouth,Sacred Heart,41,3,True,False,False,Ivy,NEC,fcs,fcs,
4,regular,2021-09-25 18:00:00+00:00,Furman,Mercer,3,24,True,False,True,Southern,Southern,fcs,fcs,
4,regular,2021-09-25 18:00:00+00:00,Delaware State,Merrimack,10,47,True,False,False,MEAC,NEC,fcs,fcs,
4,regular,2021-09-25 18:00:00+00:00,Elon,William & Mary,31,34,True,False,True,CAA,CAA,fcs,fcs,
4,regular,2021-09-25 18:00:00+00:00,Central Missouri,Nebraska Kearney,28,31,True,False,True,Mid America,Mid America,ii,ii,
4,regular,2021-09-25 18:00:00+00:00,Western Michigan,San José State,23,3,True,False,False,Mid-American,Mountain West,fbs,fbs,
4,regular,2021-09-25 18:00:00+00:00,Eastern Michigan,Texas State,59,21,True,False,False,Mid-American,Sun Belt,fbs,fbs,
4,regular,2021-09-25 18:00:00+00:00,Lincoln (MO),Northeastern State,48,49,True,False,True,Mid America,Mid America,ii,ii,
4,regular,2021-09-25 18:00:00+00:00,Ball State,Toledo,12,22,True,False,True,Mid-American,Mid-American,fbs,fbs,
4,regular,2021-09-25 18:00:00+00:00,Washburn,Missouri Western,47,41,True,False,True,Mid America,Mid America,ii,ii,
4,regular,2021-09-25 18:30:00+00:00,Utah,Washington State,24,13,True,False,True,Pac-12,Pac-12,fbs,fbs,
4,regular,2021-09-25 18:30:00+00:00,Northwest Missouri State,Central Oklahoma,38,0,True,False,True,Mid America,Mid America,ii,ii,
4,regular,2021-09-25 18:30:00+00:00,Tennessee Tech,Eastern Illinois,14,28,True,False,True,OVC,OVC,fcs,fcs,
4,regular,2021-09-25 18:30:00+00:00,Northern Illinois,Maine,41,14,True,False,False,Mid-American,CAA,fbs,fcs,
4,regular,2021-09-25 19:00:00+00:00,Eastern Kentucky,Austin Peay,35,27,True,False,False,AWC,OVC,fcs,fcs,
4,regular,2021-09-25 19:00:00+00:00,Montana,Cal Poly,39,7,True,False,True,Big Sky,Big Sky,fcs,fcs,
4,regular,2021-09-25 19:00:00+00:00,Idaho State,Sacramento State,21,23,True,False,True,Big Sky,Big Sky,fcs,fcs,
4,regular,2021-09-25 19:00:00+00:00,Northern Colorado,Northern Arizona,17,10,True,False,True,Big Sky,Big Sky,fcs,fcs,
4,regular,2021-09-25 19:00:00+00:00,Southern Nazarene,Southeastern Oklahoma State,10,31,True,False,True,Great American,Great American,ii,ii,
4,regular,2021-09-25 19:00:00+00:00,Kentucky State,Benedict,34,28,True,False,True,SIAC,SIAC,ii,ii,
4,regular,2021-09-25 19:00:00+00:00,Jackson State,Delta State,24,17,True,False,False,SWAC,Gulf South,fcs,ii,
4,regular,2021-09-25 19:00:00+00:00,Tiffin,Truman State,35,38,True,False,False,Great Midwest Athletic,Great Lakes,ii,ii,
4,regular,2021-09-25 19:00:00+00:00,Samford,East Tennessee State,48,55,True,False,True,Southern,Southern,fcs,fcs,
4,regular,2021-09-25 19:00:00+00:00,Southeast Missouri State,Tennessee State,47,14,True,False,True,OVC,OVC,fcs,fcs,
4,regular,2021-09-25 19:00:00+00:00,Missouri Southern State,Fort Hays,21,42,True,False,True,Mid America,Mid America,ii,ii,
4,regular,2021-09-25 19:00:00+00:00,Black Hills State,Adams State,51,48,True,False,True,Rocky Mountain,Rocky Mountain,ii,ii,
4,regular,2021-09-25 19:00:00+00:00,Colorado Mesa,Chadron State,24,17,True,False,True,Rocky Mountain,Rocky Mountain,ii,ii,
4,regular,2021-09-25 19:00:00+00:00,Western Colorado,Fort Lewis,42,0,True,False,True,Rocky Mountain,Rocky Mountain,ii,ii,
4,regular,2021-09-25 19:00:00+00:00,Bemidji State,Augustana (SD),24,52,True,False,True,Northern Sun,Northern Sun,ii,ii,
4,regular,2021-09-25 19:00:00+00:00,University of Mary,Winona State,38,48,True,False,True,Northern Sun,Northern Sun,ii,ii,
4,regular,2021-09-25 19:00:00+00:00,Ferris State,Davenport,38,0,True,False,True,GLIAC,GLIAC,ii,ii,
4,regular,2021-09-25 19:00:00+00:00,Southern Illinois,Illinois State,35,17,True,False,True,MVFC,MVFC,fcs,fcs,
4,regular,2021-09-25 19:30:00+00:00,Iowa,Colorado State,24,14,True,False,False,Big Ten,Mountain West,fbs,fbs,
4,regular,2021-09-25 19:30:00+00:00,Michigan,Rutgers,20,13,True,False,True,Big Ten,Big Ten,fbs,fbs,
4,regular,2021-09-25 19:30:00+00:00,NC State,Clemson,27,21,True,False,True,ACC,ACC,fbs,fbs,
4,regular,2021-09-25 19:30:00+00:00,Memphis,UTSA,28,31,True,False,False,American Athletic,Conference USA,fbs,fbs,
4,regular,2021-09-25 19:30:00+00:00,Lafayette,Pennsylvania,24,14,True,False,False,Patriot,Ivy,fcs,fcs,
4,regular,2021-09-25 19:30:00+00:00,Purdue,Illinois,13,9,True,False,True,Big Ten,Big Ten,fbs,fbs,
4,regular,2021-09-25 19:30:00+00:00,UConn,Wyoming,22,24,True,False,False,FBS Independents,Mountain West,fbs,fbs,
4,regular,2021-09-25 19:30:00+00:00,Maryland,Kent State,37,16,True,False,False,Big Ten,Mid-American,fbs,fbs,
4,regular,2021-09-25 19:30:00+00:00,Baylor,Iowa State,31,29,True,False,True,Big 12,Big 12,fbs,fbs,
4,regular,2021-09-25 19:30:00+00:00,San Diego State,Towson,48,21,True,False,False,Mountain West,CAA,fbs,fcs,
4,regular,2021-09-25 19:30:00+00:00,Florida State,Louisville,23,31,True,False,True,ACC,ACC,fbs,fbs,
4,regular,2021-09-25 19:30:00+00:00,Arkansas,Texas A&M,20,10,True,True,True,SEC,SEC,fbs,fbs,
4,regular,2021-09-25 20:00:00+00:00,Millersville,West Chester,14,42,True,False,True,Pennsylvania State Athletic,Pennsylvania State Athletic,ii,ii,
4,regular,2021-09-25 20:00:00+00:00,Auburn,Georgia State,34,24,True,False,False,SEC,Sun Belt,fbs,fbs,
4,regular,2021-09-25 20:00:00+00:00,Duke,Kansas,52,33,True,False,False,ACC,Big 12,fbs,fbs,
4,regular,2021-09-25 20:00:00+00:00,Nicholls,North Alabama,31,14,True,False,False,Southland,Big South,fcs,fcs,
4,regular,2021-09-25 20:00:00+00:00,Hillsdale,Missouri S&T,38,31,True,False,False,Great Midwest Athletic,Great Lakes,ii,ii,
4,regular,2021-09-25 20:00:00+00:00,Jacksonville State,UT Martin,31,34,True,False,False,AWC,OVC,fcs,fcs,
4,regular,2021-09-25 20:00:00+00:00,Livingstone,Bowie State,0,49,True,False,True,CIAA,CIAA,ii,ii,
4,regular,2021-09-25 20:05:00+00:00,Stony Brook,Fordham,14,31,True,False,False,CAA,Patriot,fcs,fcs,
4,regular,2021-09-25 21:00:00+00:00,Prairie View A&M,Grambling,24,10,True,False,True,SWAC,SWAC,fcs,fcs,
4,regular,2021-09-25 21:00:00+00:00,Alabama A&M,Tuskegee,45,35,True,False,False,SWAC,SIAC,fcs,ii,
4,regular,2021-09-25 21:00:00+00:00,Portland State,Montana State,17,30,True,False,True,Big Sky,Big Sky,fcs,fcs,
4,regular,2021-09-25 21:00:00+00:00,Central Arkansas,Sam Houston,35,45,True,False,True,AWC,AWC,fcs,fcs,
4,regular,2021-09-25 21:00:00+00:00,Tulsa,Arkansas State,41,34,True,False,False,American Athletic,Sun Belt,fbs,fbs,
4,regular,2021-09-25 22:00:00+00:00,Lenoir Rhyne,Mars Hill,31,16,True,False,True,South Atlantic,South Atlantic,ii,ii,
4,regular,2021-09-25 22:00:00+00:00,Allen,Fort Valley State,20,56,True,False,True,SIAC,SIAC,ii,ii,
4,regular,2021-09-25 22:00:00+00:00,Gardner-Webb,Western Carolina,52,34,True,False,False,Big South,Southern,fcs,fcs,
4,regular,2021-09-25 22:00:00+00:00,East Carolina,Charleston Southern,31,28,True,False,False,American Athletic,Big South,fbs,fcs,
4,regular,2021-09-25 22:00:00+00:00,Stanford,UCLA,24,35,True,False,True,Pac-12,Pac-12,fbs,fbs,
4,regular,2021-09-25 22:00:00+00:00,Youngstown State,Western Illinois,35,38,True,False,True,MVFC,MVFC,fcs,fcs,
4,regular,2021-09-25 22:00:00+00:00,North Carolina A&T,North Carolina Central,37,14,True,False,False,Big South,MEAC,fcs,fcs,
4,regular,2021-09-25 22:00:00+00:00,Lake Erie,Southwest Baptist,20,28,True,False,False,Great Midwest Athletic,Great Lakes,ii,ii,
4,regular,2021-09-25 22:00:00+00:00,Old Dominion,Buffalo,34,35,True,False,False,Conference USA,Mid-American,fbs,fbs,
4,regular,2021-09-25 22:00:00+00:00,Georgia Southern,Louisiana,20,28,True,False,True,Sun Belt,Sun Belt,fbs,fbs,
4,regular,2021-09-25 22:00:00+00:00,Seton Hill,Slippery Rock,17,41,True,False,True,Pennsylvania State Athletic,Pennsylvania State Athletic,ii,ii,
4,regular,2021-09-25 22:00:00+00:00,Alabama State,Bethune-Cookman,38,24,True,False,True,SWAC,SWAC,fcs,fcs,
4,regular,2021-09-25 22:00:00+00:00,Edward Waters,Lane College,35,45,True,False,False,SIAC,SIAC,ii,ii,
4,regular,2021-09-25 22:00:00+00:00,South Dakota Mines,CSU Pueblo,7,49,True,False,True,Rocky Mountain,Rocky Mountain,ii,ii,
4,regular,2021-09-25 22:00:00+00:00,Savannah State,Morehouse,29,10,True,False,True,SIAC,SIAC,ii,ii,
4,regular,2021-09-25 22:00:00+00:00,Marist,Bryant,17,34,True,False,False,Pioneer,NEC,fcs,fcs,
4,regular,2021-09-25 22:00:00+00:00,Wayne State (MI),Saginaw Valley State,21,41,True,False,True,GLIAC,GLIAC,ii,ii,
4,regular,2021-09-25 22:00:00+00:00,Stonehill,Assumption,27,26,True,False,True,Northeast 10,Northeast 10,ii,ii,
4,regular,2021-09-25 22:00:00+00:00,Lock Haven,East Stroudsburg,21,45,True,False,True,Pennsylvania State Athletic,Pennsylvania State Athletic,ii,ii,
4,regular,2021-09-25 22:30:00+00:00,Rice,Texas Southern,48,34,True,False,False,Conference USA,SWAC,fbs,fcs,
4,regular,2021-09-25 23:00:00+00:00,Tarleton State,New Mexico Highlands,40,21,True,False,False,Western Athletic,Rocky Mountain,fcs,ii,
4,regular,2021-09-25 23:00:00+00:00,South Carolina,Kentucky,10,16,True,False,True,SEC,SEC,fbs,fbs,
4,regular,2021-09-25 23:00:00+00:00,Stephen F. Austin,Lincoln (CA),61,13,True,False,False,Western Athletic,,fcs,,
4,regular,2021-09-25 23:00:00+00:00,Houston,Navy,28,20,True,False,True,American Athletic,American Athletic,fbs,fbs,
4,regular,2021-09-25 23:00:00+00:00,Michigan State,Nebraska,23,20,True,False,True,Big Ten,Big Ten,fbs,fbs,
4,regular,2021-09-25 23:00:00+00:00,Oklahoma State,Kansas State,31,20,True,False,True,Big 12,Big 12,fbs,fbs,
4,regular,2021-09-25 23:00:00+00:00,Louisiana Tech,North Texas,24,17,True,False,True,Conference USA,Conference USA,fbs,fbs,
4,regular,2021-09-25 23:00:00+00:00,Lamar,Abilene Christian,0,56,True,False,True,Western Athletic,Western Athletic,fcs,fcs,
4,regular,2021-09-25 23:00:00+00:00,Florida,Tennessee,38,14,True,False,True,SEC,SEC,fbs,fbs,
4,regular,2021-09-25 23:00:00+00:00,Harding,Ouachita Baptist,38,21,True,False,True,Great American,Great American,ii,ii,
4,regular,2021-09-25 23:00:00+00:00,Minnesota Duluth,Wayne State (NE),28,31,True,False,True,Northern Sun,Northern Sun,ii,ii,
4,regular,2021-09-25 23:00:00+00:00,Southwestern Oklahoma State,Oklahoma Baptist,27,31,True,False,True,Great American,Great American,ii,ii,
4,regular,2021-09-25 23:00:00+00:00,Albany State,Clark Atlanta,49,0,True,False,True,SIAC,SIAC,ii,ii,
4,regular,2021-09-25 23:00:00+00:00,Central Washington,Angelo State,9,14,True,False,False,Great Northwest,Lone Star,ii,ii,
4,regular,2021-09-25 23:00:00+00:00,Minot State,Minnesota State,10,68,True,False,True,Northern Sun,Northern Sun,ii,ii,
4,regular,2021-09-25 23:00:00+00:00,Miles,Central State,55,4,True,False,True,SIAC,SIAC,ii,ii,
4,regular,2021-09-25 23:00:00+00:00,Northern State,Sioux Falls,41,10,True,False,True,Northern Sun,Northern Sun,ii,ii,
4,regular,2021-09-25 23:00:00+00:00,Limestone,Barton,7,45,True,False,False,South Atlantic,Independent DII,ii,ii,
4,regular,2021-09-25 23:00:00+00:00,Fayetteville State,Virginia State,28,14,True,False,True,CIAA,CIAA,ii,ii,
4,regular,2021-09-25 23:00:00+00:00,Arkansas Tech,Arkansas Monticello,20,27,True,False,True,Great American,Great American,ii,ii,
4,regular,2021-09-25 23:00:00+00:00,Henderson State,Southern Arkansas,56,49,True,False,True,Great American,Great American,ii,ii,
4,regular,2021-09-25 23:00:00+00:00,Northwestern (OK),East Central,17,20,True,False,True,Great American,Great American,ii,ii,
4,regular,2021-09-25 23:30:00+00:00,Georgia Tech,North Carolina,45,22,True,True,True,ACC,ACC,fbs,fbs,
4,regular,2021-09-25 23:30:00+00:00,Alabama,Southern Miss,63,14,True,False,False,SEC,Conference USA,fbs,fbs,
4,regular,2021-09-25 23:30:00+00:00,Oklahoma,West Virginia,16,13,True,False,True,Big 12,Big 12,fbs,fbs,
4,regular,2021-09-25 23:30:00+00:00,Ohio State,Akron,59,7,True,False,False,Big Ten,Mid-American,fbs,fbs,
4,regular,2021-09-26 00:00:00+00:00,Missouri State,South Dakota,31,23,True,False,True,MVFC,MVFC,fcs,fcs,
4,regular,2021-09-26 00:00:00+00:00,Air Force,Florida Atlantic,31,7,True,False,False,Mountain West,Conference USA,fbs,fbs,
4,regular,2021-09-26 00:00:00+00:00,Western Kentucky,Indiana,31,33,True,False,False,Conference USA,Big Ten,fbs,fbs,
4,regular,2021-09-26 00:00:00+00:00,Weber State,UC Davis,14,17,True,False,True,Big Sky,Big Sky,fcs,fcs,
4,regular,2021-09-26 00:00:00+00:00,UL Monroe,Troy,29,16,True,False,True,Sun Belt,Sun Belt,fbs,fbs,
4,regular,2021-09-26 00:00:00+00:00,New Mexico State,Hawai'i,21,41,True,False,False,FBS Independents,Mountain West,fbs,fbs,
4,regular,2021-09-26 00:00:00+00:00,Southern Utah,Eastern Washington,21,50,True,False,True,Big Sky,Big Sky,fcs,fcs,
4,regular,2021-09-26 00:00:00+00:00,Tulane,UAB,21,28,True,False,False,American Athletic,Conference USA,fbs,fbs,
4,regular,2021-09-26 00:00:00+00:00,West Texas,Colorado School of Mines,13,21,True,False,False,Lone Star,Rocky Mountain,ii,ii,
4,regular,2021-09-26 00:00:00+00:00,Midwestern State,Eastern New Mexico,31,24,True,False,True,Lone Star,Lone Star,ii,ii,
4,regular,2021-09-26 00:00:00+00:00,Texas A&M-Kingsville,East Texas A&M,10,35,True,False,True,Lone Star,Lone Star,ii,ii,
4,regular,2021-09-26 00:00:00+00:00,Western New Mexico,UT Permian Basin,19,27,True,False,True,Lone Star,Lone Star,ii,ii,
4,regular,2021-09-26 00:00:00+00:00,Pittsburg State,Emporia State,30,28,True,False,True,Mid America,Mid America,ii,ii,
4,regular,2021-09-26 00:00:00+00:00,Mississippi College,West Alabama,28,31,True,False,True,Gulf South,Gulf South,ii,ii,
4,regular,2021-09-26 01:00:00+00:00,Simon Fraser,Western Oregon,7,24,True,False,True,Great Northwest,Great Northwest,ii,ii,
4,regular,2021-09-26 01:00:00+00:00,UTEP,New Mexico,20,13,True,False,False,Conference USA,Mountain West,fbs,fbs,
4,regular,2021-09-26 01:30:00+00:00,Washington,California,31,24,True,False,True,Pac-12,Pac-12,fbs,fbs,
4,regular,2021-09-26 02:15:00+00:00,BYU,South Florida,35,27,True,False,False,FBS Independents,American Athletic,fbs,fbs,
4,regular,2021-09-26 02:30:00+00:00,Arizona State,Colorado,35,13,True,False,True,Pac-12,Pac-12,fbs,fbs,
4,regular,2021-09-26 02:30:00+00:00,Oregon,Arizona,41,19,True,False,True,Pac-12,Pac-12,fbs,fbs,
4,regular,2021-09-26 02:30:00+00:00,USC,Oregon State,27,45,True,False,True,Pac-12,Pac-12,fbs,fbs,
5,regular,2021-09-26 19:00:00+00:00,Mississippi Valley State,Southern,25,38,True,True,True,SWAC,SWAC,fcs,fcs,
5,regular,2021-09-30 23:00:00+00:00,Walsh,Ashland,10,35,True,False,True,Great Midwest Athletic,Great Midwest Athletic,ii,ii,
5,regular,2021-09-30 23:30:00+00:00,Miami,Virginia,28,30,True,False,True,ACC,ACC,fbs,fbs,
5,regular,2021-09-30 23:30:00+00:00,Prairie View A&M,Arkansas-Pine Bluff,27,17,True,False,True,SWAC,SWAC,fcs,fcs,
5,regular,2021-10-01 23:00:00+00:00,Southern Connecticut State,American International,23,7,True,False,True,Northeast 10,Northeast 10,ii,ii,
5,regular,2021-10-01 23:00:00+00:00,Pennsylvania,Dartmouth,7,31,True,False,True,Ivy,Ivy,fcs,fcs,
5,regular,2021-10-01 23:30:00+00:00,Tulsa,Houston,10,45,True,False,True,American Athletic,American Athletic,fbs,fbs,
5,regular,2021-10-02 00:00:00+00:00,Maryland,Iowa,14,51,True,False,True,Big Ten,Big Ten,fbs,fbs,
5,regular,2021-10-02 01:00:00+00:00,Utah State,BYU,20,34,True,False,False,Mountain West,FBS Independents,fbs,fbs,
5,regular,2021-10-02 16:00:00+00:00,North Carolina,Duke,38,7,True,False,True,ACC,ACC,fbs,fbs,
5,regular,2021-10-02 16:00:00+00:00,Pace,New Haven,14,28,True,False,True,Northeast 10,Northeast 10,ii,ii,
5,regular,2021-10-02 16:00:00+00:00,Purdue,Minnesota,13,20,True,False,True,Big Ten,Big Ten,fbs,fbs,
5,regular,2021-10-02 16:00:00+00:00,Georgia Tech,Pittsburgh,21,52,True,False,True,ACC,ACC,fbs,fbs,
5,regular,2021-10-02 16:00:00+00:00,Shepherd,Shippensburg,59,27,True,False,True,Pennsylvania State Athletic,Pennsylvania State Athletic,ii,ii,
5,regular,2021-10-02 16:00:00+00:00,Buffalo,Western Michigan,17,24,True,False,True,Mid-American,Mid-American,fbs,fbs,
5,regular,2021-10-02 16:00:00+00:00,Wisconsin,Michigan,17,38,True,False,True,Big Ten,Big Ten,fbs,fbs,
5,regular,2021-10-02 16:00:00+00:00,Millersville,Lock Haven,31,29,True,False,True,Pennsylvania State Athletic,Pennsylvania State Athletic,ii,ii,
5,regular,2021-10-02 16:00:00+00:00,Georgia,Arkansas,37,0,True,False,True,SEC,SEC,fbs,fbs,
5,regular,2021-10-02 16:00:00+00:00,Temple,Memphis,34,31,True,False,True,American Athletic,American Athletic,fbs,fbs,
5,regular,2021-10-02 16:00:00+00:00,Massachusetts,Toledo,7,45,True,False,False,FBS Independents,Mid-American,fbs,fbs,
5,regular,2021-10-02 16:00:00+00:00,Charleston (WV),Notre Dame College,38,28,True,False,True,Mountain East,Mountain East,ii,ii,
5,regular,2021-10-02 16:00:00+00:00,TCU,Texas,27,32,True,False,True,Big 12,Big 12,fbs,fbs,
5,regular,2021-10-02 16:00:00+00:00,Illinois,Charlotte,24,14,True,False,False,Big Ten,Conference USA,fbs,fbs,
5,regular,2021-10-02 16:00:00+00:00,Butler,Drake,3,6,True,False,True,Pioneer,Pioneer,fcs,fcs,
5,regular,2021-10-02 16:00:00+00:00,Missouri,Tennessee,24,62,True,False,True,SEC,SEC,fbs,fbs,
5,regular,2021-10-02 16:00:00+00:00,Lehigh,Yale,0,34,True,False,False,Patriot,Ivy,fcs,fcs,
5,regular,2021-10-02 16:00:00+00:00,Morgan State,Saint Francis,14,27,True,False,False,MEAC,NEC,fcs,fcs,
5,regular,2021-10-02 16:00:00+00:00,Rhode Island,Stony Brook,27,20,True,False,True,CAA,CAA,fcs,fcs,
5,regular,2021-10-02 16:05:00+00:00,Kutztown,East Stroudsburg,21,14,True,False,True,Pennsylvania State Athletic,Pennsylvania State Athletic,ii,ii,
5,regular,2021-10-02 16:30:00+00:00,Wake Forest,Louisville,37,34,True,False,True,ACC,ACC,fbs,fbs,
5,regular,2021-10-02 16:30:00+00:00,Georgetown,Colgate,21,28,True,False,True,Patriot,Patriot,fcs,fcs,
5,regular,2021-10-02 17:00:00+00:00,West Liberty,Glenville State,20,19,True,False,True,Mountain East,Mountain East,ii,ii,
5,regular,2021-10-02 17:00:00+00:00,McNeese,SE Louisiana,35,38,True,False,True,Southland,Southland,fcs,fcs,
5,regular,2021-10-02 17:00:00+00:00,Mars Hill,Newberry,28,22,True,False,True,South Atlantic,South Atlantic,ii,ii,
5,regular,2021-10-02 17:00:00+00:00,Monmouth,Gardner-Webb,54,17,True,False,True,Big South,Big South,fcs,fcs,
5,regular,2021-10-02 17:00:00+00:00,Princeton,Columbia,24,7,True,False,True,Ivy,Ivy,fcs,fcs,
5,regular,2021-10-02 17:00:00+00:00,Franklin Pierce,Assumption,28,35,True,False,True,Northeast 10,Northeast 10,ii,ii,
5,regular,2021-10-02 17:00:00+00:00,Stetson,Davidson,28,35,True,False,True,Pioneer,Pioneer,fcs,fcs,
5,regular,2021-10-02 17:00:00+00:00,North Carolina A&T,Robert Morris,41,14,True,False,True,Big South,Big South,fcs,fcs,
5,regular,2021-10-02 17:00:00+00:00,Frostburg State,UNC Pembroke,51,21,True,False,True,Mountain East,Mountain East,ii,ii,
5,regular,2021-10-02 17:00:00+00:00,Kentucky Wesleyan,Ohio Dominican,30,32,True,False,True,Great Midwest Athletic,Great Midwest Athletic,ii,ii,
5,regular,2021-10-02 17:00:00+00:00,Minnesota St Moorhead,Minnesota Duluth,21,26,True,False,True,Northern Sun,Northern Sun,ii,ii,
5,regular,2021-10-02 17:00:00+00:00,Merrimack,Duquesne,14,37,True,False,True,NEC,NEC,fcs,fcs,
5,regular,2021-10-02 17:00:00+00:00,Kentucky State,Savannah State,17,21,True,False,True,SIAC,SIAC,ii,ii,
5,regular,2021-10-02 17:00:00+00:00,Central State,Allen,34,46,True,False,True,SIAC,SIAC,ii,ii,
5,regular,2021-10-02 17:00:00+00:00,Howard,Sacred Heart,22,17,True,False,False,MEAC,NEC,fcs,fcs,
5,regular,2021-10-02 17:00:00+00:00,Valparaiso,Marist,24,27,True,False,True,Pioneer,Pioneer,fcs,fcs,
5,regular,2021-10-02 17:00:00+00:00,Michigan Tech,Davenport,31,7,True,False,True,GLIAC,GLIAC,ii,ii,
5,regular,2021-10-02 17:00:00+00:00,Virginia Union,Shaw,7,27,True,False,True,CIAA,CIAA,ii,ii,
5,regular,2021-10-02 17:00:00+00:00,Ouachita Baptist,Northwestern (OK),64,17,True,False,True,Great American,Great American,ii,ii,
5,regular,2021-10-02 17:00:00+00:00,Northwood,Ferris State,25,67,True,False,True,GLIAC,GLIAC,ii,ii,
5,regular,2021-10-02 17:30:00+00:00,Holy Cross,Harvard,13,38,True,False,False,Patriot,Ivy,fcs,fcs,
5,regular,2021-10-02 17:30:00+00:00,Chattanooga,Western Carolina,45,17,True,False,True,Southern,Southern,fcs,fcs,
5,regular,2021-10-02 17:30:00+00:00,South Carolina State,Bethune-Cookman,42,35,True,False,False,MEAC,SWAC,fcs,fcs,
5,regular,2021-10-02 18:00:00+00:00,Barton,Carson Newman,31,17,True,False,False,Independent DII,South Atlantic,ii,ii,
5,regular,2021-10-02 18:00:00+00:00,Morehead State,Dayton,45,38,True,False,True,Pioneer,Pioneer,fcs,fcs,
5,regular,2021-10-02 18:00:00+00:00,New Mexico Highlands,Chadron State,16,46,True,False,True,Rocky Mountain,Rocky Mountain,ii,ii,
5,regular,2021-10-02 18:00:00+00:00,Benedict,Fort Valley State,14,24,True,False,True,SIAC,SIAC,ii,ii,
5,regular,2021-10-02 18:00:00+00:00,Richmond,Elon,7,20,True,False,True,CAA,CAA,fcs,fcs,
5,regular,2021-10-02 18:00:00+00:00,Southwest Baptist,Indianapolis,10,77,True,False,True,Great Lakes,Great Lakes,ii,ii,
5,regular,2021-10-02 18:00:00+00:00,West Chester,Bloomsburg,21,20,True,False,True,Pennsylvania State Athletic,Pennsylvania State Athletic,ii,ii,
5,regular,2021-10-02 18:00:00+00:00,Bowie State,Johnson C. Smith,44,7,True,False,True,CIAA,CIAA,ii,ii,
5,regular,2021-10-02 18:00:00+00:00,IU Pennsylvania,Gannon,28,23,True,False,True,Pennsylvania State Athletic,Pennsylvania State Athletic,ii,ii,
5,regular,2021-10-02 18:00:00+00:00,Illinois State,Missouri State,20,41,True,False,True,MVFC,MVFC,fcs,fcs,
5,regular,2021-10-02 18:00:00+00:00,Southern Nazarene,Arkansas Tech,41,51,True,False,True,Great American,Great American,ii,ii,
5,regular,2021-10-02 18:00:00+00:00,Hampton,Norfolk State,44,47,True,False,False,Big South,MEAC,fcs,fcs,
5,regular,2021-10-02 18:00:00+00:00,Tuskegee,Clark Atlanta,21,0,True,False,True,SIAC,SIAC,ii,ii,
5,regular,2021-10-02 18:00:00+00:00,Fort Lewis,Black Hills State,17,45,True,False,True,Rocky Mountain,Rocky Mountain,ii,ii,
5,regular,2021-10-02 18:00:00+00:00,Saginaw Valley State,Grand Valley State,17,49,True,False,True,GLIAC,GLIAC,ii,ii,
5,regular,2021-10-02 18:00:00+00:00,Quincy,Missouri S&T,31,28,True,False,True,Great Lakes,Great Lakes,ii,ii,
5,regular,2021-10-02 18:00:00+00:00,UVA Wise,Lenoir Rhyne,35,28,True,False,True,South Atlantic,South Atlantic,ii,ii,
5,regular,2021-10-02 18:00:00+00:00,Wayne State (NE),Winona State,38,21,True,False,True,Northern Sun,Northern Sun,ii,ii,
5,regular,2021-10-02 18:00:00+00:00,Sioux Falls,Augustana (SD),28,26,True,False,True,Northern Sun,Northern Sun,ii,ii,
5,regular,2021-10-02 18:00:00+00:00,Colorado School of Mines,Western Colorado,20,14,True,False,True,Rocky Mountain,Rocky Mountain,ii,ii,
5,regular,2021-10-02 18:00:00+00:00,Emporia State,Washburn,35,30,True,False,True,Mid America,Mid America,ii,ii,
5,regular,2021-10-02 18:00:00+00:00,Morehouse,Edward Waters,13,37,True,False,False,SIAC,SIAC,ii,ii,
5,regular,2021-10-02 18:00:00+00:00,Fairmont State,Concord,31,27,True,False,True,Mountain East,Mountain East,ii,ii,
5,regular,2021-10-02 18:00:00+00:00,Erskine,Virginia Lynchburg,59,13,True,False,False,Independent DII,,ii,,
5,regular,2021-10-02 18:00:00+00:00,Wheeling,West Virginia Wesleyan,38,0,True,False,True,Mountain East,Mountain East,ii,ii,
5,regular,2021-10-02 18:00:00+00:00,The Citadel,VMI,35,24,True,False,True,Southern,Southern,fcs,fcs,
5,regular,2021-10-02 18:00:00+00:00,Georgia State,App State,16,45,True,False,True,Sun Belt,Sun Belt,fbs,fbs,
5,regular,2021-10-02 18:00:00+00:00,Colorado,USC,14,37,True,False,True,Pac-12,Pac-12,fbs,fbs,
5,regular,2021-10-02 18:30:00+00:00,Northern Illinois,Eastern Michigan,27,20,True,False,True,Mid-American,Mid-American,fbs,fbs,
5,regular,2021-10-02 18:30:00+00:00,Notre Dame,Cincinnati,13,24,True,False,False,FBS Independents,American Athletic,fbs,fbs,
5,regular,2021-10-02 18:30:00+00:00,Tennessee Tech,Southeast Missouri State,28,17,True,False,True,OVC,OVC,fcs,fcs,
5,regular,2021-10-02 18:30:00+00:00,Coastal Carolina,UL Monroe,59,6,True,False,True,Sun Belt,Sun Belt,fbs,fbs,
5,regular,2021-10-02 18:30:00+00:00,Elizabeth City State,Livingstone,19,13,True,False,True,CIAA,CIAA,ii,ii,
5,regular,2021-10-02 19:00:00+00:00,East Central,Southern Arkansas,38,17,True,False,True,Great American,Great American,ii,ii,
5,regular,2021-10-02 19:00:00+00:00,Arkansas Monticello,Southwestern Oklahoma State,18,16,True,False,True,Great American,Great American,ii,ii,
5,regular,2021-10-02 19:00:00+00:00,Montana State,Northern Colorado,40,7,True,False,True,Big Sky,Big Sky,fcs,fcs,
5,regular,2021-10-02 19:00:00+00:00,Lake Erie,Findlay,10,37,True,False,True,Great Midwest Athletic,Great Midwest Athletic,ii,ii,
5,regular,2021-10-02 19:00:00+00:00,Central Oklahoma,Lincoln (MO),69,28,True,False,True,Mid America,Mid America,ii,ii,
5,regular,2021-10-02 19:00:00+00:00,Northern State,University of Mary,42,49,True,False,True,Northern Sun,Northern Sun,ii,ii,
5,regular,2021-10-02 19:00:00+00:00,North Greenville,Mississippi College,21,42,True,False,True,Gulf South,Gulf South,ii,ii,
5,regular,2021-10-02 19:00:00+00:00,Eastern Kentucky,Tarleton State,20,3,True,False,True,AWC,Western Athletic,fcs,fcs,
5,regular,2021-10-02 19:00:00+00:00,Minnesota State,Concordia St. Paul,58,10,True,False,True,Northern Sun,Northern Sun,ii,ii,
5,regular,2021-10-02 19:00:00+00:00,Missouri Southern State,Pittsburg State,16,20,True,False,True,Mid America,Mid America,ii,ii,
5,regular,2021-10-02 19:00:00+00:00,South Dakota,Indiana State,38,10,True,False,True,MVFC,MVFC,fcs,fcs,
5,regular,2021-10-02 19:00:00+00:00,Kennesaw State,Jacksonville State,31,6,True,False,False,Big South,AWC,fcs,fcs,
5,regular,2021-10-02 19:00:00+00:00,Northeastern State,Central Missouri,10,41,True,False,True,Mid America,Mid America,ii,ii,
5,regular,2021-10-02 19:00:00+00:00,Bemidji State,Minot State,49,35,True,False,True,Northern Sun,Northern Sun,ii,ii,
5,regular,2021-10-02 19:00:00+00:00,Delaware,UAlbany,20,15,True,False,True,CAA,CAA,fcs,fcs,
5,regular,2021-10-02 19:00:00+00:00,Lane College,Texas College,71,0,True,False,False,SIAC,,ii,,
5,regular,2021-10-02 19:00:00+00:00,Adams State,South Dakota Mines,42,45,True,False,True,Rocky Mountain,Rocky Mountain,ii,ii,
5,regular,2021-10-02 19:00:00+00:00,Grambling,Alabama A&M,37,28,True,False,True,SWAC,SWAC,fcs,fcs,
5,regular,2021-10-02 19:00:00+00:00,Oklahoma Baptist,Harding,7,31,True,False,True,Great American,Great American,ii,ii,
5,regular,2021-10-02 19:00:00+00:00,California (PA),Mercyhurst,37,0,True,False,True,Pennsylvania State Athletic,Pennsylvania State Athletic,ii,ii,
5,regular,2021-10-02 19:00:00+00:00,North Dakota,North Dakota State,10,16,True,False,True,MVFC,MVFC,fcs,fcs,
5,regular,2021-10-02 19:00:00+00:00,Southeastern Oklahoma State,Henderson State,24,27,True,False,True,Great American,Great American,ii,ii,
5,regular,2021-10-02 19:30:00+00:00,Miami (OH),Central Michigan,28,17,True,False,True,Mid-American,Mid-American,fbs,fbs,
5,regular,2021-10-02 19:30:00+00:00,Kansas State,Oklahoma,31,37,True,False,True,Big 12,Big 12,fbs,fbs,
5,regular,2021-10-02 19:30:00+00:00,Kent State,Bowling Green,27,20,True,False,True,Mid-American,Mid-American,fbs,fbs,
5,regular,2021-10-02 19:30:00+00:00,Navy,UCF,34,30,True,False,True,American Athletic,American Athletic,fbs,fbs,
5,regular,2021-10-02 19:30:00+00:00,Florida State,Syracuse,33,30,True,False,True,ACC,ACC,fbs,fbs,
5,regular,2021-10-02 19:30:00+00:00,Bucknell,Cornell,21,10,True,False,False,Patriot,Ivy,fcs,fcs,
5,regular,2021-10-02 19:30:00+00:00,New Hampshire,James Madison,21,23,True,False,True,CAA,CAA,fcs,fcs,
5,regular,2021-10-02 19:30:00+00:00,West Virginia,Texas Tech,20,23,True,False,True,Big 12,Big 12,fbs,fbs,
5,regular,2021-10-02 19:30:00+00:00,East Tennessee State,Wofford,27,21,True,False,True,Southern,Southern,fcs,fcs,
5,regular,2021-10-02 19:30:00+00:00,Boise State,Nevada,31,41,True,False,True,Mountain West,Mountain West,fbs,fbs,
5,regular,2021-10-02 19:30:00+00:00,Saint Anselm,Bentley,21,34,True,False,True,Northeast 10,Northeast 10,ii,ii,
5,regular,2021-10-02 19:30:00+00:00,East Carolina,Tulane,52,29,True,False,True,American Athletic,American Athletic,fbs,fbs,
5,regular,2021-10-02 19:30:00+00:00,Lafayette,Fordham,41,42,True,False,True,Patriot,Patriot,fcs,fcs,
5,regular,2021-10-02 19:30:00+00:00,Stanford,Oregon,31,24,True,False,True,Pac-12,Pac-12,fbs,fbs,
5,regular,2021-10-02 19:30:00+00:00,Akron,Ohio,17,34,True,False,True,Mid-American,Mid-American,fbs,fbs,
5,regular,2021-10-02 19:30:00+00:00,Florida Atlantic,Florida International,58,21,True,False,True,Conference USA,Conference USA,fbs,fbs,
5,regular,2021-10-02 19:30:00+00:00,Rutgers,Ohio State,13,52,True,False,True,Big Ten,Big Ten,fbs,fbs,
5,regular,2021-10-02 19:30:00+00:00,Alabama,Ole Miss,42,21,True,False,True,SEC,SEC,fbs,fbs,
5,regular,2021-10-02 19:30:00+00:00,South Carolina,Troy,23,14,True,False,False,SEC,Sun Belt,fbs,fbs,
5,regular,2021-10-02 20:00:00+00:00,SMU,South Florida,41,17,True,False,True,American Athletic,American Athletic,fbs,fbs,
5,regular,2021-10-02 20:00:00+00:00,Seton Hill,Edinboro,7,17,True,False,True,Pennsylvania State Athletic,Pennsylvania State Athletic,ii,ii,
5,regular,2021-10-02 20:00:00+00:00,Nicholls,Houston Christian,48,17,True,False,True,Southland,Southland,fcs,fcs,
5,regular,2021-10-02 20:00:00+00:00,Tiffin,Hillsdale,21,24,True,False,True,Great Midwest Athletic,Great Midwest Athletic,ii,ii,
5,regular,2021-10-02 20:00:00+00:00,Western Illinois,Southern Illinois,30,31,True,False,True,MVFC,MVFC,fcs,fcs,
5,regular,2021-10-02 20:00:00+00:00,Northern Arizona,Idaho State,48,17,True,False,True,Big Sky,Big Sky,fcs,fcs,
5,regular,2021-10-02 20:00:00+00:00,Mississippi Valley State,North Carolina Central,17,16,True,False,False,SWAC,MEAC,fcs,fcs,
5,regular,2021-10-02 20:00:00+00:00,CSU Pueblo,Colorado Mesa,19,13,True,False,True,Rocky Mountain,Rocky Mountain,ii,ii,
5,regular,2021-10-02 20:00:00+00:00,San Diego,St. Thomas (MN),27,24,True,False,True,Pioneer,Pioneer,fcs,fcs,
5,regular,2021-10-02 20:00:00+00:00,Northern Michigan,Wayne State (MI),26,19,True,False,True,GLIAC,GLIAC,ii,ii,
5,regular,2021-10-02 20:00:00+00:00,Upper Iowa,Southwest Minnesota State,14,20,True,False,True,Northern Sun,Northern Sun,ii,ii,
5,regular,2021-10-02 20:00:00+00:00,Bryant,Brown,36,29,True,False,False,NEC,Ivy,fcs,fcs,
5,regular,2021-10-02 20:00:00+00:00,Georgia Southern,Arkansas State,59,33,True,False,True,Sun Belt,Sun Belt,fbs,fbs,
5,regular,2021-10-02 20:05:00+00:00,Western Oregon,West Texas,41,38,True,False,False,Great Northwest,Lone Star,ii,ii,
5,regular,2021-10-02 21:00:00+00:00,Northern Iowa,Youngstown State,34,7,True,False,True,MVFC,MVFC,fcs,fcs,
5,regular,2021-10-02 21:00:00+00:00,Ball State,Army,28,16,True,False,False,Mid-American,FBS Independents,fbs,fbs,
5,regular,2021-10-02 21:00:00+00:00,Murray State,Eastern Illinois,22,6,True,False,True,OVC,OVC,fcs,fcs,
5,regular,2021-10-02 21:00:00+00:00,Stephen F. Austin,Sam Houston,20,21,True,False,True,Western Athletic,AWC,fcs,fcs,
5,regular,2021-10-02 21:00:00+00:00,Wagner,Delaware State,27,33,True,False,False,NEC,MEAC,fcs,fcs,
5,regular,2021-10-02 21:30:00+00:00,California,Washington State,6,21,True,False,True,Pac-12,Pac-12,fbs,fbs,
5,regular,2021-10-02 22:00:00+00:00,Mercer,Samford,45,42,True,False,True,Southern,Southern,fcs,fcs,
5,regular,2021-10-02 22:00:00+00:00,West Georgia,West Alabama,20,38,True,False,True,Gulf South,Gulf South,ii,ii,
5,regular,2021-10-02 22:00:00+00:00,Wingate,Tusculum,43,35,True,False,True,South Atlantic,South Atlantic,ii,ii,
5,regular,2021-10-02 22:00:00+00:00,Chowan,Winston-Salem State,73,7,True,False,True,CIAA,CIAA,ii,ii,
5,regular,2021-10-02 22:00:00+00:00,Kentucky,Florida,20,13,True,False,True,SEC,SEC,fbs,fbs,
5,regular,2021-10-02 22:00:00+00:00,Virginia State,St. Augustine's,33,9,True,False,True,CIAA,CIAA,ii,ii,
5,regular,2021-10-02 22:00:00+00:00,Slippery Rock,Clarion,75,0,True,False,True,Pennsylvania State Athletic,Pennsylvania State Athletic,ii,ii,
5,regular,2021-10-02 22:00:00+00:00,Florida A&M,Alabama State,28,0,True,False,True,SWAC,SWAC,fcs,fcs,
5,regular,2021-10-02 22:00:00+00:00,NC State,Louisiana Tech,34,27,True,False,False,ACC,Conference USA,fbs,fbs,
5,regular,2021-10-02 22:00:00+00:00,UTSA,UNLV,24,17,True,False,False,Conference USA,Mountain West,fbs,fbs,
5,regular,2021-10-02 22:30:00+00:00,Rice,Southern Miss,24,19,True,False,True,Conference USA,Conference USA,fbs,fbs,
5,regular,2021-10-02 22:30:00+00:00,New Mexico,Air Force,10,38,True,False,True,Mountain West,Mountain West,fbs,fbs,
5,regular,2021-10-02 23:00:00+00:00,Iowa State,Kansas,59,7,True,False,True,Big 12,Big 12,fbs,fbs,
5,regular,2021-10-02 23:00:00+00:00,Truman State,Lindenwood,21,31,True,False,True,Great Lakes,Great Lakes Valley,ii,ii,
5,regular,2021-10-02 23:00:00+00:00,Fayetteville State,Lincoln (PA),46,9,True,False,True,CIAA,CIAA,ii,ii,
5,regular,2021-10-02 23:00:00+00:00,West Virginia State,Alderson-Broaddus,45,13,True,False,True,Mountain East,Mountain East,ii,ii,
5,regular,2021-10-02 23:00:00+00:00,Angelo State,Western New Mexico,62,3,True,False,True,Lone Star,Lone Star,ii,ii,
5,regular,2021-10-02 23:00:00+00:00,Missouri Western,Northwest Missouri State,7,30,True,False,True,Mid America,Mid America,ii,ii,
5,regular,2021-10-02 23:00:00+00:00,Delta State,West Florida,33,39,True,False,True,Gulf South,Gulf South,ii,ii,
5,regular,2021-10-02 23:00:00+00:00,Oklahoma State,Baylor,24,14,True,False,True,Big 12,Big 12,fbs,fbs,
5,regular,2021-10-02 23:00:00+00:00,East Texas A&M,UFTL,72,6,True,False,False,Lone Star,,ii,,
5,regular,2021-10-02 23:00:00+00:00,Valdosta State,Shorter,49,13,True,False,True,Gulf South,Gulf South,ii,ii,
5,regular,2021-10-02 23:00:00+00:00,Miles,Albany State,3,31,True,False,True,SIAC,SIAC,ii,ii,
5,regular,2021-10-02 23:00:00+00:00,UAB,Liberty,12,36,True,False,False,Conference USA,FBS Independents,fbs,fbs,
5,regular,2021-10-02 23:00:00+00:00,South Dakota State,Utah Tech,55,7,True,False,False,MVFC,Western Athletic,fcs,fcs,
5,regular,2021-10-02 23:00:00+00:00,Northwestern State,Incarnate Word,27,38,True,False,True,Southland,Southland,fcs,fcs,
5,regular,2021-10-02 23:00:00+00:00,Texas A&M,Mississippi State,22,26,True,False,True,SEC,SEC,fbs,fbs,
5,regular,2021-10-02 23:00:00+00:00,North Alabama,Campbell,31,48,True,False,True,Big South,Big South,fcs,fcs,
5,regular,2021-10-02 23:00:00+00:00,Abilene Christian,Central Arkansas,21,42,True,False,True,Western Athletic,AWC,fcs,fcs,
5,regular,2021-10-02 23:00:00+00:00,Middle Tennessee,Marshall,34,28,True,False,True,Conference USA,Conference USA,fbs,fbs,
5,regular,2021-10-02 23:30:00+00:00,Penn State,Indiana,24,0,True,False,True,Big Ten,Big Ten,fbs,fbs,
5,regular,2021-10-02 23:30:00+00:00,Vanderbilt,UConn,30,28,True,False,False,SEC,FBS Independents,fbs,fbs,
5,regular,2021-10-02 23:30:00+00:00,Michigan State,Western Kentucky,48,31,True,False,False,Big Ten,Conference USA,fbs,fbs,
5,regular,2021-10-02 23:30:00+00:00,Nebraska,Northwestern,56,7,True,False,True,Big Ten,Big Ten,fbs,fbs,
5,regular,2021-10-02 23:30:00+00:00,Clemson,Boston College,19,13,True,False,True,ACC,ACC,fbs,fbs,
5,regular,2021-10-03 00:00:00+00:00,South Alabama,Louisiana,18,20,True,False,True,Sun Belt,Sun Belt,fbs,fbs,
5,regular,2021-10-03 00:00:00+00:00,Fort Hays,Nebraska Kearney,42,35,True,False,True,Mid America,Mid America,ii,ii,
5,regular,2021-10-03 00:00:00+00:00,Eastern New Mexico,Lincoln (CA),52,6,True,False,False,Lone Star,,ii,,
5,regular,2021-10-03 00:00:00+00:00,Austin Peay,Tennessee State,22,24,True,False,True,OVC,OVC,fcs,fcs,
5,regular,2021-10-03 00:00:00+00:00,Southern Utah,Portland State,13,20,True,False,True,Big Sky,Big Sky,fcs,fcs,
5,regular,2021-10-03 00:30:00+00:00,Cal Poly,Weber State,7,38,True,False,True,Big Sky,Big Sky,fcs,fcs,
5,regular,2021-10-03 01:00:00+00:00,UTEP,Old Dominion,28,21,True,False,True,Conference USA,Conference USA,fbs,fbs,
5,regular,2021-10-03 01:00:00+00:00,Central Washington,Midwestern State,30,20,True,False,False,Great Northwest,Lone Star,ii,ii,
5,regular,2021-10-03 01:00:00+00:00,LSU,Auburn,19,24,True,False,True,SEC,SEC,fbs,fbs,
5,regular,2021-10-03 01:00:00+00:00,Oregon State,Washington,27,24,True,False,True,Pac-12,Pac-12,fbs,fbs,
5,regular,2021-10-03 02:00:00+00:00,UC Davis,Idaho,27,20,True,False,True,Big Sky,Big Sky,fcs,fcs,
5,regular,2021-10-03 02:30:00+00:00,San José State,New Mexico State,37,31,True,False,False,Mountain West,FBS Independents,fbs,fbs,
5,regular,2021-10-03 02:30:00+00:00,UCLA,Arizona State,23,42,True,False,True,Pac-12,Pac-12,fbs,fbs,
5,regular,2021-10-03 02:30:00+00:00,Eastern Washington,Montana,34,28,True,False,True,Big Sky,Big Sky,fcs,fcs,
5,regular,2021-10-03 03:00:00+00:00,Hawai'i,Fresno State,27,24,True,False,True,Mountain West,Mountain West,fbs,fbs,
6,regular,2021-10-07 23:30:00+00:00,Arkansas State,Coastal Carolina,20,52,True,False,True,Sun Belt,Sun Belt,fbs,fbs,
6,regular,2021-10-07 23:30:00+00:00,Tulane,Houston,22,40,True,False,True,American Athletic,American Athletic,fbs,fbs,
6,regular,2021-10-08 00:00:00+00:00,Northeastern State,Central Oklahoma,9,49,True,False,True,Mid America,Mid America,ii,ii,
6,regular,2021-10-08 23:00:00+00:00,Assumption,Southern Connecticut State,26,0,True,False,True,Northeast 10,Northeast 10,ii,ii,
6,regular,2021-10-08 23:00:00+00:00,Florida International,Charlotte,33,45,True,False,True,Conference USA,Conference USA,fbs,fbs,
6,regular,2021-10-08 23:00:00+00:00,Cincinnati,Temple,52,3,True,False,True,American Athletic,American Athletic,fbs,fbs,
6,regular,2021-10-09 00:00:00+00:00,Howard,Morgan State,27,0,True,False,True,MEAC,MEAC,fcs,fcs,
6,regular,2021-10-09 02:30:00+00:00,Arizona State,Stanford,28,10,True,False,True,Pac-12,Pac-12,fbs,fbs,
6,regular,2021-10-09 16:00:00+00:00,Ole Miss,Arkansas,52,51,True,False,True,SEC,SEC,fbs,fbs,
6,regular,2021-10-09 16:00:00+00:00,Tennessee,South Carolina,45,20,True,False,True,SEC,SEC,fbs,fbs,
6,regular,2021-10-09 16:00:00+00:00,Toledo,Northern Illinois,20,22,True,False,True,Mid-American,Mid-American,fbs,fbs,
6,regular,2021-10-09 16:00:00+00:00,Rutgers,Michigan State,13,31,True,False,True,Big Ten,Big Ten,fbs,fbs,
6,regular,2021-10-09 16:00:00+00:00,Butler,San Diego,21,52,True,False,True,Pioneer,Pioneer,fcs,fcs,
6,regular,2021-10-09 16:00:00+00:00,Bowling Green,Akron,20,35,True,False,True,Mid-American,Mid-American,fbs,fbs,
6,regular,2021-10-09 16:00:00+00:00,Ohio State,Maryland,66,17,True,False,True,Big Ten,Big Ten,fbs,fbs,
6,regular,2021-10-09 16:00:00+00:00,Maine,Elon,23,33,True,False,True,CAA,CAA,fcs,fcs,
6,regular,2021-10-09 16:00:00+00:00,Duquesne,Bryant,39,34,True,False,True,NEC,NEC,fcs,fcs,
6,regular,2021-10-09 16:00:00+00:00,Texas,Oklahoma,48,55,True,True,True,Big 12,Big 12,fbs,fbs,
6,regular,2021-10-09 16:00:00+00:00,Baylor,West Virginia,45,20,True,False,True,Big 12,Big 12,fbs,fbs,
6,regular,2021-10-09 16:00:00+00:00,Florida,Vanderbilt,42,0,True,False,True,SEC,SEC,fbs,fbs,
6,regular,2021-10-09 16:00:00+00:00,Marist,Stetson,34,3,True,False,True,Pioneer,Pioneer,fcs,fcs,
6,regular,2021-10-09 16:00:00+00:00,UVA Wise,Newberry,14,37,True,False,True,South Atlantic,South Atlantic,ii,ii,
6,regular,2021-10-09 16:00:00+00:00,Mercyhurst,Seton Hill,17,19,True,False,True,Pennsylvania State Athletic,Pennsylvania State Athletic,ii,ii,
6,regular,2021-10-09 16:00:00+00:00,American International,Stonehill,0,25,True,False,True,Northeast 10,Northeast 10,ii,ii,
6,regular,2021-10-09 16:00:00+00:00,Gannon,California (PA),17,38,True,False,True,Pennsylvania State Athletic,Pennsylvania State Athletic,ii,ii,
6,regular,2021-10-09 16:00:00+00:00,UNC Pembroke,Wheeling,34,28,True,False,True,Mountain East,Mountain East,ii,ii,
6,regular,2021-10-09 16:00:00+00:00,Davenport,Northern Michigan,18,13,True,False,True,GLIAC,GLIAC,ii,ii,
6,regular,2021-10-09 16:00:00+00:00,Notre Dame College,Frostburg State,23,21,True,False,True,Mountain East,Mountain East,ii,ii,
6,regular,2021-10-09 16:30:00+00:00,Brown,Colgate,31,10,True,False,False,Ivy,Patriot,fcs,fcs,
6,regular,2021-10-09 16:30:00+00:00,Lafayette,Bucknell,27,0,True,False,True,Patriot,Patriot,fcs,fcs,
6,regular,2021-10-09 16:30:00+00:00,Duke,Georgia Tech,27,31,True,False,True,ACC,ACC,fbs,fbs,
6,regular,2021-10-09 17:00:00+00:00,Harvard,Cornell,24,10,True,False,True,Ivy,Ivy,fcs,fcs,
6,regular,2021-10-09 17:00:00+00:00,Lock Haven,Shepherd,21,75,True,False,True,Pennsylvania State Athletic,Pennsylvania State Athletic,ii,ii,
6,regular,2021-10-09 17:00:00+00:00,Pennsylvania,Lehigh,20,0,True,False,False,Ivy,Patriot,fcs,fcs,
6,regular,2021-10-09 17:00:00+00:00,Monmouth,Princeton,28,31,True,False,False,Big South,Ivy,fcs,fcs,
6,regular,2021-10-09 17:00:00+00:00,Rhode Island,Delaware,22,15,True,False,True,CAA,CAA,fcs,fcs,
6,regular,2021-10-09 17:00:00+00:00,Johnson C. Smith,Winston-Salem State,12,26,True,False,True,CIAA,CIAA,ii,ii,
6,regular,2021-10-09 17:00:00+00:00,New Haven,Saint Anselm,56,7,True,False,True,Northeast 10,Northeast 10,ii,ii,
6,regular,2021-10-09 17:00:00+00:00,Glenville State,Charleston (WV),9,20,True,False,True,Mountain East,Mountain East,ii,ii,
6,regular,2021-10-09 17:00:00+00:00,Nicholls,SE Louisiana,48,58,True,False,True,Southland,Southland,fcs,fcs,
6,regular,2021-10-09 17:00:00+00:00,Fordham,Wagner,56,7,True,False,False,Patriot,NEC,fcs,fcs,
6,regular,2021-10-09 17:00:00+00:00,North Carolina A&T,North Alabama,38,34,True,False,True,Big South,Big South,fcs,fcs,
6,regular,2021-10-09 17:00:00+00:00,Indiana State,Western Illinois,37,27,True,False,True,MVFC,MVFC,fcs,fcs,
6,regular,2021-10-09 17:00:00+00:00,Drake,Dayton,10,28,True,False,True,Pioneer,Pioneer,fcs,fcs,
6,regular,2021-10-09 17:00:00+00:00,Presbyterian,Morehead State,30,38,True,False,True,Pioneer,Pioneer,fcs,fcs,
6,regular,2021-10-09 17:00:00+00:00,Central Connecticut,Columbia,20,22,True,False,False,NEC,Ivy,fcs,fcs,
6,regular,2021-10-09 17:00:00+00:00,Catawba,Carson Newman,33,27,True,False,True,South Atlantic,South Atlantic,ii,ii,
6,regular,2021-10-09 17:00:00+00:00,Shaw,Fayetteville State,12,15,True,False,True,CIAA,CIAA,ii,ii,
6,regular,2021-10-09 17:00:00+00:00,Shippensburg,West Chester,34,18,True,False,True,Pennsylvania State Athletic,Pennsylvania State Athletic,ii,ii,
6,regular,2021-10-09 17:00:00+00:00,Shorter,West Alabama,7,44,True,False,True,Gulf South,Gulf South,ii,ii,
6,regular,2021-10-09 17:00:00+00:00,Concordia St. Paul,Bemidji State,14,42,True,False,True,Northern Sun,Northern Sun,ii,ii,
6,regular,2021-10-09 17:00:00+00:00,Saint Francis,Long Island University,55,10,True,False,True,NEC,NEC,fcs,fcs,
6,regular,2021-10-09 17:00:00+00:00,Bluefield State,UFTL,23,9,True,False,False,Independent DII,,ii,,
6,regular,2021-10-09 17:00:00+00:00,Bentley,Pace,26,0,True,False,True,Northeast 10,Northeast 10,ii,ii,
6,regular,2021-10-09 17:00:00+00:00,Concord,West Liberty,20,16,True,False,True,Mountain East,Mountain East,ii,ii,
6,regular,2021-10-09 17:00:00+00:00,Lenoir Rhyne,Tusculum,38,31,True,False,True,South Atlantic,South Atlantic,ii,ii,
6,regular,2021-10-09 17:00:00+00:00,Limestone,Wingate,17,35,True,False,True,South Atlantic,South Atlantic,ii,ii,
6,regular,2021-10-09 17:00:00+00:00,Virginia Union,Lincoln (PA),32,0,True,False,True,CIAA,CIAA,ii,ii,
6,regular,2021-10-09 17:00:00+00:00,Chowan,Bowie State,3,14,True,False,True,CIAA,CIAA,ii,ii,
6,regular,2021-10-09 17:30:00+00:00,Livingstone,St. Augustine's,21,7,True,False,True,CIAA,CIAA,ii,ii,
6,regular,2021-10-09 17:30:00+00:00,Mars Hill,Barton,40,32,True,False,False,South Atlantic,Independent DII,ii,ii,
6,regular,2021-10-09 17:30:00+00:00,West Virginia Wesleyan,West Virginia State,3,38,True,False,True,Mountain East,Mountain East,ii,ii,
6,regular,2021-10-09 17:30:00+00:00,Dartmouth,Yale,24,17,True,False,True,Ivy,Ivy,fcs,fcs,
6,regular,2021-10-09 17:30:00+00:00,VMI,Chattanooga,37,34,True,False,True,Southern,Southern,fcs,fcs,
6,regular,2021-10-09 17:30:00+00:00,Wofford,Furman,20,42,True,False,True,Southern,Southern,fcs,fcs,
6,regular,2021-10-09 18:00:00+00:00,Marshall,Old Dominion,20,13,True,False,True,Conference USA,Conference USA,fbs,fbs,
6,regular,2021-10-09 18:00:00+00:00,James Madison,Villanova,27,28,True,False,True,CAA,CAA,fcs,fcs,
6,regular,2021-10-09 18:00:00+00:00,Delaware State,Virginia Lynchburg,56,6,True,False,False,MEAC,,fcs,,
6,regular,2021-10-09 18:00:00+00:00,Hampton,Kennesaw State,15,34,True,False,True,Big South,Big South,fcs,fcs,
6,regular,2021-10-09 18:00:00+00:00,Edinboro,Slippery Rock,13,49,True,False,True,Pennsylvania State Athletic,Pennsylvania State Athletic,ii,ii,
6,regular,2021-10-09 18:00:00+00:00,Fort Valley State,Central State,35,14,True,False,True,SIAC,SIAC,ii,ii,
6,regular,2021-10-09 18:00:00+00:00,South Dakota Mines,Fort Lewis,42,7,True,False,True,Rocky Mountain,Rocky Mountain,ii,ii,
6,regular,2021-10-09 18:00:00+00:00,St. Thomas (MN),Valparaiso,20,13,True,False,True,Pioneer,Pioneer,fcs,fcs,
6,regular,2021-10-09 18:00:00+00:00,Youngstown State,Missouri State,41,33,True,False,True,MVFC,MVFC,fcs,fcs,
6,regular,2021-10-09 18:00:00+00:00,North Carolina Central,Tennessee Tech,16,27,True,False,False,MEAC,OVC,fcs,fcs,
6,regular,2021-10-09 18:00:00+00:00,North Dakota State,Northern Iowa,34,20,True,False,True,MVFC,MVFC,fcs,fcs,
6,regular,2021-10-09 18:00:00+00:00,Albany State,Edward Waters,30,0,True,False,False,SIAC,SIAC,ii,ii,
6,regular,2021-10-09 18:00:00+00:00,Central Missouri,Emporia State,45,38,True,False,True,Mid America,Mid America,ii,ii,
6,regular,2021-10-09 18:00:00+00:00,Clark Atlanta,Allen,21,12,True,False,True,SIAC,SIAC,ii,ii,
6,regular,2021-10-09 18:00:00+00:00,Lindenwood,Quincy,33,28,True,False,True,Great Lakes Valley,Great Lakes,ii,ii,
6,regular,2021-10-09 18:00:00+00:00,Kentucky State,Lane College,49,14,True,False,True,SIAC,SIAC,ii,ii,
6,regular,2021-10-09 18:00:00+00:00,Augustana (SD),Upper Iowa,37,20,True,False,True,Northern Sun,Northern Sun,ii,ii,
6,regular,2021-10-09 18:00:00+00:00,Fairmont State,Alderson-Broaddus,44,10,True,False,True,Mountain East,Mountain East,ii,ii,
6,regular,2021-10-09 18:00:00+00:00,Minnesota State,Wayne State (NE),24,35,True,False,True,Northern Sun,Northern Sun,ii,ii,
6,regular,2021-10-09 18:00:00+00:00,Sacred Heart,Merrimack,20,10,True,False,True,NEC,NEC,fcs,fcs,
6,regular,2021-10-09 18:00:00+00:00,Washburn,Fort Hays,23,20,True,False,True,Mid America,Mid America,ii,ii,
6,regular,2021-10-09 18:00:00+00:00,Missouri S&T,Truman State,21,38,True,False,True,Great Lakes,Great Lakes,ii,ii,
6,regular,2021-10-09 18:00:00+00:00,Hillsdale,Walsh,20,3,True,False,True,Great Midwest Athletic,Great Midwest Athletic,ii,ii,
6,regular,2021-10-09 18:00:00+00:00,Bloomsburg,Kutztown,7,34,True,False,True,Pennsylvania State Athletic,Pennsylvania State Athletic,ii,ii,
6,regular,2021-10-09 18:00:00+00:00,Clarion,IU Pennsylvania,21,58,True,False,True,Pennsylvania State Athletic,Pennsylvania State Athletic,ii,ii,
6,regular,2021-10-09 18:05:00+00:00,East Stroudsburg,Millersville,27,7,True,False,True,Pennsylvania State Athletic,Pennsylvania State Athletic,ii,ii,
6,regular,2021-10-09 18:30:00+00:00,Northwest Missouri State,Pittsburg State,20,19,True,False,True,Mid America,Mid America,ii,ii,
6,regular,2021-10-09 19:00:00+00:00,Southwestern Oklahoma State,Ouachita Baptist,10,30,True,False,True,Great American,Great American,ii,ii,
6,regular,2021-10-09 19:00:00+00:00,Alabama A&M,Jackson State,15,61,True,False,True,SWAC,SWAC,fcs,fcs,
6,regular,2021-10-09 19:00:00+00:00,Lake Erie,Tiffin,17,35,True,False,True,Great Midwest Athletic,Great Midwest Athletic,ii,ii,
6,regular,2021-10-09 19:00:00+00:00,Western Colorado,New Mexico Highlands,45,38,True,False,True,Rocky Mountain,Rocky Mountain,ii,ii,
6,regular,2021-10-09 19:00:00+00:00,University of Mary,Minnesota Duluth,27,31,True,False,True,Northern Sun,Northern Sun,ii,ii,
6,regular,2021-10-09 19:00:00+00:00,Arkansas Tech,Oklahoma Baptist,38,35,True,False,True,Great American,Great American,ii,ii,
6,regular,2021-10-09 19:00:00+00:00,Black Hills State,Colorado School of Mines,20,41,True,False,True,Rocky Mountain,Rocky Mountain,ii,ii,
6,regular,2021-10-09 19:00:00+00:00,Winona State,Northern State,49,52,True,False,True,Northern Sun,Northern Sun,ii,ii,
6,regular,2021-10-09 19:00:00+00:00,Mississippi College,West Georgia,21,40,True,False,True,Gulf South,Gulf South,ii,ii,
6,regular,2021-10-09 19:00:00+00:00,South Dakota State,Southern Illinois,41,42,True,False,True,MVFC,MVFC,fcs,fcs,
6,regular,2021-10-09 19:00:00+00:00,Lincoln (MO),Missouri Southern State,32,52,True,False,True,Mid America,Mid America,ii,ii,
6,regular,2021-10-09 19:00:00+00:00,Sam Houston,Lamar,41,7,True,False,True,AWC,Western Athletic,fcs,fcs,
6,regular,2021-10-09 19:00:00+00:00,Robert Morris,Charleston Southern,31,24,True,False,True,Big South,Big South,fcs,fcs,
6,regular,2021-10-09 19:00:00+00:00,UT Martin,Murray State,48,24,True,False,True,OVC,OVC,fcs,fcs,
6,regular,2021-10-09 19:00:00+00:00,Chadron State,CSU Pueblo,17,42,True,False,True,Rocky Mountain,Rocky Mountain,ii,ii,
6,regular,2021-10-09 19:00:00+00:00,Idaho State,UC Davis,27,17,True,False,True,Big Sky,Big Sky,fcs,fcs,
6,regular,2021-10-09 19:00:00+00:00,Minot State,Minnesota St Moorhead,17,29,True,False,True,Northern Sun,Northern Sun,ii,ii,
6,regular,2021-10-09 19:00:00+00:00,Alcorn State,Grambling,24,20,True,False,True,SWAC,SWAC,fcs,fcs,
6,regular,2021-10-09 19:00:00+00:00,Alabama State,Arkansas-Pine Bluff,35,15,True,False,True,SWAC,SWAC,fcs,fcs,
6,regular,2021-10-09 19:00:00+00:00,Montana,Utah Tech,31,14,True,False,False,Big Sky,Western Athletic,fcs,fcs,
6,regular,2021-10-09 19:00:00+00:00,Northern Colorado,Eastern Washington,17,63,True,False,True,Big Sky,Big Sky,fcs,fcs,
6,regular,2021-10-09 19:00:00+00:00,Nebraska Kearney,Missouri Western,35,14,True,False,True,Mid America,Mid America,ii,ii,
6,regular,2021-10-09 19:00:00+00:00,Harding,Southern Nazarene,49,10,True,False,True,Great American,Great American,ii,ii,
6,regular,2021-10-09 19:00:00+00:00,Henderson State,East Central,59,24,True,False,True,Great American,Great American,ii,ii,
6,regular,2021-10-09 19:00:00+00:00,South Dakota,North Dakota,20,13,True,False,True,MVFC,MVFC,fcs,fcs,
6,regular,2021-10-09 19:00:00+00:00,Louisville,Virginia,33,34,True,False,True,ACC,ACC,fbs,fbs,
6,regular,2021-10-09 19:30:00+00:00,BYU,Boise State,17,26,True,False,False,FBS Independents,Mountain West,fbs,fbs,
6,regular,2021-10-09 19:30:00+00:00,North Carolina,Florida State,25,35,True,False,True,ACC,ACC,fbs,fbs,
6,regular,2021-10-09 19:30:00+00:00,Colorado State,San José State,32,14,True,False,True,Mountain West,Mountain West,fbs,fbs,
6,regular,2021-10-09 19:30:00+00:00,Liberty,Middle Tennessee,41,13,True,False,False,FBS Independents,Conference USA,fbs,fbs,
6,regular,2021-10-09 19:30:00+00:00,Ohio,Central Michigan,27,30,True,False,True,Mid-American,Mid-American,fbs,fbs,
6,regular,2021-10-09 19:30:00+00:00,Navy,SMU,24,31,True,False,True,American Athletic,American Athletic,fbs,fbs,
6,regular,2021-10-09 19:30:00+00:00,Eastern Michigan,Miami (OH),13,12,True,False,True,Mid-American,Mid-American,fbs,fbs,
6,regular,2021-10-09 19:30:00+00:00,UAB,Florida Atlantic,31,14,True,False,True,Conference USA,Conference USA,fbs,fbs,
6,regular,2021-10-09 19:30:00+00:00,Western Michigan,Ball State,20,45,True,False,True,Mid-American,Mid-American,fbs,fbs,
6,regular,2021-10-09 19:30:00+00:00,Syracuse,Wake Forest,37,40,True,False,True,ACC,ACC,fbs,fbs,
6,regular,2021-10-09 19:30:00+00:00,Auburn,Georgia,10,34,True,False,True,SEC,SEC,fbs,fbs,
6,regular,2021-10-09 19:30:00+00:00,Massachusetts,UConn,27,13,True,False,False,FBS Independents,FBS Independents,fbs,fbs,
6,regular,2021-10-09 19:30:00+00:00,Illinois,Wisconsin,0,24,True,False,True,Big Ten,Big Ten,fbs,fbs,
6,regular,2021-10-09 19:30:00+00:00,William & Mary,UAlbany,31,24,True,False,True,CAA,CAA,fcs,fcs,
6,regular,2021-10-09 19:30:00+00:00,Southern Arkansas,Southeastern Oklahoma State,24,38,True,False,True,Great American,Great American,ii,ii,
6,regular,2021-10-09 19:30:00+00:00,Western Carolina,Mercer,24,34,True,False,True,Southern,Southern,fcs,fcs,
6,regular,2021-10-09 20:00:00+00:00,Towson,Stony Brook,21,14,True,False,True,CAA,CAA,fcs,fcs,
6,regular,2021-10-09 20:00:00+00:00,Findlay,Kentucky Wesleyan,31,19,True,False,True,Great Midwest Athletic,Great Midwest Athletic,ii,ii,
6,regular,2021-10-09 20:00:00+00:00,Jacksonville State,Stephen F. Austin,28,24,True,False,True,AWC,Western Athletic,fcs,fcs,
6,regular,2021-10-09 20:00:00+00:00,Montana State,Cal Poly,45,7,True,False,True,Big Sky,Big Sky,fcs,fcs,
6,regular,2021-10-09 20:00:00+00:00,William Jewell,Southwest Baptist,10,55,True,False,True,Great Lakes,Great Lakes,ii,ii,
6,regular,2021-10-09 20:00:00+00:00,Bethune-Cookman,Mississippi Valley State,14,20,True,False,True,SWAC,SWAC,fcs,fcs,
6,regular,2021-10-09 20:00:00+00:00,Austin Peay,Southeast Missouri State,14,30,True,False,True,OVC,OVC,fcs,fcs,
6,regular,2021-10-09 20:00:00+00:00,Washington State,Oregon State,31,24,True,False,True,Pac-12,Pac-12,fbs,fbs,
6,regular,2021-10-09 20:00:00+00:00,Missouri,North Texas,48,35,True,False,False,SEC,Conference USA,fbs,fbs,
6,regular,2021-10-09 20:00:00+00:00,Iowa,Penn State,23,20,True,False,True,Big Ten,Big Ten,fbs,fbs,
6,regular,2021-10-09 20:05:00+00:00,Western Oregon,Central Washington,14,45,True,False,True,Great Northwest,Great Northwest,ii,ii,
6,regular,2021-10-09 20:30:00+00:00,East Tennessee State,The Citadel,48,21,True,False,True,Southern,Southern,fcs,fcs,
6,regular,2021-10-09 21:00:00+00:00,Miles,Benedict,21,24,True,False,True,SIAC,SIAC,ii,ii,
6,regular,2021-10-09 21:00:00+00:00,Northwestern (OK),Arkansas Monticello,23,42,True,False,True,Great American,Great American,ii,ii,
6,regular,2021-10-09 21:00:00+00:00,Southern,Texas Southern,31,35,True,False,True,SWAC,SWAC,fcs,fcs,
6,regular,2021-10-09 21:00:00+00:00,East Texas A&M,Saginaw Valley State,17,20,True,False,False,Lone Star,GLIAC,ii,ii,
6,regular,2021-10-09 21:00:00+00:00,Idaho,Portland State,42,35,True,False,True,Big Sky,Big Sky,fcs,fcs,
6,regular,2021-10-09 22:00:00+00:00,Virginia State,Elizabeth City State,35,7,True,False,True,CIAA,CIAA,ii,ii,
6,regular,2021-10-09 22:00:00+00:00,Indianapolis,McKendree,57,28,True,False,True,Great Lakes,Great Lakes,ii,ii,
6,regular,2021-10-09 22:00:00+00:00,Gardner-Webb,Campbell,28,42,True,False,True,Big South,Big South,fcs,fcs,
6,regular,2021-10-09 22:00:00+00:00,Southwest Minnesota State,Sioux Falls,7,35,True,False,True,Northern Sun,Northern Sun,ii,ii,
6,regular,2021-10-09 22:00:00+00:00,Savannah State,Erskine,39,6,True,False,False,SIAC,Independent DII,ii,ii,
6,regular,2021-10-09 22:00:00+00:00,Eastern Kentucky,Abilene Christian,30,15,True,False,True,AWC,Western Athletic,fcs,fcs,
6,regular,2021-10-09 22:00:00+00:00,Wayne State (MI),Michigan Tech,27,30,True,False,True,GLIAC,GLIAC,ii,ii,
6,regular,2021-10-09 22:00:00+00:00,Florida A&M,South Carolina State,30,7,True,False,False,SWAC,MEAC,fcs,fcs,
6,regular,2021-10-09 22:00:00+00:00,UCF,East Carolina,20,16,True,False,True,American Athletic,American Athletic,fbs,fbs,
6,regular,2021-10-09 23:00:00+00:00,Troy,Georgia Southern,27,24,True,False,True,Sun Belt,Sun Belt,fbs,fbs,
6,regular,2021-10-09 23:00:00+00:00,Air Force,Wyoming,24,14,True,False,True,Mountain West,Mountain West,fbs,fbs,
6,regular,2021-10-09 23:00:00+00:00,Southern Miss,UTEP,13,26,True,False,True,Conference USA,Conference USA,fbs,fbs,
6,regular,2021-10-09 23:00:00+00:00,Texas Tech,TCU,31,52,True,False,True,Big 12,Big 12,fbs,fbs,
6,regular,2021-10-09 23:00:00+00:00,Western Kentucky,UTSA,46,52,True,False,True,Conference USA,Conference USA,fbs,fbs,
6,regular,2021-10-09 23:00:00+00:00,Kent State,Buffalo,48,38,True,False,True,Mid-American,Mid-American,fbs,fbs,
6,regular,2021-10-09 23:00:00+00:00,Texas State,South Alabama,33,31,True,False,True,Sun Belt,Sun Belt,fbs,fbs,
6,regular,2021-10-09 23:00:00+00:00,Houston Christian,Northwestern State,17,21,True,False,True,Southland,Southland,fcs,fcs,
6,regular,2021-10-09 23:00:00+00:00,North Greenville,West Florida,10,52,True,False,True,Gulf South,Gulf South,ii,ii,
6,regular,2021-10-09 23:00:00+00:00,Grand Valley State,Northwood,70,9,True,False,True,GLIAC,GLIAC,ii,ii,
6,regular,2021-10-09 23:00:00+00:00,Valdosta State,Delta State,55,0,True,False,True,Gulf South,Gulf South,ii,ii,
6,regular,2021-10-09 23:00:00+00:00,Ashland,Ohio Dominican,24,34,True,False,True,Great Midwest Athletic,Great Midwest Athletic,ii,ii,
6,regular,2021-10-09 23:00:00+00:00,UT Permian Basin,Lincoln (CA),75,0,True,False,False,Lone Star,,ii,,
6,regular,2021-10-09 23:30:00+00:00,Kentucky,LSU,42,21,True,False,True,SEC,SEC,fbs,fbs,
6,regular,2021-10-09 23:30:00+00:00,Nebraska,Michigan,29,32,True,False,True,Big Ten,Big Ten,fbs,fbs,
6,regular,2021-10-09 23:30:00+00:00,Virginia Tech,Notre Dame,29,32,True,False,True,ACC,FBS Independents,fbs,fbs,
6,regular,2021-10-10 00:00:00+00:00,Western New Mexico,Eastern New Mexico,47,50,True,False,True,Lone Star,Lone Star,ii,ii,
6,regular,2021-10-10 00:00:00+00:00,USC,Utah,26,42,True,False,True,Pac-12,Pac-12,fbs,fbs,
6,regular,2021-10-10 00:00:00+00:00,Texas A&M,Alabama,41,38,True,False,True,SEC,SEC,fbs,fbs,
6,regular,2021-10-10 00:00:00+00:00,Tuskegee,Morehouse,15,31,True,False,True,SIAC,SIAC,ii,ii,
6,regular,2021-10-10 00:00:00+00:00,Midwestern State,Texas A&M-Kingsville,30,13,True,False,True,Lone Star,Lone Star,ii,ii,
6,regular,2021-10-10 00:00:00+00:00,UL Monroe,Georgia State,21,55,True,False,True,Sun Belt,Sun Belt,fbs,fbs,
6,regular,2021-10-10 00:00:00+00:00,West Texas,Angelo State,31,15,True,False,True,Lone Star,Lone Star,ii,ii,
6,regular,2021-10-10 00:00:00+00:00,Colorado Mesa,Adams State,49,14,True,False,True,Rocky Mountain,Rocky Mountain,ii,ii,
6,regular,2021-10-10 01:00:00+00:00,Sacramento State,Southern Utah,41,20,True,False,True,Big Sky,Big Sky,fcs,fcs,
6,regular,2021-10-10 01:00:00+00:00,Tulsa,Memphis,35,29,True,False,True,American Athletic,American Athletic,fbs,fbs,
6,regular,2021-10-10 01:00:00+00:00,San Diego State,New Mexico,31,7,True,False,True,Mountain West,Mountain West,fbs,fbs,
6,regular,2021-10-10 02:30:00+00:00,Nevada,New Mexico State,55,28,True,False,False,Mountain West,FBS Independents,fbs,fbs,
6,regular,2021-10-10 02:30:00+00:00,Arizona,UCLA,16,34,True,False,True,Pac-12,Pac-12,fbs,fbs,
7,regular,2021-10-12 23:30:00+00:00,Louisiana,App State,41,13,True,False,True,Sun Belt,Sun Belt,fbs,fbs,
7,regular,2021-10-14 23:00:00+00:00,Southern Nazarene,Southwestern Oklahoma State,30,22,True,False,True,Great American,Great American,ii,ii,
7,regular,2021-10-14 23:30:00+00:00,South Alabama,Georgia Southern,41,14,True,False,True,Sun Belt,Sun Belt,fbs,fbs,
7,regular,2021-10-14 23:30:00+00:00,Memphis,Navy,35,17,True,False,True,American Athletic,American Athletic,fbs,fbs,
7,regular,2021-10-15 23:00:00+00:00,Syracuse,Clemson,14,17,True,False,True,ACC,ACC,fbs,fbs,
7,regular,2021-10-15 23:00:00+00:00,Cornell,Colgate,34,20,True,False,False,Ivy,Patriot,fcs,fcs,
7,regular,2021-10-15 23:00:00+00:00,North Texas,Marshall,21,49,True,False,True,Conference USA,Conference USA,fbs,fbs,
7,regular,2021-10-16 02:00:00+00:00,Weber State,Montana State,7,13,True,False,True,Big Sky,Big Sky,fcs,fcs,
7,regular,2021-10-16 02:30:00+00:00,San José State,San Diego State,13,19,True,False,True,Mountain West,Mountain West,fbs,fbs,
7,regular,2021-10-16 02:30:00+00:00,Oregon,California,24,17,True,False,True,Pac-12,Pac-12,fbs,fbs,
7,regular,2021-10-16 16:00:00+00:00,Texas,Oklahoma State,24,32,True,False,True,Big 12,Big 12,fbs,fbs,
7,regular,2021-10-16 16:00:00+00:00,Bryant,Saint Francis,18,17,True,False,True,NEC,NEC,fcs,fcs,
7,regular,2021-10-16 16:00:00+00:00,Arkansas,Auburn,23,38,True,False,True,SEC,SEC,fbs,fbs,
7,regular,2021-10-16 16:00:00+00:00,Missouri,Texas A&M,14,35,True,False,True,SEC,SEC,fbs,fbs,
7,regular,2021-10-16 16:00:00+00:00,Incarnate Word,Nicholls,38,21,True,False,True,Southland,Southland,fcs,fcs,
7,regular,2021-10-16 16:00:00+00:00,South Florida,Tulsa,31,32,True,False,True,American Athletic,American Athletic,fbs,fbs,
7,regular,2021-10-16 16:00:00+00:00,Buffalo,Ohio,27,26,True,False,True,Mid-American,Mid-American,fbs,fbs,
7,regular,2021-10-16 16:00:00+00:00,Cincinnati,UCF,56,21,True,False,True,American Athletic,American Athletic,fbs,fbs,
7,regular,2021-10-16 16:00:00+00:00,Long Island University,Merrimack,5,43,True,False,True,NEC,NEC,fcs,fcs,
7,regular,2021-10-16 16:00:00+00:00,Dayton,Marist,17,20,True,False,True,Pioneer,Pioneer,fcs,fcs,
7,regular,2021-10-16 16:00:00+00:00,Maine,William & Mary,27,16,True,False,True,CAA,CAA,fcs,fcs,
7,regular,2021-10-16 16:00:00+00:00,LSU,Florida,49,42,True,False,True,SEC,SEC,fbs,fbs,
7,regular,2021-10-16 16:00:00+00:00,American International,New Haven,14,30,True,False,True,Northeast 10,Northeast 10,ii,ii,
7,regular,2021-10-16 16:00:00+00:00,Northern Michigan,Michigan Tech,14,21,True,False,True,GLIAC,GLIAC,ii,ii,
7,regular,2021-10-16 16:00:00+00:00,West Chester,East Stroudsburg,42,24,True,False,True,Pennsylvania State Athletic,Pennsylvania State Athletic,ii,ii,
7,regular,2021-10-16 16:00:00+00:00,UConn,Yale,21,15,True,False,False,FBS Independents,Ivy,fbs,fcs,
7,regular,2021-10-16 16:00:00+00:00,Davenport,Wayne State (MI),3,16,True,False,True,GLIAC,GLIAC,ii,ii,
7,regular,2021-10-16 16:00:00+00:00,Charleston (WV),Concord,48,3,True,False,True,Mountain East,Mountain East,ii,ii,
7,regular,2021-10-16 16:00:00+00:00,Ohio Dominican,Findlay,14,21,True,False,True,Great Midwest Athletic,Great Midwest Athletic,ii,ii,
7,regular,2021-10-16 16:00:00+00:00,Minnesota,Nebraska,30,23,True,False,True,Big Ten,Big Ten,fbs,fbs,
7,regular,2021-10-16 16:00:00+00:00,Edinboro,Mercyhurst,20,27,True,False,True,Pennsylvania State Athletic,Pennsylvania State Athletic,ii,ii,
7,regular,2021-10-16 16:00:00+00:00,Northwestern,Rutgers,21,7,True,False,True,Big Ten,Big Ten,fbs,fbs,
7,regular,2021-10-16 16:00:00+00:00,Indiana,Michigan State,15,20,True,False,True,Big Ten,Big Ten,fbs,fbs,
7,regular,2021-10-16 16:30:00+00:00,Virginia,Duke,48,0,True,False,True,ACC,ACC,fbs,fbs,
7,regular,2021-10-16 16:30:00+00:00,Brown,Princeton,42,56,True,False,True,Ivy,Ivy,fcs,fcs,
7,regular,2021-10-16 17:00:00+00:00,Fordham,Bucknell,66,21,True,False,True,Patriot,Patriot,fcs,fcs,
7,regular,2021-10-16 17:00:00+00:00,Campbell,Monmouth,17,34,True,False,True,Big South,Big South,fcs,fcs,
7,regular,2021-10-16 17:00:00+00:00,Stetson,St. Thomas (MN),7,38,True,False,True,Pioneer,Pioneer,fcs,fcs,
7,regular,2021-10-16 17:00:00+00:00,Harvard,Lafayette,30,3,True,False,False,Ivy,Patriot,fcs,fcs,
7,regular,2021-10-16 17:00:00+00:00,New Hampshire,Dartmouth,21,38,True,False,False,CAA,Ivy,fcs,fcs,
7,regular,2021-10-16 17:00:00+00:00,Western Illinois,South Dakota State,17,41,True,False,True,MVFC,MVFC,fcs,fcs,
7,regular,2021-10-16 17:00:00+00:00,Bethune-Cookman,Prairie View A&M,29,35,True,False,True,SWAC,SWAC,fcs,fcs,
7,regular,2021-10-16 17:00:00+00:00,Sacred Heart,Central Connecticut,27,17,True,False,True,NEC,NEC,fcs,fcs,
7,regular,2021-10-16 17:00:00+00:00,Edward Waters,Kentucky State,36,76,True,False,False,SIAC,SIAC,ii,ii,
7,regular,2021-10-16 17:00:00+00:00,Slippery Rock,IU Pennsylvania,21,48,True,False,True,Pennsylvania State Athletic,Pennsylvania State Athletic,ii,ii,
7,regular,2021-10-16 17:00:00+00:00,Shorter,Mississippi College,7,20,True,False,True,Gulf South,Gulf South,ii,ii,
7,regular,2021-10-16 17:00:00+00:00,Stonehill,Saint Anselm,31,22,True,False,True,Northeast 10,Northeast 10,ii,ii,
7,regular,2021-10-16 17:00:00+00:00,Chowan,Virginia Union,31,38,True,False,True,CIAA,CIAA,ii,ii,
7,regular,2021-10-16 17:00:00+00:00,Tiffin,Ashland,27,21,True,False,True,Great Midwest Athletic,Great Midwest Athletic,ii,ii,
7,regular,2021-10-16 17:00:00+00:00,Lincoln (PA),Elizabeth City State,17,14,True,False,True,CIAA,CIAA,ii,ii,
7,regular,2021-10-16 17:00:00+00:00,Upper Iowa,Minnesota State,0,58,True,False,True,Northern Sun,Northern Sun,ii,ii,
7,regular,2021-10-16 17:00:00+00:00,Bowie State,Virginia State,51,44,True,False,True,CIAA,CIAA,ii,ii,
7,regular,2021-10-16 17:00:00+00:00,West Liberty,Fairmont State,52,31,True,False,True,Mountain East,Mountain East,ii,ii,
7,regular,2021-10-16 17:00:00+00:00,Alderson-Broaddus,Glenville State,21,35,True,False,True,Mountain East,Mountain East,ii,ii,
7,regular,2021-10-16 17:00:00+00:00,Livingstone,Shaw,9,20,True,False,True,CIAA,CIAA,ii,ii,
7,regular,2021-10-16 17:00:00+00:00,Notre Dame College,West Virginia Wesleyan,52,14,True,False,True,Mountain East,Mountain East,ii,ii,
7,regular,2021-10-16 17:00:00+00:00,Hillsdale,Lake Erie,14,33,True,False,True,Great Midwest Athletic,Great Midwest Athletic,ii,ii,
7,regular,2021-10-16 17:00:00+00:00,Carson Newman,Lenoir Rhyne,0,59,True,False,True,South Atlantic,South Atlantic,ii,ii,
7,regular,2021-10-16 17:00:00+00:00,Walsh,Kentucky Wesleyan,13,23,True,False,True,Great Midwest Athletic,Great Midwest Athletic,ii,ii,
7,regular,2021-10-16 17:00:00+00:00,Central State,Tuskegee,0,29,True,False,True,SIAC,SIAC,ii,ii,
7,regular,2021-10-16 17:00:00+00:00,Pace,Franklin Pierce,39,31,True,False,True,Northeast 10,Northeast 10,ii,ii,
7,regular,2021-10-16 17:05:00+00:00,Minnesota Duluth,Concordia St. Paul,33,13,True,False,True,Northern Sun,Northern Sun,ii,ii,
7,regular,2021-10-16 17:30:00+00:00,Winston-Salem State,St. Augustine's,41,0,True,False,True,CIAA,CIAA,ii,ii,
7,regular,2021-10-16 17:30:00+00:00,Chattanooga,East Tennessee State,21,16,True,False,True,Southern,Southern,fcs,fcs,
7,regular,2021-10-16 17:30:00+00:00,Wofford,Samford,24,27,True,False,True,Southern,Southern,fcs,fcs,
7,regular,2021-10-16 17:30:00+00:00,Tusculum,UVA Wise,37,21,True,False,True,South Atlantic,South Atlantic,ii,ii,
7,regular,2021-10-16 17:30:00+00:00,Holy Cross,Georgetown,48,14,True,False,True,Patriot,Patriot,fcs,fcs,
7,regular,2021-10-16 17:30:00+00:00,Columbia,Pennsylvania,23,14,True,False,True,Ivy,Ivy,fcs,fcs,
7,regular,2021-10-16 18:00:00+00:00,Frostburg State,Wheeling,41,17,True,False,True,Mountain East,Mountain East,ii,ii,
7,regular,2021-10-16 18:00:00+00:00,Pittsburg State,Lincoln (MO),59,7,True,False,True,Mid America,Mid America,ii,ii,
7,regular,2021-10-16 18:00:00+00:00,Millersville,Shepherd,13,38,True,False,True,Pennsylvania State Athletic,Pennsylvania State Athletic,ii,ii,
7,regular,2021-10-16 18:00:00+00:00,Eastern Michigan,Ball State,31,38,True,False,True,Mid-American,Mid-American,fbs,fbs,
7,regular,2021-10-16 18:00:00+00:00,Colorado School of Mines,South Dakota Mines,44,24,True,False,True,Rocky Mountain,Rocky Mountain,ii,ii,
7,regular,2021-10-16 18:00:00+00:00,Washburn,Northwest Missouri State,17,16,True,False,True,Mid America,Mid America,ii,ii,
7,regular,2021-10-16 18:00:00+00:00,Fort Lewis,Colorado Mesa,3,55,True,False,True,Rocky Mountain,Rocky Mountain,ii,ii,
7,regular,2021-10-16 18:00:00+00:00,Emporia State,Nebraska Kearney,35,42,True,False,True,Mid America,Mid America,ii,ii,
7,regular,2021-10-16 18:00:00+00:00,Southern Connecticut State,Bentley,20,34,True,False,True,Northeast 10,Northeast 10,ii,ii,
7,regular,2021-10-16 18:00:00+00:00,Wayne State (NE),Augustana (SD),24,32,True,False,True,Northern Sun,Northern Sun,ii,ii,
7,regular,2021-10-16 18:00:00+00:00,Southwest Baptist,Truman State,27,21,True,False,True,Great Lakes,Great Lakes,ii,ii,
7,regular,2021-10-16 18:00:00+00:00,Fayetteville State,Johnson C. Smith,55,12,True,False,True,CIAA,CIAA,ii,ii,
7,regular,2021-10-16 18:00:00+00:00,Morehouse,Fort Valley State,51,3,True,False,True,SIAC,SIAC,ii,ii,
7,regular,2021-10-16 18:00:00+00:00,Sioux Falls,University of Mary,34,14,True,False,True,Northern Sun,Northern Sun,ii,ii,
7,regular,2021-10-16 18:00:00+00:00,Bloomsburg,Lock Haven,44,0,True,False,True,Pennsylvania State Athletic,Pennsylvania State Athletic,ii,ii,
7,regular,2021-10-16 18:00:00+00:00,Winona State,Southwest Minnesota State,26,14,True,False,True,Northern Sun,Northern Sun,ii,ii,
7,regular,2021-10-16 18:00:00+00:00,Alabama A&M,Florida A&M,31,35,True,False,True,SWAC,SWAC,fcs,fcs,
7,regular,2021-10-16 18:00:00+00:00,Saginaw Valley State,Northwood,31,13,True,False,True,GLIAC,GLIAC,ii,ii,
7,regular,2021-10-16 18:00:00+00:00,Missouri S&T,William Jewell,37,16,True,False,True,Great Lakes,Great Lakes,ii,ii,
7,regular,2021-10-16 18:00:00+00:00,Benedict,Albany State,6,28,True,False,True,SIAC,SIAC,ii,ii,
7,regular,2021-10-16 18:00:00+00:00,Bemidji State,Minnesota St Moorhead,22,19,True,False,True,Northern Sun,Northern Sun,ii,ii,
7,regular,2021-10-16 18:00:00+00:00,Norfolk State,Virginia Lynchburg,42,14,True,False,False,MEAC,,fcs,,
7,regular,2021-10-16 18:00:00+00:00,West Alabama,Valdosta State,17,42,True,False,True,Gulf South,Gulf South,ii,ii,
7,regular,2021-10-16 18:00:00+00:00,Richmond,James Madison,3,19,True,False,True,CAA,CAA,fcs,fcs,
7,regular,2021-10-16 18:30:00+00:00,Eastern Washington,Idaho,71,21,True,False,True,Big Sky,Big Sky,fcs,fcs,
7,regular,2021-10-16 18:30:00+00:00,Miami (OH),Akron,34,21,True,False,True,Mid-American,Mid-American,fbs,fbs,
7,regular,2021-10-16 19:00:00+00:00,MONTANASTN,Simon Fraser,3,30,True,False,False,,Great Northwest,,ii,
7,regular,2021-10-16 19:00:00+00:00,Montana,Sacramento State,21,28,True,False,True,Big Sky,Big Sky,fcs,fcs,
7,regular,2021-10-16 19:00:00+00:00,Southeastern Oklahoma State,Northwestern (OK),43,10,True,False,True,Great American,Great American,ii,ii,
7,regular,2021-10-16 19:00:00+00:00,Texas State,Troy,28,31,True,False,True,Sun Belt,Sun Belt,fbs,fbs,
7,regular,2021-10-16 19:00:00+00:00,Adams State,Chadron State,35,45,True,False,True,Rocky Mountain,Rocky Mountain,ii,ii,
7,regular,2021-10-16 19:00:00+00:00,Arkansas Monticello,Ouachita Baptist,0,34,True,False,True,Great American,Great American,ii,ii,
7,regular,2021-10-16 19:00:00+00:00,Delta State,North Greenville,34,42,True,False,True,Gulf South,Gulf South,ii,ii,
7,regular,2021-10-16 19:00:00+00:00,Henderson State,Harding,21,46,True,False,True,Great American,Great American,ii,ii,
7,regular,2021-10-16 19:00:00+00:00,Illinois State,North Dakota State,0,20,True,False,True,MVFC,MVFC,fcs,fcs,
7,regular,2021-10-16 19:00:00+00:00,Lane College,Miles,31,34,True,False,True,SIAC,SIAC,ii,ii,
7,regular,2021-10-16 19:00:00+00:00,New Mexico Highlands,CSU Pueblo,28,21,True,False,True,Rocky Mountain,Rocky Mountain,ii,ii,
7,regular,2021-10-16 19:00:00+00:00,Savannah State,Clark Atlanta,49,14,True,False,True,SIAC,SIAC,ii,ii,
7,regular,2021-10-16 19:00:00+00:00,Southern Arkansas,Arkansas Tech,34,17,True,False,True,Great American,Great American,ii,ii,
7,regular,2021-10-16 19:00:00+00:00,Western Colorado,Black Hills State,44,28,True,False,True,Rocky Mountain,Rocky Mountain,ii,ii,
7,regular,2021-10-16 19:00:00+00:00,Jackson State,Alabama State,28,7,True,False,True,SWAC,SWAC,fcs,fcs,
7,regular,2021-10-16 19:00:00+00:00,Tennessee State,Tennessee Tech,20,13,True,False,True,OVC,OVC,fcs,fcs,
7,regular,2021-10-16 19:00:00+00:00,Grambling,Texas Southern,34,20,True,False,True,SWAC,SWAC,fcs,fcs,
7,regular,2021-10-16 19:00:00+00:00,Southern Illinois,North Dakota,31,28,True,False,True,MVFC,MVFC,fcs,fcs,
7,regular,2021-10-16 19:00:00+00:00,Morehead State,Butler,31,8,True,False,True,Pioneer,Pioneer,fcs,fcs,
7,regular,2021-10-16 19:00:00+00:00,Southeast Missouri State,Murray State,31,32,True,False,True,OVC,OVC,fcs,fcs,
7,regular,2021-10-16 19:00:00+00:00,Missouri State,Indiana State,37,7,True,False,True,MVFC,MVFC,fcs,fcs,
7,regular,2021-10-16 19:00:00+00:00,Eastern Illinois,UT Martin,17,28,True,False,True,OVC,OVC,fcs,fcs,
7,regular,2021-10-16 19:00:00+00:00,Arkansas-Pine Bluff,Southern,7,34,True,False,True,SWAC,SWAC,fcs,fcs,
7,regular,2021-10-16 19:30:00+00:00,Wyoming,Fresno State,0,17,True,False,True,Mountain West,Mountain West,fbs,fbs,
7,regular,2021-10-16 19:30:00+00:00,Virginia Tech,Pittsburgh,7,28,True,False,True,ACC,ACC,fbs,fbs,
7,regular,2021-10-16 19:30:00+00:00,Iowa,Purdue,7,24,True,False,True,Big Ten,Big Ten,fbs,fbs,
7,regular,2021-10-16 19:30:00+00:00,Southern Miss,UAB,0,34,True,False,True,Conference USA,Conference USA,fbs,fbs,
7,regular,2021-10-16 19:30:00+00:00,Western Michigan,Kent State,64,31,True,False,True,Mid-American,Mid-American,fbs,fbs,
7,regular,2021-10-16 19:30:00+00:00,Old Dominion,Western Kentucky,20,43,True,False,True,Conference USA,Conference USA,fbs,fbs,
7,regular,2021-10-16 19:30:00+00:00,North Carolina,Miami,45,42,True,False,True,ACC,ACC,fbs,fbs,
7,regular,2021-10-16 19:30:00+00:00,Stony Brook,Delaware,34,17,True,False,True,CAA,CAA,fcs,fcs,
7,regular,2021-10-16 19:30:00+00:00,Georgia,Kentucky,30,13,True,False,True,SEC,SEC,fbs,fbs,
7,regular,2021-10-16 19:30:00+00:00,Central Michigan,Toledo,26,23,True,False,True,Mid-American,Mid-American,fbs,fbs,
7,regular,2021-10-16 19:30:00+00:00,Northern Illinois,Bowling Green,34,26,True,False,True,Mid-American,Mid-American,fbs,fbs,
7,regular,2021-10-16 19:30:00+00:00,Baylor,BYU,38,24,True,False,False,Big 12,FBS Independents,fbs,fbs,
7,regular,2021-10-16 19:30:00+00:00,Colorado,Arizona,34,0,True,False,True,Pac-12,Pac-12,fbs,fbs,
7,regular,2021-10-16 19:30:00+00:00,South Carolina State,Morgan State,37,14,True,False,True,MEAC,MEAC,fcs,fcs,
7,regular,2021-10-16 19:30:00+00:00,UAlbany,Villanova,10,17,True,False,True,CAA,CAA,fcs,fcs,
7,regular,2021-10-16 20:00:00+00:00,Abilene Christian,Lamar,24,17,True,False,True,Western Athletic,Western Athletic,fcs,fcs,
7,regular,2021-10-16 20:00:00+00:00,Mercer,VMI,7,45,True,False,True,Southern,Southern,fcs,fcs,
7,regular,2021-10-16 20:00:00+00:00,Seton Hill,Gannon,10,14,True,False,True,Pennsylvania State Athletic,Pennsylvania State Athletic,ii,ii,
7,regular,2021-10-16 20:00:00+00:00,Limestone,Mars Hill,3,32,True,False,True,South Atlantic,South Atlantic,ii,ii,
7,regular,2021-10-16 20:00:00+00:00,South Carolina,Vanderbilt,21,20,True,False,True,SEC,SEC,fbs,fbs,
7,regular,2021-10-16 20:00:00+00:00,Erskine,Bluefield State,24,19,True,False,True,Independent DII,Independent DII,ii,ii,
7,regular,2021-10-16 20:00:00+00:00,Northern Arizona,Southern Utah,59,35,True,False,True,Big Sky,Big Sky,fcs,fcs,
7,regular,2021-10-16 20:00:00+00:00,Northwestern State,McNeese,17,35,True,False,True,Southland,Southland,fcs,fcs,
7,regular,2021-10-16 20:00:00+00:00,Quincy,McKendree,48,51,True,False,True,Great Lakes,Great Lakes,ii,ii,
7,regular,2021-10-16 20:00:00+00:00,Towson,Rhode Island,28,7,True,False,True,CAA,CAA,fcs,fcs,
7,regular,2021-10-16 20:00:00+00:00,Kansas,Texas Tech,14,41,True,False,True,Big 12,Big 12,fbs,fbs,
7,regular,2021-10-16 20:00:00+00:00,Mississippi Valley State,Alcorn State,12,24,True,False,True,SWAC,SWAC,fcs,fcs,
7,regular,2021-10-16 21:00:00+00:00,Newberry,Catawba,14,7,True,False,True,South Atlantic,South Atlantic,ii,ii,
7,regular,2021-10-16 21:00:00+00:00,East Texas A&M,Western New Mexico,58,0,True,False,True,Lone Star,Lone Star,ii,ii,
7,regular,2021-10-16 21:00:00+00:00,Missouri Western,Northeastern State,57,24,True,False,True,Mid America,Mid America,ii,ii,
7,regular,2021-10-16 21:00:00+00:00,San Diego,Drake,13,10,True,False,True,Pioneer,Pioneer,fcs,fcs,
7,regular,2021-10-16 21:00:00+00:00,SE Louisiana,Houston Christian,61,24,True,False,True,Southland,Southland,fcs,fcs,
7,regular,2021-10-16 21:00:00+00:00,West Florida,West Georgia,26,30,True,False,True,Gulf South,Gulf South,ii,ii,
7,regular,2021-10-16 21:00:00+00:00,Missouri Southern State,Central Missouri,30,28,True,False,True,Mid America,Mid America,ii,ii,
7,regular,2021-10-16 21:00:00+00:00,Portland State,Idaho State,31,10,True,False,True,Big Sky,Big Sky,fcs,fcs,
7,regular,2021-10-16 21:00:00+00:00,Central Arkansas,Eastern Kentucky,35,38,True,False,True,AWC,AWC,fcs,fcs,
7,regular,2021-10-16 21:00:00+00:00,Northern Iowa,South Dakota,21,34,True,False,True,MVFC,MVFC,fcs,fcs,
7,regular,2021-10-16 21:00:00+00:00,Kennesaw State,North Carolina A&T,14,0,True,False,True,Big South,Big South,fcs,fcs,
7,regular,2021-10-16 21:05:00+00:00,Kutztown,Shippensburg,20,3,True,False,True,Pennsylvania State Athletic,Pennsylvania State Athletic,ii,ii,
7,regular,2021-10-16 22:00:00+00:00,Furman,The Citadel,24,14,True,False,True,Southern,Southern,fcs,fcs,
7,regular,2021-10-16 22:00:00+00:00,Charleston Southern,Hampton,35,5,True,False,True,Big South,Big South,fcs,fcs,
7,regular,2021-10-16 22:00:00+00:00,West Virginia State,UNC Pembroke,13,14,True,False,True,Mountain East,Mountain East,ii,ii,
7,regular,2021-10-16 22:00:00+00:00,Indianapolis,Lindenwood,20,28,True,False,True,Great Lakes,Great Lakes Valley,ii,ii,
7,regular,2021-10-16 22:00:00+00:00,Barton,Wingate,26,20,True,False,False,Independent DII,South Atlantic,ii,ii,
7,regular,2021-10-16 22:00:00+00:00,UTSA,Rice,45,0,True,False,True,Conference USA,Conference USA,fbs,fbs,
7,regular,2021-10-16 23:00:00+00:00,UL Monroe,Liberty,31,28,True,False,False,Sun Belt,FBS Independents,fbs,fbs,
7,regular,2021-10-16 23:00:00+00:00,UNLV,Utah State,24,28,True,False,True,Mountain West,Mountain West,fbs,fbs,
7,regular,2021-10-16 23:00:00+00:00,Grand Valley State,Ferris State,28,35,True,False,True,GLIAC,GLIAC,ii,ii,
7,regular,2021-10-16 23:00:00+00:00,Davidson,Presbyterian,70,35,True,False,True,Pioneer,Pioneer,fcs,fcs,
7,regular,2021-10-16 23:00:00+00:00,Northern State,Minot State,36,35,True,False,True,Northern Sun,Northern Sun,ii,ii,
7,regular,2021-10-16 23:00:00+00:00,East Central,Oklahoma Baptist,20,47,True,False,True,Great American,Great American,ii,ii,
7,regular,2021-10-16 23:00:00+00:00,Angelo State,UT Permian Basin,34,14,True,False,True,Lone Star,Lone Star,ii,ii,
7,regular,2021-10-16 23:00:00+00:00,New Mexico,Colorado State,7,36,True,False,True,Mountain West,Mountain West,fbs,fbs,
7,regular,2021-10-16 23:00:00+00:00,Mississippi State,Alabama,9,49,True,False,True,SEC,SEC,fbs,fbs,
7,regular,2021-10-16 23:00:00+00:00,North Alabama,Robert Morris,42,31,True,False,True,Big South,Big South,fcs,fcs,
7,regular,2021-10-16 23:30:00+00:00,Kansas State,Iowa State,20,33,True,False,True,Big 12,Big 12,fbs,fbs,
7,regular,2021-10-16 23:30:00+00:00,Oklahoma,TCU,52,31,True,False,True,Big 12,Big 12,fbs,fbs,
7,regular,2021-10-16 23:30:00+00:00,Washington State,Stanford,34,31,True,False,True,Pac-12,Pac-12,fbs,fbs,
7,regular,2021-10-16 23:30:00+00:00,Tennessee,Ole Miss,26,31,True,False,True,SEC,SEC,fbs,fbs,
7,regular,2021-10-16 23:30:00+00:00,Boston College,NC State,7,33,True,False,True,ACC,ACC,fbs,fbs,
7,regular,2021-10-17 00:00:00+00:00,UC Davis,Northern Colorado,32,3,True,False,True,Big Sky,Big Sky,fcs,fcs,
7,regular,2021-10-17 00:00:00+00:00,Fort Hays,Central Oklahoma,14,24,True,False,True,Mid America,Mid America,ii,ii,
7,regular,2021-10-17 00:00:00+00:00,Eastern New Mexico,West Texas,24,44,True,False,True,Lone Star,Lone Star,ii,ii,
7,regular,2021-10-17 00:00:00+00:00,Texas A&M-Kingsville,Lincoln (CA),51,21,True,False,False,Lone Star,,ii,,
7,regular,2021-10-17 00:00:00+00:00,Wisconsin,Army,20,14,True,False,False,Big Ten,FBS Independents,fbs,fbs,
7,regular,2021-10-17 00:30:00+00:00,Washington,UCLA,17,24,True,False,True,Pac-12,Pac-12,fbs,fbs,
7,regular,2021-10-17 01:00:00+00:00,Boise State,Air Force,17,24,True,False,True,Mountain West,Mountain West,fbs,fbs,
7,regular,2021-10-17 01:00:00+00:00,Utah Tech,Tarleton State,20,41,True,False,True,Western Athletic,Western Athletic,fcs,fcs,
7,regular,2021-10-17 01:00:00+00:00,UTEP,Louisiana Tech,19,3,True,False,True,Conference USA,Conference USA,fbs,fbs,
7,regular,2021-10-17 02:00:00+00:00,Utah,Arizona State,35,21,True,False,True,Pac-12,Pac-12,fbs,fbs,
7,regular,2021-10-17 02:30:00+00:00,Nevada,Hawai'i,34,17,True,False,True,Mountain West,Mountain West,fbs,fbs,
8,regular,2021-10-20 23:30:00+00:00,App State,Coastal Carolina,30,27,True,False,True,Sun Belt,Sun Belt,fbs,fbs,
8,regular,2021-10-21 23:30:00+00:00,Charlotte,Florida Atlantic,9,38,True,False,True,Conference USA,Conference USA,fbs,fbs,
8,regular,2021-10-21 23:30:00+00:00,SMU,Tulane,55,26,True,False,True,American Athletic,American Athletic,fbs,fbs,
8,regular,2021-10-21 23:30:00+00:00,Arkansas State,Louisiana,27,28,True,False,True,Sun Belt,Sun Belt,fbs,fbs,
8,regular,2021-10-22 03:00:00+00:00,UNLV,San José State,20,27,True,False,True,Mountain West,Mountain West,fbs,fbs,
8,regular,2021-10-22 22:00:00+00:00,UConn,Middle Tennessee,13,44,True,False,False,FBS Independents,Conference USA,fbs,fbs,
8,regular,2021-10-22 22:00:00+00:00,Dartmouth,Columbia,0,19,True,False,True,Ivy,Ivy,fcs,fcs,
8,regular,2021-10-22 23:00:00+00:00,UCF,Memphis,24,7,True,False,True,American Athletic,American Athletic,fbs,fbs,
8,regular,2021-10-23 01:30:00+00:00,Utah State,Colorado State,26,24,True,False,True,Mountain West,Mountain West,fbs,fbs,
8,regular,2021-10-23 02:30:00+00:00,Arizona,Washington,16,21,True,False,True,Pac-12,Pac-12,fbs,fbs,
8,regular,2021-10-23 16:00:00+00:00,Kansas,Oklahoma,23,35,True,False,True,Big 12,Big 12,fbs,fbs,
8,regular,2021-10-23 16:00:00+00:00,Army,Wake Forest,56,70,True,False,False,FBS Independents,ACC,fbs,fbs,
8,regular,2021-10-23 16:00:00+00:00,Florida State,Massachusetts,59,3,True,False,False,ACC,FBS Independents,fbs,fbs,
8,regular,2021-10-23 16:00:00+00:00,Michigan,Northwestern,33,7,True,False,True,Big Ten,Big Ten,fbs,fbs,
8,regular,2021-10-23 16:00:00+00:00,Navy,Cincinnati,20,27,True,False,True,American Athletic,American Athletic,fbs,fbs,
8,regular,2021-10-23 16:00:00+00:00,Bowling Green,Eastern Michigan,24,55,True,False,True,Mid-American,Mid-American,fbs,fbs,
8,regular,2021-10-23 16:00:00+00:00,Central Michigan,Northern Illinois,38,39,True,False,True,Mid-American,Mid-American,fbs,fbs,
8,regular,2021-10-23 16:00:00+00:00,Ohio Dominican,Walsh,56,17,True,False,True,Great Midwest Athletic,Great Midwest Athletic,ii,ii,
8,regular,2021-10-23 16:00:00+00:00,Penn State,Illinois,18,20,True,False,True,Big Ten,Big Ten,fbs,fbs,
8,regular,2021-10-23 16:00:00+00:00,Shepherd,West Chester,42,38,True,False,True,Pennsylvania State Athletic,Pennsylvania State Athletic,ii,ii,
8,regular,2021-10-23 16:00:00+00:00,Texas Tech,Kansas State,24,25,True,False,True,Big 12,Big 12,fbs,fbs,
8,regular,2021-10-23 16:00:00+00:00,UVA Wise,Wingate,21,48,True,False,True,South Atlantic,South Atlantic,ii,ii,
8,regular,2021-10-23 16:00:00+00:00,Central Connecticut,Long Island University,13,30,True,False,True,NEC,NEC,fcs,fcs,
8,regular,2021-10-23 16:00:00+00:00,Minot State,Upper Iowa,17,14,True,False,True,Northern Sun,Northern Sun,ii,ii,
8,regular,2021-10-23 16:00:00+00:00,Wagner,Bryant,10,31,True,False,True,NEC,NEC,fcs,fcs,
8,regular,2021-10-23 16:00:00+00:00,Kentucky Wesleyan,Tiffin,28,34,True,False,True,Great Midwest Athletic,Great Midwest Athletic,ii,ii,
8,regular,2021-10-23 16:00:00+00:00,Mercyhurst,Slippery Rock,17,20,True,False,True,Pennsylvania State Athletic,Pennsylvania State Athletic,ii,ii,
8,regular,2021-10-23 16:00:00+00:00,Yale,Pennsylvania,42,28,True,False,True,Ivy,Ivy,fcs,fcs,
8,regular,2021-10-23 16:00:00+00:00,Arkansas,Arkansas-Pine Bluff,45,3,True,False,False,SEC,SWAC,fbs,fcs,
8,regular,2021-10-23 16:00:00+00:00,Clarion,Seton Hill,0,49,True,False,True,Pennsylvania State Athletic,Pennsylvania State Athletic,ii,ii,
8,regular,2021-10-23 16:00:00+00:00,Findlay,Hillsdale,29,34,True,False,True,Great Midwest Athletic,Great Midwest Athletic,ii,ii,
8,regular,2021-10-23 16:00:00+00:00,Gannon,Edinboro,21,18,True,False,True,Pennsylvania State Athletic,Pennsylvania State Athletic,ii,ii,
8,regular,2021-10-23 16:00:00+00:00,Sacred Heart,Duquesne,31,13,True,False,True,NEC,NEC,fcs,fcs,
8,regular,2021-10-23 16:00:00+00:00,Marist,Morehead State,24,27,True,False,True,Pioneer,Pioneer,fcs,fcs,
8,regular,2021-10-23 16:30:00+00:00,Virginia Tech,Syracuse,36,41,True,False,True,ACC,ACC,fbs,fbs,
8,regular,2021-10-23 17:00:00+00:00,Fordham,Lehigh,35,28,True,False,True,Patriot,Patriot,fcs,fcs,
8,regular,2021-10-23 17:00:00+00:00,Virginia Union,Bowie State,7,27,True,False,True,CIAA,CIAA,ii,ii,
8,regular,2021-10-23 17:00:00+00:00,Ashland,Lake Erie,42,41,True,False,True,Great Midwest Athletic,Great Midwest Athletic,ii,ii,
8,regular,2021-10-23 17:00:00+00:00,Concordia St. Paul,Northern State,17,38,True,False,True,Northern Sun,Northern Sun,ii,ii,
8,regular,2021-10-23 17:00:00+00:00,Wheeling,West Liberty,26,20,True,False,True,Mountain East,Mountain East,ii,ii,
8,regular,2021-10-23 17:00:00+00:00,St. Augustine's,Fayetteville State,12,40,True,False,True,CIAA,CIAA,ii,ii,
8,regular,2021-10-23 17:00:00+00:00,Shippensburg,Millersville,38,7,True,False,True,Pennsylvania State Athletic,Pennsylvania State Athletic,ii,ii,
8,regular,2021-10-23 17:00:00+00:00,Ohio,Kent State,27,34,True,False,True,Mid-American,Mid-American,fbs,fbs,
8,regular,2021-10-23 17:00:00+00:00,Fairmont State,Frostburg State,14,49,True,False,True,Mountain East,Mountain East,ii,ii,
8,regular,2021-10-23 17:00:00+00:00,Princeton,Harvard,18,16,True,False,True,Ivy,Ivy,fcs,fcs,
8,regular,2021-10-23 17:00:00+00:00,Assumption,American International,42,21,True,False,True,Northeast 10,Northeast 10,ii,ii,
8,regular,2021-10-23 17:00:00+00:00,Northern Michigan,Grand Valley State,24,28,True,False,True,GLIAC,GLIAC,ii,ii,
8,regular,2021-10-23 17:00:00+00:00,Shaw,Johnson C. Smith,20,14,True,False,True,CIAA,CIAA,ii,ii,
8,regular,2021-10-23 17:00:00+00:00,Presbyterian,San Diego,28,69,True,False,True,Pioneer,Pioneer,fcs,fcs,
8,regular,2021-10-23 17:00:00+00:00,Minnesota St Moorhead,University of Mary,35,31,True,False,True,Northern Sun,Northern Sun,ii,ii,
8,regular,2021-10-23 17:00:00+00:00,Drake,Stetson,0,1,True,False,True,Pioneer,Pioneer,fcs,fcs,Drake unable to play due to COVID-19
8,regular,2021-10-23 17:00:00+00:00,Stonehill,New Haven,20,42,True,False,True,Northeast 10,Northeast 10,ii,ii,
8,regular,2021-10-23 17:00:00+00:00,Northwood,Davenport,14,21,True,False,True,GLIAC,GLIAC,ii,ii,
8,regular,2021-10-23 17:00:00+00:00,Concord,West Virginia State,32,34,True,False,True,Mountain East,Mountain East,ii,ii,
8,regular,2021-10-23 17:00:00+00:00,Franklin Pierce,Southern Connecticut State,24,43,True,False,True,Northeast 10,Northeast 10,ii,ii,
8,regular,2021-10-23 17:00:00+00:00,West Virginia Wesleyan,Alderson-Broaddus,20,49,True,False,True,Mountain East,Mountain East,ii,ii,
8,regular,2021-10-23 17:00:00+00:00,Winston-Salem State,Livingstone,21,0,True,False,True,CIAA,CIAA,ii,ii,
8,regular,2021-10-23 17:00:00+00:00,Mars Hill,Catawba,31,14,True,False,True,South Atlantic,South Atlantic,ii,ii,
8,regular,2021-10-23 17:00:00+00:00,Kentucky State,Miles,21,28,True,False,True,SIAC,SIAC,ii,ii,
8,regular,2021-10-23 17:00:00+00:00,Howard,Norfolk State,31,45,True,False,True,MEAC,MEAC,fcs,fcs,
8,regular,2021-10-23 17:00:00+00:00,Michigan Tech,Ferris State,10,38,True,False,True,GLIAC,GLIAC,ii,ii,
8,regular,2021-10-23 17:00:00+00:00,McNeese,Incarnate Word,28,20,True,False,True,Southland,Southland,fcs,fcs,
8,regular,2021-10-23 17:00:00+00:00,Morgan State,North Carolina Central,17,28,True,False,True,MEAC,MEAC,fcs,fcs,
8,regular,2021-10-23 17:00:00+00:00,Elon,New Hampshire,24,10,True,False,True,CAA,CAA,fcs,fcs,
8,regular,2021-10-23 17:00:00+00:00,Indiana State,Youngstown State,28,17,True,False,True,MVFC,MVFC,fcs,fcs,
8,regular,2021-10-23 17:00:00+00:00,UAlbany,Maine,16,19,True,False,True,CAA,CAA,fcs,fcs,
8,regular,2021-10-23 17:00:00+00:00,Cornell,Brown,45,49,True,False,True,Ivy,Ivy,fcs,fcs,
8,regular,2021-10-23 17:00:00+00:00,Samford,Chattanooga,13,55,True,False,True,Southern,Southern,fcs,fcs,
8,regular,2021-10-23 17:00:00+00:00,Bucknell,Georgetown,21,29,True,False,True,Patriot,Patriot,fcs,fcs,
8,regular,2021-10-23 17:00:00+00:00,Butler,Davidson,35,49,True,False,True,Pioneer,Pioneer,fcs,fcs,
8,regular,2021-10-23 17:00:00+00:00,Valparaiso,Dayton,45,28,True,False,True,Pioneer,Pioneer,fcs,fcs,
8,regular,2021-10-23 17:05:00+00:00,East Stroudsburg,Bloomsburg,35,14,True,False,True,Pennsylvania State Athletic,Pennsylvania State Athletic,ii,ii,
8,regular,2021-10-23 17:30:00+00:00,Elizabeth City State,Chowan,32,28,True,False,True,CIAA,CIAA,ii,ii,
8,regular,2021-10-23 17:30:00+00:00,Glenville State,Notre Dame College,14,34,True,False,True,Mountain East,Mountain East,ii,ii,
8,regular,2021-10-23 17:30:00+00:00,Gardner-Webb,Robert Morris,28,17,True,False,True,Big South,Big South,fcs,fcs,
8,regular,2021-10-23 18:00:00+00:00,Edward Waters,Central State,56,19,True,False,False,SIAC,SIAC,ii,ii,
8,regular,2021-10-23 18:00:00+00:00,Albany State,Savannah State,30,0,True,False,True,SIAC,SIAC,ii,ii,
8,regular,2021-10-23 18:00:00+00:00,Virginia State,Lincoln (PA),23,3,True,False,True,CIAA,CIAA,ii,ii,
8,regular,2021-10-23 18:00:00+00:00,Northeastern State,Northwest Missouri State,7,59,True,False,True,Mid America,Mid America,ii,ii,
8,regular,2021-10-23 18:00:00+00:00,Tuskegee,Lane College,17,21,True,False,True,SIAC,SIAC,ii,ii,
8,regular,2021-10-23 18:00:00+00:00,Western New Mexico,Texas A&M-Kingsville,19,28,True,False,True,Lone Star,Lone Star,ii,ii,
8,regular,2021-10-23 18:00:00+00:00,Lock Haven,Kutztown,15,32,True,False,True,Pennsylvania State Athletic,Pennsylvania State Athletic,ii,ii,
8,regular,2021-10-23 18:00:00+00:00,Chadron State,Fort Lewis,60,7,True,False,True,Rocky Mountain,Rocky Mountain,ii,ii,
8,regular,2021-10-23 18:00:00+00:00,Minnesota State,Augustana (SD),35,45,True,False,True,Northern Sun,Northern Sun,ii,ii,
8,regular,2021-10-23 18:00:00+00:00,Lenoir Rhyne,Limestone,45,3,True,False,True,South Atlantic,South Atlantic,ii,ii,
8,regular,2021-10-23 18:00:00+00:00,The Citadel,Western Carolina,31,45,True,False,True,Southern,Southern,fcs,fcs,
8,regular,2021-10-23 18:00:00+00:00,Furman,East Tennessee State,13,17,True,False,True,Southern,Southern,fcs,fcs,
8,regular,2021-10-23 18:00:00+00:00,Sioux Falls,Winona State,10,14,True,False,True,Northern Sun,Northern Sun,ii,ii,
8,regular,2021-10-23 18:00:00+00:00,South Dakota,Illinois State,14,20,True,False,True,MVFC,MVFC,fcs,fcs,
8,regular,2021-10-23 18:00:00+00:00,Ouachita Baptist,Southern Arkansas,42,7,True,False,True,Great American,Great American,ii,ii,
8,regular,2021-10-23 18:00:00+00:00,Jackson State,Bethune-Cookman,42,12,True,False,True,SWAC,SWAC,fcs,fcs,
8,regular,2021-10-23 18:00:00+00:00,Lindenwood,Southwest Baptist,48,24,True,False,True,Great Lakes Valley,Great Lakes,ii,ii,
8,regular,2021-10-23 18:00:00+00:00,Benedict,Morehouse,5,20,True,False,True,SIAC,SIAC,ii,ii,
8,regular,2021-10-23 18:00:00+00:00,Delaware State,South Carolina State,7,13,True,False,True,MEAC,MEAC,fcs,fcs,
8,regular,2021-10-23 18:00:00+00:00,McKendree,Missouri S&T,31,37,True,False,True,Great Lakes,Great Lakes,ii,ii,
8,regular,2021-10-23 18:00:00+00:00,IU Pennsylvania,California (PA),34,38,True,False,True,Pennsylvania State Athletic,Pennsylvania State Athletic,ii,ii,
8,regular,2021-10-23 18:00:00+00:00,Hampton,North Carolina A&T,30,9,True,False,True,Big South,Big South,fcs,fcs,
8,regular,2021-10-23 18:00:00+00:00,Georgia State,Texas State,28,16,True,False,True,Sun Belt,Sun Belt,fbs,fbs,
8,regular,2021-10-23 18:00:00+00:00,Fort Valley State,Clark Atlanta,40,7,True,False,True,SIAC,SIAC,ii,ii,
8,regular,2021-10-23 18:00:00+00:00,Quincy,Indianapolis,21,70,True,False,True,Great Lakes,Great Lakes,ii,ii,
8,regular,2021-10-23 18:00:00+00:00,UNC Pembroke,Charleston (WV),21,14,True,False,True,Mountain East,Mountain East,ii,ii,
8,regular,2021-10-23 18:00:00+00:00,South Dakota Mines,Western Colorado,21,42,True,False,True,Rocky Mountain,Rocky Mountain,ii,ii,
8,regular,2021-10-23 18:00:00+00:00,Saint Anselm,Pace,24,16,True,False,True,Northeast 10,Northeast 10,ii,ii,
8,regular,2021-10-23 18:00:00+00:00,Tusculum,Barton,41,17,True,False,False,South Atlantic,Independent DII,ii,ii,
8,regular,2021-10-23 18:30:00+00:00,Tennessee Tech,Virginia Lynchburg,56,13,True,False,False,OVC,,fcs,,
8,regular,2021-10-23 18:30:00+00:00,Central Missouri,Fort Hays,17,21,True,False,True,Mid America,Mid America,ii,ii,
8,regular,2021-10-23 19:00:00+00:00,Murray State,Austin Peay,6,47,True,False,True,OVC,OVC,fcs,fcs,
8,regular,2021-10-23 19:00:00+00:00,Sam Houston,Jacksonville State,42,7,True,False,True,AWC,AWC,fcs,fcs,
8,regular,2021-10-23 19:00:00+00:00,Black Hills State,New Mexico Highlands,10,24,True,False,True,Rocky Mountain,Rocky Mountain,ii,ii,
8,regular,2021-10-23 19:00:00+00:00,Saginaw Valley State,Wayne State (MI),41,25,True,False,True,GLIAC,GLIAC,ii,ii,
8,regular,2021-10-23 19:00:00+00:00,Purdue,Wisconsin,13,30,True,False,True,Big Ten,Big Ten,fbs,fbs,
8,regular,2021-10-23 19:00:00+00:00,Colorado Mesa,Colorado School of Mines,26,21,True,False,True,Rocky Mountain,Rocky Mountain,ii,ii,
8,regular,2021-10-23 19:00:00+00:00,Mississippi College,Valdosta State,14,41,True,False,True,Gulf South,Gulf South,ii,ii,
8,regular,2021-10-23 19:00:00+00:00,Emporia State,Missouri Southern State,24,21,True,False,True,Mid America,Mid America,ii,ii,
8,regular,2021-10-23 19:00:00+00:00,Truman State,William Jewell,52,0,True,False,True,Great Lakes,Great Lakes,ii,ii,
8,regular,2021-10-23 19:00:00+00:00,UT Martin,Southeast Missouri State,38,30,True,False,True,OVC,OVC,fcs,fcs,
8,regular,2021-10-23 19:00:00+00:00,North Dakota,Western Illinois,34,10,True,False,True,MVFC,MVFC,fcs,fcs,
8,regular,2021-10-23 19:00:00+00:00,South Dakota State,Northern Iowa,17,26,True,False,True,MVFC,MVFC,fcs,fcs,
8,regular,2021-10-23 19:00:00+00:00,Southwestern Oklahoma State,East Central,34,44,True,False,True,Great American,Great American,ii,ii,
8,regular,2021-10-23 19:00:00+00:00,North Alabama,Charleston Southern,45,22,True,False,True,Big South,Big South,fcs,fcs,
8,regular,2021-10-23 19:00:00+00:00,Arkansas Tech,Henderson State,38,41,True,False,True,Great American,Great American,ii,ii,
8,regular,2021-10-23 19:00:00+00:00,Montana State,Idaho State,27,9,True,False,True,Big Sky,Big Sky,fcs,fcs,
8,regular,2021-10-23 19:00:00+00:00,Delaware,James Madison,10,22,True,False,True,CAA,CAA,fcs,fcs,
8,regular,2021-10-23 19:00:00+00:00,Eastern Illinois,Tennessee State,0,28,True,False,True,OVC,OVC,fcs,fcs,
8,regular,2021-10-23 19:00:00+00:00,Central Oklahoma,Washburn,17,29,True,False,True,Mid America,Mid America,ii,ii,
8,regular,2021-10-23 19:05:00+00:00,Minnesota Duluth,Bemidji State,35,42,True,False,True,Northern Sun,Northern Sun,ii,ii,
8,regular,2021-10-23 19:30:00+00:00,Ball State,Miami (OH),17,24,True,False,True,Mid-American,Mid-American,fbs,fbs,
8,regular,2021-10-23 19:30:00+00:00,Wyoming,New Mexico,3,14,True,False,True,Mountain West,Mountain West,fbs,fbs,
8,regular,2021-10-23 19:30:00+00:00,Toledo,Western Michigan,34,15,True,False,True,Mid-American,Mid-American,fbs,fbs,
8,regular,2021-10-23 19:30:00+00:00,Ole Miss,LSU,31,17,True,False,True,SEC,SEC,fbs,fbs,
8,regular,2021-10-23 19:30:00+00:00,Washington State,BYU,19,21,True,False,False,Pac-12,FBS Independents,fbs,fbs,
8,regular,2021-10-23 19:30:00+00:00,Akron,Buffalo,10,45,True,False,True,Mid-American,Mid-American,fbs,fbs,
8,regular,2021-10-23 19:30:00+00:00,Stony Brook,Richmond,27,14,True,False,True,CAA,CAA,fcs,fcs,
8,regular,2021-10-23 19:30:00+00:00,UAB,Rice,24,30,True,False,True,Conference USA,Conference USA,fbs,fbs,
8,regular,2021-10-23 19:30:00+00:00,Iowa State,Oklahoma State,24,21,True,False,True,Big 12,Big 12,fbs,fbs,
8,regular,2021-10-23 19:30:00+00:00,Minnesota,Maryland,34,16,True,False,True,Big Ten,Big Ten,fbs,fbs,
8,regular,2021-10-23 19:30:00+00:00,North Dakota State,Missouri State,27,20,True,False,True,MVFC,MVFC,fcs,fcs,
8,regular,2021-10-23 19:30:00+00:00,William & Mary,Towson,40,14,True,False,True,CAA,CAA,fcs,fcs,
8,regular,2021-10-23 19:30:00+00:00,California,Colorado,26,3,True,False,True,Pac-12,Pac-12,fbs,fbs,
8,regular,2021-10-23 19:30:00+00:00,Villanova,Rhode Island,44,0,True,False,True,CAA,CAA,fcs,fcs,
8,regular,2021-10-23 19:30:00+00:00,UCLA,Oregon,31,34,True,False,True,Pac-12,Pac-12,fbs,fbs,
8,regular,2021-10-23 19:30:00+00:00,Pittsburgh,Clemson,27,17,True,False,True,ACC,ACC,fbs,fbs,
8,regular,2021-10-23 20:00:00+00:00,Campbell,Kennesaw State,7,30,True,False,True,Big South,Big South,fcs,fcs,
8,regular,2021-10-23 20:00:00+00:00,Erskine,Allen,47,40,True,False,False,Independent DII,SIAC,ii,ii,
8,regular,2021-10-23 20:00:00+00:00,Eastern Washington,Weber State,34,35,True,False,True,Big Sky,Big Sky,fcs,fcs,
8,regular,2021-10-23 20:00:00+00:00,North Texas,Liberty,26,35,True,False,False,Conference USA,FBS Independents,fbs,fbs,
8,regular,2021-10-23 20:00:00+00:00,Harding,Arkansas Monticello,64,7,True,False,True,Great American,Great American,ii,ii,
8,regular,2021-10-23 20:00:00+00:00,Houston,East Carolina,31,24,True,False,True,American Athletic,American Athletic,fbs,fbs,
8,regular,2021-10-23 20:00:00+00:00,Vanderbilt,Mississippi State,6,45,True,False,True,SEC,SEC,fbs,fbs,
8,regular,2021-10-23 20:00:00+00:00,Mississippi Valley State,Florida A&M,28,31,True,False,True,SWAC,SWAC,fcs,fcs,
8,regular,2021-10-23 20:00:00+00:00,Newberry,Carson Newman,34,3,True,False,True,South Atlantic,South Atlantic,ii,ii,
8,regular,2021-10-23 20:00:00+00:00,Northwestern State,SE Louisiana,14,51,True,False,True,Southland,Southland,fcs,fcs,
8,regular,2021-10-23 20:00:00+00:00,Louisville,Boston College,28,14,True,False,True,ACC,ACC,fbs,fbs,
8,regular,2021-10-23 20:00:00+00:00,CSU Pueblo,Adams State,35,28,True,False,True,Rocky Mountain,Rocky Mountain,ii,ii,
8,regular,2021-10-23 21:00:00+00:00,West Alabama,Delta State,30,35,True,False,True,Gulf South,Gulf South,ii,ii,
8,regular,2021-10-23 21:00:00+00:00,Missouri Western,Pittsburg State,14,34,True,False,True,Mid America,Mid America,ii,ii,
8,regular,2021-10-23 21:00:00+00:00,Holy Cross,Colgate,42,10,True,False,True,Patriot,Patriot,fcs,fcs,
8,regular,2021-10-23 22:00:00+00:00,Mercer,Wofford,45,14,True,False,True,Southern,Southern,fcs,fcs,
8,regular,2021-10-23 22:00:00+00:00,West Georgia,North Greenville,34,12,True,False,True,Gulf South,Gulf South,ii,ii,
8,regular,2021-10-23 22:00:00+00:00,Southwest Minnesota State,Wayne State (NE),16,38,True,False,True,Northern Sun,Northern Sun,ii,ii,
8,regular,2021-10-23 23:00:00+00:00,Angelo State,Simon Fraser,51,10,True,False,False,Lone Star,Great Northwest,ii,ii,
8,regular,2021-10-23 23:00:00+00:00,Florida International,Western Kentucky,19,34,True,False,True,Conference USA,Conference USA,fbs,fbs,
8,regular,2021-10-23 23:00:00+00:00,Alabama,Tennessee,52,24,True,False,True,SEC,SEC,fbs,fbs,
8,regular,2021-10-23 23:00:00+00:00,South Florida,Temple,34,14,True,False,True,American Athletic,American Athletic,fbs,fbs,
8,regular,2021-10-23 23:00:00+00:00,Louisiana Tech,UTSA,16,45,True,False,True,Conference USA,Conference USA,fbs,fbs,
8,regular,2021-10-23 23:00:00+00:00,Oklahoma Baptist,Southeastern Oklahoma State,43,37,True,False,True,Great American,Great American,ii,ii,
8,regular,2021-10-23 23:00:00+00:00,West Texas,East Texas A&M,3,15,True,False,True,Lone Star,Lone Star,ii,ii,
8,regular,2021-10-23 23:00:00+00:00,UL Monroe,South Alabama,41,31,True,False,True,Sun Belt,Sun Belt,fbs,fbs,
8,regular,2021-10-23 23:00:00+00:00,Air Force,San Diego State,14,20,True,False,True,Mountain West,Mountain West,fbs,fbs,
8,regular,2021-10-23 23:00:00+00:00,Southern,Prairie View A&M,21,48,True,False,True,SWAC,SWAC,fcs,fcs,
8,regular,2021-10-23 23:00:00+00:00,Fresno State,Nevada,34,32,True,False,True,Mountain West,Mountain West,fbs,fbs,
8,regular,2021-10-23 23:00:00+00:00,Houston Christian,Nicholls,14,44,True,False,True,Southland,Southland,fcs,fcs,
8,regular,2021-10-23 23:00:00+00:00,UT Permian Basin,Eastern New Mexico,44,21,True,False,True,Lone Star,Lone Star,ii,ii,
8,regular,2021-10-23 23:00:00+00:00,Tarleton State,Midwestern State,17,14,True,False,False,Western Athletic,Lone Star,fcs,ii,
8,regular,2021-10-23 23:00:00+00:00,Lamar,Central Arkansas,38,49,True,False,True,Western Athletic,AWC,fcs,fcs,
8,regular,2021-10-23 23:30:00+00:00,Idaho,Montana,14,34,True,False,True,Big Sky,Big Sky,fcs,fcs,
8,regular,2021-10-23 23:30:00+00:00,Indiana,Ohio State,7,54,True,False,True,Big Ten,Big Ten,fbs,fbs,
8,regular,2021-10-23 23:30:00+00:00,TCU,West Virginia,17,29,True,False,True,Big 12,Big 12,fbs,fbs,
8,regular,2021-10-23 23:30:00+00:00,Oregon State,Utah,42,34,True,False,True,Pac-12,Pac-12,fbs,fbs,
8,regular,2021-10-23 23:30:00+00:00,Texas A&M,South Carolina,44,14,True,False,True,SEC,SEC,fbs,fbs,
8,regular,2021-10-23 23:30:00+00:00,Notre Dame,USC,31,16,True,False,False,FBS Independents,Pac-12,fbs,fbs,
8,regular,2021-10-23 23:30:00+00:00,Virginia,Georgia Tech,48,40,True,False,True,ACC,ACC,fbs,fbs,
8,regular,2021-10-23 23:30:00+00:00,Miami,NC State,31,30,True,False,True,ACC,ACC,fbs,fbs,
8,regular,2021-10-24 00:00:00+00:00,Cal Poly,UC Davis,13,24,True,False,True,Big Sky,Big Sky,fcs,fcs,
8,regular,2021-10-24 00:00:00+00:00,Southern Utah,Northern Colorado,9,17,True,False,True,Big Sky,Big Sky,fcs,fcs,
8,regular,2021-10-24 00:00:00+00:00,Texas Southern,Alcorn State,27,44,True,False,True,SWAC,SWAC,fcs,fcs,
8,regular,2021-10-24 01:00:00+00:00,Sacramento State,Northern Arizona,44,0,True,False,True,Big Sky,Big Sky,fcs,fcs,
8,regular,2021-10-24 01:00:00+00:00,Utah Tech,Stephen F. Austin,20,37,True,False,True,Western Athletic,Western Athletic,fcs,fcs,
8,regular,2021-10-24 01:00:00+00:00,Central Washington,Western Oregon,53,21,True,False,True,Great Northwest,Great Northwest,ii,ii,
8,regular,2021-10-24 03:59:00+00:00,Hawai'i,New Mexico State,48,34,True,False,False,Mountain West,FBS Independents,fbs,fbs,
9,regular,2021-10-28 23:00:00+00:00,Charleston (WV),West Virginia Wesleyan,45,6,True,False,True,Mountain East,Mountain East,ii,ii,
9,regular,2021-10-28 23:30:00+00:00,East Carolina,South Florida,29,14,True,False,True,American Athletic,American Athletic,fbs,fbs,
9,regular,2021-10-28 23:30:00+00:00,Coastal Carolina,Troy,35,28,True,False,True,Sun Belt,Sun Belt,fbs,fbs,
9,regular,2021-10-29 23:00:00+00:00,Cornell,Princeton,16,34,True,False,True,Ivy,Ivy,fcs,fcs,
9,regular,2021-10-29 23:30:00+00:00,Tulsa,Navy,17,20,True,False,True,American Athletic,American Athletic,fbs,fbs,
9,regular,2021-10-30 02:00:00+00:00,Nevada,UNLV,51,20,True,False,True,Mountain West,Mountain West,fbs,fbs,
9,regular,2021-10-30 16:00:00+00:00,Walsh,Findlay,0,49,True,False,True,Great Midwest Athletic,Great Midwest Athletic,ii,ii,
9,regular,2021-10-30 16:00:00+00:00,Georgia Tech,Virginia Tech,17,26,True,False,True,ACC,ACC,fbs,fbs,
9,regular,2021-10-30 16:00:00+00:00,Temple,UCF,7,49,True,False,True,American Athletic,American Athletic,fbs,fbs,
9,regular,2021-10-30 16:00:00+00:00,North Greenville,West Alabama,14,31,True,False,True,Gulf South,Gulf South,ii,ii,
9,regular,2021-10-30 16:00:00+00:00,Buffalo,Bowling Green,44,56,True,False,True,Mid-American,Mid-American,fbs,fbs,
9,regular,2021-10-30 16:00:00+00:00,West Liberty,UNC Pembroke,17,27,True,False,True,Mountain East,Mountain East,ii,ii,
9,regular,2021-10-30 16:00:00+00:00,Yale,Columbia,37,30,True,False,True,Ivy,Ivy,fcs,fcs,
9,regular,2021-10-30 16:00:00+00:00,Maryland,Indiana,38,35,True,False,True,Big Ten,Big Ten,fbs,fbs,
9,regular,2021-10-30 16:00:00+00:00,Wheeling,Concord,15,14,True,False,True,Mountain East,Mountain East,ii,ii,
9,regular,2021-10-30 16:00:00+00:00,Notre Dame College,Fairmont State,45,0,True,False,True,Mountain East,Mountain East,ii,ii,
9,regular,2021-10-30 16:00:00+00:00,Harvard,Dartmouth,17,20,True,False,True,Ivy,Ivy,fcs,fcs,
9,regular,2021-10-30 16:00:00+00:00,Baylor,Texas,31,24,True,False,True,Big 12,Big 12,fbs,fbs,
9,regular,2021-10-30 16:00:00+00:00,Davenport,Saginaw Valley State,3,24,True,False,True,GLIAC,GLIAC,ii,ii,
9,regular,2021-10-30 16:00:00+00:00,Illinois,Rutgers,14,20,True,False,True,Big Ten,Big Ten,fbs,fbs,
9,regular,2021-10-30 16:00:00+00:00,Michigan State,Michigan,37,33,True,False,True,Big Ten,Big Ten,fbs,fbs,
9,regular,2021-10-30 16:00:00+00:00,Wisconsin,Iowa,27,7,True,False,True,Big Ten,Big Ten,fbs,fbs,
9,regular,2021-10-30 16:00:00+00:00,Clarion,Mercyhurst,20,38,True,False,True,Pennsylvania State Athletic,Pennsylvania State Athletic,ii,ii,
9,regular,2021-10-30 16:00:00+00:00,Lehigh,Holy Cross,12,31,True,False,True,Patriot,Patriot,fcs,fcs,
9,regular,2021-10-30 16:00:00+00:00,Tulane,Cincinnati,12,31,True,False,True,American Athletic,American Athletic,fbs,fbs,
9,regular,2021-10-30 16:00:00+00:00,Liberty,Massachusetts,62,17,True,False,False,FBS Independents,FBS Independents,fbs,fbs,
9,regular,2021-10-30 16:00:00+00:00,Louisiana,Texas State,45,0,True,False,True,Sun Belt,Sun Belt,fbs,fbs,
9,regular,2021-10-30 16:00:00+00:00,Gannon,Slippery Rock,21,63,True,False,True,Pennsylvania State Athletic,Pennsylvania State Athletic,ii,ii,
9,regular,2021-10-30 16:00:00+00:00,Robert Morris,Hampton,38,35,True,False,True,Big South,Big South,fcs,fcs,
9,regular,2021-10-30 16:00:00+00:00,Pittsburgh,Miami,34,38,True,False,True,ACC,ACC,fbs,fbs,
9,regular,2021-10-30 16:00:00+00:00,Pace,Stonehill,8,19,True,False,True,Northeast 10,Northeast 10,ii,ii,
9,regular,2021-10-30 16:30:00+00:00,Georgetown,Lafayette,23,24,True,False,True,Patriot,Patriot,fcs,fcs,
9,regular,2021-10-30 17:00:00+00:00,Truman State,Quincy,49,28,True,False,True,Great Lakes,Great Lakes,ii,ii,
9,regular,2021-10-30 17:00:00+00:00,Bentley,Franklin Pierce,24,14,True,False,True,Northeast 10,Northeast 10,ii,ii,
9,regular,2021-10-30 17:00:00+00:00,Minnesota St Moorhead,Northern State,27,33,True,False,True,Northern Sun,Northern Sun,ii,ii,
9,regular,2021-10-30 17:00:00+00:00,West Virginia State,Glenville State,38,27,True,False,True,Mountain East,Mountain East,ii,ii,
9,regular,2021-10-30 17:00:00+00:00,Catawba,Tusculum,31,28,True,False,True,South Atlantic,South Atlantic,ii,ii,
9,regular,2021-10-30 17:00:00+00:00,Delaware,Utah Tech,17,10,True,False,False,CAA,Western Athletic,fcs,fcs,
9,regular,2021-10-30 17:00:00+00:00,New Haven,Assumption,16,10,True,False,True,Northeast 10,Northeast 10,ii,ii,
9,regular,2021-10-30 17:00:00+00:00,Saint Anselm,American International,21,16,True,False,True,Northeast 10,Northeast 10,ii,ii,
9,regular,2021-10-30 17:00:00+00:00,Shaw,Winston-Salem State,38,14,True,False,True,CIAA,CIAA,ii,ii,
9,regular,2021-10-30 17:00:00+00:00,Alderson-Broaddus,Frostburg State,7,45,True,False,True,Mountain East,Mountain East,ii,ii,
9,regular,2021-10-30 17:00:00+00:00,Central State,Lane College,14,16,True,False,True,SIAC,SIAC,ii,ii,
9,regular,2021-10-30 17:00:00+00:00,Upper Iowa,Wayne State (NE),42,41,True,False,True,Northern Sun,Northern Sun,ii,ii,
9,regular,2021-10-30 17:00:00+00:00,Ashland,Hillsdale,28,17,True,False,True,Great Midwest Athletic,Great Midwest Athletic,ii,ii,
9,regular,2021-10-30 17:00:00+00:00,Erskine,Newberry,10,48,True,False,False,Independent DII,South Atlantic,ii,ii,
9,regular,2021-10-30 17:00:00+00:00,Ferris State,Northern Michigan,44,24,True,False,True,GLIAC,GLIAC,ii,ii,
9,regular,2021-10-30 17:00:00+00:00,Colgate,Bucknell,33,10,True,False,True,Patriot,Patriot,fcs,fcs,
9,regular,2021-10-30 17:00:00+00:00,Dayton,Butler,38,31,True,False,True,Pioneer,Pioneer,fcs,fcs,
9,regular,2021-10-30 17:00:00+00:00,Presbyterian,Stetson,14,56,True,False,True,Pioneer,Pioneer,fcs,fcs,
9,regular,2021-10-30 17:00:00+00:00,Rhode Island,Maine,24,45,True,False,True,CAA,CAA,fcs,fcs,
9,regular,2021-10-30 17:00:00+00:00,Johnson C. Smith,St. Augustine's,34,13,True,False,True,CIAA,CIAA,ii,ii,
9,regular,2021-10-30 17:00:00+00:00,Merrimack,Central Connecticut,21,49,True,False,True,NEC,NEC,fcs,fcs,
9,regular,2021-10-30 17:00:00+00:00,Villanova,William & Mary,18,31,True,False,True,CAA,CAA,fcs,fcs,
9,regular,2021-10-30 17:00:00+00:00,Charleston Southern,Campbell,27,14,True,False,True,Big South,Big South,fcs,fcs,
9,regular,2021-10-30 17:00:00+00:00,Kennesaw State,Gardner-Webb,34,30,True,False,True,Big South,Big South,fcs,fcs,
9,regular,2021-10-30 17:00:00+00:00,North Carolina A&T,Monmouth,16,35,True,False,True,Big South,Big South,fcs,fcs,
9,regular,2021-10-30 17:00:00+00:00,Pennsylvania,Brown,45,17,True,False,True,Ivy,Ivy,fcs,fcs,
9,regular,2021-10-30 17:00:00+00:00,Elizabeth City State,Virginia Union,14,44,True,False,True,CIAA,CIAA,ii,ii,
9,regular,2021-10-30 17:00:00+00:00,Lincoln (PA),Bowie State,7,31,True,False,True,CIAA,CIAA,ii,ii,
9,regular,2021-10-30 17:00:00+00:00,Long Island University,Wagner,28,14,True,False,True,NEC,NEC,fcs,fcs,
9,regular,2021-10-30 17:00:00+00:00,Nicholls,Northwestern State,42,21,True,False,True,Southland,Southland,fcs,fcs,
9,regular,2021-10-30 17:00:00+00:00,New Hampshire,Richmond,21,35,True,False,True,CAA,CAA,fcs,fcs,
9,regular,2021-10-30 17:05:00+00:00,East Stroudsburg,Shippensburg,23,24,True,False,True,Pennsylvania State Athletic,Pennsylvania State Athletic,ii,ii,
9,regular,2021-10-30 17:30:00+00:00,VMI,Samford,46,45,True,False,True,Southern,Southern,fcs,fcs,
9,regular,2021-10-30 17:30:00+00:00,Wofford,Western Carolina,21,41,True,False,True,Southern,Southern,fcs,fcs,
9,regular,2021-10-30 17:30:00+00:00,Chattanooga,Furman,13,3,True,False,True,Southern,Southern,fcs,fcs,
9,regular,2021-10-30 18:00:00+00:00,Clark Atlanta,Benedict,21,24,True,False,True,SIAC,SIAC,ii,ii,
9,regular,2021-10-30 18:00:00+00:00,Missouri S&T,Indianapolis,31,28,True,False,True,Great Lakes,Great Lakes,ii,ii,
9,regular,2021-10-30 18:00:00+00:00,Jacksonville State,Central Arkansas,14,38,True,False,True,AWC,AWC,fcs,fcs,
9,regular,2021-10-30 18:00:00+00:00,Washburn,Northeastern State,35,0,True,False,True,Mid America,Mid America,ii,ii,
9,regular,2021-10-30 18:00:00+00:00,IU Pennsylvania,Edinboro,17,21,True,False,True,Pennsylvania State Athletic,Pennsylvania State Athletic,ii,ii,
9,regular,2021-10-30 18:00:00+00:00,Fort Lewis,CSU Pueblo,0,73,True,False,True,Rocky Mountain,Rocky Mountain,ii,ii,
9,regular,2021-10-30 18:00:00+00:00,Fort Valley State,Savannah State,6,24,True,False,True,SIAC,SIAC,ii,ii,
9,regular,2021-10-30 18:00:00+00:00,Fort Hays,Emporia State,12,15,True,False,True,Mid America,Mid America,ii,ii,
9,regular,2021-10-30 18:00:00+00:00,William Jewell,Lindenwood,10,53,True,False,True,Great Lakes,Great Lakes Valley,ii,ii,
9,regular,2021-10-30 18:00:00+00:00,Tuskegee,Kentucky State,35,42,True,False,True,SIAC,SIAC,ii,ii,
9,regular,2021-10-30 18:00:00+00:00,Morehouse,Albany State,10,14,True,False,True,SIAC,SIAC,ii,ii,
9,regular,2021-10-30 18:00:00+00:00,Bloomsburg,Shepherd,18,62,True,False,True,Pennsylvania State Athletic,Pennsylvania State Athletic,ii,ii,
9,regular,2021-10-30 18:00:00+00:00,Augustana (SD),Winona State,38,20,True,False,True,Northern Sun,Northern Sun,ii,ii,
9,regular,2021-10-30 18:00:00+00:00,Pittsburg State,Central Oklahoma,26,20,True,False,True,Mid America,Mid America,ii,ii,
9,regular,2021-10-30 18:00:00+00:00,Barton,Bluefield State,62,7,True,False,True,Independent DII,Independent DII,ii,ii,
9,regular,2021-10-30 18:00:00+00:00,Fayetteville State,Livingstone,34,0,True,False,True,CIAA,CIAA,ii,ii,
9,regular,2021-10-30 18:00:00+00:00,Colorado School of Mines,Chadron State,34,7,True,False,True,Rocky Mountain,Rocky Mountain,ii,ii,
9,regular,2021-10-30 18:00:00+00:00,Minot State,Minnesota Duluth,21,34,True,False,True,Northern Sun,Northern Sun,ii,ii,
9,regular,2021-10-30 18:00:00+00:00,Bemidji State,Southwest Minnesota State,48,14,True,False,True,Northern Sun,Northern Sun,ii,ii,
9,regular,2021-10-30 18:00:00+00:00,Minnesota State,Sioux Falls,35,45,True,False,True,Northern Sun,Northern Sun,ii,ii,
9,regular,2021-10-30 18:00:00+00:00,Southwest Baptist,McKendree,42,45,True,False,True,Great Lakes,Great Lakes,ii,ii,
9,regular,2021-10-30 18:00:00+00:00,Virginia State,Chowan,30,38,True,False,True,CIAA,CIAA,ii,ii,
9,regular,2021-10-30 18:00:00+00:00,Morehead State,Davidson,22,29,True,False,True,Pioneer,Pioneer,fcs,fcs,
9,regular,2021-10-30 18:00:00+00:00,Youngstown State,South Dakota State,16,47,True,False,True,MVFC,MVFC,fcs,fcs,
9,regular,2021-10-30 18:00:00+00:00,The Citadel,Mercer,7,34,True,False,True,Southern,Southern,fcs,fcs,
9,regular,2021-10-30 18:00:00+00:00,Southeast Missouri State,Eastern Illinois,38,15,True,False,True,OVC,OVC,fcs,fcs,
9,regular,2021-10-30 18:00:00+00:00,Norfolk State,Morgan State,31,20,True,False,True,MEAC,MEAC,fcs,fcs,
9,regular,2021-10-30 18:00:00+00:00,James Madison,Elon,45,21,True,False,True,CAA,CAA,fcs,fcs,
9,regular,2021-10-30 18:00:00+00:00,North Carolina Central,South Carolina State,24,27,True,False,True,MEAC,MEAC,fcs,fcs,
9,regular,2021-10-30 18:00:00+00:00,Eastern Kentucky,Lamar,42,10,True,False,True,AWC,Western Athletic,fcs,fcs,
9,regular,2021-10-30 18:00:00+00:00,Montana,Southern Utah,20,19,True,False,True,Big Sky,Big Sky,fcs,fcs,
9,regular,2021-10-30 18:00:00+00:00,West Virginia,Iowa State,38,31,True,False,True,Big 12,Big 12,fbs,fbs,
9,regular,2021-10-30 18:00:00+00:00,Rice,North Texas,24,30,True,False,True,Conference USA,Conference USA,fbs,fbs,
9,regular,2021-10-30 18:00:00+00:00,Towson,UAlbany,38,24,True,False,True,CAA,CAA,fcs,fcs,
9,regular,2021-10-30 18:00:00+00:00,Delaware State,Howard,30,23,True,False,True,MEAC,MEAC,fcs,fcs,
9,regular,2021-10-30 18:00:00+00:00,St. Thomas (MN),Marist,27,7,True,False,True,Pioneer,Pioneer,fcs,fcs,
9,regular,2021-10-30 18:05:00+00:00,Kutztown,Millersville,30,7,True,False,True,Pennsylvania State Athletic,Pennsylvania State Athletic,ii,ii,
9,regular,2021-10-30 19:00:00+00:00,East Central,Ouachita Baptist,28,43,True,False,True,Great American,Great American,ii,ii,
9,regular,2021-10-30 19:00:00+00:00,Delta State,Shorter,14,13,True,False,True,Gulf South,Gulf South,ii,ii,
9,regular,2021-10-30 19:00:00+00:00,Henderson State,Southern Nazarene,34,3,True,False,True,Great American,Great American,ii,ii,
9,regular,2021-10-30 19:00:00+00:00,Carson Newman,Mars Hill,23,49,True,False,True,South Atlantic,South Atlantic,ii,ii,
9,regular,2021-10-30 19:00:00+00:00,Black Hills State,South Dakota Mines,10,13,True,False,True,Rocky Mountain,Rocky Mountain,ii,ii,
9,regular,2021-10-30 19:00:00+00:00,Mississippi College,West Florida,28,63,True,False,True,Gulf South,Gulf South,ii,ii,
9,regular,2021-10-30 19:00:00+00:00,Missouri Southern State,Missouri Western,28,45,True,False,True,Mid America,Mid America,ii,ii,
9,regular,2021-10-30 19:00:00+00:00,New Mexico Highlands,Adams State,58,28,True,False,True,Rocky Mountain,Rocky Mountain,ii,ii,
9,regular,2021-10-30 19:00:00+00:00,University of Mary,Concordia St. Paul,42,17,True,False,True,Northern Sun,Northern Sun,ii,ii,
9,regular,2021-10-30 19:00:00+00:00,Lake Erie,Kentucky Wesleyan,38,28,True,False,True,Great Midwest Athletic,Great Midwest Athletic,ii,ii,
9,regular,2021-10-30 19:00:00+00:00,Southern Arkansas,Oklahoma Baptist,40,44,True,False,True,Great American,Great American,ii,ii,
9,regular,2021-10-30 19:00:00+00:00,Southeastern Oklahoma State,Arkansas Monticello,34,14,True,False,True,Great American,Great American,ii,ii,
9,regular,2021-10-30 19:00:00+00:00,Northwest Missouri State,Nebraska Kearney,66,13,True,False,True,Mid America,Mid America,ii,ii,
9,regular,2021-10-30 19:00:00+00:00,Western Colorado,Colorado Mesa,23,9,True,False,True,Rocky Mountain,Rocky Mountain,ii,ii,
9,regular,2021-10-30 19:00:00+00:00,Grand Valley State,Michigan Tech,14,9,True,False,True,GLIAC,GLIAC,ii,ii,
9,regular,2021-10-30 19:00:00+00:00,Northwestern (OK),Harding,14,73,True,False,True,Great American,Great American,ii,ii,
9,regular,2021-10-30 19:00:00+00:00,Lincoln (MO),Central Missouri,35,77,True,False,True,Mid America,Mid America,ii,ii,
9,regular,2021-10-30 19:00:00+00:00,Northern Colorado,Sacramento State,24,27,True,False,True,Big Sky,Big Sky,fcs,fcs,
9,regular,2021-10-30 19:00:00+00:00,UT Martin,Austin Peay,17,16,True,False,True,OVC,OVC,fcs,fcs,
9,regular,2021-10-30 19:00:00+00:00,Idaho State,Weber State,17,40,True,False,True,Big Sky,Big Sky,fcs,fcs,
9,regular,2021-10-30 19:00:00+00:00,Arizona State,Washington State,21,34,True,False,True,Pac-12,Pac-12,fbs,fbs,
9,regular,2021-10-30 19:00:00+00:00,Utah State,Hawai'i,51,31,True,False,True,Mountain West,Mountain West,fbs,fbs,
9,regular,2021-10-30 19:00:00+00:00,Vanderbilt,Missouri,28,37,True,False,True,SEC,SEC,fbs,fbs,
9,regular,2021-10-30 19:00:00+00:00,Duquesne,Saint Francis,10,17,True,False,True,NEC,NEC,fcs,fcs,
9,regular,2021-10-30 19:00:00+00:00,Texas Southern,Arkansas-Pine Bluff,59,17,True,False,True,SWAC,SWAC,fcs,fcs,
9,regular,2021-10-30 19:00:00+00:00,Missouri State,North Dakota,32,28,True,False,True,MVFC,MVFC,fcs,fcs,
9,regular,2021-10-30 19:30:00+00:00,Alabama A&M,Alabama State,42,28,True,False,True,SWAC,SWAC,fcs,fcs,
9,regular,2021-10-30 19:30:00+00:00,Oregon,Colorado,52,29,True,False,True,Pac-12,Pac-12,fbs,fbs,
9,regular,2021-10-30 19:30:00+00:00,Kansas State,TCU,31,12,True,False,True,Big 12,Big 12,fbs,fbs,
9,regular,2021-10-30 19:30:00+00:00,North Dakota State,Indiana State,44,2,True,False,True,MVFC,MVFC,fcs,fcs,
9,regular,2021-10-30 19:30:00+00:00,Oklahoma,Texas Tech,52,21,True,False,True,Big 12,Big 12,fbs,fbs,
9,regular,2021-10-30 19:30:00+00:00,Northwestern,Minnesota,14,41,True,False,True,Big Ten,Big Ten,fbs,fbs,
9,regular,2021-10-30 19:30:00+00:00,Clemson,Florida State,30,20,True,False,True,ACC,ACC,fbs,fbs,
9,regular,2021-10-30 19:30:00+00:00,Middle Tennessee,Southern Miss,35,10,True,False,True,Conference USA,Conference USA,fbs,fbs,
9,regular,2021-10-30 19:30:00+00:00,Florida,Georgia,7,34,True,True,True,SEC,SEC,fbs,fbs,
9,regular,2021-10-30 19:30:00+00:00,Marshall,Florida International,38,0,True,False,True,Conference USA,Conference USA,fbs,fbs,
9,regular,2021-10-30 19:30:00+00:00,App State,UL Monroe,59,28,True,False,True,Sun Belt,Sun Belt,fbs,fbs,
9,regular,2021-10-30 19:30:00+00:00,Nebraska,Purdue,23,28,True,False,True,Big Ten,Big Ten,fbs,fbs,
9,regular,2021-10-30 19:30:00+00:00,Syracuse,Boston College,21,6,True,False,True,ACC,ACC,fbs,fbs,
9,regular,2021-10-30 19:30:00+00:00,Old Dominion,Louisiana Tech,23,20,True,False,True,Conference USA,Conference USA,fbs,fbs,
9,regular,2021-10-30 20:00:00+00:00,Western Kentucky,Charlotte,45,13,True,False,True,Conference USA,Conference USA,fbs,fbs,
9,regular,2021-10-30 20:00:00+00:00,Idaho,Northern Arizona,31,38,True,False,True,Big Sky,Big Sky,fcs,fcs,
9,regular,2021-10-30 20:00:00+00:00,San Diego,Valparaiso,21,14,True,False,True,Pioneer,Pioneer,fcs,fcs,
9,regular,2021-10-30 20:00:00+00:00,San José State,Wyoming,27,21,True,False,True,Mountain West,Mountain West,fbs,fbs,
9,regular,2021-10-30 20:00:00+00:00,Incarnate Word,Houston Christian,49,21,True,False,True,Southland,Southland,fcs,fcs,
9,regular,2021-10-30 20:00:00+00:00,Western Illinois,Illinois State,38,31,True,False,True,MVFC,MVFC,fcs,fcs,
9,regular,2021-10-30 20:00:00+00:00,Wake Forest,Duke,45,7,True,False,True,ACC,ACC,fbs,fbs,
9,regular,2021-10-30 20:00:00+00:00,Mississippi Valley State,Jackson State,19,28,True,False,True,SWAC,SWAC,fcs,fcs,
9,regular,2021-10-30 20:00:00+00:00,Limestone,UVA Wise,24,28,True,False,True,South Atlantic,South Atlantic,ii,ii,
9,regular,2021-10-30 20:00:00+00:00,Florida A&M,Grambling,26,3,True,False,True,SWAC,SWAC,fcs,fcs,
9,regular,2021-10-30 20:00:00+00:00,California (PA),Seton Hill,42,14,True,False,True,Pennsylvania State Athletic,Pennsylvania State Athletic,ii,ii,
9,regular,2021-10-30 20:00:00+00:00,Tiffin,Ohio Dominican,34,21,True,False,True,Great Midwest Athletic,Great Midwest Athletic,ii,ii,
9,regular,2021-10-30 20:00:00+00:00,Lock Haven,West Chester,13,35,True,False,True,Pennsylvania State Athletic,Pennsylvania State Athletic,ii,ii,
9,regular,2021-10-30 20:00:00+00:00,Western Oregon,Simon Fraser,42,3,True,False,True,Great Northwest,Great Northwest,ii,ii,
9,regular,2021-10-30 21:00:00+00:00,Portland State,Cal Poly,42,21,True,False,True,Big Sky,Big Sky,fcs,fcs,
9,regular,2021-10-30 21:00:00+00:00,East Texas A&M,UT Permian Basin,41,0,True,False,True,Lone Star,Lone Star,ii,ii,
9,regular,2021-10-30 21:00:00+00:00,Northern Iowa,Southern Illinois,23,16,True,False,True,MVFC,MVFC,fcs,fcs,
9,regular,2021-10-30 21:00:00+00:00,South Alabama,Arkansas State,31,13,True,False,True,Sun Belt,Sun Belt,fbs,fbs,
9,regular,2021-10-30 21:00:00+00:00,Stephen F. Austin,Abilene Christian,41,27,True,False,True,Western Athletic,Western Athletic,fcs,fcs,
9,regular,2021-10-30 22:00:00+00:00,Georgia Southern,Georgia State,14,21,True,False,True,Sun Belt,Sun Belt,fbs,fbs,
9,regular,2021-10-30 22:00:00+00:00,Wayne State (MI),Northwood,56,21,True,False,True,GLIAC,GLIAC,ii,ii,
9,regular,2021-10-30 22:00:00+00:00,Tennessee State,Murray State,27,21,True,False,True,OVC,OVC,fcs,fcs,
9,regular,2021-10-30 22:00:00+00:00,Florida Atlantic,UTEP,28,25,True,False,True,Conference USA,Conference USA,fbs,fbs,
9,regular,2021-10-30 22:00:00+00:00,Edward Waters,Miles,9,16,True,False,False,SIAC,SIAC,ii,ii,
9,regular,2021-10-30 22:00:00+00:00,Wingate,Lenoir Rhyne,6,31,True,False,True,South Atlantic,South Atlantic,ii,ii,
9,regular,2021-10-30 22:30:00+00:00,Southwestern Oklahoma State,Arkansas Tech,14,15,True,False,True,Great American,Great American,ii,ii,
9,regular,2021-10-30 23:00:00+00:00,California,Oregon State,39,25,True,False,True,Pac-12,Pac-12,fbs,fbs,
9,regular,2021-10-30 23:00:00+00:00,Mississippi State,Kentucky,31,17,True,False,True,SEC,SEC,fbs,fbs,
9,regular,2021-10-30 23:00:00+00:00,Oklahoma State,Kansas,55,3,True,False,True,Big 12,Big 12,fbs,fbs,
9,regular,2021-10-30 23:00:00+00:00,Auburn,Ole Miss,31,20,True,False,True,SEC,SEC,fbs,fbs,
9,regular,2021-10-30 23:00:00+00:00,Tarleton State,Sam Houston,27,45,True,False,True,Western Athletic,AWC,fcs,fcs,
9,regular,2021-10-30 23:00:00+00:00,Houston,SMU,44,37,True,False,True,American Athletic,American Athletic,fbs,fbs,
9,regular,2021-10-30 23:00:00+00:00,SE Louisiana,McNeese,23,20,True,False,True,Southland,Southland,fcs,fcs,
9,regular,2021-10-30 23:00:00+00:00,Colorado State,Boise State,19,28,True,False,True,Mountain West,Mountain West,fbs,fbs,
9,regular,2021-10-30 23:00:00+00:00,USC,Arizona,41,34,True,False,True,Pac-12,Pac-12,fbs,fbs,
9,regular,2021-10-30 23:00:00+00:00,Valdosta State,West Georgia,36,34,True,False,True,Gulf South,Gulf South,ii,ii,
9,regular,2021-10-30 23:00:00+00:00,Southern,Alcorn State,38,35,True,False,True,SWAC,SWAC,fcs,fcs,
9,regular,2021-10-30 23:30:00+00:00,Ohio State,Penn State,33,24,True,False,True,Big Ten,Big Ten,fbs,fbs,
9,regular,2021-10-30 23:30:00+00:00,Notre Dame,North Carolina,44,34,True,False,True,FBS Independents,ACC,fbs,fbs,
9,regular,2021-10-30 23:30:00+00:00,NC State,Louisville,28,13,True,False,True,ACC,ACC,fbs,fbs,
9,regular,2021-10-31 00:00:00+00:00,Eastern New Mexico,Angelo State,7,59,True,False,True,Lone Star,Lone Star,ii,ii,
9,regular,2021-10-31 00:00:00+00:00,Texas A&M-Kingsville,West Texas,23,35,True,False,True,Lone Star,Lone Star,ii,ii,
9,regular,2021-10-31 00:00:00+00:00,Midwestern State,Western New Mexico,52,10,True,False,True,Lone Star,Lone Star,ii,ii,
9,regular,2021-10-31 01:00:00+00:00,Central Washington,Lincoln (CA),92,0,True,False,False,Great Northwest,,ii,,
9,regular,2021-10-31 02:00:00+00:00,Utah,UCLA,44,24,True,False,True,Pac-12,Pac-12,fbs,fbs,
9,regular,2021-10-31 02:15:00+00:00,BYU,Virginia,66,49,True,False,False,FBS Independents,ACC,fbs,fbs,
9,regular,2021-10-31 02:30:00+00:00,Stanford,Washington,13,20,True,False,True,Pac-12,Pac-12,fbs,fbs,
9,regular,2021-10-31 02:30:00+00:00,San Diego State,Fresno State,20,30,True,False,True,Mountain West,Mountain West,fbs,fbs,
10,regular,2021-11-02 23:00:00+00:00,Akron,Ball State,25,31,True,False,True,Mid-American,Mid-American,fbs,fbs,
10,regular,2021-11-02 23:30:00+00:00,Ohio,Miami (OH),35,33,True,False,True,Mid-American,Mid-American,fbs,fbs,
10,regular,2021-11-02 23:30:00+00:00,Toledo,Eastern Michigan,49,52,True,False,True,Mid-American,Mid-American,fbs,fbs,
10,regular,2021-11-03 23:00:00+00:00,Kent State,Northern Illinois,52,47,True,False,True,Mid-American,Mid-American,fbs,fbs,
10,regular,2021-11-03 23:00:00+00:00,Western Michigan,Central Michigan,30,42,True,False,True,Mid-American,Mid-American,fbs,fbs,
10,regular,2021-11-04 23:30:00+00:00,Louisiana,Georgia State,21,17,True,False,True,Sun Belt,Sun Belt,fbs,fbs,
10,regular,2021-11-04 23:30:00+00:00,Morgan State,Delaware State,20,14,True,False,True,MEAC,MEAC,fcs,fcs,
10,regular,2021-11-05 22:00:00+00:00,Dartmouth,Princeton,31,7,True,False,True,Ivy,Ivy,fcs,fcs,
10,regular,2021-11-05 23:30:00+00:00,Boston College,Virginia Tech,17,3,True,False,True,ACC,ACC,fbs,fbs,
10,regular,2021-11-06 02:30:00+00:00,Stanford,Utah,7,52,True,False,True,Pac-12,Pac-12,fbs,fbs,
10,regular,2021-11-06 15:30:00+00:00,Air Force,Army,14,21,True,True,False,Mountain West,FBS Independents,fbs,fbs,
10,regular,2021-11-06 16:00:00+00:00,Robert Morris,Kennesaw State,21,45,True,False,True,Big South,Big South,fcs,fcs,
10,regular,2021-11-06 16:00:00+00:00,Duke,Pittsburgh,29,54,True,False,True,ACC,ACC,fbs,fbs,
10,regular,2021-11-06 16:00:00+00:00,Marist,Drake,7,0,True,False,True,Pioneer,Pioneer,fcs,fcs,
10,regular,2021-11-06 16:00:00+00:00,Mercyhurst,Gannon,24,13,True,False,True,Pennsylvania State Athletic,Pennsylvania State Athletic,ii,ii,
10,regular,2021-11-06 16:00:00+00:00,Maine,Stony Brook,17,22,True,False,True,CAA,CAA,fcs,fcs,
10,regular,2021-11-06 16:00:00+00:00,Millersville,Bloomsburg,35,38,True,False,True,Pennsylvania State Athletic,Pennsylvania State Athletic,ii,ii,
10,regular,2021-11-06 16:00:00+00:00,Charleston (WV),Wheeling,38,20,True,False,True,Mountain East,Mountain East,ii,ii,
10,regular,2021-11-06 16:00:00+00:00,Long Island University,Duquesne,28,34,True,False,True,NEC,NEC,fcs,fcs,
10,regular,2021-11-06 16:00:00+00:00,West Chester,Kutztown,14,21,True,False,True,Pennsylvania State Athletic,Pennsylvania State Athletic,ii,ii,
10,regular,2021-11-06 16:00:00+00:00,Georgia,Missouri,43,6,True,False,True,SEC,SEC,fbs,fbs,
10,regular,2021-11-06 16:00:00+00:00,Brown,Yale,38,63,True,False,True,Ivy,Ivy,fcs,fcs,
10,regular,2021-11-06 16:00:00+00:00,Findlay,Ashland,20,17,True,False,True,Great Midwest Athletic,Great Midwest Athletic,ii,ii,
10,regular,2021-11-06 16:00:00+00:00,North Carolina,Wake Forest,58,55,True,False,True,ACC,ACC,fbs,fbs,
10,regular,2021-11-06 16:00:00+00:00,Memphis,SMU,28,25,True,False,True,American Athletic,American Athletic,fbs,fbs,
10,regular,2021-11-06 16:00:00+00:00,Ole Miss,Liberty,27,14,True,False,False,SEC,FBS Independents,fbs,fbs,
10,regular,2021-11-06 16:00:00+00:00,Kansas,Kansas State,10,35,True,False,True,Big 12,Big 12,fbs,fbs,
10,regular,2021-11-06 16:00:00+00:00,Shepherd,East Stroudsburg,55,7,True,False,True,Pennsylvania State Athletic,Pennsylvania State Athletic,ii,ii,
10,regular,2021-11-06 16:00:00+00:00,Davenport,Ferris State,14,50,True,False,True,GLIAC,GLIAC,ii,ii,
10,regular,2021-11-06 16:00:00+00:00,Bethune-Cookman,Alcorn State,35,31,True,False,True,SWAC,SWAC,fcs,fcs,
10,regular,2021-11-06 16:00:00+00:00,Minnesota,Illinois,6,14,True,False,True,Big Ten,Big Ten,fbs,fbs,
10,regular,2021-11-06 16:00:00+00:00,Ohio Dominican,Lake Erie,31,0,True,False,True,Great Midwest Athletic,Great Midwest Athletic,ii,ii,
10,regular,2021-11-06 16:00:00+00:00,Saint Francis,Sacred Heart,13,14,True,False,True,NEC,NEC,fcs,fcs,
10,regular,2021-11-06 16:00:00+00:00,UAB,Louisiana Tech,52,38,True,False,True,Conference USA,Conference USA,fbs,fbs,
10,regular,2021-11-06 16:00:00+00:00,Seton Hill,IU Pennsylvania,3,38,True,False,True,Pennsylvania State Athletic,Pennsylvania State Athletic,ii,ii,
10,regular,2021-11-06 16:00:00+00:00,UNC Pembroke,Notre Dame College,7,45,True,False,True,Mountain East,Mountain East,ii,ii,
10,regular,2021-11-06 16:00:00+00:00,Central Connecticut,Bryant,30,15,True,False,True,NEC,NEC,fcs,fcs,
10,regular,2021-11-06 16:00:00+00:00,Wagner,Merrimack,26,35,True,False,True,NEC,NEC,fcs,fcs,
10,regular,2021-11-06 16:00:00+00:00,Edinboro,Clarion,17,10,True,False,True,Pennsylvania State Athletic,Pennsylvania State Athletic,ii,ii,
10,regular,2021-11-06 16:00:00+00:00,Walsh,Tiffin,16,56,True,False,True,Great Midwest Athletic,Great Midwest Athletic,ii,ii,
10,regular,2021-11-06 16:00:00+00:00,Pace,Southern Connecticut State,18,16,True,False,True,Northeast 10,Northeast 10,ii,ii,
10,regular,2021-11-06 16:00:00+00:00,Nebraska,Ohio State,17,26,True,False,True,Big Ten,Big Ten,fbs,fbs,
10,regular,2021-11-06 16:30:00+00:00,Miami,Georgia Tech,33,30,True,False,True,ACC,ACC,fbs,fbs,
10,regular,2021-11-06 16:30:00+00:00,Georgetown,Fordham,20,41,True,False,True,Patriot,Patriot,fcs,fcs,
10,regular,2021-11-06 16:30:00+00:00,Holy Cross,Lafayette,35,10,True,False,True,Patriot,Patriot,fcs,fcs,
10,regular,2021-11-06 17:00:00+00:00,Mars Hill,Tusculum,20,7,True,False,True,South Atlantic,South Atlantic,ii,ii,
10,regular,2021-11-06 17:00:00+00:00,East Tennessee State,VMI,27,20,True,False,True,Southern,Southern,fcs,fcs,
10,regular,2021-11-06 17:00:00+00:00,Glenville State,Fairmont State,14,24,True,False,True,Mountain East,Mountain East,ii,ii,
10,regular,2021-11-06 17:00:00+00:00,Stonehill,Franklin Pierce,34,7,True,False,True,Northeast 10,Northeast 10,ii,ii,
10,regular,2021-11-06 17:00:00+00:00,Northwood,Michigan Tech,0,34,True,False,True,GLIAC,GLIAC,ii,ii,
10,regular,2021-11-06 17:00:00+00:00,Hampton,Gardner-Webb,27,21,True,False,True,Big South,Big South,fcs,fcs,
10,regular,2021-11-06 17:00:00+00:00,Hillsdale,Kentucky Wesleyan,31,12,True,False,True,Great Midwest Athletic,Great Midwest Athletic,ii,ii,
10,regular,2021-11-06 17:00:00+00:00,Davidson,St. Thomas (MN),42,15,True,False,True,Pioneer,Pioneer,fcs,fcs,
10,regular,2021-11-06 17:00:00+00:00,Kentucky State,Central State,63,0,True,False,True,SIAC,SIAC,ii,ii,
10,regular,2021-11-06 17:00:00+00:00,Stetson,Dayton,13,41,True,False,True,Pioneer,Pioneer,fcs,fcs,
10,regular,2021-11-06 17:00:00+00:00,Charleston Southern,North Carolina A&T,18,21,True,False,True,Big South,Big South,fcs,fcs,
10,regular,2021-11-06 17:00:00+00:00,McNeese,Nicholls,14,24,True,False,True,Southland,Southland,fcs,fcs,
10,regular,2021-11-06 17:00:00+00:00,Slippery Rock,California (PA),38,26,True,False,True,Pennsylvania State Athletic,Pennsylvania State Athletic,ii,ii,
10,regular,2021-11-06 17:00:00+00:00,Monmouth,North Alabama,45,33,True,False,True,Big South,Big South,fcs,fcs,
10,regular,2021-11-06 17:00:00+00:00,Concordia St. Paul,Minnesota St Moorhead,3,24,True,False,True,Northern Sun,Northern Sun,ii,ii,
10,regular,2021-11-06 17:00:00+00:00,Catawba,UVA Wise,7,30,True,False,True,South Atlantic,South Atlantic,ii,ii,
10,regular,2021-11-06 17:00:00+00:00,New Haven,Bentley,31,14,True,False,True,Northeast 10,Northeast 10,ii,ii,
10,regular,2021-11-06 17:00:00+00:00,Carson Newman,Limestone,27,21,True,False,True,South Atlantic,South Atlantic,ii,ii,
10,regular,2021-11-06 17:00:00+00:00,Saginaw Valley State,Northern Michigan,33,21,True,False,True,GLIAC,GLIAC,ii,ii,
10,regular,2021-11-06 17:00:00+00:00,Newberry,Wingate,41,35,True,False,True,South Atlantic,South Atlantic,ii,ii,
10,regular,2021-11-06 17:00:00+00:00,Frostburg State,West Virginia Wesleyan,55,14,True,False,True,Mountain East,Mountain East,ii,ii,
10,regular,2021-11-06 17:00:00+00:00,Bucknell,Lehigh,6,38,True,False,True,Patriot,Patriot,fcs,fcs,
10,regular,2021-11-06 17:00:00+00:00,Sam Houston,Utah Tech,59,10,True,False,True,AWC,Western Athletic,fcs,fcs,
10,regular,2021-11-06 17:00:00+00:00,Assumption,Saint Anselm,44,35,True,False,True,Northeast 10,Northeast 10,ii,ii,
10,regular,2021-11-06 17:00:00+00:00,Shippensburg,Lock Haven,52,14,True,False,True,Pennsylvania State Athletic,Pennsylvania State Athletic,ii,ii,
10,regular,2021-11-06 17:00:00+00:00,Shorter,Erskine,38,7,True,False,False,Gulf South,Independent DII,ii,ii,
10,regular,2021-11-06 17:00:00+00:00,Wayne State (MI),Grand Valley State,13,62,True,False,True,GLIAC,GLIAC,ii,ii,
10,regular,2021-11-06 17:00:00+00:00,Western Illinois,South Dakota,21,42,True,False,True,MVFC,MVFC,fcs,fcs,
10,regular,2021-11-06 17:00:00+00:00,North Dakota,Youngstown State,24,21,True,False,True,MVFC,MVFC,fcs,fcs,
10,regular,2021-11-06 17:00:00+00:00,Pennsylvania,Cornell,12,15,True,False,True,Ivy,Ivy,fcs,fcs,
10,regular,2021-11-06 17:00:00+00:00,Columbia,Harvard,21,49,True,False,True,Ivy,Ivy,fcs,fcs,
10,regular,2021-11-06 17:00:00+00:00,Southern Illinois,Missouri State,28,38,True,False,True,MVFC,MVFC,fcs,fcs,
10,regular,2021-11-06 17:00:00+00:00,Delaware,William & Mary,24,3,True,False,True,CAA,CAA,fcs,fcs,
10,regular,2021-11-06 17:00:00+00:00,Chowan,Lincoln (PA),28,12,True,False,True,CIAA,CIAA,ii,ii,
10,regular,2021-11-06 17:00:00+00:00,Illinois State,Northern Iowa,17,10,True,False,True,MVFC,MVFC,fcs,fcs,
10,regular,2021-11-06 17:00:00+00:00,UAlbany,New Hampshire,20,7,True,False,True,CAA,CAA,fcs,fcs,
10,regular,2021-11-06 17:00:00+00:00,St. Augustine's,Shaw,21,17,True,False,True,CIAA,CIAA,ii,ii,
10,regular,2021-11-06 17:00:00+00:00,Bowie State,Elizabeth City State,79,6,True,False,True,CIAA,CIAA,ii,ii,
10,regular,2021-11-06 17:30:00+00:00,Wofford,Chattanooga,10,35,True,False,True,Southern,Southern,fcs,fcs,
10,regular,2021-11-06 18:00:00+00:00,Jacksonville State,Abilene Christian,40,25,True,False,True,AWC,Western Athletic,fcs,fcs,
10,regular,2021-11-06 18:00:00+00:00,Richmond,Towson,28,17,True,False,True,CAA,CAA,fcs,fcs,
10,regular,2021-11-06 18:00:00+00:00,Southwest Minnesota State,Minnesota State,0,52,True,False,True,Northern Sun,Northern Sun,ii,ii,
10,regular,2021-11-06 18:00:00+00:00,South Carolina State,Howard,15,12,True,False,True,MEAC,MEAC,fcs,fcs,
10,regular,2021-11-06 18:00:00+00:00,Valparaiso,Presbyterian,65,55,True,False,True,Pioneer,Pioneer,fcs,fcs,
10,regular,2021-11-06 18:00:00+00:00,West Liberty,West Virginia State,28,33,True,False,True,Mountain East,Mountain East,ii,ii,
10,regular,2021-11-06 18:00:00+00:00,Northern Colorado,Montana,0,35,True,False,True,Big Sky,Big Sky,fcs,fcs,
10,regular,2021-11-06 18:00:00+00:00,Western New Mexico,Central Washington,29,54,True,False,False,Lone Star,Great Northwest,ii,ii,
10,regular,2021-11-06 18:00:00+00:00,Elon,Villanova,0,35,True,False,True,CAA,CAA,fcs,fcs,
10,regular,2021-11-06 18:00:00+00:00,Western Carolina,Furman,43,42,True,False,True,Southern,Southern,fcs,fcs,
10,regular,2021-11-06 18:00:00+00:00,North Carolina Central,Norfolk State,38,36,True,False,True,MEAC,MEAC,fcs,fcs,
10,regular,2021-11-06 18:00:00+00:00,Alabama A&M,Mississippi Valley State,42,14,True,False,True,SWAC,SWAC,fcs,fcs,
10,regular,2021-11-06 18:00:00+00:00,Alderson-Broaddus,Concord,10,23,True,False,True,Mountain East,Mountain East,ii,ii,
10,regular,2021-11-06 18:00:00+00:00,Murray State,Tennessee Tech,32,27,True,False,True,OVC,OVC,fcs,fcs,
10,regular,2021-11-06 18:00:00+00:00,Pittsburg State,Washburn,26,28,True,False,True,Mid America,Mid America,ii,ii,
10,regular,2021-11-06 18:00:00+00:00,Wayne State (NE),Sioux Falls,17,38,True,False,True,Northern Sun,Northern Sun,ii,ii,
10,regular,2021-11-06 18:00:00+00:00,Jackson State,Texas Southern,41,21,True,False,True,SWAC,SWAC,fcs,fcs,
10,regular,2021-11-06 18:00:00+00:00,Indianapolis,William Jewell,45,14,True,False,True,Great Lakes,Great Lakes,ii,ii,
10,regular,2021-11-06 18:00:00+00:00,Ouachita Baptist,Southeastern Oklahoma State,21,35,True,False,True,Great American,Great American,ii,ii,
10,regular,2021-11-06 18:00:00+00:00,McKendree,Truman State,13,44,True,False,True,Great Lakes,Great Lakes,ii,ii,
10,regular,2021-11-06 18:00:00+00:00,Miles,Tuskegee,52,23,True,False,True,SIAC,SIAC,ii,ii,
10,regular,2021-11-06 18:00:00+00:00,Winona State,Upper Iowa,40,12,True,False,True,Northern Sun,Northern Sun,ii,ii,
10,regular,2021-11-06 18:00:00+00:00,Clark Atlanta,Morehouse,26,35,True,False,True,SIAC,SIAC,ii,ii,
10,regular,2021-11-06 18:00:00+00:00,Fayetteville State,Winston-Salem State,10,3,True,False,True,CIAA,CIAA,ii,ii,
10,regular,2021-11-06 18:00:00+00:00,Missouri S&T,Lindenwood,16,43,True,False,True,Great Lakes,Great Lakes Valley,ii,ii,
10,regular,2021-11-06 18:00:00+00:00,Fort Valley State,Albany State,0,57,True,False,True,SIAC,SIAC,ii,ii,
10,regular,2021-11-06 18:00:00+00:00,Arkansas State,App State,14,48,True,False,True,Sun Belt,Sun Belt,fbs,fbs,
10,regular,2021-11-06 18:00:00+00:00,Southern Nazarene,Southern Arkansas,10,31,True,False,True,Great American,Great American,ii,ii,
10,regular,2021-11-06 18:00:00+00:00,Missouri Western,Central Missouri,59,28,True,False,True,Mid America,Mid America,ii,ii,
10,regular,2021-11-06 18:00:00+00:00,West Alabama,West Florida,7,47,True,False,True,Gulf South,Gulf South,ii,ii,
10,regular,2021-11-06 18:00:00+00:00,Northeastern State,Fort Hays,6,64,True,False,True,Mid America,Mid America,ii,ii,
10,regular,2021-11-06 18:00:00+00:00,Emporia State,Lincoln (MO),56,21,True,False,True,Mid America,Mid America,ii,ii,
10,regular,2021-11-06 18:00:00+00:00,Chadron State,Western Oregon,45,7,True,False,False,Rocky Mountain,Great Northwest,ii,ii,
10,regular,2021-11-06 18:00:00+00:00,Northern State,Bemidji State,34,36,True,False,True,Northern Sun,Northern Sun,ii,ii,
10,regular,2021-11-06 18:00:00+00:00,Virginia Union,Virginia State,20,13,True,False,True,CIAA,CIAA,ii,ii,
10,regular,2021-11-06 18:00:00+00:00,Benedict,Lane College,34,30,True,False,True,SIAC,SIAC,ii,ii,
10,regular,2021-11-06 18:00:00+00:00,Quincy,Southwest Baptist,31,47,True,False,True,Great Lakes,Great Lakes,ii,ii,
10,regular,2021-11-06 18:00:00+00:00,New Mexico Highlands,South Dakota Mines,17,40,True,False,True,Rocky Mountain,Rocky Mountain,ii,ii,
10,regular,2021-11-06 18:05:00+00:00,Minnesota Duluth,Augustana (SD),41,15,True,False,True,Northern Sun,Northern Sun,ii,ii,
10,regular,2021-11-06 19:00:00+00:00,UT Martin,Tennessee State,41,20,True,False,True,OVC,OVC,fcs,fcs,
10,regular,2021-11-06 19:00:00+00:00,South Dakota State,North Dakota State,27,19,True,False,True,MVFC,MVFC,fcs,fcs,
10,regular,2021-11-06 19:00:00+00:00,Colorado Mesa,Black Hills State,52,9,True,False,True,Rocky Mountain,Rocky Mountain,ii,ii,
10,regular,2021-11-06 19:00:00+00:00,Arkansas Monticello,East Central,10,35,True,False,True,Great American,Great American,ii,ii,
10,regular,2021-11-06 19:00:00+00:00,Harding,Southwestern Oklahoma State,55,7,True,False,True,Great American,Great American,ii,ii,
10,regular,2021-11-06 19:00:00+00:00,Oklahoma Baptist,Henderson State,34,36,True,False,True,Great American,Great American,ii,ii,
10,regular,2021-11-06 19:00:00+00:00,Weber State,Portland State,18,30,True,False,True,Big Sky,Big Sky,fcs,fcs,
10,regular,2021-11-06 19:00:00+00:00,Adams State,Fort Lewis,37,14,True,False,True,Rocky Mountain,Rocky Mountain,ii,ii,
10,regular,2021-11-06 19:00:00+00:00,Missouri Southern State,Northwest Missouri State,7,49,True,False,True,Mid America,Mid America,ii,ii,
10,regular,2021-11-06 19:00:00+00:00,University of Mary,Minot State,49,31,True,False,True,Northern Sun,Northern Sun,ii,ii,
10,regular,2021-11-06 19:00:00+00:00,Incarnate Word,SE Louisiana,55,52,True,False,True,Southland,Southland,fcs,fcs,
10,regular,2021-11-06 19:00:00+00:00,Western Colorado,Lincoln (CA),72,6,True,False,False,Rocky Mountain,,ii,,
10,regular,2021-11-06 19:00:00+00:00,Delta State,Mississippi College,24,21,True,False,True,Gulf South,Gulf South,ii,ii,
10,regular,2021-11-06 19:00:00+00:00,Samford,The Citadel,35,14,True,False,True,Southern,Southern,fcs,fcs,
10,regular,2021-11-06 19:00:00+00:00,Central Oklahoma,Nebraska Kearney,22,37,True,False,True,Mid America,Mid America,ii,ii,
10,regular,2021-11-06 19:00:00+00:00,UT Permian Basin,Texas A&M-Kingsville,22,29,True,False,True,Lone Star,Lone Star,ii,ii,
10,regular,2021-11-06 19:00:00+00:00,Austin Peay,Eastern Illinois,42,26,True,False,True,OVC,OVC,fcs,fcs,
10,regular,2021-11-06 19:00:00+00:00,Prairie View A&M,Alabama State,24,20,True,False,True,SWAC,SWAC,fcs,fcs,
10,regular,2021-11-06 19:00:00+00:00,Valdosta State,North Greenville,31,21,True,False,True,Gulf South,Gulf South,ii,ii,
10,regular,2021-11-06 19:00:00+00:00,Arkansas Tech,Northwestern (OK),56,21,True,False,True,Great American,Great American,ii,ii,
10,regular,2021-11-06 19:00:00+00:00,Arkansas-Pine Bluff,Grambling,33,26,True,False,True,SWAC,SWAC,fcs,fcs,
10,regular,2021-11-06 19:00:00+00:00,Arizona,California,10,3,True,False,True,Pac-12,Pac-12,fbs,fbs,
10,regular,2021-11-06 19:00:00+00:00,Texas State,UL Monroe,27,19,True,False,True,Sun Belt,Sun Belt,fbs,fbs,
10,regular,2021-11-06 19:00:00+00:00,East Carolina,Temple,45,3,True,False,True,American Athletic,American Athletic,fbs,fbs,
10,regular,2021-11-06 19:00:00+00:00,Southern Miss,North Texas,14,38,True,False,True,Conference USA,Conference USA,fbs,fbs,
10,regular,2021-11-06 19:30:00+00:00,Troy,South Alabama,31,24,True,False,True,Sun Belt,Sun Belt,fbs,fbs,
10,regular,2021-11-06 19:30:00+00:00,West Virginia,Oklahoma State,3,24,True,False,True,Big 12,Big 12,fbs,fbs,
10,regular,2021-11-06 19:30:00+00:00,TCU,Baylor,30,28,True,False,True,Big 12,Big 12,fbs,fbs,
10,regular,2021-11-06 19:30:00+00:00,Massachusetts,Rhode Island,22,35,True,False,False,FBS Independents,CAA,fbs,fcs,
10,regular,2021-11-06 19:30:00+00:00,Rutgers,Wisconsin,3,52,True,False,True,Big Ten,Big Ten,fbs,fbs,
10,regular,2021-11-06 19:30:00+00:00,BYU,Idaho State,59,14,True,False,False,FBS Independents,Big Sky,fbs,fcs,
10,regular,2021-11-06 19:30:00+00:00,Charlotte,Rice,31,24,True,False,True,Conference USA,Conference USA,fbs,fbs,
10,regular,2021-11-06 19:30:00+00:00,Texas A&M,Auburn,20,3,True,False,True,SEC,SEC,fbs,fbs,
10,regular,2021-11-06 19:30:00+00:00,Notre Dame,Navy,34,6,True,False,False,FBS Independents,American Athletic,fbs,fbs,
10,regular,2021-11-06 19:30:00+00:00,Maryland,Penn State,14,31,True,False,True,Big Ten,Big Ten,fbs,fbs,
10,regular,2021-11-06 19:30:00+00:00,Wyoming,Colorado State,31,17,True,False,True,Mountain West,Mountain West,fbs,fbs,
10,regular,2021-11-06 19:30:00+00:00,Purdue,Michigan State,40,29,True,False,True,Big Ten,Big Ten,fbs,fbs,
10,regular,2021-11-06 19:30:00+00:00,Cincinnati,Tulsa,28,20,True,False,True,American Athletic,American Athletic,fbs,fbs,
10,regular,2021-11-06 19:30:00+00:00,Western Kentucky,Middle Tennessee,48,21,True,False,True,Conference USA,Conference USA,fbs,fbs,
10,regular,2021-11-06 19:30:00+00:00,James Madison,Campbell,51,14,True,False,False,CAA,Big South,fcs,fcs,
10,regular,2021-11-06 20:00:00+00:00,San Diego,Morehead State,10,3,True,False,True,Pioneer,Pioneer,fcs,fcs,
10,regular,2021-11-06 20:00:00+00:00,Barton,Lenoir Rhyne,20,56,True,False,False,Independent DII,South Atlantic,ii,ii,
10,regular,2021-11-06 20:00:00+00:00,Northwestern State,Houston Christian,28,24,True,False,True,Southland,Southland,fcs,fcs,
10,regular,2021-11-06 20:00:00+00:00,Northern Arizona,UC Davis,24,40,True,False,True,Big Sky,Big Sky,fcs,fcs,
10,regular,2021-11-06 20:00:00+00:00,CSU Pueblo,Colorado School of Mines,12,28,True,False,True,Rocky Mountain,Rocky Mountain,ii,ii,
10,regular,2021-11-06 20:00:00+00:00,Eastern Washington,Montana State,20,23,True,False,True,Big Sky,Big Sky,fcs,fcs,
10,regular,2021-11-06 20:00:00+00:00,Idaho,Southern Utah,42,24,True,False,True,Big Sky,Big Sky,fcs,fcs,
10,regular,2021-11-06 20:00:00+00:00,New Mexico State,Utah State,13,35,True,False,False,FBS Independents,Mountain West,fbs,fbs,
10,regular,2021-11-06 20:00:00+00:00,Arkansas,Mississippi State,31,28,True,False,True,SEC,SEC,fbs,fbs,
10,regular,2021-11-06 20:00:00+00:00,UCF,Tulane,14,10,True,False,True,American Athletic,American Athletic,fbs,fbs,
10,regular,2021-11-06 20:00:00+00:00,Florida State,NC State,14,28,True,False,True,ACC,ACC,fbs,fbs,
10,regular,2021-11-06 21:00:00+00:00,Angelo State,East Texas A&M,30,3,True,False,True,Lone Star,Lone Star,ii,ii,
10,regular,2021-11-06 21:00:00+00:00,Central Arkansas,Texas Wesleyan,63,3,True,False,False,AWC,,fcs,,
10,regular,2021-11-06 21:00:00+00:00,Savannah State,Edward Waters,24,0,True,False,False,SIAC,SIAC,ii,ii,
10,regular,2021-11-06 21:00:00+00:00,Stephen F. Austin,Eastern Kentucky,31,17,True,False,True,Western Athletic,AWC,fcs,fcs,
10,regular,2021-11-06 22:00:00+00:00,Florida Atlantic,Marshall,13,28,True,False,True,Conference USA,Conference USA,fbs,fbs,
10,regular,2021-11-06 22:00:00+00:00,Georgia Southern,Coastal Carolina,8,28,True,False,True,Sun Belt,Sun Belt,fbs,fbs,
10,regular,2021-11-06 23:00:00+00:00,Fresno State,Boise State,14,40,True,False,True,Mountain West,Mountain West,fbs,fbs,
10,regular,2021-11-06 23:00:00+00:00,Kentucky,Tennessee,42,45,True,False,True,SEC,SEC,fbs,fbs,
10,regular,2021-11-06 23:00:00+00:00,West Texas,Midwestern State,15,12,True,False,True,Lone Star,Lone Star,ii,ii,
10,regular,2021-11-06 23:00:00+00:00,Florida International,Old Dominion,24,47,True,False,True,Conference USA,Conference USA,fbs,fbs,
10,regular,2021-11-06 23:00:00+00:00,Colorado,Oregon State,37,34,True,False,True,Pac-12,Pac-12,fbs,fbs,
10,regular,2021-11-06 23:00:00+00:00,New Mexico,UNLV,17,31,True,False,True,Mountain West,Mountain West,fbs,fbs,
10,regular,2021-11-06 23:00:00+00:00,Alabama,LSU,20,14,True,False,True,SEC,SEC,fbs,fbs,
10,regular,2021-11-06 23:00:00+00:00,Northwestern,Iowa,12,17,True,False,True,Big Ten,Big Ten,fbs,fbs,
10,regular,2021-11-06 23:00:00+00:00,Southern,Florida A&M,17,29,True,False,True,SWAC,SWAC,fcs,fcs,
10,regular,2021-11-06 23:00:00+00:00,Tarleton State,Lamar,42,21,True,False,True,Western Athletic,Western Athletic,fcs,fcs,
10,regular,2021-11-06 23:30:00+00:00,South Florida,Houston,42,54,True,False,True,American Athletic,American Athletic,fbs,fbs,
10,regular,2021-11-06 23:30:00+00:00,Michigan,Indiana,29,7,True,False,True,Big Ten,Big Ten,fbs,fbs,
10,regular,2021-11-06 23:30:00+00:00,Iowa State,Texas,30,7,True,False,True,Big 12,Big 12,fbs,fbs,
10,regular,2021-11-06 23:30:00+00:00,South Carolina,Florida,40,17,True,False,True,SEC,SEC,fbs,fbs,
10,regular,2021-11-06 23:30:00+00:00,Washington,Oregon,16,26,True,False,True,Pac-12,Pac-12,fbs,fbs,
10,regular,2021-11-06 23:30:00+00:00,Louisville,Clemson,24,30,True,False,True,ACC,ACC,fbs,fbs,
10,regular,2021-11-07 01:00:00+00:00,Sacramento State,Cal Poly,41,9,True,False,True,Big Sky,Big Sky,fcs,fcs,
10,regular,2021-11-07 02:00:00+00:00,Nevada,San José State,27,24,True,False,True,Mountain West,Mountain West,fbs,fbs,
10,regular,2021-11-07 02:15:00+00:00,UTEP,UTSA,23,44,True,False,True,Conference USA,Conference USA,fbs,fbs,
10,regular,2021-11-07 02:30:00+00:00,Arizona State,USC,31,16,True,False,True,Pac-12,Pac-12,fbs,fbs,
10,regular,2021-11-07 03:00:00+00:00,Hawai'i,San Diego State,10,17,True,False,True,Mountain West,Mountain West,fbs,fbs,
11,regular,2021-11-10 00:00:00+00:00,Miami (OH),Buffalo,45,18,True,False,True,Mid-American,Mid-American,fbs,fbs,
11,regular,2021-11-10 00:00:00+00:00,Western Michigan,Akron,45,40,True,False,True,Mid-American,Mid-American,fbs,fbs,
11,regular,2021-11-10 01:00:00+00:00,Eastern Michigan,Ohio,26,34,True,False,True,Mid-American,Mid-American,fbs,fbs,
11,regular,2021-11-11 00:00:00+00:00,Northern Illinois,Ball State,30,29,True,False,True,Mid-American,Mid-American,fbs,fbs,
11,regular,2021-11-11 00:00:00+00:00,Bowling Green,Toledo,17,49,True,False,True,Mid-American,Mid-American,fbs,fbs,
11,regular,2021-11-11 01:00:00+00:00,Central Michigan,Kent State,54,30,True,False,True,Mid-American,Mid-American,fbs,fbs,
11,regular,2021-11-12 00:30:00+00:00,Pittsburgh,North Carolina,30,23,True,False,True,ACC,ACC,fbs,fbs,
11,regular,2021-11-12 23:00:00+00:00,South Florida,Cincinnati,28,45,True,False,True,American Athletic,American Athletic,fbs,fbs,
11,regular,2021-11-13 00:00:00+00:00,Fairmont State,Wheeling,29,14,True,False,True,Mountain East,Mountain East,ii,ii,
11,regular,2021-11-13 02:00:00+00:00,Boise State,Wyoming,23,13,True,False,True,Mountain West,Mountain West,fbs,fbs,
11,regular,2021-11-13 17:00:00+00:00,Louisville,Syracuse,41,3,True,False,True,ACC,ACC,fbs,fbs,
11,regular,2021-11-13 17:00:00+00:00,Sacred Heart,Wagner,27,0,True,False,True,NEC,NEC,fcs,fcs,
11,regular,2021-11-13 17:00:00+00:00,Florida,Samford,70,52,True,False,False,SEC,Southern,fbs,fcs,
11,regular,2021-11-13 17:00:00+00:00,Bentley,Assumption,48,23,True,False,True,Northeast 10,Northeast 10,ii,ii,
11,regular,2021-11-13 17:00:00+00:00,Grambling,Bethune-Cookman,14,31,True,False,True,SWAC,SWAC,fcs,fcs,
11,regular,2021-11-13 17:00:00+00:00,Kutztown,Slippery Rock,38,32,True,False,True,Pennsylvania State Athletic,Pennsylvania State Athletic,ii,ii,
11,regular,2021-11-13 17:00:00+00:00,Penn State,Michigan,17,21,True,False,True,Big Ten,Big Ten,fbs,fbs,
11,regular,2021-11-13 17:00:00+00:00,American International,Pace,14,7,True,False,True,Northeast 10,Northeast 10,ii,ii,
11,regular,2021-11-13 17:00:00+00:00,Memphis,East Carolina,29,30,True,False,True,American Athletic,American Athletic,fbs,fbs,
11,regular,2021-11-13 17:00:00+00:00,West Virginia State,Charleston (WV),13,38,True,False,True,Mountain East,Mountain East,ii,ii,
11,regular,2021-11-13 17:00:00+00:00,Kansas State,West Virginia,34,17,True,False,True,Big 12,Big 12,fbs,fbs,
11,regular,2021-11-13 17:00:00+00:00,Baylor,Oklahoma,27,14,True,False,True,Big 12,Big 12,fbs,fbs,
11,regular,2021-11-13 17:00:00+00:00,Dayton,Davidson,38,29,True,False,True,Pioneer,Pioneer,fcs,fcs,
11,regular,2021-11-13 17:00:00+00:00,Army,Bucknell,63,10,True,False,False,FBS Independents,Patriot,fbs,fcs,
11,regular,2021-11-13 17:00:00+00:00,SMU,UCF,55,28,True,False,True,American Athletic,American Athletic,fbs,fbs,
11,regular,2021-11-13 17:00:00+00:00,Auburn,Mississippi State,34,43,True,False,True,SEC,SEC,fbs,fbs,
11,regular,2021-11-13 17:00:00+00:00,Massachusetts,Maine,10,35,True,False,False,FBS Independents,CAA,fbs,fcs,
11,regular,2021-11-13 17:00:00+00:00,Minot State,Concordia St. Paul,28,20,True,False,True,Northern Sun,Northern Sun,ii,ii,
11,regular,2021-11-13 17:00:00+00:00,North Greenville,Shorter,56,0,True,False,True,Gulf South,Gulf South,ii,ii,
11,regular,2021-11-13 17:00:00+00:00,Wisconsin,Northwestern,35,7,True,False,True,Big Ten,Big Ten,fbs,fbs,
11,regular,2021-11-13 17:00:00+00:00,Duquesne,Central Connecticut,31,27,True,False,True,NEC,NEC,fcs,fcs,
11,regular,2021-11-13 17:00:00+00:00,Alabama,New Mexico State,59,3,True,False,False,SEC,FBS Independents,fbs,fbs,
11,regular,2021-11-13 17:00:00+00:00,Indiana,Rutgers,3,38,True,False,True,Big Ten,Big Ten,fbs,fbs,
11,regular,2021-11-13 17:00:00+00:00,Temple,Houston,8,37,True,False,True,American Athletic,American Athletic,fbs,fbs,
11,regular,2021-11-13 17:00:00+00:00,Saint Francis,Merrimack,22,6,True,False,True,NEC,NEC,fcs,fcs,
11,regular,2021-11-13 17:00:00+00:00,Shepherd,Clarion,55,0,True,False,True,Pennsylvania State Athletic,Pennsylvania State Athletic,ii,ii,
11,regular,2021-11-13 17:00:00+00:00,Bloomsburg,California (PA),9,24,True,False,True,Pennsylvania State Athletic,Pennsylvania State Athletic,ii,ii,
11,regular,2021-11-13 17:00:00+00:00,Findlay,Tiffin,26,21,True,False,True,Great Midwest Athletic,Great Midwest Athletic,ii,ii,
11,regular,2021-11-13 17:00:00+00:00,West Texas,Bethel Col,52,9,True,False,False,Lone Star,,ii,,
11,regular,2021-11-13 17:00:00+00:00,West Chester,IU Pennsylvania,24,31,True,False,True,Pennsylvania State Athletic,Pennsylvania State Athletic,ii,ii,
11,regular,2021-11-13 17:00:00+00:00,Clemson,UConn,44,7,True,False,False,ACC,FBS Independents,fbs,fbs,
11,regular,2021-11-13 17:00:00+00:00,Monmouth,Robert Morris,44,7,True,False,True,Big South,Big South,fcs,fcs,
11,regular,2021-11-13 17:00:00+00:00,Notre Dame College,Alderson-Broaddus,72,7,True,False,True,Mountain East,Mountain East,ii,ii,
11,regular,2021-11-13 17:00:00+00:00,Youngstown State,North Dakota State,17,49,True,False,True,MVFC,MVFC,fcs,fcs,
11,regular,2021-11-13 17:00:00+00:00,Harvard,Pennsylvania,23,7,True,False,True,Ivy,Ivy,fcs,fcs,
11,regular,2021-11-13 17:00:00+00:00,Lehigh,Georgetown,23,9,True,False,True,Patriot,Patriot,fcs,fcs,
11,regular,2021-11-13 17:00:00+00:00,Butler,Valparaiso,3,47,True,False,True,Pioneer,Pioneer,fcs,fcs,
11,regular,2021-11-13 17:00:00+00:00,Millersville,Edinboro,21,42,True,False,True,Pennsylvania State Athletic,Pennsylvania State Athletic,ii,ii,
11,regular,2021-11-13 17:30:00+00:00,Lafayette,Colgate,13,20,True,False,True,Patriot,Patriot,fcs,fcs,
11,regular,2021-11-13 18:00:00+00:00,Bowie State,Fayetteville State,17,7,True,False,True,CIAA,CIAA,ii,ii,
11,regular,2021-11-13 18:00:00+00:00,Presbyterian,Marist,32,57,True,False,True,Pioneer,Pioneer,fcs,fcs,
11,regular,2021-11-13 18:00:00+00:00,Villanova,Stony Brook,33,14,True,False,True,CAA,CAA,fcs,fcs,
11,regular,2021-11-13 18:00:00+00:00,Sam Houston,Eastern Kentucky,42,28,True,False,True,AWC,AWC,fcs,fcs,
11,regular,2021-11-13 18:00:00+00:00,Morehead State,Stetson,36,35,True,False,True,Pioneer,Pioneer,fcs,fcs,
11,regular,2021-11-13 18:00:00+00:00,Howard,North Carolina Central,27,45,True,False,True,MEAC,MEAC,fcs,fcs,
11,regular,2021-11-13 18:00:00+00:00,Campbell,Hampton,21,28,True,False,True,Big South,Big South,fcs,fcs,
11,regular,2021-11-13 18:00:00+00:00,Indiana State,Southern Illinois,21,47,True,False,True,MVFC,MVFC,fcs,fcs,
11,regular,2021-11-13 18:00:00+00:00,Southern Connecticut State,Stonehill,6,42,True,False,True,Northeast 10,Northeast 10,ii,ii,
11,regular,2021-11-13 18:00:00+00:00,Delaware State,Norfolk State,28,26,True,False,True,MEAC,MEAC,fcs,fcs,
11,regular,2021-11-13 18:00:00+00:00,Drake,St. Thomas (MN),14,21,True,False,True,Pioneer,Pioneer,fcs,fcs,
11,regular,2021-11-13 18:00:00+00:00,Rhode Island,New Hampshire,28,3,True,False,True,CAA,CAA,fcs,fcs,
11,regular,2021-11-13 18:00:00+00:00,Fordham,Holy Cross,24,52,True,False,True,Patriot,Patriot,fcs,fcs,
11,regular,2021-11-13 18:00:00+00:00,Bryant,Long Island University,52,7,True,False,True,NEC,NEC,fcs,fcs,
11,regular,2021-11-13 18:00:00+00:00,UAlbany,Morgan State,41,14,True,False,False,CAA,MEAC,fcs,fcs,
11,regular,2021-11-13 18:00:00+00:00,Columbia,Brown,23,17,True,False,True,Ivy,Ivy,fcs,fcs,
11,regular,2021-11-13 18:00:00+00:00,Erskine,Kentucky State,17,41,True,False,False,Independent DII,SIAC,ii,ii,
11,regular,2021-11-13 18:00:00+00:00,Frostburg State,West Liberty,56,3,True,False,True,Mountain East,Mountain East,ii,ii,
11,regular,2021-11-13 18:00:00+00:00,Princeton,Yale,35,20,True,False,True,Ivy,Ivy,fcs,fcs,
11,regular,2021-11-13 18:00:00+00:00,Ferris State,Wayne State (MI),35,13,True,False,True,GLIAC,GLIAC,ii,ii,
11,regular,2021-11-13 18:00:00+00:00,Concord,UNC Pembroke,28,25,True,False,True,Mountain East,Mountain East,ii,ii,
11,regular,2021-11-13 18:00:00+00:00,Nebraska Kearney,Northeastern State,56,10,True,False,True,Mid America,Mid America,ii,ii,
11,regular,2021-11-13 18:00:00+00:00,Minnesota St Moorhead,Wayne State (NE),21,24,True,False,True,Northern Sun,Northern Sun,ii,ii,
11,regular,2021-11-13 18:00:00+00:00,Grand Valley State,Davenport,42,0,True,False,True,GLIAC,GLIAC,ii,ii,
11,regular,2021-11-13 18:00:00+00:00,Michigan Tech,Saginaw Valley State,21,20,True,False,True,GLIAC,GLIAC,ii,ii,
11,regular,2021-11-13 18:00:00+00:00,Lake Erie,Walsh,7,24,True,False,True,Great Midwest Athletic,Great Midwest Athletic,ii,ii,
11,regular,2021-11-13 18:00:00+00:00,Hillsdale,Ohio Dominican,21,17,True,False,True,Great Midwest Athletic,Great Midwest Athletic,ii,ii,
11,regular,2021-11-13 18:00:00+00:00,West Virginia Wesleyan,Glenville State,13,43,True,False,True,Mountain East,Mountain East,ii,ii,
11,regular,2021-11-13 18:00:00+00:00,West Alabama,Mississippi College,24,28,True,False,True,Gulf South,Gulf South,ii,ii,
11,regular,2021-11-13 18:00:00+00:00,Truman State,Indianapolis,10,13,True,False,True,Great Lakes,Great Lakes,ii,ii,
11,regular,2021-11-13 18:00:00+00:00,West Georgia,Delta State,44,7,True,False,True,Gulf South,Gulf South,ii,ii,
11,regular,2021-11-13 18:00:00+00:00,Northern Michigan,Northwood,34,26,True,False,True,GLIAC,GLIAC,ii,ii,
11,regular,2021-11-13 18:00:00+00:00,Lock Haven,Seton Hill,7,59,True,False,True,Pennsylvania State Athletic,Pennsylvania State Athletic,ii,ii,
11,regular,2021-11-13 18:00:00+00:00,Franklin Pierce,New Haven,20,34,True,False,True,Northeast 10,Northeast 10,ii,ii,
11,regular,2021-11-13 18:00:00+00:00,Kentucky Wesleyan,Ashland,0,17,True,False,True,Great Midwest Athletic,Great Midwest Athletic,ii,ii,
11,regular,2021-11-13 18:00:00+00:00,Lenoir Rhyne,Catawba,56,3,True,False,True,South Atlantic,South Atlantic,ii,ii,
11,regular,2021-11-13 18:00:00+00:00,Shippensburg,Mercyhurst,17,13,True,False,True,Pennsylvania State Athletic,Pennsylvania State Athletic,ii,ii,
11,regular,2021-11-13 18:05:00+00:00,East Stroudsburg,Gannon,10,13,True,False,True,Pennsylvania State Athletic,Pennsylvania State Athletic,ii,ii,
11,regular,2021-11-13 18:30:00+00:00,Allen,Edward Waters,34,51,True,False,False,SIAC,SIAC,ii,ii,
11,regular,2021-11-13 18:30:00+00:00,Tusculum,Carson Newman,48,13,True,False,True,South Atlantic,South Atlantic,ii,ii,
11,regular,2021-11-13 18:30:00+00:00,Gardner-Webb,Charleston Southern,24,32,True,False,True,Big South,Big South,fcs,fcs,
11,regular,2021-11-13 18:30:00+00:00,Dartmouth,Cornell,41,7,True,False,True,Ivy,Ivy,fcs,fcs,
11,regular,2021-11-13 18:30:00+00:00,South Carolina State,North Carolina A&T,17,27,True,False,False,MEAC,Big South,fcs,fcs,
11,regular,2021-11-13 19:00:00+00:00,Mississippi Valley State,Alabama State,44,31,True,False,True,SWAC,SWAC,fcs,fcs,
11,regular,2021-11-13 19:00:00+00:00,Western Carolina,East Tennessee State,35,56,True,False,True,Southern,Southern,fcs,fcs,
11,regular,2021-11-13 19:00:00+00:00,The Citadel,Wofford,45,44,True,False,True,Southern,Southern,fcs,fcs,
11,regular,2021-11-13 19:00:00+00:00,Abilene Christian,Tarleton State,29,3,True,False,True,Western Athletic,Western Athletic,fcs,fcs,
11,regular,2021-11-13 19:00:00+00:00,South Dakota,South Dakota State,23,20,True,False,True,MVFC,MVFC,fcs,fcs,
11,regular,2021-11-13 19:00:00+00:00,Richmond,Delaware,51,27,True,False,True,CAA,CAA,fcs,fcs,
11,regular,2021-11-13 19:00:00+00:00,Furman,VMI,37,31,True,False,True,Southern,Southern,fcs,fcs,
11,regular,2021-11-13 19:00:00+00:00,Towson,Elon,14,37,True,False,True,CAA,CAA,fcs,fcs,
11,regular,2021-11-13 19:00:00+00:00,Murray State,Southeast Missouri State,28,10,True,False,True,OVC,OVC,fcs,fcs,
11,regular,2021-11-13 19:00:00+00:00,Rice,Western Kentucky,21,42,True,False,True,Conference USA,Conference USA,fbs,fbs,
11,regular,2021-11-13 19:00:00+00:00,Coastal Carolina,Georgia State,40,42,True,False,True,Sun Belt,Sun Belt,fbs,fbs,
11,regular,2021-11-13 19:00:00+00:00,South Dakota Mines,Colorado Mesa,10,13,True,False,True,Rocky Mountain,Rocky Mountain,ii,ii,
11,regular,2021-11-13 19:00:00+00:00,Augustana (SD),Southwest Minnesota State,55,0,True,False,True,Northern Sun,Northern Sun,ii,ii,
11,regular,2021-11-13 19:00:00+00:00,Central Missouri,Central Oklahoma,30,29,True,False,True,Mid America,Mid America,ii,ii,
11,regular,2021-11-13 19:00:00+00:00,Colorado School of Mines,Adams State,63,0,True,False,True,Rocky Mountain,Rocky Mountain,ii,ii,
11,regular,2021-11-13 19:00:00+00:00,Fort Hays,Pittsburg State,24,34,True,False,True,Mid America,Mid America,ii,ii,
11,regular,2021-11-13 19:00:00+00:00,Midwestern State,UT Permian Basin,36,30,True,False,True,Lone Star,Lone Star,ii,ii,
11,regular,2021-11-13 19:00:00+00:00,Bemidji State,University of Mary,62,40,True,False,True,Northern Sun,Northern Sun,ii,ii,
11,regular,2021-11-13 19:00:00+00:00,Southwest Baptist,Missouri S&T,41,42,True,False,True,Great Lakes,Great Lakes,ii,ii,
11,regular,2021-11-13 19:00:00+00:00,Washburn,Missouri Southern State,38,28,True,False,True,Mid America,Mid America,ii,ii,
11,regular,2021-11-13 19:00:00+00:00,Lindenwood,McKendree,45,30,True,False,True,Great Lakes Valley,Great Lakes,ii,ii,
11,regular,2021-11-13 19:00:00+00:00,UVA Wise,Barton,24,36,True,False,False,South Atlantic,Independent DII,ii,ii,
11,regular,2021-11-13 19:00:00+00:00,Winona State,Minnesota State,18,16,True,False,True,Northern Sun,Northern Sun,ii,ii,
11,regular,2021-11-13 19:00:00+00:00,Lincoln (MO),Missouri Western,12,41,True,False,True,Mid America,Mid America,ii,ii,
11,regular,2021-11-13 19:00:00+00:00,Ouachita Baptist,Henderson State,31,28,True,False,True,Great American,Great American,ii,ii,
11,regular,2021-11-13 19:00:00+00:00,Sioux Falls,Upper Iowa,42,21,True,False,True,Northern Sun,Northern Sun,ii,ii,
11,regular,2021-11-13 19:00:00+00:00,William Jewell,Quincy,17,51,True,False,True,Great Lakes,Great Lakes,ii,ii,
11,regular,2021-11-13 19:00:00+00:00,Arizona,Utah,29,38,True,False,True,Pac-12,Pac-12,fbs,fbs,
11,regular,2021-11-13 19:05:00+00:00,Minnesota Duluth,Northern State,49,35,True,False,True,Northern Sun,Northern Sun,ii,ii,
11,regular,2021-11-13 19:30:00+00:00,Northwest Missouri State,Emporia State,35,7,True,False,True,Mid America,Mid America,ii,ii,
11,regular,2021-11-13 19:30:00+00:00,App State,South Alabama,31,7,True,False,True,Sun Belt,Sun Belt,fbs,fbs,
11,regular,2021-11-13 19:30:00+00:00,Tennessee Tech,UT Martin,3,42,True,False,True,OVC,OVC,fcs,fcs,
11,regular,2021-11-13 20:00:00+00:00,Mercer,Chattanooga,10,6,True,False,True,Southern,Southern,fcs,fcs,
11,regular,2021-11-13 20:00:00+00:00,Southern Nazarene,Oklahoma Baptist,14,42,True,False,True,Great American,Great American,ii,ii,
11,regular,2021-11-13 20:00:00+00:00,Missouri State,Northern Iowa,34,27,True,False,True,MVFC,MVFC,fcs,fcs,
11,regular,2021-11-13 20:00:00+00:00,Black Hills State,Chadron State,6,57,True,False,True,Rocky Mountain,Rocky Mountain,ii,ii,
11,regular,2021-11-13 20:00:00+00:00,Montana State,Idaho,20,13,True,False,True,Big Sky,Big Sky,fcs,fcs,
11,regular,2021-11-13 20:00:00+00:00,North Dakota,Illinois State,14,7,True,False,True,MVFC,MVFC,fcs,fcs,
11,regular,2021-11-13 20:00:00+00:00,Houston Christian,McNeese,3,44,True,False,True,Southland,Southland,fcs,fcs,
11,regular,2021-11-13 20:00:00+00:00,Northern Arizona,Montana,3,30,True,False,True,Big Sky,Big Sky,fcs,fcs,
11,regular,2021-11-13 20:00:00+00:00,Western Colorado,CSU Pueblo,14,7,True,False,True,Rocky Mountain,Rocky Mountain,ii,ii,
11,regular,2021-11-13 20:00:00+00:00,Southeastern Oklahoma State,East Central,28,30,True,False,True,Great American,Great American,ii,ii,
11,regular,2021-11-13 20:00:00+00:00,North Alabama,Kennesaw State,24,28,True,False,True,Big South,Big South,fcs,fcs,
11,regular,2021-11-13 20:00:00+00:00,Tennessee State,Austin Peay,7,36,True,False,True,OVC,OVC,fcs,fcs,
11,regular,2021-11-13 20:00:00+00:00,Wingate,Mars Hill,26,19,True,False,True,South Atlantic,South Atlantic,ii,ii,
11,regular,2021-11-13 20:00:00+00:00,Arkansas-Pine Bluff,Florida A&M,7,37,True,False,True,SWAC,SWAC,fcs,fcs,
11,regular,2021-11-13 20:00:00+00:00,Texas Southern,Alabama A&M,49,52,True,False,True,SWAC,SWAC,fcs,fcs,
11,regular,2021-11-13 20:00:00+00:00,Arkansas Tech,Harding,0,31,True,False,True,Great American,Great American,ii,ii,
11,regular,2021-11-13 20:00:00+00:00,Southern Arkansas,Arkansas Monticello,37,73,True,False,True,Great American,Great American,ii,ii,
11,regular,2021-11-13 20:00:00+00:00,Texas State,Georgia Southern,30,38,True,False,True,Sun Belt,Sun Belt,fbs,fbs,
11,regular,2021-11-13 20:00:00+00:00,Alcorn State,Prairie View A&M,31,29,True,False,True,SWAC,SWAC,fcs,fcs,
11,regular,2021-11-13 20:30:00+00:00,Troy,Louisiana,21,35,True,False,True,Sun Belt,Sun Belt,fbs,fbs,
11,regular,2021-11-13 20:30:00+00:00,Ohio State,Purdue,59,31,True,False,True,Big Ten,Big Ten,fbs,fbs,
11,regular,2021-11-13 20:30:00+00:00,Georgia Tech,Boston College,30,41,True,False,True,ACC,ACC,fbs,fbs,
11,regular,2021-11-13 20:30:00+00:00,Tennessee,Georgia,17,41,True,False,True,SEC,SEC,fbs,fbs,
11,regular,2021-11-13 20:30:00+00:00,Middle Tennessee,Florida International,50,10,True,False,True,Conference USA,Conference USA,fbs,fbs,
11,regular,2021-11-13 20:30:00+00:00,William & Mary,James Madison,22,32,True,False,True,CAA,CAA,fcs,fcs,
11,regular,2021-11-13 20:30:00+00:00,Louisiana Tech,Charlotte,42,32,True,False,True,Conference USA,Conference USA,fbs,fbs,
11,regular,2021-11-13 20:30:00+00:00,Virginia Tech,Duke,48,17,True,False,True,ACC,ACC,fbs,fbs,
11,regular,2021-11-13 20:30:00+00:00,Iowa,Minnesota,27,22,True,False,True,Big Ten,Big Ten,fbs,fbs,
11,regular,2021-11-13 20:30:00+00:00,Texas Tech,Iowa State,41,38,True,False,True,Big 12,Big 12,fbs,fbs,
11,regular,2021-11-13 20:30:00+00:00,Old Dominion,Florida Atlantic,30,16,True,False,True,Conference USA,Conference USA,fbs,fbs,
11,regular,2021-11-13 20:30:00+00:00,Florida State,Miami,31,28,True,False,True,ACC,ACC,fbs,fbs,
11,regular,2021-11-13 20:30:00+00:00,Marshall,UAB,14,21,True,False,True,Conference USA,Conference USA,fbs,fbs,
11,regular,2021-11-13 20:30:00+00:00,UTSA,Southern Miss,27,17,True,False,True,Conference USA,Conference USA,fbs,fbs,
11,regular,2021-11-13 21:00:00+00:00,Limestone,Newberry,7,42,True,False,True,South Atlantic,South Atlantic,ii,ii,
11,regular,2021-11-13 21:00:00+00:00,Northwestern (OK),Southwestern Oklahoma State,31,28,True,False,True,Great American,Great American,ii,ii,
11,regular,2021-11-13 21:00:00+00:00,North Texas,UTEP,20,17,True,False,True,Conference USA,Conference USA,fbs,fbs,
11,regular,2021-11-13 21:00:00+00:00,Tulane,Tulsa,13,20,True,False,True,American Athletic,American Athletic,fbs,fbs,
11,regular,2021-11-13 21:00:00+00:00,UNLV,Hawai'i,27,13,True,False,True,Mountain West,Mountain West,fbs,fbs,
11,regular,2021-11-13 21:00:00+00:00,Missouri,South Carolina,31,28,True,False,True,SEC,SEC,fbs,fbs,
11,regular,2021-11-13 21:00:00+00:00,Michigan State,Maryland,40,21,True,False,True,Big Ten,Big Ten,fbs,fbs,
11,regular,2021-11-13 21:00:00+00:00,Nicholls,Incarnate Word,23,27,True,False,True,Southland,Southland,fcs,fcs,
11,regular,2021-11-13 21:00:00+00:00,Central Washington,Simon Fraser,70,0,True,False,True,Great Northwest,Great Northwest,ii,ii,
11,regular,2021-11-13 21:00:00+00:00,Southern Utah,Weber State,0,62,True,False,True,Big Sky,Big Sky,fcs,fcs,
11,regular,2021-11-13 21:05:00+00:00,Western Oregon,Lincoln (CA),55,16,True,False,False,Great Northwest,,ii,,
11,regular,2021-11-13 22:00:00+00:00,Central Arkansas,Stephen F. Austin,14,27,True,False,True,AWC,Western Athletic,fcs,fcs,
11,regular,2021-11-13 22:00:00+00:00,East Texas A&M,Eastern New Mexico,30,10,True,False,True,Lone Star,Lone Star,ii,ii,
11,regular,2021-11-13 22:00:00+00:00,West Florida,Valdosta State,61,42,True,False,True,Gulf South,Gulf South,ii,ii,
11,regular,2021-11-13 22:00:00+00:00,Lamar,Jacksonville State,7,38,True,False,True,Western Athletic,AWC,fcs,fcs,
11,regular,2021-11-13 22:00:00+00:00,UL Monroe,Arkansas State,24,27,True,False,True,Sun Belt,Sun Belt,fbs,fbs,
11,regular,2021-11-13 22:30:00+00:00,Oregon State,Stanford,35,14,True,False,True,Pac-12,Pac-12,fbs,fbs,
11,regular,2021-11-14 00:00:00+00:00,Colorado State,Air Force,21,35,True,False,True,Mountain West,Mountain West,fbs,fbs,
11,regular,2021-11-14 00:00:00+00:00,SE Louisiana,Northwestern State,56,28,True,False,True,Southland,Southland,fcs,fcs,
11,regular,2021-11-14 00:00:00+00:00,Ole Miss,Texas A&M,29,19,True,False,True,SEC,SEC,fbs,fbs,
11,regular,2021-11-14 00:00:00+00:00,Fresno State,New Mexico,34,7,True,False,True,Mountain West,Mountain West,fbs,fbs,
11,regular,2021-11-14 00:00:00+00:00,Southern,Jackson State,17,21,True,False,True,SWAC,SWAC,fcs,fcs,
11,regular,2021-11-14 00:00:00+00:00,Vanderbilt,Kentucky,17,34,True,False,True,SEC,SEC,fbs,fbs,
11,regular,2021-11-14 00:00:00+00:00,Washington,Arizona State,30,35,True,False,True,Pac-12,Pac-12,fbs,fbs,
11,regular,2021-11-14 00:30:00+00:00,Texas,Kansas,56,57,True,False,True,Big 12,Big 12,fbs,fbs,
11,regular,2021-11-14 00:30:00+00:00,Wake Forest,NC State,45,42,True,False,True,ACC,ACC,fbs,fbs,
11,regular,2021-11-14 00:30:00+00:00,Virginia,Notre Dame,3,28,True,False,True,ACC,FBS Independents,fbs,fbs,
11,regular,2021-11-14 00:30:00+00:00,LSU,Arkansas,13,16,True,False,True,SEC,SEC,fbs,fbs,
11,regular,2021-11-14 01:00:00+00:00,UC Davis,Eastern Washington,20,38,True,False,True,Big Sky,Big Sky,fcs,fcs,
11,regular,2021-11-14 01:00:00+00:00,Oklahoma State,TCU,63,17,True,False,True,Big 12,Big 12,fbs,fbs,
11,regular,2021-11-14 01:00:00+00:00,Texas A&M-Kingsville,Angelo State,19,58,True,False,True,Lone Star,Lone Star,ii,ii,
11,regular,2021-11-14 01:05:00+00:00,Cal Poly,Idaho State,32,29,True,False,True,Big Sky,Big Sky,fcs,fcs,
11,regular,2021-11-14 02:00:00+00:00,Sacramento State,Portland State,49,20,True,False,True,Big Sky,Big Sky,fcs,fcs,
11,regular,2021-11-14 02:00:00+00:00,UCLA,Colorado,44,20,True,False,True,Pac-12,Pac-12,fbs,fbs,
11,regular,2021-11-14 02:00:00+00:00,Utah Tech,Fort Lewis,62,21,True,False,False,Western Athletic,Rocky Mountain,fcs,ii,
11,regular,2021-11-14 03:30:00+00:00,San José State,Utah State,17,48,True,False,True,Mountain West,Mountain West,fbs,fbs,
11,regular,2021-11-14 03:30:00+00:00,San Diego State,Nevada,23,21,True,False,True,Mountain West,Mountain West,fbs,fbs,
11,regular,2021-11-14 03:30:00+00:00,Oregon,Washington State,38,24,True,False,True,Pac-12,Pac-12,fbs,fbs,
12,regular,2021-11-17 00:00:00+00:00,Ohio,Toledo,23,35,True,False,True,Mid-American,Mid-American,fbs,fbs,
12,regular,2021-11-17 00:30:00+00:00,Eastern Michigan,Western Michigan,22,21,True,False,True,Mid-American,Mid-American,fbs,fbs,
12,regular,2021-11-17 01:00:00+00:00,Miami (OH),Bowling Green,34,7,True,False,True,Mid-American,Mid-American,fbs,fbs,
12,regular,2021-11-18 00:00:00+00:00,Buffalo,Northern Illinois,27,33,True,False,True,Mid-American,Mid-American,fbs,fbs,
12,regular,2021-11-18 00:00:00+00:00,Ball State,Central Michigan,17,37,True,False,True,Mid-American,Mid-American,fbs,fbs,
12,regular,2021-11-19 00:00:00+00:00,SE Louisiana,Nicholls,42,45,True,False,True,Southland,Southland,fcs,fcs,
12,regular,2021-11-19 00:30:00+00:00,Duke,Louisville,22,62,True,False,True,ACC,ACC,fbs,fbs,
12,regular,2021-11-20 01:00:00+00:00,Louisiana Tech,Southern Miss,19,35,True,False,True,Conference USA,Conference USA,fbs,fbs,
12,regular,2021-11-20 02:00:00+00:00,Nevada,Air Force,39,41,True,False,True,Mountain West,Mountain West,fbs,fbs,
12,regular,2021-11-20 02:00:00+00:00,Houston,Memphis,31,13,True,False,True,American Athletic,American Athletic,fbs,fbs,
12,regular,2021-11-20 02:00:00+00:00,Washington State,Arizona,44,18,True,False,True,Pac-12,Pac-12,fbs,fbs,
12,regular,2021-11-20 04:30:00+00:00,UNLV,San Diego State,20,28,True,False,True,Mountain West,Mountain West,fbs,fbs,
12,regular,2021-11-20 17:00:00+00:00,Wagner,Duquesne,0,44,True,False,True,NEC,NEC,fcs,fcs,
12,regular,2021-11-20 17:00:00+00:00,Robert Morris,Campbell,20,17,True,False,True,Big South,Big South,fcs,fcs,
12,regular,2021-11-20 17:00:00+00:00,Georgia,Charleston Southern,56,7,True,False,False,SEC,Big South,fbs,fcs,
12,regular,2021-11-20 17:00:00+00:00,Army,Massachusetts,33,17,True,False,False,FBS Independents,FBS Independents,fbs,fbs,
12,regular,2021-11-20 17:00:00+00:00,Colgate,Fordham,45,31,True,False,True,Patriot,Patriot,fcs,fcs,
12,regular,2021-11-20 17:00:00+00:00,Tulane,South Florida,45,14,True,False,True,American Athletic,American Athletic,fbs,fbs,
12,regular,2021-11-20 17:00:00+00:00,Kentucky,New Mexico State,56,16,True,False,False,SEC,FBS Independents,fbs,fbs,
12,regular,2021-11-20 17:00:00+00:00,Morgan State,Georgetown,28,21,True,False,False,MEAC,Patriot,fcs,fcs,
12,regular,2021-11-20 17:00:00+00:00,Clemson,Wake Forest,48,27,True,False,True,ACC,ACC,fbs,fbs,
12,regular,2021-11-20 17:00:00+00:00,Lehigh,Lafayette,17,10,True,False,True,Patriot,Patriot,fcs,fcs,
12,regular,2021-11-20 17:00:00+00:00,Brown,Dartmouth,31,52,True,False,True,Ivy,Ivy,fcs,fcs,
12,regular,2021-11-20 17:00:00+00:00,Mississippi State,Tennessee State,55,10,True,False,False,SEC,OVC,fbs,fcs,
12,regular,2021-11-20 17:00:00+00:00,Long Island University,Sacred Heart,14,38,True,False,True,NEC,NEC,fcs,fcs,
12,regular,2021-11-20 17:00:00+00:00,Western Kentucky,Florida Atlantic,52,17,True,False,True,Conference USA,Conference USA,fbs,fbs,
12,regular,2021-11-20 17:00:00+00:00,Marist,Butler,21,28,True,False,True,Pioneer,Pioneer,fcs,fcs,
12,regular,2021-11-20 17:00:00+00:00,Central Connecticut,Saint Francis,24,21,True,False,True,NEC,NEC,fcs,fcs,
12,regular,2021-11-20 17:00:00+00:00,Boston College,Florida State,23,26,True,False,True,ACC,ACC,fbs,fbs,
12,regular,2021-11-20 17:00:00+00:00,Penn State,Rutgers,28,0,True,False,True,Big Ten,Big Ten,fbs,fbs,
12,regular,2021-11-20 17:00:00+00:00,Northwestern,Purdue,14,32,True,True,True,Big Ten,Big Ten,fbs,fbs,
12,regular,2021-11-20 17:00:00+00:00,Ohio State,Michigan State,56,7,True,False,True,Big Ten,Big Ten,fbs,fbs,
12,regular,2021-11-20 17:00:00+00:00,Oklahoma,Iowa State,28,21,True,False,True,Big 12,Big 12,fbs,fbs,
12,regular,2021-11-20 17:00:00+00:00,West Virginia,Texas,31,23,True,False,True,Big 12,Big 12,fbs,fbs,
12,regular,2021-11-20 17:00:00+00:00,North Carolina,Wofford,34,14,True,False,False,ACC,Southern,fbs,fcs,
12,regular,2021-11-20 17:00:00+00:00,Yale,Harvard,31,34,True,False,True,Ivy,Ivy,fcs,fcs,
12,regular,2021-11-20 17:00:00+00:00,Texas A&M,Prairie View A&M,52,3,True,False,False,SEC,SWAC,fbs,fcs,
12,regular,2021-11-20 17:00:00+00:00,Shepherd,Findlay,38,31,True,False,False,Pennsylvania State Athletic,Great Midwest Athletic,ii,ii,Division II Championship - First Round
12,regular,2021-11-20 17:00:00+00:00,Notre Dame College,Slippery Rock,33,25,True,False,False,Mountain East,Pennsylvania State Athletic,ii,ii,Division II Championship - First Round
12,regular,2021-11-20 17:00:00+00:00,Akron,Kent State,0,38,True,False,True,Mid-American,Mid-American,fbs,fbs,
12,regular,2021-11-20 17:30:00+00:00,VMI,Western Carolina,24,52,True,False,True,Southern,Southern,fcs,fcs,
12,regular,2021-11-20 18:00:00+00:00,New Haven,Bentley,38,13,True,False,True,Northeast 10,Northeast 10,ii,ii,Division II Championship - First Round
12,regular,2021-11-20 18:00:00+00:00,Bowie State,Lenoir Rhyne,31,10,True,False,False,CIAA,South Atlantic,ii,ii,Division II Championship - First Round
12,regular,2021-11-20 18:00:00+00:00,Kennesaw State,Monmouth,49,17,True,False,True,Big South,Big South,fcs,fcs,
12,regular,2021-11-20 18:00:00+00:00,Stony Brook,UAlbany,36,14,True,False,True,CAA,CAA,fcs,fcs,
12,regular,2021-11-20 18:00:00+00:00,New Hampshire,Maine,20,33,True,False,True,CAA,CAA,fcs,fcs,
12,regular,2021-11-20 18:00:00+00:00,Illinois State,Indiana State,10,15,True,False,True,MVFC,MVFC,fcs,fcs,
12,regular,2021-11-20 18:00:00+00:00,Cornell,Columbia,26,34,True,False,True,Ivy,Ivy,fcs,fcs,
12,regular,2021-11-20 18:00:00+00:00,Augustana (SD),Bemidji State,24,28,True,False,True,Northern Sun,Northern Sun,ii,ii,Division II Championship - First Round
12,regular,2021-11-20 18:00:00+00:00,Hampton,North Alabama,27,35,True,False,True,Big South,Big South,fcs,fcs,
12,regular,2021-11-20 18:00:00+00:00,Grand Valley State,Lindenwood,20,3,True,False,False,GLIAC,Great Lakes Valley,ii,ii,Division II Championship - First Round
12,regular,2021-11-20 18:00:00+00:00,Pennsylvania,Princeton,14,34,True,False,True,Ivy,Ivy,fcs,fcs,
12,regular,2021-11-20 18:00:00+00:00,Albany State,West Georgia,7,23,True,False,False,SIAC,Gulf South,ii,ii,Division II Championship - First Round
12,regular,2021-11-20 18:00:00+00:00,West Florida,Newberry,30,33,True,False,False,Gulf South,South Atlantic,ii,ii,Division II Championship - First Round
12,regular,2021-11-20 18:00:00+00:00,North Carolina A&T,Gardner-Webb,27,35,True,False,True,Big South,Big South,fcs,fcs,
12,regular,2021-11-20 18:00:00+00:00,Delaware,Villanova,13,21,True,False,True,CAA,CAA,fcs,fcs,
12,regular,2021-11-20 18:00:00+00:00,Southern Illinois,Youngstown State,18,35,True,False,True,MVFC,MVFC,fcs,fcs,
12,regular,2021-11-20 18:00:00+00:00,Samford,Furman,34,41,True,False,True,Southern,Southern,fcs,fcs,
12,regular,2021-11-20 18:00:00+00:00,Bucknell,Holy Cross,6,45,True,False,True,Patriot,Patriot,fcs,fcs,
12,regular,2021-11-20 18:00:00+00:00,McNeese,Northwestern State,20,24,True,False,True,Southland,Southland,fcs,fcs,
12,regular,2021-11-20 18:00:00+00:00,Coastal Carolina,Texas State,35,21,True,False,True,Sun Belt,Sun Belt,fbs,fbs,
12,regular,2021-11-20 18:00:00+00:00,Stetson,San Diego,16,41,True,False,True,Pioneer,Pioneer,fcs,fcs,
12,regular,2021-11-20 18:00:00+00:00,Merrimack,Bryant,14,58,True,False,True,NEC,NEC,fcs,fcs,
12,regular,2021-11-20 18:00:00+00:00,Howard,Virginia Lynchburg,56,6,True,False,False,MEAC,,fcs,,
12,regular,2021-11-20 18:00:00+00:00,Davidson,Drake,45,14,True,False,True,Pioneer,Pioneer,fcs,fcs,
12,regular,2021-11-20 18:00:00+00:00,East Tennessee State,Mercer,38,35,True,False,True,Southern,Southern,fcs,fcs,
12,regular,2021-11-20 18:00:00+00:00,Eastern Illinois,Murray State,13,20,True,False,True,OVC,OVC,fcs,fcs,
12,regular,2021-11-20 18:30:00+00:00,Chattanooga,The Citadel,21,24,True,False,True,Southern,Southern,fcs,fcs,
12,regular,2021-11-20 19:00:00+00:00,Northern Iowa,Western Illinois,41,3,True,False,True,MVFC,MVFC,fcs,fcs,
12,regular,2021-11-20 19:00:00+00:00,James Madison,Towson,56,10,True,False,True,CAA,CAA,fcs,fcs,
12,regular,2021-11-20 19:00:00+00:00,Montana,Montana State,29,10,True,False,True,Big Sky,Big Sky,fcs,fcs,
12,regular,2021-11-20 19:00:00+00:00,Georgia State,Arkansas State,28,20,True,False,True,Sun Belt,Sun Belt,fbs,fbs,
12,regular,2021-11-20 19:00:00+00:00,North Carolina Central,Delaware State,34,28,True,False,True,MEAC,MEAC,fcs,fcs,
12,regular,2021-11-20 19:00:00+00:00,Eastern Kentucky,Jacksonville State,39,31,True,False,True,AWC,AWC,fcs,fcs,
12,regular,2021-11-20 19:00:00+00:00,Angelo State,Minnesota Duluth,48,14,True,False,False,Lone Star,Northern Sun,ii,ii,Division II Championship - First Round
12,regular,2021-11-20 19:00:00+00:00,Iowa,Illinois,33,23,True,False,True,Big Ten,Big Ten,fbs,fbs,
12,regular,2021-11-20 19:00:00+00:00,Alabama A&M,Arkansas-Pine Bluff,52,24,True,False,True,SWAC,SWAC,fcs,fcs,
12,regular,2021-11-20 19:00:00+00:00,Abilene Christian,Sam Houston,9,35,True,False,True,Western Athletic,AWC,fcs,fcs,
12,regular,2021-11-20 19:00:00+00:00,Southeast Missouri State,UT Martin,31,14,True,False,True,OVC,OVC,fcs,fcs,
12,regular,2021-11-20 19:00:00+00:00,Norfolk State,South Carolina State,21,31,True,False,True,MEAC,MEAC,fcs,fcs,
12,regular,2021-11-20 19:00:00+00:00,Jackson State,Alcorn State,24,10,True,False,True,SWAC,SWAC,fcs,fcs,
12,regular,2021-11-20 19:00:00+00:00,Northwest Missouri State,Central Washington,50,21,True,False,False,Mid America,Great Northwest,ii,ii,Division II Championship - First Round
12,regular,2021-11-20 19:00:00+00:00,Elon,Rhode Island,43,28,True,False,True,CAA,CAA,fcs,fcs,
12,regular,2021-11-20 19:00:00+00:00,Valparaiso,Morehead State,38,51,True,False,True,Pioneer,Pioneer,fcs,fcs,
12,regular,2021-11-20 19:00:00+00:00,St. Thomas (MN),Presbyterian,54,15,True,False,True,Pioneer,Pioneer,fcs,fcs,
12,regular,2021-11-20 19:00:00+00:00,Harding,Washburn,30,14,True,False,False,Great American,Mid America,ii,ii,Division II Championship - First Round
12,regular,2021-11-20 19:00:00+00:00,Western New Mexico,New Mexico Highlands,28,31,True,False,False,Lone Star,Rocky Mountain,ii,ii,
12,regular,2021-11-20 19:30:00+00:00,Notre Dame,Georgia Tech,55,0,True,False,True,FBS Independents,ACC,fbs,fbs,
12,regular,2021-11-20 20:00:00+00:00,Western Colorado,Nebraska Kearney,24,31,True,False,False,Rocky Mountain,Mid America,ii,ii,Division II Championship - First Round
12,regular,2021-11-20 20:00:00+00:00,Weber State,Northern Colorado,48,17,True,False,True,Big Sky,Big Sky,fcs,fcs,
12,regular,2021-11-20 20:00:00+00:00,Alabama State,Texas Southern,24,21,True,False,True,SWAC,SWAC,fcs,fcs,
12,regular,2021-11-20 20:00:00+00:00,Idaho State,Idaho,0,14,True,False,True,Big Sky,Big Sky,fcs,fcs,
12,regular,2021-11-20 20:00:00+00:00,South Dakota State,North Dakota,24,21,True,False,True,MVFC,MVFC,fcs,fcs,
12,regular,2021-11-20 20:00:00+00:00,Houston Christian,Incarnate Word,14,55,True,False,True,Southland,Southland,fcs,fcs,
12,regular,2021-11-20 20:00:00+00:00,Austin Peay,Tennessee Tech,48,20,True,False,True,OVC,OVC,fcs,fcs,
12,regular,2021-11-20 20:00:00+00:00,Colorado,Washington,20,17,True,False,True,Pac-12,Pac-12,fbs,fbs,
12,regular,2021-11-20 20:30:00+00:00,Middle Tennessee,Old Dominion,17,24,True,False,True,Conference USA,Conference USA,fbs,fbs,
12,regular,2021-11-20 20:30:00+00:00,Troy,App State,7,45,True,False,True,Sun Belt,Sun Belt,fbs,fbs,
12,regular,2021-11-20 20:30:00+00:00,Wisconsin,Nebraska,35,28,True,False,True,Big Ten,Big Ten,fbs,fbs,
12,regular,2021-11-20 20:30:00+00:00,UTSA,UAB,34,31,True,False,True,Conference USA,Conference USA,fbs,fbs,
12,regular,2021-11-20 20:30:00+00:00,Florida A&M,Bethune-Cookman,46,21,True,False,True,SWAC,SWAC,fcs,fcs,Florida Classic
12,regular,2021-11-20 20:30:00+00:00,Cincinnati,SMU,48,14,True,False,True,American Athletic,American Athletic,fbs,fbs,
12,regular,2021-11-20 20:30:00+00:00,Indiana,Minnesota,14,35,True,False,True,Big Ten,Big Ten,fbs,fbs,
12,regular,2021-11-20 20:30:00+00:00,William & Mary,Richmond,17,20,True,False,True,CAA,CAA,fcs,fcs,
12,regular,2021-11-20 20:30:00+00:00,Alabama,Arkansas,42,35,True,False,True,SEC,SEC,fbs,fbs,
12,regular,2021-11-20 20:30:00+00:00,Maryland,Michigan,18,59,True,False,True,Big Ten,Big Ten,fbs,fbs,
12,regular,2021-11-20 20:30:00+00:00,Charlotte,Marshall,28,49,True,False,True,Conference USA,Conference USA,fbs,fbs,
12,regular,2021-11-20 20:30:00+00:00,North Dakota State,South Dakota,52,24,True,False,True,MVFC,MVFC,fcs,fcs,
12,regular,2021-11-20 20:30:00+00:00,Pittsburgh,Virginia,48,38,True,False,True,ACC,ACC,fbs,fbs,
12,regular,2021-11-20 20:30:00+00:00,Navy,East Carolina,35,38,True,False,True,American Athletic,American Athletic,fbs,fbs,
12,regular,2021-11-20 21:00:00+00:00,USC,UCLA,33,62,True,False,True,Pac-12,Pac-12,fbs,fbs,
12,regular,2021-11-20 21:00:00+00:00,NC State,Syracuse,41,17,True,False,True,ACC,ACC,fbs,fbs,
12,regular,2021-11-20 21:00:00+00:00,Missouri,Florida,24,23,True,False,True,SEC,SEC,fbs,fbs,
12,regular,2021-11-20 21:00:00+00:00,Georgia Southern,BYU,17,34,True,False,False,Sun Belt,FBS Independents,fbs,fbs,
12,regular,2021-11-20 21:00:00+00:00,Tulsa,Temple,44,10,True,False,True,American Athletic,American Athletic,fbs,fbs,
12,regular,2021-11-20 21:00:00+00:00,UTEP,Rice,38,28,True,False,True,Conference USA,Conference USA,fbs,fbs,
12,regular,2021-11-20 21:00:00+00:00,UC Davis,Sacramento State,7,27,True,False,True,Big Sky,Big Sky,fcs,fcs,
12,regular,2021-11-20 21:00:00+00:00,TCU,Kansas,31,28,True,False,True,Big 12,Big 12,fbs,fbs,
12,regular,2021-11-20 21:00:00+00:00,UCF,UConn,49,17,True,False,False,American Athletic,FBS Independents,fbs,fbs,
12,regular,2021-11-20 21:00:00+00:00,Liberty,Louisiana,14,42,True,False,False,FBS Independents,Sun Belt,fbs,fbs,
12,regular,2021-11-20 22:00:00+00:00,Lamar,Stephen F. Austin,6,42,True,False,True,Western Athletic,Western Athletic,fcs,fcs,
12,regular,2021-11-20 22:05:00+00:00,Portland State,Eastern Washington,28,42,True,False,True,Big Sky,Big Sky,fcs,fcs,
12,regular,2021-11-20 22:30:00+00:00,Kansas State,Baylor,10,20,True,False,True,Big 12,Big 12,fbs,fbs,
12,regular,2021-11-21 00:00:00+00:00,Stanford,California,11,41,True,False,True,Pac-12,Pac-12,fbs,fbs,
12,regular,2021-11-21 00:00:00+00:00,South Carolina,Auburn,21,17,True,False,True,SEC,SEC,fbs,fbs,
12,regular,2021-11-21 00:00:00+00:00,Tarleton State,Central Arkansas,24,3,True,False,True,Western Athletic,AWC,fcs,fcs,
12,regular,2021-11-21 00:00:00+00:00,Florida International,North Texas,7,49,True,False,True,Conference USA,Conference USA,fbs,fbs,
12,regular,2021-11-21 00:30:00+00:00,Utah,Oregon,38,7,True,False,True,Pac-12,Pac-12,fbs,fbs,
12,regular,2021-11-21 00:30:00+00:00,Tennessee,South Alabama,60,14,True,False,False,SEC,Sun Belt,fbs,fbs,
12,regular,2021-11-21 00:30:00+00:00,Ole Miss,Vanderbilt,31,17,True,False,True,SEC,SEC,fbs,fbs,
12,regular,2021-11-21 00:30:00+00:00,Miami,Virginia Tech,38,26,True,False,True,ACC,ACC,fbs,fbs,
12,regular,2021-11-21 01:00:00+00:00,Utah State,Wyoming,17,44,True,False,True,Mountain West,Mountain West,fbs,fbs,
12,regular,2021-11-21 01:00:00+00:00,Texas Tech,Oklahoma State,0,23,True,False,True,Big 12,Big 12,fbs,fbs,
12,regular,2021-11-21 01:05:00+00:00,Cal Poly,Northern Arizona,21,45,True,False,True,Big Sky,Big Sky,fcs,fcs,
12,regular,2021-11-21 02:00:00+00:00,LSU,UL Monroe,27,14,True,False,False,SEC,Sun Belt,fbs,fbs,
12,regular,2021-11-21 02:00:00+00:00,Boise State,New Mexico,37,0,True,False,True,Mountain West,Mountain West,fbs,fbs,
12,regular,2021-11-21 02:00:00+00:00,Utah Tech,Missouri State,24,55,True,False,False,Western Athletic,MVFC,fcs,fcs,
12,regular,2021-11-21 03:30:00+00:00,Oregon State,Arizona State,24,10,True,False,True,Pac-12,Pac-12,fbs,fbs,
12,regular,2021-11-21 04:00:00+00:00,Hawai'i,Colorado State,50,45,True,False,True,Mountain West,Mountain West,fbs,fbs,
13,regular,2021-11-24 00:00:00+00:00,Ball State,Buffalo,20,3,True,False,True,Mid-American,Mid-American,fbs,fbs,
13,regular,2021-11-24 00:00:00+00:00,Northern Illinois,Western Michigan,21,42,True,False,True,Mid-American,Mid-American,fbs,fbs,
13,regular,2021-11-25 20:00:00+00:00,Alabama State,Tuskegee,43,9,True,False,False,SWAC,SIAC,fcs,ii,
13,regular,2021-11-25 20:30:00+00:00,San José State,Fresno State,9,40,True,False,True,Mountain West,Mountain West,fbs,fbs,
13,regular,2021-11-26 00:30:00+00:00,Mississippi State,Ole Miss,21,31,True,False,True,SEC,SEC,fbs,fbs,
13,regular,2021-11-26 17:00:00+00:00,Bowling Green,Ohio,21,10,True,False,True,Mid-American,Mid-American,fbs,fbs,
13,regular,2021-11-26 17:00:00+00:00,Texas,Kansas State,22,17,True,False,True,Big 12,Big 12,fbs,fbs,
13,regular,2021-11-26 17:00:00+00:00,Central Michigan,Eastern Michigan,31,10,True,False,True,Mid-American,Mid-American,fbs,fbs,
13,regular,2021-11-26 17:00:00+00:00,San Diego State,Boise State,27,16,True,False,True,Mountain West,Mountain West,fbs,fbs,
13,regular,2021-11-26 18:00:00+00:00,New Mexico,Utah State,10,35,True,False,True,Mountain West,Mountain West,fbs,fbs,
13,regular,2021-11-26 18:30:00+00:00,Nebraska,Iowa,21,28,True,False,True,Big Ten,Big Ten,fbs,fbs,
13,regular,2021-11-26 19:00:00+00:00,UAB,UTEP,42,25,True,False,True,Conference USA,Conference USA,fbs,fbs,
13,regular,2021-11-26 20:30:00+00:00,UCF,South Florida,17,13,True,False,True,American Athletic,American Athletic,fbs,fbs,
13,regular,2021-11-26 20:30:00+00:00,East Carolina,Cincinnati,13,35,True,False,True,American Athletic,American Athletic,fbs,fbs,
13,regular,2021-11-26 20:30:00+00:00,Air Force,UNLV,48,14,True,False,True,Mountain West,Mountain West,fbs,fbs,
13,regular,2021-11-26 20:30:00+00:00,Arkansas,Missouri,34,17,True,False,True,SEC,SEC,fbs,fbs,
13,regular,2021-11-26 20:30:00+00:00,South Alabama,Coastal Carolina,21,27,True,False,True,Sun Belt,Sun Belt,fbs,fbs,
13,regular,2021-11-26 21:00:00+00:00,Utah,Colorado,28,13,True,False,True,Pac-12,Pac-12,fbs,fbs,
13,regular,2021-11-26 21:30:00+00:00,Iowa State,TCU,48,14,True,False,True,Big 12,Big 12,fbs,fbs,
13,regular,2021-11-27 00:00:00+00:00,NC State,North Carolina,34,30,True,False,True,ACC,ACC,fbs,fbs,
13,regular,2021-11-27 01:00:00+00:00,Washington,Washington State,13,40,True,False,True,Pac-12,Pac-12,fbs,fbs,
13,regular,2021-11-27 17:00:00+00:00,Toledo,Akron,49,14,True,False,True,Mid-American,Mid-American,fbs,fbs,
13,regular,2021-11-27 17:00:00+00:00,Michigan,Ohio State,42,27,True,False,True,Big Ten,Big Ten,fbs,fbs,
13,regular,2021-11-27 17:00:00+00:00,UConn,Houston,17,45,True,False,False,FBS Independents,American Athletic,fbs,fbs,
13,regular,2021-11-27 17:00:00+00:00,Boston College,Wake Forest,10,41,True,False,True,ACC,ACC,fbs,fbs,
13,regular,2021-11-27 17:00:00+00:00,Baylor,Texas Tech,27,24,True,False,True,Big 12,Big 12,fbs,fbs,
13,regular,2021-11-27 17:00:00+00:00,Rutgers,Maryland,16,40,True,False,True,Big Ten,Big Ten,fbs,fbs,
13,regular,2021-11-27 17:00:00+00:00,Kent State,Miami (OH),48,47,True,False,True,Mid-American,Mid-American,fbs,fbs,
13,regular,2021-11-27 17:00:00+00:00,Florida,Florida State,24,21,True,False,False,SEC,ACC,fbs,fbs,
13,regular,2021-11-27 17:00:00+00:00,Liberty,Army,16,31,True,False,False,FBS Independents,FBS Independents,fbs,fbs,
13,regular,2021-11-27 17:00:00+00:00,Temple,Navy,14,38,True,False,True,American Athletic,American Athletic,fbs,fbs,
13,regular,2021-11-27 17:00:00+00:00,Georgia Tech,Georgia,0,45,True,False,False,ACC,SEC,fbs,fbs,
13,regular,2021-11-27 17:00:00+00:00,Holy Cross,Sacred Heart,13,10,True,False,False,Patriot,NEC,fcs,fcs,FCS Championship - First Round
13,regular,2021-11-27 17:30:00+00:00,Duke,Miami,10,47,True,False,True,ACC,ACC,fbs,fbs,
13,regular,2021-11-27 18:00:00+00:00,Valdosta State,West Georgia,66,35,True,False,True,Gulf South,Gulf South,ii,ii,Division II Championship - Second Round
13,regular,2021-11-27 18:00:00+00:00,Rice,Louisiana Tech,35,31,True,False,True,Conference USA,Conference USA,fbs,fbs,
13,regular,2021-11-27 18:00:00+00:00,Ferris State,Grand Valley State,54,20,True,False,True,GLIAC,GLIAC,ii,ii,Division II Championship - Second Round
13,regular,2021-11-27 18:00:00+00:00,Kutztown,New Haven,10,7,True,False,False,Pennsylvania State Athletic,Northeast 10,ii,ii,Division II Championship - Second Round
13,regular,2021-11-27 18:00:00+00:00,Shepherd,Notre Dame College,38,34,True,False,False,Pennsylvania State Athletic,Mountain East,ii,ii,Division II Championship - Second Round
13,regular,2021-11-27 18:00:00+00:00,Bowie State,Newberry,13,10,True,False,False,CIAA,South Atlantic,ii,ii,Division II Championship - Second Round
13,regular,2021-11-27 19:00:00+00:00,Kennesaw State,Davidson,48,21,True,False,False,Big South,Pioneer,fcs,fcs,FCS Championship - First Round
13,regular,2021-11-27 19:00:00+00:00,Harding,Northwest Missouri State,9,28,True,False,False,Great American,Mid America,ii,ii,Division II Championship - Second Round
13,regular,2021-11-27 19:00:00+00:00,Angelo State,Nebraska Kearney,20,7,True,False,False,Lone Star,Mid America,ii,ii,Division II Championship - Second Round
13,regular,2021-11-27 19:00:00+00:00,North Texas,UTSA,45,23,True,False,True,Conference USA,Conference USA,fbs,fbs,
13,regular,2021-11-27 19:00:00+00:00,Georgia State,Troy,37,10,True,False,True,Sun Belt,Sun Belt,fbs,fbs,
13,regular,2021-11-27 19:00:00+00:00,Arkansas State,Texas State,22,24,True,False,True,Sun Belt,Sun Belt,fbs,fbs,
13,regular,2021-11-27 19:00:00+00:00,Old Dominion,Charlotte,56,34,True,False,True,Conference USA,Conference USA,fbs,fbs,
13,regular,2021-11-27 19:30:00+00:00,App State,Georgia Southern,27,3,True,False,True,Sun Belt,Sun Belt,fbs,fbs,
13,regular,2021-11-27 20:00:00+00:00,New Mexico State,Massachusetts,44,27,True,False,False,FBS Independents,FBS Independents,fbs,fbs,
13,regular,2021-11-27 20:00:00+00:00,Wyoming,Hawai'i,14,38,True,False,True,Mountain West,Mountain West,fbs,fbs,
13,regular,2021-11-27 20:00:00+00:00,Southern Miss,Florida International,37,17,True,False,True,Conference USA,Conference USA,fbs,fbs,
13,regular,2021-11-27 20:00:00+00:00,Incarnate Word,Stephen F. Austin,35,28,True,False,False,Southland,Western Athletic,fcs,fcs,FCS Championship - First Round
13,regular,2021-11-27 20:00:00+00:00,Prairie View A&M,Mississippi Valley State,19,24,True,False,True,SWAC,SWAC,fcs,fcs,
13,regular,2021-11-27 20:00:00+00:00,Colorado School of Mines,Bemidji State,55,6,True,False,False,Rocky Mountain,Northern Sun,ii,ii,Division II Championship - Second Round
13,regular,2021-11-27 20:00:00+00:00,South Dakota State,UC Davis,56,24,True,False,False,MVFC,Big Sky,fcs,fcs,FCS Championship - First Round
13,regular,2021-11-27 20:30:00+00:00,Illinois,Northwestern,47,14,True,False,True,Big Ten,Big Ten,fbs,fbs,
13,regular,2021-11-27 20:30:00+00:00,Michigan State,Penn State,30,27,True,False,True,Big Ten,Big Ten,fbs,fbs,
13,regular,2021-11-27 20:30:00+00:00,Auburn,Alabama,22,24,True,False,True,SEC,SEC,fbs,fbs,
13,regular,2021-11-27 20:30:00+00:00,Marshall,Western Kentucky,21,53,True,False,True,Conference USA,Conference USA,fbs,fbs,
13,regular,2021-11-27 20:30:00+00:00,Oregon,Oregon State,38,29,True,False,True,Pac-12,Pac-12,fbs,fbs,
13,regular,2021-11-27 20:30:00+00:00,Purdue,Indiana,44,7,True,False,True,Big Ten,Big Ten,fbs,fbs,
13,regular,2021-11-27 20:45:00+00:00,Tennessee,Vanderbilt,45,21,True,False,True,SEC,SEC,fbs,fbs,
13,regular,2021-11-27 20:45:00+00:00,Virginia,Virginia Tech,24,29,True,False,True,ACC,ACC,fbs,fbs,
13,regular,2021-11-27 21:00:00+00:00,SMU,Tulsa,31,34,True,False,True,American Athletic,American Athletic,fbs,fbs,
13,regular,2021-11-27 21:00:00+00:00,Minnesota,Wisconsin,23,13,True,False,True,Big Ten,Big Ten,fbs,fbs,
13,regular,2021-11-27 21:00:00+00:00,Louisiana,UL Monroe,21,16,True,False,True,Sun Belt,Sun Belt,fbs,fbs,
13,regular,2021-11-27 21:00:00+00:00,Arizona State,Arizona,38,15,True,False,True,Pac-12,Pac-12,fbs,fbs,
13,regular,2021-11-27 21:00:00+00:00,Eastern Washington,Northern Iowa,19,9,True,False,False,Big Sky,MVFC,fcs,fcs,FCS Championship - First Round
13,regular,2021-11-27 21:00:00+00:00,Missouri State,UT Martin,31,32,True,False,False,MVFC,OVC,fcs,fcs,FCS Championship - First Round
13,regular,2021-11-27 22:00:00+00:00,Grambling,Southern,29,26,True,True,True,SWAC,SWAC,fcs,fcs,
13,regular,2021-11-27 23:00:00+00:00,South Dakota,Southern Illinois,10,22,True,False,True,MVFC,MVFC,fcs,fcs,FCS Championship - First Round
13,regular,2021-11-28 00:00:00+00:00,SE Louisiana,Florida A&M,38,14,True,False,False,Southland,SWAC,fcs,fcs,FCS Championship - First Round
13,regular,2021-11-28 00:00:00+00:00,LSU,Texas A&M,27,24,True,False,True,SEC,SEC,fbs,fbs,
13,regular,2021-11-28 00:00:00+00:00,Florida Atlantic,Middle Tennessee,17,27,True,False,True,Conference USA,Conference USA,fbs,fbs,
13,regular,2021-11-28 00:00:00+00:00,Kansas,West Virginia,28,34,True,False,True,Big 12,Big 12,fbs,fbs,
13,regular,2021-11-28 00:30:00+00:00,Oklahoma State,Oklahoma,37,33,True,False,True,Big 12,Big 12,fbs,fbs,
13,regular,2021-11-28 00:30:00+00:00,Memphis,Tulane,33,28,True,False,True,American Athletic,American Athletic,fbs,fbs,
13,regular,2021-11-28 00:30:00+00:00,Louisville,Kentucky,21,52,True,False,False,ACC,SEC,fbs,fbs,
13,regular,2021-11-28 00:30:00+00:00,Syracuse,Pittsburgh,14,31,True,False,True,ACC,ACC,fbs,fbs,
13,regular,2021-11-28 00:30:00+00:00,South Carolina,Clemson,0,30,True,False,False,SEC,ACC,fbs,fbs,
13,regular,2021-11-28 01:00:00+00:00,Stanford,Notre Dame,14,45,True,False,False,Pac-12,FBS Independents,fbs,fbs,
13,regular,2021-11-28 02:00:00+00:00,Colorado State,Nevada,10,52,True,False,True,Mountain West,Mountain West,fbs,fbs,
13,regular,2021-11-28 03:30:00+00:00,UCLA,California,42,14,True,False,True,Pac-12,Pac-12,fbs,fbs,
13,regular,2021-11-28 03:30:00+00:00,USC,BYU,31,35,True,False,False,Pac-12,FBS Independents,fbs,fbs,
14,regular,2021-12-04 00:00:00+00:00,UTSA,Western Kentucky,49,41,True,False,True,Conference USA,Conference USA,fbs,fbs,
14,regular,2021-12-04 00:00:00+00:00,Villanova,Holy Cross,21,16,True,False,False,CAA,Patriot,fcs,fcs,FCS Championship - Second Round
14,regular,2021-12-04 01:00:00+00:00,Utah,Oregon,38,10,True,True,True,Pac-12,Pac-12,fbs,fbs,
14,regular,2021-12-04 02:00:00+00:00,Montana,Eastern Washington,57,41,True,False,True,Big Sky,Big Sky,fcs,fcs,FCS Championship - Second Round
14,regular,2021-12-04 17:00:00+00:00,Oklahoma State,Baylor,16,21,True,True,True,Big 12,Big 12,fbs,fbs,
14,regular,2021-12-04 17:00:00+00:00,Northern Illinois,Kent State,41,23,True,True,True,Mid-American,Mid-American,fbs,fbs,
14,regular,2021-12-04 17:05:00+00:00,Kutztown,Shepherd,28,30,True,False,True,Pennsylvania State Athletic,Pennsylvania State Athletic,ii,ii,Division II Championship - Quarterfinal
14,regular,2021-12-04 18:00:00+00:00,Valdosta State,Bowie State,41,17,True,False,False,Gulf South,CIAA,ii,ii,Division II Championship - Quarterfinal
14,regular,2021-12-04 18:00:00+00:00,Ferris State,Northwest Missouri State,41,20,True,False,False,GLIAC,Mid America,ii,ii,Division II Championship - Quarterfinal
14,regular,2021-12-04 19:00:00+00:00,East Tennessee State,Kennesaw State,32,31,True,False,False,Southern,Big South,fcs,fcs,FCS Championship - Second Round
14,regular,2021-12-04 19:05:00+00:00,Colorado School of Mines,Angelo State,34,26,True,False,False,Rocky Mountain,Lone Star,ii,ii,Division II Championship - Quarterfinal
14,regular,2021-12-04 20:00:00+00:00,San Diego State,Utah State,13,46,True,False,True,Mountain West,Mountain West,fbs,fbs,
14,regular,2021-12-04 20:00:00+00:00,Sam Houston,Incarnate Word,49,42,True,False,False,AWC,Southland,fcs,fcs,FCS Championship - Second Round
14,regular,2021-12-04 20:30:00+00:00,North Dakota State,Southern Illinois,38,7,True,False,True,MVFC,MVFC,fcs,fcs,FCS Championship - Second Round
14,regular,2021-12-04 20:30:00+00:00,Louisiana,App State,24,16,True,False,True,Sun Belt,Sun Belt,fbs,fbs,
14,regular,2021-12-04 21:00:00+00:00,Alabama,Georgia,41,24,True,True,True,SEC,SEC,fbs,fbs,
14,regular,2021-12-04 21:00:00+00:00,Cincinnati,Houston,35,20,True,False,True,American Athletic,American Athletic,fbs,fbs,
14,regular,2021-12-04 21:00:00+00:00,Montana State,UT Martin,26,7,True,False,False,Big Sky,OVC,fcs,fcs,FCS Championship - Second Round
14,regular,2021-12-04 21:10:00+00:00,Jackson State,Prairie View A&M,27,10,True,False,True,SWAC,SWAC,fcs,fcs,SWAC Championship Game
14,regular,2021-12-05 01:00:00+00:00,Iowa,Michigan,3,42,True,True,True,Big Ten,Big Ten,fbs,fbs,
14,regular,2021-12-05 01:00:00+00:00,Wake Forest,Pittsburgh,21,45,True,True,True,ACC,ACC,fbs,fbs,
14,regular,2021-12-05 02:00:00+00:00,Sacramento State,South Dakota State,19,24,True,False,False,Big Sky,MVFC,fcs,fcs,FCS Championship - Second Round
14,regular,2021-12-05 04:00:00+00:00,California,USC,24,14,True,False,True,Pac-12,Pac-12,fbs,fbs,
15,regular,2021-12-11 17:00:00+00:00,North Dakota State,East Tennessee State,27,3,True,False,False,MVFC,Southern,fcs,fcs,FCS Championship - Quarterfinals
15,regular,2021-12-11 17:00:00+00:00,Valdosta State,Colorado School of Mines,34,31,True,False,False,Gulf South,Rocky Mountain,ii,ii,Division II Championship - Semifinal
15,regular,2021-12-11 19:00:00+00:00,Villanova,South Dakota State,21,35,True,False,False,CAA,MVFC,fcs,fcs,FCS Championship - Quarterfinals
15,regular,2021-12-11 20:00:00+00:00,Army,Navy,13,17,True,False,False,FBS Independents,American Athletic,fbs,fbs,
15,regular,2021-12-11 20:30:00+00:00,Ferris State,Shepherd,55,7,True,False,False,GLIAC,Pennsylvania State Athletic,ii,ii,Division II Championship - Semifinal
15,regular,2021-12-12 01:30:00+00:00,Sam Houston,Montana State,19,42,True,False,False,AWC,Big Sky,fcs,fcs,FCS Championship - Quarterfinals
1,postseason,2021-12-04 19:00:00+00:00,James Madison,SE Louisiana,59,20,True,False,False,CAA,Southland,fcs,fcs,FCS Championship - Second Round
1,postseason,2021-12-11 00:00:00+00:00,James Madison,Montana,28,6,True,False,False,CAA,Big Sky,fcs,fcs,FCS Championship - Quarterfinals
1,postseason,2021-12-17 17:00:00+00:00,Toledo,Middle Tennessee,24,31,True,True,False,Mid-American,Conference USA,fbs,fbs,Bahamas Bowl
1,postseason,2021-12-17 23:00:00+00:00,Coastal Carolina,Northern Illinois,47,41,True,True,False,Sun Belt,Mid-American,fbs,fbs,Tailgreeter Cure Bowl
1,postseason,2021-12-18 00:00:00+00:00,North Central College,Mary Hardin Baylor,24,57,True,True,False,CCIW,American Southwest,iii,iii,
1,postseason,2021-12-18 02:15:00+00:00,North Dakota State,James Madison,20,14,True,False,False,MVFC,CAA,fcs,fcs,
1,postseason,2021-12-18 16:00:00+00:00,App State,Western Kentucky,38,59,True,True,False,Sun Belt,Conference USA,fbs,fbs,RoofClaim.com Boca Raton Bowl
1,postseason,2021-12-18 17:00:00+00:00,Jackson State,South Carolina State,10,31,True,True,False,SWAC,MEAC,fcs,fcs,
1,postseason,2021-12-18 19:00:00+00:00,Montana State,South Dakota State,31,17,True,False,False,Big Sky,MVFC,fcs,fcs,
1,postseason,2021-12-18 19:15:00+00:00,Fresno State,UTEP,31,24,True,True,False,Mountain West,Conference USA,fbs,fbs,PUBG Mobile New Mexico Bowl
1,postseason,2021-12-18 20:30:00+00:00,BYU,UAB,28,31,True,True,False,FBS Independents,Conference USA,fbs,fbs,Radiance Technologies Independence Bowl
1,postseason,2021-12-18 22:45:00+00:00,Liberty,Eastern Michigan,56,20,True,True,False,FBS Independents,Mid-American,fbs,fbs,LendingTree Bowl
1,postseason,2021-12-19 00:30:00+00:00,Oregon State,Utah State,13,24,True,True,False,Pac-12,Mountain West,fbs,fbs,Jimmy Kimmel LA Bowl Presented by Stifel
1,postseason,2021-12-19 02:00:00+00:00,Ferris State,Valdosta State,58,17,True,True,False,GLIAC,Gulf South,ii,ii,
1,postseason,2021-12-19 02:15:00+00:00,Marshall,Louisiana,21,36,True,True,False,Conference USA,Sun Belt,fbs,fbs,R+L Carriers New Orleans Bowl
1,postseason,2021-12-20 19:30:00+00:00,Tulsa,Old Dominion,30,17,True,True,False,American Athletic,Conference USA,fbs,fbs,Myrtle Beach Bowl Pres. by TaxAct
1,postseason,2021-12-21 20:30:00+00:00,Wyoming,Kent State,52,38,True,True,False,Mountain West,Mid-American,fbs,fbs,Famous Idaho Potato Bowl
1,postseason,2021-12-22 00:30:00+00:00,San Diego State,UTSA,38,24,True,True,False,Mountain West,Conference USA,fbs,fbs,Tropical Smoothie Cafe Frisco Bowl
1,postseason,2021-12-23 01:00:00+00:00,Army,Missouri,24,22,True,True,False,FBS Independents,SEC,fbs,fbs,Lockheed Martin Armed Forces Bowl
1,postseason,2021-12-23 20:30:00+00:00,Miami (OH),North Texas,27,14,True,True,False,Mid-American,Conference USA,fbs,fbs,Frisco Football Classic
1,postseason,2021-12-24 00:00:00+00:00,Florida,UCF,17,29,True,True,False,SEC,American Athletic,fbs,fbs,Union Home Mortgage Gasparilla Bowl
1,postseason,2021-12-25 19:30:00+00:00,Ball State,Georgia State,20,51,True,True,False,Mid-American,Sun Belt,fbs,fbs,TaxAct Camellia Bowl
1,postseason,2021-12-27 16:00:00+00:00,Nevada,Western Michigan,24,52,True,True,False,Mountain West,Mid-American,fbs,fbs,Quick Lane Bowl
1,postseason,2021-12-28 17:00:00+00:00,Auburn,Houston,13,17,True,True,False,SEC,American Athletic,fbs,fbs,TicketSmarter Birmingham Bowl
1,postseason,2021-12-28 20:15:00+00:00,Louisville,Air Force,28,31,True,True,False,ACC,Mountain West,fbs,fbs,SERVPRO First Responder Bowl
1,postseason,2021-12-28 23:45:00+00:00,Texas Tech,Mississippi State,34,7,True,True,False,Big 12,SEC,fbs,fbs,AutoZone Liberty Bowl
1,postseason,2021-12-29 03:15:00+00:00,Minnesota,West Virginia,18,6,True,True,False,Big Ten,Big 12,fbs,fbs,Guaranteed Rate Bowl
1,postseason,2021-12-29 19:15:00+00:00,Virginia Tech,Maryland,10,54,True,True,False,ACC,Big Ten,fbs,fbs,New Era Pinstripe Bowl
1,postseason,2021-12-29 22:45:00+00:00,Iowa State,Clemson,13,20,True,True,False,Big 12,ACC,fbs,fbs,Cheez-It Bowl
1,postseason,2021-12-30 02:15:00+00:00,Oklahoma,Oregon,47,32,True,True,False,Big 12,Pac-12,fbs,fbs,Valero Alamo Bowl
1,postseason,2021-12-30 16:30:00+00:00,South Carolina,North Carolina,38,21,True,True,False,SEC,ACC,fbs,fbs,Duke's Mayo Bowl
1,postseason,2021-12-30 20:00:00+00:00,Purdue,Tennessee,48,45,True,True,False,Big Ten,SEC,fbs,fbs,TransPerfect Music City Bowl
1,postseason,2021-12-31 00:00:00+00:00,Michigan State,Pittsburgh,31,21,True,True,False,Big Ten,ACC,fbs,fbs,Chick-fil-A Peach Bowl
1,postseason,2021-12-31 03:30:00+00:00,Arizona State,Wisconsin,13,20,True,True,False,Pac-12,Big Ten,fbs,fbs,SRS Distribution Las Vegas Bowl
1,postseason,2021-12-31 16:00:00+00:00,Rutgers,Wake Forest,10,38,True,True,False,Big Ten,ACC,fbs,fbs,TaxSlayer Gator Bowl
1,postseason,2021-12-31 17:00:00+00:00,Central Michigan,Washington State,24,21,True,True,False,Mid-American,Pac-12,fbs,fbs,Tony the Tiger Sun Bowl
1,postseason,2021-12-31 20:30:00+00:00,Alabama,Cincinnati,27,6,True,True,False,SEC,American Athletic,fbs,fbs,CFP Semifinal at the Goodyear Cotton Bowl Classic
1,postseason,2022-01-01 00:30:00+00:00,Michigan,Georgia,11,34,True,True,False,Big Ten,SEC,fbs,fbs,CFP Semifinal at the Capital One Orange Bowl
1,postseason,2022-01-01 17:00:00+00:00,Arkansas,Penn State,24,10,True,True,False,SEC,Big Ten,fbs,fbs,Outback Bowl
1,postseason,2022-01-01 18:00:00+00:00,Kentucky,Iowa,20,17,True,True,False,SEC,Big Ten,fbs,fbs,Vrbo Citrus Bowl
1,postseason,2022-01-01 18:00:00+00:00,Notre Dame,Oklahoma State,35,37,True,True,False,FBS Independents,Big 12,fbs,fbs,PlayStation Fiesta Bowl
1,postseason,2022-01-01 22:00:00+00:00,Ohio State,Utah,48,45,True,True,False,Big Ten,Pac-12,fbs,fbs,Rose Bowl Game Pres. by Capital One Venture X
1,postseason,2022-01-02 01:45:00+00:00,Ole Miss,Baylor,7,21,True,True,False,SEC,Big 12,fbs,fbs,Allstate Sugar Bowl
1,postseason,2022-01-05 02:00:00+00:00,Kansas State,LSU,42,20,True,True,False,Big 12,SEC,fbs,fbs,TaxAct Texas Bowl
1,postseason,2022-01-08 17:00:00+00:00,North Dakota State,Montana State,38,10,True,True,False,MVFC,Big Sky,fcs,fcs,
1,postseason,2022-01-11 01:00:00+00:00,Alabama,Georgia,18,33,True,True,False,SEC,SEC,fbs,fbs,CFP National Championship pres. by AT&T
