week,season_type,start_date,home_team,away_team,home_points,away_points,completed,neutral_site,conference_game,home_conference,away_conference,home_classification,away_classification,notes
1,regular,2024-08-24 04:00:00+00:00,Lincoln (CA),College of Idaho,7,45,True,True,False,Independent DII,,ii,,
1,regular,2024-08-24 16:00:00+00:00,Georgia Tech,Florida State,24,21,True,True,True,ACC,ACC,fbs,fbs,Aer Lingus College Football Classic
1,regular,2024-08-24 19:30:00+00:00,Tarleton State,McNeese,26,23,True,False,False,UAC,Southland,fcs,fcs,
1,regular,2024-08-24 20:00:00+00:00,New Mexico,Montana State,31,35,True,False,False,Mountain West,Big Sky,fbs,fcs,
1,regular,2024-08-24 23:00:00+00:00,Southeast Missouri State,North Alabama,37,15,True,True,False,Big South-OVC,UAC,fcs,fcs,FCS Kickoff
1,regular,2024-08-24 23:30:00+00:00,Norfolk State,Florida A&M,23,24,True,True,False,MEAC,SWAC,fcs,fcs,Cricket MEAC/SWAC Challenge Kickoff
1,regular,2024-08-25 00:00:00+00:00,Nevada,SMU,24,29,True,False,False,Mountain West,ACC,fbs,fbs,
1,regular,2024-08-25 03:59:00+00:00,Hawai'i,Delaware State,35,14,True,False,False,Mountain West,MEAC,fbs,fcs,
1,regular,2024-08-29 04:00:00+00:00,Sul Ross State,West Texas,21,42,True,False,True,Lone Star,Lone Star,ii,ii,
1,regular,2024-08-29 22:00:00+00:00,Villanova,Youngstown State,24,17,True,False,False,Coastal Athletic,MVFC,fcs,fcs,
1,regular,2024-08-29 22:00:00+00:00,Rutgers,Howard,44,7,True,False,False,Big Ten,MEAC,fbs,fcs,
1,regular,2024-08-29 22:00:00+00:00,Morehead State,Central State,17,10,True,False,False,Pioneer,SIAC,fcs,ii,
1,regular,2024-08-29 22:00:00+00:00,Carson Newman,Reinhardt,50,7,True,False,False,South Atlantic,,ii,,
1,regular,2024-08-29 22:00:00+00:00,Northern Michigan,Minnesota Duluth,7,35,True,False,False,GLIAC,Northern Sun,ii,ii,
1,regular,2024-08-29 23:00:00+00:00,Mars Hill,Delta State,16,47,True,False,False,South Atlantic,Gulf South,ii,ii,
1,regular,2024-08-29 23:00:00+00:00,Millersville,Clarion,7,36,True,False,True,Pennsylvania State Athletic,Pennsylvania State Athletic,ii,ii,
1,regular,2024-08-29 23:00:00+00:00,Bemidji State,Michigan Tech,19,13,True,False,False,Northern Sun,GLIAC,ii,ii,
1,regular,2024-08-29 23:00:00+00:00,Bowling Green,Fordham,41,17,True,False,False,Mid-American,Patriot,fbs,fcs,
1,regular,2024-08-29 23:00:00+00:00,Northwest Missouri State,Minnesota State,22,36,True,False,False,Mid America,Northern Sun,ii,ii,
1,regular,2024-08-29 23:00:00+00:00,Minot State,Valley City State,38,7,True,False,False,Northern Sun,,ii,,
1,regular,2024-08-29 23:00:00+00:00,Edinboro,East Stroudsburg,12,24,True,False,True,Pennsylvania State Athletic,Pennsylvania State Athletic,ii,ii,
1,regular,2024-08-29 23:00:00+00:00,Fairmont State,Seton Hill,56,24,True,False,False,Mountain East,Pennsylvania State Athletic,ii,ii,
1,regular,2024-08-29 23:00:00+00:00,Wayne State (NE),Missouri S&T,49,17,True,False,False,Northern Sun,Great Lakes,ii,ii,
1,regular,2024-08-29 23:00:00+00:00,Central Michigan,Central Connecticut,66,10,True,False,False,Mid-American,NEC,fbs,fcs,
1,regular,2024-08-29 23:00:00+00:00,University of Mary,Jamestown,23,6,True,False,False,Northern Sun,,ii,,
1,regular,2024-08-29 23:00:00+00:00,Buffalo,Lafayette,30,13,True,False,False,Mid-American,Patriot,fbs,fcs,
1,regular,2024-08-29 23:00:00+00:00,Northeastern State,Missouri Western,31,33,True,False,False,Independent DII,Mid America,ii,ii,
1,regular,2024-08-29 23:00:00+00:00,Wheeling,Mercyhurst,25,28,True,False,False,Mountain East,NEC,ii,fcs,
1,regular,2024-08-29 23:00:00+00:00,UL Monroe,Jackson State,30,14,True,False,False,Sun Belt,SWAC,fbs,fcs,
1,regular,2024-08-29 23:00:00+00:00,Wake Forest,North Carolina A&T,45,13,True,False,False,ACC,Coastal Athletic,fbs,fcs,
1,regular,2024-08-29 23:00:00+00:00,Delaware,Bryant,48,17,True,False,True,CAA,Coastal Athletic,fcs,fcs,
1,regular,2024-08-29 23:00:00+00:00,NC State,Western Carolina,38,21,True,False,False,ACC,Southern,fbs,fcs,
1,regular,2024-08-29 23:00:00+00:00,William & Mary,VMI,41,7,True,False,False,Coastal Athletic,Southern,fcs,fcs,
1,regular,2024-08-29 23:00:00+00:00,Mercer,Presbyterian,63,10,True,False,False,Southern,Pioneer,fcs,fcs,
1,regular,2024-08-29 23:00:00+00:00,UCF,New Hampshire,57,3,True,False,False,Big 12,Coastal Athletic,fbs,fcs,
1,regular,2024-08-29 23:00:00+00:00,Gardner-Webb,Wofford,20,21,True,False,False,Big South-OVC,Southern,fcs,fcs,
1,regular,2024-08-29 23:00:00+00:00,West Liberty,Walsh,21,41,True,False,False,Mountain East,Great Midwest Athletic,ii,ii,
1,regular,2024-08-29 23:30:00+00:00,Arkansas,Arkansas-Pine Bluff,70,0,True,True,False,SEC,SWAC,fbs,fcs,
1,regular,2024-08-29 23:30:00+00:00,Drake,Quincy,0,0,True,False,False,Pioneer,Great Lakes,fcs,ii,
1,regular,2024-08-29 23:30:00+00:00,Toledo,Duquesne,49,10,True,False,False,Mid-American,NEC,fbs,fcs,
1,regular,2024-08-30 00:00:00+00:00,Tulane,SE Louisiana,52,0,True,False,False,American Athletic,Southland,fbs,fcs,
1,regular,2024-08-30 00:00:00+00:00,UAB,Alcorn State,41,3,True,False,False,American Athletic,SWAC,fbs,fcs,
1,regular,2024-08-30 00:00:00+00:00,Minnesota,North Carolina,17,19,True,False,False,Big Ten,ACC,fbs,fbs,
1,regular,2024-08-30 00:00:00+00:00,Jacksonville State,Coastal Carolina,27,55,True,False,False,Conference USA,Sun Belt,fbs,fbs,
1,regular,2024-08-30 00:00:00+00:00,Chadron State,Nebraska Kearney,6,18,True,False,False,Rocky Mountain,Mid America,ii,ii,
1,regular,2024-08-30 00:00:00+00:00,Tulsa,Northwestern State,62,28,True,False,False,American Athletic,Southland,fbs,fcs,
1,regular,2024-08-30 00:00:00+00:00,Fort Hays,Angelo State,21,7,True,False,False,Mid America,Lone Star,ii,ii,
1,regular,2024-08-30 00:00:00+00:00,Texas A&M-Kingsville,Colorado Mesa,13,16,True,False,False,Lone Star,Rocky Mountain,ii,ii,
1,regular,2024-08-30 00:00:00+00:00,Midwestern State,Missouri Southern State,18,11,True,False,False,Lone Star,Mid America,ii,ii,
1,regular,2024-08-30 00:00:00+00:00,New Mexico Highlands,Eastern New Mexico,37,63,True,False,False,Rocky Mountain,Lone Star,ii,ii,
1,regular,2024-08-30 00:00:00+00:00,St. Thomas (MN),Sioux Falls,13,34,True,False,False,Pioneer,Northern Sun,fcs,ii,
1,regular,2024-08-30 00:00:00+00:00,South Dakota,Northern State,45,3,True,False,False,MVFC,Northern Sun,fcs,ii,
1,regular,2024-08-30 00:00:00+00:00,Colorado,North Dakota State,31,26,True,False,False,Big 12,MVFC,fbs,fcs,
1,regular,2024-08-30 00:00:00+00:00,South Dakota Mines,CSU Pueblo,6,35,True,False,True,Rocky Mountain,Rocky Mountain,ii,ii,
1,regular,2024-08-30 00:00:00+00:00,Kansas,Lindenwood,48,3,True,True,False,Big 12,Big South-OVC,fbs,fcs,
1,regular,2024-08-30 00:00:00+00:00,Stephen F. Austin,North American,77,0,True,False,False,Southland,,fcs,,
1,regular,2024-08-30 00:00:00+00:00,Missouri,Murray State,51,0,True,False,False,SEC,MVFC,fbs,fcs,
1,regular,2024-08-30 00:00:00+00:00,Emporia State,Washburn,30,14,True,False,True,Mid America,Mid America,ii,ii,
1,regular,2024-08-30 01:00:00+00:00,Utah,Southern Utah,49,0,True,False,False,Big 12,UAC,fbs,fcs,
1,regular,2024-08-30 01:00:00+00:00,Eastern Washington,Monmouth,42,27,True,False,False,Big Sky,Coastal Athletic,fcs,fcs,
1,regular,2024-08-30 01:00:00+00:00,Illinois,Eastern Illinois,45,0,True,False,False,Big Ten,Big South-OVC,fbs,fcs,
1,regular,2024-08-30 02:00:00+00:00,San José State,Sacramento State,42,24,True,False,False,Mountain West,Big Sky,fbs,fcs,
1,regular,2024-08-30 22:00:00+00:00,Army,Lehigh,42,7,True,False,False,American Athletic,Patriot,fbs,fcs,
1,regular,2024-08-30 23:00:00+00:00,Michigan State,Florida Atlantic,16,10,True,False,False,Big Ten,American Athletic,fbs,fbs,
1,regular,2024-08-30 23:00:00+00:00,Oklahoma,Temple,51,3,True,False,False,SEC,American Athletic,fbs,fbs,
1,regular,2024-08-30 23:00:00+00:00,Maine,Colgate,17,14,True,False,False,Coastal Athletic,Patriot,fcs,fcs,
1,regular,2024-08-30 23:30:00+00:00,Duke,Elon,26,3,True,False,False,ACC,Coastal Athletic,fbs,fcs,
1,regular,2024-08-31 01:00:00+00:00,Wisconsin,Western Michigan,28,14,True,False,False,Big Ten,Mid-American,fbs,fbs,
1,regular,2024-08-31 02:30:00+00:00,Stanford,TCU,27,34,True,False,False,ACC,Big 12,fbs,fbs,
1,regular,2024-08-31 04:00:00+00:00,Utah State,Robert Morris,36,14,True,False,False,Mountain West,NEC,fbs,fcs,
1,regular,2024-08-31 16:00:00+00:00,Georgia,Clemson,34,3,True,True,False,SEC,ACC,fbs,fbs,Aflac Kickoff
1,regular,2024-08-31 16:00:00+00:00,Vanderbilt,Virginia Tech,34,27,True,False,False,SEC,ACC,fbs,fbs,
1,regular,2024-08-31 16:00:00+00:00,Navy,Bucknell,49,21,True,False,False,American Athletic,Patriot,fbs,fcs,
1,regular,2024-08-31 16:00:00+00:00,West Virginia,Penn State,12,34,True,False,False,Big 12,Big Ten,fbs,fbs,
1,regular,2024-08-31 16:00:00+00:00,Maryland,UConn,50,7,True,False,False,Big Ten,FBS Independents,fbs,fbs,
1,regular,2024-08-31 16:00:00+00:00,Pittsburgh,Kent State,55,24,True,False,False,ACC,Mid-American,fbs,fbs,
1,regular,2024-08-31 16:00:00+00:00,Dayton,Saint Francis,18,10,True,False,False,Pioneer,NEC,fcs,fcs,
1,regular,2024-08-31 16:00:00+00:00,Wagner,Virginia Lynchburg,46,7,True,False,False,NEC,,fcs,,
1,regular,2024-08-31 16:00:00+00:00,Iowa,Illinois State,40,0,True,False,False,Big Ten,MVFC,fbs,fcs,
1,regular,2024-08-31 16:00:00+00:00,Purdue,Indiana State,49,0,True,False,False,Big Ten,MVFC,fbs,fcs,
1,regular,2024-08-31 16:00:00+00:00,Louisville,Austin Peay,62,0,True,False,False,ACC,UAC,fbs,fcs,
1,regular,2024-08-31 16:30:00+00:00,Georgetown,Davidson,46,24,True,False,False,Patriot,Pioneer,fcs,fcs,
1,regular,2024-08-31 16:45:00+00:00,Tennessee,Chattanooga,69,3,True,False,False,SEC,Southern,fbs,fcs,
1,regular,2024-08-31 17:00:00+00:00,Post,West Virginia Wesleyan,41,24,True,True,False,Northeast 10,Mountain East,ii,ii,
1,regular,2024-08-31 17:00:00+00:00,Shaw,Elizabeth City State,17,13,True,False,True,CIAA,CIAA,ii,ii,
1,regular,2024-08-31 17:00:00+00:00,Butler,Upper Iowa,40,7,True,False,False,Pioneer,Great Lakes,fcs,ii,
1,regular,2024-08-31 17:00:00+00:00,Fort Valley State,Clark Atlanta,42,45,True,False,True,SIAC,SIAC,ii,ii,
1,regular,2024-08-31 17:00:00+00:00,Emory & Henry,Glenville State,38,7,True,False,False,South Atlantic,Mountain East,ii,ii,
1,regular,2024-08-31 17:00:00+00:00,Bluefield State,Winston-Salem State,3,34,True,False,True,CIAA,CIAA,ii,ii,
1,regular,2024-08-31 18:00:00+00:00,Oklahoma State,South Dakota State,44,20,True,False,False,Big 12,MVFC,fbs,fcs,
1,regular,2024-08-31 18:30:00+00:00,Cincinnati,Towson,38,20,True,False,False,Big 12,Coastal Athletic,fbs,fcs,
1,regular,2024-08-31 19:00:00+00:00,Erskine,St. Andrews,52,0,True,False,False,Gulf South,,ii,,
1,regular,2024-08-31 19:00:00+00:00,Washington State,Portland State,70,30,True,False,False,Pac-12,Big Sky,fbs,fcs,
1,regular,2024-08-31 19:00:00+00:00,Kentucky State,Virginia Union,7,69,True,False,False,SIAC,CIAA,ii,ii,
1,regular,2024-08-31 19:00:00+00:00,Morehouse,Edward Waters,11,28,True,False,True,SIAC,SIAC,ii,ii,
1,regular,2024-08-31 19:30:00+00:00,Syracuse,Ohio,38,22,True,False,False,ACC,Mid-American,fbs,fbs,
1,regular,2024-08-31 19:30:00+00:00,Northern Illinois,Western Illinois,54,15,True,False,False,Mid-American,Big South-OVC,fbs,fcs,
1,regular,2024-08-31 19:30:00+00:00,Texas,Colorado State,52,0,True,False,False,SEC,Mountain West,fbs,fbs,
1,regular,2024-08-31 19:30:00+00:00,UTSA,Kennesaw State,28,16,True,False,False,American Athletic,Conference USA,fbs,fbs,
1,regular,2024-08-31 19:30:00+00:00,Air Force,Merrimack,21,6,True,False,False,Mountain West,FCS Independents,fbs,fcs,
1,regular,2024-08-31 19:30:00+00:00,Northwestern,Miami (OH),13,6,True,True,False,Big Ten,Mid-American,fbs,fbs,
1,regular,2024-08-31 19:30:00+00:00,Florida,Miami,17,41,True,False,False,SEC,ACC,fbs,fbs,
1,regular,2024-08-31 19:30:00+00:00,App State,East Tennessee State,38,10,True,False,False,Sun Belt,Southern,fbs,fcs,
1,regular,2024-08-31 19:30:00+00:00,Iowa State,North Dakota,21,3,True,False,False,Big 12,MVFC,fbs,fcs,
1,regular,2024-08-31 19:30:00+00:00,Massachusetts,Eastern Michigan,14,28,True,False,False,FBS Independents,Mid-American,fbs,fbs,
1,regular,2024-08-31 19:30:00+00:00,Ohio State,Akron,52,6,True,False,False,Big Ten,Mid-American,fbs,fbs,
1,regular,2024-08-31 19:30:00+00:00,Nebraska,UTEP,40,7,True,False,False,Big Ten,Conference USA,fbs,fbs,
1,regular,2024-08-31 19:30:00+00:00,Indiana,Florida International,31,7,True,False,False,Big Ten,Conference USA,fbs,fbs,
1,regular,2024-08-31 20:00:00+00:00,Fort Lewis,William Jewell,20,35,True,False,False,Rocky Mountain,Great Lakes,ii,ii,
1,regular,2024-08-31 20:00:00+00:00,Northern Arizona,Lincoln (CA),66,6,True,False,False,Big Sky,Independent DII,fcs,ii,
1,regular,2024-08-31 20:00:00+00:00,Georgia Southern,Boise State,45,56,True,False,False,Sun Belt,Mountain West,fbs,fbs,
1,regular,2024-08-31 20:15:00+00:00,South Carolina,Old Dominion,23,19,True,False,False,SEC,Sun Belt,fbs,fbs,
1,regular,2024-08-31 21:00:00+00:00,California,UC Davis,31,13,True,False,False,ACC,Big Sky,fbs,fcs,
1,regular,2024-08-31 21:00:00+00:00,Northern Iowa,Valparaiso,35,7,True,False,False,MVFC,Pioneer,fcs,fcs,
1,regular,2024-08-31 21:00:00+00:00,South Alabama,North Texas,38,52,True,False,False,Sun Belt,American Athletic,fbs,fbs,
1,regular,2024-08-31 21:00:00+00:00,Marshall,Stony Brook,45,3,True,False,False,Sun Belt,Coastal Athletic,fbs,fcs,
1,regular,2024-08-31 22:00:00+00:00,Sacred Heart,Delaware State,15,17,True,False,False,FCS Independents,MEAC,fcs,fcs,
1,regular,2024-08-31 22:00:00+00:00,Stetson,Ave Maria University,41,3,True,False,False,Pioneer,,fcs,,
1,regular,2024-08-31 22:00:00+00:00,Livingstone,Charleston (WV),7,38,True,False,False,CIAA,Mountain East,ii,ii,
1,regular,2024-08-31 22:00:00+00:00,Tennessee State,Mississippi Valley State,41,21,True,False,False,Big South-OVC,SWAC,fcs,fcs,
1,regular,2024-08-31 22:00:00+00:00,East Carolina,Norfolk State,42,3,True,False,False,American Athletic,MEAC,fbs,fcs,
1,regular,2024-08-31 22:00:00+00:00,Hampton,Morgan State,28,30,True,False,False,Coastal Athletic,MEAC,fcs,fcs,
1,regular,2024-08-31 22:00:00+00:00,Florida A&M,South Carolina State,22,18,True,False,False,SWAC,MEAC,fcs,fcs,
1,regular,2024-08-31 22:00:00+00:00,Charleston Southern,The Citadel,21,22,True,False,False,Big South-OVC,Southern,fcs,fcs,
1,regular,2024-08-31 22:00:00+00:00,Liberty,Campbell,41,24,True,False,False,Conference USA,Coastal Athletic,fbs,fcs,
1,regular,2024-08-31 22:00:00+00:00,Mississippi State,Eastern Kentucky,56,7,True,False,False,SEC,UAC,fbs,fcs,
1,regular,2024-08-31 22:00:00+00:00,West Georgia,Samford,38,29,True,False,False,UAC,Southern,fcs,fcs,
1,regular,2024-08-31 22:00:00+00:00,UNC Pembroke,Wingate,12,17,True,False,False,Mountain East,South Atlantic,ii,ii,
1,regular,2024-08-31 22:00:00+00:00,Virginia,Richmond,34,13,True,False,False,ACC,Coastal Athletic,fbs,fcs,
1,regular,2024-08-31 22:30:00+00:00,Oregon State,Idaho State,38,15,True,False,False,Pac-12,Big Sky,fbs,fcs,
1,regular,2024-08-31 23:00:00+00:00,Arkansas State,Central Arkansas,34,31,True,False,False,Sun Belt,UAC,fbs,fcs,
1,regular,2024-08-31 23:00:00+00:00,Ole Miss,Furman,76,0,True,False,False,SEC,Southern,fbs,fcs,
1,regular,2024-08-31 23:00:00+00:00,Houston,UNLV,7,27,True,False,False,Big 12,Mountain West,fbs,fbs,
1,regular,2024-08-31 23:00:00+00:00,South Florida,Bethune-Cookman,48,3,True,False,False,American Athletic,SWAC,fbs,fcs,
1,regular,2024-08-31 23:00:00+00:00,Baylor,Tarleton State,45,3,True,False,False,Big 12,UAC,fbs,fcs,
1,regular,2024-08-31 23:00:00+00:00,Kansas State,UT Martin,41,6,True,False,False,Big 12,Big South-OVC,fbs,fcs,
1,regular,2024-08-31 23:00:00+00:00,UAlbany,Long Island University,27,21,True,False,False,Coastal Athletic,NEC,fcs,fcs,
1,regular,2024-08-31 23:00:00+00:00,Prairie View A&M,Texas Southern,9,27,True,False,True,SWAC,SWAC,fcs,fcs,
1,regular,2024-08-31 23:00:00+00:00,West Alabama,Miles,16,15,True,False,False,Gulf South,SIAC,ii,ii,
1,regular,2024-08-31 23:00:00+00:00,Rice,Sam Houston,14,34,True,False,False,American Athletic,Conference USA,fbs,fbs,
1,regular,2024-08-31 23:00:00+00:00,Troy,Nevada,26,28,True,False,False,Sun Belt,Mountain West,fbs,fbs,
1,regular,2024-08-31 23:00:00+00:00,Rhode Island,Holy Cross,20,17,True,False,False,Coastal Athletic,Patriot,fcs,fcs,
1,regular,2024-08-31 23:00:00+00:00,Alabama,Western Kentucky,63,0,True,False,False,SEC,Conference USA,fbs,fbs,
1,regular,2024-08-31 23:00:00+00:00,UT Permian Basin,Western New Mexico,41,3,True,False,True,Lone Star,Lone Star,ii,ii,
1,regular,2024-08-31 23:00:00+00:00,Valdosta State,Albany State,42,10,True,False,False,Gulf South,SIAC,ii,ii,
1,regular,2024-08-31 23:00:00+00:00,Memphis,North Alabama,40,0,True,False,False,American Athletic,UAC,fbs,fcs,
1,regular,2024-08-31 23:00:00+00:00,Middle Tennessee,Tennessee Tech,32,25,True,False,False,Conference USA,Big South-OVC,fbs,fcs,
1,regular,2024-08-31 23:00:00+00:00,Incarnate Word,Northern Colorado,28,7,True,False,False,Southland,Big Sky,fcs,fcs,
1,regular,2024-08-31 23:30:00+00:00,Hawai'i,UCLA,13,16,True,False,False,Mountain West,Big Ten,fbs,fbs,
1,regular,2024-08-31 23:30:00+00:00,Auburn,Alabama A&M,73,3,True,False,False,SEC,SWAC,fbs,fcs,
1,regular,2024-08-31 23:30:00+00:00,Michigan,Fresno State,30,10,True,False,False,Big Ten,Mountain West,fbs,fbs,
1,regular,2024-08-31 23:30:00+00:00,Oregon,Idaho,24,14,True,False,False,Big Ten,Big Sky,fbs,fcs,
1,regular,2024-08-31 23:30:00+00:00,Texas A&M,Notre Dame,13,23,True,False,False,SEC,FBS Independents,fbs,fbs,
1,regular,2024-08-31 23:30:00+00:00,Texas Tech,Abilene Christian,52,51,True,False,False,Big 12,UAC,fbs,fcs,
1,regular,2024-08-31 23:45:00+00:00,Kentucky,Southern Miss,31,0,True,False,False,SEC,Sun Belt,fbs,fbs,
1,regular,2024-09-01 00:00:00+00:00,San Diego,Cal Poly,27,21,True,False,False,Pioneer,Big Sky,fcs,fcs,
1,regular,2024-09-01 00:00:00+00:00,San Diego State,East Texas A&M,45,14,True,False,False,Mountain West,Southland,fbs,fcs,
1,regular,2024-09-01 00:00:00+00:00,Charlotte,James Madison,7,30,True,False,False,American Athletic,Sun Belt,fbs,fbs,
1,regular,2024-09-01 00:00:00+00:00,McNeese,Southern,21,7,True,False,False,Southland,SWAC,fcs,fcs,
1,regular,2024-09-01 00:00:00+00:00,Texas State,Lamar,34,27,True,False,False,Sun Belt,Southland,fbs,fcs,
1,regular,2024-09-01 00:00:00+00:00,Pittsburg State,Ferris State,19,3,True,False,False,Mid America,GLIAC,ii,ii,
1,regular,2024-09-01 00:00:00+00:00,SMU,Houston Christian,59,7,True,False,False,ACC,Southland,fbs,fcs,
1,regular,2024-09-01 00:00:00+00:00,Georgia Tech,Georgia State,35,12,True,False,False,ACC,Sun Belt,fbs,fbs,
1,regular,2024-09-01 00:00:00+00:00,Louisiana Tech,Nicholls,25,17,True,False,False,Conference USA,Southland,fbs,fcs,
1,regular,2024-09-01 00:00:00+00:00,BYU,Southern Illinois,41,13,True,False,False,Big 12,MVFC,fbs,fcs,
1,regular,2024-09-01 00:00:00+00:00,Louisiana,Grambling,40,10,True,False,False,Sun Belt,SWAC,fbs,fcs,
1,regular,2024-09-01 01:00:00+00:00,New Mexico State,Southeast Missouri State,23,16,True,False,False,Conference USA,Big South-OVC,fbs,fcs,
1,regular,2024-09-01 01:00:00+00:00,Montana,Missouri State,29,24,True,False,False,Big Sky,MVFC,fcs,fcs,
1,regular,2024-09-01 02:00:00+00:00,Utah Tech,Montana State,7,31,True,False,False,UAC,Big Sky,fcs,fcs,
1,regular,2024-09-01 02:30:00+00:00,Arizona,New Mexico,61,39,True,False,False,Big 12,Mountain West,fbs,fbs,
1,regular,2024-09-01 02:30:00+00:00,Arizona State,Wyoming,48,7,True,False,False,Big 12,Mountain West,fbs,fbs,
1,regular,2024-09-01 03:00:00+00:00,Washington,Weber State,35,3,True,False,False,Big Ten,Big Sky,fbs,fcs,
1,regular,2024-09-01 19:00:00+00:00,Alabama State,North Carolina Central,24,31,True,True,False,SWAC,MEAC,fcs,fcs,Denny's Orange Blossom Classic
1,regular,2024-09-01 20:00:00+00:00,Virginia State,Benedict,23,7,True,True,False,CIAA,SIAC,ii,ii,
1,regular,2024-09-01 23:00:00+00:00,Johnson C. Smith,Tuskegee,21,13,True,True,False,CIAA,SIAC,ii,ii,Boeing Red Tails Classic
1,regular,2024-09-01 23:30:00+00:00,LSU,USC,20,27,True,True,False,SEC,Big Ten,fbs,fbs,Modelo Vegas Kickoff Classic
1,regular,2024-09-02 23:30:00+00:00,Florida State,Boston College,13,28,True,False,True,ACC,ACC,fbs,fbs,
2,regular,2024-09-04 23:00:00+00:00,Shorter,Mississippi College,29,5,True,False,True,Gulf South,Gulf South,ii,ii,
2,regular,2024-09-05 21:00:00+00:00,Rensselaer,Wisconsin La Crosse,0,35,True,False,False,Liberty League,Wisconsin,iii,iii,
2,regular,2024-09-05 22:00:00+00:00,Clarion,Lincoln (PA),20,9,True,False,False,Pennsylvania State Athletic,CIAA,ii,ii,
2,regular,2024-09-05 22:00:00+00:00,Southern Connecticut State,Shepherd,0,23,True,False,False,Northeast 10,Pennsylvania State Athletic,ii,ii,
2,regular,2024-09-05 22:00:00+00:00,Michigan Tech,South Dakota Mines,52,50,True,False,False,GLIAC,Rocky Mountain,ii,ii,
2,regular,2024-09-05 22:00:00+00:00,Tiffin,Wayne State (MI),31,17,True,False,False,Great Midwest Athletic,GLIAC,ii,ii,
2,regular,2024-09-05 22:00:00+00:00,Barton,West Virginia State,24,27,True,False,False,South Atlantic,Mountain East,ii,ii,
2,regular,2024-09-05 22:00:00+00:00,Grand Valley State,Central State,58,0,True,False,False,GLIAC,SIAC,ii,ii,
2,regular,2024-09-05 22:00:00+00:00,Bloomsburg,Fairmont State,35,7,True,False,False,Pennsylvania State Athletic,Mountain East,ii,ii,
2,regular,2024-09-05 23:00:00+00:00,Southeastern Oklahoma State,Southern Arkansas,31,36,True,False,True,Great American,Great American,ii,ii,
2,regular,2024-09-05 23:00:00+00:00,Arkansas Monticello,Northwestern (OK),34,7,True,False,True,Great American,Great American,ii,ii,
2,regular,2024-09-05 23:00:00+00:00,North Greenville,Keiser University,20,23,True,False,False,Gulf South,,ii,,
2,regular,2024-09-05 23:00:00+00:00,Pace,East Stroudsburg,6,41,True,False,False,Northeast 10,Pennsylvania State Athletic,ii,ii,
2,regular,2024-09-05 23:00:00+00:00,Heidelberg,Hiram,38,14,True,False,False,Ohio,North Coast,iii,iii,
2,regular,2024-09-05 23:00:00+00:00,Minnesota St Moorhead,Wayne State (NE),17,44,True,False,True,Northern Sun,Northern Sun,ii,ii,
2,regular,2024-09-05 23:00:00+00:00,Gannon,Northwood,14,28,True,False,False,Pennsylvania State Athletic,Great Midwest Athletic,ii,ii,
2,regular,2024-09-05 23:00:00+00:00,West Florida,McKendree,38,6,True,True,False,Gulf South,Great Lakes,ii,ii,
2,regular,2024-09-05 23:00:00+00:00,Seton Hill,Ohio Dominican,14,21,True,False,False,Pennsylvania State Athletic,Great Midwest Athletic,ii,ii,
2,regular,2024-09-05 23:00:00+00:00,Brockport,Buffalo State,27,0,True,False,False,Empire 8,Liberty League,iii,iii,
2,regular,2024-09-05 23:00:00+00:00,University of Mary,Augustana (SD),13,35,True,False,True,Northern Sun,Northern Sun,ii,ii,
2,regular,2024-09-05 23:00:00+00:00,Ashland,IU Pennsylvania,10,19,True,False,False,Great Midwest Athletic,Pennsylvania State Athletic,ii,ii,
2,regular,2024-09-05 23:00:00+00:00,East Central,Henderson State,17,41,True,False,True,Great American,Great American,ii,ii,
2,regular,2024-09-05 23:00:00+00:00,Wisconsin Stout,Carroll (WI),16,28,True,False,False,Wisconsin,CCIW,iii,iii,
2,regular,2024-09-05 23:00:00+00:00,Kentucky Wesleyan,Northern Michigan,33,13,True,False,False,Great Midwest Athletic,GLIAC,ii,ii,
2,regular,2024-09-05 23:00:00+00:00,Stevenson,Rowan,16,35,True,False,False,Mid Atlantic,New Jersey,iii,iii,
2,regular,2024-09-05 23:00:00+00:00,West Liberty,Limestone,13,48,True,False,False,Mountain East,South Atlantic,ii,ii,
2,regular,2024-09-05 23:00:00+00:00,Frostburg State,Millersville,23,6,True,False,False,Mountain East,Pennsylvania State Athletic,ii,ii,
2,regular,2024-09-05 23:30:00+00:00,Kutztown,Assumption,24,6,True,False,False,Pennsylvania State Athletic,Northeast 10,ii,ii,
2,regular,2024-09-06 00:00:00+00:00,Arkansas Tech,Oklahoma Baptist,44,41,True,False,True,Great American,Great American,ii,ii,
2,regular,2024-09-06 00:00:00+00:00,Ouachita Baptist,Southwestern Oklahoma State,42,3,True,False,True,Great American,Great American,ii,ii,
2,regular,2024-09-06 00:00:00+00:00,Millsaps,Belhaven,23,21,True,False,False,Southern Athletic,USA South,iii,iii,
2,regular,2024-09-06 00:00:00+00:00,Winona State,Saginaw Valley State,14,38,True,False,False,Northern Sun,GLIAC,ii,ii,
2,regular,2024-09-06 00:00:00+00:00,Chadron State,Jamestown,17,10,True,False,False,Rocky Mountain,,ii,,
2,regular,2024-09-06 00:00:00+00:00,Colorado School of Mines,West Texas,41,13,True,False,False,Rocky Mountain,Lone Star,ii,ii,
2,regular,2024-09-06 00:00:00+00:00,Harding,Southern Nazarene,59,0,True,False,True,Great American,Great American,ii,ii,
2,regular,2024-09-06 22:00:00+00:00,Dickinson,Randolph Macon,21,47,True,False,False,Centennial,Old Dominion,iii,iii,
2,regular,2024-09-06 22:00:00+00:00,Albright,Gallaudet,17,6,True,False,False,Mid Atlantic,ECFC,iii,iii,
2,regular,2024-09-06 22:30:00+00:00,Salve Regina,Curry,28,10,True,False,False,NEWMAC,Commonwealth Coast,iii,iii,
2,regular,2024-09-06 23:00:00+00:00,Ursinus,Alvernia,45,14,True,False,False,Centennial,Mid Atlantic,iii,iii,
2,regular,2024-09-06 23:00:00+00:00,Hobart,Alfred,10,7,True,False,False,Liberty League,Empire 8,iii,iii,
2,regular,2024-09-06 23:00:00+00:00,Westfield State,Anna Maria College,13,41,True,False,False,MSCAC,ECFC,iii,iii,
2,regular,2024-09-06 23:00:00+00:00,SMU,BYU,15,18,True,False,False,ACC,Big 12,fbs,fbs,
2,regular,2024-09-06 23:00:00+00:00,Utica,Union,41,26,True,False,False,Empire 8,Liberty League,iii,iii,
2,regular,2024-09-06 23:00:00+00:00,Susquehanna,Bridgewater,41,7,True,False,False,Landmark Conference,Old Dominion,iii,iii,
2,regular,2024-09-06 23:00:00+00:00,Worcester State,WPI,9,14,True,False,False,MSCAC,NEWMAC,iii,iii,
2,regular,2024-09-06 23:00:00+00:00,FDU Florham,William Paterson,37,9,True,False,False,Mid Atlantic,New Jersey,iii,iii,
2,regular,2024-09-06 23:00:00+00:00,Franklin & Marshall,Lebanon Valley,30,10,True,False,False,Centennial,Mid Atlantic,iii,iii,
2,regular,2024-09-06 23:00:00+00:00,SUNY Maritime,Mass Maritime,22,14,True,False,False,NEWMAC,MSCAC,iii,iii,
2,regular,2024-09-06 23:00:00+00:00,Dubuque,Aurora,21,33,True,False,False,American Rivers,NACC,iii,iii,
2,regular,2024-09-06 23:00:00+00:00,Springfield,Western New England,38,32,True,False,False,NEWMAC,Commonwealth Coast,iii,iii,
2,regular,2024-09-06 23:00:00+00:00,McDaniel,Catholic,7,3,True,False,False,Centennial,Landmark Conference,iii,iii,
2,regular,2024-09-06 23:00:00+00:00,Indiana,Western Illinois,77,3,True,False,False,Big Ten,Big South-OVC,fbs,fcs,
2,regular,2024-09-07 00:00:00+00:00,East Texas Baptist,LaGrange,57,12,True,False,False,American Southwest,USA South,iii,iii,
2,regular,2024-09-07 01:00:00+00:00,Augsburg,Valley City State,14,24,True,False,False,Minnesota,,iii,,
2,regular,2024-09-07 01:00:00+00:00,Northwestern,Duke,20,26,True,True,False,Big Ten,ACC,fbs,fbs,
2,regular,2024-09-07 04:00:00+00:00,Lincoln (CA),Southern Oregon,7,46,True,True,False,Independent DII,,ii,,
2,regular,2024-09-07 04:00:00+00:00,Charleston (WV),California (PA),23,19,True,False,False,Mountain East,Pennsylvania State Athletic,ii,ii,
2,regular,2024-09-07 04:00:00+00:00,Anderson (SC),St. Andrews,51,14,True,True,False,South Atlantic,,ii,,
2,regular,2024-09-07 04:00:00+00:00,Howard Payne,Hardin Simmons,6,38,True,False,True,American Southwest,American Southwest,iii,iii,
2,regular,2024-09-07 16:00:00+00:00,Minnesota,Rhode Island,48,0,True,False,False,Big Ten,Coastal Athletic,fbs,fcs,
2,regular,2024-09-07 16:00:00+00:00,Syracuse,Georgia Tech,31,28,True,False,True,ACC,ACC,fbs,fbs,
2,regular,2024-09-07 16:00:00+00:00,Michigan,Texas,12,31,True,False,False,Big Ten,SEC,fbs,fbs,
2,regular,2024-09-07 16:00:00+00:00,Penn State,Bowling Green,34,27,True,False,False,Big Ten,Mid-American,fbs,fbs,
2,regular,2024-09-07 16:00:00+00:00,Memphis,Troy,38,17,True,False,False,American Athletic,Sun Belt,fbs,fbs,
2,regular,2024-09-07 16:00:00+00:00,Kalamazoo,Austin,26,20,True,False,False,Michigan,Southern Collegiate Athletic,iii,iii,
2,regular,2024-09-07 16:00:00+00:00,Marist,Georgetown,10,31,True,False,False,Pioneer,Patriot,fcs,fcs,
2,regular,2024-09-07 16:00:00+00:00,Juniata,Gettysburg,41,61,True,False,False,Landmark Conference,Centennial,iii,iii,
2,regular,2024-09-07 16:00:00+00:00,Oklahoma State,Arkansas,39,31,True,False,False,Big 12,SEC,fbs,fbs,
2,regular,2024-09-07 16:00:00+00:00,Cincinnati,Pittsburgh,27,28,True,False,False,Big 12,ACC,fbs,fbs,
2,regular,2024-09-07 16:00:00+00:00,Tulane,Kansas State,27,34,True,False,False,American Athletic,Big 12,fbs,fbs,
2,regular,2024-09-07 16:00:00+00:00,St. Lawrence,Endicott,13,44,True,False,False,Liberty League,Commonwealth Coast,iii,iii,
2,regular,2024-09-07 16:00:00+00:00,Eastern,The College of New Jersey,12,34,True,True,False,Mid Atlantic,New Jersey,iii,iii,
2,regular,2024-09-07 16:00:00+00:00,Baldwin Wallace,Wittenberg,24,14,True,False,False,Ohio,North Coast,iii,iii,
2,regular,2024-09-07 16:00:00+00:00,Florida Atlantic,Army,7,24,True,False,True,American Athletic,American Athletic,fbs,fbs,
2,regular,2024-09-07 16:00:00+00:00,Lycoming,Widener,48,12,True,False,False,Landmark Conference,Mid Atlantic,iii,iii,
2,regular,2024-09-07 16:00:00+00:00,The Citadel,South Carolina State,20,23,True,False,False,Southern,MEAC,fcs,fcs,
2,regular,2024-09-07 16:00:00+00:00,Norwich,Vermont State Castleton,12,14,True,False,False,NEWMAC,MSCAC,iii,iii,
2,regular,2024-09-07 16:00:00+00:00,Monmouth,Lafayette,35,40,True,False,False,Coastal Athletic,Patriot,fcs,fcs,
2,regular,2024-09-07 16:00:00+00:00,Dean,Fitchburg State,0,12,True,False,False,ECFC,MSCAC,iii,iii,
2,regular,2024-09-07 16:00:00+00:00,Olivet,Rochester (NY),21,28,True,False,False,Michigan,Liberty League,iii,iii,
2,regular,2024-09-07 16:00:00+00:00,Rutgers,Akron,49,17,True,False,False,Big Ten,Mid-American,fbs,fbs,
2,regular,2024-09-07 16:00:00+00:00,Misericordia,Keystone,24,14,True,False,False,Mid Atlantic,Landmark Conference,iii,iii,
2,regular,2024-09-07 16:00:00+00:00,Thomas More,Davenport,17,24,True,True,False,Great Midwest Athletic,GLIAC,ii,ii,
2,regular,2024-09-07 16:00:00+00:00,UConn,Merrimack,63,17,True,False,False,FBS Independents,FCS Independents,fbs,fcs,
2,regular,2024-09-07 16:00:00+00:00,Alma,Wisconsin River Falls,35,41,True,False,False,Michigan,Wisconsin,iii,iii,
2,regular,2024-09-07 16:00:00+00:00,American International,Shippensburg,28,3,True,False,False,Northeast 10,Pennsylvania State Athletic,ii,ii,
2,regular,2024-09-07 16:00:00+00:00,West Chester,Bentley,17,20,True,False,False,Pennsylvania State Athletic,Northeast 10,ii,ii,
2,regular,2024-09-07 16:00:00+00:00,Greensboro,Guilford,0,14,True,False,False,USA South,Old Dominion,iii,iii,
2,regular,2024-09-07 16:00:00+00:00,Alfred State,Anderson (IN),13,0,True,False,False,ECFC,Heartland,iii,iii,
2,regular,2024-09-07 16:00:00+00:00,Lehigh,Wagner,49,13,True,False,False,Patriot,NEC,fcs,fcs,
2,regular,2024-09-07 16:45:00+00:00,Texas A&M,McNeese,52,10,True,False,False,SEC,Southland,fbs,fcs,
2,regular,2024-09-07 17:00:00+00:00,Florida Memorial University,Edward Waters,31,21,True,True,False,,SIAC,,ii,
2,regular,2024-09-07 17:00:00+00:00,Merchant Marine,Western Connecticut State,44,27,True,False,False,NEWMAC,MSCAC,iii,iii,
2,regular,2024-09-07 17:00:00+00:00,Maryville (TN),Sewanee,23,9,True,False,False,USA South,Southern Athletic,iii,iii,
2,regular,2024-09-07 17:00:00+00:00,Methodist,Shenandoah,14,33,True,False,False,USA South,Old Dominion,iii,iii,
2,regular,2024-09-07 17:00:00+00:00,Apprentice School,Southern Virginia,44,9,True,False,False,Independent DIII,USA South,iii,iii,
2,regular,2024-09-07 17:00:00+00:00,Wisconsin Whitewater,John Carroll,34,7,True,False,False,Wisconsin,Ohio,iii,iii,
2,regular,2024-09-07 17:00:00+00:00,Elizabeth City State,Chowan,12,9,True,False,False,CIAA,Gulf South,ii,ii,
2,regular,2024-09-07 17:00:00+00:00,SUNY Morrisville,Kean,7,0,True,False,False,Empire 8,New Jersey,iii,iii,
2,regular,2024-09-07 17:00:00+00:00,Calvin,Oberlin,50,6,True,True,False,Michigan,North Coast,iii,iii,
2,regular,2024-09-07 17:00:00+00:00,Western Carolina,Campbell,16,24,True,False,False,Southern,Coastal Athletic,fcs,fcs,
2,regular,2024-09-07 17:00:00+00:00,Concord,Bluefield State,13,22,True,False,False,Mountain East,CIAA,ii,ii,
2,regular,2024-09-07 17:00:00+00:00,Concordia-Michigan,Defiance College,34,10,True,True,False,,,,,
2,regular,2024-09-07 17:00:00+00:00,Maine Maritime,Hartwick,6,62,True,True,False,Independent DIII,Empire 8,iii,iii,
2,regular,2024-09-07 17:00:00+00:00,Slippery Rock,New Haven,22,7,True,False,False,Pennsylvania State Athletic,Northeast 10,ii,ii,
2,regular,2024-09-07 17:00:00+00:00,Sacred Heart,Saint Anselm,10,3,True,False,False,FCS Independents,Northeast 10,fcs,ii,
2,regular,2024-09-07 17:00:00+00:00,Thiel,Carnegie Mellon,0,58,True,False,True,Presidents',Presidents',iii,iii,
2,regular,2024-09-07 17:00:00+00:00,Ferrum,Mount Union,6,55,True,False,False,Old Dominion,Ohio,iii,iii,
2,regular,2024-09-07 17:00:00+00:00,Waynesburg,Case Western Reserve,7,41,True,False,True,Presidents',Presidents',iii,iii,
2,regular,2024-09-07 17:00:00+00:00,Glenville State,Lock Haven,9,31,True,False,False,Mountain East,Pennsylvania State Athletic,ii,ii,
2,regular,2024-09-07 17:00:00+00:00,St. John Fisher,Marietta,0,55,True,False,False,Empire 8,Ohio,iii,iii,
2,regular,2024-09-07 17:00:00+00:00,Bethany (WV),Allegheny,14,20,True,False,True,Presidents',Presidents',iii,iii,
2,regular,2024-09-07 17:00:00+00:00,Hope,Loras,49,0,True,False,False,Michigan,American Rivers,iii,iii,
2,regular,2024-09-07 17:00:00+00:00,Grove City,Geneva,41,0,True,False,True,Presidents',Presidents',iii,iii,
2,regular,2024-09-07 17:00:00+00:00,Moravian,Muhlenberg,7,33,True,False,False,Landmark Conference,Centennial,iii,iii,
2,regular,2024-09-07 17:00:00+00:00,Adrian,Elmhurst,55,20,True,False,False,Michigan,CCIW,iii,iii,
2,regular,2024-09-07 17:00:00+00:00,Truman State,Findlay,21,37,True,False,False,Great Lakes,Great Midwest Athletic,ii,ii,
2,regular,2024-09-07 17:00:00+00:00,Hampden Sydney,Delaware Valley,21,41,True,False,False,Old Dominion,Mid Atlantic,iii,iii,
2,regular,2024-09-07 17:00:00+00:00,Ithaca,Johns Hopkins,23,27,True,False,False,Liberty League,Centennial,iii,iii,
2,regular,2024-09-07 17:00:00+00:00,Husson,Framingham State,56,14,True,False,False,Commonwealth Coast,MSCAC,iii,iii,
2,regular,2024-09-07 17:00:00+00:00,Hilbert,SUNY Cortland,0,76,True,True,True,Empire 8,Empire 8,iii,iii,
2,regular,2024-09-07 17:00:00+00:00,Kenyon,Bluffton,13,6,True,False,False,North Coast,Heartland,iii,iii,
2,regular,2024-09-07 17:00:00+00:00,DePauw,Rose Hulman,57,14,True,False,False,North Coast,Heartland,iii,iii,
2,regular,2024-09-07 17:00:00+00:00,Albion,Wisconsin Stevens Point,31,23,True,False,False,Michigan,Wisconsin,iii,iii,
2,regular,2024-09-07 17:00:00+00:00,Trine,Christopher Newport,6,42,True,False,False,Michigan,New Jersey,iii,iii,
2,regular,2024-09-07 17:00:00+00:00,Wabash,St. Norbert,31,0,True,False,False,North Coast,NACC,iii,iii,
2,regular,2024-09-07 17:00:00+00:00,Lenoir Rhyne,Bowie State,32,19,True,False,False,South Atlantic,CIAA,ii,ii,
2,regular,2024-09-07 17:00:00+00:00,Coast Guard,New England,30,24,True,False,False,NEWMAC,Commonwealth Coast,iii,iii,
2,regular,2024-09-07 17:00:00+00:00,Washington & Jefferson,Saint Vincent,59,6,True,False,True,Presidents',Presidents',iii,iii,
2,regular,2024-09-07 17:00:00+00:00,Salisbury,Washington and Lee,48,26,True,False,False,New Jersey,Old Dominion,iii,iii,
2,regular,2024-09-07 17:00:00+00:00,Mount St Joseph,Muskingum,35,42,True,False,False,Heartland,Ohio,iii,iii,
2,regular,2024-09-07 17:30:00+00:00,Ohio Northern,Franklin,45,7,True,False,False,Ohio,Heartland,iii,iii,
2,regular,2024-09-07 17:30:00+00:00,Hanover,Centre,12,27,True,False,False,Heartland,Southern Athletic,iii,iii,
2,regular,2024-09-07 17:30:00+00:00,VMI,Bucknell,28,35,True,False,False,Southern,Patriot,fcs,fcs,
2,regular,2024-09-07 18:00:00+00:00,Ball State,Missouri State,42,34,True,False,False,Mid-American,MVFC,fbs,fcs,
2,regular,2024-09-07 18:00:00+00:00,Youngstown State,Valparaiso,59,25,True,False,False,MVFC,Pioneer,fcs,fcs,
2,regular,2024-09-07 18:00:00+00:00,Central Missouri,Northeastern State,63,21,True,False,False,Mid America,Independent DII,ii,ii,
2,regular,2024-09-07 18:00:00+00:00,Clark Atlanta,Allen,26,22,True,False,True,SIAC,SIAC,ii,ii,
2,regular,2024-09-07 18:00:00+00:00,Holy Cross,New Hampshire,20,21,True,False,False,Patriot,Coastal Athletic,fcs,fcs,
2,regular,2024-09-07 18:00:00+00:00,Gustavus Adolphus,Whitworth,7,40,True,False,False,Minnesota,Northwest,iii,iii,
2,regular,2024-09-07 18:00:00+00:00,Buena Vista,Benedictine (IL),7,34,True,False,False,American Rivers,NACC,iii,iii,
2,regular,2024-09-07 18:00:00+00:00,Westminster (MO),Manchester,23,3,True,False,False,Upper Midwest,Heartland,iii,iii,
2,regular,2024-09-07 18:00:00+00:00,Coe,Cornell (IA),55,10,True,False,False,American Rivers,Midwest,iii,iii,
2,regular,2024-09-07 18:00:00+00:00,St. Thomas (MN),Northern Iowa,10,17,True,False,False,Pioneer,MVFC,fcs,fcs,
2,regular,2024-09-07 18:00:00+00:00,Saint John's (MN),Carthage,49,0,True,False,False,Minnesota,CCIW,iii,iii,
2,regular,2024-09-07 18:00:00+00:00,Millikin,Illinois College,21,46,True,False,False,CCIW,Midwest,iii,iii,
2,regular,2024-09-07 18:00:00+00:00,Wooster,Wilmington (OH),56,13,True,False,False,North Coast,Ohio,iii,iii,
2,regular,2024-09-07 18:00:00+00:00,Quincy,Lincoln (MO),46,5,True,False,True,Great Lakes,Great Lakes,ii,ii,
2,regular,2024-09-07 18:00:00+00:00,Beloit,Rockford,17,43,True,False,False,Midwest,NACC,iii,iii,
2,regular,2024-09-07 18:00:00+00:00,Martin Luther,Lawrence,35,7,True,False,False,Upper Midwest,Midwest,iii,iii,
2,regular,2024-09-07 18:00:00+00:00,Greenville,Concordia Chicago,54,23,True,False,False,Upper Midwest,NACC,iii,iii,
2,regular,2024-09-07 18:00:00+00:00,Central College,Illinois Wesleyan,49,14,True,False,False,American Rivers,CCIW,iii,iii,
2,regular,2024-09-07 18:00:00+00:00,Concordia (MN),Wisconsin Eau Claire,10,21,True,False,False,Minnesota,Wisconsin,iii,iii,
2,regular,2024-09-07 18:00:00+00:00,Grinnell,Lyon,28,48,True,False,False,Midwest,Southern Collegiate Athletic,iii,iii,
2,regular,2024-09-07 18:00:00+00:00,Knox,Eureka,7,6,True,False,False,Midwest,NACC,iii,iii,
2,regular,2024-09-07 18:00:00+00:00,Lake Forest,Wisconsin Lutheran,21,7,True,False,False,Midwest,NACC,iii,iii,
2,regular,2024-09-07 18:00:00+00:00,Wisconsin Platteville,Lakeland,65,0,True,False,False,Wisconsin,NACC,iii,iii,
2,regular,2024-09-07 18:00:00+00:00,Emporia State,Angelo State,17,12,True,False,False,Mid America,Lone Star,ii,ii,
2,regular,2024-09-07 18:00:00+00:00,Wisconsin Oshkosh,Wheaton (IL),21,14,True,False,False,Wisconsin,CCIW,iii,iii,
2,regular,2024-09-07 18:00:00+00:00,Georgia,Tennessee Tech,48,3,True,False,False,SEC,Big South-OVC,fbs,fcs,
2,regular,2024-09-07 18:00:00+00:00,Bethel University Tennessee,Mary Hardin Baylor,20,10,True,True,False,,American Southwest,,iii,
2,regular,2024-09-07 18:30:00+00:00,Kent State,Saint Francis,17,23,True,False,False,Mid-American,NEC,fbs,fcs,
2,regular,2024-09-07 19:00:00+00:00,Morehouse,Johnson C. Smith,13,37,True,False,False,SIAC,CIAA,ii,ii,
2,regular,2024-09-07 19:00:00+00:00,UNLV,Utah Tech,72,14,True,False,False,Mountain West,UAC,fbs,fcs,
2,regular,2024-09-07 19:00:00+00:00,Bethune-Cookman,Mercer,2,31,True,False,False,SWAC,Southern,fcs,fcs,
2,regular,2024-09-07 19:00:00+00:00,Willamette,La Verne,27,24,True,False,False,Northwest,So. Cal.,iii,iii,
2,regular,2024-09-07 19:00:00+00:00,Black Hills State,Southwest Baptist,24,14,True,False,False,Rocky Mountain,Great Lakes,ii,ii,
2,regular,2024-09-07 19:30:00+00:00,Kentucky,South Carolina,6,31,True,False,True,SEC,SEC,fbs,fbs,
2,regular,2024-09-07 19:30:00+00:00,Utah,Baylor,23,12,True,False,False,Big 12,Big 12,fbs,fbs,
2,regular,2024-09-07 19:30:00+00:00,Auburn,California,14,21,True,False,False,SEC,ACC,fbs,fbs,
2,regular,2024-09-07 19:30:00+00:00,Wisconsin,South Dakota,27,13,True,False,False,Big Ten,MVFC,fbs,fcs,
2,regular,2024-09-07 19:30:00+00:00,Boston College,Duquesne,56,0,True,False,False,ACC,NEC,fbs,fcs,
2,regular,2024-09-07 19:30:00+00:00,Wyoming,Idaho,13,17,True,False,False,Mountain West,Big Sky,fbs,fcs,
2,regular,2024-09-07 19:30:00+00:00,North Carolina,Charlotte,38,20,True,False,False,ACC,American Athletic,fbs,fbs,
2,regular,2024-09-07 19:30:00+00:00,Maryland,Michigan State,24,27,True,False,True,Big Ten,Big Ten,fbs,fbs,
2,regular,2024-09-07 19:30:00+00:00,Toledo,Massachusetts,38,23,True,False,False,Mid-American,FBS Independents,fbs,fbs,
2,regular,2024-09-07 19:30:00+00:00,Stony Brook,Stonehill,37,10,True,False,False,Coastal Athletic,NEC,fcs,fcs,
2,regular,2024-09-07 19:30:00+00:00,North Dakota State,Tennessee State,52,3,True,False,False,MVFC,Big South-OVC,fcs,fcs,
2,regular,2024-09-07 19:30:00+00:00,Louisville,Jacksonville State,49,14,True,False,False,ACC,Conference USA,fbs,fbs,
2,regular,2024-09-07 19:30:00+00:00,Navy,Temple,38,11,True,False,True,American Athletic,American Athletic,fbs,fbs,
2,regular,2024-09-07 19:30:00+00:00,Richmond,Wofford,19,26,True,False,False,Coastal Athletic,Southern,fcs,fcs,
2,regular,2024-09-07 19:30:00+00:00,Notre Dame,Northern Illinois,14,16,True,False,False,FBS Independents,Mid-American,fbs,fbs,
2,regular,2024-09-07 19:30:00+00:00,Iowa,Iowa State,19,20,True,False,False,Big Ten,Big 12,fbs,fbs,
2,regular,2024-09-07 19:30:00+00:00,Washington,Eastern Michigan,30,9,True,False,False,Big Ten,Mid-American,fbs,fbs,
2,regular,2024-09-07 20:00:00+00:00,Bryant,Franklin Pierce,21,17,True,False,False,Coastal Athletic,Northeast 10,fcs,ii,
2,regular,2024-09-07 20:00:00+00:00,San Diego,Central Washington,26,7,True,False,False,Pioneer,Lone Star,fcs,ii,
2,regular,2024-09-07 20:00:00+00:00,Pomona Pitzer,Carleton,28,12,True,False,False,So. Cal.,Minnesota,iii,iii,
2,regular,2024-09-07 20:00:00+00:00,Claremont Mudd Scripps,Chicago,24,0,True,False,False,So. Cal.,Midwest,iii,iii,
2,regular,2024-09-07 20:00:00+00:00,Lewis & Clark,Puget Sound,59,21,True,False,True,Northwest,Northwest,iii,iii,
2,regular,2024-09-07 20:00:00+00:00,Norfolk State,Virginia State,28,23,True,False,False,MEAC,CIAA,fcs,ii,
2,regular,2024-09-07 20:00:00+00:00,UMass Dartmouth,Nichols,64,24,True,False,False,MSCAC,Commonwealth Coast,iii,iii,
2,regular,2024-09-07 20:00:00+00:00,Linfield,Denison,31,7,True,False,False,Northwest,North Coast,iii,iii,
2,regular,2024-09-07 20:00:00+00:00,Texas State,UTSA,49,10,True,False,False,Sun Belt,American Athletic,fbs,fbs,
2,regular,2024-09-07 20:15:00+00:00,Ole Miss,Middle Tennessee,52,3,True,False,False,SEC,Conference USA,fbs,fbs,
2,regular,2024-09-07 20:30:00+00:00,Virginia Tech,Marshall,31,14,True,False,False,ACC,Sun Belt,fbs,fbs,
2,regular,2024-09-07 21:00:00+00:00,Bridgewater State,MIT,17,37,True,False,False,MSCAC,NEWMAC,iii,iii,
2,regular,2024-09-07 21:30:00+00:00,East Tennessee State,UVA Wise,61,0,True,False,False,Southern,South Atlantic,fcs,ii,
2,regular,2024-09-07 22:00:00+00:00,Florida International,Central Michigan,52,16,True,True,False,Conference USA,Mid-American,fbs,fbs,
2,regular,2024-09-07 22:00:00+00:00,Old Dominion,East Carolina,14,20,True,False,False,Sun Belt,American Athletic,fbs,fbs,
2,regular,2024-09-07 22:00:00+00:00,Livingstone,Virginia Lynchburg,37,9,True,False,False,CIAA,,ii,,
2,regular,2024-09-07 22:00:00+00:00,North Carolina Central,Elon,19,41,True,False,False,MEAC,Coastal Athletic,fcs,fcs,
2,regular,2024-09-07 22:00:00+00:00,Albany State,Shaw,40,43,True,False,False,SIAC,CIAA,ii,ii,
2,regular,2024-09-07 22:00:00+00:00,Averett,North Carolina Wesleyan,41,29,True,False,False,Old Dominion,USA South,iii,iii,
2,regular,2024-09-07 22:00:00+00:00,Towson,Morgan State,14,9,True,False,False,Coastal Athletic,MEAC,fcs,fcs,
2,regular,2024-09-07 22:00:00+00:00,Morehead State,Kentucky Christian,48,7,True,False,False,Pioneer,,fcs,,
2,regular,2024-09-07 22:00:00+00:00,Central Connecticut,Fordham,33,3,True,False,False,NEC,Patriot,fcs,fcs,
2,regular,2024-09-07 22:00:00+00:00,Hampton,Virginia Union,33,21,True,False,False,Coastal Athletic,CIAA,fcs,ii,
2,regular,2024-09-07 22:00:00+00:00,Robert Morris,Edinboro,21,23,True,False,False,NEC,Pennsylvania State Athletic,fcs,ii,
2,regular,2024-09-07 22:00:00+00:00,Alabama State,Miles,24,3,True,False,False,SWAC,SIAC,fcs,ii,
2,regular,2024-09-07 22:00:00+00:00,Idaho State,Western Oregon,50,10,True,False,False,Big Sky,Lone Star,fcs,ii,
2,regular,2024-09-07 22:00:00+00:00,Ferris State,Lake Erie,56,3,True,False,False,GLIAC,Great Midwest Athletic,ii,ii,
2,regular,2024-09-07 22:00:00+00:00,Colgate,Villanova,3,28,True,False,False,Patriot,Coastal Athletic,fcs,fcs,
2,regular,2024-09-07 22:00:00+00:00,Furman,Charleston Southern,20,24,True,False,False,Southern,Big South-OVC,fcs,fcs,
2,regular,2024-09-07 22:00:00+00:00,Stetson,Warner,35,0,True,False,False,Pioneer,,fcs,,
2,regular,2024-09-07 22:00:00+00:00,Ohio,South Alabama,27,20,True,False,False,Mid-American,Sun Belt,fbs,fbs,
2,regular,2024-09-07 22:00:00+00:00,Ohio Wesleyan,Otterbein,26,7,True,False,False,North Coast,Ohio,iii,iii,
2,regular,2024-09-07 22:00:00+00:00,James Madison,Gardner-Webb,13,6,True,False,False,Sun Belt,Big South-OVC,fbs,fcs,
2,regular,2024-09-07 22:00:00+00:00,Miami,Florida A&M,56,9,True,False,False,ACC,SWAC,fbs,fcs,
2,regular,2024-09-07 22:00:00+00:00,West Virginia,UAlbany,49,14,True,False,False,Big 12,Coastal Athletic,fbs,fcs,
2,regular,2024-09-07 22:00:00+00:00,Southwest Minnesota State,Minot State,9,42,True,False,True,Northern Sun,Northern Sun,ii,ii,
2,regular,2024-09-07 22:00:00+00:00,Fayetteville State,UNC Pembroke,35,31,True,False,False,CIAA,Mountain East,ii,ii,
2,regular,2024-09-07 22:00:00+00:00,Hillsdale,Indianapolis,16,42,True,False,False,Great Midwest Athletic,Great Lakes,ii,ii,
2,regular,2024-09-07 22:00:00+00:00,King's,Wilkes,28,43,True,False,False,Mid Atlantic,Landmark Conference,iii,iii,
2,regular,2024-09-07 22:30:00+00:00,UCF,Sam Houston,45,14,True,False,False,Big 12,Conference USA,fbs,fbs,
2,regular,2024-09-07 23:00:00+00:00,Illinois,Kansas,23,17,True,False,False,Big Ten,Big 12,fbs,fbs,
2,regular,2024-09-07 23:00:00+00:00,Florida,Samford,45,7,True,False,False,SEC,Southern,fbs,fcs,
2,regular,2024-09-07 23:00:00+00:00,Southeast Missouri State,UT Martin,45,42,True,False,True,Big South-OVC,Big South-OVC,fcs,fcs,
2,regular,2024-09-07 23:00:00+00:00,Howard,Mercyhurst,32,31,True,False,False,MEAC,NEC,fcs,fcs,
2,regular,2024-09-07 23:00:00+00:00,South Dakota State,Incarnate Word,45,24,True,False,False,MVFC,Southland,fcs,fcs,
2,regular,2024-09-07 23:00:00+00:00,Southern,Savannah State,42,10,True,False,False,SWAC,SIAC,fcs,ii,
2,regular,2024-09-07 23:00:00+00:00,Eastern Illinois,Indiana State,27,20,True,False,False,Big South-OVC,MVFC,fcs,fcs,
2,regular,2024-09-07 23:00:00+00:00,North Carolina A&T,Winston-Salem State,27,20,True,False,False,Coastal Athletic,CIAA,fcs,ii,
2,regular,2024-09-07 23:00:00+00:00,Colorado State,Northern Colorado,38,17,True,False,False,Mountain West,Big Sky,fbs,fcs,
2,regular,2024-09-07 23:00:00+00:00,North Alabama,Illinois State,17,24,True,False,False,UAC,MVFC,fcs,fcs,
2,regular,2024-09-07 23:00:00+00:00,UL Monroe,UAB,32,6,True,False,False,Sun Belt,American Athletic,fbs,fbs,
2,regular,2024-09-07 23:00:00+00:00,Erskine,Presbyterian,14,31,True,False,False,Gulf South,Pioneer,ii,fcs,
2,regular,2024-09-07 23:00:00+00:00,Lindenwood,Central Arkansas,13,34,True,False,False,Big South-OVC,UAC,fcs,fcs,
2,regular,2024-09-07 23:00:00+00:00,Northwestern State,Prairie View A&M,31,37,True,False,False,Southland,SWAC,fcs,fcs,
2,regular,2024-09-07 23:00:00+00:00,Wake Forest,Virginia,30,31,True,False,True,ACC,ACC,fbs,fbs,
2,regular,2024-09-07 23:00:00+00:00,Grambling,Tuskegee,37,20,True,False,False,SWAC,SIAC,fcs,ii,
2,regular,2024-09-07 23:00:00+00:00,Stanford,Cal Poly,41,7,True,False,False,ACC,Big Sky,fbs,fcs,
2,regular,2024-09-07 23:00:00+00:00,Eastern Washington,Drake,32,35,True,False,False,Big Sky,Pioneer,fcs,fcs,
2,regular,2024-09-07 23:00:00+00:00,Georgia State,Chattanooga,24,21,True,False,False,Sun Belt,Southern,fbs,fcs,
2,regular,2024-09-07 23:00:00+00:00,Alabama A&M,Kentucky State,49,7,True,False,False,SWAC,SIAC,fcs,ii,
2,regular,2024-09-07 23:00:00+00:00,Alabama,South Florida,42,16,True,False,False,SEC,American Athletic,fbs,fbs,
2,regular,2024-09-07 23:00:00+00:00,Austin Peay,Southern Illinois,17,31,True,False,False,UAC,MVFC,fcs,fcs,
2,regular,2024-09-07 23:00:00+00:00,Western Kentucky,Eastern Kentucky,31,0,True,False,False,Conference USA,UAC,fbs,fcs,
2,regular,2024-09-07 23:00:00+00:00,Kennesaw State,Louisiana,10,34,True,False,False,Conference USA,Sun Belt,fbs,fbs,
2,regular,2024-09-07 23:00:00+00:00,Trinity (TX),Texas Lutheran,20,35,True,False,False,Southern Athletic,Southern Collegiate Athletic,iii,iii,
2,regular,2024-09-07 23:00:00+00:00,Houston Christian,Tarleton State,18,35,True,False,False,Southland,UAC,fcs,fcs,
2,regular,2024-09-07 23:00:00+00:00,Upper Iowa,Concordia St. Paul,33,7,True,False,False,Great Lakes,Northern Sun,ii,ii,
2,regular,2024-09-07 23:00:00+00:00,North Park,Ripon,42,41,True,False,False,CCIW,Midwest,iii,iii,
2,regular,2024-09-07 23:00:00+00:00,Jackson State,Lane College,58,7,True,False,False,SWAC,SIAC,fcs,ii,
2,regular,2024-09-07 23:00:00+00:00,Newberry,Valdosta State,14,27,True,False,False,South Atlantic,Gulf South,ii,ii,
2,regular,2024-09-07 23:00:00+00:00,Delta State,Missouri S&T,55,18,True,False,False,Gulf South,Great Lakes,ii,ii,
2,regular,2024-09-07 23:00:00+00:00,Walsh,Wheeling,10,14,True,False,False,Great Midwest Athletic,Mountain East,ii,ii,
2,regular,2024-09-07 23:00:00+00:00,West Alabama,Tusculum,45,9,True,False,False,Gulf South,South Atlantic,ii,ii,
2,regular,2024-09-07 23:00:00+00:00,Augustana (IL),Simpson (IA),30,13,True,False,False,CCIW,American Rivers,iii,iii,
2,regular,2024-09-07 23:00:00+00:00,Crown,Hamline,14,35,True,False,False,Upper Midwest,Minnesota,iii,iii,
2,regular,2024-09-07 23:00:00+00:00,Rice,Texas Southern,69,7,True,False,False,American Athletic,SWAC,fbs,fcs,
2,regular,2024-09-07 23:00:00+00:00,Southern Miss,SE Louisiana,35,10,True,False,False,Sun Belt,Southland,fbs,fcs,
2,regular,2024-09-07 23:00:00+00:00,Nevada,Georgia Southern,17,20,True,False,False,Mountain West,Sun Belt,fbs,fbs,
2,regular,2024-09-07 23:00:00+00:00,Coastal Carolina,William & Mary,40,21,True,False,False,Sun Belt,Coastal Athletic,fbs,fcs,
2,regular,2024-09-07 23:00:00+00:00,Missouri,Buffalo,38,0,True,False,False,SEC,Mid-American,fbs,fbs,
2,regular,2024-09-07 23:00:00+00:00,Lamar,Mississippi Valley State,28,14,True,False,False,Southland,SWAC,fcs,fcs,
2,regular,2024-09-07 23:00:00+00:00,Air Force,San José State,7,17,True,False,True,Mountain West,Mountain West,fbs,fbs,
2,regular,2024-09-07 23:00:00+00:00,Arkansas State,Tulsa,28,24,True,False,False,Sun Belt,American Athletic,fbs,fbs,
2,regular,2024-09-07 23:00:00+00:00,Murray State,Butler,17,19,True,False,False,MVFC,Pioneer,fcs,fcs,
2,regular,2024-09-07 23:00:00+00:00,Davidson,Catawba,49,14,True,False,False,Pioneer,South Atlantic,fcs,ii,
2,regular,2024-09-07 23:00:00+00:00,North Dakota,Montana,27,24,True,False,False,MVFC,Big Sky,fcs,fcs,
2,regular,2024-09-07 23:00:00+00:00,Huntingdon,Berry,7,43,True,False,False,USA South,Southern Athletic,iii,iii,
2,regular,2024-09-07 23:00:00+00:00,Minnesota Morris,Macalester,17,16,True,False,False,Upper Midwest,Minnesota,iii,iii,
2,regular,2024-09-07 23:00:00+00:00,Minnesota State,Bemidji State,31,29,True,False,True,Northern Sun,Northern Sun,ii,ii,
2,regular,2024-09-07 23:00:00+00:00,Northern State,Sioux Falls,10,34,True,False,True,Northern Sun,Northern Sun,ii,ii,
2,regular,2024-09-07 23:30:00+00:00,NC State,Tennessee,10,51,True,True,False,ACC,SEC,fbs,fbs,Duke’s Mayo Classic
2,regular,2024-09-07 23:30:00+00:00,Ohio State,Western Michigan,56,0,True,False,False,Big Ten,Mid-American,fbs,fbs,
2,regular,2024-09-07 23:30:00+00:00,North Texas,Stephen F. Austin,35,20,True,False,False,American Athletic,Southland,fbs,fcs,
2,regular,2024-09-07 23:30:00+00:00,Vanderbilt,Alcorn State,55,0,True,False,False,SEC,SWAC,fbs,fcs,
2,regular,2024-09-07 23:30:00+00:00,LSU,Nicholls,44,21,True,False,False,SEC,Southland,fbs,fcs,
2,regular,2024-09-07 23:30:00+00:00,Nebraska,Colorado,28,10,True,False,False,Big Ten,Big 12,fbs,fbs,
2,regular,2024-09-07 23:45:00+00:00,Oklahoma,Houston,16,12,True,False,False,SEC,Big 12,fbs,fbs,
2,regular,2024-09-08 00:00:00+00:00,Western Colorado,Midwestern State,38,33,True,False,False,Rocky Mountain,Lone Star,ii,ii,
2,regular,2024-09-08 00:00:00+00:00,Fort Hays,Missouri Western,30,16,True,False,True,Mid America,Mid America,ii,ii,
2,regular,2024-09-08 00:00:00+00:00,CSU Pueblo,UT Permian Basin,40,23,True,False,False,Rocky Mountain,Lone Star,ii,ii,
2,regular,2024-09-08 00:00:00+00:00,Adams State,Western New Mexico,30,39,True,False,False,Rocky Mountain,Lone Star,ii,ii,
2,regular,2024-09-08 00:00:00+00:00,Central Oklahoma,Langston,72,0,True,False,False,Mid America,,ii,,
2,regular,2024-09-08 00:00:00+00:00,Nebraska Wesleyan,Dakota State University,25,41,True,True,False,American Rivers,,iii,,
2,regular,2024-09-08 00:00:00+00:00,Northwestern (MN),St. Olaf,21,39,True,False,False,Upper Midwest,Minnesota,iii,iii,
2,regular,2024-09-08 00:00:00+00:00,Missouri Southern State,Pittsburg State,17,42,True,False,True,Mid America,Mid America,ii,ii,
2,regular,2024-09-08 00:00:00+00:00,Eastern New Mexico,Sul Ross State,36,17,True,False,True,Lone Star,Lone Star,ii,ii,
2,regular,2024-09-08 00:00:00+00:00,Nebraska Kearney,Northwest Missouri State,21,14,True,False,True,Mid America,Mid America,ii,ii,
2,regular,2024-09-08 00:00:00+00:00,Centenary (LA),Hendrix,20,43,True,True,False,Southern Collegiate Athletic,Southern Athletic,iii,iii,
2,regular,2024-09-08 00:00:00+00:00,Rhodes,Washington St. Louis,20,44,True,False,False,Southern Athletic,CCIW,iii,iii,
2,regular,2024-09-08 00:00:00+00:00,Clemson,App State,66,20,True,False,False,ACC,Sun Belt,fbs,fbs,
2,regular,2024-09-08 00:00:00+00:00,TCU,Long Island University,45,0,True,False,False,Big 12,NEC,fbs,fcs,
2,regular,2024-09-08 00:00:00+00:00,Monmouth (IL),Wartburg,24,38,True,False,False,Midwest,American Rivers,iii,iii,
2,regular,2024-09-08 00:00:00+00:00,Weber State,Portland State,43,16,True,False,True,Big Sky,Big Sky,fcs,fcs,
2,regular,2024-09-08 00:00:00+00:00,Arkansas-Pine Bluff,Arkansas Baptist,73,0,True,False,False,SWAC,,fcs,,
2,regular,2024-09-08 00:00:00+00:00,Southwestern U,McMurry,24,20,True,False,False,Southern Athletic,Southern Collegiate Athletic,iii,iii,
2,regular,2024-09-08 00:00:00+00:00,Abilene Christian,West Georgia,38,24,True,False,True,UAC,UAC,fcs,fcs,
2,regular,2024-09-08 00:00:00+00:00,Montana State,Maine,41,24,True,False,False,Big Sky,Coastal Athletic,fcs,fcs,
2,regular,2024-09-08 01:00:00+00:00,UTEP,Southern Utah,24,27,True,False,False,Conference USA,UAC,fbs,fcs,
2,regular,2024-09-08 02:00:00+00:00,Pacific Lutheran,Simpson (CA),43,0,True,False,False,Northwest,,iii,,
2,regular,2024-09-08 02:00:00+00:00,Chapman,Pacific (OR),43,23,True,False,False,So. Cal.,Northwest,iii,iii,
2,regular,2024-09-08 02:00:00+00:00,Arizona,Northern Arizona,22,10,True,False,False,Big 12,Big Sky,fbs,fcs,
2,regular,2024-09-08 02:00:00+00:00,Fresno State,Sacramento State,46,30,True,False,False,Mountain West,Big Sky,fbs,fcs,
2,regular,2024-09-08 02:00:00+00:00,Oregon,Boise State,37,34,True,False,False,Big Ten,Mountain West,fbs,fbs,
2,regular,2024-09-08 02:00:00+00:00,Washington State,Texas Tech,37,16,True,False,False,Pac-12,Big 12,fbs,fbs,
2,regular,2024-09-08 02:00:00+00:00,UC Davis,East Texas A&M,36,22,True,False,False,Big Sky,Southland,fcs,fcs,
2,regular,2024-09-08 02:15:00+00:00,New Mexico State,Liberty,24,30,True,False,True,Conference USA,Conference USA,fbs,fbs,
2,regular,2024-09-08 02:30:00+00:00,San Diego State,Oregon State,0,21,True,False,False,Mountain West,Pac-12,fbs,fbs,
2,regular,2024-09-08 02:30:00+00:00,Arizona State,Mississippi State,30,23,True,False,False,Big 12,SEC,fbs,fbs,
2,regular,2024-09-08 03:00:00+00:00,USC,Utah State,48,0,True,False,False,Big Ten,Mountain West,fbs,fbs,
2,regular,2024-09-08 17:00:00+00:00,Redlands,George Fox,3,17,True,True,False,So. Cal.,Northwest,iii,iii,
3,regular,2024-09-12 23:00:00+00:00,Northwestern (OK),Ouachita Baptist,2,56,True,False,True,Great American,Great American,ii,ii,
3,regular,2024-09-12 23:30:00+00:00,Texas State,Arizona State,28,31,True,False,False,Sun Belt,Big 12,fbs,fbs,
3,regular,2024-09-12 23:30:00+00:00,South Alabama,Northwestern State,87,10,True,False,False,Sun Belt,Southland,fbs,fcs,
3,regular,2024-09-13 16:00:00+00:00,West Virginia State,Carson Newman,25,56,True,False,False,Mountain East,South Atlantic,ii,ii,
3,regular,2024-09-13 22:00:00+00:00,Wilkes,Rensselaer,25,32,True,False,False,Landmark Conference,Liberty League,iii,iii,
3,regular,2024-09-13 23:00:00+00:00,WPI,New England,31,13,True,False,False,NEWMAC,Commonwealth Coast,iii,iii,
3,regular,2024-09-13 23:00:00+00:00,Norwich,St. Lawrence,9,20,True,False,False,NEWMAC,Liberty League,iii,iii,
3,regular,2024-09-13 23:00:00+00:00,Mass Maritime,Western Connecticut State,6,44,True,False,True,MSCAC,MSCAC,iii,iii,
3,regular,2024-09-13 23:00:00+00:00,Pace,New Haven,17,47,True,False,True,Northeast 10,Northeast 10,ii,ii,
3,regular,2024-09-13 23:00:00+00:00,Kansas,UNLV,20,23,True,True,False,Big 12,Mountain West,fbs,fbs,
3,regular,2024-09-13 23:00:00+00:00,Southern Connecticut State,American International,35,21,True,False,True,Northeast 10,Northeast 10,ii,ii,
3,regular,2024-09-13 23:00:00+00:00,Hiram,Mount St Joseph,7,28,True,False,False,North Coast,Heartland,iii,iii,
3,regular,2024-09-14 00:00:00+00:00,Kansas State,Arizona,31,7,True,False,False,Big 12,Big 12,fbs,fbs,
3,regular,2024-09-14 16:00:00+00:00,Long Island University,Lehigh,17,20,True,True,False,NEC,Patriot,fcs,fcs,
3,regular,2024-09-14 16:00:00+00:00,Wisconsin,Alabama,10,42,True,False,False,Big Ten,SEC,fbs,fbs,
3,regular,2024-09-14 16:00:00+00:00,Bowie State,Davenport,14,17,True,False,False,CIAA,GLIAC,ii,ii,
3,regular,2024-09-14 16:00:00+00:00,Miami (OH),Cincinnati,16,27,True,False,False,Mid-American,Big 12,fbs,fbs,
3,regular,2024-09-14 16:00:00+00:00,Randolph Macon,Hobart,14,7,True,False,False,Old Dominion,Liberty League,iii,iii,
3,regular,2024-09-14 16:00:00+00:00,Curry,Hardin Simmons,21,73,True,False,False,Commonwealth Coast,American Southwest,iii,iii,
3,regular,2024-09-14 16:00:00+00:00,Kutztown,Edinboro,26,0,True,False,True,Pennsylvania State Athletic,Pennsylvania State Athletic,ii,ii,
3,regular,2024-09-14 16:00:00+00:00,FDU Florham,Albright,35,7,True,False,True,Mid Atlantic,Mid Atlantic,iii,iii,
3,regular,2024-09-14 16:00:00+00:00,West Chester,California (PA),28,38,True,False,True,Pennsylvania State Athletic,Pennsylvania State Athletic,ii,ii,
3,regular,2024-09-14 16:00:00+00:00,Fitchburg State,UMass Dartmouth,7,73,True,False,True,MSCAC,MSCAC,iii,iii,
3,regular,2024-09-14 16:00:00+00:00,Michigan Tech,Hillsdale,21,6,True,False,False,GLIAC,Great Midwest Athletic,ii,ii,
3,regular,2024-09-14 16:00:00+00:00,SUNY Cortland,Lycoming,70,7,True,False,False,Empire 8,Landmark Conference,iii,iii,
3,regular,2024-09-14 16:00:00+00:00,Saint Francis,Central Connecticut,20,27,True,False,True,NEC,NEC,fcs,fcs,
3,regular,2024-09-14 16:00:00+00:00,The Citadel,North Greenville,54,0,True,False,False,Southern,Gulf South,fcs,ii,
3,regular,2024-09-14 16:00:00+00:00,Robert Morris,Mercyhurst,55,28,True,False,True,NEC,NEC,fcs,fcs,
3,regular,2024-09-14 16:00:00+00:00,Michigan,Arkansas State,28,18,True,False,False,Big Ten,Sun Belt,fbs,fbs,
3,regular,2024-09-14 16:00:00+00:00,Texas Tech,North Texas,66,21,True,False,False,Big 12,American Athletic,fbs,fbs,
3,regular,2024-09-14 16:00:00+00:00,NC State,Louisiana Tech,30,20,True,False,False,ACC,Conference USA,fbs,fbs,
3,regular,2024-09-14 16:00:00+00:00,Tulsa,Oklahoma State,10,45,True,False,False,American Athletic,Big 12,fbs,fbs,
3,regular,2024-09-14 16:00:00+00:00,Illinois,Central Michigan,30,9,True,False,False,Big Ten,Mid-American,fbs,fbs,
3,regular,2024-09-14 16:00:00+00:00,South Carolina,LSU,33,36,True,False,True,SEC,SEC,fbs,fbs,
3,regular,2024-09-14 16:00:00+00:00,Greensboro,Averett,20,27,True,False,False,USA South,Old Dominion,iii,iii,
3,regular,2024-09-14 16:00:00+00:00,Worcester State,Plymouth State,27,21,True,False,True,MSCAC,MSCAC,iii,iii,
3,regular,2024-09-14 16:00:00+00:00,Gallaudet,Merchant Marine,7,55,True,False,False,ECFC,NEWMAC,iii,iii,
3,regular,2024-09-14 16:00:00+00:00,Muskingum,Otterbein,24,7,True,False,True,Ohio,Ohio,iii,iii,
3,regular,2024-09-14 16:00:00+00:00,Eastern,Widener,13,27,True,True,True,Mid Atlantic,Mid Atlantic,iii,iii,
3,regular,2024-09-14 16:00:00+00:00,Shepherd,Slippery Rock,10,20,True,False,True,Pennsylvania State Athletic,Pennsylvania State Athletic,ii,ii,
3,regular,2024-09-14 16:00:00+00:00,Nichols,Maine Maritime,63,12,True,False,False,Commonwealth Coast,Independent DIII,iii,iii,
3,regular,2024-09-14 16:00:00+00:00,Anna Maria College,Coast Guard,45,52,True,False,False,ECFC,NEWMAC,iii,iii,
3,regular,2024-09-14 16:00:00+00:00,Florida State,Memphis,12,20,True,False,False,ACC,American Athletic,fbs,fbs,
3,regular,2024-09-14 16:00:00+00:00,Buffalo State,Hilbert,42,6,True,False,False,Liberty League,Empire 8,iii,iii,
3,regular,2024-09-14 16:30:00+00:00,Lafayette,Marist,56,14,True,False,False,Patriot,Pioneer,fcs,fcs,
3,regular,2024-09-14 16:45:00+00:00,Missouri,Boston College,27,21,True,False,False,SEC,ACC,fbs,fbs,
3,regular,2024-09-14 17:00:00+00:00,Sacred Heart,Georgetown,40,14,True,False,False,FCS Independents,Patriot,fcs,fcs,
3,regular,2024-09-14 17:00:00+00:00,Western New England,Salve Regina,45,27,True,False,False,Commonwealth Coast,NEWMAC,iii,iii,
3,regular,2024-09-14 17:00:00+00:00,Carnegie Mellon,Geneva,41,7,True,False,True,Presidents',Presidents',iii,iii,
3,regular,2024-09-14 17:00:00+00:00,Westminster (PA),Waynesburg,23,10,True,False,True,Presidents',Presidents',iii,iii,
3,regular,2024-09-14 17:00:00+00:00,Franklin Pierce,Assumption,7,27,True,True,True,Northeast 10,Northeast 10,ii,ii,
3,regular,2024-09-14 17:00:00+00:00,Concordia (WI),Calvin,34,24,True,False,False,NACC,Michigan,iii,iii,
3,regular,2024-09-14 17:00:00+00:00,Delaware Valley,Alvernia,42,7,True,False,True,Mid Atlantic,Mid Atlantic,iii,iii,
3,regular,2024-09-14 17:00:00+00:00,Lebanon Valley,Stevenson,37,7,True,False,True,Mid Atlantic,Mid Atlantic,iii,iii,
3,regular,2024-09-14 17:00:00+00:00,Alfred,Juniata,64,28,True,False,False,Empire 8,Landmark Conference,iii,iii,
3,regular,2024-09-14 17:00:00+00:00,Hope,Franklin,48,6,True,False,False,Michigan,Heartland,iii,iii,
3,regular,2024-09-14 17:00:00+00:00,Susquehanna,Brockport,27,21,True,False,False,Landmark Conference,Empire 8,iii,iii,
3,regular,2024-09-14 17:00:00+00:00,Ithaca,Endicott,7,13,True,False,False,Liberty League,Commonwealth Coast,iii,iii,
3,regular,2024-09-14 17:00:00+00:00,Framingham State,Vermont State Castleton,13,32,True,False,True,MSCAC,MSCAC,iii,iii,
3,regular,2024-09-14 17:00:00+00:00,Kalamazoo,Kenyon,28,7,True,False,False,Michigan,North Coast,iii,iii,
3,regular,2024-09-14 17:00:00+00:00,Shorter,Webber International,0,0,True,False,False,Gulf South,,ii,,
3,regular,2024-09-14 17:00:00+00:00,Brevard,Hampden Sydney,30,51,True,False,False,USA South,Old Dominion,iii,iii,
3,regular,2024-09-14 17:00:00+00:00,Berry,DePauw,0,33,True,False,False,Southern Athletic,North Coast,iii,iii,
3,regular,2024-09-14 17:00:00+00:00,Buffalo,Massachusetts,34,3,True,False,False,Mid-American,FBS Independents,fbs,fbs,
3,regular,2024-09-14 17:00:00+00:00,Husson,Springfield,7,76,True,False,False,Commonwealth Coast,NEWMAC,iii,iii,
3,regular,2024-09-14 17:00:00+00:00,Rowan,McDaniel,30,20,True,False,False,New Jersey,Centennial,iii,iii,
3,regular,2024-09-14 17:00:00+00:00,Middlebury,Wesleyan (CT),7,43,True,False,True,NESCAC,NESCAC,iii,iii,
3,regular,2024-09-14 17:00:00+00:00,Lenoir Rhyne,Tiffin,38,17,True,False,False,South Atlantic,Great Midwest Athletic,ii,ii,
3,regular,2024-09-14 17:00:00+00:00,King's,Misericordia,41,14,True,False,True,Mid Atlantic,Mid Atlantic,iii,iii,
3,regular,2024-09-14 17:00:00+00:00,William Paterson,Dickinson,0,24,True,False,False,New Jersey,Centennial,iii,iii,
3,regular,2024-09-14 17:00:00+00:00,North Carolina A&T,Delaware,13,42,True,False,True,Coastal Athletic,CAA,fcs,fcs,
3,regular,2024-09-14 17:00:00+00:00,Allegheny,Saint Vincent,20,41,True,False,True,Presidents',Presidents',iii,iii,
3,regular,2024-09-14 17:00:00+00:00,Olivet,Wooster,27,23,True,False,False,Michigan,North Coast,iii,iii,
3,regular,2024-09-14 17:00:00+00:00,West Liberty,Frostburg State,23,57,True,False,True,Mountain East,Mountain East,ii,ii,
3,regular,2024-09-14 17:00:00+00:00,Trinity (CT),Colby,17,7,True,False,True,NESCAC,NESCAC,iii,iii,
3,regular,2024-09-14 17:00:00+00:00,Amherst,Bates,19,7,True,False,True,NESCAC,NESCAC,iii,iii,
3,regular,2024-09-14 17:00:00+00:00,Shippensburg,Clarion,24,21,True,False,True,Pennsylvania State Athletic,Pennsylvania State Athletic,ii,ii,
3,regular,2024-09-14 17:00:00+00:00,Illinois State,Western Illinois,51,34,True,False,False,MVFC,Big South-OVC,fcs,fcs,
3,regular,2024-09-14 17:00:00+00:00,Denison,Alma,30,38,True,False,False,North Coast,Michigan,iii,iii,
3,regular,2024-09-14 17:00:00+00:00,Oberlin,Anderson (IN),6,20,True,False,False,North Coast,Heartland,iii,iii,
3,regular,2024-09-14 17:00:00+00:00,Johnson C. Smith,Lincoln (PA),52,6,True,False,True,CIAA,CIAA,ii,ii,
3,regular,2024-09-14 17:00:00+00:00,Fort Valley State,Kentucky State,42,0,True,False,True,SIAC,SIAC,ii,ii,
3,regular,2024-09-14 17:00:00+00:00,Emory & Henry,Bluefield State,40,13,True,False,False,South Atlantic,CIAA,ii,ii,
3,regular,2024-09-14 17:00:00+00:00,Catholic,Capital,38,20,True,False,False,Landmark Conference,Ohio,iii,iii,
3,regular,2024-09-14 17:00:00+00:00,Wayne State (MI),Findlay,30,42,True,False,False,GLIAC,Great Midwest Athletic,ii,ii,
3,regular,2024-09-14 17:00:00+00:00,Erskine,Elizabeth City State,0,20,True,False,False,Gulf South,CIAA,ii,ii,
3,regular,2024-09-14 17:00:00+00:00,Albion,Bluffton,56,21,True,False,False,Michigan,Heartland,iii,iii,
3,regular,2024-09-14 17:00:00+00:00,Moravian,Utica,18,13,True,False,False,Landmark Conference,Empire 8,iii,iii,
3,regular,2024-09-14 17:00:00+00:00,Keystone,Hartwick,51,26,True,False,False,Landmark Conference,Empire 8,iii,iii,
3,regular,2024-09-14 17:00:00+00:00,Saint Anselm,Bentley,0,3,True,False,True,Northeast 10,Northeast 10,ii,ii,
3,regular,2024-09-14 17:00:00+00:00,Fordham,Stony Brook,21,27,True,False,False,Patriot,Coastal Athletic,fcs,fcs,
3,regular,2024-09-14 17:00:00+00:00,Florida Memorial University,Clark Atlanta,28,28,True,True,False,,SIAC,,ii,
3,regular,2024-09-14 17:00:00+00:00,Presbyterian,Virginia Lynchburg,52,0,True,False,False,Pioneer,,fcs,,
3,regular,2024-09-14 17:00:00+00:00,Kean,Ursinus,17,31,True,False,False,New Jersey,Centennial,iii,iii,
3,regular,2024-09-14 17:00:00+00:00,Northwood,Saginaw Valley State,10,7,True,False,False,Great Midwest Athletic,GLIAC,ii,ii,
3,regular,2024-09-14 17:30:00+00:00,Wilmington (OH),Baldwin Wallace,7,42,True,False,True,Ohio,Ohio,iii,iii,
3,regular,2024-09-14 17:30:00+00:00,Williams,Hamilton,42,7,True,False,True,NESCAC,NESCAC,iii,iii,
3,regular,2024-09-14 18:00:00+00:00,Washburn,Colorado School of Mines,28,31,True,False,False,Mid America,Rocky Mountain,ii,ii,
3,regular,2024-09-14 18:00:00+00:00,South Dakota Mines,Upper Iowa,17,10,True,False,False,Rocky Mountain,Great Lakes,ii,ii,
3,regular,2024-09-14 18:00:00+00:00,Chicago,Monmouth (IL),21,34,True,False,True,Midwest,Midwest,iii,iii,
3,regular,2024-09-14 18:00:00+00:00,Lake Forest,Illinois College,42,35,True,False,True,Midwest,Midwest,iii,iii,
3,regular,2024-09-14 18:00:00+00:00,St. Scholastica,Rockford,24,31,True,False,False,Minnesota,NACC,iii,iii,
3,regular,2024-09-14 18:00:00+00:00,St. Thomas (MN),Black Hills State,24,14,True,False,False,Pioneer,Rocky Mountain,fcs,ii,
3,regular,2024-09-14 18:00:00+00:00,Furman,Stetson,48,7,True,False,False,Southern,Pioneer,fcs,fcs,
3,regular,2024-09-14 18:00:00+00:00,Saint John's (MN),Wartburg,35,13,True,False,False,Minnesota,American Rivers,iii,iii,
3,regular,2024-09-14 18:00:00+00:00,Wisconsin Lutheran,Buena Vista,44,13,True,False,False,NACC,American Rivers,iii,iii,
3,regular,2024-09-14 18:00:00+00:00,Sewanee,Westminster (MO),42,0,True,False,False,Southern Athletic,Upper Midwest,iii,iii,
3,regular,2024-09-14 18:00:00+00:00,Washington and Lee,Apprentice School,68,28,True,False,False,Old Dominion,Independent DIII,iii,iii,
3,regular,2024-09-14 18:00:00+00:00,Ripon,Grinnell,23,19,True,False,True,Midwest,Midwest,iii,iii,
3,regular,2024-09-14 18:00:00+00:00,Bloomsburg,Seton Hill,14,15,True,False,True,Pennsylvania State Athletic,Pennsylvania State Athletic,ii,ii,
3,regular,2024-09-14 18:00:00+00:00,Wisconsin La Crosse,Northern Michigan,35,21,True,False,False,Wisconsin,GLIAC,iii,ii,
3,regular,2024-09-14 18:00:00+00:00,Westfield State,Bridgewater State,24,17,True,False,True,MSCAC,MSCAC,iii,iii,
3,regular,2024-09-14 18:00:00+00:00,Richmond,Charleston Southern,38,0,True,False,False,Coastal Athletic,Big South-OVC,fcs,fcs,
3,regular,2024-09-14 18:00:00+00:00,Wabash,Ohio Wesleyan,30,13,True,False,True,North Coast,North Coast,iii,iii,
3,regular,2024-09-14 18:00:00+00:00,Bridgewater,Southern Virginia,80,0,True,False,False,Old Dominion,USA South,iii,iii,
3,regular,2024-09-14 18:00:00+00:00,Youngstown State,Duquesne,25,28,True,False,False,MVFC,NEC,fcs,fcs,
3,regular,2024-09-14 18:00:00+00:00,Mayville State,Nebraska Wesleyan,24,34,True,True,False,,American Rivers,,iii,
3,regular,2024-09-14 18:00:00+00:00,North Dakota,Idaho State,52,28,True,False,False,MVFC,Big Sky,fcs,fcs,
3,regular,2024-09-14 18:00:00+00:00,Sul Ross State,Wayland Baptist,52,51,True,False,False,Lone Star,,ii,,
3,regular,2024-09-14 18:00:00+00:00,Bryant,Holy Cross,22,43,True,False,False,Coastal Athletic,Patriot,fcs,fcs,
3,regular,2024-09-14 18:00:00+00:00,Sioux Falls,University of Mary,35,33,True,False,True,Northern Sun,Northern Sun,ii,ii,
3,regular,2024-09-14 18:00:00+00:00,St. Olaf,Luther,53,7,True,False,False,Minnesota,American Rivers,iii,iii,
3,regular,2024-09-14 18:00:00+00:00,Lawrence,Cornell (IA),21,31,True,False,True,Midwest,Midwest,iii,iii,
3,regular,2024-09-14 18:00:00+00:00,Wisconsin Eau Claire,Coe,41,43,True,False,False,Wisconsin,American Rivers,iii,iii,
3,regular,2024-09-14 18:00:00+00:00,Roosevelt,Wisconsin Whitewater,14,24,True,True,False,GLIAC,Wisconsin,ii,iii,
3,regular,2024-09-14 18:00:00+00:00,Temple,Coastal Carolina,20,28,True,False,False,American Athletic,Sun Belt,fbs,fbs,
3,regular,2024-09-14 18:00:00+00:00,St. Norbert,Wisconsin Stevens Point,3,24,True,False,False,NACC,Wisconsin,iii,iii,
3,regular,2024-09-14 18:30:00+00:00,Wisconsin Oshkosh,Linfield,28,21,True,False,False,Wisconsin,Northwest,iii,iii,
3,regular,2024-09-14 18:30:00+00:00,Lake Erie,Post,28,27,True,False,False,Great Midwest Athletic,Northeast 10,ii,ii,
3,regular,2024-09-14 19:00:00+00:00,Bemidji State,Southwest Minnesota State,33,0,True,False,True,Northern Sun,Northern Sun,ii,ii,
3,regular,2024-09-14 19:00:00+00:00,Concord,UVA Wise,0,28,True,False,False,Mountain East,South Atlantic,ii,ii,
3,regular,2024-09-14 19:00:00+00:00,Colorado Mesa,Central Washington,12,28,True,False,False,Rocky Mountain,Lone Star,ii,ii,
3,regular,2024-09-14 19:00:00+00:00,Montclair State,Gettysburg,27,26,True,False,False,New Jersey,Centennial,iii,iii,
3,regular,2024-09-14 19:00:00+00:00,Dickinson State University,Wisconsin Stout,20,22,True,True,False,,Wisconsin,,iii,
3,regular,2024-09-14 19:00:00+00:00,Wingate,Delta State,21,7,True,False,False,South Atlantic,Gulf South,ii,ii,
3,regular,2024-09-14 19:00:00+00:00,Montana,Morehead State,59,2,True,False,False,Big Sky,Pioneer,fcs,fcs,
3,regular,2024-09-14 19:00:00+00:00,Minot State,Northern State,17,14,True,False,True,Northern Sun,Northern Sun,ii,ii,
3,regular,2024-09-14 19:00:00+00:00,Minnesota Duluth,Minnesota St Moorhead,29,30,True,False,True,Northern Sun,Northern Sun,ii,ii,
3,regular,2024-09-14 19:00:00+00:00,The College of New Jersey,Franklin & Marshall,17,13,True,False,False,New Jersey,Centennial,iii,iii,
3,regular,2024-09-14 19:00:00+00:00,Delaware State,Wagner,7,30,True,False,False,MEAC,NEC,fcs,fcs,
3,regular,2024-09-14 19:00:00+00:00,Howard,Morehouse,35,21,True,True,False,MEAC,SIAC,fcs,ii,
3,regular,2024-09-14 19:30:00+00:00,Minnesota,Nevada,27,0,True,False,False,Big Ten,Mountain West,fbs,fbs,
3,regular,2024-09-14 19:30:00+00:00,Michigan State,Prairie View A&M,40,0,True,False,False,Big Ten,SWAC,fbs,fcs,
3,regular,2024-09-14 19:30:00+00:00,Georgia Tech,VMI,59,7,True,False,False,ACC,Southern,fbs,fcs,
3,regular,2024-09-14 19:30:00+00:00,Florida,Texas A&M,20,33,True,False,True,SEC,SEC,fbs,fbs,
3,regular,2024-09-14 19:30:00+00:00,Washington,Washington State,19,24,True,True,False,Big Ten,Pac-12,fbs,fbs,
3,regular,2024-09-14 19:30:00+00:00,Purdue,Notre Dame,7,66,True,False,False,Big Ten,FBS Independents,fbs,fbs,
3,regular,2024-09-14 19:30:00+00:00,Miami,Ball State,62,0,True,False,False,ACC,Mid-American,fbs,fbs,
3,regular,2024-09-14 19:30:00+00:00,Pittsburgh,West Virginia,38,34,True,False,False,ACC,Big 12,fbs,fbs,
3,regular,2024-09-14 19:30:00+00:00,Oklahoma,Tulane,34,19,True,False,False,SEC,American Athletic,fbs,fbs,
3,regular,2024-09-14 19:30:00+00:00,Concordia Chicago,Manchester,28,27,True,False,False,NACC,Heartland,iii,iii,
3,regular,2024-09-14 19:30:00+00:00,Oregon State,Oregon,14,49,True,False,False,Pac-12,Big Ten,fbs,fbs,
3,regular,2024-09-14 19:30:00+00:00,Maine,Monmouth,22,51,True,False,True,Coastal Athletic,Coastal Athletic,fcs,fcs,
3,regular,2024-09-14 19:30:00+00:00,Villanova,Towson,14,13,True,False,True,Coastal Athletic,Coastal Athletic,fcs,fcs,
3,regular,2024-09-14 19:30:00+00:00,Ohio,Morgan State,21,6,True,False,False,Mid-American,MEAC,fbs,fcs,
3,regular,2024-09-14 20:00:00+00:00,Cal Lutheran,Central College,10,35,True,False,False,So. Cal.,American Rivers,iii,iii,
3,regular,2024-09-14 20:00:00+00:00,Iowa,Troy,38,21,True,False,False,Big Ten,Sun Belt,fbs,fbs,
3,regular,2024-09-14 20:00:00+00:00,Salisbury,Muhlenberg,59,38,True,False,False,New Jersey,Centennial,iii,iii,
3,regular,2024-09-14 20:00:00+00:00,Portland State,South Dakota,0,0,True,False,False,Big Sky,MVFC,fcs,fcs,
3,regular,2024-09-14 20:00:00+00:00,Idaho,UAlbany,41,13,True,False,False,Big Sky,Coastal Athletic,fcs,fcs,
3,regular,2024-09-14 20:00:00+00:00,Pacific Lutheran,Concordia (MN),3,31,True,False,False,Northwest,Minnesota,iii,iii,
3,regular,2024-09-14 20:00:00+00:00,Northern Colorado,Abilene Christian,22,24,True,False,False,Big Sky,UAC,fcs,fcs,
3,regular,2024-09-14 20:00:00+00:00,Union,SUNY Maritime,18,15,True,False,False,Liberty League,NEWMAC,iii,iii,
3,regular,2024-09-14 20:00:00+00:00,Puget Sound,Southwestern U,19,47,True,False,False,Northwest,Southern Athletic,iii,iii,
3,regular,2024-09-14 20:00:00+00:00,Fort Lewis,Phoenix,17,12,True,False,False,Rocky Mountain,,ii,,
3,regular,2024-09-14 20:00:00+00:00,East Carolina,App State,19,21,True,False,False,American Athletic,Sun Belt,fbs,fbs,
3,regular,2024-09-14 20:00:00+00:00,Norfolk State,Hampton,7,37,True,False,False,MEAC,Coastal Athletic,fcs,fcs,
3,regular,2024-09-14 20:00:00+00:00,Whitworth,Eastern Oregon,31,19,True,False,False,Northwest,,iii,,
3,regular,2024-09-14 20:15:00+00:00,Arkansas,UAB,37,27,True,False,False,SEC,American Athletic,fbs,fbs,
3,regular,2024-09-14 20:30:00+00:00,Utah State,Utah,21,38,True,False,False,Mountain West,Big 12,fbs,fbs,
3,regular,2024-09-14 21:00:00+00:00,Alcorn State,Edward Waters,38,7,True,False,False,SWAC,SIAC,fcs,ii,
3,regular,2024-09-14 21:00:00+00:00,Christopher Newport,Johns Hopkins,3,14,True,False,False,New Jersey,Centennial,iii,iii,
3,regular,2024-09-14 21:30:00+00:00,East Tennessee State,North Dakota State,35,38,True,False,False,Southern,MVFC,fcs,fcs,
3,regular,2024-09-14 22:00:00+00:00,Bucknell,Merrimack,21,31,True,False,False,Patriot,FCS Independents,fcs,fcs,
3,regular,2024-09-14 22:00:00+00:00,Chowan,Barton,20,24,True,False,False,Gulf South,South Atlantic,ii,ii,
3,regular,2024-09-14 22:00:00+00:00,Ferris State,Ashland,43,3,True,False,False,GLIAC,Great Midwest Athletic,ii,ii,
3,regular,2024-09-14 22:00:00+00:00,Indianapolis,Truman State,41,34,True,False,True,Great Lakes,Great Lakes,ii,ii,
3,regular,2024-09-14 22:00:00+00:00,Tufts,Bowdoin,23,21,True,False,True,NESCAC,NESCAC,iii,iii,
3,regular,2024-09-14 22:00:00+00:00,Elon,Western Carolina,17,24,True,False,False,Coastal Athletic,Southern,fcs,fcs,
3,regular,2024-09-14 22:00:00+00:00,Old Dominion,Virginia Tech,17,37,True,False,False,Sun Belt,ACC,fbs,fbs,
3,regular,2024-09-14 22:00:00+00:00,Liberty,UTEP,28,10,True,False,True,Conference USA,Conference USA,fbs,fbs,
3,regular,2024-09-14 22:00:00+00:00,Florida Atlantic,Florida International,38,20,True,False,False,American Athletic,Conference USA,fbs,fbs,
3,regular,2024-09-14 22:00:00+00:00,Anderson (SC),LaGrange,44,14,True,True,False,South Atlantic,USA South,ii,iii,
3,regular,2024-09-14 22:00:00+00:00,Georgia Southern,South Carolina State,42,14,True,False,False,Sun Belt,MEAC,fbs,fcs,
3,regular,2024-09-14 22:00:00+00:00,Winston-Salem State,Ohio Dominican,19,13,True,False,False,CIAA,Great Midwest Athletic,ii,ii,
3,regular,2024-09-14 22:00:00+00:00,North Carolina,North Carolina Central,45,10,True,False,False,ACC,MEAC,fbs,fcs,
3,regular,2024-09-14 22:00:00+00:00,Saint Francis (IN),Defiance College,64,36,True,True,False,,,,,
3,regular,2024-09-14 22:00:00+00:00,North Carolina Wesleyan,Ferrum,24,28,True,False,False,USA South,Old Dominion,iii,iii,
3,regular,2024-09-14 22:00:00+00:00,Lock Haven,IU Pennsylvania,17,20,True,False,True,Pennsylvania State Athletic,Pennsylvania State Athletic,ii,ii,
3,regular,2024-09-14 22:00:00+00:00,New Hampshire,Stonehill,45,6,True,False,False,Coastal Athletic,NEC,fcs,fcs,
3,regular,2024-09-14 22:00:00+00:00,Savannah State,Central State,3,10,True,False,True,SIAC,SIAC,ii,ii,
3,regular,2024-09-14 22:00:00+00:00,Livingstone,Allen,23,21,True,False,False,CIAA,SIAC,ii,ii,
3,regular,2024-09-14 22:00:00+00:00,Duke,UConn,26,21,True,False,False,ACC,FBS Independents,fbs,fbs,
3,regular,2024-09-14 22:00:00+00:00,Shaw,Catawba,28,37,True,False,False,CIAA,South Atlantic,ii,ii,
3,regular,2024-09-14 22:00:00+00:00,Rhode Island,Campbell,21,9,True,False,True,Coastal Athletic,Coastal Athletic,fcs,fcs,
3,regular,2024-09-14 22:00:00+00:00,Butler,Hanover,53,0,True,False,False,Pioneer,Heartland,fcs,iii,
3,regular,2024-09-14 22:00:00+00:00,Charlotte,Gardner-Webb,27,26,True,False,False,American Athletic,Big South-OVC,fbs,fcs,
3,regular,2024-09-14 22:00:00+00:00,Akron,Colgate,31,20,True,False,False,Mid-American,Patriot,fbs,fcs,
3,regular,2024-09-14 22:00:00+00:00,Eastern Kentucky,West Georgia,26,7,True,False,True,UAC,UAC,fcs,fcs,
3,regular,2024-09-14 22:00:00+00:00,Wofford,William & Mary,21,28,True,False,False,Southern,Coastal Athletic,fcs,fcs,
3,regular,2024-09-14 22:00:00+00:00,Benedict,Lane College,27,32,True,False,True,SIAC,SIAC,ii,ii,
3,regular,2024-09-14 22:00:00+00:00,Indiana State,Dayton,24,13,True,False,False,MVFC,Pioneer,fcs,fcs,
3,regular,2024-09-14 22:00:00+00:00,Chattanooga,Mercer,3,10,True,False,True,Southern,Southern,fcs,fcs,
3,regular,2024-09-14 22:05:00+00:00,East Stroudsburg,Gannon,24,7,True,False,True,Pennsylvania State Athletic,Pennsylvania State Athletic,ii,ii,
3,regular,2024-09-14 22:30:00+00:00,Western Michigan,Bethune-Cookman,59,31,True,False,False,Mid-American,SWAC,fbs,fcs,
3,regular,2024-09-14 22:30:00+00:00,Wake Forest,Ole Miss,6,40,True,False,False,ACC,SEC,fbs,fbs,
3,regular,2024-09-14 22:30:00+00:00,West Virginia Wesleyan,Wheeling,14,52,True,False,True,Mountain East,Mountain East,ii,ii,
3,regular,2024-09-14 23:00:00+00:00,Loras,Benedictine (IL),22,27,True,False,False,American Rivers,NACC,iii,iii,
3,regular,2024-09-14 23:00:00+00:00,Sam Houston,Hawai'i,31,13,True,False,False,Conference USA,Mountain West,fbs,fbs,
3,regular,2024-09-14 23:00:00+00:00,Davidson,Point University,42,12,True,False,False,Pioneer,,fcs,,
3,regular,2024-09-14 23:00:00+00:00,Austin,Rhodes,13,49,True,False,False,Southern Collegiate Athletic,Southern Athletic,iii,iii,
3,regular,2024-09-14 23:00:00+00:00,Southern Miss,South Florida,24,49,True,False,False,Sun Belt,American Athletic,fbs,fbs,
3,regular,2024-09-14 23:00:00+00:00,Northwestern (MN),Bethel (MN),3,49,True,False,False,Upper Midwest,Minnesota,iii,iii,
3,regular,2024-09-14 23:00:00+00:00,McMurry,Lyon,48,6,True,False,True,Southern Collegiate Athletic,Southern Collegiate Athletic,iii,iii,
3,regular,2024-09-14 23:00:00+00:00,Texas Lutheran,Centenary (LA),31,8,True,False,True,Southern Collegiate Athletic,Southern Collegiate Athletic,iii,iii,
3,regular,2024-09-14 23:00:00+00:00,Aurora,North Central College,21,48,True,False,False,NACC,CCIW,iii,iii,
3,regular,2024-09-14 23:00:00+00:00,Jackson State,Southern,33,15,True,False,True,SWAC,SWAC,fcs,fcs,
3,regular,2024-09-14 23:00:00+00:00,Rose Hulman,Trine,33,39,True,False,False,Heartland,Michigan,iii,iii,
3,regular,2024-09-14 23:00:00+00:00,Adrian,Madonna University (Mich.),38,20,True,False,False,Michigan,,iii,,
3,regular,2024-09-14 23:00:00+00:00,Mississippi College,Texas A&M-Kingsville,7,27,True,False,False,Gulf South,Lone Star,ii,ii,
3,regular,2024-09-14 23:00:00+00:00,West Alabama,Limestone,33,14,True,False,False,Gulf South,South Atlantic,ii,ii,
3,regular,2024-09-14 23:00:00+00:00,Guilford,Methodist,14,12,True,False,False,Old Dominion,USA South,iii,iii,
3,regular,2024-09-14 23:00:00+00:00,Angelo State,Eastern New Mexico,26,20,True,False,True,Lone Star,Lone Star,ii,ii,
3,regular,2024-09-14 23:00:00+00:00,Belhaven,Trinity (TX),10,55,True,False,False,USA South,Southern Athletic,iii,iii,
3,regular,2024-09-14 23:00:00+00:00,Simpson (IA),Crown,39,7,True,False,False,American Rivers,Upper Midwest,iii,iii,
3,regular,2024-09-14 23:00:00+00:00,Valdosta State,Fayetteville State,34,0,True,False,False,Gulf South,CIAA,ii,ii,
3,regular,2024-09-14 23:00:00+00:00,Case Western Reserve,Bethany (WV),64,6,True,False,True,Presidents',Presidents',iii,iii,
3,regular,2024-09-14 23:00:00+00:00,Centre,Maryville (TN),17,14,True,False,False,Southern Athletic,USA South,iii,iii,
3,regular,2024-09-14 23:00:00+00:00,Thomas More,Kentucky Christian,50,0,True,True,False,Great Midwest Athletic,,ii,,
3,regular,2024-09-14 23:00:00+00:00,Wayne State (NE),Minnesota State,28,35,True,False,True,Northern Sun,Northern Sun,ii,ii,
3,regular,2024-09-14 23:00:00+00:00,Eureka,Greenville,7,27,True,False,False,NACC,Upper Midwest,iii,iii,
3,regular,2024-09-14 23:00:00+00:00,Thiel,Washington & Jefferson,7,58,True,False,True,Presidents',Presidents',iii,iii,
3,regular,2024-09-14 23:00:00+00:00,Southwest Baptist,Oklahoma Panhandle,42,10,True,False,False,Great Lakes,Independent DII,ii,ii,
3,regular,2024-09-14 23:00:00+00:00,Kentucky Wesleyan,William Jewell,16,23,True,False,False,Great Midwest Athletic,Great Lakes,ii,ii,
3,regular,2024-09-14 23:00:00+00:00,Beloit,Knox,13,17,True,False,True,Midwest,Midwest,iii,iii,
3,regular,2024-09-14 23:00:00+00:00,Macalester,Martin Luther,7,10,True,False,False,Minnesota,Upper Midwest,iii,iii,
3,regular,2024-09-14 23:00:00+00:00,Hamline,Minnesota Morris,25,20,True,False,False,Minnesota,Upper Midwest,iii,iii,
3,regular,2024-09-14 23:00:00+00:00,Newberry,Keiser (Fl),16,21,True,False,False,South Atlantic,,ii,,
3,regular,2024-09-14 23:00:00+00:00,Houston Christian,Louisiana Christian,70,7,True,False,False,Southland,,fcs,,
3,regular,2024-09-14 23:00:00+00:00,East Texas A&M,Grambling,28,35,True,False,False,Southland,SWAC,fcs,fcs,
3,regular,2024-09-14 23:00:00+00:00,South Dakota State,Augustana (SD),24,3,True,False,False,MVFC,Northern Sun,fcs,ii,
3,regular,2024-09-14 23:00:00+00:00,Tennessee State,Arkansas-Pine Bluff,41,28,True,True,False,Big South-OVC,SWAC,fcs,fcs,
3,regular,2024-09-14 23:00:00+00:00,UT Martin,North Alabama,43,28,True,False,False,Big South-OVC,UAC,fcs,fcs,
3,regular,2024-09-14 23:00:00+00:00,Lamar,Weber State,17,16,True,False,False,Southland,Big Sky,fcs,fcs,
3,regular,2024-09-14 23:00:00+00:00,Middle Tennessee,Western Kentucky,21,49,True,False,True,Conference USA,Conference USA,fbs,fbs,
3,regular,2024-09-14 23:00:00+00:00,Alabama A&M,Georgetown College Kentucky,24,16,True,False,False,SWAC,,fcs,,
3,regular,2024-09-14 23:00:00+00:00,San José State,Kennesaw State,31,10,True,False,False,Mountain West,Conference USA,fbs,fbs,
3,regular,2024-09-14 23:00:00+00:00,SE Louisiana,Eastern Washington,28,24,True,False,False,Southland,Big Sky,fcs,fcs,
3,regular,2024-09-14 23:00:00+00:00,Murray State,Mississippi Valley State,59,8,True,False,False,MVFC,SWAC,fcs,fcs,
3,regular,2024-09-14 23:00:00+00:00,Southern Nazarene,Arkansas Tech,6,26,True,False,True,Great American,Great American,ii,ii,
3,regular,2024-09-14 23:00:00+00:00,Central Arkansas,Austin Peay,45,17,True,False,True,UAC,UAC,fcs,fcs,
3,regular,2024-09-14 23:00:00+00:00,Southern Illinois,Incarnate Word,35,28,True,False,False,MVFC,Southland,fcs,fcs,
3,regular,2024-09-14 23:00:00+00:00,Alfred State,Rochester (NY),0,28,True,False,False,ECFC,Liberty League,iii,iii,
3,regular,2024-09-14 23:00:00+00:00,Pacific (OR),Lewis & Clark,34,24,True,False,True,Northwest,Northwest,iii,iii,
3,regular,2024-09-14 23:00:00+00:00,Missouri S&T,Lincoln (CA),45,6,True,False,False,Great Lakes,Independent DII,ii,ii,
3,regular,2024-09-14 23:00:00+00:00,Henderson State,Southeastern Oklahoma State,34,17,True,False,True,Great American,Great American,ii,ii,
3,regular,2024-09-14 23:00:00+00:00,Southern Arkansas,East Central,28,20,True,False,True,Great American,Great American,ii,ii,
3,regular,2024-09-14 23:00:00+00:00,Missouri State,Lindenwood,28,14,True,False,False,MVFC,Big South-OVC,fcs,fcs,
3,regular,2024-09-14 23:00:00+00:00,Southwestern Oklahoma State,Arkansas Monticello,28,39,True,False,True,Great American,Great American,ii,ii,
3,regular,2024-09-14 23:00:00+00:00,Samford,Alabama State,12,7,True,False,False,Southern,SWAC,fcs,fcs,
3,regular,2024-09-14 23:00:00+00:00,UT Permian Basin,Adams State,67,14,True,False,False,Lone Star,Rocky Mountain,ii,ii,
3,regular,2024-09-14 23:00:00+00:00,Texas,UTSA,56,7,True,False,False,SEC,American Athletic,fbs,fbs,
3,regular,2024-09-14 23:00:00+00:00,Georgia State,Vanderbilt,36,32,True,False,False,Sun Belt,SEC,fbs,fbs,
3,regular,2024-09-14 23:00:00+00:00,Missouri Western,Missouri Southern State,35,27,True,False,True,Mid America,Mid America,ii,ii,
3,regular,2024-09-14 23:00:00+00:00,Northwest Missouri State,Fort Hays,32,20,True,False,True,Mid America,Mid America,ii,ii,
3,regular,2024-09-14 23:00:00+00:00,Eastern Michigan,Jacksonville State,37,34,True,False,False,Mid-American,Conference USA,fbs,fbs,
3,regular,2024-09-14 23:00:00+00:00,Nelson (TX),Howard Payne,29,27,True,True,False,,American Southwest,,iii,
3,regular,2024-09-14 23:30:00+00:00,Colorado State,Colorado,9,28,True,False,False,Mountain West,Big 12,fbs,fbs,
3,regular,2024-09-14 23:30:00+00:00,Valparaiso,Indiana Wesleyan,20,17,True,False,False,Pioneer,,fcs,,
3,regular,2024-09-14 23:30:00+00:00,Northwestern,Eastern Illinois,31,7,True,True,False,Big Ten,Big South-OVC,fbs,fcs,
3,regular,2024-09-14 23:30:00+00:00,UCLA,Indiana,13,42,True,False,True,Big Ten,Big Ten,fbs,fbs,
3,regular,2024-09-14 23:30:00+00:00,Baylor,Air Force,31,3,True,False,False,Big 12,Mountain West,fbs,fbs,
3,regular,2024-09-14 23:30:00+00:00,Auburn,New Mexico,45,19,True,False,False,SEC,Mountain West,fbs,fbs,
3,regular,2024-09-14 23:30:00+00:00,Nebraska,Northern Iowa,34,3,True,False,False,Big Ten,MVFC,fbs,fcs,
3,regular,2024-09-14 23:30:00+00:00,Concordia St. Paul,Winona State,14,31,True,False,True,Northern Sun,Northern Sun,ii,ii,
3,regular,2024-09-14 23:30:00+00:00,TCU,UCF,34,35,True,False,True,Big 12,Big 12,fbs,fbs,
3,regular,2024-09-14 23:30:00+00:00,Mississippi State,Toledo,17,41,True,False,False,SEC,Mid-American,fbs,fbs,
3,regular,2024-09-14 23:30:00+00:00,Kentucky,Georgia,12,13,True,False,True,SEC,SEC,fbs,fbs,
3,regular,2024-09-14 23:45:00+00:00,Tennessee,Kent State,71,0,True,False,False,SEC,Mid-American,fbs,fbs,
3,regular,2024-09-15 00:00:00+00:00,Southern Utah,UC Davis,21,24,True,False,False,UAC,Big Sky,fcs,fcs,
3,regular,2024-09-15 00:00:00+00:00,Virginia,Maryland,13,27,True,False,False,ACC,Big Ten,fbs,fbs,
3,regular,2024-09-15 00:00:00+00:00,CSU Pueblo,Grand Valley State,21,24,True,False,False,Rocky Mountain,GLIAC,ii,ii,
3,regular,2024-09-15 00:00:00+00:00,McNeese,Stephen F. Austin,28,24,True,False,True,Southland,Southland,fcs,fcs,
3,regular,2024-09-15 00:00:00+00:00,Cal Poly,Western Oregon,31,14,True,False,False,Big Sky,Lone Star,fcs,ii,
3,regular,2024-09-15 00:00:00+00:00,Oklahoma Baptist,Harding,7,59,True,False,True,Great American,Great American,ii,ii,
3,regular,2024-09-15 00:00:00+00:00,Wisconsin Platteville,Dubuque,38,7,True,False,False,Wisconsin,American Rivers,iii,iii,
3,regular,2024-09-15 00:00:00+00:00,Pittsburg State,Emporia State,21,24,True,False,True,Mid America,Mid America,ii,ii,
3,regular,2024-09-15 00:00:00+00:00,Houston,Rice,33,7,True,False,False,Big 12,American Athletic,fbs,fbs,
3,regular,2024-09-15 00:00:00+00:00,Western New Mexico,New Mexico Highlands,36,33,True,False,False,Lone Star,Rocky Mountain,ii,ii,
3,regular,2024-09-15 00:00:00+00:00,Central Oklahoma,Central Missouri,57,40,True,False,True,Mid America,Mid America,ii,ii,
3,regular,2024-09-15 00:00:00+00:00,West Texas,Western Colorado,17,26,True,False,False,Lone Star,Rocky Mountain,ii,ii,
3,regular,2024-09-15 00:00:00+00:00,Lincoln (MO),McKendree,19,34,True,False,True,Great Lakes,Great Lakes,ii,ii,
3,regular,2024-09-15 00:00:00+00:00,Hendrix,East Texas Baptist,28,63,True,False,False,Southern Athletic,American Southwest,iii,iii,
3,regular,2024-09-15 01:00:00+00:00,Wyoming,BYU,14,34,True,False,False,Mountain West,Big 12,fbs,fbs,
3,regular,2024-09-15 01:00:00+00:00,Utah Tech,Northern Arizona,17,45,True,False,False,UAC,Big Sky,fcs,fcs,
3,regular,2024-09-15 01:00:00+00:00,Sacramento State,Nicholls,34,7,True,False,False,Big Sky,Southland,fcs,fcs,
3,regular,2024-09-15 02:05:00+00:00,George Fox,Willamette,37,14,True,False,True,Northwest,Northwest,iii,iii,
3,regular,2024-09-15 02:30:00+00:00,Fresno State,New Mexico State,48,0,True,False,False,Mountain West,Conference USA,fbs,fbs,
3,regular,2024-09-15 02:30:00+00:00,California,San Diego State,31,10,True,False,False,ACC,Mountain West,fbs,fbs,
4,regular,2024-09-19 23:00:00+00:00,Arkansas Monticello,Harding,3,63,True,False,True,Great American,Great American,ii,ii,
4,regular,2024-09-19 23:00:00+00:00,Fairmont State,Glenville State,14,17,True,False,True,Mountain East,Mountain East,ii,ii,
4,regular,2024-09-19 23:30:00+00:00,App State,South Alabama,14,48,True,False,True,Sun Belt,Sun Belt,fbs,fbs,
4,regular,2024-09-20 00:00:00+00:00,Benedict,Edward Waters,31,28,True,False,True,SIAC,SIAC,ii,ii,
4,regular,2024-09-20 23:00:00+00:00,St. Lawrence,Western New England,14,28,True,False,False,Liberty League,Commonwealth Coast,iii,iii,
4,regular,2024-09-20 23:00:00+00:00,Bentley,Southern Connecticut State,34,24,True,False,True,Northeast 10,Northeast 10,ii,ii,
4,regular,2024-09-20 23:00:00+00:00,UMass Dartmouth,Framingham State,58,13,True,False,True,MSCAC,MSCAC,iii,iii,
4,regular,2024-09-20 23:00:00+00:00,Springfield,Union,37,20,True,False,False,NEWMAC,Liberty League,iii,iii,
4,regular,2024-09-20 23:00:00+00:00,Rensselaer,WPI,51,7,True,False,False,Liberty League,NEWMAC,iii,iii,
4,regular,2024-09-20 23:30:00+00:00,Syracuse,Stanford,24,26,True,False,True,ACC,ACC,fbs,fbs,
4,regular,2024-09-21 00:00:00+00:00,Nebraska,Illinois,24,31,True,False,True,Big Ten,Big Ten,fbs,fbs,
4,regular,2024-09-21 02:00:00+00:00,Washington State,San José State,54,52,True,False,False,Pac-12,Mountain West,fbs,fbs,
4,regular,2024-09-21 16:00:00+00:00,Utica,Lycoming,42,17,True,False,False,Empire 8,Landmark Conference,iii,iii,
4,regular,2024-09-21 16:00:00+00:00,Plymouth State,Bridgewater State,17,14,True,False,True,MSCAC,MSCAC,iii,iii,
4,regular,2024-09-21 16:00:00+00:00,Fitchburg State,Worcester State,14,20,True,False,True,MSCAC,MSCAC,iii,iii,
4,regular,2024-09-21 16:00:00+00:00,Endicott,Hilbert,58,0,True,False,False,Commonwealth Coast,Empire 8,iii,iii,
4,regular,2024-09-21 16:00:00+00:00,Dayton,Ave Maria University,49,7,True,False,False,Pioneer,,fcs,,
4,regular,2024-09-21 16:00:00+00:00,Susquehanna,SUNY Cortland,38,40,True,False,False,Landmark Conference,Empire 8,iii,iii,
4,regular,2024-09-21 16:00:00+00:00,Long Island University,Rhode Island,21,28,True,True,False,NEC,Coastal Athletic,fcs,fcs,
4,regular,2024-09-21 16:00:00+00:00,Lehigh,Princeton,35,20,True,False,False,Patriot,Ivy,fcs,fcs,
4,regular,2024-09-21 16:00:00+00:00,Harvard,Stetson,35,0,True,False,False,Ivy,Pioneer,fcs,fcs,
4,regular,2024-09-21 16:00:00+00:00,Fort Hays,Northeastern State,37,0,True,False,False,Mid America,Independent DII,ii,ii,
4,regular,2024-09-21 16:00:00+00:00,Dean,Curry,0,50,True,False,False,ECFC,Commonwealth Coast,iii,iii,
4,regular,2024-09-21 16:00:00+00:00,Misericordia,FDU Florham,20,35,True,False,True,Mid Atlantic,Mid Atlantic,iii,iii,
4,regular,2024-09-21 16:00:00+00:00,MIT,Alfred State,20,0,True,False,False,NEWMAC,ECFC,iii,iii,
4,regular,2024-09-21 16:00:00+00:00,Eastern,Lebanon Valley,24,40,True,True,True,Mid Atlantic,Mid Atlantic,iii,iii,
4,regular,2024-09-21 16:00:00+00:00,Louisiana,Tulane,33,41,True,False,False,Sun Belt,American Athletic,fbs,fbs,
4,regular,2024-09-21 16:00:00+00:00,Rochester (NY),Salve Regina,28,6,True,False,False,Liberty League,NEWMAC,iii,iii,
4,regular,2024-09-21 16:00:00+00:00,Cincinnati,Houston,34,0,True,False,True,Big 12,Big 12,fbs,fbs,
4,regular,2024-09-21 16:00:00+00:00,Maryland,Villanova,38,20,True,False,False,Big Ten,Coastal Athletic,fbs,fcs,
4,regular,2024-09-21 16:00:00+00:00,Indiana,Charlotte,52,14,True,False,False,Big Ten,American Athletic,fbs,fbs,
4,regular,2024-09-21 16:00:00+00:00,Shepherd,Clarion,27,9,True,False,True,Pennsylvania State Athletic,Pennsylvania State Athletic,ii,ii,
4,regular,2024-09-21 16:00:00+00:00,North Carolina Wesleyan,Huntingdon,28,49,True,False,True,USA South,USA South,iii,iii,
4,regular,2024-09-21 16:00:00+00:00,Ohio State,Marshall,49,14,True,False,False,Big Ten,Sun Belt,fbs,fbs,
4,regular,2024-09-21 16:00:00+00:00,Clemson,NC State,59,35,True,False,True,ACC,ACC,fbs,fbs,
4,regular,2024-09-21 16:00:00+00:00,Mississippi State,Florida,28,45,True,False,True,SEC,SEC,fbs,fbs,
4,regular,2024-09-21 16:00:00+00:00,Davenport,Central Missouri,31,32,True,False,False,GLIAC,Mid America,ii,ii,
4,regular,2024-09-21 16:00:00+00:00,American International,Saint Anselm,20,37,True,False,True,Northeast 10,Northeast 10,ii,ii,
4,regular,2024-09-21 16:00:00+00:00,Columbia,Lafayette,31,20,True,False,False,Ivy,Patriot,fcs,fcs,
4,regular,2024-09-21 16:00:00+00:00,Seton Hill,West Chester,27,24,True,False,True,Pennsylvania State Athletic,Pennsylvania State Athletic,ii,ii,
4,regular,2024-09-21 16:00:00+00:00,Army,Rice,37,14,True,False,True,American Athletic,American Athletic,fbs,fbs,
4,regular,2024-09-21 16:00:00+00:00,Vermont State Castleton,Mass Maritime,14,20,True,False,True,MSCAC,MSCAC,iii,iii,
4,regular,2024-09-21 16:00:00+00:00,Gannon,Kutztown,14,37,True,False,True,Pennsylvania State Athletic,Pennsylvania State Athletic,ii,ii,
4,regular,2024-09-21 16:00:00+00:00,New England,Gallaudet,27,13,True,False,False,Commonwealth Coast,ECFC,iii,iii,
4,regular,2024-09-21 16:00:00+00:00,Duquesne,West Virginia Wesleyan,35,0,True,False,False,NEC,Mountain East,fcs,ii,
4,regular,2024-09-21 16:00:00+00:00,West Virginia,Kansas,32,28,True,False,True,Big 12,Big 12,fbs,fbs,
4,regular,2024-09-21 16:00:00+00:00,Edinboro,Bloomsburg,27,32,True,False,True,Pennsylvania State Athletic,Pennsylvania State Athletic,ii,ii,
4,regular,2024-09-21 16:00:00+00:00,Findlay,Lake Erie,42,6,True,False,True,Great Midwest Athletic,Great Midwest Athletic,ii,ii,
4,regular,2024-09-21 16:00:00+00:00,North Carolina,James Madison,50,70,True,False,False,ACC,Sun Belt,fbs,fbs,
4,regular,2024-09-21 16:00:00+00:00,St. John Fisher,Keystone,42,40,True,False,False,Empire 8,Landmark Conference,iii,iii,
4,regular,2024-09-21 16:30:00+00:00,Randolph Macon,Berry,24,28,True,False,False,Old Dominion,Southern Athletic,iii,iii,
4,regular,2024-09-21 16:45:00+00:00,Kentucky,Ohio,41,6,True,False,False,SEC,Mid-American,fbs,fbs,
4,regular,2024-09-21 17:00:00+00:00,Lincoln (CA),Webber International,20,63,True,True,False,Independent DII,,ii,,
4,regular,2024-09-21 17:00:00+00:00,Colgate,Cornell,41,24,True,False,False,Patriot,Ivy,fcs,fcs,
4,regular,2024-09-21 17:00:00+00:00,Carson Newman,Wingate,31,28,True,False,True,South Atlantic,South Atlantic,ii,ii,
4,regular,2024-09-21 17:00:00+00:00,Dickinson,Kean,21,14,True,False,False,Centennial,New Jersey,iii,iii,
4,regular,2024-09-21 17:00:00+00:00,Hartwick,Juniata,30,37,True,False,False,Empire 8,Landmark Conference,iii,iii,
4,regular,2024-09-21 17:00:00+00:00,Mount St Joseph,Albion,49,14,True,False,False,Heartland,Michigan,iii,iii,
4,regular,2024-09-21 17:00:00+00:00,Muhlenberg,The College of New Jersey,55,52,True,False,False,Centennial,New Jersey,iii,iii,
4,regular,2024-09-21 17:00:00+00:00,Brockport,Wilkes,31,17,True,False,False,Empire 8,Landmark Conference,iii,iii,
4,regular,2024-09-21 17:00:00+00:00,Manchester,Kalamazoo,0,55,True,False,False,Heartland,Michigan,iii,iii,
4,regular,2024-09-21 17:00:00+00:00,Hampden Sydney,Centre,38,34,True,False,False,Old Dominion,Southern Athletic,iii,iii,
4,regular,2024-09-21 17:00:00+00:00,Hanover,Olivet,56,14,True,False,False,Heartland,Michigan,iii,iii,
4,regular,2024-09-21 17:00:00+00:00,DePauw,Wooster,51,14,True,False,True,North Coast,North Coast,iii,iii,
4,regular,2024-09-21 17:00:00+00:00,Hillsdale,Ashland,21,24,True,False,True,Great Midwest Athletic,Great Midwest Athletic,ii,ii,
4,regular,2024-09-21 17:00:00+00:00,Wisconsin Oshkosh,Michigan Tech,7,44,True,False,False,Wisconsin,GLIAC,iii,ii,
4,regular,2024-09-21 17:00:00+00:00,Northern Michigan,Alma,27,44,True,False,False,GLIAC,Michigan,ii,iii,
4,regular,2024-09-21 17:00:00+00:00,Brevard,Belhaven,42,26,True,False,True,USA South,USA South,iii,iii,
4,regular,2024-09-21 17:00:00+00:00,McDaniel,William Paterson,14,27,True,False,False,Centennial,New Jersey,iii,iii,
4,regular,2024-09-21 17:00:00+00:00,Saint Vincent,Grove City,7,56,True,False,True,Presidents',Presidents',iii,iii,
4,regular,2024-09-21 17:00:00+00:00,Trinity (TX),Washington and Lee,16,10,True,False,False,Southern Athletic,Old Dominion,iii,iii,
4,regular,2024-09-21 17:00:00+00:00,Guilford,Sewanee,44,35,True,False,False,Old Dominion,Southern Athletic,iii,iii,
4,regular,2024-09-21 17:00:00+00:00,Waynesburg,Washington & Jefferson,16,55,True,False,True,Presidents',Presidents',iii,iii,
4,regular,2024-09-21 17:00:00+00:00,Ohio Wesleyan,Oberlin,74,0,True,False,True,North Coast,North Coast,iii,iii,
4,regular,2024-09-21 17:00:00+00:00,Southern Virginia,Maryville (TN),6,54,True,False,True,USA South,USA South,iii,iii,
4,regular,2024-09-21 17:00:00+00:00,Hamilton,Amherst,7,21,True,False,True,NESCAC,NESCAC,iii,iii,
4,regular,2024-09-21 17:00:00+00:00,Colby,Williams,19,24,True,False,True,NESCAC,NESCAC,iii,iii,
4,regular,2024-09-21 17:00:00+00:00,Alvernia,King's,10,35,True,False,True,Mid Atlantic,Mid Atlantic,iii,iii,
4,regular,2024-09-21 17:00:00+00:00,Defiance College,Elgin,38,20,True,False,False,,,,,
4,regular,2024-09-21 17:00:00+00:00,New Haven,Franklin Pierce,45,34,True,False,True,Northeast 10,Northeast 10,ii,ii,
4,regular,2024-09-21 17:00:00+00:00,Nebraska Kearney,Central Oklahoma,17,32,True,False,True,Mid America,Mid America,ii,ii,
4,regular,2024-09-21 17:00:00+00:00,Post,Pace,21,23,True,True,True,Northeast 10,Northeast 10,ii,ii,
4,regular,2024-09-21 17:00:00+00:00,Mars Hill,Lenoir Rhyne,21,29,True,False,True,South Atlantic,South Atlantic,ii,ii,
4,regular,2024-09-21 17:00:00+00:00,Tusculum,Newberry,20,50,True,False,True,South Atlantic,South Atlantic,ii,ii,
4,regular,2024-09-21 17:00:00+00:00,Shippensburg,Slippery Rock,7,33,True,False,True,Pennsylvania State Athletic,Pennsylvania State Athletic,ii,ii,
4,regular,2024-09-21 17:00:00+00:00,Frostburg State,Concord,54,21,True,False,True,Mountain East,Mountain East,ii,ii,
4,regular,2024-09-21 17:00:00+00:00,SUNY Maritime,Anna Maria College,32,27,True,False,False,NEWMAC,ECFC,iii,iii,
4,regular,2024-09-21 17:00:00+00:00,Bowdoin,Middlebury,15,39,True,False,True,NESCAC,NESCAC,iii,iii,
4,regular,2024-09-21 17:00:00+00:00,Nichols,Coast Guard,56,47,True,False,False,Commonwealth Coast,NEWMAC,iii,iii,
4,regular,2024-09-21 17:00:00+00:00,Shaw,Lincoln (PA),48,14,True,False,True,CIAA,CIAA,ii,ii,
4,regular,2024-09-21 17:00:00+00:00,Georgetown,Brown,14,26,True,False,False,Patriot,Ivy,fcs,fcs,
4,regular,2024-09-21 17:00:00+00:00,Stevenson,Delaware Valley,21,20,True,False,True,Mid Atlantic,Mid Atlantic,iii,iii,
4,regular,2024-09-21 17:00:00+00:00,Dartmouth,Fordham,45,13,True,False,False,Ivy,Patriot,fcs,fcs,
4,regular,2024-09-21 17:00:00+00:00,Stonehill,Sacred Heart,35,21,True,False,False,NEC,FCS Independents,fcs,fcs,
4,regular,2024-09-21 17:00:00+00:00,Central State,Albany State,7,28,True,False,True,SIAC,SIAC,ii,ii,
4,regular,2024-09-21 17:00:00+00:00,Central Michigan,Ball State,37,34,True,False,True,Mid-American,Mid-American,fbs,fbs,
4,regular,2024-09-21 17:00:00+00:00,Virginia State,Winston-Salem State,14,15,True,False,True,CIAA,CIAA,ii,ii,
4,regular,2024-09-21 17:00:00+00:00,McKendree,Minnesota St Moorhead,22,15,True,False,False,Great Lakes,Northern Sun,ii,ii,
4,regular,2024-09-21 17:00:00+00:00,Emory & Henry,Barton,41,0,True,False,True,South Atlantic,South Atlantic,ii,ii,
4,regular,2024-09-21 17:00:00+00:00,Gettysburg,Christopher Newport,37,54,True,False,False,Centennial,New Jersey,iii,iii,
4,regular,2024-09-21 17:00:00+00:00,CSU Pueblo,Colorado Mesa,38,14,True,False,True,Rocky Mountain,Rocky Mountain,ii,ii,
4,regular,2024-09-21 17:00:00+00:00,Lincoln (MO),William Jewell,20,48,True,False,True,Great Lakes,Great Lakes,ii,ii,
4,regular,2024-09-21 17:00:00+00:00,Hobart,Moravian,27,12,True,False,False,Liberty League,Landmark Conference,iii,iii,
4,regular,2024-09-21 17:00:00+00:00,Minnesota State,Minot State,40,6,True,False,True,Northern Sun,Northern Sun,ii,ii,
4,regular,2024-09-21 17:00:00+00:00,Merrimack,Maine,15,26,True,False,False,FCS Independents,Coastal Athletic,fcs,fcs,
4,regular,2024-09-21 17:00:00+00:00,Lock Haven,California (PA),20,27,True,False,True,Pennsylvania State Athletic,Pennsylvania State Athletic,ii,ii,
4,regular,2024-09-21 17:00:00+00:00,Ohio Dominican,Thomas More,0,6,True,False,True,Great Midwest Athletic,Great Midwest Athletic,ii,ii,
4,regular,2024-09-21 17:00:00+00:00,Catholic,SUNY Morrisville,28,27,True,False,False,Landmark Conference,Empire 8,iii,iii,
4,regular,2024-09-21 17:00:00+00:00,Walsh,Kentucky Wesleyan,54,10,True,False,True,Great Midwest Athletic,Great Midwest Athletic,ii,ii,
4,regular,2024-09-21 17:00:00+00:00,Charleston (WV),UNC Pembroke,58,36,True,False,True,Mountain East,Mountain East,ii,ii,
4,regular,2024-09-21 17:00:00+00:00,Bates,Trinity (CT),7,28,True,False,True,NESCAC,NESCAC,iii,iii,
4,regular,2024-09-21 17:00:00+00:00,Anderson (SC),Limestone,5,52,True,True,True,South Atlantic,South Atlantic,ii,ii,
4,regular,2024-09-21 17:00:00+00:00,Widener,Albright,21,0,True,False,True,Mid Atlantic,Mid Atlantic,iii,iii,
4,regular,2024-09-21 17:00:00+00:00,Millsaps,Bridgewater,14,28,True,False,False,Southern Athletic,Old Dominion,iii,iii,
4,regular,2024-09-21 17:30:00+00:00,VMI,Norfolk State,10,32,True,False,False,Southern,MEAC,fcs,fcs,
4,regular,2024-09-21 17:30:00+00:00,Rose Hulman,Hope,7,49,True,False,False,Heartland,Michigan,iii,iii,
4,regular,2024-09-21 17:30:00+00:00,Franklin,Adrian,21,42,True,False,False,Heartland,Michigan,iii,iii,
4,regular,2024-09-21 17:30:00+00:00,Mount Union,John Carroll,37,31,True,False,True,Ohio,Ohio,iii,iii,
4,regular,2024-09-21 17:30:00+00:00,Anderson (IN),Calvin,12,66,True,False,False,Heartland,Michigan,iii,iii,
4,regular,2024-09-21 17:30:00+00:00,Capital,Baldwin Wallace,21,55,True,False,True,Ohio,Ohio,iii,iii,
4,regular,2024-09-21 17:30:00+00:00,Franklin & Marshall,Montclair State,35,10,True,False,False,Centennial,New Jersey,iii,iii,
4,regular,2024-09-21 18:00:00+00:00,Carthage,North Central College,0,63,True,False,True,CCIW,CCIW,iii,iii,
4,regular,2024-09-21 18:00:00+00:00,Hendrix,Southwestern U,35,20,True,False,True,Southern Athletic,Southern Athletic,iii,iii,
4,regular,2024-09-21 18:00:00+00:00,Luther,Coe,0,63,True,False,True,American Rivers,American Rivers,iii,iii,
4,regular,2024-09-21 18:00:00+00:00,Otterbein,Marietta,14,51,True,False,True,Ohio,Ohio,iii,iii,
4,regular,2024-09-21 18:00:00+00:00,Aurora,St. Norbert,49,0,True,False,True,NACC,NACC,iii,iii,
4,regular,2024-09-21 18:00:00+00:00,Bethel (MN),Wisconsin Eau Claire,51,30,True,False,False,Minnesota,Wisconsin,iii,iii,
4,regular,2024-09-21 18:00:00+00:00,Southwest Minnesota State,Concordia St. Paul,17,27,True,False,True,Northern Sun,Northern Sun,ii,ii,
4,regular,2024-09-21 18:00:00+00:00,Wisconsin Stevens Point,Gustavus Adolphus,10,31,True,False,False,Wisconsin,Minnesota,iii,iii,
4,regular,2024-09-21 18:00:00+00:00,Millersville,IU Pennsylvania,14,42,True,False,True,Pennsylvania State Athletic,Pennsylvania State Athletic,ii,ii,
4,regular,2024-09-21 18:00:00+00:00,Coastal Carolina,Virginia,24,43,True,False,False,Sun Belt,ACC,fbs,fbs,
4,regular,2024-09-21 18:00:00+00:00,Cornell (IA),Lake Forest,19,28,True,False,True,Midwest,Midwest,iii,iii,
4,regular,2024-09-21 18:00:00+00:00,Southwest Baptist,Upper Iowa,7,21,True,False,True,Great Lakes,Great Lakes,ii,ii,
4,regular,2024-09-21 18:00:00+00:00,Monmouth (IL),Lawrence,52,6,True,False,True,Midwest,Midwest,iii,iii,
4,regular,2024-09-21 18:00:00+00:00,Loras,Buena Vista,17,20,True,False,True,American Rivers,American Rivers,iii,iii,
4,regular,2024-09-21 18:00:00+00:00,Benedictine (IL),Rockford,34,7,True,False,True,NACC,NACC,iii,iii,
4,regular,2024-09-21 18:00:00+00:00,Wisconsin Platteville,Wabash,42,21,True,False,False,Wisconsin,North Coast,iii,iii,
4,regular,2024-09-21 18:00:00+00:00,Winona State,Wayne State (NE),21,28,True,False,True,Northern Sun,Northern Sun,ii,ii,
4,regular,2024-09-21 18:00:00+00:00,Emporia State,Missouri Western,30,27,True,False,True,Mid America,Mid America,ii,ii,
4,regular,2024-09-21 18:00:00+00:00,Central College,Wartburg,6,10,True,False,True,American Rivers,American Rivers,iii,iii,
4,regular,2024-09-21 18:00:00+00:00,UVA Wise,Catawba,31,28,True,False,True,South Atlantic,South Atlantic,ii,ii,
4,regular,2024-09-21 18:00:00+00:00,Dubuque,Simpson (IA),28,14,True,False,True,American Rivers,American Rivers,iii,iii,
4,regular,2024-09-21 18:00:00+00:00,Augustana (SD),Northern State,41,7,True,False,True,Northern Sun,Northern Sun,ii,ii,
4,regular,2024-09-21 18:00:00+00:00,Johns Hopkins,Salisbury,13,41,True,False,False,Centennial,New Jersey,iii,iii,
4,regular,2024-09-21 18:00:00+00:00,Concordia Chicago,Lakeland,61,66,True,False,True,NACC,NACC,iii,iii,
4,regular,2024-09-21 18:00:00+00:00,Chadron State,Colorado School of Mines,12,13,True,False,True,Rocky Mountain,Rocky Mountain,ii,ii,
4,regular,2024-09-21 18:00:00+00:00,Grinnell,Beloit,7,16,True,False,True,Midwest,Midwest,iii,iii,
4,regular,2024-09-21 18:00:00+00:00,Norwich,Husson,22,38,True,False,False,NEWMAC,Commonwealth Coast,iii,iii,
4,regular,2024-09-21 18:00:00+00:00,Illinois College,Ripon,44,14,True,False,True,Midwest,Midwest,iii,iii,
4,regular,2024-09-21 18:00:00+00:00,Westfield State,Western Connecticut State,13,31,True,False,True,MSCAC,MSCAC,iii,iii,
4,regular,2024-09-21 18:00:00+00:00,Wisconsin River Falls,Greenville,66,7,True,False,False,Wisconsin,Upper Midwest,iii,iii,
4,regular,2024-09-21 18:00:00+00:00,Saginaw Valley State,Truman State,37,14,True,False,False,GLIAC,Great Lakes,ii,ii,
4,regular,2024-09-21 18:00:00+00:00,North Park,Millikin,44,0,True,False,True,CCIW,CCIW,iii,iii,
4,regular,2024-09-21 18:00:00+00:00,Washington St. Louis,Carroll (WI),35,7,True,False,True,CCIW,CCIW,iii,iii,
4,regular,2024-09-21 18:00:00+00:00,Wisconsin Whitewater,Mary Hardin Baylor,17,35,True,False,False,Wisconsin,American Southwest,iii,iii,
4,regular,2024-09-21 18:00:00+00:00,Martin Luther,Augsburg,7,34,True,False,False,Upper Midwest,Minnesota,iii,iii,
4,regular,2024-09-21 18:00:00+00:00,Temple,Utah State,45,29,True,False,False,American Athletic,Mountain West,fbs,fbs,
4,regular,2024-09-21 18:00:00+00:00,Fayetteville State,Elizabeth City State,31,7,True,False,True,CIAA,CIAA,ii,ii,
4,regular,2024-09-21 18:00:00+00:00,Knox,Chicago,13,27,True,False,True,Midwest,Midwest,iii,iii,
4,regular,2024-09-21 18:00:00+00:00,Washburn,Pittsburg State,31,39,True,False,True,Mid America,Mid America,ii,ii,
4,regular,2024-09-21 18:00:00+00:00,Sioux Falls,Bemidji State,24,28,True,False,True,Northern Sun,Northern Sun,ii,ii,
4,regular,2024-09-21 18:00:00+00:00,Tuskegee,Savannah State,16,20,True,False,True,SIAC,SIAC,ii,ii,
4,regular,2024-09-21 18:00:00+00:00,North Dakota,San Diego,41,24,True,False,False,MVFC,Pioneer,fcs,fcs,
4,regular,2024-09-21 18:00:00+00:00,Iowa State,Arkansas State,52,7,True,False,False,Big 12,Sun Belt,fbs,fbs,
4,regular,2024-09-21 18:00:00+00:00,Eastern Michigan,Saint Francis,36,0,True,False,False,Mid-American,NEC,fbs,fcs,
4,regular,2024-09-21 18:00:00+00:00,South Dakota,Drake,42,3,True,False,False,MVFC,Pioneer,fcs,fcs,
4,regular,2024-09-21 18:00:00+00:00,North Dakota State,Towson,41,24,True,False,False,MVFC,Coastal Athletic,fcs,fcs,
4,regular,2024-09-21 18:00:00+00:00,Valparaiso,Roosevelt,31,23,True,False,False,Pioneer,GLIAC,fcs,ii,
4,regular,2024-09-21 18:00:00+00:00,Sul Ross State,Western Oregon,17,39,True,False,True,Lone Star,Lone Star,ii,ii,
4,regular,2024-09-21 18:00:00+00:00,Holy Cross,Yale,31,38,True,False,False,Patriot,Ivy,fcs,fcs,
4,regular,2024-09-21 18:00:00+00:00,Lindenwood,St. Thomas (MN),64,0,True,False,False,Big South-OVC,Pioneer,fcs,fcs,
4,regular,2024-09-21 18:30:00+00:00,Tennessee Tech,Tennessee State,24,14,True,False,True,Big South-OVC,Big South-OVC,fcs,fcs,
4,regular,2024-09-21 19:00:00+00:00,Missouri Southern State,Northwest Missouri State,0,59,True,False,True,Mid America,Mid America,ii,ii,
4,regular,2024-09-21 19:00:00+00:00,Nevada,Eastern Washington,49,16,True,False,False,Mountain West,Big Sky,fbs,fcs,
4,regular,2024-09-21 19:00:00+00:00,Jacksonville State,Southern Miss,44,7,True,False,False,Conference USA,Sun Belt,fbs,fbs,
4,regular,2024-09-21 19:00:00+00:00,New Hampshire,Bryant,38,17,True,False,True,Coastal Athletic,Coastal Athletic,fcs,fcs,
4,regular,2024-09-21 19:00:00+00:00,Montana,Western Carolina,46,35,True,False,False,Big Sky,Southern,fcs,fcs,
4,regular,2024-09-21 19:00:00+00:00,Bethune-Cookman,Clark Atlanta,37,38,True,False,False,SWAC,SIAC,fcs,ii,
4,regular,2024-09-21 19:00:00+00:00,Carleton,Minnesota Morris,28,7,True,False,False,Minnesota,Upper Midwest,iii,iii,
4,regular,2024-09-21 19:00:00+00:00,South Dakota Mines,New Mexico Highlands,40,19,True,False,True,Rocky Mountain,Rocky Mountain,ii,ii,
4,regular,2024-09-21 19:00:00+00:00,Hiram,Wittenberg,0,0,True,False,True,North Coast,North Coast,iii,iii,
4,regular,2024-09-21 19:00:00+00:00,Wilmington (OH),Muskingum,13,42,True,False,True,Ohio,Ohio,iii,iii,
4,regular,2024-09-21 19:00:00+00:00,Denison,Kenyon,14,0,True,False,True,North Coast,North Coast,iii,iii,
4,regular,2024-09-21 19:00:00+00:00,University of Mary,Minnesota Duluth,7,43,True,False,True,Northern Sun,Northern Sun,ii,ii,
4,regular,2024-09-21 19:05:00+00:00,Montana State,Mercyhurst,52,13,True,False,False,Big Sky,NEC,fcs,fcs,
4,regular,2024-09-21 19:30:00+00:00,Virginia Tech,Rutgers,23,26,True,False,False,ACC,Big Ten,fbs,fbs,
4,regular,2024-09-21 19:30:00+00:00,Notre Dame,Miami (OH),28,3,True,False,False,FBS Independents,Mid-American,fbs,fbs,
4,regular,2024-09-21 19:30:00+00:00,Michigan,USC,27,24,True,False,True,Big Ten,Big Ten,fbs,fbs,
4,regular,2024-09-21 19:30:00+00:00,Northern Illinois,Buffalo,20,23,True,False,True,Mid-American,Mid-American,fbs,fbs,
4,regular,2024-09-21 19:30:00+00:00,LSU,UCLA,34,17,True,False,False,SEC,Big Ten,fbs,fbs,
4,regular,2024-09-21 19:30:00+00:00,Navy,Memphis,56,44,True,False,True,American Athletic,American Athletic,fbs,fbs,
4,regular,2024-09-21 19:30:00+00:00,UTSA,Houston Christian,45,7,True,False,False,American Athletic,Southland,fbs,fcs,
4,regular,2024-09-21 19:30:00+00:00,Pittsburgh,Youngstown State,73,17,True,False,False,ACC,MVFC,fbs,fcs,
4,regular,2024-09-21 19:30:00+00:00,Penn State,Kent State,56,0,True,False,False,Big Ten,Mid-American,fbs,fbs,
4,regular,2024-09-21 19:30:00+00:00,Auburn,Arkansas,14,24,True,False,True,SEC,SEC,fbs,fbs,
4,regular,2024-09-21 19:30:00+00:00,Louisville,Georgia Tech,31,19,True,False,True,ACC,ACC,fbs,fbs,
4,regular,2024-09-21 19:30:00+00:00,Massachusetts,Central Connecticut,35,31,True,False,False,FBS Independents,NEC,fbs,fcs,
4,regular,2024-09-21 19:30:00+00:00,Texas Tech,Arizona State,30,22,True,False,True,Big 12,Big 12,fbs,fbs,
4,regular,2024-09-21 20:00:00+00:00,Erskine,Valdosta State,0,73,True,False,True,Gulf South,Gulf South,ii,ii,
4,regular,2024-09-21 20:00:00+00:00,George Fox,Claremont Mudd Scripps,17,27,True,False,False,Northwest,So. Cal.,iii,iii,
4,regular,2024-09-21 20:00:00+00:00,Linfield,Redlands,45,0,True,False,False,Northwest,So. Cal.,iii,iii,
4,regular,2024-09-21 20:00:00+00:00,Middle Tennessee,Duke,17,45,True,False,False,Conference USA,ACC,fbs,fbs,
4,regular,2024-09-21 20:00:00+00:00,Whitworth,Chapman,35,28,True,False,False,Northwest,So. Cal.,iii,iii,
4,regular,2024-09-21 20:00:00+00:00,Southern Nazarene,Northwestern (OK),7,14,True,False,True,Great American,Great American,ii,ii,
4,regular,2024-09-21 20:00:00+00:00,Bowie State,Livingstone,31,17,True,False,True,CIAA,CIAA,ii,ii,
4,regular,2024-09-21 20:00:00+00:00,Tiffin,Northwood,31,23,True,False,True,Great Midwest Athletic,Great Midwest Athletic,ii,ii,
4,regular,2024-09-21 20:00:00+00:00,Lewis & Clark,Montana Western,39,56,True,False,False,Northwest,,iii,,
4,regular,2024-09-21 20:00:00+00:00,Cal Lutheran,Pacific Lutheran,17,27,True,False,False,So. Cal.,Northwest,iii,iii,
4,regular,2024-09-21 20:00:00+00:00,Oklahoma State,Utah,19,22,True,False,True,Big 12,Big 12,fbs,fbs,
4,regular,2024-09-21 20:00:00+00:00,Black Hills State,Fort Lewis,33,7,True,False,True,Rocky Mountain,Rocky Mountain,ii,ii,
4,regular,2024-09-21 20:00:00+00:00,Hampton,Howard,27,20,True,True,False,Coastal Athletic,MEAC,fcs,fcs,
4,regular,2024-09-21 20:00:00+00:00,Nicholls,Mississippi Valley State,66,0,True,False,False,Southland,SWAC,fcs,fcs,
4,regular,2024-09-21 20:00:00+00:00,Wagner,Robert Morris,14,21,True,False,True,NEC,NEC,fcs,fcs,
4,regular,2024-09-21 20:15:00+00:00,Missouri,Vanderbilt,30,27,True,False,True,SEC,SEC,fbs,fbs,
4,regular,2024-09-21 20:30:00+00:00,Kentucky State,Morehouse,28,31,True,False,True,SIAC,SIAC,ii,ii,
4,regular,2024-09-21 21:00:00+00:00,Colorado State,UTEP,27,17,True,False,False,Mountain West,Conference USA,fbs,fbs,
4,regular,2024-09-21 21:00:00+00:00,SMU,TCU,66,42,True,False,False,ACC,Big 12,fbs,fbs,
4,regular,2024-09-21 21:00:00+00:00,Miles,Lane College,42,32,True,False,True,SIAC,SIAC,ii,ii,
4,regular,2024-09-21 21:00:00+00:00,Campbell,Stony Brook,17,24,True,False,True,Coastal Athletic,Coastal Athletic,fcs,fcs,
4,regular,2024-09-21 22:00:00+00:00,Wayne State (MI),Indianapolis,6,30,True,False,False,GLIAC,Great Lakes,ii,ii,
4,regular,2024-09-21 22:00:00+00:00,Liberty,East Carolina,35,24,True,False,False,Conference USA,American Athletic,fbs,fbs,
4,regular,2024-09-21 22:00:00+00:00,Eastern Kentucky,Morehead State,42,13,True,False,False,UAC,Pioneer,fcs,fcs,
4,regular,2024-09-21 22:00:00+00:00,West Virginia State,West Liberty,57,37,True,False,True,Mountain East,Mountain East,ii,ii,
4,regular,2024-09-21 22:00:00+00:00,Methodist,Greensboro,17,14,True,False,True,USA South,USA South,iii,iii,
4,regular,2024-09-21 22:00:00+00:00,Delaware,Pennsylvania,29,22,True,False,False,CAA,Ivy,fcs,fcs,
4,regular,2024-09-21 22:00:00+00:00,Idaho State,Southern Utah,38,28,True,False,False,Big Sky,UAC,fcs,fcs,
4,regular,2024-09-21 22:00:00+00:00,Averett,Ferrum,10,36,True,False,True,Old Dominion,Old Dominion,iii,iii,
4,regular,2024-09-21 22:00:00+00:00,Warner,Shorter,25,47,True,True,False,,Gulf South,,ii,
4,regular,2024-09-21 22:00:00+00:00,Johnson C. Smith,Virginia Union,21,16,True,False,True,CIAA,CIAA,ii,ii,
4,regular,2024-09-21 22:00:00+00:00,William & Mary,Furman,34,24,True,False,False,Coastal Athletic,Southern,fcs,fcs,
4,regular,2024-09-21 22:00:00+00:00,Delaware State,Richmond,24,38,True,False,False,MEAC,Coastal Athletic,fcs,fcs,
4,regular,2024-09-21 22:00:00+00:00,Mercer,The Citadel,38,21,True,False,True,Southern,Southern,fcs,fcs,
4,regular,2024-09-21 22:00:00+00:00,Bucknell,Marist,34,18,True,False,False,Patriot,Pioneer,fcs,fcs,
4,regular,2024-09-21 22:00:00+00:00,Elon,East Tennessee State,14,34,True,False,False,Coastal Athletic,Southern,fcs,fcs,
4,regular,2024-09-21 22:00:00+00:00,Florida International,Monmouth,42,45,True,True,False,Conference USA,Coastal Athletic,fbs,fcs,
4,regular,2024-09-21 22:00:00+00:00,West Florida,West Alabama,33,35,True,True,True,Gulf South,Gulf South,ii,ii,
4,regular,2024-09-21 23:00:00+00:00,Bluffton,Trine,20,52,True,False,False,Heartland,Michigan,iii,iii,
4,regular,2024-09-21 23:00:00+00:00,Southern Illinois,Southeast Missouri State,21,38,True,False,False,MVFC,Big South-OVC,fcs,fcs,
4,regular,2024-09-21 23:00:00+00:00,Incarnate Word,Northern Arizona,38,14,True,False,False,Southland,Big Sky,fcs,fcs,
4,regular,2024-09-21 23:00:00+00:00,Wisconsin Stout,Northwestern (MN),56,19,True,False,False,Wisconsin,Upper Midwest,iii,iii,
4,regular,2024-09-21 23:00:00+00:00,Carnegie Mellon,Bethany (WV),66,0,True,False,True,Presidents',Presidents',iii,iii,
4,regular,2024-09-21 23:00:00+00:00,Wisconsin Lutheran,Eureka,38,6,True,False,True,NACC,NACC,iii,iii,
4,regular,2024-09-21 23:00:00+00:00,Delta State,Fort Valley State,27,24,True,False,False,Gulf South,SIAC,ii,ii,
4,regular,2024-09-21 23:00:00+00:00,Lyon,Howard Payne,14,41,True,True,False,Southern Collegiate Athletic,American Southwest,iii,iii,
4,regular,2024-09-21 23:00:00+00:00,Troy,Florida A&M,34,12,True,False,False,Sun Belt,SWAC,fbs,fcs,
4,regular,2024-09-21 23:00:00+00:00,Westminster (MO),William Woods,35,50,True,False,False,Upper Midwest,,iii,,
4,regular,2024-09-21 23:00:00+00:00,Sam Houston,New Mexico State,31,11,True,False,True,Conference USA,Conference USA,fbs,fbs,
4,regular,2024-09-21 23:00:00+00:00,Shenandoah,Rhodes,35,21,True,False,False,Old Dominion,Southern Athletic,iii,iii,
4,regular,2024-09-21 23:00:00+00:00,Ursinus,Rowan,58,14,True,False,False,Centennial,New Jersey,iii,iii,
4,regular,2024-09-21 23:00:00+00:00,Allegheny,Westminster (PA),7,42,True,False,True,Presidents',Presidents',iii,iii,
4,regular,2024-09-21 23:00:00+00:00,Heidelberg,Ohio Northern,27,52,True,False,True,Ohio,Ohio,iii,iii,
4,regular,2024-09-21 23:00:00+00:00,Mississippi College,North Greenville,7,29,True,False,True,Gulf South,Gulf South,ii,ii,
4,regular,2024-09-21 23:00:00+00:00,Austin,Centenary (LA),17,36,True,False,True,Southern Collegiate Athletic,Southern Collegiate Athletic,iii,iii,
4,regular,2024-09-21 23:00:00+00:00,Allen,Point University,35,10,True,False,False,SIAC,,ii,,
4,regular,2024-09-21 23:00:00+00:00,Grambling,Jackson State,41,20,True,False,True,SWAC,SWAC,fcs,fcs,
4,regular,2024-09-21 23:00:00+00:00,Geneva,Thiel,21,6,True,False,True,Presidents',Presidents',iii,iii,
4,regular,2024-09-21 23:00:00+00:00,Washington,Northwestern,24,5,True,False,True,Big Ten,Big Ten,fbs,fbs,
4,regular,2024-09-21 23:00:00+00:00,Western Kentucky,Toledo,26,21,True,False,False,Conference USA,Mid-American,fbs,fbs,
4,regular,2024-09-21 23:00:00+00:00,Prairie View A&M,Southern,24,31,True,False,True,SWAC,SWAC,fcs,fcs,
4,regular,2024-09-21 23:00:00+00:00,North Texas,Wyoming,44,17,True,False,False,American Athletic,Mountain West,fbs,fbs,
4,regular,2024-09-21 23:00:00+00:00,Morgan State,Virginia Lynchburg,56,7,True,False,False,MEAC,,fcs,,
4,regular,2024-09-21 23:00:00+00:00,Arkansas-Pine Bluff,Central Arkansas,17,56,True,False,False,SWAC,UAC,fcs,fcs,
4,regular,2024-09-21 23:00:00+00:00,North Alabama,Tarleton State,14,28,True,False,True,UAC,UAC,fcs,fcs,
4,regular,2024-09-21 23:00:00+00:00,Southern Arkansas,Ouachita Baptist,20,25,True,False,True,Great American,Great American,ii,ii,
4,regular,2024-09-21 23:00:00+00:00,UT Permian Basin,Texas A&M-Kingsville,14,20,True,False,True,Lone Star,Lone Star,ii,ii,
4,regular,2024-09-21 23:00:00+00:00,North Carolina Central,North Carolina A&T,66,24,True,False,False,MEAC,Coastal Athletic,fcs,fcs,
4,regular,2024-09-21 23:00:00+00:00,McMurry,Texas Lutheran,31,10,True,False,True,Southern Collegiate Athletic,Southern Collegiate Athletic,iii,iii,
4,regular,2024-09-21 23:00:00+00:00,East Central,Southwestern Oklahoma State,3,19,True,False,True,Great American,Great American,ii,ii,
4,regular,2024-09-21 23:00:00+00:00,Wheaton (IL),Augustana (IL),42,3,True,False,True,CCIW,CCIW,iii,iii,
4,regular,2024-09-21 23:00:00+00:00,UConn,Florida Atlantic,48,14,True,False,False,FBS Independents,American Athletic,fbs,fbs,
4,regular,2024-09-21 23:00:00+00:00,Florida State,California,14,9,True,False,True,ACC,ACC,fbs,fbs,
4,regular,2024-09-21 23:00:00+00:00,Southeastern Oklahoma State,Oklahoma Baptist,29,10,True,False,True,Great American,Great American,ii,ii,
4,regular,2024-09-21 23:00:00+00:00,Missouri S&T,Quincy,14,21,True,False,True,Great Lakes,Great Lakes,ii,ii,
4,regular,2024-09-21 23:00:00+00:00,Grand Valley State,Wisconsin La Crosse,20,13,True,False,False,GLIAC,Wisconsin,ii,iii,
4,regular,2024-09-21 23:00:00+00:00,Wesleyan (CT),Tufts,20,9,True,False,True,NESCAC,NESCAC,iii,iii,
4,regular,2024-09-21 23:00:00+00:00,UT Martin,Missouri State,24,31,True,False,False,Big South-OVC,MVFC,fcs,fcs,
4,regular,2024-09-21 23:00:00+00:00,Elmhurst,Illinois Wesleyan,7,55,True,False,True,CCIW,CCIW,iii,iii,
4,regular,2024-09-21 23:00:00+00:00,South Florida,Miami,15,50,True,False,False,American Athletic,ACC,fbs,fbs,
4,regular,2024-09-21 23:00:00+00:00,Northwestern State,Weber State,0,39,True,False,False,Southland,Big Sky,fcs,fcs,
4,regular,2024-09-21 23:00:00+00:00,SE Louisiana,South Dakota State,0,41,True,False,False,Southland,MVFC,fcs,fcs,
4,regular,2024-09-21 23:00:00+00:00,Austin Peay,Alabama A&M,59,16,True,False,False,UAC,SWAC,fcs,fcs,
4,regular,2024-09-21 23:00:00+00:00,East Texas A&M,Sacramento State,0,34,True,False,False,Southland,Big Sky,fcs,fcs,
4,regular,2024-09-21 23:00:00+00:00,Louisiana Tech,Tulsa,20,23,True,False,False,Conference USA,American Athletic,fbs,fbs,
4,regular,2024-09-21 23:00:00+00:00,Presbyterian,Gardner-Webb,21,42,True,False,False,Pioneer,Big South-OVC,fcs,fcs,
4,regular,2024-09-21 23:00:00+00:00,Illinois State,Eastern Illinois,31,7,True,False,False,MVFC,Big South-OVC,fcs,fcs,
4,regular,2024-09-21 23:00:00+00:00,Lamar,Texas Southern,20,17,True,False,False,Southland,SWAC,fcs,fcs,
4,regular,2024-09-21 23:30:00+00:00,South Carolina,Akron,50,7,True,False,False,SEC,Mid-American,fbs,fbs,
4,regular,2024-09-21 23:30:00+00:00,Minnesota,Iowa,14,31,True,False,True,Big Ten,Big Ten,fbs,fbs,
4,regular,2024-09-21 23:30:00+00:00,Texas A&M,Bowling Green,26,20,True,False,False,SEC,Mid-American,fbs,fbs,
4,regular,2024-09-21 23:30:00+00:00,Oklahoma,Tennessee,15,25,True,False,True,SEC,SEC,fbs,fbs,
4,regular,2024-09-21 23:45:00+00:00,Ole Miss,Georgia Southern,52,13,True,False,False,SEC,Sun Belt,fbs,fbs,
4,regular,2024-09-22 00:00:00+00:00,Texas,UL Monroe,51,3,True,False,False,SEC,Sun Belt,fbs,fbs,
4,regular,2024-09-22 00:00:00+00:00,Henderson State,Arkansas Tech,27,12,True,False,True,Great American,Great American,ii,ii,
4,regular,2024-09-22 00:00:00+00:00,Western Colorado,Adams State,38,0,True,False,True,Rocky Mountain,Rocky Mountain,ii,ii,
4,regular,2024-09-22 00:00:00+00:00,Abilene Christian,Idaho,24,27,True,False,False,UAC,Big Sky,fcs,fcs,
4,regular,2024-09-22 00:00:00+00:00,Eastern New Mexico,Midwestern State,15,36,True,False,True,Lone Star,Lone Star,ii,ii,
4,regular,2024-09-22 00:00:00+00:00,Crown,St. Scholastica,13,35,True,False,False,Upper Midwest,Minnesota,iii,iii,
4,regular,2024-09-22 00:00:00+00:00,West Texas,Central Washington,3,45,True,False,True,Lone Star,Lone Star,ii,ii,
4,regular,2024-09-22 00:00:00+00:00,Colorado,Baylor,38,31,True,False,True,Big 12,Big 12,fbs,fbs,
4,regular,2024-09-22 00:00:00+00:00,Boston College,Michigan State,23,19,True,False,False,ACC,Big Ten,fbs,fbs,
4,regular,2024-09-22 00:00:00+00:00,Stephen F. Austin,Northern Colorado,48,7,True,False,False,Southland,Big Sky,fcs,fcs,
4,regular,2024-09-22 00:00:00+00:00,McNeese,Alcorn State,42,14,True,False,False,Southland,SWAC,fcs,fcs,
4,regular,2024-09-22 00:00:00+00:00,Western New Mexico,Angelo State,0,21,True,False,True,Lone Star,Lone Star,ii,ii,
4,regular,2024-09-22 00:30:00+00:00,New Mexico,Fresno State,21,38,True,False,True,Mountain West,Mountain West,fbs,fbs,
4,regular,2024-09-22 00:30:00+00:00,Oregon State,Purdue,38,21,True,False,False,Pac-12,Big Ten,fbs,fbs,
4,regular,2024-09-22 01:45:00+00:00,Boise State,Portland State,56,14,True,False,False,Mountain West,Big Sky,fbs,fcs,
4,regular,2024-09-22 02:00:00+00:00,La Verne,Puget Sound,41,49,True,False,False,So. Cal.,Northwest,iii,iii,
4,regular,2024-09-22 02:00:00+00:00,Pacific (OR),Pomona Pitzer,45,14,True,False,False,Northwest,So. Cal.,iii,iii,
4,regular,2024-09-22 02:00:00+00:00,UC Davis,Utah Tech,32,14,True,False,False,Big Sky,UAC,fcs,fcs,
4,regular,2024-09-22 02:30:00+00:00,BYU,Kansas State,38,9,True,False,True,Big 12,Big 12,fbs,fbs,
4,regular,2024-09-22 03:59:00+00:00,Hawai'i,Northern Iowa,36,7,True,False,False,Mountain West,MVFC,fbs,fcs,
5,regular,2024-09-26 23:30:00+00:00,Temple,Army,14,42,True,False,True,American Athletic,American Athletic,fbs,fbs,
5,regular,2024-09-27 22:00:00+00:00,Assumption,Post,35,7,True,False,True,Northeast 10,Northeast 10,ii,ii,
5,regular,2024-09-27 23:30:00+00:00,Miami,Virginia Tech,38,34,True,False,True,ACC,ACC,fbs,fbs,
5,regular,2024-09-28 00:00:00+00:00,Rutgers,Washington,21,18,True,False,True,Big Ten,Big Ten,fbs,fbs,
5,regular,2024-09-28 16:00:00+00:00,SUNY Morrisville,Moravian,6,14,True,False,False,Empire 8,Landmark Conference,iii,iii,
5,regular,2024-09-28 16:00:00+00:00,Belhaven,North Carolina Wesleyan,30,12,True,False,True,USA South,USA South,iii,iii,
5,regular,2024-09-28 16:00:00+00:00,Boston College,Western Kentucky,21,20,True,False,False,ACC,Conference USA,fbs,fbs,
5,regular,2024-09-28 16:00:00+00:00,SUNY Maritime,Merchant Marine,20,23,True,False,True,NEWMAC,NEWMAC,iii,iii,
5,regular,2024-09-28 16:00:00+00:00,Baylor,BYU,28,34,True,False,True,Big 12,Big 12,fbs,fbs,
5,regular,2024-09-28 16:00:00+00:00,Greensboro,Southern Virginia,42,23,True,False,True,USA South,USA South,iii,iii,
5,regular,2024-09-28 16:00:00+00:00,Campbellsville University,Roosevelt,24,8,True,True,False,,GLIAC,,ii,
5,regular,2024-09-28 16:00:00+00:00,Albright,Eastern,20,41,True,False,True,Mid Atlantic,Mid Atlantic,iii,iii,
5,regular,2024-09-28 16:00:00+00:00,Kansas State,Oklahoma State,42,20,True,False,True,Big 12,Big 12,fbs,fbs,
5,regular,2024-09-28 16:00:00+00:00,Marist,Dayton,14,47,True,False,True,Pioneer,Pioneer,fcs,fcs,
5,regular,2024-09-28 16:00:00+00:00,Brown,Harvard,31,28,True,False,True,Ivy,Ivy,fcs,fcs,
5,regular,2024-09-28 16:00:00+00:00,Salve Regina,MIT,19,6,True,False,True,NEWMAC,NEWMAC,iii,iii,
5,regular,2024-09-28 16:00:00+00:00,WPI,Norwich,14,0,True,False,True,NEWMAC,NEWMAC,iii,iii,
5,regular,2024-09-28 16:00:00+00:00,Dean,Nichols,7,31,True,False,False,ECFC,Commonwealth Coast,iii,iii,
5,regular,2024-09-28 16:00:00+00:00,Michigan,Minnesota,27,24,True,False,True,Big Ten,Big Ten,fbs,fbs,
5,regular,2024-09-28 16:00:00+00:00,NC State,Northern Illinois,24,17,True,False,False,ACC,Mid-American,fbs,fbs,
5,regular,2024-09-28 16:00:00+00:00,Ole Miss,Kentucky,17,20,True,False,True,SEC,SEC,fbs,fbs,
5,regular,2024-09-28 16:00:00+00:00,Lehigh,Bucknell,35,38,True,False,True,Patriot,Patriot,fcs,fcs,
5,regular,2024-09-28 16:00:00+00:00,Curry,Ithaca,13,38,True,False,False,Commonwealth Coast,Liberty League,iii,iii,
5,regular,2024-09-28 16:00:00+00:00,Bridgewater State,Framingham State,41,0,True,False,True,MSCAC,MSCAC,iii,iii,
5,regular,2024-09-28 16:00:00+00:00,Mount St Joseph,Wisconsin River Falls,9,68,True,False,False,Heartland,Wisconsin,iii,iii,
5,regular,2024-09-28 16:00:00+00:00,American International,Ferris State,7,84,True,False,False,Northeast 10,GLIAC,ii,ii,
5,regular,2024-09-28 16:00:00+00:00,UAB,Navy,18,41,True,False,True,American Athletic,American Athletic,fbs,fbs,
5,regular,2024-09-28 16:00:00+00:00,Indiana,Maryland,42,28,True,False,True,Big Ten,Big Ten,fbs,fbs,
5,regular,2024-09-28 16:00:00+00:00,UMass Dartmouth,Vermont State Castleton,60,10,True,False,True,MSCAC,MSCAC,iii,iii,
5,regular,2024-09-28 16:00:00+00:00,Endicott,Rensselaer,28,20,True,False,False,Commonwealth Coast,Liberty League,iii,iii,
5,regular,2024-09-28 16:00:00+00:00,Syracuse,Holy Cross,42,14,True,False,False,ACC,Patriot,fbs,fcs,
5,regular,2024-09-28 16:00:00+00:00,Tulane,South Florida,45,10,True,False,True,American Athletic,American Athletic,fbs,fbs,
5,regular,2024-09-28 16:00:00+00:00,UConn,Buffalo,47,3,True,False,False,FBS Independents,Mid-American,fbs,fbs,
5,regular,2024-09-28 16:00:00+00:00,California (PA),Gannon,49,7,True,False,True,Pennsylvania State Athletic,Pennsylvania State Athletic,ii,ii,
5,regular,2024-09-28 16:00:00+00:00,Wilkes,St. John Fisher,28,21,True,False,False,Landmark Conference,Empire 8,iii,iii,
5,regular,2024-09-28 16:00:00+00:00,Lycoming,Hilbert,48,0,True,False,False,Landmark Conference,Empire 8,iii,iii,
5,regular,2024-09-28 16:00:00+00:00,Keystone,Hobart,9,52,True,False,False,Landmark Conference,Liberty League,iii,iii,
5,regular,2024-09-28 16:00:00+00:00,FDU Florham,Lebanon Valley,48,26,True,False,True,Mid Atlantic,Mid Atlantic,iii,iii,
5,regular,2024-09-28 16:00:00+00:00,Purdue,Nebraska,10,28,True,False,True,Big Ten,Big Ten,fbs,fbs,
5,regular,2024-09-28 16:00:00+00:00,DePauw,Oberlin,72,0,True,False,True,North Coast,North Coast,iii,iii,
5,regular,2024-09-28 16:30:00+00:00,Georgetown,Columbia,20,17,True,False,False,Patriot,Ivy,fcs,fcs,
5,regular,2024-09-28 17:00:00+00:00,Rochester (NY),New England,42,21,True,False,False,Liberty League,Commonwealth Coast,iii,iii,
5,regular,2024-09-28 17:00:00+00:00,Saint Vincent,Waynesburg,7,21,True,False,True,Presidents',Presidents',iii,iii,
5,regular,2024-09-28 17:00:00+00:00,Tufts,Amherst,25,0,True,False,True,NESCAC,NESCAC,iii,iii,
5,regular,2024-09-28 17:00:00+00:00,Defiance College,Siena Heights,7,52,True,False,False,,,,,
5,regular,2024-09-28 17:00:00+00:00,Coast Guard,Springfield,34,52,True,False,True,NEWMAC,NEWMAC,iii,iii,
5,regular,2024-09-28 17:00:00+00:00,Wesleyan (CT),Bates,13,24,True,False,True,NESCAC,NESCAC,iii,iii,
5,regular,2024-09-28 17:00:00+00:00,Trine,Albion,14,42,True,False,True,Michigan,Michigan,iii,iii,
5,regular,2024-09-28 17:00:00+00:00,Wittenberg,Howard Payne,36,29,True,False,False,North Coast,American Southwest,iii,iii,
5,regular,2024-09-28 17:00:00+00:00,Minnesota St Moorhead,Augustana (SD),43,41,True,False,True,Northern Sun,Northern Sun,ii,ii,
5,regular,2024-09-28 17:00:00+00:00,Delaware Valley,Misericordia,13,0,True,False,True,Mid Atlantic,Mid Atlantic,iii,iii,
5,regular,2024-09-28 17:00:00+00:00,Wheeling,Fairmont State,49,52,True,False,True,Mountain East,Mountain East,ii,ii,
5,regular,2024-09-28 17:00:00+00:00,Concordia St. Paul,Minnesota State,20,33,True,False,True,Northern Sun,Northern Sun,ii,ii,
5,regular,2024-09-28 17:00:00+00:00,Morehouse,Benedict,5,21,True,False,True,SIAC,SIAC,ii,ii,
5,regular,2024-09-28 17:00:00+00:00,Juniata,Shenandoah,27,62,True,False,False,Landmark Conference,Old Dominion,iii,iii,
5,regular,2024-09-28 17:00:00+00:00,Lock Haven,Millersville,24,23,True,False,True,Pennsylvania State Athletic,Pennsylvania State Athletic,ii,ii,
5,regular,2024-09-28 17:00:00+00:00,Ashland,Tiffin,21,12,True,False,True,Great Midwest Athletic,Great Midwest Athletic,ii,ii,
5,regular,2024-09-28 17:00:00+00:00,Maryville (TN),Brevard,0,0,True,False,True,USA South,USA South,iii,iii,
5,regular,2024-09-28 17:00:00+00:00,Mass Maritime,Plymouth State,29,6,True,False,True,MSCAC,MSCAC,iii,iii,
5,regular,2024-09-28 17:00:00+00:00,Alfred,Catholic,45,15,True,False,False,Empire 8,Landmark Conference,iii,iii,
5,regular,2024-09-28 17:00:00+00:00,LaGrange,Methodist,40,24,True,False,True,USA South,USA South,iii,iii,
5,regular,2024-09-28 17:00:00+00:00,Stevenson,Alvernia,34,20,True,False,True,Mid Atlantic,Mid Atlantic,iii,iii,
5,regular,2024-09-28 17:00:00+00:00,Luther,Anderson (IN),9,6,True,False,False,American Rivers,Heartland,iii,iii,
5,regular,2024-09-28 17:00:00+00:00,Winston-Salem State,Bowie State,28,14,True,False,True,CIAA,CIAA,ii,ii,
5,regular,2024-09-28 17:00:00+00:00,North Central College,Washington St. Louis,49,9,True,False,True,CCIW,CCIW,iii,iii,
5,regular,2024-09-28 17:00:00+00:00,Bowdoin,Hamilton,28,21,True,False,True,NESCAC,NESCAC,iii,iii,
5,regular,2024-09-28 17:00:00+00:00,Butler,Virginia Lynchburg,63,0,True,False,False,Pioneer,,fcs,,
5,regular,2024-09-28 17:00:00+00:00,West Virginia State,West Virginia Wesleyan,48,22,True,False,True,Mountain East,Mountain East,ii,ii,
5,regular,2024-09-28 17:00:00+00:00,Concord,Charleston (WV),7,42,True,False,True,Mountain East,Mountain East,ii,ii,
5,regular,2024-09-28 17:00:00+00:00,Denison,Hiram,35,0,True,False,True,North Coast,North Coast,iii,iii,
5,regular,2024-09-28 17:00:00+00:00,Indiana State,Houston Christian,24,27,True,False,False,MVFC,Southland,fcs,fcs,
5,regular,2024-09-28 17:00:00+00:00,Allen,Miles,13,33,True,False,True,SIAC,SIAC,ii,ii,
5,regular,2024-09-28 17:00:00+00:00,Middlebury,Colby,24,16,True,False,True,NESCAC,NESCAC,iii,iii,
5,regular,2024-09-28 17:00:00+00:00,Pennsylvania,Colgate,27,17,True,False,False,Ivy,Patriot,fcs,fcs,
5,regular,2024-09-28 17:00:00+00:00,Drake,San Diego,30,28,True,False,True,Pioneer,Pioneer,fcs,fcs,
5,regular,2024-09-28 17:00:00+00:00,Morehead State,Valparaiso,17,5,True,False,True,Pioneer,Pioneer,fcs,fcs,
5,regular,2024-09-28 17:00:00+00:00,Glenville State,UNC Pembroke,14,7,True,False,True,Mountain East,Mountain East,ii,ii,
5,regular,2024-09-28 17:00:00+00:00,Western New England,Susquehanna,21,34,True,False,False,Commonwealth Coast,Landmark Conference,iii,iii,
5,regular,2024-09-28 17:00:00+00:00,Ohio Dominican,Kentucky Wesleyan,38,7,True,False,True,Great Midwest Athletic,Great Midwest Athletic,ii,ii,
5,regular,2024-09-28 17:00:00+00:00,Shippensburg,Shepherd,0,38,True,False,True,Pennsylvania State Athletic,Pennsylvania State Athletic,ii,ii,
5,regular,2024-09-28 17:00:00+00:00,Virginia Union,Shaw,42,7,True,False,True,CIAA,CIAA,ii,ii,
5,regular,2024-09-28 17:00:00+00:00,Saint Anselm,Southern Connecticut State,31,28,True,False,True,Northeast 10,Northeast 10,ii,ii,
5,regular,2024-09-28 17:00:00+00:00,King's,Widener,28,25,True,False,True,Mid Atlantic,Mid Atlantic,iii,iii,
5,regular,2024-09-28 17:00:00+00:00,Sewanee,Millsaps,21,31,True,False,True,Southern Athletic,Southern Athletic,iii,iii,
5,regular,2024-09-28 17:00:00+00:00,Kenyon,Wooster,32,26,True,False,True,North Coast,North Coast,iii,iii,
5,regular,2024-09-28 17:00:00+00:00,Chowan,Mississippi College,27,25,True,False,True,Gulf South,Gulf South,ii,ii,
5,regular,2024-09-28 17:00:00+00:00,Mercyhurst,Frostburg State,24,25,True,False,False,NEC,Mountain East,fcs,ii,
5,regular,2024-09-28 17:00:00+00:00,Merrimack,Dartmouth,14,16,True,False,False,FCS Independents,Ivy,fcs,fcs,
5,regular,2024-09-28 17:00:00+00:00,Monmouth,Fordham,63,21,True,False,False,Coastal Athletic,Patriot,fcs,fcs,
5,regular,2024-09-28 17:05:00+00:00,Minnesota Duluth,Southwest Minnesota State,62,0,True,False,True,Northern Sun,Northern Sun,ii,ii,
5,regular,2024-09-28 17:30:00+00:00,Anna Maria College,Husson,47,29,True,False,False,ECFC,Commonwealth Coast,iii,iii,
5,regular,2024-09-28 17:30:00+00:00,Franklin,Ohio Wesleyan,27,14,True,False,False,Heartland,North Coast,iii,iii,
5,regular,2024-09-28 17:30:00+00:00,Trinity (CT),Williams,45,14,True,False,True,NESCAC,NESCAC,iii,iii,
5,regular,2024-09-28 17:30:00+00:00,John Carroll,Heidelberg,48,10,True,False,True,Ohio,Ohio,iii,iii,
5,regular,2024-09-28 17:30:00+00:00,Ohio Northern,Wilmington (OH),59,3,True,False,True,Ohio,Ohio,iii,iii,
5,regular,2024-09-28 17:30:00+00:00,Marietta,Capital,54,10,True,False,True,Ohio,Ohio,iii,iii,
5,regular,2024-09-28 17:30:00+00:00,James Madison,Ball State,63,7,True,False,False,Sun Belt,Mid-American,fbs,fbs,
5,regular,2024-09-28 18:00:00+00:00,South Dakota,Southern Illinois,42,13,True,False,True,MVFC,MVFC,fcs,fcs,
5,regular,2024-09-28 18:00:00+00:00,Cornell,Yale,47,23,True,False,True,Ivy,Ivy,fcs,fcs,
5,regular,2024-09-28 18:00:00+00:00,William Jewell,Davenport,7,17,True,True,False,Great Lakes,GLIAC,ii,ii,
5,regular,2024-09-28 18:00:00+00:00,Austin Peay,Southern Utah,17,28,True,False,True,UAC,UAC,fcs,fcs,
5,regular,2024-09-28 18:00:00+00:00,Millikin,Augustana (IL),20,24,True,False,True,CCIW,CCIW,iii,iii,
5,regular,2024-09-28 18:00:00+00:00,Elon,Richmond,17,27,True,False,True,Coastal Athletic,Coastal Athletic,fcs,fcs,
5,regular,2024-09-28 18:00:00+00:00,Albany State,Kentucky State,49,21,True,False,True,SIAC,SIAC,ii,ii,
5,regular,2024-09-28 18:00:00+00:00,Southwest Baptist,Lincoln (MO),17,13,True,False,True,Great Lakes,Great Lakes,ii,ii,
5,regular,2024-09-28 18:00:00+00:00,Minot State,Sioux Falls,26,22,True,False,True,Northern Sun,Northern Sun,ii,ii,
5,regular,2024-09-28 18:00:00+00:00,Virginia State,Fayetteville State,35,18,True,False,True,CIAA,CIAA,ii,ii,
5,regular,2024-09-28 18:00:00+00:00,Quincy,Upper Iowa,27,29,True,False,True,Great Lakes,Great Lakes,ii,ii,
5,regular,2024-09-28 18:00:00+00:00,Benedictine (IL),Concordia (WI),18,23,True,False,True,NACC,NACC,iii,iii,
5,regular,2024-09-28 18:00:00+00:00,Washington & Jefferson,Carnegie Mellon,27,30,True,False,True,Presidents',Presidents',iii,iii,
5,regular,2024-09-28 18:00:00+00:00,Hardin Simmons,North American,90,7,True,False,False,American Southwest,,iii,,
5,regular,2024-09-28 18:00:00+00:00,North Dakota,Murray State,72,35,True,False,True,MVFC,MVFC,fcs,fcs,
5,regular,2024-09-28 18:00:00+00:00,Aurora,Concordia Chicago,72,6,True,False,True,NACC,NACC,iii,iii,
5,regular,2024-09-28 18:00:00+00:00,Eastern Kentucky,Robert Morris,31,7,True,False,False,UAC,NEC,fcs,fcs,
5,regular,2024-09-28 18:00:00+00:00,Furman,Samford,0,0,True,False,True,Southern,Southern,fcs,fcs,
5,regular,2024-09-28 18:00:00+00:00,Bethel (MN),Saint John's (MN),20,45,True,False,True,Minnesota,Minnesota,iii,iii,
5,regular,2024-09-28 18:00:00+00:00,Baldwin Wallace,Mount Union,14,52,True,False,True,Ohio,Ohio,iii,iii,
5,regular,2024-09-28 18:00:00+00:00,Findlay,Hillsdale,28,21,True,False,True,Great Midwest Athletic,Great Midwest Athletic,ii,ii,
5,regular,2024-09-28 18:00:00+00:00,Truman State,Wayne State (MI),31,17,True,False,False,Great Lakes,GLIAC,ii,ii,
5,regular,2024-09-28 18:00:00+00:00,Coe,Dubuque,27,10,True,False,True,American Rivers,American Rivers,iii,iii,
5,regular,2024-09-28 18:00:00+00:00,Bentley,New Haven,35,45,True,False,True,Northeast 10,Northeast 10,ii,ii,
5,regular,2024-09-28 18:00:00+00:00,Hamline,Carleton,14,24,True,False,True,Minnesota,Minnesota,iii,iii,
5,regular,2024-09-28 18:00:00+00:00,Concordia (MN),St. Scholastica,35,0,True,False,True,Minnesota,Minnesota,iii,iii,
5,regular,2024-09-28 18:00:00+00:00,Rockford,St. Norbert,3,40,True,False,True,NACC,NACC,iii,iii,
5,regular,2024-09-28 18:00:00+00:00,Barton,Anderson (SC),27,13,True,False,True,South Atlantic,South Atlantic,ii,ii,
5,regular,2024-09-28 18:00:00+00:00,Elmhurst,North Park,28,21,True,False,True,CCIW,CCIW,iii,iii,
5,regular,2024-09-28 18:00:00+00:00,Wartburg,Nebraska Wesleyan,34,0,True,False,True,American Rivers,American Rivers,iii,iii,
5,regular,2024-09-28 18:00:00+00:00,Simpson (IA),Loras,66,14,True,False,True,American Rivers,American Rivers,iii,iii,
5,regular,2024-09-28 18:00:00+00:00,Campbell,Delaware State,44,41,True,False,False,Coastal Athletic,MEAC,fcs,fcs,
5,regular,2024-09-28 18:00:00+00:00,Central Missouri,Nebraska Kearney,36,35,True,False,True,Mid America,Mid America,ii,ii,
5,regular,2024-09-28 18:00:00+00:00,Hendrix,Huntingdon,31,28,True,False,False,Southern Athletic,USA South,iii,iii,
5,regular,2024-09-28 18:00:00+00:00,Bloomsburg,West Chester,23,21,True,False,True,Pennsylvania State Athletic,Pennsylvania State Athletic,ii,ii,
5,regular,2024-09-28 18:00:00+00:00,West Georgia,North Alabama,16,25,True,False,True,UAC,UAC,fcs,fcs,
5,regular,2024-09-28 18:00:00+00:00,Alma,Hope,13,34,True,False,True,Michigan,Michigan,iii,iii,
5,regular,2024-09-28 18:00:00+00:00,Augsburg,Gustavus Adolphus,0,28,True,False,True,Minnesota,Minnesota,iii,iii,
5,regular,2024-09-28 18:00:00+00:00,Austin,McMurry,9,34,True,False,True,Southern Collegiate Athletic,Southern Collegiate Athletic,iii,iii,
5,regular,2024-09-28 18:00:00+00:00,Illinois Wesleyan,Carthage,35,0,True,False,True,CCIW,CCIW,iii,iii,
5,regular,2024-09-28 18:00:00+00:00,Carroll (WI),Wheaton (IL),10,22,True,False,True,CCIW,CCIW,iii,iii,
5,regular,2024-09-28 18:00:00+00:00,Buena Vista,Central College,0,52,True,False,True,American Rivers,American Rivers,iii,iii,
5,regular,2024-09-28 18:00:00+00:00,New Mexico Highlands,Western Colorado,12,53,True,False,True,Rocky Mountain,Rocky Mountain,ii,ii,
5,regular,2024-09-28 18:30:00+00:00,Northwest Missouri State,Emporia State,14,9,True,False,True,Mid America,Mid America,ii,ii,
5,regular,2024-09-28 18:30:00+00:00,Worcester State,Westfield State,27,35,True,False,True,MSCAC,MSCAC,iii,iii,
5,regular,2024-09-28 19:00:00+00:00,Norfolk State,North Carolina Central,10,37,True,True,True,MEAC,MEAC,fcs,fcs,
5,regular,2024-09-28 19:00:00+00:00,Geneva,Case Western Reserve,14,56,True,False,True,Presidents',Presidents',iii,iii,
5,regular,2024-09-28 19:00:00+00:00,Princeton,Howard,30,13,True,False,False,Ivy,MEAC,fcs,fcs,
5,regular,2024-09-28 19:00:00+00:00,Northern Colorado,Cal Poly,7,28,True,False,True,Big Sky,Big Sky,fcs,fcs,
5,regular,2024-09-28 19:00:00+00:00,Thiel,Westminster (PA),6,58,True,False,True,Presidents',Presidents',iii,iii,
5,regular,2024-09-28 19:00:00+00:00,Illinois State,North Dakota State,10,42,True,False,True,MVFC,MVFC,fcs,fcs,
5,regular,2024-09-28 19:00:00+00:00,Eastern Illinois,Lindenwood,25,28,True,False,True,Big South-OVC,Big South-OVC,fcs,fcs,
5,regular,2024-09-28 19:00:00+00:00,Adrian,Olivet,24,14,True,False,True,Michigan,Michigan,iii,iii,
5,regular,2024-09-28 19:00:00+00:00,Missouri State,Youngstown State,38,31,True,False,True,MVFC,MVFC,fcs,fcs,
5,regular,2024-09-28 19:00:00+00:00,Wofford,Mercer,3,22,True,False,True,Southern,Southern,fcs,fcs,
5,regular,2024-09-28 19:00:00+00:00,Lyon,Texas Lutheran,0,49,True,True,True,Southern Collegiate Athletic,Southern Collegiate Athletic,iii,iii,
5,regular,2024-09-28 19:00:00+00:00,Lane College,Clark Atlanta,28,38,True,False,True,SIAC,SIAC,ii,ii,
5,regular,2024-09-28 19:00:00+00:00,Colorado School of Mines,Black Hills State,52,24,True,False,True,Rocky Mountain,Rocky Mountain,ii,ii,
5,regular,2024-09-28 19:00:00+00:00,Adams State,CSU Pueblo,10,66,True,False,True,Rocky Mountain,Rocky Mountain,ii,ii,
5,regular,2024-09-28 19:00:00+00:00,Bemidji State,University of Mary,41,7,True,False,True,Northern Sun,Northern Sun,ii,ii,
5,regular,2024-09-28 19:00:00+00:00,Bethune-Cookman,Alabama State,21,26,True,False,True,SWAC,SWAC,fcs,fcs,
5,regular,2024-09-28 19:00:00+00:00,Colorado Mesa,Chadron State,18,3,True,False,True,Rocky Mountain,Rocky Mountain,ii,ii,
5,regular,2024-09-28 19:00:00+00:00,Sam Houston,Texas State,40,39,True,True,False,Conference USA,Sun Belt,fbs,fbs,
5,regular,2024-09-28 19:00:00+00:00,Grand Valley State,West Florida,31,7,True,False,False,GLIAC,Gulf South,ii,ii,
5,regular,2024-09-28 19:00:00+00:00,Missouri Western,Washburn,16,24,True,False,True,Mid America,Mid America,ii,ii,
5,regular,2024-09-28 19:30:00+00:00,Kent State,Eastern Michigan,33,52,True,False,True,Mid-American,Mid-American,fbs,fbs,
5,regular,2024-09-28 19:30:00+00:00,Miami (OH),Massachusetts,23,20,True,False,False,Mid-American,FBS Independents,fbs,fbs,
5,regular,2024-09-28 19:30:00+00:00,UNLV,Fresno State,59,14,True,False,True,Mountain West,Mountain West,fbs,fbs,
5,regular,2024-09-28 19:30:00+00:00,UAlbany,Maine,20,34,True,False,True,Coastal Athletic,Coastal Athletic,fcs,fcs,
5,regular,2024-09-28 19:30:00+00:00,Kansas,TCU,27,38,True,True,True,Big 12,Big 12,fbs,fbs,
5,regular,2024-09-28 19:30:00+00:00,USC,Wisconsin,38,21,True,False,True,Big Ten,Big Ten,fbs,fbs,
5,regular,2024-09-28 19:30:00+00:00,UCF,Colorado,21,48,True,False,True,Big 12,Big 12,fbs,fbs,
5,regular,2024-09-28 19:30:00+00:00,App State,Liberty,,,False,False,False,Sun Belt,Conference USA,fbs,fbs,
5,regular,2024-09-28 19:30:00+00:00,Texas A&M,Arkansas,21,17,True,True,True,SEC,SEC,fbs,fbs,
5,regular,2024-09-28 19:30:00+00:00,Marshall,Western Michigan,27,20,True,False,False,Sun Belt,Mid-American,fbs,fbs,
5,regular,2024-09-28 19:30:00+00:00,Stony Brook,Morgan State,22,3,True,False,False,Coastal Athletic,MEAC,fcs,fcs,
5,regular,2024-09-28 19:30:00+00:00,Wake Forest,Louisiana,38,41,True,False,False,ACC,Sun Belt,fbs,fbs,
5,regular,2024-09-28 19:30:00+00:00,Ohio,Akron,30,10,True,False,True,Mid-American,Mid-American,fbs,fbs,
5,regular,2024-09-28 19:30:00+00:00,Georgia State,Georgia Southern,21,38,True,False,True,Sun Belt,Sun Belt,fbs,fbs,
5,regular,2024-09-28 19:30:00+00:00,Auburn,Oklahoma,21,27,True,False,True,SEC,SEC,fbs,fbs,
5,regular,2024-09-28 19:30:00+00:00,Notre Dame,Louisville,31,24,True,False,False,FBS Independents,ACC,fbs,fbs,
5,regular,2024-09-28 19:30:00+00:00,Central Michigan,San Diego State,22,21,True,False,False,Mid-American,Mountain West,fbs,fbs,
5,regular,2024-09-28 19:30:00+00:00,Delaware,Sacred Heart,49,0,True,False,False,CAA,FCS Independents,fcs,fcs,
5,regular,2024-09-28 20:00:00+00:00,Northeastern State,Missouri Southern State,20,27,True,False,False,Independent DII,Mid America,ii,ii,
5,regular,2024-09-28 20:00:00+00:00,Erskine,Delta State,0,0,True,False,True,Gulf South,Gulf South,ii,ii,
5,regular,2024-09-28 20:00:00+00:00,Gardner-Webb,Tennessee Tech,21,52,True,False,True,Big South-OVC,Big South-OVC,fcs,fcs,
5,regular,2024-09-28 20:00:00+00:00,Southeast Missouri State,Northwestern State,19,0,True,False,False,Big South-OVC,Southland,fcs,fcs,
5,regular,2024-09-28 20:00:00+00:00,Northern Arizona,Sacramento State,34,16,True,False,True,Big Sky,Big Sky,fcs,fcs,
5,regular,2024-09-28 20:00:00+00:00,Fort Lewis,South Dakota Mines,33,49,True,False,True,Rocky Mountain,Rocky Mountain,ii,ii,
5,regular,2024-09-28 20:00:00+00:00,Willamette,Simpson (CA),21,18,True,False,False,Northwest,,iii,,
5,regular,2024-09-28 20:00:00+00:00,La Verne,Pomona Pitzer,20,27,True,False,True,So. Cal.,So. Cal.,iii,iii,
5,regular,2024-09-28 20:00:00+00:00,IU Pennsylvania,Clarion,31,0,True,False,True,Pennsylvania State Athletic,Pennsylvania State Athletic,ii,ii,
5,regular,2024-09-28 20:00:00+00:00,East Carolina,UTSA,30,20,True,False,True,American Athletic,American Athletic,fbs,fbs,
5,regular,2024-09-28 20:00:00+00:00,Duke,North Carolina,21,20,True,False,True,ACC,ACC,fbs,fbs,
5,regular,2024-09-28 20:05:00+00:00,Western Oregon,West Texas,24,16,True,False,True,Lone Star,Lone Star,ii,ii,
5,regular,2024-09-28 20:15:00+00:00,Texas,Mississippi State,35,13,True,False,True,SEC,SEC,fbs,fbs,
5,regular,2024-09-28 21:00:00+00:00,Montclair State,Union,17,15,True,False,False,New Jersey,Liberty League,iii,iii,
5,regular,2024-09-28 21:00:00+00:00,Bowling Green,Old Dominion,27,30,True,False,False,Mid-American,Sun Belt,fbs,fbs,
5,regular,2024-09-28 21:00:00+00:00,The Citadel,East Tennessee State,17,34,True,False,True,Southern,Southern,fcs,fcs,
5,regular,2024-09-28 21:00:00+00:00,Buffalo State,Alfred State,12,0,True,False,False,Liberty League,ECFC,iii,iii,
5,regular,2024-09-28 21:00:00+00:00,Western Connecticut State,Fitchburg State,72,0,True,False,True,MSCAC,MSCAC,iii,iii,
5,regular,2024-09-28 22:00:00+00:00,Catawba,Carson Newman,34,35,True,False,True,South Atlantic,South Atlantic,ii,ii,
5,regular,2024-09-28 22:00:00+00:00,Indianapolis,Saginaw Valley State,24,28,True,False,False,Great Lakes,GLIAC,ii,ii,
5,regular,2024-09-28 22:00:00+00:00,Slippery Rock,Edinboro,28,23,True,False,True,Pennsylvania State Athletic,Pennsylvania State Athletic,ii,ii,
5,regular,2024-09-28 22:00:00+00:00,Lincoln (PA),Livingstone,14,15,True,False,True,CIAA,CIAA,ii,ii,
5,regular,2024-09-28 22:00:00+00:00,Wingate,Mars Hill,0,0,True,False,True,South Atlantic,South Atlantic,ii,ii,
5,regular,2024-09-28 22:00:00+00:00,Lake Erie,Northwood,20,55,True,False,True,Great Midwest Athletic,Great Midwest Athletic,ii,ii,
5,regular,2024-09-28 22:00:00+00:00,Franklin Pierce,Pace,48,20,True,True,True,Northeast 10,Northeast 10,ii,ii,
5,regular,2024-09-28 22:00:00+00:00,Kennesaw State,UT Martin,13,24,True,False,False,Conference USA,Big South-OVC,fbs,fcs,
5,regular,2024-09-28 22:00:00+00:00,Idaho State,Montana State,17,37,True,False,True,Big Sky,Big Sky,fcs,fcs,
5,regular,2024-09-28 22:00:00+00:00,South Carolina State,North Carolina A&T,45,25,True,False,False,MEAC,Coastal Athletic,fcs,fcs,
5,regular,2024-09-28 22:00:00+00:00,Florida Atlantic,Wagner,41,10,True,False,False,American Athletic,NEC,fbs,fcs,
5,regular,2024-09-28 22:00:00+00:00,Bluefield State,Johnson C. Smith,3,42,True,False,True,CIAA,CIAA,ii,ii,
5,regular,2024-09-28 22:00:00+00:00,William & Mary,Hampton,49,7,True,False,True,Coastal Athletic,Coastal Athletic,fcs,fcs,
5,regular,2024-09-28 22:00:00+00:00,Tennessee State,Charleston Southern,13,9,True,False,True,Big South-OVC,Big South-OVC,fcs,fcs,
5,regular,2024-09-28 22:00:00+00:00,Florida International,Louisiana Tech,17,10,True,True,True,Conference USA,Conference USA,fbs,fbs,
5,regular,2024-09-28 22:00:00+00:00,Villanova,Long Island University,24,10,True,False,False,Coastal Athletic,NEC,fcs,fcs,
5,regular,2024-09-28 22:05:00+00:00,East Stroudsburg,Kutztown,21,27,True,False,True,Pennsylvania State Athletic,Pennsylvania State Athletic,ii,ii,
5,regular,2024-09-28 22:30:00+00:00,Kalamazoo,Calvin,33,31,True,False,True,Michigan,Michigan,iii,iii,
5,regular,2024-09-28 23:00:00+00:00,Clemson,Stanford,40,14,True,False,True,ACC,ACC,fbs,fbs,
5,regular,2024-09-28 23:00:00+00:00,Chattanooga,Portland State,45,30,True,False,False,Southern,Big Sky,fcs,fcs,
5,regular,2024-09-28 23:00:00+00:00,Northern State,Winona State,30,24,True,False,True,Northern Sun,Northern Sun,ii,ii,
5,regular,2024-09-28 23:00:00+00:00,North Texas,Tulsa,52,20,True,False,True,American Athletic,American Athletic,fbs,fbs,
5,regular,2024-09-28 23:00:00+00:00,Mississippi Valley State,Alcorn State,21,42,True,False,True,SWAC,SWAC,fcs,fcs,
5,regular,2024-09-28 23:00:00+00:00,Rice,Charlotte,20,21,True,False,True,American Athletic,American Athletic,fbs,fbs,
5,regular,2024-09-28 23:00:00+00:00,Northwestern (OK),Southeastern Oklahoma State,21,27,True,False,True,Great American,Great American,ii,ii,
5,regular,2024-09-28 23:00:00+00:00,North Greenville,Shorter,0,0,True,False,True,Gulf South,Gulf South,ii,ii,
5,regular,2024-09-28 23:00:00+00:00,Lakeland,Wisconsin Lutheran,31,33,True,False,True,NACC,NACC,iii,iii,
5,regular,2024-09-28 23:00:00+00:00,Troy,UL Monroe,9,13,True,False,True,Sun Belt,Sun Belt,fbs,fbs,
5,regular,2024-09-28 23:00:00+00:00,Southwestern Oklahoma State,Southern Nazarene,24,17,True,False,True,Great American,Great American,ii,ii,
5,regular,2024-09-28 23:00:00+00:00,Texas Southern,Jackson State,14,43,True,False,True,SWAC,SWAC,fcs,fcs,
5,regular,2024-09-28 23:00:00+00:00,Valdosta State,West Alabama,0,0,True,False,True,Gulf South,Gulf South,ii,ii,
5,regular,2024-09-28 23:00:00+00:00,East Texas Baptist,Centenary (LA),47,8,True,False,False,American Southwest,Southern Collegiate Athletic,iii,iii,
5,regular,2024-09-28 23:00:00+00:00,Newberry,UVA Wise,0,0,True,False,True,South Atlantic,South Atlantic,ii,ii,
5,regular,2024-09-28 23:00:00+00:00,Ouachita Baptist,Arkansas Monticello,49,14,True,False,True,Great American,Great American,ii,ii,
5,regular,2024-09-28 23:00:00+00:00,Tarleton State,SE Louisiana,36,33,True,False,False,UAC,Southland,fcs,fcs,
5,regular,2024-09-28 23:00:00+00:00,Central Arkansas,Lamar,34,14,True,False,False,UAC,Southland,fcs,fcs,
5,regular,2024-09-28 23:00:00+00:00,Prairie View A&M,Grambling,36,34,True,True,True,SWAC,SWAC,fcs,fcs,
5,regular,2024-09-28 23:00:00+00:00,Thomas More,Walsh,44,21,True,True,True,Great Midwest Athletic,Great Midwest Athletic,ii,ii,
5,regular,2024-09-28 23:00:00+00:00,Western Illinois,McKendree,49,32,True,False,False,Big South-OVC,Great Lakes,fcs,ii,
5,regular,2024-09-28 23:00:00+00:00,Arkansas Tech,Southern Arkansas,7,38,True,False,True,Great American,Great American,ii,ii,
5,regular,2024-09-28 23:00:00+00:00,Houston,Iowa State,0,20,True,False,True,Big 12,Big 12,fbs,fbs,
5,regular,2024-09-28 23:00:00+00:00,Oklahoma Baptist,East Central,20,10,True,False,True,Great American,Great American,ii,ii,
5,regular,2024-09-28 23:00:00+00:00,Grove City,Allegheny,58,7,True,False,True,Presidents',Presidents',iii,iii,
5,regular,2024-09-28 23:30:00+00:00,Michigan State,Ohio State,7,38,True,False,True,Big Ten,Big Ten,fbs,fbs,
5,regular,2024-09-28 23:30:00+00:00,Memphis,Middle Tennessee,24,7,True,False,False,American Athletic,Conference USA,fbs,fbs,
5,regular,2024-09-28 23:30:00+00:00,Alabama,Georgia,41,34,True,False,True,SEC,SEC,fbs,fbs,
5,regular,2024-09-28 23:30:00+00:00,Penn State,Illinois,21,7,True,False,True,Big Ten,Big Ten,fbs,fbs,
5,regular,2024-09-28 23:45:00+00:00,LSU,South Alabama,42,10,True,False,False,SEC,Sun Belt,fbs,fbs,
5,regular,2024-09-29 00:00:00+00:00,Central Oklahoma,Fort Hays,49,24,True,False,True,Mid America,Mid America,ii,ii,
5,regular,2024-09-29 00:00:00+00:00,New Mexico State,New Mexico,40,50,True,False,False,Conference USA,Mountain West,fbs,fbs,
5,regular,2024-09-29 00:00:00+00:00,Weber State,McNeese,26,28,True,False,False,Big Sky,Southland,fcs,fcs,
5,regular,2024-09-29 00:00:00+00:00,Eastern Washington,Montana,49,52,True,False,True,Big Sky,Big Sky,fcs,fcs,
5,regular,2024-09-29 00:00:00+00:00,Wyoming,Air Force,31,19,True,False,True,Mountain West,Mountain West,fbs,fbs,
5,regular,2024-09-29 00:00:00+00:00,SMU,Florida State,42,16,True,False,True,ACC,ACC,fbs,fbs,
5,regular,2024-09-29 00:00:00+00:00,Texas A&M-Kingsville,Sul Ross State,56,21,True,False,True,Lone Star,Lone Star,ii,ii,
5,regular,2024-09-29 00:00:00+00:00,Macalester,St. Olaf,0,29,True,False,True,Minnesota,Minnesota,iii,iii,
5,regular,2024-09-29 00:00:00+00:00,Texas Tech,Cincinnati,44,41,True,False,True,Big 12,Big 12,fbs,fbs,
5,regular,2024-09-29 00:00:00+00:00,Harding,Henderson State,66,0,True,False,True,Great American,Great American,ii,ii,
5,regular,2024-09-29 00:00:00+00:00,Midwestern State,UT Permian Basin,3,27,True,False,True,Lone Star,Lone Star,ii,ii,
5,regular,2024-09-29 01:00:00+00:00,Central Washington,Western New Mexico,36,0,True,False,True,Lone Star,Lone Star,ii,ii,
5,regular,2024-09-29 01:00:00+00:00,Utah Tech,Abilene Christian,30,55,True,False,True,UAC,UAC,fcs,fcs,
5,regular,2024-09-29 02:00:00+00:00,UC Davis,Idaho,28,26,True,False,True,Big Sky,Big Sky,fcs,fcs,
5,regular,2024-09-29 02:00:00+00:00,Boise State,Washington State,45,24,True,False,False,Mountain West,Pac-12,fbs,fbs,
5,regular,2024-09-29 02:00:00+00:00,Cal Lutheran,Claremont Mudd Scripps,13,31,True,False,True,So. Cal.,So. Cal.,iii,iii,
5,regular,2024-09-29 02:00:00+00:00,Redlands,Chapman,10,32,True,False,True,So. Cal.,So. Cal.,iii,iii,
5,regular,2024-09-29 02:15:00+00:00,Utah,Arizona,10,23,True,False,True,Big 12,Big 12,fbs,fbs,
5,regular,2024-09-29 03:00:00+00:00,UCLA,Oregon,13,34,True,False,True,Big Ten,Big Ten,fbs,fbs,
5,regular,2024-09-29 17:00:00+00:00,Limestone,Emory & Henry,37,24,True,False,True,South Atlantic,South Atlantic,ii,ii,
5,regular,2024-09-29 17:00:00+00:00,Savannah State,Fort Valley State,0,30,True,False,True,SIAC,SIAC,ii,ii,
5,regular,2024-09-29 19:00:00+00:00,Lenoir Rhyne,Tusculum,37,23,True,False,True,South Atlantic,South Atlantic,ii,ii,
5,regular,2024-09-29 20:00:00+00:00,Edward Waters,Tuskegee,13,27,True,False,True,SIAC,SIAC,ii,ii,
5,regular,2024-09-29 21:00:00+00:00,Presbyterian,Davidson,37,48,True,False,True,Pioneer,Pioneer,fcs,fcs,
6,regular,2024-10-03 23:00:00+00:00,Troy,Texas State,17,38,True,False,True,Sun Belt,Sun Belt,fbs,fbs,
6,regular,2024-10-04 01:00:00+00:00,UTEP,Sam Houston,21,41,True,False,True,Conference USA,Conference USA,fbs,fbs,
6,regular,2024-10-04 22:00:00+00:00,Juniata,Wilkes,7,54,True,False,True,Landmark Conference,Landmark Conference,iii,iii,
6,regular,2024-10-04 22:00:00+00:00,Johns Hopkins,Rowan,20,13,True,False,False,Centennial,New Jersey,iii,iii,
6,regular,2024-10-04 23:00:00+00:00,Harvard,New Hampshire,28,23,True,False,False,Ivy,Coastal Athletic,fcs,fcs,
6,regular,2024-10-04 23:00:00+00:00,Mass Maritime,UMass Dartmouth,0,34,True,False,True,MSCAC,MSCAC,iii,iii,
6,regular,2024-10-04 23:00:00+00:00,Kennesaw State,Jacksonville State,24,63,True,False,True,Conference USA,Conference USA,fbs,fbs,
6,regular,2024-10-04 23:00:00+00:00,Muhlenberg,Ursinus,50,53,True,False,True,Centennial,Centennial,iii,iii,
6,regular,2024-10-04 23:00:00+00:00,Gettysburg,McDaniel,20,7,True,False,True,Centennial,Centennial,iii,iii,
6,regular,2024-10-04 23:30:00+00:00,TCU,Houston,19,30,True,False,True,Big 12,Big 12,fbs,fbs,
6,regular,2024-10-05 01:00:00+00:00,Oregon,Michigan State,31,10,True,False,True,Big Ten,Big Ten,fbs,fbs,
6,regular,2024-10-05 01:00:00+00:00,UNLV,Syracuse,41,44,True,False,False,Mountain West,ACC,fbs,fbs,
6,regular,2024-10-05 16:00:00+00:00,Gallaudet,Nichols,42,28,True,False,False,ECFC,Commonwealth Coast,iii,iii,
6,regular,2024-10-05 16:00:00+00:00,Tulsa,Army,7,49,True,False,True,American Athletic,American Athletic,fbs,fbs,
6,regular,2024-10-05 16:00:00+00:00,North Carolina,Pittsburgh,24,34,True,False,True,ACC,ACC,fbs,fbs,
6,regular,2024-10-05 16:00:00+00:00,NC State,Wake Forest,30,34,True,False,True,ACC,ACC,fbs,fbs,
6,regular,2024-10-05 16:00:00+00:00,Rochester (NY),Rensselaer,14,7,True,False,True,Liberty League,Liberty League,iii,iii,
6,regular,2024-10-05 16:00:00+00:00,Kutztown,Bloomsburg,42,10,True,False,True,Pennsylvania State Athletic,Pennsylvania State Athletic,ii,ii,
6,regular,2024-10-05 16:00:00+00:00,Charleston (WV),Glenville State,29,17,True,False,True,Mountain East,Mountain East,ii,ii,
6,regular,2024-10-05 16:00:00+00:00,Alfred State,Apprentice School,21,7,True,False,False,ECFC,Independent DIII,iii,iii,
6,regular,2024-10-05 16:00:00+00:00,MIT,Coast Guard,19,21,True,False,True,NEWMAC,NEWMAC,iii,iii,
6,regular,2024-10-05 16:00:00+00:00,Shepherd,Lock Haven,45,38,True,False,True,Pennsylvania State Athletic,Pennsylvania State Athletic,ii,ii,
6,regular,2024-10-05 16:00:00+00:00,Plymouth State,Western Connecticut State,21,48,True,False,True,MSCAC,MSCAC,iii,iii,
6,regular,2024-10-05 16:00:00+00:00,Davenport,Grand Valley State,7,24,True,False,True,GLIAC,GLIAC,ii,ii,
6,regular,2024-10-05 16:00:00+00:00,Louisville,SMU,27,34,True,False,True,ACC,ACC,fbs,fbs,
6,regular,2024-10-05 16:00:00+00:00,Texas A&M,Missouri,41,10,True,False,True,SEC,SEC,fbs,fbs,
6,regular,2024-10-05 16:00:00+00:00,Yale,Central Connecticut,23,22,True,False,False,Ivy,NEC,fcs,fcs,
6,regular,2024-10-05 16:00:00+00:00,Hartwick,Utica,7,65,True,False,True,Empire 8,Empire 8,iii,iii,
6,regular,2024-10-05 16:00:00+00:00,Air Force,Navy,7,34,True,False,False,Mountain West,American Athletic,fbs,fbs,
6,regular,2024-10-05 16:00:00+00:00,Springfield,WPI,51,7,True,False,True,NEWMAC,NEWMAC,iii,iii,
6,regular,2024-10-05 16:00:00+00:00,Wisconsin,Purdue,52,6,True,False,True,Big Ten,Big Ten,fbs,fbs,
6,regular,2024-10-05 16:00:00+00:00,Penn State,UCLA,27,11,True,False,True,Big Ten,Big Ten,fbs,fbs,
6,regular,2024-10-05 16:00:00+00:00,Northern Illinois,Massachusetts,34,20,True,False,False,Mid-American,FBS Independents,fbs,fbs,
6,regular,2024-10-05 16:00:00+00:00,Virginia,Boston College,24,14,True,False,True,ACC,ACC,fbs,fbs,
6,regular,2024-10-05 16:00:00+00:00,Merchant Marine,Salve Regina,28,31,True,False,True,NEWMAC,NEWMAC,iii,iii,
6,regular,2024-10-05 16:00:00+00:00,Columbia,Princeton,34,17,True,False,True,Ivy,Ivy,fcs,fcs,
6,regular,2024-10-05 16:00:00+00:00,Walsh,Lake Erie,63,34,True,False,True,Great Midwest Athletic,Great Midwest Athletic,ii,ii,
6,regular,2024-10-05 16:00:00+00:00,Millersville,East Stroudsburg,17,57,True,False,True,Pennsylvania State Athletic,Pennsylvania State Athletic,ii,ii,
6,regular,2024-10-05 16:00:00+00:00,Wheeling,UNC Pembroke,32,35,True,False,True,Mountain East,Mountain East,ii,ii,
6,regular,2024-10-05 16:00:00+00:00,Oberlin,Kenyon,0,34,True,False,True,North Coast,North Coast,iii,iii,
6,regular,2024-10-05 16:00:00+00:00,Shorter,Valdosta State,6,59,True,False,True,Gulf South,Gulf South,ii,ii,
6,regular,2024-10-05 16:00:00+00:00,Pace,Bentley,16,31,True,False,True,Northeast 10,Northeast 10,ii,ii,
6,regular,2024-10-05 16:00:00+00:00,Brown,Bryant,35,42,True,False,False,Ivy,Coastal Athletic,fcs,fcs,
6,regular,2024-10-05 16:00:00+00:00,Michigan Tech,Wayne State (MI),22,7,True,False,True,GLIAC,GLIAC,ii,ii,
6,regular,2024-10-05 16:00:00+00:00,West Chester,Shippensburg,28,10,True,False,True,Pennsylvania State Athletic,Pennsylvania State Athletic,ii,ii,
6,regular,2024-10-05 16:00:00+00:00,Framingham State,Fitchburg State,25,22,True,False,True,MSCAC,MSCAC,iii,iii,
6,regular,2024-10-05 16:30:00+00:00,Otterbein,Mount Union,0,21,True,False,True,Ohio,Ohio,iii,iii,
6,regular,2024-10-05 17:00:00+00:00,Emory & Henry,Lenoir Rhyne,31,20,True,False,True,South Atlantic,South Atlantic,ii,ii,
6,regular,2024-10-05 17:00:00+00:00,New Haven,American International,56,0,True,False,True,Northeast 10,Northeast 10,ii,ii,
6,regular,2024-10-05 17:00:00+00:00,Stonehill,Wagner,7,28,True,False,True,NEC,NEC,fcs,fcs,
6,regular,2024-10-05 17:00:00+00:00,West Liberty,Concord,31,10,True,False,True,Mountain East,Mountain East,ii,ii,
6,regular,2024-10-05 17:00:00+00:00,Fordham,Lafayette,23,28,True,False,True,Patriot,Patriot,fcs,fcs,
6,regular,2024-10-05 17:00:00+00:00,Mercyhurst,Buffalo State,55,0,True,False,False,NEC,Liberty League,fcs,iii,
6,regular,2024-10-05 17:00:00+00:00,Butler,Morehead State,40,6,True,False,True,Pioneer,Pioneer,fcs,fcs,
6,regular,2024-10-05 17:00:00+00:00,Sacred Heart,Norfolk State,10,3,True,False,False,FCS Independents,MEAC,fcs,fcs,
6,regular,2024-10-05 17:00:00+00:00,Delaware State,Saint Francis,17,28,True,False,False,MEAC,NEC,fcs,fcs,
6,regular,2024-10-05 17:00:00+00:00,Morgan State,Lincoln (PA),41,0,True,False,False,MEAC,CIAA,fcs,ii,
6,regular,2024-10-05 17:00:00+00:00,Cornell,UAlbany,10,31,True,False,False,Ivy,Coastal Athletic,fcs,fcs,
6,regular,2024-10-05 17:00:00+00:00,Allegheny,Case Western Reserve,14,58,True,False,True,Presidents',Presidents',iii,iii,
6,regular,2024-10-05 17:00:00+00:00,Catholic,Susquehanna,14,48,True,False,True,Landmark Conference,Landmark Conference,iii,iii,
6,regular,2024-10-05 17:00:00+00:00,Frostburg State,West Virginia Wesleyan,49,16,True,False,True,Mountain East,Mountain East,ii,ii,
6,regular,2024-10-05 17:00:00+00:00,Saint Anselm,Post,56,28,True,False,True,Northeast 10,Northeast 10,ii,ii,
6,regular,2024-10-05 17:00:00+00:00,Hamilton,Wesleyan (CT),7,19,True,False,True,NESCAC,NESCAC,iii,iii,
6,regular,2024-10-05 17:00:00+00:00,Calvin,Alma,13,73,True,True,True,Michigan,Michigan,iii,iii,
6,regular,2024-10-05 17:00:00+00:00,Gannon,Seton Hill,23,17,True,False,True,Pennsylvania State Athletic,Pennsylvania State Athletic,ii,ii,
6,regular,2024-10-05 17:00:00+00:00,Virginia Union,Winston-Salem State,31,13,True,False,True,CIAA,CIAA,ii,ii,
6,regular,2024-10-05 17:00:00+00:00,Ashland,Ohio Dominican,26,6,True,False,True,Great Midwest Athletic,Great Midwest Athletic,ii,ii,
6,regular,2024-10-05 17:00:00+00:00,Carson Newman,Barton,28,17,True,False,True,South Atlantic,South Atlantic,ii,ii,
6,regular,2024-10-05 17:00:00+00:00,Tusculum,Limestone,21,49,True,False,True,South Atlantic,South Atlantic,ii,ii,
6,regular,2024-10-05 17:00:00+00:00,Defiance College,Manchester,35,3,True,False,True,,Heartland,,iii,
6,regular,2024-10-05 17:00:00+00:00,Albion,Adrian,38,27,True,False,True,Michigan,Michigan,iii,iii,
6,regular,2024-10-05 17:00:00+00:00,Hope,Trine,42,6,True,False,True,Michigan,Michigan,iii,iii,
6,regular,2024-10-05 17:00:00+00:00,Brockport,St. John Fisher,35,0,True,False,True,Empire 8,Empire 8,iii,iii,
6,regular,2024-10-05 17:00:00+00:00,Hampden Sydney,Guilford,31,0,True,False,True,Old Dominion,Old Dominion,iii,iii,
6,regular,2024-10-05 17:00:00+00:00,St. Norbert,Concordia (WI),28,10,True,False,True,NACC,NACC,iii,iii,
6,regular,2024-10-05 17:00:00+00:00,Williams,Bowdoin,34,14,True,False,True,NESCAC,NESCAC,iii,iii,
6,regular,2024-10-05 17:00:00+00:00,Kean,William Paterson,25,18,True,False,True,New Jersey,New Jersey,iii,iii,
6,regular,2024-10-05 17:00:00+00:00,Fayetteville State,Bowie State,27,24,True,False,True,CIAA,CIAA,ii,ii,
6,regular,2024-10-05 17:00:00+00:00,UAB,Tulane,20,71,True,False,True,American Athletic,American Athletic,fbs,fbs,
6,regular,2024-10-05 17:00:00+00:00,Keystone,Moravian,14,55,True,False,True,Landmark Conference,Landmark Conference,iii,iii,
6,regular,2024-10-05 17:00:00+00:00,Centre,Trinity (TX),24,12,True,False,True,Southern Athletic,Southern Athletic,iii,iii,
6,regular,2024-10-05 17:00:00+00:00,LaGrange,Maryville (TN),13,38,True,False,True,USA South,USA South,iii,iii,
6,regular,2024-10-05 17:00:00+00:00,Franklin & Marshall,Dickinson,23,14,True,False,True,Centennial,Centennial,iii,iii,
6,regular,2024-10-05 17:00:00+00:00,Hobart,Ithaca,16,7,True,False,True,Liberty League,Liberty League,iii,iii,
6,regular,2024-10-05 17:00:00+00:00,Colgate,Holy Cross,7,38,True,False,True,Patriot,Patriot,fcs,fcs,
6,regular,2024-10-05 17:00:00+00:00,Valparaiso,Drake,3,27,True,False,True,Pioneer,Pioneer,fcs,fcs,
6,regular,2024-10-05 17:00:00+00:00,Duquesne,Long Island University,47,21,True,False,True,NEC,NEC,fcs,fcs,
6,regular,2024-10-05 17:00:00+00:00,Dartmouth,Pennsylvania,20,17,True,False,True,Ivy,Ivy,fcs,fcs,
6,regular,2024-10-05 17:00:00+00:00,Monmouth,Delaware,35,42,True,False,True,Coastal Athletic,CAA,fcs,fcs,
6,regular,2024-10-05 17:00:00+00:00,Davidson,Marist,42,19,True,False,True,Pioneer,Pioneer,fcs,fcs,
6,regular,2024-10-05 17:00:00+00:00,Shaw,Bluefield State,35,17,True,False,True,CIAA,CIAA,ii,ii,
6,regular,2024-10-05 17:00:00+00:00,Southern Virginia,Brevard,21,55,True,False,True,USA South,USA South,iii,iii,
6,regular,2024-10-05 17:00:00+00:00,Shenandoah,Randolph Macon,21,22,True,False,True,Old Dominion,Old Dominion,iii,iii,
6,regular,2024-10-05 17:00:00+00:00,Norwich,SUNY Maritime,14,37,True,False,True,NEWMAC,NEWMAC,iii,iii,
6,regular,2024-10-05 17:00:00+00:00,Westminster (PA),Washington & Jefferson,14,21,True,False,True,Presidents',Presidents',iii,iii,
6,regular,2024-10-05 17:00:00+00:00,SUNY Cortland,SUNY Morrisville,41,0,True,False,True,Empire 8,Empire 8,iii,iii,
6,regular,2024-10-05 17:00:00+00:00,Northwood,Hillsdale,13,14,True,False,True,Great Midwest Athletic,Great Midwest Athletic,ii,ii,
6,regular,2024-10-05 17:00:00+00:00,St. Lawrence,Union,27,24,True,False,True,Liberty League,Liberty League,iii,iii,
6,regular,2024-10-05 17:00:00+00:00,Saint Vincent,Geneva,13,16,True,False,True,Presidents',Presidents',iii,iii,
6,regular,2024-10-05 17:00:00+00:00,Lawrence,Grinnell,14,17,True,False,True,Midwest,Midwest,iii,iii,
6,regular,2024-10-05 17:00:00+00:00,Bethany (WV),Grove City,22,62,True,False,True,Presidents',Presidents',iii,iii,
6,regular,2024-10-05 17:00:00+00:00,Alfred,Hilbert,47,0,True,False,True,Empire 8,Empire 8,iii,iii,
6,regular,2024-10-05 17:00:00+00:00,Northern Michigan,Saginaw Valley State,14,63,True,False,True,GLIAC,GLIAC,ii,ii,
6,regular,2024-10-05 17:00:00+00:00,New England,Dean,68,0,True,False,False,Commonwealth Coast,ECFC,iii,iii,
6,regular,2024-10-05 17:00:00+00:00,Wooster,Wabash,19,55,True,False,True,North Coast,North Coast,iii,iii,
6,regular,2024-10-05 17:30:00+00:00,Hanover,Mount St Joseph,41,49,True,False,True,Heartland,Heartland,iii,iii,
6,regular,2024-10-05 17:30:00+00:00,Muskingum,John Carroll,10,35,True,False,True,Ohio,Ohio,iii,iii,
6,regular,2024-10-05 17:30:00+00:00,Tufts,Trinity (CT),24,42,True,False,True,NESCAC,NESCAC,iii,iii,
6,regular,2024-10-05 17:30:00+00:00,Capital,Heidelberg,22,45,True,False,True,Ohio,Ohio,iii,iii,
6,regular,2024-10-05 17:30:00+00:00,Bluffton,Anderson (IN),37,9,True,False,True,Heartland,Heartland,iii,iii,
6,regular,2024-10-05 18:00:00+00:00,Loras,Coe,10,43,True,False,True,American Rivers,American Rivers,iii,iii,
6,regular,2024-10-05 18:00:00+00:00,Wayne State (NE),Minot State,27,21,True,False,True,Northern Sun,Northern Sun,ii,ii,
6,regular,2024-10-05 18:00:00+00:00,Texas Lutheran,Austin,43,34,True,False,True,Southern Collegiate Athletic,Southern Collegiate Athletic,iii,iii,
6,regular,2024-10-05 18:00:00+00:00,Central College,Simpson (IA),59,14,True,False,True,American Rivers,American Rivers,iii,iii,
6,regular,2024-10-05 18:00:00+00:00,William Jewell,Indianapolis,20,23,True,True,True,Great Lakes,Great Lakes,ii,ii,
6,regular,2024-10-05 18:00:00+00:00,Southwest Minnesota State,Nebraska Kearney,0,35,True,False,False,Northern Sun,Mid America,ii,ii,
6,regular,2024-10-05 18:00:00+00:00,Nebraska Wesleyan,Buena Vista,34,21,True,True,True,American Rivers,American Rivers,iii,iii,
6,regular,2024-10-05 18:00:00+00:00,Wisconsin River Falls,Wisconsin Eau Claire,71,14,True,False,True,Wisconsin,Wisconsin,iii,iii,
6,regular,2024-10-05 18:00:00+00:00,Ohio Wesleyan,DePauw,14,53,True,False,True,North Coast,North Coast,iii,iii,
6,regular,2024-10-05 18:00:00+00:00,Rose Hulman,Franklin,24,16,True,False,True,Heartland,Heartland,iii,iii,
6,regular,2024-10-05 18:00:00+00:00,Wisconsin Lutheran,Aurora,14,45,True,False,True,NACC,NACC,iii,iii,
6,regular,2024-10-05 18:00:00+00:00,Northwestern (MN),Crown,69,14,True,False,True,Upper Midwest,Upper Midwest,iii,iii,
6,regular,2024-10-05 18:00:00+00:00,Tuskegee,Morehouse,42,0,True,True,True,SIAC,SIAC,ii,ii,
6,regular,2024-10-05 18:00:00+00:00,Hampton,Rhode Island,44,46,True,False,True,Coastal Athletic,Coastal Athletic,fcs,fcs,
6,regular,2024-10-05 18:00:00+00:00,St. Olaf,Hamline,41,6,True,False,True,Minnesota,Minnesota,iii,iii,
6,regular,2024-10-05 18:00:00+00:00,Vermont State Castleton,Westfield State,24,10,True,False,True,MSCAC,MSCAC,iii,iii,
6,regular,2024-10-05 18:00:00+00:00,Henderson State,Oklahoma Baptist,52,7,True,False,True,Great American,Great American,ii,ii,
6,regular,2024-10-05 18:00:00+00:00,St. Scholastica,Macalester,30,28,True,False,True,Minnesota,Minnesota,iii,iii,
6,regular,2024-10-05 18:00:00+00:00,Saint John's (MN),Augsburg,45,20,True,False,True,Minnesota,Minnesota,iii,iii,
6,regular,2024-10-05 18:00:00+00:00,IU Pennsylvania,Slippery Rock,32,33,True,False,True,Pennsylvania State Athletic,Pennsylvania State Athletic,ii,ii,
6,regular,2024-10-05 18:00:00+00:00,Chadron State,Adams State,52,3,True,False,True,Rocky Mountain,Rocky Mountain,ii,ii,
6,regular,2024-10-05 18:00:00+00:00,Kentucky Wesleyan,Findlay,9,49,True,False,True,Great Midwest Athletic,Great Midwest Athletic,ii,ii,
6,regular,2024-10-05 18:00:00+00:00,Augustana (SD),Minnesota Duluth,28,24,True,False,True,Northern Sun,Northern Sun,ii,ii,
6,regular,2024-10-05 18:00:00+00:00,St. Thomas (MN),Stetson,34,24,True,False,True,Pioneer,Pioneer,fcs,fcs,
6,regular,2024-10-05 18:00:00+00:00,Ball State,Western Michigan,42,45,True,False,True,Mid-American,Mid-American,fbs,fbs,
6,regular,2024-10-05 18:00:00+00:00,Winona State,Minnesota St Moorhead,33,6,True,False,True,Northern Sun,Northern Sun,ii,ii,
6,regular,2024-10-05 18:00:00+00:00,Ferrum,Bridgewater,15,41,True,False,True,Old Dominion,Old Dominion,iii,iii,
6,regular,2024-10-05 18:00:00+00:00,Olivet,Kalamazoo,45,12,True,False,True,Michigan,Michigan,iii,iii,
6,regular,2024-10-05 18:00:00+00:00,UVA Wise,Wingate,0,33,True,False,True,South Atlantic,South Atlantic,ii,ii,
6,regular,2024-10-05 18:00:00+00:00,Kentucky State,Lane College,24,20,True,False,True,SIAC,SIAC,ii,ii,
6,regular,2024-10-05 18:00:00+00:00,UT Martin,Gardner-Webb,35,17,True,False,True,Big South-OVC,Big South-OVC,fcs,fcs,
6,regular,2024-10-05 18:00:00+00:00,Westminster (MO),Greenville,14,35,True,False,True,Upper Midwest,Upper Midwest,iii,iii,
6,regular,2024-10-05 18:00:00+00:00,Gustavus Adolphus,Bethel (MN),0,43,True,False,True,Minnesota,Minnesota,iii,iii,
6,regular,2024-10-05 18:00:00+00:00,Wheaton (IL),North Central College,27,55,True,False,True,CCIW,CCIW,iii,iii,
6,regular,2024-10-05 18:00:00+00:00,Youngstown State,Indiana State,21,14,True,False,True,MVFC,MVFC,fcs,fcs,
6,regular,2024-10-05 18:00:00+00:00,Augustana (IL),North Park,27,30,True,False,True,CCIW,CCIW,iii,iii,
6,regular,2024-10-05 18:00:00+00:00,Martin Luther,Minnesota Morris,21,14,True,False,True,Upper Midwest,Upper Midwest,iii,iii,
6,regular,2024-10-05 18:00:00+00:00,Wisconsin Stevens Point,Wisconsin Stout,15,22,True,False,True,Wisconsin,Wisconsin,iii,iii,
6,regular,2024-10-05 18:00:00+00:00,The Citadel,Furman,16,17,True,False,True,Southern,Southern,fcs,fcs,
6,regular,2024-10-05 18:00:00+00:00,Illinois Wesleyan,Washington St. Louis,23,33,True,False,True,CCIW,CCIW,iii,iii,
6,regular,2024-10-05 18:00:00+00:00,Wisconsin La Crosse,Wisconsin Platteville,27,30,True,False,True,Wisconsin,Wisconsin,iii,iii,
6,regular,2024-10-05 18:00:00+00:00,Wisconsin Whitewater,Wisconsin Oshkosh,21,14,True,False,True,Wisconsin,Wisconsin,iii,iii,
6,regular,2024-10-05 18:00:00+00:00,Wittenberg,Denison,20,30,True,False,True,North Coast,North Coast,iii,iii,
6,regular,2024-10-05 18:00:00+00:00,Clarion,California (PA),27,31,True,False,True,Pennsylvania State Athletic,Pennsylvania State Athletic,ii,ii,
6,regular,2024-10-05 18:00:00+00:00,Carthage,Elmhurst,17,23,True,False,True,CCIW,CCIW,iii,iii,
6,regular,2024-10-05 18:00:00+00:00,Lindenwood,Tennessee State,20,24,True,False,True,Big South-OVC,Big South-OVC,fcs,fcs,
6,regular,2024-10-05 18:00:00+00:00,Richmond,North Carolina A&T,20,17,True,False,True,Coastal Athletic,Coastal Athletic,fcs,fcs,
6,regular,2024-10-05 18:00:00+00:00,West Georgia,Austin Peay,16,20,True,False,True,UAC,UAC,fcs,fcs,
6,regular,2024-10-05 18:00:00+00:00,Mary Hardin Baylor,East Texas Baptist,42,28,True,False,True,American Southwest,American Southwest,iii,iii,
6,regular,2024-10-05 18:00:00+00:00,Carleton,Concordia (MN),6,31,True,False,True,Minnesota,Minnesota,iii,iii,
6,regular,2024-10-05 18:00:00+00:00,Hardin Simmons,Endicott,35,27,True,False,False,American Southwest,Commonwealth Coast,iii,iii,
6,regular,2024-10-05 18:00:00+00:00,Chicago,Beloit,23,3,True,False,True,Midwest,Midwest,iii,iii,
6,regular,2024-10-05 18:00:00+00:00,Amherst,Middlebury,21,29,True,False,True,NESCAC,NESCAC,iii,iii,
6,regular,2024-10-05 18:00:00+00:00,Clark Atlanta,Savannah State,28,35,True,False,True,SIAC,SIAC,ii,ii,
6,regular,2024-10-05 18:00:00+00:00,Southern Connecticut State,Assumption,28,35,True,False,True,Northeast 10,Northeast 10,ii,ii,
6,regular,2024-10-05 18:00:00+00:00,Fairmont State,West Virginia State,34,45,True,False,True,Mountain East,Mountain East,ii,ii,
6,regular,2024-10-05 18:00:00+00:00,Lakeland,Benedictine (IL),42,21,True,False,True,NACC,NACC,iii,iii,
6,regular,2024-10-05 18:00:00+00:00,Huntingdon,Belhaven,45,31,True,False,True,USA South,USA South,iii,iii,
6,regular,2024-10-05 18:00:00+00:00,Johnson C. Smith,Virginia State,21,17,True,False,True,CIAA,CIAA,ii,ii,
6,regular,2024-10-05 18:00:00+00:00,Ferris State,Roosevelt,55,13,True,False,True,GLIAC,GLIAC,ii,ii,
6,regular,2024-10-05 18:30:00+00:00,Tennessee Tech,South Carolina State,20,22,True,False,False,Big South-OVC,MEAC,fcs,fcs,
6,regular,2024-10-05 18:30:00+00:00,Western Carolina,Wofford,21,17,True,False,True,Southern,Southern,fcs,fcs,
6,regular,2024-10-05 19:00:00+00:00,Minnesota State,Sioux Falls,36,40,True,False,True,Northern Sun,Northern Sun,ii,ii,
6,regular,2024-10-05 19:00:00+00:00,Murray State,South Dakota,0,59,True,False,True,MVFC,MVFC,fcs,fcs,
6,regular,2024-10-05 19:00:00+00:00,Marietta,Ohio Northern,45,10,True,False,True,Ohio,Ohio,iii,iii,
6,regular,2024-10-05 19:00:00+00:00,The College of New Jersey,Montclair State,20,13,True,False,True,New Jersey,New Jersey,iii,iii,
6,regular,2024-10-05 19:00:00+00:00,Monmouth (IL),Illinois College,44,24,True,False,True,Midwest,Midwest,iii,iii,
6,regular,2024-10-05 19:00:00+00:00,Texas Southern,Virginia Lynchburg,28,10,True,False,False,SWAC,,fcs,,
6,regular,2024-10-05 19:00:00+00:00,Lincoln (MO),Lincoln (CA),40,14,True,False,False,Great Lakes,Independent DII,ii,ii,
6,regular,2024-10-05 19:00:00+00:00,Samford,VMI,27,3,True,False,True,Southern,Southern,fcs,fcs,
6,regular,2024-10-05 19:00:00+00:00,Montana,Weber State,48,55,True,False,True,Big Sky,Big Sky,fcs,fcs,
6,regular,2024-10-05 19:00:00+00:00,Benedict,North Greenville,21,38,True,False,False,SIAC,Gulf South,ii,ii,
6,regular,2024-10-05 19:00:00+00:00,Eastern Illinois,Southeast Missouri State,27,38,True,False,True,Big South-OVC,Big South-OVC,fcs,fcs,
6,regular,2024-10-05 19:00:00+00:00,Dubuque,Luther,64,7,True,False,True,American Rivers,American Rivers,iii,iii,
6,regular,2024-10-05 19:00:00+00:00,Alabama State,Florida A&M,13,28,True,False,True,SWAC,SWAC,fcs,fcs,
6,regular,2024-10-05 19:00:00+00:00,Carroll (WI),Millikin,49,14,True,False,True,CCIW,CCIW,iii,iii,
6,regular,2024-10-05 19:00:00+00:00,Southwestern Oklahoma State,Harding,3,57,True,False,True,Great American,Great American,ii,ii,
6,regular,2024-10-05 19:00:00+00:00,Cornell (IA),Ripon,37,34,True,False,True,Midwest,Midwest,iii,iii,
6,regular,2024-10-05 19:00:00+00:00,Southeastern Oklahoma State,Ouachita Baptist,9,25,True,False,True,Great American,Great American,ii,ii,
6,regular,2024-10-05 19:00:00+00:00,Lake Forest,Knox,42,0,True,False,True,Midwest,Midwest,iii,iii,
6,regular,2024-10-05 19:00:00+00:00,Colorado Mesa,Colorado School of Mines,14,13,True,False,True,Rocky Mountain,Rocky Mountain,ii,ii,
6,regular,2024-10-05 19:00:00+00:00,Missouri Southern State,Central Oklahoma,24,59,True,False,True,Mid America,Mid America,ii,ii,
6,regular,2024-10-05 19:00:00+00:00,Alcorn State,Arkansas-Pine Bluff,38,28,True,False,True,SWAC,SWAC,fcs,fcs,
6,regular,2024-10-05 19:00:00+00:00,Pittsburg State,Missouri Western,31,20,True,False,True,Mid America,Mid America,ii,ii,
6,regular,2024-10-05 19:00:00+00:00,Emporia State,Northeastern State,48,14,True,False,False,Mid America,Independent DII,ii,ii,
6,regular,2024-10-05 19:00:00+00:00,University of Mary,Concordia St. Paul,13,19,True,False,True,Northern Sun,Northern Sun,ii,ii,
6,regular,2024-10-05 19:30:00+00:00,UConn,Temple,29,20,True,False,False,FBS Independents,American Athletic,fbs,fbs,
6,regular,2024-10-05 19:30:00+00:00,North Dakota State,North Dakota,41,17,True,False,True,MVFC,MVFC,fcs,fcs,
6,regular,2024-10-05 19:30:00+00:00,Georgia,Auburn,31,13,True,False,True,SEC,SEC,fbs,fbs,
6,regular,2024-10-05 19:30:00+00:00,South Carolina,Ole Miss,3,27,True,False,True,SEC,SEC,fbs,fbs,
6,regular,2024-10-05 19:30:00+00:00,Northwestern,Indiana,24,41,True,True,True,Big Ten,Big Ten,fbs,fbs,
6,regular,2024-10-05 19:30:00+00:00,Ohio State,Iowa,35,7,True,False,True,Big Ten,Big Ten,fbs,fbs,
6,regular,2024-10-05 19:30:00+00:00,Stanford,Virginia Tech,7,31,True,False,True,ACC,ACC,fbs,fbs,
6,regular,2024-10-05 19:30:00+00:00,Marshall,App State,52,37,True,False,True,Sun Belt,Sun Belt,fbs,fbs,
6,regular,2024-10-05 19:30:00+00:00,Toledo,Miami (OH),30,20,True,False,True,Mid-American,Mid-American,fbs,fbs,
6,regular,2024-10-05 19:30:00+00:00,Akron,Bowling Green,20,27,True,False,True,Mid-American,Mid-American,fbs,fbs,
6,regular,2024-10-05 19:30:00+00:00,Northern State,Bemidji State,14,13,True,False,True,Northern Sun,Northern Sun,ii,ii,
6,regular,2024-10-05 19:30:00+00:00,East Tennessee State,Chattanooga,10,17,True,False,True,Southern,Southern,fcs,fcs,
6,regular,2024-10-05 19:30:00+00:00,Charlotte,East Carolina,55,24,True,False,True,American Athletic,American Athletic,fbs,fbs,
6,regular,2024-10-05 19:30:00+00:00,Southern Arkansas,Southern Nazarene,49,21,True,False,True,Great American,Great American,ii,ii,
6,regular,2024-10-05 19:30:00+00:00,Stony Brook,Villanova,24,42,True,False,True,Coastal Athletic,Coastal Athletic,fcs,fcs,
6,regular,2024-10-05 20:00:00+00:00,Pacific Lutheran,Whitworth,23,34,True,False,True,Northwest,Northwest,iii,iii,
6,regular,2024-10-05 20:00:00+00:00,Portland State,UC Davis,26,27,True,False,True,Big Sky,Big Sky,fcs,fcs,
6,regular,2024-10-05 20:00:00+00:00,Abilene Christian,Central Arkansas,41,34,True,False,True,UAC,UAC,fcs,fcs,
6,regular,2024-10-05 20:00:00+00:00,Edward Waters,Fort Valley State,14,48,True,False,True,SIAC,SIAC,ii,ii,
6,regular,2024-10-05 20:00:00+00:00,Eureka,Concordia Chicago,27,31,True,False,True,NACC,NACC,iii,iii,
6,regular,2024-10-05 20:00:00+00:00,Montana State,Northern Colorado,55,17,True,False,True,Big Sky,Big Sky,fcs,fcs,
6,regular,2024-10-05 20:00:00+00:00,Western New Mexico,Western Oregon,10,34,True,False,True,Lone Star,Lone Star,ii,ii,
6,regular,2024-10-05 20:00:00+00:00,CSU Pueblo,New Mexico Highlands,67,28,True,False,True,Rocky Mountain,Rocky Mountain,ii,ii,
6,regular,2024-10-05 20:00:00+00:00,Livingstone,Elizabeth City State,23,17,True,False,True,CIAA,CIAA,ii,ii,
6,regular,2024-10-05 20:00:00+00:00,Nebraska,Rutgers,14,7,True,False,True,Big Ten,Big Ten,fbs,fbs,
6,regular,2024-10-05 20:00:00+00:00,Charleston Southern,Western Illinois,20,31,True,False,True,Big South-OVC,Big South-OVC,fcs,fcs,
6,regular,2024-10-05 20:00:00+00:00,San Diego,Presbyterian,27,21,True,False,True,Pioneer,Pioneer,fcs,fcs,
6,regular,2024-10-05 20:00:00+00:00,Bridgewater State,Worcester State,42,7,True,False,True,MSCAC,MSCAC,iii,iii,
6,regular,2024-10-05 20:00:00+00:00,East Central,Arkansas Monticello,42,17,True,False,True,Great American,Great American,ii,ii,
6,regular,2024-10-05 20:00:00+00:00,Lewis & Clark,George Fox,24,21,True,False,True,Northwest,Northwest,iii,iii,
6,regular,2024-10-05 20:00:00+00:00,McKendree,Quincy,10,34,True,False,True,Great Lakes,Great Lakes,ii,ii,
6,regular,2024-10-05 20:00:00+00:00,Campbell,North Carolina Central,14,45,True,False,False,Coastal Athletic,MEAC,fcs,fcs,
6,regular,2024-10-05 20:00:00+00:00,Northwestern (OK),Arkansas Tech,21,44,True,False,True,Great American,Great American,ii,ii,
6,regular,2024-10-05 20:00:00+00:00,Oklahoma State,West Virginia,14,38,True,False,True,Big 12,Big 12,fbs,fbs,
6,regular,2024-10-05 20:00:00+00:00,Washburn,Northwest Missouri State,34,51,True,False,True,Mid America,Mid America,ii,ii,
6,regular,2024-10-05 20:00:00+00:00,Puget Sound,Pacific (OR),34,62,True,False,True,Northwest,Northwest,iii,iii,
6,regular,2024-10-05 20:00:00+00:00,Tiffin,Thomas More,51,10,True,False,True,Great Midwest Athletic,Great Midwest Athletic,ii,ii,
6,regular,2024-10-05 20:15:00+00:00,Vanderbilt,Alabama,40,35,True,False,True,SEC,SEC,fbs,fbs,
6,regular,2024-10-05 21:00:00+00:00,Washington and Lee,Averett,35,0,True,False,True,Old Dominion,Old Dominion,iii,iii,
6,regular,2024-10-05 21:00:00+00:00,Idaho,Northern Arizona,23,17,True,False,True,Big Sky,Big Sky,fcs,fcs,
6,regular,2024-10-05 21:00:00+00:00,Miles,Central State,16,7,True,False,True,SIAC,SIAC,ii,ii,
6,regular,2024-10-05 21:00:00+00:00,West Florida,Mississippi College,31,0,True,True,True,Gulf South,Gulf South,ii,ii,
6,regular,2024-10-05 21:00:00+00:00,Northern Iowa,South Dakota State,3,41,True,False,True,MVFC,MVFC,fcs,fcs,
6,regular,2024-10-05 21:00:00+00:00,Jackson State,Alabama A&M,45,38,True,True,True,SWAC,SWAC,fcs,fcs,
6,regular,2024-10-05 21:00:00+00:00,North Alabama,Utah Tech,60,14,True,False,True,UAC,UAC,fcs,fcs,
6,regular,2024-10-05 22:00:00+00:00,Berry,Southwestern U,44,7,True,False,True,Southern Athletic,Southern Athletic,iii,iii,
6,regular,2024-10-05 22:00:00+00:00,Salisbury,Christopher Newport,42,38,True,False,True,New Jersey,New Jersey,iii,iii,
6,regular,2024-10-05 22:00:00+00:00,Allen,Albany State,17,57,True,False,True,SIAC,SIAC,ii,ii,
6,regular,2024-10-05 22:00:00+00:00,North Carolina Wesleyan,Methodist,19,17,True,False,True,USA South,USA South,iii,iii,
6,regular,2024-10-05 22:00:00+00:00,Towson,William & Mary,34,27,True,False,True,Coastal Athletic,Coastal Athletic,fcs,fcs,
6,regular,2024-10-05 22:30:00+00:00,Oregon State,Colorado State,39,31,True,False,False,Pac-12,Mountain West,fbs,fbs,
6,regular,2024-10-05 23:00:00+00:00,South Dakota Mines,Black Hills State,20,22,True,False,True,Rocky Mountain,Rocky Mountain,ii,ii,
6,regular,2024-10-05 23:00:00+00:00,Southern,Nicholls,7,51,True,False,False,SWAC,Southland,fcs,fcs,
6,regular,2024-10-05 23:00:00+00:00,Incarnate Word,Prairie View A&M,56,28,True,False,False,Southland,SWAC,fcs,fcs,
6,regular,2024-10-05 23:00:00+00:00,SE Louisiana,East Texas A&M,21,9,True,False,True,Southland,Southland,fcs,fcs,
6,regular,2024-10-05 23:00:00+00:00,Houston Christian,McNeese,43,22,True,False,True,Southland,Southland,fcs,fcs,
6,regular,2024-10-05 23:00:00+00:00,UT Permian Basin,Angelo State,7,36,True,False,True,Lone Star,Lone Star,ii,ii,
6,regular,2024-10-05 23:00:00+00:00,Rhodes,Hendrix,34,29,True,False,True,Southern Athletic,Southern Athletic,iii,iii,
6,regular,2024-10-05 23:00:00+00:00,Anna Maria College,Western New England,10,44,True,False,False,ECFC,Commonwealth Coast,iii,iii,
6,regular,2024-10-05 23:00:00+00:00,Upper Iowa,Truman State,23,26,True,False,True,Great Lakes,Great Lakes,ii,ii,
6,regular,2024-10-05 23:00:00+00:00,UL Monroe,James Madison,21,19,True,False,True,Sun Belt,Sun Belt,fbs,fbs,
6,regular,2024-10-05 23:00:00+00:00,Southern Illinois,Illinois State,10,45,True,False,True,MVFC,MVFC,fcs,fcs,
6,regular,2024-10-05 23:00:00+00:00,Missouri S&T,Southwest Baptist,65,24,True,False,True,Great Lakes,Great Lakes,ii,ii,
6,regular,2024-10-05 23:00:00+00:00,Newberry,Mars Hill,9,34,True,False,True,South Atlantic,South Atlantic,ii,ii,
6,regular,2024-10-05 23:00:00+00:00,Boise State,Utah State,62,30,True,False,True,Mountain West,Mountain West,fbs,fbs,
6,regular,2024-10-05 23:00:00+00:00,Carnegie Mellon,Waynesburg,42,0,True,False,True,Presidents',Presidents',iii,iii,
6,regular,2024-10-05 23:00:00+00:00,Colby,Bates,28,26,True,False,True,NESCAC,NESCAC,iii,iii,
6,regular,2024-10-05 23:00:00+00:00,Delta State,Chowan,54,9,True,False,True,Gulf South,Gulf South,ii,ii,
6,regular,2024-10-05 23:00:00+00:00,Arkansas State,South Alabama,18,16,True,False,True,Sun Belt,Sun Belt,fbs,fbs,
6,regular,2024-10-05 23:00:00+00:00,Florida State,Clemson,13,29,True,False,True,ACC,ACC,fbs,fbs,
6,regular,2024-10-05 23:00:00+00:00,Coastal Carolina,Old Dominion,45,37,True,False,True,Sun Belt,Sun Belt,fbs,fbs,
6,regular,2024-10-05 23:00:00+00:00,Southern Miss,Louisiana,13,23,True,False,True,Sun Belt,Sun Belt,fbs,fbs,
6,regular,2024-10-05 23:00:00+00:00,Willamette,Linfield,0,72,True,False,True,Northwest,Northwest,iii,iii,
6,regular,2024-10-05 23:00:00+00:00,Centenary (LA),Lyon,35,14,True,True,True,Southern Collegiate Athletic,Southern Collegiate Athletic,iii,iii,
6,regular,2024-10-05 23:30:00+00:00,Iowa State,Baylor,43,21,True,False,True,Big 12,Big 12,fbs,fbs,
6,regular,2024-10-05 23:30:00+00:00,Washington,Michigan,27,17,True,False,True,Big Ten,Big Ten,fbs,fbs,
6,regular,2024-10-05 23:30:00+00:00,San José State,Nevada,35,31,True,False,True,Mountain West,Mountain West,fbs,fbs,
6,regular,2024-10-05 23:30:00+00:00,Minnesota,USC,24,17,True,False,True,Big Ten,Big Ten,fbs,fbs,
6,regular,2024-10-05 23:30:00+00:00,Arkansas,Tennessee,19,14,True,False,True,SEC,SEC,fbs,fbs,
6,regular,2024-10-05 23:45:00+00:00,Florida,UCF,24,13,True,False,False,SEC,Big 12,fbs,fbs,
6,regular,2024-10-06 00:00:00+00:00,Stephen F. Austin,Northwestern State,59,17,True,False,True,Southland,Southland,fcs,fcs,
6,regular,2024-10-06 00:00:00+00:00,Eastern New Mexico,Central Washington,28,44,True,False,True,Lone Star,Lone Star,ii,ii,
6,regular,2024-10-06 00:00:00+00:00,Fort Hays,Central Missouri,31,21,True,False,True,Mid America,Mid America,ii,ii,
6,regular,2024-10-06 00:00:00+00:00,Western Colorado,Fort Lewis,44,7,True,False,True,Rocky Mountain,Rocky Mountain,ii,ii,
6,regular,2024-10-06 00:00:00+00:00,Texas A&M-Kingsville,Midwestern State,40,13,True,False,True,Lone Star,Lone Star,ii,ii,
6,regular,2024-10-06 00:00:00+00:00,Southern Utah,Tarleton State,37,38,True,False,True,UAC,UAC,fcs,fcs,
6,regular,2024-10-06 00:00:00+00:00,San Diego State,Hawai'i,27,24,True,False,True,Mountain West,Mountain West,fbs,fbs,
6,regular,2024-10-06 00:00:00+00:00,Cal Poly,Idaho State,38,41,True,False,True,Big Sky,Big Sky,fcs,fcs,
6,regular,2024-10-06 00:00:00+00:00,Georgia Tech,Duke,24,14,True,False,True,ACC,ACC,fbs,fbs,
6,regular,2024-10-06 00:00:00+00:00,Arizona State,Kansas,35,31,True,False,True,Big 12,Big 12,fbs,fbs,
6,regular,2024-10-06 02:00:00+00:00,Redlands,La Verne,38,17,True,False,True,So. Cal.,So. Cal.,iii,iii,
6,regular,2024-10-06 02:00:00+00:00,Pomona Pitzer,Claremont Mudd Scripps,14,20,True,False,True,So. Cal.,So. Cal.,iii,iii,
6,regular,2024-10-06 02:00:00+00:00,Chapman,Cal Lutheran,24,20,True,False,True,So. Cal.,So. Cal.,iii,iii,
6,regular,2024-10-06 02:30:00+00:00,California,Miami,38,39,True,False,True,ACC,ACC,fbs,fbs,
6,regular,2024-10-06 03:00:00+00:00,Arizona,Texas Tech,22,28,True,False,True,Big 12,Big 12,fbs,fbs,
6,regular,2024-10-06 18:00:00+00:00,Anderson (SC),Catawba,41,44,True,False,True,South Atlantic,South Atlantic,ii,ii,
7,regular,2024-10-08 23:00:00+00:00,Liberty,Florida International,31,24,True,False,True,Conference USA,Conference USA,fbs,fbs,
7,regular,2024-10-09 23:30:00+00:00,Jacksonville State,New Mexico State,54,13,True,False,True,Conference USA,Conference USA,fbs,fbs,
7,regular,2024-10-10 23:00:00+00:00,Oklahoma Baptist,Southern Arkansas,10,65,True,False,True,Great American,Great American,ii,ii,
7,regular,2024-10-10 23:30:00+00:00,James Madison,Coastal Carolina,39,7,True,False,True,Sun Belt,Sun Belt,fbs,fbs,
7,regular,2024-10-11 00:00:00+00:00,Western Kentucky,UTEP,44,17,True,False,True,Conference USA,Conference USA,fbs,fbs,
7,regular,2024-10-11 00:00:00+00:00,Louisiana Tech,Middle Tennessee,48,21,True,False,True,Conference USA,Conference USA,fbs,fbs,
7,regular,2024-10-11 22:00:00+00:00,Cornell,Harvard,20,38,True,False,True,Ivy,Ivy,fcs,fcs,
7,regular,2024-10-11 23:00:00+00:00,Eureka,Lakeland,8,49,True,False,True,NACC,NACC,iii,iii,
7,regular,2024-10-11 23:00:00+00:00,Gettysburg,Johns Hopkins,7,51,True,False,True,Centennial,Centennial,iii,iii,
7,regular,2024-10-12 00:00:00+00:00,Maryland,Northwestern,10,37,True,False,True,Big Ten,Big Ten,fbs,fbs,
7,regular,2024-10-12 01:00:00+00:00,Utah State,UNLV,34,50,True,False,True,Mountain West,Mountain West,fbs,fbs,
7,regular,2024-10-12 01:15:00+00:00,Arkansas-Pine Bluff,Prairie View A&M,21,17,True,False,True,SWAC,SWAC,fcs,fcs,
7,regular,2024-10-12 02:30:00+00:00,Arizona State,Utah,27,19,True,False,True,Big 12,Big 12,fbs,fbs,
7,regular,2024-10-12 16:00:00+00:00,Saint Francis,Duquesne,7,38,True,False,True,NEC,NEC,fcs,fcs,
7,regular,2024-10-12 16:00:00+00:00,Marist,St. Thomas (MN),32,39,True,False,True,Pioneer,Pioneer,fcs,fcs,
7,regular,2024-10-12 16:00:00+00:00,Massachusetts,Missouri,3,45,True,False,False,FBS Independents,SEC,fbs,fbs,
7,regular,2024-10-12 16:00:00+00:00,Hilbert,St. John Fisher,6,52,True,True,True,Empire 8,Empire 8,iii,iii,
7,regular,2024-10-12 16:00:00+00:00,Rutgers,Wisconsin,7,42,True,False,True,Big Ten,Big Ten,fbs,fbs,
7,regular,2024-10-12 16:00:00+00:00,MIT,Merchant Marine,0,21,True,False,True,NEWMAC,NEWMAC,iii,iii,
7,regular,2024-10-12 16:00:00+00:00,Greenville,Northwestern (MN),14,34,True,False,True,Upper Midwest,Upper Midwest,iii,iii,
7,regular,2024-10-12 16:00:00+00:00,Dayton,Davidson,16,14,True,False,True,Pioneer,Pioneer,fcs,fcs,
7,regular,2024-10-12 16:00:00+00:00,Charleston (WV),Wheeling,42,23,True,False,True,Mountain East,Mountain East,ii,ii,
7,regular,2024-10-12 16:00:00+00:00,Iowa,Washington,40,16,True,False,True,Big Ten,Big Ten,fbs,fbs,
7,regular,2024-10-12 16:00:00+00:00,Long Island University,Stonehill,31,7,True,True,True,NEC,NEC,fcs,fcs,
7,regular,2024-10-12 16:00:00+00:00,Central Connecticut,Mercyhurst,38,20,True,False,True,NEC,NEC,fcs,fcs,
7,regular,2024-10-12 16:00:00+00:00,Millersville,Shippensburg,27,35,True,False,True,Pennsylvania State Athletic,Pennsylvania State Athletic,ii,ii,
7,regular,2024-10-12 16:00:00+00:00,Yale,Dartmouth,43,44,True,False,True,Ivy,Ivy,fcs,fcs,
7,regular,2024-10-12 16:00:00+00:00,Wagner,Columbia,6,24,True,False,False,NEC,Ivy,fcs,fcs,
7,regular,2024-10-12 16:00:00+00:00,Kutztown,Lock Haven,24,0,True,False,True,Pennsylvania State Athletic,Pennsylvania State Athletic,ii,ii,
7,regular,2024-10-12 16:00:00+00:00,Rensselaer,St. Lawrence,34,10,True,False,True,Liberty League,Liberty League,iii,iii,
7,regular,2024-10-12 16:00:00+00:00,Wilkes,Lycoming,53,28,True,False,True,Landmark Conference,Landmark Conference,iii,iii,
7,regular,2024-10-12 16:00:00+00:00,Dean,Husson,0,24,True,False,False,ECFC,Commonwealth Coast,iii,iii,
7,regular,2024-10-12 16:00:00+00:00,American International,Franklin Pierce,14,41,True,False,True,Northeast 10,Northeast 10,ii,ii,
7,regular,2024-10-12 16:00:00+00:00,Assumption,Bentley,16,13,True,False,True,Northeast 10,Northeast 10,ii,ii,
7,regular,2024-10-12 16:00:00+00:00,West Chester,Shepherd,35,14,True,False,True,Pennsylvania State Athletic,Pennsylvania State Athletic,ii,ii,
7,regular,2024-10-12 16:00:00+00:00,Pace,Saint Anselm,26,20,True,False,True,Northeast 10,Northeast 10,ii,ii,
7,regular,2024-10-12 16:00:00+00:00,Thomas More,Northwood,3,20,True,True,True,Great Midwest Athletic,Great Midwest Athletic,ii,ii,
7,regular,2024-10-12 16:00:00+00:00,Michigan Tech,Davenport,20,24,True,False,True,GLIAC,GLIAC,ii,ii,
7,regular,2024-10-12 16:00:00+00:00,Findlay,Ashland,21,41,True,False,True,Great Midwest Athletic,Great Midwest Athletic,ii,ii,
7,regular,2024-10-12 16:00:00+00:00,Post,Southern Connecticut State,27,31,True,True,True,Northeast 10,Northeast 10,ii,ii,
7,regular,2024-10-12 16:00:00+00:00,North Carolina,Georgia Tech,34,41,True,False,True,ACC,ACC,fbs,fbs,
7,regular,2024-10-12 16:00:00+00:00,Curry,Alfred State,30,16,True,False,False,Commonwealth Coast,ECFC,iii,iii,
7,regular,2024-10-12 16:00:00+00:00,Moravian,Catholic,34,14,True,False,True,Landmark Conference,Landmark Conference,iii,iii,
7,regular,2024-10-12 16:00:00+00:00,North Carolina Wesleyan,LaGrange,9,31,True,False,True,USA South,USA South,iii,iii,
7,regular,2024-10-12 16:00:00+00:00,Alabama,South Carolina,27,25,True,False,True,SEC,SEC,fbs,fbs,
7,regular,2024-10-12 16:00:00+00:00,Kent State,Ball State,35,37,True,False,True,Mid-American,Mid-American,fbs,fbs,
7,regular,2024-10-12 16:00:00+00:00,Army,UAB,44,10,True,False,True,American Athletic,American Athletic,fbs,fbs,
7,regular,2024-10-12 16:00:00+00:00,Eastern,King's,23,35,True,True,True,Mid Atlantic,Mid Atlantic,iii,iii,
7,regular,2024-10-12 16:00:00+00:00,Wake Forest,Clemson,14,49,True,False,True,ACC,ACC,fbs,fbs,
7,regular,2024-10-12 16:00:00+00:00,Buffalo,Toledo,30,15,True,False,True,Mid-American,Mid-American,fbs,fbs,
7,regular,2024-10-12 16:00:00+00:00,SUNY Morrisville,Alfred,24,14,True,False,True,Empire 8,Empire 8,iii,iii,
7,regular,2024-10-12 16:00:00+00:00,Albright,Misericordia,10,13,True,False,True,Mid Atlantic,Mid Atlantic,iii,iii,
7,regular,2024-10-12 16:30:00+00:00,Lafayette,Georgetown,0,17,True,False,True,Patriot,Patriot,fcs,fcs,
7,regular,2024-10-12 17:00:00+00:00,Bryant,UAlbany,17,24,True,False,True,Coastal Athletic,Coastal Athletic,fcs,fcs,
7,regular,2024-10-12 17:00:00+00:00,Lenoir Rhyne,Newberry,24,3,True,False,True,South Atlantic,South Atlantic,ii,ii,
7,regular,2024-10-12 17:00:00+00:00,Indiana State,Murray State,31,27,True,False,True,MVFC,MVFC,fcs,fcs,
7,regular,2024-10-12 17:00:00+00:00,Hartwick,Brockport,0,53,True,False,True,Empire 8,Empire 8,iii,iii,
7,regular,2024-10-12 17:00:00+00:00,Central State,Clark Atlanta,20,25,True,False,True,SIAC,SIAC,ii,ii,
7,regular,2024-10-12 17:00:00+00:00,Amherst,Bowdoin,7,35,True,False,True,NESCAC,NESCAC,iii,iii,
7,regular,2024-10-12 17:00:00+00:00,Stetson,Valparaiso,0,0,True,False,True,Pioneer,Pioneer,fcs,fcs,
7,regular,2024-10-12 17:00:00+00:00,Lincoln (PA),Bluefield State,37,13,True,False,True,CIAA,CIAA,ii,ii,
7,regular,2024-10-12 17:00:00+00:00,Rhode Island,Brown,31,21,True,False,False,Coastal Athletic,Ivy,fcs,fcs,
7,regular,2024-10-12 17:00:00+00:00,Minnesota Morris,Westminster (MO),32,7,True,False,True,Upper Midwest,Upper Midwest,iii,iii,
7,regular,2024-10-12 17:00:00+00:00,William Paterson,Salisbury,0,63,True,False,True,New Jersey,New Jersey,iii,iii,
7,regular,2024-10-12 17:00:00+00:00,Rowan,The College of New Jersey,36,22,True,False,True,New Jersey,New Jersey,iii,iii,
7,regular,2024-10-12 17:00:00+00:00,Trinity (TX),Sewanee,45,26,True,False,True,Southern Athletic,Southern Athletic,iii,iii,
7,regular,2024-10-12 17:00:00+00:00,Kentucky State,Benedict,23,21,True,False,True,SIAC,SIAC,ii,ii,
7,regular,2024-10-12 17:00:00+00:00,Pennsylvania,Bucknell,31,21,True,False,False,Ivy,Patriot,fcs,fcs,
7,regular,2024-10-12 17:00:00+00:00,Apprentice School,Maine Maritime,72,26,True,False,True,Independent DIII,Independent DIII,iii,iii,
7,regular,2024-10-12 17:00:00+00:00,Howard,Sacred Heart,21,14,True,False,False,MEAC,FCS Independents,fcs,fcs,
7,regular,2024-10-12 17:00:00+00:00,West Virginia State,Concord,44,14,True,False,True,Mountain East,Mountain East,ii,ii,
7,regular,2024-10-12 17:00:00+00:00,UNC Pembroke,West Liberty,67,20,True,False,True,Mountain East,Mountain East,ii,ii,
7,regular,2024-10-12 17:00:00+00:00,Ursinus,Franklin & Marshall,23,17,True,False,True,Centennial,Centennial,iii,iii,
7,regular,2024-10-12 17:00:00+00:00,Minnesota Duluth,Northern State,21,24,True,False,True,Northern Sun,Northern Sun,ii,ii,
7,regular,2024-10-12 17:00:00+00:00,Holy Cross,Fordham,19,16,True,False,True,Patriot,Patriot,fcs,fcs,
7,regular,2024-10-12 17:00:00+00:00,Methodist,Huntingdon,0,42,True,False,True,USA South,USA South,iii,iii,
7,regular,2024-10-12 17:00:00+00:00,Illinois State,Missouri State,7,41,True,False,True,MVFC,MVFC,fcs,fcs,
7,regular,2024-10-12 17:00:00+00:00,Virginia Union,Elizabeth City State,35,0,True,False,True,CIAA,CIAA,ii,ii,
7,regular,2024-10-12 17:00:00+00:00,Mars Hill,Carson Newman,27,28,True,False,True,South Atlantic,South Atlantic,ii,ii,
7,regular,2024-10-12 17:00:00+00:00,Lawrence,Lake Forest,7,54,True,False,True,Midwest,Midwest,iii,iii,
7,regular,2024-10-12 17:00:00+00:00,West Virginia Wesleyan,Fairmont State,21,40,True,False,True,Mountain East,Mountain East,ii,ii,
7,regular,2024-10-12 17:00:00+00:00,Washington & Jefferson,Geneva,73,21,True,False,True,Presidents',Presidents',iii,iii,
7,regular,2024-10-12 17:00:00+00:00,Minnesota St Moorhead,Minnesota State,19,24,True,False,True,Northern Sun,Northern Sun,ii,ii,
7,regular,2024-10-12 17:00:00+00:00,Widener,Stevenson,3,10,True,False,True,Mid Atlantic,Mid Atlantic,iii,iii,
7,regular,2024-10-12 17:00:00+00:00,Slippery Rock,Gannon,35,17,True,False,True,Pennsylvania State Athletic,Pennsylvania State Athletic,ii,ii,
7,regular,2024-10-12 17:00:00+00:00,Ouachita Baptist,East Central,40,0,True,False,True,Great American,Great American,ii,ii,
7,regular,2024-10-12 17:00:00+00:00,Christopher Newport,Dickinson,28,31,True,False,False,New Jersey,Centennial,iii,iii,
7,regular,2024-10-12 17:00:00+00:00,Hendrix,Berry,13,42,True,False,True,Southern Athletic,Southern Athletic,iii,iii,
7,regular,2024-10-12 17:00:00+00:00,Delaware,Maine,44,21,True,False,True,CAA,Coastal Athletic,fcs,fcs,
7,regular,2024-10-12 17:00:00+00:00,Utica,SUNY Cortland,7,45,True,False,True,Empire 8,Empire 8,iii,iii,
7,regular,2024-10-12 17:00:00+00:00,Augsburg,Hamline,37,27,True,False,True,Minnesota,Minnesota,iii,iii,
7,regular,2024-10-12 17:00:00+00:00,Susquehanna,Keystone,79,6,True,False,True,Landmark Conference,Landmark Conference,iii,iii,
7,regular,2024-10-12 17:00:00+00:00,Shenandoah,Ferrum,42,20,True,False,True,Old Dominion,Old Dominion,iii,iii,
7,regular,2024-10-12 17:00:00+00:00,Hiram,Kenyon,7,27,True,False,True,North Coast,North Coast,iii,iii,
7,regular,2024-10-12 17:00:00+00:00,Washington and Lee,Hampden Sydney,28,26,True,False,True,Old Dominion,Old Dominion,iii,iii,
7,regular,2024-10-12 17:00:00+00:00,Belhaven,Southern Virginia,38,17,True,False,True,USA South,USA South,iii,iii,
7,regular,2024-10-12 17:00:00+00:00,Wesleyan (CT),Colby,23,17,True,False,True,NESCAC,NESCAC,iii,iii,
7,regular,2024-10-12 17:00:00+00:00,Ithaca,Rochester (NY),24,0,True,False,True,Liberty League,Liberty League,iii,iii,
7,regular,2024-10-12 17:00:00+00:00,Randolph Macon,Guilford,63,0,True,False,True,Old Dominion,Old Dominion,iii,iii,
7,regular,2024-10-12 17:00:00+00:00,Thiel,Allegheny,21,7,True,False,True,Presidents',Presidents',iii,iii,
7,regular,2024-10-12 17:00:00+00:00,Winston-Salem State,Shaw,34,14,True,False,True,CIAA,CIAA,ii,ii,
7,regular,2024-10-12 17:00:00+00:00,Chowan,Shorter,31,27,True,False,True,Gulf South,Gulf South,ii,ii,
7,regular,2024-10-12 17:00:00+00:00,Alvernia,FDU Florham,26,37,True,False,True,Mid Atlantic,Mid Atlantic,iii,iii,
7,regular,2024-10-12 17:00:00+00:00,Lebanon Valley,Delaware Valley,16,21,True,False,True,Mid Atlantic,Mid Atlantic,iii,iii,
7,regular,2024-10-12 17:30:00+00:00,Mount Union,Wilmington (OH),78,19,True,False,True,Ohio,Ohio,iii,iii,
7,regular,2024-10-12 17:30:00+00:00,Trinity (CT),Hamilton,31,7,True,False,True,NESCAC,NESCAC,iii,iii,
7,regular,2024-10-12 17:30:00+00:00,Baldwin Wallace,Otterbein,36,7,True,False,True,Ohio,Ohio,iii,iii,
7,regular,2024-10-12 17:30:00+00:00,Anderson (IN),Mount St Joseph,0,49,True,False,True,Heartland,Heartland,iii,iii,
7,regular,2024-10-12 17:30:00+00:00,Manchester,Bluffton,10,42,True,False,True,Heartland,Heartland,iii,iii,
7,regular,2024-10-12 17:30:00+00:00,Ohio Northern,Muskingum,30,42,True,False,True,Ohio,Ohio,iii,iii,
7,regular,2024-10-12 17:30:00+00:00,John Carroll,Capital,49,14,True,False,True,Ohio,Ohio,iii,iii,
7,regular,2024-10-12 17:30:00+00:00,Glenville State,Frostburg State,9,41,True,False,True,Mountain East,Mountain East,ii,ii,
7,regular,2024-10-12 17:30:00+00:00,Wofford,VMI,31,16,True,False,True,Southern,Southern,fcs,fcs,
7,regular,2024-10-12 18:00:00+00:00,North Carolina Central,Virginia Lynchburg,68,0,True,False,False,MEAC,,fcs,,
7,regular,2024-10-12 18:00:00+00:00,Saint Xavier,Defiance College,45,14,True,True,False,,,,,
7,regular,2024-10-12 18:00:00+00:00,Crown,Martin Luther,14,30,True,False,True,Upper Midwest,Upper Midwest,iii,iii,
7,regular,2024-10-12 18:00:00+00:00,Missouri Southern State,Emporia State,30,49,True,False,True,Mid America,Mid America,ii,ii,
7,regular,2024-10-12 18:00:00+00:00,Livingstone,Fayetteville State,24,19,True,False,True,CIAA,CIAA,ii,ii,
7,regular,2024-10-12 18:00:00+00:00,Virginia State,Bowie State,38,17,True,False,True,CIAA,CIAA,ii,ii,
7,regular,2024-10-12 18:00:00+00:00,Edinboro,IU Pennsylvania,27,23,True,False,True,Pennsylvania State Athletic,Pennsylvania State Athletic,ii,ii,
7,regular,2024-10-12 18:00:00+00:00,Grove City,Carnegie Mellon,17,10,True,False,True,Presidents',Presidents',iii,iii,
7,regular,2024-10-12 18:00:00+00:00,UVA Wise,Anderson (SC),13,20,True,False,True,South Atlantic,South Atlantic,ii,ii,
7,regular,2024-10-12 18:00:00+00:00,Upper Iowa,William Jewell,38,31,True,False,True,Great Lakes,Great Lakes,ii,ii,
7,regular,2024-10-12 18:00:00+00:00,Minot State,Augustana (SD),7,20,True,False,True,Northern Sun,Northern Sun,ii,ii,
7,regular,2024-10-12 18:00:00+00:00,Sioux Falls,Concordia St. Paul,35,21,True,False,True,Northern Sun,Northern Sun,ii,ii,
7,regular,2024-10-12 18:00:00+00:00,McKendree,Southwest Baptist,37,14,True,False,True,Great Lakes,Great Lakes,ii,ii,
7,regular,2024-10-12 18:00:00+00:00,Colorado School of Mines,South Dakota Mines,45,20,True,False,True,Rocky Mountain,Rocky Mountain,ii,ii,
7,regular,2024-10-12 18:00:00+00:00,Hanover,Rose Hulman,37,16,True,False,True,Heartland,Heartland,iii,iii,
7,regular,2024-10-12 18:00:00+00:00,Bethel (MN),Macalester,59,0,True,False,True,Minnesota,Minnesota,iii,iii,
7,regular,2024-10-12 18:00:00+00:00,Millikin,North Central College,14,70,True,False,True,CCIW,CCIW,iii,iii,
7,regular,2024-10-12 18:00:00+00:00,Drake,Butler,27,17,True,False,True,Pioneer,Pioneer,fcs,fcs,
7,regular,2024-10-12 18:00:00+00:00,Furman,Chattanooga,10,41,True,False,True,Southern,Southern,fcs,fcs,
7,regular,2024-10-12 18:00:00+00:00,Lindenwood,Charleston Southern,29,14,True,False,True,Big South-OVC,Big South-OVC,fcs,fcs,
7,regular,2024-10-12 18:00:00+00:00,Augustana (IL),Elmhurst,35,21,True,False,True,CCIW,CCIW,iii,iii,
7,regular,2024-10-12 18:00:00+00:00,Luther,Loras,13,48,True,False,True,American Rivers,American Rivers,iii,iii,
7,regular,2024-10-12 18:00:00+00:00,St. Olaf,Carleton,19,13,True,False,True,Minnesota,Minnesota,iii,iii,
7,regular,2024-10-12 18:00:00+00:00,Tusculum,Emory & Henry,21,23,True,False,True,South Atlantic,South Atlantic,ii,ii,
7,regular,2024-10-12 18:00:00+00:00,Washington St. Louis,Carthage,65,16,True,False,True,CCIW,CCIW,iii,iii,
7,regular,2024-10-12 18:00:00+00:00,Wheaton (IL),Illinois Wesleyan,42,21,True,False,True,CCIW,CCIW,iii,iii,
7,regular,2024-10-12 18:00:00+00:00,Heidelberg,Marietta,7,35,True,False,True,Ohio,Ohio,iii,iii,
7,regular,2024-10-12 18:00:00+00:00,Central Oklahoma,Northwest Missouri State,48,20,True,False,True,Mid America,Mid America,ii,ii,
7,regular,2024-10-12 18:00:00+00:00,Bloomsburg,East Stroudsburg,0,31,True,False,True,Pennsylvania State Athletic,Pennsylvania State Athletic,ii,ii,
7,regular,2024-10-12 18:00:00+00:00,Simpson (IA),Nebraska Wesleyan,21,14,True,False,True,American Rivers,American Rivers,iii,iii,
7,regular,2024-10-12 18:00:00+00:00,Southwestern U,Rhodes,45,22,True,False,True,Southern Athletic,Southern Athletic,iii,iii,
7,regular,2024-10-12 18:00:00+00:00,Concordia (WI),Aurora,14,42,True,False,True,NACC,NACC,iii,iii,
7,regular,2024-10-12 18:00:00+00:00,East Texas Baptist,Howard Payne,42,33,True,False,True,American Southwest,American Southwest,iii,iii,
7,regular,2024-10-12 18:00:00+00:00,Gustavus Adolphus,St. Scholastica,51,13,True,False,True,Minnesota,Minnesota,iii,iii,
7,regular,2024-10-12 18:00:00+00:00,McDaniel,Muhlenberg,6,34,True,False,True,Centennial,Centennial,iii,iii,
7,regular,2024-10-12 18:00:00+00:00,North Park,Carroll (WI),30,26,True,False,True,CCIW,CCIW,iii,iii,
7,regular,2024-10-12 18:00:00+00:00,Norfolk State,Towson,23,28,True,False,False,MEAC,Coastal Athletic,fcs,fcs,
7,regular,2024-10-12 18:00:00+00:00,Grinnell,Monmouth (IL),7,49,True,False,True,Midwest,Midwest,iii,iii,
7,regular,2024-10-12 18:00:00+00:00,Mary Hardin Baylor,Hardin Simmons,21,44,True,False,True,American Southwest,American Southwest,iii,iii,
7,regular,2024-10-12 18:00:00+00:00,Eastern Michigan,Miami (OH),14,38,True,False,True,Mid-American,Mid-American,fbs,fbs,
7,regular,2024-10-12 18:00:00+00:00,Benedictine (IL),St. Norbert,0,14,True,False,True,NACC,NACC,iii,iii,
7,regular,2024-10-12 18:00:00+00:00,Elon,New Hampshire,10,17,True,False,True,Coastal Athletic,Coastal Athletic,fcs,fcs,
7,regular,2024-10-12 18:00:00+00:00,Roosevelt,Saginaw Valley State,14,27,True,True,True,GLIAC,GLIAC,ii,ii,
7,regular,2024-10-12 18:00:00+00:00,Concordia (MN),Saint John's (MN),31,38,True,False,True,Minnesota,Minnesota,iii,iii,
7,regular,2024-10-12 18:00:00+00:00,Beloit,Cornell (IA),0,28,True,False,True,Midwest,Midwest,iii,iii,
7,regular,2024-10-12 18:00:00+00:00,Middlebury,Williams,32,29,True,False,True,NESCAC,NESCAC,iii,iii,
7,regular,2024-10-12 18:00:00+00:00,Wisconsin Eau Claire,Wisconsin Stevens Point,41,0,True,False,True,Wisconsin,Wisconsin,iii,iii,
7,regular,2024-10-12 18:00:00+00:00,Bridgewater,Averett,63,7,True,False,True,Old Dominion,Old Dominion,iii,iii,
7,regular,2024-10-12 18:00:00+00:00,Concordia Chicago,Rockford,45,74,True,False,True,NACC,NACC,iii,iii,
7,regular,2024-10-12 18:00:00+00:00,Coe,Central College,16,13,True,False,True,American Rivers,American Rivers,iii,iii,
7,regular,2024-10-12 18:00:00+00:00,Buena Vista,Wartburg,21,70,True,False,True,American Rivers,American Rivers,iii,iii,
7,regular,2024-10-12 18:00:00+00:00,Morehead State,Presbyterian,14,7,True,False,True,Pioneer,Pioneer,fcs,fcs,
7,regular,2024-10-12 18:00:00+00:00,Wisconsin Oshkosh,Wisconsin La Crosse,34,33,True,False,True,Wisconsin,Wisconsin,iii,iii,
7,regular,2024-10-12 18:00:00+00:00,Fort Valley State,Allen,49,40,True,False,True,SIAC,SIAC,ii,ii,
7,regular,2024-10-12 18:00:00+00:00,Central Missouri,Missouri Western,28,38,True,False,True,Mid America,Mid America,ii,ii,
7,regular,2024-10-12 18:00:00+00:00,Wisconsin Platteville,Wisconsin River Falls,28,7,True,False,True,Wisconsin,Wisconsin,iii,iii,
7,regular,2024-10-12 18:00:00+00:00,New Mexico Highlands,Chadron State,33,30,True,False,True,Rocky Mountain,Rocky Mountain,ii,ii,
7,regular,2024-10-12 18:30:00+00:00,Millsaps,Centre,20,24,True,False,True,Southern Athletic,Southern Athletic,iii,iii,
7,regular,2024-10-12 18:30:00+00:00,Western Carolina,The Citadel,30,16,True,False,True,Southern,Southern,fcs,fcs,
7,regular,2024-10-12 19:00:00+00:00,Arkansas Monticello,Southeastern Oklahoma State,0,27,True,False,True,Great American,Great American,ii,ii,
7,regular,2024-10-12 19:00:00+00:00,Grambling,Alcorn State,15,17,True,False,True,SWAC,SWAC,fcs,fcs,
7,regular,2024-10-12 19:00:00+00:00,Alabama A&M,Bethune-Cookman,56,12,True,False,True,SWAC,SWAC,fcs,fcs,
7,regular,2024-10-12 19:00:00+00:00,Southern Nazarene,Henderson State,21,48,True,False,True,Great American,Great American,ii,ii,
7,regular,2024-10-12 19:00:00+00:00,Nebraska Kearney,Pittsburg State,10,20,True,False,True,Mid America,Mid America,ii,ii,
7,regular,2024-10-12 19:00:00+00:00,Black Hills State,Western Colorado,14,35,True,False,True,Rocky Mountain,Rocky Mountain,ii,ii,
7,regular,2024-10-12 19:00:00+00:00,Miles,Albany State,32,21,True,False,True,SIAC,SIAC,ii,ii,
7,regular,2024-10-12 19:00:00+00:00,Houston Christian,SE Louisiana,7,37,True,False,True,Southland,Southland,fcs,fcs,
7,regular,2024-10-12 19:00:00+00:00,Harding,Northwestern (OK),62,0,True,False,True,Great American,Great American,ii,ii,
7,regular,2024-10-12 19:00:00+00:00,South Dakota,Northern Iowa,42,17,True,False,True,MVFC,MVFC,fcs,fcs,
7,regular,2024-10-12 19:00:00+00:00,Southern Illinois,North Dakota State,3,24,True,False,True,MVFC,MVFC,fcs,fcs,
7,regular,2024-10-12 19:00:00+00:00,Morgan State,Merrimack,24,32,True,False,False,MEAC,FCS Independents,fcs,fcs,
7,regular,2024-10-12 19:00:00+00:00,Alabama State,Mississippi Valley State,54,17,True,False,True,SWAC,SWAC,fcs,fcs,
7,regular,2024-10-12 19:00:00+00:00,Adams State,Colorado Mesa,10,52,True,False,True,Rocky Mountain,Rocky Mountain,ii,ii,
7,regular,2024-10-12 19:00:00+00:00,Robert Morris,Delaware State,23,0,True,False,False,NEC,MEAC,fcs,fcs,
7,regular,2024-10-12 19:00:00+00:00,South Dakota State,Youngstown State,63,13,True,False,True,MVFC,MVFC,fcs,fcs,
7,regular,2024-10-12 19:00:00+00:00,Lyon,Austin,17,35,True,True,True,Southern Collegiate Athletic,Southern Collegiate Athletic,iii,iii,
7,regular,2024-10-12 19:00:00+00:00,Winona State,University of Mary,48,7,True,False,True,Northern Sun,Northern Sun,ii,ii,
7,regular,2024-10-12 19:00:00+00:00,North Greenville,Valdosta State,24,32,True,False,True,Gulf South,Gulf South,ii,ii,
7,regular,2024-10-12 19:00:00+00:00,Mississippi College,West Alabama,0,26,True,False,True,Gulf South,Gulf South,ii,ii,
7,regular,2024-10-12 19:00:00+00:00,Wisconsin Stout,Wisconsin Whitewater,29,27,True,False,True,Wisconsin,Wisconsin,iii,iii,
7,regular,2024-10-12 19:00:00+00:00,Lane College,Tuskegee,17,27,True,False,True,SIAC,SIAC,ii,ii,
7,regular,2024-10-12 19:00:00+00:00,Northwestern State,East Texas A&M,21,42,True,False,True,Southland,Southland,fcs,fcs,
7,regular,2024-10-12 19:00:00+00:00,Buffalo State,Hobart,3,31,True,False,True,Liberty League,Liberty League,iii,iii,
7,regular,2024-10-12 19:30:00+00:00,Wyoming,San Diego State,24,27,True,False,True,Mountain West,Mountain West,fbs,fbs,
7,regular,2024-10-12 19:30:00+00:00,Notre Dame,Stanford,49,7,True,False,False,FBS Independents,ACC,fbs,fbs,
7,regular,2024-10-12 19:30:00+00:00,Western Michigan,Akron,34,24,True,False,True,Mid-American,Mid-American,fbs,fbs,
7,regular,2024-10-12 19:30:00+00:00,Bowling Green,Northern Illinois,7,17,True,False,True,Mid-American,Mid-American,fbs,fbs,
7,regular,2024-10-12 19:30:00+00:00,Pittsburgh,California,17,15,True,False,True,ACC,ACC,fbs,fbs,
7,regular,2024-10-12 19:30:00+00:00,Colorado State,San José State,31,24,True,False,True,Mountain West,Mountain West,fbs,fbs,
7,regular,2024-10-12 19:30:00+00:00,UCF,Cincinnati,13,19,True,False,True,Big 12,Big 12,fbs,fbs,
7,regular,2024-10-12 19:30:00+00:00,Oklahoma,Texas,3,34,True,True,True,SEC,SEC,fbs,fbs,Allstate Red River Rivalry
7,regular,2024-10-12 19:30:00+00:00,Georgia State,Old Dominion,14,21,True,False,True,Sun Belt,Sun Belt,fbs,fbs,
7,regular,2024-10-12 19:30:00+00:00,Mercer,Princeton,34,7,True,False,False,Southern,Ivy,fcs,fcs,
7,regular,2024-10-12 19:30:00+00:00,East Tennessee State,Samford,31,28,True,False,True,Southern,Southern,fcs,fcs,
7,regular,2024-10-12 19:30:00+00:00,USC,Penn State,30,33,True,False,True,Big Ten,Big Ten,fbs,fbs,
7,regular,2024-10-12 19:30:00+00:00,Illinois,Purdue,50,49,True,False,True,Big Ten,Big Ten,fbs,fbs,
7,regular,2024-10-12 19:30:00+00:00,South Florida,Memphis,3,21,True,True,True,American Athletic,American Athletic,fbs,fbs,
7,regular,2024-10-12 19:30:00+00:00,Virginia,Louisville,20,24,True,False,True,ACC,ACC,fbs,fbs,
7,regular,2024-10-12 20:00:00+00:00,Whitworth,Willamette,48,0,True,False,True,Northwest,Northwest,iii,iii,
7,regular,2024-10-12 20:00:00+00:00,Central Michigan,Ohio,25,27,True,False,True,Mid-American,Mid-American,fbs,fbs,
7,regular,2024-10-12 20:00:00+00:00,Southern Utah,Eastern Kentucky,42,21,True,False,True,UAC,UAC,fcs,fcs,
7,regular,2024-10-12 20:00:00+00:00,BYU,Arizona,41,19,True,False,True,Big 12,Big 12,fbs,fbs,
7,regular,2024-10-12 20:00:00+00:00,Southeast Missouri State,Tennessee Tech,34,3,True,False,True,Big South-OVC,Big South-OVC,fcs,fcs,
7,regular,2024-10-12 20:00:00+00:00,Linfield,Lewis & Clark,47,14,True,False,True,Northwest,Northwest,iii,iii,
7,regular,2024-10-12 20:00:00+00:00,Lamar,Stephen F. Austin,20,27,True,False,True,Southland,Southland,fcs,fcs,
7,regular,2024-10-12 20:00:00+00:00,West Florida,Delta State,40,28,True,True,True,Gulf South,Gulf South,ii,ii,
7,regular,2024-10-12 20:00:00+00:00,Seton Hill,California (PA),21,28,True,False,True,Pennsylvania State Athletic,Pennsylvania State Athletic,ii,ii,
7,regular,2024-10-12 20:00:00+00:00,Fort Lewis,CSU Pueblo,24,58,True,False,True,Rocky Mountain,Rocky Mountain,ii,ii,
7,regular,2024-10-12 20:00:00+00:00,Tiffin,Ohio Dominican,31,13,True,False,True,Great Midwest Athletic,Great Midwest Athletic,ii,ii,
7,regular,2024-10-12 20:00:00+00:00,Hillsdale,Walsh,35,36,True,False,True,Great Midwest Athletic,Great Midwest Athletic,ii,ii,
7,regular,2024-10-12 20:00:00+00:00,Montana,Northern Arizona,31,20,True,False,True,Big Sky,Big Sky,fcs,fcs,
7,regular,2024-10-12 20:00:00+00:00,Claremont Mudd Scripps,Chapman,13,41,True,False,True,So. Cal.,So. Cal.,iii,iii,
7,regular,2024-10-12 20:00:00+00:00,Western Illinois,UT Martin,17,45,True,False,True,Big South-OVC,Big South-OVC,fcs,fcs,
7,regular,2024-10-12 20:05:00+00:00,Western Oregon,Eastern New Mexico,49,20,True,False,True,Lone Star,Lone Star,ii,ii,
7,regular,2024-10-12 20:15:00+00:00,Georgia,Mississippi State,41,31,True,False,True,SEC,SEC,fbs,fbs,
7,regular,2024-10-12 20:30:00+00:00,Bethany (WV),Westminster (PA),7,49,True,False,True,Presidents',Presidents',iii,iii,
7,regular,2024-10-12 21:00:00+00:00,Central Arkansas,West Georgia,34,33,True,False,True,UAC,UAC,fcs,fcs,
7,regular,2024-10-12 21:00:00+00:00,Kentucky Wesleyan,Lake Erie,23,29,True,False,True,Great Midwest Athletic,Great Midwest Athletic,ii,ii,
7,regular,2024-10-12 21:00:00+00:00,Arkansas Tech,Southwestern Oklahoma State,29,19,True,False,True,Great American,Great American,ii,ii,
7,regular,2024-10-12 21:00:00+00:00,UL Monroe,Southern Miss,38,21,True,False,True,Sun Belt,Sun Belt,fbs,fbs,
7,regular,2024-10-12 22:00:00+00:00,Montclair State,Kean,13,16,True,False,True,New Jersey,New Jersey,iii,iii,
7,regular,2024-10-12 22:00:00+00:00,Tennessee State,Eastern Illinois,41,17,True,False,True,Big South-OVC,Big South-OVC,fcs,fcs,
7,regular,2024-10-12 22:00:00+00:00,Wingate,Barton,50,0,True,False,True,South Atlantic,South Atlantic,ii,ii,
7,regular,2024-10-12 22:00:00+00:00,Brevard,Greensboro,42,9,True,False,True,USA South,USA South,iii,iii,
7,regular,2024-10-12 22:00:00+00:00,Southwest Minnesota State,Wayne State (NE),7,41,True,False,True,Northern Sun,Northern Sun,ii,ii,
7,regular,2024-10-12 22:00:00+00:00,Catawba,Limestone,33,36,True,False,True,South Atlantic,South Atlantic,ii,ii,
7,regular,2024-10-12 22:00:00+00:00,Bates,Tufts,22,45,True,False,True,NESCAC,NESCAC,iii,iii,
7,regular,2024-10-12 22:00:00+00:00,Indianapolis,Quincy,47,10,True,False,True,Great Lakes,Great Lakes,ii,ii,
7,regular,2024-10-12 22:00:00+00:00,Centenary (LA),McMurry,10,28,True,True,True,Southern Collegiate Athletic,Southern Collegiate Athletic,iii,iii,
7,regular,2024-10-12 22:00:00+00:00,Savannah State,Lincoln (CA),30,18,True,False,False,SIAC,Independent DII,ii,ii,
7,regular,2024-10-12 22:00:00+00:00,Idaho State,Portland State,38,42,True,False,True,Big Sky,Big Sky,fcs,fcs,
7,regular,2024-10-12 23:00:00+00:00,Incarnate Word,Nicholls,55,10,True,False,True,Southland,Southland,fcs,fcs,
7,regular,2024-10-12 23:00:00+00:00,Tarleton State,Utah Tech,42,0,True,False,True,UAC,UAC,fcs,fcs,
7,regular,2024-10-12 23:00:00+00:00,Case Western Reserve,Saint Vincent,49,0,True,False,True,Presidents',Presidents',iii,iii,
7,regular,2024-10-12 23:00:00+00:00,Truman State,Missouri S&T,48,17,True,False,True,Great Lakes,Great Lakes,ii,ii,
7,regular,2024-10-12 23:00:00+00:00,Wooster,Denison,30,48,True,False,True,North Coast,North Coast,iii,iii,
7,regular,2024-10-12 23:00:00+00:00,Ripon,Knox,24,17,True,False,True,Midwest,Midwest,iii,iii,
7,regular,2024-10-12 23:00:00+00:00,Wittenberg,Ohio Wesleyan,17,6,True,False,True,North Coast,North Coast,iii,iii,
7,regular,2024-10-12 23:00:00+00:00,Illinois College,Chicago,50,37,True,False,True,Midwest,Midwest,iii,iii,
7,regular,2024-10-12 23:00:00+00:00,Florida Atlantic,North Texas,37,41,True,False,True,American Athletic,American Athletic,fbs,fbs,
7,regular,2024-10-12 23:00:00+00:00,Pacific (OR),Pacific Lutheran,18,34,True,False,True,Northwest,Northwest,iii,iii,
7,regular,2024-10-12 23:00:00+00:00,Texas State,Arkansas State,41,9,True,False,True,Sun Belt,Sun Belt,fbs,fbs,
7,regular,2024-10-12 23:00:00+00:00,Tennessee,Florida,23,17,True,False,True,SEC,SEC,fbs,fbs,
7,regular,2024-10-12 23:00:00+00:00,UC Davis,Cal Poly,56,10,True,False,True,Big Sky,Big Sky,fcs,fcs,
7,regular,2024-10-12 23:00:00+00:00,George Fox,Puget Sound,40,14,True,False,True,Northwest,Northwest,iii,iii,
7,regular,2024-10-12 23:00:00+00:00,Grand Valley State,Northern Michigan,49,17,True,False,True,GLIAC,GLIAC,ii,ii,
7,regular,2024-10-12 23:00:00+00:00,Angelo State,Texas A&M-Kingsville,38,0,True,False,True,Lone Star,Lone Star,ii,ii,
7,regular,2024-10-12 23:00:00+00:00,Northeastern State,Lincoln (MO),55,7,True,False,False,Independent DII,Great Lakes,ii,ii,
7,regular,2024-10-12 23:00:00+00:00,New Mexico,Air Force,52,37,True,False,True,Mountain West,Mountain West,fbs,fbs,
7,regular,2024-10-12 23:00:00+00:00,North Alabama,Abilene Christian,47,34,True,False,True,UAC,UAC,fcs,fcs,
7,regular,2024-10-12 23:00:00+00:00,Texas Southern,Southern,19,22,True,False,True,SWAC,SWAC,fcs,fcs,
7,regular,2024-10-12 23:00:00+00:00,Fresno State,Washington State,17,25,True,False,False,Mountain West,Pac-12,fbs,fbs,
7,regular,2024-10-12 23:00:00+00:00,Rice,UTSA,29,27,True,False,True,American Athletic,American Athletic,fbs,fbs,
7,regular,2024-10-12 23:30:00+00:00,Louisiana,App State,34,24,True,False,True,Sun Belt,Sun Belt,fbs,fbs,
7,regular,2024-10-12 23:30:00+00:00,LSU,Ole Miss,29,26,True,False,True,SEC,SEC,fbs,fbs,
7,regular,2024-10-12 23:30:00+00:00,Oregon,Ohio State,32,31,True,False,True,Big Ten,Big Ten,fbs,fbs,
7,regular,2024-10-12 23:30:00+00:00,Nevada,Oregon State,42,37,True,False,False,Mountain West,Pac-12,fbs,fbs,
7,regular,2024-10-12 23:45:00+00:00,Kentucky,Vanderbilt,13,20,True,False,True,SEC,SEC,fbs,fbs,
7,regular,2024-10-13 00:00:00+00:00,West Virginia,Iowa State,16,28,True,False,True,Big 12,Big 12,fbs,fbs,
7,regular,2024-10-13 00:00:00+00:00,Weber State,Northern Colorado,17,21,True,False,True,Big Sky,Big Sky,fcs,fcs,
7,regular,2024-10-13 00:00:00+00:00,Georgia Southern,Marshall,24,23,True,False,True,Sun Belt,Sun Belt,fbs,fbs,
7,regular,2024-10-13 00:00:00+00:00,La Verne,Cal Lutheran,17,31,True,False,True,So. Cal.,So. Cal.,iii,iii,
7,regular,2024-10-13 00:00:00+00:00,Fort Hays,Washburn,38,7,True,False,True,Mid America,Mid America,ii,ii,
7,regular,2024-10-13 00:00:00+00:00,NC State,Syracuse,17,24,True,False,True,ACC,ACC,fbs,fbs,
7,regular,2024-10-13 00:00:00+00:00,West Texas,Western New Mexico,42,17,True,False,True,Lone Star,Lone Star,ii,ii,
7,regular,2024-10-13 00:00:00+00:00,Midwestern State,Sul Ross State,40,21,True,False,True,Lone Star,Lone Star,ii,ii,
7,regular,2024-10-13 01:00:00+00:00,Sacramento State,Eastern Washington,28,35,True,False,True,Big Sky,Big Sky,fcs,fcs,
7,regular,2024-10-13 01:00:00+00:00,Central Washington,UT Permian Basin,13,14,True,False,True,Lone Star,Lone Star,ii,ii,
7,regular,2024-10-13 01:00:00+00:00,UCLA,Minnesota,17,21,True,False,True,Big Ten,Big Ten,fbs,fbs,
7,regular,2024-10-13 02:00:00+00:00,Pomona Pitzer,Redlands,10,7,True,False,True,So. Cal.,So. Cal.,iii,iii,
7,regular,2024-10-13 02:15:00+00:00,Montana State,Idaho,38,7,True,False,True,Big Sky,Big Sky,fcs,fcs,
7,regular,2024-10-13 02:15:00+00:00,Colorado,Kansas State,28,31,True,False,True,Big 12,Big 12,fbs,fbs,
7,regular,2024-10-13 03:00:00+00:00,Hawai'i,Boise State,7,28,True,False,True,Mountain West,Mountain West,fbs,fbs,
7,regular,2024-10-13 15:00:00+00:00,Wayne State (MI),Ferris State,14,27,True,False,True,GLIAC,GLIAC,ii,ii,
7,regular,2024-10-13 16:00:00+00:00,Oberlin,Wabash,0,52,True,False,True,North Coast,North Coast,iii,iii,
8,regular,2024-10-15 23:30:00+00:00,South Alabama,Troy,25,9,True,False,True,Sun Belt,Sun Belt,fbs,fbs,
8,regular,2024-10-16 00:00:00+00:00,Middle Tennessee,Kennesaw State,14,5,True,False,True,Conference USA,Conference USA,fbs,fbs,
8,regular,2024-10-16 01:00:00+00:00,New Mexico State,Louisiana Tech,33,30,True,False,True,Conference USA,Conference USA,fbs,fbs,
8,regular,2024-10-16 23:00:00+00:00,Sam Houston,Western Kentucky,14,31,True,False,True,Conference USA,Conference USA,fbs,fbs,
8,regular,2024-10-17 01:00:00+00:00,UTEP,Florida International,30,21,True,False,True,Conference USA,Conference USA,fbs,fbs,
8,regular,2024-10-17 23:00:00+00:00,Marshall,Georgia State,35,20,True,False,True,Sun Belt,Sun Belt,fbs,fbs,
8,regular,2024-10-17 23:30:00+00:00,Virginia Tech,Boston College,42,21,True,False,True,ACC,ACC,fbs,fbs,
8,regular,2024-10-18 23:00:00+00:00,Wisconsin Whitewater,Wisconsin Stevens Point,66,0,True,False,True,Wisconsin,Wisconsin,iii,iii,
8,regular,2024-10-18 23:00:00+00:00,Duke,Florida State,23,16,True,False,True,ACC,ACC,fbs,fbs,
8,regular,2024-10-18 23:00:00+00:00,Princeton,Brown,29,17,True,False,True,Ivy,Ivy,fcs,fcs,
8,regular,2024-10-19 00:00:00+00:00,Purdue,Oregon,0,35,True,False,True,Big Ten,Big Ten,fbs,fbs,
8,regular,2024-10-19 02:15:00+00:00,BYU,Oklahoma State,38,35,True,False,True,Big 12,Big 12,fbs,fbs,
8,regular,2024-10-19 02:30:00+00:00,Nevada,Fresno State,21,24,True,False,True,Mountain West,Mountain West,fbs,fbs,
8,regular,2024-10-19 16:00:00+00:00,Clarion,Edinboro,29,28,True,False,True,Pennsylvania State Athletic,Pennsylvania State Athletic,ii,ii,
8,regular,2024-10-19 16:00:00+00:00,Louisville,Miami,45,52,True,False,True,ACC,ACC,fbs,fbs,
8,regular,2024-10-19 16:00:00+00:00,Coastal Carolina,Louisiana,24,34,True,False,True,Sun Belt,Sun Belt,fbs,fbs,
8,regular,2024-10-19 16:00:00+00:00,Lycoming,Catholic,12,14,True,False,True,Landmark Conference,Landmark Conference,iii,iii,
8,regular,2024-10-19 16:00:00+00:00,Keystone,Wilkes,24,69,True,False,True,Landmark Conference,Landmark Conference,iii,iii,
8,regular,2024-10-19 16:00:00+00:00,Northwestern,Wisconsin,3,23,True,True,True,Big Ten,Big Ten,fbs,fbs,
8,regular,2024-10-19 16:00:00+00:00,Yale,Lehigh,38,23,True,False,False,Ivy,Patriot,fcs,fcs,
8,regular,2024-10-19 16:00:00+00:00,Robert Morris,Long Island University,45,31,True,False,True,NEC,NEC,fcs,fcs,
8,regular,2024-10-19 16:00:00+00:00,Nicholls,Northwestern State,20,0,True,False,True,Southland,Southland,fcs,fcs,
8,regular,2024-10-19 16:00:00+00:00,Harvard,Holy Cross,35,34,True,False,False,Ivy,Patriot,fcs,fcs,
8,regular,2024-10-19 16:00:00+00:00,Wagner,Saint Francis,14,0,True,False,True,NEC,NEC,fcs,fcs,
8,regular,2024-10-19 16:00:00+00:00,Springfield,MIT,48,0,True,False,True,NEWMAC,NEWMAC,iii,iii,
8,regular,2024-10-19 16:00:00+00:00,Fitchburg State,Mass Maritime,3,21,True,False,True,MSCAC,MSCAC,iii,iii,
8,regular,2024-10-19 16:00:00+00:00,Worcester State,UMass Dartmouth,7,58,True,False,True,MSCAC,MSCAC,iii,iii,
8,regular,2024-10-19 16:00:00+00:00,Greensboro,Belhaven,20,30,True,False,True,USA South,USA South,iii,iii,
8,regular,2024-10-19 16:00:00+00:00,Delaware Valley,FDU Florham,33,8,True,False,True,Mid Atlantic,Mid Atlantic,iii,iii,
8,regular,2024-10-19 16:00:00+00:00,Fairmont State,UNC Pembroke,37,28,True,False,True,Mountain East,Mountain East,ii,ii,
8,regular,2024-10-19 16:00:00+00:00,Shepherd,Millersville,35,21,True,False,True,Pennsylvania State Athletic,Pennsylvania State Athletic,ii,ii,
8,regular,2024-10-19 16:00:00+00:00,Cincinnati,Arizona State,24,14,True,False,True,Big 12,Big 12,fbs,fbs,
8,regular,2024-10-19 16:00:00+00:00,Limestone,Wingate,12,38,True,False,True,South Atlantic,South Atlantic,ii,ii,
8,regular,2024-10-19 16:00:00+00:00,Hilbert,Brockport,0,51,True,True,True,Empire 8,Empire 8,iii,iii,
8,regular,2024-10-19 16:00:00+00:00,Misericordia,Widener,24,20,True,False,True,Mid Atlantic,Mid Atlantic,iii,iii,
8,regular,2024-10-19 16:00:00+00:00,Army,East Carolina,45,28,True,False,True,American Athletic,American Athletic,fbs,fbs,
8,regular,2024-10-19 16:00:00+00:00,UConn,Wake Forest,20,23,True,False,False,FBS Independents,ACC,fbs,fbs,
8,regular,2024-10-19 16:00:00+00:00,Missouri,Auburn,21,17,True,False,True,SEC,SEC,fbs,fbs,
8,regular,2024-10-19 16:00:00+00:00,Rutgers,UCLA,32,35,True,False,True,Big Ten,Big Ten,fbs,fbs,
8,regular,2024-10-19 16:00:00+00:00,Muhlenberg,Gettysburg,58,42,True,False,True,Centennial,Centennial,iii,iii,
8,regular,2024-10-19 16:00:00+00:00,Alfred State,Dean,58,0,True,False,True,ECFC,ECFC,iii,iii,
8,regular,2024-10-19 16:00:00+00:00,Wheeling,West Virginia State,35,33,True,False,True,Mountain East,Mountain East,ii,ii,
8,regular,2024-10-19 16:00:00+00:00,Southwestern U,Millsaps,14,17,True,False,True,Southern Athletic,Southern Athletic,iii,iii,
8,regular,2024-10-19 16:00:00+00:00,Merchant Marine,Norwich,49,7,True,False,True,NEWMAC,NEWMAC,iii,iii,
8,regular,2024-10-19 16:00:00+00:00,Walsh,Tiffin,21,38,True,False,True,Great Midwest Athletic,Great Midwest Athletic,ii,ii,
8,regular,2024-10-19 16:00:00+00:00,Ohio Dominican,Findlay,10,26,True,False,True,Great Midwest Athletic,Great Midwest Athletic,ii,ii,
8,regular,2024-10-19 16:00:00+00:00,Thomas More,Ashland,3,28,True,True,True,Great Midwest Athletic,Great Midwest Athletic,ii,ii,
8,regular,2024-10-19 16:00:00+00:00,SUNY Morrisville,Utica,28,26,True,False,True,Empire 8,Empire 8,iii,iii,
8,regular,2024-10-19 16:00:00+00:00,Clemson,Virginia,48,31,True,False,True,ACC,ACC,fbs,fbs,
8,regular,2024-10-19 16:00:00+00:00,Indiana,Nebraska,56,7,True,False,True,Big Ten,Big Ten,fbs,fbs,
8,regular,2024-10-19 16:30:00+00:00,Wisconsin Eau Claire,Wisconsin La Crosse,7,34,True,False,True,Wisconsin,Wisconsin,iii,iii,
8,regular,2024-10-19 16:30:00+00:00,Lafayette,Sacred Heart,31,17,True,False,False,Patriot,FCS Independents,fcs,fcs,
8,regular,2024-10-19 16:45:00+00:00,Oklahoma,South Carolina,9,35,True,False,True,SEC,SEC,fbs,fbs,
8,regular,2024-10-19 17:00:00+00:00,Maine,Villanova,35,7,True,False,True,Coastal Athletic,Coastal Athletic,fcs,fcs,
8,regular,2024-10-19 17:00:00+00:00,North Carolina A&T,Hampton,17,59,True,False,True,Coastal Athletic,Coastal Athletic,fcs,fcs,
8,regular,2024-10-19 17:00:00+00:00,Wabash,Hiram,56,7,True,False,True,North Coast,North Coast,iii,iii,
8,regular,2024-10-19 17:00:00+00:00,Elizabeth City State,Virginia State,7,36,True,False,True,CIAA,CIAA,ii,ii,
8,regular,2024-10-19 17:00:00+00:00,Carson Newman,UVA Wise,35,23,True,False,True,South Atlantic,South Atlantic,ii,ii,
8,regular,2024-10-19 17:00:00+00:00,St. Norbert,Concordia Chicago,62,0,True,False,True,NACC,NACC,iii,iii,
8,regular,2024-10-19 17:00:00+00:00,Franklin Pierce,Post,55,20,True,True,True,Northeast 10,Northeast 10,ii,ii,
8,regular,2024-10-19 17:00:00+00:00,Dartmouth,Central Connecticut,20,16,True,False,False,Ivy,NEC,fcs,fcs,
8,regular,2024-10-19 17:00:00+00:00,Ferris State,Michigan Tech,51,13,True,False,True,GLIAC,GLIAC,ii,ii,
8,regular,2024-10-19 17:00:00+00:00,Davidson,Stetson,70,48,True,False,True,Pioneer,Pioneer,fcs,fcs,
8,regular,2024-10-19 17:00:00+00:00,Presbyterian,Drake,16,19,True,False,True,Pioneer,Pioneer,fcs,fcs,
8,regular,2024-10-19 17:00:00+00:00,Westminster (MO),Crown,13,30,True,False,True,Upper Midwest,Upper Midwest,iii,iii,
8,regular,2024-10-19 17:00:00+00:00,Butler,Dayton,14,21,True,False,True,Pioneer,Pioneer,fcs,fcs,
8,regular,2024-10-19 17:00:00+00:00,Merrimack,Stonehill,48,28,True,False,False,FCS Independents,NEC,fcs,fcs,
8,regular,2024-10-19 17:00:00+00:00,Lincoln (MO),Upper Iowa,3,31,True,False,True,Great Lakes,Great Lakes,ii,ii,
8,regular,2024-10-19 17:00:00+00:00,Towson,Stony Brook,24,52,True,False,True,Coastal Athletic,Coastal Athletic,fcs,fcs,
8,regular,2024-10-19 17:00:00+00:00,Bucknell,Cornell,21,34,True,False,False,Patriot,Ivy,fcs,fcs,
8,regular,2024-10-19 17:00:00+00:00,Colgate,Georgetown,38,28,True,False,True,Patriot,Patriot,fcs,fcs,
8,regular,2024-10-19 17:00:00+00:00,William Paterson,Ursinus,7,49,True,False,False,New Jersey,Centennial,iii,iii,
8,regular,2024-10-19 17:00:00+00:00,Centre,Hendrix,35,18,True,False,True,Southern Athletic,Southern Athletic,iii,iii,
8,regular,2024-10-19 17:00:00+00:00,Middlebury,Trinity (CT),24,21,True,False,True,NESCAC,NESCAC,iii,iii,
8,regular,2024-10-19 17:00:00+00:00,Union,Buffalo State,31,10,True,False,True,Liberty League,Liberty League,iii,iii,
8,regular,2024-10-19 17:00:00+00:00,Johnson C. Smith,Shaw,21,14,True,False,True,CIAA,CIAA,ii,ii,
8,regular,2024-10-19 17:00:00+00:00,New Hampshire,Rhode Island,9,26,True,False,True,Coastal Athletic,Coastal Athletic,fcs,fcs,
8,regular,2024-10-19 17:00:00+00:00,Alfred,SUNY Cortland,17,59,True,False,True,Empire 8,Empire 8,iii,iii,
8,regular,2024-10-19 17:00:00+00:00,Susquehanna,Juniata,66,21,True,False,True,Landmark Conference,Landmark Conference,iii,iii,
8,regular,2024-10-19 17:00:00+00:00,Stevenson,Albright,48,3,True,False,True,Mid Atlantic,Mid Atlantic,iii,iii,
8,regular,2024-10-19 17:00:00+00:00,Bentley,American International,27,14,True,False,True,Northeast 10,Northeast 10,ii,ii,
8,regular,2024-10-19 17:00:00+00:00,Colby,Amherst,38,7,True,False,True,NESCAC,NESCAC,iii,iii,
8,regular,2024-10-19 17:00:00+00:00,Western New England,Curry,47,21,True,False,True,Commonwealth Coast,Commonwealth Coast,iii,iii,
8,regular,2024-10-19 17:00:00+00:00,Southern Connecticut State,New Haven,0,21,True,False,True,Northeast 10,Northeast 10,ii,ii,
8,regular,2024-10-19 17:00:00+00:00,Alvernia,Eastern,14,22,True,False,True,Mid Atlantic,Mid Atlantic,iii,iii,
8,regular,2024-10-19 17:00:00+00:00,Waynesburg,Bethany (WV),34,14,True,False,True,Presidents',Presidents',iii,iii,
8,regular,2024-10-19 17:00:00+00:00,Westminster (PA),Saint Vincent,56,0,True,False,True,Presidents',Presidents',iii,iii,
8,regular,2024-10-19 17:00:00+00:00,Rhodes,Trinity (TX),14,38,True,False,True,Southern Athletic,Southern Athletic,iii,iii,
8,regular,2024-10-19 17:00:00+00:00,Salisbury,Montclair State,44,8,True,False,True,New Jersey,New Jersey,iii,iii,
8,regular,2024-10-19 17:00:00+00:00,Christopher Newport,Rowan,24,7,True,False,True,New Jersey,New Jersey,iii,iii,
8,regular,2024-10-19 17:00:00+00:00,Shippensburg,Kutztown,2,31,True,False,True,Pennsylvania State Athletic,Pennsylvania State Athletic,ii,ii,
8,regular,2024-10-19 17:00:00+00:00,Maryville (TN),Huntingdon,44,16,True,False,True,USA South,USA South,iii,iii,
8,regular,2024-10-19 17:00:00+00:00,Chowan,West Florida,6,35,True,False,True,Gulf South,Gulf South,ii,ii,
8,regular,2024-10-19 17:00:00+00:00,Johns Hopkins,Franklin & Marshall,13,6,True,False,True,Centennial,Centennial,iii,iii,
8,regular,2024-10-19 17:00:00+00:00,Ithaca,Rensselaer,33,14,True,False,True,Liberty League,Liberty League,iii,iii,
8,regular,2024-10-19 17:00:00+00:00,Kenyon,Wittenberg,7,27,True,False,True,North Coast,North Coast,iii,iii,
8,regular,2024-10-19 17:00:00+00:00,Monmouth,Bryant,55,17,True,False,True,Coastal Athletic,Coastal Athletic,fcs,fcs,
8,regular,2024-10-19 17:00:00+00:00,Anderson (SC),Emory & Henry,3,34,True,True,True,South Atlantic,South Atlantic,ii,ii,
8,regular,2024-10-19 17:00:00+00:00,King's,Lebanon Valley,28,13,True,False,True,Mid Atlantic,Mid Atlantic,iii,iii,
8,regular,2024-10-19 17:00:00+00:00,Dickinson,McDaniel,24,0,True,False,True,Centennial,Centennial,iii,iii,
8,regular,2024-10-19 17:00:00+00:00,St. Lawrence,Hobart,3,39,True,False,True,Liberty League,Liberty League,iii,iii,
8,regular,2024-10-19 17:00:00+00:00,Kalamazoo,Hope,18,49,True,False,True,Michigan,Michigan,iii,iii,
8,regular,2024-10-19 17:00:00+00:00,Clark Atlanta,Miles,28,49,True,False,True,SIAC,SIAC,ii,ii,
8,regular,2024-10-19 17:00:00+00:00,New England,Endicott,7,39,True,False,True,Commonwealth Coast,Commonwealth Coast,iii,iii,
8,regular,2024-10-19 17:00:00+00:00,Gallaudet,Anna Maria College,39,34,True,False,True,ECFC,ECFC,iii,iii,
8,regular,2024-10-19 17:00:00+00:00,Bowdoin,Wesleyan (CT),14,17,True,False,True,NESCAC,NESCAC,iii,iii,
8,regular,2024-10-19 17:00:00+00:00,Williams,Bates,24,21,True,False,True,NESCAC,NESCAC,iii,iii,
8,regular,2024-10-19 17:00:00+00:00,Greenville,Martin Luther,42,35,True,False,True,Upper Midwest,Upper Midwest,iii,iii,
8,regular,2024-10-19 17:00:00+00:00,Northwood,Kentucky Wesleyan,20,27,True,False,True,Great Midwest Athletic,Great Midwest Athletic,ii,ii,
8,regular,2024-10-19 17:00:00+00:00,Northern Michigan,Roosevelt,10,16,True,False,True,GLIAC,GLIAC,ii,ii,
8,regular,2024-10-19 17:00:00+00:00,Concordia St. Paul,Minnesota St Moorhead,31,34,True,False,True,Northern Sun,Northern Sun,ii,ii,
8,regular,2024-10-19 17:00:00+00:00,West Liberty,West Virginia Wesleyan,21,9,True,False,True,Mountain East,Mountain East,ii,ii,
8,regular,2024-10-19 17:00:00+00:00,Pennsylvania,Columbia,17,23,True,False,True,Ivy,Ivy,fcs,fcs,
8,regular,2024-10-19 17:00:00+00:00,Trine,Olivet,35,28,True,False,True,Michigan,Michigan,iii,iii,
8,regular,2024-10-19 17:00:00+00:00,Concord,Glenville State,21,24,True,False,True,Mountain East,Mountain East,ii,ii,
8,regular,2024-10-19 17:00:00+00:00,Tufts,Hamilton,20,13,True,False,True,NESCAC,NESCAC,iii,iii,
8,regular,2024-10-19 17:00:00+00:00,Alma,Albion,40,30,True,False,True,Michigan,Michigan,iii,iii,
8,regular,2024-10-19 17:00:00+00:00,Saint Anselm,Assumption,20,14,True,False,True,Northeast 10,Northeast 10,ii,ii,
8,regular,2024-10-19 17:00:00+00:00,Frostburg State,Charleston (WV),7,48,True,False,True,Mountain East,Mountain East,ii,ii,
8,regular,2024-10-19 17:00:00+00:00,Lincoln (PA),Virginia Union,12,63,True,False,True,CIAA,CIAA,ii,ii,
8,regular,2024-10-19 17:00:00+00:00,Bowie State,Bluefield State,54,0,True,False,True,CIAA,CIAA,ii,ii,
8,regular,2024-10-19 17:30:00+00:00,Capital,Ohio Northern,41,42,True,False,True,Ohio,Ohio,iii,iii,
8,regular,2024-10-19 17:30:00+00:00,Anderson (IN),Hanover,0,35,True,False,True,Heartland,Heartland,iii,iii,
8,regular,2024-10-19 17:30:00+00:00,Rose Hulman,Defiance College,29,25,True,False,True,Heartland,,iii,,
8,regular,2024-10-19 17:30:00+00:00,Coast Guard,Salve Regina,28,34,True,False,True,NEWMAC,NEWMAC,iii,iii,
8,regular,2024-10-19 17:30:00+00:00,VMI,The Citadel,10,13,True,False,True,Southern,Southern,fcs,fcs,
8,regular,2024-10-19 17:30:00+00:00,Mount Union,Heidelberg,52,10,True,False,True,Ohio,Ohio,iii,iii,
8,regular,2024-10-19 17:30:00+00:00,Chattanooga,Wofford,37,5,True,False,True,Southern,Southern,fcs,fcs,
8,regular,2024-10-19 17:30:00+00:00,Mount St Joseph,Bluffton,63,27,True,False,True,Heartland,Heartland,iii,iii,
8,regular,2024-10-19 17:30:00+00:00,Wilmington (OH),Otterbein,31,21,True,False,True,Ohio,Ohio,iii,iii,
8,regular,2024-10-19 17:30:00+00:00,Manchester,Franklin,0,49,True,False,True,Heartland,Heartland,iii,iii,
8,regular,2024-10-19 17:30:00+00:00,Gardner-Webb,Lindenwood,42,35,True,False,True,Big South-OVC,Big South-OVC,fcs,fcs,
8,regular,2024-10-19 18:00:00+00:00,IU Pennsylvania,Seton Hill,20,13,True,False,True,Pennsylvania State Athletic,Pennsylvania State Athletic,ii,ii,
8,regular,2024-10-19 18:00:00+00:00,Denison,DePauw,34,53,True,False,True,North Coast,North Coast,iii,iii,
8,regular,2024-10-19 18:00:00+00:00,Carthage,Wheaton (IL),13,50,True,False,True,CCIW,CCIW,iii,iii,
8,regular,2024-10-19 18:00:00+00:00,Cornell (IA),Monmouth (IL),28,38,True,False,True,Midwest,Midwest,iii,iii,
8,regular,2024-10-19 18:00:00+00:00,Ferrum,Hampden Sydney,41,36,True,False,True,Old Dominion,Old Dominion,iii,iii,
8,regular,2024-10-19 18:00:00+00:00,Wisconsin River Falls,Wisconsin Stout,40,37,True,False,True,Wisconsin,Wisconsin,iii,iii,
8,regular,2024-10-19 18:00:00+00:00,North Dakota,Northern Iowa,31,7,True,False,True,MVFC,MVFC,fcs,fcs,
8,regular,2024-10-19 18:00:00+00:00,South Carolina State,Fort Valley State,30,3,True,False,False,MEAC,SIAC,fcs,ii,
8,regular,2024-10-19 18:00:00+00:00,Benedictine (IL),Wisconsin Lutheran,7,10,True,False,True,NACC,NACC,iii,iii,
8,regular,2024-10-19 18:00:00+00:00,Eastern Michigan,Central Michigan,38,34,True,False,True,Mid-American,Mid-American,fbs,fbs,
8,regular,2024-10-19 18:00:00+00:00,Furman,Western Carolina,20,52,True,False,True,Southern,Southern,fcs,fcs,
8,regular,2024-10-19 18:00:00+00:00,Valparaiso,St. Thomas (MN),14,42,True,False,True,Pioneer,Pioneer,fcs,fcs,
8,regular,2024-10-19 18:00:00+00:00,Berry,Sewanee,53,10,True,False,True,Southern Athletic,Southern Athletic,iii,iii,
8,regular,2024-10-19 18:00:00+00:00,Albany State,Morehouse,52,6,True,False,True,SIAC,SIAC,ii,ii,
8,regular,2024-10-19 18:00:00+00:00,Illinois Wesleyan,Millikin,51,8,True,False,True,CCIW,CCIW,iii,iii,
8,regular,2024-10-19 18:00:00+00:00,Ripon,Chicago,6,30,True,False,True,Midwest,Midwest,iii,iii,
8,regular,2024-10-19 18:00:00+00:00,Aurora,Rockford,69,0,True,False,True,NACC,NACC,iii,iii,
8,regular,2024-10-19 18:00:00+00:00,Elmhurst,Washington St. Louis,10,49,True,False,True,CCIW,CCIW,iii,iii,
8,regular,2024-10-19 18:00:00+00:00,Tuskegee,Kentucky State,38,24,True,False,True,SIAC,SIAC,ii,ii,
8,regular,2024-10-19 18:00:00+00:00,Concordia (WI),Eureka,39,0,True,False,True,NACC,NACC,iii,iii,
8,regular,2024-10-19 18:00:00+00:00,Westfield State,Framingham State,7,21,True,False,True,MSCAC,MSCAC,iii,iii,
8,regular,2024-10-19 18:00:00+00:00,SUNY Maritime,WPI,42,35,True,False,True,NEWMAC,NEWMAC,iii,iii,
8,regular,2024-10-19 18:00:00+00:00,Bethel (MN),Augsburg,73,8,True,False,True,Minnesota,Minnesota,iii,iii,
8,regular,2024-10-19 18:00:00+00:00,Eastern New Mexico,West Texas,24,42,True,False,True,Lone Star,Lone Star,ii,ii,
8,regular,2024-10-19 18:00:00+00:00,West Georgia,Shorter,41,13,True,False,False,UAC,Gulf South,fcs,ii,
8,regular,2024-10-19 18:00:00+00:00,Sioux Falls,Minnesota Duluth,24,21,True,False,True,Northern Sun,Northern Sun,ii,ii,
8,regular,2024-10-19 18:00:00+00:00,Northeastern State,Central Oklahoma,57,64,True,False,False,Independent DII,Mid America,ii,ii,
8,regular,2024-10-19 18:00:00+00:00,Washburn,Missouri Southern State,42,21,True,False,True,Mid America,Mid America,ii,ii,
8,regular,2024-10-19 18:00:00+00:00,Bemidji State,Minot State,21,9,True,False,True,Northern Sun,Northern Sun,ii,ii,
8,regular,2024-10-19 18:00:00+00:00,Carroll (WI),Augustana (IL),30,20,True,False,True,CCIW,CCIW,iii,iii,
8,regular,2024-10-19 18:00:00+00:00,Grinnell,Lake Forest,22,42,True,False,True,Midwest,Midwest,iii,iii,
8,regular,2024-10-19 18:00:00+00:00,Knox,Illinois College,34,77,True,False,True,Midwest,Midwest,iii,iii,
8,regular,2024-10-19 18:00:00+00:00,Loras,Dubuque,42,49,True,False,True,American Rivers,American Rivers,iii,iii,
8,regular,2024-10-19 18:00:00+00:00,Nebraska Wesleyan,Coe,0,50,True,True,True,American Rivers,American Rivers,iii,iii,
8,regular,2024-10-19 18:00:00+00:00,Quincy,Truman State,21,28,True,False,True,Great Lakes,Great Lakes,ii,ii,
8,regular,2024-10-19 18:00:00+00:00,William Jewell,Missouri S&T,28,49,True,True,True,Great Lakes,Great Lakes,ii,ii,
8,regular,2024-10-19 18:00:00+00:00,McKendree,Indianapolis,34,42,True,False,True,Great Lakes,Great Lakes,ii,ii,
8,regular,2024-10-19 18:00:00+00:00,Northwestern (MN),Minnesota Morris,44,13,True,False,True,Upper Midwest,Upper Midwest,iii,iii,
8,regular,2024-10-19 18:00:00+00:00,Temple,Tulsa,20,10,True,False,True,American Athletic,American Athletic,fbs,fbs,
8,regular,2024-10-19 18:00:00+00:00,Beloit,Lawrence,10,24,True,False,True,Midwest,Midwest,iii,iii,
8,regular,2024-10-19 18:00:00+00:00,Barton,Lenoir Rhyne,0,20,True,False,True,South Atlantic,South Atlantic,ii,ii,
8,regular,2024-10-19 18:00:00+00:00,John Carroll,Baldwin Wallace,20,16,True,False,True,Ohio,Ohio,iii,iii,
8,regular,2024-10-19 18:00:00+00:00,St. Olaf,St. Scholastica,36,33,True,False,True,Minnesota,Minnesota,iii,iii,
8,regular,2024-10-19 18:00:00+00:00,Macalester,Gustavus Adolphus,7,36,True,False,True,Minnesota,Minnesota,iii,iii,
8,regular,2024-10-19 18:00:00+00:00,Carleton,Saint John's (MN),7,48,True,False,True,Minnesota,Minnesota,iii,iii,
8,regular,2024-10-19 18:00:00+00:00,Davenport,Wayne State (MI),43,26,True,False,True,GLIAC,GLIAC,ii,ii,
8,regular,2024-10-19 18:00:00+00:00,North Greenville,Erskine,52,35,True,False,True,Gulf South,Gulf South,ii,ii,
8,regular,2024-10-19 18:00:00+00:00,Hamline,Concordia (MN),7,41,True,False,True,Minnesota,Minnesota,iii,iii,
8,regular,2024-10-19 18:00:00+00:00,Austin,Texas Lutheran,17,55,True,False,True,Southern Collegiate Athletic,Southern Collegiate Athletic,iii,iii,
8,regular,2024-10-19 18:00:00+00:00,Central College,Luther,56,3,True,False,True,American Rivers,American Rivers,iii,iii,
8,regular,2024-10-19 18:00:00+00:00,Augustana (SD),Winona State,31,0,True,False,True,Northern Sun,Northern Sun,ii,ii,
8,regular,2024-10-19 18:30:00+00:00,Vermont State Castleton,Plymouth State,6,21,True,False,True,MSCAC,MSCAC,iii,iii,
8,regular,2024-10-19 18:30:00+00:00,Mars Hill,Tusculum,30,3,True,False,True,South Atlantic,South Atlantic,ii,ii,
8,regular,2024-10-19 18:30:00+00:00,Wartburg,Simpson (IA),46,21,True,False,True,American Rivers,American Rivers,iii,iii,
8,regular,2024-10-19 18:30:00+00:00,Wisconsin Oshkosh,Wisconsin Platteville,24,17,True,False,True,Wisconsin,Wisconsin,iii,iii,
8,regular,2024-10-19 18:30:00+00:00,Lake Erie,Hillsdale,10,28,True,False,True,Great Midwest Athletic,Great Midwest Athletic,ii,ii,
8,regular,2024-10-19 18:30:00+00:00,Husson,Nichols,56,22,True,False,True,Commonwealth Coast,Commonwealth Coast,iii,iii,
8,regular,2024-10-19 19:00:00+00:00,Adrian,Calvin,30,10,True,False,True,Michigan,Michigan,iii,iii,
8,regular,2024-10-19 19:00:00+00:00,California (PA),Slippery Rock,28,7,True,False,True,Pennsylvania State Athletic,Pennsylvania State Athletic,ii,ii,
8,regular,2024-10-19 19:00:00+00:00,Missouri Western,Nebraska Kearney,23,24,True,False,True,Mid America,Mid America,ii,ii,
8,regular,2024-10-19 19:00:00+00:00,Murray State,Illinois State,32,40,True,False,True,MVFC,MVFC,fcs,fcs,
8,regular,2024-10-19 19:00:00+00:00,Pittsburg State,Fort Hays,18,17,True,False,True,Mid America,Mid America,ii,ii,
8,regular,2024-10-19 19:00:00+00:00,Missouri State,Indiana State,46,21,True,False,True,MVFC,MVFC,fcs,fcs,
8,regular,2024-10-19 19:00:00+00:00,Samford,Mercer,55,35,True,False,True,Southern,Southern,fcs,fcs,
8,regular,2024-10-19 19:00:00+00:00,Valdosta State,Mississippi College,35,10,True,False,True,Gulf South,Gulf South,ii,ii,
8,regular,2024-10-19 19:00:00+00:00,Methodist,Southern Virginia,17,21,True,False,True,USA South,USA South,iii,iii,
8,regular,2024-10-19 19:00:00+00:00,Lane College,Central State,27,24,True,False,True,SIAC,SIAC,ii,ii,
8,regular,2024-10-19 19:00:00+00:00,Mississippi Valley State,Bethune-Cookman,10,20,True,False,True,SWAC,SWAC,fcs,fcs,
8,regular,2024-10-19 19:00:00+00:00,Western Colorado,South Dakota Mines,35,24,True,False,True,Rocky Mountain,Rocky Mountain,ii,ii,
8,regular,2024-10-19 19:00:00+00:00,Lyon,Centenary (LA),21,28,True,True,True,Southern Collegiate Athletic,Southern Collegiate Athletic,iii,iii,
8,regular,2024-10-19 19:00:00+00:00,The College of New Jersey,Kean,48,7,True,False,True,New Jersey,New Jersey,iii,iii,
8,regular,2024-10-19 19:00:00+00:00,Southeastern Oklahoma State,Southern Nazarene,40,14,True,False,True,Great American,Great American,ii,ii,
8,regular,2024-10-19 19:00:00+00:00,Henderson State,Southern Arkansas,19,42,True,False,True,Great American,Great American,ii,ii,
8,regular,2024-10-19 19:00:00+00:00,Saginaw Valley State,Grand Valley State,9,16,True,False,True,GLIAC,GLIAC,ii,ii,
8,regular,2024-10-19 19:00:00+00:00,St. John Fisher,Hartwick,56,0,True,False,True,Empire 8,Empire 8,iii,iii,
8,regular,2024-10-19 19:00:00+00:00,Chadron State,Fort Lewis,55,13,True,False,True,Rocky Mountain,Rocky Mountain,ii,ii,
8,regular,2024-10-19 19:00:00+00:00,Northwest Missouri State,Central Missouri,30,35,True,False,True,Mid America,Mid America,ii,ii,
8,regular,2024-10-19 19:00:00+00:00,Grambling,Arkansas-Pine Bluff,31,21,True,False,True,SWAC,SWAC,fcs,fcs,
8,regular,2024-10-19 19:00:00+00:00,Adams State,Colorado School of Mines,14,56,True,False,True,Rocky Mountain,Rocky Mountain,ii,ii,
8,regular,2024-10-19 19:00:00+00:00,CSU Pueblo,Black Hills State,24,21,True,False,True,Rocky Mountain,Rocky Mountain,ii,ii,
8,regular,2024-10-19 19:00:00+00:00,Colorado Mesa,New Mexico Highlands,21,10,True,False,True,Rocky Mountain,Rocky Mountain,ii,ii,
8,regular,2024-10-19 19:00:00+00:00,University of Mary,Wayne State (NE),0,30,True,False,True,Northern Sun,Northern Sun,ii,ii,
8,regular,2024-10-19 19:30:00+00:00,South Florida,UAB,35,25,True,False,True,American Athletic,American Athletic,fbs,fbs,
8,regular,2024-10-19 19:30:00+00:00,Tulane,Rice,24,10,True,False,True,American Athletic,American Athletic,fbs,fbs,
8,regular,2024-10-19 19:30:00+00:00,Georgia Tech,Notre Dame,13,31,True,True,False,ACC,FBS Independents,fbs,fbs,
8,regular,2024-10-19 19:30:00+00:00,Miami (OH),Ohio,30,20,True,False,True,Mid-American,Mid-American,fbs,fbs,
8,regular,2024-10-19 19:30:00+00:00,California,NC State,23,24,True,False,True,ACC,ACC,fbs,fbs,
8,regular,2024-10-19 19:30:00+00:00,Richmond,Delaware,28,9,True,False,True,Coastal Athletic,CAA,fcs,fcs,
8,regular,2024-10-19 19:30:00+00:00,Bowling Green,Kent State,27,6,True,False,True,Mid-American,Mid-American,fbs,fbs,
8,regular,2024-10-19 19:30:00+00:00,Old Dominion,Texas State,24,14,True,False,True,Sun Belt,Sun Belt,fbs,fbs,
8,regular,2024-10-19 19:30:00+00:00,Howard Payne,Mary Hardin Baylor,0,41,True,False,True,American Southwest,American Southwest,iii,iii,
8,regular,2024-10-19 19:30:00+00:00,Howard,Tennessee State,14,27,True,False,False,MEAC,Big South-OVC,fcs,fcs,
8,regular,2024-10-19 19:30:00+00:00,Brevard,LaGrange,21,26,True,False,True,USA South,USA South,iii,iii,
8,regular,2024-10-19 19:30:00+00:00,UAlbany,Elon,14,30,True,False,True,Coastal Athletic,Coastal Athletic,fcs,fcs,
8,regular,2024-10-19 19:30:00+00:00,Jackson State,Florida A&M,35,21,True,False,True,SWAC,SWAC,fcs,fcs,
8,regular,2024-10-19 19:30:00+00:00,William & Mary,Campbell,35,28,True,False,True,Coastal Athletic,Coastal Athletic,fcs,fcs,
8,regular,2024-10-19 19:30:00+00:00,Illinois,Michigan,21,7,True,False,True,Big Ten,Big Ten,fbs,fbs,
8,regular,2024-10-19 19:30:00+00:00,UTSA,Florida Atlantic,38,24,True,False,True,American Athletic,American Athletic,fbs,fbs,
8,regular,2024-10-19 19:30:00+00:00,Washington State,Hawai'i,42,10,True,False,False,Pac-12,Mountain West,fbs,fbs,
8,regular,2024-10-19 19:30:00+00:00,Navy,Charlotte,51,17,True,False,True,American Athletic,American Athletic,fbs,fbs,
8,regular,2024-10-19 19:30:00+00:00,Northern Illinois,Toledo,6,13,True,False,True,Mid-American,Mid-American,fbs,fbs,
8,regular,2024-10-19 19:30:00+00:00,Buffalo,Western Michigan,41,48,True,False,True,Mid-American,Mid-American,fbs,fbs,
8,regular,2024-10-19 19:30:00+00:00,Kansas,Houston,42,14,True,True,True,Big 12,Big 12,fbs,fbs,
8,regular,2024-10-19 19:30:00+00:00,Tennessee,Alabama,24,17,True,False,True,SEC,SEC,fbs,fbs,
8,regular,2024-10-19 20:00:00+00:00,Lewis & Clark,Pacific (OR),51,37,True,False,True,Northwest,Northwest,iii,iii,
8,regular,2024-10-19 20:00:00+00:00,Portland State,Montana State,14,44,True,False,True,Big Sky,Big Sky,fcs,fcs,
8,regular,2024-10-19 20:00:00+00:00,Claremont Mudd Scripps,La Verne,57,14,True,False,True,So. Cal.,So. Cal.,iii,iii,
8,regular,2024-10-19 20:00:00+00:00,San José State,Wyoming,24,14,True,False,True,Mountain West,Mountain West,fbs,fbs,
8,regular,2024-10-19 20:00:00+00:00,Northern Arizona,Idaho State,30,26,True,False,True,Big Sky,Big Sky,fcs,fcs,
8,regular,2024-10-19 20:00:00+00:00,Maryland,USC,29,28,True,False,True,Big Ten,Big Ten,fbs,fbs,
8,regular,2024-10-19 20:00:00+00:00,Utah State,New Mexico,45,50,True,False,True,Mountain West,Mountain West,fbs,fbs,
8,regular,2024-10-19 20:00:00+00:00,Western Illinois,Tennessee Tech,37,21,True,False,True,Big South-OVC,Big South-OVC,fcs,fcs,
8,regular,2024-10-19 20:00:00+00:00,Livingstone,Winston-Salem State,17,31,True,False,True,CIAA,CIAA,ii,ii,
8,regular,2024-10-19 20:00:00+00:00,Averett,Randolph Macon,10,49,True,False,True,Old Dominion,Old Dominion,iii,iii,
8,regular,2024-10-19 20:00:00+00:00,Guilford,Washington and Lee,23,40,True,False,True,Old Dominion,Old Dominion,iii,iii,
8,regular,2024-10-19 20:00:00+00:00,Pacific Lutheran,Willamette,50,0,True,False,True,Northwest,Northwest,iii,iii,
8,regular,2024-10-19 20:00:00+00:00,Puget Sound,Whitworth,24,42,True,False,True,Northwest,Northwest,iii,iii,
8,regular,2024-10-19 20:00:00+00:00,Texas Tech,Baylor,35,59,True,False,True,Big 12,Big 12,fbs,fbs,
8,regular,2024-10-19 20:00:00+00:00,Arizona,Colorado,7,34,True,False,True,Big 12,Big 12,fbs,fbs,
8,regular,2024-10-19 20:00:00+00:00,Charleston Southern,Southeast Missouri State,13,26,True,False,True,Big South-OVC,Big South-OVC,fcs,fcs,
8,regular,2024-10-19 20:00:00+00:00,East Central,Northwestern (OK),20,14,True,False,True,Great American,Great American,ii,ii,
8,regular,2024-10-19 20:00:00+00:00,Idaho,Cal Poly,34,29,True,False,True,Big Sky,Big Sky,fcs,fcs,
8,regular,2024-10-19 20:00:00+00:00,Georgia Southern,James Madison,28,14,True,False,True,Sun Belt,Sun Belt,fbs,fbs,
8,regular,2024-10-19 20:00:00+00:00,Abilene Christian,Eastern Kentucky,34,20,True,False,True,UAC,UAC,fcs,fcs,
8,regular,2024-10-19 20:00:00+00:00,Utah Tech,Austin Peay,7,13,True,False,True,UAC,UAC,fcs,fcs,
8,regular,2024-10-19 20:15:00+00:00,Mississippi State,Texas A&M,24,34,True,False,True,SEC,SEC,fbs,fbs,
8,regular,2024-10-19 20:30:00+00:00,East Texas A&M,Lamar,20,29,True,False,True,Southland,Southland,fcs,fcs,
8,regular,2024-10-19 21:00:00+00:00,Western Connecticut State,Bridgewater State,49,7,True,False,True,MSCAC,MSCAC,iii,iii,
8,regular,2024-10-19 21:00:00+00:00,Delta State,West Alabama,21,6,True,False,True,Gulf South,Gulf South,ii,ii,
8,regular,2024-10-19 21:00:00+00:00,Arkansas Monticello,Arkansas Tech,24,13,True,False,True,Great American,Great American,ii,ii,
8,regular,2024-10-19 21:00:00+00:00,SE Louisiana,Stephen F. Austin,24,23,True,False,True,Southland,Southland,fcs,fcs,
8,regular,2024-10-19 21:00:00+00:00,Incarnate Word,McNeese,30,17,True,False,True,Southland,Southland,fcs,fcs,
8,regular,2024-10-19 21:00:00+00:00,San Diego,Marist,34,6,True,False,True,Pioneer,Pioneer,fcs,fcs,
8,regular,2024-10-19 22:00:00+00:00,Lock Haven,Bloomsburg,35,32,True,False,True,Pennsylvania State Athletic,Pennsylvania State Athletic,ii,ii,
8,regular,2024-10-19 22:00:00+00:00,Bridgewater,Shenandoah,22,21,True,False,True,Old Dominion,Old Dominion,iii,iii,
8,regular,2024-10-19 22:00:00+00:00,Edward Waters,Savannah State,20,27,True,False,True,SIAC,SIAC,ii,ii,
8,regular,2024-10-19 22:00:00+00:00,Catawba,Newberry,21,27,True,False,True,South Atlantic,South Atlantic,ii,ii,
8,regular,2024-10-19 22:00:00+00:00,Washington & Jefferson,Grove City,27,19,True,False,True,Presidents',Presidents',iii,iii,
8,regular,2024-10-19 22:00:00+00:00,Case Western Reserve,Thiel,52,7,True,False,True,Presidents',Presidents',iii,iii,
8,regular,2024-10-19 22:00:00+00:00,Youngstown State,South Dakota,17,27,True,False,True,MVFC,MVFC,fcs,fcs,
8,regular,2024-10-19 22:05:00+00:00,East Stroudsburg,West Chester,45,31,True,False,True,Pennsylvania State Athletic,Pennsylvania State Athletic,ii,ii,
8,regular,2024-10-19 23:00:00+00:00,Wooster,Ohio Wesleyan,22,34,True,False,True,North Coast,North Coast,iii,iii,
8,regular,2024-10-19 23:00:00+00:00,Northern State,Southwest Minnesota State,41,7,True,False,True,Northern Sun,Northern Sun,ii,ii,
8,regular,2024-10-19 23:00:00+00:00,North Central College,North Park,69,0,True,False,True,CCIW,CCIW,iii,iii,
8,regular,2024-10-19 23:00:00+00:00,Arkansas,LSU,10,34,True,False,True,SEC,SEC,fbs,fbs,
8,regular,2024-10-19 23:00:00+00:00,Geneva,Allegheny,30,13,True,False,True,Presidents',Presidents',iii,iii,
8,regular,2024-10-19 23:00:00+00:00,Eastern Washington,UC Davis,38,48,True,False,True,Big Sky,Big Sky,fcs,fcs,
8,regular,2024-10-19 23:00:00+00:00,Muskingum,Marietta,6,38,True,False,True,Ohio,Ohio,iii,iii,
8,regular,2024-10-19 23:00:00+00:00,Southern,Alcorn State,24,14,True,False,True,SWAC,SWAC,fcs,fcs,
8,regular,2024-10-19 23:00:00+00:00,McMurry,Hardin Simmons,12,17,True,False,False,Southern Collegiate Athletic,American Southwest,iii,iii,
8,regular,2024-10-19 23:00:00+00:00,Oklahoma Baptist,Southwestern Oklahoma State,35,17,True,False,True,Great American,Great American,ii,ii,
8,regular,2024-10-19 23:00:00+00:00,UT Permian Basin,Western Oregon,27,30,True,False,True,Lone Star,Lone Star,ii,ii,
8,regular,2024-10-19 23:00:00+00:00,Allen,Benedict,27,34,True,False,True,SIAC,SIAC,ii,ii,
8,regular,2024-10-19 23:00:00+00:00,Southern Miss,Arkansas State,28,44,True,False,True,Sun Belt,Sun Belt,fbs,fbs,
8,regular,2024-10-19 23:00:00+00:00,Vanderbilt,Ball State,24,14,True,False,False,SEC,Mid-American,fbs,fbs,
8,regular,2024-10-19 23:05:00+00:00,George Fox,Linfield,7,47,True,False,True,Northwest,Northwest,iii,iii,
8,regular,2024-10-19 23:30:00+00:00,Memphis,North Texas,52,44,True,False,True,American Athletic,American Athletic,fbs,fbs,
8,regular,2024-10-19 23:30:00+00:00,Michigan State,Iowa,32,20,True,False,True,Big Ten,Big Ten,fbs,fbs,
8,regular,2024-10-19 23:30:00+00:00,Texas,Georgia,15,30,True,False,True,SEC,SEC,fbs,fbs,
8,regular,2024-10-19 23:30:00+00:00,Iowa State,UCF,38,35,True,False,True,Big 12,Big 12,fbs,fbs,
8,regular,2024-10-19 23:30:00+00:00,West Virginia,Kansas State,18,45,True,False,True,Big 12,Big 12,fbs,fbs,
8,regular,2024-10-19 23:45:00+00:00,Florida,Kentucky,48,20,True,False,True,SEC,SEC,fbs,fbs,
8,regular,2024-10-20 00:00:00+00:00,Midwestern State,Angelo State,7,44,True,False,True,Lone Star,Lone Star,ii,ii,
8,regular,2024-10-20 00:00:00+00:00,North Dakota State,South Dakota State,13,9,True,False,True,MVFC,MVFC,fcs,fcs,
8,regular,2024-10-20 00:00:00+00:00,Sul Ross State,Western New Mexico,34,20,True,False,True,Lone Star,Lone Star,ii,ii,
8,regular,2024-10-20 00:00:00+00:00,Texas A&M-Kingsville,Central Washington,0,31,True,False,True,Lone Star,Lone Star,ii,ii,
8,regular,2024-10-20 00:00:00+00:00,Air Force,Colorado State,13,21,True,False,True,Mountain West,Mountain West,fbs,fbs,
8,regular,2024-10-20 00:00:00+00:00,Stanford,SMU,10,40,True,False,True,ACC,ACC,fbs,fbs,
8,regular,2024-10-20 00:00:00+00:00,Ouachita Baptist,Harding,17,13,True,False,True,Great American,Great American,ii,ii,
8,regular,2024-10-20 01:00:00+00:00,Sacramento State,Weber State,51,48,True,False,True,Big Sky,Big Sky,fcs,fcs,
8,regular,2024-10-20 02:00:00+00:00,Oregon State,UNLV,25,33,True,False,False,Pac-12,Mountain West,fbs,fbs,
8,regular,2024-10-20 02:00:00+00:00,Chapman,Pomona Pitzer,17,21,True,False,True,So. Cal.,So. Cal.,iii,iii,
8,regular,2024-10-20 02:00:00+00:00,Cal Lutheran,Redlands,15,17,True,False,True,So. Cal.,So. Cal.,iii,iii,
8,regular,2024-10-20 02:30:00+00:00,Utah,TCU,7,13,True,False,True,Big 12,Big 12,fbs,fbs,
9,regular,2024-10-22 23:30:00+00:00,Florida International,Sam Houston,7,10,True,True,True,Conference USA,Conference USA,fbs,fbs,
9,regular,2024-10-23 00:00:00+00:00,Louisiana Tech,UTEP,14,10,True,False,True,Conference USA,Conference USA,fbs,fbs,
9,regular,2024-10-23 23:00:00+00:00,Kennesaw State,Liberty,27,24,True,False,True,Conference USA,Conference USA,fbs,fbs,
9,regular,2024-10-23 23:30:00+00:00,Jacksonville State,Middle Tennessee,42,20,True,False,True,Conference USA,Conference USA,fbs,fbs,
9,regular,2024-10-24 23:00:00+00:00,Old Dominion,Georgia Southern,47,19,True,False,True,Sun Belt,Sun Belt,fbs,fbs,
9,regular,2024-10-24 23:30:00+00:00,Pittsburgh,Syracuse,41,13,True,False,True,ACC,ACC,fbs,fbs,
9,regular,2024-10-25 23:00:00+00:00,Pennsylvania,Yale,10,31,True,False,True,Ivy,Ivy,fcs,fcs,
9,regular,2024-10-25 23:00:00+00:00,Charleston (WV),Fairmont State,50,30,True,False,True,Mountain East,Mountain East,ii,ii,
9,regular,2024-10-25 23:30:00+00:00,Boston College,Louisville,27,31,True,False,True,ACC,ACC,fbs,fbs,
9,regular,2024-10-26 02:30:00+00:00,UNLV,Boise State,24,29,True,False,True,Mountain West,Mountain West,fbs,fbs,
9,regular,2024-10-26 03:00:00+00:00,USC,Rutgers,42,20,True,False,True,Big Ten,Big Ten,fbs,fbs,
9,regular,2024-10-26 16:00:00+00:00,Wilkes,Susquehanna,21,48,True,False,True,Landmark Conference,Landmark Conference,iii,iii,
9,regular,2024-10-26 16:00:00+00:00,Indiana,Washington,31,17,True,False,True,Big Ten,Big Ten,fbs,fbs,
9,regular,2024-10-26 16:00:00+00:00,Memphis,Charlotte,33,28,True,False,True,American Athletic,American Athletic,fbs,fbs,
9,regular,2024-10-26 16:00:00+00:00,Tiffin,Lake Erie,63,10,True,False,True,Great Midwest Athletic,Great Midwest Athletic,ii,ii,
9,regular,2024-10-26 16:00:00+00:00,Buffalo State,Ithaca,14,49,True,False,True,Liberty League,Liberty League,iii,iii,
9,regular,2024-10-26 16:00:00+00:00,Lehigh,Fordham,33,19,True,False,True,Patriot,Patriot,fcs,fcs,
9,regular,2024-10-26 16:00:00+00:00,Assumption,New Haven,19,14,True,False,True,Northeast 10,Northeast 10,ii,ii,
9,regular,2024-10-26 16:00:00+00:00,Navy,Notre Dame,14,51,True,True,False,American Athletic,FBS Independents,fbs,fbs,
9,regular,2024-10-26 16:00:00+00:00,Sacred Heart,Mercyhurst,31,14,True,False,False,FCS Independents,NEC,fcs,fcs,
9,regular,2024-10-26 16:00:00+00:00,Framingham State,Mass Maritime,6,21,True,False,True,MSCAC,MSCAC,iii,iii,
9,regular,2024-10-26 16:00:00+00:00,Edinboro,Gannon,21,25,True,False,True,Pennsylvania State Athletic,Pennsylvania State Athletic,ii,ii,
9,regular,2024-10-26 16:00:00+00:00,Ohio State,Nebraska,21,17,True,False,True,Big Ten,Big Ten,fbs,fbs,
9,regular,2024-10-26 16:00:00+00:00,Eastern,Stevenson,24,14,True,True,True,Mid Atlantic,Mid Atlantic,iii,iii,
9,regular,2024-10-26 16:00:00+00:00,Otterbein,Capital,39,10,True,False,True,Ohio,Ohio,iii,iii,
9,regular,2024-10-26 16:00:00+00:00,Oberlin,Wooster,21,46,True,False,True,North Coast,North Coast,iii,iii,
9,regular,2024-10-26 16:00:00+00:00,Norwich,Coast Guard,13,17,True,False,True,NEWMAC,NEWMAC,iii,iii,
9,regular,2024-10-26 16:00:00+00:00,Shenandoah,Guilford,42,10,True,False,True,Old Dominion,Old Dominion,iii,iii,
9,regular,2024-10-26 16:00:00+00:00,Ohio Wesleyan,Hiram,41,14,True,False,True,North Coast,North Coast,iii,iii,
9,regular,2024-10-26 16:00:00+00:00,Thomas More,Findlay,17,34,True,True,True,Great Midwest Athletic,Great Midwest Athletic,ii,ii,
9,regular,2024-10-26 16:00:00+00:00,Salve Regina,Springfield,7,31,True,False,True,NEWMAC,NEWMAC,iii,iii,
9,regular,2024-10-26 16:00:00+00:00,Hartwick,Hilbert,36,21,True,False,True,Empire 8,Empire 8,iii,iii,
9,regular,2024-10-26 16:00:00+00:00,Plymouth State,Westfield State,35,7,True,False,True,MSCAC,MSCAC,iii,iii,
9,regular,2024-10-26 16:00:00+00:00,Bryant,Richmond,14,41,True,False,True,Coastal Athletic,Coastal Athletic,fcs,fcs,
9,regular,2024-10-26 16:00:00+00:00,Marist,Valparaiso,14,17,True,False,True,Pioneer,Pioneer,fcs,fcs,
9,regular,2024-10-26 16:00:00+00:00,Delaware Valley,Albright,28,0,True,False,True,Mid Atlantic,Mid Atlantic,iii,iii,
9,regular,2024-10-26 16:00:00+00:00,FDU Florham,King's,35,42,True,False,True,Mid Atlantic,Mid Atlantic,iii,iii,
9,regular,2024-10-26 16:00:00+00:00,Virginia Tech,Georgia Tech,21,6,True,False,True,ACC,ACC,fbs,fbs,
9,regular,2024-10-26 16:00:00+00:00,Bluffton,Rose Hulman,10,52,True,False,True,Heartland,Heartland,iii,iii,
9,regular,2024-10-26 16:00:00+00:00,California (PA),IU Pennsylvania,16,13,True,False,True,Pennsylvania State Athletic,Pennsylvania State Athletic,ii,ii,
9,regular,2024-10-26 16:00:00+00:00,Ole Miss,Oklahoma,26,14,True,False,True,SEC,SEC,fbs,fbs,
9,regular,2024-10-26 16:00:00+00:00,Hamilton,Colby,13,16,True,False,True,NESCAC,NESCAC,iii,iii,
9,regular,2024-10-26 16:00:00+00:00,Michigan Tech,Northern Michigan,39,9,True,False,True,GLIAC,GLIAC,ii,ii,
9,regular,2024-10-26 16:00:00+00:00,Anna Maria College,Alfred State,35,23,True,False,True,ECFC,ECFC,iii,iii,
9,regular,2024-10-26 16:00:00+00:00,Ohio,Buffalo,47,16,True,False,True,Mid-American,Mid-American,fbs,fbs,
9,regular,2024-10-26 16:00:00+00:00,Montclair State,William Paterson,39,6,True,False,True,New Jersey,New Jersey,iii,iii,
9,regular,2024-10-26 16:00:00+00:00,Virginia,North Carolina,14,41,True,False,True,ACC,ACC,fbs,fbs,
9,regular,2024-10-26 16:00:00+00:00,Merrimack,Colgate,51,17,True,False,False,FCS Independents,Patriot,fcs,fcs,
9,regular,2024-10-26 16:00:00+00:00,Ohio Dominican,Walsh,16,7,True,False,True,Great Midwest Athletic,Great Midwest Athletic,ii,ii,
9,regular,2024-10-26 16:00:00+00:00,Dayton,Morehead State,6,14,True,False,True,Pioneer,Pioneer,fcs,fcs,
9,regular,2024-10-26 16:00:00+00:00,MIT,SUNY Maritime,14,20,True,False,True,NEWMAC,NEWMAC,iii,iii,
9,regular,2024-10-26 16:00:00+00:00,Dean,Gallaudet,6,23,True,False,True,ECFC,ECFC,iii,iii,
9,regular,2024-10-26 16:00:00+00:00,Long Island University,Central Connecticut,24,21,True,True,True,NEC,NEC,fcs,fcs,
9,regular,2024-10-26 16:00:00+00:00,North Texas,Tulane,37,45,True,False,True,American Athletic,American Athletic,fbs,fbs,
9,regular,2024-10-26 16:00:00+00:00,Southwestern U,Centre,28,38,True,False,True,Southern Athletic,Southern Athletic,iii,iii,
9,regular,2024-10-26 16:00:00+00:00,Brown,Cornell,23,21,True,False,True,Ivy,Ivy,fcs,fcs,
9,regular,2024-10-26 16:00:00+00:00,Rochester (NY),St. Lawrence,21,0,True,False,True,Liberty League,Liberty League,iii,iii,
9,regular,2024-10-26 16:05:00+00:00,East Stroudsburg,Lock Haven,38,35,True,False,True,Pennsylvania State Athletic,Pennsylvania State Athletic,ii,ii,
9,regular,2024-10-26 16:45:00+00:00,Mississippi State,Arkansas,25,58,True,False,True,SEC,SEC,fbs,fbs,
9,regular,2024-10-26 17:00:00+00:00,Minnesota Morris,Greenville,27,42,True,False,True,Upper Midwest,Upper Midwest,iii,iii,
9,regular,2024-10-26 17:00:00+00:00,Western New England,Endicott,7,41,True,False,True,Commonwealth Coast,Commonwealth Coast,iii,iii,
9,regular,2024-10-26 17:00:00+00:00,St. Thomas (MN),San Diego,34,14,True,False,True,Pioneer,Pioneer,fcs,fcs,
9,regular,2024-10-26 17:00:00+00:00,Post,Bentley,28,61,True,True,True,Northeast 10,Northeast 10,ii,ii,
9,regular,2024-10-26 17:00:00+00:00,Alma,Olivet,67,14,True,False,True,Michigan,Michigan,iii,iii,
9,regular,2024-10-26 17:00:00+00:00,Concordia Chicago,Wisconsin Lutheran,14,49,True,False,True,NACC,NACC,iii,iii,
9,regular,2024-10-26 17:00:00+00:00,Southern Virginia,North Carolina Wesleyan,31,34,True,False,True,USA South,USA South,iii,iii,
9,regular,2024-10-26 17:00:00+00:00,Rhode Island,Maine,24,14,True,False,True,Coastal Athletic,Coastal Athletic,fcs,fcs,
9,regular,2024-10-26 17:00:00+00:00,Emory & Henry,Carson Newman,17,10,True,False,True,South Atlantic,South Atlantic,ii,ii,
9,regular,2024-10-26 17:00:00+00:00,Minnesota Duluth,Minot State,35,21,True,False,True,Northern Sun,Northern Sun,ii,ii,
9,regular,2024-10-26 17:00:00+00:00,Monmouth,Towson,14,26,True,False,True,Coastal Athletic,Coastal Athletic,fcs,fcs,
9,regular,2024-10-26 17:00:00+00:00,Glenville State,West Liberty,37,14,True,False,True,Mountain East,Mountain East,ii,ii,
9,regular,2024-10-26 17:00:00+00:00,App State,Georgia State,33,26,True,False,True,Sun Belt,Sun Belt,fbs,fbs,
9,regular,2024-10-26 17:00:00+00:00,Southern Connecticut State,Franklin Pierce,24,35,True,False,True,Northeast 10,Northeast 10,ii,ii,
9,regular,2024-10-26 17:00:00+00:00,Lenoir Rhyne,Limestone,21,19,True,False,True,South Atlantic,South Atlantic,ii,ii,
9,regular,2024-10-26 17:00:00+00:00,Minnesota St Moorhead,Southwest Minnesota State,38,6,True,False,True,Northern Sun,Northern Sun,ii,ii,
9,regular,2024-10-26 17:00:00+00:00,Trine,Calvin,35,30,True,False,True,Michigan,Michigan,iii,iii,
9,regular,2024-10-26 17:00:00+00:00,Indiana State,Southern Illinois,20,17,True,False,True,MVFC,MVFC,fcs,fcs,
9,regular,2024-10-26 17:00:00+00:00,Amherst,Wesleyan (CT),14,31,True,False,True,NESCAC,NESCAC,iii,iii,
9,regular,2024-10-26 17:00:00+00:00,Bates,Middlebury,21,20,True,False,True,NESCAC,NESCAC,iii,iii,
9,regular,2024-10-26 17:00:00+00:00,Stonehill,Duquesne,34,48,True,False,True,NEC,NEC,fcs,fcs,
9,regular,2024-10-26 17:00:00+00:00,Albion,Kalamazoo,28,23,True,False,True,Michigan,Michigan,iii,iii,
9,regular,2024-10-26 17:00:00+00:00,Upper Iowa,Indianapolis,13,40,True,False,True,Great Lakes,Great Lakes,ii,ii,
9,regular,2024-10-26 17:00:00+00:00,Wayne State (NE),Sioux Falls,13,23,True,False,True,Northern Sun,Northern Sun,ii,ii,
9,regular,2024-10-26 17:00:00+00:00,Concordia St. Paul,Northern State,34,35,True,False,True,Northern Sun,Northern Sun,ii,ii,
9,regular,2024-10-26 17:00:00+00:00,Ashland,Northwood,9,7,True,False,True,Great Midwest Athletic,Great Midwest Athletic,ii,ii,
9,regular,2024-10-26 17:00:00+00:00,Muhlenberg,Dickinson,49,20,True,False,True,Centennial,Centennial,iii,iii,
9,regular,2024-10-26 17:00:00+00:00,Augsburg,St. Olaf,35,34,True,False,True,Minnesota,Minnesota,iii,iii,
9,regular,2024-10-26 17:00:00+00:00,Elizabeth City State,Lincoln (PA),20,21,True,False,True,CIAA,CIAA,ii,ii,
9,regular,2024-10-26 17:00:00+00:00,Hampden Sydney,Averett,42,21,True,False,True,Old Dominion,Old Dominion,iii,iii,
9,regular,2024-10-26 17:00:00+00:00,Frostburg State,Wheeling,25,26,True,False,True,Mountain East,Mountain East,ii,ii,
9,regular,2024-10-26 17:00:00+00:00,Misericordia,Lebanon Valley,9,20,True,False,True,Mid Atlantic,Mid Atlantic,iii,iii,
9,regular,2024-10-26 17:00:00+00:00,DePauw,Wittenberg,44,10,True,False,True,North Coast,North Coast,iii,iii,
9,regular,2024-10-26 17:00:00+00:00,Kentucky State,Allen,23,20,True,False,True,SIAC,SIAC,ii,ii,
9,regular,2024-10-26 17:00:00+00:00,Wabash,Kenyon,38,0,True,False,True,North Coast,North Coast,iii,iii,
9,regular,2024-10-26 17:00:00+00:00,Bowie State,Virginia Union,28,56,True,False,True,CIAA,CIAA,ii,ii,
9,regular,2024-10-26 17:00:00+00:00,Central State,Tuskegee,14,30,True,False,True,SIAC,SIAC,ii,ii,
9,regular,2024-10-26 17:00:00+00:00,Winston-Salem State,Johnson C. Smith,15,24,True,False,True,CIAA,CIAA,ii,ii,
9,regular,2024-10-26 17:00:00+00:00,SUNY Cortland,St. John Fisher,49,0,True,False,True,Empire 8,Empire 8,iii,iii,
9,regular,2024-10-26 17:00:00+00:00,Maryville (TN),Methodist,48,6,True,False,True,USA South,USA South,iii,iii,
9,regular,2024-10-26 17:00:00+00:00,Nichols,New England,30,51,True,False,True,Commonwealth Coast,Commonwealth Coast,iii,iii,
9,regular,2024-10-26 17:00:00+00:00,Illinois College,Lawrence,84,0,True,False,True,Midwest,Midwest,iii,iii,
9,regular,2024-10-26 17:00:00+00:00,Kean,Christopher Newport,21,32,True,False,True,New Jersey,New Jersey,iii,iii,
9,regular,2024-10-26 17:00:00+00:00,Grove City,Thiel,59,7,True,False,True,Presidents',Presidents',iii,iii,
9,regular,2024-10-26 17:00:00+00:00,Widener,Alvernia,34,24,True,False,True,Mid Atlantic,Mid Atlantic,iii,iii,
9,regular,2024-10-26 17:00:00+00:00,Saint Vincent,Carnegie Mellon,7,69,True,False,True,Presidents',Presidents',iii,iii,
9,regular,2024-10-26 17:00:00+00:00,Washington & Jefferson,Bethany (WV),48,7,True,False,True,Presidents',Presidents',iii,iii,
9,regular,2024-10-26 17:00:00+00:00,Randolph Macon,Bridgewater,49,16,True,False,True,Old Dominion,Old Dominion,iii,iii,
9,regular,2024-10-26 17:00:00+00:00,Lycoming,Keystone,31,28,True,False,True,Landmark Conference,Landmark Conference,iii,iii,
9,regular,2024-10-26 17:00:00+00:00,Davidson,Butler,38,48,True,False,True,Pioneer,Pioneer,fcs,fcs,
9,regular,2024-10-26 17:00:00+00:00,Salisbury,Rowan,42,35,True,False,True,New Jersey,New Jersey,iii,iii,
9,regular,2024-10-26 17:00:00+00:00,Franklin & Marshall,McDaniel,24,0,True,False,True,Centennial,Centennial,iii,iii,
9,regular,2024-10-26 17:00:00+00:00,LaGrange,Greensboro,52,16,True,False,True,USA South,USA South,iii,iii,
9,regular,2024-10-26 17:00:00+00:00,North Greenville,Delta State,47,45,True,False,True,Gulf South,Gulf South,ii,ii,
9,regular,2024-10-26 17:00:00+00:00,Pace,American International,7,14,True,False,True,Northeast 10,Northeast 10,ii,ii,
9,regular,2024-10-26 17:00:00+00:00,Ursinus,Johns Hopkins,7,16,True,False,True,Centennial,Centennial,iii,iii,
9,regular,2024-10-26 17:00:00+00:00,Stetson,Presbyterian,14,42,True,False,True,Pioneer,Pioneer,fcs,fcs,
9,regular,2024-10-26 17:00:00+00:00,Hobart,Union,27,0,True,False,True,Liberty League,Liberty League,iii,iii,
9,regular,2024-10-26 17:00:00+00:00,Gettysburg,The College of New Jersey,31,41,True,False,False,Centennial,New Jersey,iii,iii,
9,regular,2024-10-26 17:00:00+00:00,Utica,Alfred,34,38,True,False,True,Empire 8,Empire 8,iii,iii,
9,regular,2024-10-26 17:00:00+00:00,Kentucky Wesleyan,Hillsdale,7,41,True,False,True,Great Midwest Athletic,Great Midwest Athletic,ii,ii,
9,regular,2024-10-26 17:00:00+00:00,Wayne State (MI),Saginaw Valley State,10,37,True,False,True,GLIAC,GLIAC,ii,ii,
9,regular,2024-10-26 17:00:00+00:00,Tusculum,Anderson (SC),30,28,True,False,True,South Atlantic,South Atlantic,ii,ii,
9,regular,2024-10-26 17:30:00+00:00,Trinity (CT),Bowdoin,34,14,True,False,True,NESCAC,NESCAC,iii,iii,
9,regular,2024-10-26 17:30:00+00:00,Lafayette,Holy Cross,28,34,True,False,True,Patriot,Patriot,fcs,fcs,
9,regular,2024-10-26 17:30:00+00:00,Manchester,Hanover,7,55,True,False,True,Heartland,Heartland,iii,iii,
9,regular,2024-10-26 17:30:00+00:00,Ohio Northern,Mount Union,13,42,True,False,True,Ohio,Ohio,iii,iii,
9,regular,2024-10-26 17:30:00+00:00,Moravian,Juniata,35,13,True,False,True,Landmark Conference,Landmark Conference,iii,iii,
9,regular,2024-10-26 17:30:00+00:00,Franklin,Mount St Joseph,43,46,True,False,True,Heartland,Heartland,iii,iii,
9,regular,2024-10-26 17:30:00+00:00,Heidelberg,Muskingum,52,24,True,False,True,Ohio,Ohio,iii,iii,
9,regular,2024-10-26 17:30:00+00:00,Williams,Tufts,24,27,True,False,True,NESCAC,NESCAC,iii,iii,
9,regular,2024-10-26 17:30:00+00:00,Columbia,Dartmouth,21,24,True,False,True,Ivy,Ivy,fcs,fcs,
9,regular,2024-10-26 17:30:00+00:00,Wilmington (OH),John Carroll,14,66,True,False,True,Ohio,Ohio,iii,iii,
9,regular,2024-10-26 18:00:00+00:00,Kutztown,Shepherd,24,0,True,False,True,Pennsylvania State Athletic,Pennsylvania State Athletic,ii,ii,
9,regular,2024-10-26 18:00:00+00:00,Norfolk State,Howard,21,20,True,False,True,MEAC,MEAC,fcs,fcs,
9,regular,2024-10-26 18:00:00+00:00,Robert Morris,Saint Francis,17,0,True,False,True,NEC,NEC,fcs,fcs,
9,regular,2024-10-26 18:00:00+00:00,Monmouth (IL),Beloit,55,3,True,False,True,Midwest,Midwest,iii,iii,
9,regular,2024-10-26 18:00:00+00:00,Miami (OH),Central Michigan,46,7,True,False,True,Mid-American,Mid-American,fbs,fbs,
9,regular,2024-10-26 18:00:00+00:00,Saint John's (MN),Gustavus Adolphus,34,0,True,False,True,Minnesota,Minnesota,iii,iii,
9,regular,2024-10-26 18:00:00+00:00,Roosevelt,Davenport,14,19,True,True,True,GLIAC,GLIAC,ii,ii,
9,regular,2024-10-26 18:00:00+00:00,Hampton,Elon,41,21,True,False,True,Coastal Athletic,Coastal Athletic,fcs,fcs,
9,regular,2024-10-26 18:00:00+00:00,Benedict,Miles,14,26,True,False,True,SIAC,SIAC,ii,ii,
9,regular,2024-10-26 18:00:00+00:00,Knox,Grinnell,14,21,True,False,True,Midwest,Midwest,iii,iii,
9,regular,2024-10-26 18:00:00+00:00,Macalester,Concordia (MN),7,44,True,False,True,Minnesota,Minnesota,iii,iii,
9,regular,2024-10-26 18:00:00+00:00,St. Scholastica,Carleton,14,35,True,False,True,Minnesota,Minnesota,iii,iii,
9,regular,2024-10-26 18:00:00+00:00,West Chester,Millersville,41,23,True,False,True,Pennsylvania State Athletic,Pennsylvania State Athletic,ii,ii,
9,regular,2024-10-26 18:00:00+00:00,UVA Wise,Mars Hill,17,31,True,False,True,South Atlantic,South Atlantic,ii,ii,
9,regular,2024-10-26 18:00:00+00:00,Morehouse,Fort Valley State,20,42,True,False,True,SIAC,SIAC,ii,ii,
9,regular,2024-10-26 18:00:00+00:00,Huntingdon,Brevard,21,25,True,False,True,USA South,USA South,iii,iii,
9,regular,2024-10-26 18:00:00+00:00,Ferrum,Washington and Lee,0,34,True,False,True,Old Dominion,Old Dominion,iii,iii,
9,regular,2024-10-26 18:00:00+00:00,Eureka,Benedictine (IL),0,42,True,False,True,NACC,NACC,iii,iii,
9,regular,2024-10-26 18:00:00+00:00,Brockport,SUNY Morrisville,24,0,True,False,True,Empire 8,Empire 8,iii,iii,
9,regular,2024-10-26 18:00:00+00:00,Murray State,North Dakota State,6,59,True,False,True,MVFC,MVFC,fcs,fcs,
9,regular,2024-10-26 18:00:00+00:00,Marietta,Baldwin Wallace,47,7,True,False,True,Ohio,Ohio,iii,iii,
9,regular,2024-10-26 18:00:00+00:00,Trinity (TX),Berry,38,35,True,False,True,Southern Athletic,Southern Athletic,iii,iii,
9,regular,2024-10-26 18:00:00+00:00,Sewanee,Rhodes,31,7,True,False,True,Southern Athletic,Southern Athletic,iii,iii,
9,regular,2024-10-26 18:00:00+00:00,Southern Utah,West Georgia,28,17,True,False,True,UAC,UAC,fcs,fcs,
9,regular,2024-10-26 18:00:00+00:00,Wofford,East Tennessee State,7,24,True,False,True,Southern,Southern,fcs,fcs,
9,regular,2024-10-26 18:00:00+00:00,The Citadel,Samford,28,11,True,False,True,Southern,Southern,fcs,fcs,
9,regular,2024-10-26 18:00:00+00:00,Hamline,Bethel (MN),0,70,True,False,True,Minnesota,Minnesota,iii,iii,
9,regular,2024-10-26 18:00:00+00:00,East Carolina,Temple,56,34,True,False,True,American Athletic,American Athletic,fbs,fbs,
9,regular,2024-10-26 18:00:00+00:00,Washington St. Louis,Wheaton (IL),20,27,True,False,True,CCIW,CCIW,iii,iii,
9,regular,2024-10-26 18:00:00+00:00,Lake Forest,Ripon,66,0,True,False,True,Midwest,Midwest,iii,iii,
9,regular,2024-10-26 18:00:00+00:00,Rockford,Concordia (WI),35,42,True,False,True,NACC,NACC,iii,iii,
9,regular,2024-10-26 18:00:00+00:00,Elmhurst,Carroll (WI),14,45,True,False,True,CCIW,CCIW,iii,iii,
9,regular,2024-10-26 18:00:00+00:00,Wisconsin Stout,Wisconsin Eau Claire,42,24,True,False,True,Wisconsin,Wisconsin,iii,iii,
9,regular,2024-10-26 18:00:00+00:00,Luther,Nebraska Wesleyan,14,40,True,False,True,American Rivers,American Rivers,iii,iii,
9,regular,2024-10-26 18:00:00+00:00,Augustana (IL),North Central College,10,49,True,False,True,CCIW,CCIW,iii,iii,
9,regular,2024-10-26 18:00:00+00:00,Hope,Adrian,45,0,True,False,True,Michigan,Michigan,iii,iii,
9,regular,2024-10-26 18:00:00+00:00,Winona State,Bemidji State,31,28,True,False,True,Northern Sun,Northern Sun,ii,ii,
9,regular,2024-10-26 18:00:00+00:00,Millikin,Carthage,20,24,True,False,True,CCIW,CCIW,iii,iii,
9,regular,2024-10-26 18:00:00+00:00,Dubuque,Central College,21,38,True,False,True,American Rivers,American Rivers,iii,iii,
9,regular,2024-10-26 18:00:00+00:00,Western New Mexico,Eastern New Mexico,34,41,True,False,True,Lone Star,Lone Star,ii,ii,
9,regular,2024-10-26 18:00:00+00:00,Albany State,Edward Waters,42,34,True,False,True,SIAC,SIAC,ii,ii,
9,regular,2024-10-26 18:00:00+00:00,Georgetown,Bucknell,21,20,True,False,True,Patriot,Patriot,fcs,fcs,
9,regular,2024-10-26 18:00:00+00:00,Simpson (IA),Buena Vista,24,16,True,False,True,American Rivers,American Rivers,iii,iii,
9,regular,2024-10-26 18:00:00+00:00,Minnesota State,Augustana (SD),16,34,True,False,True,Northern Sun,Northern Sun,ii,ii,
9,regular,2024-10-26 18:00:00+00:00,Missouri S&T,Lincoln (MO),63,21,True,False,True,Great Lakes,Great Lakes,ii,ii,
9,regular,2024-10-26 18:00:00+00:00,Southwest Baptist,William Jewell,27,28,True,False,True,Great Lakes,Great Lakes,ii,ii,
9,regular,2024-10-26 18:00:00+00:00,Hardin Simmons,East Texas Baptist,38,22,True,False,True,American Southwest,American Southwest,iii,iii,
9,regular,2024-10-26 18:00:00+00:00,Coe,Wartburg,7,14,True,False,True,American Rivers,American Rivers,iii,iii,
9,regular,2024-10-26 18:00:00+00:00,Wisconsin Platteville,Wisconsin Whitewater,17,10,True,False,True,Wisconsin,Wisconsin,iii,iii,
9,regular,2024-10-26 18:00:00+00:00,Wisconsin Stevens Point,Wisconsin Oshkosh,7,42,True,False,True,Wisconsin,Wisconsin,iii,iii,
9,regular,2024-10-26 18:00:00+00:00,Wisconsin La Crosse,Wisconsin River Falls,28,24,True,False,True,Wisconsin,Wisconsin,iii,iii,
9,regular,2024-10-26 18:00:00+00:00,Lakeland,Aurora,14,49,True,False,True,NACC,NACC,iii,iii,
9,regular,2024-10-26 18:00:00+00:00,Henderson State,Arkansas Monticello,42,7,True,False,True,Great American,Great American,ii,ii,
9,regular,2024-10-26 18:00:00+00:00,Bloomsburg,Shippensburg,20,10,True,False,True,Pennsylvania State Athletic,Pennsylvania State Athletic,ii,ii,
9,regular,2024-10-26 18:00:00+00:00,Martin Luther,Westminster (MO),46,14,True,False,True,Upper Midwest,Upper Midwest,iii,iii,
9,regular,2024-10-26 18:00:00+00:00,Fort Hays,Missouri Southern State,53,9,True,False,True,Mid America,Mid America,ii,ii,
9,regular,2024-10-26 18:00:00+00:00,North Park,Illinois Wesleyan,28,24,True,False,True,CCIW,CCIW,iii,iii,
9,regular,2024-10-26 18:00:00+00:00,Colorado School of Mines,Western Colorado,28,38,True,False,True,Rocky Mountain,Rocky Mountain,ii,ii,
9,regular,2024-10-26 18:30:00+00:00,Curry,Husson,34,35,True,False,True,Commonwealth Coast,Commonwealth Coast,iii,iii,
9,regular,2024-10-26 18:30:00+00:00,Tennessee Tech,Charleston Southern,28,23,True,False,True,Big South-OVC,Big South-OVC,fcs,fcs,
9,regular,2024-10-26 18:30:00+00:00,Fayetteville State,Shaw,35,38,True,False,True,CIAA,CIAA,ii,ii,
9,regular,2024-10-26 18:30:00+00:00,WPI,Merchant Marine,35,24,True,False,True,NEWMAC,NEWMAC,iii,iii,
9,regular,2024-10-26 18:30:00+00:00,Central Missouri,Washburn,31,28,True,False,True,Mid America,Mid America,ii,ii,
9,regular,2024-10-26 19:00:00+00:00,Southern Nazarene,East Central,30,31,True,False,True,Great American,Great American,ii,ii,
9,regular,2024-10-26 19:00:00+00:00,Millsaps,Hendrix,27,26,True,False,True,Southern Athletic,Southern Athletic,iii,iii,
9,regular,2024-10-26 19:00:00+00:00,Northern Colorado,Montana,0,24,True,False,True,Big Sky,Big Sky,fcs,fcs,
9,regular,2024-10-26 19:00:00+00:00,Southeast Missouri State,Gardner-Webb,30,24,True,False,True,Big South-OVC,Big South-OVC,fcs,fcs,
9,regular,2024-10-26 19:00:00+00:00,Arkansas-Pine Bluff,Mississippi Valley State,35,21,True,False,True,SWAC,SWAC,fcs,fcs,
9,regular,2024-10-26 19:00:00+00:00,Savannah State,Lane College,27,28,True,False,True,SIAC,SIAC,ii,ii,
9,regular,2024-10-26 19:00:00+00:00,West Alabama,Chowan,38,0,True,False,True,Gulf South,Gulf South,ii,ii,
9,regular,2024-10-26 19:00:00+00:00,Northwestern State,Lamar,10,42,True,False,True,Southland,Southland,fcs,fcs,
9,regular,2024-10-26 19:00:00+00:00,Delaware,UAlbany,28,14,True,False,True,CAA,Coastal Athletic,fcs,fcs,
9,regular,2024-10-26 19:00:00+00:00,Arkansas Tech,Ouachita Baptist,7,38,True,False,True,Great American,Great American,ii,ii,
9,regular,2024-10-26 19:00:00+00:00,Wingate,Catawba,24,15,True,False,True,South Atlantic,South Atlantic,ii,ii,
9,regular,2024-10-26 19:00:00+00:00,UT Martin,Eastern Illinois,52,17,True,False,True,Big South-OVC,Big South-OVC,fcs,fcs,
9,regular,2024-10-26 19:00:00+00:00,Prairie View A&M,East Texas A&M,34,27,True,False,False,SWAC,Southland,fcs,fcs,
9,regular,2024-10-26 19:00:00+00:00,Central Oklahoma,Pittsburg State,21,35,True,False,True,Mid America,Mid America,ii,ii,
9,regular,2024-10-26 19:00:00+00:00,Eastern Kentucky,Utah Tech,28,17,True,False,True,UAC,UAC,fcs,fcs,
9,regular,2024-10-26 19:00:00+00:00,Nebraska Kearney,Emporia State,35,42,True,False,True,Mid America,Mid America,ii,ii,
9,regular,2024-10-26 19:00:00+00:00,Harvard,Princeton,45,13,True,False,True,Ivy,Ivy,fcs,fcs,
9,regular,2024-10-26 19:00:00+00:00,Southwestern Oklahoma State,Southeastern Oklahoma State,15,30,True,False,True,Great American,Great American,ii,ii,
9,regular,2024-10-26 19:00:00+00:00,Lindenwood,Western Illinois,49,38,True,False,True,Big South-OVC,Big South-OVC,fcs,fcs,
9,regular,2024-10-26 19:00:00+00:00,Fitchburg State,Vermont State Castleton,26,6,True,False,True,MSCAC,MSCAC,iii,iii,
9,regular,2024-10-26 19:00:00+00:00,Truman State,McKendree,21,28,True,False,True,Great Lakes,Great Lakes,ii,ii,
9,regular,2024-10-26 19:00:00+00:00,Bethune-Cookman,Jackson State,17,37,True,False,True,SWAC,SWAC,fcs,fcs,
9,regular,2024-10-26 19:00:00+00:00,Grand Valley State,Ferris State,7,34,True,False,True,GLIAC,GLIAC,ii,ii,
9,regular,2024-10-26 19:00:00+00:00,Northwestern (OK),Oklahoma Baptist,30,28,True,False,True,Great American,Great American,ii,ii,
9,regular,2024-10-26 19:00:00+00:00,Chicago,Cornell (IA),33,14,True,False,True,Midwest,Midwest,iii,iii,
9,regular,2024-10-26 19:30:00+00:00,Massachusetts,Wagner,35,7,True,False,False,FBS Independents,NEC,fbs,fcs,
9,regular,2024-10-26 19:30:00+00:00,Mercer,Western Carolina,44,34,True,False,True,Southern,Southern,fcs,fcs,
9,regular,2024-10-26 19:30:00+00:00,Iowa,Northwestern,40,14,True,False,True,Big Ten,Big Ten,fbs,fbs,
9,regular,2024-10-26 19:30:00+00:00,Stony Brook,William & Mary,35,13,True,False,True,Coastal Athletic,Coastal Athletic,fcs,fcs,
9,regular,2024-10-26 19:30:00+00:00,UConn,Rice,17,10,True,False,False,FBS Independents,American Athletic,fbs,fbs,
9,regular,2024-10-26 19:30:00+00:00,Tulsa,UTSA,46,45,True,False,True,American Athletic,American Athletic,fbs,fbs,
9,regular,2024-10-26 19:30:00+00:00,Minnesota,Maryland,48,23,True,False,True,Big Ten,Big Ten,fbs,fbs,
9,regular,2024-10-26 19:30:00+00:00,Alabama,Missouri,34,0,True,False,True,SEC,SEC,fbs,fbs,
9,regular,2024-10-26 19:30:00+00:00,North Carolina Central,Morgan State,16,7,True,False,True,MEAC,MEAC,fcs,fcs,
9,regular,2024-10-26 19:30:00+00:00,UCF,BYU,24,37,True,False,True,Big 12,Big 12,fbs,fbs,
9,regular,2024-10-26 19:30:00+00:00,TCU,Texas Tech,35,34,True,False,True,Big 12,Big 12,fbs,fbs,
9,regular,2024-10-26 19:30:00+00:00,Baylor,Oklahoma State,38,28,True,False,True,Big 12,Big 12,fbs,fbs,
9,regular,2024-10-26 19:30:00+00:00,Stanford,Wake Forest,24,27,True,False,True,ACC,ACC,fbs,fbs,
9,regular,2024-10-26 19:30:00+00:00,Western Michigan,Kent State,52,21,True,False,True,Mid-American,Mid-American,fbs,fbs,
9,regular,2024-10-26 19:30:00+00:00,Oregon,Illinois,38,9,True,False,True,Big Ten,Big Ten,fbs,fbs,
9,regular,2024-10-26 19:30:00+00:00,Villanova,New Hampshire,14,6,True,False,True,Coastal Athletic,Coastal Athletic,fcs,fcs,
9,regular,2024-10-26 19:30:00+00:00,James Madison,Southern Miss,32,15,True,False,True,Sun Belt,Sun Belt,fbs,fbs,
9,regular,2024-10-26 19:30:00+00:00,Akron,Eastern Michigan,25,21,True,False,True,Mid-American,Mid-American,fbs,fbs,
9,regular,2024-10-26 19:30:00+00:00,Ball State,Northern Illinois,25,23,True,False,True,Mid-American,Mid-American,fbs,fbs,
9,regular,2024-10-26 19:30:00+00:00,Toledo,Bowling Green,26,41,True,False,True,Mid-American,Mid-American,fbs,fbs,
9,regular,2024-10-26 19:30:00+00:00,South Carolina State,Delaware State,69,35,True,False,True,MEAC,MEAC,fcs,fcs,
9,regular,2024-10-26 19:30:00+00:00,Alabama A&M,Alabama State,19,27,True,True,True,SWAC,SWAC,fcs,fcs,
9,regular,2024-10-26 20:00:00+00:00,Western Connecticut State,Worcester State,61,7,True,False,True,MSCAC,MSCAC,iii,iii,
9,regular,2024-10-26 20:00:00+00:00,Nicholls,McNeese,24,19,True,False,True,Southland,Southland,fcs,fcs,
9,regular,2024-10-26 20:00:00+00:00,Linfield,Puget Sound,62,13,True,False,True,Northwest,Northwest,iii,iii,
9,regular,2024-10-26 20:00:00+00:00,Seton Hill,Clarion,31,16,True,False,True,Pennsylvania State Athletic,Pennsylvania State Athletic,ii,ii,
9,regular,2024-10-26 20:00:00+00:00,Chattanooga,VMI,31,10,True,False,True,Southern,Southern,fcs,fcs,
9,regular,2024-10-26 20:00:00+00:00,Willamette,George Fox,7,28,True,False,True,Northwest,Northwest,iii,iii,
9,regular,2024-10-26 20:00:00+00:00,Newberry,Barton,41,25,True,False,True,South Atlantic,South Atlantic,ii,ii,
9,regular,2024-10-26 20:00:00+00:00,Pacific (OR),Whitworth,32,39,True,False,True,Northwest,Northwest,iii,iii,
9,regular,2024-10-26 20:00:00+00:00,Fort Lewis,Colorado Mesa,0,49,True,False,True,Rocky Mountain,Rocky Mountain,ii,ii,
9,regular,2024-10-26 20:00:00+00:00,Austin Peay,Tarleton State,17,27,True,False,True,UAC,UAC,fcs,fcs,
9,regular,2024-10-26 20:00:00+00:00,Lewis & Clark,Pacific Lutheran,28,31,True,False,True,Northwest,Northwest,iii,iii,
9,regular,2024-10-26 20:00:00+00:00,Harding,Southern Arkansas,49,17,True,False,True,Great American,Great American,ii,ii,
9,regular,2024-10-26 20:00:00+00:00,UNC Pembroke,West Virginia State,62,17,True,False,True,Mountain East,Mountain East,ii,ii,
9,regular,2024-10-26 20:00:00+00:00,California,Oregon State,44,7,True,False,False,ACC,Pac-12,fbs,fbs,
9,regular,2024-10-26 20:00:00+00:00,Campbell,North Carolina A&T,21,7,True,False,True,Coastal Athletic,Coastal Athletic,fcs,fcs,
9,regular,2024-10-26 20:05:00+00:00,Western Oregon,Texas A&M-Kingsville,14,21,True,False,True,Lone Star,Lone Star,ii,ii,
9,regular,2024-10-26 20:15:00+00:00,Vanderbilt,Texas,24,27,True,False,True,SEC,SEC,fbs,fbs,
9,regular,2024-10-26 21:00:00+00:00,West Florida,Shorter,35,16,True,True,True,Gulf South,Gulf South,ii,ii,
9,regular,2024-10-26 21:00:00+00:00,Texas Lutheran,McMurry,28,6,True,False,True,Southern Collegiate Athletic,Southern Collegiate Athletic,iii,iii,
9,regular,2024-10-26 21:00:00+00:00,Colorado State,New Mexico,17,6,True,False,True,Mountain West,Mountain West,fbs,fbs,
9,regular,2024-10-26 21:00:00+00:00,Mississippi College,Erskine,42,7,True,False,True,Gulf South,Gulf South,ii,ii,
9,regular,2024-10-26 21:00:00+00:00,Northern Iowa,Missouri State,42,49,True,False,True,MVFC,MVFC,fcs,fcs,
9,regular,2024-10-26 21:00:00+00:00,South Alabama,UL Monroe,46,17,True,False,True,Sun Belt,Sun Belt,fbs,fbs,
9,regular,2024-10-26 21:00:00+00:00,Central Arkansas,North Alabama,24,19,True,False,True,UAC,UAC,fcs,fcs,
9,regular,2024-10-26 21:05:00+00:00,Allegheny,Waynesburg,41,44,True,False,True,Presidents',Presidents',iii,iii,
9,regular,2024-10-26 21:30:00+00:00,UMass Dartmouth,Bridgewater State,49,16,True,False,True,MSCAC,MSCAC,iii,iii,
9,regular,2024-10-26 22:00:00+00:00,Black Hills State,Chadron State,21,16,True,False,True,Rocky Mountain,Rocky Mountain,ii,ii,
9,regular,2024-10-26 22:00:00+00:00,Idaho State,Sacramento State,30,27,True,False,True,Big Sky,Big Sky,fcs,fcs,
9,regular,2024-10-26 22:00:00+00:00,Bluefield State,Virginia State,6,45,True,False,True,CIAA,CIAA,ii,ii,
9,regular,2024-10-26 22:00:00+00:00,West Virginia Wesleyan,Concord,31,33,True,False,True,Mountain East,Mountain East,ii,ii,
9,regular,2024-10-26 22:00:00+00:00,Youngstown State,North Dakota,41,40,True,False,True,MVFC,MVFC,fcs,fcs,
9,regular,2024-10-26 22:00:00+00:00,Crown,Northwestern (MN),10,24,True,False,True,Upper Midwest,Upper Midwest,iii,iii,
9,regular,2024-10-26 23:00:00+00:00,Arizona,West Virginia,26,31,True,False,True,Big 12,Big 12,fbs,fbs,
9,regular,2024-10-26 23:00:00+00:00,Florida A&M,Southern,24,6,True,False,True,SWAC,SWAC,fcs,fcs,
9,regular,2024-10-26 23:00:00+00:00,SE Louisiana,Incarnate Word,31,34,True,False,True,Southland,Southland,fcs,fcs,
9,regular,2024-10-26 23:00:00+00:00,Miami,Florida State,36,14,True,False,True,ACC,ACC,fbs,fbs,
9,regular,2024-10-26 23:00:00+00:00,Texas Southern,Grambling,24,17,True,False,True,SWAC,SWAC,fcs,fcs,
9,regular,2024-10-26 23:00:00+00:00,Arkansas State,Troy,34,31,True,False,True,Sun Belt,Sun Belt,fbs,fbs,
9,regular,2024-10-26 23:00:00+00:00,Centenary (LA),Austin,41,21,True,True,True,Southern Collegiate Athletic,Southern Collegiate Athletic,iii,iii,
9,regular,2024-10-26 23:00:00+00:00,Wyoming,Utah State,25,27,True,False,True,Mountain West,Mountain West,fbs,fbs,
9,regular,2024-10-26 23:00:00+00:00,Houston,Utah,17,14,True,False,True,Big 12,Big 12,fbs,fbs,
9,regular,2024-10-26 23:00:00+00:00,Stephen F. Austin,Houston Christian,55,6,True,False,True,Southland,Southland,fcs,fcs,
9,regular,2024-10-26 23:00:00+00:00,Northeastern State,Lincoln (CA),48,0,True,False,True,Independent DII,Independent DII,ii,ii,
9,regular,2024-10-26 23:00:00+00:00,Angelo State,Sul Ross State,57,10,True,False,True,Lone Star,Lone Star,ii,ii,
9,regular,2024-10-26 23:00:00+00:00,Westminster (PA),Case Western Reserve,17,14,True,False,True,Presidents',Presidents',iii,iii,
9,regular,2024-10-26 23:00:00+00:00,New Mexico Highlands,Adams State,44,27,True,False,True,Rocky Mountain,Rocky Mountain,ii,ii,
9,regular,2024-10-26 23:30:00+00:00,Wisconsin,Penn State,13,28,True,False,True,Big Ten,Big Ten,fbs,fbs,
9,regular,2024-10-26 23:30:00+00:00,Michigan,Michigan State,24,17,True,False,True,Big Ten,Big Ten,fbs,fbs,
9,regular,2024-10-26 23:30:00+00:00,South Dakota State,South Dakota,20,17,True,False,True,MVFC,MVFC,fcs,fcs,
9,regular,2024-10-26 23:30:00+00:00,Texas A&M,LSU,38,23,True,False,True,SEC,SEC,fbs,fbs,
9,regular,2024-10-26 23:45:00+00:00,Kentucky,Auburn,10,24,True,False,True,SEC,SEC,fbs,fbs,
9,regular,2024-10-27 00:00:00+00:00,West Texas,UT Permian Basin,7,21,True,False,True,Lone Star,Lone Star,ii,ii,
9,regular,2024-10-27 00:00:00+00:00,Duke,SMU,27,28,True,False,True,ACC,ACC,fbs,fbs,
9,regular,2024-10-27 00:00:00+00:00,Kansas State,Kansas,29,27,True,False,True,Big 12,Big 12,fbs,fbs,
9,regular,2024-10-27 00:00:00+00:00,Fresno State,San José State,33,10,True,False,True,Mountain West,Mountain West,fbs,fbs,
9,regular,2024-10-27 01:00:00+00:00,Central Washington,Midwestern State,42,21,True,False,True,Lone Star,Lone Star,ii,ii,
9,regular,2024-10-27 01:00:00+00:00,Idaho,Eastern Washington,38,28,True,False,True,Big Sky,Big Sky,fcs,fcs,
9,regular,2024-10-27 02:00:00+00:00,Cal Lutheran,Chapman,18,28,True,False,True,So. Cal.,So. Cal.,iii,iii,
9,regular,2024-10-27 02:00:00+00:00,Pomona Pitzer,La Verne,51,14,True,False,True,So. Cal.,So. Cal.,iii,iii,
9,regular,2024-10-27 02:00:00+00:00,Redlands,Claremont Mudd Scripps,10,17,True,False,True,So. Cal.,So. Cal.,iii,iii,
9,regular,2024-10-27 02:15:00+00:00,Colorado,Cincinnati,34,23,True,False,True,Big 12,Big 12,fbs,fbs,
9,regular,2024-10-27 02:30:00+00:00,San Diego State,Washington State,26,29,True,False,False,Mountain West,Pac-12,fbs,fbs,
9,regular,2024-10-27 03:59:00+00:00,Hawai'i,Nevada,34,13,True,False,True,Mountain West,Mountain West,fbs,fbs,
10,regular,2024-10-29 23:00:00+00:00,Florida International,New Mexico State,34,13,True,True,True,Conference USA,Conference USA,fbs,fbs,
10,regular,2024-10-29 23:30:00+00:00,Texas State,Louisiana,17,23,True,False,True,Sun Belt,Sun Belt,fbs,fbs,
10,regular,2024-10-30 00:00:00+00:00,Sam Houston,Louisiana Tech,9,3,True,False,True,Conference USA,Conference USA,fbs,fbs,
10,regular,2024-10-30 23:00:00+00:00,Liberty,Jacksonville State,21,31,True,False,True,Conference USA,Conference USA,fbs,fbs,
10,regular,2024-10-30 23:30:00+00:00,Western Kentucky,Kennesaw State,31,14,True,False,True,Conference USA,Conference USA,fbs,fbs,
10,regular,2024-10-31 22:00:00+00:00,Clarion,Slippery Rock,22,38,True,False,True,Pennsylvania State Athletic,Pennsylvania State Athletic,ii,ii,
10,regular,2024-10-31 23:00:00+00:00,Mass Maritime,Westfield State,10,13,True,False,True,MSCAC,MSCAC,iii,iii,
10,regular,2024-10-31 23:00:00+00:00,Ouachita Baptist,Southern Nazarene,17,18,True,False,True,Great American,Great American,ii,ii,
10,regular,2024-10-31 23:30:00+00:00,Charlotte,Tulane,3,34,True,False,True,American Athletic,American Athletic,fbs,fbs,
10,regular,2024-10-31 23:30:00+00:00,South Carolina State,North Carolina Central,24,21,True,False,True,MEAC,MEAC,fcs,fcs,
10,regular,2024-11-01 00:00:00+00:00,Harding,Southeastern Oklahoma State,56,14,True,False,True,Great American,Great American,ii,ii,
10,regular,2024-11-01 22:00:00+00:00,American International,Assumption,27,24,True,False,True,Northeast 10,Northeast 10,ii,ii,
10,regular,2024-11-01 23:00:00+00:00,UConn,Georgia State,34,27,True,False,False,FBS Independents,Sun Belt,fbs,fbs,
10,regular,2024-11-01 23:00:00+00:00,Columbia,Yale,13,10,True,False,True,Ivy,Ivy,fcs,fcs,
10,regular,2024-11-01 23:30:00+00:00,Florida Atlantic,South Florida,21,44,True,False,True,American Athletic,American Athletic,fbs,fbs,
10,regular,2024-11-02 00:00:00+00:00,Boise State,San Diego State,56,24,True,False,True,Mountain West,Mountain West,fbs,fbs,
10,regular,2024-11-02 16:00:00+00:00,Coast Guard,WPI,14,38,True,False,True,NEWMAC,NEWMAC,iii,iii,
10,regular,2024-11-02 16:00:00+00:00,West Virginia State,Frostburg State,38,24,True,False,True,Mountain East,Mountain East,ii,ii,
10,regular,2024-11-02 16:00:00+00:00,Findlay,Walsh,28,17,True,False,True,Great Midwest Athletic,Great Midwest Athletic,ii,ii,
10,regular,2024-11-02 16:00:00+00:00,Eastern,Misericordia,31,10,True,True,True,Mid Atlantic,Mid Atlantic,iii,iii,
10,regular,2024-11-02 16:00:00+00:00,Alfred State,Gallaudet,28,26,True,False,True,ECFC,ECFC,iii,iii,
10,regular,2024-11-02 16:00:00+00:00,Endicott,Nichols,50,10,True,False,True,Commonwealth Coast,Commonwealth Coast,iii,iii,
10,regular,2024-11-02 16:00:00+00:00,Hiram,Wooster,20,30,True,False,True,North Coast,North Coast,iii,iii,
10,regular,2024-11-02 16:00:00+00:00,Shepherd,Bloomsburg,21,27,True,False,True,Pennsylvania State Athletic,Pennsylvania State Athletic,ii,ii,
10,regular,2024-11-02 16:00:00+00:00,Central Connecticut,Wagner,24,14,True,False,True,NEC,NEC,fcs,fcs,
10,regular,2024-11-02 16:00:00+00:00,Southwest Minnesota State,University of Mary,6,15,True,False,True,Northern Sun,Northern Sun,ii,ii,
10,regular,2024-11-02 16:00:00+00:00,Edinboro,Seton Hill,24,22,True,False,True,Pennsylvania State Athletic,Pennsylvania State Athletic,ii,ii,
10,regular,2024-11-02 16:00:00+00:00,Gannon,IU Pennsylvania,7,35,True,False,True,Pennsylvania State Athletic,Pennsylvania State Athletic,ii,ii,
10,regular,2024-11-02 16:00:00+00:00,Rochester (NY),Buffalo State,21,35,True,False,True,Liberty League,Liberty League,iii,iii,
10,regular,2024-11-02 16:00:00+00:00,Brevard,Methodist,44,21,True,False,True,USA South,USA South,iii,iii,
10,regular,2024-11-02 16:00:00+00:00,Husson,Western New England,49,42,True,False,True,Commonwealth Coast,Commonwealth Coast,iii,iii,
10,regular,2024-11-02 16:00:00+00:00,Oklahoma,Maine,59,14,True,False,False,SEC,Coastal Athletic,fbs,fcs,
10,regular,2024-11-02 16:00:00+00:00,NC State,Stanford,59,28,True,False,True,ACC,ACC,fbs,fbs,
10,regular,2024-11-02 16:00:00+00:00,Army,Air Force,20,3,True,False,False,American Athletic,Mountain West,fbs,fbs,
10,regular,2024-11-02 16:00:00+00:00,Greensboro,North Carolina Wesleyan,21,23,True,False,True,USA South,USA South,iii,iii,
10,regular,2024-11-02 16:00:00+00:00,Springfield,Norwich,56,14,True,False,True,NEWMAC,NEWMAC,iii,iii,
10,regular,2024-11-02 16:00:00+00:00,Albright,Alvernia,22,19,True,False,True,Mid Atlantic,Mid Atlantic,iii,iii,
10,regular,2024-11-02 16:00:00+00:00,Utica,Brockport,10,20,True,False,True,Empire 8,Empire 8,iii,iii,
10,regular,2024-11-02 16:00:00+00:00,Shorter,Virginia Lynchburg,55,0,True,False,False,Gulf South,,ii,,
10,regular,2024-11-02 16:00:00+00:00,Duquesne,Mercyhurst,31,24,True,False,True,NEC,NEC,fcs,fcs,
10,regular,2024-11-02 16:00:00+00:00,Anna Maria College,Dean,63,0,True,False,True,ECFC,ECFC,iii,iii,
10,regular,2024-11-02 16:00:00+00:00,Stevenson,FDU Florham,19,34,True,False,True,Mid Atlantic,Mid Atlantic,iii,iii,
10,regular,2024-11-02 16:00:00+00:00,West Chester,Lock Haven,27,16,True,False,True,Pennsylvania State Athletic,Pennsylvania State Athletic,ii,ii,
10,regular,2024-11-02 16:00:00+00:00,Illinois,Minnesota,17,25,True,False,True,Big Ten,Big Ten,fbs,fbs,
10,regular,2024-11-02 16:00:00+00:00,Brown,Pennsylvania,28,38,True,False,True,Ivy,Ivy,fcs,fcs,
10,regular,2024-11-02 16:00:00+00:00,Union,Ithaca,0,24,True,False,True,Liberty League,Liberty League,iii,iii,
10,regular,2024-11-02 16:00:00+00:00,Penn State,Ohio State,13,20,True,False,True,Big Ten,Big Ten,fbs,fbs,
10,regular,2024-11-02 16:00:00+00:00,Purdue,Northwestern,20,26,True,False,True,Big Ten,Big Ten,fbs,fbs,
10,regular,2024-11-02 16:00:00+00:00,Eastern Michigan,Toledo,28,29,True,False,True,Mid-American,Mid-American,fbs,fbs,
10,regular,2024-11-02 16:00:00+00:00,Akron,Buffalo,30,41,True,False,True,Mid-American,Mid-American,fbs,fbs,
10,regular,2024-11-02 16:00:00+00:00,Bridgewater State,Fitchburg State,17,9,True,False,True,MSCAC,MSCAC,iii,iii,
10,regular,2024-11-02 16:00:00+00:00,Arkansas,Ole Miss,31,63,True,False,True,SEC,SEC,fbs,fbs,
10,regular,2024-11-02 16:00:00+00:00,Otterbein,Heidelberg,7,55,True,False,True,Ohio,Ohio,iii,iii,
10,regular,2024-11-02 16:00:00+00:00,Robert Morris,Merrimack,6,0,True,False,False,NEC,FCS Independents,fcs,fcs,
10,regular,2024-11-02 16:00:00+00:00,Fairmont State,Concord,34,19,True,False,True,Mountain East,Mountain East,ii,ii,
10,regular,2024-11-02 16:00:00+00:00,Millersville,Kutztown,17,49,True,False,True,Pennsylvania State Athletic,Pennsylvania State Athletic,ii,ii,
10,regular,2024-11-02 16:00:00+00:00,Syracuse,Virginia Tech,38,31,True,False,True,ACC,ACC,fbs,fbs,
10,regular,2024-11-02 16:00:00+00:00,Framingham State,Plymouth State,20,41,True,False,True,MSCAC,MSCAC,iii,iii,
10,regular,2024-11-02 16:00:00+00:00,Miami,Duke,53,31,True,False,True,ACC,ACC,fbs,fbs,
10,regular,2024-11-02 16:00:00+00:00,Catholic,Keystone,42,24,True,False,True,Landmark Conference,Landmark Conference,iii,iii,
10,regular,2024-11-02 16:00:00+00:00,UTSA,Memphis,44,36,True,False,True,American Athletic,American Athletic,fbs,fbs,
10,regular,2024-11-02 16:30:00+00:00,Middlebury,Hamilton,35,0,True,False,True,NESCAC,NESCAC,iii,iii,
10,regular,2024-11-02 16:30:00+00:00,Georgetown,Lehigh,6,43,True,False,True,Patriot,Patriot,fcs,fcs,
10,regular,2024-11-02 16:45:00+00:00,Auburn,Vanderbilt,7,17,True,False,True,SEC,SEC,fbs,fbs,
10,regular,2024-11-02 17:00:00+00:00,Bucknell,Lafayette,21,14,True,False,True,Patriot,Patriot,fcs,fcs,
10,regular,2024-11-02 17:00:00+00:00,Susquehanna,Moravian,49,34,True,False,True,Landmark Conference,Landmark Conference,iii,iii,
10,regular,2024-11-02 17:00:00+00:00,Lebanon Valley,Widener,21,24,True,False,True,Mid Atlantic,Mid Atlantic,iii,iii,
10,regular,2024-11-02 17:00:00+00:00,Wheaton (IL),Elmhurst,65,17,True,False,True,CCIW,CCIW,iii,iii,
10,regular,2024-11-02 17:00:00+00:00,Truman State,Lincoln (MO),52,7,True,False,True,Great Lakes,Great Lakes,ii,ii,
10,regular,2024-11-02 17:00:00+00:00,Washington St. Louis,Millikin,70,21,True,False,True,CCIW,CCIW,iii,iii,
10,regular,2024-11-02 17:00:00+00:00,Alfred,St. John Fisher,34,31,True,False,True,Empire 8,Empire 8,iii,iii,
10,regular,2024-11-02 17:00:00+00:00,SUNY Cortland,Hartwick,68,10,True,False,True,Empire 8,Empire 8,iii,iii,
10,regular,2024-11-02 17:00:00+00:00,Sewanee,Southwestern U,10,35,True,False,True,Southern Athletic,Southern Athletic,iii,iii,
10,regular,2024-11-02 17:00:00+00:00,Kean,Franklin & Marshall,14,34,True,False,False,New Jersey,Centennial,iii,iii,
10,regular,2024-11-02 17:00:00+00:00,Hillsdale,Thomas More,38,17,True,False,True,Great Midwest Athletic,Great Midwest Athletic,ii,ii,
10,regular,2024-11-02 17:00:00+00:00,Northwood,Ohio Dominican,37,10,True,False,True,Great Midwest Athletic,Great Midwest Athletic,ii,ii,
10,regular,2024-11-02 17:00:00+00:00,Fort Valley State,Benedict,44,20,True,False,True,SIAC,SIAC,ii,ii,
10,regular,2024-11-02 17:00:00+00:00,Juniata,Lycoming,0,45,True,False,True,Landmark Conference,Landmark Conference,iii,iii,
10,regular,2024-11-02 17:00:00+00:00,Wesleyan (CT),Williams,25,24,True,False,True,NESCAC,NESCAC,iii,iii,
10,regular,2024-11-02 17:00:00+00:00,Hendrix,Trinity (TX),7,26,True,False,True,Southern Athletic,Southern Athletic,iii,iii,
10,regular,2024-11-02 17:00:00+00:00,Indiana State,North Dakota,35,31,True,False,True,MVFC,MVFC,fcs,fcs,
10,regular,2024-11-02 17:00:00+00:00,Saginaw Valley State,Davenport,24,14,True,False,True,GLIAC,GLIAC,ii,ii,
10,regular,2024-11-02 17:00:00+00:00,Thiel,Saint Vincent,20,10,True,False,True,Presidents',Presidents',iii,iii,
10,regular,2024-11-02 17:00:00+00:00,Case Western Reserve,Washington & Jefferson,21,34,True,False,True,Presidents',Presidents',iii,iii,
10,regular,2024-11-02 17:00:00+00:00,Guilford,Ferrum,7,20,True,False,True,Old Dominion,Old Dominion,iii,iii,
10,regular,2024-11-02 17:00:00+00:00,Saint Francis,Stonehill,34,0,True,False,True,NEC,NEC,fcs,fcs,
10,regular,2024-11-02 17:00:00+00:00,Butler,Stetson,46,13,True,False,True,Pioneer,Pioneer,fcs,fcs,
10,regular,2024-11-02 17:00:00+00:00,Carnegie Mellon,Westminster (PA),45,20,True,False,True,Presidents',Presidents',iii,iii,
10,regular,2024-11-02 17:00:00+00:00,Baldwin Wallace,Muskingum,54,17,True,False,True,Ohio,Ohio,iii,iii,
10,regular,2024-11-02 17:00:00+00:00,Hope,Albion,41,14,True,False,True,Michigan,Michigan,iii,iii,
10,regular,2024-11-02 17:00:00+00:00,Wheeling,Glenville State,21,28,True,False,True,Mountain East,Mountain East,ii,ii,
10,regular,2024-11-02 17:00:00+00:00,Presbyterian,Dayton,28,7,True,False,True,Pioneer,Pioneer,fcs,fcs,
10,regular,2024-11-02 17:00:00+00:00,Olivet,Calvin,21,13,True,False,True,Michigan,Michigan,iii,iii,
10,regular,2024-11-02 17:00:00+00:00,Wisconsin Stout,Wisconsin La Crosse,31,33,True,False,True,Wisconsin,Wisconsin,iii,iii,
10,regular,2024-11-02 17:00:00+00:00,Christopher Newport,William Paterson,45,7,True,False,True,New Jersey,New Jersey,iii,iii,
10,regular,2024-11-02 17:00:00+00:00,Southern Connecticut State,Pace,35,30,True,False,True,Northeast 10,Northeast 10,ii,ii,
10,regular,2024-11-02 17:00:00+00:00,Lenoir Rhyne,Wingate,10,14,True,False,True,South Atlantic,South Atlantic,ii,ii,
10,regular,2024-11-02 17:00:00+00:00,Colby,Tufts,21,28,True,False,True,NESCAC,NESCAC,iii,iii,
10,regular,2024-11-02 17:00:00+00:00,Rhode Island,Monmouth,37,28,True,False,True,Coastal Athletic,Coastal Athletic,fcs,fcs,
10,regular,2024-11-02 17:00:00+00:00,Shaw,Livingstone,24,17,True,False,True,CIAA,CIAA,ii,ii,
10,regular,2024-11-02 17:00:00+00:00,Bethany (WV),Geneva,27,34,True,False,True,Presidents',Presidents',iii,iii,
10,regular,2024-11-02 17:00:00+00:00,Fordham,Colgate,20,14,True,False,True,Patriot,Patriot,fcs,fcs,
10,regular,2024-11-02 17:00:00+00:00,McDaniel,Ursinus,0,42,True,False,True,Centennial,Centennial,iii,iii,
10,regular,2024-11-02 17:00:00+00:00,Johnson C. Smith,Fayetteville State,0,27,True,False,True,CIAA,CIAA,ii,ii,
10,regular,2024-11-02 17:00:00+00:00,Shippensburg,East Stroudsburg,0,45,True,False,True,Pennsylvania State Athletic,Pennsylvania State Athletic,ii,ii,
10,regular,2024-11-02 17:00:00+00:00,Virginia Union,Bluefield State,91,0,True,False,True,CIAA,CIAA,ii,ii,
10,regular,2024-11-02 17:00:00+00:00,Kenyon,DePauw,0,65,True,False,True,North Coast,North Coast,iii,iii,
10,regular,2024-11-02 17:00:00+00:00,SUNY Maritime,Salve Regina,25,22,True,False,True,NEWMAC,NEWMAC,iii,iii,
10,regular,2024-11-02 17:00:00+00:00,Dickinson,Gettysburg,34,14,True,False,True,Centennial,Centennial,iii,iii,
10,regular,2024-11-02 17:00:00+00:00,Princeton,Cornell,35,49,True,False,True,Ivy,Ivy,fcs,fcs,
10,regular,2024-11-02 17:00:00+00:00,Adrian,Kalamazoo,35,21,True,False,True,Michigan,Michigan,iii,iii,
10,regular,2024-11-02 17:00:00+00:00,Lake Erie,Ashland,14,41,True,False,True,Great Midwest Athletic,Great Midwest Athletic,ii,ii,
10,regular,2024-11-02 17:00:00+00:00,Waynesburg,Grove City,0,51,True,False,True,Presidents',Presidents',iii,iii,
10,regular,2024-11-02 17:00:00+00:00,New England,Curry,10,24,True,False,True,Commonwealth Coast,Commonwealth Coast,iii,iii,
10,regular,2024-11-02 17:00:00+00:00,Hampton,Villanova,14,20,True,False,True,Coastal Athletic,Coastal Athletic,fcs,fcs,
10,regular,2024-11-02 17:00:00+00:00,Amherst,Trinity (CT),20,45,True,False,True,NESCAC,NESCAC,iii,iii,
10,regular,2024-11-02 17:00:00+00:00,Taylor,Defiance College,,,False,True,False,,,,,
10,regular,2024-11-02 17:00:00+00:00,Elizabeth City State,Bowie State,6,48,True,False,True,CIAA,CIAA,ii,ii,
10,regular,2024-11-02 17:00:00+00:00,Wabash,Denison,24,23,True,False,True,North Coast,North Coast,iii,iii,
10,regular,2024-11-02 17:00:00+00:00,Bryant,Stony Brook,30,31,True,False,True,Coastal Athletic,Coastal Athletic,fcs,fcs,
10,regular,2024-11-02 17:00:00+00:00,Northern Michigan,Ferris State,9,55,True,False,True,GLIAC,GLIAC,ii,ii,
10,regular,2024-11-02 17:00:00+00:00,Alma,Trine,41,16,True,False,True,Michigan,Michigan,iii,iii,
10,regular,2024-11-02 17:00:00+00:00,Clark Atlanta,Tuskegee,36,28,True,False,True,SIAC,SIAC,ii,ii,
10,regular,2024-11-02 17:00:00+00:00,North Central College,Carroll (WI),56,3,True,False,True,CCIW,CCIW,iii,iii,
10,regular,2024-11-02 17:00:00+00:00,Berry,Centre,28,21,True,False,True,Southern Athletic,Southern Athletic,iii,iii,
10,regular,2024-11-02 17:00:00+00:00,Averett,Shenandoah,14,41,True,False,True,Old Dominion,Old Dominion,iii,iii,
10,regular,2024-11-02 17:00:00+00:00,King's,Delaware Valley,14,6,True,False,True,Mid Atlantic,Mid Atlantic,iii,iii,
10,regular,2024-11-02 17:00:00+00:00,Franklin Pierce,Saint Anselm,28,42,True,True,True,Northeast 10,Northeast 10,ii,ii,
10,regular,2024-11-02 17:00:00+00:00,New Haven,Post,51,7,True,False,True,Northeast 10,Northeast 10,ii,ii,
10,regular,2024-11-02 17:00:00+00:00,SUNY Morrisville,Hilbert,38,8,True,False,True,Empire 8,Empire 8,iii,iii,
10,regular,2024-11-02 17:00:00+00:00,UAlbany,New Hampshire,14,31,True,False,True,Coastal Athletic,Coastal Athletic,fcs,fcs,
10,regular,2024-11-02 17:00:00+00:00,North Carolina A&T,William & Mary,7,45,True,False,True,Coastal Athletic,Coastal Athletic,fcs,fcs,
10,regular,2024-11-02 17:00:00+00:00,UNC Pembroke,West Virginia Wesleyan,79,20,True,False,True,Mountain East,Mountain East,ii,ii,
10,regular,2024-11-02 17:00:00+00:00,Mars Hill,Emory & Henry,31,23,True,False,True,South Atlantic,South Atlantic,ii,ii,
10,regular,2024-11-02 17:00:00+00:00,Lincoln (PA),Virginia State,0,55,True,False,True,CIAA,CIAA,ii,ii,
10,regular,2024-11-02 17:00:00+00:00,West Liberty,Charleston (WV),0,38,True,False,True,Mountain East,Mountain East,ii,ii,
10,regular,2024-11-02 17:00:00+00:00,Roosevelt,Michigan Tech,7,20,True,True,True,GLIAC,GLIAC,ii,ii,
10,regular,2024-11-02 17:00:00+00:00,Morgan State,Norfolk State,38,37,True,False,True,MEAC,MEAC,fcs,fcs,
10,regular,2024-11-02 17:00:00+00:00,Howard,Delaware State,38,0,True,False,True,MEAC,MEAC,fcs,fcs,
10,regular,2024-11-02 17:00:00+00:00,Morehead State,St. Thomas (MN),21,7,True,False,True,Pioneer,Pioneer,fcs,fcs,
10,regular,2024-11-02 17:30:00+00:00,Marietta,Wilmington (OH),52,6,True,False,True,Ohio,Ohio,iii,iii,
10,regular,2024-11-02 17:30:00+00:00,Capital,Mount Union,0,54,True,False,True,Ohio,Ohio,iii,iii,
10,regular,2024-11-02 17:30:00+00:00,VMI,Furman,21,17,True,False,True,Southern,Southern,fcs,fcs,
10,regular,2024-11-02 17:30:00+00:00,Dartmouth,Harvard,27,31,True,False,True,Ivy,Ivy,fcs,fcs,
10,regular,2024-11-02 17:30:00+00:00,Rose Hulman,Manchester,70,7,True,False,True,Heartland,Heartland,iii,iii,
10,regular,2024-11-02 17:30:00+00:00,Franklin,Anderson (IN),35,14,True,False,True,Heartland,Heartland,iii,iii,
10,regular,2024-11-02 17:30:00+00:00,Hanover,Bluffton,49,13,True,False,True,Heartland,Heartland,iii,iii,
10,regular,2024-11-02 17:30:00+00:00,Ohio Northern,John Carroll,13,49,True,False,True,Ohio,Ohio,iii,iii,
10,regular,2024-11-02 18:00:00+00:00,McMurry,Austin,31,3,True,False,True,Southern Collegiate Athletic,Southern Collegiate Athletic,iii,iii,
10,regular,2024-11-02 18:00:00+00:00,Gustavus Adolphus,St. Olaf,21,10,True,False,True,Minnesota,Minnesota,iii,iii,
10,regular,2024-11-02 18:00:00+00:00,Chadron State,South Dakota Mines,17,24,True,False,True,Rocky Mountain,Rocky Mountain,ii,ii,
10,regular,2024-11-02 18:00:00+00:00,Johns Hopkins,Muhlenberg,26,13,True,False,True,Centennial,Centennial,iii,iii,
10,regular,2024-11-02 18:00:00+00:00,Texas Lutheran,Lyon,45,10,True,False,True,Southern Collegiate Athletic,Southern Collegiate Athletic,iii,iii,
10,regular,2024-11-02 18:00:00+00:00,New Mexico Highlands,Colorado School of Mines,21,56,True,False,True,Rocky Mountain,Rocky Mountain,ii,ii,
10,regular,2024-11-02 18:00:00+00:00,Grinnell,Illinois College,14,56,True,False,True,Midwest,Midwest,iii,iii,
10,regular,2024-11-02 18:00:00+00:00,Greenville,Westminster (MO),45,7,True,False,True,Upper Midwest,Upper Midwest,iii,iii,
10,regular,2024-11-02 18:00:00+00:00,Northwestern (MN),Martin Luther,35,7,True,False,True,Upper Midwest,Upper Midwest,iii,iii,
10,regular,2024-11-02 18:00:00+00:00,Drake,Marist,19,0,True,False,True,Pioneer,Pioneer,fcs,fcs,
10,regular,2024-11-02 18:00:00+00:00,Elon,Campbell,50,27,True,False,True,Coastal Athletic,Coastal Athletic,fcs,fcs,
10,regular,2024-11-02 18:00:00+00:00,Barton,Catawba,49,35,True,False,True,South Atlantic,South Atlantic,ii,ii,
10,regular,2024-11-02 18:00:00+00:00,Winona State,Minnesota Duluth,38,42,True,False,True,Northern Sun,Northern Sun,ii,ii,
10,regular,2024-11-02 18:00:00+00:00,Wisconsin Whitewater,Wisconsin River Falls,13,7,True,False,True,Wisconsin,Wisconsin,iii,iii,
10,regular,2024-11-02 18:00:00+00:00,Wisconsin Stevens Point,Wisconsin Platteville,14,42,True,False,True,Wisconsin,Wisconsin,iii,iii,
10,regular,2024-11-02 18:00:00+00:00,Quincy,William Jewell,24,20,True,False,True,Great Lakes,Great Lakes,ii,ii,
10,regular,2024-11-02 18:00:00+00:00,West Georgia,Lincoln (CA),88,12,True,False,False,UAC,Independent DII,fcs,ii,
10,regular,2024-11-02 18:00:00+00:00,Belhaven,Maryville (TN),11,42,True,False,True,USA South,USA South,iii,iii,
10,regular,2024-11-02 18:00:00+00:00,Charleston Southern,Gardner-Webb,14,17,True,False,True,Big South-OVC,Big South-OVC,fcs,fcs,
10,regular,2024-11-02 18:00:00+00:00,Erskine,West Florida,0,70,True,False,True,Gulf South,Gulf South,ii,ii,
10,regular,2024-11-02 18:00:00+00:00,Aurora,Benedictine (IL),56,20,True,False,True,NACC,NACC,iii,iii,
10,regular,2024-11-02 18:00:00+00:00,Washburn,Nebraska Kearney,13,14,True,False,True,Mid America,Mid America,ii,ii,
10,regular,2024-11-02 18:00:00+00:00,Bemidji State,Wayne State (NE),37,20,True,False,True,Northern Sun,Northern Sun,ii,ii,
10,regular,2024-11-02 18:00:00+00:00,Monmouth (IL),Ripon,56,13,True,False,True,Midwest,Midwest,iii,iii,
10,regular,2024-11-02 18:00:00+00:00,Rockford,Eureka,59,6,True,False,True,NACC,NACC,iii,iii,
10,regular,2024-11-02 18:00:00+00:00,Missouri S&T,McKendree,20,27,True,False,True,Great Lakes,Great Lakes,ii,ii,
10,regular,2024-11-02 18:00:00+00:00,UVA Wise,Tusculum,35,27,True,False,True,South Atlantic,South Atlantic,ii,ii,
10,regular,2024-11-02 18:00:00+00:00,Kentucky Wesleyan,Tiffin,14,54,True,False,True,Great Midwest Athletic,Great Midwest Athletic,ii,ii,
10,regular,2024-11-02 18:00:00+00:00,Rowan,Montclair State,16,10,True,False,True,New Jersey,New Jersey,iii,iii,
10,regular,2024-11-02 18:00:00+00:00,Illinois Wesleyan,Augustana (IL),29,21,True,False,True,CCIW,CCIW,iii,iii,
10,regular,2024-11-02 18:00:00+00:00,Buena Vista,Coe,13,35,True,False,True,American Rivers,American Rivers,iii,iii,
10,regular,2024-11-02 18:00:00+00:00,Huntingdon,LaGrange,21,24,True,False,True,USA South,USA South,iii,iii,
10,regular,2024-11-02 18:00:00+00:00,Emporia State,Fort Hays,7,36,True,False,True,Mid America,Mid America,ii,ii,
10,regular,2024-11-02 18:00:00+00:00,Central College,Loras,45,7,True,False,True,American Rivers,American Rivers,iii,iii,
10,regular,2024-11-02 18:00:00+00:00,Wisconsin Lutheran,St. Norbert,7,55,True,False,True,NACC,NACC,iii,iii,
10,regular,2024-11-02 18:00:00+00:00,Beloit,Lake Forest,17,62,True,False,True,Midwest,Midwest,iii,iii,
10,regular,2024-11-02 18:00:00+00:00,Augustana (SD),Concordia St. Paul,28,7,True,False,True,Northern Sun,Northern Sun,ii,ii,
10,regular,2024-11-02 18:00:00+00:00,Bridgewater,Hampden Sydney,21,28,True,False,True,Old Dominion,Old Dominion,iii,iii,
10,regular,2024-11-02 18:00:00+00:00,Bethel (MN),Carleton,56,7,True,False,True,Minnesota,Minnesota,iii,iii,
10,regular,2024-11-02 18:00:00+00:00,Cornell (IA),Knox,44,14,True,False,True,Midwest,Midwest,iii,iii,
10,regular,2024-11-02 18:00:00+00:00,Concordia (MN),Augsburg,38,7,True,False,True,Minnesota,Minnesota,iii,iii,
10,regular,2024-11-02 18:00:00+00:00,Richmond,Towson,35,24,True,False,True,Coastal Athletic,Coastal Athletic,fcs,fcs,
10,regular,2024-11-02 18:00:00+00:00,The College of New Jersey,Salisbury,35,52,True,False,True,New Jersey,New Jersey,iii,iii,
10,regular,2024-11-02 18:00:00+00:00,St. Scholastica,Saint John's (MN),0,70,True,False,True,Minnesota,Minnesota,iii,iii,
10,regular,2024-11-02 18:00:00+00:00,Sul Ross State,Eastern New Mexico,33,28,True,False,True,Lone Star,Lone Star,ii,ii,
10,regular,2024-11-02 18:00:00+00:00,Hardin Simmons,Howard Payne,44,17,True,False,True,American Southwest,American Southwest,iii,iii,
10,regular,2024-11-02 18:00:00+00:00,Wisconsin Eau Claire,Wisconsin Oshkosh,31,42,True,False,True,Wisconsin,Wisconsin,iii,iii,
10,regular,2024-11-02 18:00:00+00:00,Wartburg,Luther,49,10,True,False,True,American Rivers,American Rivers,iii,iii,
10,regular,2024-11-02 18:00:00+00:00,Nebraska Wesleyan,Dubuque,7,52,True,True,True,American Rivers,American Rivers,iii,iii,
10,regular,2024-11-02 18:00:00+00:00,Carthage,North Park,22,21,True,False,True,CCIW,CCIW,iii,iii,
10,regular,2024-11-02 18:00:00+00:00,East Texas Baptist,Mary Hardin Baylor,14,27,True,False,True,American Southwest,American Southwest,iii,iii,
10,regular,2024-11-02 18:00:00+00:00,Allen,Central State,41,3,True,False,True,SIAC,SIAC,ii,ii,
10,regular,2024-11-02 18:00:00+00:00,Concordia (WI),Lakeland,37,34,True,False,True,NACC,NACC,iii,iii,
10,regular,2024-11-02 18:30:00+00:00,Vermont State Castleton,Worcester State,6,31,True,False,True,MSCAC,MSCAC,iii,iii,
10,regular,2024-11-02 18:30:00+00:00,UAB,Tulsa,59,21,True,False,True,American Athletic,American Athletic,fbs,fbs,
10,regular,2024-11-02 18:30:00+00:00,Western Carolina,Chattanooga,38,34,True,False,True,Southern,Southern,fcs,fcs,
10,regular,2024-11-02 18:30:00+00:00,App State,Old Dominion,28,20,True,False,True,Sun Belt,Sun Belt,fbs,fbs,
10,regular,2024-11-02 18:30:00+00:00,Tennessee Tech,Lindenwood,52,10,True,False,True,Big South-OVC,Big South-OVC,fcs,fcs,
10,regular,2024-11-02 18:30:00+00:00,Northwest Missouri State,Northeastern State,44,26,True,False,False,Mid America,Independent DII,ii,ii,
10,regular,2024-11-02 19:00:00+00:00,Minot State,Minnesota St Moorhead,38,42,True,False,True,Northern Sun,Northern Sun,ii,ii,
10,regular,2024-11-02 19:00:00+00:00,Incarnate Word,Houston Christian,45,20,True,False,True,Southland,Southland,fcs,fcs,
10,regular,2024-11-02 19:00:00+00:00,Carson Newman,Anderson (SC),28,7,True,False,True,South Atlantic,South Atlantic,ii,ii,
10,regular,2024-11-02 19:00:00+00:00,Miles,Morehouse,37,3,True,False,True,SIAC,SIAC,ii,ii,
10,regular,2024-11-02 19:00:00+00:00,Rensselaer,Hobart,21,27,True,False,True,Liberty League,Liberty League,iii,iii,
10,regular,2024-11-02 19:00:00+00:00,Bethune-Cookman,Grambling,24,21,True,False,True,SWAC,SWAC,fcs,fcs,
10,regular,2024-11-02 19:00:00+00:00,Samford,Wofford,13,17,True,False,True,Southern,Southern,fcs,fcs,
10,regular,2024-11-02 19:00:00+00:00,Eastern Illinois,Western Illinois,45,38,True,False,True,Big South-OVC,Big South-OVC,fcs,fcs,
10,regular,2024-11-02 19:00:00+00:00,Mercer,East Tennessee State,37,31,True,False,True,Southern,Southern,fcs,fcs,
10,regular,2024-11-02 19:00:00+00:00,South Dakota State,Murray State,52,6,True,False,True,MVFC,MVFC,fcs,fcs,
10,regular,2024-11-02 19:00:00+00:00,Missouri State,Southern Illinois,38,17,True,False,True,MVFC,MVFC,fcs,fcs,
10,regular,2024-11-02 19:00:00+00:00,Mississippi Valley State,Prairie View A&M,16,17,True,False,True,SWAC,SWAC,fcs,fcs,
10,regular,2024-11-02 19:00:00+00:00,Wittenberg,Oberlin,77,0,True,False,True,North Coast,North Coast,iii,iii,
10,regular,2024-11-02 19:00:00+00:00,Jackson State,Arkansas-Pine Bluff,41,3,True,False,True,SWAC,SWAC,fcs,fcs,
10,regular,2024-11-02 19:00:00+00:00,Alabama A&M,Southern,20,25,True,False,True,SWAC,SWAC,fcs,fcs,
10,regular,2024-11-02 19:00:00+00:00,Grand Valley State,Wayne State (MI),51,28,True,False,True,GLIAC,GLIAC,ii,ii,
10,regular,2024-11-02 19:00:00+00:00,Illinois State,Youngstown State,23,16,True,False,True,MVFC,MVFC,fcs,fcs,
10,regular,2024-11-02 19:00:00+00:00,UMass Dartmouth,Western Connecticut State,41,30,True,False,True,MSCAC,MSCAC,iii,iii,
10,regular,2024-11-02 19:00:00+00:00,Valdosta State,Chowan,52,0,True,False,True,Gulf South,Gulf South,ii,ii,
10,regular,2024-11-02 19:00:00+00:00,Southwestern Oklahoma State,Southern Arkansas,14,48,True,False,True,Great American,Great American,ii,ii,
10,regular,2024-11-02 19:00:00+00:00,Pittsburg State,Central Missouri,13,37,True,False,True,Mid America,Mid America,ii,ii,
10,regular,2024-11-02 19:00:00+00:00,Western Colorado,CSU Pueblo,34,44,True,False,True,Rocky Mountain,Rocky Mountain,ii,ii,
10,regular,2024-11-02 19:00:00+00:00,Colorado Mesa,Black Hills State,21,13,True,False,True,Rocky Mountain,Rocky Mountain,ii,ii,
10,regular,2024-11-02 19:00:00+00:00,Arkansas Tech,East Central,13,23,True,False,True,Great American,Great American,ii,ii,
10,regular,2024-11-02 19:00:00+00:00,Rhodes,Millsaps,31,24,True,False,True,Southern Athletic,Southern Athletic,iii,iii,
10,regular,2024-11-02 19:00:00+00:00,West Alabama,North Greenville,17,14,True,False,True,Gulf South,Gulf South,ii,ii,
10,regular,2024-11-02 19:00:00+00:00,Savannah State,Albany State,28,26,True,False,True,SIAC,SIAC,ii,ii,
10,regular,2024-11-02 19:00:00+00:00,Northwestern (OK),Henderson State,10,44,True,False,True,Great American,Great American,ii,ii,
10,regular,2024-11-02 19:00:00+00:00,Arkansas Monticello,Oklahoma Baptist,24,20,True,False,True,Great American,Great American,ii,ii,
10,regular,2024-11-02 19:00:00+00:00,Washington and Lee,Randolph Macon,7,20,True,False,True,Old Dominion,Old Dominion,iii,iii,
10,regular,2024-11-02 19:00:00+00:00,Lane College,Edward Waters,23,37,True,False,True,SIAC,SIAC,ii,ii,
10,regular,2024-11-02 19:00:00+00:00,Northern State,Minnesota State,14,24,True,False,True,Northern Sun,Northern Sun,ii,ii,
10,regular,2024-11-02 19:00:00+00:00,Missouri Western,Central Oklahoma,34,37,True,False,True,Mid America,Mid America,ii,ii,
10,regular,2024-11-02 19:30:00+00:00,North Dakota State,Northern Iowa,42,19,True,False,True,MVFC,MVFC,fcs,fcs,
10,regular,2024-11-02 19:30:00+00:00,Iowa State,Texas Tech,22,23,True,False,True,Big 12,Big 12,fbs,fbs,
10,regular,2024-11-02 19:30:00+00:00,Georgia,Florida,34,20,True,True,True,SEC,SEC,fbs,fbs,
10,regular,2024-11-02 19:30:00+00:00,UCF,Arizona,56,12,True,False,True,Big 12,Big 12,fbs,fbs,
10,regular,2024-11-02 19:30:00+00:00,Nebraska,UCLA,20,27,True,False,True,Big Ten,Big Ten,fbs,fbs,
10,regular,2024-11-02 19:30:00+00:00,Oklahoma State,Arizona State,21,42,True,False,True,Big 12,Big 12,fbs,fbs,
10,regular,2024-11-02 19:30:00+00:00,Houston,Kansas State,24,19,True,False,True,Big 12,Big 12,fbs,fbs,
10,regular,2024-11-02 19:30:00+00:00,Michigan,Oregon,17,38,True,False,True,Big Ten,Big Ten,fbs,fbs,
10,regular,2024-11-02 19:30:00+00:00,Michigan State,Indiana,10,47,True,False,True,Big Ten,Big Ten,fbs,fbs,
10,regular,2024-11-02 19:30:00+00:00,Florida State,North Carolina,11,35,True,False,True,ACC,ACC,fbs,fbs,
10,regular,2024-11-02 19:30:00+00:00,Marshall,UL Monroe,28,23,True,False,True,Sun Belt,Sun Belt,fbs,fbs,
10,regular,2024-11-02 19:30:00+00:00,UTEP,Middle Tennessee,13,20,True,False,True,Conference USA,Conference USA,fbs,fbs,
10,regular,2024-11-02 20:00:00+00:00,Newberry,Limestone,14,35,True,False,True,South Atlantic,South Atlantic,ii,ii,
10,regular,2024-11-02 20:00:00+00:00,Pacific (OR),Linfield,28,68,True,False,True,Northwest,Northwest,iii,iii,
10,regular,2024-11-02 20:00:00+00:00,La Verne,Redlands,21,31,True,False,True,So. Cal.,So. Cal.,iii,iii,
10,regular,2024-11-02 20:00:00+00:00,Pacific Lutheran,George Fox,24,14,True,False,True,Northwest,Northwest,iii,iii,
10,regular,2024-11-02 20:00:00+00:00,Northern Arizona,Weber State,27,6,True,False,True,Big Sky,Big Sky,fcs,fcs,
10,regular,2024-11-02 20:00:00+00:00,Nicholls,Stephen F. Austin,12,28,True,False,True,Southland,Southland,fcs,fcs,
10,regular,2024-11-02 20:00:00+00:00,Lamar,SE Louisiana,27,30,True,False,True,Southland,Southland,fcs,fcs,
10,regular,2024-11-02 20:00:00+00:00,Eastern Washington,Montana State,28,42,True,False,True,Big Sky,Big Sky,fcs,fcs,
10,regular,2024-11-02 20:00:00+00:00,San Diego,Davidson,40,13,True,False,True,Pioneer,Pioneer,fcs,fcs,
10,regular,2024-11-02 20:00:00+00:00,Puget Sound,Willamette,38,23,True,False,True,Northwest,Northwest,iii,iii,
10,regular,2024-11-02 20:00:00+00:00,Whitworth,Lewis & Clark,48,9,True,False,True,Northwest,Northwest,iii,iii,
10,regular,2024-11-02 20:00:00+00:00,Utah Tech,Central Arkansas,34,21,True,False,True,UAC,UAC,fcs,fcs,
10,regular,2024-11-02 20:00:00+00:00,Abilene Christian,Southern Utah,28,25,True,False,True,UAC,UAC,fcs,fcs,
10,regular,2024-11-02 20:00:00+00:00,UC Davis,Northern Colorado,59,7,True,False,True,Big Sky,Big Sky,fcs,fcs,
10,regular,2024-11-02 20:00:00+00:00,New Mexico,Wyoming,45,49,True,False,True,Mountain West,Mountain West,fbs,fbs,
10,regular,2024-11-02 20:00:00+00:00,Rice,Navy,24,10,True,False,True,American Athletic,American Athletic,fbs,fbs,
10,regular,2024-11-02 20:00:00+00:00,Troy,Coastal Carolina,38,24,True,False,True,Sun Belt,Sun Belt,fbs,fbs,
10,regular,2024-11-02 20:00:00+00:00,Florida A&M,Texas Southern,52,28,True,False,True,SWAC,SWAC,fcs,fcs,
10,regular,2024-11-02 20:15:00+00:00,Mississippi State,Massachusetts,45,20,True,False,False,SEC,FBS Independents,fbs,fbs,
10,regular,2024-11-02 21:00:00+00:00,Alabama State,Alcorn State,21,17,True,True,True,SWAC,SWAC,fcs,fcs,
10,regular,2024-11-02 21:00:00+00:00,North Alabama,Austin Peay,17,31,True,False,True,UAC,UAC,fcs,fcs,
10,regular,2024-11-02 21:00:00+00:00,Crown,Minnesota Morris,6,27,True,False,True,Upper Midwest,Upper Midwest,iii,iii,
10,regular,2024-11-02 21:00:00+00:00,Cal Poly,Montana,7,42,True,False,True,Big Sky,Big Sky,fcs,fcs,
10,regular,2024-11-02 21:30:00+00:00,Bates,Bowdoin,24,35,True,False,True,NESCAC,NESCAC,iii,iii,
10,regular,2024-11-02 22:00:00+00:00,Tennessee State,UT Martin,21,28,True,False,True,Big South-OVC,Big South-OVC,fcs,fcs,
10,regular,2024-11-02 22:00:00+00:00,Lawrence,Chicago,14,64,True,False,True,Midwest,Midwest,iii,iii,
10,regular,2024-11-02 22:00:00+00:00,Indianapolis,Southwest Baptist,58,3,True,False,True,Great Lakes,Great Lakes,ii,ii,
10,regular,2024-11-02 23:00:00+00:00,Tarleton State,Eastern Kentucky,13,17,True,False,True,UAC,UAC,fcs,fcs,
10,regular,2024-11-02 23:00:00+00:00,Fresno State,Hawai'i,20,21,True,False,True,Mountain West,Mountain West,fbs,fbs,
10,regular,2024-11-02 23:00:00+00:00,Angelo State,Central Washington,17,16,True,False,True,Lone Star,Lone Star,ii,ii,
10,regular,2024-11-02 23:30:00+00:00,South Carolina,Texas A&M,44,20,True,False,True,SEC,SEC,fbs,fbs,
10,regular,2024-11-02 23:30:00+00:00,Iowa,Wisconsin,42,10,True,False,True,Big Ten,Big Ten,fbs,fbs,
10,regular,2024-11-02 23:30:00+00:00,South Alabama,Georgia Southern,30,34,True,False,True,Sun Belt,Sun Belt,fbs,fbs,
10,regular,2024-11-02 23:30:00+00:00,Washington,USC,26,21,True,False,True,Big Ten,Big Ten,fbs,fbs,
10,regular,2024-11-02 23:30:00+00:00,Clemson,Louisville,21,33,True,False,True,ACC,ACC,fbs,fbs,
10,regular,2024-11-02 23:45:00+00:00,Tennessee,Kentucky,28,18,True,False,True,SEC,SEC,fbs,fbs,
10,regular,2024-11-03 00:00:00+00:00,Macalester,Hamline,35,37,True,False,True,Minnesota,Minnesota,iii,iii,
10,regular,2024-11-03 00:00:00+00:00,McNeese,East Texas A&M,31,3,True,False,True,Southland,Southland,fcs,fcs,
10,regular,2024-11-03 00:00:00+00:00,Texas A&M-Kingsville,West Texas,14,21,True,False,True,Lone Star,Lone Star,ii,ii,
10,regular,2024-11-03 00:00:00+00:00,Adams State,Fort Lewis,17,27,True,False,True,Rocky Mountain,Rocky Mountain,ii,ii,
10,regular,2024-11-03 00:00:00+00:00,Nevada,Colorado State,21,38,True,False,True,Mountain West,Mountain West,fbs,fbs,
10,regular,2024-11-03 00:00:00+00:00,SMU,Pittsburgh,48,25,True,False,True,ACC,ACC,fbs,fbs,
10,regular,2024-11-03 00:00:00+00:00,Midwestern State,Western Oregon,16,21,True,False,True,Lone Star,Lone Star,ii,ii,
10,regular,2024-11-03 00:00:00+00:00,Baylor,TCU,37,34,True,False,True,Big 12,Big 12,fbs,fbs,
10,regular,2024-11-03 01:00:00+00:00,Sacramento State,Portland State,38,58,True,False,True,Big Sky,Big Sky,fcs,fcs,
10,regular,2024-11-03 02:00:00+00:00,Pomona Pitzer,Cal Lutheran,32,27,True,False,True,So. Cal.,So. Cal.,iii,iii,
10,regular,2024-11-03 02:00:00+00:00,Chapman,Claremont Mudd Scripps,9,7,True,False,True,So. Cal.,So. Cal.,iii,iii,
11,regular,2024-11-06 00:30:00+00:00,Central Michigan,Bowling Green,13,23,True,False,True,Mid-American,Mid-American,fbs,fbs,
11,regular,2024-11-06 01:00:00+00:00,Ball State,Miami (OH),21,27,True,False,True,Mid-American,Mid-American,fbs,fbs,
11,regular,2024-11-07 00:00:00+00:00,Kent State,Ohio,0,41,True,False,True,Mid-American,Mid-American,fbs,fbs,
11,regular,2024-11-07 00:00:00+00:00,Western Michigan,Northern Illinois,28,42,True,False,True,Mid-American,Mid-American,fbs,fbs,
11,regular,2024-11-08 01:00:00+00:00,Coastal Carolina,App State,38,24,True,False,True,Sun Belt,Sun Belt,fbs,fbs,
11,regular,2024-11-08 01:00:00+00:00,East Carolina,Florida Atlantic,49,14,True,False,True,American Athletic,American Athletic,fbs,fbs,
11,regular,2024-11-08 23:00:00+00:00,Princeton,Dartmouth,17,26,True,False,True,Ivy,Ivy,fcs,fcs,
11,regular,2024-11-09 01:00:00+00:00,Wake Forest,California,36,46,True,False,True,ACC,ACC,fbs,fbs,
11,regular,2024-11-09 02:00:00+00:00,Memphis,Rice,27,20,True,False,True,American Athletic,American Athletic,fbs,fbs,
11,regular,2024-11-09 02:00:00+00:00,UCLA,Iowa,20,17,True,False,True,Big Ten,Big Ten,fbs,fbs,
11,regular,2024-11-09 03:30:00+00:00,San Diego State,New Mexico,16,21,True,False,True,Mountain West,Mountain West,fbs,fbs,
11,regular,2024-11-09 16:00:00+00:00,Mercyhurst,Lincoln (CA),66,0,True,False,False,NEC,Independent DII,fcs,ii,
11,regular,2024-11-09 17:00:00+00:00,Dayton,San Diego,10,16,True,False,True,Pioneer,Pioneer,fcs,fcs,
11,regular,2024-11-09 17:00:00+00:00,Delaware State,Morgan State,28,36,True,False,True,MEAC,MEAC,fcs,fcs,
11,regular,2024-11-09 17:00:00+00:00,Duquesne,Robert Morris,31,6,True,False,True,NEC,NEC,fcs,fcs,
11,regular,2024-11-09 17:00:00+00:00,Sacred Heart,Long Island University,7,28,True,False,False,FCS Independents,NEC,fcs,fcs,
11,regular,2024-11-09 17:00:00+00:00,South Florida,Navy,7,28,True,False,True,American Athletic,American Athletic,fbs,fbs,
11,regular,2024-11-09 17:00:00+00:00,UL Monroe,Texas State,17,38,True,False,True,Sun Belt,Sun Belt,fbs,fbs,
11,regular,2024-11-09 17:00:00+00:00,Northwestern (MN),Greenville,42,34,True,False,True,Upper Midwest,Upper Midwest,iii,iii,
11,regular,2024-11-09 17:00:00+00:00,Hiram,DePauw,7,58,True,False,True,North Coast,North Coast,iii,iii,
11,regular,2024-11-09 17:00:00+00:00,Kutztown,West Chester,31,13,True,False,True,Pennsylvania State Athletic,Pennsylvania State Athletic,ii,ii,
11,regular,2024-11-09 17:00:00+00:00,Union,Rochester (NY),34,13,True,False,True,Liberty League,Liberty League,iii,iii,
11,regular,2024-11-09 17:00:00+00:00,Yale,Brown,56,34,True,False,True,Ivy,Ivy,fcs,fcs,
11,regular,2024-11-09 17:00:00+00:00,Coast Guard,SUNY Maritime,37,55,True,False,True,NEWMAC,NEWMAC,iii,iii,
11,regular,2024-11-09 17:00:00+00:00,Centre,Rhodes,49,20,True,False,True,Southern Athletic,Southern Athletic,iii,iii,
11,regular,2024-11-09 17:00:00+00:00,Shorter,West Alabama,6,31,True,False,True,Gulf South,Gulf South,ii,ii,
11,regular,2024-11-09 17:00:00+00:00,Fitchburg State,Plymouth State,21,26,True,False,True,MSCAC,MSCAC,iii,iii,
11,regular,2024-11-09 17:00:00+00:00,Delaware Valley,Eastern,27,0,True,False,True,Mid Atlantic,Mid Atlantic,iii,iii,
11,regular,2024-11-09 17:00:00+00:00,Trinity (CT),Wesleyan (CT),17,27,True,False,True,NESCAC,NESCAC,iii,iii,
11,regular,2024-11-09 17:00:00+00:00,Brockport,SUNY Cortland,28,29,True,False,True,Empire 8,Empire 8,iii,iii,
11,regular,2024-11-09 17:00:00+00:00,Greensboro,Maryville (TN),7,47,True,False,True,USA South,USA South,iii,iii,
11,regular,2024-11-09 17:00:00+00:00,East Tennessee State,Western Carolina,24,21,True,False,True,Southern,Southern,fcs,fcs,
11,regular,2024-11-09 17:00:00+00:00,Misericordia,Stevenson,17,56,True,False,True,Mid Atlantic,Mid Atlantic,iii,iii,
11,regular,2024-11-09 17:00:00+00:00,FDU Florham,Widener,7,10,True,False,True,Mid Atlantic,Mid Atlantic,iii,iii,
11,regular,2024-11-09 17:00:00+00:00,Clarion,Gannon,28,34,True,False,True,Pennsylvania State Athletic,Pennsylvania State Athletic,ii,ii,
11,regular,2024-11-09 17:00:00+00:00,Albright,King's,6,41,True,False,True,Mid Atlantic,Mid Atlantic,iii,iii,
11,regular,2024-11-09 17:00:00+00:00,St. John Fisher,SUNY Morrisville,11,14,True,False,True,Empire 8,Empire 8,iii,iii,
11,regular,2024-11-09 17:00:00+00:00,Keystone,Juniata,38,43,True,False,True,Landmark Conference,Landmark Conference,iii,iii,
11,regular,2024-11-09 17:00:00+00:00,Hamilton,Bates,24,21,True,False,True,NESCAC,NESCAC,iii,iii,
11,regular,2024-11-09 17:00:00+00:00,Endicott,Husson,32,6,True,False,True,Commonwealth Coast,Commonwealth Coast,iii,iii,
11,regular,2024-11-09 17:00:00+00:00,Merchant Marine,Springfield,7,42,True,False,True,NEWMAC,NEWMAC,iii,iii,
11,regular,2024-11-09 17:00:00+00:00,North Carolina Wesleyan,Brevard,30,24,True,False,True,USA South,USA South,iii,iii,
11,regular,2024-11-09 17:00:00+00:00,Walsh,Ashland,24,10,True,False,True,Great Midwest Athletic,Great Midwest Athletic,ii,ii,
11,regular,2024-11-09 17:00:00+00:00,Michigan Tech,Grand Valley State,0,20,True,False,True,GLIAC,GLIAC,ii,ii,
11,regular,2024-11-09 17:00:00+00:00,Davenport,Northern Michigan,52,31,True,False,True,GLIAC,GLIAC,ii,ii,
11,regular,2024-11-09 17:00:00+00:00,Vermont State Castleton,Bridgewater State,20,31,True,False,True,MSCAC,MSCAC,iii,iii,
11,regular,2024-11-09 17:00:00+00:00,Nichols,Curry,41,47,True,False,True,Commonwealth Coast,Commonwealth Coast,iii,iii,
11,regular,2024-11-09 17:00:00+00:00,Findlay,Northwood,27,17,True,False,True,Great Midwest Athletic,Great Midwest Athletic,ii,ii,
11,regular,2024-11-09 17:00:00+00:00,Moravian,Lycoming,34,23,True,False,True,Landmark Conference,Landmark Conference,iii,iii,
11,regular,2024-11-09 17:00:00+00:00,Fairmont State,West Liberty,36,35,True,False,True,Mountain East,Mountain East,ii,ii,
11,regular,2024-11-09 17:00:00+00:00,California (PA),Edinboro,28,14,True,False,True,Pennsylvania State Athletic,Pennsylvania State Athletic,ii,ii,
11,regular,2024-11-09 17:00:00+00:00,Holy Cross,Lehigh,7,10,True,False,True,Patriot,Patriot,fcs,fcs,
11,regular,2024-11-09 17:00:00+00:00,Harvard,Columbia,26,6,True,False,True,Ivy,Ivy,fcs,fcs,
11,regular,2024-11-09 17:00:00+00:00,Williams,Amherst,21,0,True,False,True,NESCAC,NESCAC,iii,iii,
11,regular,2024-11-09 17:00:00+00:00,Ohio State,Purdue,45,0,True,False,True,Big Ten,Big Ten,fbs,fbs,
11,regular,2024-11-09 17:00:00+00:00,Carnegie Mellon,Allegheny,63,10,True,False,True,Presidents',Presidents',iii,iii,
11,regular,2024-11-09 17:00:00+00:00,Southwest Minnesota State,Winona State,15,37,True,False,True,Northern Sun,Northern Sun,ii,ii,
11,regular,2024-11-09 17:00:00+00:00,Boston College,Syracuse,37,31,True,False,True,ACC,ACC,fbs,fbs,
11,regular,2024-11-09 17:00:00+00:00,Western Connecticut State,Framingham State,76,18,True,False,True,MSCAC,MSCAC,iii,iii,
11,regular,2024-11-09 17:00:00+00:00,Georgia Tech,Miami,28,23,True,False,True,ACC,ACC,fbs,fbs,
11,regular,2024-11-09 17:00:00+00:00,Cincinnati,West Virginia,24,31,True,False,True,Big 12,Big 12,fbs,fbs,
11,regular,2024-11-09 17:00:00+00:00,Salve Regina,WPI,21,14,True,False,True,NEWMAC,NEWMAC,iii,iii,
11,regular,2024-11-09 17:00:00+00:00,Rutgers,Minnesota,26,19,True,False,True,Big Ten,Big Ten,fbs,fbs,
11,regular,2024-11-09 17:00:00+00:00,Norwich,MIT,0,27,True,False,True,NEWMAC,NEWMAC,iii,iii,
11,regular,2024-11-09 17:00:00+00:00,Westfield State,UMass Dartmouth,14,56,True,False,True,MSCAC,MSCAC,iii,iii,
11,regular,2024-11-09 17:00:00+00:00,Limestone,Barton,40,26,True,False,True,South Atlantic,South Atlantic,ii,ii,
11,regular,2024-11-09 17:00:00+00:00,Texas,Florida,49,17,True,False,True,SEC,SEC,fbs,fbs,
11,regular,2024-11-09 17:00:00+00:00,Worcester State,Mass Maritime,7,34,True,False,True,MSCAC,MSCAC,iii,iii,
11,regular,2024-11-09 17:30:00+00:00,Tufts,Middlebury,17,7,True,False,True,NESCAC,NESCAC,iii,iii,
11,regular,2024-11-09 18:00:00+00:00,Grove City,Case Western Reserve,30,20,True,False,True,Presidents',Presidents',iii,iii,
11,regular,2024-11-09 18:00:00+00:00,Saint Vincent,Bethany (WV),13,21,True,False,True,Presidents',Presidents',iii,iii,
11,regular,2024-11-09 18:00:00+00:00,East Stroudsburg,Shepherd,28,7,True,False,True,Pennsylvania State Athletic,Pennsylvania State Athletic,ii,ii,
11,regular,2024-11-09 18:00:00+00:00,William Paterson,The College of New Jersey,14,21,True,False,True,New Jersey,New Jersey,iii,iii,
11,regular,2024-11-09 18:00:00+00:00,Slippery Rock,Seton Hill,38,20,True,False,True,Pennsylvania State Athletic,Pennsylvania State Athletic,ii,ii,
11,regular,2024-11-09 18:00:00+00:00,Averett,Guilford,28,21,True,False,True,Old Dominion,Old Dominion,iii,iii,
11,regular,2024-11-09 18:00:00+00:00,Pace,Assumption,7,14,True,False,True,Northeast 10,Northeast 10,ii,ii,
11,regular,2024-11-09 18:00:00+00:00,Bluefield State,Elizabeth City State,21,27,True,False,True,CIAA,CIAA,ii,ii,
11,regular,2024-11-09 18:00:00+00:00,UNC Pembroke,Frostburg State,58,17,True,False,True,Mountain East,Mountain East,ii,ii,
11,regular,2024-11-09 18:00:00+00:00,Glenville State,West Virginia State,40,14,True,False,True,Mountain East,Mountain East,ii,ii,
11,regular,2024-11-09 18:00:00+00:00,West Virginia Wesleyan,Charleston (WV),21,69,True,False,True,Mountain East,Mountain East,ii,ii,
11,regular,2024-11-09 18:00:00+00:00,Stetson,Marist,31,40,True,False,True,Pioneer,Pioneer,fcs,fcs,
11,regular,2024-11-09 18:00:00+00:00,Concord,Wheeling,30,50,True,False,True,Mountain East,Mountain East,ii,ii,
11,regular,2024-11-09 18:00:00+00:00,Franklin Pierce,Bentley,26,34,True,True,True,Northeast 10,Northeast 10,ii,ii,
11,regular,2024-11-09 18:00:00+00:00,Cornell,Pennsylvania,49,67,True,False,True,Ivy,Ivy,fcs,fcs,
11,regular,2024-11-09 18:00:00+00:00,Stony Brook,UAlbany,24,6,True,False,True,Coastal Athletic,Coastal Athletic,fcs,fcs,
11,regular,2024-11-09 18:00:00+00:00,Ithaca,St. Lawrence,41,0,True,False,True,Liberty League,Liberty League,iii,iii,
11,regular,2024-11-09 18:00:00+00:00,St. Norbert,Lakeland,55,13,True,False,True,NACC,NACC,iii,iii,
11,regular,2024-11-09 18:00:00+00:00,Lock Haven,Shippensburg,42,21,True,False,True,Pennsylvania State Athletic,Pennsylvania State Athletic,ii,ii,
11,regular,2024-11-09 18:00:00+00:00,Westminster (MO),Minnesota Morris,27,47,True,False,True,Upper Midwest,Upper Midwest,iii,iii,
11,regular,2024-11-09 18:00:00+00:00,Middle Tennessee,Liberty,17,37,True,False,True,Conference USA,Conference USA,fbs,fbs,
11,regular,2024-11-09 18:00:00+00:00,Wittenberg,Wabash,28,31,True,False,True,North Coast,North Coast,iii,iii,
11,regular,2024-11-09 18:00:00+00:00,Carroll (WI),Illinois Wesleyan,21,24,True,False,True,CCIW,CCIW,iii,iii,
11,regular,2024-11-09 18:00:00+00:00,Buffalo State,Rensselaer,7,48,True,False,True,Liberty League,Liberty League,iii,iii,
11,regular,2024-11-09 18:00:00+00:00,Stonehill,Central Connecticut,17,21,True,False,True,NEC,NEC,fcs,fcs,
11,regular,2024-11-09 18:00:00+00:00,Calvin,Hope,7,38,True,True,True,Michigan,Michigan,iii,iii,
11,regular,2024-11-09 18:00:00+00:00,Towson,Hampton,27,10,True,False,True,Coastal Athletic,Coastal Athletic,fcs,fcs,
11,regular,2024-11-09 18:00:00+00:00,Villanova,North Carolina A&T,31,3,True,False,True,Coastal Athletic,Coastal Athletic,fcs,fcs,
11,regular,2024-11-09 18:00:00+00:00,Davidson,Morehead State,31,14,True,False,True,Pioneer,Pioneer,fcs,fcs,
11,regular,2024-11-09 18:00:00+00:00,Bucknell,Fordham,28,27,True,False,True,Patriot,Patriot,fcs,fcs,
11,regular,2024-11-09 18:00:00+00:00,Post,American International,27,28,True,True,True,Northeast 10,Northeast 10,ii,ii,
11,regular,2024-11-09 18:00:00+00:00,Maine,Bryant,38,26,True,False,True,Coastal Athletic,Coastal Athletic,fcs,fcs,
11,regular,2024-11-09 18:00:00+00:00,Colgate,Lafayette,20,21,True,False,True,Patriot,Patriot,fcs,fcs,
11,regular,2024-11-09 18:00:00+00:00,Western New England,New England,24,6,True,False,True,Commonwealth Coast,Commonwealth Coast,iii,iii,
11,regular,2024-11-09 18:00:00+00:00,New Hampshire,Monmouth,33,20,True,False,True,Coastal Athletic,Coastal Athletic,fcs,fcs,
11,regular,2024-11-09 18:00:00+00:00,Denison,Oberlin,63,0,True,False,True,North Coast,North Coast,iii,iii,
11,regular,2024-11-09 18:00:00+00:00,Kalamazoo,Alma,13,51,True,False,True,Michigan,Michigan,iii,iii,
11,regular,2024-11-09 18:00:00+00:00,SE Louisiana,Northwestern State,41,0,True,False,True,Southland,Southland,fcs,fcs,
11,regular,2024-11-09 18:00:00+00:00,Luther,Buena Vista,13,40,True,False,True,American Rivers,American Rivers,iii,iii,
11,regular,2024-11-09 18:00:00+00:00,North Park,Washington St. Louis,21,28,True,False,True,CCIW,CCIW,iii,iii,
11,regular,2024-11-09 18:00:00+00:00,Southern Virginia,Huntingdon,0,51,True,False,True,USA South,USA South,iii,iii,
11,regular,2024-11-09 18:00:00+00:00,Johns Hopkins,Dickinson,30,0,True,False,True,Centennial,Centennial,iii,iii,
11,regular,2024-11-09 18:00:00+00:00,Montclair State,Christopher Newport,10,33,True,False,True,New Jersey,New Jersey,iii,iii,
11,regular,2024-11-09 18:00:00+00:00,Catholic,Wilkes,15,40,True,False,True,Landmark Conference,Landmark Conference,iii,iii,
11,regular,2024-11-09 18:00:00+00:00,Emory & Henry,UVA Wise,62,14,True,False,True,South Atlantic,South Atlantic,ii,ii,
11,regular,2024-11-09 18:00:00+00:00,Lake Forest,Monmouth (IL),35,28,True,False,True,Midwest,Midwest,iii,iii,
11,regular,2024-11-09 18:00:00+00:00,Southern Illinois,Youngstown State,37,33,True,False,True,MVFC,MVFC,fcs,fcs,
11,regular,2024-11-09 18:00:00+00:00,Bowie State,Lincoln (PA),45,7,True,False,True,CIAA,CIAA,ii,ii,
11,regular,2024-11-09 18:00:00+00:00,Virginia State,Virginia Union,35,28,True,False,True,CIAA,CIAA,ii,ii,
11,regular,2024-11-09 18:00:00+00:00,Lake Erie,Ohio Dominican,21,38,True,False,True,Great Midwest Athletic,Great Midwest Athletic,ii,ii,
11,regular,2024-11-09 18:00:00+00:00,Mississippi College,Northeastern State,35,7,True,False,False,Gulf South,Independent DII,ii,ii,
11,regular,2024-11-09 18:00:00+00:00,Wisconsin La Crosse,Wisconsin Whitewater,24,21,True,False,True,Wisconsin,Wisconsin,iii,iii,
11,regular,2024-11-09 18:00:00+00:00,Wisconsin River Falls,Wisconsin Stevens Point,45,17,True,False,True,Wisconsin,Wisconsin,iii,iii,
11,regular,2024-11-09 18:00:00+00:00,Randolph Macon,Ferrum,35,7,True,False,True,Old Dominion,Old Dominion,iii,iii,
11,regular,2024-11-09 18:00:00+00:00,Geneva,Westminster (PA),7,56,True,False,True,Presidents',Presidents',iii,iii,
11,regular,2024-11-09 18:00:00+00:00,Shenandoah,Hampden Sydney,35,7,True,False,True,Old Dominion,Old Dominion,iii,iii,
11,regular,2024-11-09 18:00:00+00:00,Waynesburg,Thiel,37,10,True,False,True,Presidents',Presidents',iii,iii,
11,regular,2024-11-09 18:00:00+00:00,Salisbury,McDaniel,69,13,True,False,False,New Jersey,Centennial,iii,iii,
11,regular,2024-11-09 18:00:00+00:00,Ferris State,Saginaw Valley State,27,24,True,False,True,GLIAC,GLIAC,ii,ii,
11,regular,2024-11-09 18:00:00+00:00,Saint Anselm,New Haven,11,14,True,False,True,Northeast 10,Northeast 10,ii,ii,
11,regular,2024-11-09 18:00:00+00:00,Rowan,Kean,42,14,True,False,True,New Jersey,New Jersey,iii,iii,
11,regular,2024-11-09 18:00:00+00:00,Lincoln (MO),Lane College,28,41,True,False,False,Great Lakes,SIAC,ii,ii,
11,regular,2024-11-09 18:00:00+00:00,Concordia (WI),Concordia Chicago,52,24,True,False,True,NACC,NACC,iii,iii,
11,regular,2024-11-09 18:00:00+00:00,Hillsdale,Tiffin,20,17,True,False,True,Great Midwest Athletic,Great Midwest Athletic,ii,ii,
11,regular,2024-11-09 18:00:00+00:00,Morehouse,Clark Atlanta,17,28,True,False,True,SIAC,SIAC,ii,ii,
11,regular,2024-11-09 18:00:00+00:00,Kenyon,Ohio Wesleyan,13,12,True,False,True,North Coast,North Coast,iii,iii,
11,regular,2024-11-09 18:00:00+00:00,Central State,Kentucky State,14,24,True,False,True,SIAC,SIAC,ii,ii,
11,regular,2024-11-09 18:00:00+00:00,Chowan,Erskine,21,3,True,False,True,Gulf South,Gulf South,ii,ii,
11,regular,2024-11-09 18:00:00+00:00,Rockford,Wisconsin Lutheran,48,49,True,False,True,NACC,NACC,iii,iii,
11,regular,2024-11-09 18:00:00+00:00,Tusculum,Carson Newman,14,56,True,False,True,South Atlantic,South Atlantic,ii,ii,
11,regular,2024-11-09 18:00:00+00:00,Minnesota St Moorhead,Bemidji State,14,25,True,False,True,Northern Sun,Northern Sun,ii,ii,
11,regular,2024-11-09 18:00:00+00:00,Winston-Salem State,Fayetteville State,37,31,True,False,True,CIAA,CIAA,ii,ii,
11,regular,2024-11-09 18:00:00+00:00,Defiance College,Hanover,7,31,True,True,False,,Heartland,,iii,
11,regular,2024-11-09 18:00:00+00:00,Ursinus,Gettysburg,34,0,True,False,True,Centennial,Centennial,iii,iii,
11,regular,2024-11-09 18:00:00+00:00,Minnesota State,University of Mary,49,21,True,False,True,Northern Sun,Northern Sun,ii,ii,
11,regular,2024-11-09 18:00:00+00:00,Trine,Adrian,52,32,True,False,True,Michigan,Michigan,iii,iii,
11,regular,2024-11-09 18:00:00+00:00,Delaware,Rhode Island,24,21,True,False,True,CAA,Coastal Athletic,fcs,fcs,
11,regular,2024-11-09 18:00:00+00:00,William & Mary,Elon,36,40,True,False,True,Coastal Athletic,Coastal Athletic,fcs,fcs,
11,regular,2024-11-09 18:00:00+00:00,Alvernia,Lebanon Valley,10,23,True,False,True,Mid Atlantic,Mid Atlantic,iii,iii,
11,regular,2024-11-09 18:00:00+00:00,North Central College,Elmhurst,70,7,True,False,True,CCIW,CCIW,iii,iii,
11,regular,2024-11-09 18:00:00+00:00,Concordia St. Paul,Minnesota Duluth,7,35,True,False,True,Northern Sun,Northern Sun,ii,ii,
11,regular,2024-11-09 18:00:00+00:00,Wayne State (MI),Roosevelt,38,14,True,False,True,GLIAC,GLIAC,ii,ii,
11,regular,2024-11-09 18:00:00+00:00,Wayne State (NE),Northern State,21,28,True,False,True,Northern Sun,Northern Sun,ii,ii,
11,regular,2024-11-09 18:00:00+00:00,Franklin & Marshall,Muhlenberg,23,24,True,False,True,Centennial,Centennial,iii,iii,
11,regular,2024-11-09 18:00:00+00:00,Hartwick,Alfred,0,51,True,False,True,Empire 8,Empire 8,iii,iii,
11,regular,2024-11-09 18:00:00+00:00,Albion,Olivet,49,14,True,False,True,Michigan,Michigan,iii,iii,
11,regular,2024-11-09 18:00:00+00:00,Berry,Millsaps,45,7,True,False,True,Southern Athletic,Southern Athletic,iii,iii,
11,regular,2024-11-09 18:00:00+00:00,Belhaven,LaGrange,36,9,True,False,True,USA South,USA South,iii,iii,
11,regular,2024-11-09 18:30:00+00:00,John Carroll,Otterbein,56,0,True,False,True,Ohio,Ohio,iii,iii,
11,regular,2024-11-09 18:30:00+00:00,VMI,Mercer,0,34,True,False,True,Southern,Southern,fcs,fcs,
11,regular,2024-11-09 18:30:00+00:00,Wilmington (OH),Heidelberg,20,30,True,False,True,Ohio,Ohio,iii,iii,
11,regular,2024-11-09 18:30:00+00:00,Gardner-Webb,Eastern Illinois,31,28,True,False,True,Big South-OVC,Big South-OVC,fcs,fcs,
11,regular,2024-11-09 18:30:00+00:00,Muskingum,Capital,51,20,True,False,True,Ohio,Ohio,iii,iii,
11,regular,2024-11-09 18:30:00+00:00,Baldwin Wallace,Ohio Northern,27,26,True,False,True,Ohio,Ohio,iii,iii,
11,regular,2024-11-09 18:30:00+00:00,Wingate,Newberry,38,0,True,False,True,South Atlantic,South Atlantic,ii,ii,
11,regular,2024-11-09 18:30:00+00:00,Bluffton,Franklin,28,22,True,False,True,Heartland,Heartland,iii,iii,
11,regular,2024-11-09 18:30:00+00:00,Manchester,Mount St Joseph,7,43,True,False,True,Heartland,Heartland,iii,iii,
11,regular,2024-11-09 18:30:00+00:00,Anderson (IN),Rose Hulman,9,28,True,False,True,Heartland,Heartland,iii,iii,
11,regular,2024-11-09 18:30:00+00:00,Mount Union,Marietta,28,21,True,False,True,Ohio,Ohio,iii,iii,
11,regular,2024-11-09 19:00:00+00:00,Benedict,Savannah State,35,27,True,False,True,SIAC,SIAC,ii,ii,
11,regular,2024-11-09 19:00:00+00:00,Northern Iowa,Illinois State,9,31,True,False,True,MVFC,MVFC,fcs,fcs,
11,regular,2024-11-09 19:00:00+00:00,Charleston Southern,UT Martin,14,40,True,False,True,Big South-OVC,Big South-OVC,fcs,fcs,
11,regular,2024-11-09 19:00:00+00:00,Hardin Simmons,Mary Hardin Baylor,27,19,True,False,True,American Southwest,American Southwest,iii,iii,
11,regular,2024-11-09 19:00:00+00:00,Millikin,Wheaton (IL),10,64,True,False,True,CCIW,CCIW,iii,iii,
11,regular,2024-11-09 19:00:00+00:00,Lawrence,Knox,34,35,True,False,True,Midwest,Midwest,iii,iii,
11,regular,2024-11-09 19:00:00+00:00,Indianapolis,Missouri S&T,55,10,True,False,True,Great Lakes,Great Lakes,ii,ii,
11,regular,2024-11-09 19:00:00+00:00,Martin Luther,Crown,13,0,True,False,True,Upper Midwest,Upper Midwest,iii,iii,
11,regular,2024-11-09 19:00:00+00:00,Bloomsburg,Millersville,35,27,True,False,True,Pennsylvania State Athletic,Pennsylvania State Athletic,ii,ii,
11,regular,2024-11-09 19:00:00+00:00,Washburn,Central Oklahoma,27,28,True,False,True,Mid America,Mid America,ii,ii,
11,regular,2024-11-09 19:00:00+00:00,Edward Waters,Allen,33,28,True,False,True,SIAC,SIAC,ii,ii,
11,regular,2024-11-09 19:00:00+00:00,Augsburg,Macalester,33,3,True,False,True,Minnesota,Minnesota,iii,iii,
11,regular,2024-11-09 19:00:00+00:00,Emporia State,Central Missouri,36,45,True,False,True,Mid America,Mid America,ii,ii,
11,regular,2024-11-09 19:00:00+00:00,Augustana (IL),Carthage,31,21,True,False,True,CCIW,CCIW,iii,iii,
11,regular,2024-11-09 19:00:00+00:00,Fort Lewis,New Mexico Highlands,44,22,True,False,True,Rocky Mountain,Rocky Mountain,ii,ii,
11,regular,2024-11-09 19:00:00+00:00,The Citadel,Chattanooga,7,31,True,False,True,Southern,Southern,fcs,fcs,
11,regular,2024-11-09 19:00:00+00:00,South Dakota Mines,Colorado Mesa,17,14,True,False,True,Rocky Mountain,Rocky Mountain,ii,ii,
11,regular,2024-11-09 19:00:00+00:00,Henderson State,Southwestern Oklahoma State,35,17,True,False,True,Great American,Great American,ii,ii,
11,regular,2024-11-09 19:00:00+00:00,Chicago,Grinnell,42,6,True,False,True,Midwest,Midwest,iii,iii,
11,regular,2024-11-09 19:00:00+00:00,Concordia (MN),Bethel (MN),16,49,True,False,True,Minnesota,Minnesota,iii,iii,
11,regular,2024-11-09 19:00:00+00:00,Howard Payne,East Texas Baptist,17,38,True,False,True,American Southwest,American Southwest,iii,iii,
11,regular,2024-11-09 19:00:00+00:00,Tuskegee,Miles,7,37,True,False,True,SIAC,SIAC,ii,ii,
11,regular,2024-11-09 19:00:00+00:00,Carleton,Gustavus Adolphus,51,17,True,False,True,Minnesota,Minnesota,iii,iii,
11,regular,2024-11-09 19:00:00+00:00,Fort Valley State,Albany State,15,20,True,True,True,SIAC,SIAC,ii,ii,
11,regular,2024-11-09 19:00:00+00:00,Sewanee,Hendrix,15,27,True,False,True,Southern Athletic,Southern Athletic,iii,iii,
11,regular,2024-11-09 19:00:00+00:00,Centenary (LA),Texas Lutheran,23,46,True,True,True,Southern Collegiate Athletic,Southern Collegiate Athletic,iii,iii,
11,regular,2024-11-09 19:00:00+00:00,McKendree,Upper Iowa,24,28,True,False,True,Great Lakes,Great Lakes,ii,ii,
11,regular,2024-11-09 19:00:00+00:00,Bridgewater,Washington and Lee,7,23,True,False,True,Old Dominion,Old Dominion,iii,iii,
11,regular,2024-11-09 19:00:00+00:00,Northern Colorado,Eastern Washington,15,43,True,False,True,Big Sky,Big Sky,fcs,fcs,
11,regular,2024-11-09 19:00:00+00:00,Western New Mexico,Texas A&M-Kingsville,20,28,True,False,True,Lone Star,Lone Star,ii,ii,
11,regular,2024-11-09 19:00:00+00:00,Lindenwood,Southeast Missouri State,24,12,True,False,True,Big South-OVC,Big South-OVC,fcs,fcs,
11,regular,2024-11-09 19:00:00+00:00,West Florida,North Greenville,35,14,True,True,True,Gulf South,Gulf South,ii,ii,
11,regular,2024-11-09 19:00:00+00:00,Livingstone,Johnson C. Smith,15,10,True,False,True,CIAA,CIAA,ii,ii,
11,regular,2024-11-09 19:00:00+00:00,Murray State,Missouri State,31,59,True,False,True,MVFC,MVFC,fcs,fcs,
11,regular,2024-11-09 19:00:00+00:00,North Dakota,South Dakota State,7,38,True,False,True,MVFC,MVFC,fcs,fcs,
11,regular,2024-11-09 19:00:00+00:00,Illinois College,Cornell (IA),42,14,True,False,True,Midwest,Midwest,iii,iii,
11,regular,2024-11-09 19:00:00+00:00,Dubuque,Wartburg,14,24,True,False,True,American Rivers,American Rivers,iii,iii,
11,regular,2024-11-09 19:00:00+00:00,Thomas More,Kentucky Wesleyan,47,12,True,True,True,Great Midwest Athletic,Great Midwest Athletic,ii,ii,
11,regular,2024-11-09 19:00:00+00:00,Trinity (TX),Southwestern U,34,7,True,False,True,Southern Athletic,Southern Athletic,iii,iii,
11,regular,2024-11-09 19:00:00+00:00,Coe,Simpson (IA),47,10,True,False,True,American Rivers,American Rivers,iii,iii,
11,regular,2024-11-09 19:00:00+00:00,Wisconsin Platteville,Wisconsin Eau Claire,56,14,True,False,True,Wisconsin,Wisconsin,iii,iii,
11,regular,2024-11-09 19:00:00+00:00,Furman,Wofford,13,19,True,False,True,Southern,Southern,fcs,fcs,
11,regular,2024-11-09 19:00:00+00:00,Western Illinois,Tennessee State,20,45,True,False,True,Big South-OVC,Big South-OVC,fcs,fcs,
11,regular,2024-11-09 19:00:00+00:00,Eastern New Mexico,UT Permian Basin,14,64,True,False,True,Lone Star,Lone Star,ii,ii,
11,regular,2024-11-09 19:00:00+00:00,St. Thomas (MN),Drake,19,22,True,False,True,Pioneer,Pioneer,fcs,fcs,
11,regular,2024-11-09 19:00:00+00:00,Saint John's (MN),St. Olaf,55,6,True,False,True,Minnesota,Minnesota,iii,iii,
11,regular,2024-11-09 19:00:00+00:00,Hilbert,Utica,6,36,True,True,True,Empire 8,Empire 8,iii,iii,
11,regular,2024-11-09 19:00:00+00:00,West Georgia,Tarleton State,21,38,True,False,True,UAC,UAC,fcs,fcs,
11,regular,2024-11-09 19:00:00+00:00,Eastern Kentucky,Central Arkansas,31,24,True,False,True,UAC,UAC,fcs,fcs,
11,regular,2024-11-09 19:00:00+00:00,Augustana (SD),Sioux Falls,27,21,True,False,True,Northern Sun,Northern Sun,ii,ii,
11,regular,2024-11-09 19:00:00+00:00,Loras,Nebraska Wesleyan,32,22,True,False,True,American Rivers,American Rivers,iii,iii,
11,regular,2024-11-09 19:00:00+00:00,Valparaiso,Butler,17,24,True,False,True,Pioneer,Pioneer,fcs,fcs,
11,regular,2024-11-09 19:00:00+00:00,Ripon,Beloit,16,7,True,False,True,Midwest,Midwest,iii,iii,
11,regular,2024-11-09 19:00:00+00:00,South Dakota,Indiana State,49,0,True,False,True,MVFC,MVFC,fcs,fcs,
11,regular,2024-11-09 19:00:00+00:00,Southwest Baptist,Quincy,25,34,True,False,True,Great Lakes,Great Lakes,ii,ii,
11,regular,2024-11-09 19:00:00+00:00,Hamline,St. Scholastica,28,42,True,False,True,Minnesota,Minnesota,iii,iii,
11,regular,2024-11-09 19:30:00+00:00,UAB,UConn,23,31,True,False,False,American Athletic,FBS Independents,fbs,fbs,
11,regular,2024-11-09 20:00:00+00:00,Lyon,McMurry,0,28,True,True,True,Southern Collegiate Athletic,Southern Collegiate Athletic,iii,iii,
11,regular,2024-11-09 20:00:00+00:00,Southern,Bethune-Cookman,25,23,True,False,True,SWAC,SWAC,fcs,fcs,
11,regular,2024-11-09 20:00:00+00:00,Prairie View A&M,Florida A&M,31,12,True,False,True,SWAC,SWAC,fcs,fcs,
11,regular,2024-11-09 20:00:00+00:00,Oklahoma Baptist,Ouachita Baptist,0,55,True,False,True,Great American,Great American,ii,ii,
11,regular,2024-11-09 20:00:00+00:00,Arkansas-Pine Bluff,Alabama A&M,24,52,True,False,True,SWAC,SWAC,fcs,fcs,
11,regular,2024-11-09 20:00:00+00:00,Weber State,Idaho State,35,43,True,False,True,Big Sky,Big Sky,fcs,fcs,
11,regular,2024-11-09 20:00:00+00:00,Missouri Southern State,Nebraska Kearney,24,13,True,False,True,Mid America,Mid America,ii,ii,
11,regular,2024-11-09 20:00:00+00:00,Western Colorado,Chadron State,21,17,True,False,True,Rocky Mountain,Rocky Mountain,ii,ii,
11,regular,2024-11-09 20:00:00+00:00,CSU Pueblo,Colorado School of Mines,28,13,True,False,True,Rocky Mountain,Rocky Mountain,ii,ii,
11,regular,2024-11-09 20:00:00+00:00,Delta State,Valdosta State,20,49,True,False,True,Gulf South,Gulf South,ii,ii,
11,regular,2024-11-09 20:00:00+00:00,East Central,Harding,7,34,True,False,True,Great American,Great American,ii,ii,
11,regular,2024-11-09 20:00:00+00:00,Southern Miss,Marshall,3,37,True,False,True,Sun Belt,Sun Belt,fbs,fbs,
11,regular,2024-11-09 20:00:00+00:00,Southern Arkansas,Northwestern (OK),78,0,True,False,True,Great American,Great American,ii,ii,
11,regular,2024-11-09 20:00:00+00:00,Grambling,Alabama State,24,23,True,False,True,SWAC,SWAC,fcs,fcs,
11,regular,2024-11-09 20:00:00+00:00,Southeastern Oklahoma State,Arkansas Tech,0,6,True,False,True,Great American,Great American,ii,ii,
11,regular,2024-11-09 20:00:00+00:00,Alcorn State,Texas Southern,42,21,True,False,True,SWAC,SWAC,fcs,fcs,
11,regular,2024-11-09 20:00:00+00:00,Missouri Western,Northwest Missouri State,23,33,True,False,True,Mid America,Mid America,ii,ii,
11,regular,2024-11-09 20:00:00+00:00,Southern Nazarene,Arkansas Monticello,24,21,True,False,True,Great American,Great American,ii,ii,
11,regular,2024-11-09 20:00:00+00:00,Wisconsin Oshkosh,Wisconsin Stout,42,45,True,False,True,Wisconsin,Wisconsin,iii,iii,
11,regular,2024-11-09 20:00:00+00:00,North Alabama,Southern Utah,26,38,True,False,True,UAC,UAC,fcs,fcs,
11,regular,2024-11-09 20:00:00+00:00,Samford,Tennessee Tech,7,27,True,False,False,Southern,Big South-OVC,fcs,fcs,
11,regular,2024-11-09 20:00:00+00:00,Black Hills State,Adams State,45,3,True,False,True,Rocky Mountain,Rocky Mountain,ii,ii,
11,regular,2024-11-09 20:00:00+00:00,Jackson State,Mississippi Valley State,51,14,True,False,True,SWAC,SWAC,fcs,fcs,
11,regular,2024-11-09 20:00:00+00:00,Houston Christian,Nicholls,24,21,True,False,True,Southland,Southland,fcs,fcs,
11,regular,2024-11-09 20:00:00+00:00,Incarnate Word,Lamar,41,20,True,False,True,Southland,Southland,fcs,fcs,
11,regular,2024-11-09 20:00:00+00:00,Montana State,Sacramento State,49,7,True,False,True,Big Sky,Big Sky,fcs,fcs,
11,regular,2024-11-09 20:30:00+00:00,North Texas,Army,3,14,True,False,True,American Athletic,American Athletic,fbs,fbs,
11,regular,2024-11-09 20:30:00+00:00,Kansas,Iowa State,45,36,True,True,True,Big 12,Big 12,fbs,fbs,
11,regular,2024-11-09 20:30:00+00:00,Ole Miss,Georgia,28,10,True,False,True,SEC,SEC,fbs,fbs,
11,regular,2024-11-09 20:30:00+00:00,Indiana,Michigan,20,15,True,False,True,Big Ten,Big Ten,fbs,fbs,
11,regular,2024-11-09 20:30:00+00:00,NC State,Duke,19,29,True,False,True,ACC,ACC,fbs,fbs,
11,regular,2024-11-09 20:30:00+00:00,Virginia Tech,Clemson,14,24,True,False,True,ACC,ACC,fbs,fbs,
11,regular,2024-11-09 20:30:00+00:00,James Madison,Georgia State,38,7,True,False,True,Sun Belt,Sun Belt,fbs,fbs,
11,regular,2024-11-09 20:30:00+00:00,Oregon State,San José State,13,24,True,False,False,Pac-12,Mountain West,fbs,fbs,
11,regular,2024-11-09 20:30:00+00:00,Campbell,Richmond,24,27,True,False,True,Coastal Athletic,Coastal Athletic,fcs,fcs,
11,regular,2024-11-09 20:30:00+00:00,Howard,South Carolina State,14,38,True,False,True,MEAC,MEAC,fcs,fcs,
11,regular,2024-11-09 21:00:00+00:00,George Fox,Whitworth,0,31,True,False,True,Northwest,Northwest,iii,iii,
11,regular,2024-11-09 21:00:00+00:00,La Verne,Chapman,21,42,True,False,True,So. Cal.,So. Cal.,iii,iii,
11,regular,2024-11-09 21:00:00+00:00,Austin Peay,Abilene Christian,34,35,True,False,True,UAC,UAC,fcs,fcs,
11,regular,2024-11-09 21:00:00+00:00,Tulane,Temple,52,6,True,False,True,American Athletic,American Athletic,fbs,fbs,
11,regular,2024-11-09 21:00:00+00:00,Texas Tech,Colorado,27,41,True,False,True,Big 12,Big 12,fbs,fbs,
11,regular,2024-11-09 21:00:00+00:00,Linfield,Pacific Lutheran,38,10,True,False,True,Northwest,Northwest,iii,iii,
11,regular,2024-11-09 21:00:00+00:00,Willamette,Pacific (OR),10,24,True,False,True,Northwest,Northwest,iii,iii,
11,regular,2024-11-09 21:00:00+00:00,William Jewell,Truman State,0,34,True,True,True,Great Lakes,Great Lakes,ii,ii,
11,regular,2024-11-09 21:00:00+00:00,Claremont Mudd Scripps,Cal Lutheran,41,24,True,False,True,So. Cal.,So. Cal.,iii,iii,
11,regular,2024-11-09 21:00:00+00:00,Anderson (SC),Mars Hill,16,31,True,True,True,South Atlantic,South Atlantic,ii,ii,
11,regular,2024-11-09 21:00:00+00:00,Redlands,Pomona Pitzer,10,21,True,False,True,So. Cal.,So. Cal.,iii,iii,
11,regular,2024-11-09 21:00:00+00:00,Puget Sound,Lewis & Clark,28,55,True,False,True,Northwest,Northwest,iii,iii,
11,regular,2024-11-09 21:00:00+00:00,Portland State,Idaho,30,39,True,False,True,Big Sky,Big Sky,fcs,fcs,
11,regular,2024-11-09 21:00:00+00:00,UTEP,Kennesaw State,43,35,True,False,True,Conference USA,Conference USA,fbs,fbs,
11,regular,2024-11-09 21:05:00+00:00,Western Oregon,Angelo State,16,38,True,False,True,Lone Star,Lone Star,ii,ii,
11,regular,2024-11-09 21:15:00+00:00,Vanderbilt,South Carolina,7,28,True,False,True,SEC,SEC,fbs,fbs,
11,regular,2024-11-09 21:30:00+00:00,Louisiana Tech,Jacksonville State,37,44,True,False,True,Conference USA,Conference USA,fbs,fbs,
11,regular,2024-11-09 21:30:00+00:00,East Texas A&M,Stephen F. Austin,19,14,True,False,True,Southland,Southland,fcs,fcs,
11,regular,2024-11-09 22:00:00+00:00,Bowdoin,Colby,10,34,True,False,True,NESCAC,NESCAC,iii,iii,
11,regular,2024-11-09 22:00:00+00:00,Louisiana,Arkansas State,55,19,True,False,True,Sun Belt,Sun Belt,fbs,fbs,
11,regular,2024-11-09 23:00:00+00:00,Catawba,Lenoir Rhyne,14,33,True,False,True,South Atlantic,South Atlantic,ii,ii,
11,regular,2024-11-09 23:00:00+00:00,New Mexico State,Western Kentucky,28,41,True,False,True,Conference USA,Conference USA,fbs,fbs,
11,regular,2024-11-10 00:00:00+00:00,TCU,Oklahoma State,38,13,True,False,True,Big 12,Big 12,fbs,fbs,
11,regular,2024-11-10 00:00:00+00:00,Arizona State,UCF,35,31,True,False,True,Big 12,Big 12,fbs,fbs,
11,regular,2024-11-10 00:00:00+00:00,West Texas,Midwestern State,17,12,True,False,True,Lone Star,Lone Star,ii,ii,
11,regular,2024-11-10 00:00:00+00:00,Eureka,Aurora,0,56,True,False,True,NACC,NACC,iii,iii,
11,regular,2024-11-10 00:00:00+00:00,Oregon,Maryland,39,18,True,False,True,Big Ten,Big Ten,fbs,fbs,
11,regular,2024-11-10 00:00:00+00:00,Tennessee,Mississippi State,33,14,True,False,True,SEC,SEC,fbs,fbs,
11,regular,2024-11-10 00:30:00+00:00,LSU,Alabama,13,42,True,False,True,SEC,SEC,fbs,fbs,
11,regular,2024-11-10 00:30:00+00:00,Notre Dame,Florida State,52,3,True,False,False,FBS Independents,ACC,fbs,fbs,
11,regular,2024-11-10 00:45:00+00:00,Missouri,Oklahoma,30,23,True,False,True,SEC,SEC,fbs,fbs,
11,regular,2024-11-10 01:00:00+00:00,Penn State,Washington,35,6,True,False,True,Big Ten,Big Ten,fbs,fbs,
11,regular,2024-11-10 01:00:00+00:00,Cal Poly,Northern Arizona,14,31,True,False,True,Big Sky,Big Sky,fcs,fcs,
11,regular,2024-11-10 01:00:00+00:00,Pittsburgh,Virginia,19,24,True,False,True,ACC,ACC,fbs,fbs,
11,regular,2024-11-10 01:00:00+00:00,Boise State,Nevada,28,21,True,False,True,Mountain West,Mountain West,fbs,fbs,
11,regular,2024-11-10 02:00:00+00:00,Hawai'i,UNLV,27,29,True,False,True,Mountain West,Mountain West,fbs,fbs,
11,regular,2024-11-10 02:00:00+00:00,Central Washington,Sul Ross State,66,0,True,False,True,Lone Star,Lone Star,ii,ii,
11,regular,2024-11-10 02:45:00+00:00,Air Force,Fresno State,36,28,True,False,True,Mountain West,Mountain West,fbs,fbs,
11,regular,2024-11-10 03:15:00+00:00,Utah,BYU,21,22,True,False,True,Big 12,Big 12,fbs,fbs,
11,regular,2024-11-10 03:15:00+00:00,Montana,UC Davis,14,30,True,False,True,Big Sky,Big Sky,fcs,fcs,
11,regular,2024-11-10 03:30:00+00:00,Washington State,Utah State,49,28,True,False,False,Pac-12,Mountain West,fbs,fbs,
12,regular,2024-11-13 00:00:00+00:00,Buffalo,Ball State,51,48,True,False,True,Mid-American,Mid-American,fbs,fbs,
12,regular,2024-11-13 00:00:00+00:00,Bowling Green,Western Michigan,31,13,True,False,True,Mid-American,Mid-American,fbs,fbs,
12,regular,2024-11-13 00:00:00+00:00,Toledo,Central Michigan,37,10,True,False,True,Mid-American,Mid-American,fbs,fbs,
12,regular,2024-11-14 00:00:00+00:00,Northern Illinois,Akron,29,16,True,False,True,Mid-American,Mid-American,fbs,fbs,
12,regular,2024-11-14 00:00:00+00:00,Miami (OH),Kent State,34,7,True,False,True,Mid-American,Mid-American,fbs,fbs,
12,regular,2024-11-14 00:00:00+00:00,Ohio,Eastern Michigan,35,10,True,False,True,Mid-American,Mid-American,fbs,fbs,
12,regular,2024-11-15 00:30:00+00:00,Tulsa,East Carolina,31,38,True,False,True,American Athletic,American Athletic,fbs,fbs,
12,regular,2024-11-15 01:00:00+00:00,Alabama A&M,Grambling,22,17,True,False,True,SWAC,SWAC,fcs,fcs,
12,regular,2024-11-16 01:00:00+00:00,Colorado State,Wyoming,24,10,True,False,True,Mountain West,Mountain West,fbs,fbs,
12,regular,2024-11-16 01:00:00+00:00,North Carolina Central,Howard,26,3,True,False,True,MEAC,MEAC,fcs,fcs,
12,regular,2024-11-16 01:00:00+00:00,UTSA,North Texas,48,27,True,False,True,American Athletic,American Athletic,fbs,fbs,
12,regular,2024-11-16 02:00:00+00:00,Washington,UCLA,31,19,True,False,True,Big Ten,Big Ten,fbs,fbs,
12,regular,2024-11-16 03:15:00+00:00,Arizona,Houston,27,3,True,False,True,Big 12,Big 12,fbs,fbs,
12,regular,2024-11-16 17:00:00+00:00,Seton Hill,Shepherd,10,13,True,False,True,Pennsylvania State Athletic,Pennsylvania State Athletic,ii,ii,
12,regular,2024-11-16 17:00:00+00:00,Navy,Tulane,0,35,True,False,True,American Athletic,American Athletic,fbs,fbs,
12,regular,2024-11-16 17:00:00+00:00,SUNY Cortland,Ithaca,28,17,True,False,False,Empire 8,Liberty League,iii,iii,
12,regular,2024-11-16 17:00:00+00:00,Lycoming,Susquehanna,7,55,True,False,True,Landmark Conference,Landmark Conference,iii,iii,
12,regular,2024-11-16 17:00:00+00:00,Rensselaer,Union,24,7,True,False,True,Liberty League,Liberty League,iii,iii,
12,regular,2024-11-16 17:00:00+00:00,Northwestern,Ohio State,7,31,True,True,True,Big Ten,Big Ten,fbs,fbs,
12,regular,2024-11-16 17:00:00+00:00,Massachusetts,Liberty,34,35,True,False,False,FBS Independents,Conference USA,fbs,fbs,
12,regular,2024-11-16 17:00:00+00:00,Otterbein,Ohio Northern,15,47,True,False,True,Ohio,Ohio,iii,iii,
12,regular,2024-11-16 17:00:00+00:00,Charleston (WV),West Virginia State,52,17,True,False,True,Mountain East,Mountain East,ii,ii,
12,regular,2024-11-16 17:00:00+00:00,Pittsburgh,Clemson,20,24,True,False,True,ACC,ACC,fbs,fbs,
12,regular,2024-11-16 17:00:00+00:00,King's,Stevenson,33,21,True,False,True,Mid Atlantic,Mid Atlantic,iii,iii,
12,regular,2024-11-16 17:00:00+00:00,California (PA),Kutztown,14,21,True,False,True,Pennsylvania State Athletic,Pennsylvania State Athletic,ii,ii,
12,regular,2024-11-16 17:00:00+00:00,Ohio Dominican,Hillsdale,6,28,True,False,True,Great Midwest Athletic,Great Midwest Athletic,ii,ii,
12,regular,2024-11-16 17:00:00+00:00,Norfolk State,Delaware State,38,19,True,False,True,MEAC,MEAC,fcs,fcs,
12,regular,2024-11-16 17:00:00+00:00,Arkansas,Texas,10,20,True,False,True,SEC,SEC,fbs,fbs,
12,regular,2024-11-16 17:00:00+00:00,Brown,Columbia,12,21,True,False,True,Ivy,Ivy,fcs,fcs,
12,regular,2024-11-16 17:00:00+00:00,Curry,Endicott,14,49,True,False,True,Commonwealth Coast,Commonwealth Coast,iii,iii,
12,regular,2024-11-16 17:00:00+00:00,Oberlin,Hiram,20,17,True,False,True,North Coast,North Coast,iii,iii,
12,regular,2024-11-16 17:00:00+00:00,Western Kentucky,Louisiana Tech,7,12,True,False,True,Conference USA,Conference USA,fbs,fbs,
12,regular,2024-11-16 17:00:00+00:00,Assumption,Franklin Pierce,19,21,True,False,True,Northeast 10,Northeast 10,ii,ii,
12,regular,2024-11-16 17:00:00+00:00,Colorado,Utah,49,24,True,False,True,Big 12,Big 12,fbs,fbs,
12,regular,2024-11-16 17:00:00+00:00,SUNY Maritime,Springfield,20,55,True,False,True,NEWMAC,NEWMAC,iii,iii,
12,regular,2024-11-16 17:00:00+00:00,Plymouth State,UMass Dartmouth,42,47,True,False,True,MSCAC,MSCAC,iii,iii,
12,regular,2024-11-16 17:00:00+00:00,Bentley,Saint Anselm,41,14,True,False,True,Northeast 10,Northeast 10,ii,ii,
12,regular,2024-11-16 17:00:00+00:00,Nichols,Western New England,28,56,True,False,True,Commonwealth Coast,Commonwealth Coast,iii,iii,
12,regular,2024-11-16 17:00:00+00:00,WPI,MIT,34,12,True,False,True,NEWMAC,NEWMAC,iii,iii,
12,regular,2024-11-16 17:00:00+00:00,SUNY Morrisville,Hartwick,31,14,True,False,True,Empire 8,Empire 8,iii,iii,
12,regular,2024-11-16 17:00:00+00:00,Westminster (MO),Northwestern (MN),21,33,True,False,True,Upper Midwest,Upper Midwest,iii,iii,
12,regular,2024-11-16 17:00:00+00:00,Salve Regina,Norwich,31,30,True,False,True,NEWMAC,NEWMAC,iii,iii,
12,regular,2024-11-16 17:00:00+00:00,Lehigh,Colgate,45,17,True,False,True,Patriot,Patriot,fcs,fcs,
12,regular,2024-11-16 17:00:00+00:00,McDaniel,Johns Hopkins,0,35,True,False,True,Centennial,Centennial,iii,iii,
12,regular,2024-11-16 17:00:00+00:00,Miles,Clark Atlanta,53,25,True,False,True,SIAC,SIAC,ii,ii,SIAC Championship Game
12,regular,2024-11-16 17:00:00+00:00,Limestone,Mars Hill,31,26,True,False,True,South Atlantic,South Atlantic,ii,ii,
12,regular,2024-11-16 17:00:00+00:00,Merchant Marine,Coast Guard,21,42,True,False,True,NEWMAC,NEWMAC,iii,iii,
12,regular,2024-11-16 17:00:00+00:00,Wilkes,Moravian,47,28,True,False,True,Landmark Conference,Landmark Conference,iii,iii,
12,regular,2024-11-16 17:00:00+00:00,Maryville (TN),North Carolina Wesleyan,35,14,True,False,True,USA South,USA South,iii,iii,
12,regular,2024-11-16 17:00:00+00:00,American International,Southern Connecticut State,21,50,True,False,True,Northeast 10,Northeast 10,ii,ii,
12,regular,2024-11-16 17:00:00+00:00,Towson,North Carolina A&T,31,13,True,False,True,Coastal Athletic,Coastal Athletic,fcs,fcs,
12,regular,2024-11-16 17:00:00+00:00,Yale,Princeton,42,28,True,False,True,Ivy,Ivy,fcs,fcs,
12,regular,2024-11-16 17:00:00+00:00,Dayton,Valparaiso,26,14,True,False,True,Pioneer,Pioneer,fcs,fcs,
12,regular,2024-11-16 17:00:00+00:00,Holy Cross,Bucknell,40,38,True,False,True,Patriot,Patriot,fcs,fcs,
12,regular,2024-11-16 17:00:00+00:00,Edinboro,Millersville,21,23,True,False,True,Pennsylvania State Athletic,Pennsylvania State Athletic,ii,ii,
12,regular,2024-11-16 17:00:00+00:00,Widener,Delaware Valley,26,49,True,False,True,Mid Atlantic,Mid Atlantic,iii,iii,
12,regular,2024-11-16 17:00:00+00:00,Marist,Presbyterian,23,42,True,False,True,Pioneer,Pioneer,fcs,fcs,
12,regular,2024-11-16 17:00:00+00:00,FDU Florham,Eastern,33,37,True,False,True,Mid Atlantic,Mid Atlantic,iii,iii,
12,regular,2024-11-16 17:00:00+00:00,Tiffin,Findlay,37,14,True,False,True,Great Midwest Athletic,Great Midwest Athletic,ii,ii,
12,regular,2024-11-16 17:00:00+00:00,Clarion,East Stroudsburg,19,22,True,False,True,Pennsylvania State Athletic,Pennsylvania State Athletic,ii,ii,
12,regular,2024-11-16 17:00:00+00:00,Gannon,Lock Haven,13,21,True,False,True,Pennsylvania State Athletic,Pennsylvania State Athletic,ii,ii,
12,regular,2024-11-16 17:00:00+00:00,Merrimack,Sacred Heart,20,31,True,False,True,FCS Independents,FCS Independents,fcs,fcs,
12,regular,2024-11-16 17:00:00+00:00,Long Island University,Saint Francis,27,34,True,True,True,NEC,NEC,fcs,fcs,
12,regular,2024-11-16 17:00:00+00:00,Duquesne,Wagner,42,21,True,False,True,NEC,NEC,fcs,fcs,
12,regular,2024-11-16 17:00:00+00:00,Monmouth,Villanova,40,33,True,False,True,Coastal Athletic,Coastal Athletic,fcs,fcs,
12,regular,2024-11-16 17:00:00+00:00,Framingham State,Worcester State,30,20,True,False,True,MSCAC,MSCAC,iii,iii,
12,regular,2024-11-16 17:00:00+00:00,Youngstown State,Northern Iowa,39,38,True,False,True,MVFC,MVFC,fcs,fcs,
12,regular,2024-11-16 17:00:00+00:00,East Tennessee State,Furman,21,24,True,False,True,Southern,Southern,fcs,fcs,
12,regular,2024-11-16 17:00:00+00:00,Bridgewater State,Mass Maritime,20,0,True,False,True,MSCAC,MSCAC,iii,iii,
12,regular,2024-11-16 17:00:00+00:00,Westfield State,Fitchburg State,22,7,True,False,True,MSCAC,MSCAC,iii,iii,
12,regular,2024-11-16 17:00:00+00:00,Central Connecticut,Robert Morris,35,33,True,False,True,NEC,NEC,fcs,fcs,
12,regular,2024-11-16 17:00:00+00:00,Hampton,Richmond,21,24,True,False,True,Coastal Athletic,Coastal Athletic,fcs,fcs,
12,regular,2024-11-16 17:30:00+00:00,Lafayette,Stonehill,42,10,True,False,False,Patriot,NEC,fcs,fcs,
12,regular,2024-11-16 17:45:00+00:00,Auburn,UL Monroe,48,14,True,False,False,SEC,Sun Belt,fbs,fbs,
12,regular,2024-11-16 18:00:00+00:00,Methodist,Belhaven,3,26,True,False,True,USA South,USA South,iii,iii,
12,regular,2024-11-16 18:00:00+00:00,Westminster (PA),Grove City,9,36,True,False,True,Presidents',Presidents',iii,iii,
12,regular,2024-11-16 18:00:00+00:00,Truman State,Southwest Baptist,55,3,True,False,True,Great Lakes,Great Lakes,ii,ii,
12,regular,2024-11-16 18:00:00+00:00,Ashland,Kentucky Wesleyan,44,30,True,False,True,Great Midwest Athletic,Great Midwest Athletic,ii,ii,
12,regular,2024-11-16 18:00:00+00:00,William & Mary,Bryant,22,12,True,False,True,Coastal Athletic,Coastal Athletic,fcs,fcs,
12,regular,2024-11-16 18:00:00+00:00,North Greenville,Chowan,31,27,True,False,True,Gulf South,Gulf South,ii,ii,
12,regular,2024-11-16 18:00:00+00:00,Newberry,Emory & Henry,7,27,True,False,True,South Atlantic,South Atlantic,ii,ii,
12,regular,2024-11-16 18:00:00+00:00,Concord,UNC Pembroke,7,63,True,False,True,Mountain East,Mountain East,ii,ii,
12,regular,2024-11-16 18:00:00+00:00,LaGrange,Southern Virginia,50,24,True,False,True,USA South,USA South,iii,iii,
12,regular,2024-11-16 18:00:00+00:00,North Dakota,South Dakota,36,42,True,False,True,MVFC,MVFC,fcs,fcs,
12,regular,2024-11-16 18:00:00+00:00,Guilford,Bridgewater,0,58,True,False,True,Old Dominion,Old Dominion,iii,iii,
12,regular,2024-11-16 18:00:00+00:00,New Hampshire,Stony Brook,31,30,True,False,True,Coastal Athletic,Coastal Athletic,fcs,fcs,
12,regular,2024-11-16 18:00:00+00:00,Calvin,Albion,21,41,True,True,True,Michigan,Michigan,iii,iii,
12,regular,2024-11-16 18:00:00+00:00,Kean,Salisbury,28,58,True,False,True,New Jersey,New Jersey,iii,iii,
12,regular,2024-11-16 18:00:00+00:00,William Paterson,Rowan,0,45,True,False,True,New Jersey,New Jersey,iii,iii,
12,regular,2024-11-16 18:00:00+00:00,Hampden Sydney,Randolph Macon,6,27,True,False,True,Old Dominion,Old Dominion,iii,iii,
12,regular,2024-11-16 18:00:00+00:00,Saint John's (MN),Bethel (MN),41,33,True,False,True,Minnesota,Minnesota,iii,iii,
12,regular,2024-11-16 18:00:00+00:00,Carleton,Hamline,21,9,True,False,True,Minnesota,Minnesota,iii,iii,
12,regular,2024-11-16 18:00:00+00:00,St. Scholastica,Macalester,44,41,True,False,True,Minnesota,Minnesota,iii,iii,
12,regular,2024-11-16 18:00:00+00:00,St. John Fisher,Utica,20,35,True,False,True,Empire 8,Empire 8,iii,iii,
12,regular,2024-11-16 18:00:00+00:00,Concordia Chicago,Benedictine (IL),14,49,True,False,True,NACC,NACC,iii,iii,
12,regular,2024-11-16 18:00:00+00:00,Lebanon Valley,Albright,27,3,True,False,True,Mid Atlantic,Mid Atlantic,iii,iii,
12,regular,2024-11-16 18:00:00+00:00,Nebraska Kearney,Fort Hays,20,27,True,False,True,Mid America,Mid America,ii,ii,
12,regular,2024-11-16 18:00:00+00:00,University of Mary,Minnesota St Moorhead,3,52,True,False,True,Northern Sun,Northern Sun,ii,ii,
12,regular,2024-11-16 18:00:00+00:00,McMurry,Centenary (LA),49,12,True,False,True,Southern Collegiate Athletic,Southern Collegiate Athletic,iii,iii,
12,regular,2024-11-16 18:00:00+00:00,Ohio Wesleyan,Denison,14,28,True,False,True,North Coast,North Coast,iii,iii,
12,regular,2024-11-16 18:00:00+00:00,Hobart,Rochester (NY),37,7,True,False,True,Liberty League,Liberty League,iii,iii,
12,regular,2024-11-16 18:00:00+00:00,Illinois College,Beloit,96,14,True,False,True,Midwest,Midwest,iii,iii,
12,regular,2024-11-16 18:00:00+00:00,Slippery Rock,Bloomsburg,27,7,True,False,True,Pennsylvania State Athletic,Pennsylvania State Athletic,ii,ii,
12,regular,2024-11-16 18:00:00+00:00,Dickinson,Ursinus,13,24,True,False,True,Centennial,Centennial,iii,iii,
12,regular,2024-11-16 18:00:00+00:00,Gettysburg,Franklin & Marshall,19,55,True,False,True,Centennial,Centennial,iii,iii,
12,regular,2024-11-16 18:00:00+00:00,Muhlenberg,Montclair State,21,0,True,False,False,Centennial,New Jersey,iii,iii,
12,regular,2024-11-16 18:00:00+00:00,Olivet,Hope,12,48,True,False,True,Michigan,Michigan,iii,iii,
12,regular,2024-11-16 18:00:00+00:00,Upper Iowa,Missouri S&T,51,7,True,False,True,Great Lakes,Great Lakes,ii,ii,
12,regular,2024-11-16 18:00:00+00:00,Husson,New England,14,25,True,False,True,Commonwealth Coast,Commonwealth Coast,iii,iii,
12,regular,2024-11-16 18:00:00+00:00,Juniata,Catholic,22,56,True,False,True,Landmark Conference,Landmark Conference,iii,iii,
12,regular,2024-11-16 18:00:00+00:00,St. Lawrence,Buffalo State,26,18,True,False,True,Liberty League,Liberty League,iii,iii,
12,regular,2024-11-16 18:00:00+00:00,Cornell (IA),Grinnell,26,7,True,False,True,Midwest,Midwest,iii,iii,
12,regular,2024-11-16 18:00:00+00:00,Lenoir Rhyne,Anderson (SC),27,24,True,False,True,South Atlantic,South Atlantic,ii,ii,
12,regular,2024-11-16 18:00:00+00:00,Wayne State (NE),Concordia St. Paul,21,0,True,False,True,Northern Sun,Northern Sun,ii,ii,
12,regular,2024-11-16 18:00:00+00:00,Crown,Greenville,0,29,True,False,True,Upper Midwest,Upper Midwest,iii,iii,
12,regular,2024-11-16 18:00:00+00:00,Bethany (WV),Thiel,23,30,True,False,True,Presidents',Presidents',iii,iii,
12,regular,2024-11-16 18:00:00+00:00,Washington and Lee,Shenandoah,21,28,True,False,True,Old Dominion,Old Dominion,iii,iii,
12,regular,2024-11-16 18:00:00+00:00,New Haven,Pace,41,14,True,False,True,Northeast 10,Northeast 10,ii,ii,
12,regular,2024-11-16 18:00:00+00:00,Geneva,Waynesburg,33,6,True,False,True,Presidents',Presidents',iii,iii,
12,regular,2024-11-16 18:00:00+00:00,Centre,Sewanee,35,8,True,False,True,Southern Athletic,Southern Athletic,iii,iii,
12,regular,2024-11-16 18:00:00+00:00,Allegheny,Washington & Jefferson,0,45,True,False,True,Presidents',Presidents',iii,iii,
12,regular,2024-11-16 18:00:00+00:00,Alvernia,Misericordia,34,31,True,False,True,Mid Atlantic,Mid Atlantic,iii,iii,
12,regular,2024-11-16 18:00:00+00:00,Lincoln (CA),Florida Memorial University,8,48,True,True,False,Independent DII,,ii,,
12,regular,2024-11-16 18:00:00+00:00,Christopher Newport,The College of New Jersey,70,31,True,False,True,New Jersey,New Jersey,iii,iii,
12,regular,2024-11-16 18:00:00+00:00,Marshall,Coastal Carolina,31,19,True,False,True,Sun Belt,Sun Belt,fbs,fbs,
12,regular,2024-11-16 18:00:00+00:00,Minnesota Duluth,Minnesota State,30,16,True,False,True,Northern Sun,Northern Sun,ii,ii,
12,regular,2024-11-16 18:00:00+00:00,Lake Erie,Thomas More,25,28,True,False,True,Great Midwest Athletic,Great Midwest Athletic,ii,ii,
12,regular,2024-11-16 18:00:00+00:00,Frostburg State,Fairmont State,28,31,True,False,True,Mountain East,Mountain East,ii,ii,
12,regular,2024-11-16 18:00:00+00:00,Drake,Morehead State,20,29,True,False,True,Pioneer,Pioneer,fcs,fcs,
12,regular,2024-11-16 18:00:00+00:00,Rhode Island,UAlbany,20,17,True,False,True,Coastal Athletic,Coastal Athletic,fcs,fcs,
12,regular,2024-11-16 18:00:00+00:00,West Virginia Wesleyan,Glenville State,23,42,True,False,True,Mountain East,Mountain East,ii,ii,
12,regular,2024-11-16 18:00:00+00:00,Mississippi College,Delta State,14,20,True,False,True,Gulf South,Gulf South,ii,ii,
12,regular,2024-11-16 18:00:00+00:00,Saginaw Valley State,Michigan Tech,28,32,True,False,True,GLIAC,GLIAC,ii,ii,
12,regular,2024-11-16 18:00:00+00:00,Pennsylvania,Harvard,28,31,True,False,True,Ivy,Ivy,fcs,fcs,
12,regular,2024-11-16 18:00:00+00:00,Delaware,Campbell,41,22,True,False,True,CAA,Coastal Athletic,fcs,fcs,
12,regular,2024-11-16 18:00:00+00:00,Carroll (WI),Carthage,27,7,True,False,True,CCIW,CCIW,iii,iii,
12,regular,2024-11-16 18:00:00+00:00,St. Olaf,Augsburg,41,26,True,False,True,Minnesota,Minnesota,iii,iii,
12,regular,2024-11-16 18:00:00+00:00,Gustavus Adolphus,Concordia (MN),13,17,True,False,True,Minnesota,Minnesota,iii,iii,
12,regular,2024-11-16 18:00:00+00:00,Adrian,Alma,7,31,True,False,True,Michigan,Michigan,iii,iii,
12,regular,2024-11-16 18:00:00+00:00,Wheaton (IL),North Park,66,14,True,False,True,CCIW,CCIW,iii,iii,
12,regular,2024-11-16 18:00:00+00:00,Ripon,Lawrence,41,0,True,False,True,Midwest,Midwest,iii,iii,
12,regular,2024-11-16 18:00:00+00:00,Western Carolina,VMI,58,28,True,False,True,Southern,Southern,fcs,fcs,
12,regular,2024-11-16 18:00:00+00:00,Kalamazoo,Trine,14,37,True,False,True,Michigan,Michigan,iii,iii,
12,regular,2024-11-16 18:00:00+00:00,Alfred,Brockport,23,14,True,False,True,Empire 8,Empire 8,iii,iii,
12,regular,2024-11-16 18:00:00+00:00,Wayne State (MI),Northern Michigan,30,14,True,False,True,GLIAC,GLIAC,ii,ii,
12,regular,2024-11-16 18:00:00+00:00,Lincoln (MO),Indianapolis,0,52,True,False,True,Great Lakes,Great Lakes,ii,ii,
12,regular,2024-11-16 18:00:00+00:00,Washington St. Louis,Augustana (IL),45,24,True,False,True,CCIW,CCIW,iii,iii,
12,regular,2024-11-16 18:00:00+00:00,Cornell,Dartmouth,39,22,True,False,True,Ivy,Ivy,fcs,fcs,
12,regular,2024-11-16 18:00:00+00:00,St. Norbert,Eureka,61,0,True,False,True,NACC,NACC,iii,iii,
12,regular,2024-11-16 18:00:00+00:00,Kentucky Christian,Brevard,25,41,True,True,False,,USA South,,iii,
12,regular,2024-11-16 18:00:00+00:00,Florida A&M,Mississippi Valley State,21,24,True,False,True,SWAC,SWAC,fcs,fcs,
12,regular,2024-11-16 18:00:00+00:00,Indiana State,Illinois State,19,31,True,False,True,MVFC,MVFC,fcs,fcs,
12,regular,2024-11-16 18:00:00+00:00,Butler,St. Thomas (MN),36,20,True,False,True,Pioneer,Pioneer,fcs,fcs,
12,regular,2024-11-16 18:00:00+00:00,Knox,Monmouth (IL),0,49,True,False,True,Midwest,Midwest,iii,iii,
12,regular,2024-11-16 18:00:00+00:00,Fordham,Georgetown,31,3,True,False,True,Patriot,Patriot,fcs,fcs,
12,regular,2024-11-16 18:00:00+00:00,Eastern Illinois,Charleston Southern,16,13,True,False,True,Big South-OVC,Big South-OVC,fcs,fcs,
12,regular,2024-11-16 18:00:00+00:00,Ferris State,Davenport,24,9,True,False,True,GLIAC,GLIAC,ii,ii,
12,regular,2024-11-16 18:00:00+00:00,Sul Ross State,UT Permian Basin,7,75,True,False,True,Lone Star,Lone Star,ii,ii,
12,regular,2024-11-16 18:00:00+00:00,Northwood,Walsh,49,42,True,False,True,Great Midwest Athletic,Great Midwest Athletic,ii,ii,
12,regular,2024-11-16 18:00:00+00:00,Wooster,Wittenberg,27,48,True,False,True,North Coast,North Coast,iii,iii,
12,regular,2024-11-16 18:07:00+00:00,DePauw,Wabash,42,21,True,False,True,North Coast,North Coast,iii,iii,
12,regular,2024-11-16 18:30:00+00:00,Bluffton,Defiance College,21,23,True,False,False,Heartland,,iii,,
12,regular,2024-11-16 18:30:00+00:00,Anderson (IN),Manchester,31,17,True,False,True,Heartland,Heartland,iii,iii,
12,regular,2024-11-16 18:30:00+00:00,Case Western Reserve,Carnegie Mellon,30,37,True,False,True,Presidents',Presidents',iii,iii,
12,regular,2024-11-16 18:30:00+00:00,Chattanooga,Samford,13,36,True,False,True,Southern,Southern,fcs,fcs,
12,regular,2024-11-16 18:30:00+00:00,Franklin,Hanover,27,31,True,False,True,Heartland,Heartland,iii,iii,
12,regular,2024-11-16 18:30:00+00:00,Kentucky,Murray State,48,6,True,False,False,SEC,MVFC,fbs,fcs,
12,regular,2024-11-16 18:30:00+00:00,Mount St Joseph,Rose Hulman,38,21,True,False,True,Heartland,Heartland,iii,iii,
12,regular,2024-11-16 18:30:00+00:00,Wofford,The Citadel,17,30,True,False,True,Southern,Southern,fcs,fcs,
12,regular,2024-11-16 18:30:00+00:00,Muskingum,Mount Union,28,35,True,False,True,Ohio,Ohio,iii,iii,
12,regular,2024-11-16 18:30:00+00:00,Gardner-Webb,Tennessee State,20,23,True,False,True,Big South-OVC,Big South-OVC,fcs,fcs,
12,regular,2024-11-16 18:30:00+00:00,Capital,Wilmington (OH),50,31,True,False,True,Ohio,Ohio,iii,iii,
12,regular,2024-11-16 18:30:00+00:00,Heidelberg,Baldwin Wallace,10,14,True,False,True,Ohio,Ohio,iii,iii,
12,regular,2024-11-16 19:00:00+00:00,Northwestern State,McNeese,3,35,True,False,True,Southland,Southland,fcs,fcs,
12,regular,2024-11-16 19:00:00+00:00,East Texas A&M,Houston Christian,41,40,True,False,True,Southland,Southland,fcs,fcs,
12,regular,2024-11-16 19:00:00+00:00,Illinois Wesleyan,North Central College,20,42,True,False,True,CCIW,CCIW,iii,iii,
12,regular,2024-11-16 19:00:00+00:00,Rhodes,Berry,14,48,True,False,True,Southern Athletic,Southern Athletic,iii,iii,
12,regular,2024-11-16 19:00:00+00:00,Chicago,Lake Forest,9,28,True,False,True,Midwest,Midwest,iii,iii,
12,regular,2024-11-16 19:00:00+00:00,Nebraska Wesleyan,Central College,0,32,True,True,True,American Rivers,American Rivers,iii,iii,
12,regular,2024-11-16 19:00:00+00:00,William Jewell,McKendree,45,14,True,True,True,Great Lakes,Great Lakes,ii,ii,
12,regular,2024-11-16 19:00:00+00:00,John Carroll,Marietta,49,35,True,False,True,Ohio,Ohio,iii,iii,
12,regular,2024-11-16 19:00:00+00:00,Western Connecticut State,Vermont State Castleton,57,18,True,False,True,MSCAC,MSCAC,iii,iii,
12,regular,2024-11-16 19:00:00+00:00,Austin Peay,Eastern Kentucky,27,30,True,False,True,UAC,UAC,fcs,fcs,
12,regular,2024-11-16 19:00:00+00:00,UT Martin,Tennessee Tech,9,10,True,False,True,Big South-OVC,Big South-OVC,fcs,fcs,
12,regular,2024-11-16 19:00:00+00:00,Northern Colorado,Northern Arizona,3,44,True,False,True,Big Sky,Big Sky,fcs,fcs,
12,regular,2024-11-16 19:00:00+00:00,Central Missouri,Missouri Southern State,62,47,True,False,True,Mid America,Mid America,ii,ii,
12,regular,2024-11-16 19:00:00+00:00,Central Oklahoma,Emporia State,55,38,True,False,True,Mid America,Mid America,ii,ii,
12,regular,2024-11-16 19:00:00+00:00,Jacksonville State,Florida International,34,31,True,False,True,Conference USA,Conference USA,fbs,fbs,
12,regular,2024-11-16 19:00:00+00:00,Wisconsin River Falls,Wisconsin Oshkosh,28,14,True,False,True,Wisconsin,Wisconsin,iii,iii,
12,regular,2024-11-16 19:00:00+00:00,East Texas Baptist,Hardin Simmons,23,45,True,False,True,American Southwest,American Southwest,iii,iii,
12,regular,2024-11-16 19:00:00+00:00,Southeast Missouri State,Western Illinois,54,45,True,False,True,Big South-OVC,Big South-OVC,fcs,fcs,
12,regular,2024-11-16 19:00:00+00:00,Elon,Maine,31,25,True,False,True,Coastal Athletic,Coastal Athletic,fcs,fcs,
12,regular,2024-11-16 19:00:00+00:00,Roosevelt,Grand Valley State,21,34,True,True,True,GLIAC,GLIAC,ii,ii,
12,regular,2024-11-16 19:00:00+00:00,IU Pennsylvania,Shippensburg,38,7,True,False,True,Pennsylvania State Athletic,Pennsylvania State Athletic,ii,ii,
12,regular,2024-11-16 19:00:00+00:00,Wisconsin La Crosse,Wisconsin Stevens Point,56,14,True,False,True,Wisconsin,Wisconsin,iii,iii,
12,regular,2024-11-16 19:00:00+00:00,Colorado School of Mines,Fort Lewis,67,9,True,False,True,Rocky Mountain,Rocky Mountain,ii,ii,
12,regular,2024-11-16 19:00:00+00:00,Wartburg,Loras,69,14,True,False,True,American Rivers,American Rivers,iii,iii,
12,regular,2024-11-16 19:00:00+00:00,Austin,Lyon,31,21,True,False,True,Southern Collegiate Athletic,Southern Collegiate Athletic,iii,iii,
12,regular,2024-11-16 19:00:00+00:00,Lakeland,Rockford,35,28,True,False,True,NACC,NACC,iii,iii,
12,regular,2024-11-16 19:00:00+00:00,Minot State,Winona State,56,23,True,False,True,Northern Sun,Northern Sun,ii,ii,
12,regular,2024-11-16 19:00:00+00:00,Temple,Florida Atlantic,18,15,True,False,True,American Athletic,American Athletic,fbs,fbs,
12,regular,2024-11-16 19:00:00+00:00,New Mexico Highlands,Black Hills State,31,48,True,False,True,Rocky Mountain,Rocky Mountain,ii,ii,
12,regular,2024-11-16 19:00:00+00:00,Chadron State,CSU Pueblo,21,38,True,False,True,Rocky Mountain,Rocky Mountain,ii,ii,
12,regular,2024-11-16 19:00:00+00:00,Elmhurst,Millikin,35,7,True,False,True,CCIW,CCIW,iii,iii,
12,regular,2024-11-16 19:00:00+00:00,Northeastern State,Washburn,28,35,True,False,False,Independent DII,Mid America,ii,ii,
12,regular,2024-11-16 19:00:00+00:00,Minnesota Morris,Martin Luther,41,7,True,False,True,Upper Midwest,Upper Midwest,iii,iii,
12,regular,2024-11-16 19:00:00+00:00,Bemidji State,Augustana (SD),17,10,True,False,True,Northern Sun,Northern Sun,ii,ii,
12,regular,2024-11-16 19:00:00+00:00,West Alabama,Erskine,63,0,True,False,True,Gulf South,Gulf South,ii,ii,
12,regular,2024-11-16 19:00:00+00:00,Wisconsin Eau Claire,Wisconsin Whitewater,7,48,True,False,True,Wisconsin,Wisconsin,iii,iii,
12,regular,2024-11-16 19:00:00+00:00,Henderson State,Ouachita Baptist,20,27,True,False,True,Great American,Great American,ii,ii,
12,regular,2024-11-16 19:00:00+00:00,Buena Vista,Dubuque,21,56,True,False,True,American Rivers,American Rivers,iii,iii,
12,regular,2024-11-16 19:00:00+00:00,Wisconsin Lutheran,Concordia (WI),27,17,True,False,True,NACC,NACC,iii,iii,
12,regular,2024-11-16 19:00:00+00:00,Alabama,Mercer,52,7,True,False,False,SEC,Southern,fbs,fcs,
12,regular,2024-11-16 19:00:00+00:00,Wisconsin Stout,Wisconsin Platteville,38,46,True,False,True,Wisconsin,Wisconsin,iii,iii,
12,regular,2024-11-16 19:00:00+00:00,Millsaps,Trinity (TX),24,38,True,False,True,Southern Athletic,Southern Athletic,iii,iii,
12,regular,2024-11-16 19:00:00+00:00,Texas Lutheran,Southwestern U,17,10,True,False,False,Southern Collegiate Athletic,Southern Athletic,iii,iii,
12,regular,2024-11-16 19:00:00+00:00,Simpson (IA),Luther,29,15,True,False,True,American Rivers,American Rivers,iii,iii,
12,regular,2024-11-16 19:00:00+00:00,Huntingdon,Greensboro,38,7,True,False,True,USA South,USA South,iii,iii,
12,regular,2024-11-16 19:00:00+00:00,Sioux Falls,Southwest Minnesota State,41,14,True,False,True,Northern Sun,Northern Sun,ii,ii,
12,regular,2024-11-16 19:00:00+00:00,Midwestern State,Western New Mexico,52,24,True,False,True,Lone Star,Lone Star,ii,ii,
12,regular,2024-11-16 19:00:00+00:00,Mary Hardin Baylor,Howard Payne,63,7,True,False,True,American Southwest,American Southwest,iii,iii,
12,regular,2024-11-16 19:30:00+00:00,Illinois,Michigan State,38,16,True,False,True,Big Ten,Big Ten,fbs,fbs,
12,regular,2024-11-16 19:30:00+00:00,Northwest Missouri State,Pittsburg State,7,23,True,False,True,Mid America,Mid America,ii,ii,
12,regular,2024-11-16 20:00:00+00:00,South Dakota State,Southern Illinois,41,10,True,False,True,MVFC,MVFC,fcs,fcs,
12,regular,2024-11-16 20:00:00+00:00,Kennesaw State,Sam Houston,17,23,True,False,True,Conference USA,Conference USA,fbs,fbs,
12,regular,2024-11-16 20:00:00+00:00,Adams State,South Dakota Mines,6,44,True,False,True,Rocky Mountain,Rocky Mountain,ii,ii,
12,regular,2024-11-16 20:00:00+00:00,Prairie View A&M,Alcorn State,13,26,True,False,True,SWAC,SWAC,fcs,fcs,
12,regular,2024-11-16 20:00:00+00:00,Stephen F. Austin,Incarnate Word,20,27,True,False,True,Southland,Southland,fcs,fcs,
12,regular,2024-11-16 20:00:00+00:00,Colorado Mesa,Western Colorado,7,37,True,False,True,Rocky Mountain,Rocky Mountain,ii,ii,
12,regular,2024-11-16 20:00:00+00:00,Missouri Western,Quincy,31,16,True,False,False,Mid America,Great Lakes,ii,ii,
12,regular,2024-11-16 20:00:00+00:00,Montana,Portland State,28,17,True,False,True,Big Sky,Big Sky,fcs,fcs,
12,regular,2024-11-16 20:00:00+00:00,Wingate,Carson Newman,28,13,True,False,True,South Atlantic,South Atlantic,ii,ii,
12,regular,2024-11-16 20:00:00+00:00,Texas Southern,Bethune-Cookman,17,14,True,False,True,SWAC,SWAC,fcs,fcs,
12,regular,2024-11-16 20:00:00+00:00,Arkansas Monticello,Southern Arkansas,22,54,True,False,True,Great American,Great American,ii,ii,
12,regular,2024-11-16 20:00:00+00:00,Utah State,Hawai'i,55,10,True,False,True,Mountain West,Mountain West,fbs,fbs,
12,regular,2024-11-16 20:00:00+00:00,Whitworth,Linfield,7,34,True,False,True,Northwest,Northwest,iii,iii,
12,regular,2024-11-16 20:00:00+00:00,Alabama State,Jackson State,10,16,True,False,True,SWAC,SWAC,fcs,fcs,
12,regular,2024-11-16 20:00:00+00:00,Harding,Arkansas Tech,57,27,True,False,True,Great American,Great American,ii,ii,
12,regular,2024-11-16 20:00:00+00:00,East Central,Southeastern Oklahoma State,20,13,True,False,True,Great American,Great American,ii,ii,
12,regular,2024-11-16 20:00:00+00:00,Southern,Arkansas-Pine Bluff,31,9,True,False,True,SWAC,SWAC,fcs,fcs,
12,regular,2024-11-16 20:00:00+00:00,Oklahoma Baptist,Southern Nazarene,21,49,True,False,True,Great American,Great American,ii,ii,
12,regular,2024-11-16 20:00:00+00:00,Virginia State,Virginia Union,13,17,True,True,True,CIAA,CIAA,ii,ii,CIAA Championship
12,regular,2024-11-16 20:00:00+00:00,California,Syracuse,25,33,True,False,True,ACC,ACC,fbs,fbs,
12,regular,2024-11-16 20:30:00+00:00,Notre Dame,Virginia,35,14,True,False,False,FBS Independents,ACC,fbs,fbs,
12,regular,2024-11-16 20:30:00+00:00,Ferrum,Averett,35,6,True,False,True,Old Dominion,Old Dominion,iii,iii,
12,regular,2024-11-16 20:30:00+00:00,Purdue,Penn State,10,49,True,False,True,Big Ten,Big Ten,fbs,fbs,
12,regular,2024-11-16 20:30:00+00:00,Charlotte,South Florida,24,59,True,False,True,American Athletic,American Athletic,fbs,fbs,
12,regular,2024-11-16 20:30:00+00:00,Air Force,Oregon State,28,0,True,False,False,Mountain West,Pac-12,fbs,fbs,
12,regular,2024-11-16 20:30:00+00:00,SMU,Boston College,38,28,True,False,True,ACC,ACC,fbs,fbs,
12,regular,2024-11-16 20:30:00+00:00,Stanford,Louisville,38,35,True,False,True,ACC,ACC,fbs,fbs,
12,regular,2024-11-16 20:30:00+00:00,North Dakota State,Missouri State,59,21,True,False,True,MVFC,MVFC,fcs,fcs,
12,regular,2024-11-16 20:30:00+00:00,Florida,LSU,27,16,True,False,True,SEC,SEC,fbs,fbs,
12,regular,2024-11-16 21:00:00+00:00,Lamar,Nicholls,24,7,True,False,True,Southland,Southland,fcs,fcs,
12,regular,2024-11-16 21:00:00+00:00,Southwestern Oklahoma State,Northwestern (OK),50,0,True,False,True,Great American,Great American,ii,ii,
12,regular,2024-11-16 21:00:00+00:00,Pacific Lutheran,Puget Sound,34,21,True,False,True,Northwest,Northwest,iii,iii,
12,regular,2024-11-16 21:00:00+00:00,Morgan State,South Carolina State,7,54,True,False,True,MEAC,MEAC,fcs,fcs,
12,regular,2024-11-16 21:00:00+00:00,Eastern Washington,Idaho State,77,42,True,False,True,Big Sky,Big Sky,fcs,fcs,
12,regular,2024-11-16 21:00:00+00:00,San Diego,Stetson,45,6,True,False,True,Pioneer,Pioneer,fcs,fcs,
12,regular,2024-11-16 21:00:00+00:00,USC,Nebraska,28,20,True,False,True,Big Ten,Big Ten,fbs,fbs,
12,regular,2024-11-16 21:00:00+00:00,Utah Tech,West Georgia,31,34,True,False,True,UAC,UAC,fcs,fcs,
12,regular,2024-11-16 21:00:00+00:00,West Virginia,Baylor,35,49,True,False,True,Big 12,Big 12,fbs,fbs,
12,regular,2024-11-16 21:00:00+00:00,Georgia Southern,Troy,20,28,True,False,True,Sun Belt,Sun Belt,fbs,fbs,
12,regular,2024-11-16 21:00:00+00:00,Central Washington,Western Oregon,13,3,True,False,True,Lone Star,Lone Star,ii,ii,
12,regular,2024-11-16 21:00:00+00:00,Old Dominion,James Madison,32,35,True,False,True,Sun Belt,Sun Belt,fbs,fbs,
12,regular,2024-11-16 21:00:00+00:00,Pacific (OR),George Fox,39,11,True,False,True,Northwest,Northwest,iii,iii,
12,regular,2024-11-16 21:00:00+00:00,Claremont Mudd Scripps,Redlands,24,0,True,False,True,So. Cal.,So. Cal.,iii,iii,
12,regular,2024-11-16 21:00:00+00:00,Cal Lutheran,La Verne,38,14,True,False,True,So. Cal.,So. Cal.,iii,iii,
12,regular,2024-11-16 21:15:00+00:00,South Carolina,Missouri,34,30,True,False,True,SEC,SEC,fbs,fbs,
12,regular,2024-11-16 22:00:00+00:00,Georgia State,Arkansas State,20,27,True,False,True,Sun Belt,Sun Belt,fbs,fbs,
12,regular,2024-11-16 22:00:00+00:00,Cal Poly,Sacramento State,26,23,True,False,True,Big Sky,Big Sky,fcs,fcs,
12,regular,2024-11-16 22:00:00+00:00,Central Arkansas,Southern Utah,31,38,True,False,True,UAC,UAC,fcs,fcs,
12,regular,2024-11-16 22:30:00+00:00,Lewis & Clark,Willamette,35,7,True,False,True,Northwest,Northwest,iii,iii,
12,regular,2024-11-16 22:30:00+00:00,Pomona Pitzer,Chapman,37,34,True,False,True,So. Cal.,So. Cal.,iii,iii,SIAC Championship Game
12,regular,2024-11-16 23:00:00+00:00,Barton,UVA Wise,21,24,True,False,True,South Atlantic,South Atlantic,ii,ii,
12,regular,2024-11-16 23:00:00+00:00,Catawba,Tusculum,47,15,True,False,True,South Atlantic,South Atlantic,ii,ii,
12,regular,2024-11-16 23:00:00+00:00,Wheeling,West Liberty,40,16,True,False,True,Mountain East,Mountain East,ii,ii,
12,regular,2024-11-16 23:00:00+00:00,Maryland,Rutgers,17,31,True,False,True,Big Ten,Big Ten,fbs,fbs,
12,regular,2024-11-17 00:00:00+00:00,Angelo State,West Texas,56,19,True,False,True,Lone Star,Lone Star,ii,ii,
12,regular,2024-11-17 00:00:00+00:00,Louisiana,South Alabama,22,24,True,False,True,Sun Belt,Sun Belt,fbs,fbs,
12,regular,2024-11-17 00:00:00+00:00,Texas State,Southern Miss,58,3,True,False,True,Sun Belt,Sun Belt,fbs,fbs,
12,regular,2024-11-17 00:00:00+00:00,Valdosta State,West Florida,28,7,True,False,True,Gulf South,Gulf South,ii,ii,
12,regular,2024-11-17 00:00:00+00:00,San José State,Boise State,21,42,True,False,True,Mountain West,Mountain West,fbs,fbs,
12,regular,2024-11-17 00:00:00+00:00,Kansas State,Arizona State,14,24,True,False,True,Big 12,Big 12,fbs,fbs,
12,regular,2024-11-17 00:00:00+00:00,Tarleton State,Abilene Christian,31,35,True,False,True,UAC,UAC,fcs,fcs,
12,regular,2024-11-17 00:30:00+00:00,Wisconsin,Oregon,13,16,True,False,True,Big Ten,Big Ten,fbs,fbs,
12,regular,2024-11-17 00:30:00+00:00,Georgia,Tennessee,31,17,True,False,True,SEC,SEC,fbs,fbs,
12,regular,2024-11-17 00:45:00+00:00,Texas A&M,New Mexico State,38,3,True,False,False,SEC,Conference USA,fbs,fbs,
12,regular,2024-11-17 01:00:00+00:00,Iowa State,Cincinnati,34,17,True,False,True,Big 12,Big 12,fbs,fbs,
12,regular,2024-11-17 01:00:00+00:00,North Carolina,Wake Forest,31,24,True,False,True,ACC,ACC,fbs,fbs,
12,regular,2024-11-17 01:00:00+00:00,Memphis,UAB,53,18,True,False,True,American Athletic,American Athletic,fbs,fbs,
12,regular,2024-11-17 01:00:00+00:00,Texas A&M-Kingsville,Eastern New Mexico,28,13,True,False,True,Lone Star,Lone Star,ii,ii,
12,regular,2024-11-17 01:00:00+00:00,UC Davis,Montana State,28,30,True,False,True,Big Sky,Big Sky,fcs,fcs,
12,regular,2024-11-17 01:00:00+00:00,Idaho,Weber State,31,24,True,False,True,Big Sky,Big Sky,fcs,fcs,
12,regular,2024-11-17 02:30:00+00:00,New Mexico,Washington State,38,35,True,False,False,Mountain West,Pac-12,fbs,fbs,
12,regular,2024-11-17 03:15:00+00:00,BYU,Kansas,13,17,True,False,True,Big 12,Big 12,fbs,fbs,
12,regular,2024-11-17 03:30:00+00:00,UNLV,San Diego State,41,20,True,False,True,Mountain West,Mountain West,fbs,fbs,
13,regular,2024-11-20 00:00:00+00:00,Kent State,Akron,17,38,True,False,True,Mid-American,Mid-American,fbs,fbs,
13,regular,2024-11-20 00:30:00+00:00,Central Michigan,Western Michigan,16,14,True,False,True,Mid-American,Mid-American,fbs,fbs,
13,regular,2024-11-20 01:00:00+00:00,Miami (OH),Northern Illinois,20,9,True,False,True,Mid-American,Mid-American,fbs,fbs,
13,regular,2024-11-21 00:00:00+00:00,Eastern Michigan,Buffalo,20,37,True,False,True,Mid-American,Mid-American,fbs,fbs,
13,regular,2024-11-21 00:00:00+00:00,Toledo,Ohio,7,24,True,False,True,Mid-American,Mid-American,fbs,fbs,
13,regular,2024-11-22 00:00:00+00:00,Nicholls,SE Louisiana,16,19,True,False,True,Southland,Southland,fcs,fcs,
13,regular,2024-11-22 00:30:00+00:00,Georgia Tech,NC State,30,29,True,False,True,ACC,ACC,fbs,fbs,
13,regular,2024-11-23 00:00:00+00:00,UTSA,Temple,51,27,True,False,True,American Athletic,American Athletic,fbs,fbs,
13,regular,2024-11-23 01:00:00+00:00,Michigan State,Purdue,24,17,True,False,True,Big Ten,Big Ten,fbs,fbs,
13,regular,2024-11-23 03:00:00+00:00,San José State,UNLV,16,27,True,False,True,Mountain West,Mountain West,fbs,fbs,
13,regular,2024-11-23 17:00:00+00:00,Dartmouth,Brown,56,28,True,False,True,Ivy,Ivy,fcs,fcs,
13,regular,2024-11-23 17:00:00+00:00,Endicott,Alfred State,44,0,True,False,False,Commonwealth Coast,ECFC,iii,iii,Division III Championship - First Round
13,regular,2024-11-23 17:00:00+00:00,Miles,Carson Newman,14,13,True,False,False,SIAC,South Atlantic,ii,ii,Division II Championship - First Round
13,regular,2024-11-23 17:00:00+00:00,Maryland,Iowa,13,29,True,False,True,Big Ten,Big Ten,fbs,fbs,
13,regular,2024-11-23 17:00:00+00:00,Jacksonville State,Sam Houston,21,11,True,False,True,Conference USA,Conference USA,fbs,fbs,
13,regular,2024-11-23 17:00:00+00:00,Ohio State,Indiana,38,15,True,False,True,Big Ten,Big Ten,fbs,fbs,
13,regular,2024-11-23 17:00:00+00:00,Florida,Ole Miss,24,17,True,False,True,SEC,SEC,fbs,fbs,
13,regular,2024-11-23 17:00:00+00:00,Rutgers,Illinois,31,38,True,False,True,Big Ten,Big Ten,fbs,fbs,
13,regular,2024-11-23 17:00:00+00:00,Syracuse,UConn,31,24,True,False,False,ACC,FBS Independents,fbs,fbs,
13,regular,2024-11-23 17:00:00+00:00,Boston College,North Carolina,41,21,True,False,True,ACC,ACC,fbs,fbs,
13,regular,2024-11-23 17:00:00+00:00,Miami,Wake Forest,42,14,True,False,True,ACC,ACC,fbs,fbs,
13,regular,2024-11-23 17:00:00+00:00,Virginia,SMU,7,33,True,False,True,ACC,ACC,fbs,fbs,
13,regular,2024-11-23 17:00:00+00:00,VMI,East Tennessee State,9,16,True,False,True,Southern,Southern,fcs,fcs,
13,regular,2024-11-23 17:00:00+00:00,Richmond,William & Mary,27,0,True,False,True,Coastal Athletic,Coastal Athletic,fcs,fcs,
13,regular,2024-11-23 17:00:00+00:00,John Carroll,Mount St Joseph,52,7,True,False,False,Ohio,Heartland,iii,iii,Division III Championship - First Round
13,regular,2024-11-23 17:00:00+00:00,Robert Morris,Stonehill,31,13,True,False,True,NEC,NEC,fcs,fcs,
13,regular,2024-11-23 17:00:00+00:00,Central Connecticut,Duquesne,21,14,True,False,True,NEC,NEC,fcs,fcs,
13,regular,2024-11-23 17:00:00+00:00,Wagner,Long Island University,28,35,True,False,True,NEC,NEC,fcs,fcs,
13,regular,2024-11-23 17:00:00+00:00,King's,Ursinus,32,29,True,False,False,Mid Atlantic,Centennial,iii,iii,Division III Championship - First Round
13,regular,2024-11-23 17:00:00+00:00,Harvard,Yale,29,34,True,False,True,Ivy,Ivy,fcs,fcs,
13,regular,2024-11-23 17:00:00+00:00,Lehigh,Lafayette,38,14,True,False,True,Patriot,Patriot,fcs,fcs,
13,regular,2024-11-23 17:00:00+00:00,Berry,Maryville (TN),16,20,True,False,False,Southern Athletic,USA South,iii,iii,Division III Championship - First Round
13,regular,2024-11-23 17:00:00+00:00,Columbia,Cornell,17,9,True,False,True,Ivy,Ivy,fcs,fcs,
13,regular,2024-11-23 17:30:00+00:00,Georgetown,Holy Cross,0,34,True,False,True,Patriot,Patriot,fcs,fcs,
13,regular,2024-11-23 17:45:00+00:00,Georgia,Massachusetts,59,21,True,False,False,SEC,FBS Independents,fbs,fbs,
13,regular,2024-11-23 18:00:00+00:00,Maine,New Hampshire,9,27,True,False,True,Coastal Athletic,Coastal Athletic,fcs,fcs,
13,regular,2024-11-23 18:00:00+00:00,Stetson,Drake,10,49,True,False,True,Pioneer,Pioneer,fcs,fcs,
13,regular,2024-11-23 18:00:00+00:00,California (PA),East Stroudsburg,30,27,True,False,True,Pennsylvania State Athletic,Pennsylvania State Athletic,ii,ii,Division II Championship - First Round
13,regular,2024-11-23 18:00:00+00:00,Trinity (TX),Mary Hardin Baylor,22,29,True,False,False,Southern Athletic,American Southwest,iii,iii,Division III Championship - First Round
13,regular,2024-11-23 18:00:00+00:00,Illinois State,North Dakota,35,13,True,False,True,MVFC,MVFC,fcs,fcs,
13,regular,2024-11-23 18:00:00+00:00,North Carolina A&T,Elon,21,31,True,False,True,Coastal Athletic,Coastal Athletic,fcs,fcs,
13,regular,2024-11-23 18:00:00+00:00,Bryant,Rhode Island,21,35,True,False,True,Coastal Athletic,Coastal Athletic,fcs,fcs,
13,regular,2024-11-23 18:00:00+00:00,Tennessee Tech,Eastern Illinois,23,6,True,False,True,Big South-OVC,Big South-OVC,fcs,fcs,
13,regular,2024-11-23 18:00:00+00:00,Presbyterian,Butler,30,27,True,False,True,Pioneer,Pioneer,fcs,fcs,
13,regular,2024-11-23 18:00:00+00:00,Mercyhurst,Saint Francis,21,20,True,False,True,NEC,NEC,fcs,fcs,
13,regular,2024-11-23 18:00:00+00:00,Fordham,Merrimack,3,19,True,False,False,Patriot,FCS Independents,fcs,fcs,
13,regular,2024-11-23 18:00:00+00:00,Princeton,Pennsylvania,20,17,True,False,True,Ivy,Ivy,fcs,fcs,
13,regular,2024-11-23 18:00:00+00:00,Morehead State,San Diego,14,37,True,False,True,Pioneer,Pioneer,fcs,fcs,
13,regular,2024-11-23 18:00:00+00:00,Tennessee,UTEP,56,0,True,False,False,SEC,Conference USA,fbs,fbs,
13,regular,2024-11-23 18:00:00+00:00,UAlbany,Hampton,41,34,True,False,True,Coastal Athletic,Coastal Athletic,fcs,fcs,
13,regular,2024-11-23 18:00:00+00:00,Delaware State,North Carolina Central,10,52,True,False,True,MEAC,MEAC,fcs,fcs,
13,regular,2024-11-23 18:00:00+00:00,Southern Illinois,Murray State,62,0,True,False,True,MVFC,MVFC,fcs,fcs,
13,regular,2024-11-23 18:00:00+00:00,Coe,Bethel (MN),26,31,True,False,False,American Rivers,Minnesota,iii,iii,Division III Championship - First Round
13,regular,2024-11-23 18:00:00+00:00,Mississippi Valley State,Alabama A&M,35,49,True,False,True,SWAC,SWAC,fcs,fcs,
13,regular,2024-11-23 18:00:00+00:00,Slippery Rock,New Haven,14,7,True,False,False,Pennsylvania State Athletic,Northeast 10,ii,ii,Division II Championship - First Round
13,regular,2024-11-23 18:00:00+00:00,Charleston (WV),Ashland,38,40,True,False,False,Mountain East,Great Midwest Athletic,ii,ii,Division II Championship - First Round
13,regular,2024-11-23 18:00:00+00:00,Villanova,Delaware,38,28,True,False,True,Coastal Athletic,CAA,fcs,fcs,
13,regular,2024-11-23 18:00:00+00:00,Stony Brook,Monmouth,47,55,True,False,True,Coastal Athletic,Coastal Athletic,fcs,fcs,
13,regular,2024-11-23 18:00:00+00:00,Wisconsin La Crosse,Northwestern (MN),59,14,True,False,False,Wisconsin,Upper Midwest,iii,iii,Division III Championship - First Round
13,regular,2024-11-23 18:00:00+00:00,Wingate,Virginia Union,31,34,True,False,False,South Atlantic,CIAA,ii,ii,Division II Championship - First Round
13,regular,2024-11-23 18:00:00+00:00,Liberty,Western Kentucky,38,21,True,False,True,Conference USA,Conference USA,fbs,fbs,
13,regular,2024-11-23 18:00:00+00:00,Augustana (SD),Minnesota State,19,20,True,False,True,Northern Sun,Northern Sun,ii,ii,Division II Championship - First Round
13,regular,2024-11-23 18:00:00+00:00,Grand Valley State,Indianapolis,24,7,True,False,False,GLIAC,Great Lakes,ii,ii,Division II Championship - First Round
13,regular,2024-11-23 18:00:00+00:00,Bucknell,Colgate,48,34,True,False,True,Patriot,Patriot,fcs,fcs,
13,regular,2024-11-23 18:00:00+00:00,Morgan State,Howard,35,21,True,False,True,MEAC,MEAC,fcs,fcs,
13,regular,2024-11-23 18:30:00+00:00,South Carolina State,Norfolk State,53,21,True,False,True,MEAC,MEAC,fcs,fcs,
13,regular,2024-11-23 18:30:00+00:00,Florida State,Charleston Southern,41,7,True,False,False,ACC,Big South-OVC,fbs,fcs,
13,regular,2024-11-23 19:00:00+00:00,Campbell,Towson,23,45,True,False,True,Coastal Athletic,Coastal Athletic,fcs,fcs,
13,regular,2024-11-23 19:00:00+00:00,St. Thomas (MN),Dayton,32,9,True,False,True,Pioneer,Pioneer,fcs,fcs,
13,regular,2024-11-23 19:00:00+00:00,Northern Iowa,Indiana State,41,34,True,False,True,MVFC,MVFC,fcs,fcs,
13,regular,2024-11-23 19:00:00+00:00,Austin Peay,Chattanooga,17,24,True,False,False,UAC,Southern,fcs,fcs,
13,regular,2024-11-23 19:00:00+00:00,Western Illinois,Gardner-Webb,45,28,True,False,True,Big South-OVC,Big South-OVC,fcs,fcs,
13,regular,2024-11-23 19:00:00+00:00,UAB,Rice,40,14,True,False,True,American Athletic,American Athletic,fbs,fbs,
13,regular,2024-11-23 19:00:00+00:00,Valparaiso,Davidson,18,17,True,False,True,Pioneer,Pioneer,fcs,fcs,
13,regular,2024-11-23 19:00:00+00:00,Ball State,Bowling Green,13,38,True,False,True,Mid-American,Mid-American,fbs,fbs,
13,regular,2024-11-23 19:00:00+00:00,South Dakota,North Dakota State,29,28,True,False,True,MVFC,MVFC,fcs,fcs,
13,regular,2024-11-23 19:00:00+00:00,East Texas A&M,Incarnate Word,24,38,True,False,True,Southland,Southland,fcs,fcs,
13,regular,2024-11-23 19:00:00+00:00,West Alabama,Lenoir Rhyne,34,37,True,False,False,Gulf South,South Atlantic,ii,ii,Division II Championship - First Round
13,regular,2024-11-23 19:00:00+00:00,Montana State,Montana,34,11,True,False,True,Big Sky,Big Sky,fcs,fcs,
13,regular,2024-11-23 19:00:00+00:00,Central Oklahoma,Ouachita Baptist,38,31,True,False,False,Mid America,Great American,ii,ii,Division II Championship - First Round
13,regular,2024-11-23 19:00:00+00:00,Angelo State,Bemidji State,14,24,True,False,False,Lone Star,Northern Sun,ii,ii,Division II Championship - First Round
13,regular,2024-11-23 19:00:00+00:00,Pittsburg State,Harding,3,48,True,False,False,Mid America,Great American,ii,ii,Division II Championship - First Round
13,regular,2024-11-23 19:00:00+00:00,Eastern Kentucky,North Alabama,21,15,True,False,True,UAC,UAC,fcs,fcs,
13,regular,2024-11-23 19:30:00+00:00,Middle Tennessee,New Mexico State,21,36,True,False,True,Conference USA,Conference USA,fbs,fbs,
13,regular,2024-11-23 19:30:00+00:00,App State,James Madison,34,20,True,False,True,Sun Belt,Sun Belt,fbs,fbs,
13,regular,2024-11-23 20:00:00+00:00,Southern Utah,Utah Tech,37,34,True,False,True,UAC,UAC,fcs,fcs,
13,regular,2024-11-23 20:00:00+00:00,Alcorn State,Jackson State,10,48,True,False,True,SWAC,SWAC,fcs,fcs,
13,regular,2024-11-23 20:00:00+00:00,Arkansas State,UL Monroe,28,21,True,False,True,Sun Belt,Sun Belt,fbs,fbs,
13,regular,2024-11-23 20:00:00+00:00,Kennesaw State,Florida International,27,26,True,False,True,Conference USA,Conference USA,fbs,fbs,
13,regular,2024-11-23 20:00:00+00:00,Houston Christian,Northwestern State,62,24,True,False,True,Southland,Southland,fcs,fcs,
13,regular,2024-11-23 20:00:00+00:00,Missouri State,South Dakota State,9,45,True,False,True,MVFC,MVFC,fcs,fcs,
13,regular,2024-11-23 20:00:00+00:00,Arkansas-Pine Bluff,Texas Southern,23,31,True,False,True,SWAC,SWAC,fcs,fcs,
13,regular,2024-11-23 20:00:00+00:00,Stephen F. Austin,Abilene Christian,32,19,True,False,False,Southland,UAC,fcs,fcs,
13,regular,2024-11-23 20:00:00+00:00,Tarleton State,Central Arkansas,39,14,True,False,True,UAC,UAC,fcs,fcs,
13,regular,2024-11-23 20:00:00+00:00,Northern Arizona,Eastern Washington,30,18,True,False,True,Big Sky,Big Sky,fcs,fcs,
13,regular,2024-11-23 20:00:00+00:00,Mercer,Furman,49,23,True,False,True,Southern,Southern,fcs,fcs,
13,regular,2024-11-23 20:00:00+00:00,Alabama State,Prairie View A&M,9,6,True,False,True,SWAC,SWAC,fcs,fcs,
13,regular,2024-11-23 20:00:00+00:00,Southern Miss,South Alabama,14,35,True,False,True,Sun Belt,Sun Belt,fbs,fbs,
13,regular,2024-11-23 20:00:00+00:00,TCU,Arizona,49,28,True,False,True,Big 12,Big 12,fbs,fbs,
13,regular,2024-11-23 20:00:00+00:00,UT Martin,Lindenwood,33,26,True,False,True,Big South-OVC,Big South-OVC,fcs,fcs,
13,regular,2024-11-23 20:00:00+00:00,Florida Atlantic,Charlotte,27,39,True,False,True,American Athletic,American Athletic,fbs,fbs,
13,regular,2024-11-23 20:00:00+00:00,Weber State,Cal Poly,28,17,True,False,True,Big Sky,Big Sky,fcs,fcs,
13,regular,2024-11-23 20:00:00+00:00,Western Colorado,Central Washington,28,21,True,False,False,Rocky Mountain,Lone Star,ii,ii,Division II Championship - First Round
13,regular,2024-11-23 20:00:00+00:00,Samford,Western Carolina,42,47,True,False,True,Southern,Southern,fcs,fcs,
13,regular,2024-11-23 20:00:00+00:00,Whitworth,Pomona Pitzer,21,13,True,False,False,Northwest,So. Cal.,iii,iii,Division III Championship - First Round
13,regular,2024-11-23 20:30:00+00:00,Nebraska,Wisconsin,44,25,True,False,True,Big Ten,Big Ten,fbs,fbs,
13,regular,2024-11-23 20:30:00+00:00,Utah State,San Diego State,41,20,True,False,True,Mountain West,Mountain West,fbs,fbs,
13,regular,2024-11-23 20:30:00+00:00,West Virginia,UCF,31,21,True,False,True,Big 12,Big 12,fbs,fbs,
13,regular,2024-11-23 20:30:00+00:00,Bethune-Cookman,Florida A&M,38,41,True,True,True,SWAC,SWAC,fcs,fcs,Florida Classic
13,regular,2024-11-23 20:30:00+00:00,Clemson,The Citadel,51,14,True,False,False,ACC,Southern,fbs,fcs,
13,regular,2024-11-23 20:30:00+00:00,Arizona State,BYU,28,23,True,False,True,Big 12,Big 12,fbs,fbs,
13,regular,2024-11-23 20:30:00+00:00,Kansas,Colorado,37,21,True,True,True,Big 12,Big 12,fbs,fbs,
13,regular,2024-11-23 20:30:00+00:00,South Florida,Tulsa,63,30,True,False,True,American Athletic,American Athletic,fbs,fbs,
13,regular,2024-11-23 20:30:00+00:00,Oklahoma State,Texas Tech,48,56,True,False,True,Big 12,Big 12,fbs,fbs,
13,regular,2024-11-23 20:30:00+00:00,North Texas,East Carolina,28,40,True,False,True,American Athletic,American Athletic,fbs,fbs,
13,regular,2024-11-23 20:30:00+00:00,Coastal Carolina,Georgia Southern,6,26,True,False,True,Sun Belt,Sun Belt,fbs,fbs,
13,regular,2024-11-23 20:30:00+00:00,California,Stanford,24,21,True,False,True,ACC,ACC,fbs,fbs,
13,regular,2024-11-23 20:30:00+00:00,Minnesota,Penn State,25,26,True,False,True,Big Ten,Big Ten,fbs,fbs,
13,regular,2024-11-23 20:30:00+00:00,Michigan,Northwestern,50,6,True,False,True,Big Ten,Big Ten,fbs,fbs,
13,regular,2024-11-23 20:30:00+00:00,Texas,Kentucky,31,14,True,False,True,SEC,SEC,fbs,fbs,
13,regular,2024-11-23 21:00:00+00:00,Louisville,Pittsburgh,37,9,True,False,True,ACC,ACC,fbs,fbs,
13,regular,2024-11-23 21:00:00+00:00,South Carolina,Wofford,56,12,True,False,False,SEC,Southern,fbs,fcs,
13,regular,2024-11-23 21:00:00+00:00,Portland State,Northern Colorado,45,13,True,False,True,Big Sky,Big Sky,fcs,fcs,
13,regular,2024-11-23 21:00:00+00:00,Arkansas,Louisiana Tech,35,14,True,False,False,SEC,Conference USA,fbs,fbs,
13,regular,2024-11-23 21:15:00+00:00,Mississippi State,Missouri,20,39,True,False,True,SEC,SEC,fbs,fbs,
13,regular,2024-11-23 21:30:00+00:00,Tennessee State,Southeast Missouri State,28,21,True,False,True,Big South-OVC,Big South-OVC,fcs,fcs,
13,regular,2024-11-23 22:00:00+00:00,Louisiana,Troy,51,30,True,False,True,Sun Belt,Sun Belt,fbs,fbs,
13,regular,2024-11-23 22:00:00+00:00,Sacramento State,UC Davis,39,42,True,False,True,Big Sky,Big Sky,fcs,fcs,
13,regular,2024-11-23 23:00:00+00:00,Idaho State,Idaho,17,40,True,False,True,Big Sky,Big Sky,fcs,fcs,
13,regular,2024-11-24 00:00:00+00:00,Houston,Baylor,10,20,True,False,True,Big 12,Big 12,fbs,fbs,
13,regular,2024-11-24 00:00:00+00:00,Oregon State,Washington State,41,38,True,False,True,Pac-12,Pac-12,fbs,fbs,
13,regular,2024-11-24 00:00:00+00:00,Texas State,Georgia State,44,52,True,False,True,Sun Belt,Sun Belt,fbs,fbs,
13,regular,2024-11-24 00:00:00+00:00,Wyoming,Boise State,13,17,True,False,True,Mountain West,Mountain West,fbs,fbs,
13,regular,2024-11-24 00:00:00+00:00,Notre Dame,Army,49,14,True,True,False,FBS Independents,American Athletic,fbs,fbs,
13,regular,2024-11-24 00:30:00+00:00,Old Dominion,Marshall,35,42,True,False,True,Sun Belt,Sun Belt,fbs,fbs,
13,regular,2024-11-24 00:30:00+00:00,Auburn,Texas A&M,43,41,True,False,True,SEC,SEC,fbs,fbs,
13,regular,2024-11-24 00:30:00+00:00,Utah,Iowa State,28,31,True,False,True,Big 12,Big 12,fbs,fbs,
13,regular,2024-11-24 00:30:00+00:00,Oklahoma,Alabama,24,3,True,False,True,SEC,SEC,fbs,fbs,
13,regular,2024-11-24 00:45:00+00:00,LSU,Vanderbilt,24,17,True,False,True,SEC,SEC,fbs,fbs,
13,regular,2024-11-24 01:00:00+00:00,McNeese,Lamar,24,26,True,False,True,Southland,Southland,fcs,fcs,
13,regular,2024-11-24 01:00:00+00:00,Duke,Virginia Tech,31,28,True,False,True,ACC,ACC,fbs,fbs,
13,regular,2024-11-24 01:00:00+00:00,Kansas State,Cincinnati,41,15,True,False,True,Big 12,Big 12,fbs,fbs,
13,regular,2024-11-24 03:30:00+00:00,UCLA,USC,13,19,True,False,True,Big Ten,Big Ten,fbs,fbs,
13,regular,2024-11-24 03:30:00+00:00,Fresno State,Colorado State,28,22,True,False,True,Mountain West,Mountain West,fbs,fbs,
13,regular,2024-11-24 03:30:00+00:00,Nevada,Air Force,19,22,True,False,True,Mountain West,Mountain West,fbs,fbs,
14,regular,2024-11-27 00:00:00+00:00,Buffalo,Kent State,43,7,True,False,True,Mid-American,Mid-American,fbs,fbs,
14,regular,2024-11-27 00:00:00+00:00,Akron,Toledo,21,14,True,False,True,Mid-American,Mid-American,fbs,fbs,
14,regular,2024-11-28 19:00:00+00:00,Alabama State,Tuskegee,34,6,True,False,False,SWAC,SIAC,fcs,ii,Turkey Day Classic
14,regular,2024-11-29 00:30:00+00:00,Tulane,Memphis,24,34,True,False,True,American Athletic,American Athletic,fbs,fbs,
14,regular,2024-11-29 17:00:00+00:00,East Carolina,Navy,20,34,True,False,True,American Athletic,American Athletic,fbs,fbs,
14,regular,2024-11-29 17:00:00+00:00,Colorado,Oklahoma State,52,0,True,False,True,Big 12,Big 12,fbs,fbs,
14,regular,2024-11-29 17:00:00+00:00,Ohio,Ball State,42,21,True,False,True,Mid-American,Mid-American,fbs,fbs,
14,regular,2024-11-29 17:00:00+00:00,Bowling Green,Miami (OH),12,28,True,False,True,Mid-American,Mid-American,fbs,fbs,
14,regular,2024-11-29 17:00:00+00:00,Boise State,Oregon State,34,18,True,False,False,Mountain West,Pac-12,fbs,fbs,
14,regular,2024-11-29 17:00:00+00:00,Wisconsin,Minnesota,7,24,True,False,True,Big Ten,Big Ten,fbs,fbs,
14,regular,2024-11-29 20:30:00+00:00,Colorado State,Utah State,42,37,True,False,True,Mountain West,Mountain West,fbs,fbs,
14,regular,2024-11-29 20:30:00+00:00,Ole Miss,Mississippi State,26,14,True,False,True,SEC,SEC,fbs,fbs,
14,regular,2024-11-29 20:30:00+00:00,Sam Houston,Liberty,20,18,True,False,True,Conference USA,Conference USA,fbs,fbs,
14,regular,2024-11-29 20:30:00+00:00,South Alabama,Texas State,38,45,True,False,True,Sun Belt,Sun Belt,fbs,fbs,
14,regular,2024-11-29 21:00:00+00:00,San José State,Stanford,34,31,True,False,False,Mountain West,ACC,fbs,fbs,
14,regular,2024-11-29 21:00:00+00:00,Florida A&M,Alabama A&M,28,20,True,False,True,SWAC,SWAC,fcs,fcs,
14,regular,2024-11-30 00:30:00+00:00,Iowa,Nebraska,13,10,True,False,True,Big Ten,Big Ten,fbs,fbs,
14,regular,2024-11-30 00:30:00+00:00,Georgia,Georgia Tech,44,42,True,False,False,SEC,ACC,fbs,fbs,
14,regular,2024-11-30 01:00:00+00:00,UCF,Utah,14,28,True,False,True,Big 12,Big 12,fbs,fbs,
14,regular,2024-11-30 17:00:00+00:00,Massachusetts,UConn,42,47,True,False,True,FBS Independents,FBS Independents,fbs,fbs,
14,regular,2024-11-30 17:00:00+00:00,Salisbury,King's,33,13,True,False,False,New Jersey,Mid Atlantic,iii,iii,Division III Championship - Second Round
14,regular,2024-11-30 17:00:00+00:00,SUNY Cortland,Endicott,17,9,True,False,False,Empire 8,Commonwealth Coast,iii,iii,Division III Championship - Second Round
14,regular,2024-11-30 17:00:00+00:00,UL Monroe,Louisiana,23,37,True,False,True,Sun Belt,Sun Belt,fbs,fbs,
14,regular,2024-11-30 17:00:00+00:00,Kutztown,Slippery Rock,24,25,True,False,True,Pennsylvania State Athletic,Pennsylvania State Athletic,ii,ii,Division II Championship - Second Round
14,regular,2024-11-30 17:00:00+00:00,Hope,Aurora,49,21,True,False,False,Michigan,NACC,iii,iii,Division III Championship - Second Round
14,regular,2024-11-30 17:00:00+00:00,Springfield,UMass Dartmouth,54,27,True,False,False,NEWMAC,MSCAC,iii,iii,Division III Championship - Second Round
14,regular,2024-11-30 17:00:00+00:00,Rhode Island,Central Connecticut,21,17,True,False,False,Coastal Athletic,NEC,fcs,fcs,FCS Championship - First Round
14,regular,2024-11-30 17:00:00+00:00,Clemson,South Carolina,14,17,True,False,False,ACC,SEC,fbs,fbs,
14,regular,2024-11-30 17:00:00+00:00,Vanderbilt,Tennessee,23,36,True,False,True,SEC,SEC,fbs,fbs,
14,regular,2024-11-30 17:00:00+00:00,Northwestern,Illinois,28,38,True,True,True,Big Ten,Big Ten,fbs,fbs,
14,regular,2024-11-30 17:00:00+00:00,Ohio State,Michigan,10,13,True,False,True,Big Ten,Big Ten,fbs,fbs,
14,regular,2024-11-30 17:00:00+00:00,Wake Forest,Duke,17,23,True,False,True,ACC,ACC,fbs,fbs,
14,regular,2024-11-30 17:00:00+00:00,Baylor,Kansas,45,17,True,False,True,Big 12,Big 12,fbs,fbs,
14,regular,2024-11-30 17:00:00+00:00,Mount Union,John Carroll,42,7,True,False,True,Ohio,Ohio,iii,iii,Division III Championship - Second Round
14,regular,2024-11-30 17:00:00+00:00,Randolph Macon,Washington & Jefferson,38,22,True,False,False,Old Dominion,Presidents',iii,iii,Division III Championship - Second Round
14,regular,2024-11-30 17:00:00+00:00,Johns Hopkins,Grove City,17,14,True,False,False,Centennial,Presidents',iii,iii,Division III Championship - Second Round
14,regular,2024-11-30 17:00:00+00:00,Temple,North Texas,17,24,True,False,True,American Athletic,American Athletic,fbs,fbs,
14,regular,2024-11-30 17:00:00+00:00,Carnegie Mellon,Centre,24,15,True,False,False,Presidents',Southern Athletic,iii,iii,Division III Championship - Second Round
14,regular,2024-11-30 17:00:00+00:00,Susquehanna,Hobart,42,35,True,False,False,Landmark Conference,Liberty League,iii,iii,Division III Championship - Second Round
14,regular,2024-11-30 17:00:00+00:00,Ferris State,Central Oklahoma,78,17,True,False,False,GLIAC,Mid America,ii,ii,Division II Championship - Second Round
14,regular,2024-11-30 17:00:00+00:00,DePauw,Maryville (TN),45,20,True,False,False,North Coast,USA South,iii,iii,Division III Championship - Second Round
14,regular,2024-11-30 17:00:00+00:00,Kentucky,Louisville,14,41,True,False,False,SEC,ACC,fbs,fbs,
14,regular,2024-11-30 17:00:00+00:00,Southeast Missouri State,Illinois State,27,35,True,False,False,Big South-OVC,MVFC,fcs,fcs,FCS Championship - First Round
14,regular,2024-11-30 17:00:00+00:00,Texas Tech,West Virginia,52,15,True,False,True,Big 12,Big 12,fbs,fbs,
14,regular,2024-11-30 17:00:00+00:00,Army,UTSA,29,24,True,False,True,American Athletic,American Athletic,fbs,fbs,
14,regular,2024-11-30 18:00:00+00:00,North Central College,Whitworth,42,17,True,False,False,CCIW,Northwest,iii,iii,Division III Championship - Second Round
14,regular,2024-11-30 18:00:00+00:00,Wartburg,Wisconsin Platteville,19,14,True,False,False,American Rivers,Wisconsin,iii,iii,Division III Championship - Second Round
14,regular,2024-11-30 18:00:00+00:00,Lake Forest,Bethel (MN),21,48,True,False,False,Midwest,Minnesota,iii,iii,Division III Championship - Second Round
14,regular,2024-11-30 18:00:00+00:00,Hardin Simmons,Mary Hardin Baylor,13,17,True,False,True,American Southwest,American Southwest,iii,iii,Division III Championship - Second Round
14,regular,2024-11-30 18:00:00+00:00,Virginia Union,Lenoir Rhyne,44,12,True,False,False,CIAA,South Atlantic,ii,ii,Division II Championship - Second Round
14,regular,2024-11-30 18:00:00+00:00,New Hampshire,UT Martin,10,41,True,False,False,Coastal Athletic,Big South-OVC,fcs,fcs,FCS Championship - First Round
14,regular,2024-11-30 18:00:00+00:00,Saint John's (MN),Wisconsin La Crosse,24,13,True,False,False,Minnesota,Wisconsin,iii,iii,Division III Championship - Second Round
14,regular,2024-11-30 18:00:00+00:00,California (PA),Ashland,34,33,True,False,False,Pennsylvania State Athletic,Great Midwest Athletic,ii,ii,Division II Championship - Second Round
14,regular,2024-11-30 18:00:00+00:00,Grand Valley State,Harding,26,44,True,False,False,GLIAC,Great American,ii,ii,Division II Championship - Second Round
14,regular,2024-11-30 18:00:00+00:00,Valdosta State,Miles,33,17,True,False,False,Gulf South,SIAC,ii,ii,Division II Championship - Second Round
14,regular,2024-11-30 18:30:00+00:00,Western Michigan,Eastern Michigan,26,18,True,False,True,Mid-American,Mid-American,fbs,fbs,
14,regular,2024-11-30 19:00:00+00:00,Georgia State,Coastal Carolina,27,48,True,False,True,Sun Belt,Sun Belt,fbs,fbs,
14,regular,2024-11-30 19:00:00+00:00,Richmond,Lehigh,16,20,True,False,False,Coastal Athletic,Patriot,fcs,fcs,FCS Championship - First Round
14,regular,2024-11-30 19:00:00+00:00,Villanova,Eastern Kentucky,22,17,True,False,False,Coastal Athletic,UAC,fcs,fcs,FCS Championship - First Round
14,regular,2024-11-30 19:00:00+00:00,Rice,South Florida,35,28,True,False,True,American Athletic,American Athletic,fbs,fbs,
14,regular,2024-11-30 19:00:00+00:00,Florida International,Middle Tennessee,35,24,True,True,True,Conference USA,Conference USA,fbs,fbs,
14,regular,2024-11-30 19:00:00+00:00,Southern,Grambling,24,14,True,True,True,SWAC,SWAC,fcs,fcs,
14,regular,2024-11-30 19:00:00+00:00,Troy,Southern Miss,52,20,True,False,True,Sun Belt,Sun Belt,fbs,fbs,
14,regular,2024-11-30 20:00:00+00:00,CSU Pueblo,Minnesota State,23,26,True,False,False,Rocky Mountain,Northern Sun,ii,ii,Division II Championship - Second Round
14,regular,2024-11-30 20:00:00+00:00,Boston College,Pittsburgh,34,23,True,False,True,ACC,ACC,fbs,fbs,
14,regular,2024-11-30 20:00:00+00:00,Arkansas State,Old Dominion,32,40,True,False,True,Sun Belt,Sun Belt,fbs,fbs,
14,regular,2024-11-30 20:00:00+00:00,Abilene Christian,Northern Arizona,24,0,True,False,False,UAC,Big Sky,fcs,fcs,FCS Championship - First Round
14,regular,2024-11-30 20:00:00+00:00,Western Colorado,Bemidji State,19,20,True,False,False,Rocky Mountain,Northern Sun,ii,ii,Division II Championship - Second Round
14,regular,2024-11-30 20:00:00+00:00,Tarleton State,Drake,43,29,True,False,False,UAC,Pioneer,fcs,fcs,FCS Championship - First Round
14,regular,2024-11-30 20:00:00+00:00,Linfield,Texas Lutheran,65,3,True,False,False,Northwest,Southern Collegiate Athletic,iii,iii,Division III Championship - Second Round
14,regular,2024-11-30 20:30:00+00:00,Missouri,Arkansas,28,21,True,False,True,SEC,SEC,fbs,fbs,
14,regular,2024-11-30 20:30:00+00:00,Michigan State,Rutgers,14,41,True,False,True,Big Ten,Big Ten,fbs,fbs,
14,regular,2024-11-30 20:30:00+00:00,Arizona,Arizona State,7,49,True,False,True,Big 12,Big 12,fbs,fbs,
14,regular,2024-11-30 20:30:00+00:00,North Carolina,NC State,30,35,True,False,True,ACC,ACC,fbs,fbs,
14,regular,2024-11-30 20:30:00+00:00,Syracuse,Miami,42,38,True,False,True,ACC,ACC,fbs,fbs,
14,regular,2024-11-30 20:30:00+00:00,SMU,California,38,6,True,False,True,ACC,ACC,fbs,fbs,
14,regular,2024-11-30 20:30:00+00:00,USC,Notre Dame,35,49,True,False,False,Big Ten,FBS Independents,fbs,fbs,
14,regular,2024-11-30 20:30:00+00:00,UCLA,Fresno State,20,13,True,False,False,Big Ten,Mountain West,fbs,fbs,
14,regular,2024-11-30 20:30:00+00:00,Penn State,Maryland,44,7,True,False,True,Big Ten,Big Ten,fbs,fbs,
14,regular,2024-11-30 20:30:00+00:00,Alabama,Auburn,28,14,True,False,True,SEC,SEC,fbs,fbs,
14,regular,2024-11-30 20:30:00+00:00,Tulsa,Florida Atlantic,16,63,True,False,True,American Athletic,American Athletic,fbs,fbs,
14,regular,2024-11-30 20:30:00+00:00,Charlotte,UAB,29,27,True,False,True,American Athletic,American Athletic,fbs,fbs,
14,regular,2024-11-30 20:30:00+00:00,Northern Illinois,Central Michigan,24,16,True,False,True,Mid-American,Mid-American,fbs,fbs,
14,regular,2024-11-30 21:00:00+00:00,New Mexico State,UTEP,35,42,True,False,True,Conference USA,Conference USA,fbs,fbs,
14,regular,2024-11-30 21:00:00+00:00,Western Kentucky,Jacksonville State,19,17,True,False,True,Conference USA,Conference USA,fbs,fbs,
14,regular,2024-11-30 21:00:00+00:00,Louisiana Tech,Kennesaw State,33,0,True,False,True,Conference USA,Conference USA,fbs,fbs,
14,regular,2024-11-30 23:00:00+00:00,Georgia Southern,App State,29,20,True,False,True,Sun Belt,Sun Belt,fbs,fbs,
14,regular,2024-11-30 23:00:00+00:00,Cincinnati,TCU,13,20,True,False,True,Big 12,Big 12,fbs,fbs,
14,regular,2024-11-30 23:30:00+00:00,Washington State,Wyoming,14,15,True,False,False,Pac-12,Mountain West,fbs,fbs,
14,regular,2024-12-01 00:00:00+00:00,Florida State,Florida,11,31,True,False,False,ACC,SEC,fbs,fbs,
14,regular,2024-12-01 00:00:00+00:00,Indiana,Purdue,66,0,True,False,True,Big Ten,Big Ten,fbs,fbs,
14,regular,2024-12-01 00:00:00+00:00,LSU,Oklahoma,37,17,True,False,True,SEC,SEC,fbs,fbs,
14,regular,2024-12-01 00:30:00+00:00,Texas A&M,Texas,7,17,True,False,True,SEC,SEC,fbs,fbs,
14,regular,2024-12-01 00:30:00+00:00,Oregon,Washington,49,21,True,False,True,Big Ten,Big Ten,fbs,fbs,
14,regular,2024-12-01 00:30:00+00:00,Iowa State,Kansas State,29,21,True,False,True,Big 12,Big 12,fbs,fbs,
14,regular,2024-12-01 01:00:00+00:00,James Madison,Marshall,33,35,True,False,True,Sun Belt,Sun Belt,fbs,fbs,
14,regular,2024-12-01 01:00:00+00:00,Virginia Tech,Virginia,37,17,True,False,True,ACC,ACC,fbs,fbs,
14,regular,2024-12-01 01:00:00+00:00,UNLV,Nevada,38,14,True,False,True,Mountain West,Mountain West,fbs,fbs,
14,regular,2024-12-01 03:15:00+00:00,BYU,Houston,30,18,True,False,True,Big 12,Big 12,fbs,fbs,
14,regular,2024-12-01 03:15:00+00:00,Montana,Tennessee State,41,27,True,False,False,Big Sky,Big South-OVC,fcs,fcs,FCS Championship - First Round
14,regular,2024-12-01 03:30:00+00:00,San Diego State,Air Force,20,31,True,False,True,Mountain West,Mountain West,fbs,fbs,
14,regular,2024-12-01 04:00:00+00:00,Hawai'i,New Mexico,38,30,True,False,True,Mountain West,Mountain West,fbs,fbs,
15,regular,2024-12-07 00:00:00+00:00,Jacksonville State,Western Kentucky,52,12,True,False,True,Conference USA,Conference USA,fbs,fbs,Conference USA Championship
15,regular,2024-12-07 01:00:00+00:00,Boise State,UNLV,21,7,True,False,True,Mountain West,Mountain West,fbs,fbs,Mountain West Championship
15,regular,2024-12-07 01:00:00+00:00,Army,Tulane,35,14,True,False,True,American Athletic,American Athletic,fbs,fbs,American Athletic Championship
15,regular,2024-12-07 17:00:00+00:00,Carnegie Mellon,Mount Union,19,24,True,False,False,Presidents',Ohio,iii,iii,Division III Championship - Third Round
15,regular,2024-12-07 17:00:00+00:00,Salisbury,Randolph Macon,35,14,True,False,False,New Jersey,Old Dominion,iii,iii,Division III Championship - Third Round
15,regular,2024-12-07 17:00:00+00:00,SUNY Cortland,Springfield,28,40,True,False,False,Empire 8,NEWMAC,iii,iii,Division III Championship - Third Round
15,regular,2024-12-07 17:00:00+00:00,Miami (OH),Ohio,3,38,True,True,True,Mid-American,Mid-American,fbs,fbs,MAC Championship
15,regular,2024-12-07 17:00:00+00:00,Johns Hopkins,DePauw,14,9,True,False,False,Centennial,North Coast,iii,iii,Division III Championship - Third Round
15,regular,2024-12-07 17:00:00+00:00,Arizona State,Iowa State,45,19,True,True,True,Big 12,Big 12,fbs,fbs,Dr Pepper Big 12 Championship
15,regular,2024-12-07 18:00:00+00:00,Wartburg,Bethel (MN),14,24,True,False,False,American Rivers,Minnesota,iii,iii,Division III Championship - Third Round
15,regular,2024-12-07 18:00:00+00:00,Ferris State,Harding,41,7,True,False,False,GLIAC,Great American,ii,ii,Division II Championship - Quarterfinal
15,regular,2024-12-07 18:00:00+00:00,Saint John's (MN),Susquehanna,38,41,True,False,False,Minnesota,Landmark Conference,iii,iii,Division III Championship - Third Round
15,regular,2024-12-07 18:00:00+00:00,Hope,North Central College,21,41,True,False,False,Michigan,CCIW,iii,iii,Division III Championship - Third Round
15,regular,2024-12-07 18:00:00+00:00,California (PA),Slippery Rock,13,31,True,False,True,Pennsylvania State Athletic,Pennsylvania State Athletic,ii,ii,Division II Championship - Quarterfinal
15,regular,2024-12-07 18:00:00+00:00,Valdosta State,Virginia Union,49,14,True,False,False,Gulf South,CIAA,ii,ii,Division II Championship - Quarterfinal
15,regular,2024-12-07 19:00:00+00:00,Mercer,Rhode Island,17,10,True,False,False,Southern,Coastal Athletic,fcs,fcs,FCS Championship - Second Round
15,regular,2024-12-07 19:00:00+00:00,Incarnate Word,Villanova,13,6,True,False,False,Southland,Coastal Athletic,fcs,fcs,FCS Championship - Second Round
15,regular,2024-12-07 19:00:00+00:00,South Dakota State,Montana,35,18,True,False,False,MVFC,Big Sky,fcs,fcs,FCS Championship - Second Round
15,regular,2024-12-07 19:00:00+00:00,Jackson State,Southern,41,13,True,False,True,SWAC,SWAC,fcs,fcs,SWAC Championship
15,regular,2024-12-07 20:00:00+00:00,Mary Hardin Baylor,Linfield,28,18,True,False,False,American Southwest,Northwest,iii,iii,Division III Championship - Third Round
15,regular,2024-12-07 20:00:00+00:00,North Dakota State,Abilene Christian,51,31,True,False,False,MVFC,UAC,fcs,fcs,FCS Championship - Second Round
15,regular,2024-12-07 20:00:00+00:00,Montana State,UT Martin,49,17,True,False,False,Big Sky,Big South-OVC,fcs,fcs,FCS Championship - Second Round
15,regular,2024-12-07 20:00:00+00:00,South Dakota,Tarleton State,42,31,True,False,False,MVFC,UAC,fcs,fcs,FCS Championship - Second Round
15,regular,2024-12-07 20:00:00+00:00,Minnesota State,Bemidji State,27,23,True,False,True,Northern Sun,Northern Sun,ii,ii,Division II Championship - Quarterfinal
15,regular,2024-12-07 21:00:00+00:00,UC Davis,Illinois State,42,10,True,False,False,Big Sky,MVFC,fcs,fcs,FCS Championship - Second Round
15,regular,2024-12-07 21:00:00+00:00,Texas,Georgia,19,22,True,True,True,SEC,SEC,fbs,fbs,SEC Championship
15,regular,2024-12-08 00:30:00+00:00,Louisiana,Marshall,3,31,True,False,True,Sun Belt,Sun Belt,fbs,fbs,Sun Belt Championship
15,regular,2024-12-08 01:00:00+00:00,SMU,Clemson,31,34,True,True,True,ACC,ACC,fbs,fbs,ACC Championship
15,regular,2024-12-08 01:00:00+00:00,Oregon,Penn State,45,37,True,True,True,Big Ten,Big Ten,fbs,fbs,Big Ten Championship
15,regular,2024-12-08 02:00:00+00:00,Idaho,Lehigh,34,13,True,False,False,Big Sky,Patriot,fcs,fcs,FCS Championship - Second Round
16,regular,2024-12-14 02:00:00+00:00,Montana State,Idaho,52,19,True,False,True,Big Sky,Big Sky,fcs,fcs,FCS Championship - Quarterfinals
16,regular,2024-12-14 17:00:00+00:00,Susquehanna,Bethel (MN),24,21,True,False,False,Landmark Conference,Minnesota,iii,iii,Division III Championship - Quarterfinal
16,regular,2024-12-14 17:00:00+00:00,Johns Hopkins,Mary Hardin Baylor,17,10,True,False,False,Centennial,American Southwest,iii,iii,Division III Championship - Quarterfinal
16,regular,2024-12-14 17:00:00+00:00,Salisbury,Mount Union,17,38,True,False,False,New Jersey,Ohio,iii,iii,Division III Championship - Quarterfinal
16,regular,2024-12-14 17:00:00+00:00,Valdosta State,Minnesota State,35,21,True,False,False,Gulf South,Northern Sun,ii,ii,Division II Championship - Semifinal
16,regular,2024-12-14 17:00:00+00:00,South Dakota State,Incarnate Word,55,14,True,False,False,MVFC,Southland,fcs,fcs,FCS Championship - Quarterfinals
16,regular,2024-12-14 18:00:00+00:00,North Central College,Springfield,27,3,True,False,False,CCIW,NEWMAC,iii,iii,Division III Championship - Quarterfinal
16,regular,2024-12-14 20:00:00+00:00,Army,Navy,13,31,True,True,True,American Athletic,American Athletic,fbs,fbs,
16,regular,2024-12-14 20:30:00+00:00,North Dakota State,Mercer,31,7,True,False,False,MVFC,Southern,fcs,fcs,FCS Championship - Quarterfinals
16,regular,2024-12-14 20:30:00+00:00,Ferris State,Slippery Rock,48,38,True,False,False,GLIAC,Pennsylvania State Athletic,ii,ii,Division II Championship - Semifinal
16,regular,2024-12-14 21:00:00+00:00,South Dakota,UC Davis,35,21,True,False,False,MVFC,Big Sky,fcs,fcs,FCS Championship - Quarterfinals
1,postseason,2024-12-14 17:00:00+00:00,South Carolina State,Jackson State,7,28,True,True,False,MEAC,SWAC,fcs,fcs,Cricket Celebration Bowl
1,postseason,2024-12-15 02:00:00+00:00,Western Michigan,South Alabama,23,30,True,True,False,Mid-American,Sun Belt,fbs,fbs,IS4S Salute to Veterans Bowl
1,postseason,2024-12-18 02:00:00+00:00,West Virginia,Memphis,37,42,True,True,False,Big 12,American Athletic,fbs,fbs,Scooter's Coffee Frisco Bowl
1,postseason,2024-12-18 22:30:00+00:00,James Madison,Western Kentucky,27,17,True,True,False,Sun Belt,Conference USA,fbs,fbs,Boca Raton Bowl
1,postseason,2024-12-19 02:00:00+00:00,UNLV,California,24,13,True,True,False,Mountain West,ACC,fbs,fbs,Art of Sport LA Bowl
1,postseason,2024-12-20 00:00:00+00:00,Sam Houston,Georgia Southern,31,26,True,True,False,Conference USA,Sun Belt,fbs,fbs,R+L Carriers New Orleans Bowl
1,postseason,2024-12-20 17:00:00+00:00,Jacksonville State,Ohio,27,30,True,True,False,Conference USA,Mid-American,fbs,fbs,StaffDNA Cure Bowl
1,postseason,2024-12-20 20:30:00+00:00,Florida,Tulane,33,8,True,True,False,SEC,American Athletic,fbs,fbs,Union Home Mortgage Gasparilla Bowl
1,postseason,2024-12-21 01:00:00+00:00,Notre Dame,Indiana,27,17,True,False,False,FBS Independents,Big Ten,fbs,fbs,College Football Playoff First Round Game Presented by Allstate
1,postseason,2024-12-21 17:00:00+00:00,North Dakota State,South Dakota State,28,21,True,False,True,MVFC,MVFC,fcs,fcs,FCS Championship - Semifinals
1,postseason,2024-12-21 17:00:00+00:00,Penn State,SMU,38,10,True,False,False,Big Ten,ACC,fbs,fbs,College Football Playoff First Round Game Presented by Allstate
1,postseason,2024-12-21 17:00:00+00:00,Mount Union,Johns Hopkins,45,37,True,False,False,Ohio,Centennial,iii,iii,Division III Championship - Semifinal
1,postseason,2024-12-21 19:00:00+00:00,Valdosta State,Ferris State,14,49,True,True,False,Gulf South,GLIAC,ii,ii,Division II Championship
1,postseason,2024-12-21 20:30:00+00:00,North Central College,Susquehanna,66,0,True,False,False,CCIW,Landmark Conference,iii,iii,Division III Championship - Semifinal
1,postseason,2024-12-21 20:30:00+00:00,Montana State,South Dakota,31,17,True,False,False,Big Sky,MVFC,fcs,fcs,FCS Championship - Semifinals
1,postseason,2024-12-21 21:00:00+00:00,Texas,Clemson,38,24,True,False,False,SEC,ACC,fbs,fbs,College Football Playoff First Round Game Presented by Allstate
1,postseason,2024-12-22 01:00:00+00:00,Ohio State,Tennessee,42,17,True,False,False,Big Ten,SEC,fbs,fbs,College Football Playoff First Round Game Presented by Allstate
1,postseason,2024-12-23 16:00:00+00:00,UTSA,Coastal Carolina,44,15,True,False,False,American Athletic,Sun Belt,fbs,fbs,Myrtle Beach Bowl
1,postseason,2024-12-23 19:30:00+00:00,Fresno State,Northern Illinois,20,28,True,True,False,Mountain West,Mid-American,fbs,fbs,Famous Idaho Potato Bowl
1,postseason,2024-12-25 01:00:00+00:00,San José State,South Florida,39,41,True,True,False,Mountain West,American Athletic,fbs,fbs,Hawaiʻi Bowl
1,postseason,2024-12-26 19:00:00+00:00,Toledo,Pittsburgh,48,46,True,True,False,Mid-American,ACC,fbs,fbs,GameAbove Sports Bowl
1,postseason,2024-12-26 22:30:00+00:00,Kansas State,Rutgers,44,41,True,True,False,Big 12,Big Ten,fbs,fbs,Rate Bowl
1,postseason,2024-12-27 02:00:00+00:00,Bowling Green,Arkansas State,31,38,True,True,False,Mid-American,Sun Belt,fbs,fbs,68 Ventures Bowl
1,postseason,2024-12-27 17:00:00+00:00,Navy,Oklahoma,21,20,True,True,False,American Athletic,SEC,fbs,fbs,Lockheed Martin Armed Forces Bowl
1,postseason,2024-12-27 20:30:00+00:00,Vanderbilt,Georgia Tech,35,27,True,True,False,SEC,ACC,fbs,fbs,Birmingham Bowl
1,postseason,2024-12-28 00:00:00+00:00,Arkansas,Texas Tech,39,26,True,True,False,SEC,Big 12,fbs,fbs,AutoZone Liberty Bowl
1,postseason,2024-12-28 01:00:00+00:00,Washington State,Syracuse,35,52,True,True,False,Pac-12,ACC,fbs,fbs,DirecTV Holiday Bowl
1,postseason,2024-12-28 03:30:00+00:00,USC,Texas A&M,35,31,True,True,False,Big Ten,SEC,fbs,fbs,SRS Distribution Las Vegas Bowl
1,postseason,2024-12-28 16:00:00+00:00,North Carolina,UConn,14,27,True,True,False,ACC,FBS Independents,fbs,fbs,Wasabi Fenway Bowl
1,postseason,2024-12-28 17:00:00+00:00,Nebraska,Boston College,20,15,True,True,False,Big Ten,ACC,fbs,fbs,Bad Boy Mowers Pinstripe Bowl
1,postseason,2024-12-28 19:15:00+00:00,TCU,Louisiana,34,3,True,True,False,Big 12,Sun Belt,fbs,fbs,Isleta New Mexico Bowl
1,postseason,2024-12-28 20:30:00+00:00,Miami,Iowa State,41,42,True,True,False,ACC,Big 12,fbs,fbs,Pop-Tarts Bowl
1,postseason,2024-12-28 21:30:00+00:00,Colorado State,Miami (OH),17,43,True,True,False,Mountain West,Mid-American,fbs,fbs,Snoop Dogg Arizona Bowl
1,postseason,2024-12-28 22:45:00+00:00,NC State,East Carolina,21,26,True,True,False,ACC,American Athletic,fbs,fbs,Go Bowling Military Bowl
1,postseason,2024-12-29 00:30:00+00:00,Colorado,BYU,14,36,True,True,False,Big 12,Big 12,fbs,fbs,Valero Alamo Bowl
1,postseason,2024-12-29 02:15:00+00:00,Army,Louisiana Tech,27,6,True,True,False,American Athletic,Conference USA,fbs,fbs,Radiance Technologies Independence Bowl
1,postseason,2024-12-30 19:30:00+00:00,Missouri,Iowa,27,24,True,True,False,SEC,Big Ten,fbs,fbs,TransPerfect Music City Bowl
1,postseason,2024-12-31 17:00:00+00:00,Michigan,Alabama,19,13,True,True,False,Big Ten,SEC,fbs,fbs,ReliaQuest Bowl
1,postseason,2024-12-31 19:00:00+00:00,Washington,Louisville,34,35,True,True,False,Big Ten,ACC,fbs,fbs,Tony the Tiger Sun Bowl
1,postseason,2024-12-31 20:00:00+00:00,Illinois,South Carolina,21,17,True,True,False,Big Ten,SEC,fbs,fbs,Cheez-It Citrus Bowl
1,postseason,2024-12-31 20:30:00+00:00,LSU,Baylor,44,31,True,True,False,SEC,Big 12,fbs,fbs,Kinder's Texas Bowl
1,postseason,2025-01-01 00:30:00+00:00,Boise State,Penn State,14,31,True,True,False,Mountain West,Big Ten,fbs,fbs,College Football Playoff Quarterfinal at the Vrbo Fiesta Bowl
1,postseason,2025-01-01 18:00:00+00:00,Arizona State,Texas,31,39,True,True,False,Big 12,SEC,fbs,fbs,College Football Playoff Quarterfinal at the Chick-fil-A Peach Bowl
1,postseason,2025-01-01 22:00:00+00:00,Oregon,Ohio State,21,41,True,True,False,Big Ten,Big Ten,fbs,fbs,College Football Playoff Quarterfinal at the Rose Bowl Presented by Prudential
1,postseason,2025-01-02 21:00:00+00:00,Georgia,Notre Dame,10,23,True,True,False,SEC,FBS Independents,fbs,fbs,College Football Playoff Quarterfinal at the Allstate Sugar Bowl - Rescheduled from Jan 1
1,postseason,2025-01-03 01:00:00+00:00,Ole Miss,Duke,52,20,True,True,False,SEC,ACC,fbs,fbs,TaxSlayer Gator Bowl
1,postseason,2025-01-03 21:00:00+00:00,Texas State,North Texas,30,28,True,True,False,Sun Belt,American Athletic,fbs,fbs,SERVPRO First Responder Bowl
1,postseason,2025-01-04 00:30:00+00:00,Virginia Tech,Minnesota,10,24,True,True,False,ACC,Big Ten,fbs,fbs,Duke's Mayo Bowl
1,postseason,2025-01-04 16:00:00+00:00,Liberty,Buffalo,7,26,True,True,False,Conference USA,Mid-American,fbs,fbs,Bahamas Bowl Presented by Atlantis Resorts
1,postseason,2025-01-06 01:00:00+00:00,North Central College,Mount Union,41,25,True,True,False,CCIW,Ohio,iii,iii,Division III Championship
1,postseason,2025-01-07 00:00:00+00:00,Montana State,North Dakota State,32,35,True,True,False,Big Sky,MVFC,fcs,fcs,FCS Championship
1,postseason,2025-01-10 00:30:00+00:00,Penn State,Notre Dame,24,27,True,True,False,Big Ten,FBS Independents,fbs,fbs,College Football Playoff Semifinal at the Capital One Orange Bowl
1,postseason,2025-01-11 00:30:00+00:00,Texas,Ohio State,14,28,True,True,False,SEC,Big Ten,fbs,fbs,College Football Playoff Semifinal at the Goodyear Cotton Bowl Classic
1,postseason,2025-01-21 00:30:00+00:00,Notre Dame,Ohio State,23,34,True,True,False,FBS Independents,Big Ten,fbs,fbs,College Football Playoff National Championship Presented by AT&T
