year,season_type,week,game_id,start_date,home_team,away_team,home_conference,away_conference,conference_game,home_points,away_points,home_classification,away_classification,predicted_winner,predicted_winner_pure,predicted_winner_home_adj,actual_winner,correct,correct_pure,correct_home_adj,prediction_reason,prediction_reason_pure,prediction_reason_home_adj,home_spi_used,away_spi_used,home_win_prob_pure_pct,away_win_prob_pure_pct,home_win_prob_home_adj_pct,away_win_prob_home_adj_pct,home_field_x,ranking_source,ranking_source_file,ranking_source_team_count,notes,is_playoff,is_national_championship,conference_matchup
2025,regular,1,401756846,2025-08-23 16:00:00+00:00,Kansas State,Iowa State,Big 12,Big 12,True,21,24,fbs,fbs,Iowa State,Iowa State,Iowa State,Iowa State,1,1,1,higher_spi_home_field_adjusted,higher_spi,higher_spi_home_field_adjusted,65.37116988799879,70.13683097130804,44.954,55.046,44.954,55.046,0.067059,preseason_2025,spi_rankings_preseason_2025.csv,134,Aer Lingus College Football Classic,False,False,Big 12 vs Big 12
2025,regular,1,401760371,2025-08-23 20:00:00+00:00,UNLV,Idaho State,Mountain West,Big Sky,False,38,31,fbs,fcs,UNLV,UNLV,UNLV,UNLV,1,1,1,fbs_vs_fcs_rule,fbs_vs_fcs_rule,fbs_vs_fcs_rule,59.4847178031407,,100.0,0.0,100.0,0.0,0.067059,preseason_2025,spi_rankings_preseason_2025.csv,134,,False,False,Big Sky vs Mountain West
2025,regular,1,401756847,2025-08-23 22:30:00+00:00,Kansas,Fresno State,Big 12,Mountain West,False,31,7,fbs,fbs,Kansas,Kansas,Kansas,Kansas,1,1,1,higher_spi_home_field_adjusted,higher_spi,higher_spi_home_field_adjusted,54.230890011934285,35.42623297632216,68.98,31.02,74.442,25.558,0.067059,preseason_2025,spi_rankings_preseason_2025.csv,134,,False,False,Big 12 vs Mountain West
2025,regular,1,401757218,2025-08-23 23:00:00+00:00,Western Kentucky,Sam Houston,Conference USA,Conference USA,True,41,24,fbs,fbs,Sam Houston,Sam Houston,Sam Houston,Western Kentucky,0,0,0,higher_spi_home_field_adjusted,higher_spi,higher_spi_home_field_adjusted,37.968179921518896,48.627456221319115,38.864,61.136,45.434,54.566,0.067059,preseason_2025,spi_rankings_preseason_2025.csv,134,,False,False,Conference USA vs Conference USA
2025,regular,1,401754516,2025-08-23 23:30:00+00:00,Hawai'i,Stanford,Mountain West,ACC,False,23,20,fbs,fbs,Hawai'i,Hawai'i,Hawai'i,Hawai'i,1,1,1,higher_spi_home_field_adjusted,higher_spi,higher_spi_home_field_adjusted,27.83913923519602,25.830162492814967,52.133,47.867,58.789,41.211,0.067059,preseason_2025,spi_rankings_preseason_2025.csv,134,,False,False,ACC vs Mountain West
2025,regular,1,401762522,2025-08-28 21:30:00+00:00,South Florida,Boise State,American Athletic,Mountain West,False,34,7,fbs,fbs,Boise State,Boise State,Boise State,South Florida,0,0,0,higher_spi_home_field_adjusted,higher_spi,higher_spi_home_field_adjusted,47.08759838059854,70.46375075253063,27.022,72.978,32.66,67.34,0.067059,preseason_2025,spi_rankings_preseason_2025.csv,134,,False,False,American Athletic vs Mountain West
2025,regular,1,401762790,2025-08-28 22:00:00+00:00,Bowling Green,Lafayette,Mid-American,Patriot,False,26,7,fbs,fcs,Bowling Green,Bowling Green,Bowling Green,Bowling Green,1,1,1,fbs_vs_fcs_rule,fbs_vs_fcs_rule,fbs_vs_fcs_rule,41.77179617733745,,100.0,0.0,100.0,0.0,0.067059,preseason_2025,spi_rankings_preseason_2025.csv,134,,False,False,Mid-American vs Patriot
2025,regular,1,401752794,2025-08-28 22:00:00+00:00,Rutgers,Ohio,Big Ten,Mid-American,False,34,31,fbs,fbs,Ohio,Ohio,Ohio,Rutgers,0,0,0,higher_spi_home_field_adjusted,higher_spi,higher_spi_home_field_adjusted,51.772704405779926,58.698722030078756,42.694,57.306,49.388,50.612,0.067059,preseason_2025,spi_rankings_preseason_2025.csv,134,,False,False,Big Ten vs Mid-American
2025,regular,1,401754373,2025-08-28 23:00:00+00:00,NC State,East Carolina,ACC,American Athletic,False,24,17,fbs,fbs,East Carolina,East Carolina,East Carolina,NC State,0,0,0,higher_spi_home_field_adjusted,higher_spi,higher_spi_home_field_adjusted,39.56812040156752,47.99548129460023,41.14,58.86,47.794,52.206,0.067059,preseason_2025,spi_rankings_preseason_2025.csv,134,,False,False,ACC vs American Athletic
2025,regular,1,401762789,2025-08-28 23:00:00+00:00,Akron,Wyoming,Mid-American,Mountain West,False,0,10,fbs,fbs,Akron,Akron,Akron,Wyoming,0,0,0,higher_spi_home_field_adjusted,higher_spi,higher_spi_home_field_adjusted,24.338376771362352,20.107333771924456,54.483,45.517,61.056,38.944,0.067059,preseason_2025,spi_rankings_preseason_2025.csv,134,,False,False,Mid-American vs Mountain West
2025,regular,1,401756848,2025-08-28 23:00:00+00:00,UCF,Jacksonville State,Big 12,Conference USA,False,17,10,fbs,fbs,UCF,UCF,UCF,UCF,1,1,1,higher_spi_home_field_adjusted,higher_spi,higher_spi_home_field_adjusted,58.817502378124175,48.07642030639923,61.218,38.782,67.401,32.599,0.067059,preseason_2025,spi_rankings_preseason_2025.csv,134,,False,False,Big 12 vs Conference USA
2025,regular,1,401761588,2025-08-28 23:00:00+00:00,UL Monroe,St. Francis (PA),Sun Belt,NEC,False,29,0,fbs,fcs,UL Monroe,UL Monroe,UL Monroe,UL Monroe,1,1,1,fbs_vs_fcs_rule,fbs_vs_fcs_rule,fbs_vs_fcs_rule,32.29150933849693,,100.0,0.0,100.0,0.0,0.067059,preseason_2025,spi_rankings_preseason_2025.csv,134,,False,False,NEC vs Sun Belt
2025,regular,1,401757219,2025-08-28 23:00:00+00:00,Delaware,Delaware State,Conference USA,MEAC,False,35,17,fbs,fcs,Delaware,Delaware,Delaware,Delaware,1,1,1,fbs_vs_fcs_rule,fbs_vs_fcs_rule,fbs_vs_fcs_rule,,,100.0,0.0,100.0,0.0,0.067059,preseason_2025,spi_rankings_preseason_2025.csv,134,,False,False,Conference USA vs MEAC
2025,regular,1,401754517,2025-08-28 23:30:00+00:00,Duke,Elon,ACC,CAA,False,45,17,fbs,fcs,Duke,Duke,Duke,Duke,1,1,1,fbs_vs_fcs_rule,fbs_vs_fcs_rule,fbs_vs_fcs_rule,60.64850424388835,,100.0,0.0,100.0,0.0,0.067059,preseason_2025,spi_rankings_preseason_2025.csv,134,,False,False,ACC vs CAA
2025,regular,1,401756876,2025-08-28 23:30:00+00:00,Oklahoma State,UT Martin,Big 12,Big South-OVC,False,27,7,fbs,fcs,Oklahoma State,Oklahoma State,Oklahoma State,Oklahoma State,1,1,1,fbs_vs_fcs_rule,fbs_vs_fcs_rule,fbs_vs_fcs_rule,34.17994619859985,,100.0,0.0,100.0,0.0,0.067059,preseason_2025,spi_rankings_preseason_2025.csv,134,,False,False,Big 12 vs Big South-OVC
2025,regular,1,401752674,2025-08-28 23:30:00+00:00,Missouri,Central Arkansas,SEC,UAC,False,61,6,fbs,fcs,Missouri,Missouri,Missouri,Missouri,1,1,1,fbs_vs_fcs_rule,fbs_vs_fcs_rule,fbs_vs_fcs_rule,65.01065235315282,,100.0,0.0,100.0,0.0,0.067059,preseason_2025,spi_rankings_preseason_2025.csv,134,,False,False,SEC vs UAC
2025,regular,1,401752793,2025-08-29 00:00:00+00:00,Minnesota,Buffalo,Big Ten,Mid-American,False,23,10,fbs,fbs,Minnesota,Minnesota,Minnesota,Minnesota,1,1,1,higher_spi_home_field_adjusted,higher_spi,higher_spi_home_field_adjusted,57.61382255609953,48.87318839910609,59.182,40.818,65.506,34.494,0.067059,preseason_2025,spi_rankings_preseason_2025.csv,134,,False,False,Big Ten vs Mid-American
2025,regular,1,401756852,2025-08-29 00:00:00+00:00,Houston,Stephen F. Austin,Big 12,Southland,False,27,0,fbs,fcs,Houston,Houston,Houston,Houston,1,1,1,fbs_vs_fcs_rule,fbs_vs_fcs_rule,fbs_vs_fcs_rule,33.24744584780933,,100.0,0.0,100.0,0.0,0.067059,preseason_2025,spi_rankings_preseason_2025.csv,134,,False,False,Big 12 vs Southland
2025,regular,1,401762430,2025-08-29 00:30:00+00:00,UAB,Alabama State,American Athletic,SWAC,False,52,42,fbs,fcs,UAB,UAB,UAB,UAB,1,1,1,fbs_vs_fcs_rule,fbs_vs_fcs_rule,fbs_vs_fcs_rule,46.8689079547359,,100.0,0.0,100.0,0.0,0.067059,preseason_2025,spi_rankings_preseason_2025.csv,134,,False,False,American Athletic vs SWAC
2025,regular,1,401762791,2025-08-29 01:00:00+00:00,Wisconsin,Miami (OH),Big Ten,Mid-American,False,17,0,fbs,fbs,Wisconsin,Wisconsin,Wisconsin,Wisconsin,1,1,1,higher_spi_home_field_adjusted,higher_spi,higher_spi_home_field_adjusted,47.15760385784282,45.74473952522795,51.501,48.499,58.174,41.826,0.067059,preseason_2025,spi_rankings_preseason_2025.csv,134,,False,False,Big Ten vs Mid-American
2025,regular,1,401752796,2025-08-29 01:00:00+00:00,Cincinnati,Nebraska,Big 12,Big Ten,False,17,20,fbs,fbs,Nebraska,Nebraska,Nebraska,Nebraska,1,1,1,higher_spi_home_field_adjusted,higher_spi,higher_spi_home_field_adjusted,46.75837192337479,56.26139814038981,40.038,59.962,40.038,59.962,0.067059,preseason_2025,spi_rankings_preseason_2025.csv,134,,False,False,Big 12 vs Big Ten
2025,regular,1,401760357,2025-08-29 02:00:00+00:00,San Diego State,Stony Brook,Mountain West,CAA,False,42,0,fbs,fcs,San Diego State,San Diego State,San Diego State,San Diego State,1,1,1,fbs_vs_fcs_rule,fbs_vs_fcs_rule,fbs_vs_fcs_rule,15.770958744561469,,100.0,0.0,100.0,0.0,0.067059,preseason_2025,spi_rankings_preseason_2025.csv,134,,False,False,CAA vs Mountain West
2025,regular,1,401762432,2025-08-29 22:00:00+00:00,Army,Tarleton State,American Athletic,UAC,False,27,30,fbs,fcs,Army,Army,Army,Tarleton State,0,0,0,fbs_vs_fcs_rule,fbs_vs_fcs_rule,fbs_vs_fcs_rule,71.50978766713637,,100.0,0.0,100.0,0.0,0.067059,preseason_2025,spi_rankings_preseason_2025.csv,134,,False,False,American Athletic vs UAC
2025,regular,1,401761589,2025-08-29 23:00:00+00:00,Charlotte,App State,American Athletic,Sun Belt,False,11,34,fbs,fbs,App State,App State,App State,App State,1,1,1,higher_spi_home_field_adjusted,higher_spi,higher_spi_home_field_adjusted,32.19880137494587,38.90325353315321,42.924,57.076,42.924,57.076,0.067059,preseason_2025,spi_rankings_preseason_2025.csv,134,Duke’s Mayo Classic,False,False,American Athletic vs Sun Belt
2025,regular,1,401752802,2025-08-29 23:00:00+00:00,Michigan State,Western Michigan,Big Ten,Mid-American,False,23,6,fbs,fbs,Michigan State,Michigan State,Michigan State,Michigan State,1,1,1,higher_spi_home_field_adjusted,higher_spi,higher_spi_home_field_adjusted,39.91042853501207,35.64970572488377,54.515,45.485,61.086,38.914,0.067059,preseason_2025,spi_rankings_preseason_2025.csv,134,,False,False,Big Ten vs Mid-American
2025,regular,1,401754374,2025-08-29 23:00:00+00:00,Wake Forest,Kennesaw State,ACC,Conference USA,False,10,9,fbs,fbs,Wake Forest,Wake Forest,Wake Forest,Wake Forest,1,1,1,higher_spi_home_field_adjusted,higher_spi,higher_spi_home_field_adjusted,32.809766876159955,3.466805341846274,77.679,22.321,82.009,17.991,0.067059,preseason_2025,spi_rankings_preseason_2025.csv,134,,False,False,ACC vs Conference USA
2025,regular,1,401766898,2025-08-29 23:00:00+00:00,Florida International,Bethune-Cookman,Conference USA,SWAC,False,42,9,fbs,fcs,Florida International,Florida International,Florida International,Florida International,1,1,1,fbs_vs_fcs_rule,fbs_vs_fcs_rule,fbs_vs_fcs_rule,27.67436807282969,,100.0,0.0,100.0,0.0,0.067059,preseason_2025,spi_rankings_preseason_2025.csv,134,,False,False,Conference USA vs SWAC
2025,regular,1,401752795,2025-08-29 23:30:00+00:00,Illinois,Western Illinois,Big Ten,Big South-OVC,False,52,3,fbs,fcs,Illinois,Illinois,Illinois,Illinois,1,1,1,fbs_vs_fcs_rule,fbs_vs_fcs_rule,fbs_vs_fcs_rule,68.53079918390907,,100.0,0.0,100.0,0.0,0.067059,preseason_2025,spi_rankings_preseason_2025.csv,134,,False,False,Big South-OVC vs Big Ten
2025,regular,1,401756854,2025-08-29 23:30:00+00:00,Kansas,Wagner,Big 12,NEC,False,46,7,fbs,fcs,Kansas,Kansas,Kansas,Kansas,1,1,1,fbs_vs_fcs_rule,fbs_vs_fcs_rule,fbs_vs_fcs_rule,54.230890011934285,,100.0,0.0,100.0,0.0,0.067059,preseason_2025,spi_rankings_preseason_2025.csv,134,,False,False,Big 12 vs NEC
2025,regular,1,401752667,2025-08-30 00:00:00+00:00,Baylor,Auburn,Big 12,SEC,False,24,38,fbs,fbs,Baylor,Baylor,Baylor,Auburn,0,0,0,higher_spi_home_field_adjusted,higher_spi,higher_spi_home_field_adjusted,60.8637145311948,47.3601836824179,63.966,36.034,69.926,30.074,0.067059,preseason_2025,spi_rankings_preseason_2025.csv,134,,False,False,Big 12 vs SEC
2025,regular,1,401754375,2025-08-30 00:00:00+00:00,Colorado,Georgia Tech,Big 12,ACC,False,20,27,fbs,fbs,Colorado,Colorado,Colorado,Georgia Tech,0,0,0,higher_spi_home_field_adjusted,higher_spi,higher_spi_home_field_adjusted,61.24220256744519,54.833469280502015,56.767,43.233,63.233,36.767,0.067059,preseason_2025,spi_rankings_preseason_2025.csv,134,,False,False,ACC vs Big 12
2025,regular,1,401757224,2025-08-30 01:30:00+00:00,Sam Houston,UNLV,Conference USA,Mountain West,False,21,38,fbs,fbs,UNLV,UNLV,UNLV,UNLV,1,1,1,higher_spi_home_field_adjusted,higher_spi,higher_spi_home_field_adjusted,48.627456221319115,59.4847178031407,38.665,61.335,38.665,61.335,0.067059,preseason_2025,spi_rankings_preseason_2025.csv,134,,False,False,Conference USA vs Mountain West
2025,regular,1,401760358,2025-08-30 02:30:00+00:00,San José State,Central Michigan,Mountain West,Mid-American,False,14,16,fbs,fbs,San José State,San José State,San José State,Central Michigan,0,0,0,higher_spi_home_field_adjusted,higher_spi,higher_spi_home_field_adjusted,36.73537461494568,20.887337519914247,66.23,33.77,71.979,28.021,0.067059,preseason_2025,spi_rankings_preseason_2025.csv,134,,False,False,Mid-American vs Mountain West
2025,regular,1,401754520,2025-08-30 16:00:00+00:00,Pittsburgh,Duquesne,ACC,NEC,False,61,9,fbs,fcs,Pittsburgh,Pittsburgh,Pittsburgh,Pittsburgh,1,1,1,fbs_vs_fcs_rule,fbs_vs_fcs_rule,fbs_vs_fcs_rule,47.047133207118286,,100.0,0.0,100.0,0.0,0.067059,preseason_2025,spi_rankings_preseason_2025.csv,134,,False,False,ACC vs NEC
2025,regular,1,401752803,2025-08-30 16:00:00+00:00,Tulane,Northwestern,American Athletic,Big Ten,False,23,3,fbs,fbs,Tulane,Tulane,Tulane,Tulane,1,1,1,higher_spi_home_field_adjusted,higher_spi,higher_spi_home_field_adjusted,62.91321664609857,32.21593169615392,78.661,21.339,82.842,17.158,0.067059,preseason_2025,spi_rankings_preseason_2025.csv,134,,False,False,American Athletic vs Big Ten
2025,regular,1,401762792,2025-08-30 16:00:00+00:00,Kent State,Merrimack,Mid-American,FCS Independents,False,21,17,fbs,fcs,Kent State,Kent State,Kent State,Kent State,1,1,1,fbs_vs_fcs_rule,fbs_vs_fcs_rule,fbs_vs_fcs_rule,0.0,,100.0,0.0,100.0,0.0,0.067059,preseason_2025,spi_rankings_preseason_2025.csv,134,,False,False,FCS Independents vs Mid-American
2025,regular,1,401752676,2025-08-30 16:00:00+00:00,Tennessee,Syracuse,SEC,ACC,False,45,26,fbs,fbs,Tennessee,Tennessee,Tennessee,Tennessee,1,1,1,higher_spi_home_field_adjusted,higher_spi,higher_spi_home_field_adjusted,72.19167912779163,62.86567186512261,59.781,40.219,59.781,40.219,0.067059,preseason_2025,spi_rankings_preseason_2025.csv,134,Aflac Kickoff,False,False,ACC vs SEC
2025,regular,1,401752677,2025-08-30 16:00:00+00:00,Ohio State,Texas,Big Ten,SEC,False,14,7,fbs,fbs,Ohio State,Ohio State,Ohio State,Ohio State,1,1,1,higher_spi_home_field_adjusted,higher_spi,higher_spi_home_field_adjusted,97.2489285268332,85.86251519947321,61.867,38.133,68.0,32.0,0.067059,preseason_2025,spi_rankings_preseason_2025.csv,134,,False,False,Big Ten vs SEC
2025,regular,1,401762434,2025-08-30 16:00:00+00:00,Navy,VMI,American Athletic,Southern,False,52,7,fbs,fcs,Navy,Navy,Navy,Navy,1,1,1,fbs_vs_fcs_rule,fbs_vs_fcs_rule,fbs_vs_fcs_rule,64.97342157283688,,100.0,0.0,100.0,0.0,0.067059,preseason_2025,spi_rankings_preseason_2025.csv,134,,False,False,American Athletic vs Southern
2025,regular,1,401752673,2025-08-30 16:00:00+00:00,Southern Miss,Mississippi State,Sun Belt,SEC,False,17,34,fbs,fbs,Mississippi State,Mississippi State,Mississippi State,Mississippi State,1,1,1,higher_spi_home_field_adjusted,higher_spi,higher_spi_home_field_adjusted,1.5874879564778923,34.83698738260343,19.574,80.426,24.173,75.827,0.067059,preseason_2025,spi_rankings_preseason_2025.csv,134,,False,False,SEC vs Sun Belt
2025,regular,1,401752801,2025-08-30 16:00:00+00:00,Purdue,Ball State,Big Ten,Mid-American,False,31,0,fbs,fbs,Purdue,Ball State,Purdue,Purdue,1,0,1,higher_spi_home_field_adjusted,higher_spi,higher_spi_home_field_adjusted,14.869913240840235,17.833627239645892,46.855,53.145,53.591,46.409,0.067059,preseason_2025,spi_rankings_preseason_2025.csv,134,,False,False,Big Ten vs Mid-American
2025,regular,1,401752797,2025-08-30 16:00:00+00:00,Maryland,Florida Atlantic,Big Ten,American Athletic,False,39,7,fbs,fbs,Maryland,Maryland,Maryland,Maryland,1,1,1,higher_spi_home_field_adjusted,higher_spi,higher_spi_home_field_adjusted,48.67648579240353,27.674898402834668,70.942,29.058,76.177,23.823,0.067059,preseason_2025,spi_rankings_preseason_2025.csv,134,,False,False,American Athletic vs Big Ten
2025,regular,1,401752670,2025-08-30 16:45:00+00:00,Kentucky,Toledo,SEC,Mid-American,False,24,16,fbs,fbs,Kentucky,Toledo,Kentucky,Kentucky,1,0,1,higher_spi_home_field_adjusted,higher_spi,higher_spi_home_field_adjusted,42.450120150024595,47.33011650717557,44.834,55.166,51.561,48.439,0.067059,preseason_2025,spi_rankings_preseason_2025.csv,134,,False,False,Mid-American vs SEC
2025,regular,1,401757167,2025-08-30 18:00:00+00:00,UConn,Central Connecticut,FBS Independents,NEC,False,59,13,fbs,fcs,UConn,UConn,UConn,UConn,1,1,1,fbs_vs_fcs_rule,fbs_vs_fcs_rule,fbs_vs_fcs_rule,59.35167308053242,,100.0,0.0,100.0,0.0,0.067059,preseason_2025,spi_rankings_preseason_2025.csv,134,,False,False,FBS Independents vs NEC
2025,regular,1,401754518,2025-08-30 18:00:00+00:00,Boston College,Fordham,ACC,Patriot,False,66,10,fbs,fcs,Boston College,Boston College,Boston College,Boston College,1,1,1,fbs_vs_fcs_rule,fbs_vs_fcs_rule,fbs_vs_fcs_rule,54.75399341577487,,100.0,0.0,100.0,0.0,0.067059,preseason_2025,spi_rankings_preseason_2025.csv,134,,False,False,ACC vs Patriot
2025,regular,1,401756878,2025-08-30 18:00:00+00:00,West Virginia,Robert Morris,Big 12,NEC,False,45,3,fbs,fcs,West Virginia,West Virginia,West Virginia,West Virginia,1,1,1,fbs_vs_fcs_rule,fbs_vs_fcs_rule,fbs_vs_fcs_rule,43.43794229173624,,100.0,0.0,100.0,0.0,0.067059,preseason_2025,spi_rankings_preseason_2025.csv,134,,False,False,Big 12 vs NEC
2025,regular,1,401752806,2025-08-30 18:30:00+00:00,Indiana,Old Dominion,Big Ten,Sun Belt,False,27,14,fbs,fbs,Indiana,Indiana,Indiana,Indiana,1,1,1,higher_spi_home_field_adjusted,higher_spi,higher_spi_home_field_adjusted,83.04874065253564,40.2931872496138,86.022,13.978,88.963,11.037,0.067059,preseason_2025,spi_rankings_preseason_2025.csv,134,,False,False,Big Ten vs Sun Belt
2025,regular,1,401754519,2025-08-30 19:00:00+00:00,Louisville,Eastern Kentucky,ACC,UAC,False,51,17,fbs,fcs,Louisville,Louisville,Louisville,Louisville,1,1,1,fbs_vs_fcs_rule,fbs_vs_fcs_rule,fbs_vs_fcs_rule,64.65342736270583,,100.0,0.0,100.0,0.0,0.067059,preseason_2025,spi_rankings_preseason_2025.csv,134,,False,False,ACC vs UAC
2025,regular,1,401752807,2025-08-30 19:30:00+00:00,Penn State,Nevada,Big Ten,Mountain West,False,46,11,fbs,fbs,Penn State,Penn State,Penn State,Penn State,1,1,1,higher_spi_home_field_adjusted,higher_spi,higher_spi_home_field_adjusted,81.00766461334882,24.90883776467158,91.561,8.439,93.426,6.574,0.067059,preseason_2025,spi_rankings_preseason_2025.csv,134,,False,False,Big Ten vs Mountain West
2025,regular,1,401762793,2025-08-30 19:30:00+00:00,Northern Illinois,Holy Cross,Mid-American,Patriot,False,19,17,fbs,fcs,Northern Illinois,Northern Illinois,Northern Illinois,Northern Illinois,1,1,1,fbs_vs_fcs_rule,fbs_vs_fcs_rule,fbs_vs_fcs_rule,46.13792533690532,,100.0,0.0,100.0,0.0,0.067059,preseason_2025,spi_rankings_preseason_2025.csv,134,,False,False,Mid-American vs Patriot
2025,regular,1,401762456,2025-08-30 19:30:00+00:00,Massachusetts,Temple,Mid-American,American Athletic,False,10,42,fbs,fbs,Massachusetts,Massachusetts,Massachusetts,Temple,0,0,0,higher_spi_home_field_adjusted,higher_spi,higher_spi_home_field_adjusted,29.89457481331756,20.021149034503793,60.339,39.661,66.585,33.415,0.067059,preseason_2025,spi_rankings_preseason_2025.csv,134,,False,False,American Athletic vs Mid-American
2025,regular,1,401756853,2025-08-30 19:30:00+00:00,Iowa State,South Dakota,Big 12,MVFC,False,55,7,fbs,fcs,Iowa State,Iowa State,Iowa State,Iowa State,1,1,1,fbs_vs_fcs_rule,fbs_vs_fcs_rule,fbs_vs_fcs_rule,70.13683097130804,,100.0,0.0,100.0,0.0,0.067059,preseason_2025,spi_rankings_preseason_2025.csv,134,,False,False,Big 12 vs MVFC
2025,regular,1,401752669,2025-08-30 19:30:00+00:00,Georgia,Marshall,SEC,Sun Belt,False,45,7,fbs,fbs,Georgia,Georgia,Georgia,Georgia,1,1,1,higher_spi_home_field_adjusted,higher_spi,higher_spi_home_field_adjusted,80.00487036794244,58.063815692272094,71.758,28.242,76.894,23.106,0.067059,preseason_2025,spi_rankings_preseason_2025.csv,134,,False,False,SEC vs Sun Belt
2025,regular,1,401760359,2025-08-30 19:30:00+00:00,Air Force,Bucknell,Mountain West,Patriot,False,49,13,fbs,fcs,Air Force,Air Force,Air Force,Air Force,1,1,1,fbs_vs_fcs_rule,fbs_vs_fcs_rule,fbs_vs_fcs_rule,35.46869146819118,,100.0,0.0,100.0,0.0,0.067059,preseason_2025,spi_rankings_preseason_2025.csv,134,,False,False,Mountain West vs Patriot
2025,regular,1,401752665,2025-08-30 19:30:00+00:00,Florida State,Alabama,ACC,SEC,False,31,17,fbs,fbs,Alabama,Alabama,Alabama,Florida State,0,0,0,higher_spi_home_field_adjusted,higher_spi,higher_spi_home_field_adjusted,21.374511026918384,75.44554737926691,9.129,90.871,11.628,88.372,0.067059,preseason_2025,spi_rankings_preseason_2025.csv,134,,False,False,ACC vs SEC
2025,regular,1,401757220,2025-08-30 20:00:00+00:00,Liberty,Maine,Conference USA,CAA,False,28,7,fbs,fcs,Liberty,Liberty,Liberty,Liberty,1,1,1,fbs_vs_fcs_rule,fbs_vs_fcs_rule,fbs_vs_fcs_rule,47.35061290272604,,100.0,0.0,100.0,0.0,0.067059,preseason_2025,spi_rankings_preseason_2025.csv,134,,False,False,CAA vs Conference USA
2025,regular,1,401752804,2025-08-30 20:00:00+00:00,Oregon,Montana State,Big Ten,Big Sky,False,59,13,fbs,fcs,Oregon,Oregon,Oregon,Oregon,1,1,1,fbs_vs_fcs_rule,fbs_vs_fcs_rule,fbs_vs_fcs_rule,86.25910255893325,,100.0,0.0,100.0,0.0,0.067059,preseason_2025,spi_rankings_preseason_2025.csv,134,,False,False,Big Sky vs Big Ten
2025,regular,1,401752666,2025-08-30 20:15:00+00:00,Arkansas,Alabama A&M,SEC,SWAC,False,52,7,fbs,fcs,Arkansas,Arkansas,Arkansas,Arkansas,1,1,1,fbs_vs_fcs_rule,fbs_vs_fcs_rule,fbs_vs_fcs_rule,54.451379006596646,,100.0,0.0,100.0,0.0,0.067059,preseason_2025,spi_rankings_preseason_2025.csv,134,,False,False,SEC vs SWAC
2025,regular,1,401762433,2025-08-30 20:30:00+00:00,Memphis,Chattanooga,American Athletic,Southern,False,45,10,fbs,fcs,Memphis,Memphis,Memphis,Memphis,1,1,1,fbs_vs_fcs_rule,fbs_vs_fcs_rule,fbs_vs_fcs_rule,72.41259316733192,,100.0,0.0,100.0,0.0,0.067059,preseason_2025,spi_rankings_preseason_2025.csv,134,,False,False,American Athletic vs Southern
2025,regular,1,401752675,2025-08-30 22:00:00+00:00,Oklahoma,Illinois State,SEC,MVFC,False,35,3,fbs,fcs,Oklahoma,Oklahoma,Oklahoma,Oklahoma,1,1,1,fbs_vs_fcs_rule,fbs_vs_fcs_rule,fbs_vs_fcs_rule,52.93543165513084,,100.0,0.0,100.0,0.0,0.067059,preseason_2025,spi_rankings_preseason_2025.csv,134,,False,False,MVFC vs SEC
2025,regular,1,401752799,2025-08-30 22:00:00+00:00,Iowa,UAlbany,Big Ten,CAA,False,34,7,fbs,fcs,Iowa,Iowa,Iowa,Iowa,1,1,1,fbs_vs_fcs_rule,fbs_vs_fcs_rule,fbs_vs_fcs_rule,59.31625706302619,,100.0,0.0,100.0,0.0,0.067059,preseason_2025,spi_rankings_preseason_2025.csv,134,,False,False,Big Ten vs CAA
2025,regular,1,401754616,2025-08-30 22:00:00+00:00,Virginia,Coastal Carolina,ACC,Sun Belt,False,48,7,fbs,fbs,Virginia,Virginia,Virginia,Virginia,1,1,1,higher_spi_home_field_adjusted,higher_spi,higher_spi_home_field_adjusted,36.30298393485507,32.229903456368824,54.317,45.683,60.897,39.103,0.067059,preseason_2025,spi_rankings_preseason_2025.csv,134,,False,False,ACC vs Sun Belt
2025,regular,1,401761590,2025-08-30 22:00:00+00:00,James Madison,Weber State,Sun Belt,Big Sky,False,45,10,fbs,fcs,James Madison,James Madison,James Madison,James Madison,1,1,1,fbs_vs_fcs_rule,fbs_vs_fcs_rule,fbs_vs_fcs_rule,51.91293061943585,,100.0,0.0,100.0,0.0,0.067059,preseason_2025,spi_rankings_preseason_2025.csv,134,,False,False,Big Sky vs Sun Belt
2025,regular,1,401761591,2025-08-30 23:00:00+00:00,Arkansas State,Southeast Missouri State,Sun Belt,Big South-OVC,False,42,24,fbs,fcs,Arkansas State,Arkansas State,Arkansas State,Arkansas State,1,1,1,fbs_vs_fcs_rule,fbs_vs_fcs_rule,fbs_vs_fcs_rule,40.85421232530592,,100.0,0.0,100.0,0.0,0.067059,preseason_2025,spi_rankings_preseason_2025.csv,134,,False,False,Big South-OVC vs Sun Belt
2025,regular,1,401752668,2025-08-30 23:00:00+00:00,Florida,Long Island University,SEC,NEC,False,55,0,fbs,fcs,Florida,Florida,Florida,Florida,1,1,1,fbs_vs_fcs_rule,fbs_vs_fcs_rule,fbs_vs_fcs_rule,65.71185822031318,,100.0,0.0,100.0,0.0,0.067059,preseason_2025,spi_rankings_preseason_2025.csv,134,,False,False,NEC vs SEC
2025,regular,1,401761595,2025-08-30 23:00:00+00:00,Troy,Nicholls,Sun Belt,Southland,False,38,20,fbs,fcs,Troy,Troy,Troy,Troy,1,1,1,fbs_vs_fcs_rule,fbs_vs_fcs_rule,fbs_vs_fcs_rule,36.020534632286804,,100.0,0.0,100.0,0.0,0.067059,preseason_2025,spi_rankings_preseason_2025.csv,134,,False,False,Southland vs Sun Belt
2025,regular,1,401757226,2025-08-30 23:00:00+00:00,Western Kentucky,North Alabama,Conference USA,UAC,False,55,6,fbs,fcs,Western Kentucky,Western Kentucky,Western Kentucky,Western Kentucky,1,1,1,fbs_vs_fcs_rule,fbs_vs_fcs_rule,fbs_vs_fcs_rule,37.968179921518896,,100.0,0.0,100.0,0.0,0.067059,preseason_2025,spi_rankings_preseason_2025.csv,134,,False,False,Conference USA vs UAC
2025,regular,1,401757222,2025-08-30 23:00:00+00:00,Middle Tennessee,Austin Peay,Conference USA,UAC,False,14,34,fbs,fcs,Middle Tennessee,Middle Tennessee,Middle Tennessee,Austin Peay,0,0,0,fbs_vs_fcs_rule,fbs_vs_fcs_rule,fbs_vs_fcs_rule,14.768947940759633,,100.0,0.0,100.0,0.0,0.067059,preseason_2025,spi_rankings_preseason_2025.csv,134,,False,False,Conference USA vs UAC
2025,regular,1,401761593,2025-08-30 23:00:00+00:00,South Alabama,Morgan State,Sun Belt,MEAC,False,38,21,fbs,fcs,South Alabama,South Alabama,South Alabama,South Alabama,1,1,1,fbs_vs_fcs_rule,fbs_vs_fcs_rule,fbs_vs_fcs_rule,45.49057595638482,,100.0,0.0,100.0,0.0,0.067059,preseason_2025,spi_rankings_preseason_2025.csv,134,,False,False,MEAC vs Sun Belt
2025,regular,1,401752679,2025-08-30 23:00:00+00:00,Vanderbilt,Charleston Southern,SEC,Big South-OVC,False,45,3,fbs,fcs,Vanderbilt,Vanderbilt,Vanderbilt,Vanderbilt,1,1,1,fbs_vs_fcs_rule,fbs_vs_fcs_rule,fbs_vs_fcs_rule,54.77996087857405,,100.0,0.0,100.0,0.0,0.067059,preseason_2025,spi_rankings_preseason_2025.csv,134,,False,False,Big South-OVC vs SEC
2025,regular,1,401756855,2025-08-30 23:00:00+00:00,Kansas State,North Dakota,Big 12,MVFC,False,38,35,fbs,fcs,Kansas State,Kansas State,Kansas State,Kansas State,1,1,1,fbs_vs_fcs_rule,fbs_vs_fcs_rule,fbs_vs_fcs_rule,65.37116988799879,,100.0,0.0,100.0,0.0,0.067059,preseason_2025,spi_rankings_preseason_2025.csv,134,,False,False,Big 12 vs MVFC
2025,regular,1,401752678,2025-08-30 23:00:00+00:00,Texas A&M,UTSA,SEC,American Athletic,False,42,24,fbs,fbs,Texas A&M,Texas A&M,Texas A&M,Texas A&M,1,1,1,higher_spi_home_field_adjusted,higher_spi,higher_spi_home_field_adjusted,59.30586213851355,43.28973839573313,66.389,33.611,72.123,27.877,0.067059,preseason_2025,spi_rankings_preseason_2025.csv,134,,False,False,American Athletic vs SEC
2025,regular,1,401752798,2025-08-30 23:30:00+00:00,USC,Missouri State,Big Ten,Conference USA,False,73,13,fbs,fbs,USC,USC,USC,USC,1,1,1,only_home_spi,only_home_spi,only_home_spi,59.255635468949606,,100.0,0.0,100.0,0.0,0.067059,preseason_2025,spi_rankings_preseason_2025.csv,134,,False,False,Big Ten vs Conference USA
2025,regular,1,401757221,2025-08-30 23:30:00+00:00,Louisiana Tech,SE Louisiana,Conference USA,Southland,False,24,0,fbs,fcs,Louisiana Tech,Louisiana Tech,Louisiana Tech,Louisiana Tech,1,1,1,fbs_vs_fcs_rule,fbs_vs_fcs_rule,fbs_vs_fcs_rule,26.48885746204419,,100.0,0.0,100.0,0.0,0.067059,preseason_2025,spi_rankings_preseason_2025.csv,134,,False,False,Conference USA vs Southland
2025,regular,1,401756877,2025-08-30 23:30:00+00:00,Texas Tech,Arkansas-Pine Bluff,Big 12,SWAC,False,67,7,fbs,fcs,Texas Tech,Texas Tech,Texas Tech,Texas Tech,1,1,1,fbs_vs_fcs_rule,fbs_vs_fcs_rule,fbs_vs_fcs_rule,60.70114056833277,,100.0,0.0,100.0,0.0,0.067059,preseason_2025,spi_rankings_preseason_2025.csv,134,,False,False,Big 12 vs SWAC
2025,regular,1,401752808,2025-08-30 23:30:00+00:00,Michigan,New Mexico,Big Ten,Mountain West,False,34,17,fbs,fbs,Michigan,Michigan,Michigan,Michigan,1,1,1,higher_spi_home_field_adjusted,higher_spi,higher_spi_home_field_adjusted,63.16852859201062,28.354193553960055,81.451,18.549,85.189,14.811,0.067059,preseason_2025,spi_rankings_preseason_2025.csv,134,,False,False,Big Ten vs Mountain West
2025,regular,1,401752671,2025-08-30 23:30:00+00:00,Clemson,LSU,ACC,SEC,False,10,17,fbs,fbs,Clemson,Clemson,Clemson,LSU,0,0,0,higher_spi_home_field_adjusted,higher_spi,higher_spi_home_field_adjusted,70.64742851646709,64.7484851483646,56.235,43.765,62.728,37.272,0.067059,preseason_2025,spi_rankings_preseason_2025.csv,134,,False,False,ACC vs SEC
2025,regular,1,401757225,2025-08-30 23:30:00+00:00,Utah State,UTEP,Mountain West,Conference USA,False,28,16,fbs,fbs,Utah State,Utah State,Utah State,Utah State,1,1,1,higher_spi_home_field_adjusted,higher_spi,higher_spi_home_field_adjusted,26.957106008398423,11.751718325095428,65.616,34.384,71.424,28.576,0.067059,preseason_2025,spi_rankings_preseason_2025.csv,134,,False,False,Conference USA vs Mountain West
2025,regular,1,401752672,2025-08-30 23:45:00+00:00,Ole Miss,Georgia State,SEC,Sun Belt,False,63,7,fbs,fbs,Ole Miss,Ole Miss,Ole Miss,Ole Miss,1,1,1,higher_spi_home_field_adjusted,higher_spi,higher_spi_home_field_adjusted,74.39423864005813,22.882329713207017,89.928,10.072,92.123,7.877,0.067059,preseason_2025,spi_rankings_preseason_2025.csv,134,,False,False,SEC vs Sun Belt
2025,regular,1,401762435,2025-08-31 00:00:00+00:00,North Texas,Lamar,American Athletic,Southland,False,51,0,fbs,fcs,North Texas,North Texas,North Texas,North Texas,1,1,1,fbs_vs_fcs_rule,fbs_vs_fcs_rule,fbs_vs_fcs_rule,39.15617335506943,,100.0,0.0,100.0,0.0,0.067059,preseason_2025,spi_rankings_preseason_2025.csv,134,,False,False,American Athletic vs Southland
2025,regular,1,401762457,2025-08-31 00:00:00+00:00,Tulsa,Abilene Christian,American Athletic,UAC,False,35,7,fbs,fcs,Tulsa,Tulsa,Tulsa,Tulsa,1,1,1,fbs_vs_fcs_rule,fbs_vs_fcs_rule,fbs_vs_fcs_rule,42.614406779141824,,100.0,0.0,100.0,0.0,0.067059,preseason_2025,spi_rankings_preseason_2025.csv,134,,False,False,American Athletic vs UAC
2025,regular,1,401756851,2025-08-31 00:00:00+00:00,BYU,Portland State,Big 12,Big Sky,False,69,0,fbs,fcs,BYU,BYU,BYU,BYU,1,1,1,fbs_vs_fcs_rule,fbs_vs_fcs_rule,fbs_vs_fcs_rule,69.31345199596943,,100.0,0.0,100.0,0.0,0.067059,preseason_2025,spi_rankings_preseason_2025.csv,134,,False,False,Big 12 vs Big Sky
2025,regular,1,401761592,2025-08-31 00:00:00+00:00,Louisiana,Rice,Sun Belt,American Athletic,False,12,14,fbs,fbs,Louisiana,Louisiana,Louisiana,Rice,0,0,0,higher_spi_home_field_adjusted,higher_spi,higher_spi_home_field_adjusted,52.17935379747827,35.121352946395454,67.37,32.63,73.004,26.996,0.067059,preseason_2025,spi_rankings_preseason_2025.csv,134,,False,False,American Athletic vs Sun Belt
2025,regular,1,401761594,2025-08-31 00:00:00+00:00,Texas State,Eastern Michigan,Sun Belt,Mid-American,False,52,27,fbs,fbs,Texas State,Texas State,Texas State,Texas State,1,1,1,higher_spi_home_field_adjusted,higher_spi,higher_spi_home_field_adjusted,51.18243151425238,31.72478339233472,69.571,30.429,74.966,25.034,0.067059,preseason_2025,spi_rankings_preseason_2025.csv,134,,False,False,Mid-American vs Sun Belt
2025,regular,1,401754521,2025-08-31 01:00:00+00:00,SMU,East Texas A&M,ACC,Southland,False,42,13,fbs,fcs,SMU,SMU,SMU,SMU,1,1,1,fbs_vs_fcs_rule,fbs_vs_fcs_rule,fbs_vs_fcs_rule,71.99202373449181,,100.0,0.0,100.0,0.0,0.067059,preseason_2025,spi_rankings_preseason_2025.csv,134,,False,False,ACC vs Southland
2025,regular,1,401757223,2025-08-31 01:00:00+00:00,New Mexico State,Bryant,Conference USA,CAA,False,19,3,fbs,fcs,New Mexico State,New Mexico State,New Mexico State,New Mexico State,1,1,1,fbs_vs_fcs_rule,fbs_vs_fcs_rule,fbs_vs_fcs_rule,9.30503138030888,,100.0,0.0,100.0,0.0,0.067059,preseason_2025,spi_rankings_preseason_2025.csv,134,,False,False,CAA vs Conference USA
2025,regular,1,401760361,2025-08-31 01:30:00+00:00,Fresno State,Georgia Southern,Mountain West,Sun Belt,False,42,14,fbs,fbs,Georgia Southern,Georgia Southern,Georgia Southern,Fresno State,0,0,0,higher_spi_home_field_adjusted,higher_spi,higher_spi_home_field_adjusted,35.42623297632216,45.84105719826208,39.111,60.889,45.692,54.308,0.067059,preseason_2025,spi_rankings_preseason_2025.csv,134,,False,False,Mountain West vs Sun Belt
2025,regular,1,401756850,2025-08-31 02:00:00+00:00,Arizona State,Northern Arizona,Big 12,Big Sky,False,38,19,fbs,fcs,Arizona State,Arizona State,Arizona State,Arizona State,1,1,1,fbs_vs_fcs_rule,fbs_vs_fcs_rule,fbs_vs_fcs_rule,68.57645518622047,,100.0,0.0,100.0,0.0,0.067059,preseason_2025,spi_rankings_preseason_2025.csv,134,,False,False,Big 12 vs Big Sky
2025,regular,1,401752947,2025-08-31 02:00:00+00:00,Washington State,Idaho,Pac-12,Big Sky,False,13,10,fbs,fcs,Washington State,Washington State,Washington State,Washington State,1,1,1,fbs_vs_fcs_rule,fbs_vs_fcs_rule,fbs_vs_fcs_rule,50.81025861289279,,100.0,0.0,100.0,0.0,0.067059,preseason_2025,spi_rankings_preseason_2025.csv,134,,False,False,Big Sky vs Pac-12
2025,regular,1,401756849,2025-08-31 02:30:00+00:00,Arizona,Hawai'i,Big 12,Mountain West,False,40,6,fbs,fbs,Arizona,Arizona,Arizona,Arizona,1,1,1,higher_spi_home_field_adjusted,higher_spi,higher_spi_home_field_adjusted,33.53466446052072,27.83913923519602,56.022,43.978,62.526,37.474,0.067059,preseason_2025,spi_rankings_preseason_2025.csv,134,,False,False,Big 12 vs Mountain West
2025,regular,1,401752936,2025-08-31 02:30:00+00:00,Oregon State,California,Pac-12,ACC,False,15,34,fbs,fbs,California,California,California,California,1,1,1,higher_spi_home_field_adjusted,higher_spi,higher_spi_home_field_adjusted,30.9712698192606,39.48126841082325,41.055,58.945,47.706,52.294,0.067059,preseason_2025,spi_rankings_preseason_2025.csv,134,,False,False,ACC vs Pac-12
2025,regular,1,401752805,2025-08-31 03:00:00+00:00,Washington,Colorado State,Big Ten,Mountain West,False,38,21,fbs,fbs,Washington,Washington,Washington,Washington,1,1,1,higher_spi_home_field_adjusted,higher_spi,higher_spi_home_field_adjusted,49.52601710174213,44.0395067089797,55.803,44.197,62.317,37.683,0.067059,preseason_2025,spi_rankings_preseason_2025.csv,134,,False,False,Big Ten vs Mountain West
2025,regular,1,401752800,2025-08-31 03:00:00+00:00,UCLA,Utah,Big Ten,Big 12,False,10,43,fbs,fbs,UCLA,UCLA,UCLA,Utah,0,0,0,higher_spi_home_field_adjusted,higher_spi,higher_spi_home_field_adjusted,45.20088782000058,42.732304501674065,52.62,47.38,59.261,40.739,0.067059,preseason_2025,spi_rankings_preseason_2025.csv,134,,False,False,Big 12 vs Big Ten
2025,regular,1,401752680,2025-08-31 19:00:00+00:00,South Carolina,Virginia Tech,SEC,ACC,False,24,11,fbs,fbs,South Carolina,South Carolina,South Carolina,South Carolina,1,1,1,higher_spi_home_field_adjusted,higher_spi,higher_spi_home_field_adjusted,68.37542592422213,48.63581386063227,69.824,30.176,69.824,30.176,0.067059,preseason_2025,spi_rankings_preseason_2025.csv,134,Aflac Kickoff,False,False,ACC vs SEC
2025,regular,1,401754522,2025-08-31 23:30:00+00:00,Miami,Notre Dame,ACC,FBS Independents,False,27,24,fbs,fbs,Notre Dame,Notre Dame,Notre Dame,Miami,0,0,0,higher_spi_home_field_adjusted,higher_spi,higher_spi_home_field_adjusted,74.45348630037071,90.85475828690916,33.247,66.753,39.48,60.52,0.067059,preseason_2025,spi_rankings_preseason_2025.csv,134,,False,False,ACC vs FBS Independents
2025,regular,1,401754523,2025-09-02 00:00:00+00:00,North Carolina,TCU,ACC,Big 12,False,14,48,fbs,fbs,TCU,TCU,TCU,TCU,1,1,1,higher_spi_home_field_adjusted,higher_spi,higher_spi_home_field_adjusted,42.72725521413616,59.41281776590055,32.979,67.021,39.191,60.809,0.067059,preseason_2025,spi_rankings_preseason_2025.csv,134,,False,False,ACC vs Big 12
2025,regular,2,401754528,2025-09-05 23:00:00+00:00,Louisville,James Madison,ACC,Sun Belt,False,28,14,fbs,fbs,Louisville,James Madison,Louisville,Louisville,1,0,1,higher_spi_home_field_adjusted,higher_spi,higher_spi_home_field_adjusted,66.27303625377643,66.44803625377644,49.814,50.186,56.523,43.477,0.067059,2025_w1,spi_rankings_2025_w1.csv,136,,False,False,ACC vs Sun Belt
2025,regular,2,401752826,2025-09-05 23:30:00+00:00,Maryland,Northern Illinois,Big Ten,Mid-American,False,20,9,fbs,fbs,Maryland,Maryland,Maryland,Maryland,1,1,1,higher_spi_home_field_adjusted,higher_spi,higher_spi_home_field_adjusted,66.9329628830384,60.67303625377644,56.612,43.388,63.086,36.914,0.067059,2025_w1,spi_rankings_2025_w1.csv,136,,False,False,Big Ten vs Mid-American
2025,regular,2,401752817,2025-09-05 23:30:00+00:00,Northwestern,Western Illinois,Big Ten,Big South-OVC,False,42,7,fbs,fcs,Northwestern,Northwestern,Northwestern,Northwestern,1,1,1,fbs_vs_fcs_rule,fbs_vs_fcs_rule,fbs_vs_fcs_rule,37.97107250755287,,100.0,0.0,100.0,0.0,0.067059,2025_w1,spi_rankings_2025_w1.csv,136,,False,False,Big South-OVC vs Big Ten
2025,regular,2,401760363,2025-09-06 01:00:00+00:00,Boise State,Eastern Washington,Mountain West,Big Sky,False,51,14,fbs,fcs,Boise State,Boise State,Boise State,Boise State,1,1,1,fbs_vs_fcs_rule,fbs_vs_fcs_rule,fbs_vs_fcs_rule,37.75599913681484,,100.0,0.0,100.0,0.0,0.067059,2025_w1,spi_rankings_2025_w1.csv,136,,False,False,Big Sky vs Mountain West
2025,regular,2,401752825,2025-09-06 16:00:00+00:00,Duke,Illinois,ACC,Big Ten,False,19,45,fbs,fbs,Duke,Illinois,Duke,Illinois,0,1,0,higher_spi_home_field_adjusted,higher_spi,higher_spi_home_field_adjusted,65.22303625377643,68.89803625377644,46.103,53.897,52.839,47.161,0.067059,2025_w1,spi_rankings_2025_w1.csv,136,,False,False,ACC vs Big Ten
2025,regular,2,401752813,2025-09-06 16:00:00+00:00,Minnesota,Northwestern State,Big Ten,Southland,False,66,0,fbs,fcs,Minnesota,Minnesota,Minnesota,Minnesota,1,1,1,fbs_vs_fcs_rule,fbs_vs_fcs_rule,fbs_vs_fcs_rule,65.8608761329305,,100.0,0.0,100.0,0.0,0.067059,2025_w1,spi_rankings_2025_w1.csv,136,,False,False,Big Ten vs Southland
2025,regular,2,401752822,2025-09-06 16:00:00+00:00,Iowa State,Iowa,Big 12,Big Ten,False,16,13,fbs,fbs,Iowa State,Iowa State,Iowa State,Iowa State,1,1,1,higher_spi_home_field_adjusted,higher_spi,higher_spi_home_field_adjusted,66.11106495468277,65.04803625377644,51.129,48.871,57.812,42.188,0.067059,2025_w1,spi_rankings_2025_w1.csv,136,,False,False,Big 12 vs Big Ten
2025,regular,2,401752811,2025-09-06 16:00:00+00:00,Penn State,Florida International,Big Ten,Conference USA,False,34,0,fbs,fbs,Penn State,Penn State,Penn State,Penn State,1,1,1,higher_spi_home_field_adjusted,higher_spi,higher_spi_home_field_adjusted,66.84078549848942,66.09803625377644,50.789,49.211,57.479,42.521,0.067059,2025_w1,spi_rankings_2025_w1.csv,136,,False,False,Big Ten vs Conference USA
2025,regular,2,401756885,2025-09-06 16:00:00+00:00,Texas Tech,Kent State,Big 12,Mid-American,False,62,14,fbs,fbs,Texas Tech,Texas Tech,Texas Tech,Texas Tech,1,1,1,higher_spi_home_field_adjusted,higher_spi,higher_spi_home_field_adjusted,70.82303625377644,61.02303625377643,60.265,39.735,66.516,33.484,0.067059,2025_w1,spi_rankings_2025_w1.csv,136,,False,False,Big 12 vs Mid-American
2025,regular,2,401757227,2025-09-06 16:00:00+00:00,Jacksonville State,Liberty,Conference USA,Conference USA,True,34,24,fbs,fbs,Liberty,Liberty,Liberty,Jacksonville State,0,0,0,higher_spi_home_field_adjusted,higher_spi,higher_spi_home_field_adjusted,39.804229607250754,63.998036253776434,26.343,73.657,31.9,68.1,0.067059,2025_w1,spi_rankings_2025_w1.csv,136,,False,False,Conference USA vs Conference USA
2025,regular,2,401754529,2025-09-06 16:00:00+00:00,Pittsburgh,Central Michigan,ACC,Mid-American,False,45,17,fbs,fbs,Pittsburgh,Pittsburgh,Pittsburgh,Pittsburgh,1,1,1,higher_spi_home_field_adjusted,higher_spi,higher_spi_home_field_adjusted,69.42303625377644,62.63678247734139,57.161,42.839,63.605,36.395,0.067059,2025_w1,spi_rankings_2025_w1.csv,136,,False,False,ACC vs Mid-American
2025,regular,2,401754621,2025-09-06 16:00:00+00:00,Florida State,East Texas A&M,ACC,Southland,False,77,3,fbs,fcs,Florida State,Florida State,Florida State,Florida State,1,1,1,fbs_vs_fcs_rule,fbs_vs_fcs_rule,fbs_vs_fcs_rule,64.39312688821751,,100.0,0.0,100.0,0.0,0.067059,2025_w1,spi_rankings_2025_w1.csv,136,,False,False,ACC vs Southland
2025,regular,2,401754525,2025-09-06 16:00:00+00:00,SMU,Baylor,ACC,Big 12,False,45,48,fbs,fbs,SMU,SMU,SMU,Baylor,0,0,0,higher_spi_home_field_adjusted,higher_spi,higher_spi_home_field_adjusted,65.39803625377644,41.67212990936555,73.27,26.73,78.215,21.785,0.067059,2025_w1,spi_rankings_2025_w1.csv,136,,False,False,ACC vs Big 12
2025,regular,2,401754524,2025-09-06 16:00:00+00:00,NC State,Virginia,ACC,ACC,False,35,31,fbs,fbs,NC State,Virginia,NC State,NC State,1,0,1,higher_spi_home_field_adjusted,higher_spi,higher_spi_home_field_adjusted,65.58774277082435,68.84460509279239,46.545,53.455,53.281,46.719,0.067059,2025_w1,spi_rankings_2025_w1.csv,136,,False,False,ACC vs ACC
2025,regular,2,401754618,2025-09-06 16:00:00+00:00,Syracuse,UConn,ACC,FBS Independents,False,27,20,fbs,fbs,UConn,UConn,UConn,Syracuse,0,0,0,higher_spi_home_field_adjusted,higher_spi,higher_spi_home_field_adjusted,45.65740181268881,68.37303625377643,27.58,72.42,33.28,66.72,0.067059,2025_w1,spi_rankings_2025_w1.csv,136,,False,False,ACC vs FBS Independents
2025,regular,2,401752693,2025-09-06 16:00:00+00:00,Texas,San José State,SEC,Mountain West,False,38,7,fbs,fbs,Texas,Texas,Texas,Texas,1,1,1,higher_spi_home_field_adjusted,higher_spi,higher_spi_home_field_adjusted,39.722406847935545,39.48965256797583,50.247,49.753,56.949,43.051,0.067059,2025_w1,spi_rankings_2025_w1.csv,136,,False,False,Mountain West vs SEC
2025,regular,2,401752812,2025-09-06 16:00:00+00:00,Indiana,Kennesaw State,Big Ten,Conference USA,False,56,9,fbs,fbs,Indiana,Indiana,Indiana,Indiana,1,1,1,higher_spi_home_field_adjusted,higher_spi,higher_spi_home_field_adjusted,65.96445835131635,39.77128132219655,75.273,24.727,79.948,20.052,0.067059,2025_w1,spi_rankings_2025_w1.csv,136,,False,False,Big Ten vs Conference USA
2025,regular,2,401752694,2025-09-06 16:45:00+00:00,Texas A&M,Utah State,SEC,Mountain West,False,44,22,fbs,fbs,Texas A&M,Texas A&M,Texas A&M,Texas A&M,1,1,1,higher_spi_home_field_adjusted,higher_spi,higher_spi_home_field_adjusted,66.50281614156236,63.20853474320241,53.494,46.506,60.106,39.894,0.067059,2025_w1,spi_rankings_2025_w1.csv,136,,False,False,Mountain West vs SEC
2025,regular,2,401754620,2025-09-06 18:00:00+00:00,Wake Forest,Western Carolina,ACC,Southern,False,42,10,fbs,fcs,Wake Forest,Wake Forest,Wake Forest,Wake Forest,1,1,1,fbs_vs_fcs_rule,fbs_vs_fcs_rule,fbs_vs_fcs_rule,61.4799093655589,,100.0,0.0,100.0,0.0,0.067059,2025_w1,spi_rankings_2025_w1.csv,136,,False,False,ACC vs Southern
2025,regular,2,401762462,2025-09-06 18:00:00+00:00,Temple,Howard,American Athletic,MEAC,False,55,7,fbs,fcs,Temple,Temple,Temple,Temple,1,1,1,fbs_vs_fcs_rule,fbs_vs_fcs_rule,fbs_vs_fcs_rule,66.46684290030211,,100.0,0.0,100.0,0.0,0.067059,2025_w1,spi_rankings_2025_w1.csv,136,,False,False,American Athletic vs MEAC
2025,regular,2,401760366,2025-09-06 19:00:00+00:00,New Mexico,Idaho State,Mountain West,Big Sky,False,32,22,fbs,fcs,New Mexico,New Mexico,New Mexico,New Mexico,1,1,1,fbs_vs_fcs_rule,fbs_vs_fcs_rule,fbs_vs_fcs_rule,44.51822759315206,,100.0,0.0,100.0,0.0,0.067059,2025_w1,spi_rankings_2025_w1.csv,136,,False,False,Big Sky vs Mountain West
2025,regular,2,401762458,2025-09-06 19:30:00+00:00,Navy,UAB,American Athletic,American Athletic,True,38,24,fbs,fbs,Navy,Navy,Navy,Navy,1,1,1,higher_spi_home_field_adjusted,higher_spi,higher_spi_home_field_adjusted,68.19803625377642,62.07303625377643,56.471,43.529,62.952,37.048,0.067059,2025_w1,spi_rankings_2025_w1.csv,136,,False,False,American Athletic vs American Athletic
2025,regular,2,401756881,2025-09-06 19:30:00+00:00,Colorado,Delaware,Big 12,Conference USA,False,31,7,fbs,fbs,Delaware,Delaware,Delaware,Colorado,0,0,0,higher_spi_home_field_adjusted,higher_spi,higher_spi_home_field_adjusted,42.048098453883064,63.473036253776435,28.689,71.311,34.509,65.491,0.067059,2025_w1,spi_rankings_2025_w1.csv,136,,False,False,Big 12 vs Conference USA
2025,regular,2,401752686,2025-09-06 19:30:00+00:00,Kentucky,Ole Miss,SEC,SEC,True,23,30,fbs,fbs,Kentucky,Ole Miss,Kentucky,Ole Miss,0,1,0,higher_spi_home_field_adjusted,higher_spi,higher_spi_home_field_adjusted,66.07348942598188,70.79632067328441,44.999,55.001,51.728,48.272,0.067059,2025_w1,spi_rankings_2025_w1.csv,136,,False,False,SEC vs SEC
2025,regular,2,401756880,2025-09-06 19:30:00+00:00,Cincinnati,Bowling Green,Big 12,Mid-American,False,34,20,fbs,fbs,Bowling Green,Bowling Green,Bowling Green,Cincinnati,0,0,0,higher_spi_home_field_adjusted,higher_spi,higher_spi_home_field_adjusted,37.80407854984894,63.64803625377644,25.005,74.995,30.396,69.604,0.067059,2025_w1,spi_rankings_2025_w1.csv,136,,False,False,Big 12 vs Mid-American
2025,regular,2,401752818,2025-09-06 19:30:00+00:00,Rutgers,Miami (OH),Big Ten,Mid-American,False,45,17,fbs,fbs,Rutgers,Rutgers,Rutgers,Rutgers,1,1,1,higher_spi_home_field_adjusted,higher_spi,higher_spi_home_field_adjusted,65.74229607250754,33.14989929506545,79.982,20.018,83.957,16.043,0.067059,2025_w1,spi_rankings_2025_w1.csv,136,,False,False,Big Ten vs Mid-American
2025,regular,2,401752824,2025-09-06 19:30:00+00:00,Oregon,Oklahoma State,Big Ten,Big 12,False,69,3,fbs,fbs,Oregon,Oregon,Oregon,Oregon,1,1,1,higher_spi_home_field_adjusted,higher_spi,higher_spi_home_field_adjusted,68.37303625377643,63.82303625377643,54.819,45.181,61.378,38.622,0.067059,2025_w1,spi_rankings_2025_w1.csv,136,,False,False,Big 12 vs Big Ten
2025,regular,2,401762461,2025-09-06 19:30:00+00:00,Western Michigan,North Texas,Mid-American,American Athletic,False,30,33,fbs,fbs,North Texas,North Texas,North Texas,North Texas,1,1,1,higher_spi_home_field_adjusted,higher_spi,higher_spi_home_field_adjusted,43.20906344410876,77.99803625377643,18.565,81.435,22.994,77.006,0.067059,2025_w1,spi_rankings_2025_w1.csv,136,,False,False,American Athletic vs Mid-American
2025,regular,2,401752937,2025-09-06 19:30:00+00:00,Oregon State,Fresno State,Pac-12,Mountain West,False,27,36,fbs,fbs,Oregon State,Fresno State,Oregon State,Fresno State,0,1,0,higher_spi_home_field_adjusted,higher_spi,higher_spi_home_field_adjusted,42.16597654167407,47.37566896849374,44.487,55.513,51.211,48.789,0.067059,2025_w1,spi_rankings_2025_w1.csv,136,,False,False,Mountain West vs Pac-12
2025,regular,2,401761603,2025-09-06 19:30:00+00:00,UTSA,Texas State,American Athletic,Sun Belt,False,36,43,fbs,fbs,Texas State,Texas State,Texas State,Texas State,1,1,1,higher_spi_home_field_adjusted,higher_spi,higher_spi_home_field_adjusted,44.21231117824773,66.32945619335347,28.09,71.91,33.847,66.153,0.067059,2025_w1,spi_rankings_2025_w1.csv,136,,False,False,American Athletic vs Sun Belt
2025,regular,2,401752685,2025-09-06 19:30:00+00:00,Georgia,Austin Peay,SEC,UAC,False,28,6,fbs,fcs,Georgia,Georgia,Georgia,Georgia,1,1,1,fbs_vs_fcs_rule,fbs_vs_fcs_rule,fbs_vs_fcs_rule,76.39901812688821,,100.0,0.0,100.0,0.0,0.067059,2025_w1,spi_rankings_2025_w1.csv,136,,False,False,SEC vs UAC
2025,regular,2,401752692,2025-09-06 19:30:00+00:00,Tennessee,East Tennessee State,SEC,Southern,False,72,17,fbs,fcs,Tennessee,Tennessee,Tennessee,Tennessee,1,1,1,fbs_vs_fcs_rule,fbs_vs_fcs_rule,fbs_vs_fcs_rule,65.86591434156745,,100.0,0.0,100.0,0.0,0.067059,2025_w1,spi_rankings_2025_w1.csv,136,,False,False,SEC vs Southern
2025,regular,2,401754622,2025-09-06 19:30:00+00:00,Georgia Tech,Gardner-Webb,ACC,Big South-OVC,False,59,12,fbs,fcs,Georgia Tech,Georgia Tech,Georgia Tech,Georgia Tech,1,1,1,fbs_vs_fcs_rule,fbs_vs_fcs_rule,fbs_vs_fcs_rule,65.52462235649547,,100.0,0.0,100.0,0.0,0.067059,2025_w1,spi_rankings_2025_w1.csv,136,,False,False,ACC vs Big South-OVC
2025,regular,2,401752689,2025-09-06 19:30:00+00:00,Missouri,Kansas,SEC,Big 12,False,42,31,fbs,fbs,Missouri,Missouri,Missouri,Missouri,1,1,1,higher_spi_home_field_adjusted,higher_spi,higher_spi_home_field_adjusted,69.94803625377644,68.19203172205437,51.865,48.135,58.528,41.472,0.067059,2025_w1,spi_rankings_2025_w1.csv,136,,False,False,Big 12 vs SEC
2025,regular,2,401762794,2025-09-06 19:30:00+00:00,Buffalo,St. Francis (PA),Mid-American,NEC,False,45,6,fbs,fcs,Buffalo,Buffalo,Buffalo,Buffalo,1,1,1,fbs_vs_fcs_rule,fbs_vs_fcs_rule,fbs_vs_fcs_rule,39.981570996978846,,100.0,0.0,100.0,0.0,0.067059,2025_w1,spi_rankings_2025_w1.csv,136,,False,False,Mid-American vs NEC
2025,regular,2,401754637,2025-09-06 19:30:00+00:00,Clemson,Troy,ACC,Sun Belt,False,27,16,fbs,fbs,Troy,Troy,Troy,Clemson,0,0,0,higher_spi_home_field_adjusted,higher_spi,higher_spi_home_field_adjusted,38.036858006042294,63.473036253776435,25.331,74.669,30.764,69.236,0.067059,2025_w1,spi_rankings_2025_w1.csv,136,,False,False,ACC vs Sun Belt
2025,regular,2,401752815,2025-09-06 19:30:00+00:00,Ohio State,Grambling,Big Ten,SWAC,False,70,0,fbs,fcs,Ohio State,Ohio State,Ohio State,Ohio State,1,1,1,fbs_vs_fcs_rule,fbs_vs_fcs_rule,fbs_vs_fcs_rule,64.78821752265861,,100.0,0.0,100.0,0.0,0.067059,2025_w1,spi_rankings_2025_w1.csv,136,,False,False,Big Ten vs SWAC
2025,regular,2,401762816,2025-09-06 19:30:00+00:00,Massachusetts,Bryant,Mid-American,CAA,False,26,27,fbs,fcs,Massachusetts,Massachusetts,Massachusetts,Bryant,0,0,0,fbs_vs_fcs_rule,fbs_vs_fcs_rule,fbs_vs_fcs_rule,38.900852395338795,,100.0,0.0,100.0,0.0,0.067059,2025_w1,spi_rankings_2025_w1.csv,136,,False,False,CAA vs Mid-American
2025,regular,2,401761596,2025-09-06 19:30:00+00:00,App State,Lindenwood,Sun Belt,Big South-OVC,False,20,13,fbs,fcs,App State,App State,App State,App State,1,1,1,fbs_vs_fcs_rule,fbs_vs_fcs_rule,fbs_vs_fcs_rule,66.3678895123004,,100.0,0.0,100.0,0.0,0.067059,2025_w1,spi_rankings_2025_w1.csv,136,,False,False,Big South-OVC vs Sun Belt
2025,regular,2,401756883,2025-09-06 20:00:00+00:00,Ohio,West Virginia,Mid-American,Big 12,False,17,10,fbs,fbs,West Virginia,West Virginia,West Virginia,Ohio,0,0,0,higher_spi_home_field_adjusted,higher_spi,higher_spi_home_field_adjusted,39.11324269889224,67.67303625377643,22.903,77.097,28.011,71.989,0.067059,2025_w1,spi_rankings_2025_w1.csv,136,,False,False,Big 12 vs Mid-American
2025,regular,2,401760367,2025-09-06 20:00:00+00:00,Wyoming,Northern Iowa,Mountain West,MVFC,False,31,7,fbs,fcs,Wyoming,Wyoming,Wyoming,Wyoming,1,1,1,fbs_vs_fcs_rule,fbs_vs_fcs_rule,fbs_vs_fcs_rule,74.62968277945619,,100.0,0.0,100.0,0.0,0.067059,2025_w1,spi_rankings_2025_w1.csv,136,,False,False,MVFC vs Mountain West
2025,regular,2,401752820,2025-09-06 20:00:00+00:00,Wisconsin,Middle Tennessee,Big Ten,Conference USA,False,42,10,fbs,fbs,Wisconsin,Wisconsin,Wisconsin,Wisconsin,1,1,1,higher_spi_home_field_adjusted,higher_spi,higher_spi_home_field_adjusted,74.22326283987915,30.90158610271903,86.309,13.691,89.197,10.803,0.067059,2025_w1,spi_rankings_2025_w1.csv,136,,False,False,Big Ten vs Conference USA
2025,regular,2,401752684,2025-09-06 20:15:00+00:00,Florida,South Florida,SEC,American Athletic,False,16,18,fbs,fbs,Florida,Florida,Florida,South Florida,0,0,0,higher_spi_home_field_adjusted,higher_spi,higher_spi_home_field_adjusted,78.69803625377644,69.76102719033233,59.383,40.617,65.694,34.306,0.067059,2025_w1,spi_rankings_2025_w1.csv,136,,False,False,American Athletic vs SEC
2025,regular,2,401761602,2025-09-06 21:00:00+00:00,Southern Miss,Jackson State,Sun Belt,SWAC,False,38,20,fbs,fcs,Southern Miss,Southern Miss,Southern Miss,Southern Miss,1,1,1,fbs_vs_fcs_rule,fbs_vs_fcs_rule,fbs_vs_fcs_rule,42.76722054380664,,100.0,0.0,100.0,0.0,0.067059,2025_w1,spi_rankings_2025_w1.csv,136,,False,False,SWAC vs Sun Belt
2025,regular,2,401752682,2025-09-06 21:00:00+00:00,Arkansas,Arkansas State,SEC,Sun Belt,False,56,14,fbs,fbs,Arkansas,Arkansas,Arkansas,Arkansas,1,1,1,higher_spi_home_field_adjusted,higher_spi,higher_spi_home_field_adjusted,68.19803625377642,63.473036253776435,55.004,44.996,55.004,44.996,0.067059,2025_w1,spi_rankings_2025_w1.csv,136,,False,False,SEC vs Sun Belt
2025,regular,2,401760365,2025-09-06 21:00:00+00:00,Nevada,Sacramento State,Mountain West,Big Sky,False,20,17,fbs,fcs,Nevada,Nevada,Nevada,Nevada,1,1,1,fbs_vs_fcs_rule,fbs_vs_fcs_rule,fbs_vs_fcs_rule,47.91404833836857,,100.0,0.0,100.0,0.0,0.067059,2025_w1,spi_rankings_2025_w1.csv,136,,False,False,Big Sky vs Mountain West
2025,regular,2,401761599,2025-09-06 22:00:00+00:00,Old Dominion,North Carolina Central,Sun Belt,MEAC,False,54,6,fbs,fcs,Old Dominion,Old Dominion,Old Dominion,Old Dominion,1,1,1,fbs_vs_fcs_rule,fbs_vs_fcs_rule,fbs_vs_fcs_rule,41.29073514602214,,100.0,0.0,100.0,0.0,0.067059,2025_w1,spi_rankings_2025_w1.csv,136,,False,False,MEAC vs Sun Belt
2025,regular,2,401762459,2025-09-06 22:00:00+00:00,East Carolina,Campbell,American Athletic,CAA,False,56,3,fbs,fcs,East Carolina,East Carolina,East Carolina,East Carolina,1,1,1,fbs_vs_fcs_rule,fbs_vs_fcs_rule,fbs_vs_fcs_rule,40.93915940998756,,100.0,0.0,100.0,0.0,0.067059,2025_w1,spi_rankings_2025_w1.csv,136,,False,False,American Athletic vs CAA
2025,regular,2,401762460,2025-09-06 22:00:00+00:00,Florida Atlantic,Florida A&M,American Athletic,SWAC,False,56,14,fbs,fcs,Florida Atlantic,Florida Atlantic,Florida Atlantic,Florida Atlantic,1,1,1,fbs_vs_fcs_rule,fbs_vs_fcs_rule,fbs_vs_fcs_rule,47.129884189325274,,100.0,0.0,100.0,0.0,0.067059,2025_w1,spi_rankings_2025_w1.csv,136,,False,False,American Athletic vs SWAC
2025,regular,2,401756887,2025-09-06 22:00:00+00:00,Utah,Cal Poly,Big 12,Big Sky,False,63,9,fbs,fcs,Utah,Utah,Utah,Utah,1,1,1,fbs_vs_fcs_rule,fbs_vs_fcs_rule,fbs_vs_fcs_rule,67.40720040281974,,100.0,0.0,100.0,0.0,0.067059,2025_w1,spi_rankings_2025_w1.csv,136,,False,False,Big 12 vs Big Sky
2025,regular,2,401757228,2025-09-06 22:00:00+00:00,Marshall,Missouri State,Sun Belt,Conference USA,False,20,21,fbs,fbs,Marshall,Marshall,Marshall,Missouri State,0,0,0,higher_spi_home_field_adjusted,higher_spi,higher_spi_home_field_adjusted,53.67303625377644,46.15737663645518,57.918,42.082,64.32,35.68,0.067059,2025_w1,spi_rankings_2025_w1.csv,136,,False,False,Conference USA vs Sun Belt
2025,regular,2,401754530,2025-09-06 22:00:00+00:00,California,Texas Southern,ACC,SWAC,False,35,3,fbs,fcs,California,California,California,California,1,1,1,fbs_vs_fcs_rule,fbs_vs_fcs_rule,fbs_vs_fcs_rule,69.5392749244713,,100.0,0.0,100.0,0.0,0.067059,2025_w1,spi_rankings_2025_w1.csv,136,,False,False,ACC vs SWAC
2025,regular,2,401754527,2025-09-06 23:00:00+00:00,Charlotte,North Carolina,American Athletic,ACC,False,3,20,fbs,fbs,Charlotte,North Carolina,Charlotte,North Carolina,0,1,0,higher_spi_home_field_adjusted,higher_spi,higher_spi_home_field_adjusted,37.10943029779888,43.03240181268882,43.74,56.26,50.453,49.547,0.067059,2025_w1,spi_rankings_2025_w1.csv,136,,False,False,ACC vs American Athletic
2025,regular,2,401762795,2025-09-06 23:00:00+00:00,Eastern Michigan,Long Island University,Mid-American,NEC,False,23,28,fbs,fcs,Eastern Michigan,Eastern Michigan,Eastern Michigan,Long Island University,0,0,0,fbs_vs_fcs_rule,fbs_vs_fcs_rule,fbs_vs_fcs_rule,37.43271471730686,,100.0,0.0,100.0,0.0,0.067059,2025_w1,spi_rankings_2025_w1.csv,136,,False,False,Mid-American vs NEC
2025,regular,2,401754641,2025-09-06 23:00:00+00:00,Miami,Bethune-Cookman,ACC,SWAC,False,45,3,fbs,fcs,Miami,Miami,Miami,Miami,1,1,1,fbs_vs_fcs_rule,fbs_vs_fcs_rule,fbs_vs_fcs_rule,69.09577039274924,,100.0,0.0,100.0,0.0,0.067059,2025_w1,spi_rankings_2025_w1.csv,136,,False,False,ACC vs SWAC
2025,regular,2,401756886,2025-09-06 23:00:00+00:00,UCF,North Carolina A&T,Big 12,CAA,False,68,7,fbs,fcs,UCF,UCF,UCF,UCF,1,1,1,fbs_vs_fcs_rule,fbs_vs_fcs_rule,fbs_vs_fcs_rule,63.90453172205437,,100.0,0.0,100.0,0.0,0.067059,2025_w1,spi_rankings_2025_w1.csv,136,,False,False,Big 12 vs CAA
2025,regular,2,401760364,2025-09-06 23:00:00+00:00,Colorado State,Northern Colorado,Mountain West,Big Sky,False,21,17,fbs,fcs,Colorado State,Colorado State,Colorado State,Colorado State,1,1,1,fbs_vs_fcs_rule,fbs_vs_fcs_rule,fbs_vs_fcs_rule,45.82739174219536,,100.0,0.0,100.0,0.0,0.067059,2025_w1,spi_rankings_2025_w1.csv,136,,False,False,Big Sky vs Mountain West
2025,regular,2,401752691,2025-09-06 23:00:00+00:00,South Carolina,South Carolina State,SEC,MEAC,False,38,10,fbs,fcs,South Carolina,South Carolina,South Carolina,South Carolina,1,1,1,fbs_vs_fcs_rule,fbs_vs_fcs_rule,fbs_vs_fcs_rule,65.92485338546294,,100.0,0.0,100.0,0.0,0.067059,2025_w1,spi_rankings_2025_w1.csv,136,,False,False,MEAC vs SEC
2025,regular,2,401756882,2025-09-06 23:00:00+00:00,Kansas State,Army,Big 12,American Athletic,False,21,24,fbs,fbs,Kansas State,Kansas State,Kansas State,Army,0,0,0,higher_spi_home_field_adjusted,higher_spi,higher_spi_home_field_adjusted,54.28451661631419,33.87658610271903,70.419,29.581,75.716,24.284,0.067059,2025_w1,spi_rankings_2025_w1.csv,136,,False,False,American Athletic vs Big 12
2025,regular,2,401761601,2025-09-06 23:00:00+00:00,South Alabama,Tulane,Sun Belt,American Athletic,False,31,33,fbs,fbs,South Alabama,Tulane,South Alabama,Tulane,0,1,0,higher_spi_home_field_adjusted,higher_spi,higher_spi_home_field_adjusted,63.29803625377644,66.44136455186303,46.665,53.335,53.401,46.599,0.067059,2025_w1,spi_rankings_2025_w1.csv,136,,False,False,American Athletic vs Sun Belt
2025,regular,2,401756884,2025-09-06 23:00:00+00:00,Rice,Houston,American Athletic,Big 12,False,9,35,fbs,fbs,Houston,Houston,Houston,Houston,1,1,1,higher_spi_home_field_adjusted,higher_spi,higher_spi_home_field_adjusted,64.71274277082433,73.79803625377643,40.465,59.535,47.097,52.903,0.067059,2025_w1,spi_rankings_2025_w1.csv,136,,False,False,American Athletic vs Big 12
2025,regular,2,401761598,2025-09-06 23:00:00+00:00,Georgia State,Memphis,Sun Belt,American Athletic,False,16,38,fbs,fbs,Memphis,Memphis,Memphis,Memphis,1,1,1,higher_spi_home_field_adjusted,higher_spi,higher_spi_home_field_adjusted,48.90294561933535,66.44803625377644,32.177,67.823,38.324,61.676,0.067059,2025_w1,spi_rankings_2025_w1.csv,136,,False,False,American Athletic vs Sun Belt
2025,regular,2,401757232,2025-09-06 23:00:00+00:00,Toledo,Western Kentucky,Mid-American,Conference USA,False,45,21,fbs,fbs,Western Kentucky,Western Kentucky,Western Kentucky,Toledo,0,0,0,higher_spi_home_field_adjusted,higher_spi,higher_spi_home_field_adjusted,39.48194864048338,66.29441087613293,24.241,75.759,29.532,70.468,0.067059,2025_w1,spi_rankings_2025_w1.csv,136,,False,False,Conference USA vs Mid-American
2025,regular,2,401752690,2025-09-06 23:30:00+00:00,Oklahoma,Michigan,SEC,Big Ten,False,24,13,fbs,fbs,Oklahoma,Oklahoma,Oklahoma,Oklahoma,1,1,1,higher_spi_home_field_adjusted,higher_spi,higher_spi_home_field_adjusted,65.92303625377643,64.0835347432024,51.953,48.047,58.614,41.386,0.067059,2025_w1,spi_rankings_2025_w1.csv,136,,False,False,Big Ten vs SEC
2025,regular,2,401752695,2025-09-06 23:30:00+00:00,Virginia Tech,Vanderbilt,ACC,SEC,False,20,44,fbs,fbs,Vanderbilt,Vanderbilt,Vanderbilt,Vanderbilt,1,1,1,higher_spi_home_field_adjusted,higher_spi,higher_spi_home_field_adjusted,40.22703927492447,67.67303625377643,23.75,76.25,28.975,71.025,0.067059,2025_w1,spi_rankings_2025_w1.csv,136,,False,False,ACC vs SEC
2025,regular,2,401752814,2025-09-06 23:30:00+00:00,USC,Georgia Southern,Big Ten,Sun Belt,False,59,20,fbs,fbs,USC,USC,USC,USC,1,1,1,higher_spi_home_field_adjusted,higher_spi,higher_spi_home_field_adjusted,71.21578549848941,31.858081570996976,84.194,15.806,87.463,12.537,0.067059,2025_w1,spi_rankings_2025_w1.csv,136,,False,False,Big Ten vs Sun Belt
2025,regular,2,401752688,2025-09-06 23:30:00+00:00,Mississippi State,Arizona State,SEC,Big 12,False,24,20,fbs,fbs,Mississippi State,Mississippi State,Mississippi State,Mississippi State,1,1,1,higher_spi_home_field_adjusted,higher_spi,higher_spi_home_field_adjusted,65.99117393180838,63.64803625377644,52.488,47.512,59.132,40.868,0.067059,2025_w1,spi_rankings_2025_w1.csv,136,,False,False,Big 12 vs SEC
2025,regular,2,401752687,2025-09-06 23:30:00+00:00,LSU,Louisiana Tech,SEC,Conference USA,False,23,7,fbs,fbs,LSU,LSU,LSU,LSU,1,1,1,higher_spi_home_field_adjusted,higher_spi,higher_spi_home_field_adjusted,80.4,73.27303625377644,57.515,42.485,63.94,36.06,0.067059,2025_w1,spi_rankings_2025_w1.csv,136,,False,False,Conference USA vs SEC
2025,regular,2,401752819,2025-09-06 23:30:00+00:00,Purdue,Southern Illinois,Big Ten,MVFC,False,34,17,fbs,fcs,Purdue,Purdue,Purdue,Purdue,1,1,1,fbs_vs_fcs_rule,fbs_vs_fcs_rule,fbs_vs_fcs_rule,75.58564954682778,,100.0,0.0,100.0,0.0,0.067059,2025_w1,spi_rankings_2025_w1.csv,136,,False,False,Big Ten vs MVFC
2025,regular,2,401752810,2025-09-06 23:30:00+00:00,Nebraska,Akron,Big Ten,Mid-American,False,68,0,fbs,fbs,Nebraska,Nebraska,Nebraska,Nebraska,1,1,1,higher_spi_home_field_adjusted,higher_spi,higher_spi_home_field_adjusted,66.15015105740181,26.650830815709963,84.274,15.726,87.529,12.471,0.067059,2025_w1,spi_rankings_2025_w1.csv,136,,False,False,Big Ten vs Mid-American
2025,regular,2,401752816,2025-09-06 23:30:00+00:00,Michigan State,Boston College,Big Ten,ACC,False,42,40,fbs,fbs,Michigan State,Boston College,Michigan State,Michigan State,1,0,1,higher_spi_home_field_adjusted,higher_spi,higher_spi_home_field_adjusted,66.01706948640482,70.12303625377643,45.648,54.352,52.382,47.618,0.067059,2025_w1,spi_rankings_2025_w1.csv,136,,False,False,ACC vs Big Ten
2025,regular,2,401761597,2025-09-06 23:30:00+00:00,Coastal Carolina,Charleston Southern,Sun Belt,Big South-OVC,False,13,0,fbs,fcs,Coastal Carolina,Coastal Carolina,Coastal Carolina,Coastal Carolina,1,1,1,fbs_vs_fcs_rule,fbs_vs_fcs_rule,fbs_vs_fcs_rule,42.75173271725608,,100.0,0.0,100.0,0.0,0.067059,2025_w1,spi_rankings_2025_w1.csv,136,,False,False,Big South-OVC vs Sun Belt
2025,regular,2,401752683,2025-09-06 23:30:00+00:00,Auburn,Ball State,SEC,Mid-American,False,42,3,fbs,fbs,Auburn,Auburn,Auburn,Auburn,1,1,1,higher_spi_home_field_adjusted,higher_spi,higher_spi_home_field_adjusted,65.42409365558912,37.245720040281974,76.809,23.191,81.267,18.733,0.067059,2025_w1,spi_rankings_2025_w1.csv,136,,False,False,Mid-American vs SEC
2025,regular,2,401752681,2025-09-06 23:45:00+00:00,Alabama,UL Monroe,SEC,Sun Belt,False,73,0,fbs,fbs,UL Monroe,UL Monroe,UL Monroe,Alabama,0,0,0,higher_spi_home_field_adjusted,higher_spi,higher_spi_home_field_adjusted,41.932037497778566,74.14803625377644,20.275,79.725,24.987,75.013,0.067059,2025_w1,spi_rankings_2025_w1.csv,136,,False,False,SEC vs Sun Belt
2025,regular,2,401752823,2025-09-07 00:00:00+00:00,UNLV,UCLA,Mountain West,Big Ten,False,30,23,fbs,fbs,UNLV,UNLV,UNLV,UNLV,1,1,1,higher_spi_home_field_adjusted,higher_spi,higher_spi_home_field_adjusted,62.61941087613293,40.556344410876136,71.863,28.137,76.986,23.014,0.067059,2025_w1,spi_rankings_2025_w1.csv,136,,False,False,Big Ten vs Mountain West
2025,regular,2,401761600,2025-09-07 00:00:00+00:00,Louisiana,McNeese,Sun Belt,Southland,False,34,10,fbs,fcs,Louisiana,Louisiana,Louisiana,Louisiana,1,1,1,fbs_vs_fcs_rule,fbs_vs_fcs_rule,fbs_vs_fcs_rule,39.101219249028915,,100.0,0.0,100.0,0.0,0.067059,2025_w1,spi_rankings_2025_w1.csv,136,,False,False,Southland vs Sun Belt
2025,regular,2,401757229,2025-09-07 01:00:00+00:00,New Mexico State,Tulsa,Conference USA,American Athletic,False,21,14,fbs,fbs,New Mexico State,Tulsa,New Mexico State,New Mexico State,1,0,1,higher_spi_home_field_adjusted,higher_spi,higher_spi_home_field_adjusted,63.123036253776434,65.22303625377643,47.77,52.23,54.503,45.497,0.067059,2025_w1,spi_rankings_2025_w1.csv,136,,False,False,American Athletic vs Conference USA
2025,regular,2,401757231,2025-09-07 01:00:00+00:00,UTEP,UT Martin,Conference USA,Big South-OVC,False,42,17,fbs,fcs,UTEP,UTEP,UTEP,UTEP,1,1,1,fbs_vs_fcs_rule,fbs_vs_fcs_rule,fbs_vs_fcs_rule,35.44358006042296,,100.0,0.0,100.0,0.0,0.067059,2025_w1,spi_rankings_2025_w1.csv,136,,False,False,Big South-OVC vs Conference USA
2025,regular,2,401756879,2025-09-07 02:00:00+00:00,Arizona,Weber State,Big 12,Big Sky,False,48,3,fbs,fcs,Arizona,Arizona,Arizona,Arizona,1,1,1,fbs_vs_fcs_rule,fbs_vs_fcs_rule,fbs_vs_fcs_rule,67.84403323262839,,100.0,0.0,100.0,0.0,0.067059,2025_w1,spi_rankings_2025_w1.csv,136,,False,False,Big 12 vs Big Sky
2025,regular,2,401754526,2025-09-07 02:15:00+00:00,BYU,Stanford,Big 12,ACC,False,27,3,fbs,fbs,BYU,BYU,BYU,BYU,1,1,1,higher_spi_home_field_adjusted,higher_spi,higher_spi_home_field_adjusted,81.14803625377644,35.44758308157099,87.46,12.54,90.133,9.867,0.067059,2025_w1,spi_rankings_2025_w1.csv,136,,False,False,ACC vs Big 12
2025,regular,2,401752948,2025-09-07 02:15:00+00:00,Washington State,San Diego State,Pac-12,Mountain West,False,36,13,fbs,fbs,San Diego State,San Diego State,San Diego State,Washington State,0,0,0,higher_spi_home_field_adjusted,higher_spi,higher_spi_home_field_adjusted,60.84803625377644,76.42303625377643,34.03,65.97,40.322,59.678,0.067059,2025_w1,spi_rankings_2025_w1.csv,136,,False,False,Mountain West vs Pac-12
2025,regular,2,401752821,2025-09-07 03:00:00+00:00,Washington,UC Davis,Big Ten,Big Sky,False,70,10,fbs,fcs,Washington,Washington,Washington,Washington,1,1,1,fbs_vs_fcs_rule,fbs_vs_fcs_rule,fbs_vs_fcs_rule,64.47628398791541,,100.0,0.0,100.0,0.0,0.067059,2025_w1,spi_rankings_2025_w1.csv,136,,False,False,Big Sky vs Big Ten
2025,regular,2,401757230,2025-09-07 03:59:00+00:00,Hawai'i,Sam Houston,Mountain West,Conference USA,False,37,20,fbs,fbs,Hawai'i,Hawai'i,Hawai'i,Hawai'i,1,1,1,higher_spi_home_field_adjusted,higher_spi,higher_spi_home_field_adjusted,49.3801292873645,11.2,83.516,16.484,86.904,13.096,0.067059,2025_w1,spi_rankings_2025_w1.csv,136,,False,False,Conference USA vs Mountain West
2025,regular,3,401754531,2025-09-11 23:30:00+00:00,Wake Forest,NC State,ACC,ACC,True,24,34,fbs,fbs,Wake Forest,NC State,Wake Forest,NC State,0,1,0,higher_spi_home_field_adjusted,higher_spi,higher_spi_home_field_adjusted,73.43279988300307,77.24670101198666,45.957,54.043,52.692,47.308,0.067059,2025_w2,spi_rankings_2025_w2.csv,136,,False,False,ACC vs ACC
2025,regular,3,401752836,2025-09-12 22:30:00+00:00,Indiana,Indiana State,Big Ten,MVFC,False,73,0,fbs,fcs,Indiana,Indiana,Indiana,Indiana,1,1,1,fbs_vs_fcs_rule,fbs_vs_fcs_rule,fbs_vs_fcs_rule,82.83501342330955,,100.0,0.0,100.0,0.0,0.067059,2025_w2,spi_rankings_2025_w2.csv,136,,False,False,Big Ten vs MVFC
2025,regular,3,401754532,2025-09-12 23:00:00+00:00,Syracuse,Colgate,ACC,Patriot,False,66,24,fbs,fcs,Syracuse,Syracuse,Syracuse,Syracuse,1,1,1,fbs_vs_fcs_rule,fbs_vs_fcs_rule,fbs_vs_fcs_rule,75.4794236856125,,100.0,0.0,100.0,0.0,0.067059,2025_w2,spi_rankings_2025_w2.csv,136,,False,False,ACC vs Patriot
2025,regular,3,401756893,2025-09-12 23:30:00+00:00,Houston,Colorado,Big 12,Big 12,True,36,20,fbs,fbs,Houston,Houston,Houston,Houston,1,1,1,higher_spi_home_field_adjusted,higher_spi,higher_spi_home_field_adjusted,77.99291228363401,62.78560095809678,65.618,34.382,71.426,28.574,0.067059,2025_w2,spi_rankings_2025_w2.csv,136,,False,False,Big 12 vs Big 12
2025,regular,3,401756888,2025-09-13 01:00:00+00:00,Arizona,Kansas State,Big 12,Big 12,False,23,17,fbs,fbs,Arizona,Arizona,Arizona,Arizona,1,1,1,higher_spi_home_field_adjusted,higher_spi,higher_spi_home_field_adjusted,80.36289421178535,56.010767374567784,73.788,26.212,78.665,21.335,0.067059,2025_w2,spi_rankings_2025_w2.csv,136,,False,False,Big 12 vs Big 12
2025,regular,3,401752837,2025-09-13 02:00:00+00:00,UCLA,New Mexico,Big Ten,Mountain West,False,10,35,fbs,fbs,New Mexico,New Mexico,New Mexico,New Mexico,1,1,1,higher_spi_home_field_adjusted,higher_spi,higher_spi_home_field_adjusted,42.4306949827116,51.55936898257929,40.421,59.579,47.051,52.949,0.067059,2025_w2,spi_rankings_2025_w2.csv,136,,False,False,Big Ten vs Mountain West
2025,regular,3,401752828,2025-09-13 16:00:00+00:00,Nebraska,Houston Christian,Big Ten,Southland,False,59,7,fbs,fcs,Nebraska,Nebraska,Nebraska,Nebraska,1,1,1,fbs_vs_fcs_rule,fbs_vs_fcs_rule,fbs_vs_fcs_rule,81.30588954235394,,100.0,0.0,100.0,0.0,0.067059,2025_w2,spi_rankings_2025_w2.csv,136,,False,False,Big Ten vs Southland
2025,regular,3,401754619,2025-09-13 16:00:00+00:00,Virginia,William & Mary,ACC,CAA,False,55,16,fbs,fcs,Virginia,Virginia,Virginia,Virginia,1,1,1,fbs_vs_fcs_rule,fbs_vs_fcs_rule,fbs_vs_fcs_rule,69.37620322810778,,100.0,0.0,100.0,0.0,0.067059,2025_w2,spi_rankings_2025_w2.csv,136,,False,False,ACC vs CAA
2025,regular,3,401752838,2025-09-13 16:00:00+00:00,Maryland,Towson,Big Ten,CAA,False,44,17,fbs,fcs,Maryland,Maryland,Maryland,Maryland,1,1,1,fbs_vs_fcs_rule,fbs_vs_fcs_rule,fbs_vs_fcs_rule,79.7851069163994,,100.0,0.0,100.0,0.0,0.067059,2025_w2,spi_rankings_2025_w2.csv,136,,False,False,Big Ten vs CAA
2025,regular,3,401756891,2025-09-13 16:00:00+00:00,Baylor,Samford,Big 12,Southern,False,42,7,fbs,fcs,Baylor,Baylor,Baylor,Baylor,1,1,1,fbs_vs_fcs_rule,fbs_vs_fcs_rule,fbs_vs_fcs_rule,64.92179839166077,,100.0,0.0,100.0,0.0,0.067059,2025_w2,spi_rankings_2025_w2.csv,136,,False,False,Big 12 vs Southern
2025,regular,3,401752839,2025-09-13 16:00:00+00:00,Michigan,Central Michigan,Big Ten,Mid-American,False,63,3,fbs,fbs,Michigan,Michigan,Michigan,Michigan,1,1,1,higher_spi_home_field_adjusted,higher_spi,higher_spi_home_field_adjusted,61.73166177438394,58.73918223809491,53.175,46.825,59.798,40.202,0.067059,2025_w2,spi_rankings_2025_w2.csv,136,,False,False,Big Ten vs Mid-American
2025,regular,3,401762817,2025-09-13 16:00:00+00:00,Kent State,Buffalo,Mid-American,Mid-American,True,28,31,fbs,fbs,Buffalo,Buffalo,Buffalo,Buffalo,1,1,1,higher_spi_home_field_adjusted,higher_spi,higher_spi_home_field_adjusted,58.28162312360935,68.40691605121401,39.405,60.595,45.997,54.003,0.067059,2025_w2,spi_rankings_2025_w2.csv,136,,False,False,Mid-American vs Mid-American
2025,regular,3,401752703,2025-09-13 16:00:00+00:00,Temple,Oklahoma,American Athletic,SEC,False,3,42,fbs,fbs,Temple,Temple,Temple,Oklahoma,0,0,0,higher_spi_home_field_adjusted,higher_spi,higher_spi_home_field_adjusted,79.68837029531281,75.78833826043659,54.134,45.866,60.721,39.279,0.067059,2025_w2,spi_rankings_2025_w2.csv,136,,False,False,American Athletic vs SEC
2025,regular,3,401761608,2025-09-13 16:00:00+00:00,Troy,Memphis,Sun Belt,American Athletic,False,7,28,fbs,fbs,Memphis,Memphis,Memphis,Memphis,1,1,1,higher_spi_home_field_adjusted,higher_spi,higher_spi_home_field_adjusted,64.64355106603014,76.11275057715008,38.05,61.95,44.582,55.418,0.067059,2025_w2,spi_rankings_2025_w2.csv,136,,False,False,American Athletic vs Sun Belt
2025,regular,3,401752831,2025-09-13 16:00:00+00:00,Northwestern,Oregon,Big Ten,Big Ten,True,14,34,fbs,fbs,Oregon,Oregon,Oregon,Oregon,1,1,1,higher_spi_home_field_adjusted,higher_spi,higher_spi_home_field_adjusted,57.33884716230191,84.13889730384732,24.25,75.75,29.543,70.457,0.067059,2025_w2,spi_rankings_2025_w2.csv,136,,False,False,Big Ten vs Big Ten
2025,regular,3,401752696,2025-09-13 16:00:00+00:00,Alabama,Wisconsin,SEC,Big Ten,False,38,14,fbs,fbs,Alabama,Wisconsin,Alabama,Alabama,1,0,1,higher_spi_home_field_adjusted,higher_spi,higher_spi_home_field_adjusted,70.78041782163251,75.98940237545571,44.488,55.512,51.212,48.788,0.067059,2025_w2,spi_rankings_2025_w2.csv,136,,False,False,Big Ten vs SEC
2025,regular,3,401754623,2025-09-13 16:00:00+00:00,Georgia Tech,Clemson,ACC,ACC,True,24,21,fbs,fbs,Georgia Tech,Georgia Tech,Georgia Tech,Georgia Tech,1,1,1,higher_spi_home_field_adjusted,higher_spi,higher_spi_home_field_adjusted,79.93009694032112,57.76868294874071,71.948,28.052,77.06,22.94,0.067059,2025_w2,spi_rankings_2025_w2.csv,136,,False,False,ACC vs ACC
2025,regular,3,401752697,2025-09-13 16:45:00+00:00,Auburn,South Alabama,SEC,Sun Belt,False,31,15,fbs,fbs,Auburn,Auburn,Auburn,Auburn,1,1,1,higher_spi_home_field_adjusted,higher_spi,higher_spi_home_field_adjusted,78.45754421335226,57.33884716230191,71.044,28.956,76.268,23.732,0.067059,2025_w2,spi_rankings_2025_w2.csv,136,,False,False,SEC vs Sun Belt
2025,regular,3,401752702,2025-09-13 17:00:00+00:00,Missouri,Louisiana,SEC,Sun Belt,False,52,10,fbs,fbs,Missouri,Missouri,Missouri,Missouri,1,1,1,higher_spi_home_field_adjusted,higher_spi,higher_spi_home_field_adjusted,82.30877268121468,56.05704645405258,75.319,24.681,79.988,20.012,0.067059,2025_w2,spi_rankings_2025_w2.csv,136,,False,False,SEC vs Sun Belt
2025,regular,3,401762818,2025-09-13 18:00:00+00:00,Ball State,New Hampshire,Mid-American,CAA,False,34,29,fbs,fcs,Ball State,Ball State,Ball State,Ball State,1,1,1,fbs_vs_fcs_rule,fbs_vs_fcs_rule,fbs_vs_fcs_rule,41.50931361795623,,100.0,0.0,100.0,0.0,0.067059,2025_w2,spi_rankings_2025_w2.csv,136,,False,False,CAA vs Mid-American
2025,regular,3,401757168,2025-09-13 19:00:00+00:00,Delaware,UConn,Conference USA,FBS Independents,False,44,41,fbs,fbs,Delaware,UConn,Delaware,Delaware,1,0,1,higher_spi_home_field_adjusted,higher_spi,higher_spi_home_field_adjusted,54.49423111073969,59.165134973543566,45.053,54.947,51.783,48.217,0.067059,2025_w2,spi_rankings_2025_w2.csv,136,,False,False,Conference USA vs FBS Independents
2025,regular,3,401762819,2025-09-13 19:30:00+00:00,Toledo,Morgan State,Mid-American,MEAC,False,60,0,fbs,fcs,Toledo,Toledo,Toledo,Toledo,1,1,1,fbs_vs_fcs_rule,fbs_vs_fcs_rule,fbs_vs_fcs_rule,55.15076674779847,,100.0,0.0,100.0,0.0,0.067059,2025_w2,spi_rankings_2025_w2.csv,136,,False,False,MEAC vs Mid-American
2025,regular,3,401756892,2025-09-13 19:30:00+00:00,Cincinnati,Northwestern State,Big 12,Southland,False,70,0,fbs,fcs,Cincinnati,Cincinnati,Cincinnati,Cincinnati,1,1,1,fbs_vs_fcs_rule,fbs_vs_fcs_rule,fbs_vs_fcs_rule,65.72006915354802,,100.0,0.0,100.0,0.0,0.067059,2025_w2,spi_rankings_2025_w2.csv,136,,False,False,Big 12 vs Southland
2025,regular,3,401752833,2025-09-13 19:30:00+00:00,Rutgers,Norfolk State,Big Ten,MEAC,False,60,10,fbs,fcs,Rutgers,Rutgers,Rutgers,Rutgers,1,1,1,fbs_vs_fcs_rule,fbs_vs_fcs_rule,fbs_vs_fcs_rule,75.8103239352756,,100.0,0.0,100.0,0.0,0.067059,2025_w2,spi_rankings_2025_w2.csv,136,,False,False,Big Ten vs MEAC
2025,regular,3,401752949,2025-09-13 19:30:00+00:00,North Texas,Washington State,American Athletic,Pac-12,False,59,10,fbs,fbs,North Texas,North Texas,North Texas,North Texas,1,1,1,higher_spi_home_field_adjusted,higher_spi,higher_spi_home_field_adjusted,77.31384428960921,75.20687565941354,52.237,47.763,58.89,41.11,0.067059,2025_w2,spi_rankings_2025_w2.csv,136,,False,False,American Athletic vs Pac-12
2025,regular,3,401754615,2025-09-13 19:30:00+00:00,Missouri State,SMU,Conference USA,ACC,False,10,28,fbs,fbs,Missouri State,Missouri State,Missouri State,SMU,0,0,0,higher_spi_home_field_adjusted,higher_spi,higher_spi_home_field_adjusted,65.68338573821238,56.495500318607725,59.64,40.36,65.934,34.066,0.067059,2025_w2,spi_rankings_2025_w2.csv,136,,False,False,ACC vs Conference USA
2025,regular,3,401754639,2025-09-13 19:30:00+00:00,North Carolina,Richmond,ACC,Patriot,False,41,6,fbs,fcs,North Carolina,North Carolina,North Carolina,North Carolina,1,1,1,fbs_vs_fcs_rule,fbs_vs_fcs_rule,fbs_vs_fcs_rule,58.305996615445686,,100.0,0.0,100.0,0.0,0.067059,2025_w2,spi_rankings_2025_w2.csv,136,,False,False,ACC vs Patriot
2025,regular,3,401762467,2025-09-13 19:30:00+00:00,UTSA,Incarnate Word,American Athletic,Southland,False,48,20,fbs,fcs,UTSA,UTSA,UTSA,UTSA,1,1,1,fbs_vs_fcs_rule,fbs_vs_fcs_rule,fbs_vs_fcs_rule,40.71142757158229,,100.0,0.0,100.0,0.0,0.067059,2025_w2,spi_rankings_2025_w2.csv,136,,False,False,American Athletic vs Southland
2025,regular,3,401752835,2025-09-13 19:30:00+00:00,Penn State,Villanova,Big Ten,CAA,False,52,6,fbs,fcs,Penn State,Penn State,Penn State,Penn State,1,1,1,fbs_vs_fcs_rule,fbs_vs_fcs_rule,fbs_vs_fcs_rule,78.88032362189097,,100.0,0.0,100.0,0.0,0.067059,2025_w2,spi_rankings_2025_w2.csv,136,,False,False,Big Ten vs CAA
2025,regular,3,401752705,2025-09-13 19:30:00+00:00,Tennessee,Georgia,SEC,SEC,True,41,44,fbs,fbs,Tennessee,Georgia,Tennessee,Georgia,0,1,0,higher_spi_home_field_adjusted,higher_spi,higher_spi_home_field_adjusted,81.58375942381466,82.61841239331864,48.901,51.099,55.623,44.377,0.067059,2025_w2,spi_rankings_2025_w2.csv,136,,False,False,SEC vs SEC
2025,regular,3,401754638,2025-09-13 19:30:00+00:00,West Virginia,Pittsburgh,Big 12,ACC,False,31,24,fbs,fbs,Pittsburgh,Pittsburgh,Pittsburgh,West Virginia,0,0,0,higher_spi_home_field_adjusted,higher_spi,higher_spi_home_field_adjusted,57.335191007949525,80.19730698116558,27.455,72.545,33.142,66.858,0.067059,2025_w2,spi_rankings_2025_w2.csv,136,,False,False,ACC vs Big 12
2025,regular,3,401752834,2025-09-13 19:30:00+00:00,Michigan State,Youngstown State,Big Ten,MVFC,False,41,24,fbs,fcs,Michigan State,Michigan State,Michigan State,Michigan State,1,1,1,fbs_vs_fcs_rule,fbs_vs_fcs_rule,fbs_vs_fcs_rule,83.20856517141219,,100.0,0.0,100.0,0.0,0.067059,2025_w2,spi_rankings_2025_w2.csv,136,,False,False,Big Ten vs MVFC
2025,regular,3,401752938,2025-09-13 19:30:00+00:00,Texas Tech,Oregon State,Big 12,Pac-12,False,45,14,fbs,fbs,Texas Tech,Texas Tech,Texas Tech,Texas Tech,1,1,1,higher_spi_home_field_adjusted,higher_spi,higher_spi_home_field_adjusted,82.81321229721401,40.4492614875448,85.821,14.179,88.799,11.201,0.067059,2025_w2,spi_rankings_2025_w2.csv,136,,False,False,Big 12 vs Pac-12
2025,regular,3,401752832,2025-09-13 19:30:00+00:00,Purdue,USC,Big Ten,Big Ten,True,17,33,fbs,fbs,USC,USC,USC,USC,1,1,1,higher_spi_home_field_adjusted,higher_spi,higher_spi_home_field_adjusted,75.06289630101641,82.06781121708156,42.612,57.388,49.304,50.696,0.067059,2025_w2,spi_rankings_2025_w2.csv,136,,False,False,Big Ten vs Big Ten
2025,regular,3,401756890,2025-09-13 20:00:00+00:00,Arkansas State,Iowa State,Sun Belt,Big 12,False,16,24,fbs,fbs,Iowa State,Iowa State,Iowa State,Iowa State,1,1,1,higher_spi_home_field_adjusted,higher_spi,higher_spi_home_field_adjusted,63.58999362784527,78.63065093475679,34.542,65.458,40.869,59.131,0.067059,2025_w2,spi_rankings_2025_w2.csv,136,,False,False,Big 12 vs Sun Belt
2025,regular,3,401752706,2025-09-13 20:15:00+00:00,Texas,UTEP,SEC,Conference USA,False,27,10,fbs,fbs,Texas,Texas,Texas,Texas,1,1,1,higher_spi_home_field_adjusted,higher_spi,higher_spi_home_field_adjusted,66.74122087698954,53.789379393914075,63.424,36.576,69.43,30.57,0.067059,2025_w2,spi_rankings_2025_w2.csv,136,,False,False,Conference USA vs SEC
2025,regular,3,401754535,2025-09-13 20:30:00+00:00,Miami,South Florida,ACC,American Athletic,False,49,12,fbs,fbs,Miami,South Florida,Miami,Miami,1,0,1,higher_spi_home_field_adjusted,higher_spi,higher_spi_home_field_adjusted,79.98104545122169,86.3202321135706,43.305,56.695,50.011,49.989,0.067059,2025_w2,spi_rankings_2025_w2.csv,136,,False,False,ACC vs American Athletic
2025,regular,3,401757258,2025-09-13 21:00:00+00:00,Nevada,Middle Tennessee,Mountain West,Conference USA,False,13,14,fbs,fbs,Nevada,Nevada,Nevada,Middle Tennessee,0,0,0,higher_spi_home_field_adjusted,higher_spi,higher_spi_home_field_adjusted,56.81234874837649,34.366242204556606,72.191,27.809,77.274,22.726,0.067059,2025_w2,spi_rankings_2025_w2.csv,136,,False,False,Conference USA vs Mountain West
2025,regular,3,401757256,2025-09-13 21:00:00+00:00,Bowling Green,Liberty,Mid-American,Conference USA,False,23,13,fbs,fbs,Bowling Green,Bowling Green,Bowling Green,Bowling Green,1,1,1,higher_spi_home_field_adjusted,higher_spi,higher_spi_home_field_adjusted,54.89141743881165,53.548000083569235,51.427,48.573,58.102,41.898,0.067059,2025_w2,spi_rankings_2025_w2.csv,136,,False,False,Conference USA vs Mid-American
2025,regular,3,401752701,2025-09-13 22:00:00+00:00,Mississippi State,Alcorn State,SEC,SWAC,False,63,0,fbs,fcs,Mississippi State,Mississippi State,Mississippi State,Mississippi State,1,1,1,fbs_vs_fcs_rule,fbs_vs_fcs_rule,fbs_vs_fcs_rule,89.01724137931035,,100.0,0.0,100.0,0.0,0.067059,2025_w2,spi_rankings_2025_w2.csv,136,,False,False,SEC vs SWAC
2025,regular,3,401761606,2025-09-13 22:00:00+00:00,Marshall,Eastern Kentucky,Sun Belt,UAC,False,38,7,fbs,fcs,Marshall,Marshall,Marshall,Marshall,1,1,1,fbs_vs_fcs_rule,fbs_vs_fcs_rule,fbs_vs_fcs_rule,46.27298415318242,,100.0,0.0,100.0,0.0,0.067059,2025_w2,spi_rankings_2025_w2.csv,136,,False,False,Sun Belt vs UAC
2025,regular,3,401757233,2025-09-13 22:00:00+00:00,Florida International,Florida Atlantic,Conference USA,American Athletic,False,38,28,fbs,fbs,Florida International,Florida International,Florida International,Florida International,1,1,1,higher_spi_home_field_adjusted,higher_spi,higher_spi_home_field_adjusted,60.553728058721326,58.20566042334784,52.493,47.507,59.138,40.862,0.067059,2025_w2,spi_rankings_2025_w2.csv,136,,False,False,American Athletic vs Conference USA
2025,regular,3,401762464,2025-09-13 22:00:00+00:00,Charlotte,Monmouth,American Athletic,CAA,False,42,35,fbs,fcs,Charlotte,Charlotte,Charlotte,Charlotte,1,1,1,fbs_vs_fcs_rule,fbs_vs_fcs_rule,fbs_vs_fcs_rule,35.85621666063452,,100.0,0.0,100.0,0.0,0.067059,2025_w2,spi_rankings_2025_w2.csv,136,,False,False,American Athletic vs CAA
2025,regular,3,401757235,2025-09-13 22:00:00+00:00,Kennesaw State,Merrimack,Conference USA,FCS Independents,False,27,13,fbs,fcs,Kennesaw State,Kennesaw State,Kennesaw State,Kennesaw State,1,1,1,fbs_vs_fcs_rule,fbs_vs_fcs_rule,fbs_vs_fcs_rule,41.99490432448298,,100.0,0.0,100.0,0.0,0.067059,2025_w2,spi_rankings_2025_w2.csv,136,,False,False,Conference USA vs FCS Independents
2025,regular,3,401762466,2025-09-13 23:00:00+00:00,Rice,Prairie View A&M,American Athletic,SWAC,False,38,17,fbs,fcs,Rice,Rice,Rice,Rice,1,1,1,fbs_vs_fcs_rule,fbs_vs_fcs_rule,fbs_vs_fcs_rule,59.83885760845721,,100.0,0.0,100.0,0.0,0.067059,2025_w2,spi_rankings_2025_w2.csv,136,,False,False,American Athletic vs SWAC
2025,regular,3,401752827,2025-09-13 23:00:00+00:00,Ohio State,Ohio,Big Ten,Mid-American,False,37,9,fbs,fbs,Ohio State,Ohio State,Ohio State,Ohio State,1,1,1,higher_spi_home_field_adjusted,higher_spi,higher_spi_home_field_adjusted,82.60258124497277,63.07540818351804,69.633,30.367,75.022,24.978,0.067059,2025_w2,spi_rankings_2025_w2.csv,136,,False,False,Big Ten vs Mid-American
2025,regular,3,401754536,2025-09-13 23:00:00+00:00,Virginia Tech,Old Dominion,ACC,Sun Belt,False,26,45,fbs,fbs,Old Dominion,Old Dominion,Old Dominion,Old Dominion,1,1,1,higher_spi_home_field_adjusted,higher_spi,higher_spi_home_field_adjusted,47.23800781372415,63.97964218436072,32.926,67.074,39.135,60.865,0.067059,2025_w2,spi_rankings_2025_w2.csv,136,,False,False,ACC vs Sun Belt
2025,regular,3,401761605,2025-09-13 23:00:00+00:00,Georgia State,Murray State,Sun Belt,MVFC,False,37,21,fbs,fcs,Georgia State,Georgia State,Georgia State,Georgia State,1,1,1,fbs_vs_fcs_rule,fbs_vs_fcs_rule,fbs_vs_fcs_rule,47.81305821642345,,100.0,0.0,100.0,0.0,0.067059,2025_w2,spi_rankings_2025_w2.csv,136,,False,False,MVFC vs Sun Belt
2025,regular,3,401752700,2025-09-13 23:00:00+00:00,Ole Miss,Arkansas,SEC,SEC,True,41,35,fbs,fbs,Ole Miss,Arkansas,Ole Miss,Ole Miss,1,0,1,higher_spi_home_field_adjusted,higher_spi,higher_spi_home_field_adjusted,77.97404391563686,81.62377649406135,46.13,53.87,52.866,47.134,0.067059,2025_w2,spi_rankings_2025_w2.csv,136,,False,False,SEC vs SEC
2025,regular,3,401752829,2025-09-13 23:00:00+00:00,Illinois,Western Michigan,Big Ten,Mid-American,False,38,0,fbs,fbs,Illinois,Illinois,Illinois,Illinois,1,1,1,higher_spi_home_field_adjusted,higher_spi,higher_spi_home_field_adjusted,82.4828228338207,40.72250484875707,85.506,14.494,88.541,11.459,0.067059,2025_w2,spi_rankings_2025_w2.csv,136,,False,False,Big Ten vs Mid-American
2025,regular,3,401761607,2025-09-13 23:00:00+00:00,Southern Miss,App State,Sun Belt,Sun Belt,True,38,22,fbs,fbs,App State,App State,App State,Southern Miss,0,0,0,higher_spi_home_field_adjusted,higher_spi,higher_spi_home_field_adjusted,52.961370117728165,73.79929801836434,29.202,70.798,35.075,64.925,0.067059,2025_w2,spi_rankings_2025_w2.csv,136,,False,False,Sun Belt vs Sun Belt
2025,regular,3,401757234,2025-09-13 23:00:00+00:00,Georgia Southern,Jacksonville State,Sun Belt,Conference USA,False,41,34,fbs,fbs,Jacksonville State,Jacksonville State,Jacksonville State,Georgia Southern,0,0,0,higher_spi_home_field_adjusted,higher_spi,higher_spi_home_field_adjusted,42.80178246229808,60.50811143958465,32.027,67.973,38.162,61.838,0.067059,2025_w2,spi_rankings_2025_w2.csv,136,,False,False,Conference USA vs Sun Belt
2025,regular,3,401757257,2025-09-13 23:30:00+00:00,Louisiana Tech,New Mexico State,Conference USA,Conference USA,True,49,14,fbs,fbs,New Mexico State,New Mexico State,New Mexico State,Louisiana Tech,0,0,0,higher_spi_home_field_adjusted,higher_spi,higher_spi_home_field_adjusted,54.94335311138734,75.78997482476574,29.194,70.806,35.066,64.934,0.067059,2025_w2,spi_rankings_2025_w2.csv,136,,False,False,Conference USA vs Conference USA
2025,regular,3,401761604,2025-09-13 23:30:00+00:00,Coastal Carolina,East Carolina,Sun Belt,American Athletic,False,0,38,fbs,fbs,East Carolina,East Carolina,East Carolina,East Carolina,1,1,1,higher_spi_home_field_adjusted,higher_spi,higher_spi_home_field_adjusted,47.96543305765725,68.57207386292063,29.405,70.595,35.299,64.701,0.067059,2025_w2,spi_rankings_2025_w2.csv,136,,False,False,American Athletic vs Sun Belt
2025,regular,3,401752698,2025-09-13 23:30:00+00:00,Kentucky,Eastern Michigan,SEC,Mid-American,False,48,23,fbs,fbs,Kentucky,Kentucky,Kentucky,Kentucky,1,1,1,higher_spi_home_field_adjusted,higher_spi,higher_spi_home_field_adjusted,70.79801052972454,34.422202258458775,82.433,17.567,86.007,13.993,0.067059,2025_w2,spi_rankings_2025_w2.csv,136,,False,False,Mid-American vs SEC
2025,regular,3,401752699,2025-09-13 23:30:00+00:00,LSU,Florida,SEC,SEC,True,20,10,fbs,fbs,LSU,LSU,LSU,LSU,1,1,1,higher_spi_home_field_adjusted,higher_spi,higher_spi_home_field_adjusted,85.87176822070637,62.633930157005715,72.862,27.138,77.859,22.141,0.067059,2025_w2,spi_rankings_2025_w2.csv,136,,False,False,SEC vs SEC
2025,regular,3,401752830,2025-09-13 23:30:00+00:00,Iowa,Massachusetts,Big Ten,Mid-American,False,47,7,fbs,fbs,Iowa,Iowa,Iowa,Iowa,1,1,1,higher_spi_home_field_adjusted,higher_spi,higher_spi_home_field_adjusted,67.41891955415808,36.89563768554983,78.537,21.463,82.737,17.263,0.067059,2025_w2,spi_rankings_2025_w2.csv,136,,False,False,Big Ten vs Mid-American
2025,regular,3,401752707,2025-09-13 23:30:00+00:00,Notre Dame,Texas A&M,FBS Independents,SEC,False,40,41,fbs,fbs,Texas A&M,Texas A&M,Texas A&M,Texas A&M,1,1,1,higher_spi_home_field_adjusted,higher_spi,higher_spi_home_field_adjusted,56.847595510119554,77.36911489726207,29.48,70.52,35.382,64.618,0.067059,2025_w2,spi_rankings_2025_w2.csv,136,,False,False,FBS Independents vs SEC
2025,regular,3,401752704,2025-09-13 23:45:00+00:00,South Carolina,Vanderbilt,SEC,SEC,True,7,31,fbs,fbs,South Carolina,Vanderbilt,South Carolina,Vanderbilt,0,1,0,higher_spi_home_field_adjusted,higher_spi,higher_spi_home_field_adjusted,75.26587953862405,78.28312091793438,46.799,53.201,53.535,46.465,0.067059,2025_w2,spi_rankings_2025_w2.csv,136,,False,False,SEC vs SEC
2025,regular,3,401754534,2025-09-14 00:00:00+00:00,Tulane,Duke,American Athletic,ACC,False,34,27,fbs,fbs,Tulane,Tulane,Tulane,Tulane,1,1,1,higher_spi_home_field_adjusted,higher_spi,higher_spi_home_field_adjusted,77.95344148586113,62.75362394537356,65.611,34.389,71.42,28.58,0.067059,2025_w2,spi_rankings_2025_w2.csv,136,,False,False,ACC vs American Athletic
2025,regular,3,401756894,2025-09-14 00:00:00+00:00,TCU,Abilene Christian,Big 12,UAC,False,42,21,fbs,fcs,TCU,TCU,TCU,TCU,1,1,1,fbs_vs_fcs_rule,fbs_vs_fcs_rule,fbs_vs_fcs_rule,80.08124773794651,,100.0,0.0,100.0,0.0,0.067059,2025_w2,spi_rankings_2025_w2.csv,136,,False,False,Big 12 vs UAC
2025,regular,3,401756895,2025-09-14 00:00:00+00:00,Wyoming,Utah,Mountain West,Big 12,False,6,31,fbs,fbs,Utah,Utah,Utah,Utah,1,1,1,higher_spi_home_field_adjusted,higher_spi,higher_spi_home_field_adjusted,73.11877278567623,80.17976962745527,42.553,57.447,49.244,50.756,0.067059,2025_w2,spi_rankings_2025_w2.csv,136,,False,False,Big 12 vs Mountain West
2025,regular,3,401762465,2025-09-14 00:00:00+00:00,Tulsa,Navy,American Athletic,American Athletic,True,23,42,fbs,fbs,Navy,Navy,Navy,Navy,1,1,1,higher_spi_home_field_adjusted,higher_spi,higher_spi_home_field_adjusted,54.479222597123126,76.59042192021226,28.096,71.904,33.853,66.147,0.067059,2025_w2,spi_rankings_2025_w2.csv,136,,False,False,American Athletic vs American Athletic
2025,regular,3,401762463,2025-09-14 00:30:00+00:00,UAB,Akron,American Athletic,Mid-American,False,31,28,fbs,fbs,UAB,UAB,UAB,UAB,1,1,1,higher_spi_home_field_adjusted,higher_spi,higher_spi_home_field_adjusted,59.299000302938495,26.05119660708876,80.424,19.576,84.329,15.671,0.067059,2025_w2,spi_rankings_2025_w2.csv,136,,False,False,American Athletic vs Mid-American
2025,regular,3,401760368,2025-09-14 01:45:00+00:00,Utah State,Air Force,Mountain West,Mountain West,True,49,30,fbs,fbs,Air Force,Air Force,Air Force,Utah State,0,0,0,higher_spi_home_field_adjusted,higher_spi,higher_spi_home_field_adjusted,56.28578330495462,77.45051133930157,28.915,71.085,34.759,65.241,0.067059,2025_w2,spi_rankings_2025_w2.csv,136,,False,False,Mountain West vs Mountain West
2025,regular,3,401760369,2025-09-14 02:00:00+00:00,Fresno State,Southern,Mountain West,SWAC,False,56,7,fbs,fcs,Fresno State,Fresno State,Fresno State,Fresno State,1,1,1,fbs_vs_fcs_rule,fbs_vs_fcs_rule,fbs_vs_fcs_rule,62.27502463551622,,100.0,0.0,100.0,0.0,0.067059,2025_w2,spi_rankings_2025_w2.csv,136,,False,False,Mountain West vs SWAC
2025,regular,3,401756889,2025-09-14 02:30:00+00:00,Arizona State,Texas State,Big 12,Sun Belt,False,34,15,fbs,fbs,Texas State,Texas State,Texas State,Arizona State,0,0,0,higher_spi_home_field_adjusted,higher_spi,higher_spi_home_field_adjusted,54.651025290141966,76.27636348441956,28.515,71.485,34.317,65.683,0.067059,2025_w2,spi_rankings_2025_w2.csv,136,,False,False,Big 12 vs Sun Belt
2025,regular,3,401754533,2025-09-14 02:30:00+00:00,Stanford,Boston College,ACC,ACC,True,30,20,fbs,fbs,Boston College,Boston College,Boston College,Stanford,0,0,0,higher_spi_home_field_adjusted,higher_spi,higher_spi_home_field_adjusted,43.27601614975608,60.759264869231544,32.234,67.766,38.386,61.614,0.067059,2025_w2,spi_rankings_2025_w2.csv,136,,False,False,ACC vs ACC
2025,regular,3,401752840,2025-09-14 02:30:00+00:00,California,Minnesota,ACC,Big Ten,False,27,14,fbs,fbs,California,Minnesota,California,California,1,0,1,higher_spi_home_field_adjusted,higher_spi,higher_spi_home_field_adjusted,79.05113915323466,81.60342738355148,47.291,52.709,54.026,45.974,0.067059,2025_w2,spi_rankings_2025_w2.csv,136,,False,False,ACC vs Big Ten
2025,regular,3,401760370,2025-09-14 03:59:00+00:00,Hawai'i,Portland State,Mountain West,Big Sky,False,23,3,fbs,fcs,Hawai'i,Hawai'i,Hawai'i,Hawai'i,1,1,1,fbs_vs_fcs_rule,fbs_vs_fcs_rule,fbs_vs_fcs_rule,62.147289816698645,,100.0,0.0,100.0,0.0,0.067059,2025_w2,spi_rankings_2025_w2.csv,136,,False,False,Big Sky vs Mountain West
2025,regular,4,401762468,2025-09-18 23:30:00+00:00,Charlotte,Rice,American Athletic,American Athletic,True,17,28,fbs,fbs,Rice,Rice,Rice,Rice,1,1,1,higher_spi_home_field_adjusted,higher_spi,higher_spi_home_field_adjusted,23.354602624627145,55.96281539054711,20.007,79.993,24.676,75.324,0.067059,2025_w3,spi_rankings_2025_w3.csv,136,,False,False,American Athletic vs American Athletic
2025,regular,4,401756900,2025-09-19 23:30:00+00:00,Oklahoma State,Tulsa,Big 12,American Athletic,False,12,19,fbs,fbs,Oklahoma State,Oklahoma State,Oklahoma State,Tulsa,0,0,0,higher_spi_home_field_adjusted,higher_spi,higher_spi_home_field_adjusted,45.14280152777483,32.71593669791509,62.905,37.095,68.955,31.045,0.067059,2025_w3,spi_rankings_2025_w3.csv,136,,False,False,American Athletic vs Big 12
2025,regular,4,401752844,2025-09-20 00:00:00+00:00,Rutgers,Iowa,Big Ten,Big Ten,True,28,38,fbs,fbs,Rutgers,Rutgers,Rutgers,Iowa,0,0,0,higher_spi_home_field_adjusted,higher_spi,higher_spi_home_field_adjusted,73.26964277470063,62.60243213043732,61.144,38.856,67.332,32.668,0.067059,2025_w3,spi_rankings_2025_w3.csv,136,,False,False,Big Ten vs Big Ten
2025,regular,4,401760376,2025-09-20 16:00:00+00:00,Miami (OH),UNLV,Mid-American,Mountain West,False,38,41,fbs,fbs,UNLV,UNLV,UNLV,UNLV,1,1,1,higher_spi_home_field_adjusted,higher_spi,higher_spi_home_field_adjusted,25.0623554401503,64.88868293681148,15.543,84.457,19.423,80.577,0.067059,2025_w3,spi_rankings_2025_w3.csv,136,,False,False,Mid-American vs Mountain West
2025,regular,4,401762469,2025-09-20 16:00:00+00:00,Army,North Texas,American Athletic,American Athletic,True,38,45,fbs,fbs,North Texas,North Texas,North Texas,North Texas,1,1,1,higher_spi_home_field_adjusted,higher_spi,higher_spi_home_field_adjusted,41.353531731523894,81.17499160871795,15.546,84.454,19.426,80.574,0.067059,2025_w3,spi_rankings_2025_w3.csv,136,,False,False,American Athletic vs American Athletic
2025,regular,4,401754636,2025-09-20 16:00:00+00:00,TCU,SMU,Big 12,ACC,False,35,24,fbs,fbs,TCU,TCU,TCU,TCU,1,1,1,higher_spi_home_field_adjusted,higher_spi,higher_spi_home_field_adjusted,74.53129120636946,51.287400474403775,72.867,27.133,77.863,22.137,0.067059,2025_w3,spi_rankings_2025_w3.csv,136,,False,False,ACC vs Big 12
2025,regular,4,401754642,2025-09-20 16:00:00+00:00,Louisville,Bowling Green,ACC,Mid-American,False,40,17,fbs,fbs,Louisville,Louisville,Louisville,Louisville,1,1,1,higher_spi_home_field_adjusted,higher_spi,higher_spi_home_field_adjusted,74.59925233364986,49.25076847298631,74.598,25.402,79.367,20.633,0.067059,2025_w3,spi_rankings_2025_w3.csv,136,,False,False,ACC vs Mid-American
2025,regular,4,401754537,2025-09-20 16:00:00+00:00,Clemson,Syracuse,ACC,ACC,True,21,34,fbs,fbs,Syracuse,Syracuse,Syracuse,Syracuse,1,1,1,higher_spi_home_field_adjusted,higher_spi,higher_spi_home_field_adjusted,52.70983310908872,60.12458090381282,42.186,57.814,48.869,51.131,0.067059,2025_w3,spi_rankings_2025_w3.csv,136,,False,False,ACC vs ACC
2025,regular,4,401752845,2025-09-20 16:00:00+00:00,Wisconsin,Maryland,Big Ten,Big Ten,True,10,27,fbs,fbs,Maryland,Maryland,Maryland,Maryland,1,1,1,higher_spi_home_field_adjusted,higher_spi,higher_spi_home_field_adjusted,56.75356426723831,74.56739041734306,31.928,68.072,38.055,61.945,0.067059,2025_w3,spi_rankings_2025_w3.csv,136,,False,False,Big Ten vs Big Ten
2025,regular,4,401762470,2025-09-20 16:00:00+00:00,South Florida,South Carolina State,American Athletic,MEAC,False,63,14,fbs,fcs,South Florida,South Florida,South Florida,South Florida,1,1,1,fbs_vs_fcs_rule,fbs_vs_fcs_rule,fbs_vs_fcs_rule,55.70074393587203,,100.0,0.0,100.0,0.0,0.067059,2025_w3,spi_rankings_2025_w3.csv,136,,False,False,American Athletic vs MEAC
2025,regular,4,401754617,2025-09-20 16:00:00+00:00,Virginia Tech,Wofford,ACC,Southern,False,38,6,fbs,fcs,Virginia Tech,Virginia Tech,Virginia Tech,Virginia Tech,1,1,1,fbs_vs_fcs_rule,fbs_vs_fcs_rule,fbs_vs_fcs_rule,20.42622643734239,,100.0,0.0,100.0,0.0,0.067059,2025_w3,spi_rankings_2025_w3.csv,136,,False,False,ACC vs Southern
2025,regular,4,401756901,2025-09-20 16:00:00+00:00,Utah,Texas Tech,Big 12,Big 12,True,10,34,fbs,fbs,Utah,Texas Tech,Utah,Texas Tech,0,1,0,higher_spi_home_field_adjusted,higher_spi,higher_spi_home_field_adjusted,79.63716595522736,82.27186006960085,47.204,52.796,53.939,46.061,0.067059,2025_w3,spi_rankings_2025_w3.csv,136,,False,False,Big 12 vs Big 12
2025,regular,4,401752708,2025-09-20 16:00:00+00:00,Memphis,Arkansas,American Athletic,SEC,False,32,31,fbs,fbs,Memphis,Memphis,Memphis,Memphis,1,1,1,higher_spi_home_field_adjusted,higher_spi,higher_spi_home_field_adjusted,76.07919373816954,72.1965561117856,54.116,45.884,60.704,39.296,0.067059,2025_w3,spi_rankings_2025_w3.csv,136,,False,False,American Athletic vs SEC
2025,regular,4,401752715,2025-09-20 16:45:00+00:00,Tennessee,UAB,SEC,American Athletic,False,56,24,fbs,fbs,Tennessee,Tennessee,Tennessee,Tennessee,1,1,1,higher_spi_home_field_adjusted,higher_spi,higher_spi_home_field_adjusted,73.46933216698244,49.602583890984455,73.387,26.613,78.316,21.684,0.067059,2025_w3,spi_rankings_2025_w3.csv,136,,False,False,American Athletic vs SEC
2025,regular,4,401762822,2025-09-20 17:00:00+00:00,Central Michigan,Wagner,Mid-American,NEC,False,49,10,fbs,fcs,Central Michigan,Central Michigan,Central Michigan,Central Michigan,1,1,1,fbs_vs_fcs_rule,fbs_vs_fcs_rule,fbs_vs_fcs_rule,25.79071358425193,,100.0,0.0,100.0,0.0,0.067059,2025_w3,spi_rankings_2025_w3.csv,136,,False,False,Mid-American vs NEC
2025,regular,4,401752841,2025-09-20 19:00:00+00:00,Oregon,Oregon State,Big Ten,Pac-12,False,41,7,fbs,fbs,Oregon,Oregon,Oregon,Oregon,1,1,1,higher_spi_home_field_adjusted,higher_spi,higher_spi_home_field_adjusted,81.32243771630687,17.386651312559458,93.804,6.196,95.199,4.801,0.067059,2025_w3,spi_rankings_2025_w3.csv,136,,False,False,Big Ten vs Pac-12
2025,regular,4,401762823,2025-09-20 19:30:00+00:00,Ohio,Gardner-Webb,Mid-American,Big South-OVC,False,52,35,fbs,fcs,Ohio,Ohio,Ohio,Ohio,1,1,1,fbs_vs_fcs_rule,fbs_vs_fcs_rule,fbs_vs_fcs_rule,42.10934292830164,,100.0,0.0,100.0,0.0,0.067059,2025_w3,spi_rankings_2025_w3.csv,136,,False,False,Big South-OVC vs Mid-American
2025,regular,4,401757262,2025-09-20 19:30:00+00:00,Liberty,James Madison,Conference USA,Sun Belt,False,13,31,fbs,fbs,James Madison,James Madison,James Madison,James Madison,1,1,1,higher_spi_home_field_adjusted,higher_spi,higher_spi_home_field_adjusted,27.88149138973356,52.60813340380567,25.906,74.094,31.41,68.59,0.067059,2025_w3,spi_rankings_2025_w3.csv,136,,False,False,Conference USA vs Sun Belt
2025,regular,4,401752848,2025-09-20 19:30:00+00:00,Notre Dame,Purdue,FBS Independents,Big Ten,False,56,30,fbs,fbs,Purdue,Purdue,Purdue,Notre Dame,0,0,0,higher_spi_home_field_adjusted,higher_spi,higher_spi_home_field_adjusted,38.727822509466385,61.38369849447714,27.63,72.37,33.336,66.664,0.067059,2025_w3,spi_rankings_2025_w3.csv,136,,False,False,Big Ten vs FBS Independents
2025,regular,4,401761613,2025-09-20 19:30:00+00:00,Buffalo,Troy,Mid-American,Sun Belt,False,17,21,fbs,fbs,Buffalo,Buffalo,Buffalo,Troy,0,0,0,higher_spi_home_field_adjusted,higher_spi,higher_spi_home_field_adjusted,51.2013154868337,40.29165476082038,61.388,38.612,67.558,32.442,0.067059,2025_w3,spi_rankings_2025_w3.csv,136,,False,False,Mid-American vs Sun Belt
2025,regular,4,401754640,2025-09-20 19:30:00+00:00,UCF,North Carolina,Big 12,ACC,False,34,9,fbs,fbs,UCF,UCF,UCF,UCF,1,1,1,higher_spi_home_field_adjusted,higher_spi,higher_spi_home_field_adjusted,74.75641574341768,52.17173242229174,72.309,27.691,77.377,22.623,0.067059,2025_w3,spi_rankings_2025_w3.csv,136,,False,False,ACC vs Big 12
2025,regular,4,401754541,2025-09-20 19:30:00+00:00,Florida State,Kent State,ACC,Mid-American,False,66,10,fbs,fbs,Florida State,Florida State,Florida State,Florida State,1,1,1,higher_spi_home_field_adjusted,higher_spi,higher_spi_home_field_adjusted,88.43848067260025,28.873628696063392,92.632,7.368,94.275,5.725,0.067059,2025_w3,spi_rankings_2025_w3.csv,136,,False,False,ACC vs Mid-American
2025,regular,4,401762820,2025-09-20 19:30:00+00:00,Western Michigan,Toledo,Mid-American,Mid-American,True,14,13,fbs,fbs,Toledo,Toledo,Toledo,Western Michigan,0,0,0,higher_spi_home_field_adjusted,higher_spi,higher_spi_home_field_adjusted,20.099040004059425,55.67802962715256,18.063,81.937,22.405,77.595,0.067059,2025_w3,spi_rankings_2025_w3.csv,136,,False,False,Mid-American vs Mid-American
2025,regular,4,401752711,2025-09-20 19:30:00+00:00,Ole Miss,Tulane,SEC,American Athletic,False,45,10,fbs,fbs,Ole Miss,Ole Miss,Ole Miss,Ole Miss,1,1,1,higher_spi_home_field_adjusted,higher_spi,higher_spi_home_field_adjusted,77.68630751771528,71.2961547731391,56.748,43.252,63.215,36.785,0.067059,2025_w3,spi_rankings_2025_w3.csv,136,,False,False,American Athletic vs SEC
2025,regular,4,401761610,2025-09-20 19:30:00+00:00,Eastern Michigan,Louisiana,Mid-American,Sun Belt,False,34,31,fbs,fbs,Louisiana,Louisiana,Louisiana,Eastern Michigan,0,0,0,higher_spi_home_field_adjusted,higher_spi,higher_spi_home_field_adjusted,5.753426388180085,36.45239990666648,21.337,78.663,26.215,73.785,0.067059,2025_w3,spi_rankings_2025_w3.csv,136,,False,False,Mid-American vs Sun Belt
2025,regular,4,401752714,2025-09-20 19:30:00+00:00,Oklahoma,Auburn,SEC,SEC,True,24,17,fbs,fbs,Oklahoma,Oklahoma,Oklahoma,Oklahoma,1,1,1,higher_spi_home_field_adjusted,higher_spi,higher_spi_home_field_adjusted,82.86961049893918,77.91105428192463,55.249,44.751,61.789,38.211,0.067059,2025_w3,spi_rankings_2025_w3.csv,136,,False,False,SEC vs SEC
2025,regular,4,401752846,2025-09-20 19:30:00+00:00,Nebraska,Michigan,Big Ten,Big Ten,True,27,30,fbs,fbs,Nebraska,Nebraska,Nebraska,Michigan,0,0,0,higher_spi_home_field_adjusted,higher_spi,higher_spi_home_field_adjusted,83.23777227994564,63.40033231348582,69.912,30.088,75.268,24.732,0.067059,2025_w3,spi_rankings_2025_w3.csv,136,,False,False,Big Ten vs Big Ten
2025,regular,4,401757169,2025-09-20 19:30:00+00:00,UConn,Ball State,FBS Independents,Mid-American,False,31,25,fbs,fbs,UConn,UConn,UConn,UConn,1,1,1,higher_spi_home_field_adjusted,higher_spi,higher_spi_home_field_adjusted,35.26262088822592,23.658035396028996,62.086,37.914,68.202,31.798,0.067059,2025_w3,spi_rankings_2025_w3.csv,136,,False,False,FBS Independents vs Mid-American
2025,regular,4,401754538,2025-09-20 20:00:00+00:00,Duke,NC State,ACC,ACC,True,45,33,fbs,fbs,NC State,NC State,NC State,Duke,0,0,0,higher_spi_home_field_adjusted,higher_spi,higher_spi_home_field_adjusted,38.3233282632105,70.78245356316259,20.109,79.891,24.794,75.206,0.067059,2025_w3,spi_rankings_2025_w3.csv,136,,False,False,ACC vs ACC
2025,regular,4,401752712,2025-09-20 20:15:00+00:00,Mississippi State,Northern Illinois,SEC,Mid-American,False,38,10,fbs,fbs,Mississippi State,Mississippi State,Mississippi State,Mississippi State,1,1,1,higher_spi_home_field_adjusted,higher_spi,higher_spi_home_field_adjusted,91.38580931263856,46.07550656516439,87.277,12.723,89.985,10.015,0.067059,2025_w3,spi_rankings_2025_w3.csv,136,,False,False,Mid-American vs SEC
2025,regular,4,401754542,2025-09-20 20:30:00+00:00,Georgia Tech,Temple,ACC,American Athletic,False,45,24,fbs,fbs,Georgia Tech,Georgia Tech,Georgia Tech,Georgia Tech,1,1,1,higher_spi_home_field_adjusted,higher_spi,higher_spi_home_field_adjusted,80.2543509889235,57.30425306983667,72.619,27.381,77.647,22.353,0.067059,2025_w3,spi_rankings_2025_w3.csv,136,,False,False,ACC vs American Athletic
2025,regular,4,401760375,2025-09-20 21:00:00+00:00,San José State,Idaho,Mountain West,Big Sky,False,31,28,fbs,fcs,San José State,San José State,San José State,San José State,1,1,1,fbs_vs_fcs_rule,fbs_vs_fcs_rule,fbs_vs_fcs_rule,22.71710180715149,,100.0,0.0,100.0,0.0,0.067059,2025_w3,spi_rankings_2025_w3.csv,136,,False,False,Big Sky vs Mountain West
2025,regular,4,401756899,2025-09-20 22:00:00+00:00,Kansas,West Virginia,Big 12,Big 12,True,41,10,fbs,fbs,Kansas,Kansas,Kansas,Kansas,1,1,1,higher_spi_home_field_adjusted,higher_spi,higher_spi_home_field_adjusted,65.07551218014865,57.08798915229079,58.406,41.594,64.779,35.221,0.067059,2025_w3,spi_rankings_2025_w3.csv,136,,False,False,Big 12 vs Big 12
2025,regular,4,401757261,2025-09-20 22:00:00+00:00,Kennesaw State,Arkansas State,Conference USA,Sun Belt,False,28,21,fbs,fbs,Kennesaw State,Arkansas State,Kennesaw State,Kennesaw State,1,0,1,higher_spi_home_field_adjusted,higher_spi,higher_spi_home_field_adjusted,32.69187214756658,35.13854973690679,47.403,52.597,54.137,45.863,0.067059,2025_w3,spi_rankings_2025_w3.csv,136,,False,False,Conference USA vs Sun Belt
2025,regular,4,401762821,2025-09-20 22:00:00+00:00,Akron,Duquesne,Mid-American,NEC,False,51,7,fbs,fcs,Akron,Akron,Akron,Akron,1,1,1,fbs_vs_fcs_rule,fbs_vs_fcs_rule,fbs_vs_fcs_rule,9.884100485758529,,100.0,0.0,100.0,0.0,0.067059,2025_w3,spi_rankings_2025_w3.csv,136,,False,False,Mid-American vs NEC
2025,regular,4,401757259,2025-09-20 22:00:00+00:00,Florida International,Delaware,Conference USA,Conference USA,True,16,38,fbs,fbs,Florida International,Florida International,Florida International,Delaware,0,0,0,higher_spi_home_field_adjusted,higher_spi,higher_spi_home_field_adjusted,56.932217989494575,52.50614684805978,54.689,45.311,61.253,38.747,0.067059,2025_w3,spi_rankings_2025_w3.csv,136,,False,False,Conference USA vs Conference USA
2025,regular,4,401757268,2025-09-20 23:00:00+00:00,Western Kentucky,Nevada,Conference USA,Mountain West,False,31,16,fbs,fbs,Western Kentucky,Western Kentucky,Western Kentucky,Western Kentucky,1,1,1,higher_spi_home_field_adjusted,higher_spi,higher_spi_home_field_adjusted,49.97247721876104,30.203748022797665,69.85,30.15,75.214,24.786,0.067059,2025_w3,spi_rankings_2025_w3.csv,136,,False,False,Conference USA vs Mountain West
2025,regular,4,401752713,2025-09-20 23:00:00+00:00,Missouri,South Carolina,SEC,SEC,True,29,20,fbs,fbs,Missouri,Missouri,Missouri,Missouri,1,1,1,higher_spi_home_field_adjusted,higher_spi,higher_spi_home_field_adjusted,83.17712811023337,60.80665882452764,72.126,27.874,77.217,22.783,0.067059,2025_w3,spi_rankings_2025_w3.csv,136,,False,False,SEC vs SEC
2025,regular,4,401757265,2025-09-20 23:00:00+00:00,Missouri State,UT Martin,Conference USA,Big South-OVC,False,42,10,fbs,fcs,Missouri State,Missouri State,Missouri State,Missouri State,1,1,1,fbs_vs_fcs_rule,fbs_vs_fcs_rule,fbs_vs_fcs_rule,39.61354204046375,,100.0,0.0,100.0,0.0,0.067059,2025_w3,spi_rankings_2025_w3.csv,136,,False,False,Big South-OVC vs Conference USA
2025,regular,4,401761611,2025-09-20 23:00:00+00:00,South Alabama,Coastal Carolina,Sun Belt,Sun Belt,True,20,38,fbs,fbs,South Alabama,South Alabama,South Alabama,Coastal Carolina,0,0,0,higher_spi_home_field_adjusted,higher_spi,higher_spi_home_field_adjusted,37.15182418361248,22.75762740564459,64.834,35.166,70.716,29.284,0.067059,2025_w3,spi_rankings_2025_w3.csv,136,,False,False,Sun Belt vs Sun Belt
2025,regular,4,401761609,2025-09-20 23:00:00+00:00,Georgia Southern,Maine,Sun Belt,CAA,False,45,17,fbs,fcs,Georgia Southern,Georgia Southern,Georgia Southern,Georgia Southern,1,1,1,fbs_vs_fcs_rule,fbs_vs_fcs_rule,fbs_vs_fcs_rule,34.1639704344043,,100.0,0.0,100.0,0.0,0.067059,2025_w3,spi_rankings_2025_w3.csv,136,,False,False,CAA vs Sun Belt
2025,regular,4,401757264,2025-09-20 23:00:00+00:00,Middle Tennessee,Marshall,Conference USA,Sun Belt,False,28,42,fbs,fbs,Marshall,Marshall,Marshall,Marshall,1,1,1,higher_spi_home_field_adjusted,higher_spi,higher_spi_home_field_adjusted,20.24056984187788,39.759778495109344,30.374,69.626,36.362,63.638,0.067059,2025_w3,spi_rankings_2025_w3.csv,136,,False,False,Conference USA vs Sun Belt
2025,regular,4,401757260,2025-09-20 23:00:00+00:00,Jacksonville State,Murray State,Conference USA,MVFC,False,45,10,fbs,fcs,Jacksonville State,Jacksonville State,Jacksonville State,Jacksonville State,1,1,1,fbs_vs_fcs_rule,fbs_vs_fcs_rule,fbs_vs_fcs_rule,33.87421982912978,,100.0,0.0,100.0,0.0,0.067059,2025_w3,spi_rankings_2025_w3.csv,136,,False,False,Conference USA vs MVFC
2025,regular,4,401760372,2025-09-20 23:00:00+00:00,Air Force,Boise State,Mountain West,Mountain West,True,37,49,fbs,fbs,Air Force,Air Force,Air Force,Boise State,0,0,0,higher_spi_home_field_adjusted,higher_spi,higher_spi_home_field_adjusted,48.67205310028237,45.45117646398237,53.417,46.583,60.031,39.969,0.067059,2025_w3,spi_rankings_2025_w3.csv,136,,False,False,Mountain West vs Mountain West
2025,regular,4,401752842,2025-09-20 23:30:00+00:00,Washington State,Washington,Pac-12,Big Ten,False,24,59,fbs,fbs,Washington,Washington,Washington,Washington,1,1,1,higher_spi_home_field_adjusted,higher_spi,higher_spi_home_field_adjusted,47.89307073507631,76.85175942412721,22.605,77.395,27.67,72.33,0.067059,2025_w3,spi_rankings_2025_w3.csv,136,,False,False,Big Ten vs Pac-12
2025,regular,4,401756896,2025-09-20 23:30:00+00:00,Baylor,Arizona State,Big 12,Big 12,True,24,27,fbs,fbs,Baylor,Arizona State,Baylor,Arizona State,0,1,0,higher_spi_home_field_adjusted,higher_spi,higher_spi_home_field_adjusted,58.447761085575365,62.871548968277835,45.314,54.686,52.045,47.955,0.067059,2025_w3,spi_rankings_2025_w3.csv,136,,False,False,Big 12 vs Big 12
2025,regular,4,401756898,2025-09-20 23:30:00+00:00,East Carolina,BYU,American Athletic,Big 12,False,13,34,fbs,fbs,BYU,BYU,BYU,BYU,1,1,1,higher_spi_home_field_adjusted,higher_spi,higher_spi_home_field_adjusted,66.19182738672247,89.16200470058591,27.364,72.636,33.04,66.96,0.067059,2025_w3,spi_rankings_2025_w3.csv,136,,False,False,American Athletic vs Big 12
2025,regular,4,401754539,2025-09-20 23:30:00+00:00,Virginia,Stanford,ACC,ACC,True,48,20,fbs,fbs,Virginia,Virginia,Virginia,Virginia,1,1,1,higher_spi_home_field_adjusted,higher_spi,higher_spi_home_field_adjusted,64.9501422425983,34.68781898523802,78.349,21.651,82.578,17.422,0.067059,2025_w3,spi_rankings_2025_w3.csv,136,,False,False,ACC vs ACC
2025,regular,4,401752716,2025-09-20 23:30:00+00:00,Vanderbilt,Georgia State,SEC,Sun Belt,False,70,21,fbs,fbs,Vanderbilt,Vanderbilt,Vanderbilt,Vanderbilt,1,1,1,higher_spi_home_field_adjusted,higher_spi,higher_spi_home_field_adjusted,75.30564859527406,36.39423100918736,83.94,16.06,87.254,12.746,0.067059,2025_w3,spi_rankings_2025_w3.csv,136,,False,False,SEC vs Sun Belt
2025,regular,4,401757263,2025-09-20 23:30:00+00:00,Louisiana Tech,Southern Miss,Conference USA,Sun Belt,False,30,20,fbs,fbs,Louisiana Tech,Louisiana Tech,Louisiana Tech,Louisiana Tech,1,1,1,higher_spi_home_field_adjusted,higher_spi,higher_spi_home_field_adjusted,61.15012736655989,55.29487011917491,56.189,43.811,62.685,37.315,0.067059,2025_w3,spi_rankings_2025_w3.csv,136,,False,False,Conference USA vs Sun Belt
2025,regular,4,401752709,2025-09-20 23:30:00+00:00,Miami,Florida,ACC,SEC,False,26,7,fbs,fbs,Miami,Miami,Miami,Miami,1,1,1,higher_spi_home_field_adjusted,higher_spi,higher_spi_home_field_adjusted,78.12659793094069,46.62846163780357,79.227,20.773,83.321,16.679,0.067059,2025_w3,spi_rankings_2025_w3.csv,136,,False,False,ACC vs SEC
2025,regular,4,401752843,2025-09-20 23:30:00+00:00,Indiana,Illinois,Big Ten,Big Ten,True,63,10,fbs,fbs,Indiana,Indiana,Indiana,Indiana,1,1,1,higher_spi_home_field_adjusted,higher_spi,higher_spi_home_field_adjusted,85.38392766902038,80.19672629535302,55.489,44.511,62.018,37.982,0.067059,2025_w3,spi_rankings_2025_w3.csv,136,,False,False,Big Ten vs Big Ten
2025,regular,4,401752710,2025-09-20 23:45:00+00:00,LSU,SE Louisiana,SEC,Southland,False,56,10,fbs,fcs,LSU,LSU,LSU,LSU,1,1,1,fbs_vs_fcs_rule,fbs_vs_fcs_rule,fbs_vs_fcs_rule,79.37784648508224,,100.0,0.0,100.0,0.0,0.067059,2025_w3,spi_rankings_2025_w3.csv,136,,False,False,SEC vs Southland
2025,regular,4,401760377,2025-09-21 00:00:00+00:00,Utah State,McNeese,Mountain West,Southland,False,48,7,fbs,fcs,Utah State,Utah State,Utah State,Utah State,1,1,1,fbs_vs_fcs_rule,fbs_vs_fcs_rule,fbs_vs_fcs_rule,50.55993792946831,,100.0,0.0,100.0,0.0,0.067059,2025_w3,spi_rankings_2025_w3.csv,136,,False,False,Mountain West vs Southland
2025,regular,4,401761612,2025-09-21 00:00:00+00:00,Texas State,Nicholls,Sun Belt,Southland,False,35,3,fbs,fcs,Texas State,Texas State,Texas State,Texas State,1,1,1,fbs_vs_fcs_rule,fbs_vs_fcs_rule,fbs_vs_fcs_rule,62.83349575195245,,100.0,0.0,100.0,0.0,0.067059,2025_w3,spi_rankings_2025_w3.csv,136,,False,False,Southland vs Sun Belt
2025,regular,4,401752723,2025-09-21 00:00:00+00:00,Texas,Sam Houston,SEC,Conference USA,False,55,0,fbs,fbs,Texas,Texas,Texas,Texas,1,1,1,higher_spi_home_field_adjusted,higher_spi,higher_spi_home_field_adjusted,57.90580531144238,5.43237250554323,90.292,9.708,92.414,7.586,0.067059,2025_w3,spi_rankings_2025_w3.csv,136,,False,False,Conference USA vs SEC
2025,regular,4,401757267,2025-09-21 01:00:00+00:00,UTEP,UL Monroe,Conference USA,Sun Belt,False,25,31,fbs,fbs,UL Monroe,UL Monroe,UL Monroe,UL Monroe,1,1,1,higher_spi_home_field_adjusted,higher_spi,higher_spi_home_field_adjusted,33.53129636261319,40.80750492558899,42.33,57.67,49.016,50.984,0.067059,2025_w3,spi_rankings_2025_w3.csv,136,,False,False,Conference USA vs Sun Belt
2025,regular,4,401760373,2025-09-21 01:30:00+00:00,Colorado State,UTSA,Mountain West,American Athletic,False,16,17,fbs,fbs,Colorado State,Colorado State,Colorado State,UTSA,0,0,0,higher_spi_home_field_adjusted,higher_spi,higher_spi_home_field_adjusted,49.41173473483341,36.93593349737406,62.953,37.047,68.999,31.001,0.067059,2025_w3,spi_rankings_2025_w3.csv,136,,False,False,American Athletic vs Mountain West
2025,regular,4,401756897,2025-09-21 02:15:00+00:00,Colorado,Wyoming,Big 12,Mountain West,False,37,20,fbs,fbs,Colorado,Wyoming,Colorado,Colorado,1,0,1,higher_spi_home_field_adjusted,higher_spi,higher_spi_home_field_adjusted,47.712295123720125,51.23699195310365,46.262,53.738,52.998,47.002,0.067059,2025_w3,spi_rankings_2025_w3.csv,136,,False,False,Big 12 vs Mountain West
2025,regular,4,401754540,2025-09-21 02:30:00+00:00,San Diego State,California,Mountain West,ACC,False,34,0,fbs,fbs,California,California,California,San Diego State,0,0,0,higher_spi_home_field_adjusted,higher_spi,higher_spi_home_field_adjusted,51.0580564418219,76.36919727768925,25.432,74.568,30.877,69.123,0.067059,2025_w3,spi_rankings_2025_w3.csv,136,,False,False,ACC vs Mountain West
2025,regular,4,401752847,2025-09-21 03:00:00+00:00,USC,Michigan State,Big Ten,Big Ten,True,45,31,fbs,fbs,USC,USC,USC,USC,1,1,1,higher_spi_home_field_adjusted,higher_spi,higher_spi_home_field_adjusted,80.20034055919422,66.07661671728349,64.572,35.428,70.477,29.523,0.067059,2025_w3,spi_rankings_2025_w3.csv,136,,False,False,Big Ten vs Big Ten
2025,regular,4,401760374,2025-09-21 03:59:00+00:00,Hawai'i,Fresno State,Mountain West,Mountain West,True,21,23,fbs,fbs,Hawai'i,Hawai'i,Hawai'i,Fresno State,0,0,0,higher_spi_home_field_adjusted,higher_spi,higher_spi_home_field_adjusted,64.39983125871285,58.707644301976345,56.019,43.981,62.522,37.478,0.067059,2025_w3,spi_rankings_2025_w3.csv,136,,False,False,Mountain West vs Mountain West
2025,regular,5,401762471,2025-09-25 23:30:00+00:00,East Carolina,Army,American Athletic,American Athletic,True,28,6,fbs,fbs,East Carolina,East Carolina,East Carolina,East Carolina,1,1,1,higher_spi_home_field_adjusted,higher_spi,higher_spi_home_field_adjusted,59.508175811393535,35.576703820452174,73.44,26.56,78.363,21.637,0.067059,2025_w4,spi_rankings_2025_w4.csv,136,,False,False,American Athletic vs American Athletic
2025,regular,5,401754543,2025-09-26 23:00:00+00:00,Virginia,Florida State,ACC,ACC,True,46,38,fbs,fbs,Florida State,Florida State,Florida State,Virginia,0,0,0,higher_spi_home_field_adjusted,higher_spi,higher_spi_home_field_adjusted,78.24963575476434,88.8788920056101,38.895,61.105,45.465,54.535,0.067059,2025_w4,spi_rankings_2025_w4.csv,136,,False,False,ACC vs ACC
2025,regular,5,401756902,2025-09-27 01:00:00+00:00,Arizona State,TCU,Big 12,Big 12,True,27,24,fbs,fbs,TCU,TCU,TCU,Arizona State,0,0,0,higher_spi_home_field_adjusted,higher_spi,higher_spi_home_field_adjusted,64.33512051064855,74.69485907092484,39.167,60.833,45.75,54.25,0.067059,2025_w4,spi_rankings_2025_w4.csv,136,,False,False,Big 12 vs Big 12
2025,regular,5,401752939,2025-09-27 02:30:00+00:00,Oregon State,Houston,Pac-12,Big 12,False,24,27,fbs,fbs,Houston,Houston,Houston,Houston,1,1,1,higher_spi_home_field_adjusted,higher_spi,higher_spi_home_field_adjusted,21.600676171486462,77.40796129402561,8.535,91.465,10.891,89.109,0.067059,2025_w4,spi_rankings_2025_w4.csv,136,,False,False,Big 12 vs Pac-12
2025,regular,5,401752850,2025-09-27 16:00:00+00:00,Illinois,USC,Big Ten,Big Ten,True,34,32,fbs,fbs,USC,USC,USC,Illinois,0,0,0,higher_spi_home_field_adjusted,higher_spi,higher_spi_home_field_adjusted,72.98274961065945,81.11697517577845,41.442,58.558,48.105,51.895,0.067059,2025_w4,spi_rankings_2025_w4.csv,136,,False,False,Big Ten vs Big Ten
2025,regular,5,401762825,2025-09-27 16:00:00+00:00,Ohio,Bowling Green,Mid-American,Mid-American,True,35,20,fbs,fbs,Ohio,Ohio,Ohio,Ohio,1,1,1,higher_spi_home_field_adjusted,higher_spi,higher_spi_home_field_adjusted,41.56515706269084,38.72445873743386,53.015,46.985,59.643,40.357,0.067059,2025_w4,spi_rankings_2025_w4.csv,136,,False,False,Mid-American vs Mid-American
2025,regular,5,401754546,2025-09-27 16:00:00+00:00,Wake Forest,Georgia Tech,ACC,ACC,True,29,30,fbs,fbs,Georgia Tech,Georgia Tech,Georgia Tech,Georgia Tech,1,1,1,higher_spi_home_field_adjusted,higher_spi,higher_spi_home_field_adjusted,57.99345192666286,84.13413758626915,24.769,75.231,30.13,69.87,0.067059,2025_w4,spi_rankings_2025_w4.csv,136,,False,False,ACC vs ACC
2025,regular,5,401761617,2025-09-27 16:00:00+00:00,North Texas,South Alabama,American Athletic,Sun Belt,False,36,22,fbs,fbs,North Texas,North Texas,North Texas,North Texas,1,1,1,higher_spi_home_field_adjusted,higher_spi,higher_spi_home_field_adjusted,85.3863978263184,23.90055499238564,93.17,6.83,94.7,5.3,0.067059,2025_w4,spi_rankings_2025_w4.csv,136,,False,False,American Athletic vs Sun Belt
2025,regular,5,401756905,2025-09-27 16:00:00+00:00,Kansas,Cincinnati,Big 12,Big 12,True,34,37,fbs,fbs,Kansas,Kansas,Kansas,Cincinnati,0,0,0,higher_spi_home_field_adjusted,higher_spi,higher_spi_home_field_adjusted,71.49350927378853,63.361888671335585,58.555,41.445,64.918,35.082,0.067059,2025_w4,spi_rankings_2025_w4.csv,136,,False,False,Big 12 vs Big 12
2025,regular,5,401752717,2025-09-27 16:00:00+00:00,Arkansas,Notre Dame,SEC,FBS Independents,False,13,56,fbs,fbs,Arkansas,Arkansas,Arkansas,Notre Dame,0,0,0,higher_spi_home_field_adjusted,higher_spi,higher_spi_home_field_adjusted,60.0699292720296,45.9545640815216,64.563,35.437,70.47,29.53,0.067059,2025_w4,spi_rankings_2025_w4.csv,136,,False,False,FBS Independents vs SEC
2025,regular,5,401756906,2025-09-27 16:00:00+00:00,Kansas State,UCF,Big 12,Big 12,True,34,20,fbs,fbs,UCF,UCF,UCF,Kansas State,0,0,0,higher_spi_home_field_adjusted,higher_spi,higher_spi_home_field_adjusted,40.071308652604394,76.43281455445272,17.576,82.424,21.832,78.168,0.067059,2025_w4,spi_rankings_2025_w4.csv,136,,False,False,Big 12 vs Big 12
2025,regular,5,401754547,2025-09-27 16:00:00+00:00,Pittsburgh,Louisville,ACC,ACC,True,27,34,fbs,fbs,Louisville,Louisville,Louisville,Louisville,1,1,1,higher_spi_home_field_adjusted,higher_spi,higher_spi_home_field_adjusted,58.052704527114706,76.00119546316483,31.804,68.196,37.92,62.08,0.067059,2025_w4,spi_rankings_2025_w4.csv,136,,False,False,ACC vs ACC
2025,regular,5,401752849,2025-09-27 16:00:00+00:00,Minnesota,Rutgers,Big Ten,Big Ten,True,31,28,fbs,fbs,Minnesota,Rutgers,Minnesota,Minnesota,1,0,1,higher_spi_home_field_adjusted,higher_spi,higher_spi_home_field_adjusted,59.625541357864854,65.47512038721403,43.817,56.183,50.531,49.469,0.067059,2025_w4,spi_rankings_2025_w4.csv,136,,False,False,Big Ten vs Big Ten
2025,regular,5,401754545,2025-09-27 16:00:00+00:00,Syracuse,Duke,ACC,ACC,True,3,38,fbs,fbs,Syracuse,Syracuse,Syracuse,Duke,0,0,0,higher_spi_home_field_adjusted,higher_spi,higher_spi_home_field_adjusted,74.03520244030014,45.8470869956396,76.817,23.183,81.273,18.727,0.067059,2025_w4,spi_rankings_2025_w4.csv,136,,False,False,ACC vs ACC
2025,regular,5,401752725,2025-09-27 16:45:00+00:00,Vanderbilt,Utah State,SEC,Mountain West,False,55,35,fbs,fbs,Vanderbilt,Vanderbilt,Vanderbilt,Vanderbilt,1,1,1,higher_spi_home_field_adjusted,higher_spi,higher_spi_home_field_adjusted,78.54821614452511,57.17344669249533,71.268,28.732,76.464,23.536,0.067059,2025_w4,spi_rankings_2025_w4.csv,136,,False,False,Mountain West vs SEC
2025,regular,5,401762826,2025-09-27 17:00:00+00:00,Central Michigan,Eastern Michigan,Mid-American,Mid-American,True,24,13,fbs,fbs,Central Michigan,Central Michigan,Central Michigan,Central Michigan,1,1,1,higher_spi_home_field_adjusted,higher_spi,higher_spi_home_field_adjusted,40.00605684031814,18.79687857285028,71.124,28.876,76.337,23.663,0.067059,2025_w4,spi_rankings_2025_w4.csv,136,,False,False,Mid-American vs Mid-American
2025,regular,5,401761614,2025-09-27 17:30:00+00:00,James Madison,Georgia Southern,Sun Belt,Sun Belt,True,35,10,fbs,fbs,James Madison,James Madison,James Madison,James Madison,1,1,1,higher_spi_home_field_adjusted,higher_spi,higher_spi_home_field_adjusted,54.28292179271552,44.11581303992953,60.638,39.362,66.862,33.138,0.067059,2025_w4,spi_rankings_2025_w4.csv,136,,False,False,Sun Belt vs Sun Belt
2025,regular,5,401761616,2025-09-27 19:00:00+00:00,UL Monroe,Arkansas State,Sun Belt,Sun Belt,True,28,16,fbs,fbs,UL Monroe,UL Monroe,UL Monroe,UL Monroe,1,1,1,higher_spi_home_field_adjusted,higher_spi,higher_spi_home_field_adjusted,46.92793932268403,23.526041594341763,72.999,27.001,77.979,22.021,0.067059,2025_w4,spi_rankings_2025_w4.csv,136,,False,False,Sun Belt vs Sun Belt
2025,regular,5,401752719,2025-09-27 19:30:00+00:00,Ole Miss,LSU,SEC,SEC,True,24,19,fbs,fbs,Ole Miss,Ole Miss,Ole Miss,Ole Miss,1,1,1,higher_spi_home_field_adjusted,higher_spi,higher_spi_home_field_adjusted,81.29473104393189,80.95892917482493,50.357,49.643,57.056,42.944,0.067059,2025_w4,spi_rankings_2025_w4.csv,136,,False,False,SEC vs SEC
2025,regular,5,401762827,2025-09-27 19:30:00+00:00,Miami (OH),Lindenwood,Mid-American,Big South-OVC,False,38,0,fbs,fcs,Miami (OH),Miami (OH),Miami (OH),Miami (OH),1,1,1,fbs_vs_fcs_rule,fbs_vs_fcs_rule,fbs_vs_fcs_rule,17.26457352607632,,100.0,0.0,100.0,0.0,0.067059,2025_w4,spi_rankings_2025_w4.csv,136,,False,False,Big South-OVC vs Mid-American
2025,regular,5,401756907,2025-09-27 19:30:00+00:00,Oklahoma State,Baylor,Big 12,Big 12,True,27,45,fbs,fbs,Baylor,Baylor,Baylor,Baylor,1,1,1,higher_spi_home_field_adjusted,higher_spi,higher_spi_home_field_adjusted,35.8990780985532,50.851715825819035,34.627,65.373,40.96,59.04,0.067059,2025_w4,spi_rankings_2025_w4.csv,136,,False,False,Big 12 vs Big 12
2025,regular,5,401762473,2025-09-27 19:30:00+00:00,Navy,Rice,American Athletic,American Athletic,True,21,13,fbs,fbs,Navy,Navy,Navy,Navy,1,1,1,higher_spi_home_field_adjusted,higher_spi,higher_spi_home_field_adjusted,73.14101435388982,58.20022241354571,65.362,34.638,71.194,28.806,0.067059,2025_w4,spi_rankings_2025_w4.csv,136,,False,False,American Athletic vs American Athletic
2025,regular,5,401752852,2025-09-27 19:30:00+00:00,Washington,Ohio State,Big Ten,Big Ten,True,6,24,fbs,fbs,Washington,Ohio State,Washington,Ohio State,0,1,0,higher_spi_home_field_adjusted,higher_spi,higher_spi_home_field_adjusted,81.727514630846,84.00181448719908,47.585,52.415,54.319,45.681,0.067059,2025_w4,spi_rankings_2025_w4.csv,136,,False,False,Big Ten vs Big Ten
2025,regular,5,401757170,2025-09-27 19:30:00+00:00,Buffalo,UConn,Mid-American,FBS Independents,False,17,20,fbs,fbs,Buffalo,UConn,Buffalo,UConn,0,1,0,higher_spi_home_field_adjusted,higher_spi,higher_spi_home_field_adjusted,42.60297909173807,44.49052662877046,47.996,52.004,54.727,45.273,0.067059,2025_w4,spi_rankings_2025_w4.csv,136,,False,False,FBS Independents vs Mid-American
2025,regular,5,401762824,2025-09-27 19:30:00+00:00,Toledo,Akron,Mid-American,Mid-American,True,45,3,fbs,fbs,Toledo,Toledo,Toledo,Toledo,1,1,1,higher_spi_home_field_adjusted,higher_spi,higher_spi_home_field_adjusted,44.15006202583793,19.161381355526853,74.308,25.692,79.115,20.885,0.067059,2025_w4,spi_rankings_2025_w4.csv,136,,False,False,Mid-American vs Mid-American
2025,regular,5,401760380,2025-09-27 19:30:00+00:00,Northern Illinois,San Diego State,Mid-American,Mountain West,False,3,6,fbs,fbs,San Diego State,San Diego State,San Diego State,San Diego State,1,1,1,higher_spi_home_field_adjusted,higher_spi,higher_spi_home_field_adjusted,43.57000989018959,58.95069036645436,34.216,65.784,40.521,59.479,0.067059,2025_w4,spi_rankings_2025_w4.csv,136,,False,False,Mid-American vs Mountain West
2025,regular,5,401752724,2025-09-27 19:30:00+00:00,Texas A&M,Auburn,SEC,SEC,True,16,10,fbs,fbs,Texas A&M,Texas A&M,Texas A&M,Texas A&M,1,1,1,higher_spi_home_field_adjusted,higher_spi,higher_spi_home_field_adjusted,77.08152818086859,66.07241840593598,61.488,38.512,67.65,32.35,0.067059,2025_w4,spi_rankings_2025_w4.csv,136,,False,False,SEC vs SEC
2025,regular,5,401754544,2025-09-27 19:30:00+00:00,Boston College,California,ACC,ACC,True,24,28,fbs,fbs,California,California,California,California,1,1,1,higher_spi_home_field_adjusted,higher_spi,higher_spi_home_field_adjusted,45.67913709116972,59.75781594989795,35.472,64.528,41.861,58.139,0.067059,2025_w4,spi_rankings_2025_w4.csv,136,,False,False,ACC vs ACC
2025,regular,5,401752853,2025-09-27 19:30:00+00:00,Iowa,Indiana,Big Ten,Big Ten,True,15,20,fbs,fbs,Indiana,Indiana,Indiana,Indiana,1,1,1,higher_spi_home_field_adjusted,higher_spi,higher_spi_home_field_adjusted,65.48060003055002,89.44459626888356,26.533,73.467,32.112,67.888,0.067059,2025_w4,spi_rankings_2025_w4.csv,136,,False,False,Big Ten vs Big Ten
2025,regular,5,401752851,2025-09-27 19:30:00+00:00,Northwestern,UCLA,Big Ten,Big Ten,True,17,14,fbs,fbs,Northwestern,Northwestern,Northwestern,Northwestern,1,1,1,higher_spi_home_field_adjusted,higher_spi,higher_spi_home_field_adjusted,43.860681327599806,14.839883462399534,77.441,22.559,81.806,18.194,0.067059,2025_w4,spi_rankings_2025_w4.csv,136,,False,False,Big Ten vs Big Ten
2025,regular,5,401756908,2025-09-27 19:30:00+00:00,West Virginia,Utah,Big 12,Big 12,True,14,48,fbs,fbs,Utah,Utah,Utah,Utah,1,1,1,higher_spi_home_field_adjusted,higher_spi,higher_spi_home_field_adjusted,46.55540734339089,73.60120572365793,24.059,75.941,29.326,70.674,0.067059,2025_w4,spi_rankings_2025_w4.csv,136,,False,False,Big 12 vs Big 12
2025,regular,5,401760378,2025-09-27 20:00:00+00:00,Air Force,Hawai'i,Mountain West,Mountain West,True,35,44,fbs,fbs,Hawai'i,Hawai'i,Hawai'i,Hawai'i,1,1,1,higher_spi_home_field_adjusted,higher_spi,higher_spi_home_field_adjusted,39.58578157956049,51.752866217238015,37.353,62.647,43.85,56.15,0.067059,2025_w4,spi_rankings_2025_w4.csv,136,,False,False,Mountain West vs Mountain West
2025,regular,5,401757274,2025-09-27 20:00:00+00:00,New Mexico,New Mexico State,Mountain West,Conference USA,False,38,20,fbs,fbs,New Mexico,New Mexico,New Mexico,New Mexico,1,1,1,higher_spi_home_field_adjusted,higher_spi,higher_spi_home_field_adjusted,61.9406699716255,44.64718314748727,67.59,32.41,73.201,26.799,0.067059,2025_w4,spi_rankings_2025_w4.csv,136,,False,False,Conference USA vs Mountain West
2025,regular,5,401762474,2025-09-27 20:00:00+00:00,Tulsa,Tulane,American Athletic,American Athletic,True,14,31,fbs,fbs,Tulane,Tulane,Tulane,Tulane,1,1,1,higher_spi_home_field_adjusted,higher_spi,higher_spi_home_field_adjusted,42.32828655937122,66.00959499505764,26.767,73.233,32.375,67.625,0.067059,2025_w4,spi_rankings_2025_w4.csv,136,,False,False,American Athletic vs American Athletic
2025,regular,5,401752720,2025-09-27 20:15:00+00:00,Mississippi State,Tennessee,SEC,SEC,True,34,41,fbs,fbs,Mississippi State,Mississippi State,Mississippi State,Tennessee,0,0,0,higher_spi_home_field_adjusted,higher_spi,higher_spi_home_field_adjusted,90.75907590759076,80.06379997293519,61.172,38.828,67.358,32.642,0.067059,2025_w4,spi_rankings_2025_w4.csv,136,,False,False,SEC vs SEC
2025,regular,5,401757271,2025-09-27 22:00:00+00:00,Old Dominion,Liberty,Sun Belt,Conference USA,False,21,7,fbs,fbs,Old Dominion,Old Dominion,Old Dominion,Old Dominion,1,1,1,higher_spi_home_field_adjusted,higher_spi,higher_spi_home_field_adjusted,65.67204802981742,20.627230268608916,87.151,12.849,89.883,10.117,0.067059,2025_w4,spi_rankings_2025_w4.csv,136,,False,False,Conference USA vs Sun Belt
2025,regular,5,401757270,2025-09-27 22:00:00+00:00,Kennesaw State,Middle Tennessee,Conference USA,Conference USA,True,24,16,fbs,fbs,Kennesaw State,Kennesaw State,Kennesaw State,Kennesaw State,1,1,1,higher_spi_home_field_adjusted,higher_spi,higher_spi_home_field_adjusted,40.75655956817529,17.149061974921196,73.171,26.829,78.129,21.871,0.067059,2025_w4,spi_rankings_2025_w4.csv,136,,False,False,Conference USA vs Conference USA
2025,regular,5,401762828,2025-09-27 22:30:00+00:00,Western Michigan,Rhode Island,Mid-American,CAA,False,47,14,fbs,fcs,Western Michigan,Western Michigan,Western Michigan,Western Michigan,1,1,1,fbs_vs_fcs_rule,fbs_vs_fcs_rule,fbs_vs_fcs_rule,21.768339049893772,,100.0,0.0,100.0,0.0,0.067059,2025_w4,spi_rankings_2025_w4.csv,136,,False,False,CAA vs Mid-American
2025,regular,5,401754548,2025-09-27 23:00:00+00:00,NC State,Virginia Tech,ACC,ACC,True,21,23,fbs,fbs,NC State,NC State,NC State,Virginia Tech,0,0,0,higher_spi_home_field_adjusted,higher_spi,higher_spi_home_field_adjusted,66.08253950879785,30.611566661575,81.869,18.131,85.537,14.463,0.067059,2025_w4,spi_rankings_2025_w4.csv,136,,False,False,ACC vs ACC
2025,regular,5,401756904,2025-09-27 23:00:00+00:00,Iowa State,Arizona,Big 12,Big 12,True,39,14,fbs,fbs,Iowa State,Iowa State,Iowa State,Iowa State,1,1,1,higher_spi_home_field_adjusted,higher_spi,higher_spi_home_field_adjusted,78.88593718418126,73.00633581590978,56.215,43.785,62.709,37.291,0.067059,2025_w4,spi_rankings_2025_w4.csv,136,,False,False,Big 12 vs Big 12
2025,regular,5,401762472,2025-09-27 23:00:00+00:00,Florida Atlantic,Memphis,American Athletic,American Athletic,True,26,55,fbs,fbs,Memphis,Memphis,Memphis,Memphis,1,1,1,higher_spi_home_field_adjusted,higher_spi,higher_spi_home_field_adjusted,40.58550354334171,77.18625502802736,17.429,82.571,21.659,78.341,0.067059,2025_w4,spi_rankings_2025_w4.csv,136,,False,False,American Athletic vs American Athletic
2025,regular,5,401757273,2025-09-27 23:00:00+00:00,Missouri State,Western Kentucky,Conference USA,Conference USA,True,22,27,fbs,fbs,Missouri State,Western Kentucky,Missouri State,Western Kentucky,0,1,0,higher_spi_home_field_adjusted,higher_spi,higher_spi_home_field_adjusted,46.80442220445129,52.11318697087102,44.383,55.617,51.106,48.894,0.067059,2025_w4,spi_rankings_2025_w4.csv,136,,False,False,Conference USA vs Conference USA
2025,regular,5,401757269,2025-09-27 23:00:00+00:00,Southern Miss,Jacksonville State,Sun Belt,Conference USA,False,42,25,fbs,fbs,Southern Miss,Jacksonville State,Southern Miss,Southern Miss,1,0,1,higher_spi_home_field_adjusted,higher_spi,higher_spi_home_field_adjusted,41.07014798254019,42.44791843139434,48.537,51.463,55.263,44.737,0.067059,2025_w4,spi_rankings_2025_w4.csv,136,,False,False,Conference USA vs Sun Belt
2025,regular,5,401752854,2025-09-27 23:30:00+00:00,Penn State,Oregon,Big Ten,Big Ten,True,24,30,fbs,fbs,Oregon,Oregon,Oregon,Oregon,1,1,1,higher_spi_home_field_adjusted,higher_spi,higher_spi_home_field_adjusted,77.76506340676144,84.66665447750947,42.719,57.281,49.414,50.586,0.067059,2025_w4,spi_rankings_2025_w4.csv,136,,False,False,Big Ten vs Big Ten
2025,regular,5,401752718,2025-09-27 23:30:00+00:00,Georgia,Alabama,SEC,SEC,True,21,24,fbs,fbs,Georgia,Georgia,Georgia,Alabama,0,0,0,higher_spi_home_field_adjusted,higher_spi,higher_spi_home_field_adjusted,80.09852526627137,66.82074128046416,63.745,36.255,69.724,30.276,0.067059,2025_w4,spi_rankings_2025_w4.csv,136,,False,False,SEC vs SEC
2025,regular,5,401752721,2025-09-27 23:30:00+00:00,Missouri,Massachusetts,SEC,Mid-American,False,42,6,fbs,fbs,Missouri,Missouri,Missouri,Missouri,1,1,1,higher_spi_home_field_adjusted,higher_spi,higher_spi_home_field_adjusted,84.98887770263704,17.543719421030456,94.616,5.384,95.836,4.164,0.067059,2025_w4,spi_rankings_2025_w4.csv,136,,False,False,Mid-American vs SEC
2025,regular,5,401752950,2025-09-27 23:30:00+00:00,Colorado State,Washington State,Mountain West,Pac-12,False,3,20,fbs,fbs,Colorado State,Washington State,Colorado State,Washington State,0,1,0,higher_spi_home_field_adjusted,higher_spi,higher_spi_home_field_adjusted,38.450356957154355,41.30213402826959,46.974,53.026,53.71,46.29,0.067059,2025_w4,spi_rankings_2025_w4.csv,136,,False,False,Mountain West vs Pac-12
2025,regular,5,401754549,2025-09-27 23:30:00+00:00,Stanford,San José State,ACC,Mountain West,False,30,29,fbs,fbs,San José State,San José State,San José State,Stanford,0,0,0,higher_spi_home_field_adjusted,higher_spi,higher_spi_home_field_adjusted,26.379076844240817,33.39542952892765,42.6,57.4,49.292,50.708,0.067059,2025_w4,spi_rankings_2025_w4.csv,136,,False,False,ACC vs Mountain West
2025,regular,5,401760379,2025-09-27 23:30:00+00:00,Boise State,App State,Mountain West,Sun Belt,False,47,14,fbs,fbs,Boise State,App State,Boise State,Boise State,1,0,1,higher_spi_home_field_adjusted,higher_spi,higher_spi_home_field_adjusted,52.06435196114282,52.570424167241406,49.462,50.538,56.177,43.823,0.067059,2025_w4,spi_rankings_2025_w4.csv,136,,False,False,Mountain West vs Sun Belt
2025,regular,5,401752722,2025-09-27 23:45:00+00:00,South Carolina,Kentucky,SEC,SEC,True,35,13,fbs,fbs,Kentucky,Kentucky,Kentucky,South Carolina,0,0,0,higher_spi_home_field_adjusted,higher_spi,higher_spi_home_field_adjusted,56.5187274873845,63.009001692595625,43.147,56.853,49.851,50.149,0.067059,2025_w4,spi_rankings_2025_w4.csv,136,,False,False,SEC vs SEC
2025,regular,5,401761615,2025-09-28 00:00:00+00:00,Louisiana,Marshall,Sun Belt,Sun Belt,True,54,51,fbs,fbs,Marshall,Marshall,Marshall,Louisiana,0,0,0,higher_spi_home_field_adjusted,higher_spi,higher_spi_home_field_adjusted,31.170135716236423,45.59245784325978,35.139,64.861,41.506,58.494,0.067059,2025_w4,spi_rankings_2025_w4.csv,136,,False,False,Sun Belt vs Sun Belt
2025,regular,5,401757272,2025-09-28 01:00:00+00:00,UTEP,Louisiana Tech,Conference USA,Conference USA,True,11,30,fbs,fbs,Louisiana Tech,Louisiana Tech,Louisiana Tech,Louisiana Tech,1,1,1,higher_spi_home_field_adjusted,higher_spi,higher_spi_home_field_adjusted,26.946984572230015,66.33737265030851,15.788,84.212,19.715,80.285,0.067059,2025_w4,spi_rankings_2025_w4.csv,136,,False,False,Conference USA vs Conference USA
2025,regular,5,401756903,2025-09-28 02:15:00+00:00,Colorado,BYU,Big 12,Big 12,True,21,24,fbs,fbs,BYU,BYU,BYU,BYU,1,1,1,higher_spi_home_field_adjusted,higher_spi,higher_spi_home_field_adjusted,53.88699372907343,87.83200887203645,19.113,80.887,23.635,76.365,0.067059,2025_w4,spi_rankings_2025_w4.csv,136,,False,False,Big 12 vs Big 12
2025,regular,6,401757275,2025-10-03 01:00:00+00:00,New Mexico State,Sam Houston,Conference USA,Conference USA,True,37,10,fbs,fbs,New Mexico State,New Mexico State,New Mexico State,New Mexico State,1,1,1,higher_spi_home_field_adjusted,higher_spi,higher_spi_home_field_adjusted,35.73544706185611,7.352694987135496,76.964,23.036,81.399,18.601,0.067059,2025_w5,spi_rankings_2025_w5.csv,136,,False,False,Conference USA vs Conference USA
2025,regular,6,401762475,2025-10-03 23:00:00+00:00,South Florida,Charlotte,American Athletic,American Athletic,True,54,26,fbs,fbs,South Florida,South Florida,South Florida,South Florida,1,1,1,higher_spi_home_field_adjusted,higher_spi,higher_spi_home_field_adjusted,64.76399146917782,22.530019519934967,85.753,14.247,88.744,11.256,0.067059,2025_w5,spi_rankings_2025_w5.csv,136,,False,False,American Athletic vs American Athletic
2025,regular,6,401757276,2025-10-03 23:00:00+00:00,Delaware,Western Kentucky,Conference USA,Conference USA,True,24,27,fbs,fbs,Delaware,Delaware,Delaware,Western Kentucky,0,0,0,higher_spi_home_field_adjusted,higher_spi,higher_spi_home_field_adjusted,56.32189491440065,55.79004795418048,50.565,49.435,57.26,42.74,0.067059,2025_w5,spi_rankings_2025_w5.csv,136,,False,False,Conference USA vs Conference USA
2025,regular,6,401760384,2025-10-04 02:00:00+00:00,San José State,New Mexico,Mountain West,Mountain West,True,35,28,fbs,fbs,New Mexico,New Mexico,New Mexico,San José State,0,0,0,higher_spi_home_field_adjusted,higher_spi,higher_spi_home_field_adjusted,26.33057571799302,62.45161715594419,17.724,82.276,22.007,77.993,0.067059,2025_w5,spi_rankings_2025_w5.csv,136,,False,False,Mountain West vs Mountain West
2025,regular,6,401756909,2025-10-04 02:30:00+00:00,BYU,West Virginia,Big 12,Big 12,True,38,24,fbs,fbs,BYU,BYU,BYU,BYU,1,1,1,higher_spi_home_field_adjusted,higher_spi,higher_spi_home_field_adjusted,86.58568716243514,33.3232907348402,90.582,9.418,92.646,7.354,0.067059,2025_w5,spi_rankings_2025_w5.csv,136,,False,False,Big 12 vs Big 12
2025,regular,6,401760382,2025-10-04 02:30:00+00:00,San Diego State,Colorado State,Mountain West,Mountain West,True,45,24,fbs,fbs,San Diego State,San Diego State,San Diego State,San Diego State,1,1,1,higher_spi_home_field_adjusted,higher_spi,higher_spi_home_field_adjusted,64.65466735434934,26.105117856158135,83.731,16.269,87.082,12.918,0.067059,2025_w5,spi_rankings_2025_w5.csv,136,,False,False,Mountain West vs Mountain West
2025,regular,6,401762830,2025-10-04 16:00:00+00:00,Ball State,Ohio,Mid-American,Mid-American,True,20,14,fbs,fbs,Ohio,Ohio,Ohio,Ball State,0,0,0,higher_spi_home_field_adjusted,higher_spi,higher_spi_home_field_adjusted,18.608965440834737,46.03615488379972,23.764,76.236,28.992,71.008,0.067059,2025_w5,spi_rankings_2025_w5.csv,136,,False,False,Mid-American vs Mid-American
2025,regular,6,401756911,2025-10-04 16:00:00+00:00,Baylor,Kansas State,Big 12,Big 12,True,35,34,fbs,fbs,Baylor,Baylor,Baylor,Baylor,1,1,1,higher_spi_home_field_adjusted,higher_spi,higher_spi_home_field_adjusted,55.52926367049344,46.95210324426487,59.014,40.986,65.348,34.652,0.067059,2025_w5,spi_rankings_2025_w5.csv,136,,False,False,Big 12 vs Big 12
2025,regular,6,401756912,2025-10-04 16:00:00+00:00,Cincinnati,Iowa State,Big 12,Big 12,True,38,30,fbs,fbs,Iowa State,Iowa State,Iowa State,Cincinnati,0,0,0,higher_spi_home_field_adjusted,higher_spi,higher_spi_home_field_adjusted,69.58803878700715,87.17097849679921,32.142,67.858,38.286,61.714,0.067059,2025_w5,spi_rankings_2025_w5.csv,136,,False,False,Big 12 vs Big 12
2025,regular,6,401760381,2025-10-04 16:00:00+00:00,Navy,Air Force,American Athletic,Mountain West,False,34,31,fbs,fbs,Navy,Navy,Navy,Navy,1,1,1,higher_spi_home_field_adjusted,higher_spi,higher_spi_home_field_adjusted,77.65077396850269,35.03233333399941,85.952,14.048,88.906,11.094,0.067059,2025_w5,spi_rankings_2025_w5.csv,136,,False,False,American Athletic vs Mountain West
2025,regular,6,401752728,2025-10-04 16:00:00+00:00,Georgia,Kentucky,SEC,SEC,True,35,14,fbs,fbs,Georgia,Georgia,Georgia,Georgia,1,1,1,higher_spi_home_field_adjusted,higher_spi,higher_spi_home_field_adjusted,76.31237257249623,53.48845396319697,72.512,27.488,77.554,22.446,0.067059,2025_w5,spi_rankings_2025_w5.csv,136,,False,False,SEC vs SEC
2025,regular,6,401754550,2025-10-04 16:00:00+00:00,Pittsburgh,Boston College,ACC,ACC,True,48,7,fbs,fbs,Pittsburgh,Pittsburgh,Pittsburgh,Pittsburgh,1,1,1,higher_spi_home_field_adjusted,higher_spi,higher_spi_home_field_adjusted,50.21918840397549,39.17512788485157,61.524,38.476,67.683,32.317,0.067059,2025_w5,spi_rankings_2025_w5.csv,136,,False,False,ACC vs ACC
2025,regular,6,401762476,2025-10-04 16:00:00+00:00,UAB,Army,American Athletic,American Athletic,True,13,31,fbs,fbs,UAB,UAB,UAB,Army,0,0,0,higher_spi_home_field_adjusted,higher_spi,higher_spi_home_field_adjusted,43.66036589885614,31.6993746650025,62.442,37.558,68.529,31.471,0.067059,2025_w5,spi_rankings_2025_w5.csv,136,,False,False,American Athletic vs American Athletic
2025,regular,6,401754552,2025-10-04 16:00:00+00:00,North Carolina,Clemson,ACC,ACC,True,10,38,fbs,fbs,North Carolina,Clemson,North Carolina,Clemson,0,1,0,higher_spi_home_field_adjusted,higher_spi,higher_spi_home_field_adjusted,39.58767892422475,41.48965534065869,47.98,52.02,54.712,45.288,0.067059,2025_w5,spi_rankings_2025_w5.csv,136,,False,False,ACC vs ACC
2025,regular,6,401752856,2025-10-04 16:00:00+00:00,Michigan,Wisconsin,Big Ten,Big Ten,True,24,10,fbs,fbs,Michigan,Michigan,Michigan,Michigan,1,1,1,higher_spi_home_field_adjusted,higher_spi,higher_spi_home_field_adjusted,75.77223111742757,54.29662954447488,71.356,28.644,76.541,23.459,0.067059,2025_w5,spi_rankings_2025_w5.csv,136,,False,False,Big Ten vs Big Ten
2025,regular,6,401752861,2025-10-04 16:00:00+00:00,Purdue,Illinois,Big Ten,Big Ten,True,27,43,fbs,fbs,Illinois,Illinois,Illinois,Illinois,1,1,1,higher_spi_home_field_adjusted,higher_spi,higher_spi_home_field_adjusted,54.11694459914711,85.45611573442315,20.884,79.116,25.692,74.308,0.067059,2025_w5,spi_rankings_2025_w5.csv,136,,False,False,Big Ten vs Big Ten
2025,regular,6,401754556,2025-10-04 17:00:00+00:00,Virginia Tech,Wake Forest,ACC,ACC,True,23,30,fbs,fbs,Wake Forest,Wake Forest,Wake Forest,Wake Forest,1,1,1,higher_spi_home_field_adjusted,higher_spi,higher_spi_home_field_adjusted,45.538798108936795,54.47049852388361,40.622,59.378,47.259,52.741,0.067059,2025_w5,spi_rankings_2025_w5.csv,136,,False,False,ACC vs ACC
2025,regular,6,401762479,2025-10-04 17:00:00+00:00,Temple,UTSA,American Athletic,American Athletic,True,27,21,fbs,fbs,Temple,Temple,Temple,Temple,1,1,1,higher_spi_home_field_adjusted,higher_spi,higher_spi_home_field_adjusted,55.675299855587646,46.18102738812951,59.953,40.047,66.226,33.774,0.067059,2025_w5,spi_rankings_2025_w5.csv,136,,False,False,American Athletic vs American Athletic
2025,regular,6,401754557,2025-10-04 18:00:00+00:00,NC State,Campbell,ACC,CAA,False,56,10,fbs,fcs,NC State,NC State,NC State,NC State,1,1,1,fbs_vs_fcs_rule,fbs_vs_fcs_rule,fbs_vs_fcs_rule,62.40434587065944,,100.0,0.0,100.0,0.0,0.067059,2025_w5,spi_rankings_2025_w5.csv,136,,False,False,ACC vs CAA
2025,regular,6,401762832,2025-10-04 18:30:00+00:00,Massachusetts,Western Michigan,Mid-American,Mid-American,True,3,21,fbs,fbs,Western Michigan,Western Michigan,Western Michigan,Western Michigan,1,1,1,higher_spi_home_field_adjusted,higher_spi,higher_spi_home_field_adjusted,13.851641306794107,34.63513876980246,29.249,70.751,35.128,64.872,0.067059,2025_w5,spi_rankings_2025_w5.csv,136,,False,False,Mid-American vs Mid-American
2025,regular,6,401756910,2025-10-04 19:00:00+00:00,Arizona,Oklahoma State,Big 12,Big 12,True,41,13,fbs,fbs,Arizona,Arizona,Arizona,Arizona,1,1,1,higher_spi_home_field_adjusted,higher_spi,higher_spi_home_field_adjusted,73.61360707602246,28.26210080169128,87.297,12.703,90.001,9.999,0.067059,2025_w5,spi_rankings_2025_w5.csv,136,,False,False,Big 12 vs Big 12
2025,regular,6,401752858,2025-10-04 19:30:00+00:00,Northwestern,UL Monroe,Big Ten,Sun Belt,False,42,7,fbs,fbs,Northwestern,UL Monroe,Northwestern,Northwestern,1,0,1,higher_spi_home_field_adjusted,higher_spi,higher_spi_home_field_adjusted,51.38982995054917,54.69713966734755,46.492,53.508,53.228,46.772,0.067059,2025_w5,spi_rankings_2025_w5.csv,136,,False,False,Big Ten vs Sun Belt
2025,regular,6,401757171,2025-10-04 19:30:00+00:00,UConn,Florida International,FBS Independents,Conference USA,False,51,10,fbs,fbs,UConn,UConn,UConn,UConn,1,1,1,higher_spi_home_field_adjusted,higher_spi,higher_spi_home_field_adjusted,46.65607590754589,40.28140397349621,56.732,43.268,63.2,36.8,0.067059,2025_w5,spi_rankings_2025_w5.csv,136,,False,False,Conference USA vs FBS Independents
2025,regular,6,401761618,2025-10-04 19:30:00+00:00,Georgia State,James Madison,Sun Belt,Sun Belt,True,7,14,fbs,fbs,James Madison,James Madison,James Madison,James Madison,1,1,1,higher_spi_home_field_adjusted,higher_spi,higher_spi_home_field_adjusted,35.84231726870984,63.27225727202232,23.762,76.238,28.989,71.011,0.067059,2025_w5,spi_rankings_2025_w5.csv,136,,False,False,Sun Belt vs Sun Belt
2025,regular,6,401752726,2025-10-04 19:30:00+00:00,Alabama,Vanderbilt,SEC,SEC,True,30,14,fbs,fbs,Vanderbilt,Vanderbilt,Vanderbilt,Alabama,0,0,0,higher_spi_home_field_adjusted,higher_spi,higher_spi_home_field_adjusted,79.89474150202528,95.21469145428938,34.274,65.726,40.583,59.417,0.067059,2025_w5,spi_rankings_2025_w5.csv,136,,False,False,SEC vs SEC
2025,regular,6,401752727,2025-10-04 19:30:00+00:00,Florida,Texas,SEC,SEC,True,29,21,fbs,fbs,Texas,Texas,Texas,Florida,0,0,0,higher_spi_home_field_adjusted,higher_spi,higher_spi_home_field_adjusted,37.224062955608986,72.78891370052246,18.072,81.928,22.415,77.585,0.067059,2025_w5,spi_rankings_2025_w5.csv,136,,False,False,SEC vs SEC
2025,regular,6,401752857,2025-10-04 19:30:00+00:00,Maryland,Washington,Big Ten,Big Ten,True,20,24,fbs,fbs,Maryland,Maryland,Maryland,Washington,0,0,0,higher_spi_home_field_adjusted,higher_spi,higher_spi_home_field_adjusted,76.95452390627008,74.2812111885412,52.837,47.163,59.471,40.529,0.067059,2025_w5,spi_rankings_2025_w5.csv,136,,False,False,Big Ten vs Big Ten
2025,regular,6,401762873,2025-10-04 19:30:00+00:00,Northern Illinois,Miami (OH),Mid-American,Mid-American,True,14,25,fbs,fbs,Northern Illinois,Northern Illinois,Northern Illinois,Miami (OH),0,0,0,higher_spi_home_field_adjusted,higher_spi,higher_spi_home_field_adjusted,32.44715792347857,24.84164951245849,58.011,41.989,64.408,35.592,0.067059,2025_w5,spi_rankings_2025_w5.csv,136,,False,False,Mid-American vs Mid-American
2025,regular,6,401754555,2025-10-04 19:30:00+00:00,SMU,Syracuse,ACC,ACC,True,31,18,fbs,fbs,Syracuse,Syracuse,Syracuse,SMU,0,0,0,higher_spi_home_field_adjusted,higher_spi,higher_spi_home_field_adjusted,45.6444897414288,64.52623602443255,30.95,69.05,36.991,63.009,0.067059,2025_w5,spi_rankings_2025_w5.csv,136,,False,False,ACC vs ACC
2025,regular,6,401752940,2025-10-04 19:30:00+00:00,App State,Oregon State,Sun Belt,Pac-12,False,27,23,fbs,fbs,App State,App State,App State,App State,1,1,1,higher_spi_home_field_adjusted,higher_spi,higher_spi_home_field_adjusted,42.2076264626539,24.382924556048113,68.082,31.918,73.641,26.359,0.067059,2025_w5,spi_rankings_2025_w5.csv,136,,False,False,Pac-12 vs Sun Belt
2025,regular,6,401757165,2025-10-04 19:30:00+00:00,Notre Dame,Boise State,FBS Independents,Mountain West,False,28,7,fbs,fbs,Notre Dame,Notre Dame,Notre Dame,Notre Dame,1,1,1,higher_spi_home_field_adjusted,higher_spi,higher_spi_home_field_adjusted,59.47636312503497,59.40031408686206,50.081,49.919,56.785,43.215,0.067059,2025_w5,spi_rankings_2025_w5.csv,136,,False,False,FBS Independents vs Mountain West
2025,regular,6,401754554,2025-10-04 19:30:00+00:00,Louisville,Virginia,ACC,ACC,True,27,30,fbs,fbs,Louisville,Louisville,Louisville,Virginia,0,0,0,higher_spi_home_field_adjusted,higher_spi,higher_spi_home_field_adjusted,76.9877479206738,75.88163559225613,51.175,48.825,57.856,42.144,0.067059,2025_w5,spi_rankings_2025_w5.csv,136,,False,False,ACC vs ACC
2025,regular,6,401762829,2025-10-04 19:30:00+00:00,Akron,Central Michigan,Mid-American,Mid-American,True,28,22,fbs,fbs,Central Michigan,Central Michigan,Central Michigan,Akron,0,0,0,higher_spi_home_field_adjusted,higher_spi,higher_spi_home_field_adjusted,8.45757370304317,42.49265889128222,19.054,80.946,23.566,76.434,0.067059,2025_w5,spi_rankings_2025_w5.csv,136,,False,False,Mid-American vs Mid-American
2025,regular,6,401762831,2025-10-04 19:30:00+00:00,Buffalo,Eastern Michigan,Mid-American,Mid-American,True,31,30,fbs,fbs,Buffalo,Buffalo,Buffalo,Buffalo,1,1,1,higher_spi_home_field_adjusted,higher_spi,higher_spi_home_field_adjusted,36.60857621811265,7.740875912408759,77.327,22.673,81.709,18.291,0.067059,2025_w5,spi_rankings_2025_w5.csv,136,,False,False,Mid-American vs Mid-American
2025,regular,6,401752855,2025-10-04 19:30:00+00:00,UCLA,Penn State,Big Ten,Big Ten,True,42,37,fbs,fbs,Penn State,Penn State,Penn State,UCLA,0,0,0,higher_spi_home_field_adjusted,higher_spi,higher_spi_home_field_adjusted,17.14159506494198,75.47759878364214,7.732,92.268,9.891,90.109,0.067059,2025_w5,spi_rankings_2025_w5.csv,136,,False,False,Big Ten vs Big Ten
2025,regular,6,401752729,2025-10-04 20:00:00+00:00,Oklahoma,Kent State,SEC,Mid-American,False,44,0,fbs,fbs,Oklahoma,Oklahoma,Oklahoma,Oklahoma,1,1,1,higher_spi_home_field_adjusted,higher_spi,higher_spi_home_field_adjusted,85.46813604442404,19.72235644526403,94.236,5.764,95.539,4.461,0.067059,2025_w5,spi_rankings_2025_w5.csv,136,,False,False,Mid-American vs SEC
2025,regular,6,401752860,2025-10-04 20:00:00+00:00,Nebraska,Michigan State,Big Ten,Big Ten,True,38,27,fbs,fbs,Nebraska,Nebraska,Nebraska,Nebraska,1,1,1,higher_spi_home_field_adjusted,higher_spi,higher_spi_home_field_adjusted,79.50568426194002,62.73128344254489,67.104,32.896,72.766,27.234,0.067059,2025_w5,spi_rankings_2025_w5.csv,136,,False,False,Big Ten vs Big Ten
2025,regular,6,401761620,2025-10-04 20:00:00+00:00,Arkansas State,Texas State,Sun Belt,Sun Belt,True,31,30,fbs,fbs,Texas State,Texas State,Texas State,Arkansas State,0,0,0,higher_spi_home_field_adjusted,higher_spi,higher_spi_home_field_adjusted,19.79723849626657,66.52964577354365,12.067,87.933,15.235,84.765,0.067059,2025_w5,spi_rankings_2025_w5.csv,136,,False,False,Sun Belt vs Sun Belt
2025,regular,6,401761619,2025-10-04 22:00:00+00:00,Old Dominion,Coastal Carolina,Sun Belt,Sun Belt,True,47,7,fbs,fbs,Old Dominion,Old Dominion,Old Dominion,Old Dominion,1,1,1,higher_spi_home_field_adjusted,higher_spi,higher_spi_home_field_adjusted,73.92137776980758,41.520162183102755,79.852,20.148,83.847,16.153,0.067059,2025_w5,spi_rankings_2025_w5.csv,136,,False,False,Sun Belt vs Sun Belt
2025,regular,6,401760385,2025-10-04 23:00:00+00:00,Wyoming,UNLV,Mountain West,Mountain West,True,17,31,fbs,fbs,UNLV,UNLV,UNLV,UNLV,1,1,1,higher_spi_home_field_adjusted,higher_spi,higher_spi_home_field_adjusted,40.674174337334165,66.99922034400016,24.623,75.377,29.965,70.035,0.067059,2025_w5,spi_rankings_2025_w5.csv,136,,False,False,Mountain West vs Mountain West
2025,regular,6,401761621,2025-10-04 23:00:00+00:00,Troy,South Alabama,Sun Belt,Sun Belt,True,31,24,fbs,fbs,Troy,Troy,Troy,Troy,1,1,1,higher_spi_home_field_adjusted,higher_spi,higher_spi_home_field_adjusted,48.82088470833797,18.636802295315043,78.293,21.707,82.53,17.47,0.067059,2025_w5,spi_rankings_2025_w5.csv,136,,False,False,Sun Belt vs Sun Belt
2025,regular,6,401756913,2025-10-04 23:00:00+00:00,Houston,Texas Tech,Big 12,Big 12,True,11,35,fbs,fbs,Texas Tech,Texas Tech,Texas Tech,Texas Tech,1,1,1,higher_spi_home_field_adjusted,higher_spi,higher_spi_home_field_adjusted,76.98602047670245,90.02685403657885,36.488,63.512,42.938,57.062,0.067059,2025_w5,spi_rankings_2025_w5.csv,136,,False,False,Big 12 vs Big 12
2025,regular,6,401762477,2025-10-04 23:00:00+00:00,Rice,Florida Atlantic,American Athletic,American Athletic,True,21,27,fbs,fbs,Rice,Rice,Rice,Florida Atlantic,0,0,0,higher_spi_home_field_adjusted,higher_spi,higher_spi_home_field_adjusted,52.62077655761166,32.75440226498455,69.937,30.063,75.291,24.709,0.067059,2025_w5,spi_rankings_2025_w5.csv,136,,False,False,American Athletic vs American Athletic
2025,regular,6,401756915,2025-10-04 23:30:00+00:00,UCF,Kansas,Big 12,Big 12,True,20,27,fbs,fbs,UCF,Kansas,UCF,Kansas,0,1,0,higher_spi_home_field_adjusted,higher_spi,higher_spi_home_field_adjusted,66.37495173161922,67.05636063322444,49.276,50.724,55.994,44.006,0.067059,2025_w5,spi_rankings_2025_w5.csv,136,,False,False,Big 12 vs Big 12
2025,regular,6,401754553,2025-10-04 23:30:00+00:00,Florida State,Miami,ACC,ACC,True,22,28,fbs,fbs,Miami,Miami,Miami,Miami,1,1,1,higher_spi_home_field_adjusted,higher_spi,higher_spi_home_field_adjusted,81.6748136301349,88.10374362701911,43.211,56.789,49.916,50.084,0.067059,2025_w5,spi_rankings_2025_w5.csv,136,,False,False,ACC vs ACC
2025,regular,6,401752859,2025-10-04 23:30:00+00:00,Ohio State,Minnesota,Big Ten,Big Ten,True,42,3,fbs,fbs,Ohio State,Ohio State,Ohio State,Ohio State,1,1,1,higher_spi_home_field_adjusted,higher_spi,higher_spi_home_field_adjusted,86.37252352424198,63.86889781050692,72.24,27.76,77.316,22.684,0.067059,2025_w5,spi_rankings_2025_w5.csv,136,,False,False,Big Ten vs Big Ten
2025,regular,6,401752730,2025-10-04 23:30:00+00:00,Texas A&M,Mississippi State,SEC,SEC,True,31,9,fbs,fbs,Texas A&M,Texas A&M,Texas A&M,Texas A&M,1,1,1,higher_spi_home_field_adjusted,higher_spi,higher_spi_home_field_adjusted,84.44078021401842,81.11086833919363,53.532,46.468,60.142,39.858,0.067059,2025_w5,spi_rankings_2025_w5.csv,136,,False,False,SEC vs SEC
2025,regular,6,401756914,2025-10-04 23:30:00+00:00,TCU,Colorado,Big 12,Big 12,True,35,21,fbs,fbs,TCU,TCU,TCU,TCU,1,1,1,higher_spi_home_field_adjusted,higher_spi,higher_spi_home_field_adjusted,72.28684465036615,51.50583085827252,70.748,29.252,76.007,23.993,0.067059,2025_w5,spi_rankings_2025_w5.csv,136,,False,False,Big 12 vs Big 12
2025,regular,6,401762478,2025-10-05 00:00:00+00:00,Memphis,Tulsa,American Athletic,American Athletic,True,45,7,fbs,fbs,Memphis,Memphis,Memphis,Memphis,1,1,1,higher_spi_home_field_adjusted,higher_spi,higher_spi_home_field_adjusted,80.74211080606165,33.32681208051669,88.238,11.762,90.763,9.237,0.067059,2025_w5,spi_rankings_2025_w5.csv,136,,False,False,American Athletic vs American Athletic
2025,regular,6,401760383,2025-10-05 02:30:00+00:00,Fresno State,Nevada,Mountain West,Mountain West,True,20,17,fbs,fbs,Fresno State,Fresno State,Fresno State,Fresno State,1,1,1,higher_spi_home_field_adjusted,higher_spi,higher_spi_home_field_adjusted,66.3649741131921,20.741575751028467,87.424,12.576,90.104,9.896,0.067059,2025_w5,spi_rankings_2025_w5.csv,136,,False,False,Mountain West vs Mountain West
2025,regular,6,401754551,2025-10-05 02:30:00+00:00,California,Duke,ACC,ACC,True,21,45,fbs,fbs,California,California,California,Duke,0,0,0,higher_spi_home_field_adjusted,higher_spi,higher_spi_home_field_adjusted,65.57298251377803,61.85591236579731,53.941,46.059,60.536,39.464,0.067059,2025_w5,spi_rankings_2025_w5.csv,136,,False,False,ACC vs ACC
2025,regular,7,401757278,2025-10-08 23:30:00+00:00,Middle Tennessee,Missouri State,Conference USA,Conference USA,True,20,22,fbs,fbs,Missouri State,Missouri State,Missouri State,Missouri State,1,1,1,higher_spi_home_field_adjusted,higher_spi,higher_spi_home_field_adjusted,20.120618196098302,44.12114823219348,26.502,73.498,32.079,67.921,0.067059,2025_w6,spi_rankings_2025_w6.csv,136,,False,False,Conference USA vs Conference USA
2025,regular,7,401757277,2025-10-09 00:00:00+00:00,UTEP,Liberty,Conference USA,Conference USA,True,8,19,fbs,fbs,UTEP,UTEP,UTEP,Liberty,0,0,0,higher_spi_home_field_adjusted,higher_spi,higher_spi_home_field_adjusted,27.49878313072703,26.112715345688837,51.472,48.528,58.146,41.854,0.067059,2025_w6,spi_rankings_2025_w6.csv,136,,False,False,Conference USA vs Conference USA
2025,regular,7,401757280,2025-10-09 23:00:00+00:00,Kennesaw State,Louisiana Tech,Conference USA,Conference USA,True,35,7,fbs,fbs,Louisiana Tech,Louisiana Tech,Louisiana Tech,Kennesaw State,0,0,0,higher_spi_home_field_adjusted,higher_spi,higher_spi_home_field_adjusted,53.58535941840808,70.57951842998284,32.69,67.31,38.879,61.121,0.067059,2025_w6,spi_rankings_2025_w6.csv,136,,False,False,Conference USA vs Conference USA
2025,regular,7,401762480,2025-10-09 23:30:00+00:00,Tulane,East Carolina,American Athletic,American Athletic,True,26,19,fbs,fbs,Tulane,Tulane,Tulane,Tulane,1,1,1,higher_spi_home_field_adjusted,higher_spi,higher_spi_home_field_adjusted,76.28304435958663,71.82452044679891,54.723,45.277,61.286,38.714,0.067059,2025_w6,spi_rankings_2025_w6.csv,136,,False,False,American Athletic vs American Athletic
2025,regular,7,401757279,2025-10-10 00:00:00+00:00,Sam Houston,Jacksonville State,Conference USA,Conference USA,True,27,29,fbs,fbs,Jacksonville State,Jacksonville State,Jacksonville State,Jacksonville State,1,1,1,higher_spi_home_field_adjusted,higher_spi,higher_spi_home_field_adjusted,7.820596361871318,39.20831284440988,20.85,79.15,20.85,79.15,0.067059,2025_w6,spi_rankings_2025_w6.csv,136,,False,False,Conference USA vs Conference USA
2025,regular,7,401761622,2025-10-10 00:00:00+00:00,Georgia Southern,Southern Miss,Sun Belt,Sun Belt,True,35,38,fbs,fbs,Southern Miss,Southern Miss,Southern Miss,Southern Miss,1,1,1,higher_spi_home_field_adjusted,higher_spi,higher_spi_home_field_adjusted,42.69410223329339,50.88115621756171,41.388,58.612,48.049,51.951,0.067059,2025_w6,spi_rankings_2025_w6.csv,136,,False,False,Sun Belt vs Sun Belt
2025,regular,7,401762481,2025-10-10 23:30:00+00:00,North Texas,South Florida,American Athletic,American Athletic,True,36,63,fbs,fbs,North Texas,North Texas,North Texas,South Florida,0,0,0,higher_spi_home_field_adjusted,higher_spi,higher_spi_home_field_adjusted,86.21751420699113,75.69878750056205,60.994,39.006,67.193,32.807,0.067059,2025_w6,spi_rankings_2025_w6.csv,136,,False,False,American Athletic vs American Athletic
2025,regular,7,401752862,2025-10-11 01:00:00+00:00,Washington,Rutgers,Big Ten,Big Ten,True,38,19,fbs,fbs,Washington,Washington,Washington,Washington,1,1,1,higher_spi_home_field_adjusted,higher_spi,higher_spi_home_field_adjusted,80.63531105478685,58.86697569640324,71.609,28.391,76.764,23.236,0.067059,2025_w6,spi_rankings_2025_w6.csv,136,,False,False,Big Ten vs Big Ten
2025,regular,7,401760388,2025-10-11 01:00:00+00:00,Colorado State,Fresno State,Mountain West,Mountain West,True,49,21,fbs,fbs,Fresno State,Fresno State,Fresno State,Colorado State,0,0,0,higher_spi_home_field_adjusted,higher_spi,higher_spi_home_field_adjusted,29.32608961830624,70.36974024240413,14.876,85.124,18.626,81.374,0.067059,2025_w6,spi_rankings_2025_w6.csv,136,,False,False,Mountain West vs Mountain West
2025,regular,7,401756920,2025-10-11 16:00:00+00:00,Oklahoma State,Houston,Big 12,Big 12,True,17,39,fbs,fbs,Houston,Houston,Houston,Houston,1,1,1,higher_spi_home_field_adjusted,higher_spi,higher_spi_home_field_adjusted,31.60654032532813,70.45653451110987,16.096,83.904,20.081,79.919,0.067059,2025_w6,spi_rankings_2025_w6.csv,136,,False,False,Big 12 vs Big 12
2025,regular,7,401756917,2025-10-11 16:00:00+00:00,Cincinnati,UCF,Big 12,Big 12,True,20,11,fbs,fbs,Cincinnati,Cincinnati,Cincinnati,Cincinnati,1,1,1,higher_spi_home_field_adjusted,higher_spi,higher_spi_home_field_adjusted,80.59179274236924,61.31359658894069,69.409,30.591,74.823,25.177,0.067059,2025_w6,spi_rankings_2025_w6.csv,136,,False,False,Big 12 vs Big 12
2025,regular,7,401754561,2025-10-11 16:00:00+00:00,SMU,Stanford,ACC,ACC,True,34,10,fbs,fbs,SMU,SMU,SMU,SMU,1,1,1,higher_spi_home_field_adjusted,higher_spi,higher_spi_home_field_adjusted,57.77064689155371,46.74741965757089,61.503,38.497,67.663,32.337,0.067059,2025_w6,spi_rankings_2025_w6.csv,136,,False,False,ACC vs ACC
2025,regular,7,401752863,2025-10-11 16:00:00+00:00,Michigan State,UCLA,Big Ten,Big Ten,True,13,38,fbs,fbs,Michigan State,Michigan State,Michigan State,UCLA,0,0,0,higher_spi_home_field_adjusted,higher_spi,higher_spi_home_field_adjusted,58.3753066678361,30.71456626099517,76.415,23.585,80.93,19.07,0.067059,2025_w6,spi_rankings_2025_w6.csv,136,,False,False,Big Ten vs Big Ten
2025,regular,7,401754559,2025-10-11 16:00:00+00:00,Florida State,Pittsburgh,ACC,ACC,True,31,34,fbs,fbs,Florida State,Florida State,Florida State,Pittsburgh,0,0,0,higher_spi_home_field_adjusted,higher_spi,higher_spi_home_field_adjusted,77.25116812050702,58.42559382269845,68.999,31.001,74.459,25.541,0.067059,2025_w6,spi_rankings_2025_w6.csv,136,,False,False,ACC vs ACC
2025,regular,7,401761625,2025-10-11 16:00:00+00:00,James Madison,Louisiana,Sun Belt,Sun Belt,True,24,14,fbs,fbs,James Madison,James Madison,James Madison,James Madison,1,1,1,higher_spi_home_field_adjusted,higher_spi,higher_spi_home_field_adjusted,66.22413902107436,42.970428273530054,72.875,27.125,77.871,22.129,0.067059,2025_w6,spi_rankings_2025_w6.csv,136,,False,False,Sun Belt vs Sun Belt
2025,regular,7,401762483,2025-10-11 16:00:00+00:00,Army,Charlotte,American Athletic,American Athletic,True,24,7,fbs,fbs,Army,Army,Army,Army,1,1,1,higher_spi_home_field_adjusted,higher_spi,higher_spi_home_field_adjusted,42.55005613150498,20.907950255238365,71.5,28.5,76.668,23.332,0.067059,2025_w6,spi_rankings_2025_w6.csv,136,,False,False,American Athletic vs American Athletic
2025,regular,7,401752865,2025-10-11 16:00:00+00:00,Illinois,Ohio State,Big Ten,Big Ten,True,16,34,fbs,fbs,Ohio State,Ohio State,Ohio State,Ohio State,1,1,1,higher_spi_home_field_adjusted,higher_spi,higher_spi_home_field_adjusted,85.05907781556503,93.94259166500215,40.672,59.328,47.31,52.69,0.067059,2025_w6,spi_rankings_2025_w6.csv,136,,False,False,Big Ten vs Big Ten
2025,regular,7,401752734,2025-10-11 16:00:00+00:00,Missouri,Alabama,SEC,SEC,True,24,27,fbs,fbs,Missouri,Missouri,Missouri,Alabama,0,0,0,higher_spi_home_field_adjusted,higher_spi,higher_spi_home_field_adjusted,92.08561362256852,84.9295307021336,57.545,42.455,63.968,36.032,0.067059,2025_w6,spi_rankings_2025_w6.csv,136,,False,False,SEC vs SEC
2025,regular,7,401762835,2025-10-11 16:00:00+00:00,Bowling Green,Toledo,Mid-American,Mid-American,True,28,23,fbs,fbs,Toledo,Toledo,Toledo,Bowling Green,0,0,0,higher_spi_home_field_adjusted,higher_spi,higher_spi_home_field_adjusted,41.20717710009089,57.58637549167507,33.267,66.733,39.502,60.498,0.067059,2025_w6,spi_rankings_2025_w6.csv,136,,False,False,Mid-American vs Mid-American
2025,regular,7,401762833,2025-10-11 16:00:00+00:00,Akron,Miami (OH),Mid-American,Mid-American,True,7,20,fbs,fbs,Miami (OH),Miami (OH),Miami (OH),Miami (OH),1,1,1,higher_spi_home_field_adjusted,higher_spi,higher_spi_home_field_adjusted,24.327258555182496,38.16553481824935,35.706,64.294,42.11,57.89,0.067059,2025_w6,spi_rankings_2025_w6.csv,136,,False,False,Mid-American vs Mid-American
2025,regular,7,401752733,2025-10-11 16:45:00+00:00,Ole Miss,Washington State,SEC,Pac-12,False,24,21,fbs,fbs,Ole Miss,Ole Miss,Ole Miss,Ole Miss,1,1,1,higher_spi_home_field_adjusted,higher_spi,higher_spi_home_field_adjusted,86.93212945920523,52.978156848080936,80.893,19.107,84.721,15.279,0.067059,2025_w6,spi_rankings_2025_w6.csv,136,,False,False,Pac-12 vs SEC
2025,regular,7,401762836,2025-10-11 17:00:00+00:00,Eastern Michigan,Northern Illinois,Mid-American,Mid-American,True,16,10,fbs,fbs,Northern Illinois,Northern Illinois,Northern Illinois,Eastern Michigan,0,0,0,higher_spi_home_field_adjusted,higher_spi,higher_spi_home_field_adjusted,9.699211045364889,27.101576609002283,32.309,67.691,38.468,61.532,0.067059,2025_w6,spi_rankings_2025_w6.csv,136,,False,False,Mid-American vs Mid-American
2025,regular,7,401762837,2025-10-11 18:30:00+00:00,Kent State,Massachusetts,Mid-American,Mid-American,True,42,6,fbs,fbs,Kent State,Kent State,Kent State,Kent State,1,1,1,higher_spi_home_field_adjusted,higher_spi,higher_spi_home_field_adjusted,22.396552608164143,13.287107940707036,59.56,40.44,65.859,34.141,0.067059,2025_w6,spi_rankings_2025_w6.csv,136,,False,False,Mid-American vs Mid-American
2025,regular,7,401752870,2025-10-11 19:30:00+00:00,Oregon,Indiana,Big Ten,Big Ten,True,20,30,fbs,fbs,Indiana,Indiana,Indiana,Indiana,1,1,1,higher_spi_home_field_adjusted,higher_spi,higher_spi_home_field_adjusted,91.38604064380014,100.0,40.949,59.051,47.596,52.404,0.067059,2025_w6,spi_rankings_2025_w6.csv,136,,False,False,Big Ten vs Big Ten
2025,regular,7,401760386,2025-10-11 19:30:00+00:00,UNLV,Air Force,Mountain West,Mountain West,True,51,48,fbs,fbs,UNLV,UNLV,UNLV,UNLV,1,1,1,higher_spi_home_field_adjusted,higher_spi,higher_spi_home_field_adjusted,74.21058455747051,35.3787331848215,83.894,16.106,87.216,12.784,0.067059,2025_w6,spi_rankings_2025_w6.csv,136,,False,False,Mountain West vs Mountain West
2025,regular,7,401756919,2025-10-11 19:30:00+00:00,Kansas State,TCU,Big 12,Big 12,True,41,28,fbs,fbs,TCU,TCU,TCU,Kansas State,0,0,0,higher_spi_home_field_adjusted,higher_spi,higher_spi_home_field_adjusted,45.60126732332183,76.91816067536114,20.9,79.1,25.71,74.29,0.067059,2025_w6,spi_rankings_2025_w6.csv,136,,False,False,Big 12 vs Big 12
2025,regular,7,401761624,2025-10-11 19:30:00+00:00,Georgia State,App State,Sun Belt,Sun Belt,True,20,41,fbs,fbs,App State,App State,App State,App State,1,1,1,higher_spi_home_field_adjusted,higher_spi,higher_spi_home_field_adjusted,33.389297407425786,50.41977549713141,32.656,67.344,38.843,61.157,0.067059,2025_w6,spi_rankings_2025_w6.csv,136,,False,False,Sun Belt vs Sun Belt
2025,regular,7,401756918,2025-10-11 19:30:00+00:00,Colorado,Iowa State,Big 12,Big 12,True,24,17,fbs,fbs,Iowa State,Iowa State,Iowa State,Colorado,0,0,0,higher_spi_home_field_adjusted,higher_spi,higher_spi_home_field_adjusted,44.4434176464908,82.82314431908043,16.367,83.633,20.403,79.597,0.067059,2025_w6,spi_rankings_2025_w6.csv,136,,False,False,Big 12 vs Big 12
2025,regular,7,401752866,2025-10-11 19:30:00+00:00,Penn State,Northwestern,Big Ten,Big Ten,True,21,22,fbs,fbs,Penn State,Penn State,Penn State,Northwestern,0,0,0,higher_spi_home_field_adjusted,higher_spi,higher_spi_home_field_adjusted,67.26129635621567,63.39533856754305,54.098,45.902,60.687,39.313,0.067059,2025_w6,spi_rankings_2025_w6.csv,136,,False,False,Big Ten vs Big Ten
2025,regular,7,401752867,2025-10-11 19:30:00+00:00,Maryland,Nebraska,Big Ten,Big Ten,True,31,34,fbs,fbs,Nebraska,Nebraska,Nebraska,Nebraska,1,1,1,higher_spi_home_field_adjusted,higher_spi,higher_spi_home_field_adjusted,71.02032574951546,83.5557982516878,36.987,63.013,43.465,56.535,0.067059,2025_w6,spi_rankings_2025_w6.csv,136,,False,False,Big Ten vs Big Ten
2025,regular,7,401754563,2025-10-11 19:30:00+00:00,Oregon State,Wake Forest,Pac-12,ACC,False,14,39,fbs,fbs,Wake Forest,Wake Forest,Wake Forest,Wake Forest,1,1,1,higher_spi_home_field_adjusted,higher_spi,higher_spi_home_field_adjusted,20.47265049844552,61.87778841973067,14.683,85.317,18.394,81.606,0.067059,2025_w6,spi_rankings_2025_w6.csv,136,,False,False,ACC vs Pac-12
2025,regular,7,401754560,2025-10-11 19:30:00+00:00,Georgia Tech,Virginia Tech,ACC,ACC,True,35,20,fbs,fbs,Georgia Tech,Georgia Tech,Georgia Tech,Georgia Tech,1,1,1,higher_spi_home_field_adjusted,higher_spi,higher_spi_home_field_adjusted,86.18956990561671,40.00441032056773,87.684,12.316,90.315,9.685,0.067059,2025_w6,spi_rankings_2025_w6.csv,136,,False,False,ACC vs ACC
2025,regular,7,401762834,2025-10-11 19:30:00+00:00,Western Michigan,Ball State,Mid-American,Mid-American,True,42,0,fbs,fbs,Western Michigan,Western Michigan,Western Michigan,Western Michigan,1,1,1,higher_spi_home_field_adjusted,higher_spi,higher_spi_home_field_adjusted,44.57936180534706,30.004999467415267,65.008,34.992,70.874,29.126,0.067059,2025_w6,spi_rankings_2025_w6.csv,136,,False,False,Mid-American vs Mid-American
2025,regular,7,401754562,2025-10-11 19:30:00+00:00,Notre Dame,NC State,FBS Independents,ACC,False,36,7,fbs,fbs,Notre Dame,Notre Dame,Notre Dame,Notre Dame,1,1,1,higher_spi_home_field_adjusted,higher_spi,higher_spi_home_field_adjusted,73.09465398487703,70.3708148302799,52.891,47.109,59.523,40.477,0.067059,2025_w6,spi_rankings_2025_w6.csv,136,,False,False,ACC vs FBS Independents
2025,regular,7,401761626,2025-10-11 19:30:00+00:00,Marshall,Old Dominion,Sun Belt,Sun Belt,True,48,24,fbs,fbs,Old Dominion,Old Dominion,Old Dominion,Marshall,0,0,0,higher_spi_home_field_adjusted,higher_spi,higher_spi_home_field_adjusted,45.45230744736871,78.72118524250742,19.562,80.438,24.157,75.843,0.067059,2025_w6,spi_rankings_2025_w6.csv,136,,False,False,Sun Belt vs Sun Belt
2025,regular,7,401752736,2025-10-11 19:30:00+00:00,Texas,Oklahoma,SEC,SEC,True,23,6,fbs,fbs,Oklahoma,Oklahoma,Oklahoma,Texas,0,0,0,higher_spi_home_field_adjusted,higher_spi,higher_spi_home_field_adjusted,68.26798384767217,90.18819104289004,28.26,71.74,28.26,71.74,0.067059,2025_w6,spi_rankings_2025_w6.csv,136,Allstate Red River Rivalry,False,False,SEC vs SEC
2025,regular,7,401762484,2025-10-11 20:00:00+00:00,Temple,Navy,American Athletic,American Athletic,True,31,32,fbs,fbs,Navy,Navy,Navy,Navy,1,1,1,higher_spi_home_field_adjusted,higher_spi,higher_spi_home_field_adjusted,60.18262684734743,76.74153156215012,33.098,66.902,39.32,60.68,0.067059,2025_w6,spi_rankings_2025_w6.csv,136,,False,False,American Athletic vs American Athletic
2025,regular,7,401752735,2025-10-11 20:15:00+00:00,Tennessee,Arkansas,SEC,SEC,True,34,31,fbs,fbs,Tennessee,Tennessee,Tennessee,Tennessee,1,1,1,higher_spi_home_field_adjusted,higher_spi,higher_spi_home_field_adjusted,79.85942352146623,58.71828854565574,71.064,28.936,76.285,23.715,0.067059,2025_w6,spi_rankings_2025_w6.csv,136,,False,False,SEC vs SEC
2025,regular,7,401762482,2025-10-11 22:00:00+00:00,Florida Atlantic,UAB,American Athletic,American Athletic,True,53,33,fbs,fbs,Florida Atlantic,UAB,Florida Atlantic,Florida Atlantic,1,0,1,higher_spi_home_field_adjusted,higher_spi,higher_spi_home_field_adjusted,41.54709841123856,43.45843908627051,47.97,52.03,54.702,45.298,0.067059,2025_w6,spi_rankings_2025_w6.csv,136,,False,False,American Athletic vs American Athletic
2025,regular,7,401752737,2025-10-11 23:00:00+00:00,Texas A&M,Florida,SEC,SEC,True,34,17,fbs,fbs,Texas A&M,Texas A&M,Texas A&M,Texas A&M,1,1,1,higher_spi_home_field_adjusted,higher_spi,higher_spi_home_field_adjusted,85.72455635994002,52.27124468112368,80.562,19.438,84.444,15.556,0.067059,2025_w6,spi_rankings_2025_w6.csv,136,,False,False,SEC vs SEC
2025,regular,7,401760391,2025-10-11 23:00:00+00:00,Wyoming,San José State,Mountain West,Mountain West,True,35,28,fbs,fbs,Wyoming,Wyoming,Wyoming,Wyoming,1,1,1,higher_spi_home_field_adjusted,higher_spi,higher_spi_home_field_adjusted,38.195083749504114,37.04764824024148,51.219,48.781,57.899,42.101,0.067059,2025_w6,spi_rankings_2025_w6.csv,136,,False,False,Mountain West vs Mountain West
2025,regular,7,401752869,2025-10-11 23:00:00+00:00,Wisconsin,Iowa,Big Ten,Big Ten,True,0,37,fbs,fbs,Iowa,Iowa,Iowa,Iowa,1,1,1,higher_spi_home_field_adjusted,higher_spi,higher_spi_home_field_adjusted,54.500305680547754,66.04192140759137,37.977,62.023,44.506,55.494,0.067059,2025_w6,spi_rankings_2025_w6.csv,136,,False,False,Big Ten vs Big Ten
2025,regular,7,401761623,2025-10-11 23:00:00+00:00,Coastal Carolina,UL Monroe,Sun Belt,Sun Belt,True,23,8,fbs,fbs,UL Monroe,UL Monroe,UL Monroe,Coastal Carolina,0,0,0,higher_spi_home_field_adjusted,higher_spi,higher_spi_home_field_adjusted,36.50978802066775,52.13374632217388,33.984,66.016,40.272,59.728,0.067059,2025_w6,spi_rankings_2025_w6.csv,136,,False,False,Sun Belt vs Sun Belt
2025,regular,7,401752864,2025-10-11 23:30:00+00:00,Minnesota,Purdue,Big Ten,Big Ten,True,27,20,fbs,fbs,Minnesota,Minnesota,Minnesota,Minnesota,1,1,1,higher_spi_home_field_adjusted,higher_spi,higher_spi_home_field_adjusted,60.379940698450774,52.18895223389375,58.616,41.384,64.976,35.024,0.067059,2025_w6,spi_rankings_2025_w6.csv,136,,False,False,Big Ten vs Big Ten
2025,regular,7,401752731,2025-10-11 23:30:00+00:00,Auburn,Georgia,SEC,SEC,True,10,20,fbs,fbs,Georgia,Georgia,Georgia,Georgia,1,1,1,higher_spi_home_field_adjusted,higher_spi,higher_spi_home_field_adjusted,69.719300949794,81.06600361404162,38.172,61.828,44.711,55.289,0.067059,2025_w6,spi_rankings_2025_w6.csv,136,,False,False,SEC vs SEC
2025,regular,7,401756921,2025-10-11 23:30:00+00:00,Texas Tech,Kansas,Big 12,Big 12,True,42,17,fbs,fbs,Texas Tech,Texas Tech,Texas Tech,Texas Tech,1,1,1,higher_spi_home_field_adjusted,higher_spi,higher_spi_home_field_adjusted,92.07077645811276,71.76398692964278,70.33,29.67,75.637,24.363,0.067059,2025_w6,spi_rankings_2025_w6.csv,136,,False,False,Big 12 vs Big 12
2025,regular,7,401754558,2025-10-11 23:30:00+00:00,Boston College,Clemson,ACC,ACC,True,10,41,fbs,fbs,Clemson,Clemson,Clemson,Clemson,1,1,1,higher_spi_home_field_adjusted,higher_spi,higher_spi_home_field_adjusted,32.60437150138185,50.4150707274554,31.931,68.069,38.058,61.942,0.067059,2025_w6,spi_rankings_2025_w6.csv,136,,False,False,ACC vs ACC
2025,regular,7,401752868,2025-10-11 23:30:00+00:00,USC,Michigan,Big Ten,Big Ten,True,31,13,fbs,fbs,USC,Michigan,USC,USC,1,0,1,higher_spi_home_field_adjusted,higher_spi,higher_spi_home_field_adjusted,76.43128810137507,78.77078038494474,47.516,52.484,54.251,45.749,0.067059,2025_w6,spi_rankings_2025_w6.csv,136,,False,False,Big Ten vs Big Ten
2025,regular,7,401762485,2025-10-11 23:30:00+00:00,UTSA,Rice,American Athletic,American Athletic,True,61,13,fbs,fbs,UTSA,Rice,UTSA,UTSA,1,0,1,higher_spi_home_field_adjusted,higher_spi,higher_spi_home_field_adjusted,44.9903103040448,44.99364436112165,49.996,50.004,56.702,43.298,0.067059,2025_w6,spi_rankings_2025_w6.csv,136,,False,False,American Athletic vs American Athletic
2025,regular,7,401752732,2025-10-11 23:45:00+00:00,LSU,South Carolina,SEC,SEC,True,20,10,fbs,fbs,LSU,LSU,LSU,LSU,1,1,1,higher_spi_home_field_adjusted,higher_spi,higher_spi_home_field_adjusted,84.57261219898406,63.56541779038828,70.947,29.053,76.182,23.818,0.067059,2025_w6,spi_rankings_2025_w6.csv,136,,False,False,SEC vs SEC
2025,regular,7,401756916,2025-10-12 00:00:00+00:00,Arizona,BYU,Big 12,Big 12,True,27,33,fbs,fbs,BYU,BYU,BYU,BYU,1,1,1,higher_spi_home_field_adjusted,higher_spi,higher_spi_home_field_adjusted,74.02633079209379,85.55012779525202,37.995,62.005,44.525,55.475,0.067059,2025_w6,spi_rankings_2025_w6.csv,136,,False,False,Big 12 vs Big 12
2025,regular,7,401761627,2025-10-12 00:00:00+00:00,Texas State,Troy,Sun Belt,Sun Belt,True,41,48,fbs,fbs,Texas State,Texas State,Texas State,Troy,0,0,0,higher_spi_home_field_adjusted,higher_spi,higher_spi_home_field_adjusted,58.78830932663146,55.535838177698984,53.45,46.55,60.063,39.937,0.067059,2025_w6,spi_rankings_2025_w6.csv,136,,False,False,Sun Belt vs Sun Belt
2025,regular,7,401760387,2025-10-12 01:45:00+00:00,Boise State,New Mexico,Mountain West,Mountain West,True,41,25,fbs,fbs,Boise State,New Mexico,Boise State,Boise State,1,0,1,higher_spi_home_field_adjusted,higher_spi,higher_spi_home_field_adjusted,57.38351853954781,60.15233844351873,47.062,52.938,53.797,46.203,0.067059,2025_w6,spi_rankings_2025_w6.csv,136,,False,False,Mountain West vs Mountain West
2025,regular,7,401756922,2025-10-12 02:15:00+00:00,Utah,Arizona State,Big 12,Big 12,True,42,10,fbs,fbs,Utah,Utah,Utah,Utah,1,1,1,higher_spi_home_field_adjusted,higher_spi,higher_spi_home_field_adjusted,78.90275154686049,68.92386684783291,60.446,39.554,66.685,33.315,0.067059,2025_w6,spi_rankings_2025_w6.csv,136,,False,False,Big 12 vs Big 12
2025,regular,7,401760390,2025-10-12 02:30:00+00:00,Nevada,San Diego State,Mountain West,Mountain West,True,10,44,fbs,fbs,San Diego State,San Diego State,San Diego State,San Diego State,1,1,1,higher_spi_home_field_adjusted,higher_spi,higher_spi_home_field_adjusted,24.042010396604468,68.2342137200992,13.26,86.74,16.682,83.318,0.067059,2025_w6,spi_rankings_2025_w6.csv,136,,False,False,Mountain West vs Mountain West
2025,regular,7,401760389,2025-10-12 03:59:00+00:00,Hawai'i,Utah State,Mountain West,Mountain West,True,44,26,fbs,fbs,Hawai'i,Utah State,Hawai'i,Hawai'i,1,0,1,higher_spi_home_field_adjusted,higher_spi,higher_spi_home_field_adjusted,57.27553693403232,61.71430479069871,45.298,54.702,52.029,47.971,0.067059,2025_w6,spi_rankings_2025_w6.csv,136,,False,False,Mountain West vs Mountain West
2025,regular,8,401757282,2025-10-14 23:00:00+00:00,Liberty,New Mexico State,Conference USA,Conference USA,True,30,27,fbs,fbs,New Mexico State,New Mexico State,New Mexico State,Liberty,0,0,0,higher_spi_home_field_adjusted,higher_spi,higher_spi_home_field_adjusted,26.809698025587902,42.166439988177295,34.239,65.761,40.545,59.455,0.067059,2025_w7,spi_rankings_2025_w7.csv,136,,False,False,Conference USA vs Conference USA
2025,regular,8,401761628,2025-10-14 23:30:00+00:00,South Alabama,Arkansas State,Sun Belt,Sun Belt,True,14,15,fbs,fbs,South Alabama,Arkansas State,South Alabama,Arkansas State,0,1,0,higher_spi_home_field_adjusted,higher_spi,higher_spi_home_field_adjusted,18.45202468630163,24.198821416555184,43.924,56.076,50.641,49.359,0.067059,2025_w7,spi_rankings_2025_w7.csv,136,,False,False,Sun Belt vs Sun Belt
2025,regular,8,401757281,2025-10-15 00:00:00+00:00,Western Kentucky,Florida International,Conference USA,Conference USA,True,6,25,fbs,fbs,Western Kentucky,Western Kentucky,Western Kentucky,Florida International,0,0,0,higher_spi_home_field_adjusted,higher_spi,higher_spi_home_field_adjusted,58.367846975699365,33.00062389218471,74.614,25.386,79.38,20.62,0.067059,2025_w7,spi_rankings_2025_w7.csv,136,,False,False,Conference USA vs Conference USA
2025,regular,8,401757284,2025-10-15 23:00:00+00:00,Sam Houston,UTEP,Conference USA,Conference USA,True,17,35,fbs,fbs,UTEP,UTEP,UTEP,UTEP,1,1,1,higher_spi_home_field_adjusted,higher_spi,higher_spi_home_field_adjusted,4.027806025905309,16.520452561406497,37.03,62.97,37.03,62.97,0.067059,2025_w7,spi_rankings_2025_w7.csv,136,,False,False,Conference USA vs Conference USA
2025,regular,8,401757283,2025-10-15 23:00:00+00:00,Jacksonville State,Delaware,Conference USA,Conference USA,True,38,25,fbs,fbs,Delaware,Delaware,Delaware,Jacksonville State,0,0,0,higher_spi_home_field_adjusted,higher_spi,higher_spi_home_field_adjusted,36.38279669283116,48.247179670773086,37.655,62.345,44.167,55.833,0.067059,2025_w7,spi_rankings_2025_w7.csv,136,,False,False,Conference USA vs Conference USA
2025,regular,8,401762486,2025-10-16 23:30:00+00:00,East Carolina,Tulsa,American Athletic,American Athletic,True,41,27,fbs,fbs,East Carolina,East Carolina,East Carolina,East Carolina,1,1,1,higher_spi_home_field_adjusted,higher_spi,higher_spi_home_field_adjusted,58.77701539297349,29.60003962615035,77.557,22.443,81.904,18.096,0.067059,2025_w7,spi_rankings_2025_w7.csv,136,,False,False,American Athletic vs American Athletic
2025,regular,8,401754564,2025-10-17 23:00:00+00:00,Miami,Louisville,ACC,ACC,True,21,24,fbs,fbs,Miami,Miami,Miami,Louisville,0,0,0,higher_spi_home_field_adjusted,higher_spi,higher_spi_home_field_adjusted,84.3645017066219,71.53123393494714,63.307,36.693,69.323,30.677,0.067059,2025_w7,spi_rankings_2025_w7.csv,136,,False,False,ACC vs ACC
2025,regular,8,401752872,2025-10-18 00:00:00+00:00,Minnesota,Nebraska,Big Ten,Big Ten,True,24,6,fbs,fbs,Nebraska,Nebraska,Nebraska,Minnesota,0,0,0,higher_spi_home_field_adjusted,higher_spi,higher_spi_home_field_adjusted,57.28673783401952,77.01113681936734,30.19,69.81,36.16,63.84,0.067059,2025_w7,spi_rankings_2025_w7.csv,136,,False,False,Big Ten vs Big Ten
2025,regular,8,401760396,2025-10-18 01:00:00+00:00,Utah State,San José State,Mountain West,Mountain West,True,30,25,fbs,fbs,Utah State,Utah State,Utah State,Utah State,1,1,1,higher_spi_home_field_adjusted,higher_spi,higher_spi_home_field_adjusted,46.800442692984305,26.009070834525964,70.757,29.243,76.015,23.985,0.067059,2025_w7,spi_rankings_2025_w7.csv,136,,False,False,Mountain West vs Mountain West
2025,regular,8,401754371,2025-10-18 02:30:00+00:00,California,North Carolina,ACC,ACC,True,21,18,fbs,fbs,California,California,California,California,1,1,1,higher_spi_home_field_adjusted,higher_spi,higher_spi_home_field_adjusted,55.063545062312656,35.83133316909063,69.368,30.632,74.786,25.214,0.067059,2025_w7,spi_rankings_2025_w7.csv,136,,False,False,ACC vs ACC
2025,regular,8,401752745,2025-10-18 16:00:00+00:00,Vanderbilt,LSU,SEC,SEC,True,31,24,fbs,fbs,Vanderbilt,LSU,Vanderbilt,Vanderbilt,1,0,1,higher_spi_home_field_adjusted,higher_spi,higher_spi_home_field_adjusted,77.61444144120951,80.5255602044787,46.911,53.089,53.647,46.353,0.067059,2025_w7,spi_rankings_2025_w7.csv,136,,False,False,SEC vs SEC
2025,regular,8,401754566,2025-10-18 16:00:00+00:00,Duke,Georgia Tech,ACC,ACC,True,18,27,fbs,fbs,Georgia Tech,Georgia Tech,Georgia Tech,Georgia Tech,1,1,1,higher_spi_home_field_adjusted,higher_spi,higher_spi_home_field_adjusted,61.85828681247497,82.2689726586452,29.578,70.422,35.489,64.511,0.067059,2025_w7,spi_rankings_2025_w7.csv,136,,False,False,ACC vs ACC
2025,regular,8,401756925,2025-10-18 16:00:00+00:00,Houston,Arizona,Big 12,Big 12,True,31,28,fbs,fbs,Houston,Houston,Houston,Houston,1,1,1,higher_spi_home_field_adjusted,higher_spi,higher_spi_home_field_adjusted,66.23809642016748,63.091772722752424,53.338,46.662,59.955,40.045,0.067059,2025_w7,spi_rankings_2025_w7.csv,136,,False,False,Big 12 vs Big 12
2025,regular,8,401756927,2025-10-18 16:00:00+00:00,TCU,Baylor,Big 12,Big 12,True,42,36,fbs,fbs,TCU,TCU,TCU,TCU,1,1,1,higher_spi_home_field_adjusted,higher_spi,higher_spi_home_field_adjusted,63.63290240557262,59.866214831694755,53.994,46.006,60.586,39.414,0.067059,2025_w7,spi_rankings_2025_w7.csv,136,,False,False,Big 12 vs Big 12
2025,regular,8,401752873,2025-10-18 16:00:00+00:00,Michigan,Washington,Big Ten,Big Ten,True,24,7,fbs,fbs,Washington,Washington,Washington,Michigan,0,0,0,higher_spi_home_field_adjusted,higher_spi,higher_spi_home_field_adjusted,65.9335934327868,74.22263458459244,41.283,58.717,47.941,52.059,0.067059,2025_w7,spi_rankings_2025_w7.csv,136,,False,False,Big Ten vs Big Ten
2025,regular,8,401762488,2025-10-18 16:00:00+00:00,Tulane,Army,American Athletic,American Athletic,True,24,17,fbs,fbs,Tulane,Tulane,Tulane,Tulane,1,1,1,higher_spi_home_field_adjusted,higher_spi,higher_spi_home_field_adjusted,73.82473241026001,38.68280441986117,81.661,18.339,85.363,14.637,0.067059,2025_w7,spi_rankings_2025_w7.csv,136,,False,False,American Athletic vs American Athletic
2025,regular,8,401762839,2025-10-18 16:00:00+00:00,Bowling Green,Central Michigan,Mid-American,Mid-American,True,6,27,fbs,fbs,Bowling Green,Bowling Green,Bowling Green,Central Michigan,0,0,0,higher_spi_home_field_adjusted,higher_spi,higher_spi_home_field_adjusted,40.220156929029194,37.22425558055748,53.179,46.821,59.801,40.199,0.067059,2025_w7,spi_rankings_2025_w7.csv,136,,False,False,Mid-American vs Mid-American
2025,regular,8,401754569,2025-10-18 16:00:00+00:00,Boston College,UConn,ACC,FBS Independents,False,23,38,fbs,fbs,UConn,UConn,UConn,UConn,1,1,1,higher_spi_home_field_adjusted,higher_spi,higher_spi_home_field_adjusted,24.397396587278003,53.81478127317688,22.266,77.734,27.282,72.718,0.067059,2025_w7,spi_rankings_2025_w7.csv,136,,False,False,ACC vs FBS Independents
2025,regular,8,401762841,2025-10-18 16:00:00+00:00,Miami (OH),Eastern Michigan,Mid-American,Mid-American,True,44,30,fbs,fbs,Miami (OH),Miami (OH),Miami (OH),Miami (OH),1,1,1,higher_spi_home_field_adjusted,higher_spi,higher_spi_home_field_adjusted,36.440659340887805,10.573333333333329,75.014,24.986,79.725,20.275,0.067059,2025_w7,spi_rankings_2025_w7.csv,136,,False,False,Mid-American vs Mid-American
2025,regular,8,401752744,2025-10-18 16:45:00+00:00,South Carolina,Oklahoma,SEC,SEC,True,7,26,fbs,fbs,Oklahoma,Oklahoma,Oklahoma,Oklahoma,1,1,1,higher_spi_home_field_adjusted,higher_spi,higher_spi_home_field_adjusted,51.12457128649913,72.21394549429256,28.981,71.019,34.832,65.168,0.067059,2025_w7,spi_rankings_2025_w7.csv,136,,False,False,SEC vs SEC
2025,regular,8,401756928,2025-10-18 17:00:00+00:00,UCF,West Virginia,Big 12,Big 12,True,45,13,fbs,fbs,UCF,UCF,UCF,UCF,1,1,1,higher_spi_home_field_adjusted,higher_spi,higher_spi_home_field_adjusted,51.03961111127756,37.90896482766409,63.6,36.4,69.591,30.409,0.067059,2025_w7,spi_rankings_2025_w7.csv,136,,False,False,Big 12 vs Big 12
2025,regular,8,401762842,2025-10-18 18:00:00+00:00,Toledo,Kent State,Mid-American,Mid-American,True,45,10,fbs,fbs,Toledo,Toledo,Toledo,Toledo,1,1,1,higher_spi_home_field_adjusted,higher_spi,higher_spi_home_field_adjusted,45.206579202230934,23.14925966797496,71.858,28.142,76.982,23.018,0.067059,2025_w7,spi_rankings_2025_w7.csv,136,,False,False,Mid-American vs Mid-American
2025,regular,8,401762840,2025-10-18 18:30:00+00:00,Massachusetts,Buffalo,Mid-American,Mid-American,True,21,28,fbs,fbs,Buffalo,Buffalo,Buffalo,Buffalo,1,1,1,higher_spi_home_field_adjusted,higher_spi,higher_spi_home_field_adjusted,0.34763838746932,42.613682207006086,14.23,85.77,17.851,82.149,0.067059,2025_w7,spi_rankings_2025_w7.csv,136,,False,False,Mid-American vs Mid-American
2025,regular,8,401752874,2025-10-18 19:00:00+00:00,Northwestern,Purdue,Big Ten,Big Ten,True,19,0,fbs,fbs,Northwestern,Northwestern,Northwestern,Northwestern,1,1,1,higher_spi_home_field_adjusted,higher_spi,higher_spi_home_field_adjusted,61.5253810621236,39.87008786291486,71.511,28.489,76.678,23.322,0.067059,2025_w7,spi_rankings_2025_w7.csv,136,,False,False,Big Ten vs Big Ten
2025,regular,8,401761633,2025-10-18 19:00:00+00:00,UL Monroe,Troy,Sun Belt,Sun Belt,True,14,37,fbs,fbs,Troy,Troy,Troy,Troy,1,1,1,higher_spi_home_field_adjusted,higher_spi,higher_spi_home_field_adjusted,38.871706616797866,53.459385850110166,34.979,65.021,41.335,58.665,0.067059,2025_w7,spi_rankings_2025_w7.csv,136,,False,False,Sun Belt vs Sun Belt
2025,regular,8,401761632,2025-10-18 19:30:00+00:00,Marshall,Texas State,Sun Belt,Sun Belt,True,40,37,fbs,fbs,Marshall,Texas State,Marshall,Marshall,1,0,1,higher_spi_home_field_adjusted,higher_spi,higher_spi_home_field_adjusted,46.160829016764886,46.84848437597995,49.269,50.731,55.987,44.013,0.067059,2025_w7,spi_rankings_2025_w7.csv,136,,False,False,Sun Belt vs Sun Belt
2025,regular,8,401760392,2025-10-18 19:30:00+00:00,Air Force,Wyoming,Mountain West,Mountain West,True,24,21,fbs,fbs,Wyoming,Wyoming,Wyoming,Air Force,0,0,0,higher_spi_home_field_adjusted,higher_spi,higher_spi_home_field_adjusted,26.474911386904864,40.4464879054655,35.577,64.423,41.972,58.028,0.067059,2025_w7,spi_rankings_2025_w7.csv,136,,False,False,Mountain West vs Mountain West
2025,regular,8,401762838,2025-10-18 19:30:00+00:00,Ball State,Akron,Mid-American,Mid-American,True,42,28,fbs,fbs,Ball State,Ball State,Ball State,Ball State,1,1,1,higher_spi_home_field_adjusted,higher_spi,higher_spi_home_field_adjusted,17.011168808578596,15.073328821856608,52.058,47.942,58.716,41.284,0.067059,2025_w7,spi_rankings_2025_w7.csv,136,,False,False,Mid-American vs Mid-American
2025,regular,8,401752878,2025-10-18 19:30:00+00:00,Indiana,Michigan State,Big Ten,Big Ten,True,38,13,fbs,fbs,Indiana,Indiana,Indiana,Indiana,1,1,1,higher_spi_home_field_adjusted,higher_spi,higher_spi_home_field_adjusted,98.97333333333331,47.38519529665813,89.957,10.043,92.146,7.854,0.067059,2025_w7,spi_rankings_2025_w7.csv,136,,False,False,Big Ten vs Big Ten
2025,regular,8,401760393,2025-10-18 19:30:00+00:00,Boise State,UNLV,Mountain West,Mountain West,True,56,31,fbs,fbs,UNLV,UNLV,UNLV,Boise State,0,0,0,higher_spi_home_field_adjusted,higher_spi,higher_spi_home_field_adjusted,56.58189741899873,70.52022514417148,35.609,64.391,42.006,57.994,0.067059,2025_w7,spi_rankings_2025_w7.csv,136,,False,False,Mountain West vs Mountain West
2025,regular,8,401752742,2025-10-18 19:30:00+00:00,Georgia,Ole Miss,SEC,SEC,True,43,35,fbs,fbs,Georgia,Ole Miss,Georgia,Georgia,1,0,1,higher_spi_home_field_adjusted,higher_spi,higher_spi_home_field_adjusted,77.47122371553718,82.0400319060504,45.161,54.839,51.891,48.109,0.067059,2025_w7,spi_rankings_2025_w7.csv,136,,False,False,SEC vs SEC
2025,regular,8,401762491,2025-10-18 19:30:00+00:00,North Texas,UTSA,American Athletic,American Athletic,True,55,17,fbs,fbs,North Texas,North Texas,North Texas,North Texas,1,1,1,higher_spi_home_field_adjusted,higher_spi,higher_spi_home_field_adjusted,69.73837586145125,46.78259752256864,72.624,27.376,77.652,22.348,0.067059,2025_w7,spi_rankings_2025_w7.csv,136,,False,False,American Athletic vs American Athletic
2025,regular,8,401752877,2025-10-18 19:30:00+00:00,Wisconsin,Ohio State,Big Ten,Big Ten,True,0,34,fbs,fbs,Ohio State,Ohio State,Ohio State,Ohio State,1,1,1,higher_spi_home_field_adjusted,higher_spi,higher_spi_home_field_adjusted,39.27951945496371,94.70297388090604,8.663,91.337,11.05,88.95,0.067059,2025_w7,spi_rankings_2025_w7.csv,136,,False,False,Big Ten vs Big Ten
2025,regular,8,401762843,2025-10-18 19:30:00+00:00,Ohio,Northern Illinois,Mid-American,Mid-American,True,48,21,fbs,fbs,Ohio,Ohio,Ohio,Ohio,1,1,1,higher_spi_home_field_adjusted,higher_spi,higher_spi_home_field_adjusted,41.50436584126047,14.99277293308011,75.524,24.476,80.164,19.836,0.067059,2025_w7,spi_rankings_2025_w7.csv,136,,False,False,Mid-American vs Mid-American
2025,regular,8,401762489,2025-10-18 19:30:00+00:00,Charlotte,Temple,American Athletic,American Athletic,True,14,49,fbs,fbs,Temple,Temple,Temple,Temple,1,1,1,higher_spi_home_field_adjusted,higher_spi,higher_spi_home_field_adjusted,14.796657015726431,49.519966588085765,18.607,81.393,23.043,76.957,0.067059,2025_w7,spi_rankings_2025_w7.csv,136,,False,False,American Athletic vs American Athletic
2025,regular,8,401754565,2025-10-18 19:30:00+00:00,Clemson,SMU,ACC,ACC,True,24,35,fbs,fbs,Clemson,SMU,Clemson,SMU,0,1,0,higher_spi_home_field_adjusted,higher_spi,higher_spi_home_field_adjusted,53.00283237332476,57.32118072442935,45.425,54.575,52.157,47.843,0.067059,2025_w7,spi_rankings_2025_w7.csv,136,,False,False,ACC vs ACC
2025,regular,8,401752739,2025-10-18 19:30:00+00:00,Arkansas,Texas A&M,SEC,SEC,True,42,45,fbs,fbs,Texas A&M,Texas A&M,Texas A&M,Texas A&M,1,1,1,higher_spi_home_field_adjusted,higher_spi,higher_spi_home_field_adjusted,50.442777378721146,83.91131085425955,19.428,80.572,24.002,75.998,0.067059,2025_w7,spi_rankings_2025_w7.csv,136,,False,False,SEC vs SEC
2025,regular,8,401761631,2025-10-18 19:30:00+00:00,James Madison,Old Dominion,Sun Belt,Sun Belt,True,63,27,fbs,fbs,James Madison,Old Dominion,James Madison,James Madison,1,0,1,higher_spi_home_field_adjusted,higher_spi,higher_spi_home_field_adjusted,62.95116152262727,63.72884503403593,49.174,50.826,55.893,44.107,0.067059,2025_w7,spi_rankings_2025_w7.csv,136,,False,False,Sun Belt vs Sun Belt
2025,regular,8,401761629,2025-10-18 19:30:00+00:00,App State,Coastal Carolina,Sun Belt,Sun Belt,True,37,45,fbs,fbs,App State,App State,App State,Coastal Carolina,0,0,0,higher_spi_home_field_adjusted,higher_spi,higher_spi_home_field_adjusted,47.141667340616145,34.28100127144396,63.334,36.666,69.348,30.652,0.067059,2025_w7,spi_rankings_2025_w7.csv,136,,False,False,Sun Belt vs Sun Belt
2025,regular,8,401756923,2025-10-18 20:00:00+00:00,Arizona State,Texas Tech,Big 12,Big 12,True,26,22,fbs,fbs,Texas Tech,Texas Tech,Texas Tech,Arizona State,0,0,0,higher_spi_home_field_adjusted,higher_spi,higher_spi_home_field_adjusted,55.684425696290305,93.51088523697209,16.692,83.308,20.788,79.212,0.067059,2025_w7,spi_rankings_2025_w7.csv,136,,False,False,Big 12 vs Big 12
2025,regular,8,401762487,2025-10-18 20:00:00+00:00,UAB,Memphis,American Athletic,American Athletic,True,31,24,fbs,fbs,Memphis,Memphis,Memphis,UAB,0,0,0,higher_spi_home_field_adjusted,higher_spi,higher_spi_home_field_adjusted,33.311965551999265,80.5649433726511,11.834,88.166,14.952,85.048,0.067059,2025_w7,spi_rankings_2025_w7.csv,136,,False,False,American Athletic vs American Athletic
2025,regular,8,401752741,2025-10-18 20:15:00+00:00,Florida,Mississippi State,SEC,SEC,True,23,21,fbs,fbs,Mississippi State,Mississippi State,Mississippi State,Florida,0,0,0,higher_spi_home_field_adjusted,higher_spi,higher_spi_home_field_adjusted,47.17577347356456,72.2853263284168,25.594,74.406,31.06,68.94,0.067059,2025_w7,spi_rankings_2025_w7.csv,136,,False,False,SEC vs SEC
2025,regular,8,401761668,2025-10-18 21:00:00+00:00,Louisiana,Southern Miss,Sun Belt,Sun Belt,True,10,22,fbs,fbs,Southern Miss,Southern Miss,Southern Miss,Southern Miss,1,1,1,higher_spi_home_field_adjusted,higher_spi,higher_spi_home_field_adjusted,30.744923753617933,50.1768125342822,30.452,69.548,36.448,63.552,0.067059,2025_w7,spi_rankings_2025_w7.csv,136,,False,False,Sun Belt vs Sun Belt
2025,regular,8,401752876,2025-10-18 22:30:00+00:00,Rutgers,Oregon,Big Ten,Big Ten,True,10,56,fbs,fbs,Oregon,Oregon,Oregon,Oregon,1,1,1,higher_spi_home_field_adjusted,higher_spi,higher_spi_home_field_adjusted,52.954476968426256,79.09284355744146,24.771,75.229,30.132,69.868,0.067059,2025_w7,spi_rankings_2025_w7.csv,136,,False,False,Big Ten vs Big Ten
2025,regular,8,401752951,2025-10-18 22:30:00+00:00,Virginia,Washington State,ACC,Pac-12,False,22,20,fbs,fbs,Virginia,Virginia,Virginia,Virginia,1,1,1,higher_spi_home_field_adjusted,higher_spi,higher_spi_home_field_adjusted,71.87968383382005,48.66147747050995,72.845,27.155,77.845,22.155,0.067059,2025_w7,spi_rankings_2025_w7.csv,136,,False,False,ACC vs Pac-12
2025,regular,8,401752875,2025-10-18 23:00:00+00:00,Iowa,Penn State,Big Ten,Big Ten,True,25,24,fbs,fbs,Iowa,Iowa,Iowa,Iowa,1,1,1,higher_spi_home_field_adjusted,higher_spi,higher_spi_home_field_adjusted,62.8793849145505,56.75716809547422,56.468,43.532,62.95,37.05,0.067059,2025_w7,spi_rankings_2025_w7.csv,136,,False,False,Big Ten vs Big Ten
2025,regular,8,401752879,2025-10-18 23:00:00+00:00,UCLA,Maryland,Big Ten,Big Ten,True,20,17,fbs,fbs,Maryland,Maryland,Maryland,UCLA,0,0,0,higher_spi_home_field_adjusted,higher_spi,higher_spi_home_field_adjusted,34.152755413858685,62.971120187195105,22.71,77.29,27.79,72.21,0.067059,2025_w7,spi_rankings_2025_w7.csv,136,,False,False,Big Ten vs Big Ten
2025,regular,8,401752743,2025-10-18 23:00:00+00:00,Kentucky,Texas,SEC,SEC,True,13,16,fbs,fbs,Texas,Texas,Texas,Texas,1,1,1,higher_spi_home_field_adjusted,higher_spi,higher_spi_home_field_adjusted,49.54014526400628,66.59730345363592,32.631,67.369,38.816,61.184,0.067059,2025_w7,spi_rankings_2025_w7.csv,136,,False,False,SEC vs SEC
2025,regular,8,401761630,2025-10-18 23:00:00+00:00,Georgia Southern,Georgia State,Sun Belt,Sun Belt,True,41,24,fbs,fbs,Georgia Southern,Georgia Southern,Georgia Southern,Georgia Southern,1,1,1,higher_spi_home_field_adjusted,higher_spi,higher_spi_home_field_adjusted,32.64402177012744,20.32712867376098,62.796,37.204,68.855,31.145,0.067059,2025_w7,spi_rankings_2025_w7.csv,136,,False,False,Sun Belt vs Sun Belt
2025,regular,8,401760394,2025-10-18 23:00:00+00:00,Colorado State,Hawai'i,Mountain West,Mountain West,True,19,31,fbs,fbs,Hawai'i,Hawai'i,Hawai'i,Hawai'i,1,1,1,higher_spi_home_field_adjusted,higher_spi,higher_spi_home_field_adjusted,33.25994204380983,53.16585120634512,30.027,69.973,35.982,64.018,0.067059,2025_w7,spi_rankings_2025_w7.csv,136,,False,False,Mountain West vs Mountain West
2025,regular,8,401752738,2025-10-18 23:30:00+00:00,Alabama,Tennessee,SEC,SEC,True,37,20,fbs,fbs,Alabama,Alabama,Alabama,Alabama,1,1,1,higher_spi_home_field_adjusted,higher_spi,higher_spi_home_field_adjusted,81.4786708163121,75.58948843779693,56.225,43.775,62.718,37.282,0.067059,2025_w7,spi_rankings_2025_w7.csv,136,,False,False,SEC vs SEC
2025,regular,8,401754568,2025-10-18 23:30:00+00:00,Syracuse,Pittsburgh,ACC,ACC,True,13,30,fbs,fbs,Syracuse,Syracuse,Syracuse,Pittsburgh,0,0,0,higher_spi_home_field_adjusted,higher_spi,higher_spi_home_field_adjusted,56.991080167661266,55.39622980207655,51.694,48.306,58.362,41.638,0.067059,2025_w7,spi_rankings_2025_w7.csv,136,,False,False,ACC vs ACC
2025,regular,8,401752871,2025-10-18 23:30:00+00:00,Notre Dame,USC,FBS Independents,Big Ten,False,34,24,fbs,fbs,Notre Dame,USC,Notre Dame,Notre Dame,1,0,1,higher_spi_home_field_adjusted,higher_spi,higher_spi_home_field_adjusted,72.67746554230736,74.24297068614294,48.337,51.663,55.066,44.934,0.067059,2025_w7,spi_rankings_2025_w7.csv,136,,False,False,Big Ten vs FBS Independents
2025,regular,8,401762490,2025-10-18 23:30:00+00:00,South Florida,Florida Atlantic,American Athletic,American Athletic,True,48,13,fbs,fbs,South Florida,South Florida,South Florida,South Florida,1,1,1,higher_spi_home_field_adjusted,higher_spi,higher_spi_home_field_adjusted,72.4045198547677,38.69132587172507,80.734,19.266,84.588,15.412,0.067059,2025_w7,spi_rankings_2025_w7.csv,136,,False,False,American Athletic vs American Athletic
2025,regular,8,401752740,2025-10-18 23:45:00+00:00,Auburn,Missouri,SEC,SEC,True,17,23,fbs,fbs,Missouri,Missouri,Missouri,Missouri,1,1,1,higher_spi_home_field_adjusted,higher_spi,higher_spi_home_field_adjusted,61.813143546387984,78.74237778385316,32.75,67.25,38.945,61.055,0.067059,2025_w7,spi_rankings_2025_w7.csv,136,,False,False,SEC vs SEC
2025,regular,8,401756924,2025-10-19 00:00:00+00:00,BYU,Utah,Big 12,Big 12,True,24,21,fbs,fbs,BYU,Utah,BYU,BYU,1,0,1,higher_spi_home_field_adjusted,higher_spi,higher_spi_home_field_adjusted,82.1030975769799,84.74083131061863,47.2,52.8,53.936,46.064,0.067059,2025_w7,spi_rankings_2025_w7.csv,136,,False,False,Big 12 vs Big 12
2025,regular,8,401756926,2025-10-19 00:00:00+00:00,Oklahoma State,Cincinnati,Big 12,Big 12,True,17,49,fbs,fbs,Cincinnati,Cincinnati,Cincinnati,Cincinnati,1,1,1,higher_spi_home_field_adjusted,higher_spi,higher_spi_home_field_adjusted,22.46564647694209,74.28728879999917,9.953,90.047,12.647,87.353,0.067059,2025_w7,spi_rankings_2025_w7.csv,136,,False,False,Big 12 vs Big 12
2025,regular,8,401760395,2025-10-19 01:45:00+00:00,New Mexico,Nevada,Mountain West,Mountain West,True,24,22,fbs,fbs,New Mexico,New Mexico,New Mexico,New Mexico,1,1,1,higher_spi_home_field_adjusted,higher_spi,higher_spi_home_field_adjusted,46.31579764606253,13.607288924740455,80.061,19.939,84.023,15.977,0.067059,2025_w7,spi_rankings_2025_w7.csv,136,,False,False,Mountain West vs Mountain West
2025,regular,8,401752941,2025-10-19 02:00:00+00:00,Oregon State,Lafayette,Pac-12,Patriot,False,45,13,fbs,fcs,Oregon State,Oregon State,Oregon State,Oregon State,1,1,1,fbs_vs_fcs_rule,fbs_vs_fcs_rule,fbs_vs_fcs_rule,12.743391857177905,,100.0,0.0,100.0,0.0,0.067059,2025_w7,spi_rankings_2025_w7.csv,136,,False,False,Pac-12 vs Patriot
2025,regular,8,401754567,2025-10-19 02:30:00+00:00,Stanford,Florida State,ACC,ACC,True,20,13,fbs,fbs,Florida State,Florida State,Florida State,Stanford,0,0,0,higher_spi_home_field_adjusted,higher_spi,higher_spi_home_field_adjusted,35.284310478547745,64.49689363405851,22.417,77.583,27.455,72.545,0.067059,2025_w7,spi_rankings_2025_w7.csv,136,,False,False,ACC vs ACC
2025,regular,9,401757285,2025-10-21 23:00:00+00:00,Florida International,Kennesaw State,Conference USA,Conference USA,True,26,45,fbs,fbs,Kennesaw State,Kennesaw State,Kennesaw State,Kennesaw State,1,1,1,higher_spi_home_field_adjusted,higher_spi,higher_spi_home_field_adjusted,39.96050053668604,56.52371736247995,33.094,66.906,39.315,60.685,0.067059,2025_w8,spi_rankings_2025_w8.csv,136,,False,False,Conference USA vs Conference USA
2025,regular,9,401757286,2025-10-21 23:30:00+00:00,Louisiana Tech,Western Kentucky,Conference USA,Conference USA,True,27,28,fbs,fbs,Louisiana Tech,Louisiana Tech,Louisiana Tech,Western Kentucky,0,0,0,higher_spi_home_field_adjusted,higher_spi,higher_spi_home_field_adjusted,56.237382201643285,50.99265979753365,55.55,44.45,62.076,37.924,0.067059,2025_w8,spi_rankings_2025_w8.csv,136,,False,False,Conference USA vs Conference USA
2025,regular,9,401757287,2025-10-22 23:30:00+00:00,Delaware,Middle Tennessee,Conference USA,Conference USA,True,31,28,fbs,fbs,Delaware,Delaware,Delaware,Delaware,1,1,1,higher_spi_home_field_adjusted,higher_spi,higher_spi_home_field_adjusted,43.755300171176984,16.064804079689736,76.438,23.562,80.949,19.051,0.067059,2025_w8,spi_rankings_2025_w8.csv,136,,False,False,Conference USA vs Conference USA
2025,regular,9,401757288,2025-10-23 01:00:00+00:00,New Mexico State,Missouri State,Conference USA,Conference USA,True,17,24,fbs,fbs,Missouri State,Missouri State,Missouri State,Missouri State,1,1,1,higher_spi_home_field_adjusted,higher_spi,higher_spi_home_field_adjusted,39.13667140581194,46.10224335258869,42.653,57.347,49.346,50.654,0.067059,2025_w8,spi_rankings_2025_w8.csv,136,,False,False,Conference USA vs Conference USA
2025,regular,9,401761634,2025-10-23 23:30:00+00:00,Georgia State,South Alabama,Sun Belt,Sun Belt,True,31,38,fbs,fbs,Georgia State,South Alabama,Georgia State,South Alabama,0,1,0,higher_spi_home_field_adjusted,higher_spi,higher_spi_home_field_adjusted,16.08950060776476,19.06345573854053,46.844,53.156,53.581,46.419,0.067059,2025_w8,spi_rankings_2025_w8.csv,136,,False,False,Sun Belt vs Sun Belt
2025,regular,9,401762492,2025-10-24 23:00:00+00:00,Charlotte,North Texas,American Athletic,American Athletic,True,20,54,fbs,fbs,North Texas,North Texas,North Texas,North Texas,1,1,1,higher_spi_home_field_adjusted,higher_spi,higher_spi_home_field_adjusted,12.301431642313204,75.37249597799205,6.413,93.587,8.236,91.764,0.067059,2025_w8,spi_rankings_2025_w8.csv,136,,False,False,American Athletic vs American Athletic
2025,regular,9,401754372,2025-10-24 23:30:00+00:00,Virginia Tech,California,ACC,ACC,True,42,34,fbs,fbs,California,California,California,Virginia Tech,0,0,0,higher_spi_home_field_adjusted,higher_spi,higher_spi_home_field_adjusted,34.3512253066955,57.71756495873125,27.031,72.969,32.669,67.331,0.067059,2025_w8,spi_rankings_2025_w8.csv,136,,False,False,ACC vs ACC
2025,regular,9,401760397,2025-10-25 02:00:00+00:00,Nevada,Boise State,Mountain West,Mountain West,True,3,24,fbs,fbs,Boise State,Boise State,Boise State,Boise State,1,1,1,higher_spi_home_field_adjusted,higher_spi,higher_spi_home_field_adjusted,13.413623616038697,64.6847847391585,10.165,89.835,12.907,87.093,0.067059,2025_w8,spi_rankings_2025_w8.csv,136,,False,False,Mountain West vs Mountain West
2025,regular,9,401752884,2025-10-25 16:00:00+00:00,Purdue,Rutgers,Big Ten,Big Ten,True,24,27,fbs,fbs,Rutgers,Rutgers,Rutgers,Rutgers,1,1,1,higher_spi_home_field_adjusted,higher_spi,higher_spi_home_field_adjusted,39.151134241264195,50.15363597202986,38.518,61.482,45.072,54.928,0.067059,2025_w8,spi_rankings_2025_w8.csv,136,,False,False,Big Ten vs Big Ten
2025,regular,9,401752942,2025-10-25 16:00:00+00:00,Wake Forest,SMU,ACC,ACC,True,13,12,fbs,fbs,SMU,SMU,SMU,Wake Forest,0,0,0,higher_spi_home_field_adjusted,higher_spi,higher_spi_home_field_adjusted,60.80342769548859,67.76510658305834,42.657,57.343,49.35,50.65,0.067059,2025_w8,spi_rankings_2025_w8.csv,136,,False,False,ACC vs ACC
2025,regular,9,401754571,2025-10-25 16:00:00+00:00,Georgia Tech,Syracuse,ACC,ACC,True,41,16,fbs,fbs,Georgia Tech,Georgia Tech,Georgia Tech,Georgia Tech,1,1,1,higher_spi_home_field_adjusted,higher_spi,higher_spi_home_field_adjusted,86.03253391892281,51.1335047781367,81.506,18.494,85.234,14.766,0.067059,2025_w8,spi_rankings_2025_w8.csv,136,,False,False,ACC vs ACC
2025,regular,9,401762846,2025-10-25 16:00:00+00:00,Kent State,Bowling Green,Mid-American,Mid-American,True,24,21,fbs,fbs,Bowling Green,Bowling Green,Bowling Green,Kent State,0,0,0,higher_spi_home_field_adjusted,higher_spi,higher_spi_home_field_adjusted,17.949042831450072,36.45686323568545,31.29,68.71,37.362,62.638,0.067059,2025_w8,spi_rankings_2025_w8.csv,136,,False,False,Mid-American vs Mid-American
2025,regular,9,401752885,2025-10-25 16:00:00+00:00,Indiana,UCLA,Big Ten,Big Ten,True,56,6,fbs,fbs,Indiana,Indiana,Indiana,Indiana,1,1,1,higher_spi_home_field_adjusted,higher_spi,higher_spi_home_field_adjusted,100.0,41.62592666875808,92.279,7.721,93.996,6.004,0.067059,2025_w8,spi_rankings_2025_w8.csv,136,,False,False,Big Ten vs Big Ten
2025,regular,9,401762494,2025-10-25 16:00:00+00:00,Memphis,South Florida,American Athletic,American Athletic,True,34,31,fbs,fbs,Memphis,South Florida,Memphis,Memphis,1,0,1,higher_spi_home_field_adjusted,higher_spi,higher_spi_home_field_adjusted,70.64378391112189,76.86726947707318,43.426,56.574,50.134,49.866,0.067059,2025_w8,spi_rankings_2025_w8.csv,136,,False,False,American Athletic vs American Athletic
2025,regular,9,401762848,2025-10-25 16:00:00+00:00,Eastern Michigan,Ohio,Mid-American,Mid-American,True,21,28,fbs,fbs,Ohio,Ohio,Ohio,Ohio,1,1,1,higher_spi_home_field_adjusted,higher_spi,higher_spi_home_field_adjusted,9.457070707070708,47.544927885918526,16.538,83.462,20.605,79.395,0.067059,2025_w8,spi_rankings_2025_w8.csv,136,,False,False,Mid-American vs Mid-American
2025,regular,9,401752750,2025-10-25 16:00:00+00:00,Oklahoma,Ole Miss,SEC,SEC,True,26,34,fbs,fbs,Oklahoma,Oklahoma,Oklahoma,Ole Miss,0,0,0,higher_spi_home_field_adjusted,higher_spi,higher_spi_home_field_adjusted,79.2953274636214,78.51981782542184,50.824,49.176,57.513,42.487,0.067059,2025_w8,spi_rankings_2025_w8.csv,136,,False,False,SEC vs SEC
2025,regular,9,401754573,2025-10-25 16:00:00+00:00,North Carolina,Virginia,ACC,ACC,True,16,17,fbs,fbs,Virginia,Virginia,Virginia,Virginia,1,1,1,higher_spi_home_field_adjusted,higher_spi,higher_spi_home_field_adjusted,37.05169132301145,74.63551681291185,16.836,83.164,20.958,79.042,0.067059,2025_w8,spi_rankings_2025_w8.csv,136,,False,False,ACC vs ACC
2025,regular,9,401756932,2025-10-25 16:00:00+00:00,Kansas,Kansas State,Big 12,Big 12,True,17,42,fbs,fbs,Kansas,Kansas,Kansas,Kansas State,0,0,0,higher_spi_home_field_adjusted,higher_spi,higher_spi_home_field_adjusted,62.58301556985544,46.906341062723065,66.066,33.934,71.832,28.168,0.067059,2025_w8,spi_rankings_2025_w8.csv,136,,False,False,Big 12 vs Big 12
2025,regular,9,401752883,2025-10-25 16:00:00+00:00,Nebraska,Northwestern,Big Ten,Big Ten,True,28,21,fbs,fbs,Nebraska,Nebraska,Nebraska,Nebraska,1,1,1,higher_spi_home_field_adjusted,higher_spi,higher_spi_home_field_adjusted,72.78607742067562,66.59693610008665,56.538,43.462,63.016,36.984,0.067059,2025_w8,spi_rankings_2025_w8.csv,136,,False,False,Big Ten vs Big Ten
2025,regular,9,401761635,2025-10-25 16:00:00+00:00,Old Dominion,App State,Sun Belt,Sun Belt,True,24,21,fbs,fbs,Old Dominion,Old Dominion,Old Dominion,Old Dominion,1,1,1,higher_spi_home_field_adjusted,higher_spi,higher_spi_home_field_adjusted,56.613402239862175,43.125931079088,63.951,36.049,69.911,30.089,0.067059,2025_w8,spi_rankings_2025_w8.csv,136,,False,False,Sun Belt vs Sun Belt
2025,regular,9,401752746,2025-10-25 16:45:00+00:00,Arkansas,Auburn,SEC,SEC,True,24,33,fbs,fbs,Auburn,Auburn,Auburn,Auburn,1,1,1,higher_spi_home_field_adjusted,higher_spi,higher_spi_home_field_adjusted,48.65535044644635,60.5829471474489,37.592,62.408,44.101,55.899,0.067059,2025_w8,spi_rankings_2025_w8.csv,136,,False,False,SEC vs SEC
2025,regular,9,401762844,2025-10-25 17:00:00+00:00,Buffalo,Akron,Mid-American,Mid-American,True,16,24,fbs,fbs,Buffalo,Buffalo,Buffalo,Akron,0,0,0,higher_spi_home_field_adjusted,higher_spi,higher_spi_home_field_adjusted,47.74817465573354,11.313560142398345,82.469,17.531,86.037,13.963,0.067059,2025_w8,spi_rankings_2025_w8.csv,136,,False,False,Mid-American vs Mid-American
2025,regular,9,401757172,2025-10-25 19:00:00+00:00,Rice,UConn,American Athletic,FBS Independents,False,37,34,fbs,fbs,UConn,UConn,UConn,Rice,0,0,0,higher_spi_home_field_adjusted,higher_spi,higher_spi_home_field_adjusted,35.22821611201932,57.52417769338023,27.937,72.063,33.677,66.323,0.067059,2025_w8,spi_rankings_2025_w8.csv,136,,False,False,American Athletic vs FBS Independents
2025,regular,9,401760400,2025-10-25 19:00:00+00:00,New Mexico,Utah State,Mountain West,Mountain West,True,33,14,fbs,fbs,New Mexico,Utah State,New Mexico,New Mexico,1,0,1,higher_spi_home_field_adjusted,higher_spi,higher_spi_home_field_adjusted,51.01670111299694,54.37167362701446,46.441,53.559,53.178,46.822,0.067059,2025_w8,spi_rankings_2025_w8.csv,136,,False,False,Mountain West vs Mountain West
2025,regular,9,401754574,2025-10-25 19:30:00+00:00,Pittsburgh,NC State,ACC,ACC,True,53,34,fbs,fbs,Pittsburgh,Pittsburgh,Pittsburgh,Pittsburgh,1,1,1,higher_spi_home_field_adjusted,higher_spi,higher_spi_home_field_adjusted,61.7707253231224,56.78503120604693,55.278,44.722,61.816,38.184,0.067059,2025_w8,spi_rankings_2025_w8.csv,136,,False,False,ACC vs ACC
2025,regular,9,401756931,2025-10-25 19:30:00+00:00,Iowa State,BYU,Big 12,Big 12,True,27,41,fbs,fbs,BYU,BYU,BYU,BYU,1,1,1,higher_spi_home_field_adjusted,higher_spi,higher_spi_home_field_adjusted,68.46117584080073,86.29030550999067,31.914,68.086,38.039,61.961,0.067059,2025_w8,spi_rankings_2025_w8.csv,136,,False,False,Big 12 vs Big 12
2025,regular,9,401752752,2025-10-25 19:30:00+00:00,Vanderbilt,Missouri,SEC,SEC,True,17,10,fbs,fbs,Vanderbilt,Vanderbilt,Vanderbilt,Vanderbilt,1,1,1,higher_spi_home_field_adjusted,higher_spi,higher_spi_home_field_adjusted,82.24572156971165,80.77064952031876,51.567,48.433,58.238,41.762,0.067059,2025_w8,spi_rankings_2025_w8.csv,136,,False,False,SEC vs SEC
2025,regular,9,401762493,2025-10-25 19:30:00+00:00,Navy,Florida Atlantic,American Athletic,American Athletic,True,42,32,fbs,fbs,Navy,Navy,Navy,Navy,1,1,1,higher_spi_home_field_adjusted,higher_spi,higher_spi_home_field_adjusted,74.12172552937164,35.36895325080185,83.848,16.152,87.179,12.821,0.067059,2025_w8,spi_rankings_2025_w8.csv,136,,False,False,American Athletic vs American Athletic
2025,regular,9,401762845,2025-10-25 19:30:00+00:00,Northern Illinois,Ball State,Mid-American,Mid-American,True,21,7,fbs,fbs,Ball State,Ball State,Ball State,Northern Illinois,0,0,0,higher_spi_home_field_adjusted,higher_spi,higher_spi_home_field_adjusted,11.884581158601232,25.182283545243457,36.236,63.764,42.671,57.329,0.067059,2025_w8,spi_rankings_2025_w8.csv,136,,False,False,Mid-American vs Mid-American
2025,regular,9,401760399,2025-10-25 19:30:00+00:00,Fresno State,San Diego State,Mountain West,Mountain West,True,0,23,fbs,fbs,San Diego State,San Diego State,San Diego State,San Diego State,1,1,1,higher_spi_home_field_adjusted,higher_spi,higher_spi_home_field_adjusted,55.29057284255381,67.87484148129148,36.939,63.061,43.414,56.586,0.067059,2025_w8,spi_rankings_2025_w8.csv,136,,False,False,Mountain West vs Mountain West
2025,regular,9,401762495,2025-10-25 19:30:00+00:00,Tulsa,Temple,American Athletic,American Athletic,True,37,38,fbs,fbs,Temple,Temple,Temple,Temple,1,1,1,higher_spi_home_field_adjusted,higher_spi,higher_spi_home_field_adjusted,26.58678263492147,56.39981517846172,21.976,78.024,26.949,73.051,0.067059,2025_w8,spi_rankings_2025_w8.csv,136,,False,False,American Athletic vs American Athletic
2025,regular,9,401752880,2025-10-25 19:30:00+00:00,Washington,Illinois,Big Ten,Big Ten,True,42,25,fbs,fbs,Washington,Illinois,Washington,Washington,1,0,1,higher_spi_home_field_adjusted,higher_spi,higher_spi_home_field_adjusted,69.26837009781636,74.95021633204574,43.992,56.008,50.71,49.29,0.067059,2025_w8,spi_rankings_2025_w8.csv,136,,False,False,Big Ten vs Big Ten
2025,regular,9,401752751,2025-10-25 19:30:00+00:00,South Carolina,Alabama,SEC,SEC,True,22,29,fbs,fbs,Alabama,Alabama,Alabama,Alabama,1,1,1,higher_spi_home_field_adjusted,higher_spi,higher_spi_home_field_adjusted,48.77027933095769,88.04881527654777,15.851,84.149,19.79,80.21,0.067059,2025_w8,spi_rankings_2025_w8.csv,136,,False,False,SEC vs SEC
2025,regular,9,401752882,2025-10-25 19:30:00+00:00,Iowa,Minnesota,Big Ten,Big Ten,True,41,3,fbs,fbs,Iowa,Iowa,Iowa,Iowa,1,1,1,higher_spi_home_field_adjusted,higher_spi,higher_spi_home_field_adjusted,67.48962853270258,65.60675950124535,51.999,48.001,58.659,41.341,0.067059,2025_w8,spi_rankings_2025_w8.csv,136,,False,False,Big Ten vs Big Ten
2025,regular,9,401752952,2025-10-25 19:30:00+00:00,Washington State,Toledo,Pac-12,Mid-American,False,28,7,fbs,fbs,Toledo,Toledo,Toledo,Washington State,0,0,0,higher_spi_home_field_adjusted,higher_spi,higher_spi_home_field_adjusted,43.266145038336525,52.54470252191046,40.267,59.733,46.892,53.108,0.067059,2025_w8,spi_rankings_2025_w8.csv,136,,False,False,Mid-American vs Pac-12
2025,regular,9,401762847,2025-10-25 19:30:00+00:00,Central Michigan,Massachusetts,Mid-American,Mid-American,True,38,13,fbs,fbs,Central Michigan,Central Michigan,Central Michigan,Central Michigan,1,1,1,higher_spi_home_field_adjusted,higher_spi,higher_spi_home_field_adjusted,45.2493728779746,3.1734237406115975,85.671,14.329,88.676,11.324,0.067059,2025_w8,spi_rankings_2025_w8.csv,136,,False,False,Mid-American vs Mid-American
2025,regular,9,401762874,2025-10-25 19:30:00+00:00,Miami (OH),Western Michigan,Mid-American,Mid-American,True,26,17,fbs,fbs,Miami (OH),Western Michigan,Miami (OH),Miami (OH),1,0,1,higher_spi_home_field_adjusted,higher_spi,higher_spi_home_field_adjusted,41.953968265358945,45.58193918206235,46.153,53.847,52.889,47.111,0.067059,2025_w8,spi_rankings_2025_w8.csv,136,,False,False,Mid-American vs Mid-American
2025,regular,9,401761637,2025-10-25 19:30:00+00:00,Southern Miss,UL Monroe,Sun Belt,Sun Belt,True,49,21,fbs,fbs,Southern Miss,Southern Miss,Southern Miss,Southern Miss,1,1,1,higher_spi_home_field_adjusted,higher_spi,higher_spi_home_field_adjusted,55.645306890689504,36.268004633913485,69.499,30.501,74.902,25.098,0.067059,2025_w8,spi_rankings_2025_w8.csv,136,,False,False,Sun Belt vs Sun Belt
2025,regular,9,401756930,2025-10-25 20:00:00+00:00,Cincinnati,Baylor,Big 12,Big 12,True,41,20,fbs,fbs,Cincinnati,Cincinnati,Cincinnati,Cincinnati,1,1,1,higher_spi_home_field_adjusted,higher_spi,higher_spi_home_field_adjusted,76.7264372042004,56.52400959064197,70.237,29.763,75.556,24.444,0.067059,2025_w8,spi_rankings_2025_w8.csv,136,,False,False,Big 12 vs Big 12
2025,regular,9,401756933,2025-10-25 20:00:00+00:00,Texas Tech,Oklahoma State,Big 12,Big 12,True,42,0,fbs,fbs,Texas Tech,Texas Tech,Texas Tech,Texas Tech,1,1,1,higher_spi_home_field_adjusted,higher_spi,higher_spi_home_field_adjusted,90.11406315989306,20.07253781972299,95.151,4.849,96.255,3.745,0.067059,2025_w8,spi_rankings_2025_w8.csv,136,,False,False,Big 12 vs Big 12
2025,regular,9,401752749,2025-10-25 20:15:00+00:00,Mississippi State,Texas,SEC,SEC,True,38,45,fbs,fbs,Mississippi State,Texas,Mississippi State,Texas,0,1,0,higher_spi_home_field_adjusted,higher_spi,higher_spi_home_field_adjusted,65.35012459646387,69.46077324359618,45.644,54.356,52.377,47.623,0.067059,2025_w8,spi_rankings_2025_w8.csv,136,,False,False,SEC vs SEC
2025,regular,9,401756935,2025-10-25 22:00:00+00:00,West Virginia,TCU,Big 12,Big 12,True,17,23,fbs,fbs,TCU,TCU,TCU,TCU,1,1,1,higher_spi_home_field_adjusted,higher_spi,higher_spi_home_field_adjusted,33.385297533610746,68.13838579002046,18.588,81.412,23.021,76.979,0.067059,2025_w8,spi_rankings_2025_w8.csv,136,,False,False,Big 12 vs Big 12
2025,regular,9,401754572,2025-10-25 23:00:00+00:00,Miami,Stanford,ACC,ACC,True,42,7,fbs,fbs,Miami,Miami,Miami,Miami,1,1,1,higher_spi_home_field_adjusted,higher_spi,higher_spi_home_field_adjusted,78.38848690319749,42.32419222456386,82.241,17.759,85.846,14.154,0.067059,2025_w8,spi_rankings_2025_w8.csv,136,,False,False,ACC vs ACC
2025,regular,9,401752886,2025-10-25 23:00:00+00:00,Oregon,Wisconsin,Big Ten,Big Ten,True,21,7,fbs,fbs,Oregon,Oregon,Oregon,Oregon,1,1,1,higher_spi_home_field_adjusted,higher_spi,higher_spi_home_field_adjusted,85.46205613087369,40.490816544654784,87.116,12.884,89.854,10.146,0.067059,2025_w8,spi_rankings_2025_w8.csv,136,,False,False,Big Ten vs Big Ten
2025,regular,9,401761636,2025-10-25 23:00:00+00:00,Arkansas State,Georgia Southern,Sun Belt,Sun Belt,True,34,24,fbs,fbs,Georgia Southern,Georgia Southern,Georgia Southern,Arkansas State,0,0,0,higher_spi_home_field_adjusted,higher_spi,higher_spi_home_field_adjusted,30.76525490760085,38.74724688495929,41.6,58.4,48.266,51.734,0.067059,2025_w8,spi_rankings_2025_w8.csv,136,,False,False,Sun Belt vs Sun Belt
2025,regular,9,401761638,2025-10-25 23:00:00+00:00,Troy,Louisiana,Sun Belt,Sun Belt,True,35,23,fbs,fbs,Troy,Troy,Troy,Troy,1,1,1,higher_spi_home_field_adjusted,higher_spi,higher_spi_home_field_adjusted,57.30502820513581,29.828044656876017,76.274,23.726,80.809,19.191,0.067059,2025_w8,spi_rankings_2025_w8.csv,136,,False,False,Sun Belt vs Sun Belt
2025,regular,9,401760398,2025-10-25 23:30:00+00:00,Wyoming,Colorado State,Mountain West,Mountain West,True,28,0,fbs,fbs,Wyoming,Wyoming,Wyoming,Wyoming,1,1,1,higher_spi_home_field_adjusted,higher_spi,higher_spi_home_field_adjusted,34.58317457731258,29.10896550712457,55.79,44.21,62.305,37.695,0.067059,2025_w8,spi_rankings_2025_w8.csv,136,,False,False,Mountain West vs Mountain West
2025,regular,9,401752748,2025-10-25 23:30:00+00:00,LSU,Texas A&M,SEC,SEC,True,25,49,fbs,fbs,Texas A&M,Texas A&M,Texas A&M,Texas A&M,1,1,1,higher_spi_home_field_adjusted,higher_spi,higher_spi_home_field_adjusted,75.17840098253905,83.92491141941832,40.812,59.188,47.456,52.544,0.067059,2025_w8,spi_rankings_2025_w8.csv,136,,False,False,SEC vs SEC
2025,regular,9,401752881,2025-10-25 23:30:00+00:00,Michigan State,Michigan,Big Ten,Big Ten,True,20,31,fbs,fbs,Michigan,Michigan,Michigan,Michigan,1,1,1,higher_spi_home_field_adjusted,higher_spi,higher_spi_home_field_adjusted,45.43623603031163,71.63236082364686,24.725,75.275,30.08,69.92,0.067059,2025_w8,spi_rankings_2025_w8.csv,136,,False,False,Big Ten vs Big Ten
2025,regular,9,401754570,2025-10-25 23:30:00+00:00,Louisville,Boston College,ACC,ACC,True,38,24,fbs,fbs,Louisville,Louisville,Louisville,Louisville,1,1,1,higher_spi_home_field_adjusted,higher_spi,higher_spi_home_field_adjusted,74.37185590706,25.52572947660348,88.854,11.146,91.26,8.74,0.067059,2025_w8,spi_rankings_2025_w8.csv,136,,False,False,ACC vs ACC
2025,regular,9,401752747,2025-10-25 23:45:00+00:00,Kentucky,Tennessee,SEC,SEC,True,34,56,fbs,fbs,Tennessee,Tennessee,Tennessee,Tennessee,1,1,1,higher_spi_home_field_adjusted,higher_spi,higher_spi_home_field_adjusted,47.16541235554841,73.02263361993973,24.994,75.006,30.384,69.616,0.067059,2025_w8,spi_rankings_2025_w8.csv,136,,False,False,SEC vs SEC
2025,regular,9,401756929,2025-10-26 00:00:00+00:00,Arizona State,Houston,Big 12,Big 12,True,16,24,fbs,fbs,Arizona State,Houston,Arizona State,Houston,0,1,0,higher_spi_home_field_adjusted,higher_spi,higher_spi_home_field_adjusted,63.164209367653115,68.58973255215722,44.261,55.739,50.982,49.018,0.067059,2025_w8,spi_rankings_2025_w8.csv,136,,False,False,Big 12 vs Big 12
2025,regular,9,401756934,2025-10-26 02:15:00+00:00,Utah,Colorado,Big 12,Big 12,True,53,7,fbs,fbs,Utah,Utah,Utah,Utah,1,1,1,higher_spi_home_field_adjusted,higher_spi,higher_spi_home_field_adjusted,81.10863214100029,54.123970185298845,75.893,24.107,80.482,19.518,0.067059,2025_w8,spi_rankings_2025_w8.csv,136,,False,False,Big 12 vs Big 12
2025,regular,10,401757289,2025-10-29 00:00:00+00:00,Kennesaw State,UTEP,Conference USA,Conference USA,True,33,20,fbs,fbs,Kennesaw State,Kennesaw State,Kennesaw State,Kennesaw State,1,1,1,higher_spi_home_field_adjusted,higher_spi,higher_spi_home_field_adjusted,60.037752040122186,31.91612558124217,76.766,23.234,81.23,18.77,0.067059,2025_w9,spi_rankings_2025_w9.csv,136,,False,False,Conference USA vs Conference USA
2025,regular,10,401761639,2025-10-29 00:00:00+00:00,Texas State,James Madison,Sun Belt,Sun Belt,True,20,52,fbs,fbs,James Madison,James Madison,James Madison,James Madison,1,1,1,higher_spi_home_field_adjusted,higher_spi,higher_spi_home_field_adjusted,47.68483501117966,70.56133775332817,27.443,72.557,33.128,66.872,0.067059,2025_w9,spi_rankings_2025_w9.csv,136,,False,False,Sun Belt vs Sun Belt
2025,regular,10,401757292,2025-10-29 23:30:00+00:00,Middle Tennessee,Jacksonville State,Conference USA,Conference USA,True,21,24,fbs,fbs,Jacksonville State,Jacksonville State,Jacksonville State,Jacksonville State,1,1,1,higher_spi_home_field_adjusted,higher_spi,higher_spi_home_field_adjusted,17.881840425977817,47.76895057579561,21.922,78.078,26.887,73.113,0.067059,2025_w9,spi_rankings_2025_w9.csv,136,,False,False,Conference USA vs Conference USA
2025,regular,10,401757291,2025-10-30 00:00:00+00:00,Missouri State,Florida International,Conference USA,Conference USA,True,28,21,fbs,fbs,Missouri State,Missouri State,Missouri State,Missouri State,1,1,1,higher_spi_home_field_adjusted,higher_spi,higher_spi_home_field_adjusted,47.952221061636585,36.286093256700234,62.147,37.853,68.258,31.742,0.067059,2025_w9,spi_rankings_2025_w9.csv,136,,False,False,Conference USA vs Conference USA
2025,regular,10,401762443,2025-10-30 23:30:00+00:00,UTSA,Tulane,American Athletic,American Athletic,True,48,26,fbs,fbs,Tulane,Tulane,Tulane,UTSA,0,0,0,higher_spi_home_field_adjusted,higher_spi,higher_spi_home_field_adjusted,45.481078460582914,73.87825850886817,23.025,76.975,28.15,71.85,0.067059,2025_w9,spi_rankings_2025_w9.csv,136,,False,False,American Athletic vs American Athletic
2025,regular,10,401761640,2025-10-30 23:30:00+00:00,Coastal Carolina,Marshall,Sun Belt,Sun Belt,True,44,27,fbs,fbs,Marshall,Marshall,Marshall,Coastal Carolina,0,0,0,higher_spi_home_field_adjusted,higher_spi,higher_spi_home_field_adjusted,43.1369508759764,51.8669180361841,40.829,59.171,47.473,52.527,0.067059,2025_w9,spi_rankings_2025_w9.csv,136,,False,False,Sun Belt vs Sun Belt
2025,regular,10,401762497,2025-10-31 23:00:00+00:00,Rice,Memphis,American Athletic,American Athletic,True,14,38,fbs,fbs,Memphis,Memphis,Memphis,Memphis,1,1,1,higher_spi_home_field_adjusted,higher_spi,higher_spi_home_field_adjusted,41.51629664798244,71.09198781827631,22.15,77.85,27.148,72.852,0.067059,2025_w9,spi_rankings_2025_w9.csv,136,,False,False,American Athletic vs American Athletic
2025,regular,10,401754575,2025-10-31 23:30:00+00:00,Syracuse,North Carolina,ACC,ACC,True,10,27,fbs,fbs,Syracuse,Syracuse,Syracuse,North Carolina,0,0,0,higher_spi_home_field_adjusted,higher_spi,higher_spi_home_field_adjusted,48.51754505456579,37.94469548612555,61.048,38.952,67.243,32.757,0.067059,2025_w9,spi_rankings_2025_w9.csv,136,,False,False,ACC vs ACC
2025,regular,10,401757290,2025-11-01 00:00:00+00:00,Louisiana Tech,Sam Houston,Conference USA,Conference USA,True,55,14,fbs,fbs,Louisiana Tech,Louisiana Tech,Louisiana Tech,Louisiana Tech,1,1,1,higher_spi_home_field_adjusted,higher_spi,higher_spi_home_field_adjusted,51.2783003100203,12.301445940533084,83.977,16.023,87.285,12.715,0.067059,2025_w9,spi_rankings_2025_w9.csv,136,,False,False,Conference USA vs Conference USA
2025,regular,10,401757173,2025-11-01 16:00:00+00:00,UConn,UAB,FBS Independents,American Athletic,False,38,19,fbs,fbs,UConn,UConn,UConn,UConn,1,1,1,higher_spi_home_field_adjusted,higher_spi,higher_spi_home_field_adjusted,50.55949264931468,42.118820126499955,58.873,41.127,65.217,34.783,0.067059,2025_w9,spi_rankings_2025_w9.csv,136,,False,False,American Athletic vs FBS Independents
2025,regular,10,401762499,2025-11-01 16:00:00+00:00,North Texas,Navy,American Athletic,American Athletic,True,31,17,fbs,fbs,North Texas,North Texas,North Texas,North Texas,1,1,1,higher_spi_home_field_adjusted,higher_spi,higher_spi_home_field_adjusted,75.36701063949207,74.25248336710789,51.184,48.816,57.865,42.135,0.067059,2025_w9,spi_rankings_2025_w9.csv,136,,False,False,American Athletic vs American Athletic
2025,regular,10,401754581,2025-11-01 16:00:00+00:00,SMU,Miami,ACC,ACC,True,26,20,fbs,fbs,Miami,Miami,Miami,SMU,0,0,0,higher_spi_home_field_adjusted,higher_spi,higher_spi_home_field_adjusted,61.16976368111722,79.6932030359117,31.276,68.724,37.346,62.654,0.067059,2025_w9,spi_rankings_2025_w9.csv,136,,False,False,ACC vs ACC
2025,regular,10,401754577,2025-11-01 16:00:00+00:00,Clemson,Duke,ACC,ACC,True,45,46,fbs,fbs,Duke,Duke,Duke,Duke,1,1,1,higher_spi_home_field_adjusted,higher_spi,higher_spi_home_field_adjusted,49.68286789896179,58.8878777003744,40.343,59.657,46.97,53.03,0.067059,2025_w9,spi_rankings_2025_w9.csv,136,,False,False,ACC vs ACC
2025,regular,10,401760401,2025-11-01 16:00:00+00:00,Air Force,Army,Mountain West,American Athletic,False,17,20,fbs,fbs,Air Force,Army,Air Force,Army,0,1,0,higher_spi_home_field_adjusted,higher_spi,higher_spi_home_field_adjusted,38.4118227323877,43.66864835226518,44.438,55.562,51.161,48.839,0.067059,2025_w9,spi_rankings_2025_w9.csv,136,,False,False,American Athletic vs Mountain West
2025,regular,10,401752889,2025-11-01 16:00:00+00:00,Ohio State,Penn State,Big Ten,Big Ten,True,38,14,fbs,fbs,Ohio State,Ohio State,Ohio State,Ohio State,1,1,1,higher_spi_home_field_adjusted,higher_spi,higher_spi_home_field_adjusted,92.31473134625034,58.76624068957228,80.625,19.375,84.497,15.503,0.067059,2025_w9,spi_rankings_2025_w9.csv,136,,False,False,Big Ten vs Big Ten
2025,regular,10,401752758,2025-11-01 16:00:00+00:00,Texas,Vanderbilt,SEC,SEC,True,34,31,fbs,fbs,Vanderbilt,Vanderbilt,Vanderbilt,Texas,0,0,0,higher_spi_home_field_adjusted,higher_spi,higher_spi_home_field_adjusted,69.55206288035234,82.03900745027103,37.035,62.965,43.516,56.484,0.067059,2025_w9,spi_rankings_2025_w9.csv,136,,False,False,SEC vs SEC
2025,regular,10,401756938,2025-11-01 16:00:00+00:00,Houston,West Virginia,Big 12,Big 12,True,35,45,fbs,fbs,Houston,Houston,Houston,West Virginia,0,0,0,higher_spi_home_field_adjusted,higher_spi,higher_spi_home_field_adjusted,74.3441559556279,32.945283784247415,85.314,14.686,88.384,11.616,0.067059,2025_w9,spi_rankings_2025_w9.csv,136,,False,False,Big 12 vs Big 12
2025,regular,10,401756936,2025-11-01 16:00:00+00:00,Baylor,UCF,Big 12,Big 12,True,30,3,fbs,fbs,Baylor,UCF,Baylor,Baylor,1,0,1,higher_spi_home_field_adjusted,higher_spi,higher_spi_home_field_adjusted,56.10560422139077,60.47039109463568,45.376,54.624,52.108,47.892,0.067059,2025_w9,spi_rankings_2025_w9.csv,136,,False,False,Big 12 vs Big 12
2025,regular,10,401762849,2025-11-01 16:00:00+00:00,Bowling Green,Buffalo,Mid-American,Mid-American,True,3,28,fbs,fbs,Buffalo,Buffalo,Buffalo,Buffalo,1,1,1,higher_spi_home_field_adjusted,higher_spi,higher_spi_home_field_adjusted,33.64176292711939,41.048117307222704,42.195,57.805,48.877,51.123,0.067059,2025_w9,spi_rankings_2025_w9.csv,136,,False,False,Mid-American vs Mid-American
2025,regular,10,401752891,2025-11-01 16:00:00+00:00,Illinois,Rutgers,Big Ten,Big Ten,True,35,13,fbs,fbs,Illinois,Illinois,Illinois,Illinois,1,1,1,higher_spi_home_field_adjusted,higher_spi,higher_spi_home_field_adjusted,66.23429989014397,52.61129104796358,64.083,35.917,70.032,29.968,0.067059,2025_w9,spi_rankings_2025_w9.csv,136,,False,False,Big Ten vs Big Ten
2025,regular,10,401756939,2025-11-01 17:00:00+00:00,Iowa State,Arizona State,Big 12,Big 12,True,19,24,fbs,fbs,Iowa State,Iowa State,Iowa State,Arizona State,0,0,0,higher_spi_home_field_adjusted,higher_spi,higher_spi_home_field_adjusted,66.97043489471713,58.29262839661104,59.117,40.883,65.445,34.555,0.067059,2025_w9,spi_rankings_2025_w9.csv,136,,False,False,Big 12 vs Big 12
2025,regular,10,401762498,2025-11-01 18:00:00+00:00,Temple,East Carolina,American Athletic,American Athletic,True,14,45,fbs,fbs,Temple,East Carolina,Temple,East Carolina,0,1,0,higher_spi_home_field_adjusted,higher_spi,higher_spi_home_field_adjusted,56.743629200079226,62.00981163501715,44.428,55.572,51.151,48.849,0.067059,2025_w9,spi_rankings_2025_w9.csv,136,,False,False,American Athletic vs American Athletic
2025,regular,10,401754580,2025-11-01 19:00:00+00:00,Virginia Tech,Louisville,ACC,ACC,True,16,28,fbs,fbs,Louisville,Louisville,Louisville,Louisville,1,1,1,higher_spi_home_field_adjusted,higher_spi,higher_spi_home_field_adjusted,41.70912043483916,74.29813528553369,20.02,79.98,24.691,75.309,0.067059,2025_w9,spi_rankings_2025_w9.csv,136,,False,False,ACC vs ACC
2025,regular,10,401760404,2025-11-01 19:00:00+00:00,UNLV,New Mexico,Mountain West,Mountain West,True,35,40,fbs,fbs,UNLV,UNLV,UNLV,New Mexico,0,0,0,higher_spi_home_field_adjusted,higher_spi,higher_spi_home_field_adjusted,63.15781243677252,54.75769519813524,58.832,41.168,65.178,34.822,0.067059,2025_w9,spi_rankings_2025_w9.csv,136,,False,False,Mountain West vs Mountain West
2025,regular,10,401752755,2025-11-01 19:30:00+00:00,Florida,Georgia,SEC,SEC,True,20,24,fbs,fbs,Georgia,Georgia,Georgia,Georgia,1,1,1,higher_spi_home_field_adjusted,higher_spi,higher_spi_home_field_adjusted,52.92106443304777,82.05165277529424,22.478,77.522,22.478,77.522,0.067059,2025_w9,spi_rankings_2025_w9.csv,136,,False,False,SEC vs SEC
2025,regular,10,401754583,2025-11-01 19:30:00+00:00,Boston College,Notre Dame,ACC,FBS Independents,False,10,25,fbs,fbs,Notre Dame,Notre Dame,Notre Dame,Notre Dame,1,1,1,higher_spi_home_field_adjusted,higher_spi,higher_spi_home_field_adjusted,26.208464949200348,76.20477058772491,10.671,89.329,13.529,86.471,0.067059,2025_w9,spi_rankings_2025_w9.csv,136,,False,False,ACC vs FBS Independents
2025,regular,10,401752887,2025-11-01 19:30:00+00:00,Maryland,Indiana,Big Ten,Big Ten,True,10,55,fbs,fbs,Indiana,Indiana,Indiana,Indiana,1,1,1,higher_spi_home_field_adjusted,higher_spi,higher_spi_home_field_adjusted,57.79184434045733,100.0,14.26,85.74,17.888,82.112,0.067059,2025_w9,spi_rankings_2025_w9.csv,136,,False,False,Big Ten vs Big Ten
2025,regular,10,401752888,2025-11-01 19:30:00+00:00,Minnesota,Michigan State,Big Ten,Big Ten,True,23,20,fbs,fbs,Minnesota,Minnesota,Minnesota,Minnesota,1,1,1,higher_spi_home_field_adjusted,higher_spi,higher_spi_home_field_adjusted,60.22904210135896,43.9541387792505,66.634,33.366,72.343,27.657,0.067059,2025_w9,spi_rankings_2025_w9.csv,136,,False,False,Big Ten vs Big Ten
2025,regular,10,401756941,2025-11-01 19:30:00+00:00,Kansas State,Texas Tech,Big 12,Big 12,True,20,43,fbs,fbs,Texas Tech,Texas Tech,Texas Tech,Texas Tech,1,1,1,higher_spi_home_field_adjusted,higher_spi,higher_spi_home_field_adjusted,52.440166443827415,87.8816590263598,18.149,81.851,22.506,77.494,0.067059,2025_w9,spi_rankings_2025_w9.csv,136,,False,False,Big 12 vs Big 12
2025,regular,10,401757294,2025-11-01 19:30:00+00:00,Western Kentucky,New Mexico State,Conference USA,Conference USA,True,35,16,fbs,fbs,Western Kentucky,Western Kentucky,Western Kentucky,Western Kentucky,1,1,1,higher_spi_home_field_adjusted,higher_spi,higher_spi_home_field_adjusted,53.45957453494918,36.8784571908817,66.923,33.077,72.603,27.397,0.067059,2025_w9,spi_rankings_2025_w9.csv,136,,False,False,Conference USA vs Conference USA
2025,regular,10,401754582,2025-11-01 19:30:00+00:00,Stanford,Pittsburgh,ACC,ACC,True,20,35,fbs,fbs,Pittsburgh,Pittsburgh,Pittsburgh,Pittsburgh,1,1,1,higher_spi_home_field_adjusted,higher_spi,higher_spi_home_field_adjusted,37.51581590397226,64.90946224175049,23.79,76.21,29.021,70.979,0.067059,2025_w9,spi_rankings_2025_w9.csv,136,,False,False,ACC vs ACC
2025,regular,10,401760402,2025-11-01 19:30:00+00:00,Boise State,Fresno State,Mountain West,Mountain West,True,7,30,fbs,fbs,Boise State,Boise State,Boise State,Fresno State,0,0,0,higher_spi_home_field_adjusted,higher_spi,higher_spi_home_field_adjusted,65.6746809856606,49.704751334178695,66.345,33.655,72.083,27.917,0.067059,2025_w9,spi_rankings_2025_w9.csv,136,,False,False,Mountain West vs Mountain West
2025,regular,10,401761641,2025-11-01 19:30:00+00:00,UL Monroe,Old Dominion,Sun Belt,Sun Belt,True,6,31,fbs,fbs,Old Dominion,Old Dominion,Old Dominion,Old Dominion,1,1,1,higher_spi_home_field_adjusted,higher_spi,higher_spi_home_field_adjusted,33.36463507121569,59.2446446468947,24.976,75.024,30.364,69.636,0.067059,2025_w9,spi_rankings_2025_w9.csv,136,,False,False,Sun Belt vs Sun Belt
2025,regular,10,401761642,2025-11-01 19:30:00+00:00,South Alabama,Louisiana,Sun Belt,Sun Belt,True,22,31,fbs,fbs,South Alabama,South Alabama,South Alabama,Louisiana,0,0,0,higher_spi_home_field_adjusted,higher_spi,higher_spi_home_field_adjusted,28.99734601702996,27.630140804423924,51.452,48.548,58.126,41.874,0.067059,2025_w9,spi_rankings_2025_w9.csv,136,,False,False,Sun Belt vs Sun Belt
2025,regular,10,401757293,2025-11-01 19:30:00+00:00,Liberty,Delaware,Conference USA,Conference USA,True,59,30,fbs,fbs,Delaware,Delaware,Delaware,Liberty,0,0,0,higher_spi_home_field_adjusted,higher_spi,higher_spi_home_field_adjusted,37.08313926914912,46.65077593964349,39.972,60.028,46.586,53.414,0.067059,2025_w9,spi_rankings_2025_w9.csv,136,,False,False,Conference USA vs Conference USA
2025,regular,10,401754576,2025-11-01 19:45:00+00:00,California,Virginia,ACC,ACC,True,21,31,fbs,fbs,Virginia,Virginia,Virginia,Virginia,1,1,1,higher_spi_home_field_adjusted,higher_spi,higher_spi_home_field_adjusted,51.847778614776416,72.34899124652311,29.498,70.502,35.401,64.599,0.067059,2025_w9,spi_rankings_2025_w9.csv,136,,False,False,ACC vs ACC
2025,regular,10,401752753,2025-11-01 20:00:00+00:00,Arkansas,Mississippi State,SEC,SEC,True,35,38,fbs,fbs,Mississippi State,Mississippi State,Mississippi State,Mississippi State,1,1,1,higher_spi_home_field_adjusted,higher_spi,higher_spi_home_field_adjusted,46.25713865118245,63.00024162153728,32.925,67.075,39.133,60.867,0.067059,2025_w9,spi_rankings_2025_w9.csv,136,,False,False,SEC vs SEC
2025,regular,10,401756940,2025-11-01 20:00:00+00:00,Kansas,Oklahoma State,Big 12,Big 12,True,38,21,fbs,fbs,Kansas,Kansas,Kansas,Kansas,1,1,1,higher_spi_home_field_adjusted,higher_spi,higher_spi_home_field_adjusted,55.07652960877935,21.752686880329826,80.475,19.525,84.371,15.629,0.067059,2025_w9,spi_rankings_2025_w9.csv,136,,False,False,Big 12 vs Big 12
2025,regular,10,401762850,2025-11-01 20:00:00+00:00,Western Michigan,Central Michigan,Mid-American,Mid-American,True,24,21,fbs,fbs,Central Michigan,Central Michigan,Central Michigan,Western Michigan,0,0,0,higher_spi_home_field_adjusted,higher_spi,higher_spi_home_field_adjusted,40.933342414110896,49.5701511157286,40.925,59.075,47.572,52.428,0.067059,2025_w9,spi_rankings_2025_w9.csv,136,,False,False,Mid-American vs Mid-American
2025,regular,10,401752890,2025-11-01 23:00:00+00:00,Michigan,Purdue,Big Ten,Big Ten,True,21,16,fbs,fbs,Michigan,Michigan,Michigan,Michigan,1,1,1,higher_spi_home_field_adjusted,higher_spi,higher_spi_home_field_adjusted,71.7302845282191,34.79716760949639,82.773,17.227,86.289,13.711,0.067059,2025_w9,spi_rankings_2025_w9.csv,136,,False,False,Big Ten vs Big Ten
2025,regular,10,401752756,2025-11-01 23:00:00+00:00,Ole Miss,South Carolina,SEC,SEC,True,30,14,fbs,fbs,Ole Miss,Ole Miss,Ole Miss,Ole Miss,1,1,1,higher_spi_home_field_adjusted,higher_spi,higher_spi_home_field_adjusted,79.37170147119473,48.15554247985243,79.029,20.971,83.154,16.846,0.067059,2025_w9,spi_rankings_2025_w9.csv,136,,False,False,SEC vs SEC
2025,regular,10,401760405,2025-11-01 23:00:00+00:00,San Diego State,Wyoming,Mountain West,Mountain West,True,24,7,fbs,fbs,San Diego State,San Diego State,San Diego State,San Diego State,1,1,1,higher_spi_home_field_adjusted,higher_spi,higher_spi_home_field_adjusted,70.16473654701672,42.064618756203195,76.75,23.25,81.216,18.784,0.067059,2025_w9,spi_rankings_2025_w9.csv,136,,False,False,Mountain West vs Mountain West
2025,regular,10,401756937,2025-11-01 23:00:00+00:00,Colorado,Arizona,Big 12,Big 12,True,17,52,fbs,fbs,Arizona,Arizona,Arizona,Arizona,1,1,1,higher_spi_home_field_adjusted,higher_spi,higher_spi_home_field_adjusted,48.004709682329825,62.84185381953794,34.738,65.262,41.079,58.921,0.067059,2025_w9,spi_rankings_2025_w9.csv,136,,False,False,Big 12 vs Big 12
2025,regular,10,401754578,2025-11-01 23:30:00+00:00,Florida State,Wake Forest,ACC,ACC,True,42,7,fbs,fbs,Florida State,Wake Forest,Florida State,Florida State,1,0,1,higher_spi_home_field_adjusted,higher_spi,higher_spi_home_field_adjusted,61.38084079521796,64.21850326107193,46.989,53.011,53.725,46.275,0.067059,2025_w9,spi_rankings_2025_w9.csv,136,,False,False,ACC vs ACC
2025,regular,10,401752754,2025-11-01 23:30:00+00:00,Auburn,Kentucky,SEC,SEC,True,3,10,fbs,fbs,Auburn,Auburn,Auburn,Kentucky,0,0,0,higher_spi_home_field_adjusted,higher_spi,higher_spi_home_field_adjusted,59.39637922043764,44.74426538311283,65.084,34.916,70.942,29.058,0.067059,2025_w9,spi_rankings_2025_w9.csv,136,,False,False,SEC vs SEC
2025,regular,10,401752757,2025-11-01 23:30:00+00:00,Tennessee,Oklahoma,SEC,SEC,True,27,33,fbs,fbs,Tennessee,Oklahoma,Tennessee,Oklahoma,0,1,0,higher_spi_home_field_adjusted,higher_spi,higher_spi_home_field_adjusted,71.96423773469115,76.24241049808488,45.467,54.533,52.2,47.8,0.067059,2025_w9,spi_rankings_2025_w9.csv,136,,False,False,SEC vs SEC
2025,regular,10,401754579,2025-11-01 23:30:00+00:00,NC State,Georgia Tech,ACC,ACC,True,48,36,fbs,fbs,Georgia Tech,Georgia Tech,Georgia Tech,NC State,0,0,0,higher_spi_home_field_adjusted,higher_spi,higher_spi_home_field_adjusted,54.62028978201339,85.95182602050326,20.89,79.11,25.698,74.302,0.067059,2025_w9,spi_rankings_2025_w9.csv,136,,False,False,ACC vs ACC
2025,regular,10,401752943,2025-11-01 23:30:00+00:00,Oregon State,Washington State,Pac-12,Pac-12,True,10,7,fbs,fbs,Washington State,Washington State,Washington State,Oregon State,0,0,0,higher_spi_home_field_adjusted,higher_spi,higher_spi_home_field_adjusted,27.01565117875851,50.16057877160496,27.217,72.783,32.876,67.124,0.067059,2025_w9,spi_rankings_2025_w9.csv,136,,False,False,Pac-12 vs Pac-12
2025,regular,10,401752892,2025-11-01 23:30:00+00:00,Nebraska,USC,Big Ten,Big Ten,True,17,21,fbs,fbs,Nebraska,Nebraska,Nebraska,USC,0,0,0,higher_spi_home_field_adjusted,higher_spi,higher_spi_home_field_adjusted,74.2154409329554,72.31756266209462,52.015,47.985,58.674,41.326,0.067059,2025_w9,spi_rankings_2025_w9.csv,136,,False,False,Big Ten vs Big Ten
2025,regular,10,401761643,2025-11-02 00:00:00+00:00,Troy,Arkansas State,Sun Belt,Sun Belt,True,10,23,fbs,fbs,Troy,Troy,Troy,Arkansas State,0,0,0,higher_spi_home_field_adjusted,higher_spi,higher_spi_home_field_adjusted,59.02233441292316,36.30438163352667,72.422,27.578,77.476,22.524,0.067059,2025_w9,spi_rankings_2025_w9.csv,136,,False,False,Sun Belt vs Sun Belt
2025,regular,10,401756942,2025-11-02 02:15:00+00:00,Utah,Cincinnati,Big 12,Big 12,True,45,14,fbs,fbs,Utah,Utah,Utah,Utah,1,1,1,higher_spi_home_field_adjusted,higher_spi,higher_spi_home_field_adjusted,81.18614417956151,76.0871448099287,55.397,44.603,61.93,38.07,0.067059,2025_w9,spi_rankings_2025_w9.csv,136,,False,False,Big 12 vs Big 12
2025,regular,10,401760403,2025-11-02 02:30:00+00:00,San José State,Hawai'i,Mountain West,Mountain West,True,45,38,fbs,fbs,Hawai'i,Hawai'i,Hawai'i,San José State,0,0,0,higher_spi_home_field_adjusted,higher_spi,higher_spi_home_field_adjusted,33.09464313614858,57.33944591230473,26.301,73.699,31.853,68.147,0.067059,2025_w9,spi_rankings_2025_w9.csv,136,,False,False,Mountain West vs Mountain West
2025,regular,11,401762852,2025-11-05 00:00:00+00:00,Ohio,Miami (OH),Mid-American,Mid-American,True,24,20,fbs,fbs,Ohio,Ohio,Ohio,Ohio,1,1,1,higher_spi_home_field_adjusted,higher_spi,higher_spi_home_field_adjusted,48.27965298930352,44.89998229802007,53.585,46.415,60.193,39.807,0.067059,2025_w10,spi_rankings_2025_w10.csv,136,,False,False,Mid-American vs Mid-American
2025,regular,11,401762851,2025-11-05 00:00:00+00:00,Akron,Massachusetts,Mid-American,Mid-American,True,44,10,fbs,fbs,Akron,Akron,Akron,Akron,1,1,1,higher_spi_home_field_adjusted,higher_spi,higher_spi_home_field_adjusted,17.234036210109906,0.0,67.534,32.466,73.151,26.849,0.067059,2025_w10,spi_rankings_2025_w10.csv,136,,False,False,Mid-American vs Mid-American
2025,regular,11,401762854,2025-11-06 00:00:00+00:00,Toledo,Northern Illinois,Mid-American,Mid-American,True,42,3,fbs,fbs,Toledo,Toledo,Toledo,Toledo,1,1,1,higher_spi_home_field_adjusted,higher_spi,higher_spi_home_field_adjusted,43.69679121346424,19.478538283264403,73.678,26.322,78.569,21.431,0.067059,2025_w10,spi_rankings_2025_w10.csv,136,,False,False,Mid-American vs Mid-American
2025,regular,11,401762853,2025-11-06 00:00:00+00:00,Ball State,Kent State,Mid-American,Mid-American,True,17,13,fbs,fbs,Ball State,Kent State,Ball State,Ball State,1,0,1,higher_spi_home_field_adjusted,higher_spi,higher_spi_home_field_adjusted,21.059905173317286,23.641646384076807,47.26,52.74,53.995,46.005,0.067059,2025_w10,spi_rankings_2025_w10.csv,136,,False,False,Mid-American vs Mid-American
2025,regular,11,401761644,2025-11-07 00:30:00+00:00,App State,Georgia Southern,Sun Belt,Sun Belt,True,23,25,fbs,fbs,App State,App State,App State,Georgia Southern,0,0,0,higher_spi_home_field_adjusted,higher_spi,higher_spi_home_field_adjusted,39.3096366351809,34.10058656720567,55.512,44.488,62.04,37.96,0.067059,2025_w10,spi_rankings_2025_w10.csv,136,,False,False,Sun Belt vs Sun Belt
2025,regular,11,401762500,2025-11-07 00:30:00+00:00,South Florida,UTSA,American Athletic,American Athletic,True,55,23,fbs,fbs,South Florida,South Florida,South Florida,South Florida,1,1,1,higher_spi_home_field_adjusted,higher_spi,higher_spi_home_field_adjusted,68.84207569825662,47.042683614827205,71.636,28.364,76.787,23.213,0.067059,2025_w10,spi_rankings_2025_w10.csv,136,,False,False,American Athletic vs American Athletic
2025,regular,11,401756946,2025-11-08 01:00:00+00:00,UCF,Houston,Big 12,Big 12,True,27,30,fbs,fbs,Houston,Houston,Houston,Houston,1,1,1,higher_spi_home_field_adjusted,higher_spi,higher_spi_home_field_adjusted,50.67997260163439,65.86735320258296,34.401,65.599,40.719,59.281,0.067059,2025_w10,spi_rankings_2025_w10.csv,136,,False,False,Big 12 vs Big 12
2025,regular,11,401762501,2025-11-08 02:00:00+00:00,Memphis,Tulane,American Athletic,American Athletic,True,32,38,fbs,fbs,Memphis,Memphis,Memphis,Tulane,0,0,0,higher_spi_home_field_adjusted,higher_spi,higher_spi_home_field_adjusted,70.02541338348632,64.92008534398548,55.403,44.597,61.936,38.064,0.067059,2025_w10,spi_rankings_2025_w10.csv,136,,False,False,American Athletic vs American Athletic
2025,regular,11,401752896,2025-11-08 02:00:00+00:00,USC,Northwestern,Big Ten,Big Ten,True,38,17,fbs,fbs,USC,USC,USC,USC,1,1,1,higher_spi_home_field_adjusted,higher_spi,higher_spi_home_field_adjusted,71.4992465359093,56.796895526000625,65.132,34.868,70.986,29.014,0.067059,2025_w10,spi_rankings_2025_w10.csv,136,,False,False,Big Ten vs Big Ten
2025,regular,11,401756947,2025-11-08 17:00:00+00:00,West Virginia,Colorado,Big 12,Big 12,True,29,22,fbs,fbs,West Virginia,Colorado,West Virginia,West Virginia,1,0,1,higher_spi_home_field_adjusted,higher_spi,higher_spi_home_field_adjusted,37.99091741642657,39.083870636488285,48.839,51.161,55.562,44.438,0.067059,2025_w10,spi_rankings_2025_w10.csv,136,,False,False,Big 12 vs Big 12
2025,regular,11,401761646,2025-11-08 17:00:00+00:00,Marshall,James Madison,Sun Belt,Sun Belt,True,23,35,fbs,fbs,James Madison,James Madison,James Madison,James Madison,1,1,1,higher_spi_home_field_adjusted,higher_spi,higher_spi_home_field_adjusted,43.697429629229255,70.46601778813876,24.275,75.725,29.571,70.429,0.067059,2025_w10,spi_rankings_2025_w10.csv,136,,False,False,Sun Belt vs Sun Belt
2025,regular,11,401761647,2025-11-08 17:00:00+00:00,Arkansas State,Southern Miss,Sun Belt,Sun Belt,True,21,27,fbs,fbs,Southern Miss,Southern Miss,Southern Miss,Southern Miss,1,1,1,higher_spi_home_field_adjusted,higher_spi,higher_spi_home_field_adjusted,36.20664466928617,57.156168760745295,29.104,70.896,34.967,65.033,0.067059,2025_w10,spi_rankings_2025_w10.csv,136,,False,False,Sun Belt vs Sun Belt
2025,regular,11,401752762,2025-11-08 17:00:00+00:00,Mississippi State,Georgia,SEC,SEC,True,21,41,fbs,fbs,Georgia,Georgia,Georgia,Georgia,1,1,1,higher_spi_home_field_adjusted,higher_spi,higher_spi_home_field_adjusted,60.64670145588007,81.74188198969978,28.976,71.024,34.826,65.174,0.067059,2025_w10,spi_rankings_2025_w10.csv,136,,False,False,SEC vs SEC
2025,regular,11,401752893,2025-11-08 17:00:00+00:00,Penn State,Indiana,Big Ten,Big Ten,True,24,27,fbs,fbs,Indiana,Indiana,Indiana,Indiana,1,1,1,higher_spi_home_field_adjusted,higher_spi,higher_spi_home_field_adjusted,52.62201747593418,100.0,11.779,88.221,14.884,85.116,0.067059,2025_w10,spi_rankings_2025_w10.csv,136,,False,False,Big Ten vs Big Ten
2025,regular,11,401754584,2025-11-08 17:00:00+00:00,Boston College,SMU,ACC,ACC,True,13,45,fbs,fbs,SMU,SMU,SMU,SMU,1,1,1,higher_spi_home_field_adjusted,higher_spi,higher_spi_home_field_adjusted,21.238249995070575,61.382769411457126,15.366,84.634,19.212,80.788,0.067059,2025_w10,spi_rankings_2025_w10.csv,136,,False,False,ACC vs ACC
2025,regular,11,401762503,2025-11-08 17:00:00+00:00,Army,Temple,American Athletic,American Athletic,True,14,13,fbs,fbs,Temple,Temple,Temple,Army,0,0,0,higher_spi_home_field_adjusted,higher_spi,higher_spi_home_field_adjusted,41.554707767987445,48.37410944697685,42.805,57.195,49.501,50.499,0.067059,2025_w10,spi_rankings_2025_w10.csv,136,,False,False,American Athletic vs American Athletic
2025,regular,11,401756945,2025-11-08 17:00:00+00:00,Texas Tech,BYU,Big 12,Big 12,True,29,7,fbs,fbs,Texas Tech,Texas Tech,Texas Tech,Texas Tech,1,1,1,higher_spi_home_field_adjusted,higher_spi,higher_spi_home_field_adjusted,88.46197125164775,83.13155744298695,55.639,44.361,62.161,37.839,0.067059,2025_w10,spi_rankings_2025_w10.csv,136,,False,False,Big 12 vs Big 12
2025,regular,11,401757299,2025-11-08 18:00:00+00:00,Liberty,Missouri State,Conference USA,Conference USA,True,17,21,fbs,fbs,Missouri State,Missouri State,Missouri State,Missouri State,1,1,1,higher_spi_home_field_adjusted,higher_spi,higher_spi_home_field_adjusted,38.50784550464702,47.72560559964414,40.329,59.671,46.956,53.044,0.067059,2025_w10,spi_rankings_2025_w10.csv,136,,False,False,Conference USA vs Conference USA
2025,regular,11,401752897,2025-11-08 18:00:00+00:00,Purdue,Ohio State,Big Ten,Big Ten,True,10,34,fbs,fbs,Ohio State,Ohio State,Ohio State,Ohio State,1,1,1,higher_spi_home_field_adjusted,higher_spi,higher_spi_home_field_adjusted,32.44432375481816,92.95181348206516,7.099,92.901,9.098,90.902,0.067059,2025_w10,spi_rankings_2025_w10.csv,136,,False,False,Big Ten vs Big Ten
2025,regular,11,401762855,2025-11-08 18:00:00+00:00,Eastern Michigan,Bowling Green,Mid-American,Mid-American,True,27,21,fbs,fbs,Bowling Green,Bowling Green,Bowling Green,Eastern Michigan,0,0,0,higher_spi_home_field_adjusted,higher_spi,higher_spi_home_field_adjusted,9.170323512473834,23.56383337776324,35.167,64.833,41.536,58.464,0.067059,2025_w10,spi_rankings_2025_w10.csv,136,,False,False,Mid-American vs Mid-American
2025,regular,11,401752761,2025-11-08 18:00:00+00:00,Ole Miss,The Citadel,SEC,Southern,False,49,0,fbs,fcs,Ole Miss,Ole Miss,Ole Miss,Ole Miss,1,1,1,fbs_vs_fcs_rule,fbs_vs_fcs_rule,fbs_vs_fcs_rule,78.25285333194782,,100.0,0.0,100.0,0.0,0.067059,2025_w10,spi_rankings_2025_w10.csv,136,,False,False,SEC vs Southern
2025,regular,11,401762502,2025-11-08 19:00:00+00:00,Rice,UAB,American Athletic,American Athletic,True,24,17,fbs,fbs,Rice,Rice,Rice,Rice,1,1,1,higher_spi_home_field_adjusted,higher_spi,higher_spi_home_field_adjusted,34.88867610826911,34.56274817168566,50.346,49.654,57.046,42.954,0.067059,2025_w10,spi_rankings_2025_w10.csv,136,,False,False,American Athletic vs American Athletic
2025,regular,11,401752894,2025-11-08 19:30:00+00:00,Rutgers,Maryland,Big Ten,Big Ten,True,35,20,fbs,fbs,Rutgers,Maryland,Rutgers,Rutgers,1,0,1,higher_spi_home_field_adjusted,higher_spi,higher_spi_home_field_adjusted,45.0819403114986,50.192887201835056,44.591,55.409,51.316,48.684,0.067059,2025_w10,spi_rankings_2025_w10.csv,136,,False,False,Big Ten vs Big Ten
2025,regular,11,401757297,2025-11-08 20:00:00+00:00,UTEP,Jacksonville State,Conference USA,Conference USA,True,27,30,fbs,fbs,Jacksonville State,Jacksonville State,Jacksonville State,Jacksonville State,1,1,1,higher_spi_home_field_adjusted,higher_spi,higher_spi_home_field_adjusted,24.86342206280753,46.12957747396224,28.827,71.173,34.662,65.338,0.067059,2025_w10,spi_rankings_2025_w10.csv,136,,False,False,Conference USA vs Conference USA
2025,regular,11,401757295,2025-11-08 20:00:00+00:00,Delaware,Louisiana Tech,Conference USA,Conference USA,True,25,24,fbs,fbs,Louisiana Tech,Louisiana Tech,Louisiana Tech,Delaware,0,0,0,higher_spi_home_field_adjusted,higher_spi,higher_spi_home_field_adjusted,36.8277525295264,52.498834548291875,33.939,66.061,40.224,59.776,0.067059,2025_w10,spi_rankings_2025_w10.csv,136,,False,False,Conference USA vs Conference USA
2025,regular,11,401762505,2025-11-08 20:00:00+00:00,Florida Atlantic,Tulsa,American Athletic,American Athletic,True,40,21,fbs,fbs,Florida Atlantic,Florida Atlantic,Florida Atlantic,Florida Atlantic,1,1,1,higher_spi_home_field_adjusted,higher_spi,higher_spi_home_field_adjusted,32.99616579418995,25.17017340452795,58.239,41.761,64.622,35.378,0.067059,2025_w10,spi_rankings_2025_w10.csv,136,,False,False,American Athletic vs American Athletic
2025,regular,11,401757296,2025-11-08 20:00:00+00:00,Middle Tennessee,Florida International,Conference USA,Conference USA,True,30,56,fbs,fbs,Florida International,Florida International,Florida International,Florida International,1,1,1,higher_spi_home_field_adjusted,higher_spi,higher_spi_home_field_adjusted,12.60248069492359,28.747312991354224,33.489,66.511,39.74,60.26,0.067059,2025_w10,spi_rankings_2025_w10.csv,136,,False,False,Conference USA vs Conference USA
2025,regular,11,401762504,2025-11-08 20:00:00+00:00,East Carolina,Charlotte,American Athletic,American Athletic,True,48,22,fbs,fbs,East Carolina,East Carolina,East Carolina,East Carolina,1,1,1,higher_spi_home_field_adjusted,higher_spi,higher_spi_home_field_adjusted,63.61659592145914,12.127104652355214,89.919,10.081,92.116,7.884,0.067059,2025_w10,spi_rankings_2025_w10.csv,136,,False,False,American Athletic vs American Athletic
2025,regular,11,401752763,2025-11-08 20:30:00+00:00,Missouri,Texas A&M,SEC,SEC,True,17,38,fbs,fbs,Texas A&M,Texas A&M,Texas A&M,Texas A&M,1,1,1,higher_spi_home_field_adjusted,higher_spi,higher_spi_home_field_adjusted,72.11244951978136,82.78819412342354,38.848,61.152,45.416,54.584,0.067059,2025_w10,spi_rankings_2025_w10.csv,136,,False,False,SEC vs SEC
2025,regular,11,401756944,2025-11-08 20:30:00+00:00,TCU,Iowa State,Big 12,Big 12,True,17,20,fbs,fbs,TCU,TCU,TCU,Iowa State,0,0,0,higher_spi_home_field_adjusted,higher_spi,higher_spi_home_field_adjusted,65.59327729414046,61.17451206910004,54.681,45.319,61.246,38.754,0.067059,2025_w10,spi_rankings_2025_w10.csv,136,,False,False,Big 12 vs Big 12
2025,regular,11,401754587,2025-11-08 20:30:00+00:00,Miami,Syracuse,ACC,ACC,True,38,10,fbs,fbs,Miami,Miami,Miami,Miami,1,1,1,higher_spi_home_field_adjusted,higher_spi,higher_spi_home_field_adjusted,72.42160285575146,39.592603989490215,80.143,19.857,84.092,15.908,0.067059,2025_w10,spi_rankings_2025_w10.csv,136,,False,False,ACC vs ACC
2025,regular,11,401756943,2025-11-08 20:30:00+00:00,Arizona,Kansas,Big 12,Big 12,True,24,20,fbs,fbs,Arizona,Arizona,Arizona,Arizona,1,1,1,higher_spi_home_field_adjusted,higher_spi,higher_spi_home_field_adjusted,60.98397541417804,53.35310399629041,58.037,41.963,64.432,35.568,0.067059,2025_w10,spi_rankings_2025_w10.csv,136,,False,False,Big 12 vs Big 12
2025,regular,11,401754590,2025-11-08 20:30:00+00:00,UConn,Duke,FBS Independents,ACC,False,37,34,fbs,fbs,Duke,Duke,Duke,UConn,0,0,0,higher_spi_home_field_adjusted,higher_spi,higher_spi_home_field_adjusted,49.35750953173106,60.032712553952415,38.848,61.152,45.417,54.583,0.067059,2025_w10,spi_rankings_2025_w10.csv,136,,False,False,ACC vs FBS Independents
2025,regular,11,401752898,2025-11-08 20:30:00+00:00,Iowa,Oregon,Big Ten,Big Ten,True,16,18,fbs,fbs,Oregon,Oregon,Oregon,Oregon,1,1,1,higher_spi_home_field_adjusted,higher_spi,higher_spi_home_field_adjusted,70.00486090223704,81.58371865827493,37.94,62.06,44.467,55.533,0.067059,2025_w10,spi_rankings_2025_w10.csv,136,,False,False,Big Ten vs Big Ten
2025,regular,11,401757298,2025-11-08 21:00:00+00:00,New Mexico State,Kennesaw State,Conference USA,Conference USA,True,21,24,fbs,fbs,Kennesaw State,Kennesaw State,Kennesaw State,Kennesaw State,1,1,1,higher_spi_home_field_adjusted,higher_spi,higher_spi_home_field_adjusted,29.243068903731313,59.24302137513292,21.84,78.16,26.793,73.207,0.067059,2025_w10,spi_rankings_2025_w10.csv,136,,False,False,Conference USA vs Conference USA
2025,regular,11,401752764,2025-11-08 21:00:00+00:00,Vanderbilt,Auburn,SEC,SEC,True,45,38,fbs,fbs,Vanderbilt,Vanderbilt,Vanderbilt,Vanderbilt,1,1,1,higher_spi_home_field_adjusted,higher_spi,higher_spi_home_field_adjusted,75.77527406036157,51.362703089466386,73.837,26.163,78.708,21.292,0.067059,2025_w10,spi_rankings_2025_w10.csv,136,,False,False,SEC vs SEC
2025,regular,11,401761645,2025-11-08 21:00:00+00:00,Coastal Carolina,Georgia State,Sun Belt,Sun Belt,True,40,27,fbs,fbs,Coastal Carolina,Coastal Carolina,Coastal Carolina,Coastal Carolina,1,1,1,higher_spi_home_field_adjusted,higher_spi,higher_spi_home_field_adjusted,46.11046238572053,15.447400384938431,78.637,21.363,82.822,17.178,0.067059,2025_w10,spi_rankings_2025_w10.csv,136,,False,False,Sun Belt vs Sun Belt
2025,regular,11,401752899,2025-11-08 21:30:00+00:00,Wisconsin,Washington,Big Ten,Big Ten,True,13,10,fbs,fbs,Washington,Washington,Washington,Wisconsin,0,0,0,higher_spi_home_field_adjusted,higher_spi,higher_spi_home_field_adjusted,40.62406552570958,70.33954292668498,22.047,77.953,27.031,72.969,0.067059,2025_w10,spi_rankings_2025_w10.csv,136,,False,False,Big Ten vs Big Ten
2025,regular,11,401754588,2025-11-08 21:30:00+00:00,North Carolina,Stanford,ACC,ACC,True,20,15,fbs,fbs,North Carolina,North Carolina,North Carolina,North Carolina,1,1,1,higher_spi_home_field_adjusted,higher_spi,higher_spi_home_field_adjusted,38.443965523991466,33.86209765682205,54.853,45.147,61.41,38.59,0.067059,2025_w10,spi_rankings_2025_w10.csv,136,,False,False,ACC vs ACC
2025,regular,11,401761648,2025-11-08 22:00:00+00:00,Louisiana,Texas State,Sun Belt,Sun Belt,True,42,39,fbs,fbs,Texas State,Texas State,Texas State,Louisiana,0,0,0,higher_spi_home_field_adjusted,higher_spi,higher_spi_home_field_adjusted,27.002579795174185,38.84573935396955,37.676,62.324,44.19,55.81,0.067059,2025_w10,spi_rankings_2025_w10.csv,136,,False,False,Sun Belt vs Sun Belt
2025,regular,11,401760406,2025-11-08 23:00:00+00:00,San José State,Air Force,Mountain West,Mountain West,True,16,26,fbs,fbs,San José State,San José State,San José State,Air Force,0,0,0,higher_spi_home_field_adjusted,higher_spi,higher_spi_home_field_adjusted,35.040451186019496,32.07214560038572,53.15,46.85,59.773,40.227,0.067059,2025_w10,spi_rankings_2025_w10.csv,136,,False,False,Mountain West vs Mountain West
2025,regular,11,401754589,2025-11-09 00:00:00+00:00,Virginia,Wake Forest,ACC,ACC,True,9,16,fbs,fbs,Virginia,Virginia,Virginia,Wake Forest,0,0,0,higher_spi_home_field_adjusted,higher_spi,higher_spi_home_field_adjusted,73.14059858229143,54.036658255378654,69.252,30.748,74.683,25.317,0.067059,2025_w10,spi_rankings_2025_w10.csv,136,,False,False,ACC vs ACC
2025,regular,11,401754585,2025-11-09 00:00:00+00:00,Louisville,California,ACC,ACC,True,26,29,fbs,fbs,Louisville,Louisville,Louisville,California,0,0,0,higher_spi_home_field_adjusted,higher_spi,higher_spi_home_field_adjusted,74.12993742047456,48.501365207438155,74.823,25.177,79.561,20.439,0.067059,2025_w10,spi_rankings_2025_w10.csv,136,,False,False,ACC vs ACC
2025,regular,11,401754586,2025-11-09 00:00:00+00:00,Clemson,Florida State,ACC,ACC,True,24,10,fbs,fbs,Florida State,Florida State,Florida State,Clemson,0,0,0,higher_spi_home_field_adjusted,higher_spi,higher_spi_home_field_adjusted,43.26115399748821,63.27360232992809,29.932,70.068,35.878,64.122,0.067059,2025_w10,spi_rankings_2025_w10.csv,136,,False,False,ACC vs ACC
2025,regular,11,401757166,2025-11-09 00:30:00+00:00,Notre Dame,Navy,FBS Independents,American Athletic,False,49,10,fbs,fbs,Notre Dame,Notre Dame,Notre Dame,Notre Dame,1,1,1,higher_spi_home_field_adjusted,higher_spi,higher_spi_home_field_adjusted,74.25330090492116,65.89862118040412,58.785,41.215,65.134,34.866,0.067059,2025_w10,spi_rankings_2025_w10.csv,136,,False,False,American Athletic vs FBS Independents
2025,regular,11,401752760,2025-11-09 00:30:00+00:00,Kentucky,Florida,SEC,SEC,True,38,7,fbs,fbs,Florida,Florida,Florida,Kentucky,0,0,0,higher_spi_home_field_adjusted,higher_spi,higher_spi_home_field_adjusted,44.78158458874814,52.25926801021835,42.121,57.879,48.802,51.198,0.067059,2025_w10,spi_rankings_2025_w10.csv,136,,False,False,SEC vs SEC
2025,regular,11,401760409,2025-11-09 00:30:00+00:00,Utah State,Nevada,Mountain West,Mountain West,True,51,14,fbs,fbs,Utah State,Utah State,Utah State,Utah State,1,1,1,higher_spi_home_field_adjusted,higher_spi,higher_spi_home_field_adjusted,47.55125674995537,15.55900449716455,79.571,20.429,83.611,16.389,0.067059,2025_w10,spi_rankings_2025_w10.csv,136,,False,False,Mountain West vs Mountain West
2025,regular,11,401752759,2025-11-09 00:30:00+00:00,Alabama,LSU,SEC,SEC,True,20,9,fbs,fbs,Alabama,Alabama,Alabama,Alabama,1,1,1,higher_spi_home_field_adjusted,higher_spi,higher_spi_home_field_adjusted,81.87975530494958,66.23959008918082,66.032,33.968,71.8,28.2,0.067059,2025_w10,spi_rankings_2025_w10.csv,136,,False,False,SEC vs SEC
2025,regular,11,401752895,2025-11-09 02:00:00+00:00,UCLA,Nebraska,Big Ten,Big Ten,True,21,28,fbs,fbs,Nebraska,Nebraska,Nebraska,Nebraska,1,1,1,higher_spi_home_field_adjusted,higher_spi,higher_spi_home_field_adjusted,38.43893438547743,68.82998272944641,21.558,78.442,26.469,73.531,0.067059,2025_w10,spi_rankings_2025_w10.csv,136,,False,False,Big Ten vs Big Ten
2025,regular,11,401760407,2025-11-09 02:30:00+00:00,Colorado State,UNLV,Mountain West,Mountain West,True,10,42,fbs,fbs,UNLV,UNLV,UNLV,UNLV,1,1,1,higher_spi_home_field_adjusted,higher_spi,higher_spi_home_field_adjusted,25.658086593384574,56.13191634597483,21.498,78.502,26.4,73.6,0.067059,2025_w10,spi_rankings_2025_w10.csv,136,,False,False,Mountain West vs Mountain West
2025,regular,11,401752944,2025-11-09 03:00:00+00:00,Oregon State,Sam Houston,Pac-12,Conference USA,False,17,21,fbs,fbs,Oregon State,Oregon State,Oregon State,Sam Houston,0,0,0,higher_spi_home_field_adjusted,higher_spi,higher_spi_home_field_adjusted,26.720306463855582,3.0682876220204114,73.208,26.792,78.161,21.839,0.067059,2025_w10,spi_rankings_2025_w10.csv,136,,False,False,Conference USA vs Pac-12
2025,regular,11,401760408,2025-11-09 04:00:00+00:00,Hawai'i,San Diego State,Mountain West,Mountain West,True,38,6,fbs,fbs,San Diego State,San Diego State,San Diego State,Hawai'i,0,0,0,higher_spi_home_field_adjusted,higher_spi,higher_spi_home_field_adjusted,50.17097411639124,68.5807843039985,31.38,68.62,37.459,62.541,0.067059,2025_w10,spi_rankings_2025_w10.csv,136,,False,False,Mountain West vs Mountain West
2025,regular,12,401762856,2025-11-12 00:30:00+00:00,Akron,Kent State,Mid-American,Mid-American,True,35,42,fbs,fbs,Akron,Akron,Akron,Kent State,0,0,0,higher_spi_home_field_adjusted,higher_spi,higher_spi_home_field_adjusted,27.82433881934821,24.101298311074963,53.947,46.053,60.542,39.458,0.067059,2025_w11,spi_rankings_2025_w11.csv,136,,False,False,Mid-American vs Mid-American
2025,regular,12,401762857,2025-11-12 01:00:00+00:00,Western Michigan,Ohio,Mid-American,Mid-American,True,17,13,fbs,fbs,Ohio,Ohio,Ohio,Western Michigan,0,0,0,higher_spi_home_field_adjusted,higher_spi,higher_spi_home_field_adjusted,45.81819179081535,53.83894829209853,41.56,58.44,48.225,51.775,0.067059,2025_w11,spi_rankings_2025_w11.csv,136,,False,False,Mid-American vs Mid-American
2025,regular,12,401762860,2025-11-13 00:00:00+00:00,Miami (OH),Toledo,Mid-American,Mid-American,True,3,24,fbs,fbs,Toledo,Toledo,Toledo,Toledo,1,1,1,higher_spi_home_field_adjusted,higher_spi,higher_spi_home_field_adjusted,44.81614284018738,51.25546772517568,43.201,56.799,49.905,50.095,0.067059,2025_w11,spi_rankings_2025_w11.csv,136,,False,False,Mid-American vs Mid-American
2025,regular,12,401762858,2025-11-13 00:00:00+00:00,Central Michigan,Buffalo,Mid-American,Mid-American,True,38,19,fbs,fbs,Central Michigan,Buffalo,Central Michigan,Central Michigan,1,0,1,higher_spi_home_field_adjusted,higher_spi,higher_spi_home_field_adjusted,45.998501211412574,46.3888600962081,49.585,50.415,56.298,43.702,0.067059,2025_w11,spi_rankings_2025_w11.csv,136,,False,False,Mid-American vs Mid-American
2025,regular,12,401762859,2025-11-13 00:00:00+00:00,Massachusetts,Northern Illinois,Mid-American,Mid-American,True,3,45,fbs,fbs,Northern Illinois,Northern Illinois,Northern Illinois,Northern Illinois,1,1,1,higher_spi_home_field_adjusted,higher_spi,higher_spi_home_field_adjusted,0.0,17.539873337633228,32.181,67.819,38.33,61.67,0.067059,2025_w11,spi_rankings_2025_w11.csv,136,,False,False,Mid-American vs Mid-American
2025,regular,12,401761649,2025-11-14 00:30:00+00:00,Old Dominion,Troy,Sun Belt,Sun Belt,True,33,0,fbs,fbs,Old Dominion,Old Dominion,Old Dominion,Old Dominion,1,1,1,higher_spi_home_field_adjusted,higher_spi,higher_spi_home_field_adjusted,61.019873027008266,54.0116268149031,57.392,42.608,63.824,36.176,0.067059,2025_w11,spi_rankings_2025_w11.csv,136,,False,False,Sun Belt vs Sun Belt
2025,regular,12,401754591,2025-11-15 00:30:00+00:00,Louisville,Clemson,ACC,ACC,True,19,20,fbs,fbs,Louisville,Louisville,Louisville,Clemson,0,0,0,higher_spi_home_field_adjusted,higher_spi,higher_spi_home_field_adjusted,69.88800218233672,49.85454155924821,70.087,29.913,75.423,24.577,0.067059,2025_w11,spi_rankings_2025_w11.csv,136,,False,False,ACC vs ACC
2025,regular,12,401752904,2025-11-15 02:00:00+00:00,Oregon,Minnesota,Big Ten,Big Ten,True,42,13,fbs,fbs,Oregon,Oregon,Oregon,Oregon,1,1,1,higher_spi_home_field_adjusted,higher_spi,higher_spi_home_field_adjusted,85.25933430469294,60.44782213221478,74.164,25.836,78.99,21.01,0.067059,2025_w11,spi_rankings_2025_w11.csv,136,,False,False,Big Ten vs Big Ten
2025,regular,12,401754597,2025-11-15 17:00:00+00:00,Pittsburgh,Notre Dame,ACC,FBS Independents,False,15,37,fbs,fbs,Notre Dame,Notre Dame,Notre Dame,Notre Dame,1,1,1,higher_spi_home_field_adjusted,higher_spi,higher_spi_home_field_adjusted,67.41443651592466,80.9846723487222,35.968,64.032,42.388,57.612,0.067059,2025_w11,spi_rankings_2025_w11.csv,136,,False,False,ACC vs FBS Independents
2025,regular,12,401757174,2025-11-15 17:00:00+00:00,UConn,Air Force,FBS Independents,Mountain West,False,26,16,fbs,fbs,UConn,UConn,UConn,UConn,1,1,1,higher_spi_home_field_adjusted,higher_spi,higher_spi_home_field_adjusted,56.84150653883291,39.18943031494203,67.923,32.077,73.499,26.501,0.067059,2025_w11,spi_rankings_2025_w11.csv,136,,False,False,FBS Independents vs Mountain West
2025,regular,12,401752905,2025-11-15 17:00:00+00:00,Northwestern,Michigan,Big Ten,Big Ten,True,22,24,fbs,fbs,Michigan,Michigan,Michigan,Michigan,1,1,1,higher_spi_home_field_adjusted,higher_spi,higher_spi_home_field_adjusted,56.062082982235474,73.60023041101549,32.183,67.817,32.183,67.817,0.067059,2025_w11,spi_rankings_2025_w11.csv,136,,False,False,Big Ten vs Big Ten
2025,regular,12,401756951,2025-11-15 17:00:00+00:00,Cincinnati,Arizona,Big 12,Big 12,True,24,30,fbs,fbs,Cincinnati,Cincinnati,Cincinnati,Arizona,0,0,0,higher_spi_home_field_adjusted,higher_spi,higher_spi_home_field_adjusted,70.3227904426427,65.94147626253867,54.642,45.358,61.208,38.792,0.067059,2025_w11,spi_rankings_2025_w11.csv,136,,False,False,Big 12 vs Big 12
2025,regular,12,401762510,2025-11-15 17:00:00+00:00,Navy,South Florida,American Athletic,American Athletic,True,41,38,fbs,fbs,South Florida,South Florida,South Florida,Navy,0,0,0,higher_spi_home_field_adjusted,higher_spi,higher_spi_home_field_adjusted,63.01032037849815,73.31210536440197,39.226,60.774,45.811,54.189,0.067059,2025_w11,spi_rankings_2025_w11.csv,136,,False,False,American Athletic vs American Athletic
2025,regular,12,401762507,2025-11-15 17:00:00+00:00,Charlotte,UTSA,American Athletic,American Athletic,True,7,28,fbs,fbs,UTSA,UTSA,UTSA,UTSA,1,1,1,higher_spi_home_field_adjusted,higher_spi,higher_spi_home_field_adjusted,13.289366612461126,44.62071316538171,20.89,79.11,25.698,74.302,0.067059,2025_w11,spi_rankings_2025_w11.csv,136,,False,False,American Athletic vs American Athletic
2025,regular,12,401752772,2025-11-15 17:00:00+00:00,Texas A&M,South Carolina,SEC,SEC,True,31,30,fbs,fbs,Texas A&M,Texas A&M,Texas A&M,Texas A&M,1,1,1,higher_spi_home_field_adjusted,higher_spi,higher_spi_home_field_adjusted,86.47169677787888,48.61961309501691,83.323,16.677,86.745,13.255,0.067059,2025_w11,spi_rankings_2025_w11.csv,136,,False,False,SEC vs SEC
2025,regular,12,401762861,2025-11-15 17:00:00+00:00,Ball State,Eastern Michigan,Mid-American,Mid-American,True,9,24,fbs,fbs,Ball State,Ball State,Ball State,Eastern Michigan,0,0,0,higher_spi_home_field_adjusted,higher_spi,higher_spi_home_field_adjusted,27.63727064863259,18.63060295727143,59.454,40.546,65.761,34.239,0.067059,2025_w11,spi_rankings_2025_w11.csv,136,,False,False,Mid-American vs Mid-American
2025,regular,12,401752901,2025-11-15 17:00:00+00:00,Indiana,Wisconsin,Big Ten,Big Ten,True,31,7,fbs,fbs,Indiana,Indiana,Indiana,Indiana,1,1,1,higher_spi_home_field_adjusted,higher_spi,higher_spi_home_field_adjusted,100.0,47.00908281063087,90.483,9.517,92.567,7.433,0.067059,2025_w11,spi_rankings_2025_w11.csv,136,,False,False,Big Ten vs Big Ten
2025,regular,12,401756952,2025-11-15 17:00:00+00:00,Oklahoma State,Kansas State,Big 12,Big 12,True,6,14,fbs,fbs,Kansas State,Kansas State,Kansas State,Kansas State,1,1,1,higher_spi_home_field_adjusted,higher_spi,higher_spi_home_field_adjusted,21.569251208263772,51.28131747068054,22.05,77.95,27.034,72.966,0.067059,2025_w11,spi_rankings_2025_w11.csv,136,,False,False,Big 12 vs Big 12
2025,regular,12,401752768,2025-11-15 17:45:00+00:00,LSU,Arkansas,SEC,SEC,True,23,22,fbs,fbs,LSU,LSU,LSU,LSU,1,1,1,higher_spi_home_field_adjusted,higher_spi,higher_spi_home_field_adjusted,66.60563619621603,40.93885121076827,74.854,25.146,79.587,20.413,0.067059,2025_w11,spi_rankings_2025_w11.csv,136,,False,False,SEC vs SEC
2025,regular,12,401752945,2025-11-15 18:00:00+00:00,Tulsa,Oregon State,American Athletic,Pac-12,False,31,14,fbs,fbs,Tulsa,Oregon State,Tulsa,Tulsa,1,0,1,higher_spi_home_field_adjusted,higher_spi,higher_spi_home_field_adjusted,23.669643836948428,24.95526610285133,48.634,51.366,55.36,44.64,0.067059,2025_w11,spi_rankings_2025_w11.csv,136,,False,False,American Athletic vs Pac-12
2025,regular,12,401756948,2025-11-15 18:00:00+00:00,Arizona State,West Virginia,Big 12,Big 12,True,25,23,fbs,fbs,Arizona State,Arizona State,Arizona State,Arizona State,1,1,1,higher_spi_home_field_adjusted,higher_spi,higher_spi_home_field_adjusted,62.9606714868395,41.80674931279507,71.075,28.925,76.295,23.705,0.067059,2025_w11,spi_rankings_2025_w11.csv,136,,False,False,Big 12 vs Big 12
2025,regular,12,401752767,2025-11-15 18:30:00+00:00,Kentucky,Tennessee Tech,SEC,Big South-OVC,False,42,10,fbs,fcs,Kentucky,Kentucky,Kentucky,Kentucky,1,1,1,fbs_vs_fcs_rule,fbs_vs_fcs_rule,fbs_vs_fcs_rule,52.77692657268409,,100.0,0.0,100.0,0.0,0.067059,2025_w11,spi_rankings_2025_w11.csv,136,,False,False,Big South-OVC vs SEC
2025,regular,12,401761651,2025-11-15 19:00:00+00:00,Georgia State,Marshall,Sun Belt,Sun Belt,True,18,30,fbs,fbs,Marshall,Marshall,Marshall,Marshall,1,1,1,higher_spi_home_field_adjusted,higher_spi,higher_spi_home_field_adjusted,14.950741453348233,42.53543866505717,23.643,76.357,28.854,71.146,0.067059,2025_w11,spi_rankings_2025_w11.csv,136,,False,False,Sun Belt vs Sun Belt
2025,regular,12,401762506,2025-11-15 19:00:00+00:00,UAB,North Texas,American Athletic,American Athletic,True,24,53,fbs,fbs,North Texas,North Texas,North Texas,North Texas,1,1,1,higher_spi_home_field_adjusted,higher_spi,higher_spi_home_field_adjusted,32.65670825976315,78.00382107279702,12.706,87.294,16.011,83.989,0.067059,2025_w11,spi_rankings_2025_w11.csv,136,,False,False,American Athletic vs American Athletic
2025,regular,12,401757304,2025-11-15 20:00:00+00:00,Missouri State,UTEP,Conference USA,Conference USA,True,38,24,fbs,fbs,Missouri State,Missouri State,Missouri State,Missouri State,1,1,1,higher_spi_home_field_adjusted,higher_spi,higher_spi_home_field_adjusted,53.310194430254775,24.964689258190205,76.936,23.064,81.375,18.625,0.067059,2025_w11,spi_rankings_2025_w11.csv,136,,False,False,Conference USA vs Conference USA
2025,regular,12,401760411,2025-11-15 20:00:00+00:00,New Mexico,Colorado State,Mountain West,Mountain West,True,20,17,fbs,fbs,New Mexico,New Mexico,New Mexico,New Mexico,1,1,1,higher_spi_home_field_adjusted,higher_spi,higher_spi_home_field_adjusted,57.85083360322996,23.55112432218099,81.119,18.881,84.911,15.089,0.067059,2025_w11,spi_rankings_2025_w11.csv,136,,False,False,Mountain West vs Mountain West
2025,regular,12,401752906,2025-11-15 20:30:00+00:00,Illinois,Maryland,Big Ten,Big Ten,True,24,6,fbs,fbs,Illinois,Illinois,Illinois,Illinois,1,1,1,higher_spi_home_field_adjusted,higher_spi,higher_spi_home_field_adjusted,69.64590010370826,48.263004072797486,71.275,28.725,76.47,23.53,0.067059,2025_w11,spi_rankings_2025_w11.csv,136,,False,False,Big Ten vs Big Ten
2025,regular,12,401754595,2025-11-15 20:30:00+00:00,Miami,NC State,ACC,ACC,True,41,7,fbs,fbs,Miami,Miami,Miami,Miami,1,1,1,higher_spi_home_field_adjusted,higher_spi,higher_spi_home_field_adjusted,75.83811842499289,60.652988443445174,65.597,34.403,71.407,28.593,0.067059,2025_w11,spi_rankings_2025_w11.csv,136,,False,False,ACC vs ACC
2025,regular,12,401756953,2025-11-15 20:30:00+00:00,Texas Tech,UCF,Big 12,Big 12,True,48,9,fbs,fbs,Texas Tech,Texas Tech,Texas Tech,Texas Tech,1,1,1,higher_spi_home_field_adjusted,higher_spi,higher_spi_home_field_adjusted,92.87972249497577,51.05201983109539,85.541,14.459,88.57,11.43,0.067059,2025_w11,spi_rankings_2025_w11.csv,136,,False,False,Big 12 vs Big 12
2025,regular,12,401761653,2025-11-15 20:30:00+00:00,UL Monroe,South Alabama,Sun Belt,Sun Belt,True,14,26,fbs,fbs,UL Monroe,UL Monroe,UL Monroe,South Alabama,0,0,0,higher_spi_home_field_adjusted,higher_spi,higher_spi_home_field_adjusted,28.57224993625428,24.950622387080575,53.84,46.16,60.439,39.561,0.067059,2025_w11,spi_rankings_2025_w11.csv,136,,False,False,Sun Belt vs Sun Belt
2025,regular,12,401761654,2025-11-15 20:30:00+00:00,Southern Miss,Texas State,Sun Belt,Sun Belt,True,14,41,fbs,fbs,Southern Miss,Southern Miss,Southern Miss,Texas State,0,0,0,higher_spi_home_field_adjusted,higher_spi,higher_spi_home_field_adjusted,60.8932987826398,36.925161848178554,73.471,26.529,78.389,21.611,0.067059,2025_w11,spi_rankings_2025_w11.csv,136,,False,False,Sun Belt vs Sun Belt
2025,regular,12,401752907,2025-11-15 20:30:00+00:00,USC,Iowa,Big Ten,Big Ten,True,26,21,fbs,fbs,USC,USC,USC,USC,1,1,1,higher_spi_home_field_adjusted,higher_spi,higher_spi_home_field_adjusted,78.13283561785182,71.52760909988375,56.972,43.028,63.427,36.573,0.067059,2025_w11,spi_rankings_2025_w11.csv,136,,False,False,Big Ten vs Big Ten
2025,regular,12,401754593,2025-11-15 20:30:00+00:00,Duke,Virginia,ACC,ACC,True,17,34,fbs,fbs,Virginia,Virginia,Virginia,Virginia,1,1,1,higher_spi_home_field_adjusted,higher_spi,higher_spi_home_field_adjusted,58.16265681603725,69.12421539325862,38.56,61.44,45.116,54.884,0.067059,2025_w11,spi_rankings_2025_w11.csv,136,,False,False,ACC vs ACC
2025,regular,12,401752765,2025-11-15 20:30:00+00:00,Alabama,Oklahoma,SEC,SEC,True,21,23,fbs,fbs,Alabama,Alabama,Alabama,Oklahoma,0,0,0,higher_spi_home_field_adjusted,higher_spi,higher_spi_home_field_adjusted,85.92930949428523,77.68911091900435,58.667,41.333,65.023,34.977,0.067059,2025_w11,spi_rankings_2025_w11.csv,136,,False,False,SEC vs SEC
2025,regular,12,401754592,2025-11-15 20:30:00+00:00,Boston College,Georgia Tech,ACC,ACC,True,34,36,fbs,fbs,Georgia Tech,Georgia Tech,Georgia Tech,Georgia Tech,1,1,1,higher_spi_home_field_adjusted,higher_spi,higher_spi_home_field_adjusted,21.39954239020811,77.52342549187047,8.43,91.57,10.761,89.239,0.067059,2025_w11,spi_rankings_2025_w11.csv,136,,False,False,ACC vs ACC
2025,regular,12,401761652,2025-11-15 20:30:00+00:00,James Madison,App State,Sun Belt,Sun Belt,True,58,10,fbs,fbs,James Madison,James Madison,James Madison,James Madison,1,1,1,higher_spi_home_field_adjusted,higher_spi,higher_spi_home_field_adjusted,74.2316093162013,37.314602608959056,82.764,17.236,86.281,13.719,0.067059,2025_w11,spi_rankings_2025_w11.csv,136,,False,False,Sun Belt vs Sun Belt
2025,regular,12,401757303,2025-11-15 20:30:00+00:00,Western Kentucky,Middle Tennessee,Conference USA,Conference USA,True,42,26,fbs,fbs,Western Kentucky,Western Kentucky,Western Kentucky,Western Kentucky,1,1,1,higher_spi_home_field_adjusted,higher_spi,higher_spi_home_field_adjusted,56.689295816429905,11.755089289249014,87.099,12.901,89.84,10.16,0.067059,2025_w11,spi_rankings_2025_w11.csv,136,,False,False,Conference USA vs Conference USA
2025,regular,12,401760413,2025-11-15 20:30:00+00:00,Nevada,San José State,Mountain West,Mountain West,True,55,10,fbs,fbs,San José State,San José State,San José State,Nevada,0,0,0,higher_spi_home_field_adjusted,higher_spi,higher_spi_home_field_adjusted,12.413229322720843,33.10805331231108,29.328,70.672,35.213,64.787,0.067059,2025_w11,spi_rankings_2025_w11.csv,136,,False,False,Mountain West vs Mountain West
2025,regular,12,401752903,2025-11-15 20:30:00+00:00,Michigan State,Penn State,Big Ten,Big Ten,True,10,28,fbs,fbs,Penn State,Penn State,Penn State,Penn State,1,1,1,higher_spi_home_field_adjusted,higher_spi,higher_spi_home_field_adjusted,43.352336444928326,52.71606756616419,40.18,59.82,46.802,53.198,0.067059,2025_w11,spi_rankings_2025_w11.csv,136,,False,False,Big Ten vs Big Ten
2025,regular,12,401762508,2025-11-15 21:00:00+00:00,East Carolina,Memphis,American Athletic,American Athletic,True,31,27,fbs,fbs,East Carolina,Memphis,East Carolina,East Carolina,1,0,1,higher_spi_home_field_adjusted,higher_spi,higher_spi_home_field_adjusted,67.06437097750748,67.2463812196386,49.807,50.193,56.516,43.484,0.067059,2025_w11,spi_rankings_2025_w11.csv,136,,False,False,American Athletic vs American Athletic
2025,regular,12,401762509,2025-11-15 21:00:00+00:00,Tulane,Florida Atlantic,American Athletic,American Athletic,True,35,24,fbs,fbs,Tulane,Tulane,Tulane,Tulane,1,1,1,higher_spi_home_field_adjusted,higher_spi,higher_spi_home_field_adjusted,68.508938718236,38.30541659120651,78.307,21.693,82.542,17.458,0.067059,2025_w11,spi_rankings_2025_w11.csv,136,,False,False,American Athletic vs American Athletic
2025,regular,12,401752771,2025-11-15 21:15:00+00:00,Tennessee,New Mexico State,SEC,Conference USA,False,42,9,fbs,fbs,Tennessee,Tennessee,Tennessee,Tennessee,1,1,1,higher_spi_home_field_adjusted,higher_spi,higher_spi_home_field_adjusted,69.36600998878197,28.22021048344899,85.179,14.821,88.273,11.727,0.067059,2025_w11,spi_rankings_2025_w11.csv,136,,False,False,Conference USA vs SEC
2025,regular,12,401754596,2025-11-15 21:30:00+00:00,Wake Forest,North Carolina,ACC,ACC,True,28,12,fbs,fbs,Wake Forest,Wake Forest,Wake Forest,Wake Forest,1,1,1,higher_spi_home_field_adjusted,higher_spi,higher_spi_home_field_adjusted,60.07544840335329,42.4416128470665,67.906,32.094,73.484,26.516,0.067059,2025_w11,spi_rankings_2025_w11.csv,136,,False,False,ACC vs ACC
2025,regular,12,401757301,2025-11-15 22:00:00+00:00,Florida International,Liberty,Conference USA,Conference USA,True,34,27,fbs,fbs,Florida International,Liberty,Florida International,Florida International,1,0,1,higher_spi_home_field_adjusted,higher_spi,higher_spi_home_field_adjusted,35.404892927309625,36.904155643856896,48.408,51.592,55.135,44.865,0.067059,2025_w11,spi_rankings_2025_w11.csv,136,,False,False,Conference USA vs Conference USA
2025,regular,12,401761650,2025-11-15 23:00:00+00:00,Georgia Southern,Coastal Carolina,Sun Belt,Sun Belt,True,45,40,fbs,fbs,Coastal Carolina,Coastal Carolina,Coastal Carolina,Georgia Southern,0,0,0,higher_spi_home_field_adjusted,higher_spi,higher_spi_home_field_adjusted,39.162171033862634,49.814355384200795,38.871,61.129,45.441,54.559,0.067059,2025_w11,spi_rankings_2025_w11.csv,136,,False,False,Sun Belt vs Sun Belt
2025,regular,12,401756949,2025-11-16 00:00:00+00:00,Baylor,Utah,Big 12,Big 12,True,28,55,fbs,fbs,Utah,Utah,Utah,Utah,1,1,1,higher_spi_home_field_adjusted,higher_spi,higher_spi_home_field_adjusted,56.966548405921856,86.14458783384852,22.442,77.558,27.484,72.516,0.067059,2025_w11,spi_rankings_2025_w11.csv,136,,False,False,Big 12 vs Big 12
2025,regular,12,401757300,2025-11-16 00:00:00+00:00,Sam Houston,Delaware,Conference USA,Conference USA,True,26,23,fbs,fbs,Delaware,Delaware,Delaware,Sam Houston,0,0,0,higher_spi_home_field_adjusted,higher_spi,higher_spi_home_field_adjusted,11.201086041382284,41.65376313490094,21.514,78.486,21.514,78.486,0.067059,2025_w11,spi_rankings_2025_w11.csv,136,,False,False,Conference USA vs Conference USA
2025,regular,12,401752902,2025-11-16 00:00:00+00:00,Washington,Purdue,Big Ten,Big Ten,True,49,13,fbs,fbs,Washington,Washington,Washington,Washington,1,1,1,higher_spi_home_field_adjusted,higher_spi,higher_spi_home_field_adjusted,66.09007172514671,34.95085019056197,78.975,21.025,83.108,16.892,0.067059,2025_w11,spi_rankings_2025_w11.csv,136,,False,False,Big Ten vs Big Ten
2025,regular,12,401752769,2025-11-16 00:00:00+00:00,Ole Miss,Florida,SEC,SEC,True,34,24,fbs,fbs,Ole Miss,Ole Miss,Ole Miss,Ole Miss,1,1,1,higher_spi_home_field_adjusted,higher_spi,higher_spi_home_field_adjusted,82.58983423541713,48.60494351343628,80.913,19.087,84.738,15.262,0.067059,2025_w11,spi_rankings_2025_w11.csv,136,,False,False,SEC vs SEC
2025,regular,12,401760414,2025-11-16 00:00:00+00:00,UNLV,Utah State,Mountain West,Mountain West,True,29,26,fbs,fbs,UNLV,UNLV,UNLV,UNLV,1,1,1,higher_spi_home_field_adjusted,higher_spi,higher_spi_home_field_adjusted,60.84262439502904,53.15624417365302,58.095,41.905,64.486,35.514,0.067059,2025_w11,spi_rankings_2025_w11.csv,136,,False,False,Mountain West vs Mountain West
2025,regular,12,401752766,2025-11-16 00:30:00+00:00,Georgia,Texas,SEC,SEC,True,35,10,fbs,fbs,Georgia,Georgia,Georgia,Georgia,1,1,1,higher_spi_home_field_adjusted,higher_spi,higher_spi_home_field_adjusted,85.29249562190415,75.64772775828871,60.106,39.894,66.369,33.631,0.067059,2025_w11,spi_rankings_2025_w11.csv,136,,False,False,SEC vs SEC
2025,regular,12,401754594,2025-11-16 00:30:00+00:00,Florida State,Virginia Tech,ACC,ACC,True,34,14,fbs,fbs,Florida State,Florida State,Florida State,Florida State,1,1,1,higher_spi_home_field_adjusted,higher_spi,higher_spi_home_field_adjusted,62.304741788644016,38.261077995047835,73.533,26.467,78.444,21.556,0.067059,2025_w11,spi_rankings_2025_w11.csv,136,,False,False,ACC vs ACC
2025,regular,12,401752900,2025-11-16 00:30:00+00:00,Ohio State,UCLA,Big Ten,Big Ten,True,48,10,fbs,fbs,Ohio State,Ohio State,Ohio State,Ohio State,1,1,1,higher_spi_home_field_adjusted,higher_spi,higher_spi_home_field_adjusted,95.1816293227287,37.63556201211659,92.025,7.975,93.794,6.206,0.067059,2025_w11,spi_rankings_2025_w11.csv,136,,False,False,Big Ten vs Big Ten
2025,regular,12,401752770,2025-11-16 00:45:00+00:00,Missouri,Mississippi State,SEC,SEC,True,49,27,fbs,fbs,Missouri,Missouri,Missouri,Missouri,1,1,1,higher_spi_home_field_adjusted,higher_spi,higher_spi_home_field_adjusted,69.97042207939353,61.54938232846376,58.853,41.147,65.198,34.802,0.067059,2025_w11,spi_rankings_2025_w11.csv,136,,False,False,SEC vs SEC
2025,regular,12,401757302,2025-11-16 01:00:00+00:00,Jacksonville State,Kennesaw State,Conference USA,Conference USA,True,35,26,fbs,fbs,Kennesaw State,Kennesaw State,Kennesaw State,Jacksonville State,0,0,0,higher_spi_home_field_adjusted,higher_spi,higher_spi_home_field_adjusted,49.754767380971366,62.052657183801784,37.223,62.777,43.713,56.287,0.067059,2025_w11,spi_rankings_2025_w11.csv,136,,False,False,Conference USA vs Conference USA
2025,regular,12,401752953,2025-11-16 03:00:00+00:00,Washington State,Louisiana Tech,Pac-12,Conference USA,False,28,3,fbs,fbs,Washington State,Louisiana Tech,Washington State,Washington State,1,0,1,higher_spi_home_field_adjusted,higher_spi,higher_spi_home_field_adjusted,45.218363325040045,49.495128970284696,45.468,54.532,52.201,47.799,0.067059,2025_w11,spi_rankings_2025_w11.csv,136,,False,False,Conference USA vs Pac-12
2025,regular,12,401756950,2025-11-16 03:15:00+00:00,BYU,TCU,Big 12,Big 12,True,44,13,fbs,fbs,BYU,BYU,BYU,BYU,1,1,1,higher_spi_home_field_adjusted,higher_spi,higher_spi_home_field_adjusted,81.26990623584749,64.30901021237675,67.279,32.721,72.923,27.077,0.067059,2025_w11,spi_rankings_2025_w11.csv,136,,False,False,Big 12 vs Big 12
2025,regular,12,401760412,2025-11-16 03:30:00+00:00,Fresno State,Wyoming,Mountain West,Mountain West,True,24,3,fbs,fbs,Fresno State,Fresno State,Fresno State,Fresno State,1,1,1,higher_spi_home_field_adjusted,higher_spi,higher_spi_home_field_adjusted,55.18213988712803,39.05139026219781,66.498,33.502,72.22,27.78,0.067059,2025_w11,spi_rankings_2025_w11.csv,136,,False,False,Mountain West vs Mountain West
2025,regular,12,401760410,2025-11-16 03:30:00+00:00,San Diego State,Boise State,Mountain West,Mountain West,True,17,7,fbs,fbs,San Diego State,San Diego State,San Diego State,San Diego State,1,1,1,higher_spi_home_field_adjusted,higher_spi,higher_spi_home_field_adjusted,63.18476567320366,59.59814729845241,53.803,46.197,60.403,39.597,0.067059,2025_w11,spi_rankings_2025_w11.csv,136,,False,False,Mountain West vs Mountain West
2025,regular,13,401762864,2025-11-19 00:00:00+00:00,Northern Illinois,Western Michigan,Mid-American,Mid-American,True,19,35,fbs,fbs,Western Michigan,Western Michigan,Western Michigan,Western Michigan,1,1,1,higher_spi_home_field_adjusted,higher_spi,higher_spi_home_field_adjusted,25.131450080808808,49.28416762445213,26.377,73.623,31.938,68.062,0.067059,2025_w12,spi_rankings_2025_w12.csv,136,,False,False,Mid-American vs Mid-American
2025,regular,13,401762863,2025-11-19 00:00:00+00:00,Ohio,Massachusetts,Mid-American,Mid-American,True,42,14,fbs,fbs,Ohio,Ohio,Ohio,Ohio,1,1,1,higher_spi_home_field_adjusted,higher_spi,higher_spi_home_field_adjusted,50.350585717456454,0.0,89.472,10.528,91.757,8.243,0.067059,2025_w12,spi_rankings_2025_w12.csv,136,,False,False,Mid-American vs Mid-American
2025,regular,13,401762862,2025-11-19 00:00:00+00:00,Bowling Green,Akron,Mid-American,Mid-American,True,16,19,fbs,fbs,Bowling Green,Bowling Green,Bowling Green,Akron,0,0,0,higher_spi_home_field_adjusted,higher_spi,higher_spi_home_field_adjusted,27.29033620233518,26.046849475453666,51.321,48.679,57.998,42.002,0.067059,2025_w12,spi_rankings_2025_w12.csv,136,,False,False,Mid-American vs Mid-American
2025,regular,13,401762865,2025-11-20 00:00:00+00:00,Buffalo,Miami (OH),Mid-American,Mid-American,True,20,37,fbs,fbs,Buffalo,Buffalo,Buffalo,Miami (OH),0,0,0,higher_spi_home_field_adjusted,higher_spi,higher_spi_home_field_adjusted,42.246317591985715,40.73124847703041,51.609,48.391,58.279,41.721,0.067059,2025_w12,spi_rankings_2025_w12.csv,136,,False,False,Mid-American vs Mid-American
2025,regular,13,401762866,2025-11-20 00:00:00+00:00,Kent State,Central Michigan,Mid-American,Mid-American,True,16,28,fbs,fbs,Central Michigan,Central Michigan,Central Michigan,Central Michigan,1,1,1,higher_spi_home_field_adjusted,higher_spi,higher_spi_home_field_adjusted,30.486161839546043,49.85392854026344,30.51,69.49,36.511,63.489,0.067059,2025_w12,spi_rankings_2025_w12.csv,136,,False,False,Mid-American vs Mid-American
2025,regular,13,401761655,2025-11-21 00:30:00+00:00,Arkansas State,Louisiana,Sun Belt,Sun Belt,True,30,34,fbs,fbs,Arkansas State,Arkansas State,Arkansas State,Louisiana,0,0,0,higher_spi_home_field_adjusted,higher_spi,higher_spi_home_field_adjusted,41.370612099012185,38.28713214716235,53.272,46.728,59.891,40.109,0.067059,2025_w12,spi_rankings_2025_w12.csv,136,,False,False,Sun Belt vs Sun Belt
2025,regular,13,401754598,2025-11-22 01:00:00+00:00,NC State,Florida State,ACC,ACC,True,21,11,fbs,fbs,Florida State,Florida State,Florida State,NC State,0,0,0,higher_spi_home_field_adjusted,higher_spi,higher_spi_home_field_adjusted,58.15189052655679,65.9524213300193,41.787,58.213,48.459,51.541,0.067059,2025_w12,spi_rankings_2025_w12.csv,136,,False,False,ACC vs ACC
2025,regular,13,401760418,2025-11-22 03:30:00+00:00,UNLV,Hawai'i,Mountain West,Mountain West,True,38,10,fbs,fbs,UNLV,UNLV,UNLV,UNLV,1,1,1,higher_spi_home_field_adjusted,higher_spi,higher_spi_home_field_adjusted,63.85343699244734,60.33247188795604,53.734,46.266,60.336,39.664,0.067059,2025_w12,spi_rankings_2025_w12.csv,136,,False,False,Mountain West vs Mountain West
2025,regular,13,401754602,2025-11-22 17:00:00+00:00,SMU,Louisville,ACC,ACC,True,38,6,fbs,fbs,SMU,Louisville,SMU,SMU,1,0,1,higher_spi_home_field_adjusted,higher_spi,higher_spi_home_field_adjusted,66.61696701745734,69.85023658439366,46.57,53.43,53.306,46.694,0.067059,2025_w12,spi_rankings_2025_w12.csv,136,,False,False,ACC vs ACC
2025,regular,13,401752781,2025-11-22 17:00:00+00:00,Texas A&M,Samford,SEC,Southern,False,48,0,fbs,fcs,Texas A&M,Texas A&M,Texas A&M,Texas A&M,1,1,1,fbs_vs_fcs_rule,fbs_vs_fcs_rule,fbs_vs_fcs_rule,86.26022608000288,,100.0,0.0,100.0,0.0,0.067059,2025_w12,spi_rankings_2025_w12.csv,136,,False,False,SEC vs Southern
2025,regular,13,401752909,2025-11-22 17:00:00+00:00,Northwestern,Minnesota,Big Ten,Big Ten,True,38,35,fbs,fbs,Minnesota,Minnesota,Minnesota,Northwestern,0,0,0,higher_spi_home_field_adjusted,higher_spi,higher_spi_home_field_adjusted,57.533346674334375,59.578146984176584,47.829,52.171,47.829,52.171,0.067059,2025_w12,spi_rankings_2025_w12.csv,136,,False,False,Big Ten vs Big Ten
2025,regular,13,401752778,2025-11-22 17:00:00+00:00,Oklahoma,Missouri,SEC,SEC,True,17,6,fbs,fbs,Oklahoma,Oklahoma,Oklahoma,Oklahoma,1,1,1,higher_spi_home_field_adjusted,higher_spi,higher_spi_home_field_adjusted,81.7167348339314,73.80589388564962,58.327,41.673,64.704,35.296,0.067059,2025_w12,spi_rankings_2025_w12.csv,136,,False,False,SEC vs SEC
2025,regular,13,401762512,2025-11-22 17:00:00+00:00,Army,Tulsa,American Athletic,American Athletic,True,25,26,fbs,fbs,Army,Army,Army,Tulsa,0,0,0,higher_spi_home_field_adjusted,higher_spi,higher_spi_home_field_adjusted,52.71018101382331,32.474954377544144,70.266,29.734,75.581,24.419,0.067059,2025_w12,spi_rankings_2025_w12.csv,136,,False,False,American Athletic vs American Athletic
2025,regular,13,401754603,2025-11-22 17:00:00+00:00,Virginia Tech,Miami,ACC,ACC,True,17,34,fbs,fbs,Miami,Miami,Miami,Miami,1,1,1,higher_spi_home_field_adjusted,higher_spi,higher_spi_home_field_adjusted,37.899354976562456,78.46125572380545,15.137,84.863,18.938,81.062,0.067059,2025_w12,spi_rankings_2025_w12.csv,136,,False,False,ACC vs ACC
2025,regular,13,401752912,2025-11-22 17:00:00+00:00,Ohio State,Rutgers,Big Ten,Big Ten,True,42,9,fbs,fbs,Ohio State,Ohio State,Ohio State,Ohio State,1,1,1,higher_spi_home_field_adjusted,higher_spi,higher_spi_home_field_adjusted,96.59451055155547,53.29280794701206,86.299,13.701,89.189,10.811,0.067059,2025_w12,spi_rankings_2025_w12.csv,136,,False,False,Big Ten vs Big Ten
2025,regular,13,401756958,2025-11-22 17:00:00+00:00,Iowa State,Kansas,Big 12,Big 12,True,38,14,fbs,fbs,Iowa State,Iowa State,Iowa State,Iowa State,1,1,1,higher_spi_home_field_adjusted,higher_spi,higher_spi_home_field_adjusted,66.7352852404576,57.146617550128866,60.049,39.951,66.315,33.685,0.067059,2025_w12,spi_rankings_2025_w12.csv,136,,False,False,Big 12 vs Big 12
2025,regular,13,401754606,2025-11-22 17:00:00+00:00,Wake Forest,Delaware,ACC,Conference USA,False,52,14,fbs,fbs,Wake Forest,Wake Forest,Wake Forest,Wake Forest,1,1,1,higher_spi_home_field_adjusted,higher_spi,higher_spi_home_field_adjusted,65.35728527564999,40.70232704278103,74.036,25.964,78.88,21.12,0.067059,2025_w12,spi_rankings_2025_w12.csv,136,,False,False,ACC vs Conference USA
2025,regular,13,401752776,2025-11-22 17:45:00+00:00,Georgia,Charlotte,SEC,American Athletic,False,35,3,fbs,fbs,Georgia,Georgia,Georgia,Georgia,1,1,1,higher_spi_home_field_adjusted,higher_spi,higher_spi_home_field_adjusted,88.499944885043,15.121307761725058,95.765,4.235,96.734,3.266,0.067059,2025_w12,spi_rankings_2025_w12.csv,136,,False,False,American Athletic vs SEC
2025,regular,13,401756954,2025-11-22 18:00:00+00:00,Arizona,Baylor,Big 12,Big 12,True,41,17,fbs,fbs,Arizona,Arizona,Arizona,Arizona,1,1,1,higher_spi_home_field_adjusted,higher_spi,higher_spi_home_field_adjusted,72.48909451210899,56.09504206760147,66.747,33.253,72.444,27.556,0.067059,2025_w12,spi_rankings_2025_w12.csv,136,,False,False,Big 12 vs Big 12
2025,regular,13,401752954,2025-11-22 18:00:00+00:00,James Madison,Washington State,Sun Belt,Pac-12,False,24,20,fbs,fbs,James Madison,James Madison,James Madison,James Madison,1,1,1,higher_spi_home_field_adjusted,higher_spi,higher_spi_home_field_adjusted,78.12758656057605,53.52626324194267,73.992,26.008,78.842,21.158,0.067059,2025_w12,spi_rankings_2025_w12.csv,136,,False,False,Pac-12 vs Sun Belt
2025,regular,13,401761657,2025-11-22 18:00:00+00:00,Georgia Southern,Old Dominion,Sun Belt,Sun Belt,True,10,45,fbs,fbs,Old Dominion,Old Dominion,Old Dominion,Old Dominion,1,1,1,higher_spi_home_field_adjusted,higher_spi,higher_spi_home_field_adjusted,45.665613017879025,65.71104728858751,29.903,70.097,35.846,64.154,0.067059,2025_w12,spi_rankings_2025_w12.csv,136,,False,False,Sun Belt vs Sun Belt
2025,regular,13,401762867,2025-11-22 19:00:00+00:00,Toledo,Ball State,Mid-American,Mid-American,True,38,9,fbs,fbs,Toledo,Toledo,Toledo,Toledo,1,1,1,higher_spi_home_field_adjusted,higher_spi,higher_spi_home_field_adjusted,55.911486298558245,26.486628811464847,77.74,22.26,82.06,17.94,0.067059,2025_w12,spi_rankings_2025_w12.csv,136,,False,False,Mid-American vs Mid-American
2025,regular,13,401752774,2025-11-22 19:00:00+00:00,Auburn,Mercer,SEC,Southern,False,62,17,fbs,fcs,Auburn,Auburn,Auburn,Auburn,1,1,1,fbs_vs_fcs_rule,fbs_vs_fcs_rule,fbs_vs_fcs_rule,57.04923640135596,,100.0,0.0,100.0,0.0,0.067059,2025_w12,spi_rankings_2025_w12.csv,136,,False,False,SEC vs Southern
2025,regular,13,401757306,2025-11-22 19:00:00+00:00,Kennesaw State,Missouri State,Conference USA,Conference USA,True,41,34,fbs,fbs,Kennesaw State,Kennesaw State,Kennesaw State,Kennesaw State,1,1,1,higher_spi_home_field_adjusted,higher_spi,higher_spi_home_field_adjusted,59.330919207574325,57.28521208563871,52.172,47.828,58.827,41.173,0.067059,2025_w12,spi_rankings_2025_w12.csv,136,,False,False,Conference USA vs Conference USA
2025,regular,13,401760419,2025-11-22 19:00:00+00:00,Wyoming,Nevada,Mountain West,Mountain West,True,7,13,fbs,fbs,Wyoming,Wyoming,Wyoming,Nevada,0,0,0,higher_spi_home_field_adjusted,higher_spi,higher_spi_home_field_adjusted,39.12457518042304,24.428266659002514,65.126,34.874,70.981,29.019,0.067059,2025_w12,spi_rankings_2025_w12.csv,136,,False,False,Mountain West vs Mountain West
2025,regular,13,401752773,2025-11-22 19:00:00+00:00,Alabama,Eastern Illinois,SEC,Big South-OVC,False,56,0,fbs,fcs,Alabama,Alabama,Alabama,Alabama,1,1,1,fbs_vs_fcs_rule,fbs_vs_fcs_rule,fbs_vs_fcs_rule,83.14923764068025,,100.0,0.0,100.0,0.0,0.067059,2025_w12,spi_rankings_2025_w12.csv,136,,False,False,Big South-OVC vs SEC
2025,regular,13,401761656,2025-11-22 19:30:00+00:00,App State,Marshall,Sun Belt,Sun Belt,True,26,24,fbs,fbs,Marshall,Marshall,Marshall,App State,0,0,0,higher_spi_home_field_adjusted,higher_spi,higher_spi_home_field_adjusted,36.51160443260875,48.10336397698895,37.927,62.073,44.453,55.547,0.067059,2025_w12,spi_rankings_2025_w12.csv,136,,False,False,Sun Belt vs Sun Belt
2025,regular,13,401757307,2025-11-22 20:00:00+00:00,Louisiana Tech,Liberty,Conference USA,Conference USA,True,34,28,fbs,fbs,Louisiana Tech,Louisiana Tech,Louisiana Tech,Louisiana Tech,1,1,1,higher_spi_home_field_adjusted,higher_spi,higher_spi_home_field_adjusted,46.456624874369496,36.79883776485953,60.12,39.88,66.381,33.619,0.067059,2025_w12,spi_rankings_2025_w12.csv,136,,False,False,Conference USA vs Conference USA
2025,regular,13,401757175,2025-11-22 20:00:00+00:00,Florida Atlantic,UConn,American Athletic,FBS Independents,False,45,48,fbs,fbs,UConn,UConn,UConn,UConn,1,1,1,higher_spi_home_field_adjusted,higher_spi,higher_spi_home_field_adjusted,38.4814024103974,59.91714397405802,28.679,71.321,34.499,65.501,0.067059,2025_w12,spi_rankings_2025_w12.csv,136,,False,False,American Athletic vs FBS Independents
2025,regular,13,401762511,2025-11-22 20:00:00+00:00,UAB,South Florida,American Athletic,American Athletic,True,18,48,fbs,fbs,South Florida,South Florida,South Florida,South Florida,1,1,1,higher_spi_home_field_adjusted,higher_spi,higher_spi_home_field_adjusted,32.56601445064176,71.05548936410993,16.304,83.696,20.328,79.672,0.067059,2025_w12,spi_rankings_2025_w12.csv,136,,False,False,American Athletic vs American Athletic
2025,regular,13,401757308,2025-11-22 20:00:00+00:00,Middle Tennessee,Sam Houston,Conference USA,Conference USA,True,31,17,fbs,fbs,Middle Tennessee,Sam Houston,Middle Tennessee,Middle Tennessee,1,0,1,higher_spi_home_field_adjusted,higher_spi,higher_spi_home_field_adjusted,14.330836385385547,19.91805696980293,44.091,55.909,50.81,49.19,0.067059,2025_w12,spi_rankings_2025_w12.csv,136,,False,False,Conference USA vs Conference USA
2025,regular,13,401757309,2025-11-22 20:00:00+00:00,UTEP,New Mexico State,Conference USA,Conference USA,True,31,34,fbs,fbs,UTEP,New Mexico State,UTEP,New Mexico State,0,1,0,higher_spi_home_field_adjusted,higher_spi,higher_spi_home_field_adjusted,25.371803154400546,29.459782775882942,45.667,54.333,52.401,47.599,0.067059,2025_w12,spi_rankings_2025_w12.csv,136,,False,False,Conference USA vs Conference USA
2025,regular,13,401752780,2025-11-22 20:30:00+00:00,Texas,Arkansas,SEC,SEC,True,52,37,fbs,fbs,Texas,Texas,Texas,Texas,1,1,1,higher_spi_home_field_adjusted,higher_spi,higher_spi_home_field_adjusted,74.59883909428471,42.465088247586685,79.668,20.332,83.693,16.307,0.067059,2025_w12,spi_rankings_2025_w12.csv,136,,False,False,SEC vs SEC
2025,regular,13,401754604,2025-11-22 20:30:00+00:00,Notre Dame,Syracuse,FBS Independents,ACC,False,70,7,fbs,fbs,Notre Dame,Notre Dame,Notre Dame,Notre Dame,1,1,1,higher_spi_home_field_adjusted,higher_spi,higher_spi_home_field_adjusted,85.72885567714579,42.96694092821427,86.025,13.975,88.966,11.034,0.067059,2025_w12,spi_rankings_2025_w12.csv,136,,False,False,ACC vs FBS Independents
2025,regular,13,401762513,2025-11-22 20:30:00+00:00,UTSA,East Carolina,American Athletic,American Athletic,True,58,24,fbs,fbs,East Carolina,East Carolina,East Carolina,UTSA,0,0,0,higher_spi_home_field_adjusted,higher_spi,higher_spi_home_field_adjusted,50.4991885743432,70.28770325925879,30.132,69.868,36.097,63.903,0.067059,2025_w12,spi_rankings_2025_w12.csv,136,,False,False,American Athletic vs American Athletic
2025,regular,13,401754600,2025-11-22 20:30:00+00:00,North Carolina,Duke,ACC,ACC,True,25,32,fbs,fbs,Duke,Duke,Duke,Duke,1,1,1,higher_spi_home_field_adjusted,higher_spi,higher_spi_home_field_adjusted,41.99048459504,58.24103031459102,33.389,66.611,39.633,60.367,0.067059,2025_w12,spi_rankings_2025_w12.csv,136,,False,False,ACC vs ACC
2025,regular,13,401752913,2025-11-22 20:30:00+00:00,Iowa,Michigan State,Big Ten,Big Ten,True,20,17,fbs,fbs,Iowa,Iowa,Iowa,Iowa,1,1,1,higher_spi_home_field_adjusted,higher_spi,higher_spi_home_field_adjusted,70.30461880546082,41.17744978311382,77.52,22.48,81.873,18.127,0.067059,2025_w12,spi_rankings_2025_w12.csv,136,,False,False,Big Ten vs Big Ten
2025,regular,13,401761658,2025-11-22 20:30:00+00:00,South Alabama,Southern Miss,Sun Belt,Sun Belt,True,42,35,fbs,fbs,Southern Miss,Southern Miss,Southern Miss,South Alabama,0,0,0,higher_spi_home_field_adjusted,higher_spi,higher_spi_home_field_adjusted,32.671041649130274,55.568260465874154,27.426,72.574,33.109,66.891,0.067059,2025_w12,spi_rankings_2025_w12.csv,136,,False,False,Sun Belt vs Sun Belt
2025,regular,13,401752782,2025-11-22 20:30:00+00:00,Vanderbilt,Kentucky,SEC,SEC,True,45,17,fbs,fbs,Vanderbilt,Vanderbilt,Vanderbilt,Vanderbilt,1,1,1,higher_spi_home_field_adjusted,higher_spi,higher_spi_home_field_adjusted,78.15045853379668,56.6149387711539,71.408,28.592,76.587,23.413,0.067059,2025_w12,spi_rankings_2025_w12.csv,136,,False,False,SEC vs SEC
2025,regular,13,401757305,2025-11-22 20:30:00+00:00,Florida International,Jacksonville State,Conference USA,Conference USA,True,27,21,fbs,fbs,Jacksonville State,Jacksonville State,Jacksonville State,Florida International,0,0,0,higher_spi_home_field_adjusted,higher_spi,higher_spi_home_field_adjusted,41.922129166751056,54.671881612694385,36.775,63.225,43.242,56.758,0.067059,2025_w12,spi_rankings_2025_w12.csv,136,,False,False,Conference USA vs Conference USA
2025,regular,13,401752911,2025-11-22 20:30:00+00:00,Oregon,USC,Big Ten,Big Ten,True,42,27,fbs,fbs,Oregon,Oregon,Oregon,Oregon,1,1,1,higher_spi_home_field_adjusted,higher_spi,higher_spi_home_field_adjusted,89.04532193270084,81.94589438228144,57.486,42.514,63.913,36.087,0.067059,2025_w12,spi_rankings_2025_w12.csv,136,,False,False,Big Ten vs Big Ten
2025,regular,13,401762515,2025-11-22 20:45:00+00:00,Temple,Tulane,American Athletic,American Athletic,True,13,37,fbs,fbs,Tulane,Tulane,Tulane,Tulane,1,1,1,higher_spi_home_field_adjusted,higher_spi,higher_spi_home_field_adjusted,53.39351845498217,71.90597301918173,31.286,68.714,37.357,62.643,0.067059,2025_w12,spi_rankings_2025_w12.csv,136,,False,False,American Athletic vs American Athletic
2025,regular,13,401756960,2025-11-22 21:00:00+00:00,Utah,Kansas State,Big 12,Big 12,True,51,47,fbs,fbs,Utah,Utah,Utah,Utah,1,1,1,higher_spi_home_field_adjusted,higher_spi,higher_spi_home_field_adjusted,87.61853108200883,54.08768177348038,80.613,19.387,84.487,15.513,0.067059,2025_w12,spi_rankings_2025_w12.csv,136,,False,False,Big 12 vs Big 12
2025,regular,13,401752914,2025-11-22 21:00:00+00:00,Maryland,Michigan,Big Ten,Big Ten,True,20,45,fbs,fbs,Michigan,Michigan,Michigan,Michigan,1,1,1,higher_spi_home_field_adjusted,higher_spi,higher_spi_home_field_adjusted,48.246147149775815,76.78667115727134,22.918,77.082,28.027,71.973,0.067059,2025_w12,spi_rankings_2025_w12.csv,136,,False,False,Big Ten vs Big Ten
2025,regular,13,401756959,2025-11-22 21:00:00+00:00,UCF,Oklahoma State,Big 12,Big 12,True,17,14,fbs,fbs,UCF,UCF,UCF,UCF,1,1,1,higher_spi_home_field_adjusted,higher_spi,higher_spi_home_field_adjusted,50.68806809676391,23.72705985992887,75.875,24.125,80.466,19.534,0.067059,2025_w12,spi_rankings_2025_w12.csv,136,,False,False,Big 12 vs Big 12
2025,regular,13,401761660,2025-11-22 21:00:00+00:00,Troy,Georgia State,Sun Belt,Sun Belt,True,31,19,fbs,fbs,Troy,Troy,Troy,Troy,1,1,1,higher_spi_home_field_adjusted,higher_spi,higher_spi_home_field_adjusted,50.33376177239424,18.875799152797647,79.199,20.801,83.297,16.703,0.067059,2025_w12,spi_rankings_2025_w12.csv,136,,False,False,Sun Belt vs Sun Belt
2025,regular,13,401756957,2025-11-22 21:00:00+00:00,Houston,TCU,Big 12,Big 12,True,14,17,fbs,fbs,Houston,Houston,Houston,TCU,0,0,0,higher_spi_home_field_adjusted,higher_spi,higher_spi_home_field_adjusted,71.12810647911253,62.80003482744823,58.757,41.243,65.108,34.892,0.067059,2025_w12,spi_rankings_2025_w12.csv,136,,False,False,Big 12 vs Big 12
2025,regular,13,401752779,2025-11-22 21:15:00+00:00,South Carolina,Coastal Carolina,SEC,Sun Belt,False,51,7,fbs,fbs,South Carolina,South Carolina,South Carolina,South Carolina,1,1,1,higher_spi_home_field_adjusted,higher_spi,higher_spi_home_field_adjusted,52.72310288039148,48.86955629993959,54.085,45.915,60.674,39.326,0.067059,2025_w12,spi_rankings_2025_w12.csv,136,,False,False,SEC vs Sun Belt
2025,regular,13,401754605,2025-11-22 21:30:00+00:00,Clemson,Furman,ACC,Southern,False,45,10,fbs,fcs,Clemson,Clemson,Clemson,Clemson,1,1,1,fbs_vs_fcs_rule,fbs_vs_fcs_rule,fbs_vs_fcs_rule,55.50498141420872,,100.0,0.0,100.0,0.0,0.067059,2025_w12,spi_rankings_2025_w12.csv,136,,False,False,ACC vs Southern
2025,regular,13,401761659,2025-11-22 22:00:00+00:00,Texas State,UL Monroe,Sun Belt,Sun Belt,True,31,14,fbs,fbs,Texas State,Texas State,Texas State,Texas State,1,1,1,higher_spi_home_field_adjusted,higher_spi,higher_spi_home_field_adjusted,45.03254429604846,28.277948868445517,67.086,32.914,72.749,27.251,0.067059,2025_w12,spi_rankings_2025_w12.csv,136,,False,False,Sun Belt vs Sun Belt
2025,regular,13,401760415,2025-11-23 00:00:00+00:00,Air Force,New Mexico,Mountain West,Mountain West,True,3,20,fbs,fbs,New Mexico,New Mexico,New Mexico,New Mexico,1,1,1,higher_spi_home_field_adjusted,higher_spi,higher_spi_home_field_adjusted,38.90125481975411,60.39065528737338,28.633,71.367,34.447,65.553,0.067059,2025_w12,spi_rankings_2025_w12.csv,136,,False,False,Mountain West vs Mountain West
2025,regular,13,401752908,2025-11-23 00:00:00+00:00,Penn State,Nebraska,Big Ten,Big Ten,True,37,10,fbs,fbs,Nebraska,Nebraska,Nebraska,Penn State,0,0,0,higher_spi_home_field_adjusted,higher_spi,higher_spi_home_field_adjusted,57.23189240605895,72.44258401971457,34.379,65.621,40.695,59.305,0.067059,2025_w12,spi_rankings_2025_w12.csv,136,,False,False,Big Ten vs Big Ten
2025,regular,13,401760416,2025-11-23 00:00:00+00:00,Boise State,Colorado State,Mountain West,Mountain West,True,49,21,fbs,fbs,Boise State,Boise State,Boise State,Boise State,1,1,1,higher_spi_home_field_adjusted,higher_spi,higher_spi_home_field_adjusted,57.66368691228523,27.2055813623004,78.49,21.51,82.697,17.303,0.067059,2025_w12,spi_rankings_2025_w12.csv,136,,False,False,Mountain West vs Mountain West
2025,regular,13,401754601,2025-11-23 00:00:00+00:00,Georgia Tech,Pittsburgh,ACC,ACC,True,28,42,fbs,fbs,Georgia Tech,Georgia Tech,Georgia Tech,Pittsburgh,0,0,0,higher_spi_home_field_adjusted,higher_spi,higher_spi_home_field_adjusted,77.34882168641674,64.61898366357491,63.205,36.795,69.23,30.77,0.067059,2025_w12,spi_rankings_2025_w12.csv,136,,False,False,ACC vs ACC
2025,regular,13,401752775,2025-11-23 00:30:00+00:00,Florida,Tennessee,SEC,SEC,True,11,31,fbs,fbs,Tennessee,Tennessee,Tennessee,Tennessee,1,1,1,higher_spi_home_field_adjusted,higher_spi,higher_spi_home_field_adjusted,50.499759720090374,72.3323061436743,28.335,71.665,34.118,65.882,0.067059,2025_w12,spi_rankings_2025_w12.csv,136,,False,False,SEC vs SEC
2025,regular,13,401754599,2025-11-23 00:30:00+00:00,Stanford,California,ACC,ACC,True,31,10,fbs,fbs,California,California,California,Stanford,0,0,0,higher_spi_home_field_adjusted,higher_spi,higher_spi_home_field_adjusted,38.03371877655572,56.47886311950913,31.348,68.652,37.424,62.576,0.067059,2025_w12,spi_rankings_2025_w12.csv,136,,False,False,ACC vs ACC
2025,regular,13,401752915,2025-11-23 00:30:00+00:00,Wisconsin,Illinois,Big Ten,Big Ten,True,27,10,fbs,fbs,Illinois,Illinois,Illinois,Wisconsin,0,0,0,higher_spi_home_field_adjusted,higher_spi,higher_spi_home_field_adjusted,47.34953947154524,73.05248755094917,25.117,74.883,30.523,69.477,0.067059,2025_w12,spi_rankings_2025_w12.csv,136,,False,False,Big Ten vs Big Ten
2025,regular,13,401762514,2025-11-23 00:30:00+00:00,Rice,North Texas,American Athletic,American Athletic,True,24,56,fbs,fbs,North Texas,North Texas,North Texas,North Texas,1,1,1,higher_spi_home_field_adjusted,higher_spi,higher_spi_home_field_adjusted,43.51344577621126,80.22229427185208,17.363,82.637,21.581,78.419,0.067059,2025_w12,spi_rankings_2025_w12.csv,136,,False,False,American Athletic vs American Athletic
2025,regular,13,401752777,2025-11-23 00:45:00+00:00,LSU,Western Kentucky,SEC,Conference USA,False,13,10,fbs,fbs,LSU,LSU,LSU,LSU,1,1,1,higher_spi_home_field_adjusted,higher_spi,higher_spi_home_field_adjusted,68.39199996353052,60.3177425139129,58.496,41.504,64.863,35.137,0.067059,2025_w12,spi_rankings_2025_w12.csv,136,,False,False,Conference USA vs SEC
2025,regular,13,401756956,2025-11-23 01:00:00+00:00,Colorado,Arizona State,Big 12,Big 12,True,17,42,fbs,fbs,Arizona State,Arizona State,Arizona State,Arizona State,1,1,1,higher_spi_home_field_adjusted,higher_spi,higher_spi_home_field_adjusted,42.02547544850253,64.71190258274129,27.604,72.396,33.307,66.693,0.067059,2025_w12,spi_rankings_2025_w12.csv,136,,False,False,Big 12 vs Big 12
2025,regular,13,401756955,2025-11-23 01:00:00+00:00,Cincinnati,BYU,Big 12,Big 12,True,14,26,fbs,fbs,BYU,BYU,BYU,BYU,1,1,1,higher_spi_home_field_adjusted,higher_spi,higher_spi_home_field_adjusted,68.3378704273581,85.11074909966867,32.897,67.103,39.103,60.897,0.067059,2025_w12,spi_rankings_2025_w12.csv,136,,False,False,Big 12 vs Big 12
2025,regular,13,401760417,2025-11-23 03:30:00+00:00,Fresno State,Utah State,Mountain West,Mountain West,True,17,28,fbs,fbs,Fresno State,Fresno State,Fresno State,Utah State,0,0,0,higher_spi_home_field_adjusted,higher_spi,higher_spi_home_field_adjusted,60.747087036263494,52.78059638923705,58.384,41.616,64.758,35.242,0.067059,2025_w12,spi_rankings_2025_w12.csv,136,,False,False,Mountain West vs Mountain West
2025,regular,13,401760420,2025-11-23 03:30:00+00:00,San Diego State,San José State,Mountain West,Mountain West,True,25,3,fbs,fbs,San Diego State,San Diego State,San Diego State,San Diego State,1,1,1,higher_spi_home_field_adjusted,higher_spi,higher_spi_home_field_adjusted,68.61587136521867,29.35945864076288,84.136,15.864,87.416,12.584,0.067059,2025_w12,spi_rankings_2025_w12.csv,136,,False,False,Mountain West vs Mountain West
2025,regular,13,401752910,2025-11-23 03:30:00+00:00,UCLA,Washington,Big Ten,Big Ten,True,14,48,fbs,fbs,Washington,Washington,Washington,Washington,1,1,1,higher_spi_home_field_adjusted,higher_spi,higher_spi_home_field_adjusted,39.54203709978092,69.86948930138561,21.604,78.396,26.521,73.479,0.067059,2025_w12,spi_rankings_2025_w12.csv,136,,False,False,Big Ten vs Big Ten
2025,regular,14,401762868,2025-11-25 21:30:00+00:00,Massachusetts,Bowling Green,Mid-American,Mid-American,True,14,45,fbs,fbs,Bowling Green,Bowling Green,Bowling Green,Bowling Green,1,1,1,higher_spi_home_field_adjusted,higher_spi,higher_spi_home_field_adjusted,0.0,26.423694640524975,24.545,75.455,29.877,70.123,0.067059,2025_w13,spi_rankings_2025_w13.csv,136,,False,False,Mid-American vs Mid-American
2025,regular,14,401762869,2025-11-26 00:30:00+00:00,Eastern Michigan,Western Michigan,Mid-American,Mid-American,True,21,31,fbs,fbs,Western Michigan,Western Michigan,Western Michigan,Western Michigan,1,1,1,higher_spi_home_field_adjusted,higher_spi,higher_spi_home_field_adjusted,29.66107803012613,53.60278883251173,26.551,73.449,32.133,67.867,0.067059,2025_w13,spi_rankings_2025_w13.csv,136,,False,False,Mid-American vs Mid-American
2025,regular,14,401762516,2025-11-28 00:30:00+00:00,Memphis,Navy,American Athletic,American Athletic,True,17,28,fbs,fbs,Memphis,Navy,Memphis,Navy,0,1,0,higher_spi_home_field_adjusted,higher_spi,higher_spi_home_field_adjusted,65.74336788574445,67.73215834012734,47.888,52.112,54.62,45.38,0.067059,2025_w13,spi_rankings_2025_w13.csv,136,,False,False,American Athletic vs American Athletic
2025,regular,14,401756964,2025-11-28 17:00:00+00:00,Kansas,Utah,Big 12,Big 12,True,21,31,fbs,fbs,Utah,Utah,Utah,Utah,1,1,1,higher_spi_home_field_adjusted,higher_spi,higher_spi_home_field_adjusted,53.06934792831222,87.7657071458004,18.625,81.375,23.063,76.937,0.067059,2025_w13,spi_rankings_2025_w13.csv,136,,False,False,Big 12 vs Big 12
2025,regular,14,401762870,2025-11-28 17:00:00+00:00,Buffalo,Ohio,Mid-American,Mid-American,True,26,31,fbs,fbs,Ohio,Ohio,Ohio,Ohio,1,1,1,higher_spi_home_field_adjusted,higher_spi,higher_spi_home_field_adjusted,39.586237061120976,54.01629968395276,35.131,64.869,41.498,58.502,0.067059,2025_w13,spi_rankings_2025_w13.csv,136,,False,False,Mid-American vs Mid-American
2025,regular,14,401752916,2025-11-28 17:00:00+00:00,Nebraska,Iowa,Big Ten,Big Ten,True,16,40,fbs,fbs,Nebraska,Iowa,Nebraska,Iowa,0,1,0,higher_spi_home_field_adjusted,higher_spi,higher_spi_home_field_adjusted,66.96082668206829,70.88469083726902,45.841,54.159,52.575,47.425,0.067059,2025_w13,spi_rankings_2025_w13.csv,136,,False,False,Big Ten vs Big Ten
2025,regular,14,401762871,2025-11-28 17:00:00+00:00,Northern Illinois,Kent State,Mid-American,Mid-American,True,31,35,fbs,fbs,Northern Illinois,Kent State,Northern Illinois,Kent State,0,1,0,higher_spi_home_field_adjusted,higher_spi,higher_spi_home_field_adjusted,24.272310186487054,29.13596095058455,44.851,55.149,51.578,48.422,0.067059,2025_w13,spi_rankings_2025_w13.csv,136,,False,False,Mid-American vs Mid-American
2025,regular,14,401752788,2025-11-28 17:00:00+00:00,Mississippi State,Ole Miss,SEC,SEC,True,19,38,fbs,fbs,Ole Miss,Ole Miss,Ole Miss,Ole Miss,1,1,1,higher_spi_home_field_adjusted,higher_spi,higher_spi_home_field_adjusted,59.62958282032499,85.22805307118206,25.201,74.799,30.617,69.383,0.067059,2025_w13,spi_rankings_2025_w13.csv,136,,False,False,SEC vs SEC
2025,regular,14,401760421,2025-11-28 20:00:00+00:00,Colorado State,Air Force,Mountain West,Mountain West,True,21,42,fbs,fbs,Air Force,Air Force,Air Force,Air Force,1,1,1,higher_spi_home_field_adjusted,higher_spi,higher_spi_home_field_adjusted,25.490366618515925,35.96450724412053,39.051,60.949,45.629,54.371,0.067059,2025_w13,spi_rankings_2025_w13.csv,136,,False,False,Mountain West vs Mountain West
2025,regular,14,401762442,2025-11-28 20:30:00+00:00,North Texas,Temple,American Athletic,American Athletic,True,52,25,fbs,fbs,North Texas,North Texas,North Texas,North Texas,1,1,1,higher_spi_home_field_adjusted,higher_spi,higher_spi_home_field_adjusted,82.25647176738285,49.36866265423342,80.182,19.818,84.125,15.875,0.067059,2025_w13,spi_rankings_2025_w13.csv,136,,False,False,American Athletic vs American Athletic
2025,regular,14,401752786,2025-11-28 20:30:00+00:00,Georgia Tech,Georgia,ACC,SEC,False,9,16,fbs,fbs,Georgia,Georgia,Georgia,Georgia,1,1,1,higher_spi_home_field_adjusted,higher_spi,higher_spi_home_field_adjusted,74.45896003198371,89.52522138128488,34.518,65.482,34.518,65.482,0.067059,2025_w13,spi_rankings_2025_w13.csv,136,,False,False,ACC vs SEC
2025,regular,14,401760426,2025-11-28 20:30:00+00:00,New Mexico,San Diego State,Mountain West,Mountain West,True,23,17,fbs,fbs,New Mexico,San Diego State,New Mexico,New Mexico,1,0,1,higher_spi_home_field_adjusted,higher_spi,higher_spi_home_field_adjusted,63.88755109585093,69.03709539365612,44.55,55.45,51.275,48.725,0.067059,2025_w13,spi_rankings_2025_w13.csv,136,,False,False,Mountain West vs Mountain West
2025,regular,14,401760422,2025-11-28 21:00:00+00:00,Utah State,Boise State,Mountain West,Mountain West,True,24,25,fbs,fbs,Utah State,Boise State,Utah State,Boise State,0,1,0,higher_spi_home_field_adjusted,higher_spi,higher_spi_home_field_adjusted,56.118053601327546,61.30346468749153,44.513,55.487,51.237,48.763,0.067059,2025_w13,spi_rankings_2025_w13.csv,136,,False,False,Mountain West vs Mountain West
2025,regular,14,401752792,2025-11-29 00:30:00+00:00,Texas,Texas A&M,SEC,SEC,True,27,17,fbs,fbs,Texas A&M,Texas A&M,Texas A&M,Texas,0,0,0,higher_spi_home_field_adjusted,higher_spi,higher_spi_home_field_adjusted,74.99568459908149,87.85697952669716,36.665,63.335,43.125,56.875,0.067059,2025_w13,spi_rankings_2025_w13.csv,136,,False,False,SEC vs SEC
2025,regular,14,401752924,2025-11-29 00:30:00+00:00,Purdue,Indiana,Big Ten,Big Ten,True,3,56,fbs,fbs,Indiana,Indiana,Indiana,Indiana,1,1,1,higher_spi_home_field_adjusted,higher_spi,higher_spi_home_field_adjusted,37.11756131276504,100.0,6.462,93.538,8.297,91.703,0.067059,2025_w13,spi_rankings_2025_w13.csv,136,,False,False,Big Ten vs Big Ten
2025,regular,14,401756961,2025-11-29 02:00:00+00:00,Arizona State,Arizona,Big 12,Big 12,True,7,23,fbs,fbs,Arizona State,Arizona,Arizona State,Arizona,0,1,0,higher_spi_home_field_adjusted,higher_spi,higher_spi_home_field_adjusted,67.29582566857397,73.02237186986511,43.945,56.055,50.662,49.338,0.067059,2025_w13,spi_rankings_2025_w13.csv,136,,False,False,Big 12 vs Big 12
2025,regular,14,401754611,2025-11-29 17:00:00+00:00,Pittsburgh,Miami,ACC,ACC,True,7,38,fbs,fbs,Miami,Miami,Miami,Miami,1,1,1,higher_spi_home_field_adjusted,higher_spi,higher_spi_home_field_adjusted,69.02049120185005,80.61865495449338,37.921,62.079,44.447,55.553,0.067059,2025_w13,spi_rankings_2025_w13.csv,136,,False,False,ACC vs ACC
2025,regular,14,401762875,2025-11-29 17:00:00+00:00,Miami (OH),Ball State,Mid-American,Mid-American,True,45,24,fbs,fbs,Miami (OH),Miami (OH),Miami (OH),Miami (OH),1,1,1,higher_spi_home_field_adjusted,higher_spi,higher_spi_home_field_adjusted,46.49194941844043,25.208457600244017,71.188,28.812,76.394,23.606,0.067059,2025_w13,spi_rankings_2025_w13.csv,136,,False,False,Mid-American vs Mid-American
2025,regular,14,401752921,2025-11-29 17:00:00+00:00,Michigan,Ohio State,Big Ten,Big Ten,True,9,27,fbs,fbs,Ohio State,Ohio State,Ohio State,Ohio State,1,1,1,higher_spi_home_field_adjusted,higher_spi,higher_spi_home_field_adjusted,79.52767465433995,98.33816826018185,31.014,68.986,37.061,62.939,0.067059,2025_w13,spi_rankings_2025_w13.csv,136,,False,False,Big Ten vs Big Ten
2025,regular,14,401756968,2025-11-29 17:00:00+00:00,West Virginia,Texas Tech,Big 12,Big 12,True,0,49,fbs,fbs,Texas Tech,Texas Tech,Texas Tech,Texas Tech,1,1,1,higher_spi_home_field_adjusted,higher_spi,higher_spi_home_field_adjusted,46.33358001736384,94.61788898755114,11.384,88.616,14.403,85.597,0.067059,2025_w13,spi_rankings_2025_w13.csv,136,,False,False,Big 12 vs Big 12
2025,regular,14,401752790,2025-11-29 17:00:00+00:00,South Carolina,Clemson,SEC,ACC,False,14,28,fbs,fbs,South Carolina,Clemson,South Carolina,Clemson,0,1,0,higher_spi_home_field_adjusted,higher_spi,higher_spi_home_field_adjusted,56.97638705163071,57.544812735624305,49.396,50.604,56.112,43.888,0.067059,2025_w13,spi_rankings_2025_w13.csv,136,,False,False,ACC vs SEC
2025,regular,14,401752787,2025-11-29 17:00:00+00:00,Louisville,Kentucky,ACC,SEC,False,41,0,fbs,fbs,Louisville,Louisville,Louisville,Louisville,1,1,1,higher_spi_home_field_adjusted,higher_spi,higher_spi_home_field_adjusted,66.07155754880677,55.370815810001176,61.178,38.822,67.363,32.637,0.067059,2025_w13,spi_rankings_2025_w13.csv,136,,False,False,ACC vs SEC
2025,regular,14,401756962,2025-11-29 17:00:00+00:00,Baylor,Houston,Big 12,Big 12,True,24,31,fbs,fbs,Houston,Houston,Houston,Houston,1,1,1,higher_spi_home_field_adjusted,higher_spi,higher_spi_home_field_adjusted,54.17628882088383,67.89827798826279,35.82,64.18,42.23,57.77,0.067059,2025_w13,spi_rankings_2025_w13.csv,136,,False,False,Big 12 vs Big 12
2025,regular,14,401756965,2025-11-29 17:00:00+00:00,Kansas State,Colorado,Big 12,Big 12,True,24,14,fbs,fbs,Kansas State,Kansas State,Kansas State,Kansas State,1,1,1,higher_spi_home_field_adjusted,higher_spi,higher_spi_home_field_adjusted,54.48669793679509,41.8094812387731,63.153,36.847,69.182,30.818,0.067059,2025_w13,spi_rankings_2025_w13.csv,136,,False,False,Big 12 vs Big 12
2025,regular,14,401756966,2025-11-29 17:00:00+00:00,Oklahoma State,Iowa State,Big 12,Big 12,True,13,20,fbs,fbs,Iowa State,Iowa State,Iowa State,Iowa State,1,1,1,higher_spi_home_field_adjusted,higher_spi,higher_spi_home_field_adjusted,22.151991499391293,70.11615400538392,11.522,88.478,14.571,85.429,0.067059,2025_w13,spi_rankings_2025_w13.csv,136,,False,False,Big 12 vs Big 12
2025,regular,14,401762519,2025-11-29 17:00:00+00:00,Florida Atlantic,East Carolina,American Athletic,American Athletic,True,3,42,fbs,fbs,East Carolina,East Carolina,East Carolina,East Carolina,1,1,1,higher_spi_home_field_adjusted,higher_spi,higher_spi_home_field_adjusted,36.921093566543654,64.66120940075119,23.524,76.476,28.719,71.281,0.067059,2025_w13,spi_rankings_2025_w13.csv,136,,False,False,American Athletic vs American Athletic
2025,regular,14,401762872,2025-11-29 17:00:00+00:00,Central Michigan,Toledo,Mid-American,Mid-American,True,3,21,fbs,fbs,Central Michigan,Toledo,Central Michigan,Toledo,0,1,0,higher_spi_home_field_adjusted,higher_spi,higher_spi_home_field_adjusted,54.00400631554787,59.65870806552367,44.021,55.979,50.738,49.262,0.067059,2025_w13,spi_rankings_2025_w13.csv,136,,False,False,Mid-American vs Mid-American
2025,regular,14,401757311,2025-11-29 18:00:00+00:00,Sam Houston,Florida International,Conference USA,Conference USA,True,16,56,fbs,fbs,Florida International,Florida International,Florida International,Florida International,1,1,1,higher_spi_home_field_adjusted,higher_spi,higher_spi_home_field_adjusted,16.810501909767982,45.77167979142192,22.603,77.397,22.603,77.397,0.067059,2025_w13,spi_rankings_2025_w13.csv,136,,False,False,Conference USA vs Conference USA
2025,regular,14,401757310,2025-11-29 18:00:00+00:00,Delaware,UTEP,Conference USA,Conference USA,True,61,31,fbs,fbs,Delaware,Delaware,Delaware,Delaware,1,1,1,higher_spi_home_field_adjusted,higher_spi,higher_spi_home_field_adjusted,37.59847055880648,23.329288297833568,64.713,35.287,70.606,29.394,0.067059,2025_w13,spi_rankings_2025_w13.csv,136,,False,False,Conference USA vs Conference USA
2025,regular,14,401756963,2025-11-29 18:00:00+00:00,BYU,UCF,Big 12,Big 12,True,41,21,fbs,fbs,BYU,BYU,BYU,BYU,1,1,1,higher_spi_home_field_adjusted,higher_spi,higher_spi_home_field_adjusted,88.93195500478708,50.53291969860649,83.644,16.356,87.01,12.99,0.067059,2025_w13,spi_rankings_2025_w13.csv,136,,False,False,Big 12 vs Big 12
2025,regular,14,401761663,2025-11-29 18:30:00+00:00,Marshall,Georgia Southern,Sun Belt,Sun Belt,True,19,24,fbs,fbs,Marshall,Marshall,Marshall,Georgia Southern,0,0,0,higher_spi_home_field_adjusted,higher_spi,higher_spi_home_field_adjusted,44.74236818516776,41.01206876909416,53.955,46.045,60.549,39.451,0.067059,2025_w13,spi_rankings_2025_w13.csv,136,,False,False,Sun Belt vs Sun Belt
2025,regular,14,401757314,2025-11-29 19:00:00+00:00,Missouri State,Louisiana Tech,Conference USA,Conference USA,True,30,42,fbs,fbs,Missouri State,Missouri State,Missouri State,Louisiana Tech,0,0,0,higher_spi_home_field_adjusted,higher_spi,higher_spi_home_field_adjusted,54.128905560701845,48.412581244136064,56.044,43.956,62.546,37.454,0.067059,2025_w13,spi_rankings_2025_w13.csv,136,,False,False,Conference USA vs Conference USA
2025,regular,14,401761664,2025-11-29 19:00:00+00:00,Old Dominion,Georgia State,Sun Belt,Sun Belt,True,27,10,fbs,fbs,Old Dominion,Old Dominion,Old Dominion,Old Dominion,1,1,1,higher_spi_home_field_adjusted,higher_spi,higher_spi_home_field_adjusted,67.98550670064807,17.320127624840538,89.597,10.403,91.857,8.143,0.067059,2025_w13,spi_rankings_2025_w13.csv,136,,False,False,Sun Belt vs Sun Belt
2025,regular,14,401757312,2025-11-29 19:00:00+00:00,Jacksonville State,Western Kentucky,Conference USA,Conference USA,True,37,34,fbs,fbs,Western Kentucky,Western Kentucky,Western Kentucky,Jacksonville State,0,0,0,higher_spi_home_field_adjusted,higher_spi,higher_spi_home_field_adjusted,50.7105989586246,58.8564542001824,41.43,58.57,48.093,51.907,0.067059,2025_w13,spi_rankings_2025_w13.csv,136,,False,False,Conference USA vs Conference USA
2025,regular,14,401761661,2025-11-29 19:30:00+00:00,App State,Arkansas State,Sun Belt,Sun Belt,True,29,30,fbs,fbs,App State,App State,App State,Arkansas State,0,0,0,higher_spi_home_field_adjusted,higher_spi,higher_spi_home_field_adjusted,39.98512875113902,39.07142521220791,50.971,49.029,57.657,42.343,0.067059,2025_w13,spi_rankings_2025_w13.csv,136,,False,False,Sun Belt vs Sun Belt
2025,regular,14,401761665,2025-11-29 20:00:00+00:00,Louisiana,UL Monroe,Sun Belt,Sun Belt,True,30,27,fbs,fbs,Louisiana,Louisiana,Louisiana,Louisiana,1,1,1,higher_spi_home_field_adjusted,higher_spi,higher_spi_home_field_adjusted,41.73587417485109,26.24052925992828,65.894,34.106,71.675,28.325,0.067059,2025_w13,spi_rankings_2025_w13.csv,136,,False,False,Sun Belt vs Sun Belt
2025,regular,14,401761667,2025-11-29 20:00:00+00:00,Texas State,South Alabama,Sun Belt,Sun Belt,True,49,26,fbs,fbs,Texas State,Texas State,Texas State,Texas State,1,1,1,higher_spi_home_field_adjusted,higher_spi,higher_spi_home_field_adjusted,48.23690135606489,37.19764036962799,61.519,38.481,67.678,32.322,0.067059,2025_w13,spi_rankings_2025_w13.csv,136,,False,False,Sun Belt vs Sun Belt
2025,regular,14,401754608,2025-11-29 20:00:00+00:00,Syracuse,Boston College,ACC,ACC,True,12,34,fbs,fbs,Syracuse,Syracuse,Syracuse,Boston College,0,0,0,higher_spi_home_field_adjusted,higher_spi,higher_spi_home_field_adjusted,39.91615146142842,28.26916224436335,62.128,37.872,68.241,31.759,0.067059,2025_w13,spi_rankings_2025_w13.csv,136,,False,False,ACC vs ACC
2025,regular,14,401762517,2025-11-29 20:00:00+00:00,Tulsa,UAB,American Athletic,American Athletic,True,24,31,fbs,fbs,Tulsa,Tulsa,Tulsa,UAB,0,0,0,higher_spi_home_field_adjusted,higher_spi,higher_spi_home_field_adjusted,36.87020926191117,31.0479588683066,56.155,43.845,62.652,37.348,0.067059,2025_w13,spi_rankings_2025_w13.csv,136,,False,False,American Athletic vs American Athletic
2025,regular,14,401757315,2025-11-29 20:00:00+00:00,New Mexico State,Middle Tennessee,Conference USA,Conference USA,True,24,31,fbs,fbs,New Mexico State,New Mexico State,New Mexico State,Middle Tennessee,0,0,0,higher_spi_home_field_adjusted,higher_spi,higher_spi_home_field_adjusted,33.31877941317788,19.63534807118385,64.142,35.858,70.086,29.914,0.067059,2025_w13,spi_rankings_2025_w13.csv,136,,False,False,Conference USA vs Conference USA
2025,regular,14,401752918,2025-11-29 20:30:00+00:00,Minnesota,Wisconsin,Big Ten,Big Ten,True,17,7,fbs,fbs,Minnesota,Minnesota,Minnesota,Minnesota,1,1,1,higher_spi_home_field_adjusted,higher_spi,higher_spi_home_field_adjusted,57.101962030535205,53.38972935999994,53.936,46.064,60.531,39.469,0.067059,2025_w13,spi_rankings_2025_w13.csv,136,,False,False,Big Ten vs Big Ten
2025,regular,14,401756967,2025-11-29 20:30:00+00:00,TCU,Cincinnati,Big 12,Big 12,True,45,23,fbs,fbs,TCU,Cincinnati,TCU,TCU,1,0,1,higher_spi_home_field_adjusted,higher_spi,higher_spi_home_field_adjusted,65.79006433911827,67.09646904996427,48.612,51.388,55.338,44.662,0.067059,2025_w13,spi_rankings_2025_w13.csv,136,,False,False,Big 12 vs Big 12
2025,regular,14,401752791,2025-11-29 20:30:00+00:00,Tennessee,Vanderbilt,SEC,SEC,True,24,45,fbs,fbs,Tennessee,Vanderbilt,Tennessee,Vanderbilt,0,1,0,higher_spi_home_field_adjusted,higher_spi,higher_spi_home_field_adjusted,74.99495517174653,80.93157988945796,43.726,56.274,50.439,49.561,0.067059,2025_w13,spi_rankings_2025_w13.csv,136,,False,False,SEC vs SEC
2025,regular,14,401752917,2025-11-29 20:30:00+00:00,Washington,Oregon,Big Ten,Big Ten,True,14,26,fbs,fbs,Oregon,Oregon,Oregon,Oregon,1,1,1,higher_spi_home_field_adjusted,higher_spi,higher_spi_home_field_adjusted,72.96502291989565,91.83700579513368,30.959,69.041,37.0,63.0,0.067059,2025_w13,spi_rankings_2025_w13.csv,136,,False,False,Big Ten vs Big Ten
2025,regular,14,401757313,2025-11-29 20:30:00+00:00,Liberty,Kennesaw State,Conference USA,Conference USA,True,42,48,fbs,fbs,Kennesaw State,Kennesaw State,Kennesaw State,Kennesaw State,1,1,1,higher_spi_home_field_adjusted,higher_spi,higher_spi_home_field_adjusted,34.78780073629273,61.93049566044442,23.984,76.016,29.241,70.759,0.067059,2025_w13,spi_rankings_2025_w13.csv,136,,False,False,Conference USA vs Conference USA
2025,regular,14,401762441,2025-11-29 20:30:00+00:00,UTSA,Army,American Athletic,American Athletic,True,24,27,fbs,fbs,UTSA,UTSA,UTSA,Army,0,0,0,higher_spi_home_field_adjusted,higher_spi,higher_spi_home_field_adjusted,55.616198833937005,48.29601238086067,57.716,42.284,64.129,35.871,0.067059,2025_w13,spi_rankings_2025_w13.csv,136,,False,False,American Athletic vs American Athletic
2025,regular,14,401752783,2025-11-29 20:30:00+00:00,Arkansas,Missouri,SEC,SEC,True,17,31,fbs,fbs,Missouri,Missouri,Missouri,Missouri,1,1,1,higher_spi_home_field_adjusted,higher_spi,higher_spi_home_field_adjusted,41.43766082885424,71.31285642617945,21.931,78.069,26.897,73.103,0.067059,2025_w13,spi_rankings_2025_w13.csv,136,,False,False,SEC vs SEC
2025,regular,14,401761666,2025-11-29 20:30:00+00:00,Southern Miss,Troy,Sun Belt,Sun Belt,True,18,28,fbs,fbs,Southern Miss,Troy,Southern Miss,Troy,0,1,0,higher_spi_home_field_adjusted,higher_spi,higher_spi_home_field_adjusted,51.58464858424051,53.05399299733512,48.439,51.561,55.167,44.833,0.067059,2025_w13,spi_rankings_2025_w13.csv,136,,False,False,Sun Belt vs Sun Belt
2025,regular,14,401752920,2025-11-29 20:30:00+00:00,Rutgers,Penn State,Big Ten,Big Ten,True,36,40,fbs,fbs,Penn State,Penn State,Penn State,Penn State,1,1,1,higher_spi_home_field_adjusted,higher_spi,higher_spi_home_field_adjusted,51.88097614340575,63.05352120238703,38.347,61.653,44.894,55.106,0.067059,2025_w13,spi_rankings_2025_w13.csv,136,,False,False,Big Ten vs Big Ten
2025,regular,14,401752789,2025-11-29 20:30:00+00:00,Oklahoma,LSU,SEC,SEC,True,17,13,fbs,fbs,Oklahoma,Oklahoma,Oklahoma,Oklahoma,1,1,1,higher_spi_home_field_adjusted,higher_spi,higher_spi_home_field_adjusted,84.55019255263778,70.00650783566567,64.979,35.021,70.847,29.153,0.067059,2025_w13,spi_rankings_2025_w13.csv,136,,False,False,SEC vs SEC
2025,regular,14,401754610,2025-11-29 20:30:00+00:00,Duke,Wake Forest,ACC,ACC,True,49,32,fbs,fbs,Wake Forest,Wake Forest,Wake Forest,Duke,0,0,0,higher_spi_home_field_adjusted,higher_spi,higher_spi_home_field_adjusted,59.80521235545426,66.97914959841526,42.436,57.564,49.124,50.876,0.067059,2025_w13,spi_rankings_2025_w13.csv,136,,False,False,ACC vs ACC
2025,regular,14,401761662,2025-11-29 20:45:00+00:00,Coastal Carolina,James Madison,Sun Belt,Sun Belt,True,10,59,fbs,fbs,James Madison,James Madison,James Madison,James Madison,1,1,1,higher_spi_home_field_adjusted,higher_spi,higher_spi_home_field_adjusted,43.067600348220125,77.62915153756138,18.712,81.288,23.165,76.835,0.067059,2025_w13,spi_rankings_2025_w13.csv,136,,False,False,Sun Belt vs Sun Belt
2025,regular,14,401752785,2025-11-29 21:30:00+00:00,Florida,Florida State,SEC,ACC,False,40,21,fbs,fbs,Florida State,Florida State,Florida State,Florida,0,0,0,higher_spi_home_field_adjusted,higher_spi,higher_spi_home_field_adjusted,48.37723171096176,63.35082662979431,34.607,65.393,40.938,59.062,0.067059,2025_w13,spi_rankings_2025_w13.csv,136,,False,False,ACC vs SEC
2025,regular,14,401752946,2025-11-29 23:30:00+00:00,Washington State,Oregon State,Pac-12,Pac-12,True,32,8,fbs,fbs,Washington State,Washington State,Washington State,Washington State,1,1,1,higher_spi_home_field_adjusted,higher_spi,higher_spi_home_field_adjusted,50.42305392744625,27.564572485445055,72.542,27.458,77.58,22.42,0.067059,2025_w13,spi_rankings_2025_w13.csv,136,,False,False,Pac-12 vs Pac-12
2025,regular,14,401754613,2025-11-30 00:00:00+00:00,Virginia,Virginia Tech,ACC,ACC,True,27,7,fbs,fbs,Virginia,Virginia,Virginia,Virginia,1,1,1,higher_spi_home_field_adjusted,higher_spi,higher_spi_home_field_adjusted,73.78765070833843,36.00766096325208,83.281,16.719,86.709,13.291,0.067059,2025_w13,spi_rankings_2025_w13.csv,136,,False,False,ACC vs ACC
2025,regular,14,401752923,2025-11-30 00:00:00+00:00,Michigan State,Maryland,Big Ten,Big Ten,True,38,28,fbs,fbs,Maryland,Maryland,Maryland,Michigan State,0,0,0,higher_spi_home_field_adjusted,higher_spi,higher_spi_home_field_adjusted,41.42547800553216,47.172418602074245,43.924,56.076,43.924,56.076,0.067059,2025_w13,spi_rankings_2025_w13.csv,136,,False,False,Big Ten vs Big Ten
2025,regular,14,401762520,2025-11-30 00:00:00+00:00,South Florida,Rice,American Athletic,American Athletic,True,52,3,fbs,fbs,South Florida,South Florida,South Florida,South Florida,1,1,1,higher_spi_home_field_adjusted,higher_spi,higher_spi_home_field_adjusted,73.05687160097372,40.596293343776594,79.892,20.108,83.881,16.119,0.067059,2025_w13,spi_rankings_2025_w13.csv,136,,False,False,American Athletic vs American Athletic
2025,regular,14,401762518,2025-11-30 00:30:00+00:00,Tulane,Charlotte,American Athletic,American Athletic,True,27,0,fbs,fbs,Tulane,Tulane,Tulane,Tulane,1,1,1,higher_spi_home_field_adjusted,higher_spi,higher_spi_home_field_adjusted,74.48486317726729,16.9438961810401,92.023,7.977,93.793,6.207,0.067059,2025_w13,spi_rankings_2025_w13.csv,136,,False,False,American Athletic vs American Athletic
2025,regular,14,401752919,2025-11-30 00:30:00+00:00,USC,UCLA,Big Ten,Big Ten,True,29,10,fbs,fbs,USC,USC,USC,USC,1,1,1,higher_spi_home_field_adjusted,higher_spi,higher_spi_home_field_adjusted,80.17095314926443,39.16418848838512,85.104,14.896,88.212,11.788,0.067059,2025_w13,spi_rankings_2025_w13.csv,136,,False,False,Big Ten vs Big Ten
2025,regular,14,401752922,2025-11-30 00:30:00+00:00,Illinois,Northwestern,Big Ten,Big Ten,True,20,13,fbs,fbs,Illinois,Illinois,Illinois,Illinois,1,1,1,higher_spi_home_field_adjusted,higher_spi,higher_spi_home_field_adjusted,67.48898247580549,61.08573953998263,56.762,43.238,63.228,36.772,0.067059,2025_w13,spi_rankings_2025_w13.csv,136,,False,False,Big Ten vs Big Ten
2025,regular,14,401752784,2025-11-30 00:30:00+00:00,Auburn,Alabama,SEC,SEC,True,20,27,fbs,fbs,Alabama,Alabama,Alabama,Alabama,1,1,1,higher_spi_home_field_adjusted,higher_spi,higher_spi_home_field_adjusted,60.24091293600902,85.32081873565103,25.618,74.382,31.087,68.913,0.067059,2025_w13,spi_rankings_2025_w13.csv,136,,False,False,SEC vs SEC
2025,regular,14,401754612,2025-11-30 00:30:00+00:00,NC State,North Carolina,ACC,ACC,True,42,19,fbs,fbs,NC State,NC State,NC State,NC State,1,1,1,higher_spi_home_field_adjusted,higher_spi,higher_spi_home_field_adjusted,59.38808296375158,41.96369328995729,67.711,32.289,73.31,26.69,0.067059,2025_w13,spi_rankings_2025_w13.csv,136,,False,False,ACC vs ACC
2025,regular,14,401754609,2025-11-30 01:00:00+00:00,California,SMU,ACC,ACC,True,38,35,fbs,fbs,SMU,SMU,SMU,California,0,0,0,higher_spi_home_field_adjusted,higher_spi,higher_spi_home_field_adjusted,50.81841939415504,71.87008552718419,29.014,70.986,34.868,65.132,0.067059,2025_w13,spi_rankings_2025_w13.csv,136,,False,False,ACC vs ACC
2025,regular,14,401760425,2025-11-30 02:00:00+00:00,Nevada,UNLV,Mountain West,Mountain West,True,17,42,fbs,fbs,UNLV,UNLV,UNLV,UNLV,1,1,1,higher_spi_home_field_adjusted,higher_spi,higher_spi_home_field_adjusted,29.133156429484288,67.57959140096315,16.329,83.671,20.357,79.643,0.067059,2025_w13,spi_rankings_2025_w13.csv,136,,False,False,Mountain West vs Mountain West
2025,regular,14,401754614,2025-11-30 03:30:00+00:00,Stanford,Notre Dame,ACC,FBS Independents,False,20,49,fbs,fbs,Notre Dame,Notre Dame,Notre Dame,Notre Dame,1,1,1,higher_spi_home_field_adjusted,higher_spi,higher_spi_home_field_adjusted,42.21596543573918,88.606539931512,12.222,87.778,15.424,84.576,0.067059,2025_w13,spi_rankings_2025_w13.csv,136,,False,False,ACC vs FBS Independents
2025,regular,14,401760423,2025-11-30 03:30:00+00:00,San José State,Fresno State,Mountain West,Mountain West,True,14,41,fbs,fbs,Fresno State,Fresno State,Fresno State,Fresno State,1,1,1,higher_spi_home_field_adjusted,higher_spi,higher_spi_home_field_adjusted,29.105810353570373,55.45728237379544,24.602,75.398,29.942,70.058,0.067059,2025_w13,spi_rankings_2025_w13.csv,136,,False,False,Mountain West vs Mountain West
2025,regular,14,401760424,2025-11-30 04:00:00+00:00,Hawai'i,Wyoming,Mountain West,Mountain West,True,27,7,fbs,fbs,Hawai'i,Hawai'i,Hawai'i,Hawai'i,1,1,1,higher_spi_home_field_adjusted,higher_spi,higher_spi_home_field_adjusted,56.86361039191284,36.38875505403759,70.478,29.522,75.769,24.231,0.067059,2025_w13,spi_rankings_2025_w13.csv,136,,False,False,Mountain West vs Mountain West
2025,regular,15,401777352,2025-12-06 00:00:00+00:00,James Madison,Troy,Sun Belt,Sun Belt,False,31,14,fbs,fbs,James Madison,James Madison,James Madison,James Madison,1,1,1,higher_spi_home_field_adjusted,higher_spi,higher_spi_home_field_adjusted,78.32164105139137,54.4802325130748,73.366,26.634,78.298,21.702,0.067059,2025_w14,spi_rankings_2025_w14.csv,136,Sun Belt Championship,False,False,Sun Belt vs Sun Belt
2025,regular,15,401777325,2025-12-06 00:00:00+00:00,Jacksonville State,Kennesaw State,Conference USA,Conference USA,False,15,19,fbs,fbs,Kennesaw State,Kennesaw State,Kennesaw State,Kennesaw State,1,1,1,higher_spi_home_field_adjusted,higher_spi,higher_spi_home_field_adjusted,51.97436301991352,61.01282138324693,40.513,59.487,47.146,52.854,0.067059,2025_w14,spi_rankings_2025_w14.csv,136,Conference USA Championship,False,False,Conference USA vs Conference USA
2025,regular,15,401777324,2025-12-06 01:00:00+00:00,Tulane,North Texas,American Athletic,American Athletic,False,34,21,fbs,fbs,North Texas,North Texas,North Texas,Tulane,0,0,0,higher_spi_home_field_adjusted,higher_spi,higher_spi_home_field_adjusted,73.21433598409818,81.01404991975018,41.788,58.212,48.46,51.54,0.067059,2025_w14,spi_rankings_2025_w14.csv,136,American Championship,False,False,American Athletic vs American Athletic
2025,regular,15,401777326,2025-12-06 01:00:00+00:00,Boise State,UNLV,Mountain West,Mountain West,False,38,21,fbs,fbs,Boise State,UNLV,Boise State,Boise State,1,0,1,higher_spi_home_field_adjusted,higher_spi,higher_spi_home_field_adjusted,61.11196243353449,67.1794186079541,43.589,56.411,50.3,49.7,0.067059,2025_w14,spi_rankings_2025_w14.csv,136,Mountain West Championship,False,False,Mountain West vs Mountain West
2025,regular,15,401777329,2025-12-06 17:00:00+00:00,Western Michigan,Miami (OH),Mid-American,Mid-American,False,23,13,fbs,fbs,Western Michigan,Western Michigan,Western Michigan,Western Michigan,1,1,1,higher_spi_home_field_adjusted,higher_spi,higher_spi_home_field_adjusted,54.05439077760311,47.935927797476594,56.464,43.536,56.464,43.536,0.067059,2025_w14,spi_rankings_2025_w14.csv,136,MAC Championship,False,False,Mid-American vs Mid-American
2025,regular,15,401777327,2025-12-06 17:00:00+00:00,Texas Tech,BYU,Big 12,Big 12,False,34,7,fbs,fbs,Texas Tech,Texas Tech,Texas Tech,Texas Tech,1,1,1,higher_spi_home_field_adjusted,higher_spi,higher_spi_home_field_adjusted,92.88831579002192,86.33714726477683,56.916,43.084,56.916,43.084,0.067059,2025_w14,spi_rankings_2025_w14.csv,136,Big 12 Championship,False,False,Big 12 vs Big 12
2025,regular,15,401777351,2025-12-06 21:00:00+00:00,Alabama,Georgia,SEC,SEC,False,7,28,fbs,fbs,Georgia,Georgia,Georgia,Georgia,1,1,1,higher_spi_home_field_adjusted,higher_spi,higher_spi_home_field_adjusted,83.32109646445285,88.19901954702435,44.836,55.164,44.836,55.164,0.067059,2025_w14,spi_rankings_2025_w14.csv,136,SEC Championship,False,False,SEC vs SEC
2025,regular,15,401777353,2025-12-07 01:00:00+00:00,Ohio State,Indiana,Big Ten,Big Ten,False,10,13,fbs,fbs,Indiana,Indiana,Indiana,Indiana,1,1,1,higher_spi_home_field_adjusted,higher_spi,higher_spi_home_field_adjusted,97.6060191518468,97.82495145146407,49.767,50.233,49.767,50.233,0.067059,2025_w14,spi_rankings_2025_w14.csv,136,Big Ten Championship,False,False,Big Ten vs Big Ten
2025,regular,15,401777328,2025-12-07 01:00:00+00:00,Virginia,Duke,ACC,ACC,False,20,27,fbs,fbs,Virginia,Virginia,Virginia,Duke,0,0,0,higher_spi_home_field_adjusted,higher_spi,higher_spi_home_field_adjusted,72.86898983173998,61.705541628341955,61.644,38.356,61.644,38.356,0.067059,2025_w14,spi_rankings_2025_w14.csv,136,ACC Championship,False,False,ACC vs ACC
2025,regular,16,401762521,2025-12-13 20:00:00+00:00,Navy,Army,American Athletic,American Athletic,True,17,16,fbs,fbs,Navy,Navy,Navy,Navy,1,1,1,higher_spi_home_field_adjusted,higher_spi,higher_spi_home_field_adjusted,66.76632985425744,49.660867544391664,67.414,32.586,67.414,32.586,0.067059,2025_w15,spi_rankings_2025_w15.csv,136,,False,False,American Athletic vs American Athletic
2025,postseason,1,401778302,2025-12-14 01:00:00+00:00,Washington,Boise State,Big Ten,Mountain West,False,38,10,fbs,fbs,Washington,Washington,Washington,Washington,1,1,1,higher_spi_home_field_adjusted,higher_spi,higher_spi_home_field_adjusted,68.96842669838577,62.66364997792937,56.659,43.341,56.659,43.341,0.067059,2025_w16,spi_rankings_2025_w16.csv,136,Bucked Up LA Bowl,False,False,Big Ten vs Mountain West
2025,postseason,1,401778303,2025-12-17 02:00:00+00:00,Jacksonville State,Troy,Conference USA,Sun Belt,False,17,13,fbs,fbs,Troy,Troy,Troy,Jacksonville State,0,0,0,higher_spi_home_field_adjusted,higher_spi,higher_spi_home_field_adjusted,47.93554764634863,50.20656406694521,47.589,52.411,47.589,52.411,0.067059,2025_w16,spi_rankings_2025_w16.csv,136,IS4S Salute to Veterans Bowl,False,False,Conference USA vs Sun Belt
2025,postseason,1,401778304,2025-12-17 22:00:00+00:00,South Florida,Old Dominion,American Athletic,Sun Belt,False,10,24,fbs,fbs,South Florida,South Florida,South Florida,Old Dominion,0,0,0,higher_spi_home_field_adjusted,higher_spi,higher_spi_home_field_adjusted,73.69707750550856,66.22746183804662,57.87,42.13,57.87,42.13,0.067059,2025_w16,spi_rankings_2025_w16.csv,136,StaffDNA Cure Bowl,False,False,American Athletic vs Sun Belt
2025,postseason,1,401778305,2025-12-18 01:30:00+00:00,Delaware,Louisiana,Conference USA,Sun Belt,False,20,13,fbs,fbs,Louisiana,Louisiana,Louisiana,Delaware,0,0,0,higher_spi_home_field_adjusted,higher_spi,higher_spi_home_field_adjusted,40.031944163887985,42.59720879200959,47.277,52.723,47.277,52.723,0.067059,2025_w16,spi_rankings_2025_w16.csv,136,68 Ventures Bowl,False,False,Conference USA vs Sun Belt
2025,postseason,1,401838053,2025-12-19 02:00:00+00:00,Arkansas State,Missouri State,Sun Belt,Conference USA,False,34,28,fbs,fbs,Missouri State,Missouri State,Missouri State,Arkansas State,0,0,0,higher_spi_home_field_adjusted,higher_spi,higher_spi_home_field_adjusted,40.94145843769985,48.77616811898594,41.752,58.248,41.752,58.248,0.067059,2025_w16,spi_rankings_2025_w16.csv,136,Xbox Bowl,False,False,Conference USA vs Sun Belt
2025,postseason,1,401778306,2025-12-19 16:00:00+00:00,Western Michigan,Kennesaw State,Mid-American,Conference USA,False,41,6,fbs,fbs,Kennesaw State,Kennesaw State,Kennesaw State,Western Michigan,0,0,0,higher_spi_home_field_adjusted,higher_spi,higher_spi_home_field_adjusted,54.24361825239661,61.71249966728997,42.13,57.87,42.13,57.87,0.067059,2025_w16,spi_rankings_2025_w16.csv,136,Myrtle Beach Bowl,False,False,Conference USA vs Mid-American
2025,postseason,1,401778307,2025-12-19 19:30:00+00:00,NC State,Memphis,ACC,American Athletic,False,31,7,fbs,fbs,Memphis,Memphis,Memphis,NC State,0,0,0,higher_spi_home_field_adjusted,higher_spi,higher_spi_home_field_adjusted,59.83386906145677,61.16394118991072,48.587,51.413,48.587,51.413,0.067059,2025_w16,spi_rankings_2025_w16.csv,136,Union Home Mortgage Gasparilla Bowl,False,False,ACC vs American Athletic
2025,postseason,1,401779840,2025-12-20 01:00:00+00:00,Oklahoma,Alabama,SEC,SEC,False,24,34,fbs,fbs,Oklahoma,Oklahoma,Oklahoma,Alabama,0,0,0,higher_spi_home_field_adjusted,higher_spi,higher_spi_home_field_adjusted,82.3479564063684,80.9156103575074,51.521,48.479,58.194,41.806,0.067059,2025_w16,spi_rankings_2025_w16.csv,136,College Football Playoff First Round Game,True,False,SEC vs SEC
2025,postseason,1,401779841,2025-12-20 17:00:00+00:00,Texas A&M,Miami,SEC,ACC,False,3,10,fbs,fbs,Texas A&M,Texas A&M,Texas A&M,Miami,0,0,0,higher_spi_home_field_adjusted,higher_spi,higher_spi_home_field_adjusted,81.16807378523477,80.85320330935072,50.335,49.665,57.034,42.966,0.067059,2025_w16,spi_rankings_2025_w16.csv,136,College Football Playoff First Round Game,True,False,ACC vs SEC
2025,postseason,1,401779842,2025-12-20 20:30:00+00:00,Ole Miss,Tulane,SEC,American Athletic,False,41,10,fbs,fbs,Ole Miss,Ole Miss,Ole Miss,Ole Miss,1,1,1,higher_spi_home_field_adjusted,higher_spi,higher_spi_home_field_adjusted,83.02174394909152,75.6539694243797,57.765,42.235,64.176,35.824,0.067059,2025_w16,spi_rankings_2025_w16.csv,136,College Football Playoff First Round Game,True,False,American Athletic vs SEC
2025,postseason,1,401779843,2025-12-21 00:30:00+00:00,Oregon,James Madison,Big Ten,Sun Belt,False,51,34,fbs,fbs,Oregon,Oregon,Oregon,Oregon,1,1,1,higher_spi_home_field_adjusted,higher_spi,higher_spi_home_field_adjusted,90.65520967126416,79.00336272716336,62.133,37.867,68.245,31.755,0.067059,2025_w16,spi_rankings_2025_w16.csv,136,College Football Playoff First Round Game,True,False,Big Ten vs Sun Belt
2025,postseason,1,401778308,2025-12-22 19:00:00+00:00,Utah State,Washington State,Mountain West,Pac-12,False,21,34,fbs,fbs,Utah State,Utah State,Utah State,Washington State,0,0,0,higher_spi_home_field_adjusted,higher_spi,higher_spi_home_field_adjusted,52.27560006806473,51.390941363149054,50.94,49.06,50.94,49.06,0.067059,2025_w16,spi_rankings_2025_w16.csv,136,Famous Idaho Potato Bowl,False,False,Mountain West vs Pac-12
2025,postseason,1,401778309,2025-12-23 19:00:00+00:00,Louisville,Toledo,ACC,Mid-American,False,27,22,fbs,fbs,Louisville,Louisville,Louisville,Louisville,1,1,1,higher_spi_home_field_adjusted,higher_spi,higher_spi_home_field_adjusted,66.64438856568373,59.881049690059896,57.137,42.863,57.137,42.863,0.067059,2025_w16,spi_rankings_2025_w16.csv,136,Bush's Boca Raton Bowl,False,False,ACC vs Mid-American
2025,postseason,1,401778310,2025-12-23 22:30:00+00:00,Southern Miss,Western Kentucky,Sun Belt,Conference USA,False,16,27,fbs,fbs,Western Kentucky,Western Kentucky,Western Kentucky,Western Kentucky,1,1,1,higher_spi_home_field_adjusted,higher_spi,higher_spi_home_field_adjusted,47.6626235064337,54.24252188339241,43.054,56.946,43.054,56.946,0.067059,2025_w16,spi_rankings_2025_w16.csv,136,New Orleans Bowl,False,False,Conference USA vs Sun Belt
2025,postseason,1,401778311,2025-12-24 02:00:00+00:00,Ohio,UNLV,Mid-American,Mountain West,False,17,10,fbs,fbs,UNLV,UNLV,UNLV,Ohio,0,0,0,higher_spi_home_field_adjusted,higher_spi,higher_spi_home_field_adjusted,53.905903865187234,63.178527594338554,40.273,59.727,40.273,59.727,0.067059,2025_w16,spi_rankings_2025_w16.csv,136,Scooter's Coffee Frisco Bowl,False,False,Mid-American vs Mountain West
2025,postseason,1,401778312,2025-12-25 01:00:00+00:00,Hawai'i,California,Mountain West,ACC,False,35,31,fbs,fbs,Hawai'i,Hawai'i,Hawai'i,Hawai'i,1,1,1,higher_spi_home_field_adjusted,higher_spi,higher_spi_home_field_adjusted,56.97166605796795,54.10576138533215,53.041,46.959,59.668,40.332,0.067059,2025_w16,spi_rankings_2025_w16.csv,136,Sheraton Hawaiʻi Bowl,False,False,ACC vs Mountain West
2025,postseason,1,401778313,2025-12-26 18:00:00+00:00,Northwestern,Central Michigan,Big Ten,Mid-American,False,34,7,fbs,fbs,Northwestern,Northwestern,Northwestern,Northwestern,1,1,1,higher_spi_home_field_adjusted,higher_spi,higher_spi_home_field_adjusted,57.287288752814725,47.615907713217,60.134,39.866,60.134,39.866,0.067059,2025_w16,spi_rankings_2025_w16.csv,136,GameAbove Sports Bowl,False,False,Big Ten vs Mid-American
2025,postseason,1,401778314,2025-12-26 21:30:00+00:00,Minnesota,New Mexico,Big Ten,Mountain West,False,20,17,fbs,fbs,New Mexico,New Mexico,New Mexico,Minnesota,0,0,0,higher_spi_home_field_adjusted,higher_spi,higher_spi_home_field_adjusted,56.67993638718225,63.18104873516831,43.136,56.864,43.136,56.864,0.067059,2025_w16,spi_rankings_2025_w16.csv,136,Rate Bowl,False,False,Big Ten vs Mountain West
2025,postseason,1,401778315,2025-12-27 01:00:00+00:00,UTSA,Florida International,American Athletic,Conference USA,False,57,20,fbs,fbs,UTSA,UTSA,UTSA,UTSA,1,1,1,higher_spi_home_field_adjusted,higher_spi,higher_spi_home_field_adjusted,52.045855296066,48.04403021398637,54.242,45.758,54.242,45.758,0.067059,2025_w16,spi_rankings_2025_w16.csv,136,SERVPRO First Responder Bowl,False,False,American Athletic vs Conference USA
2025,postseason,1,401778316,2025-12-27 16:00:00+00:00,East Carolina,Pittsburgh,American Athletic,ACC,False,23,17,fbs,fbs,East Carolina,East Carolina,East Carolina,East Carolina,1,1,1,higher_spi_home_field_adjusted,higher_spi,higher_spi_home_field_adjusted,65.74661717430212,63.46994555582193,52.417,47.583,52.417,47.583,0.067059,2025_w16,spi_rankings_2025_w16.csv,136,Go Bowling Military Bowl,False,False,ACC vs American Athletic
2025,postseason,1,401778317,2025-12-27 17:00:00+00:00,Clemson,Penn State,ACC,Big Ten,False,10,22,fbs,fbs,Penn State,Penn State,Penn State,Penn State,1,1,1,higher_spi_home_field_adjusted,higher_spi,higher_spi_home_field_adjusted,58.09699050978365,61.97168175035377,45.892,54.108,45.892,54.108,0.067059,2025_w16,spi_rankings_2025_w16.csv,136,Bad Boy Mowers Pinstripe Bowl,False,False,ACC vs Big Ten
2025,postseason,1,401778318,2025-12-27 19:15:00+00:00,Army,UConn,American Athletic,FBS Independents,False,41,16,fbs,fbs,UConn,UConn,UConn,Army,0,0,0,higher_spi_home_field_adjusted,higher_spi,higher_spi_home_field_adjusted,47.18679061754072,62.02311031222192,34.739,65.261,34.739,65.261,0.067059,2025_w16,spi_rankings_2025_w16.csv,136,Wasabi Fenway Bowl,False,False,American Athletic vs FBS Independents
2025,postseason,1,401778319,2025-12-27 20:30:00+00:00,BYU,Georgia Tech,Big 12,ACC,False,25,21,fbs,fbs,BYU,BYU,BYU,BYU,1,1,1,higher_spi_home_field_adjusted,higher_spi,higher_spi_home_field_adjusted,82.53556444883505,70.7660008452031,62.251,37.749,62.251,37.749,0.067059,2025_w16,spi_rankings_2025_w16.csv,136,Pop-Tarts Bowl,False,False,ACC vs Big 12
2025,postseason,1,401778320,2025-12-27 21:30:00+00:00,Fresno State,Miami (OH),Mountain West,Mid-American,False,18,3,fbs,fbs,Fresno State,Fresno State,Fresno State,Fresno State,1,1,1,higher_spi_home_field_adjusted,higher_spi,higher_spi_home_field_adjusted,56.025500417927255,43.23975031277493,63.26,36.74,63.26,36.74,0.067059,2025_w16,spi_rankings_2025_w16.csv,136,Snoop Dogg Arizona Bowl,False,False,Mid-American vs Mountain West
2025,postseason,1,401778321,2025-12-27 22:45:00+00:00,San Diego State,North Texas,Mountain West,American Athletic,False,47,49,fbs,fbs,North Texas,North Texas,North Texas,North Texas,1,1,1,higher_spi_home_field_adjusted,higher_spi,higher_spi_home_field_adjusted,63.711669619560375,76.90922095060282,36.334,63.666,36.334,63.666,0.067059,2025_w16,spi_rankings_2025_w16.csv,136,Isleta New Mexico Bowl,False,False,American Athletic vs Mountain West
2025,postseason,1,401778322,2025-12-28 00:30:00+00:00,Missouri,Virginia,SEC,ACC,False,7,13,fbs,fbs,Virginia,Virginia,Virginia,Virginia,1,1,1,higher_spi_home_field_adjusted,higher_spi,higher_spi_home_field_adjusted,69.09623628686299,70.95787715396811,48.023,51.977,48.023,51.977,0.067059,2025_w16,spi_rankings_2025_w16.csv,136,TaxSlayer Gator Bowl,False,False,ACC vs SEC
2025,postseason,1,401778323,2025-12-28 02:15:00+00:00,Houston,LSU,Big 12,SEC,False,38,35,fbs,fbs,Houston,Houston,Houston,Houston,1,1,1,higher_spi_home_field_adjusted,higher_spi,higher_spi_home_field_adjusted,66.44114999784962,65.77587147232087,50.707,49.293,50.707,49.293,0.067059,2025_w16,spi_rankings_2025_w16.csv,136,Kinder's Texas Bowl,False,False,Big 12 vs SEC
2025,postseason,1,401778324,2025-12-29 19:00:00+00:00,App State,Georgia Southern,Sun Belt,Sun Belt,False,10,29,fbs,fbs,Georgia Southern,Georgia Southern,Georgia Southern,Georgia Southern,1,1,1,higher_spi_home_field_adjusted,higher_spi,higher_spi_home_field_adjusted,36.66679740904426,43.32367144988963,42.974,57.026,42.974,57.026,0.067059,2025_w16,spi_rankings_2025_w16.csv,136,JLab Birmingham Bowl,False,False,Sun Belt vs Sun Belt
2025,postseason,1,401778325,2025-12-30 19:00:00+00:00,Louisiana Tech,Coastal Carolina,Conference USA,Sun Belt,False,23,14,fbs,fbs,Louisiana Tech,Louisiana Tech,Louisiana Tech,Louisiana Tech,1,1,1,higher_spi_home_field_adjusted,higher_spi,higher_spi_home_field_adjusted,49.63301205046889,38.009995182723934,62.104,37.896,62.104,37.896,0.067059,2025_w16,spi_rankings_2025_w16.csv,136,Radiance Technologies Independence Bowl,False,False,Conference USA vs Sun Belt
2025,postseason,1,401778326,2025-12-30 22:30:00+00:00,Illinois,Tennessee,Big Ten,SEC,False,30,28,fbs,fbs,Tennessee,Tennessee,Tennessee,Illinois,0,0,0,higher_spi_home_field_adjusted,higher_spi,higher_spi_home_field_adjusted,68.08842457644462,69.42967734275275,48.575,51.425,48.575,51.425,0.067059,2025_w16,spi_rankings_2025_w16.csv,136,Liberty Mutual Music City Bowl,False,False,Big Ten vs SEC
2025,postseason,1,401778327,2025-12-31 02:00:00+00:00,TCU,USC,Big 12,Big Ten,False,30,27,fbs,fbs,USC,USC,USC,TCU,0,0,0,higher_spi_home_field_adjusted,higher_spi,higher_spi_home_field_adjusted,66.47264008672656,77.95385573634492,38.038,61.962,38.038,61.962,0.067059,2025_w16,spi_rankings_2025_w16.csv,136,Valero Alamo Bowl,False,False,Big 12 vs Big Ten
2025,postseason,1,401778328,2025-12-31 17:00:00+00:00,Vanderbilt,Iowa,SEC,Big Ten,False,27,34,fbs,fbs,Vanderbilt,Vanderbilt,Vanderbilt,Iowa,0,0,0,higher_spi_home_field_adjusted,higher_spi,higher_spi_home_field_adjusted,79.59082521556124,72.46236280598413,57.517,42.483,57.517,42.483,0.067059,2025_w16,spi_rankings_2025_w16.csv,136,ReliaQuest Bowl,False,False,Big Ten vs SEC
2025,postseason,1,401778329,2025-12-31 19:00:00+00:00,Duke,Arizona State,ACC,Big 12,False,42,39,fbs,fbs,Duke,Duke,Duke,Duke,1,1,1,higher_spi_home_field_adjusted,higher_spi,higher_spi_home_field_adjusted,63.96399957844975,62.762840444041736,51.276,48.724,51.276,48.724,0.067059,2025_w16,spi_rankings_2025_w16.csv,136,Tony the Tiger Sun Bowl,False,False,ACC vs Big 12
2025,postseason,1,401778330,2025-12-31 20:00:00+00:00,Texas,Michigan,SEC,Big Ten,False,41,27,fbs,fbs,Texas,Texas,Texas,Texas,1,1,1,higher_spi_home_field_adjusted,higher_spi,higher_spi_home_field_adjusted,75.92745006686282,73.24329924911925,52.849,47.151,52.849,47.151,0.067059,2025_w16,spi_rankings_2025_w16.csv,136,Cheez-It Citrus Bowl,False,False,Big Ten vs SEC
2025,postseason,1,401778331,2025-12-31 20:30:00+00:00,Utah,Nebraska,Big 12,Big Ten,False,44,22,fbs,fbs,Utah,Utah,Utah,Utah,1,1,1,higher_spi_home_field_adjusted,higher_spi,higher_spi_home_field_adjusted,84.24457205840551,61.60183664892192,72.359,27.641,72.359,27.641,0.067059,2025_w16,spi_rankings_2025_w16.csv,136,SRS Distribution Las Vegas Bowl,False,False,Big 12 vs Big Ten
2025,postseason,1,401769070,2026-01-01 00:30:00+00:00,Ohio State,Miami,Big Ten,ACC,False,14,24,fbs,fbs,Ohio State,Ohio State,Ohio State,Miami,0,0,0,higher_spi_home_field_adjusted,higher_spi,higher_spi_home_field_adjusted,94.85869834686146,80.85320330935072,64.457,35.543,64.457,35.543,0.067059,2025_w16,spi_rankings_2025_w16.csv,136,College Football Playoff Quarterfinal at the Goodyear Cotton Bowl Classic,True,False,ACC vs Big Ten
2025,postseason,1,401769071,2026-01-01 17:00:00+00:00,Texas Tech,Oregon,Big 12,Big Ten,False,0,23,fbs,fbs,Texas Tech,Texas Tech,Texas Tech,Oregon,0,0,0,higher_spi_home_field_adjusted,higher_spi,higher_spi_home_field_adjusted,95.46515352892943,90.65520967126416,55.093,44.907,55.093,44.907,0.067059,2025_w16,spi_rankings_2025_w16.csv,136,College Football Playoff Quarterfinal at the Capital One Orange Bowl,True,False,Big 12 vs Big Ten
2025,postseason,1,401769072,2026-01-01 21:00:00+00:00,Indiana,Alabama,Big Ten,SEC,False,38,3,fbs,fbs,Indiana,Indiana,Indiana,Indiana,1,1,1,higher_spi_home_field_adjusted,higher_spi,higher_spi_home_field_adjusted,99.57710735041042,80.9156103575074,68.85,31.15,68.85,31.15,0.067059,2025_w16,spi_rankings_2025_w16.csv,136,College Football Playoff Quarterfinal at the Rose Bowl Presented by Prudential,True,False,Big Ten vs SEC
2025,postseason,1,401769073,2026-01-02 01:00:00+00:00,Georgia,Ole Miss,SEC,SEC,False,34,39,fbs,fbs,Georgia,Georgia,Georgia,Ole Miss,0,0,0,higher_spi_home_field_adjusted,higher_spi,higher_spi_home_field_adjusted,90.78827361563518,83.02174394909152,58.178,41.822,58.178,41.822,0.067059,2025_w16,spi_rankings_2025_w16.csv,136,College Football Playoff Quarterfinal at the Allstate Sugar Bowl,True,False,SEC vs SEC
2025,postseason,1,401778332,2026-01-02 18:00:00+00:00,Texas State,Rice,Sun Belt,American Athletic,False,41,10,fbs,fbs,Texas State,Texas State,Texas State,Texas State,1,1,1,higher_spi_home_field_adjusted,higher_spi,higher_spi_home_field_adjusted,49.912211911910745,36.444731225345905,63.931,36.069,63.931,36.069,0.067059,2025_w16,spi_rankings_2025_w16.csv,136,Lockheed Martin Armed Forces Bowl,False,False,American Athletic vs Sun Belt
2025,postseason,1,401778333,2026-01-02 21:30:00+00:00,Cincinnati,Navy,Big 12,American Athletic,False,13,35,fbs,fbs,Navy,Navy,Navy,Navy,1,1,1,higher_spi_home_field_adjusted,higher_spi,higher_spi_home_field_adjusted,60.78768730591128,69.00258053263633,41.359,58.641,41.359,58.641,0.067059,2025_w16,spi_rankings_2025_w16.csv,136,AutoZone Liberty Bowl,False,False,American Athletic vs Big 12
2025,postseason,1,401778334,2026-01-03 01:00:00+00:00,Mississippi State,Wake Forest,SEC,ACC,False,29,43,fbs,fbs,Wake Forest,Wake Forest,Wake Forest,Wake Forest,1,1,1,higher_spi_home_field_adjusted,higher_spi,higher_spi_home_field_adjusted,56.638273860196705,62.08888481485412,44.234,55.766,44.234,55.766,0.067059,2025_w16,spi_rankings_2025_w16.csv,136,Duke's Mayo Bowl,False,False,ACC vs SEC
2025,postseason,1,401831583,2026-01-03 01:00:00+00:00,SMU,Arizona,ACC,Big 12,False,24,19,fbs,fbs,Arizona,Arizona,Arizona,SMU,0,0,0,higher_spi_home_field_adjusted,higher_spi,higher_spi_home_field_adjusted,65.44896544785563,74.6141483438641,40.383,59.617,40.383,59.617,0.067059,2025_w16,spi_rankings_2025_w16.csv,136,Trust & Will Holiday Bowl,False,False,ACC vs Big 12
2025,postseason,1,401769075,2026-01-09 00:30:00+00:00,Ole Miss,Miami,SEC,ACC,False,27,31,fbs,fbs,Ole Miss,Ole Miss,Ole Miss,Miami,0,0,0,higher_spi_home_field_adjusted,higher_spi,higher_spi_home_field_adjusted,83.02174394909152,80.85320330935072,52.302,47.698,52.302,47.698,0.067059,2025_w16,spi_rankings_2025_w16.csv,136,College Football Playoff Semifinal at the Vrbo Fiesta Bowl,True,False,ACC vs SEC
2025,postseason,1,401769074,2026-01-10 00:30:00+00:00,Indiana,Oregon,Big Ten,Big Ten,False,56,22,fbs,fbs,Indiana,Indiana,Indiana,Indiana,1,1,1,higher_spi_home_field_adjusted,higher_spi,higher_spi_home_field_adjusted,99.57710735041042,90.65520967126416,59.368,40.632,59.368,40.632,0.067059,2025_w16,spi_rankings_2025_w16.csv,136,College Football Playoff Semifinal at the Chick-fil-A Peach Bowl,True,False,Big Ten vs Big Ten
2025,postseason,1,401769076,2026-01-20 00:30:00+00:00,Indiana,Miami,Big Ten,ACC,False,27,21,fbs,fbs,Indiana,Indiana,Indiana,Indiana,1,1,1,higher_spi_home_field_adjusted,higher_spi,higher_spi_home_field_adjusted,99.57710735041042,80.85320330935072,68.907,31.093,68.907,31.093,0.067059,2025_w16,spi_rankings_2025_w16.csv,136,College Football Playoff National Championship Presented by AT&T,True,True,ACC vs Big Ten
