year,season_type,week,game_id,start_date,home_team,away_team,home_conference,away_conference,conference_game,home_points,away_points,home_classification,away_classification,predicted_winner,predicted_winner_pure,predicted_winner_home_adj,actual_winner,correct,correct_pure,correct_home_adj,prediction_reason,prediction_reason_pure,prediction_reason_home_adj,home_spi_used,away_spi_used,home_win_prob_pure_pct,away_win_prob_pure_pct,home_win_prob_home_adj_pct,away_win_prob_home_adj_pct,home_field_x,ranking_source,ranking_source_file,ranking_source_team_count,notes,is_playoff,is_national_championship,conference_matchup
2026,regular,1,401856766,2026-08-29T16:00:00+00:00,TCU,North Carolina,Big 12,ACC,False,10.0,15.0,fbs,fbs,TCU,TCU,TCU,North Carolina,0.0,0.0,0.0,higher_spi_home_field_adjusted,higher_spi,higher_spi_home_field_adjusted,65.56954828015526,35.25991390713516,78.384,21.616,78.384,21.616,0.067059,preseason_2026,spi_rankings_preseason_2026.csv,136,Aer Lingus College Football Classic,False,False,ACC vs Big 12
2026,regular,1,401864494,2026-08-29T19:00:00+00:00,USC,San José State,Big Ten,Mountain West,False,42.0,26.0,fbs,fbs,USC,USC,USC,USC,1.0,1.0,1.0,higher_spi_home_field_adjusted,higher_spi,higher_spi_home_field_adjusted,70.13310964705855,27.73283562877278,85.839,14.161,88.814,11.186,0.067059,preseason_2026,spi_rankings_preseason_2026.csv,136,,False,False,Big Ten vs Mountain West
2026,regular,1,401858202,2026-08-29T19:30:00+00:00,Virginia,NC State,ACC,ACC,True,34.0,8.0,fbs,fbs,Virginia,Virginia,Virginia,Virginia,1.0,1.0,1.0,higher_spi_home_field_adjusted,higher_spi,higher_spi_home_field_adjusted,65.518663732325,61.00491592325077,54.781,45.219,61.342,38.658,0.067059,preseason_2026,spi_rankings_preseason_2026.csv,136,,False,False,ACC vs ACC
2026,regular,1,401864577,2026-08-29T21:30:00+00:00,North Dakota State,Jacksonville State,Mountain West,Conference USA,False,33.0,7.0,fbs,fbs,Jacksonville State,Jacksonville State,Jacksonville State,North Dakota State,0.0,0.0,0.0,only_away_spi,only_away_spi,only_away_spi,,44.69313287136374,0.0,100.0,0.0,100.0,0.067059,preseason_2026,spi_rankings_preseason_2026.csv,136,,False,False,Conference USA vs Mountain West
2026,regular,1,401866408,2026-08-29T22:30:00+00:00,Eastern Michigan,Sacramento State,Mid-American,Mid-American,True,28.0,17.0,fbs,fbs,Eastern Michigan,Eastern Michigan,Eastern Michigan,Eastern Michigan,1.0,1.0,1.0,only_home_spi,only_home_spi,only_home_spi,26.431321817561333,,100.0,0.0,100.0,0.0,0.067059,preseason_2026,spi_rankings_preseason_2026.csv,136,,False,False,Mid-American vs Mid-American
2026,regular,1,401864570,2026-08-29T23:00:00+00:00,Florida State,New Mexico State,ACC,Conference USA,False,34.0,17.0,fbs,fbs,Florida State,Florida State,Florida State,Florida State,1.0,1.0,1.0,higher_spi_home_field_adjusted,higher_spi,higher_spi_home_field_adjusted,55.1291467270885,26.12941189303164,77.425,22.575,81.792,18.208,0.067059,preseason_2026,spi_rankings_preseason_2026.csv,136,,False,False,ACC vs Conference USA
2026,regular,1,401858201,2026-08-29T23:00:00+00:00,Stanford,Hawai'i,ACC,Mountain West,False,37.0,27.0,fbs,fbs,Hawai'i,Hawai'i,Hawai'i,Stanford,0.0,0.0,0.0,higher_spi_home_field_adjusted,higher_spi,higher_spi_home_field_adjusted,34.362731569534205,51.33097583679728,32.714,67.286,38.905,61.095,0.067059,preseason_2026,spi_rankings_preseason_2026.csv,136,,False,False,ACC vs Mountain West
2026,regular,1,401862693,2026-08-30T02:00:00+00:00,UNLV,Memphis,Mountain West,American Athletic,False,21.0,27.0,fbs,fbs,UNLV,UNLV,UNLV,Memphis,0.0,0.0,0.0,higher_spi_home_field_adjusted,higher_spi,higher_spi_home_field_adjusted,54.64615499325283,54.095894750063614,50.585,49.415,57.279,42.721,0.067059,preseason_2026,spi_rankings_preseason_2026.csv,136,,False,False,American Athletic vs Mountain West
2026,regular,1,401858423,2026-09-03T22:00:00+00:00,Rutgers,Massachusetts,Big Ten,Mid-American,False,,,fbs,fbs,Rutgers,Rutgers,Rutgers,,,,,higher_spi_home_field_adjusted,higher_spi,higher_spi_home_field_adjusted,47.5547734274298,0.0,88.299,11.701,90.812,9.188,0.067059,preseason_2026,spi_rankings_preseason_2026.csv,136,,False,False,Big Ten vs Mid-American
2026,regular,1,401866409,2026-09-03T23:00:00+00:00,Buffalo,UAlbany,Mid-American,Coastal Athletic,False,,,fbs,fcs,Buffalo,Buffalo,Buffalo,,,,,fbs_vs_fcs_rule,fbs_vs_fcs_rule,fbs_vs_fcs_rule,35.732384134335035,,100.0,0.0,100.0,0.0,0.067059,preseason_2026,spi_rankings_preseason_2026.csv,136,,False,False,Coastal Athletic vs Mid-American
2026,regular,1,401864424,2026-09-03T23:00:00+00:00,Delaware,Merrimack,Conference USA,FCS Independents,False,,,fbs,fcs,Delaware,Delaware,Delaware,,,,,fbs_vs_fcs_rule,fbs_vs_fcs_rule,fbs_vs_fcs_rule,39.720155437367346,,100.0,0.0,100.0,0.0,0.067059,preseason_2026,spi_rankings_preseason_2026.csv,136,,False,False,Conference USA vs FCS Independents
2026,regular,1,401864425,2026-09-03T23:00:00+00:00,Kennesaw State,West Georgia,Conference USA,UAC,False,,,fbs,fcs,Kennesaw State,Kennesaw State,Kennesaw State,,,,,fbs_vs_fcs_rule,fbs_vs_fcs_rule,fbs_vs_fcs_rule,57.36695846103969,,100.0,0.0,100.0,0.0,0.067059,preseason_2026,spi_rankings_preseason_2026.csv,136,,False,False,Conference USA vs UAC
2026,regular,1,401858204,2026-09-03T23:00:00+00:00,Wake Forest,Akron,ACC,Mid-American,False,,,fbs,fbs,Wake Forest,Wake Forest,Wake Forest,,,,,higher_spi_home_field_adjusted,higher_spi,higher_spi_home_field_adjusted,56.975284138942186,28.927648744921203,76.71,23.29,81.182,18.818,0.067059,preseason_2026,spi_rankings_preseason_2026.csv,136,,False,False,ACC vs Mid-American
2026,regular,1,401856767,2026-09-03T23:00:00+00:00,UCF,Bethune-Cookman,Big 12,SWAC,False,,,fbs,fcs,UCF,UCF,UCF,,,,,fbs_vs_fcs_rule,fbs_vs_fcs_rule,fbs_vs_fcs_rule,42.64080749222179,,100.0,0.0,100.0,0.0,0.067059,preseason_2026,spi_rankings_preseason_2026.csv,136,,False,False,Big 12 vs SWAC
2026,regular,1,401858422,2026-09-04T00:00:00+00:00,Minnesota,Eastern Illinois,Big Ten,OVC,False,,,fbs,fcs,Minnesota,Minnesota,Minnesota,,,,,fbs_vs_fcs_rule,fbs_vs_fcs_rule,fbs_vs_fcs_rule,54.76296165411433,,100.0,0.0,100.0,0.0,0.067059,preseason_2026,spi_rankings_preseason_2026.csv,136,,False,False,Big Ten vs OVC
2026,regular,1,401856776,2026-09-04T00:00:00+00:00,Georgia Tech,Colorado,ACC,Big 12,False,,,fbs,fbs,Georgia Tech,Georgia Tech,Georgia Tech,,,,,higher_spi_home_field_adjusted,higher_spi,higher_spi_home_field_adjusted,61.914652182713816,52.5187827953132,59.853,40.147,66.132,33.868,0.067059,preseason_2026,spi_rankings_preseason_2026.csv,136,,False,False,ACC vs Big 12
2026,regular,1,401856663,2026-09-04T00:00:00+00:00,Missouri,Arkansas-Pine Bluff,SEC,SWAC,False,,,fbs,fcs,Missouri,Missouri,Missouri,,,,,fbs_vs_fcs_rule,fbs_vs_fcs_rule,fbs_vs_fcs_rule,60.022559444325715,,100.0,0.0,100.0,0.0,0.067059,preseason_2026,spi_rankings_preseason_2026.csv,136,,False,False,SEC vs SWAC
2026,regular,1,401856768,2026-09-04T01:00:00+00:00,Utah,Idaho,Big 12,Big Sky,False,,,fbs,fcs,Utah,Utah,Utah,,,,,fbs_vs_fcs_rule,fbs_vs_fcs_rule,fbs_vs_fcs_rule,79.90984695824888,,100.0,0.0,100.0,0.0,0.067059,preseason_2026,spi_rankings_preseason_2026.csv,136,,False,False,Big 12 vs Big Sky
2026,regular,1,401858424,2026-09-04T01:00:00+00:00,Illinois,UAB,Big Ten,American Athletic,False,,,fbs,fbs,Illinois,Illinois,Illinois,,,,,higher_spi_home_field_adjusted,higher_spi,higher_spi_home_field_adjusted,64.95353582816352,33.88852101736378,78.923,21.077,83.063,16.937,0.067059,preseason_2026,spi_rankings_preseason_2026.csv,136,,False,False,American Athletic vs Big Ten
2026,regular,1,401864495,2026-09-04T22:30:00+00:00,Eastern Michigan,San José State,Mid-American,Mountain West,False,,,fbs,fbs,Eastern Michigan,San José State,Eastern Michigan,,,,,higher_spi_home_field_adjusted,higher_spi,higher_spi_home_field_adjusted,26.431321817561333,27.73283562877278,48.617,51.383,55.343,44.657,0.067059,preseason_2026,spi_rankings_preseason_2026.csv,136,,False,False,Mid-American vs Mountain West
2026,regular,1,401866623,2026-09-04T23:00:00+00:00,Georgia State,North Carolina A&T,Sun Belt,Coastal Athletic,False,,,fbs,fcs,Georgia State,Georgia State,Georgia State,,,,,fbs_vs_fcs_rule,fbs_vs_fcs_rule,fbs_vs_fcs_rule,20.755385320600695,,100.0,0.0,100.0,0.0,0.067059,preseason_2026,spi_rankings_preseason_2026.csv,136,,False,False,Coastal Athletic vs Sun Belt
2026,regular,1,401858435,2026-09-04T23:00:00+00:00,Purdue,Indiana State,Big Ten,MVFC,False,,,fbs,fcs,Purdue,Purdue,Purdue,,,,,fbs_vs_fcs_rule,fbs_vs_fcs_rule,fbs_vs_fcs_rule,35.60243749521463,,100.0,0.0,100.0,0.0,0.067059,preseason_2026,spi_rankings_preseason_2026.csv,136,,False,False,Big Ten vs MVFC
2026,regular,1,401856769,2026-09-05T00:00:00+00:00,Kansas,Long Island University,Big 12,NEC,False,,,fbs,fcs,Kansas,Kansas,Kansas,,,,,fbs_vs_fcs_rule,fbs_vs_fcs_rule,fbs_vs_fcs_rule,47.51301066199033,,100.0,0.0,100.0,0.0,0.067059,preseason_2026,spi_rankings_preseason_2026.csv,136,,False,False,Big 12 vs NEC
2026,regular,1,401858429,2026-09-05T00:00:00+00:00,Michigan State,Toledo,Big Ten,Mid-American,False,,,fbs,fbs,Toledo,Toledo,Toledo,,,,,higher_spi_home_field_adjusted,higher_spi,higher_spi_home_field_adjusted,43.659123524226416,52.992506601900594,40.211,59.789,46.834,53.166,0.067059,preseason_2026,spi_rankings_preseason_2026.csv,136,,False,False,Big Ten vs Mid-American
2026,regular,1,401856664,2026-09-05T00:00:00+00:00,Oklahoma,UTEP,SEC,Mountain West,False,,,fbs,fbs,Oklahoma,Oklahoma,Oklahoma,,,,,higher_spi_home_field_adjusted,higher_spi,higher_spi_home_field_adjusted,69.44209698059642,24.108683570799027,87.288,12.712,89.994,10.006,0.067059,preseason_2026,spi_rankings_preseason_2026.csv,136,,False,False,Mountain West vs SEC
2026,regular,1,401858206,2026-09-05T01:00:00+00:00,Stanford,Miami,ACC,ACC,True,,,fbs,fbs,Miami,Miami,Miami,,,,,higher_spi_home_field_adjusted,higher_spi,higher_spi_home_field_adjusted,34.362731569534205,81.4436769913458,11.91,88.09,15.045,84.955,0.067059,preseason_2026,spi_rankings_preseason_2026.csv,136,,False,False,ACC vs ACC
2026,regular,1,401858436,2026-09-05T01:00:00+00:00,USC,Fresno State,Big Ten,Pac-12,False,,,fbs,fbs,USC,USC,USC,,,,,higher_spi_home_field_adjusted,higher_spi,higher_spi_home_field_adjusted,70.13310964705855,50.97209727366645,69.303,30.697,74.729,25.271,0.067059,preseason_2026,spi_rankings_preseason_2026.csv,136,,False,False,Big Ten vs Pac-12
2026,regular,1,401856778,2026-09-05T16:00:00+00:00,Houston,Oregon State,Big 12,Pac-12,False,,,fbs,fbs,Houston,Houston,Houston,,,,,higher_spi_home_field_adjusted,higher_spi,higher_spi_home_field_adjusted,62.101831336643045,29.12333309551166,80.244,19.756,84.177,15.823,0.067059,preseason_2026,spi_rankings_preseason_2026.csv,136,,False,False,Big 12 vs Pac-12
2026,regular,1,401856634,2026-09-05T16:00:00+00:00,Alabama,East Carolina,SEC,American Athletic,False,,,fbs,fbs,Alabama,Alabama,Alabama,,,,,higher_spi_home_field_adjusted,higher_spi,higher_spi_home_field_adjusted,72.08922144650381,63.94920900693176,58.564,41.436,64.927,35.073,0.067059,preseason_2026,spi_rankings_preseason_2026.csv,136,,False,False,American Athletic vs SEC
2026,regular,1,401858208,2026-09-05T16:00:00+00:00,Syracuse,New Hampshire,ACC,Coastal Athletic,False,,,fbs,fcs,Syracuse,Syracuse,Syracuse,,,,,fbs_vs_fcs_rule,fbs_vs_fcs_rule,fbs_vs_fcs_rule,33.87711504204498,,100.0,0.0,100.0,0.0,0.067059,preseason_2026,spi_rankings_preseason_2026.csv,136,,False,False,ACC vs Coastal Athletic
2026,regular,1,401858430,2026-09-05T16:00:00+00:00,Nebraska,Ohio,Big Ten,Mid-American,False,,,fbs,fbs,Nebraska,Nebraska,Nebraska,,,,,higher_spi_home_field_adjusted,higher_spi,higher_spi_home_field_adjusted,55.46736754606214,52.95891549069096,52.663,47.337,59.302,40.698,0.067059,preseason_2026,spi_rankings_preseason_2026.csv,136,,False,False,Big Ten vs Mid-American
2026,regular,1,401858425,2026-09-05T16:00:00+00:00,Indiana,North Texas,Big Ten,American Athletic,False,,,fbs,fbs,Indiana,Indiana,Indiana,,,,,higher_spi_home_field_adjusted,higher_spi,higher_spi_home_field_adjusted,100.0,74.47142988087174,74.743,25.257,79.492,20.508,0.067059,preseason_2026,spi_rankings_preseason_2026.csv,136,,False,False,American Athletic vs Big Ten
2026,regular,1,401861962,2026-09-05T16:00:00+00:00,UConn,Lafayette,FBS Independents,Patriot,False,,,fbs,fcs,UConn,UConn,UConn,,,,,fbs_vs_fcs_rule,fbs_vs_fcs_rule,fbs_vs_fcs_rule,55.02961235400574,,100.0,0.0,100.0,0.0,0.067059,preseason_2026,spi_rankings_preseason_2026.csv,136,,False,False,FBS Independents vs Patriot
2026,regular,1,401856780,2026-09-05T16:00:00+00:00,West Virginia,Coastal Carolina,Big 12,Sun Belt,False,,,fbs,fbs,Coastal Carolina,Coastal Carolina,Coastal Carolina,,,,,higher_spi_home_field_adjusted,higher_spi,higher_spi_home_field_adjusted,41.00086530063937,47.48091226741856,43.158,56.842,49.861,50.139,0.067059,preseason_2026,spi_rankings_preseason_2026.csv,136,,False,False,Big 12 vs Sun Belt
2026,regular,1,401869960,2026-09-05T16:00:00+00:00,James Madison,Liberty,Sun Belt,Conference USA,False,,,fbs,fbs,James Madison,James Madison,James Madison,,,,,higher_spi_home_field_adjusted,higher_spi,higher_spi_home_field_adjusted,72.18940696839009,32.39054671402152,84.441,15.559,87.668,12.332,0.067059,preseason_2026,spi_rankings_preseason_2026.csv,136,,False,False,Conference USA vs Sun Belt
2026,regular,1,401866410,2026-09-05T16:00:00+00:00,Bowling Green,Tarleton State,Mid-American,UAC,False,,,fbs,fcs,Bowling Green,Bowling Green,Bowling Green,,,,,fbs_vs_fcs_rule,fbs_vs_fcs_rule,fbs_vs_fcs_rule,26.80857620911763,,100.0,0.0,100.0,0.0,0.067059,preseason_2026,spi_rankings_preseason_2026.csv,136,,False,False,Mid-American vs UAC
2026,regular,1,401862701,2026-09-05T16:00:00+00:00,Army,Bryant,American Athletic,Coastal Athletic,False,,,fbs,fcs,Army,Army,Army,,,,,fbs_vs_fcs_rule,fbs_vs_fcs_rule,fbs_vs_fcs_rule,47.30742337069569,,100.0,0.0,100.0,0.0,0.067059,preseason_2026,spi_rankings_preseason_2026.csv,136,,False,False,American Athletic vs Coastal Athletic
2026,regular,1,401858432,2026-09-05T16:30:00+00:00,Ohio State,Ball State,Big Ten,Mid-American,False,,,fbs,fbs,Ohio State,Ohio State,Ohio State,,,,,higher_spi_home_field_adjusted,higher_spi,higher_spi_home_field_adjusted,85.81528022725924,21.131504365775346,93.986,6.014,95.342,4.658,0.067059,preseason_2026,spi_rankings_preseason_2026.csv,136,,False,False,Big Ten vs Mid-American
2026,regular,1,401858207,2026-09-05T16:30:00+00:00,Pittsburgh,Miami (OH),ACC,Mid-American,False,,,fbs,fbs,Pittsburgh,Pittsburgh,Pittsburgh,,,,,higher_spi_home_field_adjusted,higher_spi,higher_spi_home_field_adjusted,53.46489362057027,33.71178751136635,69.836,30.164,75.201,24.799,0.067059,preseason_2026,spi_rankings_preseason_2026.csv,136,,False,False,ACC vs Mid-American
2026,regular,1,401856665,2026-09-05T16:45:00+00:00,South Carolina,Kent State,SEC,Mid-American,False,,,fbs,fbs,South Carolina,South Carolina,South Carolina,,,,,higher_spi_home_field_adjusted,higher_spi,higher_spi_home_field_adjusted,44.362372016765114,29.290788074506256,65.488,34.512,71.308,28.692,0.067059,preseason_2026,spi_rankings_preseason_2026.csv,136,,False,False,Mid-American vs SEC
2026,regular,1,401856779,2026-09-05T17:00:00+00:00,Iowa State,Southeast Missouri State,Big 12,OVC,False,,,fbs,fcs,Iowa State,Iowa State,Iowa State,,,,,fbs_vs_fcs_rule,fbs_vs_fcs_rule,fbs_vs_fcs_rule,62.70258494324692,,100.0,0.0,100.0,0.0,0.067059,preseason_2026,spi_rankings_preseason_2026.csv,136,,False,False,Big 12 vs OVC
2026,regular,1,401864496,2026-09-05T17:00:00+00:00,Air Force,Duquesne,Mountain West,NEC,False,,,fbs,fcs,Air Force,Air Force,Air Force,,,,,fbs_vs_fcs_rule,fbs_vs_fcs_rule,fbs_vs_fcs_rule,39.66462459161762,,100.0,0.0,100.0,0.0,0.067059,preseason_2026,spi_rankings_preseason_2026.csv,136,,False,False,Mountain West vs NEC
2026,regular,1,401856659,2026-09-05T17:00:00+00:00,Kentucky,Youngstown State,SEC,MVFC,False,,,fbs,fcs,Kentucky,Kentucky,Kentucky,,,,,fbs_vs_fcs_rule,fbs_vs_fcs_rule,fbs_vs_fcs_rule,46.14040906149416,,100.0,0.0,100.0,0.0,0.067059,preseason_2026,spi_rankings_preseason_2026.csv,136,,False,False,MVFC vs SEC
2026,regular,1,401862698,2026-09-05T18:00:00+00:00,Temple,Rhode Island,American Athletic,Coastal Athletic,False,,,fbs,fcs,Temple,Temple,Temple,,,,,fbs_vs_fcs_rule,fbs_vs_fcs_rule,fbs_vs_fcs_rule,43.307088479567234,,100.0,0.0,100.0,0.0,0.067059,preseason_2026,spi_rankings_preseason_2026.csv,136,,False,False,American Athletic vs Coastal Athletic
2026,regular,1,401856658,2026-09-05T19:00:00+00:00,Georgia,Tennessee State,SEC,OVC,False,,,fbs,fcs,Georgia,Georgia,Georgia,,,,,fbs_vs_fcs_rule,fbs_vs_fcs_rule,fbs_vs_fcs_rule,80.61484229722396,,100.0,0.0,100.0,0.0,0.067059,preseason_2026,spi_rankings_preseason_2026.csv,136,,False,False,OVC vs SEC
2026,regular,1,401856666,2026-09-05T19:30:00+00:00,Tennessee,Furman,SEC,Southern,False,,,fbs,fcs,Tennessee,Tennessee,Tennessee,,,,,fbs_vs_fcs_rule,fbs_vs_fcs_rule,fbs_vs_fcs_rule,60.668490116907336,,100.0,0.0,100.0,0.0,0.067059,preseason_2026,spi_rankings_preseason_2026.csv,136,,False,False,SEC vs Southern
2026,regular,1,401862696,2026-09-05T19:30:00+00:00,Navy,Towson,American Athletic,Coastal Athletic,False,,,fbs,fcs,Navy,Navy,Navy,,,,,fbs_vs_fcs_rule,fbs_vs_fcs_rule,fbs_vs_fcs_rule,67.73990933281475,,100.0,0.0,100.0,0.0,0.067059,preseason_2026,spi_rankings_preseason_2026.csv,136,,False,False,American Athletic vs Coastal Athletic
2026,regular,1,401856777,2026-09-05T19:30:00+00:00,Cincinnati,Boston College,Big 12,ACC,False,,,fbs,fbs,Cincinnati,Cincinnati,Cincinnati,,,,,higher_spi_home_field_adjusted,higher_spi,higher_spi_home_field_adjusted,55.6628487391671,30.356967624016452,74.564,25.436,79.337,20.663,0.067059,preseason_2026,spi_rankings_preseason_2026.csv,136,,False,False,ACC vs Big 12
2026,regular,1,401862694,2026-09-05T19:30:00+00:00,Charlotte,The Citadel,American Athletic,Southern,False,,,fbs,fcs,Charlotte,Charlotte,Charlotte,,,,,fbs_vs_fcs_rule,fbs_vs_fcs_rule,fbs_vs_fcs_rule,15.679603015598964,,100.0,0.0,100.0,0.0,0.067059,preseason_2026,spi_rankings_preseason_2026.csv,136,,False,False,American Athletic vs Southern
2026,regular,1,401858434,2026-09-05T19:30:00+00:00,Penn State,Marshall,Big Ten,Sun Belt,False,,,fbs,fbs,Penn State,Penn State,Penn State,,,,,higher_spi_home_field_adjusted,higher_spi,higher_spi_home_field_adjusted,61.88779963194504,37.70800475537429,73.646,26.354,78.541,21.459,0.067059,preseason_2026,spi_rankings_preseason_2026.csv,136,,False,False,Big Ten vs Sun Belt
2026,regular,1,401864499,2026-09-05T19:30:00+00:00,North Dakota State,Fordham,Mountain West,Patriot,False,,,fbs,fcs,North Dakota State,North Dakota State,North Dakota State,,,,,fbs_vs_fcs_rule,fbs_vs_fcs_rule,fbs_vs_fcs_rule,,,100.0,0.0,100.0,0.0,0.067059,preseason_2026,spi_rankings_preseason_2026.csv,136,,False,False,Mountain West vs Patriot
2026,regular,1,401858209,2026-09-05T19:30:00+00:00,Duke,Tulane,ACC,American Athletic,False,,,fbs,fbs,Duke,Tulane,Duke,,,,,higher_spi_home_field_adjusted,higher_spi,higher_spi_home_field_adjusted,63.05393062151976,65.60687847574107,47.29,52.71,54.025,45.975,0.067059,preseason_2026,spi_rankings_preseason_2026.csv,136,,False,False,ACC vs American Athletic
2026,regular,1,401862700,2026-09-05T19:30:00+00:00,UTSA,UT Rio Grande Valley,American Athletic,Southland,False,,,fbs,fcs,UTSA,UTSA,UTSA,,,,,fbs_vs_fcs_rule,fbs_vs_fcs_rule,fbs_vs_fcs_rule,50.75700914526365,,100.0,0.0,100.0,0.0,0.067059,preseason_2026,spi_rankings_preseason_2026.csv,136,,False,False,American Athletic vs Southland
2026,regular,1,401866627,2026-09-05T19:30:00+00:00,App State,Maine,Sun Belt,Coastal Athletic,False,,,fbs,fcs,App State,App State,App State,,,,,fbs_vs_fcs_rule,fbs_vs_fcs_rule,fbs_vs_fcs_rule,31.03599031883539,,100.0,0.0,100.0,0.0,0.067059,preseason_2026,spi_rankings_preseason_2026.csv,136,,False,False,Coastal Athletic vs Sun Belt
2026,regular,1,401856667,2026-09-05T19:30:00+00:00,Texas,Texas State,SEC,Pac-12,False,,,fbs,fbs,Texas,Texas,Texas,,,,,higher_spi_home_field_adjusted,higher_spi,higher_spi_home_field_adjusted,69.77955646406483,48.88992568241906,70.844,29.156,76.091,23.909,0.067059,preseason_2026,spi_rankings_preseason_2026.csv,136,,False,False,Pac-12 vs SEC
2026,regular,1,401856636,2026-09-05T19:30:00+00:00,Auburn,Baylor,SEC,Big 12,False,,,fbs,fbs,Auburn,Auburn,Auburn,,,,,higher_spi_home_field_adjusted,higher_spi,higher_spi_home_field_adjusted,48.64871395120542,46.1270150888027,52.677,47.323,52.677,47.323,0.067059,preseason_2026,spi_rankings_preseason_2026.csv,136,Aflac Kickoff,False,False,Big 12 vs SEC
2026,regular,1,401858433,2026-09-05T19:30:00+00:00,Oregon,Boise State,Big Ten,Pac-12,False,,,fbs,fbs,Oregon,Oregon,Oregon,,,,,higher_spi_home_field_adjusted,higher_spi,higher_spi_home_field_adjusted,85.98699967204186,56.844424952284015,77.531,22.469,81.883,18.117,0.067059,preseason_2026,spi_rankings_preseason_2026.csv,136,,False,False,Big Ten vs Pac-12
2026,regular,1,401856772,2026-09-05T19:45:00+00:00,Tulsa,Oklahoma State,American Athletic,Big 12,False,,,fbs,fbs,Tulsa,Tulsa,Tulsa,,,,,higher_spi_home_field_adjusted,higher_spi,higher_spi_home_field_adjusted,33.77955310136101,19.350638062414177,64.868,35.132,70.746,29.254,0.067059,preseason_2026,spi_rankings_preseason_2026.csv,136,,False,False,American Athletic vs Big 12
2026,regular,1,401858426,2026-09-05T20:15:00+00:00,Iowa,Northern Illinois,Big Ten,Mountain West,False,,,fbs,fbs,Iowa,Iowa,Iowa,,,,,higher_spi_home_field_adjusted,higher_spi,higher_spi_home_field_adjusted,67.8320546772824,21.69915317221182,87.66,12.34,90.296,9.704,0.067059,preseason_2026,spi_rankings_preseason_2026.csv,136,,False,False,Big Ten vs Mountain West
2026,regular,1,401856635,2026-09-05T20:15:00+00:00,Arkansas,North Alabama,SEC,UAC,False,,,fbs,fcs,Arkansas,Arkansas,Arkansas,,,,,fbs_vs_fcs_rule,fbs_vs_fcs_rule,fbs_vs_fcs_rule,36.87640666293411,,100.0,0.0,100.0,0.0,0.067059,preseason_2026,spi_rankings_preseason_2026.csv,136,,False,False,SEC vs UAC
2026,regular,1,401868356,2026-09-05T21:00:00+00:00,Southern Miss,Alcorn State,Sun Belt,SWAC,False,,,fbs,fcs,Southern Miss,Southern Miss,Southern Miss,,,,,fbs_vs_fcs_rule,fbs_vs_fcs_rule,fbs_vs_fcs_rule,41.292437275258656,,100.0,0.0,100.0,0.0,0.067059,preseason_2026,spi_rankings_preseason_2026.csv,136,,False,False,SWAC vs Sun Belt
2026,regular,1,401867973,2026-09-05T22:00:00+00:00,Old Dominion,Norfolk State,Sun Belt,MEAC,False,,,fbs,fcs,Old Dominion,Old Dominion,Old Dominion,,,,,fbs_vs_fcs_rule,fbs_vs_fcs_rule,fbs_vs_fcs_rule,64.41484114656049,,100.0,0.0,100.0,0.0,0.067059,preseason_2026,spi_rankings_preseason_2026.csv,136,,False,False,MEAC vs Sun Belt
2026,regular,1,401860878,2026-09-05T22:00:00+00:00,Colorado State,Wyoming,Pac-12,Mountain West,False,,,fbs,fbs,Colorado State,Wyoming,Colorado State,,,,,higher_spi_home_field_adjusted,higher_spi,higher_spi_home_field_adjusted,26.588436394624736,32.12145460835609,44.148,55.852,50.868,49.132,0.067059,preseason_2026,spi_rankings_preseason_2026.csv,136,,False,False,Mountain West vs Pac-12
2026,regular,1,401862695,2026-09-05T23:00:00+00:00,Memphis,Arkansas State,American Athletic,Sun Belt,False,,,fbs,fbs,Memphis,Memphis,Memphis,,,,,higher_spi_home_field_adjusted,higher_spi,higher_spi_home_field_adjusted,54.095894750063614,36.96680062755114,67.436,32.564,73.064,26.936,0.067059,preseason_2026,spi_rankings_preseason_2026.csv,136,,False,False,American Athletic vs Sun Belt
2026,regular,1,401860880,2026-09-05T23:00:00+00:00,Utah State,Idaho State,Pac-12,Big Sky,False,,,fbs,fcs,Utah State,Utah State,Utah State,,,,,fbs_vs_fcs_rule,fbs_vs_fcs_rule,fbs_vs_fcs_rule,46.11517401571138,,100.0,0.0,100.0,0.0,0.067059,preseason_2026,spi_rankings_preseason_2026.csv,136,,False,False,Big Sky vs Pac-12
2026,regular,1,401867866,2026-09-05T23:00:00+00:00,Middle Tennessee,Murray State,Conference USA,MVFC,False,,,fbs,fcs,Middle Tennessee,Middle Tennessee,Middle Tennessee,,,,,fbs_vs_fcs_rule,fbs_vs_fcs_rule,fbs_vs_fcs_rule,25.935677165051057,,100.0,0.0,100.0,0.0,0.067059,preseason_2026,spi_rankings_preseason_2026.csv,136,,False,False,Conference USA vs MVFC
2026,regular,1,401856669,2026-09-05T23:00:00+00:00,Vanderbilt,Austin Peay,SEC,UAC,False,,,fbs,fcs,Vanderbilt,Vanderbilt,Vanderbilt,,,,,fbs_vs_fcs_rule,fbs_vs_fcs_rule,fbs_vs_fcs_rule,72.64678964726453,,100.0,0.0,100.0,0.0,0.067059,preseason_2026,spi_rankings_preseason_2026.csv,136,,False,False,SEC vs UAC
2026,regular,1,401856668,2026-09-05T23:00:00+00:00,Texas A&M,Missouri State,SEC,Conference USA,False,,,fbs,fbs,Texas A&M,Texas A&M,Texas A&M,,,,,higher_spi_home_field_adjusted,higher_spi,higher_spi_home_field_adjusted,72.4054629070378,44.7268146401007,76.429,23.571,80.941,19.059,0.067059,preseason_2026,spi_rankings_preseason_2026.csv,136,,False,False,Conference USA vs SEC
2026,regular,1,401862699,2026-09-05T23:00:00+00:00,South Florida,Florida International,American Athletic,Conference USA,False,,,fbs,fbs,South Florida,South Florida,South Florida,,,,,higher_spi_home_field_adjusted,higher_spi,higher_spi_home_field_adjusted,64.0384391137842,42.29445778135238,71.588,28.412,76.745,23.255,0.067059,preseason_2026,spi_rankings_preseason_2026.csv,136,,False,False,American Athletic vs Conference USA
2026,regular,1,401868316,2026-09-05T23:00:00+00:00,South Alabama,SE Louisiana,Sun Belt,Southland,False,,,fbs,fcs,South Alabama,South Alabama,South Alabama,,,,,fbs_vs_fcs_rule,fbs_vs_fcs_rule,fbs_vs_fcs_rule,36.30045475956572,,100.0,0.0,100.0,0.0,0.067059,preseason_2026,spi_rankings_preseason_2026.csv,136,,False,False,Southland vs Sun Belt
2026,regular,1,401862697,2026-09-05T23:00:00+00:00,Rice,Houston Christian,American Athletic,Southland,False,,,fbs,fcs,Rice,Rice,Rice,,,,,fbs_vs_fcs_rule,fbs_vs_fcs_rule,fbs_vs_fcs_rule,32.35687646311618,,100.0,0.0,100.0,0.0,0.067059,preseason_2026,spi_rankings_preseason_2026.csv,136,,False,False,American Athletic vs Southland
2026,regular,1,401868170,2026-09-05T23:00:00+00:00,Georgia Southern,Charleston Southern,Sun Belt,OVC,False,,,fbs,fcs,Georgia Southern,Georgia Southern,Georgia Southern,,,,,fbs_vs_fcs_rule,fbs_vs_fcs_rule,fbs_vs_fcs_rule,43.58002024141765,,100.0,0.0,100.0,0.0,0.067059,preseason_2026,spi_rankings_preseason_2026.csv,136,,False,False,OVC vs Sun Belt
2026,regular,1,401870763,2026-09-05T23:00:00+00:00,Troy,Sam Houston,Sun Belt,Conference USA,False,,,fbs,fbs,Troy,Troy,Troy,,,,,higher_spi_home_field_adjusted,higher_spi,higher_spi_home_field_adjusted,43.3034999619687,14.484956137666089,77.291,22.709,81.678,18.322,0.067059,preseason_2026,spi_rankings_preseason_2026.csv,136,,False,False,Conference USA vs Sun Belt
2026,regular,1,401856771,2026-09-05T23:00:00+00:00,Kansas State,Nicholls,Big 12,Southland,False,,,fbs,fcs,Kansas State,Kansas State,Kansas State,,,,,fbs_vs_fcs_rule,fbs_vs_fcs_rule,fbs_vs_fcs_rule,51.032439334524696,,100.0,0.0,100.0,0.0,0.067059,preseason_2026,spi_rankings_preseason_2026.csv,136,,False,False,Big 12 vs Southland
2026,regular,1,401868140,2026-09-05T23:00:00+00:00,Jacksonville State,Eastern Kentucky,Conference USA,UAC,False,,,fbs,fcs,Jacksonville State,Jacksonville State,Jacksonville State,,,,,fbs_vs_fcs_rule,fbs_vs_fcs_rule,fbs_vs_fcs_rule,44.69313287136374,,100.0,0.0,100.0,0.0,0.067059,preseason_2026,spi_rankings_preseason_2026.csv,136,,False,False,Conference USA vs UAC
2026,regular,1,401856770,2026-09-05T23:00:00+00:00,Texas Tech,Abilene Christian,Big 12,UAC,False,,,fbs,fcs,Texas Tech,Texas Tech,Texas Tech,,,,,fbs_vs_fcs_rule,fbs_vs_fcs_rule,fbs_vs_fcs_rule,84.04794204268366,,100.0,0.0,100.0,0.0,0.067059,preseason_2026,spi_rankings_preseason_2026.csv,136,,False,False,Big 12 vs UAC
2026,regular,1,401856660,2026-09-05T23:30:00+00:00,LSU,Clemson,SEC,ACC,False,,,fbs,fbs,LSU,LSU,LSU,,,,,higher_spi_home_field_adjusted,higher_spi,higher_spi_home_field_adjusted,53.28492239690803,51.31539767782347,52.091,47.909,58.748,41.252,0.067059,preseason_2026,spi_rankings_preseason_2026.csv,136,,False,False,ACC vs SEC
2026,regular,1,401858428,2026-09-05T23:30:00+00:00,Michigan,Western Michigan,Big Ten,Mid-American,False,,,fbs,fbs,Michigan,Michigan,Michigan,,,,,higher_spi_home_field_adjusted,higher_spi,higher_spi_home_field_adjusted,66.03072492246395,50.70366266419054,65.733,34.267,71.53,28.47,0.067059,preseason_2026,spi_rankings_preseason_2026.csv,136,,False,False,Big Ten vs Mid-American
2026,regular,1,401858211,2026-09-05T23:30:00+00:00,Virginia Tech,VMI,ACC,Southern,False,,,fbs,fcs,Virginia Tech,Virginia Tech,Virginia Tech,,,,,fbs_vs_fcs_rule,fbs_vs_fcs_rule,fbs_vs_fcs_rule,33.81629649124546,,100.0,0.0,100.0,0.0,0.067059,preseason_2026,spi_rankings_preseason_2026.csv,136,,False,False,ACC vs Southern
2026,regular,1,401856662,2026-09-05T23:30:00+00:00,Mississippi State,UL Monroe,SEC,Sun Belt,False,,,fbs,fbs,Mississippi State,Mississippi State,Mississippi State,,,,,higher_spi_home_field_adjusted,higher_spi,higher_spi_home_field_adjusted,48.860528648712766,28.282781398262458,70.569,29.431,75.849,24.151,0.067059,preseason_2026,spi_rankings_preseason_2026.csv,136,,False,False,SEC vs Sun Belt
2026,regular,1,401869129,2026-09-05T23:30:00+00:00,Louisiana Tech,Northwestern State,Sun Belt,Southland,False,,,fbs,fcs,Louisiana Tech,Louisiana Tech,Louisiana Tech,,,,,fbs_vs_fcs_rule,fbs_vs_fcs_rule,fbs_vs_fcs_rule,44.616459541316786,,100.0,0.0,100.0,0.0,0.067059,preseason_2026,spi_rankings_preseason_2026.csv,136,,False,False,Southland vs Sun Belt
2026,regular,1,401856637,2026-09-05T23:45:00+00:00,Florida,Florida Atlantic,SEC,American Athletic,False,,,fbs,fbs,Florida,Florida,Florida,,,,,higher_spi_home_field_adjusted,higher_spi,higher_spi_home_field_adjusted,43.562916877840394,33.47466386985975,60.558,39.442,66.788,33.212,0.067059,preseason_2026,spi_rankings_preseason_2026.csv,136,,False,False,American Athletic vs SEC
2026,regular,1,401856775,2026-09-06T00:00:00+00:00,BYU,Utah Tech,Big 12,Big Sky,False,,,fbs,fcs,BYU,BYU,BYU,,,,,fbs_vs_fcs_rule,fbs_vs_fcs_rule,fbs_vs_fcs_rule,74.20368829645034,,100.0,0.0,100.0,0.0,0.067059,preseason_2026,spi_rankings_preseason_2026.csv,136,,False,False,Big 12 vs Big Sky
2026,regular,1,401869142,2026-09-06T00:00:00+00:00,Louisiana,Lamar,Sun Belt,Southland,False,,,fbs,fcs,Louisiana,Louisiana,Louisiana,,,,,fbs_vs_fcs_rule,fbs_vs_fcs_rule,fbs_vs_fcs_rule,36.56055836037465,,100.0,0.0,100.0,0.0,0.067059,preseason_2026,spi_rankings_preseason_2026.csv,136,,False,False,Southland vs Sun Belt
2026,regular,1,401858431,2026-09-06T00:00:00+00:00,Northwestern,South Dakota State,Big Ten,MVFC,False,,,fbs,fcs,Northwestern,Northwestern,Northwestern,,,,,fbs_vs_fcs_rule,fbs_vs_fcs_rule,fbs_vs_fcs_rule,54.664274190964846,,100.0,0.0,100.0,0.0,0.067059,preseason_2026,spi_rankings_preseason_2026.csv,136,,False,False,Big Ten vs MVFC
2026,regular,1,401858427,2026-09-06T00:00:00+00:00,Maryland,Hampton,Big Ten,Coastal Athletic,False,,,fbs,fcs,Maryland,Maryland,Maryland,,,,,fbs_vs_fcs_rule,fbs_vs_fcs_rule,fbs_vs_fcs_rule,36.43389579740814,,100.0,0.0,100.0,0.0,0.067059,preseason_2026,spi_rankings_preseason_2026.csv,136,,False,False,Big Ten vs Coastal Athletic
2026,regular,1,401870790,2026-09-06T01:00:00+00:00,New Mexico State,Mercyhurst,Conference USA,NEC,False,,,fbs,fcs,New Mexico State,New Mexico State,New Mexico State,,,,,fbs_vs_fcs_rule,fbs_vs_fcs_rule,fbs_vs_fcs_rule,26.12941189303164,,100.0,0.0,100.0,0.0,0.067059,preseason_2026,spi_rankings_preseason_2026.csv,136,,False,False,Conference USA vs NEC
2026,regular,1,401860879,2026-09-06T01:30:00+00:00,San Diego State,Portland State,Pac-12,Big Sky,False,,,fbs,fcs,San Diego State,San Diego State,San Diego State,,,,,fbs_vs_fcs_rule,fbs_vs_fcs_rule,fbs_vs_fcs_rule,53.45407348929518,,100.0,0.0,100.0,0.0,0.067059,preseason_2026,spi_rankings_preseason_2026.csv,136,,False,False,Big Sky vs Pac-12
2026,regular,1,401856773,2026-09-06T01:30:00+00:00,Arizona,Northern Arizona,Big 12,Big Sky,False,,,fbs,fcs,Arizona,Arizona,Arizona,,,,,fbs_vs_fcs_rule,fbs_vs_fcs_rule,fbs_vs_fcs_rule,65.69302834002899,,100.0,0.0,100.0,0.0,0.067059,preseason_2026,spi_rankings_preseason_2026.csv,136,,False,False,Big 12 vs Big Sky
2026,regular,1,401864497,2026-09-06T02:00:00+00:00,Hawai'i,UNLV,Mountain West,Mountain West,True,,,fbs,fbs,Hawai'i,UNLV,Hawai'i,,,,,higher_spi_home_field_adjusted,higher_spi,higher_spi_home_field_adjusted,51.33097583679728,54.64615499325283,46.483,53.517,53.22,46.78,0.067059,preseason_2026,spi_rankings_preseason_2026.csv,136,,False,False,Mountain West vs Mountain West
2026,regular,1,401864498,2026-09-06T02:00:00+00:00,New Mexico,Central Michigan,Mountain West,Mid-American,False,,,fbs,fbs,New Mexico,New Mexico,New Mexico,,,,,higher_spi_home_field_adjusted,higher_spi,higher_spi_home_field_adjusted,55.31021797579682,39.43320601762919,66.257,33.743,72.003,27.997,0.067059,preseason_2026,spi_rankings_preseason_2026.csv,136,,False,False,Mid-American vs Mountain West
2026,regular,1,401866411,2026-09-06T02:00:00+00:00,Sacramento State,Mississippi Valley State,Mid-American,SWAC,False,,,fbs,fcs,Sacramento State,Sacramento State,Sacramento State,,,,,fbs_vs_fcs_rule,fbs_vs_fcs_rule,fbs_vs_fcs_rule,,,100.0,0.0,100.0,0.0,0.067059,preseason_2026,spi_rankings_preseason_2026.csv,136,,False,False,Mid-American vs SWAC
2026,regular,1,401856774,2026-09-06T02:00:00+00:00,Arizona State,Morgan State,Big 12,MEAC,False,,,fbs,fcs,Arizona State,Arizona State,Arizona State,,,,,fbs_vs_fcs_rule,fbs_vs_fcs_rule,fbs_vs_fcs_rule,55.328458471350075,,100.0,0.0,100.0,0.0,0.067059,preseason_2026,spi_rankings_preseason_2026.csv,136,,False,False,Big 12 vs MEAC
2026,regular,1,401864432,2026-09-06T02:30:00+00:00,Nevada,Western Kentucky,Mountain West,Conference USA,False,,,fbs,fbs,Western Kentucky,Western Kentucky,Western Kentucky,,,,,higher_spi_home_field_adjusted,higher_spi,higher_spi_home_field_adjusted,22.46968595887032,51.76852111202271,22.353,77.647,27.382,72.618,0.067059,preseason_2026,spi_rankings_preseason_2026.csv,136,,False,False,Conference USA vs Mountain West
2026,regular,1,401858210,2026-09-06T02:30:00+00:00,California,UCLA,ACC,Big Ten,False,,,fbs,fbs,California,California,California,,,,,higher_spi_home_field_adjusted,higher_spi,higher_spi_home_field_adjusted,49.33554828349477,34.78429471953504,64.986,35.014,70.854,29.146,0.067059,preseason_2026,spi_rankings_preseason_2026.csv,136,,False,False,ACC vs Big Ten
2026,regular,1,401858437,2026-09-06T20:00:00+00:00,Washington,Washington State,Big Ten,Pac-12,False,,,fbs,fbs,Washington,Washington,Washington,,,,,higher_spi_home_field_adjusted,higher_spi,higher_spi_home_field_adjusted,69.28295267091242,50.39210587637901,69.059,30.941,74.511,25.489,0.067059,preseason_2026,spi_rankings_preseason_2026.csv,136,,False,False,Big Ten vs Pac-12
2026,regular,1,401856661,2026-09-06T23:30:00+00:00,Ole Miss,Louisville,SEC,ACC,False,,,fbs,fbs,Ole Miss,Ole Miss,Ole Miss,,,,,higher_spi_home_field_adjusted,higher_spi,higher_spi_home_field_adjusted,77.3501436748318,59.763361084524256,67.862,32.138,67.862,32.138,0.067059,preseason_2026,spi_rankings_preseason_2026.csv,136,Liberty Mutual Music City Kickoff,False,False,ACC vs SEC
2026,regular,1,401858438,2026-09-06T23:30:00+00:00,Notre Dame,Wisconsin,FBS Independents,Big Ten,False,,,fbs,fbs,Notre Dame,Notre Dame,Notre Dame,,,,,higher_spi_home_field_adjusted,higher_spi,higher_spi_home_field_adjusted,79.40868985665563,48.11301470274047,79.085,20.915,79.085,20.915,0.067059,preseason_2026,spi_rankings_preseason_2026.csv,136,,False,False,Big Ten vs FBS Independents
2026,regular,1,401858212,2026-09-07T23:30:00+00:00,Florida State,SMU,ACC,ACC,True,,,fbs,fbs,SMU,SMU,SMU,,,,,higher_spi_home_field_adjusted,higher_spi,higher_spi_home_field_adjusted,55.1291467270885,63.72564498222339,40.966,59.034,47.615,52.385,0.067059,preseason_2026,spi_rankings_preseason_2026.csv,136,,False,False,ACC vs ACC
2026,regular,2,401858213,2026-09-11 00:00:00+00:00,Miami,Florida A&M,ACC,SWAC,False,,,fbs,fcs,Miami,Miami,Miami,,,,,fbs_vs_fcs_rule,fbs_vs_fcs_rule,fbs_vs_fcs_rule,81.4436769913458,,100.0,0.0,100.0,0.0,0.067059,preseason_2026,spi_rankings_preseason_2026.csv,136,,False,False,ACC vs SWAC
2026,regular,2,401858222,2026-09-11 23:00:00+00:00,NC State,Richmond,ACC,Patriot,False,,,fbs,fcs,NC State,NC State,NC State,,,,,fbs_vs_fcs_rule,fbs_vs_fcs_rule,fbs_vs_fcs_rule,61.00491592325077,,100.0,0.0,100.0,0.0,0.067059,preseason_2026,spi_rankings_preseason_2026.csv,136,,False,False,ACC vs Patriot
2026,regular,2,401858215,2026-09-11 23:00:00+00:00,Louisville,Villanova,ACC,Patriot,False,,,fbs,fcs,Louisville,Louisville,Louisville,,,,,fbs_vs_fcs_rule,fbs_vs_fcs_rule,fbs_vs_fcs_rule,59.763361084524256,,100.0,0.0,100.0,0.0,0.067059,preseason_2026,spi_rankings_preseason_2026.csv,136,,False,False,ACC vs Patriot
2026,regular,2,401858220,2026-09-11 23:00:00+00:00,Virginia,Norfolk State,ACC,MEAC,False,,,fbs,fcs,Virginia,Virginia,Virginia,,,,,fbs_vs_fcs_rule,fbs_vs_fcs_rule,fbs_vs_fcs_rule,65.518663732325,,100.0,0.0,100.0,0.0,0.067059,preseason_2026,spi_rankings_preseason_2026.csv,136,,False,False,ACC vs MEAC
2026,regular,2,401858214,2026-09-11 23:30:00+00:00,Boston College,Rutgers,ACC,Big Ten,False,,,fbs,fbs,Rutgers,Rutgers,Rutgers,,,,,higher_spi_home_field_adjusted,higher_spi,higher_spi_home_field_adjusted,30.356967624016452,47.5547734274298,32.5,67.5,38.674,61.326,0.067059,preseason_2026,spi_rankings_preseason_2026.csv,136,,False,False,ACC vs Big Ten
2026,regular,2,401856678,2026-09-12 00:00:00+00:00,Kansas,Missouri,Big 12,SEC,False,,,fbs,fbs,Missouri,Missouri,Missouri,,,,,higher_spi_home_field_adjusted,higher_spi,higher_spi_home_field_adjusted,47.51301066199033,60.022559444325715,37.013,62.987,43.492,56.508,0.067059,preseason_2026,spi_rankings_preseason_2026.csv,136,,False,False,Big 12 vs SEC
2026,regular,2,401858439,2026-09-12 16:00:00+00:00,Indiana,Howard,Big Ten,MEAC,False,,,fbs,fcs,Indiana,Indiana,Indiana,,,,,fbs_vs_fcs_rule,fbs_vs_fcs_rule,fbs_vs_fcs_rule,100.0,,100.0,0.0,100.0,0.0,0.067059,preseason_2026,spi_rankings_preseason_2026.csv,136,,False,False,Big Ten vs MEAC
2026,regular,2,401858224,2026-09-12 16:00:00+00:00,Purdue,Wake Forest,Big Ten,ACC,False,,,fbs,fbs,Wake Forest,Wake Forest,Wake Forest,,,,,higher_spi_home_field_adjusted,higher_spi,higher_spi_home_field_adjusted,35.60243749521463,56.975284138942186,28.734,71.266,34.559,65.441,0.067059,preseason_2026,spi_rankings_preseason_2026.csv,136,,False,False,ACC vs Big Ten
2026,regular,2,401862702,2026-09-12 16:00:00+00:00,Army,South Florida,American Athletic,American Athletic,True,,,fbs,fbs,South Florida,South Florida,South Florida,,,,,higher_spi_home_field_adjusted,higher_spi,higher_spi_home_field_adjusted,47.30742337069569,64.0384391137842,32.936,67.064,39.145,60.855,0.067059,preseason_2026,spi_rankings_preseason_2026.csv,136,,False,False,American Athletic vs American Athletic
2026,regular,2,401856679,2026-09-12 16:00:00+00:00,Michigan,Oklahoma,Big Ten,SEC,False,,,fbs,fbs,Michigan,Oklahoma,Michigan,,,,,higher_spi_home_field_adjusted,higher_spi,higher_spi_home_field_adjusted,66.03072492246395,69.44209698059642,46.382,53.618,53.118,46.882,0.067059,preseason_2026,spi_rankings_preseason_2026.csv,136,,False,False,Big Ten vs SEC
2026,regular,2,401858218,2026-09-12 16:00:00+00:00,North Carolina,East Tennessee State,ACC,Southern,False,,,fbs,fcs,North Carolina,North Carolina,North Carolina,,,,,fbs_vs_fcs_rule,fbs_vs_fcs_rule,fbs_vs_fcs_rule,35.25991390713516,,100.0,0.0,100.0,0.0,0.067059,preseason_2026,spi_rankings_preseason_2026.csv,136,,False,False,ACC vs Southern
2026,regular,2,401856782,2026-09-12 16:00:00+00:00,Oklahoma State,Oregon,Big 12,Big Ten,False,,,fbs,fbs,Oregon,Oregon,Oregon,,,,,higher_spi_home_field_adjusted,higher_spi,higher_spi_home_field_adjusted,19.350638062414177,85.98699967204186,5.562,94.438,7.161,92.839,0.067059,preseason_2026,spi_rankings_preseason_2026.csv,136,,False,False,Big 12 vs Big Ten
2026,regular,2,401858442,2026-09-12 16:00:00+00:00,Temple,Penn State,American Athletic,Big Ten,False,,,fbs,fbs,Penn State,Penn State,Penn State,,,,,higher_spi_home_field_adjusted,higher_spi,higher_spi_home_field_adjusted,43.307088479567234,61.88779963194504,31.224,68.776,37.289,62.711,0.067059,preseason_2026,spi_rankings_preseason_2026.csv,136,,False,False,American Athletic vs Big Ten
2026,regular,2,401856683,2026-09-12 16:00:00+00:00,Texas A&M,Arizona State,SEC,Big 12,False,,,fbs,fbs,Texas A&M,Texas A&M,Texas A&M,,,,,higher_spi_home_field_adjusted,higher_spi,higher_spi_home_field_adjusted,72.4054629070378,55.328458471350075,67.388,32.612,73.02,26.98,0.067059,preseason_2026,spi_rankings_preseason_2026.csv,136,,False,False,Big 12 vs SEC
2026,regular,2,401856781,2026-09-12 16:00:00+00:00,Kansas State,Washington State,Big 12,Pac-12,False,,,fbs,fbs,Kansas State,Kansas State,Kansas State,,,,,higher_spi_home_field_adjusted,higher_spi,higher_spi_home_field_adjusted,51.032439334524696,50.39210587637901,50.68,49.32,57.373,42.627,0.067059,preseason_2026,spi_rankings_preseason_2026.csv,136,,False,False,Big 12 vs Pac-12
2026,regular,2,401858221,2026-09-12 16:00:00+00:00,Virginia Tech,Old Dominion,ACC,Sun Belt,False,,,fbs,fbs,Old Dominion,Old Dominion,Old Dominion,,,,,higher_spi_home_field_adjusted,higher_spi,higher_spi_home_field_adjusted,33.81629649124546,64.41484114656049,21.409,78.591,26.297,73.703,0.067059,preseason_2026,spi_rankings_preseason_2026.csv,136,,False,False,ACC vs Sun Belt
2026,regular,2,401864571,2026-09-12 16:00:00+00:00,East Carolina,App State,American Athletic,Sun Belt,False,,,fbs,fbs,East Carolina,East Carolina,East Carolina,,,,,higher_spi_home_field_adjusted,higher_spi,higher_spi_home_field_adjusted,63.94920900693176,31.03599031883539,80.2,19.8,84.14,15.86,0.067059,preseason_2026,spi_rankings_preseason_2026.csv,136,,False,False,American Athletic vs Sun Belt
2026,regular,2,401866416,2026-09-12 16:00:00+00:00,Kent State,Wofford,Mid-American,Southern,False,,,fbs,fcs,Kent State,Kent State,Kent State,,,,,fbs_vs_fcs_rule,fbs_vs_fcs_rule,fbs_vs_fcs_rule,29.290788074506256,,100.0,0.0,100.0,0.0,0.067059,preseason_2026,spi_rankings_preseason_2026.csv,136,,False,False,Mid-American vs Southern
2026,regular,2,401856673,2026-09-12 16:45:00+00:00,Georgia,Western Kentucky,SEC,Conference USA,False,,,fbs,fbs,Georgia,Georgia,Georgia,,,,,higher_spi_home_field_adjusted,higher_spi,higher_spi_home_field_adjusted,80.61484229722396,51.76852111202271,77.311,22.689,81.695,18.305,0.067059,preseason_2026,spi_rankings_preseason_2026.csv,136,,False,False,Conference USA vs SEC
2026,regular,2,401866415,2026-09-12 17:00:00+00:00,Central Michigan,Colgate,Mid-American,Patriot,False,,,fbs,fcs,Central Michigan,Central Michigan,Central Michigan,,,,,fbs_vs_fcs_rule,fbs_vs_fcs_rule,fbs_vs_fcs_rule,39.43320601762919,,100.0,0.0,100.0,0.0,0.067059,preseason_2026,spi_rankings_preseason_2026.csv,136,,False,False,Mid-American vs Patriot
2026,regular,2,401866417,2026-09-12 17:00:00+00:00,Miami (OH),Holy Cross,Mid-American,Patriot,False,,,fbs,fcs,Miami (OH),Miami (OH),Miami (OH),,,,,fbs_vs_fcs_rule,fbs_vs_fcs_rule,fbs_vs_fcs_rule,33.71178751136635,,100.0,0.0,100.0,0.0,0.067059,preseason_2026,spi_rankings_preseason_2026.csv,136,,False,False,Mid-American vs Patriot
2026,regular,2,401856791,2026-09-12 17:00:00+00:00,West Virginia,UT Martin,Big 12,OVC,False,,,fbs,fcs,West Virginia,West Virginia,West Virginia,,,,,fbs_vs_fcs_rule,fbs_vs_fcs_rule,fbs_vs_fcs_rule,41.00086530063937,,100.0,0.0,100.0,0.0,0.067059,preseason_2026,spi_rankings_preseason_2026.csv,136,,False,False,Big 12 vs OVC
2026,regular,2,401866413,2026-09-12 18:00:00+00:00,Ball State,Stony Brook,Mid-American,Coastal Athletic,False,,,fbs,fcs,Ball State,Ball State,Ball State,,,,,fbs_vs_fcs_rule,fbs_vs_fcs_rule,fbs_vs_fcs_rule,21.131504365775346,,100.0,0.0,100.0,0.0,0.067059,preseason_2026,spi_rankings_preseason_2026.csv,136,,False,False,Coastal Athletic vs Mid-American
2026,regular,2,401856677,2026-09-12 19:30:00+00:00,Minnesota,Mississippi State,Big Ten,SEC,False,,,fbs,fbs,Minnesota,Minnesota,Minnesota,,,,,higher_spi_home_field_adjusted,higher_spi,higher_spi_home_field_adjusted,54.76296165411433,48.860528648712766,56.239,43.761,62.732,37.268,0.067059,preseason_2026,spi_rankings_preseason_2026.csv,136,,False,False,Big Ten vs SEC
2026,regular,2,401858444,2026-09-12 19:30:00+00:00,UConn,Maryland,FBS Independents,Big Ten,False,,,fbs,fbs,UConn,UConn,UConn,,,,,higher_spi_home_field_adjusted,higher_spi,higher_spi_home_field_adjusted,55.02961235400574,36.43389579740814,68.79,31.21,74.272,25.728,0.067059,preseason_2026,spi_rankings_preseason_2026.csv,136,,False,False,Big Ten vs FBS Independents
2026,regular,2,401856790,2026-09-12 19:30:00+00:00,Pittsburgh,UCF,ACC,Big 12,False,,,fbs,fbs,Pittsburgh,Pittsburgh,Pittsburgh,,,,,higher_spi_home_field_adjusted,higher_spi,higher_spi_home_field_adjusted,53.46489362057027,42.64080749222179,61.302,38.698,67.478,32.522,0.067059,preseason_2026,spi_rankings_preseason_2026.csv,136,,False,False,ACC vs Big 12
2026,regular,2,401856810,2026-09-12 19:30:00+00:00,BYU,Arizona,Big 12,Big 12,True,,,fbs,fbs,BYU,BYU,BYU,,,,,higher_spi_home_field_adjusted,higher_spi,higher_spi_home_field_adjusted,74.20368829645034,65.69302834002899,58.945,41.055,65.284,34.716,0.067059,preseason_2026,spi_rankings_preseason_2026.csv,136,,False,False,Big 12 vs Big 12
2026,regular,2,401858216,2026-09-12 19:30:00+00:00,Syracuse,California,ACC,ACC,True,,,fbs,fbs,California,California,California,,,,,higher_spi_home_field_adjusted,higher_spi,higher_spi_home_field_adjusted,33.87711504204498,49.33554828349477,34.142,65.858,40.441,59.559,0.067059,preseason_2026,spi_rankings_preseason_2026.csv,136,,False,False,ACC vs ACC
2026,regular,2,401862708,2026-09-12 19:30:00+00:00,UAB,UL Monroe,American Athletic,Sun Belt,False,,,fbs,fbs,UAB,UAB,UAB,,,,,higher_spi_home_field_adjusted,higher_spi,higher_spi_home_field_adjusted,33.88852101736378,28.282781398262458,55.928,44.072,62.436,37.564,0.067059,preseason_2026,spi_rankings_preseason_2026.csv,136,,False,False,American Athletic vs Sun Belt
2026,regular,2,401856785,2026-09-12 19:30:00+00:00,Colorado,Weber State,Big 12,Big Sky,False,,,fbs,fcs,Colorado,Colorado,Colorado,,,,,fbs_vs_fcs_rule,fbs_vs_fcs_rule,fbs_vs_fcs_rule,52.5187827953132,,100.0,0.0,100.0,0.0,0.067059,preseason_2026,spi_rankings_preseason_2026.csv,136,,False,False,Big 12 vs Big Sky
2026,regular,2,401866420,2026-09-12 19:30:00+00:00,Massachusetts,Sacred Heart,Mid-American,Coastal Athletic,False,,,fbs,fcs,Massachusetts,Massachusetts,Massachusetts,,,,,fbs_vs_fcs_rule,fbs_vs_fcs_rule,fbs_vs_fcs_rule,0.0,,100.0,0.0,100.0,0.0,0.067059,preseason_2026,spi_rankings_preseason_2026.csv,136,,False,False,Coastal Athletic vs Mid-American
2026,regular,2,401866419,2026-09-12 19:30:00+00:00,Toledo,Central Connecticut,Mid-American,NEC,False,,,fbs,fcs,Toledo,Toledo,Toledo,,,,,fbs_vs_fcs_rule,fbs_vs_fcs_rule,fbs_vs_fcs_rule,52.992506601900594,,100.0,0.0,100.0,0.0,0.067059,preseason_2026,spi_rankings_preseason_2026.csv,136,,False,False,Mid-American vs NEC
2026,regular,2,401858217,2026-09-12 19:30:00+00:00,Illinois,Duke,Big Ten,ACC,False,,,fbs,fbs,Illinois,Illinois,Illinois,,,,,higher_spi_home_field_adjusted,higher_spi,higher_spi_home_field_adjusted,64.95353582816352,63.05393062151976,52.017,47.983,58.676,41.324,0.067059,preseason_2026,spi_rankings_preseason_2026.csv,136,,False,False,ACC vs Big Ten
2026,regular,2,401860884,2026-09-12 19:30:00+00:00,Texas State,UTSA,Pac-12,American Athletic,False,,,fbs,fbs,Texas State,UTSA,Texas State,,,,,higher_spi_home_field_adjusted,higher_spi,higher_spi_home_field_adjusted,48.88992568241906,50.75700914526365,48.017,51.983,54.748,45.252,0.067059,preseason_2026,spi_rankings_preseason_2026.csv,136,,False,False,American Athletic vs Pac-12
2026,regular,2,401867929,2026-09-12 19:30:00+00:00,James Madison,Wagner,Sun Belt,NEC,False,,,fbs,fcs,James Madison,James Madison,James Madison,,,,,fbs_vs_fcs_rule,fbs_vs_fcs_rule,fbs_vs_fcs_rule,72.18940696839009,,100.0,0.0,100.0,0.0,0.067059,preseason_2026,spi_rankings_preseason_2026.csv,136,,False,False,NEC vs Sun Belt
2026,regular,2,401866412,2026-09-12 19:30:00+00:00,Akron,Robert Morris,Mid-American,NEC,False,,,fbs,fcs,Akron,Akron,Akron,,,,,fbs_vs_fcs_rule,fbs_vs_fcs_rule,fbs_vs_fcs_rule,28.927648744921203,,100.0,0.0,100.0,0.0,0.067059,preseason_2026,spi_rankings_preseason_2026.csv,136,,False,False,Mid-American vs NEC
2026,regular,2,401859184,2026-09-12 19:30:00+00:00,Notre Dame,Rice,FBS Independents,American Athletic,False,,,fbs,fbs,Notre Dame,Notre Dame,Notre Dame,,,,,higher_spi_home_field_adjusted,higher_spi,higher_spi_home_field_adjusted,79.40868985665563,32.35687646311618,88.077,11.923,90.632,9.368,0.067059,preseason_2026,spi_rankings_preseason_2026.csv,136,,False,False,American Athletic vs FBS Independents
2026,regular,2,401856674,2026-09-12 19:30:00+00:00,Kentucky,Alabama,SEC,SEC,True,,,fbs,fbs,Alabama,Alabama,Alabama,,,,,higher_spi_home_field_adjusted,higher_spi,higher_spi_home_field_adjusted,46.14040906149416,72.08922144650381,24.921,75.079,30.302,69.698,0.067059,preseason_2026,spi_rankings_preseason_2026.csv,136,,False,False,SEC vs SEC
2026,regular,2,401858446,2026-09-12 19:30:00+00:00,Washington,Utah State,Big Ten,Pac-12,False,,,fbs,fbs,Washington,Washington,Washington,,,,,higher_spi_home_field_adjusted,higher_spi,higher_spi_home_field_adjusted,69.28295267091242,46.11517401571138,72.803,27.197,77.808,22.192,0.067059,preseason_2026,spi_rankings_preseason_2026.csv,136,,False,False,Big Ten vs Pac-12
2026,regular,2,401858440,2026-09-12 19:30:00+00:00,Michigan State,Eastern Michigan,Big Ten,Mid-American,False,,,fbs,fbs,Michigan State,Michigan State,Michigan State,,,,,higher_spi_home_field_adjusted,higher_spi,higher_spi_home_field_adjusted,43.659123524226416,26.431321817561333,67.528,32.472,73.146,26.854,0.067059,preseason_2026,spi_rankings_preseason_2026.csv,136,,False,False,Big Ten vs Mid-American
2026,regular,2,401862705,2026-09-12 19:45:00+00:00,North Texas,UNLV,American Athletic,Mountain West,False,,,fbs,fbs,North Texas,North Texas,North Texas,,,,,higher_spi_home_field_adjusted,higher_spi,higher_spi_home_field_adjusted,74.47142988087174,54.64615499325283,69.901,30.099,75.258,24.742,0.067059,preseason_2026,spi_rankings_preseason_2026.csv,136,,False,False,American Athletic vs Mountain West
2026,regular,2,401868326,2026-09-12 20:00:00+00:00,Troy,Alabama State,Sun Belt,SWAC,False,,,fbs,fcs,Troy,Troy,Troy,,,,,fbs_vs_fcs_rule,fbs_vs_fcs_rule,fbs_vs_fcs_rule,43.3034999619687,,100.0,0.0,100.0,0.0,0.067059,preseason_2026,spi_rankings_preseason_2026.csv,136,,False,False,SWAC vs Sun Belt
2026,regular,2,401864506,2026-09-12 20:00:00+00:00,Wyoming,Northern Colorado,Mountain West,Big Sky,False,,,fbs,fcs,Wyoming,Wyoming,Wyoming,,,,,fbs_vs_fcs_rule,fbs_vs_fcs_rule,fbs_vs_fcs_rule,32.12145460835609,,100.0,0.0,100.0,0.0,0.067059,preseason_2026,spi_rankings_preseason_2026.csv,136,,False,False,Big Sky vs Mountain West
2026,regular,2,401858223,2026-09-12 20:00:00+00:00,SMU,UC Davis,ACC,Big Sky,False,,,fbs,fcs,SMU,SMU,SMU,,,,,fbs_vs_fcs_rule,fbs_vs_fcs_rule,fbs_vs_fcs_rule,63.72564498222339,,100.0,0.0,100.0,0.0,0.067059,preseason_2026,spi_rankings_preseason_2026.csv,136,,False,False,ACC vs Big Sky
2026,regular,2,401865252,2026-09-12 20:00:00+00:00,New Mexico,Mercyhurst,Mountain West,NEC,False,,,fbs,fcs,New Mexico,New Mexico,New Mexico,,,,,fbs_vs_fcs_rule,fbs_vs_fcs_rule,fbs_vs_fcs_rule,55.31021797579682,,100.0,0.0,100.0,0.0,0.067059,preseason_2026,spi_rankings_preseason_2026.csv,136,,False,False,Mountain West vs NEC
2026,regular,2,401856684,2026-09-12 20:15:00+00:00,Vanderbilt,Delaware,SEC,Conference USA,False,,,fbs,fbs,Vanderbilt,Vanderbilt,Vanderbilt,,,,,higher_spi_home_field_adjusted,higher_spi,higher_spi_home_field_adjusted,72.64678964726453,39.720155437367346,80.209,19.791,84.147,15.853,0.067059,preseason_2026,spi_rankings_preseason_2026.csv,136,,False,False,Conference USA vs SEC
2026,regular,2,401856672,2026-09-12 21:30:00+00:00,Florida,Campbell,SEC,Coastal Athletic,False,,,fbs,fcs,Florida,Florida,Florida,,,,,fbs_vs_fcs_rule,fbs_vs_fcs_rule,fbs_vs_fcs_rule,43.562916877840394,,100.0,0.0,100.0,0.0,0.067059,preseason_2026,spi_rankings_preseason_2026.csv,136,,False,False,Coastal Athletic vs SEC
2026,regular,2,401866414,2026-09-12 22:00:00+00:00,Florida International,Buffalo,Conference USA,Mid-American,False,,,fbs,fbs,Florida International,Florida International,Florida International,,,,,higher_spi_home_field_adjusted,higher_spi,higher_spi_home_field_adjusted,42.29445778135238,35.732384134335035,56.927,43.073,63.385,36.615,0.067059,preseason_2026,spi_rankings_preseason_2026.csv,136,,False,False,Conference USA vs Mid-American
2026,regular,2,401860881,2026-09-12 22:00:00+00:00,Boise State,Memphis,Pac-12,American Athletic,False,,,fbs,fbs,Boise State,Boise State,Boise State,,,,,higher_spi_home_field_adjusted,higher_spi,higher_spi_home_field_adjusted,56.844424952284015,54.095894750063614,52.917,47.083,59.548,40.452,0.067059,preseason_2026,spi_rankings_preseason_2026.csv,136,,False,False,American Athletic vs Pac-12
2026,regular,2,401868187,2026-09-12 22:00:00+00:00,Liberty,Gardner-Webb,Conference USA,OVC,False,,,fbs,fcs,Liberty,Liberty,Liberty,,,,,fbs_vs_fcs_rule,fbs_vs_fcs_rule,fbs_vs_fcs_rule,32.39054671402152,,100.0,0.0,100.0,0.0,0.067059,preseason_2026,spi_rankings_preseason_2026.csv,136,,False,False,Conference USA vs OVC
2026,regular,2,401866418,2026-09-12 22:00:00+00:00,Ohio,Jacksonville State,Mid-American,Conference USA,False,,,fbs,fbs,Ohio,Ohio,Ohio,,,,,higher_spi_home_field_adjusted,higher_spi,higher_spi_home_field_adjusted,52.95891549069096,44.69313287136374,58.693,41.307,65.048,34.952,0.067059,preseason_2026,spi_rankings_preseason_2026.csv,136,,False,False,Conference USA vs Mid-American
2026,regular,2,401866421,2026-09-12 22:30:00+00:00,Western Michigan,Monmouth,Mid-American,Coastal Athletic,False,,,fbs,fcs,Western Michigan,Western Michigan,Western Michigan,,,,,fbs_vs_fcs_rule,fbs_vs_fcs_rule,fbs_vs_fcs_rule,50.70366266419054,,100.0,0.0,100.0,0.0,0.067059,preseason_2026,spi_rankings_preseason_2026.csv,136,,False,False,Coastal Athletic vs Mid-American
2026,regular,2,401864503,2026-09-12 23:00:00+00:00,Northern Illinois,Illinois State,Mountain West,MVFC,False,,,fbs,fcs,Northern Illinois,Northern Illinois,Northern Illinois,,,,,fbs_vs_fcs_rule,fbs_vs_fcs_rule,fbs_vs_fcs_rule,21.69915317221182,,100.0,0.0,100.0,0.0,0.067059,preseason_2026,spi_rankings_preseason_2026.csv,136,,False,False,MVFC vs Mountain West
2026,regular,2,401856680,2026-09-12 23:00:00+00:00,South Carolina,Towson,SEC,Coastal Athletic,False,,,fbs,fcs,South Carolina,South Carolina,South Carolina,,,,,fbs_vs_fcs_rule,fbs_vs_fcs_rule,fbs_vs_fcs_rule,44.362372016765114,,100.0,0.0,100.0,0.0,0.067059,preseason_2026,spi_rankings_preseason_2026.csv,136,,False,False,Coastal Athletic vs SEC
2026,regular,2,401868241,2026-09-12 23:00:00+00:00,Arkansas State,West Georgia,Sun Belt,UAC,False,,,fbs,fcs,Arkansas State,Arkansas State,Arkansas State,,,,,fbs_vs_fcs_rule,fbs_vs_fcs_rule,fbs_vs_fcs_rule,36.96680062755114,,100.0,0.0,100.0,0.0,0.067059,preseason_2026,spi_rankings_preseason_2026.csv,136,,False,False,Sun Belt vs UAC
2026,regular,2,401862707,2026-09-12 23:00:00+00:00,Sam Houston,Tulsa,Conference USA,American Athletic,False,,,fbs,fbs,Tulsa,Tulsa,Tulsa,,,,,higher_spi_home_field_adjusted,higher_spi,higher_spi_home_field_adjusted,14.484956137666089,33.77955310136101,30.576,69.424,36.583,63.417,0.067059,preseason_2026,spi_rankings_preseason_2026.csv,136,,False,False,American Athletic vs Conference USA
2026,regular,2,401871046,2026-09-12 23:00:00+00:00,Missouri State,Lindenwood,Conference USA,OVC,False,,,fbs,fcs,Missouri State,Missouri State,Missouri State,,,,,fbs_vs_fcs_rule,fbs_vs_fcs_rule,fbs_vs_fcs_rule,44.7268146401007,,100.0,0.0,100.0,0.0,0.067059,preseason_2026,spi_rankings_preseason_2026.csv,136,,False,False,Conference USA vs OVC
2026,regular,2,401856786,2026-09-12 23:00:00+00:00,Cincinnati,Western Carolina,Big 12,Southern,False,,,fbs,fcs,Cincinnati,Cincinnati,Cincinnati,,,,,fbs_vs_fcs_rule,fbs_vs_fcs_rule,fbs_vs_fcs_rule,55.6628487391671,,100.0,0.0,100.0,0.0,0.067059,preseason_2026,spi_rankings_preseason_2026.csv,136,,False,False,Big 12 vs Southern
2026,regular,2,401864575,2026-09-12 23:00:00+00:00,Tulane,South Alabama,American Athletic,Sun Belt,False,,,fbs,fbs,Tulane,Tulane,Tulane,,,,,higher_spi_home_field_adjusted,higher_spi,higher_spi_home_field_adjusted,65.60687847574107,36.30045475956572,77.652,22.348,81.986,18.014,0.067059,preseason_2026,spi_rankings_preseason_2026.csv,136,,False,False,American Athletic vs Sun Belt
2026,regular,2,401869955,2026-09-12 23:00:00+00:00,Kennesaw State,Georgia State,Conference USA,Sun Belt,False,,,fbs,fbs,Kennesaw State,Kennesaw State,Kennesaw State,,,,,higher_spi_home_field_adjusted,higher_spi,higher_spi_home_field_adjusted,57.36695846103969,20.755385320600695,82.578,17.422,86.127,13.873,0.067059,preseason_2026,spi_rankings_preseason_2026.csv,136,,False,False,Conference USA vs Sun Belt
2026,regular,2,401856787,2026-09-12 23:00:00+00:00,Houston,Southern,Big 12,SWAC,False,,,fbs,fcs,Houston,Houston,Houston,,,,,fbs_vs_fcs_rule,fbs_vs_fcs_rule,fbs_vs_fcs_rule,62.101831336643045,,100.0,0.0,100.0,0.0,0.067059,preseason_2026,spi_rankings_preseason_2026.csv,136,,False,False,Big 12 vs SWAC
2026,regular,2,401871045,2026-09-12 23:00:00+00:00,Marshall,Middle Tennessee,Sun Belt,Conference USA,False,,,fbs,fbs,Marshall,Marshall,Marshall,,,,,higher_spi_home_field_adjusted,higher_spi,higher_spi_home_field_adjusted,37.70800475537429,25.935677165051057,62.254,37.746,68.356,31.644,0.067059,preseason_2026,spi_rankings_preseason_2026.csv,136,,False,False,Conference USA vs Sun Belt
2026,regular,2,401860882,2026-09-12 23:00:00+00:00,Colorado State,Southern Utah,Pac-12,Big Sky,False,,,fbs,fcs,Colorado State,Colorado State,Colorado State,,,,,fbs_vs_fcs_rule,fbs_vs_fcs_rule,fbs_vs_fcs_rule,26.588436394624736,,100.0,0.0,100.0,0.0,0.067059,preseason_2026,spi_rankings_preseason_2026.csv,136,,False,False,Big Sky vs Pac-12
2026,regular,2,401858441,2026-09-12 23:00:00+00:00,Nebraska,Bowling Green,Big Ten,Mid-American,False,,,fbs,fbs,Nebraska,Nebraska,Nebraska,,,,,higher_spi_home_field_adjusted,higher_spi,higher_spi_home_field_adjusted,55.46736754606214,26.80857620911763,77.171,22.829,81.576,18.424,0.067059,preseason_2026,spi_rankings_preseason_2026.csv,136,,False,False,Big Ten vs Mid-American
2026,regular,2,401856681,2026-09-12 23:00:00+00:00,Georgia Tech,Tennessee,ACC,SEC,False,,,fbs,fbs,Georgia Tech,Georgia Tech,Georgia Tech,,,,,higher_spi_home_field_adjusted,higher_spi,higher_spi_home_field_adjusted,61.914652182713816,60.668490116907336,51.324,48.676,58.001,41.999,0.067059,preseason_2026,spi_rankings_preseason_2026.csv,136,,False,False,ACC vs SEC
2026,regular,2,401858443,2026-09-12 23:15:00+00:00,UCLA,San Diego State,Big Ten,Pac-12,False,,,fbs,fbs,San Diego State,San Diego State,San Diego State,,,,,higher_spi_home_field_adjusted,higher_spi,higher_spi_home_field_adjusted,34.78429471953504,53.45407348929518,31.143,68.857,37.201,62.799,0.067059,preseason_2026,spi_rankings_preseason_2026.csv,136,,False,False,Big Ten vs Pac-12
2026,regular,2,401858447,2026-09-12 23:15:00+00:00,Wisconsin,Western Illinois,Big Ten,OVC,False,,,fbs,fcs,Wisconsin,Wisconsin,Wisconsin,,,,,fbs_vs_fcs_rule,fbs_vs_fcs_rule,fbs_vs_fcs_rule,48.11301470274047,,100.0,0.0,100.0,0.0,0.067059,preseason_2026,spi_rankings_preseason_2026.csv,136,,False,False,Big Ten vs OVC
2026,regular,2,401856682,2026-09-12 23:30:00+00:00,Texas,Ohio State,SEC,Big Ten,False,,,fbs,fbs,Ohio State,Ohio State,Ohio State,,,,,higher_spi_home_field_adjusted,higher_spi,higher_spi_home_field_adjusted,69.77955646406483,85.81528022725924,33.592,66.408,39.852,60.148,0.067059,preseason_2026,spi_rankings_preseason_2026.csv,136,,False,False,Big Ten vs SEC
2026,regular,2,401856788,2026-09-12 23:30:00+00:00,Iowa,Iowa State,Big Ten,Big 12,False,,,fbs,fbs,Iowa,Iowa,Iowa,,,,,higher_spi_home_field_adjusted,higher_spi,higher_spi_home_field_adjusted,67.8320546772824,62.70258494324692,55.429,44.571,61.96,38.04,0.067059,preseason_2026,spi_rankings_preseason_2026.csv,136,,False,False,Big 12 vs Big Ten
2026,regular,2,401867796,2026-09-12 23:30:00+00:00,LSU,Louisiana Tech,SEC,Sun Belt,False,,,fbs,fbs,LSU,LSU,LSU,,,,,higher_spi_home_field_adjusted,higher_spi,higher_spi_home_field_adjusted,53.28492239690803,44.616459541316786,59.107,40.893,65.436,34.564,0.067059,preseason_2026,spi_rankings_preseason_2026.csv,136,,False,False,SEC vs Sun Belt
2026,regular,2,401868008,2026-09-12 23:30:00+00:00,Coastal Carolina,Fordham,Sun Belt,Patriot,False,,,fbs,fcs,Coastal Carolina,Coastal Carolina,Coastal Carolina,,,,,fbs_vs_fcs_rule,fbs_vs_fcs_rule,fbs_vs_fcs_rule,47.48091226741856,,100.0,0.0,100.0,0.0,0.067059,preseason_2026,spi_rankings_preseason_2026.csv,136,,False,False,Patriot vs Sun Belt
2026,regular,2,401862703,2026-09-12 23:30:00+00:00,Florida Atlantic,Navy,American Athletic,American Athletic,True,,,fbs,fbs,Navy,Navy,Navy,,,,,higher_spi_home_field_adjusted,higher_spi,higher_spi_home_field_adjusted,33.47466386985975,67.73990933281475,18.904,81.096,23.39,76.61,0.067059,preseason_2026,spi_rankings_preseason_2026.csv,136,,False,False,American Athletic vs American Athletic
2026,regular,2,401858219,2026-09-12 23:30:00+00:00,Clemson,Georgia Southern,ACC,Sun Belt,False,,,fbs,fbs,Clemson,Clemson,Clemson,,,,,higher_spi_home_field_adjusted,higher_spi,higher_spi_home_field_adjusted,51.31539767782347,43.58002024141765,58.146,41.854,64.534,35.466,0.067059,preseason_2026,spi_rankings_preseason_2026.csv,136,,False,False,ACC vs Sun Belt
2026,regular,2,401856783,2026-09-12 23:30:00+00:00,Oregon State,Texas Tech,Pac-12,Big 12,False,,,fbs,fbs,Texas Tech,Texas Tech,Texas Tech,,,,,higher_spi_home_field_adjusted,higher_spi,higher_spi_home_field_adjusted,29.12333309551166,84.04794204268366,8.832,91.168,11.26,88.74,0.067059,preseason_2026,spi_rankings_preseason_2026.csv,136,,False,False,Big 12 vs Pac-12
2026,regular,2,401856676,2026-09-12 23:45:00+00:00,Ole Miss,Charlotte,SEC,American Athletic,False,,,fbs,fbs,Ole Miss,Ole Miss,Ole Miss,,,,,higher_spi_home_field_adjusted,higher_spi,higher_spi_home_field_adjusted,77.3501436748318,15.679603015598964,93.22,6.78,94.739,5.261,0.067059,preseason_2026,spi_rankings_preseason_2026.csv,136,,False,False,American Athletic vs SEC
2026,regular,2,401856671,2026-09-12 23:45:00+00:00,Auburn,Southern Miss,SEC,Sun Belt,False,,,fbs,fbs,Auburn,Auburn,Auburn,,,,,higher_spi_home_field_adjusted,higher_spi,higher_spi_home_field_adjusted,48.64871395120542,41.292437275258656,57.753,42.247,64.164,35.836,0.067059,preseason_2026,spi_rankings_preseason_2026.csv,136,,False,False,SEC vs Sun Belt
2026,regular,2,401856789,2026-09-13 00:00:00+00:00,TCU,Grambling,Big 12,SWAC,False,,,fbs,fcs,TCU,TCU,TCU,,,,,fbs_vs_fcs_rule,fbs_vs_fcs_rule,fbs_vs_fcs_rule,65.56954828015526,,100.0,0.0,100.0,0.0,0.067059,preseason_2026,spi_rankings_preseason_2026.csv,136,,False,False,Big 12 vs SWAC
2026,regular,2,401856784,2026-09-13 00:00:00+00:00,Baylor,Prairie View A&M,Big 12,SWAC,False,,,fbs,fcs,Baylor,Baylor,Baylor,,,,,fbs_vs_fcs_rule,fbs_vs_fcs_rule,fbs_vs_fcs_rule,46.1270150888027,,100.0,0.0,100.0,0.0,0.067059,preseason_2026,spi_rankings_preseason_2026.csv,136,,False,False,Big 12 vs SWAC
2026,regular,2,401864505,2026-09-13 01:00:00+00:00,UTEP,Texas Southern,Mountain West,SWAC,False,,,fbs,fcs,UTEP,UTEP,UTEP,,,,,fbs_vs_fcs_rule,fbs_vs_fcs_rule,fbs_vs_fcs_rule,24.108683570799027,,100.0,0.0,100.0,0.0,0.067059,preseason_2026,spi_rankings_preseason_2026.csv,136,,False,False,Mountain West vs SWAC
2026,regular,2,401864504,2026-09-13 01:00:00+00:00,San José State,Cal Poly,Mountain West,Big Sky,False,,,fbs,fcs,San José State,San José State,San José State,,,,,fbs_vs_fcs_rule,fbs_vs_fcs_rule,fbs_vs_fcs_rule,27.73283562877278,,100.0,0.0,100.0,0.0,0.067059,preseason_2026,spi_rankings_preseason_2026.csv,136,,False,False,Big Sky vs Mountain West
2026,regular,2,401864502,2026-09-13 02:00:00+00:00,Air Force,North Dakota State,Mountain West,Mountain West,True,,,fbs,fbs,Air Force,Air Force,Air Force,,,,,fbs_vs_fcs_rule,fbs_vs_fcs_rule,fbs_vs_fcs_rule,39.66462459161762,,100.0,0.0,100.0,0.0,0.067059,preseason_2026,spi_rankings_preseason_2026.csv,136,,False,False,Mountain West vs Mountain West
2026,regular,2,401856670,2026-09-13 02:15:00+00:00,Utah,Arkansas,Big 12,SEC,False,,,fbs,fbs,Utah,Utah,Utah,,,,,higher_spi_home_field_adjusted,higher_spi,higher_spi_home_field_adjusted,79.90984695824888,36.87640666293411,86.163,13.837,89.078,10.922,0.067059,preseason_2026,spi_rankings_preseason_2026.csv,136,,False,False,Big 12 vs SEC
2026,regular,2,401864500,2026-09-13 02:30:00+00:00,Nevada,Montana State,Mountain West,Big Sky,False,,,fbs,fcs,Nevada,Nevada,Nevada,,,,,fbs_vs_fcs_rule,fbs_vs_fcs_rule,fbs_vs_fcs_rule,22.46968595887032,,100.0,0.0,100.0,0.0,0.067059,preseason_2026,spi_rankings_preseason_2026.csv,136,,False,False,Big Sky vs Mountain West
2026,regular,2,401860883,2026-09-13 02:30:00+00:00,Fresno State,Sacramento State,Pac-12,Mid-American,False,,,fbs,fbs,Fresno State,Fresno State,Fresno State,,,,,fbs_vs_fcs_rule,fbs_vs_fcs_rule,fbs_vs_fcs_rule,50.97209727366645,,100.0,0.0,100.0,0.0,0.067059,preseason_2026,spi_rankings_preseason_2026.csv,136,,False,False,Mid-American vs Pac-12
2026,regular,2,401858445,2026-09-13 03:00:00+00:00,USC,Louisiana,Big Ten,Sun Belt,False,,,fbs,fbs,USC,USC,USC,,,,,higher_spi_home_field_adjusted,higher_spi,higher_spi_home_field_adjusted,70.13310964705855,36.56055836037465,80.641,19.359,84.51,15.49,0.067059,preseason_2026,spi_rankings_preseason_2026.csv,136,,False,False,Big Ten vs Sun Belt
2026,regular,2,401864578,2026-09-13 03:59:00+00:00,Hawai'i,New Mexico State,Mountain West,Conference USA,False,,,fbs,fbs,Hawai'i,Hawai'i,Hawai'i,,,,,higher_spi_home_field_adjusted,higher_spi,higher_spi_home_field_adjusted,51.33097583679728,26.12941189303164,74.48,25.52,79.264,20.736,0.067059,preseason_2026,spi_rankings_preseason_2026.csv,136,,False,False,Conference USA vs Mountain West
2026,regular,3,401858225,2026-09-17 23:30:00+00:00,Pittsburgh,Syracuse,ACC,ACC,True,,,fbs,fbs,Pittsburgh,Pittsburgh,Pittsburgh,,,,,higher_spi_home_field_adjusted,higher_spi,higher_spi_home_field_adjusted,53.46489362057027,33.87711504204498,69.688,30.312,75.07,24.93,0.067059,preseason_2026,spi_rankings_preseason_2026.csv,136,,False,False,ACC vs ACC
2026,regular,3,401858226,2026-09-18 23:30:00+00:00,Wake Forest,Miami,ACC,ACC,True,,,fbs,fbs,Miami,Miami,Miami,,,,,higher_spi_home_field_adjusted,higher_spi,higher_spi_home_field_adjusted,56.975284138942186,81.4436769913458,26.117,73.883,31.647,68.353,0.067059,preseason_2026,spi_rankings_preseason_2026.csv,136,,False,False,ACC vs ACC
2026,regular,3,401856811,2026-09-19 00:00:00+00:00,Texas Tech,Houston,Big 12,Big 12,True,,,fbs,fbs,Texas Tech,Texas Tech,Texas Tech,,,,,higher_spi_home_field_adjusted,higher_spi,higher_spi_home_field_adjusted,84.04794204268366,62.101831336643045,71.762,28.238,76.898,23.102,0.067059,preseason_2026,spi_rankings_preseason_2026.csv,136,,False,False,Big 12 vs Big 12
2026,regular,3,401858455,2026-09-19 02:30:00+00:00,Oregon,Portland State,Big Ten,Big Sky,False,,,fbs,fcs,Oregon,Oregon,Oregon,,,,,fbs_vs_fcs_rule,fbs_vs_fcs_rule,fbs_vs_fcs_rule,85.98699967204186,,100.0,0.0,100.0,0.0,0.067059,preseason_2026,spi_rankings_preseason_2026.csv,136,,False,False,Big Sky vs Big Ten
2026,regular,3,401869940,2026-09-19 15:30:00+00:00,Delaware,Coastal Carolina,Conference USA,Sun Belt,False,,,fbs,fbs,Coastal Carolina,Coastal Carolina,Coastal Carolina,,,,,higher_spi_home_field_adjusted,higher_spi,higher_spi_home_field_adjusted,39.720155437367346,47.48091226741856,41.828,58.172,48.501,51.499,0.067059,preseason_2026,spi_rankings_preseason_2026.csv,136,,False,False,Conference USA vs Sun Belt
2026,regular,3,401858451,2026-09-19 16:00:00+00:00,Minnesota,Akron,Big Ten,Mid-American,False,,,fbs,fbs,Minnesota,Minnesota,Minnesota,,,,,higher_spi_home_field_adjusted,higher_spi,higher_spi_home_field_adjusted,54.76296165411433,28.927648744921203,74.989,25.011,79.703,20.297,0.067059,preseason_2026,spi_rankings_preseason_2026.csv,136,,False,False,Big Ten vs Mid-American
2026,regular,3,401858456,2026-09-19 16:00:00+00:00,Penn State,Buffalo,Big Ten,Mid-American,False,,,fbs,fbs,Penn State,Penn State,Penn State,,,,,higher_spi_home_field_adjusted,higher_spi,higher_spi_home_field_adjusted,61.88779963194504,35.732384134335035,75.243,24.757,79.923,20.077,0.067059,preseason_2026,spi_rankings_preseason_2026.csv,136,,False,False,Big Ten vs Mid-American
2026,regular,3,401858454,2026-09-19 16:00:00+00:00,Ohio State,Kent State,Big Ten,Mid-American,False,,,fbs,fbs,Ohio State,Ohio State,Ohio State,,,,,higher_spi_home_field_adjusted,higher_spi,higher_spi_home_field_adjusted,85.81528022725924,29.290788074506256,91.7,8.3,93.536,6.464,0.067059,preseason_2026,spi_rankings_preseason_2026.csv,136,,False,False,Big Ten vs Mid-American
2026,regular,3,401856686,2026-09-19 16:00:00+00:00,Arkansas,Georgia,SEC,SEC,True,,,fbs,fbs,Georgia,Georgia,Georgia,,,,,higher_spi_home_field_adjusted,higher_spi,higher_spi_home_field_adjusted,36.87640666293411,80.61484229722396,13.483,86.517,16.952,83.048,0.067059,preseason_2026,spi_rankings_preseason_2026.csv,136,,False,False,SEC vs SEC
2026,regular,3,401858228,2026-09-19 16:00:00+00:00,Georgia Tech,Mercer,ACC,Southern,False,,,fbs,fcs,Georgia Tech,Georgia Tech,Georgia Tech,,,,,fbs_vs_fcs_rule,fbs_vs_fcs_rule,fbs_vs_fcs_rule,61.914652182713816,,100.0,0.0,100.0,0.0,0.067059,preseason_2026,spi_rankings_preseason_2026.csv,136,,False,False,ACC vs Southern
2026,regular,3,401860889,2026-09-19 16:00:00+00:00,Texas State,North Texas,Pac-12,American Athletic,False,,,fbs,fbs,North Texas,North Texas,North Texas,,,,,higher_spi_home_field_adjusted,higher_spi,higher_spi_home_field_adjusted,48.88992568241906,74.47142988087174,25.214,74.786,30.633,69.367,0.067059,preseason_2026,spi_rankings_preseason_2026.csv,136,,False,False,American Athletic vs Pac-12
2026,regular,3,401856812,2026-09-19 16:00:00+00:00,Kansas,Arizona State,Big 12,Big 12,True,,,fbs,fbs,Arizona State,Arizona State,Arizona State,,,,,higher_spi_home_field_adjusted,higher_spi,higher_spi_home_field_adjusted,47.51301066199033,55.328458471350075,41.772,58.228,41.772,58.228,0.067059,preseason_2026,spi_rankings_preseason_2026.csv,136,,False,False,Big 12 vs Big 12
2026,regular,3,401858229,2026-09-19 16:00:00+00:00,Clemson,North Carolina,ACC,ACC,True,,,fbs,fbs,Clemson,Clemson,Clemson,,,,,higher_spi_home_field_adjusted,higher_spi,higher_spi_home_field_adjusted,51.31539767782347,35.25991390713516,66.426,33.574,72.156,27.844,0.067059,preseason_2026,spi_rankings_preseason_2026.csv,136,,False,False,ACC vs ACC
2026,regular,3,401856792,2026-09-19 16:00:00+00:00,Kansas State,Tulane,Big 12,American Athletic,False,,,fbs,fbs,Tulane,Tulane,Tulane,,,,,higher_spi_home_field_adjusted,higher_spi,higher_spi_home_field_adjusted,51.032439334524696,65.60687847574107,34.991,65.009,41.349,58.651,0.067059,preseason_2026,spi_rankings_preseason_2026.csv,136,,False,False,American Athletic vs Big 12
2026,regular,3,401856798,2026-09-19 16:00:00+00:00,Iowa State,Bowling Green,Big 12,Mid-American,False,,,fbs,fbs,Iowa State,Iowa State,Iowa State,,,,,higher_spi_home_field_adjusted,higher_spi,higher_spi_home_field_adjusted,62.70258494324692,26.80857620911763,82.135,17.865,85.758,14.242,0.067059,preseason_2026,spi_rankings_preseason_2026.csv,136,,False,False,Big 12 vs Mid-American
2026,regular,3,401858460,2026-09-19 16:30:00+00:00,Wisconsin,Eastern Michigan,Big Ten,Mid-American,False,,,fbs,fbs,Wisconsin,Wisconsin,Wisconsin,,,,,higher_spi_home_field_adjusted,higher_spi,higher_spi_home_field_adjusted,48.11301470274047,26.431321817561333,71.534,28.466,76.698,23.302,0.067059,preseason_2026,spi_rankings_preseason_2026.csv,136,,False,False,Big Ten vs Mid-American
2026,regular,3,401856695,2026-09-19 16:45:00+00:00,Vanderbilt,NC State,SEC,ACC,False,,,fbs,fbs,Vanderbilt,Vanderbilt,Vanderbilt,,,,,higher_spi_home_field_adjusted,higher_spi,higher_spi_home_field_adjusted,72.64678964726453,61.00491592325077,62.123,37.877,68.236,31.764,0.067059,preseason_2026,spi_rankings_preseason_2026.csv,136,,False,False,ACC vs SEC
2026,regular,3,401856689,2026-09-19 16:45:00+00:00,Missouri,Troy,SEC,Sun Belt,False,,,fbs,fbs,Missouri,Missouri,Missouri,,,,,higher_spi_home_field_adjusted,higher_spi,higher_spi_home_field_adjusted,60.022559444325715,43.3034999619687,67.052,32.948,72.719,27.281,0.067059,preseason_2026,spi_rankings_preseason_2026.csv,136,,False,False,SEC vs Sun Belt
2026,regular,3,401864508,2026-09-19 17:00:00+00:00,Central Michigan,Wyoming,Mid-American,Mountain West,False,,,fbs,fbs,Central Michigan,Central Michigan,Central Michigan,,,,,higher_spi_home_field_adjusted,higher_spi,higher_spi_home_field_adjusted,39.43320601762919,32.12145460835609,57.707,42.293,64.121,35.879,0.067059,preseason_2026,spi_rankings_preseason_2026.csv,136,,False,False,Mid-American vs Mountain West
2026,regular,3,401858227,2026-09-19 18:00:00+00:00,Boston College,Maine,ACC,Coastal Athletic,False,,,fbs,fcs,Boston College,Boston College,Boston College,,,,,fbs_vs_fcs_rule,fbs_vs_fcs_rule,fbs_vs_fcs_rule,30.356967624016452,,100.0,0.0,100.0,0.0,0.067059,preseason_2026,spi_rankings_preseason_2026.csv,136,,False,False,ACC vs Coastal Athletic
2026,regular,3,401858448,2026-09-19 18:00:00+00:00,Illinois,Southern Illinois,Big Ten,MVFC,False,,,fbs,fcs,Illinois,Illinois,Illinois,,,,,fbs_vs_fcs_rule,fbs_vs_fcs_rule,fbs_vs_fcs_rule,64.95353582816352,,100.0,0.0,100.0,0.0,0.067059,preseason_2026,spi_rankings_preseason_2026.csv,136,,False,False,Big Ten vs MVFC
2026,regular,3,401862774,2026-09-19 19:00:00+00:00,Toledo,Temple,Mid-American,American Athletic,False,,,fbs,fbs,Toledo,Toledo,Toledo,,,,,higher_spi_home_field_adjusted,higher_spi,higher_spi_home_field_adjusted,52.992506601900594,43.307088479567234,60.148,39.852,66.407,33.593,0.067059,preseason_2026,spi_rankings_preseason_2026.csv,136,,False,False,American Athletic vs Mid-American
2026,regular,3,401858450,2026-09-19 19:30:00+00:00,Michigan,UTEP,Big Ten,Mountain West,False,,,fbs,fbs,Michigan,Michigan,Michigan,,,,,higher_spi_home_field_adjusted,higher_spi,higher_spi_home_field_adjusted,66.03072492246395,24.108683570799027,85.591,14.409,88.61,11.39,0.067059,preseason_2026,spi_rankings_preseason_2026.csv,136,,False,False,Big Ten vs Mountain West
2026,regular,3,401858233,2026-09-19 19:30:00+00:00,California,Wagner,ACC,NEC,False,,,fbs,fcs,California,California,California,,,,,fbs_vs_fcs_rule,fbs_vs_fcs_rule,fbs_vs_fcs_rule,49.33554828349477,,100.0,0.0,100.0,0.0,0.067059,preseason_2026,spi_rankings_preseason_2026.csv,136,,False,False,ACC vs NEC
2026,regular,3,401866424,2026-09-19 19:30:00+00:00,Massachusetts,Stonehill,Mid-American,NEC,False,,,fbs,fcs,Massachusetts,Massachusetts,Massachusetts,,,,,fbs_vs_fcs_rule,fbs_vs_fcs_rule,fbs_vs_fcs_rule,0.0,,100.0,0.0,100.0,0.0,0.067059,preseason_2026,spi_rankings_preseason_2026.csv,136,,False,False,Mid-American vs NEC
2026,regular,3,401856685,2026-09-19 19:30:00+00:00,Alabama,Florida State,SEC,ACC,False,,,fbs,fbs,Alabama,Alabama,Alabama,,,,,higher_spi_home_field_adjusted,higher_spi,higher_spi_home_field_adjusted,72.08922144650381,55.1291467270885,67.278,32.722,72.922,27.078,0.067059,preseason_2026,spi_rankings_preseason_2026.csv,136,,False,False,ACC vs SEC
2026,regular,3,401856797,2026-09-19 19:30:00+00:00,Cincinnati,Miami (OH),Big 12,Mid-American,False,,,fbs,fbs,Cincinnati,Cincinnati,Cincinnati,,,,,higher_spi_home_field_adjusted,higher_spi,higher_spi_home_field_adjusted,55.6628487391671,33.71178751136635,71.767,28.233,76.902,23.098,0.067059,preseason_2026,spi_rankings_preseason_2026.csv,136,,False,False,Big 12 vs Mid-American
2026,regular,3,401858457,2026-09-19 19:30:00+00:00,Rutgers,USC,Big Ten,Big Ten,True,,,fbs,fbs,USC,USC,USC,,,,,higher_spi_home_field_adjusted,higher_spi,higher_spi_home_field_adjusted,47.5547734274298,70.13310964705855,27.696,72.304,33.41,66.59,0.067059,preseason_2026,spi_rankings_preseason_2026.csv,136,,False,False,Big Ten vs Big Ten
2026,regular,3,401856694,2026-09-19 19:30:00+00:00,Texas A&M,Kentucky,SEC,SEC,True,,,fbs,fbs,Texas A&M,Texas A&M,Texas A&M,,,,,higher_spi_home_field_adjusted,higher_spi,higher_spi_home_field_adjusted,72.4054629070378,46.14040906149416,75.33,24.67,79.997,20.003,0.067059,preseason_2026,spi_rankings_preseason_2026.csv,136,,False,False,SEC vs SEC
2026,regular,3,401860890,2026-09-19 19:30:00+00:00,Washington State,Duquesne,Pac-12,NEC,False,,,fbs,fcs,Washington State,Washington State,Washington State,,,,,fbs_vs_fcs_rule,fbs_vs_fcs_rule,fbs_vs_fcs_rule,50.39210587637901,,100.0,0.0,100.0,0.0,0.067059,preseason_2026,spi_rankings_preseason_2026.csv,136,,False,False,NEC vs Pac-12
2026,regular,3,401858230,2026-09-19 19:30:00+00:00,Louisville,SMU,ACC,ACC,True,,,fbs,fbs,Louisville,SMU,Louisville,,,,,higher_spi_home_field_adjusted,higher_spi,higher_spi_home_field_adjusted,59.763361084524256,63.72564498222339,45.8,54.2,52.534,47.466,0.067059,preseason_2026,spi_rankings_preseason_2026.csv,136,,False,False,ACC vs ACC
2026,regular,3,401856801,2026-09-19 19:30:00+00:00,Utah,Utah State,Big 12,Pac-12,False,,,fbs,fbs,Utah,Utah,Utah,,,,,higher_spi_home_field_adjusted,higher_spi,higher_spi_home_field_adjusted,79.90984695824888,46.11517401571138,80.788,19.212,84.633,15.367,0.067059,preseason_2026,spi_rankings_preseason_2026.csv,136,,False,False,Big 12 vs Pac-12
2026,regular,3,401858471,2026-09-19 20:00:00+00:00,Iowa,Northern Iowa,Big Ten,MVFC,False,,,fbs,fcs,Iowa,Iowa,Iowa,,,,,fbs_vs_fcs_rule,fbs_vs_fcs_rule,fbs_vs_fcs_rule,67.8320546772824,,100.0,0.0,100.0,0.0,0.067059,preseason_2026,spi_rankings_preseason_2026.csv,136,,False,False,Big Ten vs MVFC
2026,regular,3,401867804,2026-09-19 20:00:00+00:00,Baylor,Louisiana Tech,Big 12,Sun Belt,False,,,fbs,fbs,Baylor,Baylor,Baylor,,,,,higher_spi_home_field_adjusted,higher_spi,higher_spi_home_field_adjusted,46.1270150888027,44.616459541316786,51.604,48.396,58.275,41.725,0.067059,preseason_2026,spi_rankings_preseason_2026.csv,136,,False,False,Big 12 vs Sun Belt
2026,regular,3,401858449,2026-09-19 20:00:00+00:00,Indiana,Western Kentucky,Big Ten,Conference USA,False,,,fbs,fbs,Indiana,Indiana,Indiana,,,,,higher_spi_home_field_adjusted,higher_spi,higher_spi_home_field_adjusted,100.0,51.76852111202271,88.593,11.407,91.05,8.95,0.067059,preseason_2026,spi_rankings_preseason_2026.csv,136,,False,False,Big Ten vs Conference USA
2026,regular,3,401866422,2026-09-19 20:00:00+00:00,Liberty,Ball State,Conference USA,Mid-American,False,,,fbs,fbs,Liberty,Liberty,Liberty,,,,,higher_spi_home_field_adjusted,higher_spi,higher_spi_home_field_adjusted,32.39054671402152,21.131504365775346,61.74,38.26,67.882,32.118,0.067059,preseason_2026,spi_rankings_preseason_2026.csv,136,,False,False,Conference USA vs Mid-American
2026,regular,3,401858231,2026-09-19 20:00:00+00:00,Duke,Stanford,ACC,ACC,True,,,fbs,fbs,Duke,Duke,Duke,,,,,higher_spi_home_field_adjusted,higher_spi,higher_spi_home_field_adjusted,63.05393062151976,34.362731569534205,77.195,22.805,81.596,18.404,0.067059,preseason_2026,spi_rankings_preseason_2026.csv,136,,False,False,ACC vs ACC
2026,regular,3,401856691,2026-09-19 20:15:00+00:00,South Carolina,Mississippi State,SEC,SEC,True,,,fbs,fbs,South Carolina,Mississippi State,South Carolina,,,,,higher_spi_home_field_adjusted,higher_spi,higher_spi_home_field_adjusted,44.362372016765114,48.860528648712766,45.235,54.765,51.966,48.034,0.067059,preseason_2026,spi_rankings_preseason_2026.csv,136,,False,False,SEC vs SEC
2026,regular,3,401868317,2026-09-19 20:30:00+00:00,UL Monroe,SE Louisiana,Sun Belt,Southland,False,,,fbs,fcs,UL Monroe,UL Monroe,UL Monroe,,,,,fbs_vs_fcs_rule,fbs_vs_fcs_rule,fbs_vs_fcs_rule,28.282781398262458,,100.0,0.0,100.0,0.0,0.067059,preseason_2026,spi_rankings_preseason_2026.csv,136,,False,False,Southland vs Sun Belt
2026,regular,3,401862771,2026-09-19 22:00:00+00:00,Florida Atlantic,Florida International,American Athletic,Conference USA,False,,,fbs,fbs,Florida International,Florida International,Florida International,,,,,higher_spi_home_field_adjusted,higher_spi,higher_spi_home_field_adjusted,33.47466386985975,42.29445778135238,40.737,59.263,47.378,52.622,0.067059,preseason_2026,spi_rankings_preseason_2026.csv,136,,False,False,American Athletic vs Conference USA
2026,regular,3,401862710,2026-09-19 22:00:00+00:00,Old Dominion,East Carolina,Sun Belt,American Athletic,False,,,fbs,fbs,Old Dominion,Old Dominion,Old Dominion,,,,,higher_spi_home_field_adjusted,higher_spi,higher_spi_home_field_adjusted,64.41484114656049,63.94920900693176,50.495,49.505,57.191,42.809,0.067059,preseason_2026,spi_rankings_preseason_2026.csv,136,,False,False,American Athletic vs Sun Belt
2026,regular,3,401864574,2026-09-19 22:00:00+00:00,App State,Charlotte,Sun Belt,American Athletic,False,,,fbs,fbs,App State,App State,App State,,,,,higher_spi_home_field_adjusted,higher_spi,higher_spi_home_field_adjusted,31.03599031883539,15.679603015598964,65.761,34.239,71.555,28.445,0.067059,preseason_2026,spi_rankings_preseason_2026.csv,136,,False,False,American Athletic vs Sun Belt
2026,regular,3,401871047,2026-09-19 22:30:00+00:00,Missouri State,Marshall,Conference USA,Sun Belt,False,,,fbs,fbs,Missouri State,Missouri State,Missouri State,,,,,higher_spi_home_field_adjusted,higher_spi,higher_spi_home_field_adjusted,44.7268146401007,37.70800475537429,57.403,42.597,63.834,36.166,0.067059,preseason_2026,spi_rankings_preseason_2026.csv,136,,False,False,Conference USA vs Sun Belt
2026,regular,3,401856803,2026-09-19 23:00:00+00:00,Oklahoma State,Murray State,Big 12,MVFC,False,,,fbs,fcs,Oklahoma State,Oklahoma State,Oklahoma State,,,,,fbs_vs_fcs_rule,fbs_vs_fcs_rule,fbs_vs_fcs_rule,19.350638062414177,,100.0,0.0,100.0,0.0,0.067059,preseason_2026,spi_rankings_preseason_2026.csv,136,,False,False,Big 12 vs MVFC
2026,regular,3,401869948,2026-09-19 23:00:00+00:00,Jacksonville State,Georgia Southern,Conference USA,Sun Belt,False,,,fbs,fbs,Jacksonville State,Jacksonville State,Jacksonville State,,,,,higher_spi_home_field_adjusted,higher_spi,higher_spi_home_field_adjusted,44.69313287136374,43.58002024141765,51.182,48.818,57.863,42.137,0.067059,preseason_2026,spi_rankings_preseason_2026.csv,136,,False,False,Conference USA vs Sun Belt
2026,regular,3,401856800,2026-09-19 23:00:00+00:00,UCF,Georgia State,Big 12,Sun Belt,False,,,fbs,fbs,UCF,UCF,UCF,,,,,higher_spi_home_field_adjusted,higher_spi,higher_spi_home_field_adjusted,42.64080749222179,20.755385320600695,71.71,28.29,76.852,23.148,0.067059,preseason_2026,spi_rankings_preseason_2026.csv,136,,False,False,Big 12 vs Sun Belt
2026,regular,3,401861963,2026-09-19 23:00:00+00:00,Southern Miss,UConn,Sun Belt,FBS Independents,False,,,fbs,fbs,UConn,UConn,UConn,,,,,higher_spi_home_field_adjusted,higher_spi,higher_spi_home_field_adjusted,41.292437275258656,55.02961235400574,35.805,64.195,42.215,57.785,0.067059,preseason_2026,spi_rankings_preseason_2026.csv,136,,False,False,FBS Independents vs Sun Belt
2026,regular,3,401862777,2026-09-19 23:00:00+00:00,South Florida,Delaware State,American Athletic,MEAC,False,,,fbs,fcs,South Florida,South Florida,South Florida,,,,,fbs_vs_fcs_rule,fbs_vs_fcs_rule,fbs_vs_fcs_rule,64.0384391137842,,100.0,0.0,100.0,0.0,0.067059,preseason_2026,spi_rankings_preseason_2026.csv,136,,False,False,American Athletic vs MEAC
2026,regular,3,401866423,2026-09-19 23:00:00+00:00,South Alabama,Ohio,Sun Belt,Mid-American,False,,,fbs,fbs,Ohio,Ohio,Ohio,,,,,higher_spi_home_field_adjusted,higher_spi,higher_spi_home_field_adjusted,36.30045475956572,52.95891549069096,33.004,66.996,39.219,60.781,0.067059,preseason_2026,spi_rankings_preseason_2026.csv,136,,False,False,Mid-American vs Sun Belt
2026,regular,3,401862773,2026-09-19 23:00:00+00:00,Rice,Western Michigan,American Athletic,Mid-American,False,,,fbs,fbs,Western Michigan,Western Michigan,Western Michigan,,,,,higher_spi_home_field_adjusted,higher_spi,higher_spi_home_field_adjusted,32.35687646311618,50.70366266419054,31.438,68.562,37.522,62.478,0.067059,preseason_2026,spi_rankings_preseason_2026.csv,136,,False,False,American Athletic vs Mid-American
2026,regular,3,401856687,2026-09-19 23:00:00+00:00,Auburn,Florida,SEC,SEC,True,,,fbs,fbs,Auburn,Auburn,Auburn,,,,,higher_spi_home_field_adjusted,higher_spi,higher_spi_home_field_adjusted,48.64871395120542,43.562916877840394,55.383,44.617,61.917,38.083,0.067059,preseason_2026,spi_rankings_preseason_2026.csv,136,,False,False,SEC vs SEC
2026,regular,3,401864443,2026-09-19 23:00:00+00:00,Middle Tennessee,Nevada,Conference USA,Mountain West,False,,,fbs,fbs,Middle Tennessee,Middle Tennessee,Middle Tennessee,,,,,higher_spi_home_field_adjusted,higher_spi,higher_spi_home_field_adjusted,25.935677165051057,22.46968595887032,53.676,46.324,60.281,39.719,0.067059,preseason_2026,spi_rankings_preseason_2026.csv,136,,False,False,Conference USA vs Mountain West
2026,regular,3,401870764,2026-09-19 23:00:00+00:00,Sam Houston,Nicholls,Conference USA,Southland,False,,,fbs,fcs,Sam Houston,Sam Houston,Sam Houston,,,,,fbs_vs_fcs_rule,fbs_vs_fcs_rule,fbs_vs_fcs_rule,14.484956137666089,,100.0,0.0,100.0,0.0,0.067059,preseason_2026,spi_rankings_preseason_2026.csv,136,,False,False,Conference USA vs Southland
2026,regular,3,401862772,2026-09-19 23:00:00+00:00,Memphis,UT Martin,American Athletic,OVC,False,,,fbs,fcs,Memphis,Memphis,Memphis,,,,,fbs_vs_fcs_rule,fbs_vs_fcs_rule,fbs_vs_fcs_rule,54.095894750063614,,100.0,0.0,100.0,0.0,0.067059,preseason_2026,spi_rankings_preseason_2026.csv,136,,False,False,American Athletic vs OVC
2026,regular,3,401858459,2026-09-19 23:15:00+00:00,Washington,Eastern Washington,Big Ten,Big Sky,False,,,fbs,fcs,Washington,Washington,Washington,,,,,fbs_vs_fcs_rule,fbs_vs_fcs_rule,fbs_vs_fcs_rule,69.28295267091242,,100.0,0.0,100.0,0.0,0.067059,preseason_2026,spi_rankings_preseason_2026.csv,136,,False,False,Big Sky vs Big Ten
2026,regular,3,401858452,2026-09-19 23:15:00+00:00,Nebraska,North Dakota,Big Ten,MVFC,False,,,fbs,fcs,Nebraska,Nebraska,Nebraska,,,,,fbs_vs_fcs_rule,fbs_vs_fcs_rule,fbs_vs_fcs_rule,55.46736754606214,,100.0,0.0,100.0,0.0,0.067059,preseason_2026,spi_rankings_preseason_2026.csv,136,,False,False,Big Ten vs MVFC
2026,regular,3,401858453,2026-09-19 23:30:00+00:00,Notre Dame,Michigan State,FBS Independents,Big Ten,False,,,fbs,fbs,Notre Dame,Notre Dame,Notre Dame,,,,,higher_spi_home_field_adjusted,higher_spi,higher_spi_home_field_adjusted,79.40868985665563,43.659123524226416,82.044,17.956,85.683,14.317,0.067059,preseason_2026,spi_rankings_preseason_2026.csv,136,,False,False,Big Ten vs FBS Independents
2026,regular,3,401856802,2026-09-19 23:30:00+00:00,Virginia,West Virginia,ACC,Big 12,False,,,fbs,fbs,Virginia,Virginia,Virginia,,,,,higher_spi_home_field_adjusted,higher_spi,higher_spi_home_field_adjusted,65.518663732325,41.00086530063937,73.924,26.076,73.924,26.076,0.067059,preseason_2026,spi_rankings_preseason_2026.csv,136,Duke’s Mayo Classic,False,False,ACC vs Big 12
2026,regular,3,401856795,2026-09-19 23:30:00+00:00,Colorado State,BYU,Pac-12,Big 12,False,,,fbs,fbs,BYU,BYU,BYU,,,,,higher_spi_home_field_adjusted,higher_spi,higher_spi_home_field_adjusted,26.588436394624736,74.20368829645034,11.674,88.326,14.757,85.243,0.067059,preseason_2026,spi_rankings_preseason_2026.csv,136,,False,False,Big 12 vs Pac-12
2026,regular,3,401856796,2026-09-19 23:30:00+00:00,Northwestern,Colorado,Big Ten,Big 12,False,,,fbs,fbs,Northwestern,Northwestern,Northwestern,,,,,higher_spi_home_field_adjusted,higher_spi,higher_spi_home_field_adjusted,54.664274190964846,52.5187827953132,52.278,47.722,58.929,41.071,0.067059,preseason_2026,spi_rankings_preseason_2026.csv,136,,False,False,Big 12 vs Big Ten
2026,regular,3,401856690,2026-09-19 23:30:00+00:00,Oklahoma,New Mexico,SEC,Mountain West,False,,,fbs,fbs,Oklahoma,Oklahoma,Oklahoma,,,,,higher_spi_home_field_adjusted,higher_spi,higher_spi_home_field_adjusted,69.44209698059642,55.31021797579682,64.579,35.421,70.484,29.516,0.067059,preseason_2026,spi_rankings_preseason_2026.csv,136,,False,False,Mountain West vs SEC
2026,regular,3,401856688,2026-09-19 23:30:00+00:00,Ole Miss,LSU,SEC,SEC,True,,,fbs,fbs,Ole Miss,Ole Miss,Ole Miss,,,,,higher_spi_home_field_adjusted,higher_spi,higher_spi_home_field_adjusted,77.3501436748318,53.28492239690803,73.551,26.449,78.459,21.541,0.067059,preseason_2026,spi_rankings_preseason_2026.csv,136,,False,False,SEC vs SEC
2026,regular,3,401858232,2026-09-19 23:30:00+00:00,Maryland,Virginia Tech,Big Ten,ACC,False,,,fbs,fbs,Maryland,Maryland,Maryland,,,,,higher_spi_home_field_adjusted,higher_spi,higher_spi_home_field_adjusted,36.43389579740814,33.81629649124546,52.778,47.222,59.414,40.586,0.067059,preseason_2026,spi_rankings_preseason_2026.csv,136,,False,False,ACC vs Big Ten
2026,regular,3,401856692,2026-09-19 23:45:00+00:00,Tennessee,Kennesaw State,SEC,Conference USA,False,,,fbs,fbs,Tennessee,Tennessee,Tennessee,,,,,higher_spi_home_field_adjusted,higher_spi,higher_spi_home_field_adjusted,60.668490116907336,57.36695846103969,53.502,46.498,60.113,39.887,0.067059,preseason_2026,spi_rankings_preseason_2026.csv,136,,False,False,Conference USA vs SEC
2026,regular,3,401862776,2026-09-20 00:00:00+00:00,Louisiana,UAB,Sun Belt,American Athletic,False,,,fbs,fbs,Louisiana,Louisiana,Louisiana,,,,,higher_spi_home_field_adjusted,higher_spi,higher_spi_home_field_adjusted,36.56055836037465,33.88852101736378,52.836,47.164,59.47,40.53,0.067059,preseason_2026,spi_rankings_preseason_2026.csv,136,,False,False,American Athletic vs Sun Belt
2026,regular,3,401862775,2026-09-20 00:00:00+00:00,Tulsa,East Texas A&M,American Athletic,Southland,False,,,fbs,fcs,Tulsa,Tulsa,Tulsa,,,,,fbs_vs_fcs_rule,fbs_vs_fcs_rule,fbs_vs_fcs_rule,33.77955310136101,,100.0,0.0,100.0,0.0,0.067059,preseason_2026,spi_rankings_preseason_2026.csv,136,,False,False,American Athletic vs Southland
2026,regular,3,401856693,2026-09-20 00:00:00+00:00,Texas,UTSA,SEC,American Athletic,False,,,fbs,fbs,Texas,Texas,Texas,,,,,higher_spi_home_field_adjusted,higher_spi,higher_spi_home_field_adjusted,69.77955646406483,50.75700914526365,69.178,30.822,74.618,25.382,0.067059,preseason_2026,spi_rankings_preseason_2026.csv,136,,False,False,American Athletic vs SEC
2026,regular,3,401856799,2026-09-20 00:00:00+00:00,TCU,Arkansas State,Big 12,Sun Belt,False,,,fbs,fbs,TCU,TCU,TCU,,,,,higher_spi_home_field_adjusted,higher_spi,higher_spi_home_field_adjusted,65.56954828015526,36.96680062755114,77.129,22.871,81.54,18.46,0.067059,preseason_2026,spi_rankings_preseason_2026.csv,136,,False,False,Big 12 vs Sun Belt
2026,regular,3,401860885,2026-09-20 02:00:00+00:00,Boise State,South Dakota,Pac-12,MVFC,False,,,fbs,fcs,Boise State,Boise State,Boise State,,,,,fbs_vs_fcs_rule,fbs_vs_fcs_rule,fbs_vs_fcs_rule,56.844424952284015,,100.0,0.0,100.0,0.0,0.067059,preseason_2026,spi_rankings_preseason_2026.csv,136,,False,False,MVFC vs Pac-12
2026,regular,3,401860887,2026-09-20 02:00:00+00:00,San Diego State,James Madison,Pac-12,Sun Belt,False,,,fbs,fbs,James Madison,James Madison,James Madison,,,,,higher_spi_home_field_adjusted,higher_spi,higher_spi_home_field_adjusted,53.45407348929518,72.18940696839009,31.083,68.917,37.136,62.864,0.067059,preseason_2026,spi_rankings_preseason_2026.csv,136,,False,False,Pac-12 vs Sun Belt
2026,regular,3,401856793,2026-09-20 02:30:00+00:00,Arizona,Northern Illinois,Big 12,Mountain West,False,,,fbs,fbs,Arizona,Arizona,Arizona,,,,,higher_spi_home_field_adjusted,higher_spi,higher_spi_home_field_adjusted,65.69302834002899,21.69915317221182,86.643,13.357,89.469,10.531,0.067059,preseason_2026,spi_rankings_preseason_2026.csv,136,,False,False,Big 12 vs Mountain West
2026,regular,3,401858458,2026-09-20 03:00:00+00:00,UCLA,Purdue,Big Ten,Big Ten,True,,,fbs,fbs,UCLA,Purdue,UCLA,,,,,higher_spi_home_field_adjusted,higher_spi,higher_spi_home_field_adjusted,34.78429471953504,35.60243749521463,49.131,50.869,55.85,44.15,0.067059,preseason_2026,spi_rankings_preseason_2026.csv,136,,False,False,Big Ten vs Big Ten
2026,regular,3,401860886,2026-09-20 03:00:00+00:00,Oregon State,Montana,Pac-12,Big Sky,False,,,fbs,fcs,Oregon State,Oregon State,Oregon State,,,,,fbs_vs_fcs_rule,fbs_vs_fcs_rule,fbs_vs_fcs_rule,29.12333309551166,,100.0,0.0,100.0,0.0,0.067059,preseason_2026,spi_rankings_preseason_2026.csv,136,,False,False,Big Sky vs Pac-12
2026,regular,3,401860888,2026-09-20 03:00:00+00:00,San José State,Fresno State,Mountain West,Pac-12,False,,,fbs,fbs,Fresno State,Fresno State,Fresno State,,,,,higher_spi_home_field_adjusted,higher_spi,higher_spi_home_field_adjusted,27.73283562877278,50.97209727366645,27.137,72.863,32.788,67.212,0.067059,preseason_2026,spi_rankings_preseason_2026.csv,136,,False,False,Mountain West vs Pac-12
2026,regular,4,401869941,2026-09-24 23:30:00+00:00,Coastal Carolina,Liberty,Sun Belt,Conference USA,False,,,fbs,fbs,Coastal Carolina,Coastal Carolina,Coastal Carolina,,,,,higher_spi_home_field_adjusted,higher_spi,higher_spi_home_field_adjusted,47.48091226741856,32.39054671402152,65.506,34.494,71.325,28.675,0.067059,preseason_2026,spi_rankings_preseason_2026.csv,136,,False,False,Conference USA vs Sun Belt
2026,regular,4,401862779,2026-09-25 20:00:00+00:00,Temple,Army,American Athletic,American Athletic,True,,,fbs,fbs,Temple,Army,Temple,,,,,higher_spi_home_field_adjusted,higher_spi,higher_spi_home_field_adjusted,43.307088479567234,47.30742337069569,45.76,54.24,52.494,47.506,0.067059,preseason_2026,spi_rankings_preseason_2026.csv,136,,False,False,American Athletic vs American Athletic
2026,regular,4,401862778,2026-09-25 23:00:00+00:00,UAB,Navy,American Athletic,American Athletic,True,,,fbs,fbs,Navy,Navy,Navy,,,,,higher_spi_home_field_adjusted,higher_spi,higher_spi_home_field_adjusted,33.88852101736378,67.73990933281475,19.175,80.825,23.707,76.293,0.067059,preseason_2026,spi_rankings_preseason_2026.csv,136,,False,False,American Athletic vs American Athletic
2026,regular,4,401858468,2026-09-25 23:00:00+00:00,Rutgers,Howard,Big Ten,MEAC,False,,,fbs,fcs,Rutgers,Rutgers,Rutgers,,,,,fbs_vs_fcs_rule,fbs_vs_fcs_rule,fbs_vs_fcs_rule,47.5547734274298,,100.0,0.0,100.0,0.0,0.067059,preseason_2026,spi_rankings_preseason_2026.csv,136,,False,False,Big Ten vs MEAC
2026,regular,4,401858461,2026-09-26 00:00:00+00:00,Indiana,Northwestern,Big Ten,Big Ten,True,,,fbs,fbs,Indiana,Indiana,Indiana,,,,,higher_spi_home_field_adjusted,higher_spi,higher_spi_home_field_adjusted,100.0,54.664274190964846,87.289,12.711,89.995,10.005,0.067059,preseason_2026,spi_rankings_preseason_2026.csv,136,,False,False,Big Ten vs Big Ten
2026,regular,4,401858234,2026-09-26 02:30:00+00:00,California,Clemson,ACC,ACC,True,,,fbs,fbs,California,Clemson,California,,,,,higher_spi_home_field_adjusted,higher_spi,higher_spi_home_field_adjusted,49.33554828349477,51.31539767782347,47.898,52.102,54.63,45.37,0.067059,preseason_2026,spi_rankings_preseason_2026.csv,136,,False,False,ACC vs ACC
2026,regular,4,401856881,2026-09-26 04:00:00+00:00,West Virginia,Oklahoma State,Big 12,Big 12,True,,,fbs,fbs,West Virginia,West Virginia,West Virginia,,,,,higher_spi_home_field_adjusted,higher_spi,higher_spi_home_field_adjusted,41.00086530063937,19.350638062414177,71.507,28.493,76.674,23.326,0.067059,preseason_2026,spi_rankings_preseason_2026.csv,136,,False,False,Big 12 vs Big 12
2026,regular,4,401858470,2026-09-26 04:00:00+00:00,Washington,Minnesota,Big Ten,Big Ten,True,,,fbs,fbs,Washington,Washington,Washington,,,,,higher_spi_home_field_adjusted,higher_spi,higher_spi_home_field_adjusted,69.28295267091242,54.76296165411433,64.956,35.044,70.826,29.174,0.067059,preseason_2026,spi_rankings_preseason_2026.csv,136,,False,False,Big Ten vs Big Ten
2026,regular,4,401856698,2026-09-26 04:00:00+00:00,Auburn,Vanderbilt,SEC,SEC,True,,,fbs,fbs,Vanderbilt,Vanderbilt,Vanderbilt,,,,,higher_spi_home_field_adjusted,higher_spi,higher_spi_home_field_adjusted,48.64871395120542,72.64678964726453,26.504,73.496,32.081,67.919,0.067059,preseason_2026,spi_rankings_preseason_2026.csv,136,AFTERNOON: 3:30 - 4:30pm ET start,False,False,SEC vs SEC
2026,regular,4,401856815,2026-09-26 04:00:00+00:00,UCF,TCU,Big 12,Big 12,True,,,fbs,fbs,TCU,TCU,TCU,,,,,higher_spi_home_field_adjusted,higher_spi,higher_spi_home_field_adjusted,42.64080749222179,65.56954828015526,27.399,72.601,33.079,66.921,0.067059,preseason_2026,spi_rankings_preseason_2026.csv,136,,False,False,Big 12 vs Big 12
2026,regular,4,401860896,2026-09-26 04:00:00+00:00,UTSA,Colorado State,American Athletic,Pac-12,False,,,fbs,fbs,UTSA,UTSA,UTSA,,,,,higher_spi_home_field_adjusted,higher_spi,higher_spi_home_field_adjusted,50.75700914526365,26.588436394624736,73.637,26.363,78.533,21.467,0.067059,preseason_2026,spi_rankings_preseason_2026.csv,136,,False,False,American Athletic vs Pac-12
2026,regular,4,401856700,2026-09-26 04:00:00+00:00,Georgia,Oklahoma,SEC,SEC,True,,,fbs,fbs,Georgia,Georgia,Georgia,,,,,higher_spi_home_field_adjusted,higher_spi,higher_spi_home_field_adjusted,80.61484229722396,69.44209698059642,61.653,38.347,67.802,32.198,0.067059,preseason_2026,spi_rankings_preseason_2026.csv,136,FLEX: 3:30 - 4:30pm OR 6 - 8pm ET start,False,False,SEC vs SEC
2026,regular,4,401861970,2026-09-26 04:00:00+00:00,Miami (OH),UConn,Mid-American,FBS Independents,False,,,fbs,fbs,UConn,UConn,UConn,,,,,higher_spi_home_field_adjusted,higher_spi,higher_spi_home_field_adjusted,33.71178751136635,55.02961235400574,28.782,71.218,34.612,65.388,0.067059,preseason_2026,spi_rankings_preseason_2026.csv,136,,False,False,FBS Independents vs Mid-American
2026,regular,4,401858462,2026-09-26 04:00:00+00:00,Maryland,UCLA,Big Ten,Big Ten,True,,,fbs,fbs,Maryland,Maryland,Maryland,,,,,higher_spi_home_field_adjusted,higher_spi,higher_spi_home_field_adjusted,36.43389579740814,34.78429471953504,51.752,48.248,58.418,41.582,0.067059,preseason_2026,spi_rankings_preseason_2026.csv,136,,False,False,Big Ten vs Big Ten
2026,regular,4,401864511,2026-09-26 04:00:00+00:00,Georgia State,Northern Illinois,Sun Belt,Mountain West,False,,,fbs,fbs,Georgia State,Northern Illinois,Georgia State,,,,,higher_spi_home_field_adjusted,higher_spi,higher_spi_home_field_adjusted,20.755385320600695,21.69915317221182,48.997,51.003,55.719,44.281,0.067059,preseason_2026,spi_rankings_preseason_2026.csv,136,,False,False,Mountain West vs Sun Belt
2026,regular,4,401860893,2026-09-26 04:00:00+00:00,Toledo,San Diego State,Mid-American,Pac-12,False,,,fbs,fbs,Toledo,San Diego State,Toledo,,,,,higher_spi_home_field_adjusted,higher_spi,higher_spi_home_field_adjusted,52.992506601900594,53.45407348929518,49.51,50.49,56.224,43.776,0.067059,preseason_2026,spi_rankings_preseason_2026.csv,136,,False,False,Mid-American vs Pac-12
2026,regular,4,401856699,2026-09-26 04:00:00+00:00,Florida,Ole Miss,SEC,SEC,True,,,fbs,fbs,Ole Miss,Ole Miss,Ole Miss,,,,,higher_spi_home_field_adjusted,higher_spi,higher_spi_home_field_adjusted,43.562916877840394,77.3501436748318,19.217,80.783,23.756,76.244,0.067059,preseason_2026,spi_rankings_preseason_2026.csv,136,FLEX: 3:30 - 4:30pm OR 6 - 8pm ET start,False,False,SEC vs SEC
2026,regular,4,401856703,2026-09-26 04:00:00+00:00,Mississippi State,Missouri,SEC,SEC,True,,,fbs,fbs,Missouri,Missouri,Missouri,,,,,higher_spi_home_field_adjusted,higher_spi,higher_spi_home_field_adjusted,48.860528648712766,60.022559444325715,38.358,61.642,44.905,55.095,0.067059,preseason_2026,spi_rankings_preseason_2026.csv,136,NIGHT: 6 - 8pm ET start,False,False,SEC vs SEC
2026,regular,4,401866425,2026-09-26 04:00:00+00:00,Kent State,Ball State,Mid-American,Mid-American,True,,,fbs,fbs,Kent State,Kent State,Kent State,,,,,higher_spi_home_field_adjusted,higher_spi,higher_spi_home_field_adjusted,29.290788074506256,21.131504365775346,58.583,41.417,64.945,35.055,0.067059,preseason_2026,spi_rankings_preseason_2026.csv,136,,False,False,Mid-American vs Mid-American
2026,regular,4,401858469,2026-09-26 04:00:00+00:00,USC,Oregon,Big Ten,Big Ten,True,,,fbs,fbs,Oregon,Oregon,Oregon,,,,,higher_spi_home_field_adjusted,higher_spi,higher_spi_home_field_adjusted,70.13310964705855,85.98699967204186,33.765,66.235,40.037,59.963,0.067059,preseason_2026,spi_rankings_preseason_2026.csv,136,,False,False,Big Ten vs Big Ten
2026,regular,4,401856806,2026-09-26 04:00:00+00:00,Georgia Southern,Houston,Sun Belt,Big 12,False,,,fbs,fbs,Houston,Houston,Houston,,,,,higher_spi_home_field_adjusted,higher_spi,higher_spi_home_field_adjusted,43.58002024141765,62.101831336643045,31.278,68.722,37.348,62.652,0.067059,preseason_2026,spi_rankings_preseason_2026.csv,136,,False,False,Big 12 vs Sun Belt
2026,regular,4,401856816,2026-09-26 04:00:00+00:00,Iowa State,Utah,Big 12,Big 12,True,,,fbs,fbs,Utah,Utah,Utah,,,,,higher_spi_home_field_adjusted,higher_spi,higher_spi_home_field_adjusted,62.70258494324692,79.90984695824888,32.491,67.509,38.664,61.336,0.067059,preseason_2026,spi_rankings_preseason_2026.csv,136,,False,False,Big 12 vs Big 12
2026,regular,4,401856813,2026-09-26 04:00:00+00:00,Baylor,Colorado,Big 12,Big 12,True,,,fbs,fbs,Colorado,Colorado,Colorado,,,,,higher_spi_home_field_adjusted,higher_spi,higher_spi_home_field_adjusted,46.1270150888027,52.5187827953132,43.25,56.75,49.955,50.045,0.067059,preseason_2026,spi_rankings_preseason_2026.csv,136,,False,False,Big 12 vs Big 12
2026,regular,4,401858463,2026-09-26 04:00:00+00:00,Michigan,Iowa,Big Ten,Big Ten,True,,,fbs,fbs,Michigan,Iowa,Michigan,,,,,higher_spi_home_field_adjusted,higher_spi,higher_spi_home_field_adjusted,66.03072492246395,67.8320546772824,48.087,51.913,54.818,45.182,0.067059,preseason_2026,spi_rankings_preseason_2026.csv,136,,False,False,Big Ten vs Big Ten
2026,regular,4,401856805,2026-09-26 04:00:00+00:00,Texas Tech,Sam Houston,Big 12,Conference USA,False,,,fbs,fbs,Texas Tech,Texas Tech,Texas Tech,,,,,higher_spi_home_field_adjusted,higher_spi,higher_spi_home_field_adjusted,84.04794204268366,14.484956137666089,95.057,4.943,96.181,3.819,0.067059,preseason_2026,spi_rankings_preseason_2026.csv,136,,False,False,Big 12 vs Conference USA
2026,regular,4,401864512,2026-09-26 04:00:00+00:00,Akron,UNLV,Mid-American,Mountain West,False,,,fbs,fbs,UNLV,UNLV,UNLV,,,,,higher_spi_home_field_adjusted,higher_spi,higher_spi_home_field_adjusted,28.927648744921203,54.64615499325283,25.105,74.895,30.509,69.491,0.067059,preseason_2026,spi_rankings_preseason_2026.csv,136,,False,False,Mid-American vs Mountain West
2026,regular,4,401858243,2026-09-26 04:00:00+00:00,Louisville,Wake Forest,ACC,ACC,True,,,fbs,fbs,Louisville,Louisville,Louisville,,,,,higher_spi_home_field_adjusted,higher_spi,higher_spi_home_field_adjusted,59.763361084524256,56.975284138942186,52.959,47.041,59.589,40.411,0.067059,preseason_2026,spi_rankings_preseason_2026.csv,136,,False,False,ACC vs ACC
2026,regular,4,401864509,2026-09-26 04:00:00+00:00,Nevada,Air Force,Mountain West,Mountain West,True,,,fbs,fbs,Air Force,Air Force,Air Force,,,,,higher_spi_home_field_adjusted,higher_spi,higher_spi_home_field_adjusted,22.46968595887032,39.66462459161762,32.502,67.498,38.677,61.323,0.067059,preseason_2026,spi_rankings_preseason_2026.csv,136,,False,False,Mountain West vs Mountain West
2026,regular,4,401860897,2026-09-26 04:00:00+00:00,Western Michigan,Boise State,Mid-American,Pac-12,False,,,fbs,fbs,Western Michigan,Boise State,Western Michigan,,,,,higher_spi_home_field_adjusted,higher_spi,higher_spi_home_field_adjusted,50.70366266419054,56.844424952284015,43.512,56.488,50.222,49.778,0.067059,preseason_2026,spi_rankings_preseason_2026.csv,136,,False,False,Mid-American vs Pac-12
2026,regular,4,401858467,2026-09-26 04:00:00+00:00,Purdue,Notre Dame,Big Ten,FBS Independents,False,,,fbs,fbs,Notre Dame,Notre Dame,Notre Dame,,,,,higher_spi_home_field_adjusted,higher_spi,higher_spi_home_field_adjusted,35.60243749521463,79.40868985665563,13.45,86.55,16.912,83.088,0.067059,preseason_2026,spi_rankings_preseason_2026.csv,136,,False,False,Big Ten vs FBS Independents
2026,regular,4,401869961,2026-09-26 04:00:00+00:00,Old Dominion,James Madison,Sun Belt,Sun Belt,True,,,fbs,fbs,James Madison,James Madison,James Madison,,,,,higher_spi_home_field_adjusted,higher_spi,higher_spi_home_field_adjusted,64.41484114656049,72.18940696839009,41.814,58.186,48.487,51.513,0.067059,preseason_2026,spi_rankings_preseason_2026.csv,136,,False,False,Sun Belt vs Sun Belt
2026,regular,4,401856696,2026-09-26 04:00:00+00:00,Alabama,South Carolina,SEC,SEC,True,,,fbs,fbs,Alabama,Alabama,Alabama,,,,,higher_spi_home_field_adjusted,higher_spi,higher_spi_home_field_adjusted,72.08922144650381,44.362372016765114,76.466,23.534,80.973,19.027,0.067059,preseason_2026,spi_rankings_preseason_2026.csv,136,NIGHT: 6 - 8pm ET start,False,False,SEC vs SEC
2026,regular,4,401858242,2026-09-26 04:00:00+00:00,Boston College,Virginia Tech,ACC,ACC,True,,,fbs,fbs,Boston College,Virginia Tech,Boston College,,,,,higher_spi_home_field_adjusted,higher_spi,higher_spi_home_field_adjusted,30.356967624016452,33.81629649124546,46.331,53.669,53.067,46.933,0.067059,preseason_2026,spi_rankings_preseason_2026.csv,136,,False,False,ACC vs ACC
2026,regular,4,401864572,2026-09-26 04:00:00+00:00,NC State,App State,ACC,Sun Belt,False,,,fbs,fbs,NC State,NC State,NC State,,,,,higher_spi_home_field_adjusted,higher_spi,higher_spi_home_field_adjusted,61.00491592325077,31.03599031883539,78.137,21.863,82.398,17.602,0.067059,preseason_2026,spi_rankings_preseason_2026.csv,136,,False,False,ACC vs Sun Belt
2026,regular,4,401856814,2026-09-26 04:00:00+00:00,Cincinnati,Kansas State,Big 12,Big 12,True,,,fbs,fbs,Cincinnati,Cincinnati,Cincinnati,,,,,higher_spi_home_field_adjusted,higher_spi,higher_spi_home_field_adjusted,55.6628487391671,51.032439334524696,54.904,45.096,61.459,38.541,0.067059,preseason_2026,spi_rankings_preseason_2026.csv,136,,False,False,Big 12 vs Big 12
2026,regular,4,401862782,2026-09-26 04:00:00+00:00,UL Monroe,Florida Atlantic,Sun Belt,American Athletic,False,,,fbs,fbs,UL Monroe,Florida Atlantic,UL Monroe,,,,,higher_spi_home_field_adjusted,higher_spi,higher_spi_home_field_adjusted,28.282781398262458,33.47466386985975,44.506,55.494,51.23,48.77,0.067059,preseason_2026,spi_rankings_preseason_2026.csv,136,,False,False,American Athletic vs Sun Belt
2026,regular,4,401862780,2026-09-26 04:00:00+00:00,Charlotte,Louisiana,American Athletic,Sun Belt,False,,,fbs,fbs,Louisiana,Louisiana,Louisiana,,,,,higher_spi_home_field_adjusted,higher_spi,higher_spi_home_field_adjusted,15.679603015598964,36.56055836037465,29.164,70.836,35.033,64.967,0.067059,preseason_2026,spi_rankings_preseason_2026.csv,136,,False,False,American Athletic vs Sun Belt
2026,regular,4,401862784,2026-09-26 04:00:00+00:00,Tulane,Southern Miss,American Athletic,Sun Belt,False,,,fbs,fbs,Tulane,Tulane,Tulane,,,,,higher_spi_home_field_adjusted,higher_spi,higher_spi_home_field_adjusted,65.60687847574107,41.292437275258656,73.757,26.243,78.638,21.362,0.067059,preseason_2026,spi_rankings_preseason_2026.csv,136,,False,False,American Athletic vs Sun Belt
2026,regular,4,401856702,2026-09-26 04:00:00+00:00,LSU,Texas A&M,SEC,SEC,True,,,fbs,fbs,Texas A&M,Texas A&M,Texas A&M,,,,,higher_spi_home_field_adjusted,higher_spi,higher_spi_home_field_adjusted,53.28492239690803,72.4054629070378,30.733,69.267,36.755,63.245,0.067059,preseason_2026,spi_rankings_preseason_2026.csv,136,FLEX: 3:30 - 4:30pm OR 6 - 8pm ET start,False,False,SEC vs SEC
2026,regular,4,401862785,2026-09-26 04:00:00+00:00,Bowling Green,South Florida,Mid-American,American Athletic,False,,,fbs,fbs,South Florida,South Florida,South Florida,,,,,higher_spi_home_field_adjusted,higher_spi,higher_spi_home_field_adjusted,26.80857620911763,64.0384391137842,17.047,82.953,21.208,78.792,0.067059,preseason_2026,spi_rankings_preseason_2026.csv,136,,False,False,American Athletic vs Mid-American
2026,regular,4,401858237,2026-09-26 04:00:00+00:00,Florida State,Central Arkansas,ACC,UAC,False,,,fbs,fcs,Florida State,Florida State,Florida State,,,,,fbs_vs_fcs_rule,fbs_vs_fcs_rule,fbs_vs_fcs_rule,55.1291467270885,,100.0,0.0,100.0,0.0,0.067059,preseason_2026,spi_rankings_preseason_2026.csv,136,,False,False,ACC vs UAC
2026,regular,4,401866429,2026-09-26 04:00:00+00:00,Sacramento State,Massachusetts,Mid-American,Mid-American,True,,,fbs,fbs,Massachusetts,Massachusetts,Massachusetts,,,,,fbs_vs_fcs_rule,fbs_vs_fcs_rule,fbs_vs_fcs_rule,,0.0,0.0,100.0,0.0,100.0,0.067059,preseason_2026,spi_rankings_preseason_2026.csv,136,,False,False,Mid-American vs Mid-American
2026,regular,4,401858239,2026-09-26 04:00:00+00:00,Virginia,Delaware,ACC,Conference USA,False,,,fbs,fbs,Virginia,Virginia,Virginia,,,,,higher_spi_home_field_adjusted,higher_spi,higher_spi_home_field_adjusted,65.518663732325,39.720155437367346,74.959,25.041,79.678,20.322,0.067059,preseason_2026,spi_rankings_preseason_2026.csv,136,,False,False,ACC vs Conference USA
2026,regular,4,401858241,2026-09-26 04:00:00+00:00,SMU,Missouri State,ACC,Conference USA,False,,,fbs,fbs,SMU,SMU,SMU,,,,,higher_spi_home_field_adjusted,higher_spi,higher_spi_home_field_adjusted,63.72564498222339,44.7268146401007,69.157,30.843,74.599,25.401,0.067059,preseason_2026,spi_rankings_preseason_2026.csv,136,,False,False,ACC vs Conference USA
2026,regular,4,401858465,2026-09-26 04:00:00+00:00,Ohio State,Illinois,Big Ten,Big Ten,True,,,fbs,fbs,Ohio State,Ohio State,Ohio State,,,,,higher_spi_home_field_adjusted,higher_spi,higher_spi_home_field_adjusted,85.81528022725924,64.95353582816352,70.819,29.181,76.069,23.931,0.067059,preseason_2026,spi_rankings_preseason_2026.csv,136,,False,False,Big Ten vs Big Ten
2026,regular,4,401858466,2026-09-26 04:00:00+00:00,Penn State,Wisconsin,Big Ten,Big Ten,True,,,fbs,fbs,Penn State,Penn State,Penn State,,,,,higher_spi_home_field_adjusted,higher_spi,higher_spi_home_field_adjusted,61.88779963194504,48.11301470274047,64.232,35.768,70.168,29.832,0.067059,preseason_2026,spi_rankings_preseason_2026.csv,136,,False,False,Big Ten vs Big Ten
2026,regular,4,401858464,2026-09-26 04:00:00+00:00,Michigan State,Nebraska,Big Ten,Big Ten,True,,,fbs,fbs,Nebraska,Nebraska,Nebraska,,,,,higher_spi_home_field_adjusted,higher_spi,higher_spi_home_field_adjusted,43.659123524226416,55.46736754606214,37.711,62.289,44.226,55.774,0.067059,preseason_2026,spi_rankings_preseason_2026.csv,136,,False,False,Big Ten vs Big Ten
2026,regular,4,401856704,2026-09-26 16:00:00+00:00,Tennessee,Texas,SEC,SEC,True,,,fbs,fbs,Texas,Texas,Texas,,,,,higher_spi_home_field_adjusted,higher_spi,higher_spi_home_field_adjusted,60.668490116907336,69.77955646406483,40.439,59.561,47.069,52.931,0.067059,preseason_2026,spi_rankings_preseason_2026.csv,136,,False,False,SEC vs SEC
2026,regular,4,401858236,2026-09-26 16:00:00+00:00,Pittsburgh,Bucknell,ACC,Patriot,False,,,fbs,fcs,Pittsburgh,Pittsburgh,Pittsburgh,,,,,fbs_vs_fcs_rule,fbs_vs_fcs_rule,fbs_vs_fcs_rule,53.46489362057027,,100.0,0.0,100.0,0.0,0.067059,preseason_2026,spi_rankings_preseason_2026.csv,136,,False,False,ACC vs Patriot
2026,regular,4,401864576,2026-09-26 16:45:00+00:00,Kentucky,South Alabama,SEC,Sun Belt,False,,,fbs,fbs,Kentucky,Kentucky,Kentucky,,,,,higher_spi_home_field_adjusted,higher_spi,higher_spi_home_field_adjusted,46.14040906149416,36.30045475956572,60.305,39.695,66.554,33.446,0.067059,preseason_2026,spi_rankings_preseason_2026.csv,136,,False,False,SEC vs Sun Belt
2026,regular,4,401866427,2026-09-26 17:00:00+00:00,Eastern Michigan,Lindenwood,Mid-American,OVC,False,,,fbs,fcs,Eastern Michigan,Eastern Michigan,Eastern Michigan,,,,,fbs_vs_fcs_rule,fbs_vs_fcs_rule,fbs_vs_fcs_rule,26.431321817561333,,100.0,0.0,100.0,0.0,0.067059,preseason_2026,spi_rankings_preseason_2026.csv,136,,False,False,Mid-American vs OVC
2026,regular,4,401864510,2026-09-26 19:00:00+00:00,Wyoming,Hawai'i,Mountain West,Mountain West,True,,,fbs,fbs,Hawai'i,Hawai'i,Hawai'i,,,,,higher_spi_home_field_adjusted,higher_spi,higher_spi_home_field_adjusted,32.12145460835609,51.33097583679728,30.653,69.347,36.667,63.333,0.067059,preseason_2026,spi_rankings_preseason_2026.csv,136,,False,False,Mountain West vs Mountain West
2026,regular,4,401866426,2026-09-26 19:30:00+00:00,Buffalo,Robert Morris,Mid-American,NEC,False,,,fbs,fcs,Buffalo,Buffalo,Buffalo,,,,,fbs_vs_fcs_rule,fbs_vs_fcs_rule,fbs_vs_fcs_rule,35.732384134335035,,100.0,0.0,100.0,0.0,0.067059,preseason_2026,spi_rankings_preseason_2026.csv,136,,False,False,Mid-American vs NEC
2026,regular,4,401866428,2026-09-26 19:30:00+00:00,Ohio,Stonehill,Mid-American,NEC,False,,,fbs,fcs,Ohio,Ohio,Ohio,,,,,fbs_vs_fcs_rule,fbs_vs_fcs_rule,fbs_vs_fcs_rule,52.95891549069096,,100.0,0.0,100.0,0.0,0.067059,preseason_2026,spi_rankings_preseason_2026.csv,136,,False,False,Mid-American vs NEC
2026,regular,4,401868188,2026-09-26 19:30:00+00:00,Marshall,Gardner-Webb,Sun Belt,OVC,False,,,fbs,fcs,Marshall,Marshall,Marshall,,,,,fbs_vs_fcs_rule,fbs_vs_fcs_rule,fbs_vs_fcs_rule,37.70800475537429,,100.0,0.0,100.0,0.0,0.067059,preseason_2026,spi_rankings_preseason_2026.csv,136,,False,False,OVC vs Sun Belt
2026,regular,4,401864579,2026-09-26 19:30:00+00:00,New Mexico State,New Mexico,Conference USA,Mountain West,False,,,fbs,fbs,New Mexico,New Mexico,New Mexico,,,,,higher_spi_home_field_adjusted,higher_spi,higher_spi_home_field_adjusted,26.12941189303164,55.31021797579682,22.44,77.56,27.482,72.518,0.067059,preseason_2026,spi_rankings_preseason_2026.csv,136,,False,False,Conference USA vs Mountain West
2026,regular,4,401858244,2026-09-26 19:30:00+00:00,Duke,William & Mary,ACC,Patriot,False,,,fbs,fcs,Duke,Duke,Duke,,,,,fbs_vs_fcs_rule,fbs_vs_fcs_rule,fbs_vs_fcs_rule,63.05393062151976,,100.0,0.0,100.0,0.0,0.067059,preseason_2026,spi_rankings_preseason_2026.csv,136,,False,False,ACC vs Patriot
2026,regular,4,401862781,2026-09-26 20:00:00+00:00,East Carolina,North Carolina Central,American Athletic,MEAC,False,,,fbs,fcs,East Carolina,East Carolina,East Carolina,,,,,fbs_vs_fcs_rule,fbs_vs_fcs_rule,fbs_vs_fcs_rule,63.94920900693176,,100.0,0.0,100.0,0.0,0.067059,preseason_2026,spi_rankings_preseason_2026.csv,136,,False,False,American Athletic vs MEAC
2026,regular,4,401867909,2026-09-26 22:00:00+00:00,Florida International,Long Island University,Conference USA,NEC,False,,,fbs,fcs,Florida International,Florida International,Florida International,,,,,fbs_vs_fcs_rule,fbs_vs_fcs_rule,fbs_vs_fcs_rule,42.29445778135238,,100.0,0.0,100.0,0.0,0.067059,preseason_2026,spi_rankings_preseason_2026.csv,136,,False,False,Conference USA vs NEC
2026,regular,4,401860892,2026-09-26 22:00:00+00:00,Texas State,Incarnate Word,Pac-12,Southland,False,,,fbs,fcs,Texas State,Texas State,Texas State,,,,,fbs_vs_fcs_rule,fbs_vs_fcs_rule,fbs_vs_fcs_rule,48.88992568241906,,100.0,0.0,100.0,0.0,0.067059,preseason_2026,spi_rankings_preseason_2026.csv,136,,False,False,Pac-12 vs Southland
2026,regular,4,401858238,2026-09-26 22:30:00+00:00,Miami,Central Michigan,ACC,Mid-American,False,,,fbs,fbs,Miami,Miami,Miami,,,,,higher_spi_home_field_adjusted,higher_spi,higher_spi_home_field_adjusted,81.4436769913458,39.43320601762919,85.637,14.363,88.648,11.352,0.067059,preseason_2026,spi_rankings_preseason_2026.csv,136,,False,False,ACC vs Mid-American
2026,regular,4,401871048,2026-09-26 23:00:00+00:00,Jacksonville State,Middle Tennessee,Conference USA,Conference USA,True,,,fbs,fbs,Jacksonville State,Jacksonville State,Jacksonville State,,,,,higher_spi_home_field_adjusted,higher_spi,higher_spi_home_field_adjusted,44.69313287136374,25.935677165051057,68.937,31.063,74.404,25.596,0.067059,preseason_2026,spi_rankings_preseason_2026.csv,136,,False,False,Conference USA vs Conference USA
2026,regular,4,401869931,2026-09-26 23:00:00+00:00,Arkansas State,Kennesaw State,Sun Belt,Conference USA,False,,,fbs,fbs,Kennesaw State,Kennesaw State,Kennesaw State,,,,,higher_spi_home_field_adjusted,higher_spi,higher_spi_home_field_adjusted,36.96680062755114,57.36695846103969,29.588,70.412,35.5,64.5,0.067059,preseason_2026,spi_rankings_preseason_2026.csv,136,,False,False,Conference USA vs Sun Belt
2026,regular,4,401870745,2026-09-26 23:00:00+00:00,Western Kentucky,Mercyhurst,Conference USA,NEC,False,,,fbs,fcs,Western Kentucky,Western Kentucky,Western Kentucky,,,,,fbs_vs_fcs_rule,fbs_vs_fcs_rule,fbs_vs_fcs_rule,51.76852111202271,,100.0,0.0,100.0,0.0,0.067059,preseason_2026,spi_rankings_preseason_2026.csv,136,,False,False,Conference USA vs NEC
2026,regular,4,401856804,2026-09-26 23:30:00+00:00,Washington State,Arizona,Pac-12,Big 12,False,,,fbs,fbs,Arizona,Arizona,Arizona,,,,,higher_spi_home_field_adjusted,higher_spi,higher_spi_home_field_adjusted,50.39210587637901,65.69302834002899,34.292,65.708,40.602,59.398,0.067059,preseason_2026,spi_rankings_preseason_2026.csv,136,,False,False,Big 12 vs Pac-12
2026,regular,4,401860894,2026-09-26 23:30:00+00:00,Utah State,Troy,Pac-12,Sun Belt,False,,,fbs,fbs,Utah State,Utah State,Utah State,,,,,higher_spi_home_field_adjusted,higher_spi,higher_spi_home_field_adjusted,46.11517401571138,43.3034999619687,52.984,47.016,59.613,40.387,0.067059,preseason_2026,spi_rankings_preseason_2026.csv,136,,False,False,Pac-12 vs Sun Belt
2026,regular,4,401862783,2026-09-26 23:30:00+00:00,North Texas,Houston Christian,American Athletic,Southland,False,,,fbs,fcs,North Texas,North Texas,North Texas,,,,,fbs_vs_fcs_rule,fbs_vs_fcs_rule,fbs_vs_fcs_rule,74.47142988087174,,100.0,0.0,100.0,0.0,0.067059,preseason_2026,spi_rankings_preseason_2026.csv,136,,False,False,American Athletic vs Southland
2026,regular,4,401856697,2026-09-27 00:00:00+00:00,Arkansas,Tulsa,SEC,American Athletic,False,,,fbs,fbs,Arkansas,Arkansas,Arkansas,,,,,higher_spi_home_field_adjusted,higher_spi,higher_spi_home_field_adjusted,36.87640666293411,33.77955310136101,53.286,46.714,59.904,40.096,0.067059,preseason_2026,spi_rankings_preseason_2026.csv,136,,False,False,American Athletic vs SEC
2026,regular,4,401860895,2026-09-27 01:00:00+00:00,UTEP,Oregon State,Mountain West,Pac-12,False,,,fbs,fbs,UTEP,Oregon State,UTEP,,,,,higher_spi_home_field_adjusted,higher_spi,higher_spi_home_field_adjusted,24.108683570799027,29.12333309551166,44.692,55.308,51.418,48.582,0.067059,preseason_2026,spi_rankings_preseason_2026.csv,136,,False,False,Mountain West vs Pac-12
2026,regular,4,401860891,2026-09-27 02:00:00+00:00,Fresno State,Rice,Pac-12,American Athletic,False,,,fbs,fbs,Fresno State,Fresno State,Fresno State,,,,,higher_spi_home_field_adjusted,higher_spi,higher_spi_home_field_adjusted,50.97209727366645,32.35687646311618,68.808,31.192,74.288,25.712,0.067059,preseason_2026,spi_rankings_preseason_2026.csv,136,,False,False,American Athletic vs Pac-12
2026,regular,4,401858240,2026-09-27 02:30:00+00:00,Stanford,Georgia Tech,ACC,ACC,True,,,fbs,fbs,Georgia Tech,Georgia Tech,Georgia Tech,,,,,higher_spi_home_field_adjusted,higher_spi,higher_spi_home_field_adjusted,34.362731569534205,61.914652182713816,23.668,76.332,28.883,71.117,0.067059,preseason_2026,spi_rankings_preseason_2026.csv,136,,False,False,ACC vs ACC
2026,regular,5,401871049,2026-10-02 00:00:00+00:00,New Mexico State,Western Kentucky,Conference USA,Conference USA,True,,,fbs,fbs,Western Kentucky,Western Kentucky,Western Kentucky,,,,,higher_spi_home_field_adjusted,higher_spi,higher_spi_home_field_adjusted,26.12941189303164,51.76852111202271,25.168,74.832,30.581,69.419,0.067059,preseason_2026,spi_rankings_preseason_2026.csv,136,,False,False,Conference USA vs Conference USA
2026,regular,5,401862786,2026-10-02 01:00:00+00:00,Tulsa,North Texas,American Athletic,American Athletic,True,,,fbs,fbs,North Texas,North Texas,North Texas,,,,,higher_spi_home_field_adjusted,higher_spi,higher_spi_home_field_adjusted,33.77955310136101,74.47142988087174,15.066,84.934,18.854,81.146,0.067059,preseason_2026,spi_rankings_preseason_2026.csv,136,,False,False,American Athletic vs American Athletic
2026,regular,5,401858245,2026-10-02 23:00:00+00:00,Virginia Tech,Pittsburgh,ACC,ACC,True,,,fbs,fbs,Pittsburgh,Pittsburgh,Pittsburgh,,,,,higher_spi_home_field_adjusted,higher_spi,higher_spi_home_field_adjusted,33.81629649124546,53.46489362057027,30.258,69.742,36.234,63.766,0.067059,preseason_2026,spi_rankings_preseason_2026.csv,136,,False,False,ACC vs ACC
2026,regular,5,401871050,2026-10-02 23:00:00+00:00,Delaware,Liberty,Conference USA,Conference USA,True,,,fbs,fbs,Delaware,Delaware,Delaware,,,,,higher_spi_home_field_adjusted,higher_spi,higher_spi_home_field_adjusted,39.720155437367346,32.39054671402152,57.725,42.275,64.138,35.862,0.067059,preseason_2026,spi_rankings_preseason_2026.csv,136,,False,False,Conference USA vs Conference USA
2026,regular,5,401858476,2026-10-03 00:00:00+00:00,Northwestern,Penn State,Big Ten,Big Ten,True,,,fbs,fbs,Penn State,Penn State,Penn State,,,,,higher_spi_home_field_adjusted,higher_spi,higher_spi_home_field_adjusted,54.664274190964846,61.88779963194504,42.385,57.615,49.072,50.928,0.067059,preseason_2026,spi_rankings_preseason_2026.csv,136,,False,False,Big Ten vs Big Ten
2026,regular,5,401862792,2026-10-03 04:00:00+00:00,South Florida,Temple,American Athletic,American Athletic,True,,,fbs,fbs,South Florida,South Florida,South Florida,,,,,higher_spi_home_field_adjusted,higher_spi,higher_spi_home_field_adjusted,64.0384391137842,43.307088479567234,70.705,29.295,75.968,24.032,0.067059,preseason_2026,spi_rankings_preseason_2026.csv,136,,False,False,American Athletic vs American Athletic
2026,regular,5,401864514,2026-10-03 04:00:00+00:00,New Mexico,UTEP,Mountain West,Mountain West,True,,,fbs,fbs,New Mexico,New Mexico,New Mexico,,,,,higher_spi_home_field_adjusted,higher_spi,higher_spi_home_field_adjusted,55.31021797579682,24.108683570799027,79.019,20.981,83.145,16.855,0.067059,preseason_2026,spi_rankings_preseason_2026.csv,136,,False,False,Mountain West vs Mountain West
2026,regular,5,401858250,2026-10-03 04:00:00+00:00,North Carolina,Notre Dame,ACC,FBS Independents,False,,,fbs,fbs,Notre Dame,Notre Dame,Notre Dame,,,,,higher_spi_home_field_adjusted,higher_spi,higher_spi_home_field_adjusted,35.25991390713516,79.40868985665563,13.281,86.719,16.708,83.292,0.067059,preseason_2026,spi_rankings_preseason_2026.csv,136,,False,False,ACC vs FBS Independents
2026,regular,5,401858249,2026-10-03 04:00:00+00:00,Clemson,Miami,ACC,ACC,True,,,fbs,fbs,Miami,Miami,Miami,,,,,higher_spi_home_field_adjusted,higher_spi,higher_spi_home_field_adjusted,51.31539767782347,81.4436769913458,21.747,78.253,26.686,73.314,0.067059,preseason_2026,spi_rankings_preseason_2026.csv,136,,False,False,ACC vs ACC
2026,regular,5,401858246,2026-10-03 04:00:00+00:00,SMU,Boston College,ACC,ACC,True,,,fbs,fbs,SMU,SMU,SMU,,,,,higher_spi_home_field_adjusted,higher_spi,higher_spi_home_field_adjusted,63.72564498222339,30.356967624016452,80.505,19.495,84.396,15.604,0.067059,preseason_2026,spi_rankings_preseason_2026.csv,136,,False,False,ACC vs ACC
2026,regular,5,401856820,2026-10-03 04:00:00+00:00,Arizona,Cincinnati,Big 12,Big 12,True,,,fbs,fbs,Arizona,Arizona,Arizona,,,,,higher_spi_home_field_adjusted,higher_spi,higher_spi_home_field_adjusted,65.69302834002899,55.6628487391671,60.499,39.501,66.733,33.267,0.067059,preseason_2026,spi_rankings_preseason_2026.csv,136,,False,False,Big 12 vs Big 12
2026,regular,5,401858248,2026-10-03 04:00:00+00:00,NC State,Louisville,ACC,ACC,True,,,fbs,fbs,NC State,NC State,NC State,,,,,higher_spi_home_field_adjusted,higher_spi,higher_spi_home_field_adjusted,61.00491592325077,59.763361084524256,51.319,48.681,57.996,42.004,0.067059,preseason_2026,spi_rankings_preseason_2026.csv,136,,False,False,ACC vs ACC
2026,regular,5,401856818,2026-10-03 04:00:00+00:00,TCU,BYU,Big 12,Big 12,True,,,fbs,fbs,BYU,BYU,BYU,,,,,higher_spi_home_field_adjusted,higher_spi,higher_spi_home_field_adjusted,65.56954828015526,74.20368829645034,40.928,59.072,47.575,52.425,0.067059,preseason_2026,spi_rankings_preseason_2026.csv,136,,False,False,Big 12 vs Big 12
2026,regular,5,401856817,2026-10-03 04:00:00+00:00,Arizona State,Baylor,Big 12,Big 12,True,,,fbs,fbs,Arizona State,Arizona State,Arizona State,,,,,higher_spi_home_field_adjusted,higher_spi,higher_spi_home_field_adjusted,55.328458471350075,46.1270150888027,59.654,40.346,65.947,34.053,0.067059,preseason_2026,spi_rankings_preseason_2026.csv,136,,False,False,Big 12 vs Big 12
2026,regular,5,401856821,2026-10-03 04:00:00+00:00,Colorado,Texas Tech,Big 12,Big 12,True,,,fbs,fbs,Texas Tech,Texas Tech,Texas Tech,,,,,higher_spi_home_field_adjusted,higher_spi,higher_spi_home_field_adjusted,52.5187827953132,84.04794204268366,20.751,79.249,25.538,74.462,0.067059,preseason_2026,spi_rankings_preseason_2026.csv,136,,False,False,Big 12 vs Big 12
2026,regular,5,401856822,2026-10-03 04:00:00+00:00,Iowa State,West Virginia,Big 12,Big 12,True,,,fbs,fbs,Iowa State,Iowa State,Iowa State,,,,,higher_spi_home_field_adjusted,higher_spi,higher_spi_home_field_adjusted,62.70258494324692,41.00086530063937,71.552,28.448,76.713,23.287,0.067059,preseason_2026,spi_rankings_preseason_2026.csv,136,,False,False,Big 12 vs Big 12
2026,regular,5,401862787,2026-10-03 04:00:00+00:00,Charlotte,Memphis,American Athletic,American Athletic,True,,,fbs,fbs,Memphis,Memphis,Memphis,,,,,higher_spi_home_field_adjusted,higher_spi,higher_spi_home_field_adjusted,15.679603015598964,54.095894750063614,16.346,83.654,20.378,79.622,0.067059,preseason_2026,spi_rankings_preseason_2026.csv,136,,False,False,American Athletic vs American Athletic
2026,regular,5,401856709,2026-10-03 04:00:00+00:00,South Carolina,Kentucky,SEC,SEC,True,,,fbs,fbs,South Carolina,Kentucky,South Carolina,,,,,higher_spi_home_field_adjusted,higher_spi,higher_spi_home_field_adjusted,44.362372016765114,46.14040906149416,48.112,51.888,54.842,45.158,0.067059,preseason_2026,spi_rankings_preseason_2026.csv,136,FLEX: 3:30 - 4:30pm OR 6 - 8pm ET start,False,False,SEC vs SEC
2026,regular,5,401856708,2026-10-03 04:00:00+00:00,Missouri,Florida,SEC,SEC,True,,,fbs,fbs,Missouri,Missouri,Missouri,,,,,higher_spi_home_field_adjusted,higher_spi,higher_spi_home_field_adjusted,60.022559444325715,43.562916877840394,66.808,33.192,72.5,27.5,0.067059,preseason_2026,spi_rankings_preseason_2026.csv,136,FLEX: 3:30 - 4:30pm OR 6 - 8pm ET start,False,False,SEC vs SEC
2026,regular,5,401856711,2026-10-03 04:00:00+00:00,Texas A&M,Arkansas,SEC,SEC,True,,,fbs,fbs,Texas A&M,Texas A&M,Texas A&M,,,,,higher_spi_home_field_adjusted,higher_spi,higher_spi_home_field_adjusted,72.4054629070378,36.87640666293411,81.906,18.094,85.568,14.432,0.067059,preseason_2026,spi_rankings_preseason_2026.csv,136,FLEX: 3:30 - 4:30pm OR 6 - 8pm ET start,False,False,SEC vs SEC
2026,regular,5,401856710,2026-10-03 04:00:00+00:00,Tennessee,Auburn,SEC,SEC,True,,,fbs,fbs,Tennessee,Tennessee,Tennessee,,,,,higher_spi_home_field_adjusted,higher_spi,higher_spi_home_field_adjusted,60.668490116907336,48.64871395120542,62.5,37.5,68.583,31.417,0.067059,preseason_2026,spi_rankings_preseason_2026.csv,136,FLEX: 3:30 - 4:30pm OR 6 - 8pm ET start,False,False,SEC vs SEC
2026,regular,5,401866432,2026-10-03 04:00:00+00:00,Buffalo,Western Michigan,Mid-American,Mid-American,True,,,fbs,fbs,Western Michigan,Western Michigan,Western Michigan,,,,,higher_spi_home_field_adjusted,higher_spi,higher_spi_home_field_adjusted,35.732384134335035,50.70366266419054,34.609,65.391,40.941,59.059,0.067059,preseason_2026,spi_rankings_preseason_2026.csv,136,,False,False,Mid-American vs Mid-American
2026,regular,5,401866431,2026-10-03 04:00:00+00:00,Ball State,Toledo,Mid-American,Mid-American,True,,,fbs,fbs,Toledo,Toledo,Toledo,,,,,higher_spi_home_field_adjusted,higher_spi,higher_spi_home_field_adjusted,21.131504365775346,52.992506601900594,20.52,79.48,25.271,74.729,0.067059,preseason_2026,spi_rankings_preseason_2026.csv,136,,False,False,Mid-American vs Mid-American
2026,regular,5,401866433,2026-10-03 04:00:00+00:00,Massachusetts,Eastern Michigan,Mid-American,Mid-American,True,,,fbs,fbs,Eastern Michigan,Eastern Michigan,Eastern Michigan,,,,,higher_spi_home_field_adjusted,higher_spi,higher_spi_home_field_adjusted,0.0,26.431321817561333,24.539,75.461,29.871,70.129,0.067059,preseason_2026,spi_rankings_preseason_2026.csv,136,,False,False,Mid-American vs Mid-American
2026,regular,5,401866430,2026-10-03 04:00:00+00:00,Central Michigan,Akron,Mid-American,Mid-American,True,,,fbs,fbs,Central Michigan,Central Michigan,Central Michigan,,,,,higher_spi_home_field_adjusted,higher_spi,higher_spi_home_field_adjusted,39.43320601762919,28.927648744921203,60.98,39.02,67.18,32.82,0.067059,preseason_2026,spi_rankings_preseason_2026.csv,136,,False,False,Mid-American vs Mid-American
2026,regular,5,401866434,2026-10-03 04:00:00+00:00,Kent State,Ohio,Mid-American,Mid-American,True,,,fbs,fbs,Ohio,Ohio,Ohio,,,,,higher_spi_home_field_adjusted,higher_spi,higher_spi_home_field_adjusted,29.290788074506256,52.95891549069096,26.778,73.222,32.387,67.613,0.067059,preseason_2026,spi_rankings_preseason_2026.csv,136,,False,False,Mid-American vs Mid-American
2026,regular,5,401866477,2026-10-03 04:00:00+00:00,Miami (OH),Bowling Green,Mid-American,Mid-American,True,,,fbs,fbs,Miami (OH),Miami (OH),Miami (OH),,,,,higher_spi_home_field_adjusted,higher_spi,higher_spi_home_field_adjusted,33.71178751136635,26.80857620911763,57.282,42.718,63.72,36.28,0.067059,preseason_2026,spi_rankings_preseason_2026.csv,136,,False,False,Mid-American vs Mid-American
2026,regular,5,401858472,2026-10-03 04:00:00+00:00,Illinois,Purdue,Big Ten,Big Ten,True,,,fbs,fbs,Illinois,Illinois,Illinois,,,,,higher_spi_home_field_adjusted,higher_spi,higher_spi_home_field_adjusted,64.95353582816352,35.60243749521463,77.685,22.315,82.014,17.986,0.067059,preseason_2026,spi_rankings_preseason_2026.csv,136,,False,False,Big Ten vs Big Ten
2026,regular,5,401858478,2026-10-03 04:00:00+00:00,USC,Washington,Big Ten,Big Ten,True,,,fbs,fbs,USC,USC,USC,,,,,higher_spi_home_field_adjusted,higher_spi,higher_spi_home_field_adjusted,70.13310964705855,69.28295267091242,50.903,49.097,57.591,42.409,0.067059,preseason_2026,spi_rankings_preseason_2026.csv,136,,False,False,Big Ten vs Big Ten
2026,regular,5,401856807,2026-10-03 04:00:00+00:00,Kansas,Middle Tennessee,Big 12,Conference USA,False,,,fbs,fbs,Kansas,Kansas,Kansas,,,,,higher_spi_home_field_adjusted,higher_spi,higher_spi_home_field_adjusted,47.51301066199033,25.935677165051057,71.444,28.556,76.619,23.381,0.067059,preseason_2026,spi_rankings_preseason_2026.csv,136,,False,False,Big 12 vs Conference USA
2026,regular,5,401858473,2026-10-03 04:00:00+00:00,Iowa,Ohio State,Big Ten,Big Ten,True,,,fbs,fbs,Ohio State,Ohio State,Ohio State,,,,,higher_spi_home_field_adjusted,higher_spi,higher_spi_home_field_adjusted,67.8320546772824,85.81528022725924,31.772,68.228,37.885,62.115,0.067059,preseason_2026,spi_rankings_preseason_2026.csv,136,,False,False,Big Ten vs Big Ten
2026,regular,5,401869962,2026-10-03 04:00:00+00:00,James Madison,Marshall,Sun Belt,Sun Belt,True,,,fbs,fbs,James Madison,James Madison,James Madison,,,,,higher_spi_home_field_adjusted,higher_spi,higher_spi_home_field_adjusted,72.18940696839009,37.70800475537429,81.237,18.763,85.009,14.991,0.067059,preseason_2026,spi_rankings_preseason_2026.csv,136,,False,False,Sun Belt vs Sun Belt
2026,regular,5,401858474,2026-10-03 04:00:00+00:00,Minnesota,Michigan,Big Ten,Big Ten,True,,,fbs,fbs,Michigan,Michigan,Michigan,,,,,higher_spi_home_field_adjusted,higher_spi,higher_spi_home_field_adjusted,54.76296165411433,66.03072492246395,38.252,61.748,44.793,55.207,0.067059,preseason_2026,spi_rankings_preseason_2026.csv,136,,False,False,Big Ten vs Big Ten
2026,regular,5,401858479,2026-10-03 04:00:00+00:00,Wisconsin,Michigan State,Big Ten,Big Ten,True,,,fbs,fbs,Wisconsin,Wisconsin,Wisconsin,,,,,higher_spi_home_field_adjusted,higher_spi,higher_spi_home_field_adjusted,48.11301470274047,43.659123524226416,54.718,45.282,61.281,38.719,0.067059,preseason_2026,spi_rankings_preseason_2026.csv,136,,False,False,Big Ten vs Big Ten
2026,regular,5,401869942,2026-10-03 04:00:00+00:00,Coastal Carolina,Georgia Southern,Sun Belt,Sun Belt,True,,,fbs,fbs,Coastal Carolina,Coastal Carolina,Coastal Carolina,,,,,higher_spi_home_field_adjusted,higher_spi,higher_spi_home_field_adjusted,47.48091226741856,43.58002024141765,54.135,45.865,60.722,39.278,0.067059,preseason_2026,spi_rankings_preseason_2026.csv,136,,False,False,Sun Belt vs Sun Belt
2026,regular,5,401869956,2026-10-03 04:00:00+00:00,Georgia State,Old Dominion,Sun Belt,Sun Belt,True,,,fbs,fbs,Old Dominion,Old Dominion,Old Dominion,,,,,higher_spi_home_field_adjusted,higher_spi,higher_spi_home_field_adjusted,20.755385320600695,64.41484114656049,13.523,86.477,16.999,83.001,0.067059,preseason_2026,spi_rankings_preseason_2026.csv,136,,False,False,Sun Belt vs Sun Belt
2026,regular,5,401869932,2026-10-03 04:00:00+00:00,Louisiana,Arkansas State,Sun Belt,Sun Belt,True,,,fbs,fbs,Louisiana,Arkansas State,Louisiana,,,,,higher_spi_home_field_adjusted,higher_spi,higher_spi_home_field_adjusted,36.56055836037465,36.96680062755114,49.568,50.432,56.282,43.718,0.067059,preseason_2026,spi_rankings_preseason_2026.csv,136,,False,False,Sun Belt vs Sun Belt
2026,regular,5,401871089,2026-10-03 04:00:00+00:00,South Alabama,UL Monroe,Sun Belt,Sun Belt,True,,,fbs,fbs,South Alabama,South Alabama,South Alabama,,,,,higher_spi_home_field_adjusted,higher_spi,higher_spi_home_field_adjusted,36.30045475956572,28.282781398262458,58.437,41.563,64.808,35.192,0.067059,preseason_2026,spi_rankings_preseason_2026.csv,136,,False,False,Sun Belt vs Sun Belt
2026,regular,5,401858475,2026-10-03 04:00:00+00:00,Nebraska,Maryland,Big Ten,Big Ten,True,,,fbs,fbs,Nebraska,Nebraska,Nebraska,,,,,higher_spi_home_field_adjusted,higher_spi,higher_spi_home_field_adjusted,55.46736754606214,36.43389579740814,69.188,30.812,74.626,25.374,0.067059,preseason_2026,spi_rankings_preseason_2026.csv,136,,False,False,Big Ten vs Big Ten
2026,regular,5,401858251,2026-10-03 04:00:00+00:00,Wake Forest,Stanford,ACC,ACC,True,,,fbs,fbs,Wake Forest,Wake Forest,Wake Forest,,,,,higher_spi_home_field_adjusted,higher_spi,higher_spi_home_field_adjusted,56.975284138942186,34.362731569534205,72.333,27.667,77.398,22.602,0.067059,preseason_2026,spi_rankings_preseason_2026.csv,136,,False,False,ACC vs ACC
2026,regular,5,401869842,2026-10-03 04:00:00+00:00,Louisiana Tech,Army,Sun Belt,American Athletic,False,,,fbs,fbs,Louisiana Tech,Army,Louisiana Tech,,,,,higher_spi_home_field_adjusted,higher_spi,higher_spi_home_field_adjusted,44.616459541316786,47.30742337069569,47.144,52.856,53.88,46.12,0.067059,preseason_2026,spi_rankings_preseason_2026.csv,136,,False,False,American Athletic vs Sun Belt
2026,regular,5,401862788,2026-10-03 04:00:00+00:00,Rice,UTSA,American Athletic,American Athletic,True,,,fbs,fbs,UTSA,UTSA,UTSA,,,,,higher_spi_home_field_adjusted,higher_spi,higher_spi_home_field_adjusted,32.35687646311618,50.75700914526365,31.389,68.611,37.469,62.531,0.067059,preseason_2026,spi_rankings_preseason_2026.csv,136,,False,False,American Athletic vs American Athletic
2026,regular,5,401856819,2026-10-03 04:00:00+00:00,Houston,UCF,Big 12,Big 12,True,,,fbs,fbs,Houston,Houston,Houston,,,,,higher_spi_home_field_adjusted,higher_spi,higher_spi_home_field_adjusted,62.101831336643045,42.64080749222179,69.574,30.426,74.969,25.031,0.067059,preseason_2026,spi_rankings_preseason_2026.csv,136,,False,False,Big 12 vs Big 12
2026,regular,5,401858253,2026-10-03 04:00:00+00:00,Florida State,Virginia,ACC,ACC,True,,,fbs,fbs,Virginia,Virginia,Virginia,,,,,higher_spi_home_field_adjusted,higher_spi,higher_spi_home_field_adjusted,55.1291467270885,65.518663732325,39.137,60.863,45.718,54.282,0.067059,preseason_2026,spi_rankings_preseason_2026.csv,136,,False,False,ACC vs ACC
2026,regular,5,401856707,2026-10-03 04:00:00+00:00,Mississippi State,Alabama,SEC,SEC,True,,,fbs,fbs,Alabama,Alabama,Alabama,,,,,higher_spi_home_field_adjusted,higher_spi,higher_spi_home_field_adjusted,48.860528648712766,72.08922144650381,27.146,72.854,32.798,67.202,0.067059,preseason_2026,spi_rankings_preseason_2026.csv,136,EARLY: Noon - 1pm ET start,False,False,SEC vs SEC
2026,regular,5,401856705,2026-10-03 04:00:00+00:00,Georgia,Vanderbilt,SEC,SEC,True,,,fbs,fbs,Georgia,Georgia,Georgia,,,,,higher_spi_home_field_adjusted,higher_spi,higher_spi_home_field_adjusted,80.61484229722396,72.64678964726453,58.386,41.614,64.76,35.24,0.067059,preseason_2026,spi_rankings_preseason_2026.csv,136,EARLY: Noon - 1pm ET start,False,False,SEC vs SEC
2026,regular,5,401862791,2026-10-03 16:00:00+00:00,Air Force,Navy,Mountain West,American Athletic,False,,,fbs,fbs,Navy,Navy,Navy,,,,,higher_spi_home_field_adjusted,higher_spi,higher_spi_home_field_adjusted,39.66462459161762,67.73990933281475,23.269,76.731,28.428,71.572,0.067059,preseason_2026,spi_rankings_preseason_2026.csv,136,,False,False,American Athletic vs Mountain West
2026,regular,5,401858252,2026-10-03 16:00:00+00:00,UConn,Syracuse,FBS Independents,ACC,False,,,fbs,fbs,UConn,UConn,UConn,,,,,higher_spi_home_field_adjusted,higher_spi,higher_spi_home_field_adjusted,55.02961235400574,33.87711504204498,71.074,28.926,76.294,23.706,0.067059,preseason_2026,spi_rankings_preseason_2026.csv,136,,False,False,ACC vs FBS Independents
2026,regular,5,401862793,2026-10-03 19:30:00+00:00,UAB,Samford,American Athletic,Southern,False,,,fbs,fcs,UAB,UAB,UAB,,,,,fbs_vs_fcs_rule,fbs_vs_fcs_rule,fbs_vs_fcs_rule,33.88852101736378,,100.0,0.0,100.0,0.0,0.067059,preseason_2026,spi_rankings_preseason_2026.csv,136,,False,False,American Athletic vs Southern
2026,regular,5,401864515,2026-10-03 19:30:00+00:00,North Dakota State,Wyoming,Mountain West,Mountain West,True,,,fbs,fbs,Wyoming,Wyoming,Wyoming,,,,,fbs_vs_fcs_rule,fbs_vs_fcs_rule,fbs_vs_fcs_rule,,32.12145460835609,0.0,100.0,0.0,100.0,0.067059,preseason_2026,spi_rankings_preseason_2026.csv,136,,False,False,Mountain West vs Mountain West
2026,regular,5,401858247,2026-10-03 19:30:00+00:00,UNLV,California,Mountain West,ACC,False,,,fbs,fbs,UNLV,UNLV,UNLV,,,,,higher_spi_home_field_adjusted,higher_spi,higher_spi_home_field_adjusted,54.64615499325283,49.33554828349477,55.619,44.381,62.142,37.858,0.067059,preseason_2026,spi_rankings_preseason_2026.csv,136,,False,False,ACC vs Mountain West
2026,regular,5,401862790,2026-10-03 22:00:00+00:00,Florida Atlantic,Texas Southern,American Athletic,SWAC,False,,,fbs,fcs,Florida Atlantic,Florida Atlantic,Florida Atlantic,,,,,fbs_vs_fcs_rule,fbs_vs_fcs_rule,fbs_vs_fcs_rule,33.47466386985975,,100.0,0.0,100.0,0.0,0.067059,preseason_2026,spi_rankings_preseason_2026.csv,136,,False,False,American Athletic vs SWAC
2026,regular,5,401860899,2026-10-03 22:00:00+00:00,Colorado State,Oregon State,Pac-12,Pac-12,True,,,fbs,fbs,Colorado State,Oregon State,Colorado State,,,,,higher_spi_home_field_adjusted,higher_spi,higher_spi_home_field_adjusted,26.588436394624736,29.12333309551166,47.309,52.691,54.044,45.956,0.067059,preseason_2026,spi_rankings_preseason_2026.csv,136,,False,False,Pac-12 vs Pac-12
2026,regular,5,401860898,2026-10-03 23:30:00+00:00,Boise State,Utah State,Pac-12,Pac-12,True,,,fbs,fbs,Boise State,Boise State,Boise State,,,,,higher_spi_home_field_adjusted,higher_spi,higher_spi_home_field_adjusted,56.844424952284015,46.11517401571138,61.206,38.794,67.39,32.61,0.067059,preseason_2026,spi_rankings_preseason_2026.csv,136,,False,False,Pac-12 vs Pac-12
2026,regular,5,401856706,2026-10-03 23:45:00+00:00,LSU,McNeese,SEC,Southland,False,,,fbs,fcs,LSU,LSU,LSU,,,,,fbs_vs_fcs_rule,fbs_vs_fcs_rule,fbs_vs_fcs_rule,53.28492239690803,,100.0,0.0,100.0,0.0,0.067059,preseason_2026,spi_rankings_preseason_2026.csv,136,,False,False,SEC vs Southland
2026,regular,5,401858477,2026-10-04 00:00:00+00:00,Rutgers,Indiana,Big Ten,Big Ten,True,,,fbs,fbs,Indiana,Indiana,Indiana,,,,,higher_spi_home_field_adjusted,higher_spi,higher_spi_home_field_adjusted,47.5547734274298,100.0,9.718,90.282,12.357,87.643,0.067059,preseason_2026,spi_rankings_preseason_2026.csv,136,,False,False,Big Ten vs Big Ten
2026,regular,5,401860921,2026-10-04 01:30:00+00:00,Washington State,Fresno State,Pac-12,Pac-12,True,,,fbs,fbs,Washington State,Fresno State,Washington State,,,,,higher_spi_home_field_adjusted,higher_spi,higher_spi_home_field_adjusted,50.39210587637901,50.97209727366645,49.384,50.616,56.1,43.9,0.067059,preseason_2026,spi_rankings_preseason_2026.csv,136,,False,False,Pac-12 vs Pac-12
2026,regular,5,401860900,2026-10-04 02:30:00+00:00,San Diego State,Texas State,Pac-12,Pac-12,True,,,fbs,fbs,San Diego State,San Diego State,San Diego State,,,,,higher_spi_home_field_adjusted,higher_spi,higher_spi_home_field_adjusted,53.45407348929518,48.88992568241906,54.834,45.166,61.392,38.608,0.067059,preseason_2026,spi_rankings_preseason_2026.csv,136,,False,False,Pac-12 vs Pac-12
2026,regular,5,401864513,2026-10-04 03:59:00+00:00,Hawai'i,San José State,Mountain West,Mountain West,True,,,fbs,fbs,Hawai'i,Hawai'i,Hawai'i,,,,,higher_spi_home_field_adjusted,higher_spi,higher_spi_home_field_adjusted,51.33097583679728,27.73283562877278,73.163,26.837,78.122,21.878,0.067059,preseason_2026,spi_rankings_preseason_2026.csv,136,,False,False,Mountain West vs Mountain West
2026,regular,6,401871090,2026-10-07 00:00:00+00:00,Troy,Southern Miss,Sun Belt,Sun Belt,True,,,fbs,fbs,Troy,Troy,Troy,,,,,higher_spi_home_field_adjusted,higher_spi,higher_spi_home_field_adjusted,43.3034999619687,41.292437275258656,52.135,47.865,58.791,41.209,0.067059,preseason_2026,spi_rankings_preseason_2026.csv,136,,False,False,Sun Belt vs Sun Belt
2026,regular,6,401871051,2026-10-07 23:00:00+00:00,Kennesaw State,Jacksonville State,Conference USA,Conference USA,True,,,fbs,fbs,Kennesaw State,Kennesaw State,Kennesaw State,,,,,higher_spi_home_field_adjusted,higher_spi,higher_spi_home_field_adjusted,57.36695846103969,44.69313287136374,63.15,36.85,69.179,30.821,0.067059,preseason_2026,spi_rankings_preseason_2026.csv,136,,False,False,Conference USA vs Conference USA
2026,regular,6,401871066,2026-10-07 23:30:00+00:00,Florida International,New Mexico State,Conference USA,Conference USA,True,,,fbs,fbs,Florida International,Florida International,Florida International,,,,,higher_spi_home_field_adjusted,higher_spi,higher_spi_home_field_adjusted,42.29445778135238,26.12941189303164,66.53,33.47,72.25,27.75,0.067059,preseason_2026,spi_rankings_preseason_2026.csv,136,,False,False,Conference USA vs Conference USA
2026,regular,6,401870766,2026-10-08 23:00:00+00:00,Liberty,Sam Houston,Conference USA,Conference USA,True,,,fbs,fbs,Liberty,Liberty,Liberty,,,,,higher_spi_home_field_adjusted,higher_spi,higher_spi_home_field_adjusted,32.39054671402152,14.484956137666089,68.157,31.843,73.708,26.292,0.067059,preseason_2026,spi_rankings_preseason_2026.csv,136,,False,False,Conference USA vs Conference USA
2026,regular,6,401871052,2026-10-08 23:00:00+00:00,Western Kentucky,Missouri State,Conference USA,Conference USA,True,,,fbs,fbs,Western Kentucky,Western Kentucky,Western Kentucky,,,,,higher_spi_home_field_adjusted,higher_spi,higher_spi_home_field_adjusted,51.76852111202271,44.7268146401007,57.426,42.574,63.856,36.144,0.067059,preseason_2026,spi_rankings_preseason_2026.csv,136,,False,False,Conference USA vs Conference USA
2026,regular,6,401862794,2026-10-08 23:30:00+00:00,UTSA,South Florida,American Athletic,American Athletic,True,,,fbs,fbs,South Florida,South Florida,South Florida,,,,,higher_spi_home_field_adjusted,higher_spi,higher_spi_home_field_adjusted,50.75700914526365,64.0384391137842,36.252,63.748,42.688,57.312,0.067059,preseason_2026,spi_rankings_preseason_2026.csv,136,,False,False,American Athletic vs American Athletic
2026,regular,6,401869933,2026-10-08 23:30:00+00:00,Arkansas State,South Alabama,Sun Belt,Sun Belt,True,,,fbs,fbs,Arkansas State,Arkansas State,Arkansas State,,,,,higher_spi_home_field_adjusted,higher_spi,higher_spi_home_field_adjusted,36.96680062755114,36.30045475956572,50.708,49.292,57.4,42.6,0.067059,preseason_2026,spi_rankings_preseason_2026.csv,136,,False,False,Sun Belt vs Sun Belt
2026,regular,6,401858254,2026-10-09 23:00:00+00:00,Louisville,Florida State,ACC,ACC,True,,,fbs,fbs,Louisville,Louisville,Louisville,,,,,higher_spi_home_field_adjusted,higher_spi,higher_spi_home_field_adjusted,59.763361084524256,55.1291467270885,54.908,45.092,61.463,38.537,0.067059,preseason_2026,spi_rankings_preseason_2026.csv,136,,False,False,ACC vs ACC
2026,regular,6,401860922,2026-10-10 01:00:00+00:00,Utah State,Washington State,Pac-12,Pac-12,True,,,fbs,fbs,Utah State,Washington State,Utah State,,,,,higher_spi_home_field_adjusted,higher_spi,higher_spi_home_field_adjusted,46.11517401571138,50.39210587637901,45.468,54.532,52.201,47.799,0.067059,preseason_2026,spi_rankings_preseason_2026.csv,136,,False,False,Pac-12 vs Pac-12
2026,regular,6,401864519,2026-10-10 01:00:00+00:00,San José State,Wyoming,Mountain West,Mountain West,True,,,fbs,fbs,San José State,Wyoming,San José State,,,,,higher_spi_home_field_adjusted,higher_spi,higher_spi_home_field_adjusted,27.73283562877278,32.12145460835609,45.351,54.649,52.082,47.918,0.067059,preseason_2026,spi_rankings_preseason_2026.csv,136,,False,False,Mountain West vs Mountain West
2026,regular,6,401858487,2026-10-10 01:00:00+00:00,Washington,Iowa,Big Ten,Big Ten,True,,,fbs,fbs,Washington,Washington,Washington,,,,,higher_spi_home_field_adjusted,higher_spi,higher_spi_home_field_adjusted,69.28295267091242,67.8320546772824,51.541,48.459,58.213,41.787,0.067059,preseason_2026,spi_rankings_preseason_2026.csv,136,,False,False,Big Ten vs Big Ten
2026,regular,6,401856826,2026-10-10 02:15:00+00:00,BYU,Iowa State,Big 12,Big 12,True,,,fbs,fbs,BYU,BYU,BYU,,,,,higher_spi_home_field_adjusted,higher_spi,higher_spi_home_field_adjusted,74.20368829645034,62.70258494324692,61.982,38.018,68.106,31.894,0.067059,preseason_2026,spi_rankings_preseason_2026.csv,136,,False,False,Big 12 vs Big 12
2026,regular,6,401858256,2026-10-10 04:00:00+00:00,Pittsburgh,North Carolina,ACC,ACC,True,,,fbs,fbs,Pittsburgh,Pittsburgh,Pittsburgh,,,,,higher_spi_home_field_adjusted,higher_spi,higher_spi_home_field_adjusted,53.46489362057027,35.25991390713516,68.432,31.568,73.954,26.046,0.067059,preseason_2026,spi_rankings_preseason_2026.csv,136,,False,False,ACC vs ACC
2026,regular,6,401858255,2026-10-10 04:00:00+00:00,Georgia Tech,Duke,ACC,ACC,True,,,fbs,fbs,Georgia Tech,Duke,Georgia Tech,,,,,higher_spi_home_field_adjusted,higher_spi,higher_spi_home_field_adjusted,61.914652182713816,63.05393062151976,48.79,51.21,55.514,44.486,0.067059,preseason_2026,spi_rankings_preseason_2026.csv,136,,False,False,ACC vs ACC
2026,regular,6,401858485,2026-10-10 04:00:00+00:00,Penn State,USC,Big Ten,Big Ten,True,,,fbs,fbs,USC,USC,USC,,,,,higher_spi_home_field_adjusted,higher_spi,higher_spi_home_field_adjusted,61.88779963194504,70.13310964705855,41.328,58.672,47.987,52.013,0.067059,preseason_2026,spi_rankings_preseason_2026.csv,136,,False,False,Big Ten vs Big Ten
2026,regular,6,401858484,2026-10-10 04:00:00+00:00,Oregon,UCLA,Big Ten,Big Ten,True,,,fbs,fbs,Oregon,Oregon,Oregon,,,,,higher_spi_home_field_adjusted,higher_spi,higher_spi_home_field_adjusted,85.98699967204186,34.78429471953504,89.808,10.192,92.027,7.973,0.067059,preseason_2026,spi_rankings_preseason_2026.csv,136,,False,False,Big Ten vs Big Ten
2026,regular,6,401856823,2026-10-10 04:00:00+00:00,West Virginia,Arizona,Big 12,Big 12,True,,,fbs,fbs,Arizona,Arizona,Arizona,,,,,higher_spi_home_field_adjusted,higher_spi,higher_spi_home_field_adjusted,41.00086530063937,65.69302834002899,25.934,74.066,31.442,68.558,0.067059,preseason_2026,spi_rankings_preseason_2026.csv,136,,False,False,Big 12 vs Big 12
2026,regular,6,401856825,2026-10-10 04:00:00+00:00,Kansas State,Houston,Big 12,Big 12,True,,,fbs,fbs,Houston,Houston,Houston,,,,,higher_spi_home_field_adjusted,higher_spi,higher_spi_home_field_adjusted,51.032439334524696,62.101831336643045,38.451,61.549,45.002,54.998,0.067059,preseason_2026,spi_rankings_preseason_2026.csv,136,,False,False,Big 12 vs Big 12
2026,regular,6,401856824,2026-10-10 04:00:00+00:00,Oklahoma State,UCF,Big 12,Big 12,True,,,fbs,fbs,UCF,UCF,UCF,,,,,higher_spi_home_field_adjusted,higher_spi,higher_spi_home_field_adjusted,19.350638062414177,42.64080749222179,27.095,72.905,32.74,67.26,0.067059,preseason_2026,spi_rankings_preseason_2026.csv,136,,False,False,Big 12 vs Big 12
2026,regular,6,401856827,2026-10-10 04:00:00+00:00,Utah,Kansas,Big 12,Big 12,True,,,fbs,fbs,Utah,Utah,Utah,,,,,higher_spi_home_field_adjusted,higher_spi,higher_spi_home_field_adjusted,79.90984695824888,47.51301066199033,79.849,20.151,83.845,16.155,0.067059,preseason_2026,spi_rankings_preseason_2026.csv,136,,False,False,Big 12 vs Big 12
2026,regular,6,401858258,2026-10-10 04:00:00+00:00,Virginia,Syracuse,ACC,ACC,True,,,fbs,fbs,Virginia,Virginia,Virginia,,,,,higher_spi_home_field_adjusted,higher_spi,higher_spi_home_field_adjusted,65.518663732325,33.87711504204498,79.327,20.673,83.405,16.595,0.067059,preseason_2026,spi_rankings_preseason_2026.csv,136,,False,False,ACC vs ACC
2026,regular,6,401858260,2026-10-10 04:00:00+00:00,NC State,Wake Forest,ACC,ACC,True,,,fbs,fbs,NC State,NC State,NC State,,,,,higher_spi_home_field_adjusted,higher_spi,higher_spi_home_field_adjusted,61.00491592325077,56.975284138942186,54.271,45.729,60.853,39.147,0.067059,preseason_2026,spi_rankings_preseason_2026.csv,136,,False,False,ACC vs ACC
2026,regular,6,401862797,2026-10-10 04:00:00+00:00,East Carolina,Rice,American Athletic,American Athletic,True,,,fbs,fbs,East Carolina,East Carolina,East Carolina,,,,,higher_spi_home_field_adjusted,higher_spi,higher_spi_home_field_adjusted,63.94920900693176,32.35687646311618,79.293,20.707,83.376,16.624,0.067059,preseason_2026,spi_rankings_preseason_2026.csv,136,,False,False,American Athletic vs American Athletic
2026,regular,6,401862796,2026-10-10 04:00:00+00:00,North Texas,Charlotte,American Athletic,American Athletic,True,,,fbs,fbs,North Texas,North Texas,North Texas,,,,,higher_spi_home_field_adjusted,higher_spi,higher_spi_home_field_adjusted,74.47142988087174,15.679603015598964,92.405,7.595,94.095,5.905,0.067059,preseason_2026,spi_rankings_preseason_2026.csv,136,,False,False,American Athletic vs American Athletic
2026,regular,6,401862798,2026-10-10 04:00:00+00:00,Memphis,UAB,American Athletic,American Athletic,True,,,fbs,fbs,Memphis,Memphis,Memphis,,,,,higher_spi_home_field_adjusted,higher_spi,higher_spi_home_field_adjusted,54.095894750063614,33.88852101736378,70.241,29.759,75.559,24.441,0.067059,preseason_2026,spi_rankings_preseason_2026.csv,136,,False,False,American Athletic vs American Athletic
2026,regular,6,401866436,2026-10-10 04:00:00+00:00,Bowling Green,Sacramento State,Mid-American,Mid-American,True,,,fbs,fbs,Bowling Green,Bowling Green,Bowling Green,,,,,fbs_vs_fcs_rule,fbs_vs_fcs_rule,fbs_vs_fcs_rule,26.80857620911763,,100.0,0.0,100.0,0.0,0.067059,preseason_2026,spi_rankings_preseason_2026.csv,136,,False,False,Mid-American vs Mid-American
2026,regular,6,401856713,2026-10-10 04:00:00+00:00,Arkansas,Tennessee,SEC,SEC,True,,,fbs,fbs,Tennessee,Tennessee,Tennessee,,,,,higher_spi_home_field_adjusted,higher_spi,higher_spi_home_field_adjusted,36.87640666293411,60.668490116907336,26.675,73.325,32.272,67.728,0.067059,preseason_2026,spi_rankings_preseason_2026.csv,136,FLEX: 3:30 - 4:30pm OR 6 - 8pm ET start,False,False,SEC vs SEC
2026,regular,6,401856714,2026-10-10 04:00:00+00:00,Florida,South Carolina,SEC,SEC,True,,,fbs,fbs,Florida,South Carolina,Florida,,,,,higher_spi_home_field_adjusted,higher_spi,higher_spi_home_field_adjusted,43.562916877840394,44.362372016765114,49.151,50.849,55.87,44.13,0.067059,preseason_2026,spi_rankings_preseason_2026.csv,136,EARLY: Noon - 1pm ET start,False,False,SEC vs SEC
2026,regular,6,401856716,2026-10-10 04:00:00+00:00,Missouri,Texas A&M,SEC,SEC,True,,,fbs,fbs,Texas A&M,Texas A&M,Texas A&M,,,,,higher_spi_home_field_adjusted,higher_spi,higher_spi_home_field_adjusted,60.022559444325715,72.4054629070378,37.139,62.861,43.625,56.375,0.067059,preseason_2026,spi_rankings_preseason_2026.csv,136,EARLY: Noon - 1pm ET start,False,False,SEC vs SEC
2026,regular,6,401869949,2026-10-10 04:00:00+00:00,Georgia Southern,James Madison,Sun Belt,Sun Belt,True,,,fbs,fbs,James Madison,James Madison,James Madison,,,,,higher_spi_home_field_adjusted,higher_spi,higher_spi_home_field_adjusted,43.58002024141765,72.18940696839009,22.866,77.134,27.968,72.032,0.067059,preseason_2026,spi_rankings_preseason_2026.csv,136,,False,False,Sun Belt vs Sun Belt
2026,regular,6,401856718,2026-10-10 04:00:00+00:00,Vanderbilt,Ole Miss,SEC,SEC,True,,,fbs,fbs,Vanderbilt,Ole Miss,Vanderbilt,,,,,higher_spi_home_field_adjusted,higher_spi,higher_spi_home_field_adjusted,72.64678964726453,77.3501436748318,45.019,54.981,51.749,48.251,0.067059,preseason_2026,spi_rankings_preseason_2026.csv,136,FLEX: 3:30 - 4:30pm OR 6 - 8pm ET start,False,False,SEC vs SEC
2026,regular,6,401869843,2026-10-10 04:00:00+00:00,App State,Old Dominion,Sun Belt,Sun Belt,True,,,fbs,fbs,Old Dominion,Old Dominion,Old Dominion,,,,,higher_spi_home_field_adjusted,higher_spi,higher_spi_home_field_adjusted,31.03599031883539,64.41484114656049,19.488,80.512,24.072,75.928,0.067059,preseason_2026,spi_rankings_preseason_2026.csv,136,,False,False,Sun Belt vs Sun Belt
2026,regular,6,401869943,2026-10-10 04:00:00+00:00,Marshall,Coastal Carolina,Sun Belt,Sun Belt,True,,,fbs,fbs,Coastal Carolina,Coastal Carolina,Coastal Carolina,,,,,higher_spi_home_field_adjusted,higher_spi,higher_spi_home_field_adjusted,37.70800475537429,47.48091226741856,39.763,60.237,46.369,53.631,0.067059,preseason_2026,spi_rankings_preseason_2026.csv,136,,False,False,Sun Belt vs Sun Belt
2026,regular,6,401869965,2026-10-10 04:00:00+00:00,Louisiana Tech,Louisiana,Sun Belt,Sun Belt,True,,,fbs,fbs,Louisiana Tech,Louisiana Tech,Louisiana Tech,,,,,higher_spi_home_field_adjusted,higher_spi,higher_spi_home_field_adjusted,44.616459541316786,36.56055836037465,58.477,41.523,64.845,35.155,0.067059,preseason_2026,spi_rankings_preseason_2026.csv,136,,False,False,Sun Belt vs Sun Belt
2026,regular,6,401856715,2026-10-10 04:00:00+00:00,Kentucky,LSU,SEC,SEC,True,,,fbs,fbs,LSU,LSU,LSU,,,,,higher_spi_home_field_adjusted,higher_spi,higher_spi_home_field_adjusted,46.14040906149416,53.28492239690803,42.467,57.533,49.156,50.844,0.067059,preseason_2026,spi_rankings_preseason_2026.csv,136,NIGHT: 6 - 8pm ET start,False,False,SEC vs SEC
2026,regular,6,401864517,2026-10-10 04:00:00+00:00,UTEP,Nevada,Mountain West,Mountain West,True,,,fbs,fbs,UTEP,UTEP,UTEP,,,,,higher_spi_home_field_adjusted,higher_spi,higher_spi_home_field_adjusted,24.108683570799027,22.46968595887032,51.741,48.259,58.407,41.593,0.067059,preseason_2026,spi_rankings_preseason_2026.csv,136,,False,False,Mountain West vs Mountain West
2026,regular,6,401856808,2026-10-10 04:00:00+00:00,Arizona State,Hawai'i,Big 12,Mountain West,False,,,fbs,fbs,Arizona State,Arizona State,Arizona State,,,,,higher_spi_home_field_adjusted,higher_spi,higher_spi_home_field_adjusted,55.328458471350075,51.33097583679728,54.237,45.763,60.82,39.18,0.067059,preseason_2026,spi_rankings_preseason_2026.csv,136,,False,False,Big 12 vs Mountain West
2026,regular,6,401858259,2026-10-10 04:00:00+00:00,California,Virginia Tech,ACC,ACC,True,,,fbs,fbs,California,California,California,,,,,higher_spi_home_field_adjusted,higher_spi,higher_spi_home_field_adjusted,49.33554828349477,33.81629649124546,65.916,34.084,71.696,28.304,0.067059,preseason_2026,spi_rankings_preseason_2026.csv,136,,False,False,ACC vs ACC
2026,regular,6,401861964,2026-10-10 04:00:00+00:00,Temple,UConn,American Athletic,FBS Independents,False,,,fbs,fbs,UConn,UConn,UConn,,,,,higher_spi_home_field_adjusted,higher_spi,higher_spi_home_field_adjusted,43.307088479567234,55.02961235400574,37.796,62.204,44.316,55.684,0.067059,preseason_2026,spi_rankings_preseason_2026.csv,136,,False,False,American Athletic vs FBS Independents
2026,regular,6,401856712,2026-10-10 04:00:00+00:00,Alabama,Georgia,SEC,SEC,True,,,fbs,fbs,Georgia,Georgia,Georgia,,,,,higher_spi_home_field_adjusted,higher_spi,higher_spi_home_field_adjusted,72.08922144650381,80.61484229722396,41.039,58.961,47.69,52.31,0.067059,preseason_2026,spi_rankings_preseason_2026.csv,136,NIGHT: 6 - 8pm ET start,False,False,SEC vs SEC
2026,regular,6,401866439,2026-10-10 04:00:00+00:00,Western Michigan,Kent State,Mid-American,Mid-American,True,,,fbs,fbs,Western Michigan,Western Michigan,Western Michigan,,,,,higher_spi_home_field_adjusted,higher_spi,higher_spi_home_field_adjusted,50.70366266419054,29.290788074506256,71.301,28.699,76.493,23.507,0.067059,preseason_2026,spi_rankings_preseason_2026.csv,136,,False,False,Mid-American vs Mid-American
2026,regular,6,401866438,2026-10-10 04:00:00+00:00,Ohio,Central Michigan,Mid-American,Mid-American,True,,,fbs,fbs,Ohio,Ohio,Ohio,,,,,higher_spi_home_field_adjusted,higher_spi,higher_spi_home_field_adjusted,52.95891549069096,39.43320601762919,63.988,36.012,69.946,30.054,0.067059,preseason_2026,spi_rankings_preseason_2026.csv,136,,False,False,Mid-American vs Mid-American
2026,regular,6,401866437,2026-10-10 04:00:00+00:00,Toledo,Buffalo,Mid-American,Mid-American,True,,,fbs,fbs,Toledo,Toledo,Toledo,,,,,higher_spi_home_field_adjusted,higher_spi,higher_spi_home_field_adjusted,52.992506601900594,35.732384134335035,67.558,32.442,73.173,26.827,0.067059,preseason_2026,spi_rankings_preseason_2026.csv,136,,False,False,Mid-American vs Mid-American
2026,regular,6,401858482,2026-10-10 04:00:00+00:00,Northwestern,Ball State,Big Ten,Mid-American,False,,,fbs,fbs,Northwestern,Northwestern,Northwestern,,,,,higher_spi_home_field_adjusted,higher_spi,higher_spi_home_field_adjusted,54.664274190964846,21.131504365775346,80.614,19.386,84.488,15.512,0.067059,preseason_2026,spi_rankings_preseason_2026.csv,136,,False,False,Big Ten vs Mid-American
2026,regular,6,401866440,2026-10-10 04:00:00+00:00,Massachusetts,Miami (OH),Mid-American,Mid-American,True,,,fbs,fbs,Miami (OH),Miami (OH),Miami (OH),,,,,higher_spi_home_field_adjusted,higher_spi,higher_spi_home_field_adjusted,0.0,33.71178751136635,19.267,80.733,23.814,76.186,0.067059,preseason_2026,spi_rankings_preseason_2026.csv,136,,False,False,Mid-American vs Mid-American
2026,regular,6,401858480,2026-10-10 04:00:00+00:00,Michigan State,Illinois,Big Ten,Big Ten,True,,,fbs,fbs,Illinois,Illinois,Illinois,,,,,higher_spi_home_field_adjusted,higher_spi,higher_spi_home_field_adjusted,43.659123524226416,64.95353582816352,28.802,71.198,34.634,65.366,0.067059,preseason_2026,spi_rankings_preseason_2026.csv,136,,False,False,Big Ten vs Big Ten
2026,regular,6,401858486,2026-10-10 04:00:00+00:00,Purdue,Minnesota,Big Ten,Big Ten,True,,,fbs,fbs,Minnesota,Minnesota,Minnesota,,,,,higher_spi_home_field_adjusted,higher_spi,higher_spi_home_field_adjusted,35.60243749521463,54.76296165411433,30.697,69.303,36.715,63.285,0.067059,preseason_2026,spi_rankings_preseason_2026.csv,136,,False,False,Big Ten vs Big Ten
2026,regular,6,401858483,2026-10-10 04:00:00+00:00,Ohio State,Maryland,Big Ten,Big Ten,True,,,fbs,fbs,Ohio State,Ohio State,Ohio State,,,,,higher_spi_home_field_adjusted,higher_spi,higher_spi_home_field_adjusted,85.81528022725924,36.43389579740814,89.078,10.922,91.44,8.56,0.067059,preseason_2026,spi_rankings_preseason_2026.csv,136,,False,False,Big Ten vs Big Ten
2026,regular,6,401858481,2026-10-10 04:00:00+00:00,Nebraska,Indiana,Big Ten,Big Ten,True,,,fbs,fbs,Indiana,Indiana,Indiana,,,,,higher_spi_home_field_adjusted,higher_spi,higher_spi_home_field_adjusted,55.46736754606214,100.0,13.094,86.906,16.482,83.518,0.067059,preseason_2026,spi_rankings_preseason_2026.csv,136,,False,False,Big Ten vs Big Ten
2026,regular,6,401862795,2026-10-10 16:00:00+00:00,Army,Tulane,American Athletic,American Athletic,True,,,fbs,fbs,Tulane,Tulane,Tulane,,,,,higher_spi_home_field_adjusted,higher_spi,higher_spi_home_field_adjusted,47.30742337069569,65.60687847574107,31.481,68.519,37.569,62.431,0.067059,preseason_2026,spi_rankings_preseason_2026.csv,136,,False,False,American Athletic vs American Athletic
2026,regular,6,401862799,2026-10-10 19:30:00+00:00,Navy,Tulsa,American Athletic,American Athletic,True,,,fbs,fbs,Navy,Navy,Navy,,,,,higher_spi_home_field_adjusted,higher_spi,higher_spi_home_field_adjusted,67.73990933281475,33.77955310136101,80.897,19.103,84.725,15.275,0.067059,preseason_2026,spi_rankings_preseason_2026.csv,136,,False,False,American Athletic vs American Athletic
2026,regular,6,401858257,2026-10-10 19:30:00+00:00,Notre Dame,Stanford,FBS Independents,ACC,False,,,fbs,fbs,Notre Dame,Notre Dame,Notre Dame,,,,,higher_spi_home_field_adjusted,higher_spi,higher_spi_home_field_adjusted,79.40868985665563,34.362731569534205,87.152,12.848,89.883,10.117,0.067059,preseason_2026,spi_rankings_preseason_2026.csv,136,,False,False,ACC vs FBS Independents
2026,regular,6,401866435,2026-10-10 19:30:00+00:00,Akron,Eastern Michigan,Mid-American,Mid-American,True,,,fbs,fbs,Akron,Akron,Akron,,,,,higher_spi_home_field_adjusted,higher_spi,higher_spi_home_field_adjusted,28.927648744921203,26.431321817561333,52.65,47.35,59.29,40.71,0.067059,preseason_2026,spi_rankings_preseason_2026.csv,136,,False,False,Mid-American vs Mid-American
2026,regular,6,401856717,2026-10-10 19:30:00+00:00,Oklahoma,Texas,SEC,SEC,True,,,fbs,fbs,Texas,Texas,Texas,,,,,higher_spi_home_field_adjusted,higher_spi,higher_spi_home_field_adjusted,69.44209698059642,69.77955646406483,49.641,50.359,49.641,50.359,0.067059,preseason_2026,spi_rankings_preseason_2026.csv,136,,False,False,SEC vs SEC
2026,regular,6,401860902,2026-10-10 22:00:00+00:00,Oregon State,San Diego State,Pac-12,Pac-12,True,,,fbs,fbs,San Diego State,San Diego State,San Diego State,,,,,higher_spi_home_field_adjusted,higher_spi,higher_spi_home_field_adjusted,29.12333309551166,53.45407348929518,26.23,73.77,31.774,68.226,0.067059,preseason_2026,spi_rankings_preseason_2026.csv,136,,False,False,Pac-12 vs Pac-12
2026,regular,6,401864518,2026-10-10 23:00:00+00:00,UNLV,North Dakota State,Mountain West,Mountain West,True,,,fbs,fbs,UNLV,UNLV,UNLV,,,,,fbs_vs_fcs_rule,fbs_vs_fcs_rule,fbs_vs_fcs_rule,54.64615499325283,,100.0,0.0,100.0,0.0,0.067059,preseason_2026,spi_rankings_preseason_2026.csv,136,,False,False,Mountain West vs Mountain West
2026,regular,6,401864516,2026-10-10 23:30:00+00:00,Northern Illinois,Air Force,Mountain West,Mountain West,True,,,fbs,fbs,Air Force,Air Force,Air Force,,,,,higher_spi_home_field_adjusted,higher_spi,higher_spi_home_field_adjusted,21.69915317221182,39.66462459161762,31.788,68.212,37.903,62.097,0.067059,preseason_2026,spi_rankings_preseason_2026.csv,136,,False,False,Mountain West vs Mountain West
2026,regular,6,401860901,2026-10-11 02:30:00+00:00,Fresno State,Boise State,Pac-12,Pac-12,True,,,fbs,fbs,Fresno State,Boise State,Fresno State,,,,,higher_spi_home_field_adjusted,higher_spi,higher_spi_home_field_adjusted,50.97209727366645,56.844424952284015,43.793,56.207,50.507,49.493,0.067059,preseason_2026,spi_rankings_preseason_2026.csv,136,,False,False,Pac-12 vs Pac-12
2026,regular,7,401871067,2026-10-13 23:00:00+00:00,Middle Tennessee,Delaware,Conference USA,Conference USA,True,,,fbs,fbs,Delaware,Delaware,Delaware,,,,,higher_spi_home_field_adjusted,higher_spi,higher_spi_home_field_adjusted,25.935677165051057,39.720155437367346,35.759,64.241,42.166,57.834,0.067059,preseason_2026,spi_rankings_preseason_2026.csv,136,,False,False,Conference USA vs Conference USA
2026,regular,7,401871053,2026-10-14 00:00:00+00:00,Jacksonville State,Florida International,Conference USA,Conference USA,True,,,fbs,fbs,Jacksonville State,Jacksonville State,Jacksonville State,,,,,higher_spi_home_field_adjusted,higher_spi,higher_spi_home_field_adjusted,44.69313287136374,42.29445778135238,52.546,47.454,59.19,40.81,0.067059,preseason_2026,spi_rankings_preseason_2026.csv,136,,False,False,Conference USA vs Conference USA
2026,regular,7,401871054,2026-10-14 23:30:00+00:00,Missouri State,Kennesaw State,Conference USA,Conference USA,True,,,fbs,fbs,Kennesaw State,Kennesaw State,Kennesaw State,,,,,higher_spi_home_field_adjusted,higher_spi,higher_spi_home_field_adjusted,44.7268146401007,57.36695846103969,36.884,63.116,43.356,56.644,0.067059,preseason_2026,spi_rankings_preseason_2026.csv,136,,False,False,Conference USA vs Conference USA
2026,regular,7,401871068,2026-10-15 00:00:00+00:00,Sam Houston,Western Kentucky,Conference USA,Conference USA,True,,,fbs,fbs,Western Kentucky,Western Kentucky,Western Kentucky,,,,,higher_spi_home_field_adjusted,higher_spi,higher_spi_home_field_adjusted,14.484956137666089,51.76852111202271,17.015,82.985,21.17,78.83,0.067059,preseason_2026,spi_rankings_preseason_2026.csv,136,,False,False,Conference USA vs Conference USA
2026,regular,7,401862800,2026-10-15 23:30:00+00:00,UAB,East Carolina,American Athletic,American Athletic,True,,,fbs,fbs,East Carolina,East Carolina,East Carolina,,,,,higher_spi_home_field_adjusted,higher_spi,higher_spi_home_field_adjusted,33.88852101736378,63.94920900693176,21.796,78.204,26.743,73.257,0.067059,preseason_2026,spi_rankings_preseason_2026.csv,136,,False,False,American Athletic vs American Athletic
2026,regular,7,401869950,2026-10-15 23:30:00+00:00,Old Dominion,Georgia Southern,Sun Belt,Sun Belt,True,,,fbs,fbs,Old Dominion,Old Dominion,Old Dominion,,,,,higher_spi_home_field_adjusted,higher_spi,higher_spi_home_field_adjusted,64.41484114656049,43.58002024141765,70.796,29.204,76.049,23.951,0.067059,preseason_2026,spi_rankings_preseason_2026.csv,136,,False,False,Sun Belt vs Sun Belt
2026,regular,7,401860923,2026-10-16 00:00:00+00:00,Texas State,Colorado State,Pac-12,Pac-12,True,,,fbs,fbs,Texas State,Texas State,Texas State,,,,,higher_spi_home_field_adjusted,higher_spi,higher_spi_home_field_adjusted,48.88992568241906,26.588436394624736,72.068,27.932,77.165,22.835,0.067059,preseason_2026,spi_rankings_preseason_2026.csv,136,,False,False,Pac-12 vs Pac-12
2026,regular,7,401862801,2026-10-16 23:30:00+00:00,Tulane,Memphis,American Athletic,American Athletic,True,,,fbs,fbs,Tulane,Tulane,Tulane,,,,,higher_spi_home_field_adjusted,higher_spi,higher_spi_home_field_adjusted,65.60687847574107,54.095894750063614,61.992,38.008,68.115,31.885,0.067059,preseason_2026,spi_rankings_preseason_2026.csv,136,,False,False,American Athletic vs American Athletic
2026,regular,7,401869844,2026-10-17 00:00:00+00:00,Coastal Carolina,App State,Sun Belt,Sun Belt,True,,,fbs,fbs,Coastal Carolina,Coastal Carolina,Coastal Carolina,,,,,higher_spi_home_field_adjusted,higher_spi,higher_spi_home_field_adjusted,47.48091226741856,31.03599031883539,66.795,33.205,72.487,27.513,0.067059,preseason_2026,spi_rankings_preseason_2026.csv,136,,False,False,Sun Belt vs Sun Belt
2026,regular,7,401858493,2026-10-17 00:00:00+00:00,Purdue,Washington,Big Ten,Big Ten,True,,,fbs,fbs,Washington,Washington,Washington,,,,,higher_spi_home_field_adjusted,higher_spi,higher_spi_home_field_adjusted,35.60243749521463,69.28295267091242,19.288,80.712,23.838,76.162,0.067059,preseason_2026,spi_rankings_preseason_2026.csv,136,,False,False,Big Ten vs Big Ten
2026,regular,7,401856829,2026-10-17 04:00:00+00:00,West Virginia,Cincinnati,Big 12,Big 12,True,,,fbs,fbs,Cincinnati,Cincinnati,Cincinnati,,,,,higher_spi_home_field_adjusted,higher_spi,higher_spi_home_field_adjusted,41.00086530063937,55.6628487391671,34.907,65.093,41.259,58.741,0.067059,preseason_2026,spi_rankings_preseason_2026.csv,136,,False,False,Big 12 vs Big 12
2026,regular,7,401856832,2026-10-17 04:00:00+00:00,Baylor,TCU,Big 12,Big 12,True,,,fbs,fbs,TCU,TCU,TCU,,,,,higher_spi_home_field_adjusted,higher_spi,higher_spi_home_field_adjusted,46.1270150888027,65.56954828015526,30.443,69.557,36.437,63.563,0.067059,preseason_2026,spi_rankings_preseason_2026.csv,136,,False,False,Big 12 vs Big 12
2026,regular,7,401858492,2026-10-17 04:00:00+00:00,Oregon,Nebraska,Big Ten,Big Ten,True,,,fbs,fbs,Oregon,Oregon,Oregon,,,,,higher_spi_home_field_adjusted,higher_spi,higher_spi_home_field_adjusted,85.98699967204186,55.46736754606214,78.534,21.466,82.735,17.265,0.067059,preseason_2026,spi_rankings_preseason_2026.csv,136,,False,False,Big Ten vs Big Ten
2026,regular,7,401858489,2026-10-17 04:00:00+00:00,Maryland,Rutgers,Big Ten,Big Ten,True,,,fbs,fbs,Rutgers,Rutgers,Rutgers,,,,,higher_spi_home_field_adjusted,higher_spi,higher_spi_home_field_adjusted,36.43389579740814,47.5547734274298,38.399,61.601,44.948,55.052,0.067059,preseason_2026,spi_rankings_preseason_2026.csv,136,,False,False,Big Ten vs Big Ten
2026,regular,7,401858488,2026-10-17 04:00:00+00:00,Indiana,Ohio State,Big Ten,Big Ten,True,,,fbs,fbs,Indiana,Indiana,Indiana,,,,,higher_spi_home_field_adjusted,higher_spi,higher_spi_home_field_adjusted,100.0,85.81528022725924,64.631,35.369,70.531,29.469,0.067059,preseason_2026,spi_rankings_preseason_2026.csv,136,,False,False,Big Ten vs Big Ten
2026,regular,7,401858261,2026-10-17 04:00:00+00:00,Clemson,Charleston Southern,ACC,OVC,False,,,fbs,fcs,Clemson,Clemson,Clemson,,,,,fbs_vs_fcs_rule,fbs_vs_fcs_rule,fbs_vs_fcs_rule,51.31539767782347,,100.0,0.0,100.0,0.0,0.067059,preseason_2026,spi_rankings_preseason_2026.csv,136,,False,False,ACC vs OVC
2026,regular,7,401862803,2026-10-17 04:00:00+00:00,Temple,Charlotte,American Athletic,American Athletic,True,,,fbs,fbs,Temple,Temple,Temple,,,,,higher_spi_home_field_adjusted,higher_spi,higher_spi_home_field_adjusted,43.307088479567234,15.679603015598964,76.39,23.61,80.908,19.092,0.067059,preseason_2026,spi_rankings_preseason_2026.csv,136,,False,False,American Athletic vs American Athletic
2026,regular,7,401864521,2026-10-17 04:00:00+00:00,Hawai'i,New Mexico,Mountain West,Mountain West,True,,,fbs,fbs,Hawai'i,New Mexico,Hawai'i,,,,,higher_spi_home_field_adjusted,higher_spi,higher_spi_home_field_adjusted,51.33097583679728,55.31021797579682,45.782,54.218,52.516,47.484,0.067059,preseason_2026,spi_rankings_preseason_2026.csv,136,,False,False,Mountain West vs Mountain West
2026,regular,7,401858268,2026-10-17 04:00:00+00:00,SMU,Virginia,ACC,ACC,True,,,fbs,fbs,SMU,Virginia,SMU,,,,,higher_spi_home_field_adjusted,higher_spi,higher_spi_home_field_adjusted,63.72564498222339,65.518663732325,48.096,51.904,54.826,45.174,0.067059,preseason_2026,spi_rankings_preseason_2026.csv,136,,False,False,ACC vs ACC
2026,regular,7,401858267,2026-10-17 04:00:00+00:00,Boston College,Pittsburgh,ACC,ACC,True,,,fbs,fbs,Pittsburgh,Pittsburgh,Pittsburgh,,,,,higher_spi_home_field_adjusted,higher_spi,higher_spi_home_field_adjusted,30.356967624016452,53.46489362057027,27.248,72.752,32.911,67.089,0.067059,preseason_2026,spi_rankings_preseason_2026.csv,136,,False,False,ACC vs ACC
2026,regular,7,401858269,2026-10-17 04:00:00+00:00,California,Wake Forest,ACC,ACC,True,,,fbs,fbs,Wake Forest,Wake Forest,Wake Forest,,,,,higher_spi_home_field_adjusted,higher_spi,higher_spi_home_field_adjusted,49.33554828349477,56.975284138942186,41.953,58.047,48.63,51.37,0.067059,preseason_2026,spi_rankings_preseason_2026.csv,136,,False,False,ACC vs ACC
2026,regular,7,401858490,2026-10-17 04:00:00+00:00,Michigan,Penn State,Big Ten,Big Ten,True,,,fbs,fbs,Michigan,Michigan,Michigan,,,,,higher_spi_home_field_adjusted,higher_spi,higher_spi_home_field_adjusted,66.03072492246395,61.88779963194504,54.391,45.609,60.967,39.033,0.067059,preseason_2026,spi_rankings_preseason_2026.csv,136,,False,False,Big Ten vs Big Ten
2026,regular,7,401858266,2026-10-17 04:00:00+00:00,Duke,North Carolina,ACC,ACC,True,,,fbs,fbs,Duke,Duke,Duke,,,,,higher_spi_home_field_adjusted,higher_spi,higher_spi_home_field_adjusted,63.05393062151976,35.25991390713516,76.517,23.483,81.017,18.983,0.067059,preseason_2026,spi_rankings_preseason_2026.csv,136,,False,False,ACC vs ACC
2026,regular,7,401858265,2026-10-17 04:00:00+00:00,Syracuse,Louisville,ACC,ACC,True,,,fbs,fbs,Louisville,Louisville,Louisville,,,,,higher_spi_home_field_adjusted,higher_spi,higher_spi_home_field_adjusted,33.87711504204498,59.763361084524256,24.971,75.029,30.358,69.642,0.067059,preseason_2026,spi_rankings_preseason_2026.csv,136,,False,False,ACC vs ACC
2026,regular,7,401858264,2026-10-17 04:00:00+00:00,Virginia Tech,Georgia Tech,ACC,ACC,True,,,fbs,fbs,Georgia Tech,Georgia Tech,Georgia Tech,,,,,higher_spi_home_field_adjusted,higher_spi,higher_spi_home_field_adjusted,33.81629649124546,61.914652182713816,23.251,76.749,28.408,71.592,0.067059,preseason_2026,spi_rankings_preseason_2026.csv,136,,False,False,ACC vs ACC
2026,regular,7,401858263,2026-10-17 04:00:00+00:00,Miami,Florida State,ACC,ACC,True,,,fbs,fbs,Miami,Miami,Miami,,,,,higher_spi_home_field_adjusted,higher_spi,higher_spi_home_field_adjusted,81.4436769913458,55.1291467270885,75.369,24.631,80.031,19.969,0.067059,preseason_2026,spi_rankings_preseason_2026.csv,136,,False,False,ACC vs ACC
2026,regular,7,401869957,2026-10-17 04:00:00+00:00,James Madison,Georgia State,Sun Belt,Sun Belt,True,,,fbs,fbs,James Madison,James Madison,James Madison,,,,,higher_spi_home_field_adjusted,higher_spi,higher_spi_home_field_adjusted,72.18940696839009,20.755385320600695,89.898,10.102,92.099,7.901,0.067059,preseason_2026,spi_rankings_preseason_2026.csv,136,,False,False,Sun Belt vs Sun Belt
2026,regular,7,401869934,2026-10-17 04:00:00+00:00,Southern Miss,Arkansas State,Sun Belt,Sun Belt,True,,,fbs,fbs,Southern Miss,Southern Miss,Southern Miss,,,,,higher_spi_home_field_adjusted,higher_spi,higher_spi_home_field_adjusted,41.292437275258656,36.96680062755114,54.583,45.417,61.152,38.848,0.067059,preseason_2026,spi_rankings_preseason_2026.csv,136,,False,False,Sun Belt vs Sun Belt
2026,regular,7,401869966,2026-10-17 04:00:00+00:00,Louisiana,Troy,Sun Belt,Sun Belt,True,,,fbs,fbs,Troy,Troy,Troy,,,,,higher_spi_home_field_adjusted,higher_spi,higher_spi_home_field_adjusted,36.56055836037465,43.3034999619687,42.884,57.116,49.582,50.418,0.067059,preseason_2026,spi_rankings_preseason_2026.csv,136,,False,False,Sun Belt vs Sun Belt
2026,regular,7,401862804,2026-10-17 04:00:00+00:00,UTSA,Navy,American Athletic,American Athletic,True,,,fbs,fbs,Navy,Navy,Navy,,,,,higher_spi_home_field_adjusted,higher_spi,higher_spi_home_field_adjusted,50.75700914526365,67.73990933281475,32.7,67.3,38.891,61.109,0.067059,preseason_2026,spi_rankings_preseason_2026.csv,136,,False,False,American Athletic vs American Athletic
2026,regular,7,401866442,2026-10-17 04:00:00+00:00,Buffalo,Massachusetts,Mid-American,Mid-American,True,,,fbs,fbs,Buffalo,Buffalo,Buffalo,,,,,higher_spi_home_field_adjusted,higher_spi,higher_spi_home_field_adjusted,35.732384134335035,0.0,82.034,17.966,85.674,14.326,0.067059,preseason_2026,spi_rankings_preseason_2026.csv,136,,False,False,Mid-American vs Mid-American
2026,regular,7,401856828,2026-10-17 04:00:00+00:00,Texas Tech,Arizona State,Big 12,Big 12,True,,,fbs,fbs,Texas Tech,Texas Tech,Texas Tech,,,,,higher_spi_home_field_adjusted,higher_spi,higher_spi_home_field_adjusted,84.04794204268366,55.328458471350075,77.217,22.783,81.614,18.386,0.067059,preseason_2026,spi_rankings_preseason_2026.csv,136,,False,False,Big 12 vs Big 12
2026,regular,7,401862805,2026-10-17 04:00:00+00:00,Rice,Tulsa,American Athletic,American Athletic,True,,,fbs,fbs,Rice,Tulsa,Rice,,,,,higher_spi_home_field_adjusted,higher_spi,higher_spi_home_field_adjusted,32.35687646311618,33.77955310136101,48.489,51.511,55.216,44.784,0.067059,preseason_2026,spi_rankings_preseason_2026.csv,136,,False,False,American Athletic vs American Athletic
2026,regular,7,401858494,2026-10-17 04:00:00+00:00,UCLA,Wisconsin,Big Ten,Big Ten,True,,,fbs,fbs,Wisconsin,Wisconsin,Wisconsin,,,,,higher_spi_home_field_adjusted,higher_spi,higher_spi_home_field_adjusted,34.78429471953504,48.11301470274047,36.205,63.795,42.639,57.361,0.067059,preseason_2026,spi_rankings_preseason_2026.csv,136,,False,False,Big Ten vs Big Ten
2026,regular,7,401856809,2026-10-17 04:00:00+00:00,BYU,Notre Dame,Big 12,FBS Independents,False,,,fbs,fbs,BYU,Notre Dame,BYU,,,,,higher_spi_home_field_adjusted,higher_spi,higher_spi_home_field_adjusted,74.20368829645034,79.40868985665563,44.492,55.508,51.216,48.784,0.067059,preseason_2026,spi_rankings_preseason_2026.csv,136,,False,False,Big 12 vs FBS Independents
2026,regular,7,401866445,2026-10-17 04:00:00+00:00,Sacramento State,Ohio,Mid-American,Mid-American,True,,,fbs,fbs,Ohio,Ohio,Ohio,,,,,fbs_vs_fcs_rule,fbs_vs_fcs_rule,fbs_vs_fcs_rule,,52.95891549069096,0.0,100.0,0.0,100.0,0.067059,preseason_2026,spi_rankings_preseason_2026.csv,136,,False,False,Mid-American vs Mid-American
2026,regular,7,401866478,2026-10-17 04:00:00+00:00,Miami (OH),Akron,Mid-American,Mid-American,True,,,fbs,fbs,Miami (OH),Miami (OH),Miami (OH),,,,,higher_spi_home_field_adjusted,higher_spi,higher_spi_home_field_adjusted,33.71178751136635,28.927648744921203,55.066,44.934,61.614,38.386,0.067059,preseason_2026,spi_rankings_preseason_2026.csv,136,,False,False,Mid-American vs Mid-American
2026,regular,7,401866441,2026-10-17 04:00:00+00:00,Bowling Green,Ball State,Mid-American,Mid-American,True,,,fbs,fbs,Bowling Green,Bowling Green,Bowling Green,,,,,higher_spi_home_field_adjusted,higher_spi,higher_spi_home_field_adjusted,26.80857620911763,21.131504365775346,56.003,43.997,62.507,37.493,0.067059,preseason_2026,spi_rankings_preseason_2026.csv,136,,False,False,Mid-American vs Mid-American
2026,regular,7,401856833,2026-10-17 04:00:00+00:00,Colorado,Utah,Big 12,Big 12,True,,,fbs,fbs,Utah,Utah,Utah,,,,,higher_spi_home_field_adjusted,higher_spi,higher_spi_home_field_adjusted,52.5187827953132,79.90984695824888,23.792,76.208,29.023,70.977,0.067059,preseason_2026,spi_rankings_preseason_2026.csv,136,,False,False,Big 12 vs Big 12
2026,regular,7,401862806,2026-10-17 04:00:00+00:00,South Florida,Kent State,American Athletic,Mid-American,False,,,fbs,fbs,South Florida,South Florida,South Florida,,,,,higher_spi_home_field_adjusted,higher_spi,higher_spi_home_field_adjusted,64.0384391137842,29.290788074506256,81.408,18.592,85.153,14.847,0.067059,preseason_2026,spi_rankings_preseason_2026.csv,136,,False,False,American Athletic vs Mid-American
2026,regular,7,401856720,2026-10-17 04:00:00+00:00,LSU,Mississippi State,SEC,SEC,True,,,fbs,fbs,LSU,LSU,LSU,,,,,higher_spi_home_field_adjusted,higher_spi,higher_spi_home_field_adjusted,53.28492239690803,48.860528648712766,54.687,45.313,61.252,38.748,0.067059,preseason_2026,spi_rankings_preseason_2026.csv,136,EARLY: Noon - 1pm ET start,False,False,SEC vs SEC
2026,regular,7,401856723,2026-10-17 04:00:00+00:00,Tennessee,Alabama,SEC,SEC,True,,,fbs,fbs,Alabama,Alabama,Alabama,,,,,higher_spi_home_field_adjusted,higher_spi,higher_spi_home_field_adjusted,60.668490116907336,72.08922144650381,38.098,61.902,44.633,55.367,0.067059,preseason_2026,spi_rankings_preseason_2026.csv,136,FLEX: 3:30 - 4:30pm OR 6 - 8pm ET start,False,False,SEC vs SEC
2026,regular,7,401856721,2026-10-17 04:00:00+00:00,Ole Miss,Missouri,SEC,SEC,True,,,fbs,fbs,Ole Miss,Ole Miss,Ole Miss,,,,,higher_spi_home_field_adjusted,higher_spi,higher_spi_home_field_adjusted,77.3501436748318,60.022559444325715,67.621,32.379,73.229,26.771,0.067059,preseason_2026,spi_rankings_preseason_2026.csv,136,AFTERNOON: 3:30 - 4:30pm ET start,False,False,SEC vs SEC
2026,regular,7,401856722,2026-10-17 04:00:00+00:00,Oklahoma,Kentucky,SEC,SEC,True,,,fbs,fbs,Oklahoma,Oklahoma,Oklahoma,,,,,higher_spi_home_field_adjusted,higher_spi,higher_spi_home_field_adjusted,69.44209698059642,46.14040906149416,72.915,27.085,77.906,22.094,0.067059,preseason_2026,spi_rankings_preseason_2026.csv,136,FLEX: 3:30 - 4:30pm OR 6 - 8pm ET start,False,False,SEC vs SEC
2026,regular,7,401856724,2026-10-17 04:00:00+00:00,Texas,Florida,SEC,SEC,True,,,fbs,fbs,Texas,Texas,Texas,,,,,higher_spi_home_field_adjusted,higher_spi,higher_spi_home_field_adjusted,69.77955646406483,43.562916877840394,75.291,24.709,79.964,20.036,0.067059,preseason_2026,spi_rankings_preseason_2026.csv,136,EARLY: Noon - 1pm ET start,False,False,SEC vs SEC
2026,regular,7,401858491,2026-10-17 04:00:00+00:00,Michigan State,Northwestern,Big Ten,Big Ten,True,,,fbs,fbs,Northwestern,Northwestern,Northwestern,,,,,higher_spi_home_field_adjusted,higher_spi,higher_spi_home_field_adjusted,43.659123524226416,54.664274190964846,38.516,61.484,45.07,54.93,0.067059,preseason_2026,spi_rankings_preseason_2026.csv,136,,False,False,Big Ten vs Big Ten
2026,regular,7,401866444,2026-10-17 04:00:00+00:00,Eastern Michigan,Toledo,Mid-American,Mid-American,True,,,fbs,fbs,Toledo,Toledo,Toledo,,,,,higher_spi_home_field_adjusted,higher_spi,higher_spi_home_field_adjusted,26.431321817561333,52.992506601900594,24.437,75.563,29.755,70.245,0.067059,preseason_2026,spi_rankings_preseason_2026.csv,136,,False,False,Mid-American vs Mid-American
2026,regular,7,401856726,2026-10-17 04:00:00+00:00,Vanderbilt,Arkansas,SEC,SEC,True,,,fbs,fbs,Vanderbilt,Vanderbilt,Vanderbilt,,,,,higher_spi_home_field_adjusted,higher_spi,higher_spi_home_field_adjusted,72.64678964726453,36.87640666293411,82.057,17.943,85.694,14.306,0.067059,preseason_2026,spi_rankings_preseason_2026.csv,136,FLEX: 3:30 - 4:30pm OR 6 - 8pm ET start,False,False,SEC vs SEC
2026,regular,7,401856719,2026-10-17 04:00:00+00:00,Georgia,Auburn,SEC,SEC,True,,,fbs,fbs,Georgia,Georgia,Georgia,,,,,higher_spi_home_field_adjusted,higher_spi,higher_spi_home_field_adjusted,80.61484229722396,48.64871395120542,79.553,20.447,83.595,16.405,0.067059,preseason_2026,spi_rankings_preseason_2026.csv,136,AFTERNOON: 3:30 - 4:30pm ET start,False,False,SEC vs SEC
2026,regular,7,401871091,2026-10-17 04:00:00+00:00,UL Monroe,Louisiana Tech,Sun Belt,Sun Belt,True,,,fbs,fbs,Louisiana Tech,Louisiana Tech,Louisiana Tech,,,,,higher_spi_home_field_adjusted,higher_spi,higher_spi_home_field_adjusted,28.282781398262458,44.616459541316786,33.31,66.69,39.548,60.452,0.067059,preseason_2026,spi_rankings_preseason_2026.csv,136,,False,False,Sun Belt vs Sun Belt
2026,regular,7,401866443,2026-10-17 04:00:00+00:00,Central Michigan,Western Michigan,Mid-American,Mid-American,True,,,fbs,fbs,Western Michigan,Western Michigan,Western Michigan,,,,,higher_spi_home_field_adjusted,higher_spi,higher_spi_home_field_adjusted,39.43320601762919,50.70366266419054,38.249,61.751,44.791,55.209,0.067059,preseason_2026,spi_rankings_preseason_2026.csv,136,,False,False,Mid-American vs Mid-American
2026,regular,7,401856831,2026-10-17 04:00:00+00:00,Houston,Oklahoma State,Big 12,Big 12,True,,,fbs,fbs,Houston,Houston,Houston,,,,,higher_spi_home_field_adjusted,higher_spi,higher_spi_home_field_adjusted,62.101831336643045,19.350638062414177,86.02,13.98,88.961,11.039,0.067059,preseason_2026,spi_rankings_preseason_2026.csv,136,,False,False,Big 12 vs Big 12
2026,regular,7,401856830,2026-10-17 04:00:00+00:00,Kansas State,Kansas,Big 12,Big 12,True,,,fbs,fbs,Kansas State,Kansas State,Kansas State,,,,,higher_spi_home_field_adjusted,higher_spi,higher_spi_home_field_adjusted,51.032439334524696,47.51301066199033,53.732,46.268,60.335,39.665,0.067059,preseason_2026,spi_rankings_preseason_2026.csv,136,,False,False,Big 12 vs Big 12
2026,regular,7,401862802,2026-10-17 16:00:00+00:00,Army,Florida Atlantic,American Athletic,American Athletic,True,,,fbs,fbs,Army,Army,Army,,,,,higher_spi_home_field_adjusted,higher_spi,higher_spi_home_field_adjusted,47.30742337069569,33.47466386985975,64.288,35.712,70.219,29.781,0.067059,preseason_2026,spi_rankings_preseason_2026.csv,136,,False,False,American Athletic vs American Athletic
2026,regular,7,401856725,2026-10-17 17:00:00+00:00,Texas A&M,The Citadel,SEC,Southern,False,,,fbs,fcs,Texas A&M,Texas A&M,Texas A&M,,,,,fbs_vs_fcs_rule,fbs_vs_fcs_rule,fbs_vs_fcs_rule,72.4054629070378,,100.0,0.0,100.0,0.0,0.067059,preseason_2026,spi_rankings_preseason_2026.csv,136,,False,False,SEC vs Southern
2026,regular,7,401864522,2026-10-17 19:30:00+00:00,Wyoming,Northern Illinois,Mountain West,Mountain West,True,,,fbs,fbs,Wyoming,Wyoming,Wyoming,,,,,higher_spi_home_field_adjusted,higher_spi,higher_spi_home_field_adjusted,32.12145460835609,21.69915317221182,60.896,39.104,67.102,32.898,0.067059,preseason_2026,spi_rankings_preseason_2026.csv,136,,False,False,Mountain West vs Mountain West
2026,regular,7,401864524,2026-10-17 19:30:00+00:00,Air Force,UNLV,Mountain West,Mountain West,True,,,fbs,fbs,UNLV,UNLV,UNLV,,,,,higher_spi_home_field_adjusted,higher_spi,higher_spi_home_field_adjusted,39.66462459161762,54.64615499325283,34.599,65.401,40.93,59.07,0.067059,preseason_2026,spi_rankings_preseason_2026.csv,136,,False,False,Mountain West vs Mountain West
2026,regular,7,401860903,2026-10-17 22:00:00+00:00,Oregon State,Washington State,Pac-12,Pac-12,True,,,fbs,fbs,Washington State,Washington State,Washington State,,,,,higher_spi_home_field_adjusted,higher_spi,higher_spi_home_field_adjusted,29.12333309551166,50.39210587637901,28.825,71.175,34.659,65.341,0.067059,preseason_2026,spi_rankings_preseason_2026.csv,136,,False,False,Pac-12 vs Pac-12
2026,regular,7,401864520,2026-10-17 23:00:00+00:00,North Dakota State,Nevada,Mountain West,Mountain West,True,,,fbs,fbs,Nevada,Nevada,Nevada,,,,,fbs_vs_fcs_rule,fbs_vs_fcs_rule,fbs_vs_fcs_rule,,22.46968595887032,0.0,100.0,0.0,100.0,0.067059,preseason_2026,spi_rankings_preseason_2026.csv,136,,False,False,Mountain West vs Mountain West
2026,regular,7,401858262,2026-10-17 23:30:00+00:00,Stanford,Elon,ACC,Coastal Athletic,False,,,fbs,fcs,Stanford,Stanford,Stanford,,,,,fbs_vs_fcs_rule,fbs_vs_fcs_rule,fbs_vs_fcs_rule,34.362731569534205,,100.0,0.0,100.0,0.0,0.067059,preseason_2026,spi_rankings_preseason_2026.csv,136,,False,False,ACC vs Coastal Athletic
2026,regular,7,401864523,2026-10-18 01:00:00+00:00,UTEP,San José State,Mountain West,Mountain West,True,,,fbs,fbs,UTEP,San José State,UTEP,,,,,higher_spi_home_field_adjusted,higher_spi,higher_spi_home_field_adjusted,24.108683570799027,27.73283562877278,46.157,53.843,52.893,47.107,0.067059,preseason_2026,spi_rankings_preseason_2026.csv,136,,False,False,Mountain West vs Mountain West
2026,regular,7,401860904,2026-10-18 02:30:00+00:00,San Diego State,Fresno State,Pac-12,Pac-12,True,,,fbs,fbs,San Diego State,San Diego State,San Diego State,,,,,higher_spi_home_field_adjusted,higher_spi,higher_spi_home_field_adjusted,53.45407348929518,50.97209727366645,52.635,47.365,59.275,40.725,0.067059,preseason_2026,spi_rankings_preseason_2026.csv,136,,False,False,Pac-12 vs Pac-12
2026,regular,8,401871055,2026-10-20 23:00:00+00:00,Florida International,Middle Tennessee,Conference USA,Conference USA,True,,,fbs,fbs,Florida International,Florida International,Florida International,,,,,higher_spi_home_field_adjusted,higher_spi,higher_spi_home_field_adjusted,42.29445778135238,25.935677165051057,66.713,33.287,72.414,27.586,0.067059,preseason_2026,spi_rankings_preseason_2026.csv,136,,False,False,Conference USA vs Conference USA
2026,regular,8,401871069,2026-10-20 23:00:00+00:00,Delaware,Missouri State,Conference USA,Conference USA,True,,,fbs,fbs,Delaware,Missouri State,Delaware,,,,,higher_spi_home_field_adjusted,higher_spi,higher_spi_home_field_adjusted,39.720155437367346,44.7268146401007,44.7,55.3,51.427,48.573,0.067059,preseason_2026,spi_rankings_preseason_2026.csv,136,,False,False,Conference USA vs Conference USA
2026,regular,8,401871092,2026-10-20 23:30:00+00:00,Marshall,South Alabama,Sun Belt,Sun Belt,True,,,fbs,fbs,Marshall,Marshall,Marshall,,,,,higher_spi_home_field_adjusted,higher_spi,higher_spi_home_field_adjusted,37.70800475537429,36.30045475956572,51.495,48.505,58.168,41.832,0.067059,preseason_2026,spi_rankings_preseason_2026.csv,136,,False,False,Sun Belt vs Sun Belt
2026,regular,8,401871070,2026-10-22 00:00:00+00:00,Sam Houston,New Mexico State,Conference USA,Conference USA,True,,,fbs,fbs,New Mexico State,New Mexico State,New Mexico State,,,,,higher_spi_home_field_adjusted,higher_spi,higher_spi_home_field_adjusted,14.484956137666089,26.12941189303164,37.874,62.126,44.398,55.602,0.067059,preseason_2026,spi_rankings_preseason_2026.csv,136,,False,False,Conference USA vs Conference USA
2026,regular,8,401871056,2026-10-22 23:00:00+00:00,Kennesaw State,Liberty,Conference USA,Conference USA,True,,,fbs,fbs,Kennesaw State,Kennesaw State,Kennesaw State,,,,,higher_spi_home_field_adjusted,higher_spi,higher_spi_home_field_adjusted,57.36695846103969,32.39054671402152,74.298,25.702,79.107,20.893,0.067059,preseason_2026,spi_rankings_preseason_2026.csv,136,,False,False,Conference USA vs Conference USA
2026,regular,8,401869845,2026-10-22 23:00:00+00:00,App State,James Madison,Sun Belt,Sun Belt,True,,,fbs,fbs,James Madison,James Madison,James Madison,,,,,higher_spi_home_field_adjusted,higher_spi,higher_spi_home_field_adjusted,31.03599031883539,72.18940696839009,14.817,85.183,18.555,81.445,0.067059,preseason_2026,spi_rankings_preseason_2026.csv,136,,False,False,Sun Belt vs Sun Belt
2026,regular,8,401862807,2026-10-22 23:30:00+00:00,Memphis,East Carolina,American Athletic,American Athletic,True,,,fbs,fbs,East Carolina,East Carolina,East Carolina,,,,,higher_spi_home_field_adjusted,higher_spi,higher_spi_home_field_adjusted,54.095894750063614,63.94920900693176,39.681,60.319,46.284,53.716,0.067059,preseason_2026,spi_rankings_preseason_2026.csv,136,,False,False,American Athletic vs American Athletic
2026,regular,8,401858271,2026-10-23 23:00:00+00:00,Virginia,Duke,ACC,ACC,True,,,fbs,fbs,Virginia,Virginia,Virginia,,,,,higher_spi_home_field_adjusted,higher_spi,higher_spi_home_field_adjusted,65.518663732325,63.05393062151976,52.616,47.384,59.257,40.743,0.067059,preseason_2026,spi_rankings_preseason_2026.csv,136,,False,False,ACC vs ACC
2026,regular,8,401861965,2026-10-23 23:00:00+00:00,UConn,Massachusetts,FBS Independents,Mid-American,False,,,fbs,fbs,UConn,UConn,UConn,,,,,higher_spi_home_field_adjusted,higher_spi,higher_spi_home_field_adjusted,55.02961235400574,0.0,91.204,8.796,93.141,6.859,0.067059,preseason_2026,spi_rankings_preseason_2026.csv,136,,False,False,FBS Independents vs Mid-American
2026,regular,8,401862808,2026-10-24 00:30:00+00:00,Tulsa,Army,American Athletic,American Athletic,True,,,fbs,fbs,Army,Army,Army,,,,,higher_spi_home_field_adjusted,higher_spi,higher_spi_home_field_adjusted,33.77955310136101,47.30742337069569,36.01,63.99,42.432,57.568,0.067059,preseason_2026,spi_rankings_preseason_2026.csv,136,,False,False,American Athletic vs American Athletic
2026,regular,8,401864525,2026-10-24 01:00:00+00:00,Wyoming,Air Force,Mountain West,Mountain West,True,,,fbs,fbs,Air Force,Air Force,Air Force,,,,,higher_spi_home_field_adjusted,higher_spi,higher_spi_home_field_adjusted,32.12145460835609,39.66462459161762,42.053,57.947,48.732,51.268,0.067059,preseason_2026,spi_rankings_preseason_2026.csv,136,,False,False,Mountain West vs Mountain West
2026,regular,8,401858272,2026-10-24 02:30:00+00:00,Stanford,NC State,ACC,ACC,True,,,fbs,fbs,NC State,NC State,NC State,,,,,higher_spi_home_field_adjusted,higher_spi,higher_spi_home_field_adjusted,34.362731569534205,61.00491592325077,24.374,75.626,29.683,70.317,0.067059,preseason_2026,spi_rankings_preseason_2026.csv,136,,False,False,ACC vs ACC
2026,regular,8,401856836,2026-10-24 04:00:00+00:00,Oklahoma State,Colorado,Big 12,Big 12,True,,,fbs,fbs,Colorado,Colorado,Colorado,,,,,higher_spi_home_field_adjusted,higher_spi,higher_spi_home_field_adjusted,19.350638062414177,52.5187827953132,19.629,80.371,24.236,75.764,0.067059,preseason_2026,spi_rankings_preseason_2026.csv,136,,False,False,Big 12 vs Big 12
2026,regular,8,401858276,2026-10-24 04:00:00+00:00,Clemson,Virginia Tech,ACC,ACC,True,,,fbs,fbs,Clemson,Clemson,Clemson,,,,,higher_spi_home_field_adjusted,higher_spi,higher_spi_home_field_adjusted,51.31539767782347,33.81629649124546,67.781,32.219,73.372,26.628,0.067059,preseason_2026,spi_rankings_preseason_2026.csv,136,,False,False,ACC vs ACC
2026,regular,8,401858274,2026-10-24 04:00:00+00:00,Miami,Pittsburgh,ACC,ACC,True,,,fbs,fbs,Miami,Miami,Miami,,,,,higher_spi_home_field_adjusted,higher_spi,higher_spi_home_field_adjusted,81.4436769913458,53.46489362057027,76.658,23.342,81.137,18.863,0.067059,preseason_2026,spi_rankings_preseason_2026.csv,136,,False,False,ACC vs ACC
2026,regular,8,401862811,2026-10-24 04:00:00+00:00,Tulane,UTSA,American Athletic,American Athletic,True,,,fbs,fbs,Tulane,Tulane,Tulane,,,,,higher_spi_home_field_adjusted,higher_spi,higher_spi_home_field_adjusted,65.60687847574107,50.75700914526365,65.274,34.726,71.115,28.885,0.067059,preseason_2026,spi_rankings_preseason_2026.csv,136,,False,False,American Athletic vs American Athletic
2026,regular,8,401866447,2026-10-24 04:00:00+00:00,Ball State,Sacramento State,Mid-American,Mid-American,True,,,fbs,fbs,Ball State,Ball State,Ball State,,,,,fbs_vs_fcs_rule,fbs_vs_fcs_rule,fbs_vs_fcs_rule,21.131504365775346,,100.0,0.0,100.0,0.0,0.067059,preseason_2026,spi_rankings_preseason_2026.csv,136,,False,False,Mid-American vs Mid-American
2026,regular,8,401862809,2026-10-24 04:00:00+00:00,Florida Atlantic,Rice,American Athletic,American Athletic,True,,,fbs,fbs,Florida Atlantic,Florida Atlantic,Florida Atlantic,,,,,higher_spi_home_field_adjusted,higher_spi,higher_spi_home_field_adjusted,33.47466386985975,32.35687646311618,51.187,48.813,57.868,42.132,0.067059,preseason_2026,spi_rankings_preseason_2026.csv,136,,False,False,American Athletic vs American Athletic
2026,regular,8,401856837,2026-10-24 04:00:00+00:00,Utah,Houston,Big 12,Big 12,True,,,fbs,fbs,Utah,Utah,Utah,,,,,higher_spi_home_field_adjusted,higher_spi,higher_spi_home_field_adjusted,79.90984695824888,62.101831336643045,68.067,31.933,73.628,26.372,0.067059,preseason_2026,spi_rankings_preseason_2026.csv,136,,False,False,Big 12 vs Big 12
2026,regular,8,401856835,2026-10-24 04:00:00+00:00,UCF,BYU,Big 12,Big 12,True,,,fbs,fbs,BYU,BYU,BYU,,,,,higher_spi_home_field_adjusted,higher_spi,higher_spi_home_field_adjusted,42.64080749222179,74.20368829645034,20.728,79.272,25.511,74.489,0.067059,preseason_2026,spi_rankings_preseason_2026.csv,136,,False,False,Big 12 vs Big 12
2026,regular,8,401858275,2026-10-24 04:00:00+00:00,North Carolina,Syracuse,ACC,ACC,True,,,fbs,fbs,North Carolina,North Carolina,North Carolina,,,,,higher_spi_home_field_adjusted,higher_spi,higher_spi_home_field_adjusted,35.25991390713516,33.87711504204498,51.469,48.531,58.143,41.857,0.067059,preseason_2026,spi_rankings_preseason_2026.csv,136,,False,False,ACC vs ACC
2026,regular,8,401856841,2026-10-24 04:00:00+00:00,TCU,West Virginia,Big 12,Big 12,True,,,fbs,fbs,TCU,TCU,TCU,,,,,higher_spi_home_field_adjusted,higher_spi,higher_spi_home_field_adjusted,65.56954828015526,41.00086530063937,73.965,26.035,78.819,21.181,0.067059,preseason_2026,spi_rankings_preseason_2026.csv,136,,False,False,Big 12 vs Big 12
2026,regular,8,401858273,2026-10-24 04:00:00+00:00,Georgia Tech,Boston College,ACC,ACC,True,,,fbs,fbs,Georgia Tech,Georgia Tech,Georgia Tech,,,,,higher_spi_home_field_adjusted,higher_spi,higher_spi_home_field_adjusted,61.914652182713816,30.356967624016452,79.269,20.731,83.356,16.644,0.067059,preseason_2026,spi_rankings_preseason_2026.csv,136,,False,False,ACC vs ACC
2026,regular,8,401856731,2026-10-24 04:00:00+00:00,South Carolina,Tennessee,SEC,SEC,True,,,fbs,fbs,Tennessee,Tennessee,Tennessee,,,,,higher_spi_home_field_adjusted,higher_spi,higher_spi_home_field_adjusted,44.362372016765114,60.668490116907336,33.336,66.664,39.576,60.424,0.067059,preseason_2026,spi_rankings_preseason_2026.csv,136,AFTERNOON: 3:30 - 4:30pm ET start,False,False,SEC vs SEC
2026,regular,8,401856727,2026-10-24 04:00:00+00:00,Alabama,Texas A&M,SEC,SEC,True,,,fbs,fbs,Alabama,Texas A&M,Alabama,,,,,higher_spi_home_field_adjusted,higher_spi,higher_spi_home_field_adjusted,72.08922144650381,72.4054629070378,49.664,50.336,56.376,43.624,0.067059,preseason_2026,spi_rankings_preseason_2026.csv,136,FLEX: 3:30 - 4:30pm OR 6 - 8pm ET start,False,False,SEC vs SEC
2026,regular,8,401856729,2026-10-24 04:00:00+00:00,Kentucky,Vanderbilt,SEC,SEC,True,,,fbs,fbs,Vanderbilt,Vanderbilt,Vanderbilt,,,,,higher_spi_home_field_adjusted,higher_spi,higher_spi_home_field_adjusted,46.14040906149416,72.64678964726453,24.48,75.52,29.804,70.196,0.067059,preseason_2026,spi_rankings_preseason_2026.csv,136,NIGHT: 6 - 8pm ET start,False,False,SEC vs SEC
2026,regular,8,401856730,2026-10-24 04:00:00+00:00,Mississippi State,Oklahoma,SEC,SEC,True,,,fbs,fbs,Oklahoma,Oklahoma,Oklahoma,,,,,higher_spi_home_field_adjusted,higher_spi,higher_spi_home_field_adjusted,48.860528648712766,69.44209698059642,29.427,70.573,35.323,64.677,0.067059,preseason_2026,spi_rankings_preseason_2026.csv,136,FLEX: 3:30 - 4:30pm OR 6 - 8pm ET start,False,False,SEC vs SEC
2026,regular,8,401856732,2026-10-24 04:00:00+00:00,Texas,Ole Miss,SEC,SEC,True,,,fbs,fbs,Ole Miss,Ole Miss,Ole Miss,,,,,higher_spi_home_field_adjusted,higher_spi,higher_spi_home_field_adjusted,69.77955646406483,77.3501436748318,42.025,57.975,48.703,51.297,0.067059,preseason_2026,spi_rankings_preseason_2026.csv,136,FLEX: 3:30 - 4:30pm OR 6 - 8pm ET start,False,False,SEC vs SEC
2026,regular,8,401866450,2026-10-24 04:00:00+00:00,Toledo,Western Michigan,Mid-American,Mid-American,True,,,fbs,fbs,Toledo,Toledo,Toledo,,,,,higher_spi_home_field_adjusted,higher_spi,higher_spi_home_field_adjusted,52.992506601900594,50.70366266419054,52.43,47.57,59.077,40.923,0.067059,preseason_2026,spi_rankings_preseason_2026.csv,136,,False,False,Mid-American vs Mid-American
2026,regular,8,401866449,2026-10-24 04:00:00+00:00,Ohio,Eastern Michigan,Mid-American,Mid-American,True,,,fbs,fbs,Ohio,Ohio,Ohio,,,,,higher_spi_home_field_adjusted,higher_spi,higher_spi_home_field_adjusted,52.95891549069096,26.431321817561333,75.536,24.464,80.175,19.825,0.067059,preseason_2026,spi_rankings_preseason_2026.csv,136,,False,False,Mid-American vs Mid-American
2026,regular,8,401866446,2026-10-24 04:00:00+00:00,Kent State,Akron,Mid-American,Mid-American,True,,,fbs,fbs,Kent State,Kent State,Kent State,,,,,higher_spi_home_field_adjusted,higher_spi,higher_spi_home_field_adjusted,29.290788074506256,28.927648744921203,50.386,49.614,57.084,42.916,0.067059,preseason_2026,spi_rankings_preseason_2026.csv,136,,False,False,Mid-American vs Mid-American
2026,regular,8,401866476,2026-10-24 04:00:00+00:00,Central Michigan,Miami (OH),Mid-American,Mid-American,True,,,fbs,fbs,Central Michigan,Central Michigan,Central Michigan,,,,,higher_spi_home_field_adjusted,higher_spi,higher_spi_home_field_adjusted,39.43320601762919,33.71178751136635,56.049,43.951,62.551,37.449,0.067059,preseason_2026,spi_rankings_preseason_2026.csv,136,,False,False,Mid-American vs Mid-American
2026,regular,8,401866448,2026-10-24 04:00:00+00:00,Buffalo,Bowling Green,Mid-American,Mid-American,True,,,fbs,fbs,Buffalo,Buffalo,Buffalo,,,,,higher_spi_home_field_adjusted,higher_spi,higher_spi_home_field_adjusted,35.732384134335035,26.80857620911763,59.37,40.63,65.681,34.319,0.067059,preseason_2026,spi_rankings_preseason_2026.csv,136,,False,False,Mid-American vs Mid-American
2026,regular,8,401858495,2026-10-24 04:00:00+00:00,Illinois,Oregon,Big Ten,Big Ten,True,,,fbs,fbs,Oregon,Oregon,Oregon,,,,,higher_spi_home_field_adjusted,higher_spi,higher_spi_home_field_adjusted,64.95353582816352,85.98699967204186,29.03,70.97,34.886,65.114,0.067059,preseason_2026,spi_rankings_preseason_2026.csv,136,,False,False,Big Ten vs Big Ten
2026,regular,8,401858497,2026-10-24 04:00:00+00:00,Minnesota,Iowa,Big Ten,Big Ten,True,,,fbs,fbs,Iowa,Iowa,Iowa,,,,,higher_spi_home_field_adjusted,higher_spi,higher_spi_home_field_adjusted,54.76296165411433,67.8320546772824,36.46,63.54,42.909,57.091,0.067059,preseason_2026,spi_rankings_preseason_2026.csv,136,,False,False,Big Ten vs Big Ten
2026,regular,8,401871093,2026-10-24 04:00:00+00:00,Louisiana Tech,Old Dominion,Sun Belt,Sun Belt,True,,,fbs,fbs,Old Dominion,Old Dominion,Old Dominion,,,,,higher_spi_home_field_adjusted,higher_spi,higher_spi_home_field_adjusted,44.616459541316786,64.41484114656049,30.123,69.877,36.087,63.913,0.067059,preseason_2026,spi_rankings_preseason_2026.csv,136,,False,False,Sun Belt vs Sun Belt
2026,regular,8,401858498,2026-10-24 04:00:00+00:00,Northwestern,Rutgers,Big Ten,Big Ten,True,,,fbs,fbs,Northwestern,Northwestern,Northwestern,,,,,higher_spi_home_field_adjusted,higher_spi,higher_spi_home_field_adjusted,54.664274190964846,47.5547734274298,57.497,42.503,63.923,36.077,0.067059,preseason_2026,spi_rankings_preseason_2026.csv,136,,False,False,Big Ten vs Big Ten
2026,regular,8,401869967,2026-10-24 04:00:00+00:00,Southern Miss,Louisiana,Sun Belt,Sun Belt,True,,,fbs,fbs,Southern Miss,Southern Miss,Southern Miss,,,,,higher_spi_home_field_adjusted,higher_spi,higher_spi_home_field_adjusted,41.292437275258656,36.56055836037465,55.011,44.989,61.561,38.439,0.067059,preseason_2026,spi_rankings_preseason_2026.csv,136,,False,False,Sun Belt vs Sun Belt
2026,regular,8,401871094,2026-10-24 04:00:00+00:00,Troy,UL Monroe,Sun Belt,Sun Belt,True,,,fbs,fbs,Troy,Troy,Troy,,,,,higher_spi_home_field_adjusted,higher_spi,higher_spi_home_field_adjusted,43.3034999619687,28.282781398262458,65.439,34.561,71.264,28.736,0.067059,preseason_2026,spi_rankings_preseason_2026.csv,136,,False,False,Sun Belt vs Sun Belt
2026,regular,8,401858499,2026-10-24 04:00:00+00:00,UCLA,Michigan State,Big Ten,Big Ten,True,,,fbs,fbs,Michigan State,Michigan State,Michigan State,,,,,higher_spi_home_field_adjusted,higher_spi,higher_spi_home_field_adjusted,34.78429471953504,43.659123524226416,40.681,59.319,47.32,52.68,0.067059,preseason_2026,spi_rankings_preseason_2026.csv,136,,False,False,Big Ten vs Big Ten
2026,regular,8,401858496,2026-10-24 04:00:00+00:00,Michigan,Indiana,Big Ten,Big Ten,True,,,fbs,fbs,Indiana,Indiana,Indiana,,,,,higher_spi_home_field_adjusted,higher_spi,higher_spi_home_field_adjusted,66.03072492246395,100.0,19.097,80.903,23.616,76.384,0.067059,preseason_2026,spi_rankings_preseason_2026.csv,136,,False,False,Big Ten vs Big Ten
2026,regular,8,401858500,2026-10-24 04:00:00+00:00,Wisconsin,USC,Big Ten,Big Ten,True,,,fbs,fbs,USC,USC,USC,,,,,higher_spi_home_field_adjusted,higher_spi,higher_spi_home_field_adjusted,48.11301470274047,70.13310964705855,28.174,71.826,33.939,66.061,0.067059,preseason_2026,spi_rankings_preseason_2026.csv,136,,False,False,Big Ten vs Big Ten
2026,regular,8,401858270,2026-10-24 04:00:00+00:00,SMU,California,ACC,ACC,True,,,fbs,fbs,SMU,SMU,SMU,,,,,higher_spi_home_field_adjusted,higher_spi,higher_spi_home_field_adjusted,63.72564498222339,49.33554828349477,64.83,35.17,70.712,29.288,0.067059,preseason_2026,spi_rankings_preseason_2026.csv,136,,False,False,ACC vs ACC
2026,regular,8,401864526,2026-10-24 04:00:00+00:00,Northern Illinois,Hawai'i,Mountain West,Mountain West,True,,,fbs,fbs,Hawai'i,Hawai'i,Hawai'i,,,,,higher_spi_home_field_adjusted,higher_spi,higher_spi_home_field_adjusted,21.69915317221182,51.33097583679728,22.109,77.891,27.101,72.899,0.067059,preseason_2026,spi_rankings_preseason_2026.csv,136,,False,False,Mountain West vs Mountain West
2026,regular,8,401856839,2026-10-24 04:00:00+00:00,Arizona State,Kansas State,Big 12,Big 12,True,,,fbs,fbs,Arizona State,Arizona State,Arizona State,,,,,higher_spi_home_field_adjusted,higher_spi,higher_spi_home_field_adjusted,55.328458471350075,51.032439334524696,54.552,45.448,61.122,38.878,0.067059,preseason_2026,spi_rankings_preseason_2026.csv,136,,False,False,Big 12 vs Big 12
2026,regular,8,401856834,2026-10-24 04:00:00+00:00,Kansas,Baylor,Big 12,Big 12,True,,,fbs,fbs,Kansas,Kansas,Kansas,,,,,higher_spi_home_field_adjusted,higher_spi,higher_spi_home_field_adjusted,47.51301066199033,46.1270150888027,51.472,48.528,58.146,41.854,0.067059,preseason_2026,spi_rankings_preseason_2026.csv,136,,False,False,Big 12 vs Big 12
2026,regular,8,401856838,2026-10-24 04:00:00+00:00,Arizona,Iowa State,Big 12,Big 12,True,,,fbs,fbs,Arizona,Arizona,Arizona,,,,,higher_spi_home_field_adjusted,higher_spi,higher_spi_home_field_adjusted,65.69302834002899,62.70258494324692,53.173,46.827,59.796,40.204,0.067059,preseason_2026,spi_rankings_preseason_2026.csv,136,,False,False,Big 12 vs Big 12
2026,regular,8,401856840,2026-10-24 04:00:00+00:00,Cincinnati,Texas Tech,Big 12,Big 12,True,,,fbs,fbs,Texas Tech,Texas Tech,Texas Tech,,,,,higher_spi_home_field_adjusted,higher_spi,higher_spi_home_field_adjusted,55.6628487391671,84.04794204268366,23.034,76.966,28.161,71.839,0.067059,preseason_2026,spi_rankings_preseason_2026.csv,136,,False,False,Big 12 vs Big 12
2026,regular,8,401856728,2026-10-24 16:00:00+00:00,Auburn,LSU,SEC,SEC,True,,,fbs,fbs,Auburn,LSU,Auburn,,,,,higher_spi_home_field_adjusted,higher_spi,higher_spi_home_field_adjusted,48.64871395120542,53.28492239690803,45.09,54.91,51.82,48.18,0.067059,preseason_2026,spi_rankings_preseason_2026.csv,136,,False,False,SEC vs SEC
2026,regular,8,401862810,2026-10-24 19:30:00+00:00,Navy,North Texas,American Athletic,American Athletic,True,,,fbs,fbs,North Texas,North Texas,North Texas,,,,,higher_spi_home_field_adjusted,higher_spi,higher_spi_home_field_adjusted,67.73990933281475,74.47142988087174,42.896,57.104,49.594,50.406,0.067059,preseason_2026,spi_rankings_preseason_2026.csv,136,,False,False,American Athletic vs American Athletic
2026,regular,8,401864528,2026-10-24 21:00:00+00:00,Nevada,San José State,Mountain West,Mountain West,True,,,fbs,fbs,Nevada,San José State,Nevada,,,,,higher_spi_home_field_adjusted,higher_spi,higher_spi_home_field_adjusted,22.46968595887032,27.73283562877278,44.431,55.569,51.154,48.846,0.067059,preseason_2026,spi_rankings_preseason_2026.csv,136,,False,False,Mountain West vs Mountain West
2026,regular,8,401860907,2026-10-24 22:00:00+00:00,Washington State,Boise State,Pac-12,Pac-12,True,,,fbs,fbs,Boise State,Boise State,Boise State,,,,,higher_spi_home_field_adjusted,higher_spi,higher_spi_home_field_adjusted,50.39210587637901,56.844424952284015,43.187,56.813,49.891,50.109,0.067059,preseason_2026,spi_rankings_preseason_2026.csv,136,,False,False,Pac-12 vs Pac-12
2026,regular,8,401860905,2026-10-24 22:30:00+00:00,Colorado State,San Diego State,Pac-12,Pac-12,True,,,fbs,fbs,San Diego State,San Diego State,San Diego State,,,,,higher_spi_home_field_adjusted,higher_spi,higher_spi_home_field_adjusted,26.588436394624736,53.45407348929518,24.199,75.801,29.485,70.515,0.067059,preseason_2026,spi_rankings_preseason_2026.csv,136,,False,False,Pac-12 vs Pac-12
2026,regular,8,401869935,2026-10-24 23:00:00+00:00,Arkansas State,Georgia State,Sun Belt,Sun Belt,True,,,fbs,fbs,Arkansas State,Arkansas State,Arkansas State,,,,,higher_spi_home_field_adjusted,higher_spi,higher_spi_home_field_adjusted,36.96680062755114,20.755385320600695,66.574,33.426,72.289,27.711,0.067059,preseason_2026,spi_rankings_preseason_2026.csv,136,,False,False,Sun Belt vs Sun Belt
2026,regular,8,401860906,2026-10-24 23:30:00+00:00,Texas State,Utah State,Pac-12,Pac-12,True,,,fbs,fbs,Texas State,Texas State,Texas State,,,,,higher_spi_home_field_adjusted,higher_spi,higher_spi_home_field_adjusted,48.88992568241906,46.11517401571138,52.945,47.055,59.575,40.425,0.067059,preseason_2026,spi_rankings_preseason_2026.csv,136,,False,False,Pac-12 vs Pac-12
2026,regular,8,401864527,2026-10-25 02:00:00+00:00,New Mexico,North Dakota State,Mountain West,Mountain West,True,,,fbs,fbs,New Mexico,New Mexico,New Mexico,,,,,fbs_vs_fcs_rule,fbs_vs_fcs_rule,fbs_vs_fcs_rule,55.31021797579682,,100.0,0.0,100.0,0.0,0.067059,preseason_2026,spi_rankings_preseason_2026.csv,136,,False,False,Mountain West vs Mountain West
2026,regular,9,401871071,2026-10-27 23:00:00+00:00,Western Kentucky,Delaware,Conference USA,Conference USA,True,,,fbs,fbs,Western Kentucky,Western Kentucky,Western Kentucky,,,,,higher_spi_home_field_adjusted,higher_spi,higher_spi_home_field_adjusted,51.76852111202271,39.720155437367346,62.529,37.471,68.609,31.391,0.067059,preseason_2026,spi_rankings_preseason_2026.csv,136,,False,False,Conference USA vs Conference USA
2026,regular,9,401871072,2026-10-28 00:00:00+00:00,Missouri State,Sam Houston,Conference USA,Conference USA,True,,,fbs,fbs,Missouri State,Missouri State,Missouri State,,,,,higher_spi_home_field_adjusted,higher_spi,higher_spi_home_field_adjusted,44.7268146401007,14.484956137666089,78.335,21.665,82.565,17.435,0.067059,preseason_2026,spi_rankings_preseason_2026.csv,136,,False,False,Conference USA vs Conference USA
2026,regular,9,401871058,2026-10-28 23:00:00+00:00,Middle Tennessee,Kennesaw State,Conference USA,Conference USA,True,,,fbs,fbs,Kennesaw State,Kennesaw State,Kennesaw State,,,,,higher_spi_home_field_adjusted,higher_spi,higher_spi_home_field_adjusted,25.935677165051057,57.36695846103969,20.82,79.18,25.617,74.383,0.067059,preseason_2026,spi_rankings_preseason_2026.csv,136,,False,False,Conference USA vs Conference USA
2026,regular,9,401871057,2026-10-29 00:00:00+00:00,New Mexico State,Jacksonville State,Conference USA,Conference USA,True,,,fbs,fbs,Jacksonville State,Jacksonville State,Jacksonville State,,,,,higher_spi_home_field_adjusted,higher_spi,higher_spi_home_field_adjusted,26.12941189303164,44.69313287136374,31.239,68.761,37.306,62.694,0.067059,preseason_2026,spi_rankings_preseason_2026.csv,136,,False,False,Conference USA vs Conference USA
2026,regular,9,401862812,2026-10-29 23:30:00+00:00,North Texas,Florida Atlantic,American Athletic,American Athletic,True,,,fbs,fbs,North Texas,North Texas,North Texas,,,,,higher_spi_home_field_adjusted,higher_spi,higher_spi_home_field_adjusted,74.47142988087174,33.47466386985975,85.099,14.901,88.207,11.793,0.067059,preseason_2026,spi_rankings_preseason_2026.csv,136,,False,False,American Athletic vs American Athletic
2026,regular,9,401869963,2026-10-29 23:30:00+00:00,James Madison,Troy,Sun Belt,Sun Belt,True,,,fbs,fbs,James Madison,James Madison,James Madison,,,,,higher_spi_home_field_adjusted,higher_spi,higher_spi_home_field_adjusted,72.18940696839009,43.3034999619687,77.341,22.659,81.72,18.28,0.067059,preseason_2026,spi_rankings_preseason_2026.csv,136,,False,False,Sun Belt vs Sun Belt
2026,regular,9,401862813,2026-10-30 23:00:00+00:00,Charlotte,Tulane,American Athletic,American Athletic,True,,,fbs,fbs,Tulane,Tulane,Tulane,,,,,higher_spi_home_field_adjusted,higher_spi,higher_spi_home_field_adjusted,15.679603015598964,65.60687847574107,10.699,89.301,13.563,86.437,0.067059,preseason_2026,spi_rankings_preseason_2026.csv,136,,False,False,American Athletic vs American Athletic
2026,regular,9,401856844,2026-10-30 23:30:00+00:00,UCF,Baylor,Big 12,Big 12,True,,,fbs,fbs,UCF,Baylor,UCF,,,,,higher_spi_home_field_adjusted,higher_spi,higher_spi_home_field_adjusted,42.64080749222179,46.1270150888027,46.303,53.697,53.039,46.961,0.067059,preseason_2026,spi_rankings_preseason_2026.csv,136,,False,False,Big 12 vs Big 12
2026,regular,9,401866451,2026-10-31 02:30:00+00:00,Sacramento State,Kent State,Mid-American,Mid-American,True,,,fbs,fbs,Kent State,Kent State,Kent State,,,,,fbs_vs_fcs_rule,fbs_vs_fcs_rule,fbs_vs_fcs_rule,,29.290788074506256,0.0,100.0,0.0,100.0,0.067059,preseason_2026,spi_rankings_preseason_2026.csv,136,,False,False,Mid-American vs Mid-American
2026,regular,9,401858507,2026-10-31 04:00:00+00:00,Rutgers,Michigan,Big Ten,Big Ten,True,,,fbs,fbs,Michigan,Michigan,Michigan,,,,,higher_spi_home_field_adjusted,higher_spi,higher_spi_home_field_adjusted,47.5547734274298,66.03072492246395,31.319,68.681,37.394,62.606,0.067059,preseason_2026,spi_rankings_preseason_2026.csv,136,,False,False,Big Ten vs Big Ten
2026,regular,9,401858508,2026-10-31 04:00:00+00:00,UCLA,Nevada,Big Ten,Mountain West,False,,,fbs,fbs,UCLA,UCLA,UCLA,,,,,higher_spi_home_field_adjusted,higher_spi,higher_spi_home_field_adjusted,34.78429471953504,22.46968595887032,62.794,37.206,68.853,31.147,0.067059,preseason_2026,spi_rankings_preseason_2026.csv,136,,False,False,Big Ten vs Mountain West
2026,regular,9,401858501,2026-10-31 04:00:00+00:00,Indiana,Minnesota,Big Ten,Big Ten,True,,,fbs,fbs,Indiana,Indiana,Indiana,,,,,higher_spi_home_field_adjusted,higher_spi,higher_spi_home_field_adjusted,100.0,54.76296165411433,87.243,12.757,89.957,10.043,0.067059,preseason_2026,spi_rankings_preseason_2026.csv,136,,False,False,Big Ten vs Big Ten
2026,regular,9,401858277,2026-10-31 04:00:00+00:00,NC State,California,ACC,ACC,True,,,fbs,fbs,NC State,NC State,NC State,,,,,higher_spi_home_field_adjusted,higher_spi,higher_spi_home_field_adjusted,61.00491592325077,49.33554828349477,62.151,37.849,68.261,31.739,0.067059,preseason_2026,spi_rankings_preseason_2026.csv,136,,False,False,ACC vs ACC
2026,regular,9,401858283,2026-10-31 04:00:00+00:00,Louisville,Stanford,ACC,ACC,True,,,fbs,fbs,Louisville,Louisville,Louisville,,,,,higher_spi_home_field_adjusted,higher_spi,higher_spi_home_field_adjusted,59.763361084524256,34.362731569534205,74.64,25.36,79.403,20.597,0.067059,preseason_2026,spi_rankings_preseason_2026.csv,136,,False,False,ACC vs ACC
2026,regular,9,401858509,2026-10-31 04:00:00+00:00,USC,Ohio State,Big Ten,Big Ten,True,,,fbs,fbs,Ohio State,Ohio State,Ohio State,,,,,higher_spi_home_field_adjusted,higher_spi,higher_spi_home_field_adjusted,70.13310964705855,85.81528022725924,33.928,66.072,40.212,59.788,0.067059,preseason_2026,spi_rankings_preseason_2026.csv,136,,False,False,Big Ten vs Big Ten
2026,regular,9,401858278,2026-10-31 04:00:00+00:00,Syracuse,SMU,ACC,ACC,True,,,fbs,fbs,SMU,SMU,SMU,,,,,higher_spi_home_field_adjusted,higher_spi,higher_spi_home_field_adjusted,33.87711504204498,63.72564498222339,21.95,78.05,26.92,73.08,0.067059,preseason_2026,spi_rankings_preseason_2026.csv,136,,False,False,ACC vs ACC
2026,regular,9,401858504,2026-10-31 04:00:00+00:00,Nebraska,Washington,Big Ten,Big Ten,True,,,fbs,fbs,Washington,Washington,Washington,,,,,higher_spi_home_field_adjusted,higher_spi,higher_spi_home_field_adjusted,55.46736754606214,69.28295267091242,35.729,64.271,42.133,57.867,0.067059,preseason_2026,spi_rankings_preseason_2026.csv,136,,False,False,Big Ten vs Big Ten
2026,regular,9,401858502,2026-10-31 04:00:00+00:00,Iowa,Wisconsin,Big Ten,Big Ten,True,,,fbs,fbs,Iowa,Iowa,Iowa,,,,,higher_spi_home_field_adjusted,higher_spi,higher_spi_home_field_adjusted,67.8320546772824,48.11301470274047,69.806,30.194,75.174,24.826,0.067059,preseason_2026,spi_rankings_preseason_2026.csv,136,,False,False,Big Ten vs Big Ten
2026,regular,9,401858503,2026-10-31 04:00:00+00:00,Maryland,Illinois,Big Ten,Big Ten,True,,,fbs,fbs,Illinois,Illinois,Illinois,,,,,higher_spi_home_field_adjusted,higher_spi,higher_spi_home_field_adjusted,36.43389579740814,64.95353582816352,22.933,77.067,28.045,71.955,0.067059,preseason_2026,spi_rankings_preseason_2026.csv,136,,False,False,Big Ten vs Big Ten
2026,regular,9,401858284,2026-10-31 04:00:00+00:00,Wake Forest,Virginia,ACC,ACC,True,,,fbs,fbs,Virginia,Virginia,Virginia,,,,,higher_spi_home_field_adjusted,higher_spi,higher_spi_home_field_adjusted,56.975284138942186,65.518663732325,41.021,58.979,47.671,52.329,0.067059,preseason_2026,spi_rankings_preseason_2026.csv,136,,False,False,ACC vs ACC
2026,regular,9,401862816,2026-10-31 04:00:00+00:00,South Florida,UAB,American Athletic,American Athletic,True,,,fbs,fbs,South Florida,South Florida,South Florida,,,,,higher_spi_home_field_adjusted,higher_spi,higher_spi_home_field_adjusted,64.0384391137842,33.88852101736378,78.268,21.732,82.509,17.491,0.067059,preseason_2026,spi_rankings_preseason_2026.csv,136,,False,False,American Athletic vs American Athletic
2026,regular,9,401856845,2026-10-31 04:00:00+00:00,TCU,Kansas,Big 12,Big 12,True,,,fbs,fbs,TCU,TCU,TCU,,,,,higher_spi_home_field_adjusted,higher_spi,higher_spi_home_field_adjusted,65.56954828015526,47.51301066199033,68.296,31.704,73.832,26.168,0.067059,preseason_2026,spi_rankings_preseason_2026.csv,136,,False,False,Big 12 vs Big 12
2026,regular,9,401858280,2026-10-31 04:00:00+00:00,Florida State,Clemson,ACC,ACC,True,,,fbs,fbs,Florida State,Florida State,Florida State,,,,,higher_spi_home_field_adjusted,higher_spi,higher_spi_home_field_adjusted,55.1291467270885,51.31539767782347,54.043,45.957,60.634,39.366,0.067059,preseason_2026,spi_rankings_preseason_2026.csv,136,,False,False,ACC vs ACC
2026,regular,9,401858279,2026-10-31 04:00:00+00:00,Duke,Boston College,ACC,ACC,True,,,fbs,fbs,Duke,Duke,Duke,,,,,higher_spi_home_field_adjusted,higher_spi,higher_spi_home_field_adjusted,63.05393062151976,30.356967624016452,80.053,19.947,84.017,15.983,0.067059,preseason_2026,spi_rankings_preseason_2026.csv,136,,False,False,ACC vs ACC
2026,regular,9,401856846,2026-10-31 04:00:00+00:00,Colorado,Kansas State,Big 12,Big 12,True,,,fbs,fbs,Colorado,Colorado,Colorado,,,,,higher_spi_home_field_adjusted,higher_spi,higher_spi_home_field_adjusted,52.5187827953132,51.032439334524696,51.579,48.421,58.25,41.75,0.067059,preseason_2026,spi_rankings_preseason_2026.csv,136,,False,False,Big 12 vs Big 12
2026,regular,9,401856847,2026-10-31 04:00:00+00:00,Iowa State,Oklahoma State,Big 12,Big 12,True,,,fbs,fbs,Iowa State,Iowa State,Iowa State,,,,,higher_spi_home_field_adjusted,higher_spi,higher_spi_home_field_adjusted,62.70258494324692,19.350638062414177,86.324,13.676,89.209,10.791,0.067059,preseason_2026,spi_rankings_preseason_2026.csv,136,,False,False,Big 12 vs Big 12
2026,regular,9,401871097,2026-10-31 04:00:00+00:00,South Alabama,Louisiana Tech,Sun Belt,Sun Belt,True,,,fbs,fbs,Louisiana Tech,Louisiana Tech,Louisiana Tech,,,,,higher_spi_home_field_adjusted,higher_spi,higher_spi_home_field_adjusted,36.30045475956572,44.616459541316786,41.255,58.745,47.912,52.088,0.067059,preseason_2026,spi_rankings_preseason_2026.csv,136,,False,False,Sun Belt vs Sun Belt
2026,regular,9,401858506,2026-10-31 04:00:00+00:00,Penn State,Purdue,Big Ten,Big Ten,True,,,fbs,fbs,Penn State,Penn State,Penn State,,,,,higher_spi_home_field_adjusted,higher_spi,higher_spi_home_field_adjusted,61.88779963194504,35.60243749521463,75.346,24.654,80.011,19.989,0.067059,preseason_2026,spi_rankings_preseason_2026.csv,136,,False,False,Big Ten vs Big Ten
2026,regular,9,401858281,2026-10-31 04:00:00+00:00,Pittsburgh,Georgia Tech,ACC,ACC,True,,,fbs,fbs,Georgia Tech,Georgia Tech,Georgia Tech,,,,,higher_spi_home_field_adjusted,higher_spi,higher_spi_home_field_adjusted,53.46489362057027,61.914652182713816,41.117,58.883,47.77,52.23,0.067059,preseason_2026,spi_rankings_preseason_2026.csv,136,,False,False,ACC vs ACC
2026,regular,9,401860924,2026-10-31 04:00:00+00:00,Fresno State,Oregon State,Pac-12,Pac-12,True,,,fbs,fbs,Fresno State,Fresno State,Fresno State,,,,,higher_spi_home_field_adjusted,higher_spi,higher_spi_home_field_adjusted,50.97209727366645,29.12333309551166,71.679,28.321,76.825,23.175,0.067059,preseason_2026,spi_rankings_preseason_2026.csv,136,,False,False,Pac-12 vs Pac-12
2026,regular,9,401871096,2026-10-31 04:00:00+00:00,Old Dominion,Marshall,Sun Belt,Sun Belt,True,,,fbs,fbs,Old Dominion,Old Dominion,Old Dominion,,,,,higher_spi_home_field_adjusted,higher_spi,higher_spi_home_field_adjusted,64.41484114656049,37.70800475537429,75.677,24.323,80.296,19.704,0.067059,preseason_2026,spi_rankings_preseason_2026.csv,136,,False,False,Sun Belt vs Sun Belt
2026,regular,9,401862815,2026-10-31 04:00:00+00:00,East Carolina,Temple,American Athletic,American Athletic,True,,,fbs,fbs,East Carolina,East Carolina,East Carolina,,,,,higher_spi_home_field_adjusted,higher_spi,higher_spi_home_field_adjusted,63.94920900693176,43.307088479567234,70.626,29.374,75.899,24.101,0.067059,preseason_2026,spi_rankings_preseason_2026.csv,136,,False,False,American Athletic vs American Athletic
2026,regular,9,401869944,2026-10-31 04:00:00+00:00,Georgia State,Coastal Carolina,Sun Belt,Sun Belt,True,,,fbs,fbs,Coastal Carolina,Coastal Carolina,Coastal Carolina,,,,,higher_spi_home_field_adjusted,higher_spi,higher_spi_home_field_adjusted,20.755385320600695,47.48091226741856,24.309,75.691,29.609,70.391,0.067059,preseason_2026,spi_rankings_preseason_2026.csv,136,,False,False,Sun Belt vs Sun Belt
2026,regular,9,401871095,2026-10-31 04:00:00+00:00,UL Monroe,Southern Miss,Sun Belt,Sun Belt,True,,,fbs,fbs,Southern Miss,Southern Miss,Southern Miss,,,,,higher_spi_home_field_adjusted,higher_spi,higher_spi_home_field_adjusted,28.282781398262458,41.292437275258656,36.519,63.481,42.971,57.029,0.067059,preseason_2026,spi_rankings_preseason_2026.csv,136,,False,False,Sun Belt vs Sun Belt
2026,regular,9,401869846,2026-10-31 04:00:00+00:00,Georgia Southern,App State,Sun Belt,Sun Belt,True,,,fbs,fbs,Georgia Southern,Georgia Southern,Georgia Southern,,,,,higher_spi_home_field_adjusted,higher_spi,higher_spi_home_field_adjusted,43.58002024141765,31.03599031883539,63.021,36.979,69.061,30.939,0.067059,preseason_2026,spi_rankings_preseason_2026.csv,136,,False,False,Sun Belt vs Sun Belt
2026,regular,9,401856843,2026-10-31 04:00:00+00:00,BYU,Arizona State,Big 12,Big 12,True,,,fbs,fbs,BYU,BYU,BYU,,,,,higher_spi_home_field_adjusted,higher_spi,higher_spi_home_field_adjusted,74.20368829645034,55.328458471350075,69.044,30.956,74.499,25.501,0.067059,preseason_2026,spi_rankings_preseason_2026.csv,136,,False,False,Big 12 vs Big 12
2026,regular,9,401864529,2026-10-31 04:00:00+00:00,San José State,New Mexico,Mountain West,Mountain West,True,,,fbs,fbs,New Mexico,New Mexico,New Mexico,,,,,higher_spi_home_field_adjusted,higher_spi,higher_spi_home_field_adjusted,27.73283562877278,55.31021797579682,23.649,76.351,28.86,71.14,0.067059,preseason_2026,spi_rankings_preseason_2026.csv,136,,False,False,Mountain West vs Mountain West
2026,regular,9,401858282,2026-10-31 04:00:00+00:00,North Carolina,Miami,ACC,ACC,True,,,fbs,fbs,Miami,Miami,Miami,,,,,higher_spi_home_field_adjusted,higher_spi,higher_spi_home_field_adjusted,35.25991390713516,81.4436769913458,12.316,87.684,15.539,84.461,0.067059,preseason_2026,spi_rankings_preseason_2026.csv,136,,False,False,ACC vs ACC
2026,regular,9,401856735,2026-10-31 04:00:00+00:00,Ole Miss,Auburn,SEC,SEC,True,,,fbs,fbs,Ole Miss,Ole Miss,Ole Miss,,,,,higher_spi_home_field_adjusted,higher_spi,higher_spi_home_field_adjusted,77.3501436748318,48.64871395120542,77.203,22.797,81.603,18.397,0.067059,preseason_2026,spi_rankings_preseason_2026.csv,136,EARLY: Noon - 1pm ET start,False,False,SEC vs SEC
2026,regular,9,401856842,2026-10-31 04:00:00+00:00,Texas Tech,Arizona,Big 12,Big 12,True,,,fbs,fbs,Texas Tech,Texas Tech,Texas Tech,,,,,higher_spi_home_field_adjusted,higher_spi,higher_spi_home_field_adjusted,84.04794204268366,65.69302834002899,68.57,31.43,74.076,25.924,0.067059,preseason_2026,spi_rankings_preseason_2026.csv,136,,False,False,Big 12 vs Big 12
2026,regular,9,401856733,2026-10-31 04:00:00+00:00,Arkansas,Missouri,SEC,SEC,True,,,fbs,fbs,Missouri,Missouri,Missouri,,,,,higher_spi_home_field_adjusted,higher_spi,higher_spi_home_field_adjusted,36.87640666293411,60.022559444325715,27.216,72.784,32.875,67.125,0.067059,preseason_2026,spi_rankings_preseason_2026.csv,136,FLEX: 3:30 - 4:30pm OR 6 - 8pm ET start,False,False,SEC vs SEC
2026,regular,9,401856848,2026-10-31 04:00:00+00:00,Cincinnati,Utah,Big 12,Big 12,True,,,fbs,fbs,Utah,Utah,Utah,,,,,higher_spi_home_field_adjusted,higher_spi,higher_spi_home_field_adjusted,55.6628487391671,79.90984695824888,26.299,73.701,31.851,68.149,0.067059,preseason_2026,spi_rankings_preseason_2026.csv,136,,False,False,Big 12 vs Big 12
2026,regular,9,401856737,2026-10-31 04:00:00+00:00,Texas,Mississippi State,SEC,SEC,True,,,fbs,fbs,Texas,Texas,Texas,,,,,higher_spi_home_field_adjusted,higher_spi,higher_spi_home_field_adjusted,69.77955646406483,48.860528648712766,70.87,29.13,76.114,23.886,0.067059,preseason_2026,spi_rankings_preseason_2026.csv,136,NIGHT: 6 - 8pm ET start,False,False,SEC vs SEC
2026,regular,9,401862814,2026-10-31 04:00:00+00:00,Memphis,Army,American Athletic,American Athletic,True,,,fbs,fbs,Memphis,Memphis,Memphis,,,,,higher_spi_home_field_adjusted,higher_spi,higher_spi_home_field_adjusted,54.095894750063614,47.30742337069569,57.163,42.837,63.608,36.392,0.067059,preseason_2026,spi_rankings_preseason_2026.csv,136,,False,False,American Athletic vs American Athletic
2026,regular,9,401856736,2026-10-31 04:00:00+00:00,Oklahoma,South Carolina,SEC,SEC,True,,,fbs,fbs,Oklahoma,Oklahoma,Oklahoma,,,,,higher_spi_home_field_adjusted,higher_spi,higher_spi_home_field_adjusted,69.44209698059642,44.362372016765114,74.381,25.619,79.179,20.821,0.067059,preseason_2026,spi_rankings_preseason_2026.csv,136,FLEX: 3:30 - 4:30pm OR 6 - 8pm ET start,False,False,SEC vs SEC
2026,regular,9,401858505,2026-10-31 04:00:00+00:00,Oregon,Northwestern,Big Ten,Big Ten,True,,,fbs,fbs,Oregon,Oregon,Oregon,,,,,higher_spi_home_field_adjusted,higher_spi,higher_spi_home_field_adjusted,85.98699967204186,54.664274190964846,79.104,20.896,83.217,16.783,0.067059,preseason_2026,spi_rankings_preseason_2026.csv,136,,False,False,Big Ten vs Big Ten
2026,regular,9,401859185,2026-10-31 16:00:00+00:00,Navy,Notre Dame,American Athletic,FBS Independents,False,,,fbs,fbs,Notre Dame,Notre Dame,Notre Dame,,,,,higher_spi_home_field_adjusted,higher_spi,higher_spi_home_field_adjusted,67.73990933281475,79.40868985665563,37.85,62.15,37.85,62.15,0.067059,preseason_2026,spi_rankings_preseason_2026.csv,136,,False,False,American Athletic vs FBS Independents
2026,regular,9,401866452,2026-10-31 16:00:00+00:00,Western Michigan,Bowling Green,Mid-American,Mid-American,True,,,fbs,fbs,Western Michigan,Western Michigan,Western Michigan,,,,,higher_spi_home_field_adjusted,higher_spi,higher_spi_home_field_adjusted,50.70366266419054,26.80857620911763,73.41,26.59,78.337,21.663,0.067059,preseason_2026,spi_rankings_preseason_2026.csv,136,,False,False,Mid-American vs Mid-American
2026,regular,9,401861966,2026-10-31 19:00:00+00:00,Air Force,UConn,Mountain West,FBS Independents,False,,,fbs,fbs,UConn,UConn,UConn,,,,,higher_spi_home_field_adjusted,higher_spi,higher_spi_home_field_adjusted,39.66462459161762,55.02961235400574,34.231,65.769,40.537,59.463,0.067059,preseason_2026,spi_rankings_preseason_2026.csv,136,,False,False,FBS Independents vs Mountain West
2026,regular,9,401856734,2026-10-31 19:30:00+00:00,Georgia,Florida,SEC,SEC,True,,,fbs,fbs,Georgia,Georgia,Georgia,,,,,higher_spi_home_field_adjusted,higher_spi,higher_spi_home_field_adjusted,80.61484229722396,43.562916877840394,82.845,17.155,82.845,17.155,0.067059,preseason_2026,spi_rankings_preseason_2026.csv,136,,False,False,SEC vs SEC
2026,regular,9,401871059,2026-10-31 19:30:00+00:00,Liberty,Florida International,Conference USA,Conference USA,True,,,fbs,fbs,Florida International,Florida International,Florida International,,,,,higher_spi_home_field_adjusted,higher_spi,higher_spi_home_field_adjusted,32.39054671402152,42.29445778135238,39.63,60.37,46.231,53.769,0.067059,preseason_2026,spi_rankings_preseason_2026.csv,136,,False,False,Conference USA vs Conference USA
2026,regular,9,401864531,2026-10-31 19:30:00+00:00,North Dakota State,UTEP,Mountain West,Mountain West,True,,,fbs,fbs,UTEP,UTEP,UTEP,,,,,fbs_vs_fcs_rule,fbs_vs_fcs_rule,fbs_vs_fcs_rule,,24.108683570799027,0.0,100.0,0.0,100.0,0.067059,preseason_2026,spi_rankings_preseason_2026.csv,136,,False,False,Mountain West vs Mountain West
2026,regular,9,401860910,2026-10-31 19:30:00+00:00,Utah State,Colorado State,Pac-12,Pac-12,True,,,fbs,fbs,Utah State,Utah State,Utah State,,,,,higher_spi_home_field_adjusted,higher_spi,higher_spi_home_field_adjusted,46.11517401571138,26.588436394624736,69.633,30.367,75.021,24.979,0.067059,preseason_2026,spi_rankings_preseason_2026.csv,136,,False,False,Pac-12 vs Pac-12
2026,regular,9,401860909,2026-10-31 23:00:00+00:00,San Diego State,Washington State,Pac-12,Pac-12,True,,,fbs,fbs,San Diego State,San Diego State,San Diego State,,,,,higher_spi_home_field_adjusted,higher_spi,higher_spi_home_field_adjusted,53.45407348929518,50.39210587637901,53.249,46.751,59.869,40.131,0.067059,preseason_2026,spi_rankings_preseason_2026.csv,136,,False,False,Pac-12 vs Pac-12
2026,regular,9,401860908,2026-11-01 02:00:00+00:00,Boise State,Texas State,Pac-12,Pac-12,True,,,fbs,fbs,Boise State,Boise State,Boise State,,,,,higher_spi_home_field_adjusted,higher_spi,higher_spi_home_field_adjusted,56.844424952284015,48.88992568241906,58.372,41.628,64.747,35.253,0.067059,preseason_2026,spi_rankings_preseason_2026.csv,136,,False,False,Pac-12 vs Pac-12
2026,regular,9,401864530,2026-11-01 02:30:00+00:00,UNLV,Northern Illinois,Mountain West,Mountain West,True,,,fbs,fbs,UNLV,UNLV,UNLV,,,,,higher_spi_home_field_adjusted,higher_spi,higher_spi_home_field_adjusted,54.64615499325283,21.69915317221182,80.222,19.778,84.159,15.841,0.067059,preseason_2026,spi_rankings_preseason_2026.csv,136,,False,False,Mountain West vs Mountain West
2026,regular,10,401866453,2026-11-04 00:00:00+00:00,Akron,Ohio,Mid-American,Mid-American,True,,,fbs,fbs,Ohio,Ohio,Ohio,,,,,higher_spi_home_field_adjusted,higher_spi,higher_spi_home_field_adjusted,28.927648744921203,52.95891549069096,26.477,73.523,32.05,67.95,0.067059,preseason_2026,spi_rankings_preseason_2026.csv,136,,False,False,Mid-American vs Mid-American
2026,regular,10,401866454,2026-11-04 00:00:00+00:00,Miami (OH),Buffalo,Mid-American,Mid-American,True,,,fbs,fbs,Miami (OH),Buffalo,Miami (OH),,,,,higher_spi_home_field_adjusted,higher_spi,higher_spi_home_field_adjusted,33.71178751136635,35.732384134335035,47.854,52.146,54.587,45.413,0.067059,preseason_2026,spi_rankings_preseason_2026.csv,136,,False,False,Mid-American vs Mid-American
2026,regular,10,401866455,2026-11-04 05:00:00+00:00,Massachusetts,Ball State,Mid-American,Mid-American,True,,,fbs,fbs,Ball State,Ball State,Ball State,,,,,higher_spi_home_field_adjusted,higher_spi,higher_spi_home_field_adjusted,0.0,21.131504365775346,28.944,71.056,34.791,65.209,0.067059,preseason_2026,spi_rankings_preseason_2026.csv,136,,False,False,Mid-American vs Mid-American
2026,regular,10,401866456,2026-11-04 05:00:00+00:00,Eastern Michigan,Central Michigan,Mid-American,Mid-American,True,,,fbs,fbs,Central Michigan,Central Michigan,Central Michigan,,,,,higher_spi_home_field_adjusted,higher_spi,higher_spi_home_field_adjusted,26.431321817561333,39.43320601762919,36.527,63.473,36.527,63.473,0.067059,preseason_2026,spi_rankings_preseason_2026.csv,136,,False,False,Mid-American vs Mid-American
2026,regular,10,401866457,2026-11-04 05:00:00+00:00,Sacramento State,Toledo,Mid-American,Mid-American,True,,,fbs,fbs,Toledo,Toledo,Toledo,,,,,fbs_vs_fcs_rule,fbs_vs_fcs_rule,fbs_vs_fcs_rule,,52.992506601900594,0.0,100.0,0.0,100.0,0.067059,preseason_2026,spi_rankings_preseason_2026.csv,136,,False,False,Mid-American vs Mid-American
2026,regular,10,401869964,2026-11-06 01:00:00+00:00,Southern Miss,James Madison,Sun Belt,Sun Belt,True,,,fbs,fbs,James Madison,James Madison,James Madison,,,,,higher_spi_home_field_adjusted,higher_spi,higher_spi_home_field_adjusted,41.292437275258656,72.18940696839009,21.197,78.803,26.052,73.948,0.067059,preseason_2026,spi_rankings_preseason_2026.csv,136,,False,False,Sun Belt vs Sun Belt
2026,regular,10,401862817,2026-11-06 01:00:00+00:00,Florida Atlantic,UTSA,American Athletic,American Athletic,True,,,fbs,fbs,UTSA,UTSA,UTSA,,,,,higher_spi_home_field_adjusted,higher_spi,higher_spi_home_field_adjusted,33.47466386985975,50.75700914526365,32.421,67.579,38.589,61.411,0.067059,preseason_2026,spi_rankings_preseason_2026.csv,136,,False,False,American Athletic vs American Athletic
2026,regular,10,401858288,2026-11-07 00:00:00+00:00,SMU,Virginia Tech,ACC,ACC,True,,,fbs,fbs,SMU,SMU,SMU,,,,,higher_spi_home_field_adjusted,higher_spi,higher_spi_home_field_adjusted,63.72564498222339,33.81629649124546,78.094,21.906,82.361,17.639,0.067059,preseason_2026,spi_rankings_preseason_2026.csv,136,,False,False,ACC vs ACC
2026,regular,10,401862818,2026-11-07 00:30:00+00:00,East Carolina,South Florida,American Athletic,American Athletic,True,,,fbs,fbs,East Carolina,South Florida,East Carolina,,,,,higher_spi_home_field_adjusted,higher_spi,higher_spi_home_field_adjusted,63.94920900693176,64.0384391137842,49.905,50.095,56.613,43.387,0.067059,preseason_2026,spi_rankings_preseason_2026.csv,136,,False,False,American Athletic vs American Athletic
2026,regular,10,401858510,2026-11-07 01:00:00+00:00,Illinois,Nebraska,Big Ten,Big Ten,True,,,fbs,fbs,Illinois,Illinois,Illinois,,,,,higher_spi_home_field_adjusted,higher_spi,higher_spi_home_field_adjusted,64.95353582816352,55.46736754606214,59.945,40.055,66.218,33.782,0.067059,preseason_2026,spi_rankings_preseason_2026.csv,136,,False,False,Big Ten vs Big Ten
2026,regular,10,401864533,2026-11-07 02:00:00+00:00,Nevada,New Mexico,Mountain West,Mountain West,True,,,fbs,fbs,New Mexico,New Mexico,New Mexico,,,,,higher_spi_home_field_adjusted,higher_spi,higher_spi_home_field_adjusted,22.46968595887032,55.31021797579682,19.85,80.15,24.493,75.507,0.067059,preseason_2026,spi_rankings_preseason_2026.csv,136,,False,False,Mountain West vs Mountain West
2026,regular,10,401856855,2026-11-07 03:15:00+00:00,Arizona,TCU,Big 12,Big 12,True,,,fbs,fbs,Arizona,Arizona,Arizona,,,,,higher_spi_home_field_adjusted,higher_spi,higher_spi_home_field_adjusted,65.69302834002899,65.56954828015526,50.131,49.869,56.835,43.165,0.067059,preseason_2026,spi_rankings_preseason_2026.csv,136,,False,False,Big 12 vs Big 12
2026,regular,10,401856738,2026-11-07 05:00:00+00:00,Auburn,Arkansas,SEC,SEC,True,,,fbs,fbs,Auburn,Auburn,Auburn,,,,,higher_spi_home_field_adjusted,higher_spi,higher_spi_home_field_adjusted,48.64871395120542,36.87640666293411,62.254,37.746,68.356,31.644,0.067059,preseason_2026,spi_rankings_preseason_2026.csv,136,EARLY: Noon - 1pm ET start,False,False,SEC vs SEC
2026,regular,10,401856741,2026-11-07 05:00:00+00:00,Ole Miss,Georgia,SEC,SEC,True,,,fbs,fbs,Ole Miss,Georgia,Ole Miss,,,,,higher_spi_home_field_adjusted,higher_spi,higher_spi_home_field_adjusted,77.3501436748318,80.61484229722396,46.537,53.463,53.273,46.727,0.067059,preseason_2026,spi_rankings_preseason_2026.csv,136,FLEX: 3:30 - 4:30pm OR 6 - 8pm ET start,False,False,SEC vs SEC
2026,regular,10,401856745,2026-11-07 05:00:00+00:00,Tennessee,Kentucky,SEC,SEC,True,,,fbs,fbs,Tennessee,Tennessee,Tennessee,,,,,higher_spi_home_field_adjusted,higher_spi,higher_spi_home_field_adjusted,60.668490116907336,46.14040906149416,64.964,35.036,70.833,29.167,0.067059,preseason_2026,spi_rankings_preseason_2026.csv,136,NIGHT: 6 - 8pm ET start,False,False,SEC vs SEC
2026,regular,10,401856739,2026-11-07 05:00:00+00:00,Florida,Oklahoma,SEC,SEC,True,,,fbs,fbs,Oklahoma,Oklahoma,Oklahoma,,,,,higher_spi_home_field_adjusted,higher_spi,higher_spi_home_field_adjusted,43.562916877840394,69.44209698059642,24.977,75.023,30.364,69.636,0.067059,preseason_2026,spi_rankings_preseason_2026.csv,136,FLEX: 3:30 - 4:30pm OR 6 - 8pm ET start,False,False,SEC vs SEC
2026,regular,10,401856742,2026-11-07 05:00:00+00:00,Mississippi State,Vanderbilt,SEC,SEC,True,,,fbs,fbs,Vanderbilt,Vanderbilt,Vanderbilt,,,,,higher_spi_home_field_adjusted,higher_spi,higher_spi_home_field_adjusted,48.860528648712766,72.64678964726453,26.68,73.32,32.277,67.723,0.067059,preseason_2026,spi_rankings_preseason_2026.csv,136,FLEX: 3:30 - 4:30pm OR 6 - 8pm ET start,False,False,SEC vs SEC
2026,regular,10,401856744,2026-11-07 05:00:00+00:00,South Carolina,Texas A&M,SEC,SEC,True,,,fbs,fbs,Texas A&M,Texas A&M,Texas A&M,,,,,higher_spi_home_field_adjusted,higher_spi,higher_spi_home_field_adjusted,44.362372016765114,72.4054629070378,23.293,76.707,28.456,71.544,0.067059,preseason_2026,spi_rankings_preseason_2026.csv,136,AFTERNOON: 3:30 - 4:30pm ET start,False,False,SEC vs SEC
2026,regular,10,401856743,2026-11-07 05:00:00+00:00,Missouri,Texas,SEC,SEC,True,,,fbs,fbs,Texas,Texas,Texas,,,,,higher_spi_home_field_adjusted,higher_spi,higher_spi_home_field_adjusted,60.022559444325715,69.77955646406483,39.779,60.221,46.386,53.614,0.067059,preseason_2026,spi_rankings_preseason_2026.csv,136,EARLY: Noon - 1pm ET start,False,False,SEC vs SEC
2026,regular,10,401856740,2026-11-07 05:00:00+00:00,LSU,Alabama,SEC,SEC,True,,,fbs,fbs,Alabama,Alabama,Alabama,,,,,higher_spi_home_field_adjusted,higher_spi,higher_spi_home_field_adjusted,53.28492239690803,72.08922144650381,31.02,68.98,37.068,62.932,0.067059,preseason_2026,spi_rankings_preseason_2026.csv,136,FLEX: 3:30 - 4:30pm OR 6 - 8pm ET start,False,False,SEC vs SEC
2026,regular,10,401862822,2026-11-07 05:00:00+00:00,Tulane,Tulsa,American Athletic,American Athletic,True,,,fbs,fbs,Tulane,Tulane,Tulane,,,,,higher_spi_home_field_adjusted,higher_spi,higher_spi_home_field_adjusted,65.60687847574107,33.77955310136101,79.456,20.544,83.514,16.486,0.067059,preseason_2026,spi_rankings_preseason_2026.csv,136,,False,False,American Athletic vs American Athletic
2026,regular,10,401858289,2026-11-07 05:00:00+00:00,Boston College,Florida State,ACC,ACC,True,,,fbs,fbs,Florida State,Florida State,Florida State,,,,,higher_spi_home_field_adjusted,higher_spi,higher_spi_home_field_adjusted,30.356967624016452,55.1291467270885,25.868,74.132,31.368,68.632,0.067059,preseason_2026,spi_rankings_preseason_2026.csv,136,,False,False,ACC vs ACC
2026,regular,10,401858287,2026-11-07 05:00:00+00:00,Georgia Tech,Louisville,ACC,ACC,True,,,fbs,fbs,Georgia Tech,Georgia Tech,Georgia Tech,,,,,higher_spi_home_field_adjusted,higher_spi,higher_spi_home_field_adjusted,61.914652182713816,59.763361084524256,52.284,47.716,58.935,41.065,0.067059,preseason_2026,spi_rankings_preseason_2026.csv,136,,False,False,ACC vs ACC
2026,regular,10,401862821,2026-11-07 05:00:00+00:00,North Texas,Rice,American Athletic,American Athletic,True,,,fbs,fbs,North Texas,North Texas,North Texas,,,,,higher_spi_home_field_adjusted,higher_spi,higher_spi_home_field_adjusted,74.47142988087174,32.35687646311618,85.691,14.309,88.693,11.307,0.067059,preseason_2026,spi_rankings_preseason_2026.csv,136,,False,False,American Athletic vs American Athletic
2026,regular,10,401862819,2026-11-07 05:00:00+00:00,UAB,Charlotte,American Athletic,American Athletic,True,,,fbs,fbs,UAB,UAB,UAB,,,,,higher_spi_home_field_adjusted,higher_spi,higher_spi_home_field_adjusted,33.88852101736378,15.679603015598964,68.436,31.564,73.957,26.043,0.067059,preseason_2026,spi_rankings_preseason_2026.csv,136,,False,False,American Athletic vs American Athletic
2026,regular,10,401858286,2026-11-07 05:00:00+00:00,NC State,Duke,ACC,ACC,True,,,fbs,fbs,NC State,Duke,NC State,,,,,higher_spi_home_field_adjusted,higher_spi,higher_spi_home_field_adjusted,61.00491592325077,63.05393062151976,47.824,52.176,54.557,45.443,0.067059,preseason_2026,spi_rankings_preseason_2026.csv,136,,False,False,ACC vs ACC
2026,regular,10,401858511,2026-11-07 05:00:00+00:00,Michigan,Michigan State,Big Ten,Big Ten,True,,,fbs,fbs,Michigan,Michigan,Michigan,,,,,higher_spi_home_field_adjusted,higher_spi,higher_spi_home_field_adjusted,66.03072492246395,43.659123524226416,72.127,27.873,77.218,22.782,0.067059,preseason_2026,spi_rankings_preseason_2026.csv,136,,False,False,Big Ten vs Big Ten
2026,regular,10,401858514,2026-11-07 05:00:00+00:00,Ohio State,Oregon,Big Ten,Big Ten,True,,,fbs,fbs,Ohio State,Oregon,Ohio State,,,,,higher_spi_home_field_adjusted,higher_spi,higher_spi_home_field_adjusted,85.81528022725924,85.98699967204186,49.818,50.182,56.527,43.473,0.067059,preseason_2026,spi_rankings_preseason_2026.csv,136,,False,False,Big Ten vs Big Ten
2026,regular,10,401858285,2026-11-07 05:00:00+00:00,Syracuse,Clemson,ACC,ACC,True,,,fbs,fbs,Clemson,Clemson,Clemson,,,,,higher_spi_home_field_adjusted,higher_spi,higher_spi_home_field_adjusted,33.87711504204498,51.31539767782347,32.276,67.724,38.432,61.568,0.067059,preseason_2026,spi_rankings_preseason_2026.csv,136,,False,False,ACC vs ACC
2026,regular,10,401856850,2026-11-07 05:00:00+00:00,Kansas,UCF,Big 12,Big 12,True,,,fbs,fbs,Kansas,Kansas,Kansas,,,,,higher_spi_home_field_adjusted,higher_spi,higher_spi_home_field_adjusted,47.51301066199033,42.64080749222179,55.158,44.842,61.702,38.298,0.067059,preseason_2026,spi_rankings_preseason_2026.csv,136,,False,False,Big 12 vs Big 12
2026,regular,10,401856851,2026-11-07 05:00:00+00:00,Houston,Cincinnati,Big 12,Big 12,True,,,fbs,fbs,Houston,Houston,Houston,,,,,higher_spi_home_field_adjusted,higher_spi,higher_spi_home_field_adjusted,62.101831336643045,55.6628487391671,56.799,43.201,63.263,36.737,0.067059,preseason_2026,spi_rankings_preseason_2026.csv,136,,False,False,Big 12 vs Big 12
2026,regular,10,401858515,2026-11-07 05:00:00+00:00,Purdue,Maryland,Big Ten,Big Ten,True,,,fbs,fbs,Purdue,Maryland,Purdue,,,,,higher_spi_home_field_adjusted,higher_spi,higher_spi_home_field_adjusted,35.60243749521463,36.43389579740814,49.117,50.883,55.836,44.164,0.067059,preseason_2026,spi_rankings_preseason_2026.csv,136,,False,False,Big Ten vs Big Ten
2026,regular,10,401858512,2026-11-07 05:00:00+00:00,Minnesota,UCLA,Big Ten,Big Ten,True,,,fbs,fbs,Minnesota,Minnesota,Minnesota,,,,,higher_spi_home_field_adjusted,higher_spi,higher_spi_home_field_adjusted,54.76296165411433,34.78429471953504,70.038,29.962,75.379,24.621,0.067059,preseason_2026,spi_rankings_preseason_2026.csv,136,,False,False,Big Ten vs Big Ten
2026,regular,10,401856849,2026-11-07 05:00:00+00:00,Utah,BYU,Big 12,Big 12,True,,,fbs,fbs,Utah,Utah,Utah,,,,,higher_spi_home_field_adjusted,higher_spi,higher_spi_home_field_adjusted,79.90984695824888,74.20368829645034,56.033,43.967,62.536,37.464,0.067059,preseason_2026,spi_rankings_preseason_2026.csv,136,,False,False,Big 12 vs Big 12
2026,regular,10,401856852,2026-11-07 05:00:00+00:00,Arizona State,Colorado,Big 12,Big 12,True,,,fbs,fbs,Arizona State,Arizona State,Arizona State,,,,,higher_spi_home_field_adjusted,higher_spi,higher_spi_home_field_adjusted,55.328458471350075,52.5187827953132,52.982,47.018,59.611,40.389,0.067059,preseason_2026,spi_rankings_preseason_2026.csv,136,,False,False,Big 12 vs Big 12
2026,regular,10,401856856,2026-11-07 05:00:00+00:00,Texas Tech,West Virginia,Big 12,Big 12,True,,,fbs,fbs,Texas Tech,Texas Tech,Texas Tech,,,,,higher_spi_home_field_adjusted,higher_spi,higher_spi_home_field_adjusted,84.04794204268366,41.00086530063937,86.17,13.83,89.084,10.916,0.067059,preseason_2026,spi_rankings_preseason_2026.csv,136,,False,False,Big 12 vs Big 12
2026,regular,10,401864534,2026-11-07 05:00:00+00:00,San José State,Northern Illinois,Mountain West,Mountain West,True,,,fbs,fbs,San José State,San José State,San José State,,,,,higher_spi_home_field_adjusted,higher_spi,higher_spi_home_field_adjusted,27.73283562877278,21.69915317221182,56.376,43.624,62.862,37.138,0.067059,preseason_2026,spi_rankings_preseason_2026.csv,136,,False,False,Mountain West vs Mountain West
2026,regular,10,401864532,2026-11-07 05:00:00+00:00,UTEP,Hawai'i,Mountain West,Mountain West,True,,,fbs,fbs,Hawai'i,Hawai'i,Hawai'i,,,,,higher_spi_home_field_adjusted,higher_spi,higher_spi_home_field_adjusted,24.108683570799027,51.33097583679728,23.922,76.078,29.171,70.829,0.067059,preseason_2026,spi_rankings_preseason_2026.csv,136,,False,False,Mountain West vs Mountain West
2026,regular,10,401856853,2026-11-07 05:00:00+00:00,Baylor,Iowa State,Big 12,Big 12,True,,,fbs,fbs,Iowa State,Iowa State,Iowa State,,,,,higher_spi_home_field_adjusted,higher_spi,higher_spi_home_field_adjusted,46.1270150888027,62.70258494324692,33.082,66.918,39.303,60.697,0.067059,preseason_2026,spi_rankings_preseason_2026.csv,136,,False,False,Big 12 vs Big 12
2026,regular,10,401856854,2026-11-07 05:00:00+00:00,Kansas State,Oklahoma State,Big 12,Big 12,True,,,fbs,fbs,Kansas State,Kansas State,Kansas State,,,,,higher_spi_home_field_adjusted,higher_spi,higher_spi_home_field_adjusted,51.032439334524696,19.350638062414177,79.355,20.645,83.429,16.571,0.067059,preseason_2026,spi_rankings_preseason_2026.csv,136,,False,False,Big 12 vs Big 12
2026,regular,10,401871098,2026-11-07 05:00:00+00:00,Troy,Louisiana Tech,Sun Belt,Sun Belt,True,,,fbs,fbs,Troy,Louisiana Tech,Troy,,,,,higher_spi_home_field_adjusted,higher_spi,higher_spi_home_field_adjusted,43.3034999619687,44.616459541316786,48.605,51.395,55.331,44.669,0.067059,preseason_2026,spi_rankings_preseason_2026.csv,136,,False,False,Sun Belt vs Sun Belt
2026,regular,10,401858513,2026-11-07 05:00:00+00:00,Northwestern,Iowa,Big Ten,Big Ten,True,,,fbs,fbs,Iowa,Iowa,Iowa,,,,,higher_spi_home_field_adjusted,higher_spi,higher_spi_home_field_adjusted,54.664274190964846,67.8320546772824,36.363,63.637,42.806,57.194,0.067059,preseason_2026,spi_rankings_preseason_2026.csv,136,,False,False,Big Ten vs Big Ten
2026,regular,10,401858516,2026-11-07 05:00:00+00:00,Washington,Penn State,Big Ten,Big Ten,True,,,fbs,fbs,Washington,Washington,Washington,,,,,higher_spi_home_field_adjusted,higher_spi,higher_spi_home_field_adjusted,69.28295267091242,61.88779963194504,57.793,42.207,64.202,35.798,0.067059,preseason_2026,spi_rankings_preseason_2026.csv,136,,False,False,Big Ten vs Big Ten
2026,regular,10,401858517,2026-11-07 05:00:00+00:00,Wisconsin,Rutgers,Big Ten,Big Ten,True,,,fbs,fbs,Wisconsin,Wisconsin,Wisconsin,,,,,higher_spi_home_field_adjusted,higher_spi,higher_spi_home_field_adjusted,48.11301470274047,47.5547734274298,50.593,49.407,57.287,42.713,0.067059,preseason_2026,spi_rankings_preseason_2026.csv,136,,False,False,Big Ten vs Big Ten
2026,regular,10,401869945,2026-11-07 05:00:00+00:00,Coastal Carolina,Old Dominion,Sun Belt,Sun Belt,True,,,fbs,fbs,Old Dominion,Old Dominion,Old Dominion,,,,,higher_spi_home_field_adjusted,higher_spi,higher_spi_home_field_adjusted,47.48091226741856,64.41484114656049,32.746,67.254,38.94,61.06,0.067059,preseason_2026,spi_rankings_preseason_2026.csv,136,,False,False,Sun Belt vs Sun Belt
2026,regular,10,401869927,2026-11-07 05:00:00+00:00,App State,Georgia State,Sun Belt,Sun Belt,True,,,fbs,fbs,App State,App State,App State,,,,,higher_spi_home_field_adjusted,higher_spi,higher_spi_home_field_adjusted,31.03599031883539,20.755385320600695,60.753,39.247,66.969,33.031,0.067059,preseason_2026,spi_rankings_preseason_2026.csv,136,,False,False,Sun Belt vs Sun Belt
2026,regular,10,401869968,2026-11-07 05:00:00+00:00,Louisiana,South Alabama,Sun Belt,Sun Belt,True,,,fbs,fbs,Louisiana,Louisiana,Louisiana,,,,,higher_spi_home_field_adjusted,higher_spi,higher_spi_home_field_adjusted,36.56055836037465,36.30045475956572,50.276,49.724,56.977,43.023,0.067059,preseason_2026,spi_rankings_preseason_2026.csv,136,,False,False,Sun Belt vs Sun Belt
2026,regular,10,401869951,2026-11-07 05:00:00+00:00,Georgia Southern,Marshall,Sun Belt,Sun Belt,True,,,fbs,fbs,Georgia Southern,Georgia Southern,Georgia Southern,,,,,higher_spi_home_field_adjusted,higher_spi,higher_spi_home_field_adjusted,43.58002024141765,37.70800475537429,56.207,43.793,62.701,37.299,0.067059,preseason_2026,spi_rankings_preseason_2026.csv,136,,False,False,Sun Belt vs Sun Belt
2026,regular,10,401858292,2026-11-07 17:00:00+00:00,UConn,North Carolina,FBS Independents,ACC,False,,,fbs,fbs,UConn,UConn,UConn,,,,,higher_spi_home_field_adjusted,higher_spi,higher_spi_home_field_adjusted,55.02961235400574,35.25991390713516,69.851,30.149,75.214,24.786,0.067059,preseason_2026,spi_rankings_preseason_2026.csv,136,,False,False,ACC vs FBS Independents
2026,regular,10,401858290,2026-11-07 17:00:00+00:00,Wake Forest,Merrimack,ACC,FCS Independents,False,,,fbs,fcs,Wake Forest,Wake Forest,Wake Forest,,,,,fbs_vs_fcs_rule,fbs_vs_fcs_rule,fbs_vs_fcs_rule,56.975284138942186,,100.0,0.0,100.0,0.0,0.067059,preseason_2026,spi_rankings_preseason_2026.csv,136,,False,False,ACC vs FCS Independents
2026,regular,10,401869936,2026-11-07 20:00:00+00:00,Arkansas State,UL Monroe,Sun Belt,Sun Belt,True,,,fbs,fbs,Arkansas State,Arkansas State,Arkansas State,,,,,higher_spi_home_field_adjusted,higher_spi,higher_spi_home_field_adjusted,36.96680062755114,28.282781398262458,59.123,40.877,65.451,34.549,0.067059,preseason_2026,spi_rankings_preseason_2026.csv,136,,False,False,Sun Belt vs Sun Belt
2026,regular,10,401871073,2026-11-07 20:00:00+00:00,Kennesaw State,Delaware,Conference USA,Conference USA,True,,,fbs,fbs,Kennesaw State,Kennesaw State,Kennesaw State,,,,,higher_spi_home_field_adjusted,higher_spi,higher_spi_home_field_adjusted,57.36695846103969,39.720155437367346,67.918,32.082,73.494,26.506,0.067059,preseason_2026,spi_rankings_preseason_2026.csv,136,,False,False,Conference USA vs Conference USA
2026,regular,10,401862820,2026-11-07 20:30:00+00:00,Navy,Temple,American Athletic,American Athletic,True,,,fbs,fbs,Navy,Navy,Navy,,,,,higher_spi_home_field_adjusted,higher_spi,higher_spi_home_field_adjusted,67.73990933281475,43.307088479567234,73.854,26.146,78.722,21.278,0.067059,preseason_2026,spi_rankings_preseason_2026.csv,136,,False,False,American Athletic vs American Athletic
2026,regular,10,401871076,2026-11-07 20:30:00+00:00,Middle Tennessee,Western Kentucky,Conference USA,Conference USA,True,,,fbs,fbs,Western Kentucky,Western Kentucky,Western Kentucky,,,,,higher_spi_home_field_adjusted,higher_spi,higher_spi_home_field_adjusted,25.935677165051057,51.76852111202271,25.013,74.987,30.406,69.594,0.067059,preseason_2026,spi_rankings_preseason_2026.csv,136,,False,False,Conference USA vs Conference USA
2026,regular,10,401871074,2026-11-07 21:00:00+00:00,Florida International,Missouri State,Conference USA,Conference USA,True,,,fbs,fbs,Florida International,Missouri State,Florida International,,,,,higher_spi_home_field_adjusted,higher_spi,higher_spi_home_field_adjusted,42.29445778135238,44.7268146401007,47.418,52.582,54.153,45.847,0.067059,preseason_2026,spi_rankings_preseason_2026.csv,136,,False,False,Conference USA vs Conference USA
2026,regular,10,401870795,2026-11-07 22:00:00+00:00,New Mexico State,Liberty,Conference USA,Conference USA,True,,,fbs,fbs,New Mexico State,Liberty,New Mexico State,,,,,higher_spi_home_field_adjusted,higher_spi,higher_spi_home_field_adjusted,26.12941189303164,32.39054671402152,43.387,56.613,50.094,49.906,0.067059,preseason_2026,spi_rankings_preseason_2026.csv,136,,False,False,Conference USA vs Conference USA
2026,regular,10,401860911,2026-11-07 23:00:00+00:00,Colorado State,Boise State,Pac-12,Pac-12,True,,,fbs,fbs,Boise State,Boise State,Boise State,,,,,higher_spi_home_field_adjusted,higher_spi,higher_spi_home_field_adjusted,26.588436394624736,56.844424952284015,21.655,78.345,26.58,73.42,0.067059,preseason_2026,spi_rankings_preseason_2026.csv,136,,False,False,Pac-12 vs Pac-12
2026,regular,10,401871075,2026-11-08 00:00:00+00:00,Jacksonville State,Sam Houston,Conference USA,Conference USA,True,,,fbs,fbs,Jacksonville State,Jacksonville State,Jacksonville State,,,,,higher_spi_home_field_adjusted,higher_spi,higher_spi_home_field_adjusted,44.69313287136374,14.484956137666089,78.31,21.69,82.545,17.455,0.067059,preseason_2026,spi_rankings_preseason_2026.csv,136,,False,False,Conference USA vs Conference USA
2026,regular,10,401862823,2026-11-08 00:30:00+00:00,Army,Air Force,American Athletic,Mountain West,False,,,fbs,fbs,Army,Army,Army,,,,,higher_spi_home_field_adjusted,higher_spi,higher_spi_home_field_adjusted,47.30742337069569,39.66462459161762,58.05,41.95,64.444,35.556,0.067059,preseason_2026,spi_rankings_preseason_2026.csv,136,,False,False,American Athletic vs Mountain West
2026,regular,10,401858291,2026-11-08 00:30:00+00:00,Notre Dame,Miami,FBS Independents,ACC,False,,,fbs,fbs,Notre Dame,Miami,Notre Dame,,,,,higher_spi_home_field_adjusted,higher_spi,higher_spi_home_field_adjusted,79.40868985665563,81.4436769913458,47.839,52.161,54.572,45.428,0.067059,preseason_2026,spi_rankings_preseason_2026.csv,136,,False,False,ACC vs FBS Independents
2026,regular,10,401860913,2026-11-08 02:30:00+00:00,Utah State,Fresno State,Pac-12,Pac-12,True,,,fbs,fbs,Utah State,Fresno State,Utah State,,,,,higher_spi_home_field_adjusted,higher_spi,higher_spi_home_field_adjusted,46.11517401571138,50.97209727366645,44.858,55.142,51.586,48.414,0.067059,preseason_2026,spi_rankings_preseason_2026.csv,136,,False,False,Pac-12 vs Pac-12
2026,regular,10,401864535,2026-11-08 03:30:00+00:00,UNLV,Wyoming,Mountain West,Mountain West,True,,,fbs,fbs,UNLV,UNLV,UNLV,,,,,higher_spi_home_field_adjusted,higher_spi,higher_spi_home_field_adjusted,54.64615499325283,32.12145460835609,72.258,27.742,77.332,22.668,0.067059,preseason_2026,spi_rankings_preseason_2026.csv,136,,False,False,Mountain West vs Mountain West
2026,regular,10,401860912,2026-11-08 03:30:00+00:00,Oregon State,Texas State,Pac-12,Pac-12,True,,,fbs,fbs,Texas State,Texas State,Texas State,,,,,higher_spi_home_field_adjusted,higher_spi,higher_spi_home_field_adjusted,29.12333309551166,48.88992568241906,30.152,69.848,36.119,63.881,0.067059,preseason_2026,spi_rankings_preseason_2026.csv,136,,False,False,Pac-12 vs Pac-12
2026,regular,11,401866459,2026-11-11 00:00:00+00:00,Bowling Green,Kent State,Mid-American,Mid-American,True,,,fbs,fbs,Bowling Green,Kent State,Bowling Green,,,,,higher_spi_home_field_adjusted,higher_spi,higher_spi_home_field_adjusted,26.80857620911763,29.290788074506256,47.365,52.635,54.1,45.9,0.067059,preseason_2026,spi_rankings_preseason_2026.csv,136,,False,False,Mid-American vs Mid-American
2026,regular,11,401866460,2026-11-11 00:00:00+00:00,Miami (OH),Ohio,Mid-American,Mid-American,True,,,fbs,fbs,Ohio,Ohio,Ohio,,,,,higher_spi_home_field_adjusted,higher_spi,higher_spi_home_field_adjusted,33.71178751136635,52.95891549069096,30.619,69.381,36.63,63.37,0.067059,preseason_2026,spi_rankings_preseason_2026.csv,136,,False,False,Mid-American vs Mid-American
2026,regular,11,401866458,2026-11-11 00:00:00+00:00,Akron,Western Michigan,Mid-American,Mid-American,True,,,fbs,fbs,Western Michigan,Western Michigan,Western Michigan,,,,,higher_spi_home_field_adjusted,higher_spi,higher_spi_home_field_adjusted,28.927648744921203,50.70366266419054,28.384,71.616,34.172,65.828,0.067059,preseason_2026,spi_rankings_preseason_2026.csv,136,,False,False,Mid-American vs Mid-American
2026,regular,11,401866463,2026-11-11 05:00:00+00:00,Toledo,Massachusetts,Mid-American,Mid-American,True,,,fbs,fbs,Toledo,Toledo,Toledo,,,,,higher_spi_home_field_adjusted,higher_spi,higher_spi_home_field_adjusted,52.992506601900594,0.0,90.484,9.516,92.567,7.433,0.067059,preseason_2026,spi_rankings_preseason_2026.csv,136,,False,False,Mid-American vs Mid-American
2026,regular,11,401866462,2026-11-11 05:00:00+00:00,Central Michigan,Sacramento State,Mid-American,Mid-American,True,,,fbs,fbs,Central Michigan,Central Michigan,Central Michigan,,,,,fbs_vs_fcs_rule,fbs_vs_fcs_rule,fbs_vs_fcs_rule,39.43320601762919,,100.0,0.0,100.0,0.0,0.067059,preseason_2026,spi_rankings_preseason_2026.csv,136,,False,False,Mid-American vs Mid-American
2026,regular,11,401866461,2026-11-11 05:00:00+00:00,Ball State,Buffalo,Mid-American,Mid-American,True,,,fbs,fbs,Buffalo,Buffalo,Buffalo,,,,,higher_spi_home_field_adjusted,higher_spi,higher_spi_home_field_adjusted,21.131504365775346,35.732384134335035,34.966,65.034,41.322,58.678,0.067059,preseason_2026,spi_rankings_preseason_2026.csv,136,,False,False,Mid-American vs Mid-American
2026,regular,11,401862824,2026-11-13 01:00:00+00:00,South Florida,Memphis,American Athletic,American Athletic,True,,,fbs,fbs,South Florida,South Florida,South Florida,,,,,higher_spi_home_field_adjusted,higher_spi,higher_spi_home_field_adjusted,64.0384391137842,54.095894750063614,60.41,39.59,66.651,33.349,0.067059,preseason_2026,spi_rankings_preseason_2026.csv,136,,False,False,American Athletic vs American Athletic
2026,regular,11,401869969,2026-11-13 02:00:00+00:00,UL Monroe,Louisiana,Sun Belt,Sun Belt,True,,,fbs,fbs,Louisiana,Louisiana,Louisiana,,,,,higher_spi_home_field_adjusted,higher_spi,higher_spi_home_field_adjusted,28.282781398262458,36.56055836037465,41.294,58.706,47.953,52.047,0.067059,preseason_2026,spi_rankings_preseason_2026.csv,136,,False,False,Sun Belt vs Sun Belt
2026,regular,11,401858293,2026-11-14 00:00:00+00:00,Pittsburgh,Florida State,ACC,ACC,True,,,fbs,fbs,Pittsburgh,Florida State,Pittsburgh,,,,,higher_spi_home_field_adjusted,higher_spi,higher_spi_home_field_adjusted,53.46489362057027,55.1291467270885,48.232,51.768,54.962,45.038,0.067059,preseason_2026,spi_rankings_preseason_2026.csv,136,,False,False,ACC vs ACC
2026,regular,11,401858526,2026-11-14 02:00:00+00:00,UCLA,Illinois,Big Ten,Big Ten,True,,,fbs,fbs,Illinois,Illinois,Illinois,,,,,higher_spi_home_field_adjusted,higher_spi,higher_spi_home_field_adjusted,34.78429471953504,64.95353582816352,21.718,78.282,26.652,73.348,0.067059,preseason_2026,spi_rankings_preseason_2026.csv,136,,False,False,Big Ten vs Big Ten
2026,regular,11,401856860,2026-11-14 03:15:00+00:00,Colorado,Houston,Big 12,Big 12,True,,,fbs,fbs,Houston,Houston,Houston,,,,,higher_spi_home_field_adjusted,higher_spi,higher_spi_home_field_adjusted,52.5187827953132,62.101831336643045,39.956,60.044,46.57,53.43,0.067059,preseason_2026,spi_rankings_preseason_2026.csv,136,,False,False,Big 12 vs Big 12
2026,regular,11,401858518,2026-11-14 05:00:00+00:00,Indiana,USC,Big Ten,Big Ten,True,,,fbs,fbs,Indiana,Indiana,Indiana,,,,,higher_spi_home_field_adjusted,higher_spi,higher_spi_home_field_adjusted,100.0,70.13310964705855,78.063,21.937,82.335,17.665,0.067059,preseason_2026,spi_rankings_preseason_2026.csv,136,,False,False,Big Ten vs Big Ten
2026,regular,11,401856857,2026-11-14 05:00:00+00:00,UCF,Arizona State,Big 12,Big 12,True,,,fbs,fbs,Arizona State,Arizona State,Arizona State,,,,,higher_spi_home_field_adjusted,higher_spi,higher_spi_home_field_adjusted,42.64080749222179,55.328458471350075,36.837,63.163,43.306,56.694,0.067059,preseason_2026,spi_rankings_preseason_2026.csv,136,,False,False,Big 12 vs Big 12
2026,regular,11,401858295,2026-11-14 05:00:00+00:00,Virginia,California,ACC,ACC,True,,,fbs,fbs,Virginia,Virginia,Virginia,,,,,higher_spi_home_field_adjusted,higher_spi,higher_spi_home_field_adjusted,65.518663732325,49.33554828349477,66.547,33.453,72.265,27.735,0.067059,preseason_2026,spi_rankings_preseason_2026.csv,136,,False,False,ACC vs ACC
2026,regular,11,401858296,2026-11-14 05:00:00+00:00,Miami,Duke,ACC,ACC,True,,,fbs,fbs,Miami,Miami,Miami,,,,,higher_spi_home_field_adjusted,higher_spi,higher_spi_home_field_adjusted,81.4436769913458,63.05393062151976,68.602,31.398,74.105,25.895,0.067059,preseason_2026,spi_rankings_preseason_2026.csv,136,,False,False,ACC vs ACC
2026,regular,11,401858298,2026-11-14 05:00:00+00:00,North Carolina,Louisville,ACC,ACC,True,,,fbs,fbs,Louisville,Louisville,Louisville,,,,,higher_spi_home_field_adjusted,higher_spi,higher_spi_home_field_adjusted,35.25991390713516,59.763361084524256,26.088,73.912,31.615,68.385,0.067059,preseason_2026,spi_rankings_preseason_2026.csv,136,,False,False,ACC vs ACC
2026,regular,11,401858299,2026-11-14 05:00:00+00:00,Virginia Tech,Stanford,ACC,ACC,True,,,fbs,fbs,Virginia Tech,Stanford,Virginia Tech,,,,,higher_spi_home_field_adjusted,higher_spi,higher_spi_home_field_adjusted,33.81629649124546,34.362731569534205,49.419,50.581,56.135,43.865,0.067059,preseason_2026,spi_rankings_preseason_2026.csv,136,,False,False,ACC vs ACC
2026,regular,11,401858297,2026-11-14 05:00:00+00:00,Clemson,Georgia Tech,ACC,ACC,True,,,fbs,fbs,Georgia Tech,Georgia Tech,Georgia Tech,,,,,higher_spi_home_field_adjusted,higher_spi,higher_spi_home_field_adjusted,51.31539767782347,61.914652182713816,38.925,61.075,45.497,54.503,0.067059,preseason_2026,spi_rankings_preseason_2026.csv,136,,False,False,ACC vs ACC
2026,regular,11,401862828,2026-11-14 05:00:00+00:00,Rice,Tulane,American Athletic,American Athletic,True,,,fbs,fbs,Tulane,Tulane,Tulane,,,,,higher_spi_home_field_adjusted,higher_spi,higher_spi_home_field_adjusted,32.35687646311618,65.60687847574107,19.574,80.426,24.172,75.828,0.067059,preseason_2026,spi_rankings_preseason_2026.csv,136,,False,False,American Athletic vs American Athletic
2026,regular,11,401862825,2026-11-14 05:00:00+00:00,Charlotte,East Carolina,American Athletic,American Athletic,True,,,fbs,fbs,East Carolina,East Carolina,East Carolina,,,,,higher_spi_home_field_adjusted,higher_spi,higher_spi_home_field_adjusted,15.679603015598964,63.94920900693176,11.391,88.609,14.411,85.589,0.067059,preseason_2026,spi_rankings_preseason_2026.csv,136,,False,False,American Athletic vs American Athletic
2026,regular,11,401869952,2026-11-14 05:00:00+00:00,Georgia State,Georgia Southern,Sun Belt,Sun Belt,True,,,fbs,fbs,Georgia Southern,Georgia Southern,Georgia Southern,,,,,higher_spi_home_field_adjusted,higher_spi,higher_spi_home_field_adjusted,20.755385320600695,43.58002024141765,27.487,72.513,33.177,66.823,0.067059,preseason_2026,spi_rankings_preseason_2026.csv,136,,False,False,Sun Belt vs Sun Belt
2026,regular,11,401869928,2026-11-14 05:00:00+00:00,Marshall,App State,Sun Belt,Sun Belt,True,,,fbs,fbs,Marshall,Marshall,Marshall,,,,,higher_spi_home_field_adjusted,higher_spi,higher_spi_home_field_adjusted,37.70800475537429,31.03599031883539,57.042,42.958,63.493,36.507,0.067059,preseason_2026,spi_rankings_preseason_2026.csv,136,,False,False,Sun Belt vs Sun Belt
2026,regular,11,401869937,2026-11-14 05:00:00+00:00,Coastal Carolina,Arkansas State,Sun Belt,Sun Belt,True,,,fbs,fbs,Coastal Carolina,Coastal Carolina,Coastal Carolina,,,,,higher_spi_home_field_adjusted,higher_spi,higher_spi_home_field_adjusted,47.48091226741856,36.96680062755114,60.989,39.011,67.188,32.812,0.067059,preseason_2026,spi_rankings_preseason_2026.csv,136,,False,False,Sun Belt vs Sun Belt
2026,regular,11,401871099,2026-11-14 05:00:00+00:00,Louisiana Tech,Southern Miss,Sun Belt,Sun Belt,True,,,fbs,fbs,Louisiana Tech,Louisiana Tech,Louisiana Tech,,,,,higher_spi_home_field_adjusted,higher_spi,higher_spi_home_field_adjusted,44.616459541316786,41.292437275258656,53.526,46.474,60.136,39.864,0.067059,preseason_2026,spi_rankings_preseason_2026.csv,136,,False,False,Sun Belt vs Sun Belt
2026,regular,11,401871100,2026-11-14 05:00:00+00:00,South Alabama,Troy,Sun Belt,Sun Belt,True,,,fbs,fbs,Troy,Troy,Troy,,,,,higher_spi_home_field_adjusted,higher_spi,higher_spi_home_field_adjusted,36.30045475956572,43.3034999619687,42.614,57.386,49.306,50.694,0.067059,preseason_2026,spi_rankings_preseason_2026.csv,136,,False,False,Sun Belt vs Sun Belt
2026,regular,11,401856862,2026-11-14 05:00:00+00:00,TCU,Kansas State,Big 12,Big 12,True,,,fbs,fbs,TCU,TCU,TCU,,,,,higher_spi_home_field_adjusted,higher_spi,higher_spi_home_field_adjusted,65.56954828015526,51.032439334524696,64.972,35.028,70.841,29.159,0.067059,preseason_2026,spi_rankings_preseason_2026.csv,136,,False,False,Big 12 vs Big 12
2026,regular,11,401856888,2026-11-14 05:00:00+00:00,Texas A&M,Tennessee,SEC,SEC,True,,,fbs,fbs,Texas A&M,Texas A&M,Texas A&M,,,,,higher_spi_home_field_adjusted,higher_spi,higher_spi_home_field_adjusted,72.4054629070378,60.668490116907336,62.218,37.782,68.324,31.676,0.067059,preseason_2026,spi_rankings_preseason_2026.csv,136,FLEX: 3:30 - 4:30pm OR 6 - 8pm ET start,False,False,SEC vs SEC
2026,regular,11,401856858,2026-11-14 05:00:00+00:00,BYU,Baylor,Big 12,Big 12,True,,,fbs,fbs,BYU,BYU,BYU,,,,,higher_spi_home_field_adjusted,higher_spi,higher_spi_home_field_adjusted,74.20368829645034,46.1270150888027,76.732,23.268,81.201,18.799,0.067059,preseason_2026,spi_rankings_preseason_2026.csv,136,,False,False,Big 12 vs Big 12
2026,regular,11,401856863,2026-11-14 05:00:00+00:00,Oklahoma State,Texas Tech,Big 12,Big 12,True,,,fbs,fbs,Texas Tech,Texas Tech,Texas Tech,,,,,higher_spi_home_field_adjusted,higher_spi,higher_spi_home_field_adjusted,19.350638062414177,84.04794204268366,6.011,93.989,7.729,92.271,0.067059,preseason_2026,spi_rankings_preseason_2026.csv,136,,False,False,Big 12 vs Big 12
2026,regular,11,401856882,2026-11-14 05:00:00+00:00,Arkansas,South Carolina,SEC,SEC,True,,,fbs,fbs,South Carolina,South Carolina,South Carolina,,,,,higher_spi_home_field_adjusted,higher_spi,higher_spi_home_field_adjusted,36.87640666293411,44.362372016765114,42.113,57.887,48.793,51.207,0.067059,preseason_2026,spi_rankings_preseason_2026.csv,136,FLEX: 3:30 - 4:30pm OR 6 - 8pm ET start,False,False,SEC vs SEC
2026,regular,11,401856889,2026-11-14 05:00:00+00:00,Vanderbilt,Alabama,SEC,SEC,True,,,fbs,fbs,Vanderbilt,Vanderbilt,Vanderbilt,,,,,higher_spi_home_field_adjusted,higher_spi,higher_spi_home_field_adjusted,72.64678964726453,72.08922144650381,50.592,49.408,57.287,42.713,0.067059,preseason_2026,spi_rankings_preseason_2026.csv,136,EARLY: Noon - 1pm ET start,False,False,SEC vs SEC
2026,regular,11,401856885,2026-11-14 05:00:00+00:00,LSU,Texas,SEC,SEC,True,,,fbs,fbs,Texas,Texas,Texas,,,,,higher_spi_home_field_adjusted,higher_spi,higher_spi_home_field_adjusted,53.28492239690803,69.77955646406483,33.159,66.841,39.385,60.615,0.067059,preseason_2026,spi_rankings_preseason_2026.csv,136,FLEX: 3:30 - 4:30pm OR 6 - 8pm ET start,False,False,SEC vs SEC
2026,regular,11,401856887,2026-11-14 05:00:00+00:00,Oklahoma,Ole Miss,SEC,SEC,True,,,fbs,fbs,Ole Miss,Ole Miss,Ole Miss,,,,,higher_spi_home_field_adjusted,higher_spi,higher_spi_home_field_adjusted,69.44209698059642,77.3501436748318,41.676,58.324,48.345,51.655,0.067059,preseason_2026,spi_rankings_preseason_2026.csv,136,AFTERNOON: 3:30 - 4:30pm ET start,False,False,SEC vs SEC
2026,regular,11,401856861,2026-11-14 05:00:00+00:00,West Virginia,Kansas,Big 12,Big 12,True,,,fbs,fbs,Kansas,Kansas,Kansas,,,,,higher_spi_home_field_adjusted,higher_spi,higher_spi_home_field_adjusted,41.00086530063937,47.51301066199033,43.125,56.875,49.827,50.173,0.067059,preseason_2026,spi_rankings_preseason_2026.csv,136,,False,False,Big 12 vs Big 12
2026,regular,11,401856883,2026-11-14 05:00:00+00:00,Georgia,Missouri,SEC,SEC,True,,,fbs,fbs,Georgia,Georgia,Georgia,,,,,higher_spi_home_field_adjusted,higher_spi,higher_spi_home_field_adjusted,80.61484229722396,60.022559444325715,70.582,29.418,75.86,24.14,0.067059,preseason_2026,spi_rankings_preseason_2026.csv,136,FLEX: 3:30 - 4:30pm OR 6 - 8pm ET start,False,False,SEC vs SEC
2026,regular,11,401856884,2026-11-14 05:00:00+00:00,Kentucky,Florida,SEC,SEC,True,,,fbs,fbs,Kentucky,Kentucky,Kentucky,,,,,higher_spi_home_field_adjusted,higher_spi,higher_spi_home_field_adjusted,46.14040906149416,43.562916877840394,52.736,47.264,59.373,40.627,0.067059,preseason_2026,spi_rankings_preseason_2026.csv,136,NIGHT: 6 - 8pm ET start,False,False,SEC vs SEC
2026,regular,11,401856886,2026-11-14 05:00:00+00:00,Mississippi State,Auburn,SEC,SEC,True,,,fbs,fbs,Mississippi State,Mississippi State,Mississippi State,,,,,higher_spi_home_field_adjusted,higher_spi,higher_spi_home_field_adjusted,48.860528648712766,48.64871395120542,50.225,49.775,56.927,43.073,0.067059,preseason_2026,spi_rankings_preseason_2026.csv,136,EARLY: Noon - 1pm ET start,False,False,SEC vs SEC
2026,regular,11,401858519,2026-11-14 05:00:00+00:00,Iowa,Purdue,Big Ten,Big Ten,True,,,fbs,fbs,Iowa,Iowa,Iowa,,,,,higher_spi_home_field_adjusted,higher_spi,higher_spi_home_field_adjusted,67.8320546772824,35.60243749521463,79.734,20.266,83.748,16.252,0.067059,preseason_2026,spi_rankings_preseason_2026.csv,136,,False,False,Big Ten vs Big Ten
2026,regular,11,401856859,2026-11-14 05:00:00+00:00,Iowa State,Cincinnati,Big 12,Big 12,True,,,fbs,fbs,Iowa State,Iowa State,Iowa State,,,,,higher_spi_home_field_adjusted,higher_spi,higher_spi_home_field_adjusted,62.70258494324692,55.6628487391671,57.424,42.576,63.854,36.146,0.067059,preseason_2026,spi_rankings_preseason_2026.csv,136,,False,False,Big 12 vs Big 12
2026,regular,11,401858520,2026-11-14 05:00:00+00:00,Maryland,Wisconsin,Big Ten,Big Ten,True,,,fbs,fbs,Wisconsin,Wisconsin,Wisconsin,,,,,higher_spi_home_field_adjusted,higher_spi,higher_spi_home_field_adjusted,36.43389579740814,48.11301470274047,37.84,62.16,44.362,55.638,0.067059,preseason_2026,spi_rankings_preseason_2026.csv,136,,False,False,Big Ten vs Big Ten
2026,regular,11,401864540,2026-11-14 05:00:00+00:00,UTEP,Wyoming,Mountain West,Mountain West,True,,,fbs,fbs,Wyoming,Wyoming,Wyoming,,,,,higher_spi_home_field_adjusted,higher_spi,higher_spi_home_field_adjusted,24.108683570799027,32.12145460835609,41.568,58.432,48.234,51.766,0.067059,preseason_2026,spi_rankings_preseason_2026.csv,136,,False,False,Mountain West vs Mountain West
2026,regular,11,401858521,2026-11-14 05:00:00+00:00,Michigan State,Washington,Big Ten,Big Ten,True,,,fbs,fbs,Washington,Washington,Washington,,,,,higher_spi_home_field_adjusted,higher_spi,higher_spi_home_field_adjusted,43.659123524226416,69.28295267091242,25.18,74.82,30.594,69.406,0.067059,preseason_2026,spi_rankings_preseason_2026.csv,136,,False,False,Big Ten vs Big Ten
2026,regular,11,401864536,2026-11-14 05:00:00+00:00,Northern Illinois,Nevada,Mountain West,Mountain West,True,,,fbs,fbs,Northern Illinois,Nevada,Northern Illinois,,,,,higher_spi_home_field_adjusted,higher_spi,higher_spi_home_field_adjusted,21.69915317221182,22.46968595887032,49.181,50.819,55.9,44.1,0.067059,preseason_2026,spi_rankings_preseason_2026.csv,136,,False,False,Mountain West vs Mountain West
2026,regular,11,401858525,2026-11-14 05:00:00+00:00,Rutgers,Nebraska,Big Ten,Big Ten,True,,,fbs,fbs,Nebraska,Nebraska,Nebraska,,,,,higher_spi_home_field_adjusted,higher_spi,higher_spi_home_field_adjusted,47.5547734274298,55.46736754606214,41.671,58.329,48.34,51.66,0.067059,preseason_2026,spi_rankings_preseason_2026.csv,136,,False,False,Big Ten vs Big Ten
2026,regular,11,401858524,2026-11-14 05:00:00+00:00,Penn State,Minnesota,Big Ten,Big Ten,True,,,fbs,fbs,Penn State,Penn State,Penn State,,,,,higher_spi_home_field_adjusted,higher_spi,higher_spi_home_field_adjusted,61.88779963194504,54.76296165411433,57.513,42.487,63.938,36.062,0.067059,preseason_2026,spi_rankings_preseason_2026.csv,136,,False,False,Big Ten vs Big Ten
2026,regular,11,401858523,2026-11-14 05:00:00+00:00,Oregon,Michigan,Big Ten,Big Ten,True,,,fbs,fbs,Oregon,Oregon,Oregon,,,,,higher_spi_home_field_adjusted,higher_spi,higher_spi_home_field_adjusted,85.98699967204186,66.03072492246395,70.018,29.982,75.362,24.638,0.067059,preseason_2026,spi_rankings_preseason_2026.csv,136,,False,False,Big Ten vs Big Ten
2026,regular,11,401858300,2026-11-14 05:00:00+00:00,NC State,Syracuse,ACC,ACC,True,,,fbs,fbs,NC State,NC State,NC State,,,,,higher_spi_home_field_adjusted,higher_spi,higher_spi_home_field_adjusted,61.00491592325077,33.87711504204498,76.005,23.995,80.578,19.422,0.067059,preseason_2026,spi_rankings_preseason_2026.csv,136,,False,False,ACC vs ACC
2026,regular,11,401858522,2026-11-14 05:00:00+00:00,Ohio State,Northwestern,Big Ten,Big Ten,True,,,fbs,fbs,Ohio State,Ohio State,Ohio State,,,,,higher_spi_home_field_adjusted,higher_spi,higher_spi_home_field_adjusted,85.81528022725924,54.664274190964846,78.983,21.017,83.115,16.885,0.067059,preseason_2026,spi_rankings_preseason_2026.csv,136,,False,False,Big Ten vs Big Ten
2026,regular,11,401858301,2026-11-14 05:00:00+00:00,SMU,Wake Forest,ACC,ACC,True,,,fbs,fbs,SMU,SMU,SMU,,,,,higher_spi_home_field_adjusted,higher_spi,higher_spi_home_field_adjusted,63.72564498222339,56.975284138942186,57.123,42.877,63.57,36.43,0.067059,preseason_2026,spi_rankings_preseason_2026.csv,136,,False,False,ACC vs ACC
2026,regular,11,401862829,2026-11-14 05:00:00+00:00,Temple,UAB,American Athletic,American Athletic,True,,,fbs,fbs,Temple,Temple,Temple,,,,,higher_spi_home_field_adjusted,higher_spi,higher_spi_home_field_adjusted,43.307088479567234,33.88852101736378,59.876,40.124,66.154,33.846,0.067059,preseason_2026,spi_rankings_preseason_2026.csv,136,,False,False,American Athletic vs American Athletic
2026,regular,11,401862826,2026-11-14 05:00:00+00:00,Tulsa,Florida Atlantic,American Athletic,American Athletic,True,,,fbs,fbs,Tulsa,Tulsa,Tulsa,,,,,higher_spi_home_field_adjusted,higher_spi,higher_spi_home_field_adjusted,33.77955310136101,33.47466386985975,50.324,49.676,57.024,42.976,0.067059,preseason_2026,spi_rankings_preseason_2026.csv,136,,False,False,American Athletic vs American Athletic
2026,regular,11,401862827,2026-11-14 05:00:00+00:00,UTSA,North Texas,American Athletic,American Athletic,True,,,fbs,fbs,North Texas,North Texas,North Texas,,,,,higher_spi_home_field_adjusted,higher_spi,higher_spi_home_field_adjusted,50.75700914526365,74.47142988087174,26.74,73.26,32.344,67.656,0.067059,preseason_2026,spi_rankings_preseason_2026.csv,136,,False,False,American Athletic vs American Athletic
2026,regular,11,401856864,2026-11-14 05:00:00+00:00,Arizona,Utah,Big 12,Big 12,True,,,fbs,fbs,Utah,Utah,Utah,,,,,higher_spi_home_field_adjusted,higher_spi,higher_spi_home_field_adjusted,65.69302834002899,79.90984695824888,35.338,64.662,41.718,58.282,0.067059,preseason_2026,spi_rankings_preseason_2026.csv,136,,False,False,Big 12 vs Big 12
2026,regular,11,401861967,2026-11-14 17:00:00+00:00,UConn,James Madison,FBS Independents,Sun Belt,False,,,fbs,fbs,James Madison,James Madison,James Madison,,,,,higher_spi_home_field_adjusted,higher_spi,higher_spi_home_field_adjusted,55.02961235400574,72.18940696839009,32.535,67.465,38.712,61.288,0.067059,preseason_2026,spi_rankings_preseason_2026.csv,136,,False,False,FBS Independents vs Sun Belt
2026,regular,11,401870769,2026-11-14 19:00:00+00:00,Sam Houston,Kennesaw State,Conference USA,Conference USA,True,,,fbs,fbs,Kennesaw State,Kennesaw State,Kennesaw State,,,,,higher_spi_home_field_adjusted,higher_spi,higher_spi_home_field_adjusted,14.484956137666089,57.36695846103969,13.914,86.086,17.471,82.529,0.067059,preseason_2026,spi_rankings_preseason_2026.csv,136,,False,False,Conference USA vs Conference USA
2026,regular,11,401871060,2026-11-14 20:00:00+00:00,Delaware,Florida International,Conference USA,Conference USA,True,,,fbs,fbs,Delaware,Florida International,Delaware,,,,,higher_spi_home_field_adjusted,higher_spi,higher_spi_home_field_adjusted,39.720155437367346,42.29445778135238,47.268,52.732,54.003,45.997,0.067059,preseason_2026,spi_rankings_preseason_2026.csv,136,,False,False,Conference USA vs Conference USA
2026,regular,11,401870796,2026-11-14 20:00:00+00:00,Missouri State,New Mexico State,Conference USA,Conference USA,True,,,fbs,fbs,Missouri State,Missouri State,Missouri State,,,,,higher_spi_home_field_adjusted,higher_spi,higher_spi_home_field_adjusted,44.7268146401007,26.12941189303164,68.791,31.209,74.274,25.726,0.067059,preseason_2026,spi_rankings_preseason_2026.csv,136,,False,False,Conference USA vs Conference USA
2026,regular,11,401871061,2026-11-14 20:30:00+00:00,Liberty,Middle Tennessee,Conference USA,Conference USA,True,,,fbs,fbs,Liberty,Liberty,Liberty,,,,,higher_spi_home_field_adjusted,higher_spi,higher_spi_home_field_adjusted,32.39054671402152,25.935677165051057,56.816,43.184,63.279,36.721,0.067059,preseason_2026,spi_rankings_preseason_2026.csv,136,,False,False,Conference USA vs Conference USA
2026,regular,11,401858294,2026-11-14 20:30:00+00:00,Notre Dame,Boston College,FBS Independents,ACC,False,,,fbs,fbs,Notre Dame,Notre Dame,Notre Dame,,,,,higher_spi_home_field_adjusted,higher_spi,higher_spi_home_field_adjusted,79.40868985665563,30.356967624016452,88.941,11.059,91.33,8.67,0.067059,preseason_2026,spi_rankings_preseason_2026.csv,136,,False,False,ACC vs FBS Independents
2026,regular,11,401870752,2026-11-14 20:30:00+00:00,Western Kentucky,Jacksonville State,Conference USA,Conference USA,True,,,fbs,fbs,Western Kentucky,Western Kentucky,Western Kentucky,,,,,higher_spi_home_field_adjusted,higher_spi,higher_spi_home_field_adjusted,51.76852111202271,44.69313287136374,57.461,42.539,63.889,36.111,0.067059,preseason_2026,spi_rankings_preseason_2026.csv,136,,False,False,Conference USA vs Conference USA
2026,regular,11,401860916,2026-11-14 21:00:00+00:00,Texas State,Fresno State,Pac-12,Pac-12,True,,,fbs,fbs,Texas State,Fresno State,Texas State,,,,,higher_spi_home_field_adjusted,higher_spi,higher_spi_home_field_adjusted,48.88992568241906,50.97209727366645,47.789,52.211,54.522,45.478,0.067059,preseason_2026,spi_rankings_preseason_2026.csv,136,,False,False,Pac-12 vs Pac-12
2026,regular,11,401860914,2026-11-14 23:00:00+00:00,Boise State,Oregon State,Pac-12,Pac-12,True,,,fbs,fbs,Boise State,Boise State,Boise State,,,,,higher_spi_home_field_adjusted,higher_spi,higher_spi_home_field_adjusted,56.844424952284015,29.12333309551166,76.461,23.539,80.969,19.031,0.067059,preseason_2026,spi_rankings_preseason_2026.csv,136,,False,False,Pac-12 vs Pac-12
2026,regular,11,401864538,2026-11-15 00:00:00+00:00,Air Force,San José State,Mountain West,Mountain West,True,,,fbs,fbs,Air Force,Air Force,Air Force,,,,,higher_spi_home_field_adjusted,higher_spi,higher_spi_home_field_adjusted,39.66462459161762,27.73283562877278,62.413,37.587,68.503,31.497,0.067059,preseason_2026,spi_rankings_preseason_2026.csv,136,,False,False,Mountain West vs Mountain West
2026,regular,11,401864539,2026-11-15 00:30:00+00:00,New Mexico,UNLV,Mountain West,Mountain West,True,,,fbs,fbs,New Mexico,New Mexico,New Mexico,,,,,higher_spi_home_field_adjusted,higher_spi,higher_spi_home_field_adjusted,55.31021797579682,54.64615499325283,50.706,49.294,57.397,42.603,0.067059,preseason_2026,spi_rankings_preseason_2026.csv,136,,False,False,Mountain West vs Mountain West
2026,regular,11,401860915,2026-11-15 02:30:00+00:00,San Diego State,Utah State,Pac-12,Pac-12,True,,,fbs,fbs,San Diego State,San Diego State,San Diego State,,,,,higher_spi_home_field_adjusted,higher_spi,higher_spi_home_field_adjusted,53.45407348929518,46.11517401571138,57.735,42.265,64.147,35.853,0.067059,preseason_2026,spi_rankings_preseason_2026.csv,136,,False,False,Pac-12 vs Pac-12
2026,regular,11,401860917,2026-11-15 03:30:00+00:00,Washington State,Colorado State,Pac-12,Pac-12,True,,,fbs,fbs,Washington State,Washington State,Washington State,,,,,higher_spi_home_field_adjusted,higher_spi,higher_spi_home_field_adjusted,50.39210587637901,26.588436394624736,73.334,26.666,78.271,21.729,0.067059,preseason_2026,spi_rankings_preseason_2026.csv,136,,False,False,Pac-12 vs Pac-12
2026,regular,11,401864537,2026-11-15 04:59:00+00:00,Hawai'i,North Dakota State,Mountain West,Mountain West,True,,,fbs,fbs,Hawai'i,Hawai'i,Hawai'i,,,,,fbs_vs_fcs_rule,fbs_vs_fcs_rule,fbs_vs_fcs_rule,51.33097583679728,,100.0,0.0,100.0,0.0,0.067059,preseason_2026,spi_rankings_preseason_2026.csv,136,,False,False,Mountain West vs Mountain West
2026,regular,12,401866466,2026-11-18 00:00:00+00:00,Kent State,Miami (OH),Mid-American,Mid-American,True,,,fbs,fbs,Kent State,Miami (OH),Kent State,,,,,higher_spi_home_field_adjusted,higher_spi,higher_spi_home_field_adjusted,29.290788074506256,33.71178751136635,45.316,54.684,52.048,47.952,0.067059,preseason_2026,spi_rankings_preseason_2026.csv,136,,False,False,Mid-American vs Mid-American
2026,regular,12,401866465,2026-11-18 00:00:00+00:00,Western Michigan,Eastern Michigan,Mid-American,Mid-American,True,,,fbs,fbs,Western Michigan,Western Michigan,Western Michigan,,,,,higher_spi_home_field_adjusted,higher_spi,higher_spi_home_field_adjusted,50.70366266419054,26.431321817561333,73.722,26.278,78.608,21.392,0.067059,preseason_2026,spi_rankings_preseason_2026.csv,136,,False,False,Mid-American vs Mid-American
2026,regular,12,401866464,2026-11-18 00:00:00+00:00,Ohio,Ball State,Mid-American,Mid-American,True,,,fbs,fbs,Ohio,Ohio,Ohio,,,,,higher_spi_home_field_adjusted,higher_spi,higher_spi_home_field_adjusted,52.95891549069096,21.131504365775346,79.456,20.544,83.514,16.486,0.067059,preseason_2026,spi_rankings_preseason_2026.csv,136,,False,False,Mid-American vs Mid-American
2026,regular,12,401866469,2026-11-18 05:00:00+00:00,Buffalo,Central Michigan,Mid-American,Mid-American,True,,,fbs,fbs,Buffalo,Central Michigan,Buffalo,,,,,higher_spi_home_field_adjusted,higher_spi,higher_spi_home_field_adjusted,35.732384134335035,39.43320601762919,46.076,53.924,52.811,47.189,0.067059,preseason_2026,spi_rankings_preseason_2026.csv,136,,False,False,Mid-American vs Mid-American
2026,regular,12,401866467,2026-11-18 05:00:00+00:00,Massachusetts,Akron,Mid-American,Mid-American,True,,,fbs,fbs,Akron,Akron,Akron,,,,,higher_spi_home_field_adjusted,higher_spi,higher_spi_home_field_adjusted,0.0,28.927648744921203,22.628,77.372,27.697,72.303,0.067059,preseason_2026,spi_rankings_preseason_2026.csv,136,,False,False,Mid-American vs Mid-American
2026,regular,12,401862830,2026-11-20 00:30:00+00:00,Temple,Rice,American Athletic,American Athletic,True,,,fbs,fbs,Temple,Temple,Temple,,,,,higher_spi_home_field_adjusted,higher_spi,higher_spi_home_field_adjusted,43.307088479567234,32.35687646311618,61.429,38.571,67.596,32.404,0.067059,preseason_2026,spi_rankings_preseason_2026.csv,136,,False,False,American Athletic vs American Athletic
2026,regular,12,401856869,2026-11-20 23:00:00+00:00,UCF,Iowa State,Big 12,Big 12,True,,,fbs,fbs,Iowa State,Iowa State,Iowa State,,,,,higher_spi_home_field_adjusted,higher_spi,higher_spi_home_field_adjusted,42.64080749222179,62.70258494324692,29.888,70.112,35.83,64.17,0.067059,preseason_2026,spi_rankings_preseason_2026.csv,136,,False,False,Big 12 vs Big 12
2026,regular,12,401858303,2026-11-21 00:30:00+00:00,Duke,Clemson,ACC,ACC,True,,,fbs,fbs,Duke,Duke,Duke,,,,,higher_spi_home_field_adjusted,higher_spi,higher_spi_home_field_adjusted,63.05393062151976,51.31539767782347,62.22,37.78,68.325,31.675,0.067059,preseason_2026,spi_rankings_preseason_2026.csv,136,,False,False,ACC vs ACC
2026,regular,12,401866468,2026-11-21 00:30:00+00:00,Toledo,Bowling Green,Mid-American,Mid-American,True,,,fbs,fbs,Toledo,Toledo,Toledo,,,,,higher_spi_home_field_adjusted,higher_spi,higher_spi_home_field_adjusted,52.992506601900594,26.80857620911763,75.265,24.735,79.942,20.058,0.067059,preseason_2026,spi_rankings_preseason_2026.csv,136,,False,False,Mid-American vs Mid-American
2026,regular,12,401858529,2026-11-21 01:00:00+00:00,Michigan State,Oregon,Big Ten,Big Ten,True,,,fbs,fbs,Oregon,Oregon,Oregon,,,,,higher_spi_home_field_adjusted,higher_spi,higher_spi_home_field_adjusted,43.659123524226416,85.98699967204186,14.198,85.802,17.813,82.187,0.067059,preseason_2026,spi_rankings_preseason_2026.csv,136,,False,False,Big Ten vs Big Ten
2026,regular,12,401864545,2026-11-21 01:00:00+00:00,Air Force,UTEP,Mountain West,Mountain West,True,,,fbs,fbs,Air Force,Air Force,Air Force,,,,,higher_spi_home_field_adjusted,higher_spi,higher_spi_home_field_adjusted,39.66462459161762,24.108683570799027,65.951,34.049,71.728,28.272,0.067059,preseason_2026,spi_rankings_preseason_2026.csv,136,,False,False,Mountain West vs Mountain West
2026,regular,12,401856754,2026-11-21 05:00:00+00:00,Tennessee,LSU,SEC,SEC,True,,,fbs,fbs,Tennessee,Tennessee,Tennessee,,,,,higher_spi_home_field_adjusted,higher_spi,higher_spi_home_field_adjusted,60.668490116907336,53.28492239690803,57.781,42.219,64.191,35.809,0.067059,preseason_2026,spi_rankings_preseason_2026.csv,136,FLEX: 3:30 - 4:30pm OR 6 - 8pm ET start,False,False,SEC vs SEC
2026,regular,12,401858534,2026-11-21 05:00:00+00:00,USC,Maryland,Big Ten,Big Ten,True,,,fbs,fbs,USC,USC,USC,,,,,higher_spi_home_field_adjusted,higher_spi,higher_spi_home_field_adjusted,70.13310964705855,36.43389579740814,80.725,19.275,84.581,15.419,0.067059,preseason_2026,spi_rankings_preseason_2026.csv,136,,False,False,Big Ten vs Big Ten
2026,regular,12,401856865,2026-11-21 05:00:00+00:00,Kansas State,Arizona,Big 12,Big 12,True,,,fbs,fbs,Arizona,Arizona,Arizona,,,,,higher_spi_home_field_adjusted,higher_spi,higher_spi_home_field_adjusted,51.032439334524696,65.69302834002899,34.908,65.092,41.26,58.74,0.067059,preseason_2026,spi_rankings_preseason_2026.csv,136,,False,False,Big 12 vs Big 12
2026,regular,12,401858304,2026-11-21 05:00:00+00:00,Florida State,NC State,ACC,ACC,True,,,fbs,fbs,Florida State,NC State,Florida State,,,,,higher_spi_home_field_adjusted,higher_spi,higher_spi_home_field_adjusted,55.1291467270885,61.00491592325077,43.789,56.211,50.504,49.496,0.067059,preseason_2026,spi_rankings_preseason_2026.csv,136,,False,False,ACC vs ACC
2026,regular,12,401858305,2026-11-21 05:00:00+00:00,Virginia,North Carolina,ACC,ACC,True,,,fbs,fbs,Virginia,Virginia,Virginia,,,,,higher_spi_home_field_adjusted,higher_spi,higher_spi_home_field_adjusted,65.518663732325,35.25991390713516,78.347,21.653,82.576,17.424,0.067059,preseason_2026,spi_rankings_preseason_2026.csv,136,,False,False,ACC vs ACC
2026,regular,12,401858310,2026-11-21 05:00:00+00:00,Georgia Tech,Wake Forest,ACC,ACC,True,,,fbs,fbs,Georgia Tech,Georgia Tech,Georgia Tech,,,,,higher_spi_home_field_adjusted,higher_spi,higher_spi_home_field_adjusted,61.914652182713816,56.975284138942186,55.229,44.771,61.77,38.23,0.067059,preseason_2026,spi_rankings_preseason_2026.csv,136,,False,False,ACC vs ACC
2026,regular,12,401869958,2026-11-21 05:00:00+00:00,Marshall,Georgia State,Sun Belt,Sun Belt,True,,,fbs,fbs,Marshall,Marshall,Marshall,,,,,higher_spi_home_field_adjusted,higher_spi,higher_spi_home_field_adjusted,37.70800475537429,20.755385320600695,67.271,32.729,72.916,27.084,0.067059,preseason_2026,spi_rankings_preseason_2026.csv,136,,False,False,Sun Belt vs Sun Belt
2026,regular,12,401858527,2026-11-21 05:00:00+00:00,Illinois,Iowa,Big Ten,Big Ten,True,,,fbs,fbs,Illinois,Iowa,Illinois,,,,,higher_spi_home_field_adjusted,higher_spi,higher_spi_home_field_adjusted,64.95353582816352,67.8320546772824,46.945,53.055,53.681,46.319,0.067059,preseason_2026,spi_rankings_preseason_2026.csv,136,,False,False,Big Ten vs Big Ten
2026,regular,12,401858528,2026-11-21 05:00:00+00:00,Michigan,UCLA,Big Ten,Big Ten,True,,,fbs,fbs,Michigan,Michigan,Michigan,,,,,higher_spi_home_field_adjusted,higher_spi,higher_spi_home_field_adjusted,66.03072492246395,34.78429471953504,79.051,20.949,83.172,16.828,0.067059,preseason_2026,spi_rankings_preseason_2026.csv,136,,False,False,Big Ten vs Big Ten
2026,regular,12,401856867,2026-11-21 05:00:00+00:00,Cincinnati,Colorado,Big 12,Big 12,True,,,fbs,fbs,Cincinnati,Cincinnati,Cincinnati,,,,,higher_spi_home_field_adjusted,higher_spi,higher_spi_home_field_adjusted,55.6628487391671,52.5187827953132,53.336,46.664,59.952,40.048,0.067059,preseason_2026,spi_rankings_preseason_2026.csv,136,,False,False,Big 12 vs Big 12
2026,regular,12,401856871,2026-11-21 05:00:00+00:00,Baylor,Texas Tech,Big 12,Big 12,True,,,fbs,fbs,Texas Tech,Texas Tech,Texas Tech,,,,,higher_spi_home_field_adjusted,higher_spi,higher_spi_home_field_adjusted,46.1270150888027,84.04794204268366,16.636,83.364,20.722,79.278,0.067059,preseason_2026,spi_rankings_preseason_2026.csv,136,,False,False,Big 12 vs Big 12
2026,regular,12,401862833,2026-11-21 05:00:00+00:00,Florida Atlantic,South Florida,American Athletic,American Athletic,True,,,fbs,fbs,South Florida,South Florida,South Florida,,,,,higher_spi_home_field_adjusted,higher_spi,higher_spi_home_field_adjusted,33.47466386985975,64.0384391137842,21.434,78.566,26.326,73.674,0.067059,preseason_2026,spi_rankings_preseason_2026.csv,136,,False,False,American Athletic vs American Athletic
2026,regular,12,401856753,2026-11-21 05:00:00+00:00,South Carolina,Georgia,SEC,SEC,True,,,fbs,fbs,Georgia,Georgia,Georgia,,,,,higher_spi_home_field_adjusted,higher_spi,higher_spi_home_field_adjusted,44.362372016765114,80.61484229722396,17.643,82.357,21.911,78.089,0.067059,preseason_2026,spi_rankings_preseason_2026.csv,136,FLEX: 3:30 - 4:30pm OR 6 - 8pm ET start,False,False,SEC vs SEC
2026,regular,12,401864541,2026-11-21 05:00:00+00:00,Nevada,Hawai'i,Mountain West,Mountain West,True,,,fbs,fbs,Hawai'i,Hawai'i,Hawai'i,,,,,higher_spi_home_field_adjusted,higher_spi,higher_spi_home_field_adjusted,22.46968595887032,51.33097583679728,22.678,77.322,27.753,72.247,0.067059,preseason_2026,spi_rankings_preseason_2026.csv,136,,False,False,Mountain West vs Mountain West
2026,regular,12,401862836,2026-11-21 05:00:00+00:00,UAB,UTSA,American Athletic,American Athletic,True,,,fbs,fbs,UTSA,UTSA,UTSA,,,,,higher_spi_home_field_adjusted,higher_spi,higher_spi_home_field_adjusted,33.88852101736378,50.75700914526365,32.807,67.193,39.006,60.994,0.067059,preseason_2026,spi_rankings_preseason_2026.csv,136,,False,False,American Athletic vs American Athletic
2026,regular,12,401858530,2026-11-21 05:00:00+00:00,Minnesota,Northwestern,Big Ten,Big Ten,True,,,fbs,fbs,Minnesota,Minnesota,Minnesota,,,,,higher_spi_home_field_adjusted,higher_spi,higher_spi_home_field_adjusted,54.76296165411433,54.664274190964846,50.105,49.895,56.809,43.191,0.067059,preseason_2026,spi_rankings_preseason_2026.csv,136,,False,False,Big Ten vs Big Ten
2026,regular,12,401856755,2026-11-21 05:00:00+00:00,Texas,Arkansas,SEC,SEC,True,,,fbs,fbs,Texas,Texas,Texas,,,,,higher_spi_home_field_adjusted,higher_spi,higher_spi_home_field_adjusted,69.77955646406483,36.87640666293411,80.193,19.807,84.134,15.866,0.067059,preseason_2026,spi_rankings_preseason_2026.csv,136,AFTERNOON: 3:30 - 4:30pm ET start,False,False,SEC vs SEC
2026,regular,12,401858535,2026-11-21 05:00:00+00:00,Washington,Indiana,Big Ten,Big Ten,True,,,fbs,fbs,Indiana,Indiana,Indiana,,,,,higher_spi_home_field_adjusted,higher_spi,higher_spi_home_field_adjusted,69.28295267091242,100.0,21.325,78.675,26.2,73.8,0.067059,preseason_2026,spi_rankings_preseason_2026.csv,136,,False,False,Big Ten vs Big Ten
2026,regular,12,401856751,2026-11-21 05:00:00+00:00,Missouri,Kentucky,SEC,SEC,True,,,fbs,fbs,Missouri,Missouri,Missouri,,,,,higher_spi_home_field_adjusted,higher_spi,higher_spi_home_field_adjusted,60.022559444325715,46.14040906149416,64.336,35.664,70.263,29.737,0.067059,preseason_2026,spi_rankings_preseason_2026.csv,136,NIGHT: 6 - 8pm ET start,False,False,SEC vs SEC
2026,regular,12,401858532,2026-11-21 05:00:00+00:00,Penn State,Rutgers,Big Ten,Big Ten,True,,,fbs,fbs,Penn State,Penn State,Penn State,,,,,higher_spi_home_field_adjusted,higher_spi,higher_spi_home_field_adjusted,61.88779963194504,47.5547734274298,64.775,35.225,70.662,29.338,0.067059,preseason_2026,spi_rankings_preseason_2026.csv,136,,False,False,Big Ten vs Big Ten
2026,regular,12,401858309,2026-11-21 05:00:00+00:00,Boston College,Syracuse,ACC,ACC,True,,,fbs,fbs,Boston College,Syracuse,Boston College,,,,,higher_spi_home_field_adjusted,higher_spi,higher_spi_home_field_adjusted,30.356967624016452,33.87711504204498,46.267,53.733,53.003,46.997,0.067059,preseason_2026,spi_rankings_preseason_2026.csv,136,,False,False,ACC vs ACC
2026,regular,12,401858531,2026-11-21 05:00:00+00:00,Nebraska,Ohio State,Big Ten,Big Ten,True,,,fbs,fbs,Ohio State,Ohio State,Ohio State,,,,,higher_spi_home_field_adjusted,higher_spi,higher_spi_home_field_adjusted,55.46736754606214,85.81528022725924,21.589,78.411,26.504,73.496,0.067059,preseason_2026,spi_rankings_preseason_2026.csv,136,,False,False,Big Ten vs Big Ten
2026,regular,12,401856870,2026-11-21 05:00:00+00:00,Arizona State,Oklahoma State,Big 12,Big 12,True,,,fbs,fbs,Arizona State,Arizona State,Arizona State,,,,,higher_spi_home_field_adjusted,higher_spi,higher_spi_home_field_adjusted,55.328458471350075,19.350638062414177,82.187,17.813,85.802,14.198,0.067059,preseason_2026,spi_rankings_preseason_2026.csv,136,,False,False,Big 12 vs Big 12
2026,regular,12,401858306,2026-11-21 05:00:00+00:00,Louisville,Pittsburgh,ACC,ACC,True,,,fbs,fbs,Louisville,Louisville,Louisville,,,,,higher_spi_home_field_adjusted,higher_spi,higher_spi_home_field_adjusted,59.763361084524256,53.46489362057027,56.652,43.348,63.124,36.876,0.067059,preseason_2026,spi_rankings_preseason_2026.csv,136,,False,False,ACC vs ACC
2026,regular,12,401871101,2026-11-21 05:00:00+00:00,Southern Miss,South Alabama,Sun Belt,Sun Belt,True,,,fbs,fbs,Southern Miss,Southern Miss,Southern Miss,,,,,higher_spi_home_field_adjusted,higher_spi,higher_spi_home_field_adjusted,41.292437275258656,36.30045475956572,55.284,44.716,61.823,38.177,0.067059,preseason_2026,spi_rankings_preseason_2026.csv,136,,False,False,Sun Belt vs Sun Belt
2026,regular,12,401856748,2026-11-21 05:00:00+00:00,Florida,Vanderbilt,SEC,SEC,True,,,fbs,fbs,Vanderbilt,Vanderbilt,Vanderbilt,,,,,higher_spi_home_field_adjusted,higher_spi,higher_spi_home_field_adjusted,43.562916877840394,72.64678964726453,22.512,77.488,27.564,72.436,0.067059,preseason_2026,spi_rankings_preseason_2026.csv,136,EARLY: Noon - 1pm ET start,False,False,SEC vs SEC
2026,regular,12,401856752,2026-11-21 05:00:00+00:00,Oklahoma,Texas A&M,SEC,SEC,True,,,fbs,fbs,Oklahoma,Texas A&M,Oklahoma,,,,,higher_spi_home_field_adjusted,higher_spi,higher_spi_home_field_adjusted,69.44209698059642,72.4054629070378,46.856,53.144,53.592,46.408,0.067059,preseason_2026,spi_rankings_preseason_2026.csv,136,EARLY: Noon - 1pm ET start,False,False,SEC vs SEC
2026,regular,12,401856868,2026-11-21 05:00:00+00:00,West Virginia,Houston,Big 12,Big 12,True,,,fbs,fbs,Houston,Houston,Houston,,,,,higher_spi_home_field_adjusted,higher_spi,higher_spi_home_field_adjusted,41.00086530063937,62.101831336643045,28.971,71.029,34.821,65.179,0.067059,preseason_2026,spi_rankings_preseason_2026.csv,136,,False,False,Big 12 vs Big 12
2026,regular,12,401862835,2026-11-21 05:00:00+00:00,Tulane,North Texas,American Athletic,American Athletic,True,,,fbs,fbs,North Texas,North Texas,North Texas,,,,,higher_spi_home_field_adjusted,higher_spi,higher_spi_home_field_adjusted,65.60687847574107,74.47142988087174,40.691,59.309,47.331,52.669,0.067059,preseason_2026,spi_rankings_preseason_2026.csv,136,,False,False,American Athletic vs American Athletic
2026,regular,12,401856866,2026-11-21 05:00:00+00:00,Kansas,BYU,Big 12,Big 12,True,,,fbs,fbs,BYU,BYU,BYU,,,,,higher_spi_home_field_adjusted,higher_spi,higher_spi_home_field_adjusted,47.51301066199033,74.20368829645034,24.336,75.664,29.64,70.36,0.067059,preseason_2026,spi_rankings_preseason_2026.csv,136,,False,False,Big 12 vs Big 12
2026,regular,12,401856872,2026-11-21 05:00:00+00:00,TCU,Utah,Big 12,Big 12,True,,,fbs,fbs,Utah,Utah,Utah,,,,,higher_spi_home_field_adjusted,higher_spi,higher_spi_home_field_adjusted,65.56954828015526,79.90984695824888,35.218,64.782,41.591,58.409,0.067059,preseason_2026,spi_rankings_preseason_2026.csv,136,,False,False,Big 12 vs Big 12
2026,regular,12,401858302,2026-11-21 05:00:00+00:00,Miami,Virginia Tech,ACC,ACC,True,,,fbs,fbs,Miami,Miami,Miami,,,,,higher_spi_home_field_adjusted,higher_spi,higher_spi_home_field_adjusted,81.4436769913458,33.81629649124546,88.331,11.669,90.838,9.162,0.067059,preseason_2026,spi_rankings_preseason_2026.csv,136,,False,False,ACC vs ACC
2026,regular,12,401858533,2026-11-21 05:00:00+00:00,Purdue,Wisconsin,Big Ten,Big Ten,True,,,fbs,fbs,Wisconsin,Wisconsin,Wisconsin,,,,,higher_spi_home_field_adjusted,higher_spi,higher_spi_home_field_adjusted,35.60243749521463,48.11301470274047,37.012,62.988,43.491,56.509,0.067059,preseason_2026,spi_rankings_preseason_2026.csv,136,,False,False,Big Ten vs Big Ten
2026,regular,12,401869953,2026-11-21 05:00:00+00:00,Troy,Georgia Southern,Sun Belt,Sun Belt,True,,,fbs,fbs,Troy,Georgia Southern,Troy,,,,,higher_spi_home_field_adjusted,higher_spi,higher_spi_home_field_adjusted,43.3034999619687,43.58002024141765,49.706,50.294,56.417,43.583,0.067059,preseason_2026,spi_rankings_preseason_2026.csv,136,,False,False,Sun Belt vs Sun Belt
2026,regular,12,401869946,2026-11-21 05:00:00+00:00,Louisiana,Coastal Carolina,Sun Belt,Sun Belt,True,,,fbs,fbs,Coastal Carolina,Coastal Carolina,Coastal Carolina,,,,,higher_spi_home_field_adjusted,higher_spi,higher_spi_home_field_adjusted,36.56055836037465,47.48091226741856,38.601,61.399,45.159,54.841,0.067059,preseason_2026,spi_rankings_preseason_2026.csv,136,,False,False,Sun Belt vs Sun Belt
2026,regular,12,401869929,2026-11-21 05:00:00+00:00,App State,UL Monroe,Sun Belt,Sun Belt,True,,,fbs,fbs,App State,App State,App State,,,,,higher_spi_home_field_adjusted,higher_spi,higher_spi_home_field_adjusted,31.03599031883539,28.282781398262458,52.922,47.078,59.553,40.447,0.067059,preseason_2026,spi_rankings_preseason_2026.csv,136,,False,False,Sun Belt vs Sun Belt
2026,regular,12,401869938,2026-11-21 05:00:00+00:00,Louisiana Tech,Arkansas State,Sun Belt,Sun Belt,True,,,fbs,fbs,Louisiana Tech,Louisiana Tech,Louisiana Tech,,,,,higher_spi_home_field_adjusted,higher_spi,higher_spi_home_field_adjusted,44.616459541316786,36.96680062755114,58.057,41.943,64.451,35.549,0.067059,preseason_2026,spi_rankings_preseason_2026.csv,136,,False,False,Sun Belt vs Sun Belt
2026,regular,12,401862832,2026-11-21 05:00:00+00:00,Tulsa,Charlotte,American Athletic,American Athletic,True,,,fbs,fbs,Tulsa,Tulsa,Tulsa,,,,,higher_spi_home_field_adjusted,higher_spi,higher_spi_home_field_adjusted,33.77955310136101,15.679603015598964,68.336,31.664,73.868,26.132,0.067059,preseason_2026,spi_rankings_preseason_2026.csv,136,,False,False,American Athletic vs American Athletic
2026,regular,12,401858308,2026-11-21 05:00:00+00:00,California,Stanford,ACC,ACC,True,,,fbs,fbs,California,California,California,,,,,higher_spi_home_field_adjusted,higher_spi,higher_spi_home_field_adjusted,49.33554828349477,34.362731569534205,65.393,34.607,71.222,28.778,0.067059,preseason_2026,spi_rankings_preseason_2026.csv,136,,False,False,ACC vs ACC
2026,regular,12,401856749,2026-11-21 17:00:00+00:00,Ole Miss,Wofford,SEC,Southern,False,,,fbs,fcs,Ole Miss,Ole Miss,Ole Miss,,,,,fbs_vs_fcs_rule,fbs_vs_fcs_rule,fbs_vs_fcs_rule,77.3501436748318,,100.0,0.0,100.0,0.0,0.067059,preseason_2026,spi_rankings_preseason_2026.csv,136,,False,False,SEC vs Southern
2026,regular,12,401862831,2026-11-21 17:00:00+00:00,Army,East Carolina,American Athletic,American Athletic,True,,,fbs,fbs,East Carolina,East Carolina,East Carolina,,,,,higher_spi_home_field_adjusted,higher_spi,higher_spi_home_field_adjusted,47.30742337069569,63.94920900693176,33.02,66.98,39.236,60.764,0.067059,preseason_2026,spi_rankings_preseason_2026.csv,136,,False,False,American Athletic vs American Athletic
2026,regular,12,401862834,2026-11-21 17:00:00+00:00,Navy,Memphis,American Athletic,American Athletic,True,,,fbs,fbs,Navy,Navy,Navy,,,,,higher_spi_home_field_adjusted,higher_spi,higher_spi_home_field_adjusted,67.73990933281475,54.095894750063614,64.104,35.896,70.051,29.949,0.067059,preseason_2026,spi_rankings_preseason_2026.csv,136,,False,False,American Athletic vs American Athletic
2026,regular,12,401856750,2026-11-21 18:00:00+00:00,Mississippi State,Tennessee Tech,SEC,Southern,False,,,fbs,fcs,Mississippi State,Mississippi State,Mississippi State,,,,,fbs_vs_fcs_rule,fbs_vs_fcs_rule,fbs_vs_fcs_rule,48.860528648712766,,100.0,0.0,100.0,0.0,0.067059,preseason_2026,spi_rankings_preseason_2026.csv,136,,False,False,SEC vs Southern
2026,regular,12,401871080,2026-11-21 18:00:00+00:00,Liberty,Western Kentucky,Conference USA,Conference USA,True,,,fbs,fbs,Western Kentucky,Western Kentucky,Western Kentucky,,,,,higher_spi_home_field_adjusted,higher_spi,higher_spi_home_field_adjusted,32.39054671402152,51.76852111202271,30.501,69.499,36.501,63.499,0.067059,preseason_2026,spi_rankings_preseason_2026.csv,136,,False,False,Conference USA vs Conference USA
2026,regular,12,401856746,2026-11-21 19:00:00+00:00,Alabama,Chattanooga,SEC,Southern,False,,,fbs,fcs,Alabama,Alabama,Alabama,,,,,fbs_vs_fcs_rule,fbs_vs_fcs_rule,fbs_vs_fcs_rule,72.08922144650381,,100.0,0.0,100.0,0.0,0.067059,preseason_2026,spi_rankings_preseason_2026.csv,136,,False,False,SEC vs Southern
2026,regular,12,401871081,2026-11-21 19:00:00+00:00,Sam Houston,Middle Tennessee,Conference USA,Conference USA,True,,,fbs,fbs,Middle Tennessee,Middle Tennessee,Middle Tennessee,,,,,higher_spi_home_field_adjusted,higher_spi,higher_spi_home_field_adjusted,14.484956137666089,25.935677165051057,38.068,61.932,44.601,55.399,0.067059,preseason_2026,spi_rankings_preseason_2026.csv,136,,False,False,Conference USA vs Conference USA
2026,regular,12,401871079,2026-11-21 19:00:00+00:00,Jacksonville State,Missouri State,Conference USA,Conference USA,True,,,fbs,fbs,Jacksonville State,Missouri State,Jacksonville State,,,,,higher_spi_home_field_adjusted,higher_spi,higher_spi_home_field_adjusted,44.69313287136374,44.7268146401007,49.964,50.036,56.671,43.329,0.067059,preseason_2026,spi_rankings_preseason_2026.csv,136,,False,False,Conference USA vs Conference USA
2026,regular,12,401871077,2026-11-21 20:00:00+00:00,New Mexico State,Delaware,Conference USA,Conference USA,True,,,fbs,fbs,Delaware,Delaware,Delaware,,,,,higher_spi_home_field_adjusted,higher_spi,higher_spi_home_field_adjusted,26.12941189303164,39.720155437367346,35.948,64.052,42.367,57.633,0.067059,preseason_2026,spi_rankings_preseason_2026.csv,136,,False,False,Conference USA vs Conference USA
2026,regular,12,401871078,2026-11-21 20:00:00+00:00,Kennesaw State,Florida International,Conference USA,Conference USA,True,,,fbs,fbs,Kennesaw State,Kennesaw State,Kennesaw State,,,,,higher_spi_home_field_adjusted,higher_spi,higher_spi_home_field_adjusted,57.36695846103969,42.29445778135238,65.488,34.512,71.309,28.691,0.067059,preseason_2026,spi_rankings_preseason_2026.csv,136,,False,False,Conference USA vs Conference USA
2026,regular,12,401856747,2026-11-21 20:30:00+00:00,Auburn,Samford,SEC,Southern,False,,,fbs,fcs,Auburn,Auburn,Auburn,,,,,fbs_vs_fcs_rule,fbs_vs_fcs_rule,fbs_vs_fcs_rule,48.64871395120542,,100.0,0.0,100.0,0.0,0.067059,preseason_2026,spi_rankings_preseason_2026.csv,136,,False,False,SEC vs Southern
2026,regular,12,401861968,2026-11-21 20:30:00+00:00,UConn,Old Dominion,FBS Independents,Sun Belt,False,,,fbs,fbs,Old Dominion,Old Dominion,Old Dominion,,,,,higher_spi_home_field_adjusted,higher_spi,higher_spi_home_field_adjusted,55.02961235400574,64.41484114656049,40.158,59.842,46.779,53.221,0.067059,preseason_2026,spi_rankings_preseason_2026.csv,136,,False,False,FBS Independents vs Sun Belt
2026,regular,12,401864543,2026-11-21 21:00:00+00:00,North Dakota State,Northern Illinois,Mountain West,Mountain West,True,,,fbs,fbs,Northern Illinois,Northern Illinois,Northern Illinois,,,,,fbs_vs_fcs_rule,fbs_vs_fcs_rule,fbs_vs_fcs_rule,,21.69915317221182,0.0,100.0,0.0,100.0,0.067059,preseason_2026,spi_rankings_preseason_2026.csv,136,,False,False,Mountain West vs Mountain West
2026,regular,12,401860920,2026-11-21 23:00:00+00:00,Texas State,Washington State,Pac-12,Pac-12,True,,,fbs,fbs,Texas State,Washington State,Texas State,,,,,higher_spi_home_field_adjusted,higher_spi,higher_spi_home_field_adjusted,48.88992568241906,50.39210587637901,48.404,51.596,55.132,44.868,0.067059,preseason_2026,spi_rankings_preseason_2026.csv,136,,False,False,Pac-12 vs Pac-12
2026,regular,12,401864544,2026-11-22 00:00:00+00:00,San José State,UNLV,Mountain West,Mountain West,True,,,fbs,fbs,UNLV,UNLV,UNLV,,,,,higher_spi_home_field_adjusted,higher_spi,higher_spi_home_field_adjusted,27.73283562877278,54.64615499325283,24.162,75.838,29.443,70.557,0.067059,preseason_2026,spi_rankings_preseason_2026.csv,136,,False,False,Mountain West vs Mountain West
2026,regular,12,401860918,2026-11-22 00:30:00+00:00,Fresno State,Colorado State,Pac-12,Pac-12,True,,,fbs,fbs,Fresno State,Fresno State,Fresno State,,,,,higher_spi_home_field_adjusted,higher_spi,higher_spi_home_field_adjusted,50.97209727366645,26.588436394624736,73.814,26.186,78.687,21.313,0.067059,preseason_2026,spi_rankings_preseason_2026.csv,136,,False,False,Pac-12 vs Pac-12
2026,regular,12,401858307,2026-11-22 00:30:00+00:00,Notre Dame,SMU,FBS Independents,ACC,False,,,fbs,fbs,Notre Dame,Notre Dame,Notre Dame,,,,,higher_spi_home_field_adjusted,higher_spi,higher_spi_home_field_adjusted,79.40868985665563,63.72564498222339,66.073,33.927,71.837,28.163,0.067059,preseason_2026,spi_rankings_preseason_2026.csv,136,,False,False,ACC vs FBS Independents
2026,regular,12,401864542,2026-11-22 02:00:00+00:00,Wyoming,New Mexico,Mountain West,Mountain West,True,,,fbs,fbs,New Mexico,New Mexico,New Mexico,,,,,higher_spi_home_field_adjusted,higher_spi,higher_spi_home_field_adjusted,32.12145460835609,55.31021797579682,27.18,72.82,32.835,67.165,0.067059,preseason_2026,spi_rankings_preseason_2026.csv,136,,False,False,Mountain West vs Mountain West
2026,regular,12,401860925,2026-11-22 02:30:00+00:00,Boise State,San Diego State,Pac-12,Pac-12,True,,,fbs,fbs,Boise State,Boise State,Boise State,,,,,higher_spi_home_field_adjusted,higher_spi,higher_spi_home_field_adjusted,56.844424952284015,53.45407348929518,53.596,46.404,60.204,39.796,0.067059,preseason_2026,spi_rankings_preseason_2026.csv,136,,False,False,Pac-12 vs Pac-12
2026,regular,12,401860919,2026-11-22 03:30:00+00:00,Oregon State,Utah State,Pac-12,Pac-12,True,,,fbs,fbs,Utah State,Utah State,Utah State,,,,,higher_spi_home_field_adjusted,higher_spi,higher_spi_home_field_adjusted,29.12333309551166,46.11517401571138,32.692,67.308,38.882,61.118,0.067059,preseason_2026,spi_rankings_preseason_2026.csv,136,,False,False,Pac-12 vs Pac-12
2026,regular,13,401866471,2026-11-24 05:00:00+00:00,Western Michigan,Miami (OH),Mid-American,Mid-American,True,,,fbs,fbs,Western Michigan,Western Michigan,Western Michigan,,,,,higher_spi_home_field_adjusted,higher_spi,higher_spi_home_field_adjusted,50.70366266419054,33.71178751136635,67.308,32.692,72.949,27.051,0.067059,preseason_2026,spi_rankings_preseason_2026.csv,136,,False,False,Mid-American vs Mid-American
2026,regular,13,401866470,2026-11-25 00:00:00+00:00,Eastern Michigan,Kent State,Mid-American,Mid-American,True,,,fbs,fbs,Eastern Michigan,Kent State,Eastern Michigan,,,,,higher_spi_home_field_adjusted,higher_spi,higher_spi_home_field_adjusted,26.431321817561333,29.290788074506256,46.966,53.034,53.702,46.298,0.067059,preseason_2026,spi_rankings_preseason_2026.csv,136,,False,False,Mid-American vs Mid-American
2026,regular,13,401856879,2026-11-27 01:00:00+00:00,Texas Tech,TCU,Big 12,Big 12,True,,,fbs,fbs,Texas Tech,Texas Tech,Texas Tech,,,,,higher_spi_home_field_adjusted,higher_spi,higher_spi_home_field_adjusted,84.04794204268366,65.56954828015526,68.683,31.317,74.177,25.823,0.067059,preseason_2026,spi_rankings_preseason_2026.csv,136,,False,False,Big 12 vs Big 12
2026,regular,13,401862838,2026-11-27 05:00:00+00:00,Memphis,Temple,American Athletic,American Athletic,True,,,fbs,fbs,Memphis,Memphis,Memphis,,,,,higher_spi_home_field_adjusted,higher_spi,higher_spi_home_field_adjusted,54.095894750063614,43.307088479567234,61.266,38.734,67.445,32.555,0.067059,preseason_2026,spi_rankings_preseason_2026.csv,136,,False,False,American Athletic vs American Athletic
2026,regular,13,401862839,2026-11-27 05:00:00+00:00,South Florida,Tulane,American Athletic,American Athletic,True,,,fbs,fbs,South Florida,Tulane,South Florida,,,,,higher_spi_home_field_adjusted,higher_spi,higher_spi_home_field_adjusted,64.0384391137842,65.60687847574107,48.334,51.666,55.063,44.937,0.067059,preseason_2026,spi_rankings_preseason_2026.csv,136,Will be played Nov. 27 or Nov. 28,False,False,American Athletic vs American Athletic
2026,regular,13,401862837,2026-11-27 05:00:00+00:00,East Carolina,Florida Atlantic,American Athletic,American Athletic,True,,,fbs,fbs,East Carolina,East Carolina,East Carolina,,,,,higher_spi_home_field_adjusted,higher_spi,higher_spi_home_field_adjusted,63.94920900693176,33.47466386985975,78.502,21.498,82.707,17.293,0.067059,preseason_2026,spi_rankings_preseason_2026.csv,136,,False,False,American Athletic vs American Athletic
2026,regular,13,401866473,2026-11-27 17:00:00+00:00,Ohio,Toledo,Mid-American,Mid-American,True,,,fbs,fbs,Ohio,Toledo,Ohio,,,,,higher_spi_home_field_adjusted,higher_spi,higher_spi_home_field_adjusted,52.95891549069096,52.992506601900594,49.964,50.036,56.671,43.329,0.067059,preseason_2026,spi_rankings_preseason_2026.csv,136,,False,False,Mid-American vs Mid-American
2026,regular,13,401866472,2026-11-27 17:00:00+00:00,Akron,Buffalo,Mid-American,Mid-American,True,,,fbs,fbs,Buffalo,Buffalo,Buffalo,,,,,higher_spi_home_field_adjusted,higher_spi,higher_spi_home_field_adjusted,28.927648744921203,35.732384134335035,42.82,57.18,49.517,50.483,0.067059,preseason_2026,spi_rankings_preseason_2026.csv,136,,False,False,Mid-American vs Mid-American
2026,regular,13,401856762,2026-11-27 17:00:00+00:00,Ole Miss,Mississippi State,SEC,SEC,True,,,fbs,fbs,Ole Miss,Ole Miss,Ole Miss,,,,,higher_spi_home_field_adjusted,higher_spi,higher_spi_home_field_adjusted,77.3501436748318,48.860528648712766,77.044,22.956,81.467,18.533,0.067059,preseason_2026,spi_rankings_preseason_2026.csv,136,,False,False,SEC vs SEC
2026,regular,13,401858536,2026-11-27 17:00:00+00:00,Iowa,Nebraska,Big Ten,Big Ten,True,,,fbs,fbs,Iowa,Iowa,Iowa,,,,,higher_spi_home_field_adjusted,higher_spi,higher_spi_home_field_adjusted,67.8320546772824,55.46736754606214,62.843,37.157,68.898,31.102,0.067059,preseason_2026,spi_rankings_preseason_2026.csv,136,,False,False,Big Ten vs Big Ten
2026,regular,13,401869930,2026-11-27 20:00:00+00:00,South Alabama,App State,Sun Belt,Sun Belt,True,,,fbs,fbs,South Alabama,South Alabama,South Alabama,,,,,higher_spi_home_field_adjusted,higher_spi,higher_spi_home_field_adjusted,36.30045475956572,31.03599031883539,55.57,44.43,62.095,37.905,0.067059,preseason_2026,spi_rankings_preseason_2026.csv,136,,False,False,Sun Belt vs Sun Belt
2026,regular,13,401856759,2026-11-27 20:30:00+00:00,Florida State,Florida,ACC,SEC,False,,,fbs,fbs,Florida State,Florida State,Florida State,,,,,higher_spi_home_field_adjusted,higher_spi,higher_spi_home_field_adjusted,55.1291467270885,43.562916877840394,62.047,37.953,68.166,31.834,0.067059,preseason_2026,spi_rankings_preseason_2026.csv,136,,False,False,ACC vs SEC
2026,regular,13,401864549,2026-11-27 20:30:00+00:00,San José State,North Dakota State,Mountain West,Mountain West,True,,,fbs,fbs,San José State,San José State,San José State,,,,,fbs_vs_fcs_rule,fbs_vs_fcs_rule,fbs_vs_fcs_rule,27.73283562877278,,100.0,0.0,100.0,0.0,0.067059,preseason_2026,spi_rankings_preseason_2026.csv,136,,False,False,Mountain West vs Mountain West
2026,regular,13,401856756,2026-11-28 00:30:00+00:00,Texas A&M,Texas,SEC,SEC,True,,,fbs,fbs,Texas A&M,Texas A&M,Texas A&M,,,,,higher_spi_home_field_adjusted,higher_spi,higher_spi_home_field_adjusted,72.4054629070378,69.77955646406483,52.787,47.213,59.423,40.577,0.067059,preseason_2026,spi_rankings_preseason_2026.csv,136,,False,False,SEC vs SEC
2026,regular,13,401858544,2026-11-28 00:30:00+00:00,Wisconsin,Minnesota,Big Ten,Big Ten,True,,,fbs,fbs,Minnesota,Minnesota,Minnesota,,,,,higher_spi_home_field_adjusted,higher_spi,higher_spi_home_field_adjusted,48.11301470274047,54.76296165411433,42.981,57.019,49.681,50.319,0.067059,preseason_2026,spi_rankings_preseason_2026.csv,136,,False,False,Big Ten vs Big Ten
2026,regular,13,401856880,2026-11-28 02:00:00+00:00,Utah,West Virginia,Big 12,Big 12,True,,,fbs,fbs,Utah,Utah,Utah,,,,,higher_spi_home_field_adjusted,higher_spi,higher_spi_home_field_adjusted,79.90984695824888,41.00086530063937,83.938,16.062,87.253,12.747,0.067059,preseason_2026,spi_rankings_preseason_2026.csv,136,,False,False,Big 12 vs Big 12
2026,regular,13,401858317,2026-11-28 05:00:00+00:00,Virginia Tech,Virginia,ACC,ACC,True,,,fbs,fbs,Virginia,Virginia,Virginia,,,,,higher_spi_home_field_adjusted,higher_spi,higher_spi_home_field_adjusted,33.81629649124546,65.518663732325,20.63,79.37,25.398,74.602,0.067059,preseason_2026,spi_rankings_preseason_2026.csv,136,,False,False,ACC vs ACC
2026,regular,13,401858541,2026-11-28 05:00:00+00:00,Oregon,Washington,Big Ten,Big Ten,True,,,fbs,fbs,Oregon,Oregon,Oregon,,,,,higher_spi_home_field_adjusted,higher_spi,higher_spi_home_field_adjusted,85.98699967204186,69.28295267091242,67.038,32.962,72.707,27.293,0.067059,preseason_2026,spi_rankings_preseason_2026.csv,136,,False,False,Big Ten vs Big Ten
2026,regular,13,401871102,2026-11-28 05:00:00+00:00,UL Monroe,Marshall,Sun Belt,Sun Belt,True,,,fbs,fbs,Marshall,Marshall,Marshall,,,,,higher_spi_home_field_adjusted,higher_spi,higher_spi_home_field_adjusted,28.282781398262458,37.70800475537429,40.117,59.883,46.737,53.263,0.067059,preseason_2026,spi_rankings_preseason_2026.csv,136,,False,False,Sun Belt vs Sun Belt
2026,regular,13,401869959,2026-11-28 05:00:00+00:00,Georgia State,Louisiana,Sun Belt,Sun Belt,True,,,fbs,fbs,Louisiana,Louisiana,Louisiana,,,,,higher_spi_home_field_adjusted,higher_spi,higher_spi_home_field_adjusted,20.755385320600695,36.56055836037465,33.811,66.189,40.087,59.913,0.067059,preseason_2026,spi_rankings_preseason_2026.csv,136,,False,False,Sun Belt vs Sun Belt
2026,regular,13,401869947,2026-11-28 05:00:00+00:00,James Madison,Coastal Carolina,Sun Belt,Sun Belt,True,,,fbs,fbs,James Madison,James Madison,James Madison,,,,,higher_spi_home_field_adjusted,higher_spi,higher_spi_home_field_adjusted,72.18940696839009,47.48091226741856,74.08,25.92,78.918,21.082,0.067059,preseason_2026,spi_rankings_preseason_2026.csv,136,,False,False,Sun Belt vs Sun Belt
2026,regular,13,401862841,2026-11-28 05:00:00+00:00,Rice,Army,American Athletic,American Athletic,True,,,fbs,fbs,Army,Army,Army,,,,,higher_spi_home_field_adjusted,higher_spi,higher_spi_home_field_adjusted,32.35687646311618,47.30742337069569,34.629,65.371,40.962,59.038,0.067059,preseason_2026,spi_rankings_preseason_2026.csv,136,,False,False,American Athletic vs American Athletic
2026,regular,13,401858537,2026-11-28 05:00:00+00:00,Northwestern,Illinois,Big Ten,Big Ten,True,,,fbs,fbs,Illinois,Illinois,Illinois,,,,,higher_spi_home_field_adjusted,higher_spi,higher_spi_home_field_adjusted,54.664274190964846,64.95353582816352,39.239,60.761,45.824,54.176,0.067059,preseason_2026,spi_rankings_preseason_2026.csv,136,,False,False,Big Ten vs Big Ten
2026,regular,13,401856875,2026-11-28 05:00:00+00:00,Colorado,UCF,Big 12,Big 12,True,,,fbs,fbs,Colorado,Colorado,Colorado,,,,,higher_spi_home_field_adjusted,higher_spi,higher_spi_home_field_adjusted,52.5187827953132,42.64080749222179,60.344,39.656,66.589,33.411,0.067059,preseason_2026,spi_rankings_preseason_2026.csv,136,,False,False,Big 12 vs Big 12
2026,regular,13,401869954,2026-11-28 05:00:00+00:00,Georgia Southern,Louisiana Tech,Sun Belt,Sun Belt,True,,,fbs,fbs,Georgia Southern,Louisiana Tech,Georgia Southern,,,,,higher_spi_home_field_adjusted,higher_spi,higher_spi_home_field_adjusted,43.58002024141765,44.616459541316786,48.899,51.101,55.621,44.379,0.067059,preseason_2026,spi_rankings_preseason_2026.csv,136,,False,False,Sun Belt vs Sun Belt
2026,regular,13,401862843,2026-11-28 05:00:00+00:00,North Texas,UAB,American Athletic,American Athletic,True,,,fbs,fbs,North Texas,North Texas,North Texas,,,,,higher_spi_home_field_adjusted,higher_spi,higher_spi_home_field_adjusted,74.47142988087174,33.88852101736378,84.874,15.126,88.023,11.977,0.067059,preseason_2026,spi_rankings_preseason_2026.csv,136,,False,False,American Athletic vs American Athletic
2026,regular,13,401856873,2026-11-28 05:00:00+00:00,Arizona,Arizona State,Big 12,Big 12,True,,,fbs,fbs,Arizona,Arizona,Arizona,,,,,higher_spi_home_field_adjusted,higher_spi,higher_spi_home_field_adjusted,65.69302834002899,55.328458471350075,60.838,39.162,67.048,32.952,0.067059,preseason_2026,spi_rankings_preseason_2026.csv,136,,False,False,Big 12 vs Big 12
2026,regular,13,401858543,2026-11-28 05:00:00+00:00,UCLA,USC,Big Ten,Big Ten,True,,,fbs,fbs,USC,USC,USC,,,,,higher_spi_home_field_adjusted,higher_spi,higher_spi_home_field_adjusted,34.78429471953504,70.13310964705855,18.208,81.792,22.575,77.425,0.067059,preseason_2026,spi_rankings_preseason_2026.csv,136,,False,False,Big Ten vs Big Ten
2026,regular,13,401861969,2026-11-28 05:00:00+00:00,Wyoming,UConn,Mountain West,FBS Independents,False,,,fbs,fbs,UConn,UConn,UConn,,,,,higher_spi_home_field_adjusted,higher_spi,higher_spi_home_field_adjusted,32.12145460835609,55.02961235400574,27.416,72.584,33.098,66.902,0.067059,preseason_2026,spi_rankings_preseason_2026.csv,136,,False,False,FBS Independents vs Mountain West
2026,regular,13,401856760,2026-11-28 05:00:00+00:00,Georgia,Georgia Tech,SEC,ACC,False,,,fbs,fbs,Georgia,Georgia,Georgia,,,,,higher_spi_home_field_adjusted,higher_spi,higher_spi_home_field_adjusted,80.61484229722396,61.914652182713816,68.885,31.115,74.357,25.643,0.067059,preseason_2026,spi_rankings_preseason_2026.csv,136,FLEX: 3:30 - 4:30pm OR 6 - 8pm ET start,False,False,ACC vs SEC
2026,regular,13,401858314,2026-11-28 05:00:00+00:00,Syracuse,Notre Dame,ACC,FBS Independents,False,,,fbs,fbs,Notre Dame,Notre Dame,Notre Dame,,,,,higher_spi_home_field_adjusted,higher_spi,higher_spi_home_field_adjusted,33.87711504204498,79.40868985665563,12.619,87.381,15.906,84.094,0.067059,preseason_2026,spi_rankings_preseason_2026.csv,136,,False,False,ACC vs FBS Independents
2026,regular,13,401856761,2026-11-28 05:00:00+00:00,Kentucky,Louisville,SEC,ACC,False,,,fbs,fbs,Louisville,Louisville,Louisville,,,,,higher_spi_home_field_adjusted,higher_spi,higher_spi_home_field_adjusted,46.14040906149416,59.763361084524256,35.917,64.083,42.333,57.667,0.067059,preseason_2026,spi_rankings_preseason_2026.csv,136,EARLY: Noon - 1pm ET start,False,False,ACC vs SEC
2026,regular,13,401856758,2026-11-28 05:00:00+00:00,Arkansas,LSU,SEC,SEC,True,,,fbs,fbs,LSU,LSU,LSU,,,,,higher_spi_home_field_adjusted,higher_spi,higher_spi_home_field_adjusted,36.87640666293411,53.28492239690803,33.24,66.76,39.472,60.528,0.067059,preseason_2026,spi_rankings_preseason_2026.csv,136,EARLY: Noon - 1pm ET start,False,False,SEC vs SEC
2026,regular,13,401858311,2026-11-28 05:00:00+00:00,Miami,Boston College,ACC,ACC,True,,,fbs,fbs,Miami,Miami,Miami,,,,,higher_spi_home_field_adjusted,higher_spi,higher_spi_home_field_adjusted,81.4436769913458,30.356967624016452,89.763,10.237,91.99,8.01,0.067059,preseason_2026,spi_rankings_preseason_2026.csv,136,,False,False,ACC vs ACC
2026,regular,13,401858542,2026-11-28 05:00:00+00:00,Rutgers,Michigan State,Big Ten,Big Ten,True,,,fbs,fbs,Rutgers,Rutgers,Rutgers,,,,,higher_spi_home_field_adjusted,higher_spi,higher_spi_home_field_adjusted,47.5547734274298,43.659123524226416,54.13,45.87,60.717,39.283,0.067059,preseason_2026,spi_rankings_preseason_2026.csv,136,,False,False,Big Ten vs Big Ten
2026,regular,13,401858312,2026-11-28 05:00:00+00:00,Wake Forest,Duke,ACC,ACC,True,,,fbs,fbs,Wake Forest,Duke,Wake Forest,,,,,higher_spi_home_field_adjusted,higher_spi,higher_spi_home_field_adjusted,56.975284138942186,63.05393062151976,43.577,56.423,50.288,49.712,0.067059,preseason_2026,spi_rankings_preseason_2026.csv,136,,False,False,ACC vs ACC
2026,regular,13,401858313,2026-11-28 05:00:00+00:00,North Carolina,NC State,ACC,ACC,True,,,fbs,fbs,NC State,NC State,NC State,,,,,higher_spi_home_field_adjusted,higher_spi,higher_spi_home_field_adjusted,35.25991390713516,61.00491592325077,25.084,74.916,30.485,69.515,0.067059,preseason_2026,spi_rankings_preseason_2026.csv,136,,False,False,ACC vs ACC
2026,regular,13,401856763,2026-11-28 05:00:00+00:00,Missouri,Oklahoma,SEC,SEC,True,,,fbs,fbs,Oklahoma,Oklahoma,Oklahoma,,,,,higher_spi_home_field_adjusted,higher_spi,higher_spi_home_field_adjusted,60.022559444325715,69.44209698059642,40.123,59.877,46.743,53.257,0.067059,preseason_2026,spi_rankings_preseason_2026.csv,136,AFTERNOON: 3:30 - 4:30pm ET start,False,False,SEC vs SEC
2026,regular,13,401862840,2026-11-28 05:00:00+00:00,UTSA,Tulsa,American Athletic,American Athletic,True,,,fbs,fbs,UTSA,UTSA,UTSA,,,,,higher_spi_home_field_adjusted,higher_spi,higher_spi_home_field_adjusted,50.75700914526365,33.77955310136101,67.295,32.705,72.937,27.063,0.067059,preseason_2026,spi_rankings_preseason_2026.csv,136,Will be played Nov. 27 or Nov. 28,False,False,American Athletic vs American Athletic
2026,regular,13,401858539,2026-11-28 05:00:00+00:00,Maryland,Penn State,Big Ten,Big Ten,True,,,fbs,fbs,Penn State,Penn State,Penn State,,,,,higher_spi_home_field_adjusted,higher_spi,higher_spi_home_field_adjusted,36.43389579740814,61.88779963194504,25.317,74.683,30.748,69.252,0.067059,preseason_2026,spi_rankings_preseason_2026.csv,136,,False,False,Big Ten vs Big Ten
2026,regular,13,401858315,2026-11-28 05:00:00+00:00,California,Pittsburgh,ACC,ACC,True,,,fbs,fbs,California,Pittsburgh,California,,,,,higher_spi_home_field_adjusted,higher_spi,higher_spi_home_field_adjusted,49.33554828349477,53.46489362057027,45.624,54.376,52.357,47.643,0.067059,preseason_2026,spi_rankings_preseason_2026.csv,136,,False,False,ACC vs ACC
2026,regular,13,401856874,2026-11-28 05:00:00+00:00,Houston,Baylor,Big 12,Big 12,True,,,fbs,fbs,Houston,Houston,Houston,,,,,higher_spi_home_field_adjusted,higher_spi,higher_spi_home_field_adjusted,62.101831336643045,46.1270150888027,66.35,33.65,72.087,27.913,0.067059,preseason_2026,spi_rankings_preseason_2026.csv,136,,False,False,Big 12 vs Big 12
2026,regular,13,401856876,2026-11-28 05:00:00+00:00,BYU,Cincinnati,Big 12,Big 12,True,,,fbs,fbs,BYU,BYU,BYU,,,,,higher_spi_home_field_adjusted,higher_spi,higher_spi_home_field_adjusted,74.20368829645034,55.6628487391671,68.74,31.26,74.228,25.772,0.067059,preseason_2026,spi_rankings_preseason_2026.csv,136,,False,False,Big 12 vs Big 12
2026,regular,13,401856877,2026-11-28 05:00:00+00:00,Oklahoma State,Kansas,Big 12,Big 12,True,,,fbs,fbs,Kansas,Kansas,Kansas,,,,,higher_spi_home_field_adjusted,higher_spi,higher_spi_home_field_adjusted,19.350638062414177,47.51301066199033,23.203,76.797,28.353,71.647,0.067059,preseason_2026,spi_rankings_preseason_2026.csv,136,,False,False,Big 12 vs Big 12
2026,regular,13,401856878,2026-11-28 05:00:00+00:00,Iowa State,Kansas State,Big 12,Big 12,True,,,fbs,fbs,Iowa State,Iowa State,Iowa State,,,,,higher_spi_home_field_adjusted,higher_spi,higher_spi_home_field_adjusted,62.70258494324692,51.032439334524696,62.151,37.849,68.262,31.738,0.067059,preseason_2026,spi_rankings_preseason_2026.csv,136,,False,False,Big 12 vs Big 12
2026,regular,13,401856757,2026-11-28 05:00:00+00:00,Alabama,Auburn,SEC,SEC,True,,,fbs,fbs,Alabama,Alabama,Alabama,,,,,higher_spi_home_field_adjusted,higher_spi,higher_spi_home_field_adjusted,72.08922144650381,48.64871395120542,73.032,26.968,78.007,21.993,0.067059,preseason_2026,spi_rankings_preseason_2026.csv,136,FLEX: 3:30 - 4:30pm OR 6 - 8pm ET start,False,False,SEC vs SEC
2026,regular,13,401862842,2026-11-28 05:00:00+00:00,Charlotte,Navy,American Athletic,American Athletic,True,,,fbs,fbs,Navy,Navy,Navy,,,,,higher_spi_home_field_adjusted,higher_spi,higher_spi_home_field_adjusted,15.679603015598964,67.73990933281475,9.863,90.137,12.535,87.465,0.067059,preseason_2026,spi_rankings_preseason_2026.csv,136,,False,False,American Athletic vs American Athletic
2026,regular,13,401858538,2026-11-28 05:00:00+00:00,Indiana,Purdue,Big Ten,Big Ten,True,,,fbs,fbs,Indiana,Indiana,Indiana,,,,,higher_spi_home_field_adjusted,higher_spi,higher_spi_home_field_adjusted,100.0,35.60243749521463,93.917,6.083,95.288,4.712,0.067059,preseason_2026,spi_rankings_preseason_2026.csv,136,,False,False,Big Ten vs Big Ten
2026,regular,13,401858316,2026-11-28 05:00:00+00:00,Stanford,SMU,ACC,ACC,True,,,fbs,fbs,SMU,SMU,SMU,,,,,higher_spi_home_field_adjusted,higher_spi,higher_spi_home_field_adjusted,34.362731569534205,63.72564498222339,22.306,77.694,27.328,72.672,0.067059,preseason_2026,spi_rankings_preseason_2026.csv,136,,False,False,ACC vs ACC
2026,regular,13,401871103,2026-11-28 05:00:00+00:00,Old Dominion,Southern Miss,Sun Belt,Sun Belt,True,,,fbs,fbs,Old Dominion,Old Dominion,Old Dominion,,,,,higher_spi_home_field_adjusted,higher_spi,higher_spi_home_field_adjusted,64.41484114656049,41.292437275258656,72.764,27.236,77.774,22.226,0.067059,preseason_2026,spi_rankings_preseason_2026.csv,136,,False,False,Sun Belt vs Sun Belt
2026,regular,13,401856764,2026-11-28 05:00:00+00:00,Clemson,South Carolina,ACC,SEC,False,,,fbs,fbs,Clemson,Clemson,Clemson,,,,,higher_spi_home_field_adjusted,higher_spi,higher_spi_home_field_adjusted,51.31539767782347,44.362372016765114,57.334,42.666,63.769,36.231,0.067059,preseason_2026,spi_rankings_preseason_2026.csv,136,,False,False,ACC vs SEC
2026,regular,13,401856765,2026-11-28 05:00:00+00:00,Vanderbilt,Tennessee,SEC,SEC,True,,,fbs,fbs,Vanderbilt,Vanderbilt,Vanderbilt,,,,,higher_spi_home_field_adjusted,higher_spi,higher_spi_home_field_adjusted,72.64678964726453,60.668490116907336,62.459,37.541,68.545,31.455,0.067059,preseason_2026,spi_rankings_preseason_2026.csv,136,NIGHT: 6 - 8pm ET start,False,False,SEC vs SEC
2026,regular,13,401864550,2026-11-28 05:00:00+00:00,Northern Illinois,UTEP,Mountain West,Mountain West,True,,,fbs,fbs,Northern Illinois,UTEP,Northern Illinois,,,,,higher_spi_home_field_adjusted,higher_spi,higher_spi_home_field_adjusted,21.69915317221182,24.108683570799027,47.442,52.558,54.177,45.823,0.067059,preseason_2026,spi_rankings_preseason_2026.csv,136,,False,False,Mountain West vs Mountain West
2026,regular,13,401858540,2026-11-28 17:00:00+00:00,Ohio State,Michigan,Big Ten,Big Ten,True,,,fbs,fbs,Ohio State,Ohio State,Ohio State,,,,,higher_spi_home_field_adjusted,higher_spi,higher_spi_home_field_adjusted,85.81528022725924,66.03072492246395,69.864,30.136,75.226,24.774,0.067059,preseason_2026,spi_rankings_preseason_2026.csv,136,,False,False,Big Ten vs Big Ten
2026,regular,13,401866474,2026-11-28 17:00:00+00:00,Ball State,Central Michigan,Mid-American,Mid-American,True,,,fbs,fbs,Central Michigan,Central Michigan,Central Michigan,,,,,higher_spi_home_field_adjusted,higher_spi,higher_spi_home_field_adjusted,21.131504365775346,39.43320601762919,31.479,68.521,37.567,62.433,0.067059,preseason_2026,spi_rankings_preseason_2026.csv,136,,False,False,Mid-American vs Mid-American
2026,regular,13,401866475,2026-11-28 17:00:00+00:00,Bowling Green,Massachusetts,Mid-American,Mid-American,True,,,fbs,fbs,Bowling Green,Bowling Green,Bowling Green,,,,,higher_spi_home_field_adjusted,higher_spi,higher_spi_home_field_adjusted,26.80857620911763,0.0,75.756,24.244,80.364,19.636,0.067059,preseason_2026,spi_rankings_preseason_2026.csv,136,,False,False,Mid-American vs Mid-American
2026,regular,13,401870804,2026-11-28 18:00:00+00:00,Western Kentucky,Kennesaw State,Conference USA,Conference USA,True,,,fbs,fbs,Western Kentucky,Kennesaw State,Western Kentucky,,,,,higher_spi_home_field_adjusted,higher_spi,higher_spi_home_field_adjusted,51.76852111202271,57.36695846103969,44.08,55.92,50.798,49.202,0.067059,preseason_2026,spi_rankings_preseason_2026.csv,136,,False,False,Conference USA vs Conference USA
2026,regular,13,401871082,2026-11-28 19:00:00+00:00,Florida International,Sam Houston,Conference USA,Conference USA,True,,,fbs,fbs,Florida International,Florida International,Florida International,,,,,higher_spi_home_field_adjusted,higher_spi,higher_spi_home_field_adjusted,42.29445778135238,14.484956137666089,76.529,23.471,81.027,18.973,0.067059,preseason_2026,spi_rankings_preseason_2026.csv,136,,False,False,Conference USA vs Conference USA
2026,regular,13,401871063,2026-11-28 19:00:00+00:00,Missouri State,Liberty,Conference USA,Conference USA,True,,,fbs,fbs,Missouri State,Missouri State,Missouri State,,,,,higher_spi_home_field_adjusted,higher_spi,higher_spi_home_field_adjusted,44.7268146401007,32.39054671402152,62.815,37.185,68.872,31.128,0.067059,preseason_2026,spi_rankings_preseason_2026.csv,136,,False,False,Conference USA vs Conference USA
2026,regular,13,401871083,2026-11-28 19:00:00+00:00,Middle Tennessee,New Mexico State,Conference USA,Conference USA,True,,,fbs,fbs,Middle Tennessee,New Mexico State,Middle Tennessee,,,,,higher_spi_home_field_adjusted,higher_spi,higher_spi_home_field_adjusted,25.935677165051057,26.12941189303164,49.794,50.206,56.504,43.496,0.067059,preseason_2026,spi_rankings_preseason_2026.csv,136,,False,False,Conference USA vs Conference USA
2026,regular,13,401869939,2026-11-28 20:00:00+00:00,Arkansas State,Troy,Sun Belt,Sun Belt,True,,,fbs,fbs,Arkansas State,Troy,Arkansas State,,,,,higher_spi_home_field_adjusted,higher_spi,higher_spi_home_field_adjusted,36.96680062755114,43.3034999619687,43.308,56.692,50.014,49.986,0.067059,preseason_2026,spi_rankings_preseason_2026.csv,136,,False,False,Sun Belt vs Sun Belt
2026,regular,13,401871062,2026-11-28 20:30:00+00:00,Delaware,Jacksonville State,Conference USA,Conference USA,True,,,fbs,fbs,Delaware,Jacksonville State,Delaware,,,,,higher_spi_home_field_adjusted,higher_spi,higher_spi_home_field_adjusted,39.720155437367346,44.69313287136374,44.736,55.264,51.462,48.538,0.067059,preseason_2026,spi_rankings_preseason_2026.csv,136,,False,False,Conference USA vs Conference USA
2026,regular,13,401864546,2026-11-28 21:30:00+00:00,New Mexico,Air Force,Mountain West,Mountain West,True,,,fbs,fbs,New Mexico,New Mexico,New Mexico,,,,,higher_spi_home_field_adjusted,higher_spi,higher_spi_home_field_adjusted,55.31021797579682,39.66462459161762,66.037,33.963,71.805,28.195,0.067059,preseason_2026,spi_rankings_preseason_2026.csv,136,,False,False,Mountain West vs Mountain West
2026,regular,13,401864548,2026-11-29 02:00:00+00:00,UNLV,Nevada,Mountain West,Mountain West,True,,,fbs,fbs,UNLV,UNLV,UNLV,,,,,higher_spi_home_field_adjusted,higher_spi,higher_spi_home_field_adjusted,54.64615499325283,22.46968595887032,79.698,20.302,83.718,16.282,0.067059,preseason_2026,spi_rankings_preseason_2026.csv,136,,False,False,Mountain West vs Mountain West
2026,regular,13,401864547,2026-11-29 04:00:00+00:00,Hawai'i,Sacramento State,Mountain West,Mid-American,False,,,fbs,fbs,Hawai'i,Hawai'i,Hawai'i,,,,,fbs_vs_fcs_rule,fbs_vs_fcs_rule,fbs_vs_fcs_rule,51.33097583679728,,100.0,0.0,100.0,0.0,0.067059,preseason_2026,spi_rankings_preseason_2026.csv,136,,False,False,Mid-American vs Mountain West
2026,regular,15,401862844,2026-12-12 20:00:00+00:00,Army,Navy,American Athletic,American Athletic,True,,,fbs,fbs,Navy,Navy,Navy,,,,,higher_spi_home_field_adjusted,higher_spi,higher_spi_home_field_adjusted,47.30742337069569,67.73990933281475,29.559,70.441,29.559,70.441,0.067059,preseason_2026,spi_rankings_preseason_2026.csv,136,,False,False,American Athletic vs American Athletic
