year,season_type,week,game_id,start_date,home_team,away_team,home_conference,away_conference,conference_game,home_points,away_points,home_classification,away_classification,predicted_winner,predicted_winner_pure,predicted_winner_home_adj,actual_winner,correct,correct_pure,correct_home_adj,prediction_reason,prediction_reason_pure,prediction_reason_home_adj,home_spi_used,away_spi_used,home_win_prob_pure_pct,away_win_prob_pure_pct,home_win_prob_home_adj_pct,away_win_prob_home_adj_pct,home_field_x,ranking_source,ranking_source_file,ranking_source_team_count,notes,is_playoff,is_national_championship,conference_matchup
2021,regular,1,401282714,2021-08-28 17:20:00+00:00,Illinois,Nebraska,Big Ten,Big Ten,True,30,22,fbs,fbs,Illinois,Nebraska,Illinois,Illinois,1,0,1,higher_spi_home_field_adjusted,higher_spi,higher_spi_home_field_adjusted,38.61702860814283,44.73143664737557,43.54,56.46,50.25,49.75,0.067059,preseason_2021,spi_rankings_preseason_2021.csv,130,,False,False,Big Ten vs Big Ten
2021,regular,1,401286187,2021-08-28 18:00:00+00:00,Fresno State,UConn,Mountain West,FBS Independents,False,45,0,fbs,fbs,UConn,UConn,UConn,Fresno State,0,0,0,higher_spi_home_field_adjusted,higher_spi,higher_spi_home_field_adjusted,48.37449927472623,59.52720411835678,38.367,61.633,44.914,55.086,0.067059,preseason_2021,spi_rankings_preseason_2021.csv,130,,False,False,FBS Independents vs Mountain West
2021,regular,1,401309833,2021-08-28 19:30:00+00:00,UCLA,Hawai'i,Pac-12,Mountain West,False,44,10,fbs,fbs,UCLA,UCLA,UCLA,UCLA,1,1,1,higher_spi_home_field_adjusted,higher_spi,higher_spi_home_field_adjusted,45.4195089003624,43.15114877048365,52.408,47.592,59.056,40.944,0.067059,preseason_2021,spi_rankings_preseason_2021.csv,130,,False,False,Mountain West vs Pac-12
2021,regular,1,401282049,2021-08-29 01:30:00+00:00,New Mexico State,UTEP,FBS Independents,Conference USA,False,3,30,fbs,fbs,New Mexico State,UTEP,New Mexico State,UTEP,0,1,0,higher_spi_home_field_adjusted,higher_spi,higher_spi_home_field_adjusted,30.08546509932037,36.24380558885984,43.494,56.506,50.203,49.797,0.067059,preseason_2021,spi_rankings_preseason_2021.csv,130,,False,False,Conference USA vs FBS Independents
2021,regular,1,401310693,2021-08-29 02:00:00+00:00,San José State,Southern Utah,Mountain West,Big Sky,False,45,14,fbs,fcs,San José State,San José State,San José State,San José State,1,1,1,fbs_vs_fcs_rule,fbs_vs_fcs_rule,fbs_vs_fcs_rule,61.18618962137576,,100.0,0.0,100.0,0.0,0.067059,preseason_2021,spi_rankings_preseason_2021.csv,130,,False,False,Big Sky vs Mountain West
2021,regular,1,401282050,2021-09-01 23:30:00+00:00,Jacksonville State,UAB,AWC,Conference USA,False,0,31,fcs,fbs,UAB,UAB,UAB,UAB,1,1,1,fbs_vs_fcs_rule,fbs_vs_fcs_rule,fbs_vs_fcs_rule,,51.3609874287283,0.0,100.0,0.0,100.0,0.067059,preseason_2021,spi_rankings_preseason_2021.csv,130,Montgomery Kickoff,False,False,AWC vs Conference USA
2021,regular,1,401309540,2021-09-02 23:00:00+00:00,Ball State,Western Illinois,Mid-American,MVFC,False,31,21,fbs,fcs,Ball State,Ball State,Ball State,Ball State,1,1,1,fbs_vs_fcs_rule,fbs_vs_fcs_rule,fbs_vs_fcs_rule,65.02389337745747,,100.0,0.0,100.0,0.0,0.067059,preseason_2021,spi_rankings_preseason_2021.csv,130,,False,False,MVFC vs Mid-American
2021,regular,1,401309542,2021-09-02 23:00:00+00:00,Buffalo,Wagner,Mid-American,NEC,False,69,7,fbs,fcs,Buffalo,Buffalo,Buffalo,Buffalo,1,1,1,fbs_vs_fcs_rule,fbs_vs_fcs_rule,fbs_vs_fcs_rule,68.00144152189516,,100.0,0.0,100.0,0.0,0.067059,preseason_2021,spi_rankings_preseason_2021.csv,130,,False,False,Mid-American vs NEC
2021,regular,1,401328545,2021-09-02 23:00:00+00:00,Coastal Carolina,The Citadel,Sun Belt,Southern,False,52,14,fbs,fcs,Coastal Carolina,Coastal Carolina,Coastal Carolina,Coastal Carolina,1,1,1,fbs_vs_fcs_rule,fbs_vs_fcs_rule,fbs_vs_fcs_rule,72.0249310162956,,100.0,0.0,100.0,0.0,0.067059,preseason_2021,spi_rankings_preseason_2021.csv,130,,False,False,Southern vs Sun Belt
2021,regular,1,401300995,2021-09-02 23:00:00+00:00,UCF,Boise State,American Athletic,Mountain West,False,36,31,fbs,fbs,UCF,UCF,UCF,UCF,1,1,1,higher_spi_home_field_adjusted,higher_spi,higher_spi_home_field_adjusted,57.56001610982098,52.75010360974945,55.093,44.907,61.64,38.36,0.067059,preseason_2021,spi_rankings_preseason_2021.csv,130,,False,False,American Athletic vs Mountain West
2021,regular,1,401300993,2021-09-02 23:30:00+00:00,App State,East Carolina,Sun Belt,American Athletic,False,33,19,fbs,fbs,App State,App State,App State,App State,1,1,1,higher_spi_home_field_adjusted,higher_spi,higher_spi_home_field_adjusted,56.53337242872746,36.39431637416904,70.181,29.819,75.506,24.494,0.067059,preseason_2021,spi_rankings_preseason_2021.csv,130,,False,False,American Athletic vs Sun Belt
2021,regular,1,401282607,2021-09-02 23:30:00+00:00,NC State,South Florida,ACC,American Athletic,False,45,0,fbs,fbs,NC State,NC State,NC State,NC State,1,1,1,higher_spi_home_field_adjusted,higher_spi,higher_spi_home_field_adjusted,58.84505559135299,36.60002446663435,72.019,27.981,77.123,22.877,0.067059,preseason_2021,spi_rankings_preseason_2021.csv,130,,False,False,ACC vs American Athletic
2021,regular,1,401300994,2021-09-02 23:30:00+00:00,Tulsa,UC Davis,American Athletic,Big Sky,False,17,19,fbs,fcs,Tulsa,Tulsa,Tulsa,UC Davis,0,0,0,fbs_vs_fcs_rule,fbs_vs_fcs_rule,fbs_vs_fcs_rule,57.63505016270789,,100.0,0.0,100.0,0.0,0.067059,preseason_2021,spi_rankings_preseason_2021.csv,130,,False,False,American Athletic vs Big Sky
2021,regular,1,401309834,2021-09-02 23:30:00+00:00,Utah,Weber State,Pac-12,Big Sky,False,40,17,fbs,fcs,Utah,Utah,Utah,Utah,1,1,1,fbs_vs_fcs_rule,fbs_vs_fcs_rule,fbs_vs_fcs_rule,50.003083149580775,,100.0,0.0,100.0,0.0,0.067059,preseason_2021,spi_rankings_preseason_2021.csv,130,,False,False,Big Sky vs Pac-12
2021,regular,1,401281952,2021-09-03 00:00:00+00:00,Tennessee,Bowling Green,SEC,Mid-American,False,38,6,fbs,fbs,Tennessee,Tennessee,Tennessee,Tennessee,1,1,1,higher_spi_home_field_adjusted,higher_spi,higher_spi_home_field_adjusted,44.32356733210215,25.23839253142552,69.235,30.765,74.668,25.332,0.067059,preseason_2021,spi_rankings_preseason_2021.csv,130,,False,False,Mid-American vs SEC
2021,regular,1,401282789,2021-09-03 00:00:00+00:00,Minnesota,Ohio State,Big Ten,Big Ten,True,31,45,fbs,fbs,Ohio State,Ohio State,Ohio State,Ohio State,1,1,1,higher_spi_home_field_adjusted,higher_spi,higher_spi_home_field_adjusted,49.2008899256184,78.02029131400859,22.709,77.291,27.789,72.211,0.067059,preseason_2021,spi_rankings_preseason_2021.csv,130,,False,False,Big Ten vs Big Ten
2021,regular,1,401282180,2021-09-03 00:00:00+00:00,Western Kentucky,UT Martin,Conference USA,OVC,False,59,21,fbs,fcs,Western Kentucky,Western Kentucky,Western Kentucky,Western Kentucky,1,1,1,fbs_vs_fcs_rule,fbs_vs_fcs_rule,fbs_vs_fcs_rule,27.580241000953965,,100.0,0.0,100.0,0.0,0.067059,preseason_2021,spi_rankings_preseason_2021.csv,130,,False,False,Conference USA vs OVC
2021,regular,1,401310696,2021-09-03 00:00:00+00:00,New Mexico,Houston Christian,Mountain West,Southland,False,27,17,fbs,fcs,New Mexico,New Mexico,New Mexico,New Mexico,1,1,1,fbs_vs_fcs_rule,fbs_vs_fcs_rule,fbs_vs_fcs_rule,33.91263826991169,,100.0,0.0,100.0,0.0,0.067059,preseason_2021,spi_rankings_preseason_2021.csv,130,,False,False,Mountain West vs Southland
2021,regular,1,401282051,2021-09-03 00:05:00+00:00,Florida International,Long Island University,Conference USA,NEC,False,48,10,fbs,fcs,Florida International,Florida International,Florida International,Florida International,1,1,1,fbs_vs_fcs_rule,fbs_vs_fcs_rule,fbs_vs_fcs_rule,30.2285410866881,,100.0,0.0,100.0,0.0,0.067059,preseason_2021,spi_rankings_preseason_2021.csv,130,,False,False,Conference USA vs NEC
2021,regular,1,401310694,2021-09-03 02:00:00+00:00,UNLV,Eastern Washington,Mountain West,Big Sky,False,33,35,fbs,fcs,UNLV,UNLV,UNLV,Eastern Washington,0,0,0,fbs_vs_fcs_rule,fbs_vs_fcs_rule,fbs_vs_fcs_rule,25.03018724549123,,100.0,0.0,100.0,0.0,0.067059,preseason_2021,spi_rankings_preseason_2021.csv,130,,False,False,Big Sky vs Mountain West
2021,regular,1,401309835,2021-09-03 02:30:00+00:00,Arizona State,Southern Utah,Pac-12,Big Sky,False,41,14,fbs,fcs,Arizona State,Arizona State,Arizona State,Arizona State,1,1,1,fbs_vs_fcs_rule,fbs_vs_fcs_rule,fbs_vs_fcs_rule,58.69076842452551,,100.0,0.0,100.0,0.0,0.067059,preseason_2021,spi_rankings_preseason_2021.csv,130,,False,False,Big Sky vs Pac-12
2021,regular,1,401309937,2021-09-03 22:00:00+00:00,Virginia Tech,North Carolina,ACC,ACC,True,17,10,fbs,fbs,North Carolina,North Carolina,North Carolina,Virginia Tech,0,0,0,higher_spi_home_field_adjusted,higher_spi,higher_spi_home_field_adjusted,52.58287892471566,66.61859857579742,35.514,64.486,41.905,58.095,0.067059,preseason_2021,spi_rankings_preseason_2021.csv,130,,False,False,ACC vs ACC
2021,regular,1,401309541,2021-09-03 23:00:00+00:00,Eastern Michigan,Saint Francis,Mid-American,NEC,False,35,15,fbs,fcs,Eastern Michigan,Eastern Michigan,Eastern Michigan,Eastern Michigan,1,1,1,fbs_vs_fcs_rule,fbs_vs_fcs_rule,fbs_vs_fcs_rule,45.77485678984333,,100.0,0.0,100.0,0.0,0.067059,preseason_2021,spi_rankings_preseason_2021.csv,130,,False,False,Mid-American vs NEC
2021,regular,1,401282052,2021-09-03 23:00:00+00:00,Charlotte,Duke,Conference USA,ACC,False,31,28,fbs,fbs,Charlotte,Charlotte,Charlotte,Charlotte,1,1,1,higher_spi_home_field_adjusted,higher_spi,higher_spi_home_field_adjusted,40.2877164959357,29.908453669798025,60.853,39.147,67.062,32.938,0.067059,preseason_2021,spi_rankings_preseason_2021.csv,130,,False,False,ACC vs Conference USA
2021,regular,1,401282608,2021-09-03 23:00:00+00:00,Wake Forest,Old Dominion,ACC,Conference USA,False,42,10,fbs,fbs,Old Dominion,Old Dominion,Old Dominion,Wake Forest,0,0,0,higher_spi_home_field_adjusted,higher_spi,higher_spi_home_field_adjusted,50.91811909701257,59.52720411835678,40.954,59.046,47.601,52.399,0.067059,preseason_2021,spi_rankings_preseason_2021.csv,130,,False,False,ACC vs Conference USA
2021,regular,1,401287888,2021-09-04 00:00:00+00:00,Kansas,South Dakota,Big 12,MVFC,False,17,14,fbs,fcs,Kansas,Kansas,Kansas,Kansas,1,1,1,fbs_vs_fcs_rule,fbs_vs_fcs_rule,fbs_vs_fcs_rule,25.48211708230381,,100.0,0.0,100.0,0.0,0.067059,preseason_2021,spi_rankings_preseason_2021.csv,130,,False,False,Big 12 vs MVFC
2021,regular,1,401310695,2021-09-04 01:00:00+00:00,Colorado State,South Dakota State,Mountain West,MVFC,False,23,42,fbs,fcs,Colorado State,Colorado State,Colorado State,South Dakota State,0,0,0,fbs_vs_fcs_rule,fbs_vs_fcs_rule,fbs_vs_fcs_rule,39.05472575261916,,100.0,0.0,100.0,0.0,0.067059,preseason_2021,spi_rankings_preseason_2021.csv,130,,False,False,MVFC vs Mountain West
2021,regular,1,401309836,2021-09-04 01:00:00+00:00,Colorado,Northern Colorado,Pac-12,Big Sky,False,35,7,fbs,fcs,Colorado,Colorado,Colorado,Colorado,1,1,1,fbs_vs_fcs_rule,fbs_vs_fcs_rule,fbs_vs_fcs_rule,52.13957274347722,,100.0,0.0,100.0,0.0,0.067059,preseason_2021,spi_rankings_preseason_2021.csv,130,,False,False,Big Sky vs Pac-12
2021,regular,1,401282782,2021-09-04 01:00:00+00:00,Northwestern,Michigan State,Big Ten,Big Ten,True,21,38,fbs,fbs,Northwestern,Northwestern,Northwestern,Michigan State,0,0,0,higher_spi_home_field_adjusted,higher_spi,higher_spi_home_field_adjusted,66.80084420818633,40.49713656653919,75.36,24.64,80.024,19.976,0.067059,preseason_2021,spi_rankings_preseason_2021.csv,130,,False,False,Big Ten vs Big Ten
2021,regular,1,401287894,2021-09-04 16:00:00+00:00,Oklahoma,Tulane,Big 12,American Athletic,False,40,35,fbs,fbs,Oklahoma,Oklahoma,Oklahoma,Oklahoma,1,1,1,higher_spi_home_field_adjusted,higher_spi,higher_spi_home_field_adjusted,81.76131439319713,46.50380563234496,81.734,18.266,85.425,14.575,0.067059,preseason_2021,spi_rankings_preseason_2021.csv,130,,False,False,American Athletic vs Big 12
2021,regular,1,401327913,2021-09-04 16:00:00+00:00,Nebraska,Fordham,Big Ten,Patriot,False,52,7,fbs,fcs,Nebraska,Nebraska,Nebraska,Nebraska,1,1,1,fbs_vs_fcs_rule,fbs_vs_fcs_rule,fbs_vs_fcs_rule,44.73143664737557,,100.0,0.0,100.0,0.0,0.067059,preseason_2021,spi_rankings_preseason_2021.csv,130,,False,False,Big Ten vs Patriot
2021,regular,1,401282822,2021-09-04 16:00:00+00:00,Rutgers,Temple,Big Ten,American Athletic,False,61,14,fbs,fbs,Rutgers,Rutgers,Rutgers,Rutgers,1,1,1,higher_spi_home_field_adjusted,higher_spi,higher_spi_home_field_adjusted,40.2314278037165,29.68721929449724,61.019,38.981,67.216,32.784,0.067059,preseason_2021,spi_rankings_preseason_2021.csv,130,,False,False,American Athletic vs Big Ten
2021,regular,1,401282815,2021-09-04 16:00:00+00:00,Wisconsin,Penn State,Big Ten,Big Ten,True,10,16,fbs,fbs,Wisconsin,Wisconsin,Wisconsin,Penn State,0,0,0,higher_spi_home_field_adjusted,higher_spi,higher_spi_home_field_adjusted,60.17871086354681,49.48735732683115,61.168,38.832,67.354,32.646,0.067059,preseason_2021,spi_rankings_preseason_2021.csv,130,,False,False,Big Ten vs Big Ten
2021,regular,1,401281947,2021-09-04 16:00:00+00:00,Kentucky,UL Monroe,SEC,Sun Belt,False,45,10,fbs,fbs,Kentucky,Kentucky,Kentucky,Kentucky,1,1,1,higher_spi_home_field_adjusted,higher_spi,higher_spi_home_field_adjusted,59.52720411835678,13.411028235002917,87.653,12.347,90.289,9.711,0.067059,preseason_2021,spi_rankings_preseason_2021.csv,130,,False,False,SEC vs Sun Belt
2021,regular,1,401282772,2021-09-04 16:00:00+00:00,Michigan,Western Michigan,Big Ten,Mid-American,False,47,14,fbs,fbs,Western Michigan,Western Michigan,Western Michigan,Michigan,0,0,0,higher_spi_home_field_adjusted,higher_spi,higher_spi_home_field_adjusted,47.622756957155545,58.89937522676358,38.243,61.757,44.784,55.216,0.067059,preseason_2021,spi_rankings_preseason_2021.csv,130,,False,False,Big Ten vs Mid-American
2021,regular,1,401309601,2021-09-04 16:00:00+00:00,Georgia State,Army,Sun Belt,FBS Independents,False,10,43,fbs,fbs,Army,Army,Army,Army,1,1,1,higher_spi_home_field_adjusted,higher_spi,higher_spi_home_field_adjusted,47.32536127173391,57.24068191819287,39.618,60.382,46.219,53.781,0.067059,preseason_2021,spi_rankings_preseason_2021.csv,130,,False,False,FBS Independents vs Sun Belt
2021,regular,1,401287889,2021-09-04 16:00:00+00:00,Kansas State,Stanford,Big 12,Pac-12,False,24,7,fbs,fbs,Stanford,Stanford,Stanford,Kansas State,0,0,0,higher_spi_home_field_adjusted,higher_spi,higher_spi_home_field_adjusted,49.16133502462368,55.34656065074892,43.466,56.534,43.466,56.534,0.067059,preseason_2021,spi_rankings_preseason_2021.csv,130,,False,False,Big 12 vs Pac-12
2021,regular,1,401286188,2021-09-04 16:00:00+00:00,UConn,Holy Cross,FBS Independents,Patriot,False,28,38,fbs,fcs,UConn,UConn,UConn,Holy Cross,0,0,0,fbs_vs_fcs_rule,fbs_vs_fcs_rule,fbs_vs_fcs_rule,59.52720411835678,,100.0,0.0,100.0,0.0,0.067059,preseason_2021,spi_rankings_preseason_2021.csv,130,,False,False,FBS Independents vs Patriot
2021,regular,1,401282609,2021-09-04 16:00:00+00:00,Boston College,Colgate,ACC,Patriot,False,51,0,fbs,fcs,Boston College,Boston College,Boston College,Boston College,1,1,1,fbs_vs_fcs_rule,fbs_vs_fcs_rule,fbs_vs_fcs_rule,52.25111534254431,,100.0,0.0,100.0,0.0,0.067059,preseason_2021,spi_rankings_preseason_2021.csv,130,,False,False,ACC vs Patriot
2021,regular,1,401310861,2021-09-04 18:00:00+00:00,Air Force,Lafayette,Mountain West,Patriot,False,35,14,fbs,fcs,Air Force,Air Force,Air Force,Air Force,1,1,1,fbs_vs_fcs_rule,fbs_vs_fcs_rule,fbs_vs_fcs_rule,52.57617861810478,,100.0,0.0,100.0,0.0,0.067059,preseason_2021,spi_rankings_preseason_2021.csv,130,,False,False,Mountain West vs Patriot
2021,regular,1,401309838,2021-09-04 18:00:00+00:00,Oregon,Fresno State,Pac-12,Mountain West,False,31,24,fbs,fbs,Oregon,Oregon,Oregon,Oregon,1,1,1,higher_spi_home_field_adjusted,higher_spi,higher_spi_home_field_adjusted,52.74331031771669,48.37449927472623,54.629,45.371,61.195,38.805,0.067059,preseason_2021,spi_rankings_preseason_2021.csv,130,,False,False,Mountain West vs Pac-12
2021,regular,1,401281943,2021-09-04 18:00:00+00:00,Arkansas,Rice,SEC,Conference USA,False,38,17,fbs,fbs,Arkansas,Arkansas,Arkansas,Arkansas,1,1,1,higher_spi_home_field_adjusted,higher_spi,higher_spi_home_field_adjusted,48.354789396844026,43.01867513792526,55.645,44.355,62.167,37.833,0.067059,preseason_2021,spi_rankings_preseason_2021.csv,130,,False,False,Conference USA vs SEC
2021,regular,1,401282764,2021-09-04 19:30:00+00:00,Maryland,West Virginia,Big Ten,Big 12,False,30,24,fbs,fbs,West Virginia,West Virginia,West Virginia,Maryland,0,0,0,higher_spi_home_field_adjusted,higher_spi,higher_spi_home_field_adjusted,50.79085143431327,59.98819334690633,40.35,59.65,46.978,53.022,0.067059,preseason_2021,spi_rankings_preseason_2021.csv,130,,False,False,Big 12 vs Big Ten
2021,regular,1,401282723,2021-09-04 19:30:00+00:00,Iowa,Indiana,Big Ten,Big Ten,True,34,6,fbs,fbs,Iowa,Iowa,Iowa,Iowa,1,1,1,higher_spi_home_field_adjusted,higher_spi,higher_spi_home_field_adjusted,63.68530396320323,63.55910818848044,50.134,49.866,56.838,43.162,0.067059,preseason_2021,spi_rankings_preseason_2021.csv,130,,False,False,Big Ten vs Big Ten
2021,regular,1,401300996,2021-09-04 19:30:00+00:00,Cincinnati,Miami (OH),American Athletic,Mid-American,False,49,14,fbs,fbs,Cincinnati,Cincinnati,Cincinnati,Cincinnati,1,1,1,higher_spi_home_field_adjusted,higher_spi,higher_spi_home_field_adjusted,74.34500312158478,57.30637666807381,67.352,32.648,72.988,27.012,0.067059,preseason_2021,spi_rankings_preseason_2021.csv,130,,False,False,American Athletic vs Mid-American
2021,regular,1,401281942,2021-09-04 19:30:00+00:00,Miami,Alabama,ACC,SEC,False,13,44,fbs,fbs,Alabama,Alabama,Alabama,Alabama,1,1,1,higher_spi_home_field_adjusted,higher_spi,higher_spi_home_field_adjusted,67.99898624310158,99.54105076479716,20.742,79.258,20.742,79.258,0.067059,preseason_2021,spi_rankings_preseason_2021.csv,130,,False,False,ACC vs SEC
2021,regular,1,401282174,2021-09-04 19:30:00+00:00,Navy,Marshall,American Athletic,Conference USA,False,7,49,fbs,fbs,Marshall,Marshall,Marshall,Marshall,1,1,1,higher_spi_home_field_adjusted,higher_spi,higher_spi_home_field_adjusted,33.429037252537576,57.10967010399726,26.768,73.232,32.376,67.624,0.067059,preseason_2021,spi_rankings_preseason_2021.csv,130,,False,False,American Athletic vs Conference USA
2021,regular,1,401310697,2021-09-04 20:00:00+00:00,Wyoming,Montana State,Mountain West,Big Sky,False,19,16,fbs,fcs,Wyoming,Wyoming,Wyoming,Wyoming,1,1,1,fbs_vs_fcs_rule,fbs_vs_fcs_rule,fbs_vs_fcs_rule,42.02443139322615,,100.0,0.0,100.0,0.0,0.067059,preseason_2021,spi_rankings_preseason_2021.csv,130,,False,False,Big Sky vs Mountain West
2021,regular,1,401281950,2021-09-04 20:00:00+00:00,Missouri,Central Michigan,SEC,Mid-American,False,34,24,fbs,fbs,Missouri,Central Michigan,Missouri,Missouri,1,0,1,higher_spi_home_field_adjusted,higher_spi,higher_spi_home_field_adjusted,49.87050611308886,50.97570729687999,48.826,51.174,55.549,44.451,0.067059,preseason_2021,spi_rankings_preseason_2021.csv,130,,False,False,Mid-American vs SEC
2021,regular,1,401281949,2021-09-04 20:00:00+00:00,Mississippi State,Louisiana Tech,SEC,Conference USA,False,35,34,fbs,fbs,Mississippi State,Louisiana Tech,Mississippi State,Mississippi State,1,0,1,higher_spi_home_field_adjusted,higher_spi,higher_spi_home_field_adjusted,45.541421293502985,45.796492103655616,49.729,50.271,56.44,43.56,0.067059,preseason_2021,spi_rankings_preseason_2021.csv,130,,False,False,Conference USA vs SEC
2021,regular,1,401282612,2021-09-04 20:00:00+00:00,Pittsburgh,Massachusetts,ACC,FBS Independents,False,51,7,fbs,fbs,Pittsburgh,Pittsburgh,Pittsburgh,Pittsburgh,1,1,1,higher_spi_home_field_adjusted,higher_spi,higher_spi_home_field_adjusted,53.59069900627024,21.391290554018045,79.713,20.287,83.731,16.269,0.067059,preseason_2021,spi_rankings_preseason_2021.csv,130,,False,False,ACC vs FBS Independents
2021,regular,1,401287892,2021-09-04 20:30:00+00:00,Texas,Louisiana,Big 12,Sun Belt,False,38,18,fbs,fbs,Texas,Texas,Texas,Texas,1,1,1,higher_spi_home_field_adjusted,higher_spi,higher_spi_home_field_adjusted,70.72879961245543,67.62115738965741,53.297,46.703,59.915,40.085,0.067059,preseason_2021,spi_rankings_preseason_2021.csv,130,,False,False,Big 12 vs Sun Belt
2021,regular,1,401287887,2021-09-04 20:30:00+00:00,Iowa State,Northern Iowa,Big 12,MVFC,False,16,10,fbs,fcs,Iowa State,Iowa State,Iowa State,Iowa State,1,1,1,fbs_vs_fcs_rule,fbs_vs_fcs_rule,fbs_vs_fcs_rule,74.53440120457815,,100.0,0.0,100.0,0.0,0.067059,preseason_2021,spi_rankings_preseason_2021.csv,130,,False,False,Big 12 vs MVFC
2021,regular,1,401309842,2021-09-04 21:00:00+00:00,USC,San José State,Pac-12,Mountain West,False,30,7,fbs,fbs,USC,San José State,USC,USC,1,0,1,higher_spi_home_field_adjusted,higher_spi,higher_spi_home_field_adjusted,59.18720231610075,61.18618962137576,47.877,52.123,54.609,45.391,0.067059,preseason_2021,spi_rankings_preseason_2021.csv,130,,False,False,Mountain West vs Pac-12
2021,regular,1,401286294,2021-09-04 22:00:00+00:00,Liberty,Campbell,FBS Independents,Big South,False,48,7,fbs,fcs,Liberty,Liberty,Liberty,Liberty,1,1,1,fbs_vs_fcs_rule,fbs_vs_fcs_rule,fbs_vs_fcs_rule,59.52720411835678,,100.0,0.0,100.0,0.0,0.067059,preseason_2021,spi_rankings_preseason_2021.csv,130,,False,False,Big South vs FBS Independents
2021,regular,1,401309600,2021-09-04 22:00:00+00:00,Georgia Southern,Gardner-Webb,Sun Belt,Big South,False,30,25,fbs,fcs,Georgia Southern,Georgia Southern,Georgia Southern,Georgia Southern,1,1,1,fbs_vs_fcs_rule,fbs_vs_fcs_rule,fbs_vs_fcs_rule,44.41952061286536,,100.0,0.0,100.0,0.0,0.067059,preseason_2021,spi_rankings_preseason_2021.csv,130,,False,False,Big South vs Sun Belt
2021,regular,1,401282819,2021-09-04 23:00:00+00:00,Purdue,Oregon State,Big Ten,Pac-12,False,30,21,fbs,fbs,Purdue,Purdue,Purdue,Purdue,1,1,1,higher_spi_home_field_adjusted,higher_spi,higher_spi_home_field_adjusted,47.38763444012363,37.87723836948593,59.969,40.031,66.241,33.759,0.067059,preseason_2021,spi_rankings_preseason_2021.csv,130,,False,False,Big Ten vs Pac-12
2021,regular,1,401300998,2021-09-04 23:00:00+00:00,SMU,Abilene Christian,American Athletic,Western Athletic,False,56,9,fbs,fcs,SMU,SMU,SMU,SMU,1,1,1,fbs_vs_fcs_rule,fbs_vs_fcs_rule,fbs_vs_fcs_rule,56.23956884723115,,100.0,0.0,100.0,0.0,0.067059,preseason_2021,spi_rankings_preseason_2021.csv,130,,False,False,American Athletic vs Western Athletic
2021,regular,1,401309598,2021-09-04 23:00:00+00:00,Arkansas State,Central Arkansas,Sun Belt,AWC,False,40,21,fbs,fcs,Arkansas State,Arkansas State,Arkansas State,Arkansas State,1,1,1,fbs_vs_fcs_rule,fbs_vs_fcs_rule,fbs_vs_fcs_rule,34.75289472218833,,100.0,0.0,100.0,0.0,0.067059,preseason_2021,spi_rankings_preseason_2021.csv,130,,False,False,AWC vs Sun Belt
2021,regular,1,401281951,2021-09-04 23:00:00+00:00,South Carolina,Eastern Illinois,SEC,OVC,False,46,0,fbs,fcs,South Carolina,South Carolina,South Carolina,South Carolina,1,1,1,fbs_vs_fcs_rule,fbs_vs_fcs_rule,fbs_vs_fcs_rule,46.9568339640529,,100.0,0.0,100.0,0.0,0.067059,preseason_2021,spi_rankings_preseason_2021.csv,130,,False,False,OVC vs SEC
2021,regular,1,401282173,2021-09-04 23:00:00+00:00,Middle Tennessee,Monmouth,Conference USA,Big South,False,50,15,fbs,fcs,Middle Tennessee,Middle Tennessee,Middle Tennessee,Middle Tennessee,1,1,1,fbs_vs_fcs_rule,fbs_vs_fcs_rule,fbs_vs_fcs_rule,29.473957382085125,,100.0,0.0,100.0,0.0,0.067059,preseason_2021,spi_rankings_preseason_2021.csv,130,,False,False,Big South vs Conference USA
2021,regular,1,401300997,2021-09-04 23:00:00+00:00,Memphis,Nicholls,American Athletic,Southland,False,42,17,fbs,fcs,Memphis,Memphis,Memphis,Memphis,1,1,1,fbs_vs_fcs_rule,fbs_vs_fcs_rule,fbs_vs_fcs_rule,53.58182895755922,,100.0,0.0,100.0,0.0,0.067059,preseason_2021,spi_rankings_preseason_2021.csv,130,,False,False,American Athletic vs Southland
2021,regular,1,401309543,2021-09-04 23:00:00+00:00,Toledo,Norfolk State,Mid-American,MEAC,False,49,10,fbs,fcs,Toledo,Toledo,Toledo,Toledo,1,1,1,fbs_vs_fcs_rule,fbs_vs_fcs_rule,fbs_vs_fcs_rule,59.32708569063351,,100.0,0.0,100.0,0.0,0.067059,preseason_2021,spi_rankings_preseason_2021.csv,130,,False,False,MEAC vs Mid-American
2021,regular,1,401287893,2021-09-04 23:00:00+00:00,Texas State,Baylor,Sun Belt,Big 12,False,20,29,fbs,fbs,Baylor,Baylor,Baylor,Baylor,1,1,1,higher_spi_home_field_adjusted,higher_spi,higher_spi_home_field_adjusted,21.83292148403724,43.985077757176434,28.06,71.94,33.814,66.186,0.067059,preseason_2021,spi_rankings_preseason_2021.csv,130,,False,False,Big 12 vs Sun Belt
2021,regular,1,401309602,2021-09-04 23:00:00+00:00,Troy,Southern,Sun Belt,SWAC,False,55,3,fbs,fcs,Troy,Troy,Troy,Troy,1,1,1,fbs_vs_fcs_rule,fbs_vs_fcs_rule,fbs_vs_fcs_rule,39.56527318622252,,100.0,0.0,100.0,0.0,0.067059,preseason_2021,spi_rankings_preseason_2021.csv,130,,False,False,SWAC vs Sun Belt
2021,regular,1,401287890,2021-09-04 23:00:00+00:00,Oklahoma State,Missouri State,Big 12,MVFC,False,23,16,fbs,fcs,Oklahoma State,Oklahoma State,Oklahoma State,Oklahoma State,1,1,1,fbs_vs_fcs_rule,fbs_vs_fcs_rule,fbs_vs_fcs_rule,69.49016928024118,,100.0,0.0,100.0,0.0,0.067059,preseason_2021,spi_rankings_preseason_2021.csv,130,,False,False,Big 12 vs MVFC
2021,regular,1,401281944,2021-09-04 23:00:00+00:00,Auburn,Akron,SEC,Mid-American,False,60,10,fbs,fbs,Auburn,Auburn,Auburn,Auburn,1,1,1,higher_spi_home_field_adjusted,higher_spi,higher_spi_home_field_adjusted,55.22537892999051,30.04907985043505,74.46,25.54,79.247,20.753,0.067059,preseason_2021,spi_rankings_preseason_2021.csv,130,,False,False,Mid-American vs SEC
2021,regular,1,401282611,2021-09-04 23:00:00+00:00,Ohio,Syracuse,Mid-American,ACC,False,9,29,fbs,fbs,Ohio,Ohio,Ohio,Syracuse,0,0,0,higher_spi_home_field_adjusted,higher_spi,higher_spi_home_field_adjusted,60.6485905141245,26.1281258699158,81.262,18.738,85.03,14.97,0.067059,preseason_2021,spi_rankings_preseason_2021.csv,130,,False,False,ACC vs Mid-American
2021,regular,1,401287886,2021-09-04 23:00:00+00:00,Houston,Texas Tech,American Athletic,Big 12,False,21,38,fbs,fbs,Texas Tech,Texas Tech,Texas Tech,Texas Tech,1,1,1,higher_spi_home_field_adjusted,higher_spi,higher_spi_home_field_adjusted,43.53708342604501,49.661557874754855,43.529,56.471,43.529,56.471,0.067059,preseason_2021,spi_rankings_preseason_2021.csv,130,,False,False,American Athletic vs Big 12
2021,regular,1,401281946,2021-09-04 23:30:00+00:00,Clemson,Georgia,ACC,SEC,False,3,10,fbs,fbs,Clemson,Clemson,Clemson,Georgia,0,0,0,higher_spi_home_field_adjusted,higher_spi,higher_spi_home_field_adjusted,80.00556688979954,72.05213185666996,58.371,41.629,58.371,41.629,0.067059,preseason_2021,spi_rankings_preseason_2021.csv,130,,False,False,ACC vs SEC
2021,regular,1,401282610,2021-09-04 23:30:00+00:00,Georgia Tech,Northern Illinois,ACC,Mid-American,False,21,22,fbs,fbs,Georgia Tech,Georgia Tech,Georgia Tech,Northern Illinois,0,0,0,higher_spi_home_field_adjusted,higher_spi,higher_spi_home_field_adjusted,40.211880000067765,34.488666436706986,56.051,43.949,62.553,37.447,0.067059,preseason_2021,spi_rankings_preseason_2021.csv,130,,False,False,ACC vs Mid-American
2021,regular,1,401282175,2021-09-04 23:30:00+00:00,North Texas,Northwestern State,Conference USA,Southland,False,44,14,fbs,fcs,North Texas,North Texas,North Texas,North Texas,1,1,1,fbs_vs_fcs_rule,fbs_vs_fcs_rule,fbs_vs_fcs_rule,31.461979079445925,,100.0,0.0,100.0,0.0,0.067059,preseason_2021,spi_rankings_preseason_2021.csv,130,,False,False,Conference USA vs Southland
2021,regular,1,401281945,2021-09-04 23:30:00+00:00,Florida,Florida Atlantic,SEC,Conference USA,False,35,14,fbs,fbs,Florida,Florida,Florida,Florida,1,1,1,higher_spi_home_field_adjusted,higher_spi,higher_spi_home_field_adjusted,68.39707133556729,43.525421645309535,74.213,25.787,79.033,20.967,0.067059,preseason_2021,spi_rankings_preseason_2021.csv,130,,False,False,Conference USA vs SEC
2021,regular,1,401282613,2021-09-04 23:30:00+00:00,Virginia,William & Mary,ACC,CAA,False,43,0,fbs,fcs,Virginia,Virginia,Virginia,Virginia,1,1,1,fbs_vs_fcs_rule,fbs_vs_fcs_rule,fbs_vs_fcs_rule,55.71055281362841,,100.0,0.0,100.0,0.0,0.067059,preseason_2021,spi_rankings_preseason_2021.csv,130,,False,False,ACC vs CAA
2021,regular,1,401282179,2021-09-04 23:30:00+00:00,Illinois,UTSA,Big Ten,Conference USA,False,30,37,fbs,fbs,Illinois,UTSA,Illinois,UTSA,0,1,0,higher_spi_home_field_adjusted,higher_spi,higher_spi_home_field_adjusted,38.61702860814283,42.2115288664479,46.188,53.812,52.924,47.076,0.067059,preseason_2021,spi_rankings_preseason_2021.csv,130,,False,False,Big Ten vs Conference USA
2021,regular,1,401309839,2021-09-05 00:00:00+00:00,Washington,Montana,Pac-12,Big Sky,False,7,13,fbs,fcs,Washington,Washington,Washington,Montana,0,0,0,fbs_vs_fcs_rule,fbs_vs_fcs_rule,fbs_vs_fcs_rule,56.69311392735399,,100.0,0.0,100.0,0.0,0.067059,preseason_2021,spi_rankings_preseason_2021.csv,130,,False,False,Big Sky vs Pac-12
2021,regular,1,401282177,2021-09-05 00:00:00+00:00,South Alabama,Southern Miss,Sun Belt,Conference USA,False,31,7,fbs,fbs,South Alabama,South Alabama,South Alabama,South Alabama,1,1,1,higher_spi_home_field_adjusted,higher_spi,higher_spi_home_field_adjusted,37.32713411281467,33.16924244639108,54.406,45.594,60.982,39.018,0.067059,preseason_2021,spi_rankings_preseason_2021.csv,130,,False,False,Conference USA vs Sun Belt
2021,regular,1,401282053,2021-09-05 00:00:00+00:00,Texas A&M,Kent State,SEC,Mid-American,False,41,10,fbs,fbs,Texas A&M,Texas A&M,Texas A&M,Texas A&M,1,1,1,higher_spi_home_field_adjusted,higher_spi,higher_spi_home_field_adjusted,78.21093369532439,59.52720411835678,68.87,31.13,74.344,25.656,0.067059,preseason_2021,spi_rankings_preseason_2021.csv,130,,False,False,Mid-American vs SEC
2021,regular,1,401282054,2021-09-05 00:00:00+00:00,Vanderbilt,East Tennessee State,SEC,Southern,False,3,23,fbs,fcs,Vanderbilt,Vanderbilt,Vanderbilt,East Tennessee State,0,0,0,fbs_vs_fcs_rule,fbs_vs_fcs_rule,fbs_vs_fcs_rule,27.39282899455841,,100.0,0.0,100.0,0.0,0.067059,preseason_2021,spi_rankings_preseason_2021.csv,130,,False,False,SEC vs Southern
2021,regular,1,401287891,2021-09-05 00:00:00+00:00,TCU,Duquesne,Big 12,NEC,False,45,3,fbs,fcs,TCU,TCU,TCU,TCU,1,1,1,fbs_vs_fcs_rule,fbs_vs_fcs_rule,fbs_vs_fcs_rule,60.78904292084506,,100.0,0.0,100.0,0.0,0.067059,preseason_2021,spi_rankings_preseason_2021.csv,130,,False,False,Big 12 vs NEC
2021,regular,1,401281948,2021-09-05 00:30:00+00:00,UCLA,LSU,Pac-12,SEC,False,38,27,fbs,fbs,LSU,LSU,LSU,UCLA,0,0,0,higher_spi_home_field_adjusted,higher_spi,higher_spi_home_field_adjusted,45.4195089003624,51.9875384123049,43.066,56.934,49.768,50.232,0.067059,preseason_2021,spi_rankings_preseason_2021.csv,130,,False,False,Pac-12 vs SEC
2021,regular,1,401282178,2021-09-05 01:00:00+00:00,UTEP,Bethune-Cookman,Conference USA,SWAC,False,38,28,fbs,fcs,UTEP,UTEP,UTEP,UTEP,1,1,1,fbs_vs_fcs_rule,fbs_vs_fcs_rule,fbs_vs_fcs_rule,36.24380558885984,,100.0,0.0,100.0,0.0,0.067059,preseason_2021,spi_rankings_preseason_2021.csv,130,,False,False,Conference USA vs SWAC
2021,regular,1,401310699,2021-09-05 02:30:00+00:00,San Diego State,New Mexico State,Mountain West,FBS Independents,False,28,10,fbs,fbs,San Diego State,San Diego State,San Diego State,San Diego State,1,1,1,higher_spi_home_field_adjusted,higher_spi,higher_spi_home_field_adjusted,44.39262185404319,30.08546509932037,64.75,35.25,70.639,29.361,0.067059,preseason_2021,spi_rankings_preseason_2021.csv,130,,False,False,FBS Independents vs Mountain West
2021,regular,1,401309837,2021-09-05 02:30:00+00:00,California,Nevada,Pac-12,Mountain West,False,17,22,fbs,fbs,Nevada,Nevada,Nevada,Nevada,1,1,1,higher_spi_home_field_adjusted,higher_spi,higher_spi_home_field_adjusted,43.38388190239146,54.13402440894581,38.773,61.227,45.338,54.662,0.067059,preseason_2021,spi_rankings_preseason_2021.csv,130,,False,False,Mountain West vs Pac-12
2021,regular,1,401309841,2021-09-05 02:30:00+00:00,Arizona,BYU,Pac-12,FBS Independents,False,16,24,fbs,fbs,BYU,BYU,BYU,BYU,1,1,1,higher_spi_home_field_adjusted,higher_spi,higher_spi_home_field_adjusted,28.54217311425724,74.6364816381297,12.357,87.643,12.357,87.643,0.067059,preseason_2021,spi_rankings_preseason_2021.csv,130,,False,False,FBS Independents vs Pac-12
2021,regular,1,401309840,2021-09-05 03:00:00+00:00,Washington State,Utah State,Pac-12,Mountain West,False,23,26,fbs,fbs,Washington State,Washington State,Washington State,Utah State,0,0,0,higher_spi_home_field_adjusted,higher_spi,higher_spi_home_field_adjusted,43.388085469190266,27.58312359588713,66.189,33.811,71.942,28.058,0.067059,preseason_2021,spi_rankings_preseason_2021.csv,130,,False,False,Mountain West vs Pac-12
2021,regular,1,401310698,2021-09-05 03:59:00+00:00,Hawai'i,Portland State,Mountain West,Big Sky,False,49,35,fbs,fcs,Hawai'i,Hawai'i,Hawai'i,Hawai'i,1,1,1,fbs_vs_fcs_rule,fbs_vs_fcs_rule,fbs_vs_fcs_rule,43.15114877048365,,100.0,0.0,100.0,0.0,0.067059,preseason_2021,spi_rankings_preseason_2021.csv,130,,False,False,Big Sky vs Mountain West
2021,regular,1,401282614,2021-09-05 23:30:00+00:00,Florida State,Notre Dame,ACC,FBS Independents,True,38,41,fbs,fbs,Notre Dame,Notre Dame,Notre Dame,Notre Dame,1,1,1,higher_spi_home_field_adjusted,higher_spi,higher_spi_home_field_adjusted,43.55038313996208,76.58559634721385,19.718,80.282,24.34,75.66,0.067059,preseason_2021,spi_rankings_preseason_2021.csv,130,,False,False,ACC vs FBS Independents
2021,regular,1,401282055,2021-09-07 00:00:00+00:00,Ole Miss,Louisville,SEC,ACC,False,43,24,fbs,fbs,Ole Miss,Ole Miss,Ole Miss,Ole Miss,1,1,1,higher_spi_home_field_adjusted,higher_spi,higher_spi_home_field_adjusted,57.64875670981014,45.92901512871352,62.201,37.799,62.201,37.799,0.067059,preseason_2021,spi_rankings_preseason_2021.csv,130,,False,False,ACC vs SEC
2021,regular,2,401287896,2021-09-10 23:30:00+00:00,Coastal Carolina,Kansas,Sun Belt,Big 12,False,49,22,fbs,fbs,Coastal Carolina,Coastal Carolina,Coastal Carolina,Coastal Carolina,1,1,1,higher_spi_home_field_adjusted,higher_spi,higher_spi_home_field_adjusted,73.87160228898426,67.62160228898426,56.602,43.398,63.076,36.924,0.067059,2021_w1,spi_rankings_2021_w1.csv,130,,False,False,Big 12 vs Sun Belt
2021,regular,2,401282616,2021-09-11 00:00:00+00:00,Duke,North Carolina A&T,ACC,Big South,False,45,17,fbs,fcs,Duke,Duke,Duke,Duke,1,1,1,fbs_vs_fcs_rule,fbs_vs_fcs_rule,fbs_vs_fcs_rule,40.14101778050276,,100.0,0.0,100.0,0.0,0.067059,2021_w1,spi_rankings_2021_w1.csv,130,,False,False,ACC vs Big South
2021,regular,2,401282191,2021-09-11 01:30:00+00:00,Boise State,UTEP,Mountain West,Conference USA,False,54,13,fbs,fbs,UTEP,UTEP,UTEP,Boise State,0,0,0,higher_spi_home_field_adjusted,higher_spi,higher_spi_home_field_adjusted,47.02018653735392,78.20061823012468,20.996,79.004,25.821,74.179,0.067059,2021_w1,spi_rankings_2021_w1.csv,130,,False,False,Conference USA vs Mountain West
2021,regular,2,401310701,2021-09-11 02:20:00+00:00,Utah State,North Dakota,Mountain West,MVFC,False,48,24,fbs,fcs,Utah State,Utah State,Utah State,Utah State,1,1,1,fbs_vs_fcs_rule,fbs_vs_fcs_rule,fbs_vs_fcs_rule,68.92346208869813,,100.0,0.0,100.0,0.0,0.067059,2021_w1,spi_rankings_2021_w1.csv,130,,False,False,MVFC vs Mountain West
2021,regular,2,401282624,2021-09-11 15:00:00+00:00,Virginia,Illinois,ACC,Big Ten,False,42,14,fbs,fbs,Virginia,Virginia,Virginia,Virginia,1,1,1,higher_spi_home_field_adjusted,higher_spi,higher_spi_home_field_adjusted,83.69303086041282,48.577176578786016,81.644,18.356,85.35,14.65,0.067059,2021_w1,spi_rankings_2021_w1.csv,130,,False,False,ACC vs Big Ten
2021,regular,2,401309545,2021-09-11 15:30:00+00:00,Kent State,VMI,Mid-American,Southern,False,60,10,fbs,fcs,Kent State,Kent State,Kent State,Kent State,1,1,1,fbs_vs_fcs_rule,fbs_vs_fcs_rule,fbs_vs_fcs_rule,49.647455548743096,,100.0,0.0,100.0,0.0,0.067059,2021_w1,spi_rankings_2021_w1.csv,130,,False,False,Mid-American vs Southern
2021,regular,2,401282193,2021-09-11 15:30:00+00:00,Army,Western Kentucky,FBS Independents,Conference USA,False,38,35,fbs,fbs,Army,Army,Army,Army,1,1,1,higher_spi_home_field_adjusted,higher_spi,higher_spi_home_field_adjusted,75.06172082566933,73.87160228898426,51.264,48.736,57.943,42.057,0.067059,2021_w1,spi_rankings_2021_w1.csv,130,,False,False,Conference USA vs FBS Independents
2021,regular,2,401282809,2021-09-11 16:00:00+00:00,Ohio State,Oregon,Big Ten,Pac-12,False,28,35,fbs,fbs,Ohio State,Oregon,Ohio State,Oregon,0,1,0,higher_spi_home_field_adjusted,higher_spi,higher_spi_home_field_adjusted,74.04940731657469,75.4961169016963,48.463,51.537,55.191,44.809,0.067059,2021_w1,spi_rankings_2021_w1.csv,130,,False,False,Big Ten vs Pac-12
2021,regular,2,401282066,2021-09-11 16:00:00+00:00,Tennessee,Pittsburgh,SEC,ACC,False,34,41,fbs,fbs,Tennessee,Tennessee,Tennessee,Pittsburgh,0,0,0,higher_spi_home_field_adjusted,higher_spi,higher_spi_home_field_adjusted,78.00761291641119,77.54675045984058,50.49,49.51,57.186,42.814,0.067059,2021_w1,spi_rankings_2021_w1.csv,130,,False,False,ACC vs SEC
2021,regular,2,401282804,2021-09-11 16:00:00+00:00,Northwestern,Indiana State,Big Ten,MVFC,False,24,6,fbs,fcs,Northwestern,Northwestern,Northwestern,Northwestern,1,1,1,fbs_vs_fcs_rule,fbs_vs_fcs_rule,fbs_vs_fcs_rule,54.75117514817085,,100.0,0.0,100.0,0.0,0.067059,2021_w1,spi_rankings_2021_w1.csv,130,,False,False,Big Ten vs MVFC
2021,regular,2,401282065,2021-09-11 16:00:00+00:00,East Carolina,South Carolina,American Athletic,SEC,False,17,20,fbs,fbs,South Carolina,South Carolina,South Carolina,South Carolina,1,1,1,higher_spi_home_field_adjusted,higher_spi,higher_spi_home_field_adjusted,42.19389944819129,84.22874514612711,14.35,85.65,17.996,82.004,0.067059,2021_w1,spi_rankings_2021_w1.csv,130,,False,False,American Athletic vs SEC
2021,regular,2,401282058,2021-09-11 16:00:00+00:00,Auburn,Alabama State,SEC,SWAC,False,62,0,fbs,fcs,Auburn,Auburn,Auburn,Auburn,1,1,1,fbs_vs_fcs_rule,fbs_vs_fcs_rule,fbs_vs_fcs_rule,77.31631923155527,,100.0,0.0,100.0,0.0,0.067059,2021_w1,spi_rankings_2021_w1.csv,130,,False,False,SEC vs SWAC
2021,regular,2,401282790,2021-09-11 16:00:00+00:00,Minnesota,Miami (OH),Big Ten,Mid-American,False,31,26,fbs,fbs,Minnesota,Minnesota,Minnesota,Minnesota,1,1,1,higher_spi_home_field_adjusted,higher_spi,higher_spi_home_field_adjusted,53.79904966278357,44.03006149787265,60.233,39.767,66.486,33.514,0.067059,2021_w1,spi_rankings_2021_w1.csv,130,,False,False,Big Ten vs Mid-American
2021,regular,2,401282618,2021-09-11 16:00:00+00:00,Georgia Tech,Kennesaw State,ACC,Big South,False,45,17,fbs,fcs,Georgia Tech,Georgia Tech,Georgia Tech,Georgia Tech,1,1,1,fbs_vs_fcs_rule,fbs_vs_fcs_rule,fbs_vs_fcs_rule,48.68127937870427,,100.0,0.0,100.0,0.0,0.067059,2021_w1,spi_rankings_2021_w1.csv,130,,False,False,ACC vs Big South
2021,regular,2,401287899,2021-09-11 16:00:00+00:00,Oklahoma State,Tulsa,Big 12,American Athletic,False,28,23,fbs,fbs,Oklahoma State,Oklahoma State,Oklahoma State,Oklahoma State,1,1,1,higher_spi_home_field_adjusted,higher_spi,higher_spi_home_field_adjusted,68.33588800326997,38.08782955242182,78.339,21.661,82.569,17.431,0.067059,2021_w1,spi_rankings_2021_w1.csv,130,,False,False,American Athletic vs Big 12
2021,regular,2,401282783,2021-09-11 16:00:00+00:00,Michigan State,Youngstown State,Big Ten,MVFC,False,42,14,fbs,fcs,Michigan State,Michigan State,Michigan State,Michigan State,1,1,1,fbs_vs_fcs_rule,fbs_vs_fcs_rule,fbs_vs_fcs_rule,73.09728183118742,,100.0,0.0,100.0,0.0,0.067059,2021_w1,spi_rankings_2021_w1.csv,130,,False,False,Big Ten vs MVFC
2021,regular,2,401282625,2021-09-11 16:00:00+00:00,Wake Forest,Norfolk State,ACC,MEAC,False,41,16,fbs,fcs,Wake Forest,Wake Forest,Wake Forest,Wake Forest,1,1,1,fbs_vs_fcs_rule,fbs_vs_fcs_rule,fbs_vs_fcs_rule,73.17213366033108,,100.0,0.0,100.0,0.0,0.067059,2021_w1,spi_rankings_2021_w1.csv,130,,False,False,ACC vs MEAC
2021,regular,2,401282059,2021-09-11 17:00:00+00:00,South Florida,Florida,American Athletic,SEC,False,20,42,fbs,fbs,Florida,Florida,Florida,Florida,1,1,1,higher_spi_home_field_adjusted,higher_spi,higher_spi_home_field_adjusted,41.566523605150216,71.95176783159616,21.562,78.438,26.473,73.527,0.067059,2021_w1,spi_rankings_2021_w1.csv,130,,False,False,American Athletic vs SEC
2021,regular,2,401301000,2021-09-11 17:00:00+00:00,Tulane,Morgan State,American Athletic,MEAC,False,69,20,fbs,fcs,Tulane,Tulane,Tulane,Tulane,1,1,1,fbs_vs_fcs_rule,fbs_vs_fcs_rule,fbs_vs_fcs_rule,46.144389944819125,,100.0,0.0,100.0,0.0,0.067059,2021_w1,spi_rankings_2021_w1.csv,130,"Game moved to Birmingham, AL",False,False,American Athletic vs MEAC
2021,regular,2,401309547,2021-09-11 17:30:00+00:00,Northern Illinois,Wyoming,Mid-American,Mountain West,False,43,50,fbs,fbs,Northern Illinois,Northern Illinois,Northern Illinois,Wyoming,0,0,0,higher_spi_home_field_adjusted,higher_spi,higher_spi_home_field_adjusted,78.98119762926629,67.62160228898426,61.84,38.16,67.975,32.025,0.067059,2021_w1,spi_rankings_2021_w1.csv,130,,False,False,Mid-American vs Mountain West
2021,regular,2,401282622,2021-09-11 18:00:00+00:00,Syracuse,Rutgers,ACC,Big Ten,False,7,17,fbs,fbs,Syracuse,Syracuse,Syracuse,Rutgers,0,0,0,higher_spi_home_field_adjusted,higher_spi,higher_spi_home_field_adjusted,78.4684753729818,76.66225405495793,51.918,48.082,58.58,41.42,0.067059,2021_w1,spi_rankings_2021_w1.csv,130,,False,False,ACC vs Big Ten
2021,regular,2,401282186,2021-09-11 18:00:00+00:00,Virginia Tech,Middle Tennessee,ACC,Conference USA,False,35,14,fbs,fbs,Virginia Tech,Middle Tennessee,Virginia Tech,Virginia Tech,1,0,1,higher_spi_home_field_adjusted,higher_spi,higher_spi_home_field_adjusted,70.00970774575926,73.33588800326997,46.472,53.528,53.208,46.792,0.067059,2021_w1,spi_rankings_2021_w1.csv,130,,False,False,ACC vs Conference USA
2021,regular,2,401309753,2021-09-11 18:00:00+00:00,Ohio,Duquesne,Mid-American,NEC,False,26,28,fbs,fcs,Ohio,Ohio,Ohio,Duquesne,0,0,0,fbs_vs_fcs_rule,fbs_vs_fcs_rule,fbs_vs_fcs_rule,48.26410177805028,,100.0,0.0,100.0,0.0,0.067059,2021_w1,spi_rankings_2021_w1.csv,130,,False,False,Mid-American vs NEC
2021,regular,2,401282705,2021-09-11 18:30:00+00:00,Notre Dame,Toledo,FBS Independents,Mid-American,False,32,29,fbs,fbs,Notre Dame,Notre Dame,Notre Dame,Notre Dame,1,1,1,higher_spi_home_field_adjusted,higher_spi,higher_spi_home_field_adjusted,77.66452074391988,74.0501737175557,53.833,46.167,60.431,39.569,0.067059,2021_w1,spi_rankings_2021_w1.csv,130,,False,False,FBS Independents vs Mid-American
2021,regular,2,401309548,2021-09-11 19:00:00+00:00,Central Michigan,Robert Morris,Mid-American,Big South,False,45,0,fbs,fcs,Central Michigan,Central Michigan,Central Michigan,Central Michigan,1,1,1,fbs_vs_fcs_rule,fbs_vs_fcs_rule,fbs_vs_fcs_rule,45.95825669323524,,100.0,0.0,100.0,0.0,0.067059,2021_w1,spi_rankings_2021_w1.csv,130,,False,False,Big South vs Mid-American
2021,regular,2,401282820,2021-09-11 19:00:00+00:00,UConn,Purdue,FBS Independents,Big Ten,False,0,49,fbs,fbs,Purdue,Purdue,Purdue,Purdue,1,1,1,higher_spi_home_field_adjusted,higher_spi,higher_spi_home_field_adjusted,12.053571428571429,69.12698412698413,8.124,91.876,10.379,89.621,0.067059,2021_w1,spi_rankings_2021_w1.csv,130,,False,False,Big Ten vs FBS Independents
2021,regular,2,401282060,2021-09-11 19:30:00+00:00,Georgia,UAB,SEC,Conference USA,False,56,7,fbs,fbs,UAB,UAB,UAB,Georgia,0,0,0,higher_spi_home_field_adjusted,higher_spi,higher_spi_home_field_adjusted,75.03116697322706,81.55017371755568,43.118,56.882,49.82,50.18,0.067059,2021_w1,spi_rankings_2021_w1.csv,130,,False,False,Conference USA vs SEC
2021,regular,2,401287900,2021-09-11 19:30:00+00:00,TCU,California,Big 12,Pac-12,False,34,32,fbs,fbs,TCU,TCU,TCU,TCU,1,1,1,higher_spi_home_field_adjusted,higher_spi,higher_spi_home_field_adjusted,74.58588800326997,42.75955446556305,79.456,20.544,83.514,16.486,0.067059,2021_w1,spi_rankings_2021_w1.csv,130,,False,False,Big 12 vs Pac-12
2021,regular,2,401301002,2021-09-11 19:30:00+00:00,Cincinnati,Murray State,American Athletic,OVC,False,42,7,fbs,fcs,Cincinnati,Cincinnati,Cincinnati,Cincinnati,1,1,1,fbs_vs_fcs_rule,fbs_vs_fcs_rule,fbs_vs_fcs_rule,75.93960760269772,,100.0,0.0,100.0,0.0,0.067059,2021_w1,spi_rankings_2021_w1.csv,130,,False,False,American Athletic vs OVC
2021,regular,2,401282623,2021-09-11 19:30:00+00:00,Massachusetts,Boston College,FBS Independents,ACC,False,28,45,fbs,fbs,Boston College,Boston College,Boston College,Boston College,1,1,1,higher_spi_home_field_adjusted,higher_spi,higher_spi_home_field_adjusted,48.999846719803806,85.12160228898425,17.724,82.276,22.006,77.994,0.067059,2021_w1,spi_rankings_2021_w1.csv,130,,False,False,ACC vs FBS Independents
2021,regular,2,401300999,2021-09-11 19:30:00+00:00,Akron,Temple,Mid-American,American Athletic,False,24,45,fbs,fbs,Akron,Akron,Akron,Temple,0,0,0,higher_spi_home_field_adjusted,higher_spi,higher_spi_home_field_adjusted,55.55359697527079,43.442673206621706,62.591,37.409,68.667,31.333,0.067059,2021_w1,spi_rankings_2021_w1.csv,130,,False,False,American Athletic vs Mid-American
2021,regular,2,401282067,2021-09-11 19:30:00+00:00,Colorado,Texas A&M,Pac-12,SEC,False,7,10,fbs,fbs,Texas A&M,Texas A&M,Texas A&M,Texas A&M,1,1,1,higher_spi_home_field_adjusted,higher_spi,higher_spi_home_field_adjusted,72.08588800326997,79.13090128755364,42.57,57.43,42.57,57.43,0.067059,2021_w1,spi_rankings_2021_w1.csv,130,,False,False,Pac-12 vs SEC
2021,regular,2,401282183,2021-09-11 19:30:00+00:00,Florida Atlantic,Georgia Southern,Conference USA,Sun Belt,False,38,6,fbs,fbs,Georgia Southern,Georgia Southern,Georgia Southern,Florida Atlantic,0,0,0,higher_spi_home_field_adjusted,higher_spi,higher_spi_home_field_adjusted,47.713570406703454,67.97874514612712,29.707,70.293,35.631,64.369,0.067059,2021_w1,spi_rankings_2021_w1.csv,130,,False,False,Conference USA vs Sun Belt
2021,regular,2,401301004,2021-09-11 19:30:00+00:00,Navy,Air Force,American Athletic,Mountain West,False,3,23,fbs,fbs,Air Force,Air Force,Air Force,Air Force,1,1,1,higher_spi_home_field_adjusted,higher_spi,higher_spi_home_field_adjusted,36.15241160842019,70.83588800326996,18.633,81.367,23.073,76.927,0.067059,2021_w1,spi_rankings_2021_w1.csv,130,,False,False,American Athletic vs Mountain West
2021,regular,2,401282816,2021-09-11 19:30:00+00:00,Penn State,Ball State,Big Ten,Mid-American,False,44,13,fbs,fbs,Penn State,Penn State,Penn State,Penn State,1,1,1,higher_spi_home_field_adjusted,higher_spi,higher_spi_home_field_adjusted,74.10867565910483,68.87160228898426,55.542,44.458,62.068,37.932,0.067059,2021_w1,spi_rankings_2021_w1.csv,130,,False,False,Big Ten vs Mid-American
2021,regular,2,401282797,2021-09-11 19:30:00+00:00,Nebraska,Buffalo,Big Ten,Mid-American,False,28,3,fbs,fbs,Buffalo,Buffalo,Buffalo,Nebraska,0,0,0,higher_spi_home_field_adjusted,higher_spi,higher_spi_home_field_adjusted,56.62694154915185,78.15731657469853,28.597,71.403,34.408,65.592,0.067059,2021_w1,spi_rankings_2021_w1.csv,130,,False,False,Big Ten vs Mid-American
2021,regular,2,401282056,2021-09-11 20:00:00+00:00,Alabama,Mercer,SEC,Southern,False,48,14,fbs,fcs,Alabama,Alabama,Alabama,Alabama,1,1,1,fbs_vs_fcs_rule,fbs_vs_fcs_rule,fbs_vs_fcs_rule,75.9692417739628,,100.0,0.0,100.0,0.0,0.067059,2021_w1,spi_rankings_2021_w1.csv,130,,False,False,SEC vs Southern
2021,regular,2,401309546,2021-09-11 20:00:00+00:00,Bowling Green,South Alabama,Mid-American,Sun Belt,False,19,22,fbs,fbs,South Alabama,South Alabama,South Alabama,South Alabama,1,1,1,higher_spi_home_field_adjusted,higher_spi,higher_spi_home_field_adjusted,53.188483547925614,72.11552217453504,30.909,69.091,36.946,63.054,0.067059,2021_w1,spi_rankings_2021_w1.csv,130,,False,False,Mid-American vs Sun Belt
2021,regular,2,401282754,2021-09-11 20:30:00+00:00,Iowa State,Iowa,Big 12,Big Ten,False,17,27,fbs,fbs,Iowa State,Iowa,Iowa State,Iowa,0,1,0,higher_spi_home_field_adjusted,higher_spi,higher_spi_home_field_adjusted,68.15731657469854,73.57372777437155,44.27,55.73,50.991,49.009,0.067059,2021_w1,spi_rankings_2021_w1.csv,130,,False,False,Big 12 vs Big Ten
2021,regular,2,401282615,2021-09-11 21:00:00+00:00,Clemson,South Carolina State,ACC,MEAC,False,49,3,fbs,fcs,Clemson,Clemson,Clemson,Clemson,1,1,1,fbs_vs_fcs_rule,fbs_vs_fcs_rule,fbs_vs_fcs_rule,44.63417126507255,,100.0,0.0,100.0,0.0,0.067059,2021_w1,spi_rankings_2021_w1.csv,130,,False,False,ACC vs MEAC
2021,regular,2,401287902,2021-09-11 21:00:00+00:00,West Virginia,Long Island University,Big 12,NEC,False,66,0,fbs,fcs,West Virginia,West Virginia,West Virginia,West Virginia,1,1,1,fbs_vs_fcs_rule,fbs_vs_fcs_rule,fbs_vs_fcs_rule,46.30058246474555,,100.0,0.0,100.0,0.0,0.067059,2021_w1,spi_rankings_2021_w1.csv,130,,False,False,Big 12 vs NEC
2021,regular,2,401309544,2021-09-11 21:00:00+00:00,Western Michigan,Illinois State,Mid-American,MVFC,False,28,0,fbs,fcs,Western Michigan,Western Michigan,Western Michigan,Western Michigan,1,1,1,fbs_vs_fcs_rule,fbs_vs_fcs_rule,fbs_vs_fcs_rule,44.45483343552012,,100.0,0.0,100.0,0.0,0.067059,2021_w1,spi_rankings_2021_w1.csv,130,,False,False,MVFC vs Mid-American
2021,regular,2,401282181,2021-09-11 22:00:00+00:00,Charlotte,Gardner-Webb,Conference USA,Big South,False,38,10,fbs,fcs,Charlotte,Charlotte,Charlotte,Charlotte,1,1,1,fbs_vs_fcs_rule,fbs_vs_fcs_rule,fbs_vs_fcs_rule,75.99070100143062,,100.0,0.0,100.0,0.0,0.067059,2021_w1,spi_rankings_2021_w1.csv,130,,False,False,Big South vs Conference USA
2021,regular,2,401309845,2021-09-11 22:00:00+00:00,Washington State,Portland State,Pac-12,Big Sky,False,44,24,fbs,fcs,Washington State,Washington State,Washington State,Washington State,1,1,1,fbs_vs_fcs_rule,fbs_vs_fcs_rule,fbs_vs_fcs_rule,41.81483752299203,,100.0,0.0,100.0,0.0,0.067059,2021_w1,spi_rankings_2021_w1.csv,130,,False,False,Big Sky vs Pac-12
2021,regular,2,401282192,2021-09-11 22:00:00+00:00,UTSA,Lamar,Conference USA,Western Athletic,False,54,0,fbs,fcs,UTSA,UTSA,UTSA,UTSA,1,1,1,fbs_vs_fcs_rule,fbs_vs_fcs_rule,fbs_vs_fcs_rule,83.21428571428572,,100.0,0.0,100.0,0.0,0.067059,2021_w1,spi_rankings_2021_w1.csv,130,,False,False,Conference USA vs Western Athletic
2021,regular,2,401282185,2021-09-11 22:30:00+00:00,Marshall,North Carolina Central,Conference USA,MEAC,False,44,10,fbs,fcs,Marshall,Marshall,Marshall,Marshall,1,1,1,fbs_vs_fcs_rule,fbs_vs_fcs_rule,fbs_vs_fcs_rule,78.13641472976236,,100.0,0.0,100.0,0.0,0.067059,2021_w1,spi_rankings_2021_w1.csv,130,,False,False,Conference USA vs MEAC
2021,regular,2,401301001,2021-09-11 22:30:00+00:00,UCF,Bethune-Cookman,American Athletic,SWAC,False,63,14,fbs,fcs,UCF,UCF,UCF,UCF,1,1,1,fbs_vs_fcs_rule,fbs_vs_fcs_rule,fbs_vs_fcs_rule,69.93153484569794,,100.0,0.0,100.0,0.0,0.067059,2021_w1,spi_rankings_2021_w1.csv,130,,False,False,American Athletic vs SWAC
2021,regular,2,401282189,2021-09-11 22:30:00+00:00,Rice,Houston,Conference USA,American Athletic,False,7,44,fbs,fbs,Houston,Houston,Houston,Houston,1,1,1,higher_spi_home_field_adjusted,higher_spi,higher_spi_home_field_adjusted,49.573370120580414,58.32199059881462,40.81,59.19,47.453,52.547,0.067059,2021_w1,spi_rankings_2021_w1.csv,130,,False,False,American Athletic vs Conference USA
2021,regular,2,401287897,2021-09-11 23:00:00+00:00,Kansas State,Southern Illinois,Big 12,MVFC,False,31,23,fbs,fcs,Kansas State,Kansas State,Kansas State,Kansas State,1,1,1,fbs_vs_fcs_rule,fbs_vs_fcs_rule,fbs_vs_fcs_rule,70.3385789222699,,100.0,0.0,100.0,0.0,0.067059,2021_w1,spi_rankings_2021_w1.csv,130,,False,False,Big 12 vs MVFC
2021,regular,2,401282619,2021-09-11 23:00:00+00:00,Louisville,Eastern Kentucky,ACC,AWC,False,30,3,fbs,fcs,Louisville,Louisville,Louisville,Louisville,1,1,1,fbs_vs_fcs_rule,fbs_vs_fcs_rule,fbs_vs_fcs_rule,46.21091354996933,,100.0,0.0,100.0,0.0,0.067059,2021_w1,spi_rankings_2021_w1.csv,130,,False,False,ACC vs AWC
2021,regular,2,401282825,2021-09-11 23:00:00+00:00,Wisconsin,Eastern Michigan,Big Ten,Mid-American,False,34,7,fbs,fbs,Eastern Michigan,Eastern Michigan,Eastern Michigan,Wisconsin,0,0,0,higher_spi_home_field_adjusted,higher_spi,higher_spi_home_field_adjusted,53.73978132025342,70.65731657469854,32.761,67.239,38.957,61.043,0.067059,2021_w1,spi_rankings_2021_w1.csv,130,,False,False,Big Ten vs Mid-American
2021,regular,2,401282188,2021-09-11 23:00:00+00:00,Old Dominion,Hampton,Conference USA,Big South,False,47,7,fbs,fcs,Old Dominion,Old Dominion,Old Dominion,Old Dominion,1,1,1,fbs_vs_fcs_rule,fbs_vs_fcs_rule,fbs_vs_fcs_rule,47.79506437768239,,100.0,0.0,100.0,0.0,0.067059,2021_w1,spi_rankings_2021_w1.csv,130,,False,False,Big South vs Conference USA
2021,regular,2,401286295,2021-09-11 23:00:00+00:00,Troy,Liberty,Sun Belt,FBS Independents,False,13,21,fbs,fbs,Troy,Troy,Troy,Liberty,0,0,0,higher_spi_home_field_adjusted,higher_spi,higher_spi_home_field_adjusted,76.37160228898425,74.40731657469854,52.086,47.914,58.743,41.257,0.067059,2021_w1,spi_rankings_2021_w1.csv,130,,False,False,FBS Independents vs Sun Belt
2021,regular,2,401282620,2021-09-11 23:00:00+00:00,Miami,App State,ACC,Sun Belt,False,25,23,fbs,fbs,App State,App State,App State,Miami,0,0,0,higher_spi_home_field_adjusted,higher_spi,higher_spi_home_field_adjusted,51.50725526262006,75.50343254742396,26.506,73.494,32.083,67.917,0.067059,2021_w1,spi_rankings_2021_w1.csv,130,,False,False,ACC vs Sun Belt
2021,regular,2,401309603,2021-09-11 23:00:00+00:00,Louisiana,Nicholls,Sun Belt,Southland,False,27,24,fbs,fcs,Louisiana,Louisiana,Louisiana,Louisiana,1,1,1,fbs_vs_fcs_rule,fbs_vs_fcs_rule,fbs_vs_fcs_rule,60.65036787247087,,100.0,0.0,100.0,0.0,0.067059,2021_w1,spi_rankings_2021_w1.csv,130,,False,False,Southland vs Sun Belt
2021,regular,2,401282182,2021-09-11 23:00:00+00:00,Florida International,Texas State,Conference USA,Sun Belt,False,17,23,fbs,fbs,Florida International,Florida International,Florida International,Texas State,0,0,0,higher_spi_home_field_adjusted,higher_spi,higher_spi_home_field_adjusted,73.87160228898426,54.022378908645,69.922,30.078,75.277,24.723,0.067059,2021_w1,spi_rankings_2021_w1.csv,130,,False,False,Conference USA vs Sun Belt
2021,regular,2,401282184,2021-09-11 23:00:00+00:00,Louisiana Tech,SE Louisiana,Conference USA,Southland,False,45,42,fbs,fcs,Louisiana Tech,Louisiana Tech,Louisiana Tech,Louisiana Tech,1,1,1,fbs_vs_fcs_rule,fbs_vs_fcs_rule,fbs_vs_fcs_rule,43.84580012262416,,100.0,0.0,100.0,0.0,0.067059,2021_w1,spi_rankings_2021_w1.csv,130,,False,False,Conference USA vs Southland
2021,regular,2,401287901,2021-09-11 23:00:00+00:00,Texas Tech,Stephen F. Austin,Big 12,Western Athletic,False,28,22,fbs,fcs,Texas Tech,Texas Tech,Texas Tech,Texas Tech,1,1,1,fbs_vs_fcs_rule,fbs_vs_fcs_rule,fbs_vs_fcs_rule,74.85563792430744,,100.0,0.0,100.0,0.0,0.067059,2021_w1,spi_rankings_2021_w1.csv,130,,False,False,Big 12 vs Western Athletic
2021,regular,2,401282057,2021-09-11 23:00:00+00:00,Arkansas,Texas,SEC,Big 12,False,40,21,fbs,fbs,Arkansas,Texas,Arkansas,Arkansas,1,0,1,higher_spi_home_field_adjusted,higher_spi,higher_spi_home_field_adjusted,72.32372777437155,73.78178009401184,48.451,51.549,55.179,44.821,0.067059,2021_w1,spi_rankings_2021_w1.csv,130,,False,False,Big 12 vs SEC
2021,regular,2,401287895,2021-09-11 23:00:00+00:00,Baylor,Texas Southern,Big 12,SWAC,False,66,7,fbs,fcs,Baylor,Baylor,Baylor,Baylor,1,1,1,fbs_vs_fcs_rule,fbs_vs_fcs_rule,fbs_vs_fcs_rule,72.85898221949724,,100.0,0.0,100.0,0.0,0.067059,2021_w1,spi_rankings_2021_w1.csv,130,,False,False,Big 12 vs SWAC
2021,regular,2,401282187,2021-09-11 23:00:00+00:00,SMU,North Texas,American Athletic,Conference USA,False,35,12,fbs,fbs,SMU,SMU,SMU,SMU,1,1,1,higher_spi_home_field_adjusted,higher_spi,higher_spi_home_field_adjusted,75.47874514612711,72.44303086041283,53.221,46.779,59.842,40.158,0.067059,2021_w1,spi_rankings_2021_w1.csv,130,,False,False,American Athletic vs Conference USA
2021,regular,2,401301003,2021-09-11 23:00:00+00:00,Arkansas State,Memphis,Sun Belt,American Athletic,False,50,55,fbs,fbs,Arkansas State,Memphis,Arkansas State,Memphis,0,1,0,higher_spi_home_field_adjusted,higher_spi,higher_spi_home_field_adjusted,70.47874514612711,71.5501737175557,48.862,51.138,55.585,44.415,0.067059,2021_w1,spi_rankings_2021_w1.csv,130,,False,False,American Athletic vs Sun Belt
2021,regular,2,401287898,2021-09-11 23:00:00+00:00,Oklahoma,Western Carolina,Big 12,Southern,False,76,0,fbs,fcs,Oklahoma,Oklahoma,Oklahoma,Oklahoma,1,1,1,fbs_vs_fcs_rule,fbs_vs_fcs_rule,fbs_vs_fcs_rule,75.0797985991119,,100.0,0.0,100.0,0.0,0.067059,2021_w1,spi_rankings_2021_w1.csv,130,,False,False,Big 12 vs Southern
2021,regular,2,401310700,2021-09-11 23:00:00+00:00,New Mexico,New Mexico State,Mountain West,FBS Independents,False,34,25,fbs,fbs,New Mexico,New Mexico,New Mexico,New Mexico,1,1,1,higher_spi_home_field_adjusted,higher_spi,higher_spi_home_field_adjusted,68.87160228898426,15.271178213774776,90.704,9.296,92.743,7.257,0.067059,2021_w1,spi_rankings_2021_w1.csv,130,,False,False,FBS Independents vs Mountain West
2021,regular,2,401282064,2021-09-11 23:00:00+00:00,Mississippi State,NC State,SEC,ACC,False,24,10,fbs,fbs,NC State,NC State,NC State,Mississippi State,0,0,0,higher_spi_home_field_adjusted,higher_spi,higher_spi_home_field_adjusted,69.12425914571836,86.41719153521727,32.411,67.589,38.578,61.422,0.067059,2021_w1,spi_rankings_2021_w1.csv,130,,False,False,ACC vs SEC
2021,regular,2,401282190,2021-09-11 23:00:00+00:00,Southern Miss,Grambling,Conference USA,SWAC,False,37,0,fbs,fcs,Southern Miss,Southern Miss,Southern Miss,Southern Miss,1,1,1,fbs_vs_fcs_rule,fbs_vs_fcs_rule,fbs_vs_fcs_rule,42.49116084201921,,100.0,0.0,100.0,0.0,0.067059,2021_w1,spi_rankings_2021_w1.csv,130,,False,False,Conference USA vs SWAC
2021,regular,2,401282724,2021-09-11 23:30:00+00:00,Indiana,Idaho,Big Ten,Big Sky,False,56,14,fbs,fcs,Indiana,Indiana,Indiana,Indiana,1,1,1,fbs_vs_fcs_rule,fbs_vs_fcs_rule,fbs_vs_fcs_rule,54.27472920498671,,100.0,0.0,100.0,0.0,0.067059,2021_w1,spi_rankings_2021_w1.csv,130,,False,False,Big Sky vs Big Ten
2021,regular,2,401282061,2021-09-11 23:30:00+00:00,Kentucky,Missouri,SEC,SEC,True,35,28,fbs,fbs,Kentucky,Missouri,Kentucky,Kentucky,1,0,1,higher_spi_home_field_adjusted,higher_spi,higher_spi_home_field_adjusted,74.37737584304107,77.9846208869814,46.175,53.825,52.911,47.089,0.067059,2021_w1,spi_rankings_2021_w1.csv,130,,False,False,SEC vs SEC
2021,regular,2,401286207,2021-09-11 23:30:00+00:00,Maryland,Howard,Big Ten,MEAC,False,62,0,fbs,fcs,Maryland,Maryland,Maryland,Maryland,1,1,1,fbs_vs_fcs_rule,fbs_vs_fcs_rule,fbs_vs_fcs_rule,71.02140813406908,,100.0,0.0,100.0,0.0,0.067059,2021_w1,spi_rankings_2021_w1.csv,130,,False,False,Big Ten vs MEAC
2021,regular,2,401282063,2021-09-11 23:30:00+00:00,Ole Miss,Austin Peay,SEC,OVC,False,54,17,fbs,fcs,Ole Miss,Ole Miss,Ole Miss,Ole Miss,1,1,1,fbs_vs_fcs_rule,fbs_vs_fcs_rule,fbs_vs_fcs_rule,75.50020437359493,,100.0,0.0,100.0,0.0,0.067059,2021_w1,spi_rankings_2021_w1.csv,130,,False,False,OVC vs SEC
2021,regular,2,401282621,2021-09-11 23:30:00+00:00,North Carolina,Georgia State,ACC,Sun Belt,False,59,17,fbs,fbs,North Carolina,North Carolina,North Carolina,North Carolina,1,1,1,higher_spi_home_field_adjusted,higher_spi,higher_spi_home_field_adjusted,60.62844880441447,48.17443286327406,62.932,37.068,68.979,31.021,0.067059,2021_w1,spi_rankings_2021_w1.csv,130,,False,False,ACC vs Sun Belt
2021,regular,2,401282773,2021-09-12 00:00:00+00:00,Michigan,Washington,Big Ten,Pac-12,False,31,10,fbs,fbs,Michigan,Michigan,Michigan,Michigan,1,1,1,higher_spi_home_field_adjusted,higher_spi,higher_spi_home_field_adjusted,76.88432454526874,37.37354383813612,84.28,15.72,87.535,12.465,0.067059,2021_w1,spi_rankings_2021_w1.csv,130,,False,False,Big Ten vs Pac-12
2021,regular,2,401282062,2021-09-12 00:00:00+00:00,LSU,McNeese,SEC,Southland,False,34,7,fbs,fcs,LSU,LSU,LSU,LSU,1,1,1,fbs_vs_fcs_rule,fbs_vs_fcs_rule,fbs_vs_fcs_rule,38.21649976156414,,100.0,0.0,100.0,0.0,0.067059,2021_w1,spi_rankings_2021_w1.csv,130,,False,False,SEC vs Southland
2021,regular,2,401282617,2021-09-12 00:00:00+00:00,Florida State,Jacksonville State,ACC,AWC,False,17,20,fbs,fcs,Florida State,Florida State,Florida State,Jacksonville State,0,0,0,fbs_vs_fcs_rule,fbs_vs_fcs_rule,fbs_vs_fcs_rule,48.32413652156141,,100.0,0.0,100.0,0.0,0.067059,2021_w1,spi_rankings_2021_w1.csv,130,,False,False,ACC vs AWC
2021,regular,2,401310702,2021-09-12 02:00:00+00:00,Fresno State,Cal Poly,Mountain West,Big Sky,False,63,10,fbs,fcs,Fresno State,Fresno State,Fresno State,Fresno State,1,1,1,fbs_vs_fcs_rule,fbs_vs_fcs_rule,fbs_vs_fcs_rule,48.564105184276855,,100.0,0.0,100.0,0.0,0.067059,2021_w1,spi_rankings_2021_w1.csv,130,,False,False,Big Sky vs Mountain West
2021,regular,2,401309846,2021-09-12 02:00:00+00:00,Arizona,San Diego State,Pac-12,Mountain West,False,14,38,fbs,fbs,San Diego State,San Diego State,San Diego State,San Diego State,1,1,1,higher_spi_home_field_adjusted,higher_spi,higher_spi_home_field_adjusted,50.03499897813203,78.11133251583895,23.268,76.732,28.427,71.573,0.067059,2021_w1,spi_rankings_2021_w1.csv,130,,False,False,Mountain West vs Pac-12
2021,regular,2,401282068,2021-09-12 02:00:00+00:00,Colorado State,Vanderbilt,Mountain West,SEC,False,21,24,fbs,fbs,Colorado State,Colorado State,Colorado State,Vanderbilt,0,0,0,higher_spi_home_field_adjusted,higher_spi,higher_spi_home_field_adjusted,35.05211526670754,34.873543838136115,50.19,49.81,56.892,43.108,0.067059,2021_w1,spi_rankings_2021_w1.csv,130,,False,False,Mountain West vs SEC
2021,regular,2,401309848,2021-09-12 02:15:00+00:00,BYU,Utah,FBS Independents,Pac-12,False,26,17,fbs,fbs,BYU,Utah,BYU,BYU,1,0,1,higher_spi_home_field_adjusted,higher_spi,higher_spi_home_field_adjusted,69.16538933169835,71.19303086041283,47.847,52.153,54.579,45.421,0.067059,2021_w1,spi_rankings_2021_w1.csv,130,,False,False,FBS Independents vs Pac-12
2021,regular,2,401310703,2021-09-12 02:30:00+00:00,Nevada,Idaho State,Mountain West,Big Sky,False,49,10,fbs,fcs,Nevada,Nevada,Nevada,Nevada,1,1,1,fbs_vs_fcs_rule,fbs_vs_fcs_rule,fbs_vs_fcs_rule,69.06362831255535,,100.0,0.0,100.0,0.0,0.067059,2021_w1,spi_rankings_2021_w1.csv,130,,False,False,Big Sky vs Mountain West
2021,regular,2,401309847,2021-09-12 02:30:00+00:00,Arizona State,UNLV,Pac-12,Mountain West,False,37,10,fbs,fbs,Arizona State,Arizona State,Arizona State,Arizona State,1,1,1,higher_spi_home_field_adjusted,higher_spi,higher_spi_home_field_adjusted,71.90731657469854,38.08782955242182,80.804,19.196,84.647,15.353,0.067059,2021_w1,spi_rankings_2021_w1.csv,130,,False,False,Mountain West vs Pac-12
2021,regular,2,401309843,2021-09-12 02:30:00+00:00,USC,Stanford,Pac-12,Pac-12,True,28,42,fbs,fbs,USC,USC,USC,Stanford,0,0,0,higher_spi_home_field_adjusted,higher_spi,higher_spi_home_field_adjusted,75.74954015941141,55.4578990394441,70.316,29.684,75.626,24.374,0.067059,2021_w1,spi_rankings_2021_w1.csv,130,,False,False,Pac-12 vs Pac-12
2021,regular,2,401309844,2021-09-12 03:00:00+00:00,Oregon State,Hawai'i,Pac-12,Mountain West,False,45,27,fbs,fbs,Oregon State,Oregon State,Oregon State,Oregon State,1,1,1,higher_spi_home_field_adjusted,higher_spi,higher_spi_home_field_adjusted,47.25270795013285,38.39507119013557,59.302,40.698,65.618,34.382,0.067059,2021_w1,spi_rankings_2021_w1.csv,130,,False,False,Mountain West vs Pac-12
2021,regular,3,401309606,2021-09-17 00:00:00+00:00,Louisiana,Ohio,Sun Belt,Mid-American,False,49,14,fbs,fbs,Louisiana,Louisiana,Louisiana,Louisiana,1,1,1,higher_spi_home_field_adjusted,higher_spi,higher_spi_home_field_adjusted,43.51703229609668,23.659943576571653,69.929,30.071,75.283,24.717,0.067059,2021_w2,spi_rankings_2021_w2.csv,130,,False,False,Mid-American vs Sun Belt
2021,regular,3,401282626,2021-09-17 23:30:00+00:00,Louisville,UCF,ACC,American Athletic,False,42,35,fbs,fbs,UCF,UCF,UCF,Louisville,0,0,0,higher_spi_home_field_adjusted,higher_spi,higher_spi_home_field_adjusted,54.43239715356436,73.9475346330372,30.377,69.623,36.366,63.634,0.067059,2021_w2,spi_rankings_2021_w2.csv,130,,False,False,ACC vs American Athletic
2021,regular,3,401282715,2021-09-18 01:00:00+00:00,Illinois,Maryland,Big Ten,Big Ten,True,17,20,fbs,fbs,Maryland,Maryland,Maryland,Maryland,1,1,1,higher_spi_home_field_adjusted,higher_spi,higher_spi_home_field_adjusted,39.40860667817593,86.70958777211672,11.813,88.187,14.926,85.074,0.067059,2021_w2,spi_rankings_2021_w2.csv,130,,False,False,Big Ten vs Big Ten
2021,regular,3,401309552,2021-09-18 16:00:00+00:00,Buffalo,Coastal Carolina,Mid-American,Sun Belt,False,25,28,fbs,fbs,Coastal Carolina,Coastal Carolina,Coastal Carolina,Coastal Carolina,1,1,1,higher_spi_home_field_adjusted,higher_spi,higher_spi_home_field_adjusted,54.07280306539223,73.4158069813466,30.532,69.468,36.535,63.465,0.067059,2021_w2,spi_rankings_2021_w2.csv,130,,False,False,Mid-American vs Sun Belt
2021,regular,3,401282632,2021-09-18 16:00:00+00:00,Pittsburgh,Western Michigan,ACC,Mid-American,False,41,44,fbs,fbs,Pittsburgh,Pittsburgh,Pittsburgh,Western Michigan,0,0,0,higher_spi_home_field_adjusted,higher_spi,higher_spi_home_field_adjusted,77.59863573203083,47.39294286075204,78.309,21.691,82.543,17.457,0.067059,2021_w2,spi_rankings_2021_w2.csv,130,,False,False,ACC vs Mid-American
2021,regular,3,401282078,2021-09-18 16:00:00+00:00,Tennessee,Tennessee Tech,SEC,OVC,False,56,0,fbs,fcs,Tennessee,Tennessee,Tennessee,Tennessee,1,1,1,fbs_vs_fcs_rule,fbs_vs_fcs_rule,fbs_vs_fcs_rule,56.61027832750853,,100.0,0.0,100.0,0.0,0.067059,2021_w2,spi_rankings_2021_w2.csv,130,,False,False,OVC vs SEC
2021,regular,3,401282636,2021-09-18 16:00:00+00:00,West Virginia,Virginia Tech,Big 12,ACC,False,27,21,fbs,fbs,West Virginia,Virginia Tech,West Virginia,West Virginia,1,0,1,higher_spi_home_field_adjusted,higher_spi,higher_spi_home_field_adjusted,63.10202534843573,66.67964966945978,46.206,53.794,52.942,47.058,0.067059,2021_w2,spi_rankings_2021_w2.csv,130,,False,False,ACC vs Big 12
2021,regular,3,401282725,2021-09-18 16:00:00+00:00,Indiana,Cincinnati,Big Ten,American Athletic,False,24,38,fbs,fbs,Cincinnati,Cincinnati,Cincinnati,Cincinnati,1,1,1,higher_spi_home_field_adjusted,higher_spi,higher_spi_home_field_adjusted,59.21680912880542,73.35950987409996,35.41,64.59,41.795,58.205,0.067059,2021_w2,spi_rankings_2021_w2.csv,130,,False,False,American Athletic vs Big Ten
2021,regular,3,401282633,2021-09-18 16:00:00+00:00,Syracuse,UAlbany,ACC,CAA,False,62,24,fbs,fcs,Syracuse,Syracuse,Syracuse,Syracuse,1,1,1,fbs_vs_fcs_rule,fbs_vs_fcs_rule,fbs_vs_fcs_rule,53.03507516105942,,100.0,0.0,100.0,0.0,0.067059,2021_w2,spi_rankings_2021_w2.csv,130,,False,False,ACC vs CAA
2021,regular,3,401282634,2021-09-18 16:00:00+00:00,Temple,Boston College,American Athletic,ACC,False,3,28,fbs,fbs,Boston College,Boston College,Boston College,Boston College,1,1,1,higher_spi_home_field_adjusted,higher_spi,higher_spi_home_field_adjusted,45.05694976630596,75.46549328392774,21.545,78.455,26.454,73.546,0.067059,2021_w2,spi_rankings_2021_w2.csv,130,,False,False,ACC vs American Athletic
2021,regular,3,401282629,2021-09-18 16:00:00+00:00,Miami,Michigan State,ACC,Big Ten,False,17,38,fbs,fbs,Michigan State,Michigan State,Michigan State,Michigan State,1,1,1,higher_spi_home_field_adjusted,higher_spi,higher_spi_home_field_adjusted,53.530885510968886,70.21579855993937,32.98,67.02,39.192,60.808,0.067059,2021_w2,spi_rankings_2021_w2.csv,130,,False,False,ACC vs Big Ten
2021,regular,3,401286189,2021-09-18 16:00:00+00:00,Army,UConn,FBS Independents,FBS Independents,False,52,21,fbs,fbs,Army,Army,Army,Army,1,1,1,higher_spi_home_field_adjusted,higher_spi,higher_spi_home_field_adjusted,68.41319634510927,7.9503698401336225,92.888,7.112,94.478,5.522,0.067059,2021_w2,spi_rankings_2021_w2.csv,130,,False,False,FBS Independents vs FBS Independents
2021,regular,3,401282077,2021-09-18 16:00:00+00:00,Missouri,Southeast Missouri State,SEC,OVC,False,59,28,fbs,fcs,Missouri,Missouri,Missouri,Missouri,1,1,1,fbs_vs_fcs_rule,fbs_vs_fcs_rule,fbs_vs_fcs_rule,60.81940292222831,,100.0,0.0,100.0,0.0,0.067059,2021_w2,spi_rankings_2021_w2.csv,130,,False,False,OVC vs SEC
2021,regular,3,401282798,2021-09-18 16:00:00+00:00,Oklahoma,Nebraska,Big 12,Big Ten,False,23,16,fbs,fbs,Oklahoma,Oklahoma,Oklahoma,Oklahoma,1,1,1,higher_spi_home_field_adjusted,higher_spi,higher_spi_home_field_adjusted,81.80702345361911,65.74999649108034,66.428,33.572,72.157,27.843,0.067059,2021_w2,spi_rankings_2021_w2.csv,130,,False,False,Big 12 vs Big Ten
2021,regular,3,401282774,2021-09-18 16:00:00+00:00,Michigan,Northern Illinois,Big Ten,Mid-American,False,63,10,fbs,fbs,Michigan,Michigan,Michigan,Michigan,1,1,1,higher_spi_home_field_adjusted,higher_spi,higher_spi_home_field_adjusted,73.67194408185608,49.4892416522801,73.648,26.352,78.544,21.456,0.067059,2021_w2,spi_rankings_2021_w2.csv,130,,False,False,Big Ten vs Mid-American
2021,regular,3,401282079,2021-09-18 16:00:00+00:00,Texas A&M,New Mexico,SEC,Mountain West,False,34,0,fbs,fbs,Texas A&M,Texas A&M,Texas A&M,Texas A&M,1,1,1,higher_spi_home_field_adjusted,higher_spi,higher_spi_home_field_adjusted,71.99555770769295,67.94791359636196,54.29,45.71,60.871,39.129,0.067059,2021_w2,spi_rankings_2021_w2.csv,130,,False,False,Mountain West vs SEC
2021,regular,3,401282073,2021-09-18 16:00:00+00:00,Kentucky,Chattanooga,SEC,Southern,False,28,23,fbs,fcs,Kentucky,Kentucky,Kentucky,Kentucky,1,1,1,fbs_vs_fcs_rule,fbs_vs_fcs_rule,fbs_vs_fcs_rule,70.00863194239757,,100.0,0.0,100.0,0.0,0.067059,2021_w2,spi_rankings_2021_w2.csv,130,,False,False,SEC vs Southern
2021,regular,3,401282791,2021-09-18 17:00:00+00:00,Colorado,Minnesota,Pac-12,Big Ten,False,0,30,fbs,fbs,Colorado,Minnesota,Colorado,Minnesota,0,1,0,higher_spi_home_field_adjusted,higher_spi,higher_spi_home_field_adjusted,52.29925470546129,53.37656322371469,48.856,51.144,55.579,44.421,0.067059,2021_w2,spi_rankings_2021_w2.csv,130,,False,False,Big Ten vs Pac-12
2021,regular,3,401287905,2021-09-18 18:00:00+00:00,Kansas State,Nevada,Big 12,Mountain West,False,38,17,fbs,fbs,Kansas State,Nevada,Kansas State,Kansas State,1,0,1,higher_spi_home_field_adjusted,higher_spi,higher_spi_home_field_adjusted,67.41736494168175,68.76879026485325,48.565,51.435,55.291,44.709,0.067059,2021_w2,spi_rankings_2021_w2.csv,130,,False,False,Big 12 vs Mountain West
2021,regular,3,401282706,2021-09-18 18:30:00+00:00,Notre Dame,Purdue,FBS Independents,Big Ten,False,27,13,fbs,fbs,Notre Dame,Purdue,Notre Dame,Notre Dame,1,0,1,higher_spi_home_field_adjusted,higher_spi,higher_spi_home_field_adjusted,67.93601835866774,73.31824497873593,44.306,55.694,51.028,48.972,0.067059,2021_w2,spi_rankings_2021_w2.csv,130,,False,False,Big Ten vs FBS Independents
2021,regular,3,401309852,2021-09-18 19:30:00+00:00,Washington State,USC,Pac-12,Pac-12,True,14,45,fbs,fbs,Washington State,USC,Washington State,USC,0,1,0,higher_spi_home_field_adjusted,higher_spi,higher_spi_home_field_adjusted,48.282243462882654,48.438460566760725,49.834,50.166,56.543,43.457,0.067059,2021_w2,spi_rankings_2021_w2.csv,130,,False,False,Pac-12 vs Pac-12
2021,regular,3,401309604,2021-09-18 19:30:00+00:00,App State,Elon,Sun Belt,CAA,False,44,10,fbs,fcs,App State,App State,App State,App State,1,1,1,fbs_vs_fcs_rule,fbs_vs_fcs_rule,fbs_vs_fcs_rule,48.985641500694776,,100.0,0.0,100.0,0.0,0.067059,2021_w2,spi_rankings_2021_w2.csv,130,,False,False,CAA vs Sun Belt
2021,regular,3,401308843,2021-09-18 19:30:00+00:00,Miami (OH),Long Island University,Mid-American,NEC,False,42,7,fbs,fcs,Miami (OH),Miami (OH),Miami (OH),Miami (OH),1,1,1,fbs_vs_fcs_rule,fbs_vs_fcs_rule,fbs_vs_fcs_rule,26.668912375257907,,100.0,0.0,100.0,0.0,0.067059,2021_w2,spi_rankings_2021_w2.csv,130,,False,False,Mid-American vs NEC
2021,regular,3,401282627,2021-09-18 19:30:00+00:00,Clemson,Georgia Tech,ACC,ACC,True,14,8,fbs,fbs,Clemson,Clemson,Clemson,Clemson,1,1,1,higher_spi_home_field_adjusted,higher_spi,higher_spi_home_field_adjusted,59.17154406501327,49.18933428775949,60.45,39.55,66.688,33.312,0.067059,2021_w2,spi_rankings_2021_w2.csv,130,,False,False,ACC vs ACC
2021,regular,3,401282635,2021-09-18 19:30:00+00:00,Wake Forest,Florida State,ACC,ACC,True,35,14,fbs,fbs,Wake Forest,Wake Forest,Wake Forest,Wake Forest,1,1,1,higher_spi_home_field_adjusted,higher_spi,higher_spi_home_field_adjusted,70.80824455766559,28.54435976251633,85.769,14.231,88.756,11.244,0.067059,2021_w2,spi_rankings_2021_w2.csv,130,,False,False,ACC vs ACC
2021,regular,3,401282755,2021-09-18 19:30:00+00:00,Iowa,Kent State,Big Ten,Mid-American,False,30,7,fbs,fbs,Iowa,Iowa,Iowa,Iowa,1,1,1,higher_spi_home_field_adjusted,higher_spi,higher_spi_home_field_adjusted,73.72453576992717,51.17626005305487,72.278,27.722,77.35,22.65,0.067059,2021_w2,spi_rankings_2021_w2.csv,130,,False,False,Big Ten vs Mid-American
2021,regular,3,401282199,2021-09-18 19:30:00+00:00,Louisiana Tech,SMU,Conference USA,American Athletic,False,37,39,fbs,fbs,SMU,SMU,SMU,SMU,1,1,1,higher_spi_home_field_adjusted,higher_spi,higher_spi_home_field_adjusted,44.80546549328393,73.12328940165902,23.085,76.915,28.219,71.781,0.067059,2021_w2,spi_rankings_2021_w2.csv,130,,False,False,American Athletic vs Conference USA
2021,regular,3,401282071,2021-09-18 19:30:00+00:00,Florida,Alabama,SEC,SEC,True,29,31,fbs,fbs,Florida,Alabama,Florida,Alabama,0,1,0,higher_spi_home_field_adjusted,higher_spi,higher_spi_home_field_adjusted,69.20796665122742,73.48667312307887,45.466,54.534,52.199,47.801,0.067059,2021_w2,spi_rankings_2021_w2.csv,130,,False,False,SEC vs SEC
2021,regular,3,401286300,2021-09-18 19:30:00+00:00,Massachusetts,Eastern Michigan,FBS Independents,Mid-American,False,28,42,fbs,fbs,Eastern Michigan,Eastern Michigan,Eastern Michigan,Eastern Michigan,1,1,1,higher_spi_home_field_adjusted,higher_spi,higher_spi_home_field_adjusted,32.42347046191419,44.65640658554045,37.288,62.712,43.781,56.219,0.067059,2021_w2,spi_rankings_2021_w2.csv,130,,False,False,FBS Independents vs Mid-American
2021,regular,3,401282823,2021-09-18 19:30:00+00:00,Rutgers,Delaware,Big Ten,CAA,False,45,13,fbs,fcs,Rutgers,Rutgers,Rutgers,Rutgers,1,1,1,fbs_vs_fcs_rule,fbs_vs_fcs_rule,fbs_vs_fcs_rule,77.52979072803066,,100.0,0.0,100.0,0.0,0.067059,2021_w2,spi_rankings_2021_w2.csv,130,,False,False,Big Ten vs CAA
2021,regular,3,401287904,2021-09-18 19:30:00+00:00,Kansas,Baylor,Big 12,Big 12,True,7,45,fbs,fbs,Baylor,Baylor,Baylor,Baylor,1,1,1,higher_spi_home_field_adjusted,higher_spi,higher_spi_home_field_adjusted,45.01789549033644,76.29226493747106,20.93,79.07,25.744,74.256,0.067059,2021_w2,spi_rankings_2021_w2.csv,130,,False,False,Big 12 vs Big 12
2021,regular,3,401309550,2021-09-18 19:30:00+00:00,Akron,Bryant,Mid-American,NEC,False,35,14,fbs,fcs,Akron,Akron,Akron,Akron,1,1,1,fbs_vs_fcs_rule,fbs_vs_fcs_rule,fbs_vs_fcs_rule,26.28910690976463,,100.0,0.0,100.0,0.0,0.067059,2021_w2,spi_rankings_2021_w2.csv,130,,False,False,Mid-American vs NEC
2021,regular,3,401282810,2021-09-18 19:30:00+00:00,Ohio State,Tulsa,Big Ten,American Athletic,False,41,20,fbs,fbs,Ohio State,Ohio State,Ohio State,Ohio State,1,1,1,higher_spi_home_field_adjusted,higher_spi,higher_spi_home_field_adjusted,45.66255421280896,29.018611309949893,66.982,33.018,72.656,27.344,0.067059,2021_w2,spi_rankings_2021_w2.csv,130,,False,False,American Athletic vs Big Ten
2021,regular,3,401309851,2021-09-18 19:30:00+00:00,Oregon State,Idaho,Pac-12,Big Sky,False,42,0,fbs,fcs,Oregon State,Oregon State,Oregon State,Oregon State,1,1,1,fbs_vs_fcs_rule,fbs_vs_fcs_rule,fbs_vs_fcs_rule,53.47783064550087,,100.0,0.0,100.0,0.0,0.067059,2021_w2,spi_rankings_2021_w2.csv,130,,False,False,Big Sky vs Pac-12
2021,regular,3,401282069,2021-09-18 20:00:00+00:00,Arkansas,Georgia Southern,SEC,Sun Belt,False,45,10,fbs,fbs,Arkansas,Arkansas,Arkansas,Arkansas,1,1,1,higher_spi_home_field_adjusted,higher_spi,higher_spi_home_field_adjusted,72.49256810813087,37.01545328224346,81.873,18.127,85.541,14.459,0.067059,2021_w2,spi_rankings_2021_w2.csv,130,,False,False,SEC vs Sun Belt
2021,regular,3,401309549,2021-09-18 20:00:00+00:00,Wyoming,Ball State,Mountain West,Mid-American,False,45,12,fbs,fbs,Wyoming,Wyoming,Wyoming,Wyoming,1,1,1,higher_spi_home_field_adjusted,higher_spi,higher_spi_home_field_adjusted,64.19649248389406,51.48490462756327,63.187,36.813,69.213,30.787,0.067059,2021_w2,spi_rankings_2021_w2.csv,130,,False,False,Mid-American vs Mountain West
2021,regular,3,401282628,2021-09-18 20:00:00+00:00,Duke,Northwestern,ACC,Big Ten,False,30,23,fbs,fbs,Northwestern,Northwestern,Northwestern,Duke,0,0,0,higher_spi_home_field_adjusted,higher_spi,higher_spi_home_field_adjusted,47.1024043117605,57.96475641079625,38.659,61.341,45.22,54.78,0.067059,2021_w2,spi_rankings_2021_w2.csv,130,,False,False,ACC vs Big Ten
2021,regular,3,401282076,2021-09-18 20:00:00+00:00,Memphis,Mississippi State,American Athletic,SEC,False,31,29,fbs,fbs,Memphis,Memphis,Memphis,Memphis,1,1,1,higher_spi_home_field_adjusted,higher_spi,higher_spi_home_field_adjusted,70.83350877931703,70.27011663648996,50.599,49.401,57.293,42.707,0.067059,2021_w2,spi_rankings_2021_w2.csv,130,,False,False,American Athletic vs SEC
2021,regular,3,401309849,2021-09-18 20:00:00+00:00,California,Sacramento State,Pac-12,Big Sky,False,42,30,fbs,fcs,California,California,California,California,1,1,1,fbs_vs_fcs_rule,fbs_vs_fcs_rule,fbs_vs_fcs_rule,40.53829634931997,,100.0,0.0,100.0,0.0,0.067059,2021_w2,spi_rankings_2021_w2.csv,130,,False,False,Big Sky vs Pac-12
2021,regular,3,401309553,2021-09-18 20:00:00+00:00,Toledo,Colorado State,Mid-American,Mountain West,False,6,22,fbs,fbs,Toledo,Toledo,Toledo,Colorado State,0,0,0,higher_spi_home_field_adjusted,higher_spi,higher_spi_home_field_adjusted,54.594298707314,21.06151837972126,80.614,19.386,84.488,15.512,0.067059,2021_w2,spi_rankings_2021_w2.csv,130,,False,False,Mid-American vs Mountain West
2021,regular,3,401309605,2021-09-18 20:15:00+00:00,Washington,Arkansas State,Pac-12,Sun Belt,False,52,3,fbs,fbs,Arkansas State,Arkansas State,Arkansas State,Washington,0,0,0,higher_spi_home_field_adjusted,higher_spi,higher_spi_home_field_adjusted,25.086319423975752,50.17600741083835,25.611,74.389,31.079,68.921,0.067059,2021_w2,spi_rankings_2021_w2.csv,130,,False,False,Pac-12 vs Sun Belt
2021,regular,3,401309551,2021-09-18 21:00:00+00:00,Bowling Green,Murray State,Mid-American,OVC,False,27,10,fbs,fcs,Bowling Green,Bowling Green,Bowling Green,Bowling Green,1,1,1,fbs_vs_fcs_rule,fbs_vs_fcs_rule,fbs_vs_fcs_rule,28.431512905806567,,100.0,0.0,100.0,0.0,0.067059,2021_w2,spi_rankings_2021_w2.csv,130,,False,False,Mid-American vs OVC
2021,regular,3,401282200,2021-09-18 22:00:00+00:00,Marshall,East Carolina,Conference USA,American Athletic,False,38,42,fbs,fbs,Marshall,Marshall,Marshall,East Carolina,0,0,0,higher_spi_home_field_adjusted,higher_spi,higher_spi_home_field_adjusted,75.45959829887575,34.39892205987621,85.133,14.867,88.236,11.764,0.067059,2021_w2,spi_rankings_2021_w2.csv,130,,False,False,American Athletic vs Conference USA
2021,regular,3,401282201,2021-09-18 22:00:00+00:00,Liberty,Old Dominion,FBS Independents,Conference USA,False,45,17,fbs,fbs,Liberty,Liberty,Liberty,Liberty,1,1,1,higher_spi_home_field_adjusted,higher_spi,higher_spi_home_field_adjusted,76.04320181902396,53.13318455513917,72.585,27.415,77.618,22.382,0.067059,2021_w2,spi_rankings_2021_w2.csv,130,,False,False,Conference USA vs FBS Independents
2021,regular,3,401282198,2021-09-18 22:00:00+00:00,Florida Atlantic,Fordham,Conference USA,Patriot,False,45,14,fbs,fcs,Florida Atlantic,Florida Atlantic,Florida Atlantic,Florida Atlantic,1,1,1,fbs_vs_fcs_rule,fbs_vs_fcs_rule,fbs_vs_fcs_rule,54.28523306244474,,100.0,0.0,100.0,0.0,0.067059,2021_w2,spi_rankings_2021_w2.csv,130,,False,False,Conference USA vs Patriot
2021,regular,3,401282194,2021-09-18 22:00:00+00:00,UTSA,Middle Tennessee,Conference USA,Conference USA,True,27,13,fbs,fbs,UTSA,UTSA,UTSA,UTSA,1,1,1,higher_spi_home_field_adjusted,higher_spi,higher_spi_home_field_adjusted,82.65926986399428,57.09082487683692,74.775,25.225,79.519,20.481,0.067059,2021_w2,spi_rankings_2021_w2.csv,130,,False,False,Conference USA vs Conference USA
2021,regular,3,401282072,2021-09-18 23:00:00+00:00,Georgia,South Carolina,SEC,SEC,True,40,13,fbs,fbs,Georgia,Georgia,Georgia,Georgia,1,1,1,higher_spi_home_field_adjusted,higher_spi,higher_spi_home_field_adjusted,78.65257484525665,72.20998778895952,56.803,43.197,63.267,36.733,0.067059,2021_w2,spi_rankings_2021_w2.csv,130,,False,False,SEC vs SEC
2021,regular,3,401282203,2021-09-18 23:00:00+00:00,Southern Miss,Troy,Conference USA,Sun Belt,False,9,21,fbs,fbs,Troy,Troy,Troy,Troy,1,1,1,higher_spi_home_field_adjusted,higher_spi,higher_spi_home_field_adjusted,50.28948587308941,61.05225483178239,38.76,61.24,45.325,54.675,0.067059,2021_w2,spi_rankings_2021_w2.csv,130,,False,False,Conference USA vs Sun Belt
2021,regular,3,401309856,2021-09-18 23:00:00+00:00,San Diego State,Utah,Mountain West,Pac-12,False,33,31,fbs,fbs,San Diego State,San Diego State,San Diego State,San Diego State,1,1,1,higher_spi_home_field_adjusted,higher_spi,higher_spi_home_field_adjusted,72.80390753294877,52.13019495557708,70.654,29.346,75.924,24.076,0.067059,2021_w2,spi_rankings_2021_w2.csv,130,,False,False,Mountain West vs Pac-12
2021,regular,3,401301005,2021-09-18 23:00:00+00:00,Houston,Grambling,American Athletic,SWAC,False,45,0,fbs,fcs,Houston,Houston,Houston,Houston,1,1,1,fbs_vs_fcs_rule,fbs_vs_fcs_rule,fbs_vs_fcs_rule,54.19807149774728,,100.0,0.0,100.0,0.0,0.067059,2021_w2,spi_rankings_2021_w2.csv,130,,False,False,American Athletic vs SWAC
2021,regular,3,401309609,2021-09-18 23:00:00+00:00,Texas State,Incarnate Word,Sun Belt,Southland,False,34,42,fbs,fcs,Texas State,Texas State,Texas State,Incarnate Word,0,0,0,fbs_vs_fcs_rule,fbs_vs_fcs_rule,fbs_vs_fcs_rule,58.34995157690851,,100.0,0.0,100.0,0.0,0.067059,2021_w2,spi_rankings_2021_w2.csv,130,,False,False,Southland vs Sun Belt
2021,regular,3,401301006,2021-09-18 23:00:00+00:00,South Florida,Florida A&M,American Athletic,SWAC,False,38,17,fbs,fcs,South Florida,South Florida,South Florida,South Florida,1,1,1,fbs_vs_fcs_rule,fbs_vs_fcs_rule,fbs_vs_fcs_rule,26.57606636068887,,100.0,0.0,100.0,0.0,0.067059,2021_w2,spi_rankings_2021_w2.csv,130,,False,False,American Athletic vs SWAC
2021,regular,3,401282197,2021-09-18 23:00:00+00:00,Texas Tech,Florida International,Big 12,Conference USA,False,54,21,fbs,fbs,Texas Tech,Texas Tech,Texas Tech,Texas Tech,1,1,1,higher_spi_home_field_adjusted,higher_spi,higher_spi_home_field_adjusted,69.1475430544444,51.36532064507979,68.043,31.957,73.606,26.394,0.067059,2021_w2,spi_rankings_2021_w2.csv,130,,False,False,Big 12 vs Conference USA
2021,regular,3,401282196,2021-09-18 23:00:00+00:00,Georgia State,Charlotte,Sun Belt,Conference USA,False,20,9,fbs,fbs,Charlotte,Charlotte,Charlotte,Georgia State,0,0,0,higher_spi_home_field_adjusted,higher_spi,higher_spi_home_field_adjusted,19.88188976377953,70.90256431849762,10.263,89.737,13.028,86.972,0.067059,2021_w2,spi_rankings_2021_w2.csv,130,,False,False,Conference USA vs Sun Belt
2021,regular,3,401309850,2021-09-18 23:30:00+00:00,Oregon,Stony Brook,Pac-12,CAA,False,48,7,fbs,fcs,Oregon,Oregon,Oregon,Oregon,1,1,1,fbs_vs_fcs_rule,fbs_vs_fcs_rule,fbs_vs_fcs_rule,81.6577540106952,,100.0,0.0,100.0,0.0,0.067059,2021_w2,spi_rankings_2021_w2.csv,130,,False,False,CAA vs Pac-12
2021,regular,3,401282630,2021-09-18 23:30:00+00:00,NC State,Furman,ACC,Southern,False,45,7,fbs,fcs,NC State,NC State,NC State,NC State,1,1,1,fbs_vs_fcs_rule,fbs_vs_fcs_rule,fbs_vs_fcs_rule,51.13520569287129,,100.0,0.0,100.0,0.0,0.067059,2021_w2,spi_rankings_2021_w2.csv,130,,False,False,ACC vs Southern
2021,regular,3,401282074,2021-09-18 23:30:00+00:00,LSU,Central Michigan,SEC,Mid-American,False,49,21,fbs,fbs,LSU,Central Michigan,LSU,LSU,1,0,1,higher_spi_home_field_adjusted,higher_spi,higher_spi_home_field_adjusted,46.99271548275717,48.855951829550726,48.021,51.979,54.752,45.248,0.067059,2021_w2,spi_rankings_2021_w2.csv,130,,False,False,Mid-American vs SEC
2021,regular,3,401310704,2021-09-18 23:30:00+00:00,Air Force,Utah State,Mountain West,Mountain West,True,45,49,fbs,fbs,Air Force,Air Force,Air Force,Utah State,0,0,0,higher_spi_home_field_adjusted,higher_spi,higher_spi_home_field_adjusted,68.90879615983833,66.68933428775948,52.356,47.644,59.005,40.995,0.067059,2021_w2,spi_rankings_2021_w2.csv,130,,False,False,Mountain West vs Mountain West
2021,regular,3,401282070,2021-09-18 23:30:00+00:00,Penn State,Auburn,Big Ten,SEC,False,28,20,fbs,fbs,Auburn,Auburn,Auburn,Penn State,0,0,0,higher_spi_home_field_adjusted,higher_spi,higher_spi_home_field_adjusted,73.14760621499853,80.80708661417324,41.933,58.067,48.609,51.391,0.067059,2021_w2,spi_rankings_2021_w2.csv,130,,False,False,Big Ten vs SEC
2021,regular,3,401282195,2021-09-18 23:30:00+00:00,North Texas,UAB,Conference USA,Conference USA,True,6,40,fbs,fbs,North Texas,North Texas,North Texas,UAB,0,0,0,higher_spi_home_field_adjusted,higher_spi,higher_spi_home_field_adjusted,51.57164512189987,48.50309486715231,53.256,46.744,59.875,40.125,0.067059,2021_w2,spi_rankings_2021_w2.csv,130,,False,False,Conference USA vs Conference USA
2021,regular,3,401282631,2021-09-18 23:30:00+00:00,North Carolina,Virginia,ACC,ACC,True,59,39,fbs,fbs,Virginia,Virginia,Virginia,North Carolina,0,0,0,higher_spi_home_field_adjusted,higher_spi,higher_spi_home_field_adjusted,61.8480778138027,84.53092761800498,27.607,72.393,33.311,66.689,0.067059,2021_w2,spi_rankings_2021_w2.csv,130,,False,False,ACC vs ACC
2021,regular,3,401282080,2021-09-19 00:00:00+00:00,Vanderbilt,Stanford,SEC,Pac-12,False,23,41,fbs,fbs,Stanford,Stanford,Stanford,Stanford,1,1,1,higher_spi_home_field_adjusted,higher_spi,higher_spi_home_field_adjusted,39.713882689797465,51.86963661627859,37.364,62.636,43.862,56.138,0.067059,2021_w2,spi_rankings_2021_w2.csv,130,,False,False,Pac-12 vs SEC
2021,regular,3,401309608,2021-09-19 00:00:00+00:00,South Alabama,Alcorn State,Sun Belt,SWAC,False,28,21,fbs,fcs,South Alabama,South Alabama,South Alabama,South Alabama,1,1,1,fbs_vs_fcs_rule,fbs_vs_fcs_rule,fbs_vs_fcs_rule,66.6696492483894,,100.0,0.0,100.0,0.0,0.067059,2021_w2,spi_rankings_2021_w2.csv,130,,False,False,SWAC vs Sun Belt
2021,regular,3,401309607,2021-09-19 00:00:00+00:00,UL Monroe,Jackson State,Sun Belt,SWAC,False,12,7,fbs,fcs,UL Monroe,UL Monroe,UL Monroe,UL Monroe,1,1,1,fbs_vs_fcs_rule,fbs_vs_fcs_rule,fbs_vs_fcs_rule,43.0224430502337,,100.0,0.0,100.0,0.0,0.067059,2021_w2,spi_rankings_2021_w2.csv,130,,False,False,SWAC vs Sun Belt
2021,regular,3,401319455,2021-09-19 00:00:00+00:00,New Mexico State,South Carolina State,FBS Independents,MEAC,False,43,35,fbs,fcs,New Mexico State,New Mexico State,New Mexico State,New Mexico State,1,1,1,fbs_vs_fcs_rule,fbs_vs_fcs_rule,fbs_vs_fcs_rule,7.29946524064171,,100.0,0.0,100.0,0.0,0.067059,2021_w2,spi_rankings_2021_w2.csv,130,,False,False,FBS Independents vs MEAC
2021,regular,3,401282202,2021-09-19 00:00:00+00:00,Texas,Rice,Big 12,Conference USA,False,58,0,fbs,fbs,Texas,Texas,Texas,Texas,1,1,1,higher_spi_home_field_adjusted,higher_spi,higher_spi_home_field_adjusted,52.17735483599309,25.050107372942023,76.004,23.996,80.577,19.423,0.067059,2021_w2,spi_rankings_2021_w2.csv,130,,False,False,Big 12 vs Conference USA
2021,regular,3,401282075,2021-09-19 00:00:00+00:00,Ole Miss,Tulane,SEC,American Athletic,False,61,21,fbs,fbs,Ole Miss,Ole Miss,Ole Miss,Ole Miss,1,1,1,higher_spi_home_field_adjusted,higher_spi,higher_spi_home_field_adjusted,73.69194492399681,67.66642806012885,56.367,43.633,62.854,37.146,0.067059,2021_w2,spi_rankings_2021_w2.csv,130,,False,False,American Athletic vs SEC
2021,regular,3,401287903,2021-09-19 01:00:00+00:00,Boise State,Oklahoma State,Mountain West,Big 12,False,20,21,fbs,fbs,Oklahoma State,Oklahoma State,Oklahoma State,Oklahoma State,1,1,1,higher_spi_home_field_adjusted,higher_spi,higher_spi_home_field_adjusted,56.451850604235965,66.1867868120763,39.802,60.198,46.409,53.591,0.067059,2021_w2,spi_rankings_2021_w2.csv,130,,False,False,Big 12 vs Mountain West
2021,regular,3,401309853,2021-09-19 02:00:00+00:00,Arizona,Northern Arizona,Pac-12,Big Sky,False,19,21,fbs,fcs,Arizona,Arizona,Arizona,Northern Arizona,0,0,0,fbs_vs_fcs_rule,fbs_vs_fcs_rule,fbs_vs_fcs_rule,30.843403932797177,,100.0,0.0,100.0,0.0,0.067059,2021_w2,spi_rankings_2021_w2.csv,130,,False,False,Big Sky vs Pac-12
2021,regular,3,401309854,2021-09-19 02:15:00+00:00,BYU,Arizona State,FBS Independents,Pac-12,False,27,17,fbs,fbs,BYU,Arizona State,BYU,BYU,1,0,1,higher_spi_home_field_adjusted,higher_spi,higher_spi_home_field_adjusted,64.8176765337488,70.08926691650174,44.422,55.578,51.145,48.855,0.067059,2021_w2,spi_rankings_2021_w2.csv,130,,False,False,FBS Independents vs Pac-12
2021,regular,3,401287906,2021-09-19 02:30:00+00:00,UNLV,Iowa State,Mountain West,Big 12,False,3,48,fbs,fbs,Iowa State,Iowa State,Iowa State,Iowa State,1,1,1,higher_spi_home_field_adjusted,higher_spi,higher_spi_home_field_adjusted,20.65686976293739,55.84782517158617,18.308,81.692,22.693,77.307,0.067059,2021_w2,spi_rankings_2021_w2.csv,130,,False,False,Big 12 vs Mountain West
2021,regular,3,401309855,2021-09-19 02:45:00+00:00,UCLA,Fresno State,Pac-12,Mountain West,False,37,40,fbs,fbs,UCLA,UCLA,UCLA,Fresno State,0,0,0,higher_spi_home_field_adjusted,higher_spi,higher_spi_home_field_adjusted,73.20792454419134,56.17955843754825,67.342,32.658,72.979,27.021,0.067059,2021_w2,spi_rankings_2021_w2.csv,130,,False,False,Mountain West vs Pac-12
2021,regular,3,401310705,2021-09-19 04:30:00+00:00,Hawai'i,San José State,Mountain West,Mountain West,True,13,17,fbs,fbs,San José State,San José State,San José State,San José State,1,1,1,higher_spi_home_field_adjusted,higher_spi,higher_spi_home_field_adjusted,22.44550647746572,43.01507431891869,29.438,70.562,35.335,64.665,0.067059,2021_w2,spi_rankings_2021_w2.csv,130,,False,False,Mountain West vs Mountain West
2021,regular,4,401282208,2021-09-23 23:30:00+00:00,App State,Marshall,Sun Belt,Conference USA,False,31,30,fbs,fbs,App State,Marshall,App State,App State,1,0,1,higher_spi_home_field_adjusted,higher_spi,higher_spi_home_field_adjusted,59.51303637331446,61.05804234902242,48.359,51.641,55.087,44.913,0.067059,2021_w3,spi_rankings_2021_w3.csv,130,,False,False,Conference USA vs Sun Belt
2021,regular,4,401282204,2021-09-24 22:30:00+00:00,Charlotte,Middle Tennessee,Conference USA,Conference USA,True,42,39,fbs,fbs,Charlotte,Charlotte,Charlotte,Charlotte,1,1,1,higher_spi_home_field_adjusted,higher_spi,higher_spi_home_field_adjusted,53.85222999391115,40.40952311657278,63.907,36.093,69.871,30.129,0.067059,2021_w3,spi_rankings_2021_w3.csv,130,,False,False,Conference USA vs Conference USA
2021,regular,4,401282638,2021-09-24 23:00:00+00:00,Virginia,Wake Forest,ACC,ACC,True,17,37,fbs,fbs,Virginia,Wake Forest,Virginia,Wake Forest,0,1,0,higher_spi_home_field_adjusted,higher_spi,higher_spi_home_field_adjusted,71.51925934294019,74.50799496808138,46.829,53.171,53.565,46.435,0.067059,2021_w3,spi_rankings_2021_w3.csv,130,,False,False,ACC vs ACC
2021,regular,4,401282637,2021-09-25 00:00:00+00:00,Syracuse,Liberty,ACC,FBS Independents,False,24,21,fbs,fbs,Liberty,Liberty,Liberty,Syracuse,0,0,0,higher_spi_home_field_adjusted,higher_spi,higher_spi_home_field_adjusted,60.29371048469554,80.07531842011542,30.138,69.862,36.104,63.896,0.067059,2021_w3,spi_rankings_2021_w3.csv,130,,False,False,ACC vs FBS Independents
2021,regular,4,401310707,2021-09-25 02:00:00+00:00,Fresno State,UNLV,Mountain West,Mountain West,True,38,30,fbs,fbs,Fresno State,Fresno State,Fresno State,Fresno State,1,1,1,higher_spi_home_field_adjusted,higher_spi,higher_spi_home_field_adjusted,63.70367662264057,9.041223725074962,91.078,8.922,93.041,6.959,0.067059,2021_w3,spi_rankings_2021_w3.csv,130,,False,False,Mountain West vs Mountain West
2021,regular,4,401287910,2021-09-25 16:00:00+00:00,TCU,SMU,Big 12,American Athletic,False,34,42,fbs,fbs,TCU,SMU,TCU,SMU,0,1,0,higher_spi_home_field_adjusted,higher_spi,higher_spi_home_field_adjusted,72.83274231904814,73.14998008677568,49.663,50.337,56.375,43.625,0.067059,2021_w3,spi_rankings_2021_w3.csv,130,,False,False,American Athletic vs Big 12
2021,regular,4,401287911,2021-09-25 16:00:00+00:00,Texas,Texas Tech,Big 12,Big 12,True,70,35,fbs,fbs,Texas Tech,Texas Tech,Texas Tech,Texas,0,0,0,higher_spi_home_field_adjusted,higher_spi,higher_spi_home_field_adjusted,66.42612433127945,77.58359115504709,38.362,61.638,44.909,55.091,0.067059,2021_w3,spi_rankings_2021_w3.csv,130,,False,False,Big 12 vs Big 12
2021,regular,4,401301010,2021-09-25 16:00:00+00:00,Temple,Wagner,American Athletic,NEC,False,41,7,fbs,fcs,Temple,Temple,Temple,Temple,1,1,1,fbs_vs_fcs_rule,fbs_vs_fcs_rule,fbs_vs_fcs_rule,37.53953923862553,,100.0,0.0,100.0,0.0,0.067059,2021_w3,spi_rankings_2021_w3.csv,130,,False,False,American Athletic vs NEC
2021,regular,4,401310706,2021-09-25 16:00:00+00:00,Utah State,Boise State,Mountain West,Mountain West,True,3,27,fbs,fbs,Utah State,Utah State,Utah State,Boise State,0,0,0,higher_spi_home_field_adjusted,higher_spi,higher_spi_home_field_adjusted,67.21804477986313,44.53843247937397,72.39,27.61,77.447,22.553,0.067059,2021_w3,spi_rankings_2021_w3.csv,130,,False,False,Mountain West vs Mountain West
2021,regular,4,401282707,2021-09-25 16:00:00+00:00,Wisconsin,Notre Dame,Big Ten,FBS Independents,False,13,41,fbs,fbs,Notre Dame,Notre Dame,Notre Dame,Notre Dame,1,1,1,higher_spi_home_field_adjusted,higher_spi,higher_spi_home_field_adjusted,63.56706879253101,73.9045357155166,39.19,60.81,39.19,60.81,0.067059,2021_w3,spi_rankings_2021_w3.csv,130,,False,False,Big Ten vs FBS Independents
2021,regular,4,401282085,2021-09-25 16:00:00+00:00,Mississippi State,LSU,SEC,SEC,True,25,28,fbs,fbs,Mississippi State,Mississippi State,Mississippi State,LSU,0,0,0,higher_spi_home_field_adjusted,higher_spi,higher_spi_home_field_adjusted,60.81486711055981,56.87315587267789,54.178,45.822,60.764,39.236,0.067059,2021_w3,spi_rankings_2021_w3.csv,130,,False,False,SEC vs SEC
2021,regular,4,401282086,2021-09-25 16:00:00+00:00,Boston College,Missouri,ACC,SEC,False,41,34,fbs,fbs,Boston College,Boston College,Boston College,Boston College,1,1,1,higher_spi_home_field_adjusted,higher_spi,higher_spi_home_field_adjusted,80.11704894023003,63.994138044597946,66.49,33.51,72.214,27.786,0.067059,2021_w3,spi_rankings_2021_w3.csv,130,,False,False,ACC vs SEC
2021,regular,4,401282088,2021-09-25 16:00:00+00:00,Vanderbilt,Georgia,SEC,SEC,True,0,62,fbs,fbs,Georgia,Georgia,Georgia,Georgia,1,1,1,higher_spi_home_field_adjusted,higher_spi,higher_spi_home_field_adjusted,30.267445133322862,87.15760742610088,8.182,91.818,10.452,89.548,0.067059,2021_w3,spi_rankings_2021_w3.csv,130,,False,False,SEC vs SEC
2021,regular,4,401282644,2021-09-25 16:00:00+00:00,Pittsburgh,New Hampshire,ACC,CAA,False,77,7,fbs,fcs,Pittsburgh,Pittsburgh,Pittsburgh,Pittsburgh,1,1,1,fbs_vs_fcs_rule,fbs_vs_fcs_rule,fbs_vs_fcs_rule,65.80982918665967,,100.0,0.0,100.0,0.0,0.067059,2021_w3,spi_rankings_2021_w3.csv,130,,False,False,ACC vs CAA
2021,regular,4,401282792,2021-09-25 16:00:00+00:00,Minnesota,Bowling Green,Big Ten,Mid-American,False,10,14,fbs,fbs,Minnesota,Minnesota,Minnesota,Bowling Green,0,0,0,higher_spi_home_field_adjusted,higher_spi,higher_spi_home_field_adjusted,61.24258160592496,39.66596523610574,71.443,28.557,76.618,23.382,0.067059,2021_w3,spi_rankings_2021_w3.csv,130,,False,False,Big Ten vs Mid-American
2021,regular,4,401308834,2021-09-25 16:00:00+00:00,Army,Miami (OH),FBS Independents,Mid-American,False,23,10,fbs,fbs,Army,Army,Army,Army,1,1,1,higher_spi_home_field_adjusted,higher_spi,higher_spi_home_field_adjusted,74.86309179613453,40.04108059877534,81.456,18.544,85.193,14.807,0.067059,2021_w3,spi_rankings_2021_w3.csv,130,,False,False,FBS Independents vs Mid-American
2021,regular,4,401282805,2021-09-25 16:00:00+00:00,Northwestern,Ohio,Big Ten,Mid-American,False,35,6,fbs,fbs,Northwestern,Northwestern,Northwestern,Northwestern,1,1,1,higher_spi_home_field_adjusted,higher_spi,higher_spi_home_field_adjusted,46.54510345302968,14.186434690368513,79.823,20.177,83.823,16.177,0.067059,2021_w3,spi_rankings_2021_w3.csv,130,,False,False,Big Ten vs Mid-American
2021,regular,4,401282817,2021-09-25 16:00:00+00:00,Penn State,Villanova,Big Ten,CAA,False,38,17,fbs,fcs,Penn State,Penn State,Penn State,Penn State,1,1,1,fbs_vs_fcs_rule,fbs_vs_fcs_rule,fbs_vs_fcs_rule,83.27503609271902,,100.0,0.0,100.0,0.0,0.067059,2021_w3,spi_rankings_2021_w3.csv,130,,False,False,Big Ten vs CAA
2021,regular,4,401282645,2021-09-25 16:00:00+00:00,Virginia Tech,Richmond,ACC,CAA,False,21,10,fbs,fcs,Virginia Tech,Virginia Tech,Virginia Tech,Virginia Tech,1,1,1,fbs_vs_fcs_rule,fbs_vs_fcs_rule,fbs_vs_fcs_rule,70.63122527600878,,100.0,0.0,100.0,0.0,0.067059,2021_w3,spi_rankings_2021_w3.csv,130,,False,False,ACC vs CAA
2021,regular,4,401282206,2021-09-25 16:00:00+00:00,Central Michigan,Florida International,Mid-American,Conference USA,False,31,27,fbs,fbs,Central Michigan,Florida International,Central Michigan,Central Michigan,1,0,1,higher_spi_home_field_adjusted,higher_spi,higher_spi_home_field_adjusted,37.55322479349603,40.46072786664266,46.915,53.085,53.651,46.349,0.067059,2021_w3,spi_rankings_2021_w3.csv,130,,False,False,Conference USA vs Mid-American
2021,regular,4,401282642,2021-09-25 16:30:00+00:00,Miami,Central Connecticut,ACC,NEC,False,69,0,fbs,fcs,Miami,Miami,Miami,Miami,1,1,1,fbs_vs_fcs_rule,fbs_vs_fcs_rule,fbs_vs_fcs_rule,52.64898777634386,,100.0,0.0,100.0,0.0,0.067059,2021_w3,spi_rankings_2021_w3.csv,130,,False,False,ACC vs NEC
2021,regular,4,401286301,2021-09-25 17:00:00+00:00,Coastal Carolina,Massachusetts,Sun Belt,FBS Independents,False,53,3,fbs,fbs,Coastal Carolina,Coastal Carolina,Coastal Carolina,Coastal Carolina,1,1,1,higher_spi_home_field_adjusted,higher_spi,higher_spi_home_field_adjusted,76.20652837825934,18.334529243718716,92.126,7.874,93.874,6.126,0.067059,2021_w3,spi_rankings_2021_w3.csv,130,,False,False,FBS Independents vs Sun Belt
2021,regular,4,401309554,2021-09-25 18:00:00+00:00,Western Michigan,San José State,Mid-American,Mountain West,False,23,3,fbs,fbs,Western Michigan,Western Michigan,Western Michigan,Western Michigan,1,1,1,higher_spi_home_field_adjusted,higher_spi,higher_spi_home_field_adjusted,59.66223150655029,51.36503836167776,58.726,41.274,65.079,34.921,0.067059,2021_w3,spi_rankings_2021_w3.csv,130,,False,False,Mid-American vs Mountain West
2021,regular,4,401309557,2021-09-25 18:00:00+00:00,Eastern Michigan,Texas State,Mid-American,Sun Belt,False,59,21,fbs,fbs,Eastern Michigan,Eastern Michigan,Eastern Michigan,Eastern Michigan,1,1,1,higher_spi_home_field_adjusted,higher_spi,higher_spi_home_field_adjusted,53.1648814971681,43.88695128536033,59.732,40.268,66.02,33.98,0.067059,2021_w3,spi_rankings_2021_w3.csv,130,,False,False,Mid-American vs Sun Belt
2021,regular,4,401309555,2021-09-25 18:00:00+00:00,Ball State,Toledo,Mid-American,Mid-American,True,12,22,fbs,fbs,Ball State,Toledo,Ball State,Toledo,0,1,0,higher_spi_home_field_adjusted,higher_spi,higher_spi_home_field_adjusted,35.81975468439453,40.35682008784796,45.194,54.806,51.925,48.075,0.067059,2021_w3,spi_rankings_2021_w3.csv,130,,False,False,Mid-American vs Mid-American
2021,regular,4,401309861,2021-09-25 18:30:00+00:00,Utah,Washington State,Pac-12,Pac-12,True,24,13,fbs,fbs,Utah,Utah,Utah,Utah,1,1,1,higher_spi_home_field_adjusted,higher_spi,higher_spi_home_field_adjusted,42.50108661103729,36.59900917348631,56.238,43.762,62.731,37.269,0.067059,2021_w3,spi_rankings_2021_w3.csv,130,,False,False,Pac-12 vs Pac-12
2021,regular,4,401309556,2021-09-25 18:30:00+00:00,Northern Illinois,Maine,Mid-American,CAA,False,41,14,fbs,fcs,Northern Illinois,Northern Illinois,Northern Illinois,Northern Illinois,1,1,1,fbs_vs_fcs_rule,fbs_vs_fcs_rule,fbs_vs_fcs_rule,33.577913362156444,,100.0,0.0,100.0,0.0,0.067059,2021_w3,spi_rankings_2021_w3.csv,130,,False,False,CAA vs Mid-American
2021,regular,4,401282775,2021-09-25 19:30:00+00:00,Michigan,Rutgers,Big Ten,Big Ten,True,20,13,fbs,fbs,Michigan,Rutgers,Michigan,Michigan,1,0,1,higher_spi_home_field_adjusted,higher_spi,higher_spi_home_field_adjusted,82.18189581554226,82.40342216766588,49.765,50.235,56.475,43.525,0.067059,2021_w3,spi_rankings_2021_w3.csv,130,,False,False,Big Ten vs Big Ten
2021,regular,4,401287907,2021-09-25 19:30:00+00:00,Baylor,Iowa State,Big 12,Big 12,True,31,29,fbs,fbs,Baylor,Baylor,Baylor,Baylor,1,1,1,higher_spi_home_field_adjusted,higher_spi,higher_spi_home_field_adjusted,82.89919791830216,65.37033331673896,67.808,32.192,73.397,26.603,0.067059,2021_w3,spi_rankings_2021_w3.csv,130,,False,False,Big 12 vs Big 12
2021,regular,4,401282213,2021-09-25 19:30:00+00:00,Memphis,UTSA,American Athletic,Conference USA,False,28,31,fbs,fbs,UTSA,UTSA,UTSA,UTSA,1,1,1,higher_spi_home_field_adjusted,higher_spi,higher_spi_home_field_adjusted,73.637004419204,82.36335985876929,40.833,59.167,47.477,52.523,0.067059,2021_w3,spi_rankings_2021_w3.csv,130,,False,False,American Athletic vs Conference USA
2021,regular,4,401282756,2021-09-25 19:30:00+00:00,Iowa,Colorado State,Big Ten,Mountain West,False,24,14,fbs,fbs,Iowa,Iowa,Iowa,Iowa,1,1,1,higher_spi_home_field_adjusted,higher_spi,higher_spi_home_field_adjusted,79.18078144087495,34.43739636507066,87.007,12.993,89.766,10.234,0.067059,2021_w3,spi_rankings_2021_w3.csv,130,,False,False,Big Ten vs Mountain West
2021,regular,4,401286190,2021-09-25 19:30:00+00:00,UConn,Wyoming,FBS Independents,Mountain West,False,22,24,fbs,fbs,Wyoming,Wyoming,Wyoming,Wyoming,1,1,1,higher_spi_home_field_adjusted,higher_spi,higher_spi_home_field_adjusted,2.315022421524662,68.73718086185967,5.61,94.39,7.222,92.778,0.067059,2021_w3,spi_rankings_2021_w3.csv,130,,False,False,FBS Independents vs Mountain West
2021,regular,4,401282716,2021-09-25 19:30:00+00:00,Purdue,Illinois,Big Ten,Big Ten,True,13,9,fbs,fbs,Purdue,Purdue,Purdue,Purdue,1,1,1,higher_spi_home_field_adjusted,higher_spi,higher_spi_home_field_adjusted,62.45865971554725,33.13133537316233,77.668,22.332,81.999,18.001,0.067059,2021_w3,spi_rankings_2021_w3.csv,130,,False,False,Big Ten vs Big Ten
2021,regular,4,401282640,2021-09-25 19:30:00+00:00,Florida State,Louisville,ACC,ACC,True,23,31,fbs,fbs,Louisville,Louisville,Louisville,Louisville,1,1,1,higher_spi_home_field_adjusted,higher_spi,higher_spi_home_field_adjusted,26.18039466478768,63.068398531156014,17.254,82.746,21.452,78.548,0.067059,2021_w3,spi_rankings_2021_w3.csv,130,,False,False,ACC vs ACC
2021,regular,4,401310709,2021-09-25 19:30:00+00:00,San Diego State,Towson,Mountain West,CAA,False,48,21,fbs,fcs,San Diego State,San Diego State,San Diego State,San Diego State,1,1,1,fbs_vs_fcs_rule,fbs_vs_fcs_rule,fbs_vs_fcs_rule,74.84390736712709,,100.0,0.0,100.0,0.0,0.067059,2021_w3,spi_rankings_2021_w3.csv,130,,False,False,CAA vs Mountain West
2021,regular,4,401282765,2021-09-25 19:30:00+00:00,Maryland,Kent State,Big Ten,Mid-American,False,37,16,fbs,fbs,Maryland,Maryland,Maryland,Maryland,1,1,1,higher_spi_home_field_adjusted,higher_spi,higher_spi_home_field_adjusted,94.34977578475336,47.379393355110224,88.04,11.96,90.603,9.397,0.067059,2021_w3,spi_rankings_2021_w3.csv,130,,False,False,Big Ten vs Mid-American
2021,regular,4,401282082,2021-09-25 19:30:00+00:00,Arkansas,Texas A&M,SEC,SEC,True,20,10,fbs,fbs,Arkansas,Arkansas,Arkansas,Arkansas,1,1,1,higher_spi_home_field_adjusted,higher_spi,higher_spi_home_field_adjusted,84.17431203639525,76.42509157211074,58.16,41.84,58.16,41.84,0.067059,2021_w3,spi_rankings_2021_w3.csv,130,,False,False,SEC vs SEC
2021,regular,4,401282643,2021-09-25 19:30:00+00:00,NC State,Clemson,ACC,ACC,True,27,21,fbs,fbs,NC State,Clemson,NC State,NC State,1,0,1,higher_spi_home_field_adjusted,higher_spi,higher_spi_home_field_adjusted,62.886361591080544,66.83075769818446,45.819,54.181,52.553,47.447,0.067059,2021_w3,spi_rankings_2021_w3.csv,130,,False,False,ACC vs ACC
2021,regular,4,401282639,2021-09-25 20:00:00+00:00,Duke,Kansas,ACC,Big 12,False,52,33,fbs,fbs,Duke,Duke,Duke,Duke,1,1,1,higher_spi_home_field_adjusted,higher_spi,higher_spi_home_field_adjusted,51.98884045677873,42.54344050732768,59.903,40.097,66.179,33.821,0.067059,2021_w3,spi_rankings_2021_w3.csv,130,,False,False,ACC vs Big 12
2021,regular,4,401282083,2021-09-25 20:00:00+00:00,Auburn,Georgia State,SEC,Sun Belt,False,34,24,fbs,fbs,Auburn,Auburn,Auburn,Auburn,1,1,1,higher_spi_home_field_adjusted,higher_spi,higher_spi_home_field_adjusted,73.73175259350599,39.2112855326596,81.262,18.738,85.03,14.97,0.067059,2021_w3,spi_rankings_2021_w3.csv,130,,False,False,SEC vs Sun Belt
2021,regular,4,401301011,2021-09-25 21:00:00+00:00,Tulsa,Arkansas State,American Athletic,Sun Belt,False,41,34,fbs,fbs,Arkansas State,Arkansas State,Arkansas State,Tulsa,0,0,0,higher_spi_home_field_adjusted,higher_spi,higher_spi_home_field_adjusted,22.151753129631256,31.216760015707777,40.486,59.514,47.118,52.882,0.067059,2021_w3,spi_rankings_2021_w3.csv,130,,False,False,American Athletic vs Sun Belt
2021,regular,4,401309610,2021-09-25 22:00:00+00:00,Georgia Southern,Louisiana,Sun Belt,Sun Belt,True,20,28,fbs,fbs,Louisiana,Louisiana,Louisiana,Louisiana,1,1,1,higher_spi_home_field_adjusted,higher_spi,higher_spi_home_field_adjusted,27.76440549451812,57.91653103973837,21.73,78.27,26.667,73.333,0.067059,2021_w3,spi_rankings_2021_w3.csv,130,,False,False,Sun Belt vs Sun Belt
2021,regular,4,401282209,2021-09-25 22:00:00+00:00,Old Dominion,Buffalo,Conference USA,Mid-American,False,34,35,fbs,fbs,Old Dominion,Buffalo,Old Dominion,Buffalo,0,1,0,higher_spi_home_field_adjusted,higher_spi,higher_spi_home_field_adjusted,46.22119284042997,46.78662310010607,49.399,50.601,56.115,43.885,0.067059,2021_w3,spi_rankings_2021_w3.csv,130,,False,False,Conference USA vs Mid-American
2021,regular,4,401309858,2021-09-25 22:00:00+00:00,Stanford,UCLA,Pac-12,Pac-12,True,24,35,fbs,fbs,Stanford,UCLA,Stanford,UCLA,0,1,0,higher_spi_home_field_adjusted,higher_spi,higher_spi_home_field_adjusted,61.50817902180115,62.54372293046072,48.9,51.1,55.622,44.378,0.067059,2021_w3,spi_rankings_2021_w3.csv,130,,False,False,Pac-12 vs Pac-12
2021,regular,4,401301007,2021-09-25 22:00:00+00:00,East Carolina,Charleston Southern,American Athletic,Big South,False,31,28,fbs,fcs,East Carolina,East Carolina,East Carolina,East Carolina,1,1,1,fbs_vs_fcs_rule,fbs_vs_fcs_rule,fbs_vs_fcs_rule,34.934599897370305,,100.0,0.0,100.0,0.0,0.067059,2021_w3,spi_rankings_2021_w3.csv,130,,False,False,American Athletic vs Big South
2021,regular,4,401282210,2021-09-25 22:30:00+00:00,Rice,Texas Southern,Conference USA,SWAC,False,48,34,fbs,fcs,Rice,Rice,Rice,Rice,1,1,1,fbs_vs_fcs_rule,fbs_vs_fcs_rule,fbs_vs_fcs_rule,18.990082291747537,,100.0,0.0,100.0,0.0,0.067059,2021_w3,spi_rankings_2021_w3.csv,130,,False,False,Conference USA vs SWAC
2021,regular,4,401282087,2021-09-25 23:00:00+00:00,South Carolina,Kentucky,SEC,SEC,True,10,16,fbs,fbs,Kentucky,Kentucky,Kentucky,Kentucky,1,1,1,higher_spi_home_field_adjusted,higher_spi,higher_spi_home_field_adjusted,65.5295250974512,72.45262232272442,42.697,57.303,49.391,50.609,0.067059,2021_w3,spi_rankings_2021_w3.csv,130,,False,False,SEC vs SEC
2021,regular,4,401282784,2021-09-25 23:00:00+00:00,Michigan State,Nebraska,Big Ten,Big Ten,True,23,20,fbs,fbs,Michigan State,Michigan State,Michigan State,Michigan State,1,1,1,higher_spi_home_field_adjusted,higher_spi,higher_spi_home_field_adjusted,75.74691823706692,62.141530848265056,64.066,35.934,70.017,29.983,0.067059,2021_w3,spi_rankings_2021_w3.csv,130,,False,False,Big Ten vs Big Ten
2021,regular,4,401282205,2021-09-25 23:00:00+00:00,Louisiana Tech,North Texas,Conference USA,Conference USA,True,24,17,fbs,fbs,Louisiana Tech,Louisiana Tech,Louisiana Tech,Louisiana Tech,1,1,1,higher_spi_home_field_adjusted,higher_spi,higher_spi_home_field_adjusted,41.59222438200247,34.024069457117456,57.973,42.027,64.371,35.629,0.067059,2021_w3,spi_rankings_2021_w3.csv,130,,False,False,Conference USA vs Conference USA
2021,regular,4,401287909,2021-09-25 23:00:00+00:00,Oklahoma State,Kansas State,Big 12,Big 12,True,31,20,fbs,fbs,Oklahoma State,Kansas State,Oklahoma State,Oklahoma State,1,0,1,higher_spi_home_field_adjusted,higher_spi,higher_spi_home_field_adjusted,69.63624161564482,75.52208070217092,43.779,56.221,50.493,49.507,0.067059,2021_w3,spi_rankings_2021_w3.csv,130,,False,False,Big 12 vs Big 12
2021,regular,4,401301008,2021-09-25 23:00:00+00:00,Houston,Navy,American Athletic,American Athletic,True,28,20,fbs,fbs,Houston,Houston,Houston,Houston,1,1,1,higher_spi_home_field_adjusted,higher_spi,higher_spi_home_field_adjusted,63.51695304691478,16.58488682012614,88.023,11.977,90.589,9.411,0.067059,2021_w3,spi_rankings_2021_w3.csv,130,,False,False,American Athletic vs American Athletic
2021,regular,4,401282084,2021-09-25 23:00:00+00:00,Florida,Tennessee,SEC,SEC,True,38,14,fbs,fbs,Florida,Florida,Florida,Florida,1,1,1,higher_spi_home_field_adjusted,higher_spi,higher_spi_home_field_adjusted,67.02611508834056,65.57716039336276,51.539,48.461,58.211,41.789,0.067059,2021_w3,spi_rankings_2021_w3.csv,130,,False,False,SEC vs SEC
2021,regular,4,401287908,2021-09-25 23:30:00+00:00,Oklahoma,West Virginia,Big 12,Big 12,True,16,13,fbs,fbs,Oklahoma,Oklahoma,Oklahoma,Oklahoma,1,1,1,higher_spi_home_field_adjusted,higher_spi,higher_spi_home_field_adjusted,84.80110622834827,79.91002669137947,55.178,44.822,61.721,38.279,0.067059,2021_w3,spi_rankings_2021_w3.csv,130,,False,False,Big 12 vs Big 12
2021,regular,4,401282081,2021-09-25 23:30:00+00:00,Alabama,Southern Miss,SEC,Conference USA,False,63,14,fbs,fbs,Alabama,Alabama,Alabama,Alabama,1,1,1,higher_spi_home_field_adjusted,higher_spi,higher_spi_home_field_adjusted,77.67319000279551,40.77462921193414,82.753,17.247,86.272,13.728,0.067059,2021_w3,spi_rankings_2021_w3.csv,130,,False,False,Conference USA vs SEC
2021,regular,4,401282811,2021-09-25 23:30:00+00:00,Ohio State,Akron,Big Ten,Mid-American,False,59,7,fbs,fbs,Ohio State,Ohio State,Ohio State,Ohio State,1,1,1,higher_spi_home_field_adjusted,higher_spi,higher_spi_home_field_adjusted,59.32771349013025,33.00668516008734,75.374,24.626,80.035,19.965,0.067059,2021_w3,spi_rankings_2021_w3.csv,130,,False,False,Big Ten vs Mid-American
2021,regular,4,401282641,2021-09-25 23:30:00+00:00,Georgia Tech,North Carolina,ACC,ACC,True,45,22,fbs,fbs,North Carolina,North Carolina,North Carolina,Georgia Tech,0,0,0,higher_spi_home_field_adjusted,higher_spi,higher_spi_home_field_adjusted,43.32386896715467,66.83909875427464,26.906,73.094,26.906,73.094,0.067059,2021_w3,spi_rankings_2021_w3.csv,130,,False,False,ACC vs ACC
2021,regular,4,401282211,2021-09-26 00:00:00+00:00,Tulane,UAB,American Athletic,Conference USA,False,21,28,fbs,fbs,UAB,UAB,UAB,UAB,1,1,1,higher_spi_home_field_adjusted,higher_spi,higher_spi_home_field_adjusted,53.38094237419247,60.71802252109077,42.267,57.733,48.951,51.049,0.067059,2021_w3,spi_rankings_2021_w3.csv,130,,False,False,American Athletic vs Conference USA
2021,regular,4,401310708,2021-09-26 00:00:00+00:00,New Mexico State,Hawai'i,FBS Independents,Mountain West,False,21,41,fbs,fbs,New Mexico State,Hawai'i,New Mexico State,Hawai'i,0,1,0,higher_spi_home_field_adjusted,higher_spi,higher_spi_home_field_adjusted,14.352645490995007,19.16006881550781,44.91,55.09,51.638,48.362,0.067059,2021_w3,spi_rankings_2021_w3.csv,130,,False,False,FBS Independents vs Mountain West
2021,regular,4,401309611,2021-09-26 00:00:00+00:00,UL Monroe,Troy,Sun Belt,Sun Belt,True,29,16,fbs,fbs,Troy,Troy,Troy,UL Monroe,0,0,0,higher_spi_home_field_adjusted,higher_spi,higher_spi_home_field_adjusted,49.16655497390219,63.353329529396895,35.367,64.633,41.749,58.251,0.067059,2021_w3,spi_rankings_2021_w3.csv,130,,False,False,Sun Belt vs Sun Belt
2021,regular,4,401282207,2021-09-26 00:00:00+00:00,Air Force,Florida Atlantic,Mountain West,Conference USA,False,31,7,fbs,fbs,Air Force,Air Force,Air Force,Air Force,1,1,1,higher_spi_home_field_adjusted,higher_spi,higher_spi_home_field_adjusted,57.4192443906153,55.84805683310803,51.669,48.331,58.337,41.663,0.067059,2021_w3,spi_rankings_2021_w3.csv,130,,False,False,Conference USA vs Mountain West
2021,regular,4,401282214,2021-09-26 00:00:00+00:00,Western Kentucky,Indiana,Conference USA,Big Ten,False,31,33,fbs,fbs,Western Kentucky,Western Kentucky,Western Kentucky,Indiana,0,0,0,higher_spi_home_field_adjusted,higher_spi,higher_spi_home_field_adjusted,63.42846844328369,50.19282798420728,63.703,36.297,69.686,30.314,0.067059,2021_w3,spi_rankings_2021_w3.csv,130,,False,False,Big Ten vs Conference USA
2021,regular,4,401282212,2021-09-26 01:00:00+00:00,UTEP,New Mexico,Conference USA,Mountain West,False,20,13,fbs,fbs,UTEP,New Mexico,UTEP,UTEP,1,0,1,higher_spi_home_field_adjusted,higher_spi,higher_spi_home_field_adjusted,52.13227550711706,53.56284201920094,48.48,51.52,55.208,44.792,0.067059,2021_w3,spi_rankings_2021_w3.csv,130,,False,False,Conference USA vs Mountain West
2021,regular,4,401309857,2021-09-26 01:30:00+00:00,Washington,California,Pac-12,Pac-12,True,31,24,fbs,fbs,Washington,California,Washington,Washington,1,0,1,higher_spi_home_field_adjusted,higher_spi,higher_spi_home_field_adjusted,43.65428249206342,43.879481432833074,49.761,50.239,56.471,43.529,0.067059,2021_w3,spi_rankings_2021_w3.csv,130,,False,False,Pac-12 vs Pac-12
2021,regular,4,401301009,2021-09-26 02:15:00+00:00,BYU,South Florida,FBS Independents,American Athletic,False,35,27,fbs,fbs,BYU,BYU,BYU,BYU,1,1,1,higher_spi_home_field_adjusted,higher_spi,higher_spi_home_field_adjusted,70.71865797314011,32.04493734993279,83.803,16.197,87.141,12.859,0.067059,2021_w3,spi_rankings_2021_w3.csv,130,,False,False,American Athletic vs FBS Independents
2021,regular,4,401309859,2021-09-26 02:30:00+00:00,Oregon,Arizona,Pac-12,Pac-12,True,41,19,fbs,fbs,Oregon,Oregon,Oregon,Oregon,1,1,1,higher_spi_home_field_adjusted,higher_spi,higher_spi_home_field_adjusted,84.91392796008166,19.253388120229925,94.216,5.784,95.523,4.477,0.067059,2021_w3,spi_rankings_2021_w3.csv,130,,False,False,Pac-12 vs Pac-12
2021,regular,4,401309860,2021-09-26 02:30:00+00:00,USC,Oregon State,Pac-12,Pac-12,True,27,45,fbs,fbs,USC,USC,USC,Oregon State,0,0,0,higher_spi_home_field_adjusted,higher_spi,higher_spi_home_field_adjusted,61.34516103862783,59.72378538905462,51.722,48.278,58.389,41.611,0.067059,2021_w3,spi_rankings_2021_w3.csv,130,,False,False,Pac-12 vs Pac-12
2021,regular,4,401309862,2021-09-26 02:30:00+00:00,Arizona State,Colorado,Pac-12,Pac-12,True,35,13,fbs,fbs,Arizona State,Arizona State,Arizona State,Arizona State,1,1,1,higher_spi_home_field_adjusted,higher_spi,higher_spi_home_field_adjusted,60.63729976678549,37.855448660261246,72.477,27.523,77.523,22.477,0.067059,2021_w3,spi_rankings_2021_w3.csv,130,,False,False,Pac-12 vs Pac-12
2021,regular,5,401282646,2021-09-30 23:30:00+00:00,Miami,Virginia,ACC,ACC,True,28,30,fbs,fbs,Miami,Miami,Miami,Virginia,0,0,0,higher_spi_home_field_adjusted,higher_spi,higher_spi_home_field_adjusted,63.40550407188992,61.20087990264906,52.341,47.659,58.99,41.01,0.067059,2021_w4,spi_rankings_2021_w4.csv,130,,False,False,ACC vs ACC
2021,regular,5,401301012,2021-10-01 23:30:00+00:00,Tulsa,Houston,American Athletic,American Athletic,True,10,45,fbs,fbs,Houston,Houston,Houston,Houston,1,1,1,higher_spi_home_field_adjusted,higher_spi,higher_spi_home_field_adjusted,40.38684514337421,61.9144009598938,28.599,71.401,34.41,65.59,0.067059,2021_w4,spi_rankings_2021_w4.csv,130,,False,False,American Athletic vs American Athletic
2021,regular,5,401282759,2021-10-02 00:00:00+00:00,Maryland,Iowa,Big Ten,Big Ten,True,14,51,fbs,fbs,Maryland,Maryland,Maryland,Iowa,0,0,0,higher_spi_home_field_adjusted,higher_spi,higher_spi_home_field_adjusted,89.24776124060033,84.66370245561485,54.855,45.145,61.412,38.588,0.067059,2021_w4,spi_rankings_2021_w4.csv,130,,False,False,Big Ten vs Big Ten
2021,regular,5,401309912,2021-10-02 01:00:00+00:00,Utah State,BYU,Mountain West,FBS Independents,False,20,34,fbs,fbs,BYU,BYU,BYU,BYU,1,1,1,higher_spi_home_field_adjusted,higher_spi,higher_spi_home_field_adjusted,58.95680052419733,74.60871704974485,33.957,66.043,40.243,59.757,0.067059,2021_w4,spi_rankings_2021_w4.csv,130,,False,False,FBS Independents vs Mountain West
2021,regular,5,401286302,2021-10-02 16:00:00+00:00,Massachusetts,Toledo,FBS Independents,Mid-American,False,7,45,fbs,fbs,Toledo,Toledo,Toledo,Toledo,1,1,1,higher_spi_home_field_adjusted,higher_spi,higher_spi_home_field_adjusted,6.339979406533749,48.41562919279853,14.329,85.671,17.97,82.03,0.067059,2021_w4,spi_rankings_2021_w4.csv,130,,False,False,FBS Independents vs Mid-American
2021,regular,5,401282093,2021-10-02 16:00:00+00:00,Missouri,Tennessee,SEC,SEC,True,24,62,fbs,fbs,Missouri,Tennessee,Missouri,Tennessee,0,1,0,higher_spi_home_field_adjusted,higher_spi,higher_spi_home_field_adjusted,54.993416331242784,56.11388810883334,48.81,51.19,55.533,44.467,0.067059,2021_w4,spi_rankings_2021_w4.csv,130,,False,False,SEC vs SEC
2021,regular,5,401309561,2021-10-02 16:00:00+00:00,Buffalo,Western Michigan,Mid-American,Mid-American,True,17,24,fbs,fbs,Western Michigan,Western Michigan,Western Michigan,Western Michigan,1,1,1,higher_spi_home_field_adjusted,higher_spi,higher_spi_home_field_adjusted,44.72557646104403,74.48340041810978,22.016,77.984,26.996,73.004,0.067059,2021_w4,spi_rankings_2021_w4.csv,130,,False,False,Mid-American vs Mid-American
2021,regular,5,401282776,2021-10-02 16:00:00+00:00,Wisconsin,Michigan,Big Ten,Big Ten,True,17,38,fbs,fbs,Michigan,Michigan,Michigan,Michigan,1,1,1,higher_spi_home_field_adjusted,higher_spi,higher_spi_home_field_adjusted,50.46607278438224,88.41853099940718,16.618,83.382,20.7,79.3,0.067059,2021_w4,spi_rankings_2021_w4.csv,130,,False,False,Big Ten vs Big Ten
2021,regular,5,401282793,2021-10-02 16:00:00+00:00,Purdue,Minnesota,Big Ten,Big Ten,True,13,20,fbs,fbs,Purdue,Purdue,Purdue,Minnesota,0,0,0,higher_spi_home_field_adjusted,higher_spi,higher_spi_home_field_adjusted,72.57686667290712,50.700536678211485,71.702,28.298,76.845,23.155,0.067059,2021_w4,spi_rankings_2021_w4.csv,130,,False,False,Big Ten vs Big Ten
2021,regular,5,401282090,2021-10-02 16:00:00+00:00,Georgia,Arkansas,SEC,SEC,True,37,0,fbs,fbs,Georgia,Arkansas,Georgia,Georgia,1,0,1,higher_spi_home_field_adjusted,higher_spi,higher_spi_home_field_adjusted,91.76776186464475,92.2222222222222,49.517,50.483,56.231,43.769,0.067059,2021_w4,spi_rankings_2021_w4.csv,130,,False,False,SEC vs SEC
2021,regular,5,401282650,2021-10-02 16:00:00+00:00,North Carolina,Duke,ACC,ACC,True,38,7,fbs,fbs,North Carolina,Duke,North Carolina,North Carolina,1,0,1,higher_spi_home_field_adjusted,higher_spi,higher_spi_home_field_adjusted,57.93539580018098,62.55224812006615,45.11,54.89,51.84,48.16,0.067059,2021_w4,spi_rankings_2021_w4.csv,130,,False,False,ACC vs ACC
2021,regular,5,401282219,2021-10-02 16:00:00+00:00,Illinois,Charlotte,Big Ten,Conference USA,False,24,14,fbs,fbs,Charlotte,Charlotte,Charlotte,Illinois,0,0,0,higher_spi_home_field_adjusted,higher_spi,higher_spi_home_field_adjusted,24.99875503135824,57.133795126213,20.331,79.669,25.051,74.949,0.067059,2021_w4,spi_rankings_2021_w4.csv,130,,False,False,Big Ten vs Conference USA
2021,regular,5,401282649,2021-10-02 16:00:00+00:00,Georgia Tech,Pittsburgh,ACC,ACC,True,21,52,fbs,fbs,Pittsburgh,Pittsburgh,Pittsburgh,Pittsburgh,1,1,1,higher_spi_home_field_adjusted,higher_spi,higher_spi_home_field_adjusted,53.6985709382508,72.66119067677619,30.876,69.124,36.911,63.089,0.067059,2021_w4,spi_rankings_2021_w4.csv,130,,False,False,ACC vs ACC
2021,regular,5,401301015,2021-10-02 16:00:00+00:00,Temple,Memphis,American Athletic,American Athletic,True,34,31,fbs,fbs,Memphis,Memphis,Memphis,Temple,0,0,0,higher_spi_home_field_adjusted,higher_spi,higher_spi_home_field_adjusted,42.80979125713751,58.8424911853724,33.595,66.405,39.855,60.145,0.067059,2021_w4,spi_rankings_2021_w4.csv,130,,False,False,American Athletic vs American Athletic
2021,regular,5,401287915,2021-10-02 16:00:00+00:00,TCU,Texas,Big 12,Big 12,True,27,32,fbs,fbs,Texas,Texas,Texas,Texas,1,1,1,higher_spi_home_field_adjusted,higher_spi,higher_spi_home_field_adjusted,61.51287800782325,78.2021435926238,32.975,67.025,39.188,60.812,0.067059,2021_w4,spi_rankings_2021_w4.csv,130,,False,False,Big 12 vs Big 12
2021,regular,5,401282651,2021-10-02 16:30:00+00:00,Wake Forest,Louisville,ACC,ACC,True,37,34,fbs,fbs,Wake Forest,Wake Forest,Wake Forest,Wake Forest,1,1,1,higher_spi_home_field_adjusted,higher_spi,higher_spi_home_field_adjusted,78.19131642172923,63.71493934004465,64.914,35.086,70.788,29.212,0.067059,2021_w4,spi_rankings_2021_w4.csv,130,,False,False,ACC vs ACC
2021,regular,5,401309867,2021-10-02 18:00:00+00:00,Colorado,USC,Pac-12,Pac-12,True,14,37,fbs,fbs,USC,USC,USC,USC,1,1,1,higher_spi_home_field_adjusted,higher_spi,higher_spi_home_field_adjusted,28.94914037879498,49.72109894224469,29.26,70.74,35.139,64.861,0.067059,2021_w4,spi_rankings_2021_w4.csv,130,,False,False,Pac-12 vs Pac-12
2021,regular,5,401309612,2021-10-02 18:00:00+00:00,Georgia State,App State,Sun Belt,Sun Belt,True,16,45,fbs,fbs,App State,App State,App State,App State,1,1,1,higher_spi_home_field_adjusted,higher_spi,higher_spi_home_field_adjusted,32.804596087241414,60.8854311154227,23.265,76.735,28.423,71.577,0.067059,2021_w4,spi_rankings_2021_w4.csv,130,,False,False,Sun Belt vs Sun Belt
2021,regular,5,401309558,2021-10-02 18:30:00+00:00,Northern Illinois,Eastern Michigan,Mid-American,Mid-American,True,27,20,fbs,fbs,Eastern Michigan,Eastern Michigan,Eastern Michigan,Northern Illinois,0,0,0,higher_spi_home_field_adjusted,higher_spi,higher_spi_home_field_adjusted,54.22067771225312,61.04433835689102,42.8,57.2,49.496,50.504,0.067059,2021_w4,spi_rankings_2021_w4.csv,130,,False,False,Mid-American vs Mid-American
2021,regular,5,401309614,2021-10-02 18:30:00+00:00,Coastal Carolina,UL Monroe,Sun Belt,Sun Belt,True,59,6,fbs,fbs,Coastal Carolina,Coastal Carolina,Coastal Carolina,Coastal Carolina,1,1,1,higher_spi_home_field_adjusted,higher_spi,higher_spi_home_field_adjusted,84.22769821211271,57.54793701311534,75.656,24.344,80.278,19.722,0.067059,2021_w4,spi_rankings_2021_w4.csv,130,,False,False,Sun Belt vs Sun Belt
2021,regular,5,401282708,2021-10-02 18:30:00+00:00,Notre Dame,Cincinnati,FBS Independents,American Athletic,False,13,24,fbs,fbs,Notre Dame,Notre Dame,Notre Dame,Cincinnati,0,0,0,higher_spi_home_field_adjusted,higher_spi,higher_spi_home_field_adjusted,81.47535024493745,81.37512870916409,50.106,49.894,56.81,43.19,0.067059,2021_w4,spi_rankings_2021_w4.csv,130,,False,False,American Athletic vs FBS Independents
2021,regular,5,401308835,2021-10-02 19:30:00+00:00,Miami (OH),Central Michigan,Mid-American,Mid-American,True,28,17,fbs,fbs,Central Michigan,Central Michigan,Central Michigan,Miami (OH),0,0,0,higher_spi_home_field_adjusted,higher_spi,higher_spi_home_field_adjusted,36.74507359469449,48.20390651814409,38.06,61.94,44.593,55.407,0.067059,2021_w4,spi_rankings_2021_w4.csv,130,,False,False,Mid-American vs Mid-American
2021,regular,5,401282094,2021-10-02 19:30:00+00:00,South Carolina,Troy,SEC,Sun Belt,False,23,14,fbs,fbs,South Carolina,South Carolina,South Carolina,South Carolina,1,1,1,higher_spi_home_field_adjusted,higher_spi,higher_spi_home_field_adjusted,61.88656999651103,52.93616025461013,59.397,40.603,65.707,34.293,0.067059,2021_w4,spi_rankings_2021_w4.csv,130,,False,False,SEC vs Sun Belt
2021,regular,5,401309560,2021-10-02 19:30:00+00:00,Akron,Ohio,Mid-American,Mid-American,True,17,34,fbs,fbs,Akron,Akron,Akron,Ohio,0,0,0,higher_spi_home_field_adjusted,higher_spi,higher_spi_home_field_adjusted,25.56579130252256,8.067349995319669,67.78,32.22,73.371,26.629,0.067059,2021_w4,spi_rankings_2021_w4.csv,130,,False,False,Mid-American vs Mid-American
2021,regular,5,401282089,2021-10-02 19:30:00+00:00,Alabama,Ole Miss,SEC,SEC,True,42,21,fbs,fbs,Alabama,Ole Miss,Alabama,Alabama,1,0,1,higher_spi_home_field_adjusted,higher_spi,higher_spi_home_field_adjusted,87.82596960903616,90.94964954232016,46.686,53.314,53.422,46.578,0.067059,2021_w4,spi_rankings_2021_w4.csv,130,,False,False,SEC vs SEC
2021,regular,5,401310711,2021-10-02 19:30:00+00:00,Boise State,Nevada,Mountain West,Mountain West,True,31,41,fbs,fbs,Boise State,Boise State,Boise State,Nevada,0,0,0,higher_spi_home_field_adjusted,higher_spi,higher_spi_home_field_adjusted,63.252428809294855,58.25539538415136,55.289,44.711,61.828,38.172,0.067059,2021_w4,spi_rankings_2021_w4.csv,130,,False,False,Mountain West vs Mountain West
2021,regular,5,401309562,2021-10-02 19:30:00+00:00,Kent State,Bowling Green,Mid-American,Mid-American,True,27,20,fbs,fbs,Kent State,Bowling Green,Kent State,Kent State,1,0,1,higher_spi_home_field_adjusted,higher_spi,higher_spi_home_field_adjusted,42.442041873381385,43.74019470186278,48.621,51.379,55.347,44.653,0.067059,2021_w4,spi_rankings_2021_w4.csv,130,,False,False,Mid-American vs Mid-American
2021,regular,5,401309864,2021-10-02 19:30:00+00:00,Stanford,Oregon,Pac-12,Pac-12,True,31,24,fbs,fbs,Oregon,Oregon,Oregon,Stanford,0,0,0,higher_spi_home_field_adjusted,higher_spi,higher_spi_home_field_adjusted,45.58068894505289,91.16693188555026,12.593,87.407,15.875,84.125,0.067059,2021_w4,spi_rankings_2021_w4.csv,130,,False,False,Pac-12 vs Pac-12
2021,regular,5,401282215,2021-10-02 19:30:00+00:00,Florida Atlantic,Florida International,Conference USA,Conference USA,True,58,21,fbs,fbs,Florida Atlantic,Florida Atlantic,Florida Atlantic,Florida Atlantic,1,1,1,higher_spi_home_field_adjusted,higher_spi,higher_spi_home_field_adjusted,46.88441137008955,26.58663296826734,70.322,29.678,75.63,24.37,0.067059,2021_w4,spi_rankings_2021_w4.csv,130,,False,False,Conference USA vs Conference USA
2021,regular,5,401287913,2021-10-02 19:30:00+00:00,Kansas State,Oklahoma,Big 12,Big 12,True,31,37,fbs,fbs,Oklahoma,Oklahoma,Oklahoma,Oklahoma,1,1,1,higher_spi_home_field_adjusted,higher_spi,higher_spi_home_field_adjusted,68.91119847733158,86.0620867478492,32.543,67.457,38.721,61.279,0.067059,2021_w4,spi_rankings_2021_w4.csv,130,,False,False,Big 12 vs Big 12
2021,regular,5,401301014,2021-10-02 19:30:00+00:00,East Carolina,Tulane,American Athletic,American Athletic,True,52,29,fbs,fbs,East Carolina,Tulane,East Carolina,East Carolina,1,0,1,higher_spi_home_field_adjusted,higher_spi,higher_spi_home_field_adjusted,38.746216730631225,39.19729164716528,49.521,50.479,56.235,43.765,0.067059,2021_w4,spi_rankings_2021_w4.csv,130,,False,False,American Athletic vs American Athletic
2021,regular,5,401287916,2021-10-02 19:30:00+00:00,West Virginia,Texas Tech,Big 12,Big 12,True,20,23,fbs,fbs,West Virginia,West Virginia,West Virginia,Texas Tech,0,0,0,higher_spi_home_field_adjusted,higher_spi,higher_spi_home_field_adjusted,73.85506568067647,71.09385628256733,52.93,47.07,59.561,40.439,0.067059,2021_w4,spi_rankings_2021_w4.csv,130,,False,False,Big 12 vs Big 12
2021,regular,5,401282648,2021-10-02 19:30:00+00:00,Florida State,Syracuse,ACC,ACC,True,33,30,fbs,fbs,Syracuse,Syracuse,Syracuse,Florida State,0,0,0,higher_spi_home_field_adjusted,higher_spi,higher_spi_home_field_adjusted,26.725638865487227,69.17819588754719,14.134,85.866,17.735,82.265,0.067059,2021_w4,spi_rankings_2021_w4.csv,130,,False,False,ACC vs ACC
2021,regular,5,401282813,2021-10-02 19:30:00+00:00,Rutgers,Ohio State,Big Ten,Big Ten,True,13,52,fbs,fbs,Rutgers,Rutgers,Rutgers,Ohio State,0,0,0,higher_spi_home_field_adjusted,higher_spi,higher_spi_home_field_adjusted,76.52379311225141,68.8083375172676,58.125,41.875,64.515,35.485,0.067059,2021_w4,spi_rankings_2021_w4.csv,130,,False,False,Big Ten vs Big Ten
2021,regular,5,401301013,2021-10-02 19:30:00+00:00,Navy,UCF,American Athletic,American Athletic,True,34,30,fbs,fbs,UCF,UCF,UCF,Navy,0,0,0,higher_spi_home_field_adjusted,higher_spi,higher_spi_home_field_adjusted,17.794912997805447,71.96827254100492,9.093,90.907,11.583,88.417,0.067059,2021_w4,spi_rankings_2021_w4.csv,130,,False,False,American Athletic vs American Athletic
2021,regular,5,401309613,2021-10-02 20:00:00+00:00,Georgia Southern,Arkansas State,Sun Belt,Sun Belt,True,59,33,fbs,fbs,Georgia Southern,Georgia Southern,Georgia Southern,Georgia Southern,1,1,1,higher_spi_home_field_adjusted,higher_spi,higher_spi_home_field_adjusted,26.47812724265968,23.59464768436968,53.06,46.94,59.686,40.314,0.067059,2021_w4,spi_rankings_2021_w4.csv,130,,False,False,Sun Belt vs Sun Belt
2021,regular,5,401301016,2021-10-02 20:00:00+00:00,SMU,South Florida,American Athletic,American Athletic,True,41,17,fbs,fbs,SMU,SMU,SMU,SMU,1,1,1,higher_spi_home_field_adjusted,higher_spi,higher_spi_home_field_adjusted,82.73947705076601,35.670988174358015,88.084,11.916,90.638,9.362,0.067059,2021_w4,spi_rankings_2021_w4.csv,130,,False,False,American Athletic vs American Athletic
2021,regular,5,401309559,2021-10-02 21:00:00+00:00,Ball State,Army,Mid-American,FBS Independents,False,28,16,fbs,fbs,Army,Army,Army,Ball State,0,0,0,higher_spi_home_field_adjusted,higher_spi,higher_spi_home_field_adjusted,27.62097101313613,78.12139224312772,10.468,89.532,13.28,86.72,0.067059,2021_w4,spi_rankings_2021_w4.csv,130,,False,False,FBS Independents vs Mid-American
2021,regular,5,401309863,2021-10-02 21:30:00+00:00,California,Washington State,Pac-12,Pac-12,True,6,21,fbs,fbs,California,California,California,Washington State,0,0,0,higher_spi_home_field_adjusted,higher_spi,higher_spi_home_field_adjusted,35.238182158569685,27.018003681862147,58.646,41.354,65.004,34.996,0.067059,2021_w4,spi_rankings_2021_w4.csv,130,,False,False,Pac-12 vs Pac-12
2021,regular,5,401282091,2021-10-02 22:00:00+00:00,Kentucky,Florida,SEC,SEC,True,20,13,fbs,fbs,Kentucky,Kentucky,Kentucky,Kentucky,1,1,1,higher_spi_home_field_adjusted,higher_spi,higher_spi_home_field_adjusted,78.41807856719399,73.06724929724088,55.661,44.339,62.182,37.818,0.067059,2021_w4,spi_rankings_2021_w4.csv,130,,False,False,SEC vs SEC
2021,regular,5,401282222,2021-10-02 22:00:00+00:00,UTSA,UNLV,Conference USA,Mountain West,False,24,17,fbs,fbs,UTSA,UTSA,UTSA,UTSA,1,1,1,higher_spi_home_field_adjusted,higher_spi,higher_spi_home_field_adjusted,83.58869089661002,12.473821336079132,95.358,4.642,96.416,3.584,0.067059,2021_w4,spi_rankings_2021_w4.csv,130,,False,False,Conference USA vs Mountain West
2021,regular,5,401282220,2021-10-02 22:00:00+00:00,NC State,Louisiana Tech,ACC,Conference USA,False,34,27,fbs,fbs,NC State,NC State,NC State,NC State,1,1,1,higher_spi_home_field_adjusted,higher_spi,higher_spi_home_field_adjusted,68.70502270670762,43.42075344855464,74.547,25.453,79.322,20.678,0.067059,2021_w4,spi_rankings_2021_w4.csv,130,,False,False,ACC vs Conference USA
2021,regular,5,401310710,2021-10-02 22:30:00+00:00,New Mexico,Air Force,Mountain West,Mountain West,True,10,38,fbs,fbs,Air Force,Air Force,Air Force,Air Force,1,1,1,higher_spi_home_field_adjusted,higher_spi,higher_spi_home_field_adjusted,41.27940029330088,63.75395913643597,27.785,72.215,33.508,66.492,0.067059,2021_w4,spi_rankings_2021_w4.csv,130,,False,False,Mountain West vs Mountain West
2021,regular,5,401282218,2021-10-02 22:30:00+00:00,Rice,Southern Miss,Conference USA,Conference USA,True,24,19,fbs,fbs,Rice,Rice,Rice,Rice,1,1,1,higher_spi_home_field_adjusted,higher_spi,higher_spi_home_field_adjusted,35.52711473056881,28.3990608131299,57.516,42.484,63.941,36.059,0.067059,2021_w4,spi_rankings_2021_w4.csv,130,,False,False,Conference USA vs Conference USA
2021,regular,5,401287914,2021-10-02 23:00:00+00:00,Oklahoma State,Baylor,Big 12,Big 12,True,24,14,fbs,fbs,Baylor,Baylor,Baylor,Oklahoma State,0,0,0,higher_spi_home_field_adjusted,higher_spi,higher_spi_home_field_adjusted,78.9383883768888,85.9127741895223,42.643,57.357,49.336,50.664,0.067059,2021_w4,spi_rankings_2021_w4.csv,130,,False,False,Big 12 vs Big 12
2021,regular,5,401282216,2021-10-02 23:00:00+00:00,Middle Tennessee,Marshall,Conference USA,Conference USA,True,34,28,fbs,fbs,Marshall,Marshall,Marshall,Middle Tennessee,0,0,0,higher_spi_home_field_adjusted,higher_spi,higher_spi_home_field_adjusted,31.512652500858067,50.996874104708986,30.405,69.595,36.396,63.604,0.067059,2021_w4,spi_rankings_2021_w4.csv,130,,False,False,Conference USA vs Conference USA
2021,regular,5,401282095,2021-10-02 23:00:00+00:00,Texas A&M,Mississippi State,SEC,SEC,True,22,26,fbs,fbs,Texas A&M,Texas A&M,Texas A&M,Mississippi State,0,0,0,higher_spi_home_field_adjusted,higher_spi,higher_spi_home_field_adjusted,69.91828138163437,58.80223890122795,61.596,38.404,67.75,32.25,0.067059,2021_w4,spi_rankings_2021_w4.csv,130,,False,False,SEC vs SEC
2021,regular,5,401287912,2021-10-02 23:00:00+00:00,Iowa State,Kansas,Big 12,Big 12,True,59,7,fbs,fbs,Iowa State,Iowa State,Iowa State,Iowa State,1,1,1,higher_spi_home_field_adjusted,higher_spi,higher_spi_home_field_adjusted,63.60691441230616,31.970201878373743,79.324,20.676,83.402,16.598,0.067059,2021_w4,spi_rankings_2021_w4.csv,130,,False,False,Big 12 vs Big 12
2021,regular,5,401282221,2021-10-02 23:00:00+00:00,UAB,Liberty,Conference USA,FBS Independents,False,12,36,fbs,fbs,UAB,UAB,UAB,Liberty,0,0,0,higher_spi_home_field_adjusted,higher_spi,higher_spi_home_field_adjusted,66.84289114112197,62.7774813566726,54.309,45.691,60.889,39.111,0.067059,2021_w4,spi_rankings_2021_w4.csv,130,,False,False,Conference USA vs FBS Independents
2021,regular,5,401282223,2021-10-02 23:30:00+00:00,Michigan State,Western Kentucky,Big Ten,Conference USA,False,48,31,fbs,fbs,Michigan State,Michigan State,Michigan State,Michigan State,1,1,1,higher_spi_home_field_adjusted,higher_spi,higher_spi_home_field_adjusted,79.45171456207683,52.116618303223184,76.165,23.835,80.715,19.285,0.067059,2021_w4,spi_rankings_2021_w4.csv,130,,False,False,Big Ten vs Conference USA
2021,regular,5,401282647,2021-10-02 23:30:00+00:00,Clemson,Boston College,ACC,ACC,True,19,13,fbs,fbs,Boston College,Boston College,Boston College,Clemson,0,0,0,higher_spi_home_field_adjusted,higher_spi,higher_spi_home_field_adjusted,68.078972822865,83.96805034336627,33.731,66.269,40.001,59.999,0.067059,2021_w4,spi_rankings_2021_w4.csv,130,,False,False,ACC vs ACC
2021,regular,5,401282096,2021-10-02 23:30:00+00:00,Vanderbilt,UConn,SEC,FBS Independents,False,30,28,fbs,fbs,Vanderbilt,Vanderbilt,Vanderbilt,Vanderbilt,1,1,1,higher_spi_home_field_adjusted,higher_spi,higher_spi_home_field_adjusted,24.712190707978404,6.742154201379144,68.216,31.784,73.761,26.239,0.067059,2021_w4,spi_rankings_2021_w4.csv,130,,False,False,FBS Independents vs SEC
2021,regular,5,401282800,2021-10-02 23:30:00+00:00,Nebraska,Northwestern,Big Ten,Big Ten,True,56,7,fbs,fbs,Nebraska,Nebraska,Nebraska,Nebraska,1,1,1,higher_spi_home_field_adjusted,higher_spi,higher_spi_home_field_adjusted,58.60790352273082,54.7791194733065,54.059,45.941,60.649,39.351,0.067059,2021_w4,spi_rankings_2021_w4.csv,130,,False,False,Big Ten vs Big Ten
2021,regular,5,401282729,2021-10-02 23:30:00+00:00,Penn State,Indiana,Big Ten,Big Ten,True,24,0,fbs,fbs,Penn State,Penn State,Penn State,Penn State,1,1,1,higher_spi_home_field_adjusted,higher_spi,higher_spi_home_field_adjusted,79.18451433742082,50.74597845912084,77.006,22.994,81.435,18.565,0.067059,2021_w4,spi_rankings_2021_w4.csv,130,,False,False,Big Ten vs Big Ten
2021,regular,5,401309615,2021-10-03 00:00:00+00:00,South Alabama,Louisiana,Sun Belt,Sun Belt,True,18,20,fbs,fbs,South Alabama,South Alabama,South Alabama,Louisiana,0,0,0,higher_spi_home_field_adjusted,higher_spi,higher_spi_home_field_adjusted,70.57317961038827,65.95570844644139,54.89,45.11,61.446,38.554,0.067059,2021_w4,spi_rankings_2021_w4.csv,130,,False,False,Sun Belt vs Sun Belt
2021,regular,5,401309865,2021-10-03 01:00:00+00:00,Oregon State,Washington,Pac-12,Pac-12,True,27,24,fbs,fbs,Oregon State,Oregon State,Oregon State,Oregon State,1,1,1,higher_spi_home_field_adjusted,higher_spi,higher_spi_home_field_adjusted,67.90650254298106,54.18789977846424,64.177,35.823,70.118,29.882,0.067059,2021_w4,spi_rankings_2021_w4.csv,130,,False,False,Pac-12 vs Pac-12
2021,regular,5,401282217,2021-10-03 01:00:00+00:00,UTEP,Old Dominion,Conference USA,Conference USA,True,28,21,fbs,fbs,UTEP,UTEP,UTEP,UTEP,1,1,1,higher_spi_home_field_adjusted,higher_spi,higher_spi_home_field_adjusted,62.59090767262629,37.97132515835128,74.007,25.993,78.855,21.145,0.067059,2021_w4,spi_rankings_2021_w4.csv,130,,False,False,Conference USA vs Conference USA
2021,regular,5,401282092,2021-10-03 01:00:00+00:00,LSU,Auburn,SEC,SEC,True,19,24,fbs,fbs,Auburn,Auburn,Auburn,Auburn,1,1,1,higher_spi_home_field_adjusted,higher_spi,higher_spi_home_field_adjusted,61.92116758713221,73.73679365970858,37.703,62.297,44.218,55.782,0.067059,2021_w4,spi_rankings_2021_w4.csv,130,,False,False,SEC vs SEC
2021,regular,5,401309866,2021-10-03 02:30:00+00:00,UCLA,Arizona State,Pac-12,Pac-12,True,23,42,fbs,fbs,UCLA,UCLA,UCLA,Arizona State,0,0,0,higher_spi_home_field_adjusted,higher_spi,higher_spi_home_field_adjusted,74.73091204093731,64.0494867234547,61.158,38.842,67.345,32.655,0.067059,2021_w4,spi_rankings_2021_w4.csv,130,,False,False,Pac-12 vs Pac-12
2021,regular,5,401310713,2021-10-03 02:30:00+00:00,San José State,New Mexico State,Mountain West,FBS Independents,False,37,31,fbs,fbs,San José State,San José State,San José State,San José State,1,1,1,higher_spi_home_field_adjusted,higher_spi,higher_spi_home_field_adjusted,38.48525695029487,9.35925925925926,77.519,22.481,81.872,18.128,0.067059,2021_w4,spi_rankings_2021_w4.csv,130,,False,False,FBS Independents vs Mountain West
2021,regular,5,401310712,2021-10-03 03:00:00+00:00,Hawai'i,Fresno State,Mountain West,Mountain West,True,27,24,fbs,fbs,Fresno State,Fresno State,Fresno State,Hawai'i,0,0,0,higher_spi_home_field_adjusted,higher_spi,higher_spi_home_field_adjusted,35.004783300571006,67.98830540734501,19.753,80.247,24.38,75.62,0.067059,2021_w4,spi_rankings_2021_w4.csv,130,,False,False,Mountain West vs Mountain West
2021,regular,6,401309616,2021-10-07 23:30:00+00:00,Arkansas State,Coastal Carolina,Sun Belt,Sun Belt,True,20,52,fbs,fbs,Coastal Carolina,Coastal Carolina,Coastal Carolina,Coastal Carolina,1,1,1,higher_spi_home_field_adjusted,higher_spi,higher_spi_home_field_adjusted,20.146635386467803,87.47879571234374,5.408,94.592,6.967,93.033,0.067059,2021_w5,spi_rankings_2021_w5.csv,130,,False,False,Sun Belt vs Sun Belt
2021,regular,6,401301017,2021-10-07 23:30:00+00:00,Tulane,Houston,American Athletic,American Athletic,True,22,40,fbs,fbs,Houston,Houston,Houston,Houston,1,1,1,higher_spi_home_field_adjusted,higher_spi,higher_spi_home_field_adjusted,36.445170173871176,73.25413473310873,17.302,82.698,21.509,78.491,0.067059,2021_w5,spi_rankings_2021_w5.csv,130,,False,False,American Athletic vs American Athletic
2021,regular,6,401301018,2021-10-08 23:00:00+00:00,Cincinnati,Temple,American Athletic,American Athletic,True,52,3,fbs,fbs,Cincinnati,Cincinnati,Cincinnati,Cincinnati,1,1,1,higher_spi_home_field_adjusted,higher_spi,higher_spi_home_field_adjusted,84.8322655048693,47.3741468346019,83.089,16.911,86.551,13.449,0.067059,2021_w5,spi_rankings_2021_w5.csv,130,,False,False,American Athletic vs American Athletic
2021,regular,6,401282224,2021-10-08 23:00:00+00:00,Florida International,Charlotte,Conference USA,Conference USA,True,33,45,fbs,fbs,Charlotte,Charlotte,Charlotte,Charlotte,1,1,1,higher_spi_home_field_adjusted,higher_spi,higher_spi_home_field_adjusted,28.145001819951126,48.51268394505976,29.617,70.383,35.531,64.469,0.067059,2021_w5,spi_rankings_2021_w5.csv,130,,False,False,Conference USA vs Conference USA
2021,regular,6,401309868,2021-10-09 02:30:00+00:00,Arizona State,Stanford,Pac-12,Pac-12,True,28,10,fbs,fbs,Arizona State,Arizona State,Arizona State,Arizona State,1,1,1,higher_spi_home_field_adjusted,higher_spi,higher_spi_home_field_adjusted,65.6830833686181,49.56691848847489,66.484,33.516,72.208,27.792,0.067059,2021_w5,spi_rankings_2021_w5.csv,130,,False,False,Pac-12 vs Pac-12
2021,regular,6,401309564,2021-10-09 16:00:00+00:00,Toledo,Northern Illinois,Mid-American,Mid-American,True,20,22,fbs,fbs,Toledo,Toledo,Toledo,Northern Illinois,0,0,0,higher_spi_home_field_adjusted,higher_spi,higher_spi_home_field_adjusted,55.50722409169582,54.74577139928242,50.809,49.191,57.499,42.501,0.067059,2021_w5,spi_rankings_2021_w5.csv,130,,False,False,Mid-American vs Mid-American
2021,regular,6,401282098,2021-10-09 16:00:00+00:00,Florida,Vanderbilt,SEC,SEC,True,42,0,fbs,fbs,Florida,Florida,Florida,Florida,1,1,1,higher_spi_home_field_adjusted,higher_spi,higher_spi_home_field_adjusted,73.38506316479709,33.72923584338021,84.361,15.639,87.602,12.398,0.067059,2021_w5,spi_rankings_2021_w5.csv,130,,False,False,SEC vs SEC
2021,regular,6,401309566,2021-10-09 16:00:00+00:00,Bowling Green,Akron,Mid-American,Mid-American,True,20,35,fbs,fbs,Bowling Green,Bowling Green,Bowling Green,Akron,0,0,0,higher_spi_home_field_adjusted,higher_spi,higher_spi_home_field_adjusted,46.41604825470402,30.888600758099127,65.924,34.076,71.703,28.297,0.067059,2021_w5,spi_rankings_2021_w5.csv,130,,False,False,Mid-American vs Mid-American
2021,regular,6,401282769,2021-10-09 16:00:00+00:00,Ohio State,Maryland,Big Ten,Big Ten,True,66,17,fbs,fbs,Ohio State,Maryland,Ohio State,Ohio State,1,0,1,higher_spi_home_field_adjusted,higher_spi,higher_spi_home_field_adjusted,72.15707022310103,74.90220548362416,47.087,52.913,53.822,46.178,0.067059,2021_w5,spi_rankings_2021_w5.csv,130,,False,False,Big Ten vs Big Ten
2021,regular,6,401282788,2021-10-09 16:00:00+00:00,Rutgers,Michigan State,Big Ten,Big Ten,True,13,31,fbs,fbs,Michigan State,Michigan State,Michigan State,Michigan State,1,1,1,higher_spi_home_field_adjusted,higher_spi,higher_spi_home_field_adjusted,65.96937687439772,76.93437033405388,38.556,61.444,45.112,54.888,0.067059,2021_w5,spi_rankings_2021_w5.csv,130,,False,False,Big Ten vs Big Ten
2021,regular,6,401282100,2021-10-09 16:00:00+00:00,Ole Miss,Arkansas,SEC,SEC,True,52,51,fbs,fbs,Arkansas,Arkansas,Arkansas,Ole Miss,0,0,0,higher_spi_home_field_adjusted,higher_spi,higher_spi_home_field_adjusted,75.8609498253995,82.42117383133139,43.075,56.925,49.776,50.224,0.067059,2021_w5,spi_rankings_2021_w5.csv,130,,False,False,SEC vs SEC
2021,regular,6,401287918,2021-10-09 16:00:00+00:00,Texas,Oklahoma,Big 12,Big 12,True,48,55,fbs,fbs,Texas,Texas,Texas,Oklahoma,0,0,0,higher_spi_home_field_adjusted,higher_spi,higher_spi_home_field_adjusted,82.3577726769624,81.98768713588316,50.393,49.607,50.393,49.607,0.067059,2021_w5,spi_rankings_2021_w5.csv,130,,False,False,Big 12 vs Big 12
2021,regular,6,401282102,2021-10-09 16:00:00+00:00,Tennessee,South Carolina,SEC,SEC,True,45,20,fbs,fbs,Tennessee,South Carolina,Tennessee,Tennessee,1,0,1,higher_spi_home_field_adjusted,higher_spi,higher_spi_home_field_adjusted,64.55423082922916,67.4858182250378,46.889,53.111,53.625,46.375,0.067059,2021_w5,spi_rankings_2021_w5.csv,130,,False,False,SEC vs SEC
2021,regular,6,401287917,2021-10-09 16:00:00+00:00,Baylor,West Virginia,Big 12,Big 12,True,45,20,fbs,fbs,Baylor,Baylor,Baylor,Baylor,1,1,1,higher_spi_home_field_adjusted,higher_spi,higher_spi_home_field_adjusted,79.48441156151806,62.40945186043575,67.386,32.614,73.018,26.982,0.067059,2021_w5,spi_rankings_2021_w5.csv,130,,False,False,Big 12 vs Big 12
2021,regular,6,401282652,2021-10-09 16:30:00+00:00,Duke,Georgia Tech,ACC,ACC,True,27,31,fbs,fbs,Duke,Georgia Tech,Duke,Georgia Tech,0,1,0,higher_spi_home_field_adjusted,higher_spi,higher_spi_home_field_adjusted,54.93989704276514,59.0228496720374,45.673,54.327,52.407,47.593,0.067059,2021_w5,spi_rankings_2021_w5.csv,130,,False,False,ACC vs ACC
2021,regular,6,401282226,2021-10-09 18:00:00+00:00,Marshall,Old Dominion,Conference USA,Conference USA,True,20,13,fbs,fbs,Marshall,Marshall,Marshall,Marshall,1,1,1,higher_spi_home_field_adjusted,higher_spi,higher_spi_home_field_adjusted,49.05835053676741,36.039749218163855,63.49,36.51,69.491,30.509,0.067059,2021_w5,spi_rankings_2021_w5.csv,130,,False,False,Conference USA vs Conference USA
2021,regular,6,401282653,2021-10-09 19:00:00+00:00,Louisville,Virginia,ACC,ACC,True,33,34,fbs,fbs,Louisville,Virginia,Louisville,Virginia,0,1,0,higher_spi_home_field_adjusted,higher_spi,higher_spi_home_field_adjusted,60.89805369902535,64.22798416271107,46.468,53.532,53.204,46.796,0.067059,2021_w5,spi_rankings_2021_w5.csv,130,,False,False,ACC vs ACC
2021,regular,6,401309567,2021-10-09 19:30:00+00:00,Ohio,Central Michigan,Mid-American,Mid-American,True,27,30,fbs,fbs,Central Michigan,Central Michigan,Central Michigan,Central Michigan,1,1,1,higher_spi_home_field_adjusted,higher_spi,higher_spi_home_field_adjusted,21.641135352364827,43.60013073934586,28.226,71.774,33.998,66.002,0.067059,2021_w5,spi_rankings_2021_w5.csv,130,,False,False,Mid-American vs Mid-American
2021,regular,6,401282229,2021-10-09 19:30:00+00:00,Liberty,Middle Tennessee,FBS Independents,Conference USA,False,41,13,fbs,fbs,Liberty,Liberty,Liberty,Liberty,1,1,1,higher_spi_home_field_adjusted,higher_spi,higher_spi_home_field_adjusted,66.87754328883739,41.59455203203114,74.546,25.454,79.321,20.679,0.067059,2021_w5,spi_rankings_2021_w5.csv,130,,False,False,Conference USA vs FBS Independents
2021,regular,6,401286191,2021-10-09 19:30:00+00:00,Massachusetts,UConn,FBS Independents,FBS Independents,False,27,13,fbs,fbs,Massachusetts,Massachusetts,Massachusetts,Massachusetts,1,1,1,higher_spi_home_field_adjusted,higher_spi,higher_spi_home_field_adjusted,16.851358277806252,4.785024154589372,62.547,37.453,68.626,31.374,0.067059,2021_w5,spi_rankings_2021_w5.csv,130,,False,False,FBS Independents vs FBS Independents
2021,regular,6,401309563,2021-10-09 19:30:00+00:00,Western Michigan,Ball State,Mid-American,Mid-American,True,20,45,fbs,fbs,Western Michigan,Western Michigan,Western Michigan,Ball State,0,0,0,higher_spi_home_field_adjusted,higher_spi,higher_spi_home_field_adjusted,74.16643267295107,45.41002384507388,77.244,22.756,81.638,18.362,0.067059,2021_w5,spi_rankings_2021_w5.csv,130,,False,False,Mid-American vs Mid-American
2021,regular,6,401282225,2021-10-09 19:30:00+00:00,UAB,Florida Atlantic,Conference USA,Conference USA,True,31,14,fbs,fbs,UAB,UAB,UAB,UAB,1,1,1,higher_spi_home_field_adjusted,higher_spi,higher_spi_home_field_adjusted,57.453141492251866,56.94474776963134,50.54,49.46,57.236,42.764,0.067059,2021_w5,spi_rankings_2021_w5.csv,130,,False,False,Conference USA vs Conference USA
2021,regular,6,401282654,2021-10-09 19:30:00+00:00,North Carolina,Florida State,ACC,ACC,True,25,35,fbs,fbs,North Carolina,North Carolina,North Carolina,Florida State,0,0,0,higher_spi_home_field_adjusted,higher_spi,higher_spi_home_field_adjusted,63.18022715961343,36.44464748661036,75.699,24.301,80.315,19.685,0.067059,2021_w5,spi_rankings_2021_w5.csv,130,,False,False,ACC vs ACC
2021,regular,6,401282097,2021-10-09 19:30:00+00:00,Auburn,Georgia,SEC,SEC,True,10,34,fbs,fbs,Georgia,Georgia,Georgia,Georgia,1,1,1,higher_spi_home_field_adjusted,higher_spi,higher_spi_home_field_adjusted,76.46859655769245,100.0,26.892,73.108,32.515,67.485,0.067059,2021_w5,spi_rankings_2021_w5.csv,130,,False,False,SEC vs SEC
2021,regular,6,401310715,2021-10-09 19:30:00+00:00,Colorado State,San José State,Mountain West,Mountain West,True,32,14,fbs,fbs,San José State,San José State,San José State,Colorado State,0,0,0,higher_spi_home_field_adjusted,higher_spi,higher_spi_home_field_adjusted,45.32477584887721,52.30377584144883,42.639,57.361,49.331,50.669,0.067059,2021_w5,spi_rankings_2021_w5.csv,130,,False,False,Mountain West vs Mountain West
2021,regular,6,401282718,2021-10-09 19:30:00+00:00,Illinois,Wisconsin,Big Ten,Big Ten,True,0,24,fbs,fbs,Wisconsin,Wisconsin,Wisconsin,Wisconsin,1,1,1,higher_spi_home_field_adjusted,higher_spi,higher_spi_home_field_adjusted,39.39448369100945,48.00088397625893,40.956,59.044,47.604,52.396,0.067059,2021_w5,spi_rankings_2021_w5.csv,130,,False,False,Big Ten vs Big Ten
2021,regular,6,401301021,2021-10-09 19:30:00+00:00,Navy,SMU,American Athletic,American Athletic,True,24,31,fbs,fbs,SMU,SMU,SMU,SMU,1,1,1,higher_spi_home_field_adjusted,higher_spi,higher_spi_home_field_adjusted,33.175053973875094,79.0911967714945,12.44,87.56,15.689,84.311,0.067059,2021_w5,spi_rankings_2021_w5.csv,130,,False,False,American Athletic vs American Athletic
2021,regular,6,401309913,2021-10-09 19:30:00+00:00,BYU,Boise State,FBS Independents,Mountain West,False,17,26,fbs,fbs,BYU,BYU,BYU,Boise State,0,0,0,higher_spi_home_field_adjusted,higher_spi,higher_spi_home_field_adjusted,71.36147808393926,52.958996062287575,68.613,31.387,74.115,25.885,0.067059,2021_w5,spi_rankings_2021_w5.csv,130,,False,False,FBS Independents vs Mountain West
2021,regular,6,401282655,2021-10-09 19:30:00+00:00,Syracuse,Wake Forest,ACC,ACC,True,37,40,fbs,fbs,Wake Forest,Wake Forest,Wake Forest,Wake Forest,1,1,1,higher_spi_home_field_adjusted,higher_spi,higher_spi_home_field_adjusted,60.63012650517386,85.31925656853787,25.936,74.064,31.444,68.556,0.067059,2021_w5,spi_rankings_2021_w5.csv,130,,False,False,ACC vs ACC
2021,regular,6,401308836,2021-10-09 19:30:00+00:00,Eastern Michigan,Miami (OH),Mid-American,Mid-American,True,13,12,fbs,fbs,Eastern Michigan,Eastern Michigan,Eastern Michigan,Eastern Michigan,1,1,1,higher_spi_home_field_adjusted,higher_spi,higher_spi_home_field_adjusted,54.22950697895544,45.100973184252666,59.579,40.421,65.877,34.123,0.067059,2021_w5,spi_rankings_2021_w5.csv,130,,False,False,Mid-American vs Mid-American
2021,regular,6,401282101,2021-10-09 20:00:00+00:00,Missouri,North Texas,SEC,Conference USA,False,48,35,fbs,fbs,Missouri,Missouri,Missouri,Missouri,1,1,1,higher_spi_home_field_adjusted,higher_spi,higher_spi_home_field_adjusted,50.546720745214266,34.222447662055,66.681,33.319,72.385,27.615,0.067059,2021_w5,spi_rankings_2021_w5.csv,130,,False,False,Conference USA vs SEC
2021,regular,6,401282758,2021-10-09 20:00:00+00:00,Iowa,Penn State,Big Ten,Big Ten,True,23,20,fbs,fbs,Iowa,Iowa,Iowa,Iowa,1,1,1,higher_spi_home_field_adjusted,higher_spi,higher_spi_home_field_adjusted,91.65318417162509,82.2265504869298,59.884,40.116,66.161,33.839,0.067059,2021_w5,spi_rankings_2021_w5.csv,130,,False,False,Big Ten vs Big Ten
2021,regular,6,401309869,2021-10-09 20:00:00+00:00,Washington State,Oregon State,Pac-12,Pac-12,True,31,24,fbs,fbs,Oregon State,Oregon State,Oregon State,Washington State,0,0,0,higher_spi_home_field_adjusted,higher_spi,higher_spi_home_field_adjusted,33.85678098931058,66.34100684153054,20.092,79.908,24.774,75.226,0.067059,2021_w5,spi_rankings_2021_w5.csv,130,,False,False,Pac-12 vs Pac-12
2021,regular,6,401301019,2021-10-09 22:00:00+00:00,UCF,East Carolina,American Athletic,American Athletic,True,20,16,fbs,fbs,UCF,UCF,UCF,UCF,1,1,1,higher_spi_home_field_adjusted,higher_spi,higher_spi_home_field_adjusted,57.10748465872372,49.598187882434544,57.912,42.088,64.314,35.686,0.067059,2021_w5,spi_rankings_2021_w5.csv,130,,False,False,American Athletic vs American Athletic
2021,regular,6,401287919,2021-10-09 23:00:00+00:00,Texas Tech,TCU,Big 12,Big 12,True,31,52,fbs,fbs,Texas Tech,Texas Tech,Texas Tech,TCU,0,0,0,higher_spi_home_field_adjusted,higher_spi,higher_spi_home_field_adjusted,73.12324411858654,60.61145107167771,62.989,37.011,69.032,30.968,0.067059,2021_w5,spi_rankings_2021_w5.csv,130,,False,False,Big 12 vs Big 12
2021,regular,6,401310714,2021-10-09 23:00:00+00:00,Air Force,Wyoming,Mountain West,Mountain West,True,24,14,fbs,fbs,Wyoming,Wyoming,Wyoming,Air Force,0,0,0,higher_spi_home_field_adjusted,higher_spi,higher_spi_home_field_adjusted,68.11309493661912,74.49373602537533,43.262,56.738,49.967,50.033,0.067059,2021_w5,spi_rankings_2021_w5.csv,130,,False,False,Mountain West vs Mountain West
2021,regular,6,401309565,2021-10-09 23:00:00+00:00,Kent State,Buffalo,Mid-American,Mid-American,True,48,38,fbs,fbs,Kent State,Buffalo,Kent State,Kent State,1,0,1,higher_spi_home_field_adjusted,higher_spi,higher_spi_home_field_adjusted,44.76140069380994,47.67785379478381,46.905,53.095,53.641,46.359,0.067059,2021_w5,spi_rankings_2021_w5.csv,130,,False,False,Mid-American vs Mid-American
2021,regular,6,401309619,2021-10-09 23:00:00+00:00,Texas State,South Alabama,Sun Belt,Sun Belt,True,33,31,fbs,fbs,South Alabama,South Alabama,South Alabama,Texas State,0,0,0,higher_spi_home_field_adjusted,higher_spi,higher_spi_home_field_adjusted,36.39575951388734,61.97298301131341,25.218,74.782,30.636,69.364,0.067059,2021_w5,spi_rankings_2021_w5.csv,130,,False,False,Sun Belt vs Sun Belt
2021,regular,6,401309617,2021-10-09 23:00:00+00:00,Troy,Georgia Southern,Sun Belt,Sun Belt,True,27,24,fbs,fbs,Troy,Troy,Troy,Troy,1,1,1,higher_spi_home_field_adjusted,higher_spi,higher_spi_home_field_adjusted,43.846604119775066,39.50506243546602,54.6,45.4,61.168,38.832,0.067059,2021_w5,spi_rankings_2021_w5.csv,130,,False,False,Sun Belt vs Sun Belt
2021,regular,6,401282227,2021-10-09 23:00:00+00:00,Southern Miss,UTEP,Conference USA,Conference USA,True,13,26,fbs,fbs,UTEP,UTEP,UTEP,UTEP,1,1,1,higher_spi_home_field_adjusted,higher_spi,higher_spi_home_field_adjusted,27.797554579962718,58.56302602158685,21.29,78.71,26.16,73.84,0.067059,2021_w5,spi_rankings_2021_w5.csv,130,,False,False,Conference USA vs Conference USA
2021,regular,6,401282228,2021-10-09 23:00:00+00:00,Western Kentucky,UTSA,Conference USA,Conference USA,True,46,52,fbs,fbs,UTSA,UTSA,UTSA,UTSA,1,1,1,higher_spi_home_field_adjusted,higher_spi,higher_spi_home_field_adjusted,46.31765204020235,76.69662731655468,21.567,78.433,26.479,73.521,0.067059,2021_w5,spi_rankings_2021_w5.csv,130,,False,False,Conference USA vs Conference USA
2021,regular,6,401282656,2021-10-09 23:30:00+00:00,Virginia Tech,Notre Dame,ACC,FBS Independents,True,29,32,fbs,fbs,Virginia Tech,Notre Dame,Virginia Tech,Notre Dame,0,1,0,higher_spi_home_field_adjusted,higher_spi,higher_spi_home_field_adjusted,67.67693453375824,72.90832578678278,44.464,55.536,51.188,48.812,0.067059,2021_w5,spi_rankings_2021_w5.csv,130,,False,False,ACC vs FBS Independents
2021,regular,6,401282778,2021-10-09 23:30:00+00:00,Nebraska,Michigan,Big Ten,Big Ten,True,29,32,fbs,fbs,Michigan,Michigan,Michigan,Michigan,1,1,1,higher_spi_home_field_adjusted,higher_spi,higher_spi_home_field_adjusted,61.3185149694075,89.63475438088236,23.086,76.914,28.22,71.78,0.067059,2021_w5,spi_rankings_2021_w5.csv,130,,False,False,Big Ten vs Big Ten
2021,regular,6,401282099,2021-10-09 23:30:00+00:00,Kentucky,LSU,SEC,SEC,True,42,21,fbs,fbs,Kentucky,Kentucky,Kentucky,Kentucky,1,1,1,higher_spi_home_field_adjusted,higher_spi,higher_spi_home_field_adjusted,76.86870352624815,60.92096955110349,66.324,33.676,72.064,27.936,0.067059,2021_w5,spi_rankings_2021_w5.csv,130,,False,False,SEC vs SEC
2021,regular,6,401309871,2021-10-10 00:00:00+00:00,USC,Utah,Pac-12,Pac-12,True,26,42,fbs,fbs,USC,USC,USC,Utah,0,0,0,higher_spi_home_field_adjusted,higher_spi,higher_spi_home_field_adjusted,51.174915873687965,50.41479843112786,50.808,49.192,57.497,42.503,0.067059,2021_w5,spi_rankings_2021_w5.csv,130,,False,False,Pac-12 vs Pac-12
2021,regular,6,401309618,2021-10-10 00:00:00+00:00,UL Monroe,Georgia State,Sun Belt,Sun Belt,True,21,55,fbs,fbs,UL Monroe,UL Monroe,UL Monroe,Georgia State,0,0,0,higher_spi_home_field_adjusted,higher_spi,higher_spi_home_field_adjusted,46.2862783113825,35.75840705992468,61.003,38.997,67.201,32.799,0.067059,2021_w5,spi_rankings_2021_w5.csv,130,,False,False,Sun Belt vs Sun Belt
2021,regular,6,401282103,2021-10-10 00:00:00+00:00,Texas A&M,Alabama,SEC,SEC,True,41,38,fbs,fbs,Alabama,Alabama,Alabama,Texas A&M,0,0,0,higher_spi_home_field_adjusted,higher_spi,higher_spi_home_field_adjusted,63.604275770879305,84.64031823145322,29.028,70.972,34.883,65.117,0.067059,2021_w5,spi_rankings_2021_w5.csv,130,,False,False,SEC vs SEC
2021,regular,6,401310716,2021-10-10 01:00:00+00:00,San Diego State,New Mexico,Mountain West,Mountain West,True,31,7,fbs,fbs,San Diego State,San Diego State,San Diego State,San Diego State,1,1,1,higher_spi_home_field_adjusted,higher_spi,higher_spi_home_field_adjusted,74.80348056366486,34.88509051471189,84.508,15.492,87.722,12.278,0.067059,2021_w5,spi_rankings_2021_w5.csv,130,,False,False,Mountain West vs Mountain West
2021,regular,6,401301020,2021-10-10 01:00:00+00:00,Tulsa,Memphis,American Athletic,American Athletic,True,35,29,fbs,fbs,Memphis,Memphis,Memphis,Tulsa,0,0,0,higher_spi_home_field_adjusted,higher_spi,higher_spi_home_field_adjusted,36.36865524183065,55.32931120758992,30.878,69.122,36.913,63.087,0.067059,2021_w5,spi_rankings_2021_w5.csv,130,,False,False,American Athletic vs American Athletic
2021,regular,6,401310717,2021-10-10 02:30:00+00:00,Nevada,New Mexico State,Mountain West,FBS Independents,False,55,28,fbs,fbs,Nevada,Nevada,Nevada,Nevada,1,1,1,higher_spi_home_field_adjusted,higher_spi,higher_spi_home_field_adjusted,60.54281527867538,12.215036510448009,88.634,11.366,91.083,8.917,0.067059,2021_w5,spi_rankings_2021_w5.csv,130,,False,False,FBS Independents vs Mountain West
2021,regular,6,401309870,2021-10-10 02:30:00+00:00,Arizona,UCLA,Pac-12,Pac-12,True,16,34,fbs,fbs,UCLA,UCLA,UCLA,UCLA,1,1,1,higher_spi_home_field_adjusted,higher_spi,higher_spi_home_field_adjusted,20.107087409652436,56.01147683462215,17.859,82.141,22.165,77.835,0.067059,2021_w5,spi_rankings_2021_w5.csv,130,,False,False,Pac-12 vs Pac-12
2021,regular,7,401309620,2021-10-12 23:30:00+00:00,Louisiana,App State,Sun Belt,Sun Belt,True,41,13,fbs,fbs,Louisiana,App State,Louisiana,Louisiana,1,0,1,higher_spi_home_field_adjusted,higher_spi,higher_spi_home_field_adjusted,63.45201815542357,65.72448339220468,47.587,52.413,54.321,45.679,0.067059,2021_w6,spi_rankings_2021_w6.csv,130,,False,False,Sun Belt vs Sun Belt
2021,regular,7,401309621,2021-10-14 23:30:00+00:00,South Alabama,Georgia Southern,Sun Belt,Sun Belt,True,41,14,fbs,fbs,South Alabama,South Alabama,South Alabama,South Alabama,1,1,1,higher_spi_home_field_adjusted,higher_spi,higher_spi_home_field_adjusted,51.03519487466957,29.009896711160103,71.831,28.169,76.958,23.042,0.067059,2021_w6,spi_rankings_2021_w6.csv,130,,False,False,Sun Belt vs Sun Belt
2021,regular,7,401301022,2021-10-14 23:30:00+00:00,Memphis,Navy,American Athletic,American Athletic,True,35,17,fbs,fbs,Memphis,Memphis,Memphis,Memphis,1,1,1,higher_spi_home_field_adjusted,higher_spi,higher_spi_home_field_adjusted,45.06266739121272,30.050231307611806,65.431,34.569,71.257,28.743,0.067059,2021_w6,spi_rankings_2021_w6.csv,130,,False,False,American Athletic vs American Athletic
2021,regular,7,401282657,2021-10-15 23:00:00+00:00,Syracuse,Clemson,ACC,ACC,True,14,17,fbs,fbs,Clemson,Clemson,Clemson,Clemson,1,1,1,higher_spi_home_field_adjusted,higher_spi,higher_spi_home_field_adjusted,55.38111132162894,65.95522503010757,38.95,61.05,45.524,54.476,0.067059,2021_w6,spi_rankings_2021_w6.csv,130,,False,False,ACC vs ACC
2021,regular,7,401282231,2021-10-15 23:00:00+00:00,North Texas,Marshall,Conference USA,Conference USA,True,21,49,fbs,fbs,Marshall,Marshall,Marshall,Marshall,1,1,1,higher_spi_home_field_adjusted,higher_spi,higher_spi_home_field_adjusted,27.11491803134727,47.89147585482573,29.256,70.744,35.134,64.866,0.067059,2021_w6,spi_rankings_2021_w6.csv,130,,False,False,Conference USA vs Conference USA
2021,regular,7,401309872,2021-10-16 02:30:00+00:00,Oregon,California,Pac-12,Pac-12,True,24,17,fbs,fbs,Oregon,Oregon,Oregon,Oregon,1,1,1,higher_spi_home_field_adjusted,higher_spi,higher_spi_home_field_adjusted,66.90687084245386,30.02750521311388,82.741,17.259,86.262,13.738,0.067059,2021_w6,spi_rankings_2021_w6.csv,130,,False,False,Pac-12 vs Pac-12
2021,regular,7,401310723,2021-10-16 02:30:00+00:00,San José State,San Diego State,Mountain West,Mountain West,True,13,19,fbs,fbs,San Diego State,San Diego State,San Diego State,San Diego State,1,1,1,higher_spi_home_field_adjusted,higher_spi,higher_spi_home_field_adjusted,39.21513653553353,72.33624519295141,19.661,80.339,24.273,75.727,0.067059,2021_w6,spi_rankings_2021_w6.csv,130,,False,False,Mountain West vs Mountain West
2021,regular,7,401301023,2021-10-16 16:00:00+00:00,Cincinnati,UCF,American Athletic,American Athletic,True,56,21,fbs,fbs,Cincinnati,Cincinnati,Cincinnati,Cincinnati,1,1,1,higher_spi_home_field_adjusted,higher_spi,higher_spi_home_field_adjusted,84.13177194945487,55.189160228985386,77.383,22.617,81.756,18.244,0.067059,2021_w6,spi_rankings_2021_w6.csv,130,,False,False,American Athletic vs American Athletic
2021,regular,7,401282104,2021-10-16 16:00:00+00:00,Arkansas,Auburn,SEC,SEC,True,23,38,fbs,fbs,Arkansas,Arkansas,Arkansas,Auburn,0,0,0,higher_spi_home_field_adjusted,higher_spi,higher_spi_home_field_adjusted,70.28168484185737,68.4677179484406,51.926,48.074,58.588,41.412,0.067059,2021_w6,spi_rankings_2021_w6.csv,130,,False,False,SEC vs SEC
2021,regular,7,401286192,2021-10-16 16:00:00+00:00,UConn,Yale,FBS Independents,Ivy,False,21,15,fbs,fcs,UConn,UConn,UConn,UConn,1,1,1,fbs_vs_fcs_rule,fbs_vs_fcs_rule,fbs_vs_fcs_rule,2.7242888402625813,,100.0,0.0,100.0,0.0,0.067059,2021_w6,spi_rankings_2021_w6.csv,130,,False,False,FBS Independents vs Ivy
2021,regular,7,401282106,2021-10-16 16:00:00+00:00,LSU,Florida,SEC,SEC,True,49,42,fbs,fbs,Florida,Florida,Florida,LSU,0,0,0,higher_spi_home_field_adjusted,higher_spi,higher_spi_home_field_adjusted,55.80708516661015,74.51857430248229,31.105,68.895,37.16,62.84,0.067059,2021_w6,spi_rankings_2021_w6.csv,130,,False,False,SEC vs SEC
2021,regular,7,401282731,2021-10-16 16:00:00+00:00,Indiana,Michigan State,Big Ten,Big Ten,True,15,20,fbs,fbs,Michigan State,Michigan State,Michigan State,Michigan State,1,1,1,higher_spi_home_field_adjusted,higher_spi,higher_spi_home_field_adjusted,44.48014571662434,74.67489227847481,21.699,78.301,26.631,73.369,0.067059,2021_w6,spi_rankings_2021_w6.csv,130,,False,False,Big Ten vs Big Ten
2021,regular,7,401282796,2021-10-16 16:00:00+00:00,Minnesota,Nebraska,Big Ten,Big Ten,True,30,23,fbs,fbs,Minnesota,Minnesota,Minnesota,Minnesota,1,1,1,higher_spi_home_field_adjusted,higher_spi,higher_spi_home_field_adjusted,58.307964586257214,55.77256029191696,52.691,47.309,59.33,40.67,0.067059,2021_w6,spi_rankings_2021_w6.csv,130,,False,False,Big Ten vs Big Ten
2021,regular,7,401282807,2021-10-16 16:00:00+00:00,Northwestern,Rutgers,Big Ten,Big Ten,True,21,7,fbs,fbs,Rutgers,Rutgers,Rutgers,Northwestern,0,0,0,higher_spi_home_field_adjusted,higher_spi,higher_spi_home_field_adjusted,39.94325031512407,55.52444306285516,34.025,65.975,40.315,59.685,0.067059,2021_w6,spi_rankings_2021_w6.csv,130,,False,False,Big Ten vs Big Ten
2021,regular,7,401309571,2021-10-16 16:00:00+00:00,Buffalo,Ohio,Mid-American,Mid-American,True,27,26,fbs,fbs,Buffalo,Buffalo,Buffalo,Buffalo,1,1,1,higher_spi_home_field_adjusted,higher_spi,higher_spi_home_field_adjusted,41.08036556009287,19.22878020532204,71.681,28.319,76.827,23.173,0.067059,2021_w6,spi_rankings_2021_w6.csv,130,,False,False,Mid-American vs Mid-American
2021,regular,7,401287924,2021-10-16 16:00:00+00:00,Texas,Oklahoma State,Big 12,Big 12,True,24,32,fbs,fbs,Texas,Oklahoma State,Texas,Oklahoma State,0,1,0,higher_spi_home_field_adjusted,higher_spi,higher_spi_home_field_adjusted,73.63688493927573,76.7388628252502,46.709,53.291,53.445,46.555,0.067059,2021_w6,spi_rankings_2021_w6.csv,130,,False,False,Big 12 vs Big 12
2021,regular,7,401301024,2021-10-16 16:00:00+00:00,South Florida,Tulsa,American Athletic,American Athletic,True,31,32,fbs,fbs,Tulsa,Tulsa,Tulsa,Tulsa,1,1,1,higher_spi_home_field_adjusted,higher_spi,higher_spi_home_field_adjusted,30.58876052612297,38.13574746479797,42.049,57.951,48.728,51.272,0.067059,2021_w6,spi_rankings_2021_w6.csv,130,,False,False,American Athletic vs American Athletic
2021,regular,7,401282108,2021-10-16 16:00:00+00:00,Missouri,Texas A&M,SEC,SEC,True,14,35,fbs,fbs,Texas A&M,Texas A&M,Texas A&M,Texas A&M,1,1,1,higher_spi_home_field_adjusted,higher_spi,higher_spi_home_field_adjusted,52.85256848968074,66.56555920397898,35.829,64.171,42.24,57.76,0.067059,2021_w6,spi_rankings_2021_w6.csv,130,,False,False,SEC vs SEC
2021,regular,7,401282660,2021-10-16 16:30:00+00:00,Virginia,Duke,ACC,ACC,True,48,0,fbs,fbs,Virginia,Virginia,Virginia,Virginia,1,1,1,higher_spi_home_field_adjusted,higher_spi,higher_spi_home_field_adjusted,62.54491054255544,49.06698594930141,63.941,36.059,69.903,30.097,0.067059,2021_w6,spi_rankings_2021_w6.csv,130,,False,False,ACC vs ACC
2021,regular,7,401309568,2021-10-16 18:00:00+00:00,Eastern Michigan,Ball State,Mid-American,Mid-American,True,31,38,fbs,fbs,Eastern Michigan,Eastern Michigan,Eastern Michigan,Ball State,0,0,0,higher_spi_home_field_adjusted,higher_spi,higher_spi_home_field_adjusted,62.3052926983336,48.30368372868211,64.453,35.547,70.369,29.631,0.067059,2021_w6,spi_rankings_2021_w6.csv,130,,False,False,Mid-American vs Mid-American
2021,regular,7,401308837,2021-10-16 18:30:00+00:00,Miami (OH),Akron,Mid-American,Mid-American,True,34,21,fbs,fbs,Miami (OH),Miami (OH),Miami (OH),Miami (OH),1,1,1,higher_spi_home_field_adjusted,higher_spi,higher_spi_home_field_adjusted,43.29648851940672,30.25871116379481,63.509,36.491,69.508,30.492,0.067059,2021_w6,spi_rankings_2021_w6.csv,130,,False,False,Mid-American vs Mid-American
2021,regular,7,401309622,2021-10-16 19:00:00+00:00,Texas State,Troy,Sun Belt,Sun Belt,True,28,31,fbs,fbs,Texas State,Troy,Texas State,Troy,0,1,0,higher_spi_home_field_adjusted,higher_spi,higher_spi_home_field_adjusted,40.834141112680456,43.233507315142845,47.453,52.547,54.187,45.813,0.067059,2021_w6,spi_rankings_2021_w6.csv,130,,False,False,Sun Belt vs Sun Belt
2021,regular,7,401282232,2021-10-16 19:30:00+00:00,Old Dominion,Western Kentucky,Conference USA,Conference USA,True,20,43,fbs,fbs,Western Kentucky,Western Kentucky,Western Kentucky,Western Kentucky,1,1,1,higher_spi_home_field_adjusted,higher_spi,higher_spi_home_field_adjusted,26.54327363163297,38.55792458579474,37.505,62.495,44.01,55.99,0.067059,2021_w6,spi_rankings_2021_w6.csv,130,,False,False,Conference USA vs Conference USA
2021,regular,7,401309875,2021-10-16 19:30:00+00:00,Colorado,Arizona,Pac-12,Pac-12,True,34,0,fbs,fbs,Colorado,Colorado,Colorado,Colorado,1,1,1,higher_spi_home_field_adjusted,higher_spi,higher_spi_home_field_adjusted,27.288973783939312,13.000557147078744,64.731,35.269,70.622,29.378,0.067059,2021_w6,spi_rankings_2021_w6.csv,130,,False,False,Pac-12 vs Pac-12
2021,regular,7,401282234,2021-10-16 19:30:00+00:00,Southern Miss,UAB,Conference USA,Conference USA,True,0,34,fbs,fbs,UAB,UAB,UAB,UAB,1,1,1,higher_spi_home_field_adjusted,higher_spi,higher_spi_home_field_adjusted,21.60719527200128,56.022530830532325,18.806,81.194,23.276,76.724,0.067059,2021_w6,spi_rankings_2021_w6.csv,130,,False,False,Conference USA vs Conference USA
2021,regular,7,401282105,2021-10-16 19:30:00+00:00,Georgia,Kentucky,SEC,SEC,True,30,13,fbs,fbs,Georgia,Georgia,Georgia,Georgia,1,1,1,higher_spi_home_field_adjusted,higher_spi,higher_spi_home_field_adjusted,95.96173512868586,77.77983307219588,68.411,31.589,73.935,26.065,0.067059,2021_w6,spi_rankings_2021_w6.csv,130,,False,False,SEC vs SEC
2021,regular,7,401309570,2021-10-16 19:30:00+00:00,Northern Illinois,Bowling Green,Mid-American,Mid-American,True,34,26,fbs,fbs,Northern Illinois,Northern Illinois,Northern Illinois,Northern Illinois,1,1,1,higher_spi_home_field_adjusted,higher_spi,higher_spi_home_field_adjusted,60.28254794429946,38.59926492390215,71.536,28.464,76.699,23.301,0.067059,2021_w6,spi_rankings_2021_w6.csv,130,,False,False,Mid-American vs Mid-American
2021,regular,7,401282760,2021-10-16 19:30:00+00:00,Iowa,Purdue,Big Ten,Big Ten,True,7,24,fbs,fbs,Iowa,Iowa,Iowa,Purdue,0,0,0,higher_spi_home_field_adjusted,higher_spi,higher_spi_home_field_adjusted,90.90536105032822,56.060162995513096,81.471,18.529,85.205,14.795,0.067059,2021_w6,spi_rankings_2021_w6.csv,130,,False,False,Big Ten vs Big Ten
2021,regular,7,401282661,2021-10-16 19:30:00+00:00,Virginia Tech,Pittsburgh,ACC,ACC,True,7,28,fbs,fbs,Pittsburgh,Pittsburgh,Pittsburgh,Pittsburgh,1,1,1,higher_spi_home_field_adjusted,higher_spi,higher_spi_home_field_adjusted,54.1723745803681,86.44270634613085,20.238,79.762,24.944,75.056,0.067059,2021_w6,spi_rankings_2021_w6.csv,130,,False,False,ACC vs ACC
2021,regular,7,401309569,2021-10-16 19:30:00+00:00,Central Michigan,Toledo,Mid-American,Mid-American,True,26,23,fbs,fbs,Toledo,Toledo,Toledo,Central Michigan,0,0,0,higher_spi_home_field_adjusted,higher_spi,higher_spi_home_field_adjusted,42.552585378764896,55.48039218977138,36.6,63.4,43.056,56.944,0.067059,2021_w6,spi_rankings_2021_w6.csv,130,,False,False,Mid-American vs Mid-American
2021,regular,7,401309572,2021-10-16 19:30:00+00:00,Western Michigan,Kent State,Mid-American,Mid-American,True,64,31,fbs,fbs,Western Michigan,Western Michigan,Western Michigan,Western Michigan,1,1,1,higher_spi_home_field_adjusted,higher_spi,higher_spi_home_field_adjusted,55.75396644834556,45.86646129987889,60.354,39.646,66.598,33.402,0.067059,2021_w6,spi_rankings_2021_w6.csv,130,,False,False,Mid-American vs Mid-American
2021,regular,7,401310721,2021-10-16 19:30:00+00:00,Wyoming,Fresno State,Mountain West,Mountain West,True,0,17,fbs,fbs,Wyoming,Wyoming,Wyoming,Fresno State,0,0,0,higher_spi_home_field_adjusted,higher_spi,higher_spi_home_field_adjusted,64.84335825110395,54.46652421280519,60.85,39.15,67.059,32.941,0.067059,2021_w6,spi_rankings_2021_w6.csv,130,,False,False,Mountain West vs Mountain West
2021,regular,7,401282659,2021-10-16 19:30:00+00:00,North Carolina,Miami,ACC,ACC,True,45,42,fbs,fbs,North Carolina,North Carolina,North Carolina,North Carolina,1,1,1,higher_spi_home_field_adjusted,higher_spi,higher_spi_home_field_adjusted,60.09845568377666,55.470825956402656,54.901,45.099,61.456,38.544,0.067059,2021_w6,spi_rankings_2021_w6.csv,130,,False,False,ACC vs ACC
2021,regular,7,401287920,2021-10-16 19:30:00+00:00,Baylor,BYU,Big 12,FBS Independents,False,38,24,fbs,fbs,Baylor,Baylor,Baylor,Baylor,1,1,1,higher_spi_home_field_adjusted,higher_spi,higher_spi_home_field_adjusted,79.04197074166636,59.551394262358734,69.601,30.399,74.992,25.008,0.067059,2021_w6,spi_rankings_2021_w6.csv,130,,False,False,Big 12 vs FBS Independents
2021,regular,7,401282109,2021-10-16 20:00:00+00:00,South Carolina,Vanderbilt,SEC,SEC,True,21,20,fbs,fbs,South Carolina,South Carolina,South Carolina,South Carolina,1,1,1,higher_spi_home_field_adjusted,higher_spi,higher_spi_home_field_adjusted,58.910282463448006,28.042067961127625,78.783,21.217,82.945,17.055,0.067059,2021_w6,spi_rankings_2021_w6.csv,130,,False,False,SEC vs SEC
2021,regular,7,401287921,2021-10-16 20:00:00+00:00,Kansas,Texas Tech,Big 12,Big 12,True,14,41,fbs,fbs,Texas Tech,Texas Tech,Texas Tech,Texas Tech,1,1,1,higher_spi_home_field_adjusted,higher_spi,higher_spi_home_field_adjusted,26.11854440088631,57.64945487481626,20.75,79.25,25.536,74.464,0.067059,2021_w6,spi_rankings_2021_w6.csv,130,,False,False,Big 12 vs Big 12
2021,regular,7,401282233,2021-10-16 22:00:00+00:00,UTSA,Rice,Conference USA,Conference USA,True,45,0,fbs,fbs,UTSA,UTSA,UTSA,UTSA,1,1,1,higher_spi_home_field_adjusted,higher_spi,higher_spi_home_field_adjusted,71.91960146926387,35.11785590807763,82.694,17.306,86.223,13.777,0.067059,2021_w6,spi_rankings_2021_w6.csv,130,,False,False,Conference USA vs Conference USA
2021,regular,7,401286296,2021-10-16 23:00:00+00:00,UL Monroe,Liberty,Sun Belt,FBS Independents,False,31,28,fbs,fbs,Liberty,Liberty,Liberty,UL Monroe,0,0,0,higher_spi_home_field_adjusted,higher_spi,higher_spi_home_field_adjusted,35.29972188023432,67.84033400479407,20.053,79.947,24.729,75.271,0.067059,2021_w6,spi_rankings_2021_w6.csv,130,,False,False,FBS Independents vs Sun Belt
2021,regular,7,401310719,2021-10-16 23:00:00+00:00,New Mexico,Colorado State,Mountain West,Mountain West,True,7,36,fbs,fbs,Colorado State,Colorado State,Colorado State,Colorado State,1,1,1,higher_spi_home_field_adjusted,higher_spi,higher_spi_home_field_adjusted,28.358375425506075,45.48645286590414,32.565,67.435,38.744,61.256,0.067059,2021_w6,spi_rankings_2021_w6.csv,130,,False,False,Mountain West vs Mountain West
2021,regular,7,401310720,2021-10-16 23:00:00+00:00,UNLV,Utah State,Mountain West,Mountain West,True,24,28,fbs,fbs,Utah State,Utah State,Utah State,Utah State,1,1,1,higher_spi_home_field_adjusted,higher_spi,higher_spi_home_field_adjusted,15.241767830229458,47.45307575894894,20.278,79.722,24.991,75.009,0.067059,2021_w6,spi_rankings_2021_w6.csv,130,,False,False,Mountain West vs Mountain West
2021,regular,7,401282107,2021-10-16 23:00:00+00:00,Mississippi State,Alabama,SEC,SEC,True,9,49,fbs,fbs,Alabama,Alabama,Alabama,Alabama,1,1,1,higher_spi_home_field_adjusted,higher_spi,higher_spi_home_field_adjusted,54.51281793162668,78.32240764368743,26.661,73.339,32.256,67.744,0.067059,2021_w6,spi_rankings_2021_w6.csv,130,,False,False,SEC vs SEC
2021,regular,7,401309873,2021-10-16 23:30:00+00:00,Washington State,Stanford,Pac-12,Pac-12,True,34,31,fbs,fbs,Washington State,Stanford,Washington State,Washington State,1,0,1,higher_spi_home_field_adjusted,higher_spi,higher_spi_home_field_adjusted,36.34640484421451,38.596561706944975,47.611,52.389,54.345,45.655,0.067059,2021_w6,spi_rankings_2021_w6.csv,130,,False,False,Pac-12 vs Pac-12
2021,regular,7,401282658,2021-10-16 23:30:00+00:00,Boston College,NC State,ACC,ACC,True,7,33,fbs,fbs,Boston College,Boston College,Boston College,NC State,0,0,0,higher_spi_home_field_adjusted,higher_spi,higher_spi_home_field_adjusted,75.28569298313396,72.53738030079873,52.917,47.083,59.548,40.452,0.067059,2021_w6,spi_rankings_2021_w6.csv,130,,False,False,ACC vs ACC
2021,regular,7,401282110,2021-10-16 23:30:00+00:00,Tennessee,Ole Miss,SEC,SEC,True,26,31,fbs,fbs,Tennessee,Ole Miss,Tennessee,Ole Miss,0,1,0,higher_spi_home_field_adjusted,higher_spi,higher_spi_home_field_adjusted,65.74627778136237,71.58623711487537,43.827,56.173,50.542,49.458,0.067059,2021_w6,spi_rankings_2021_w6.csv,130,,False,False,SEC vs SEC
2021,regular,7,401287922,2021-10-16 23:30:00+00:00,Kansas State,Iowa State,Big 12,Big 12,True,20,33,fbs,fbs,Kansas State,Iowa State,Kansas State,Iowa State,0,1,0,higher_spi_home_field_adjusted,higher_spi,higher_spi_home_field_adjusted,63.14035954044286,67.60580448669056,45.27,54.73,52.001,47.999,0.067059,2021_w6,spi_rankings_2021_w6.csv,130,,False,False,Big 12 vs Big 12
2021,regular,7,401287923,2021-10-16 23:30:00+00:00,Oklahoma,TCU,Big 12,Big 12,True,52,31,fbs,fbs,Oklahoma,Oklahoma,Oklahoma,Oklahoma,1,1,1,higher_spi_home_field_adjusted,higher_spi,higher_spi_home_field_adjusted,81.03217569728885,61.13884707257814,69.962,30.038,75.312,24.688,0.067059,2021_w6,spi_rankings_2021_w6.csv,130,,False,False,Big 12 vs Big 12
2021,regular,7,401282826,2021-10-17 00:00:00+00:00,Wisconsin,Army,Big Ten,FBS Independents,False,20,14,fbs,fbs,Army,Army,Army,Wisconsin,0,0,0,higher_spi_home_field_adjusted,higher_spi,higher_spi_home_field_adjusted,51.76765959811562,66.15086303406522,35.177,64.823,41.546,58.454,0.067059,2021_w6,spi_rankings_2021_w6.csv,130,,False,False,Big Ten vs FBS Independents
2021,regular,7,401309874,2021-10-17 00:30:00+00:00,Washington,UCLA,Pac-12,Pac-12,True,17,24,fbs,fbs,UCLA,UCLA,UCLA,UCLA,1,1,1,higher_spi_home_field_adjusted,higher_spi,higher_spi_home_field_adjusted,43.42977547401635,53.069167730548415,39.899,60.101,46.51,53.49,0.067059,2021_w6,spi_rankings_2021_w6.csv,130,,False,False,Pac-12 vs Pac-12
2021,regular,7,401310718,2021-10-17 01:00:00+00:00,Boise State,Air Force,Mountain West,Mountain West,True,17,24,fbs,fbs,Air Force,Air Force,Air Force,Air Force,1,1,1,higher_spi_home_field_adjusted,higher_spi,higher_spi_home_field_adjusted,55.154495111094135,64.19498747160763,40.511,59.489,47.144,52.856,0.067059,2021_w6,spi_rankings_2021_w6.csv,130,,False,False,Mountain West vs Mountain West
2021,regular,7,401282230,2021-10-17 01:00:00+00:00,UTEP,Louisiana Tech,Conference USA,Conference USA,True,19,3,fbs,fbs,UTEP,UTEP,UTEP,UTEP,1,1,1,higher_spi_home_field_adjusted,higher_spi,higher_spi_home_field_adjusted,56.22936199915037,44.64567456410345,62.065,37.935,68.182,31.818,0.067059,2021_w6,spi_rankings_2021_w6.csv,130,,False,False,Conference USA vs Conference USA
2021,regular,7,401309876,2021-10-17 02:00:00+00:00,Utah,Arizona State,Pac-12,Pac-12,True,35,21,fbs,fbs,Arizona State,Arizona State,Arizona State,Utah,0,0,0,higher_spi_home_field_adjusted,higher_spi,higher_spi_home_field_adjusted,51.57425347699435,63.99879448489659,37.097,62.903,43.581,56.419,0.067059,2021_w6,spi_rankings_2021_w6.csv,130,,False,False,Pac-12 vs Pac-12
2021,regular,7,401310722,2021-10-17 02:30:00+00:00,Nevada,Hawai'i,Mountain West,Mountain West,True,34,17,fbs,fbs,Nevada,Nevada,Nevada,Nevada,1,1,1,higher_spi_home_field_adjusted,higher_spi,higher_spi_home_field_adjusted,62.92556482704321,36.59653516429155,75.38,24.62,80.041,19.959,0.067059,2021_w6,spi_rankings_2021_w6.csv,130,,False,False,Mountain West vs Mountain West
2021,regular,8,401309623,2021-10-20 23:30:00+00:00,App State,Coastal Carolina,Sun Belt,Sun Belt,True,30,27,fbs,fbs,Coastal Carolina,Coastal Carolina,Coastal Carolina,App State,0,0,0,higher_spi_home_field_adjusted,higher_spi,higher_spi_home_field_adjusted,55.00498348818508,83.824016563147,22.709,77.291,27.789,72.211,0.067059,2021_w7,spi_rankings_2021_w7.csv,130,,False,False,Sun Belt vs Sun Belt
2021,regular,8,401309624,2021-10-21 23:30:00+00:00,Arkansas State,Louisiana,Sun Belt,Sun Belt,True,27,28,fbs,fbs,Louisiana,Louisiana,Louisiana,Louisiana,1,1,1,higher_spi_home_field_adjusted,higher_spi,higher_spi_home_field_adjusted,16.079849169276052,64.26239348596067,11.428,88.572,14.456,85.544,0.067059,2021_w7,spi_rankings_2021_w7.csv,130,,False,False,Sun Belt vs Sun Belt
2021,regular,8,401301025,2021-10-21 23:30:00+00:00,SMU,Tulane,American Athletic,American Athletic,True,55,26,fbs,fbs,SMU,SMU,SMU,SMU,1,1,1,higher_spi_home_field_adjusted,higher_spi,higher_spi_home_field_adjusted,73.06545907978715,33.87126131444313,84.101,15.899,87.387,12.613,0.067059,2021_w7,spi_rankings_2021_w7.csv,130,,False,False,American Athletic vs American Athletic
2021,regular,8,401282235,2021-10-21 23:30:00+00:00,Charlotte,Florida Atlantic,Conference USA,Conference USA,True,9,38,fbs,fbs,Charlotte,Charlotte,Charlotte,Florida Atlantic,0,0,0,higher_spi_home_field_adjusted,higher_spi,higher_spi_home_field_adjusted,48.318832024365626,44.83857989836252,53.691,46.309,60.295,39.705,0.067059,2021_w7,spi_rankings_2021_w7.csv,130,,False,False,Conference USA vs Conference USA
2021,regular,8,401310729,2021-10-22 03:00:00+00:00,UNLV,San José State,Mountain West,Mountain West,True,20,27,fbs,fbs,San José State,San José State,San José State,San José State,1,1,1,higher_spi_home_field_adjusted,higher_spi,higher_spi_home_field_adjusted,11.614299402836956,34.16268308437281,27.722,72.278,33.438,66.562,0.067059,2021_w7,spi_rankings_2021_w7.csv,130,,False,False,Mountain West vs Mountain West
2021,regular,8,401282239,2021-10-22 22:00:00+00:00,UConn,Middle Tennessee,FBS Independents,Conference USA,False,13,44,fbs,fbs,Middle Tennessee,Middle Tennessee,Middle Tennessee,Middle Tennessee,1,1,1,higher_spi_home_field_adjusted,higher_spi,higher_spi_home_field_adjusted,5.98277916089181,32.84960345978132,24.198,75.802,29.484,70.516,0.067059,2021_w7,spi_rankings_2021_w7.csv,130,,False,False,Conference USA vs FBS Independents
2021,regular,8,401301026,2021-10-22 23:00:00+00:00,UCF,Memphis,American Athletic,American Athletic,True,24,7,fbs,fbs,UCF,Memphis,UCF,UCF,1,0,1,higher_spi_home_field_adjusted,higher_spi,higher_spi_home_field_adjusted,44.65679166025016,46.56502275721643,47.974,52.026,54.705,45.295,0.067059,2021_w7,spi_rankings_2021_w7.csv,130,,False,False,American Athletic vs American Athletic
2021,regular,8,401310725,2021-10-23 01:30:00+00:00,Utah State,Colorado State,Mountain West,Mountain West,True,26,24,fbs,fbs,Utah State,Utah State,Utah State,Utah State,1,1,1,higher_spi_home_field_adjusted,higher_spi,higher_spi_home_field_adjusted,47.10784974248413,45.21333820987972,52.012,47.988,58.671,41.329,0.067059,2021_w7,spi_rankings_2021_w7.csv,130,,False,False,Mountain West vs Mountain West
2021,regular,8,401309877,2021-10-23 02:30:00+00:00,Arizona,Washington,Pac-12,Pac-12,True,16,21,fbs,fbs,Washington,Washington,Washington,Washington,1,1,1,higher_spi_home_field_adjusted,higher_spi,higher_spi_home_field_adjusted,5.013774104683196,34.05230202932773,22.546,77.454,27.602,72.398,0.067059,2021_w7,spi_rankings_2021_w7.csv,130,,False,False,Pac-12 vs Pac-12
2021,regular,8,401309577,2021-10-23 16:00:00+00:00,Central Michigan,Northern Illinois,Mid-American,Mid-American,True,38,39,fbs,fbs,Northern Illinois,Northern Illinois,Northern Illinois,Northern Illinois,1,1,1,higher_spi_home_field_adjusted,higher_spi,higher_spi_home_field_adjusted,46.60609482743871,54.23197068083432,41.968,58.032,48.644,51.356,0.067059,2021_w7,spi_rankings_2021_w7.csv,130,,False,False,Mid-American vs Mid-American
2021,regular,8,401309574,2021-10-23 16:00:00+00:00,Bowling Green,Eastern Michigan,Mid-American,Mid-American,True,24,55,fbs,fbs,Eastern Michigan,Eastern Michigan,Eastern Michigan,Eastern Michigan,1,1,1,higher_spi_home_field_adjusted,higher_spi,higher_spi_home_field_adjusted,32.12331994421916,56.09427027188886,26.527,73.473,32.106,67.894,0.067059,2021_w7,spi_rankings_2021_w7.csv,130,,False,False,Mid-American vs Mid-American
2021,regular,8,401282112,2021-10-23 16:00:00+00:00,Arkansas,Arkansas-Pine Bluff,SEC,SWAC,False,45,3,fbs,fcs,Arkansas,Arkansas,Arkansas,Arkansas,1,1,1,fbs_vs_fcs_rule,fbs_vs_fcs_rule,fbs_vs_fcs_rule,63.92488621391784,,100.0,0.0,100.0,0.0,0.067059,2021_w7,spi_rankings_2021_w7.csv,130,,False,False,SEC vs SWAC
2021,regular,8,401282662,2021-10-23 16:00:00+00:00,Army,Wake Forest,FBS Independents,ACC,False,56,70,fbs,fbs,Wake Forest,Wake Forest,Wake Forest,Wake Forest,1,1,1,higher_spi_home_field_adjusted,higher_spi,higher_spi_home_field_adjusted,59.75058497168182,79.20066346696784,30.436,69.564,36.43,63.57,0.067059,2021_w7,spi_rankings_2021_w7.csv,130,,False,False,ACC vs FBS Independents
2021,regular,8,401301027,2021-10-23 16:00:00+00:00,Navy,Cincinnati,American Athletic,American Athletic,True,20,27,fbs,fbs,Cincinnati,Cincinnati,Cincinnati,Cincinnati,1,1,1,higher_spi_home_field_adjusted,higher_spi,higher_spi_home_field_adjusted,21.870636774292905,84.47078242903343,6.534,93.466,8.389,91.611,0.067059,2021_w7,spi_rankings_2021_w7.csv,130,,False,False,American Athletic vs American Athletic
2021,regular,8,401282717,2021-10-23 16:00:00+00:00,Penn State,Illinois,Big Ten,Big Ten,True,18,20,fbs,fbs,Penn State,Penn State,Penn State,Illinois,0,0,0,higher_spi_home_field_adjusted,higher_spi,higher_spi_home_field_adjusted,74.19715577571311,32.30244640076656,85.576,14.424,88.599,11.401,0.067059,2021_w7,spi_rankings_2021_w7.csv,130,,False,False,Big Ten vs Big Ten
2021,regular,8,401282663,2021-10-23 16:00:00+00:00,Florida State,Massachusetts,ACC,FBS Independents,False,59,3,fbs,fbs,Florida State,Florida State,Florida State,Florida State,1,1,1,higher_spi_home_field_adjusted,higher_spi,higher_spi_home_field_adjusted,40.80966711154459,17.87750564652739,72.604,27.396,77.634,22.366,0.067059,2021_w7,spi_rankings_2021_w7.csv,130,,False,False,ACC vs FBS Independents
2021,regular,8,401287926,2021-10-23 16:00:00+00:00,Kansas,Oklahoma,Big 12,Big 12,True,23,35,fbs,fbs,Oklahoma,Oklahoma,Oklahoma,Oklahoma,1,1,1,higher_spi_home_field_adjusted,higher_spi,higher_spi_home_field_adjusted,21.316770186335408,80.90297383775645,7.362,92.638,9.427,90.573,0.067059,2021_w7,spi_rankings_2021_w7.csv,130,,False,False,Big 12 vs Big 12
2021,regular,8,401287928,2021-10-23 16:00:00+00:00,Texas Tech,Kansas State,Big 12,Big 12,True,24,25,fbs,fbs,Texas Tech,Texas Tech,Texas Tech,Kansas State,0,0,0,higher_spi_home_field_adjusted,higher_spi,higher_spi_home_field_adjusted,58.81394478380645,57.556006493506494,51.336,48.664,58.013,41.987,0.067059,2021_w7,spi_rankings_2021_w7.csv,130,,False,False,Big 12 vs Big 12
2021,regular,8,401282779,2021-10-23 16:00:00+00:00,Michigan,Northwestern,Big Ten,Big Ten,True,33,7,fbs,fbs,Michigan,Michigan,Michigan,Michigan,1,1,1,higher_spi_home_field_adjusted,higher_spi,higher_spi_home_field_adjusted,84.11904013312117,41.54675816607634,85.928,14.072,88.886,11.114,0.067059,2021_w7,spi_rankings_2021_w7.csv,130,,False,False,Big Ten vs Big Ten
2021,regular,8,401282668,2021-10-23 16:30:00+00:00,Virginia Tech,Syracuse,ACC,ACC,True,36,41,fbs,fbs,Virginia Tech,Syracuse,Virginia Tech,Syracuse,0,1,0,higher_spi_home_field_adjusted,higher_spi,higher_spi_home_field_adjusted,49.410449070034055,49.55606851975431,49.845,50.155,56.554,43.446,0.067059,2021_w7,spi_rankings_2021_w7.csv,130,,False,False,ACC vs ACC
2021,regular,8,401309576,2021-10-23 17:00:00+00:00,Ohio,Kent State,Mid-American,Mid-American,True,27,34,fbs,fbs,Kent State,Kent State,Kent State,Kent State,1,1,1,higher_spi_home_field_adjusted,higher_spi,higher_spi_home_field_adjusted,16.745129870129883,40.48447846619784,26.719,73.281,32.321,67.679,0.067059,2021_w7,spi_rankings_2021_w7.csv,130,,False,False,Mid-American vs Mid-American
2021,regular,8,401309625,2021-10-23 18:00:00+00:00,Georgia State,Texas State,Sun Belt,Sun Belt,True,28,16,fbs,fbs,Georgia State,Georgia State,Georgia State,Georgia State,1,1,1,higher_spi_home_field_adjusted,higher_spi,higher_spi_home_field_adjusted,38.04429101859933,33.22653162055337,55.101,44.899,61.648,38.352,0.067059,2021_w7,spi_rankings_2021_w7.csv,130,,False,False,Sun Belt vs Sun Belt
2021,regular,8,401282821,2021-10-23 19:00:00+00:00,Purdue,Wisconsin,Big Ten,Big Ten,True,13,30,fbs,fbs,Purdue,Purdue,Purdue,Wisconsin,0,0,0,higher_spi_home_field_adjusted,higher_spi,higher_spi_home_field_adjusted,59.83592453330596,53.15800758859059,57.048,42.952,63.499,36.501,0.067059,2021_w7,spi_rankings_2021_w7.csv,130,,False,False,Big Ten vs Big Ten
2021,regular,8,401282666,2021-10-23 19:30:00+00:00,Pittsburgh,Clemson,ACC,ACC,True,27,17,fbs,fbs,Pittsburgh,Pittsburgh,Pittsburgh,Pittsburgh,1,1,1,higher_spi_home_field_adjusted,higher_spi,higher_spi_home_field_adjusted,84.74843544137023,63.65758089078248,71.02,28.98,76.246,23.754,0.067059,2021_w7,spi_rankings_2021_w7.csv,130,,False,False,ACC vs ACC
2021,regular,8,401309575,2021-10-23 19:30:00+00:00,Akron,Buffalo,Mid-American,Mid-American,True,10,45,fbs,fbs,Buffalo,Buffalo,Buffalo,Buffalo,1,1,1,higher_spi_home_field_adjusted,higher_spi,higher_spi_home_field_adjusted,26.617553642010165,40.25695014800746,35.901,64.099,42.316,57.684,0.067059,2021_w7,spi_rankings_2021_w7.csv,130,,False,False,Mid-American vs Mid-American
2021,regular,8,401282113,2021-10-23 19:30:00+00:00,Ole Miss,LSU,SEC,SEC,True,31,17,fbs,fbs,Ole Miss,Ole Miss,Ole Miss,Ole Miss,1,1,1,higher_spi_home_field_adjusted,higher_spi,higher_spi_home_field_adjusted,72.62920709066955,58.43333461663502,64.642,35.358,70.541,29.459,0.067059,2021_w7,spi_rankings_2021_w7.csv,130,,False,False,SEC vs SEC
2021,regular,8,401309573,2021-10-23 19:30:00+00:00,Toledo,Western Michigan,Mid-American,Mid-American,True,34,15,fbs,fbs,Western Michigan,Western Michigan,Western Michigan,Toledo,0,0,0,higher_spi_home_field_adjusted,higher_spi,higher_spi_home_field_adjusted,51.19067403281831,62.34552256044352,38.365,61.635,44.912,55.088,0.067059,2021_w7,spi_rankings_2021_w7.csv,130,,False,False,Mid-American vs Mid-American
2021,regular,8,401287925,2021-10-23 19:30:00+00:00,Iowa State,Oklahoma State,Big 12,Big 12,True,24,21,fbs,fbs,Oklahoma State,Oklahoma State,Oklahoma State,Iowa State,0,0,0,higher_spi_home_field_adjusted,higher_spi,higher_spi_home_field_adjusted,64.88855166572559,77.17463597009053,37.235,62.765,43.726,56.274,0.067059,2021_w7,spi_rankings_2021_w7.csv,130,,False,False,Big 12 vs Big 12
2021,regular,8,401308838,2021-10-23 19:30:00+00:00,Ball State,Miami (OH),Mid-American,Mid-American,True,17,24,fbs,fbs,Ball State,Ball State,Ball State,Miami (OH),0,0,0,higher_spi_home_field_adjusted,higher_spi,higher_spi_home_field_adjusted,49.9665218674606,44.07432776380406,56.228,43.772,62.721,37.279,0.067059,2021_w7,spi_rankings_2021_w7.csv,130,,False,False,Mid-American vs Mid-American
2021,regular,8,401309881,2021-10-23 19:30:00+00:00,Washington State,BYU,Pac-12,FBS Independents,False,19,21,fbs,fbs,BYU,BYU,BYU,BYU,1,1,1,higher_spi_home_field_adjusted,higher_spi,higher_spi_home_field_adjusted,36.8665676385538,53.91437276491625,32.64,67.36,38.825,61.175,0.067059,2021_w7,spi_rankings_2021_w7.csv,130,,False,False,FBS Independents vs Pac-12
2021,regular,8,401310726,2021-10-23 19:30:00+00:00,Wyoming,New Mexico,Mountain West,Mountain West,True,3,14,fbs,fbs,Wyoming,Wyoming,Wyoming,New Mexico,0,0,0,higher_spi_home_field_adjusted,higher_spi,higher_spi_home_field_adjusted,55.63432532553087,21.80202291121264,80.813,19.187,84.654,15.346,0.067059,2021_w7,spi_rankings_2021_w7.csv,130,,False,False,Mountain West vs Mountain West
2021,regular,8,401282238,2021-10-23 19:30:00+00:00,UAB,Rice,Conference USA,Conference USA,True,24,30,fbs,fbs,UAB,UAB,UAB,Rice,0,0,0,higher_spi_home_field_adjusted,higher_spi,higher_spi_home_field_adjusted,57.59670747566005,24.011158308095077,80.649,19.351,84.517,15.483,0.067059,2021_w7,spi_rankings_2021_w7.csv,130,,False,False,Conference USA vs Conference USA
2021,regular,8,401309879,2021-10-23 19:30:00+00:00,UCLA,Oregon,Pac-12,Pac-12,True,31,34,fbs,fbs,Oregon,Oregon,Oregon,Oregon,1,1,1,higher_spi_home_field_adjusted,higher_spi,higher_spi_home_field_adjusted,53.28245576886882,63.84632248515649,38.961,61.039,45.534,54.466,0.067059,2021_w7,spi_rankings_2021_w7.csv,130,,False,False,Pac-12 vs Pac-12
2021,regular,8,401282767,2021-10-23 19:30:00+00:00,Minnesota,Maryland,Big Ten,Big Ten,True,34,16,fbs,fbs,Minnesota,Minnesota,Minnesota,Minnesota,1,1,1,higher_spi_home_field_adjusted,higher_spi,higher_spi_home_field_adjusted,58.89799141898944,58.61718148452339,50.298,49.702,56.999,43.001,0.067059,2021_w7,spi_rankings_2021_w7.csv,130,,False,False,Big Ten vs Big Ten
2021,regular,8,401309878,2021-10-23 19:30:00+00:00,California,Colorado,Pac-12,Pac-12,True,26,3,fbs,fbs,Colorado,Colorado,Colorado,California,0,0,0,higher_spi_home_field_adjusted,higher_spi,higher_spi_home_field_adjusted,21.9999818198929,32.758521123145634,38.764,61.236,45.329,54.671,0.067059,2021_w7,spi_rankings_2021_w7.csv,130,,False,False,Pac-12 vs Pac-12
2021,regular,8,401282115,2021-10-23 20:00:00+00:00,Vanderbilt,Mississippi State,SEC,SEC,True,6,45,fbs,fbs,Mississippi State,Mississippi State,Mississippi State,Mississippi State,1,1,1,higher_spi_home_field_adjusted,higher_spi,higher_spi_home_field_adjusted,20.894450575774687,51.26497185291652,21.573,78.427,26.485,73.515,0.067059,2021_w7,spi_rankings_2021_w7.csv,130,,False,False,SEC vs SEC
2021,regular,8,401282664,2021-10-23 20:00:00+00:00,Louisville,Boston College,ACC,ACC,True,28,14,fbs,fbs,Boston College,Boston College,Boston College,Louisville,0,0,0,higher_spi_home_field_adjusted,higher_spi,higher_spi_home_field_adjusted,56.89757541536198,64.63628022175453,41.851,58.149,48.525,51.475,0.067059,2021_w7,spi_rankings_2021_w7.csv,130,,False,False,ACC vs ACC
2021,regular,8,401301028,2021-10-23 20:00:00+00:00,Houston,East Carolina,American Athletic,American Athletic,True,31,24,fbs,fbs,Houston,Houston,Houston,Houston,1,1,1,higher_spi_home_field_adjusted,higher_spi,higher_spi_home_field_adjusted,70.1046960286091,41.04229548448916,77.472,22.528,81.832,18.168,0.067059,2021_w7,spi_rankings_2021_w7.csv,130,,False,False,American Athletic vs American Athletic
2021,regular,8,401282240,2021-10-23 20:00:00+00:00,North Texas,Liberty,Conference USA,FBS Independents,False,26,35,fbs,fbs,Liberty,Liberty,Liberty,Liberty,1,1,1,higher_spi_home_field_adjusted,higher_spi,higher_spi_home_field_adjusted,17.898796690792746,57.81977097342711,15.49,84.51,19.36,80.64,0.067059,2021_w7,spi_rankings_2021_w7.csv,130,,False,False,Conference USA vs FBS Independents
2021,regular,8,401282111,2021-10-23 23:00:00+00:00,Alabama,Tennessee,SEC,SEC,True,52,24,fbs,fbs,Alabama,Alabama,Alabama,Alabama,1,1,1,higher_spi_home_field_adjusted,higher_spi,higher_spi_home_field_adjusted,79.76834265865887,58.80211808942046,70.911,29.089,76.15,23.85,0.067059,2021_w7,spi_rankings_2021_w7.csv,130,,False,False,SEC vs SEC
2021,regular,8,401301029,2021-10-23 23:00:00+00:00,South Florida,Temple,American Athletic,American Athletic,True,34,14,fbs,fbs,Temple,Temple,Temple,South Florida,0,0,0,higher_spi_home_field_adjusted,higher_spi,higher_spi_home_field_adjusted,24.9774780555413,35.5336823913899,38.968,61.032,45.542,54.458,0.067059,2021_w7,spi_rankings_2021_w7.csv,130,,False,False,American Athletic vs American Athletic
2021,regular,8,401310727,2021-10-23 23:00:00+00:00,Fresno State,Nevada,Mountain West,Mountain West,True,34,32,fbs,fbs,Nevada,Nevada,Nevada,Fresno State,0,0,0,higher_spi_home_field_adjusted,higher_spi,higher_spi_home_field_adjusted,54.35965919785091,61.36340323049809,42.613,57.387,49.305,50.695,0.067059,2021_w7,spi_rankings_2021_w7.csv,130,,False,False,Mountain West vs Mountain West
2021,regular,8,401310724,2021-10-23 23:00:00+00:00,Air Force,San Diego State,Mountain West,Mountain West,True,14,20,fbs,fbs,San Diego State,San Diego State,San Diego State,San Diego State,1,1,1,higher_spi_home_field_adjusted,higher_spi,higher_spi_home_field_adjusted,62.92444668309294,69.83596731002858,42.709,57.291,49.403,50.597,0.067059,2021_w7,spi_rankings_2021_w7.csv,130,,False,False,Mountain West vs Mountain West
2021,regular,8,401282237,2021-10-23 23:00:00+00:00,Louisiana Tech,UTSA,Conference USA,Conference USA,True,16,45,fbs,fbs,UTSA,UTSA,UTSA,UTSA,1,1,1,higher_spi_home_field_adjusted,higher_spi,higher_spi_home_field_adjusted,35.34604229762333,73.79258422736683,16.329,83.671,20.357,79.643,0.067059,2021_w7,spi_rankings_2021_w7.csv,130,,False,False,Conference USA vs Conference USA
2021,regular,8,401309626,2021-10-23 23:00:00+00:00,UL Monroe,South Alabama,Sun Belt,Sun Belt,True,41,31,fbs,fbs,South Alabama,South Alabama,South Alabama,UL Monroe,0,0,0,higher_spi_home_field_adjusted,higher_spi,higher_spi_home_field_adjusted,39.81370523415979,52.61372940300806,36.726,63.274,43.189,56.811,0.067059,2021_w7,spi_rankings_2021_w7.csv,130,,False,False,Sun Belt vs Sun Belt
2021,regular,8,401282236,2021-10-23 23:00:00+00:00,Florida International,Western Kentucky,Conference USA,Conference USA,True,19,34,fbs,fbs,Western Kentucky,Western Kentucky,Western Kentucky,Western Kentucky,1,1,1,higher_spi_home_field_adjusted,higher_spi,higher_spi_home_field_adjusted,24.717538884040863,41.57077194873639,32.822,67.178,39.022,60.978,0.067059,2021_w7,spi_rankings_2021_w7.csv,130,,False,False,Conference USA vs Conference USA
2021,regular,8,401282114,2021-10-23 23:30:00+00:00,Texas A&M,South Carolina,SEC,SEC,True,44,14,fbs,fbs,Texas A&M,Texas A&M,Texas A&M,Texas A&M,1,1,1,higher_spi_home_field_adjusted,higher_spi,higher_spi_home_field_adjusted,62.8094842410554,57.00999478123985,56.131,43.869,62.629,37.371,0.067059,2021_w7,spi_rankings_2021_w7.csv,130,,False,False,SEC vs SEC
2021,regular,8,401282667,2021-10-23 23:30:00+00:00,Virginia,Georgia Tech,ACC,ACC,True,48,40,fbs,fbs,Virginia,Virginia,Virginia,Virginia,1,1,1,higher_spi_home_field_adjusted,higher_spi,higher_spi_home_field_adjusted,65.35214867477714,56.22760638570915,59.575,40.425,65.873,34.127,0.067059,2021_w7,spi_rankings_2021_w7.csv,130,,False,False,ACC vs ACC
2021,regular,8,401309880,2021-10-23 23:30:00+00:00,Oregon State,Utah,Pac-12,Pac-12,True,42,34,fbs,fbs,Oregon State,Oregon State,Oregon State,Oregon State,1,1,1,higher_spi_home_field_adjusted,higher_spi,higher_spi_home_field_adjusted,53.24377491744093,51.918530662354776,51.408,48.592,58.083,41.917,0.067059,2021_w7,spi_rankings_2021_w7.csv,130,,False,False,Pac-12 vs Pac-12
2021,regular,8,401282665,2021-10-23 23:30:00+00:00,Miami,NC State,ACC,ACC,True,31,30,fbs,fbs,NC State,NC State,NC State,Miami,0,0,0,higher_spi_home_field_adjusted,higher_spi,higher_spi_home_field_adjusted,51.45698372773473,70.97503122700752,30.375,69.625,36.363,63.637,0.067059,2021_w7,spi_rankings_2021_w7.csv,130,,False,False,ACC vs ACC
2021,regular,8,401287927,2021-10-23 23:30:00+00:00,TCU,West Virginia,Big 12,Big 12,True,17,29,fbs,fbs,TCU,TCU,TCU,West Virginia,0,0,0,higher_spi_home_field_adjusted,higher_spi,higher_spi_home_field_adjusted,56.06379934294954,52.77525537703404,53.488,46.512,60.1,39.9,0.067059,2021_w7,spi_rankings_2021_w7.csv,130,,False,False,Big 12 vs Big 12
2021,regular,8,401282730,2021-10-23 23:30:00+00:00,Indiana,Ohio State,Big Ten,Big Ten,True,7,54,fbs,fbs,Ohio State,Ohio State,Ohio State,Ohio State,1,1,1,higher_spi_home_field_adjusted,higher_spi,higher_spi_home_field_adjusted,41.52040235785296,75.81200913710795,18.887,81.113,23.37,76.63,0.067059,2021_w7,spi_rankings_2021_w7.csv,130,,False,False,Big Ten vs Big Ten
2021,regular,8,401282709,2021-10-23 23:30:00+00:00,Notre Dame,USC,FBS Independents,Pac-12,False,31,16,fbs,fbs,Notre Dame,Notre Dame,Notre Dame,Notre Dame,1,1,1,higher_spi_home_field_adjusted,higher_spi,higher_spi_home_field_adjusted,70.79101646048287,39.54495726605411,79.05,20.95,83.171,16.829,0.067059,2021_w7,spi_rankings_2021_w7.csv,130,,False,False,FBS Independents vs Pac-12
2021,regular,8,401310728,2021-10-24 03:59:00+00:00,Hawai'i,New Mexico State,Mountain West,FBS Independents,False,48,34,fbs,fbs,Hawai'i,Hawai'i,Hawai'i,Hawai'i,1,1,1,higher_spi_home_field_adjusted,higher_spi,higher_spi_home_field_adjusted,29.27373680338108,8.935784653423,70.357,29.643,75.662,24.338,0.067059,2021_w7,spi_rankings_2021_w7.csv,130,,False,False,FBS Independents vs Mountain West
2021,regular,9,401309627,2021-10-28 23:30:00+00:00,Coastal Carolina,Troy,Sun Belt,Sun Belt,True,35,28,fbs,fbs,Coastal Carolina,Coastal Carolina,Coastal Carolina,Coastal Carolina,1,1,1,higher_spi_home_field_adjusted,higher_spi,higher_spi_home_field_adjusted,81.93228470791716,51.09295479990935,78.763,21.237,82.928,17.072,0.067059,2021_w8,spi_rankings_2021_w8.csv,130,,False,False,Sun Belt vs Sun Belt
2021,regular,9,401301033,2021-10-28 23:30:00+00:00,East Carolina,South Florida,American Athletic,American Athletic,True,29,14,fbs,fbs,East Carolina,East Carolina,East Carolina,East Carolina,1,1,1,higher_spi_home_field_adjusted,higher_spi,higher_spi_home_field_adjusted,43.756083237932,36.36477795089929,57.789,42.211,64.199,35.801,0.067059,2021_w8,spi_rankings_2021_w8.csv,130,,False,False,American Athletic vs American Athletic
2021,regular,9,401301030,2021-10-29 23:30:00+00:00,Tulsa,Navy,American Athletic,American Athletic,True,17,20,fbs,fbs,Tulsa,Tulsa,Tulsa,Navy,0,0,0,higher_spi_home_field_adjusted,higher_spi,higher_spi_home_field_adjusted,45.63619205233866,25.33737209225809,70.322,29.678,75.631,24.369,0.067059,2021_w8,spi_rankings_2021_w8.csv,130,,False,False,American Athletic vs American Athletic
2021,regular,9,401310734,2021-10-30 02:00:00+00:00,Nevada,UNLV,Mountain West,Mountain West,True,51,20,fbs,fbs,Nevada,Nevada,Nevada,Nevada,1,1,1,higher_spi_home_field_adjusted,higher_spi,higher_spi_home_field_adjusted,60.01047892545351,15.6534048051522,86.82,13.18,89.614,10.386,0.067059,2021_w8,spi_rankings_2021_w8.csv,130,,False,False,Mountain West vs Mountain West
2021,regular,9,401282674,2021-10-30 16:00:00+00:00,Pittsburgh,Miami,ACC,ACC,True,34,38,fbs,fbs,Pittsburgh,Pittsburgh,Pittsburgh,Miami,0,0,0,higher_spi_home_field_adjusted,higher_spi,higher_spi_home_field_adjusted,87.21473425539759,60.867599554865535,75.394,24.606,80.053,19.947,0.067059,2021_w8,spi_rankings_2021_w8.csv,130,,False,False,ACC vs ACC
2021,regular,9,401301031,2021-10-30 16:00:00+00:00,Temple,UCF,American Athletic,American Athletic,True,7,49,fbs,fbs,UCF,UCF,UCF,UCF,1,1,1,higher_spi_home_field_adjusted,higher_spi,higher_spi_home_field_adjusted,34.319466648380775,53.0416766219226,31.095,68.905,37.149,62.851,0.067059,2021_w8,spi_rankings_2021_w8.csv,130,,False,False,American Athletic vs American Athletic
2021,regular,9,401282763,2021-10-30 16:00:00+00:00,Wisconsin,Iowa,Big Ten,Big Ten,True,27,7,fbs,fbs,Iowa,Iowa,Iowa,Wisconsin,0,0,0,higher_spi_home_field_adjusted,higher_spi,higher_spi_home_field_adjusted,64.9838204669402,82.22243898286548,32.462,67.538,38.633,61.367,0.067059,2021_w8,spi_rankings_2021_w8.csv,130,,False,False,Big Ten vs Big Ten
2021,regular,9,401301032,2021-10-30 16:00:00+00:00,Tulane,Cincinnati,American Athletic,American Athletic,True,12,31,fbs,fbs,Cincinnati,Cincinnati,Cincinnati,Cincinnati,1,1,1,higher_spi_home_field_adjusted,higher_spi,higher_spi_home_field_adjusted,34.22330707605754,88.29636884025908,9.128,90.872,11.627,88.373,0.067059,2021_w8,spi_rankings_2021_w8.csv,130,,False,False,American Athletic vs American Athletic
2021,regular,9,401286297,2021-10-30 16:00:00+00:00,Liberty,Massachusetts,FBS Independents,FBS Independents,False,62,17,fbs,fbs,Liberty,Liberty,Liberty,Liberty,1,1,1,higher_spi_home_field_adjusted,higher_spi,higher_spi_home_field_adjusted,63.976394089453095,20.877789841959224,86.196,13.804,89.105,10.895,0.067059,2021_w8,spi_rankings_2021_w8.csv,130,,False,False,FBS Independents vs FBS Independents
2021,regular,9,401287929,2021-10-30 16:00:00+00:00,Baylor,Texas,Big 12,Big 12,True,31,24,fbs,fbs,Baylor,Baylor,Baylor,Baylor,1,1,1,higher_spi_home_field_adjusted,higher_spi,higher_spi_home_field_adjusted,83.52899800771883,70.75406066817524,63.249,36.751,69.271,30.729,0.067059,2021_w8,spi_rankings_2021_w8.csv,130,,False,False,Big 12 vs Big 12
2021,regular,9,401282719,2021-10-30 16:00:00+00:00,Illinois,Rutgers,Big Ten,Big Ten,True,14,20,fbs,fbs,Rutgers,Rutgers,Rutgers,Rutgers,1,1,1,higher_spi_home_field_adjusted,higher_spi,higher_spi_home_field_adjusted,42.43201107931579,52.902093171355546,39.056,60.944,45.633,54.367,0.067059,2021_w8,spi_rankings_2021_w8.csv,130,,False,False,Big Ten vs Big Ten
2021,regular,9,401282671,2021-10-30 16:00:00+00:00,Georgia Tech,Virginia Tech,ACC,ACC,True,17,26,fbs,fbs,Georgia Tech,Georgia Tech,Georgia Tech,Virginia Tech,0,0,0,higher_spi_home_field_adjusted,higher_spi,higher_spi_home_field_adjusted,58.598443720593565,49.98399156409295,59.052,40.948,65.384,34.616,0.067059,2021_w8,spi_rankings_2021_w8.csv,130,,False,False,ACC vs ACC
2021,regular,9,401282777,2021-10-30 16:00:00+00:00,Michigan State,Michigan,Big Ten,Big Ten,True,37,33,fbs,fbs,Michigan,Michigan,Michigan,Michigan State,0,0,0,higher_spi_home_field_adjusted,higher_spi,higher_spi_home_field_adjusted,77.9739870315687,89.0116433444617,38.483,61.517,45.035,54.965,0.067059,2021_w8,spi_rankings_2021_w8.csv,130,,False,False,Big Ten vs Big Ten
2021,regular,9,401309631,2021-10-30 16:00:00+00:00,Louisiana,Texas State,Sun Belt,Sun Belt,True,45,0,fbs,fbs,Louisiana,Louisiana,Louisiana,Louisiana,1,1,1,higher_spi_home_field_adjusted,higher_spi,higher_spi_home_field_adjusted,68.93663429632562,35.126546780272925,80.798,19.202,84.642,15.358,0.067059,2021_w8,spi_rankings_2021_w8.csv,130,,False,False,Sun Belt vs Sun Belt
2021,regular,9,401282726,2021-10-30 16:00:00+00:00,Maryland,Indiana,Big Ten,Big Ten,True,38,35,fbs,fbs,Maryland,Maryland,Maryland,Maryland,1,1,1,higher_spi_home_field_adjusted,higher_spi,higher_spi_home_field_adjusted,61.78693274387969,41.20763212200547,70.571,29.429,75.85,24.15,0.067059,2021_w8,spi_rankings_2021_w8.csv,130,,False,False,Big Ten vs Big Ten
2021,regular,9,401309578,2021-10-30 16:00:00+00:00,Buffalo,Bowling Green,Mid-American,Mid-American,True,44,56,fbs,fbs,Buffalo,Buffalo,Buffalo,Bowling Green,0,0,0,higher_spi_home_field_adjusted,higher_spi,higher_spi_home_field_adjusted,49.15922711159818,33.16452897404848,66.369,33.631,72.104,27.896,0.067059,2021_w8,spi_rankings_2021_w8.csv,130,,False,False,Mid-American vs Mid-American
2021,regular,9,401287933,2021-10-30 18:00:00+00:00,West Virginia,Iowa State,Big 12,Big 12,True,38,31,fbs,fbs,Iowa State,Iowa State,Iowa State,West Virginia,0,0,0,higher_spi_home_field_adjusted,higher_spi,higher_spi_home_field_adjusted,60.33205137311808,74.6627700488092,35.227,64.773,41.601,58.399,0.067059,2021_w8,spi_rankings_2021_w8.csv,130,,False,False,Big 12 vs Big 12
2021,regular,9,401282246,2021-10-30 18:00:00+00:00,Rice,North Texas,Conference USA,Conference USA,True,24,30,fbs,fbs,Rice,Rice,Rice,North Texas,0,0,0,higher_spi_home_field_adjusted,higher_spi,higher_spi_home_field_adjusted,34.29145568442808,21.08213977886571,63.678,36.322,69.662,30.338,0.067059,2021_w8,spi_rankings_2021_w8.csv,130,,False,False,Conference USA vs Conference USA
2021,regular,9,401310731,2021-10-30 19:00:00+00:00,Utah State,Hawai'i,Mountain West,Mountain West,True,51,31,fbs,fbs,Utah State,Utah State,Utah State,Utah State,1,1,1,higher_spi_home_field_adjusted,higher_spi,higher_spi_home_field_adjusted,53.45990012661754,39.13844303564121,64.764,35.236,70.652,29.348,0.067059,2021_w8,spi_rankings_2021_w8.csv,130,,False,False,Mountain West vs Mountain West
2021,regular,9,401282119,2021-10-30 19:00:00+00:00,Vanderbilt,Missouri,SEC,SEC,True,28,37,fbs,fbs,Missouri,Missouri,Missouri,Missouri,1,1,1,higher_spi_home_field_adjusted,higher_spi,higher_spi_home_field_adjusted,23.185748473937423,47.92592761716632,25.895,74.105,31.398,68.602,0.067059,2021_w8,spi_rankings_2021_w8.csv,130,,False,False,SEC vs SEC
2021,regular,9,401309885,2021-10-30 19:00:00+00:00,Arizona State,Washington State,Pac-12,Pac-12,True,21,34,fbs,fbs,Arizona State,Arizona State,Arizona State,Washington State,0,0,0,higher_spi_home_field_adjusted,higher_spi,higher_spi_home_field_adjusted,58.23978800865465,38.24836929192275,70.049,29.951,75.39,24.61,0.067059,2021_w8,spi_rankings_2021_w8.csv,130,,False,False,Pac-12 vs Pac-12
2021,regular,9,401287931,2021-10-30 19:30:00+00:00,Oklahoma,Texas Tech,Big 12,Big 12,True,52,21,fbs,fbs,Oklahoma,Oklahoma,Oklahoma,Oklahoma,1,1,1,higher_spi_home_field_adjusted,higher_spi,higher_spi_home_field_adjusted,85.15691802073522,57.839077102803735,76.152,23.848,80.704,19.296,0.067059,2021_w8,spi_rankings_2021_w8.csv,130,,False,False,Big 12 vs Big 12
2021,regular,9,401282117,2021-10-30 19:30:00+00:00,Florida,Georgia,SEC,SEC,True,7,34,fbs,fbs,Georgia,Georgia,Georgia,Georgia,1,1,1,higher_spi_home_field_adjusted,higher_spi,higher_spi_home_field_adjusted,68.04681491772425,100.0,20.456,79.544,20.456,79.544,0.067059,2021_w8,spi_rankings_2021_w8.csv,130,,False,False,SEC vs SEC
2021,regular,9,401282245,2021-10-30 19:30:00+00:00,Middle Tennessee,Southern Miss,Conference USA,Conference USA,True,35,10,fbs,fbs,Middle Tennessee,Middle Tennessee,Middle Tennessee,Middle Tennessee,1,1,1,higher_spi_home_field_adjusted,higher_spi,higher_spi_home_field_adjusted,42.0266598678803,22.442764197117448,69.684,30.316,75.067,24.933,0.067059,2021_w8,spi_rankings_2021_w8.csv,130,,False,False,Conference USA vs Conference USA
2021,regular,9,401282801,2021-10-30 19:30:00+00:00,Nebraska,Purdue,Big Ten,Big Ten,True,23,28,fbs,fbs,Nebraska,Purdue,Nebraska,Purdue,0,1,0,higher_spi_home_field_adjusted,higher_spi,higher_spi_home_field_adjusted,59.48846232282848,60.11742563897881,49.332,50.668,56.049,43.951,0.067059,2021_w8,spi_rankings_2021_w8.csv,130,,False,False,Big Ten vs Big Ten
2021,regular,9,401287930,2021-10-30 19:30:00+00:00,Kansas State,TCU,Big 12,Big 12,True,31,12,fbs,fbs,Kansas State,Kansas State,Kansas State,Kansas State,1,1,1,higher_spi_home_field_adjusted,higher_spi,higher_spi_home_field_adjusted,65.25940526967956,55.87673440545674,59.839,40.161,66.12,33.88,0.067059,2021_w8,spi_rankings_2021_w8.csv,130,,False,False,Big 12 vs Big 12
2021,regular,9,401282670,2021-10-30 19:30:00+00:00,Clemson,Florida State,ACC,ACC,True,30,20,fbs,fbs,Clemson,Clemson,Clemson,Clemson,1,1,1,higher_spi_home_field_adjusted,higher_spi,higher_spi_home_field_adjusted,63.8400078135306,56.17305701847849,58.075,41.925,64.467,35.533,0.067059,2021_w8,spi_rankings_2021_w8.csv,130,,False,False,ACC vs ACC
2021,regular,9,401282242,2021-10-30 19:30:00+00:00,Marshall,Florida International,Conference USA,Conference USA,True,38,0,fbs,fbs,Marshall,Marshall,Marshall,Marshall,1,1,1,higher_spi_home_field_adjusted,higher_spi,higher_spi_home_field_adjusted,54.404919157171896,22.35397210355352,79.611,20.389,83.645,16.355,0.067059,2021_w8,spi_rankings_2021_w8.csv,130,,False,False,Conference USA vs Conference USA
2021,regular,9,401309628,2021-10-30 19:30:00+00:00,App State,UL Monroe,Sun Belt,Sun Belt,True,59,28,fbs,fbs,App State,App State,App State,App State,1,1,1,higher_spi_home_field_adjusted,higher_spi,higher_spi_home_field_adjusted,63.54718760560644,48.20950916821415,65.743,34.257,71.539,28.461,0.067059,2021_w8,spi_rankings_2021_w8.csv,130,,False,False,Sun Belt vs Sun Belt
2021,regular,9,401282795,2021-10-30 19:30:00+00:00,Northwestern,Minnesota,Big Ten,Big Ten,True,14,41,fbs,fbs,Minnesota,Minnesota,Minnesota,Minnesota,1,1,1,higher_spi_home_field_adjusted,higher_spi,higher_spi_home_field_adjusted,43.11003463660318,67.86054426370723,25.886,74.114,31.388,68.612,0.067059,2021_w8,spi_rankings_2021_w8.csv,130,,False,False,Big Ten vs Big Ten
2021,regular,9,401309884,2021-10-30 19:30:00+00:00,Oregon,Colorado,Pac-12,Pac-12,True,52,29,fbs,fbs,Oregon,Oregon,Oregon,Oregon,1,1,1,higher_spi_home_field_adjusted,higher_spi,higher_spi_home_field_adjusted,69.58789404491709,32.53604033270081,82.845,17.155,86.349,13.651,0.067059,2021_w8,spi_rankings_2021_w8.csv,130,,False,False,Pac-12 vs Pac-12
2021,regular,9,401282675,2021-10-30 19:30:00+00:00,Syracuse,Boston College,ACC,ACC,True,21,6,fbs,fbs,Syracuse,Boston College,Syracuse,Syracuse,1,0,1,higher_spi_home_field_adjusted,higher_spi,higher_spi_home_field_adjusted,57.10858619491207,61.97038461266444,44.853,55.147,51.58,48.42,0.067059,2021_w8,spi_rankings_2021_w8.csv,130,,False,False,ACC vs ACC
2021,regular,9,401282244,2021-10-30 19:30:00+00:00,Old Dominion,Louisiana Tech,Conference USA,Conference USA,True,23,20,fbs,fbs,Louisiana Tech,Louisiana Tech,Louisiana Tech,Old Dominion,0,0,0,higher_spi_home_field_adjusted,higher_spi,higher_spi_home_field_adjusted,28.661153504870207,35.42231502519487,42.865,57.135,49.563,50.437,0.067059,2021_w8,spi_rankings_2021_w8.csv,130,,False,False,Conference USA vs Conference USA
2021,regular,9,401282241,2021-10-30 20:00:00+00:00,Western Kentucky,Charlotte,Conference USA,Conference USA,True,45,13,fbs,fbs,Western Kentucky,Western Kentucky,Western Kentucky,Western Kentucky,1,1,1,higher_spi_home_field_adjusted,higher_spi,higher_spi_home_field_adjusted,48.096056534783735,46.318566267872185,51.888,48.112,58.55,41.45,0.067059,2021_w8,spi_rankings_2021_w8.csv,130,,False,False,Conference USA vs Conference USA
2021,regular,9,401282676,2021-10-30 20:00:00+00:00,Wake Forest,Duke,ACC,ACC,True,45,7,fbs,fbs,Wake Forest,Wake Forest,Wake Forest,Wake Forest,1,1,1,higher_spi_home_field_adjusted,higher_spi,higher_spi_home_field_adjusted,89.43743848113081,45.99554950091496,86.369,13.631,89.246,10.754,0.067059,2021_w8,spi_rankings_2021_w8.csv,130,,False,False,ACC vs ACC
2021,regular,9,401310732,2021-10-30 20:00:00+00:00,San José State,Wyoming,Mountain West,Mountain West,True,27,21,fbs,fbs,Wyoming,Wyoming,Wyoming,San José State,0,0,0,higher_spi_home_field_adjusted,higher_spi,higher_spi_home_field_adjusted,39.65108953229311,51.667489736989566,37.503,62.497,44.008,55.992,0.067059,2021_w8,spi_rankings_2021_w8.csv,130,,False,False,Mountain West vs Mountain West
2021,regular,9,401309629,2021-10-30 21:00:00+00:00,South Alabama,Arkansas State,Sun Belt,Sun Belt,True,31,13,fbs,fbs,South Alabama,South Alabama,South Alabama,South Alabama,1,1,1,higher_spi_home_field_adjusted,higher_spi,higher_spi_home_field_adjusted,50.44991842583855,19.754401453113747,78.66,21.34,82.841,17.159,0.067059,2021_w8,spi_rankings_2021_w8.csv,130,,False,False,Sun Belt vs Sun Belt
2021,regular,9,401282243,2021-10-30 22:00:00+00:00,Florida Atlantic,UTEP,Conference USA,Conference USA,True,28,25,fbs,fbs,UTEP,UTEP,UTEP,Florida Atlantic,0,0,0,higher_spi_home_field_adjusted,higher_spi,higher_spi_home_field_adjusted,53.5408552940898,61.663368747907086,41.455,58.545,48.117,51.883,0.067059,2021_w8,spi_rankings_2021_w8.csv,130,,False,False,Conference USA vs Conference USA
2021,regular,9,401309630,2021-10-30 22:00:00+00:00,Georgia Southern,Georgia State,Sun Belt,Sun Belt,True,14,21,fbs,fbs,Georgia State,Georgia State,Georgia State,Georgia State,1,1,1,higher_spi_home_field_adjusted,higher_spi,higher_spi_home_field_adjusted,28.408237524565276,46.341312605491126,31.818,68.182,37.935,62.065,0.067059,2021_w8,spi_rankings_2021_w8.csv,130,,False,False,Sun Belt vs Sun Belt
2021,regular,9,401282118,2021-10-30 23:00:00+00:00,Mississippi State,Kentucky,SEC,SEC,True,31,17,fbs,fbs,Kentucky,Kentucky,Kentucky,Mississippi State,0,0,0,higher_spi_home_field_adjusted,higher_spi,higher_spi_home_field_adjusted,60.4824839770348,76.22314310261432,33.873,66.127,40.152,59.848,0.067059,2021_w8,spi_rankings_2021_w8.csv,130,,False,False,SEC vs SEC
2021,regular,9,401301034,2021-10-30 23:00:00+00:00,Houston,SMU,American Athletic,American Athletic,True,44,37,fbs,fbs,Houston,SMU,Houston,Houston,1,0,1,higher_spi_home_field_adjusted,higher_spi,higher_spi_home_field_adjusted,75.33422830699764,79.00855667700168,46.104,53.896,52.84,47.16,0.067059,2021_w8,spi_rankings_2021_w8.csv,130,,False,False,American Athletic vs American Athletic
2021,regular,9,401310730,2021-10-30 23:00:00+00:00,Colorado State,Boise State,Mountain West,Mountain West,True,19,28,fbs,fbs,Colorado State,Boise State,Colorado State,Boise State,0,1,0,higher_spi_home_field_adjusted,higher_spi,higher_spi_home_field_adjusted,46.91872067811975,52.05108652970078,44.568,55.432,51.293,48.707,0.067059,2021_w8,spi_rankings_2021_w8.csv,130,,False,False,Mountain West vs Mountain West
2021,regular,9,401282116,2021-10-30 23:00:00+00:00,Auburn,Ole Miss,SEC,SEC,True,31,20,fbs,fbs,Auburn,Ole Miss,Auburn,Auburn,1,0,1,higher_spi_home_field_adjusted,higher_spi,higher_spi_home_field_adjusted,73.39464558930145,79.29285241836614,43.766,56.234,50.48,49.52,0.067059,2021_w8,spi_rankings_2021_w8.csv,130,,False,False,SEC vs SEC
2021,regular,9,401309882,2021-10-30 23:00:00+00:00,California,Oregon State,Pac-12,Pac-12,True,39,25,fbs,fbs,Oregon State,Oregon State,Oregon State,California,0,0,0,higher_spi_home_field_adjusted,higher_spi,higher_spi_home_field_adjusted,30.940054548140036,58.962381740015765,23.309,76.691,28.474,71.526,0.067059,2021_w8,spi_rankings_2021_w8.csv,130,,False,False,Pac-12 vs Pac-12
2021,regular,9,401287932,2021-10-30 23:00:00+00:00,Oklahoma State,Kansas,Big 12,Big 12,True,55,3,fbs,fbs,Oklahoma State,Oklahoma State,Oklahoma State,Oklahoma State,1,1,1,higher_spi_home_field_adjusted,higher_spi,higher_spi_home_field_adjusted,79.608783810586,30.773516697616365,88.85,11.15,91.256,8.744,0.067059,2021_w8,spi_rankings_2021_w8.csv,130,,False,False,Big 12 vs Big 12
2021,regular,9,401309886,2021-10-30 23:00:00+00:00,USC,Arizona,Pac-12,Pac-12,True,41,34,fbs,fbs,USC,USC,USC,USC,1,1,1,higher_spi_home_field_adjusted,higher_spi,higher_spi_home_field_adjusted,39.49712799194519,7.5233644859813085,79.558,20.442,83.6,16.4,0.067059,2021_w8,spi_rankings_2021_w8.csv,130,,False,False,Pac-12 vs Pac-12
2021,regular,9,401282814,2021-10-30 23:30:00+00:00,Ohio State,Penn State,Big Ten,Big Ten,True,33,24,fbs,fbs,Ohio State,Ohio State,Ohio State,Ohio State,1,1,1,higher_spi_home_field_adjusted,higher_spi,higher_spi_home_field_adjusted,83.21110329040555,69.97324739577168,63.706,36.294,69.688,30.312,0.067059,2021_w8,spi_rankings_2021_w8.csv,130,,False,False,Big Ten vs Big Ten
2021,regular,9,401282672,2021-10-30 23:30:00+00:00,NC State,Louisville,ACC,ACC,True,28,13,fbs,fbs,NC State,NC State,NC State,NC State,1,1,1,higher_spi_home_field_adjusted,higher_spi,higher_spi_home_field_adjusted,69.94447965299437,66.23276126358412,53.936,46.064,60.53,39.47,0.067059,2021_w8,spi_rankings_2021_w8.csv,130,,False,False,ACC vs ACC
2021,regular,9,401282673,2021-10-30 23:30:00+00:00,Notre Dame,North Carolina,FBS Independents,ACC,True,44,34,fbs,fbs,Notre Dame,Notre Dame,Notre Dame,Notre Dame,1,1,1,higher_spi_home_field_adjusted,higher_spi,higher_spi_home_field_adjusted,77.03839617931371,62.42308154146413,65.048,34.952,70.91,29.09,0.067059,2021_w8,spi_rankings_2021_w8.csv,130,,False,False,ACC vs FBS Independents
2021,regular,9,401309887,2021-10-31 02:00:00+00:00,Utah,UCLA,Pac-12,Pac-12,True,44,24,fbs,fbs,Utah,UCLA,Utah,Utah,1,0,1,higher_spi_home_field_adjusted,higher_spi,higher_spi_home_field_adjusted,49.81115891683946,51.29099425767514,48.428,51.572,55.156,44.844,0.067059,2021_w8,spi_rankings_2021_w8.csv,130,,False,False,Pac-12 vs Pac-12
2021,regular,9,401282669,2021-10-31 02:15:00+00:00,BYU,Virginia,FBS Independents,ACC,False,66,49,fbs,fbs,Virginia,Virginia,Virginia,BYU,0,0,0,higher_spi_home_field_adjusted,higher_spi,higher_spi_home_field_adjusted,61.92448933252688,74.74746715611164,36.703,63.297,43.165,56.835,0.067059,2021_w8,spi_rankings_2021_w8.csv,130,,False,False,ACC vs FBS Independents
2021,regular,9,401309883,2021-10-31 02:30:00+00:00,Stanford,Washington,Pac-12,Pac-12,True,13,20,fbs,fbs,Stanford,Washington,Stanford,Washington,0,1,0,higher_spi_home_field_adjusted,higher_spi,higher_spi_home_field_adjusted,36.81150477549912,41.67620723557739,44.85,55.15,51.577,48.423,0.067059,2021_w8,spi_rankings_2021_w8.csv,130,,False,False,Pac-12 vs Pac-12
2021,regular,9,401310733,2021-10-31 02:30:00+00:00,San Diego State,Fresno State,Mountain West,Mountain West,True,20,30,fbs,fbs,San Diego State,San Diego State,San Diego State,Fresno State,0,0,0,higher_spi_home_field_adjusted,higher_spi,higher_spi_home_field_adjusted,75.72453865780908,60.36178133558381,65.767,34.233,71.561,28.439,0.067059,2021_w8,spi_rankings_2021_w8.csv,130,,False,False,Mountain West vs Mountain West
2021,regular,10,401309579,2021-11-02 23:00:00+00:00,Akron,Ball State,Mid-American,Mid-American,True,25,31,fbs,fbs,Ball State,Ball State,Ball State,Ball State,1,1,1,higher_spi_home_field_adjusted,higher_spi,higher_spi_home_field_adjusted,30.87553694981169,53.35062921814973,27.784,72.216,33.507,66.493,0.067059,2021_w9,spi_rankings_2021_w9.csv,130,,False,False,Mid-American vs Mid-American
2021,regular,10,401309580,2021-11-02 23:30:00+00:00,Toledo,Eastern Michigan,Mid-American,Mid-American,True,49,52,fbs,fbs,Toledo,Eastern Michigan,Toledo,Eastern Michigan,0,1,0,higher_spi_home_field_adjusted,higher_spi,higher_spi_home_field_adjusted,58.94241927110372,64.13739071747482,44.503,55.497,51.227,48.773,0.067059,2021_w9,spi_rankings_2021_w9.csv,130,,False,False,Mid-American vs Mid-American
2021,regular,10,401308839,2021-11-02 23:30:00+00:00,Ohio,Miami (OH),Mid-American,Mid-American,True,35,33,fbs,fbs,Miami (OH),Miami (OH),Miami (OH),Ohio,0,0,0,higher_spi_home_field_adjusted,higher_spi,higher_spi_home_field_adjusted,26.59265912158655,55.04005002784569,22.988,77.012,28.107,71.893,0.067059,2021_w9,spi_rankings_2021_w9.csv,130,,False,False,Mid-American vs Mid-American
2021,regular,10,401309582,2021-11-03 23:00:00+00:00,Kent State,Northern Illinois,Mid-American,Mid-American,True,52,47,fbs,fbs,Northern Illinois,Northern Illinois,Northern Illinois,Kent State,0,0,0,higher_spi_home_field_adjusted,higher_spi,higher_spi_home_field_adjusted,50.01253452393313,62.89265081507632,36.647,63.353,43.106,56.894,0.067059,2021_w9,spi_rankings_2021_w9.csv,130,,False,False,Mid-American vs Mid-American
2021,regular,10,401309581,2021-11-03 23:00:00+00:00,Western Michigan,Central Michigan,Mid-American,Mid-American,True,30,42,fbs,fbs,Western Michigan,Western Michigan,Western Michigan,Central Michigan,0,0,0,higher_spi_home_field_adjusted,higher_spi,higher_spi_home_field_adjusted,63.56358425916313,53.930365486450015,60.095,39.905,66.358,33.642,0.067059,2021_w9,spi_rankings_2021_w9.csv,130,,False,False,Mid-American vs Mid-American
2021,regular,10,401309632,2021-11-04 23:30:00+00:00,Louisiana,Georgia State,Sun Belt,Sun Belt,True,21,17,fbs,fbs,Louisiana,Louisiana,Louisiana,Louisiana,1,1,1,higher_spi_home_field_adjusted,higher_spi,higher_spi_home_field_adjusted,73.09000519156889,49.77125947461323,72.929,27.071,77.918,22.082,0.067059,2021_w9,spi_rankings_2021_w9.csv,130,,False,False,Sun Belt vs Sun Belt
2021,regular,10,401282677,2021-11-05 23:30:00+00:00,Boston College,Virginia Tech,ACC,ACC,True,17,3,fbs,fbs,Boston College,Boston College,Boston College,Boston College,1,1,1,higher_spi_home_field_adjusted,higher_spi,higher_spi_home_field_adjusted,56.75150725403761,55.38798774789741,51.448,48.552,58.123,41.877,0.067059,2021_w9,spi_rankings_2021_w9.csv,130,,False,False,ACC vs ACC
2021,regular,10,401309888,2021-11-06 02:30:00+00:00,Stanford,Utah,Pac-12,Pac-12,True,7,52,fbs,fbs,Utah,Utah,Utah,Utah,1,1,1,higher_spi_home_field_adjusted,higher_spi,higher_spi_home_field_adjusted,35.987499740421555,53.514022427577615,32.194,67.806,38.343,61.657,0.067059,2021_w9,spi_rankings_2021_w9.csv,130,,False,False,Pac-12 vs Pac-12
2021,regular,10,401310253,2021-11-06 15:30:00+00:00,Air Force,Army,Mountain West,FBS Independents,False,14,21,fbs,fbs,Army,Army,Army,Army,1,1,1,higher_spi_home_field_adjusted,higher_spi,higher_spi_home_field_adjusted,64.24448041834606,64.30573564531201,49.935,50.065,49.935,50.065,0.067059,2021_w9,spi_rankings_2021_w9.csv,130,,False,False,FBS Independents vs Mountain West
2021,regular,10,401282124,2021-11-06 16:00:00+00:00,Ole Miss,Liberty,SEC,FBS Independents,False,27,14,fbs,fbs,Ole Miss,Ole Miss,Ole Miss,Ole Miss,1,1,1,higher_spi_home_field_adjusted,higher_spi,higher_spi_home_field_adjusted,74.86964989947236,70.5935949884055,54.531,45.469,61.102,38.898,0.067059,2021_w9,spi_rankings_2021_w9.csv,130,,False,False,FBS Independents vs SEC
2021,regular,10,401282250,2021-11-06 16:00:00+00:00,UAB,Louisiana Tech,Conference USA,Conference USA,True,52,38,fbs,fbs,UAB,UAB,UAB,UAB,1,1,1,higher_spi_home_field_adjusted,higher_spi,higher_spi_home_field_adjusted,58.54457462172341,33.9999692281553,73.946,26.054,78.802,21.198,0.067059,2021_w9,spi_rankings_2021_w9.csv,130,,False,False,Conference USA vs Conference USA
2021,regular,10,401282122,2021-11-06 16:00:00+00:00,Georgia,Missouri,SEC,SEC,True,43,6,fbs,fbs,Georgia,Georgia,Georgia,Georgia,1,1,1,higher_spi_home_field_adjusted,higher_spi,higher_spi_home_field_adjusted,100.0,52.60365486450005,88.229,11.771,90.756,9.244,0.067059,2021_w9,spi_rankings_2021_w9.csv,130,,False,False,SEC vs SEC
2021,regular,10,401282682,2021-11-06 16:00:00+00:00,North Carolina,Wake Forest,ACC,ACC,True,58,55,fbs,fbs,Wake Forest,Wake Forest,Wake Forest,North Carolina,0,0,0,higher_spi_home_field_adjusted,higher_spi,higher_spi_home_field_adjusted,58.43498286782265,87.87228948188142,22.251,77.749,27.265,72.735,0.067059,2021_w9,spi_rankings_2021_w9.csv,130,,False,False,ACC vs ACC
2021,regular,10,401282799,2021-11-06 16:00:00+00:00,Nebraska,Ohio State,Big Ten,Big Ten,True,17,26,fbs,fbs,Ohio State,Ohio State,Ohio State,Ohio State,1,1,1,higher_spi_home_field_adjusted,higher_spi,higher_spi_home_field_adjusted,55.80667128139457,84.75677386469827,22.612,77.388,27.677,72.323,0.067059,2021_w9,spi_rankings_2021_w9.csv,130,,False,False,Big Ten vs Big Ten
2021,regular,10,401282678,2021-11-06 16:00:00+00:00,Duke,Pittsburgh,ACC,ACC,True,29,54,fbs,fbs,Pittsburgh,Pittsburgh,Pittsburgh,Pittsburgh,1,1,1,higher_spi_home_field_adjusted,higher_spi,higher_spi_home_field_adjusted,43.43906136434431,81.50414494860345,16.551,83.449,20.621,79.379,0.067059,2021_w9,spi_rankings_2021_w9.csv,130,,False,False,ACC vs ACC
2021,regular,10,401282720,2021-11-06 16:00:00+00:00,Minnesota,Illinois,Big Ten,Big Ten,True,6,14,fbs,fbs,Minnesota,Minnesota,Minnesota,Illinois,0,0,0,higher_spi_home_field_adjusted,higher_spi,higher_spi_home_field_adjusted,71.06888381268818,40.59244776704855,78.503,21.497,82.709,17.291,0.067059,2021_w9,spi_rankings_2021_w9.csv,130,,False,False,Big Ten vs Big Ten
2021,regular,10,401301039,2021-11-06 16:00:00+00:00,Memphis,SMU,American Athletic,American Athletic,True,28,25,fbs,fbs,SMU,SMU,SMU,Memphis,0,0,0,higher_spi_home_field_adjusted,higher_spi,higher_spi_home_field_adjusted,49.68095232251915,73.26658432523764,26.847,73.153,32.464,67.536,0.067059,2021_w9,spi_rankings_2021_w9.csv,130,,False,False,American Athletic vs American Athletic
2021,regular,10,401287935,2021-11-06 16:00:00+00:00,Kansas,Kansas State,Big 12,Big 12,True,10,35,fbs,fbs,Kansas State,Kansas State,Kansas State,Kansas State,1,1,1,higher_spi_home_field_adjusted,higher_spi,higher_spi_home_field_adjusted,29.28994081611463,67.22278268092617,16.629,83.371,20.713,79.287,0.067059,2021_w9,spi_rankings_2021_w9.csv,130,,False,False,Big 12 vs Big 12
2021,regular,10,401282681,2021-11-06 16:30:00+00:00,Miami,Georgia Tech,ACC,ACC,True,33,30,fbs,fbs,Miami,Miami,Miami,Miami,1,1,1,higher_spi_home_field_adjusted,higher_spi,higher_spi_home_field_adjusted,66.49036756307756,55.24737825770948,61.723,38.277,67.867,32.133,0.067059,2021_w9,spi_rankings_2021_w9.csv,130,,False,False,ACC vs ACC
2021,regular,10,401309633,2021-11-06 18:00:00+00:00,Arkansas State,App State,Sun Belt,Sun Belt,True,14,48,fbs,fbs,App State,App State,App State,App State,1,1,1,higher_spi_home_field_adjusted,higher_spi,higher_spi_home_field_adjusted,19.964536581682257,68.98683078317177,11.072,88.928,14.021,85.979,0.067059,2021_w9,spi_rankings_2021_w9.csv,130,,False,False,Sun Belt vs Sun Belt
2021,regular,10,401309889,2021-11-06 19:00:00+00:00,Arizona,California,Pac-12,Pac-12,True,10,3,fbs,fbs,California,California,California,Arizona,0,0,0,higher_spi_home_field_adjusted,higher_spi,higher_spi_home_field_adjusted,9.1,37.380200394559246,23.114,76.886,28.251,71.749,0.067059,2021_w9,spi_rankings_2021_w9.csv,130,,False,False,Pac-12 vs Pac-12
2021,regular,10,401301035,2021-11-06 19:00:00+00:00,East Carolina,Temple,American Athletic,American Athletic,True,45,3,fbs,fbs,East Carolina,East Carolina,East Carolina,East Carolina,1,1,1,higher_spi_home_field_adjusted,higher_spi,higher_spi_home_field_adjusted,48.99306491348958,32.3415745556489,66.989,33.011,72.662,27.338,0.067059,2021_w9,spi_rankings_2021_w9.csv,130,,False,False,American Athletic vs American Athletic
2021,regular,10,401282252,2021-11-06 19:00:00+00:00,Southern Miss,North Texas,Conference USA,Conference USA,True,14,38,fbs,fbs,North Texas,North Texas,North Texas,North Texas,1,1,1,higher_spi_home_field_adjusted,higher_spi,higher_spi_home_field_adjusted,21.17228221368498,29.956245834945864,40.774,59.226,47.416,52.584,0.067059,2021_w9,spi_rankings_2021_w9.csv,130,,False,False,Conference USA vs Conference USA
2021,regular,10,401309635,2021-11-06 19:00:00+00:00,Texas State,UL Monroe,Sun Belt,Sun Belt,True,27,19,fbs,fbs,UL Monroe,UL Monroe,UL Monroe,Texas State,0,0,0,higher_spi_home_field_adjusted,higher_spi,higher_spi_home_field_adjusted,33.006677395909044,45.85699927318036,36.676,63.324,43.137,56.863,0.067059,2021_w9,spi_rankings_2021_w9.csv,130,,False,False,Sun Belt vs Sun Belt
2021,regular,10,401309914,2021-11-06 19:30:00+00:00,BYU,Idaho State,FBS Independents,Big Sky,False,59,14,fbs,fcs,BYU,BYU,BYU,BYU,1,1,1,fbs_vs_fcs_rule,fbs_vs_fcs_rule,fbs_vs_fcs_rule,68.46887701645255,,100.0,0.0,100.0,0.0,0.067059,2021_w9,spi_rankings_2021_w9.csv,130,,False,False,Big Sky vs FBS Independents
2021,regular,10,401310736,2021-11-06 19:30:00+00:00,Wyoming,Colorado State,Mountain West,Mountain West,True,31,17,fbs,fbs,Wyoming,Wyoming,Wyoming,Wyoming,1,1,1,higher_spi_home_field_adjusted,higher_spi,higher_spi_home_field_adjusted,48.629080053992325,43.810705015055554,55.102,44.898,61.648,38.352,0.067059,2021_w9,spi_rankings_2021_w9.csv,130,,False,False,Mountain West vs Mountain West
2021,regular,10,401282824,2021-11-06 19:30:00+00:00,Rutgers,Wisconsin,Big Ten,Big Ten,True,3,52,fbs,fbs,Wisconsin,Wisconsin,Wisconsin,Wisconsin,1,1,1,higher_spi_home_field_adjusted,higher_spi,higher_spi_home_field_adjusted,57.31720759668117,68.60036652476379,38.236,61.764,44.777,55.223,0.067059,2021_w9,spi_rankings_2021_w9.csv,130,,False,False,Big Ten vs Big Ten
2021,regular,10,401282247,2021-11-06 19:30:00+00:00,Charlotte,Rice,Conference USA,Conference USA,True,31,24,fbs,fbs,Charlotte,Charlotte,Charlotte,Charlotte,1,1,1,higher_spi_home_field_adjusted,higher_spi,higher_spi_home_field_adjusted,41.923515730453744,32.486902709998965,59.894,40.106,66.171,33.829,0.067059,2021_w9,spi_rankings_2021_w9.csv,130,,False,False,Conference USA vs Conference USA
2021,regular,10,401287936,2021-11-06 19:30:00+00:00,TCU,Baylor,Big 12,Big 12,True,30,28,fbs,fbs,Baylor,Baylor,Baylor,TCU,0,0,0,higher_spi_home_field_adjusted,higher_spi,higher_spi_home_field_adjusted,51.9324954455782,85.96324161561624,19.057,80.943,23.569,76.431,0.067059,2021_w9,spi_rankings_2021_w9.csv,130,,False,False,Big 12 vs Big 12
2021,regular,10,401286303,2021-11-06 19:30:00+00:00,Massachusetts,Rhode Island,FBS Independents,CAA,False,22,35,fbs,fcs,Massachusetts,Massachusetts,Massachusetts,Rhode Island,0,0,0,fbs_vs_fcs_rule,fbs_vs_fcs_rule,fbs_vs_fcs_rule,20.101339424774167,,100.0,0.0,100.0,0.0,0.067059,2021_w9,spi_rankings_2021_w9.csv,130,,False,False,CAA vs FBS Independents
2021,regular,10,401282768,2021-11-06 19:30:00+00:00,Maryland,Penn State,Big Ten,Big Ten,True,14,31,fbs,fbs,Maryland,Penn State,Maryland,Penn State,0,1,0,higher_spi_home_field_adjusted,higher_spi,higher_spi_home_field_adjusted,63.51261239746652,68.17354584155332,45.064,54.936,51.794,48.206,0.067059,2021_w9,spi_rankings_2021_w9.csv,130,,False,False,Big Ten vs Big Ten
2021,regular,10,401309636,2021-11-06 19:30:00+00:00,Troy,South Alabama,Sun Belt,Sun Belt,True,31,24,fbs,fbs,Troy,South Alabama,Troy,Troy,1,0,1,higher_spi_home_field_adjusted,higher_spi,higher_spi_home_field_adjusted,48.8835126155124,53.932462880282415,44.656,55.344,51.382,48.618,0.067059,2021_w9,spi_rankings_2021_w9.csv,130,,False,False,Sun Belt vs Sun Belt
2021,regular,10,401301037,2021-11-06 19:30:00+00:00,Cincinnati,Tulsa,American Athletic,American Athletic,True,28,20,fbs,fbs,Cincinnati,Cincinnati,Cincinnati,Cincinnati,1,1,1,higher_spi_home_field_adjusted,higher_spi,higher_spi_home_field_adjusted,87.52221377936775,44.001087964055465,86.409,13.591,89.279,10.721,0.067059,2021_w9,spi_rankings_2021_w9.csv,130,,False,False,American Athletic vs American Athletic
2021,regular,10,401287937,2021-11-06 19:30:00+00:00,West Virginia,Oklahoma State,Big 12,Big 12,True,3,24,fbs,fbs,Oklahoma State,Oklahoma State,Oklahoma State,Oklahoma State,1,1,1,higher_spi_home_field_adjusted,higher_spi,higher_spi_home_field_adjusted,65.80611359152736,82.51166847584977,32.96,67.04,39.171,60.829,0.067059,2021_w9,spi_rankings_2021_w9.csv,130,,False,False,Big 12 vs Big 12
2021,regular,10,401282787,2021-11-06 19:30:00+00:00,Purdue,Michigan State,Big Ten,Big Ten,True,40,29,fbs,fbs,Michigan State,Michigan State,Michigan State,Purdue,0,0,0,higher_spi_home_field_adjusted,higher_spi,higher_spi_home_field_adjusted,62.12535769909666,82.06818710414288,29.994,70.006,35.946,64.054,0.067059,2021_w9,spi_rankings_2021_w9.csv,130,,False,False,Big Ten vs Big Ten
2021,regular,10,401282710,2021-11-06 19:30:00+00:00,Notre Dame,Navy,FBS Independents,American Athletic,False,34,6,fbs,fbs,Notre Dame,Notre Dame,Notre Dame,Notre Dame,1,1,1,higher_spi_home_field_adjusted,higher_spi,higher_spi_home_field_adjusted,80.40771797509936,33.63291690658008,87.952,12.048,90.532,9.468,0.067059,2021_w9,spi_rankings_2021_w9.csv,130,,False,False,American Athletic vs FBS Independents
2021,regular,10,401282251,2021-11-06 19:30:00+00:00,Western Kentucky,Middle Tennessee,Conference USA,Conference USA,True,48,21,fbs,fbs,Western Kentucky,Western Kentucky,Western Kentucky,Western Kentucky,1,1,1,higher_spi_home_field_adjusted,higher_spi,higher_spi_home_field_adjusted,53.43693282109854,49.64248468487177,54.023,45.977,60.614,39.386,0.067059,2021_w9,spi_rankings_2021_w9.csv,130,,False,False,Conference USA vs Conference USA
2021,regular,10,401282126,2021-11-06 19:30:00+00:00,Texas A&M,Auburn,SEC,SEC,True,20,3,fbs,fbs,Texas A&M,Auburn,Texas A&M,Texas A&M,1,0,1,higher_spi_home_field_adjusted,higher_spi,higher_spi_home_field_adjusted,74.20650607413559,77.02108503789844,47.013,52.987,53.749,46.251,0.067059,2021_w9,spi_rankings_2021_w9.csv,130,,False,False,SEC vs SEC
2021,regular,10,401282679,2021-11-06 20:00:00+00:00,Florida State,NC State,ACC,ACC,True,14,28,fbs,fbs,NC State,NC State,NC State,NC State,1,1,1,higher_spi_home_field_adjusted,higher_spi,higher_spi_home_field_adjusted,54.41673554148064,73.10473414447665,31.126,68.874,37.183,62.817,0.067059,2021_w9,spi_rankings_2021_w9.csv,130,,False,False,ACC vs ACC
2021,regular,10,401301036,2021-11-06 20:00:00+00:00,UCF,Tulane,American Athletic,American Athletic,True,14,10,fbs,fbs,UCF,UCF,UCF,UCF,1,1,1,higher_spi_home_field_adjusted,higher_spi,higher_spi_home_field_adjusted,58.928925250847165,33.27599758356066,74.843,25.157,79.578,20.422,0.067059,2021_w9,spi_rankings_2021_w9.csv,130,,False,False,American Athletic vs American Athletic
2021,regular,10,401310738,2021-11-06 20:00:00+00:00,New Mexico State,Utah State,FBS Independents,Mountain West,False,13,35,fbs,fbs,Utah State,Utah State,Utah State,Utah State,1,1,1,higher_spi_home_field_adjusted,higher_spi,higher_spi_home_field_adjusted,17.553866680510854,57.33327068840204,15.569,84.431,19.454,80.546,0.067059,2021_w9,spi_rankings_2021_w9.csv,130,,False,False,FBS Independents vs Mountain West
2021,regular,10,401282121,2021-11-06 20:00:00+00:00,Arkansas,Mississippi State,SEC,SEC,True,31,28,fbs,fbs,Arkansas,Arkansas,Arkansas,Arkansas,1,1,1,higher_spi_home_field_adjusted,higher_spi,higher_spi_home_field_adjusted,72.11401515938117,68.41318271490735,53.924,46.076,60.519,39.481,0.067059,2021_w9,spi_rankings_2021_w9.csv,130,,False,False,SEC vs SEC
2021,regular,10,401282249,2021-11-06 22:00:00+00:00,Florida Atlantic,Marshall,Conference USA,Conference USA,True,13,28,fbs,fbs,Florida Atlantic,Marshall,Florida Atlantic,Marshall,0,1,0,higher_spi_home_field_adjusted,higher_spi,higher_spi_home_field_adjusted,55.21518014744056,60.37865000330373,44.536,55.464,51.26,48.74,0.067059,2021_w9,spi_rankings_2021_w9.csv,130,,False,False,Conference USA vs Conference USA
2021,regular,10,401309634,2021-11-06 22:00:00+00:00,Georgia Southern,Coastal Carolina,Sun Belt,Sun Belt,True,8,28,fbs,fbs,Coastal Carolina,Coastal Carolina,Coastal Carolina,Coastal Carolina,1,1,1,higher_spi_home_field_adjusted,higher_spi,higher_spi_home_field_adjusted,29.143986086595376,80.08230609490188,10.295,89.705,13.067,86.933,0.067059,2021_w9,spi_rankings_2021_w9.csv,130,,False,False,Sun Belt vs Sun Belt
2021,regular,10,401309891,2021-11-06 23:00:00+00:00,Colorado,Oregon State,Pac-12,Pac-12,True,37,34,fbs,fbs,Oregon State,Oregon State,Oregon State,Colorado,0,0,0,higher_spi_home_field_adjusted,higher_spi,higher_spi_home_field_adjusted,30.464537431211717,53.79592254179213,27.06,72.94,32.701,67.299,0.067059,2021_w9,spi_rankings_2021_w9.csv,130,,False,False,Pac-12 vs Pac-12
2021,regular,10,401310735,2021-11-06 23:00:00+00:00,Fresno State,Boise State,Mountain West,Mountain West,True,14,40,fbs,fbs,Fresno State,Fresno State,Fresno State,Boise State,0,0,0,higher_spi_home_field_adjusted,higher_spi,higher_spi_home_field_adjusted,63.65725931309775,56.45522224634466,57.593,42.407,64.013,35.987,0.067059,2021_w9,spi_rankings_2021_w9.csv,130,,False,False,Mountain West vs Mountain West
2021,regular,10,401282757,2021-11-06 23:00:00+00:00,Northwestern,Iowa,Big Ten,Big Ten,True,12,17,fbs,fbs,Iowa,Iowa,Iowa,Iowa,1,1,1,higher_spi_home_field_adjusted,higher_spi,higher_spi_home_field_adjusted,42.37581248053162,74.27505762641469,20.494,79.506,25.24,74.76,0.067059,2021_w9,spi_rankings_2021_w9.csv,130,,False,False,Big Ten vs Big Ten
2021,regular,10,401310737,2021-11-06 23:00:00+00:00,New Mexico,UNLV,Mountain West,Mountain West,True,17,31,fbs,fbs,New Mexico,New Mexico,New Mexico,UNLV,0,0,0,higher_spi_home_field_adjusted,higher_spi,higher_spi_home_field_adjusted,34.6748894195826,15.6783542726612,69.155,30.845,74.597,25.403,0.067059,2021_w9,spi_rankings_2021_w9.csv,130,,False,False,Mountain West vs Mountain West
2021,regular,10,401282120,2021-11-06 23:00:00+00:00,Alabama,LSU,SEC,SEC,True,20,14,fbs,fbs,Alabama,Alabama,Alabama,Alabama,1,1,1,higher_spi_home_field_adjusted,higher_spi,higher_spi_home_field_adjusted,89.83696812376701,59.6693884331845,78.281,21.719,82.52,17.48,0.067059,2021_w9,spi_rankings_2021_w9.csv,130,,False,False,SEC vs SEC
2021,regular,10,401282248,2021-11-06 23:00:00+00:00,Florida International,Old Dominion,Conference USA,Conference USA,True,24,47,fbs,fbs,Old Dominion,Old Dominion,Old Dominion,Old Dominion,1,1,1,higher_spi_home_field_adjusted,higher_spi,higher_spi_home_field_adjusted,20.0188256671166,34.862231336309826,34.732,65.268,41.072,58.928,0.067059,2021_w9,spi_rankings_2021_w9.csv,130,,False,False,Conference USA vs Conference USA
2021,regular,10,401282123,2021-11-06 23:00:00+00:00,Kentucky,Tennessee,SEC,SEC,True,42,45,fbs,fbs,Kentucky,Kentucky,Kentucky,Tennessee,0,0,0,higher_spi_home_field_adjusted,higher_spi,higher_spi_home_field_adjusted,70.46641054926799,61.58709272142041,59.324,40.676,65.639,34.361,0.067059,2021_w9,spi_rankings_2021_w9.csv,130,,False,False,SEC vs SEC
2021,regular,10,401282680,2021-11-06 23:30:00+00:00,Louisville,Clemson,ACC,ACC,True,24,30,fbs,fbs,Louisville,Clemson,Louisville,Clemson,0,1,0,higher_spi_home_field_adjusted,higher_spi,higher_spi_home_field_adjusted,61.201028496993615,66.94919115356662,43.923,56.077,50.639,49.361,0.067059,2021_w9,spi_rankings_2021_w9.csv,130,,False,False,ACC vs ACC
2021,regular,10,401309890,2021-11-06 23:30:00+00:00,Washington,Oregon,Pac-12,Pac-12,True,16,26,fbs,fbs,Oregon,Oregon,Oregon,Oregon,1,1,1,higher_spi_home_field_adjusted,higher_spi,higher_spi_home_field_adjusted,45.52287093759735,71.10964697331534,25.21,74.79,30.628,69.372,0.067059,2021_w9,spi_rankings_2021_w9.csv,130,,False,False,Pac-12 vs Pac-12
2021,regular,10,401282125,2021-11-06 23:30:00+00:00,South Carolina,Florida,SEC,SEC,True,40,17,fbs,fbs,Florida,Florida,Florida,South Carolina,0,0,0,higher_spi_home_field_adjusted,higher_spi,higher_spi_home_field_adjusted,57.15120935237539,65.94519515579425,40.764,59.236,47.405,52.595,0.067059,2021_w9,spi_rankings_2021_w9.csv,130,,False,False,SEC vs SEC
2021,regular,10,401301038,2021-11-06 23:30:00+00:00,South Florida,Houston,American Athletic,American Athletic,True,42,54,fbs,fbs,Houston,Houston,Houston,Houston,1,1,1,higher_spi_home_field_adjusted,higher_spi,higher_spi_home_field_adjusted,33.85863943138162,76.27974344210456,14.15,85.85,17.755,82.245,0.067059,2021_w9,spi_rankings_2021_w9.csv,130,,False,False,American Athletic vs American Athletic
2021,regular,10,401287934,2021-11-06 23:30:00+00:00,Iowa State,Texas,Big 12,Big 12,True,30,7,fbs,fbs,Iowa State,Iowa State,Iowa State,Iowa State,1,1,1,higher_spi_home_field_adjusted,higher_spi,higher_spi_home_field_adjusted,71.65418959609595,67.91824213477314,53.961,46.039,60.555,39.445,0.067059,2021_w9,spi_rankings_2021_w9.csv,130,,False,False,Big 12 vs Big 12
2021,regular,10,401282727,2021-11-06 23:30:00+00:00,Michigan,Indiana,Big Ten,Big Ten,True,29,7,fbs,fbs,Michigan,Michigan,Michigan,Michigan,1,1,1,higher_spi_home_field_adjusted,higher_spi,higher_spi_home_field_adjusted,84.44031772401621,40.08354187708253,86.82,13.18,89.614,10.386,0.067059,2021_w9,spi_rankings_2021_w9.csv,130,,False,False,Big Ten vs Big Ten
2021,regular,10,401310740,2021-11-07 02:00:00+00:00,Nevada,San José State,Mountain West,Mountain West,True,27,24,fbs,fbs,Nevada,Nevada,Nevada,Nevada,1,1,1,higher_spi_home_field_adjusted,higher_spi,higher_spi_home_field_adjusted,65.00659536912056,43.8897405369236,71.043,28.957,76.266,23.734,0.067059,2021_w9,spi_rankings_2021_w9.csv,130,,False,False,Mountain West vs Mountain West
2021,regular,10,401282253,2021-11-07 02:15:00+00:00,UTEP,UTSA,Conference USA,Conference USA,True,23,44,fbs,fbs,UTSA,UTSA,UTSA,UTSA,1,1,1,higher_spi_home_field_adjusted,higher_spi,higher_spi_home_field_adjusted,57.139717578652274,79.99665898943752,27.46,72.54,33.147,66.853,0.067059,2021_w9,spi_rankings_2021_w9.csv,130,,False,False,Conference USA vs Conference USA
2021,regular,10,401309892,2021-11-07 02:30:00+00:00,Arizona State,USC,Pac-12,Pac-12,True,31,16,fbs,fbs,Arizona State,Arizona State,Arizona State,Arizona State,1,1,1,higher_spi_home_field_adjusted,higher_spi,higher_spi_home_field_adjusted,52.86672412002908,44.25865123040184,59.045,40.955,65.378,34.622,0.067059,2021_w9,spi_rankings_2021_w9.csv,130,,False,False,Pac-12 vs Pac-12
2021,regular,10,401310739,2021-11-07 03:00:00+00:00,Hawai'i,San Diego State,Mountain West,Mountain West,True,10,17,fbs,fbs,San Diego State,San Diego State,San Diego State,San Diego State,1,1,1,higher_spi_home_field_adjusted,higher_spi,higher_spi_home_field_adjusted,37.62418094348112,69.48831793167895,20.518,79.482,25.268,74.732,0.067059,2021_w9,spi_rankings_2021_w9.csv,130,,False,False,Mountain West vs Mountain West
2021,regular,11,401309584,2021-11-10 00:00:00+00:00,Western Michigan,Akron,Mid-American,Mid-American,True,45,40,fbs,fbs,Western Michigan,Western Michigan,Western Michigan,Western Michigan,1,1,1,higher_spi_home_field_adjusted,higher_spi,higher_spi_home_field_adjusted,58.57308194885197,25.31001493373157,80.435,19.565,84.337,15.663,0.067059,2021_w10,spi_rankings_2021_w10.csv,130,,False,False,Mid-American vs Mid-American
2021,regular,11,401308840,2021-11-10 00:00:00+00:00,Miami (OH),Buffalo,Mid-American,Mid-American,True,45,18,fbs,fbs,Miami (OH),Miami (OH),Miami (OH),Miami (OH),1,1,1,higher_spi_home_field_adjusted,higher_spi,higher_spi_home_field_adjusted,49.28424491319768,43.20282807541534,56.426,43.574,62.909,37.091,0.067059,2021_w10,spi_rankings_2021_w10.csv,130,,False,False,Mid-American vs Mid-American
2021,regular,11,401309583,2021-11-10 01:00:00+00:00,Eastern Michigan,Ohio,Mid-American,Mid-American,True,26,34,fbs,fbs,Eastern Michigan,Eastern Michigan,Eastern Michigan,Ohio,0,0,0,higher_spi_home_field_adjusted,higher_spi,higher_spi_home_field_adjusted,65.54878663431025,30.071495239873062,81.873,18.127,85.541,14.459,0.067059,2021_w10,spi_rankings_2021_w10.csv,130,,False,False,Mid-American vs Mid-American
2021,regular,11,401309587,2021-11-11 00:00:00+00:00,Northern Illinois,Ball State,Mid-American,Mid-American,True,30,29,fbs,fbs,Northern Illinois,Northern Illinois,Northern Illinois,Northern Illinois,1,1,1,higher_spi_home_field_adjusted,higher_spi,higher_spi_home_field_adjusted,59.8794287847676,50.52268993839836,59.813,40.187,66.095,33.905,0.067059,2021_w10,spi_rankings_2021_w10.csv,130,,False,False,Mid-American vs Mid-American
2021,regular,11,401309585,2021-11-11 00:00:00+00:00,Bowling Green,Toledo,Mid-American,Mid-American,True,17,49,fbs,fbs,Toledo,Toledo,Toledo,Toledo,1,1,1,higher_spi_home_field_adjusted,higher_spi,higher_spi_home_field_adjusted,40.084664924397984,54.31035094269181,35.329,64.671,41.709,58.291,0.067059,2021_w10,spi_rankings_2021_w10.csv,130,,False,False,Mid-American vs Mid-American
2021,regular,11,401309586,2021-11-11 01:00:00+00:00,Central Michigan,Kent State,Mid-American,Mid-American,True,54,30,fbs,fbs,Central Michigan,Kent State,Central Michigan,Central Michigan,1,0,1,higher_spi_home_field_adjusted,higher_spi,higher_spi_home_field_adjusted,51.52608736232966,52.95661750980026,48.481,51.519,55.208,44.792,0.067059,2021_w10,spi_rankings_2021_w10.csv,130,,False,False,Mid-American vs Mid-American
2021,regular,11,401282683,2021-11-12 00:30:00+00:00,Pittsburgh,North Carolina,ACC,ACC,True,30,23,fbs,fbs,Pittsburgh,Pittsburgh,Pittsburgh,Pittsburgh,1,1,1,higher_spi_home_field_adjusted,higher_spi,higher_spi_home_field_adjusted,79.8989359716259,59.65269740526414,70.276,29.724,75.59,24.41,0.067059,2021_w10,spi_rankings_2021_w10.csv,130,,False,False,ACC vs ACC
2021,regular,11,401301040,2021-11-12 23:00:00+00:00,South Florida,Cincinnati,American Athletic,American Athletic,True,28,45,fbs,fbs,Cincinnati,Cincinnati,Cincinnati,Cincinnati,1,1,1,higher_spi_home_field_adjusted,higher_spi,higher_spi_home_field_adjusted,27.733862236326303,85.11926451372037,8.026,91.974,10.257,89.743,0.067059,2021_w10,spi_rankings_2021_w10.csv,130,,False,False,American Athletic vs American Athletic
2021,regular,11,401310742,2021-11-13 02:00:00+00:00,Boise State,Wyoming,Mountain West,Mountain West,True,23,13,fbs,fbs,Boise State,Boise State,Boise State,Boise State,1,1,1,higher_spi_home_field_adjusted,higher_spi,higher_spi_home_field_adjusted,58.33438491693113,48.54255180138136,60.256,39.744,66.508,33.492,0.067059,2021_w10,spi_rankings_2021_w10.csv,130,,False,False,Mountain West vs Mountain West
2021,regular,11,401282684,2021-11-13 17:00:00+00:00,Clemson,UConn,ACC,FBS Independents,False,44,7,fbs,fbs,Clemson,Clemson,Clemson,Clemson,1,1,1,higher_spi_home_field_adjusted,higher_spi,higher_spi_home_field_adjusted,67.75486279634123,11.328495426544704,91.668,8.332,93.511,6.489,0.067059,2021_w10,spi_rankings_2021_w10.csv,130,,False,False,ACC vs FBS Independents
2021,regular,11,401282806,2021-11-13 17:00:00+00:00,Wisconsin,Northwestern,Big Ten,Big Ten,True,35,7,fbs,fbs,Wisconsin,Wisconsin,Wisconsin,Wisconsin,1,1,1,higher_spi_home_field_adjusted,higher_spi,higher_spi_home_field_adjusted,71.90720552548068,37.260770953892106,81.343,18.657,85.098,14.902,0.067059,2021_w10,spi_rankings_2021_w10.csv,130,,False,False,Big Ten vs Big Ten
2021,regular,11,401282780,2021-11-13 17:00:00+00:00,Penn State,Michigan,Big Ten,Big Ten,True,17,21,fbs,fbs,Michigan,Michigan,Michigan,Michigan,1,1,1,higher_spi_home_field_adjusted,higher_spi,higher_spi_home_field_adjusted,70.12323128616764,82.85411610976293,36.794,63.206,43.261,56.739,0.067059,2021_w10,spi_rankings_2021_w10.csv,130,,False,False,Big Ten vs Big Ten
2021,regular,11,401301042,2021-11-13 17:00:00+00:00,Memphis,East Carolina,American Athletic,American Athletic,True,29,30,fbs,fbs,Memphis,East Carolina,Memphis,East Carolina,0,1,0,higher_spi_home_field_adjusted,higher_spi,higher_spi_home_field_adjusted,49.50028000746687,51.50623483292888,47.87,52.13,54.602,45.398,0.067059,2021_w10,spi_rankings_2021_w10.csv,130,,False,False,American Athletic vs American Athletic
2021,regular,11,401282728,2021-11-13 17:00:00+00:00,Indiana,Rutgers,Big Ten,Big Ten,True,3,38,fbs,fbs,Rutgers,Rutgers,Rutgers,Rutgers,1,1,1,higher_spi_home_field_adjusted,higher_spi,higher_spi_home_field_adjusted,34.94028374089976,50.41905917491134,34.122,65.878,40.42,59.58,0.067059,2021_w10,spi_rankings_2021_w10.csv,130,,False,False,Big Ten vs Big Ten
2021,regular,11,401282127,2021-11-13 17:00:00+00:00,Alabama,New Mexico State,SEC,FBS Independents,False,59,3,fbs,fbs,Alabama,Alabama,Alabama,Alabama,1,1,1,higher_spi_home_field_adjusted,higher_spi,higher_spi_home_field_adjusted,89.00660817621801,10.74145043867837,96.532,3.468,97.33,2.67,0.067059,2021_w10,spi_rankings_2021_w10.csv,130,,False,False,FBS Independents vs SEC
2021,regular,11,401282129,2021-11-13 17:00:00+00:00,Florida,Samford,SEC,Southern,False,70,52,fbs,fcs,Florida,Florida,Florida,Florida,1,1,1,fbs_vs_fcs_rule,fbs_vs_fcs_rule,fbs_vs_fcs_rule,57.24844129176778,,100.0,0.0,100.0,0.0,0.067059,2021_w10,spi_rankings_2021_w10.csv,130,,False,False,SEC vs Southern
2021,regular,11,401282687,2021-11-13 17:00:00+00:00,Louisville,Syracuse,ACC,ACC,True,41,3,fbs,fbs,Louisville,Syracuse,Louisville,Louisville,1,0,1,higher_spi_home_field_adjusted,higher_spi,higher_spi_home_field_adjusted,56.64439051708045,60.31580175471346,46.107,53.893,52.843,47.157,0.067059,2021_w10,spi_rankings_2021_w10.csv,130,,False,False,ACC vs ACC
2021,regular,11,401287938,2021-11-13 17:00:00+00:00,Baylor,Oklahoma,Big 12,Big 12,True,27,14,fbs,fbs,Oklahoma,Oklahoma,Oklahoma,Baylor,0,0,0,higher_spi_home_field_adjusted,higher_spi,higher_spi_home_field_adjusted,78.50414411050963,85.89111442971812,42.215,57.785,48.898,51.102,0.067059,2021_w10,spi_rankings_2021_w10.csv,130,,False,False,Big 12 vs Big 12
2021,regular,11,401301043,2021-11-13 17:00:00+00:00,Temple,Houston,American Athletic,American Athletic,True,8,37,fbs,fbs,Houston,Houston,Houston,Houston,1,1,1,higher_spi_home_field_adjusted,higher_spi,higher_spi_home_field_adjusted,24.97753406757513,73.55004666791115,11.261,88.739,14.253,85.747,0.067059,2021_w10,spi_rankings_2021_w10.csv,130,,False,False,American Athletic vs American Athletic
2021,regular,11,401287939,2021-11-13 17:00:00+00:00,Kansas State,West Virginia,Big 12,Big 12,True,34,17,fbs,fbs,Kansas State,Kansas State,Kansas State,Kansas State,1,1,1,higher_spi_home_field_adjusted,higher_spi,higher_spi_home_field_adjusted,68.24569721859251,60.43636363636363,58.222,41.778,64.606,35.394,0.067059,2021_w10,spi_rankings_2021_w10.csv,130,,False,False,Big 12 vs Big 12
2021,regular,11,401286304,2021-11-13 17:00:00+00:00,Massachusetts,Maine,FBS Independents,CAA,False,10,35,fbs,fcs,Massachusetts,Massachusetts,Massachusetts,Maine,0,0,0,fbs_vs_fcs_rule,fbs_vs_fcs_rule,fbs_vs_fcs_rule,12.869199178644768,,100.0,0.0,100.0,0.0,0.067059,2021_w10,spi_rankings_2021_w10.csv,130,,False,False,CAA vs FBS Independents
2021,regular,11,401282128,2021-11-13 17:00:00+00:00,Auburn,Mississippi State,SEC,SEC,True,34,43,fbs,fbs,Auburn,Auburn,Auburn,Mississippi State,0,0,0,higher_spi_home_field_adjusted,higher_spi,higher_spi_home_field_adjusted,71.80824155310809,63.17030054134777,59.076,40.924,65.407,34.593,0.067059,2021_w10,spi_rankings_2021_w10.csv,130,,False,False,SEC vs SEC
2021,regular,11,401310254,2021-11-13 17:00:00+00:00,Army,Bucknell,FBS Independents,Patriot,False,63,10,fbs,fcs,Army,Army,Army,Army,1,1,1,fbs_vs_fcs_rule,fbs_vs_fcs_rule,fbs_vs_fcs_rule,64.17581435504947,,100.0,0.0,100.0,0.0,0.067059,2021_w10,spi_rankings_2021_w10.csv,130,,False,False,FBS Independents vs Patriot
2021,regular,11,401301041,2021-11-13 17:00:00+00:00,SMU,UCF,American Athletic,American Athletic,True,55,28,fbs,fbs,SMU,SMU,SMU,SMU,1,1,1,higher_spi_home_field_adjusted,higher_spi,higher_spi_home_field_adjusted,66.15626283367556,58.0562721672578,58.522,41.478,64.888,35.112,0.067059,2021_w10,spi_rankings_2021_w10.csv,130,,False,False,American Athletic vs American Athletic
2021,regular,11,401282259,2021-11-13 19:00:00+00:00,Rice,Western Kentucky,Conference USA,Conference USA,True,21,42,fbs,fbs,Western Kentucky,Western Kentucky,Western Kentucky,Western Kentucky,1,1,1,higher_spi_home_field_adjusted,higher_spi,higher_spi_home_field_adjusted,26.28739966399104,53.50952025387345,23.922,76.078,29.171,70.829,0.067059,2021_w10,spi_rankings_2021_w10.csv,130,,False,False,Conference USA vs Conference USA
2021,regular,11,401309896,2021-11-13 19:00:00+00:00,Arizona,Utah,Pac-12,Pac-12,True,29,38,fbs,fbs,Utah,Utah,Utah,Utah,1,1,1,higher_spi_home_field_adjusted,higher_spi,higher_spi_home_field_adjusted,9.54545454545454,54.75484412917678,12.771,87.229,16.09,83.91,0.067059,2021_w10,spi_rankings_2021_w10.csv,130,,False,False,Pac-12 vs Pac-12
2021,regular,11,401309639,2021-11-13 19:00:00+00:00,Coastal Carolina,Georgia State,Sun Belt,Sun Belt,True,40,42,fbs,fbs,Coastal Carolina,Coastal Carolina,Coastal Carolina,Georgia State,0,0,0,higher_spi_home_field_adjusted,higher_spi,higher_spi_home_field_adjusted,78.99752660070935,44.13696098562628,81.481,18.519,85.213,14.787,0.067059,2021_w10,spi_rankings_2021_w10.csv,130,,False,False,Sun Belt vs Sun Belt
2021,regular,11,401309637,2021-11-13 19:30:00+00:00,App State,South Alabama,Sun Belt,Sun Belt,True,31,7,fbs,fbs,App State,App State,App State,App State,1,1,1,higher_spi_home_field_adjusted,higher_spi,higher_spi_home_field_adjusted,68.61497106589509,47.39359716259099,71.134,28.866,76.346,23.654,0.067059,2021_w10,spi_rankings_2021_w10.csv,130,,False,False,Sun Belt vs Sun Belt
2021,regular,11,401309640,2021-11-13 20:00:00+00:00,Texas State,Georgia Southern,Sun Belt,Sun Belt,True,30,38,fbs,fbs,Texas State,Texas State,Texas State,Georgia Southern,0,0,0,higher_spi_home_field_adjusted,higher_spi,higher_spi_home_field_adjusted,33.14765727086056,23.2637110322942,60.35,39.65,66.595,33.405,0.067059,2021_w10,spi_rankings_2021_w10.csv,130,,False,False,Sun Belt vs Sun Belt
2021,regular,11,401282256,2021-11-13 20:30:00+00:00,Old Dominion,Florida Atlantic,Conference USA,Conference USA,True,30,16,fbs,fbs,Florida Atlantic,Florida Atlantic,Florida Atlantic,Old Dominion,0,0,0,higher_spi_home_field_adjusted,higher_spi,higher_spi_home_field_adjusted,35.48798767967146,46.40453612096322,38.605,61.395,45.163,54.837,0.067059,2021_w10,spi_rankings_2021_w10.csv,130,,False,False,Conference USA vs Conference USA
2021,regular,11,401282257,2021-11-13 20:30:00+00:00,Marshall,UAB,Conference USA,Conference USA,True,14,21,fbs,fbs,Marshall,Marshall,Marshall,UAB,0,0,0,higher_spi_home_field_adjusted,higher_spi,higher_spi_home_field_adjusted,59.59202912077656,57.61329102109391,52.101,47.899,58.758,41.242,0.067059,2021_w10,spi_rankings_2021_w10.csv,130,,False,False,Conference USA vs Conference USA
2021,regular,11,401282133,2021-11-13 20:30:00+00:00,Tennessee,Georgia,SEC,SEC,True,17,41,fbs,fbs,Georgia,Georgia,Georgia,Georgia,1,1,1,higher_spi_home_field_adjusted,higher_spi,higher_spi_home_field_adjusted,64.21312301661376,100.0,17.932,82.068,22.251,77.749,0.067059,2021_w10,spi_rankings_2021_w10.csv,130,,False,False,SEC vs SEC
2021,regular,11,401282685,2021-11-13 20:30:00+00:00,Florida State,Miami,ACC,ACC,True,31,28,fbs,fbs,Miami,Miami,Miami,Florida State,0,0,0,higher_spi_home_field_adjusted,higher_spi,higher_spi_home_field_adjusted,50.58011946985253,65.14991599775993,34.996,65.004,41.354,58.646,0.067059,2021_w10,spi_rankings_2021_w10.csv,130,,False,False,ACC vs ACC
2021,regular,11,401309641,2021-11-13 20:30:00+00:00,Troy,Louisiana,Sun Belt,Sun Belt,True,21,35,fbs,fbs,Louisiana,Louisiana,Louisiana,Louisiana,1,1,1,higher_spi_home_field_adjusted,higher_spi,higher_spi_home_field_adjusted,49.438081015493744,71.82873809968265,27.856,72.144,33.587,66.413,0.067059,2021_w10,spi_rankings_2021_w10.csv,130,,False,False,Sun Belt vs Sun Belt
2021,regular,11,401282254,2021-11-13 20:30:00+00:00,Louisiana Tech,Charlotte,Conference USA,Conference USA,True,42,32,fbs,fbs,Charlotte,Charlotte,Charlotte,Louisiana Tech,0,0,0,higher_spi_home_field_adjusted,higher_spi,higher_spi_home_field_adjusted,26.654825462012315,41.27530334142244,34.947,65.053,41.302,58.698,0.067059,2021_w10,spi_rankings_2021_w10.csv,130,,False,False,Conference USA vs Conference USA
2021,regular,11,401282812,2021-11-13 20:30:00+00:00,Ohio State,Purdue,Big Ten,Big Ten,True,59,31,fbs,fbs,Ohio State,Ohio State,Ohio State,Ohio State,1,1,1,higher_spi_home_field_adjusted,higher_spi,higher_spi_home_field_adjusted,81.14721859249579,65.27636736979653,66.251,33.749,71.998,28.002,0.067059,2021_w10,spi_rankings_2021_w10.csv,130,,False,False,Big Ten vs Big Ten
2021,regular,11,401282260,2021-11-13 20:30:00+00:00,UTSA,Southern Miss,Conference USA,Conference USA,True,27,17,fbs,fbs,UTSA,UTSA,UTSA,UTSA,1,1,1,higher_spi_home_field_adjusted,higher_spi,higher_spi_home_field_adjusted,79.58565428411424,13.097871943251826,94.405,5.595,95.671,4.329,0.067059,2021_w10,spi_rankings_2021_w10.csv,130,,False,False,Conference USA vs Conference USA
2021,regular,11,401282689,2021-11-13 20:30:00+00:00,Virginia Tech,Duke,ACC,ACC,True,48,17,fbs,fbs,Virginia Tech,Virginia Tech,Virginia Tech,Virginia Tech,1,1,1,higher_spi_home_field_adjusted,higher_spi,higher_spi_home_field_adjusted,47.30147470599216,37.82807541534442,59.932,40.068,66.206,33.794,0.067059,2021_w10,spi_rankings_2021_w10.csv,130,,False,False,ACC vs ACC
2021,regular,11,401282762,2021-11-13 20:30:00+00:00,Iowa,Minnesota,Big Ten,Big Ten,True,27,22,fbs,fbs,Iowa,Iowa,Iowa,Iowa,1,1,1,higher_spi_home_field_adjusted,higher_spi,higher_spi_home_field_adjusted,73.87575135336942,62.76640843755834,61.589,38.411,67.744,32.256,0.067059,2021_w10,spi_rankings_2021_w10.csv,130,,False,False,Big Ten vs Big Ten
2021,regular,11,401282686,2021-11-13 20:30:00+00:00,Georgia Tech,Boston College,ACC,ACC,True,30,41,fbs,fbs,Boston College,Boston College,Boston College,Boston College,1,1,1,higher_spi_home_field_adjusted,higher_spi,higher_spi_home_field_adjusted,49.35243606496172,58.911312301661376,39.981,60.019,46.596,53.404,0.067059,2021_w10,spi_rankings_2021_w10.csv,130,,False,False,ACC vs ACC
2021,regular,11,401282255,2021-11-13 20:30:00+00:00,Middle Tennessee,Florida International,Conference USA,Conference USA,True,50,10,fbs,fbs,Middle Tennessee,Middle Tennessee,Middle Tennessee,Middle Tennessee,1,1,1,higher_spi_home_field_adjusted,higher_spi,higher_spi_home_field_adjusted,40.62848609296248,12.973595295874556,76.411,23.589,80.926,19.074,0.067059,2021_w10,spi_rankings_2021_w10.csv,130,,False,False,Conference USA vs Conference USA
2021,regular,11,401287942,2021-11-13 20:30:00+00:00,Texas Tech,Iowa State,Big 12,Big 12,True,41,38,fbs,fbs,Iowa State,Iowa State,Iowa State,Texas Tech,0,0,0,higher_spi_home_field_adjusted,higher_spi,higher_spi_home_field_adjusted,57.40826955385477,74.37605936158297,32.714,67.286,38.906,61.094,0.067059,2021_w10,spi_rankings_2021_w10.csv,130,,False,False,Big 12 vs Big 12
2021,regular,11,401310745,2021-11-13 21:00:00+00:00,UNLV,Hawai'i,Mountain West,Mountain West,True,27,13,fbs,fbs,Hawai'i,Hawai'i,Hawai'i,UNLV,0,0,0,higher_spi_home_field_adjusted,higher_spi,higher_spi_home_field_adjusted,15.949738659697593,30.900739219712527,34.628,65.372,40.962,59.038,0.067059,2021_w10,spi_rankings_2021_w10.csv,130,,False,False,Mountain West vs Mountain West
2021,regular,11,401282771,2021-11-13 21:00:00+00:00,Michigan State,Maryland,Big Ten,Big Ten,True,40,21,fbs,fbs,Michigan State,Michigan State,Michigan State,Michigan State,1,1,1,higher_spi_home_field_adjusted,higher_spi,higher_spi_home_field_adjusted,75.45417211125631,56.15461078962106,69.429,30.571,74.84,25.16,0.067059,2021_w10,spi_rankings_2021_w10.csv,130,,False,False,Big Ten vs Big Ten
2021,regular,11,401282132,2021-11-13 21:00:00+00:00,Missouri,South Carolina,SEC,SEC,True,31,28,fbs,fbs,South Carolina,South Carolina,South Carolina,Missouri,0,0,0,higher_spi_home_field_adjusted,higher_spi,higher_spi_home_field_adjusted,50.01598842635804,59.28172484599589,40.28,59.72,46.906,53.094,0.067059,2021_w10,spi_rankings_2021_w10.csv,130,,False,False,SEC vs SEC
2021,regular,11,401301044,2021-11-13 21:00:00+00:00,Tulane,Tulsa,American Athletic,American Athletic,True,13,20,fbs,fbs,Tulsa,Tulsa,Tulsa,Tulsa,1,1,1,higher_spi_home_field_adjusted,higher_spi,higher_spi_home_field_adjusted,28.033003546761247,39.4612843009147,38.091,61.909,44.625,55.375,0.067059,2021_w10,spi_rankings_2021_w10.csv,130,,False,False,American Athletic vs American Athletic
2021,regular,11,401282258,2021-11-13 21:00:00+00:00,North Texas,UTEP,Conference USA,Conference USA,True,20,17,fbs,fbs,UTEP,UTEP,UTEP,North Texas,0,0,0,higher_spi_home_field_adjusted,higher_spi,higher_spi_home_field_adjusted,29.68650364009706,48.75610416277768,30.779,69.221,36.805,63.195,0.067059,2021_w10,spi_rankings_2021_w10.csv,130,,False,False,Conference USA vs Conference USA
2021,regular,11,401309638,2021-11-13 22:00:00+00:00,UL Monroe,Arkansas State,Sun Belt,Sun Belt,True,24,27,fbs,fbs,UL Monroe,UL Monroe,UL Monroe,Arkansas State,0,0,0,higher_spi_home_field_adjusted,higher_spi,higher_spi_home_field_adjusted,38.76404704125444,12.771252566735116,75.114,24.886,79.812,20.188,0.067059,2021_w10,spi_rankings_2021_w10.csv,130,,False,False,Sun Belt vs Sun Belt
2021,regular,11,401309894,2021-11-13 22:30:00+00:00,Oregon State,Stanford,Pac-12,Pac-12,True,35,14,fbs,fbs,Oregon State,Oregon State,Oregon State,Oregon State,1,1,1,higher_spi_home_field_adjusted,higher_spi,higher_spi_home_field_adjusted,45.012012320328544,27.315139070375206,67.964,32.036,73.536,26.464,0.067059,2021_w10,spi_rankings_2021_w10.csv,130,,False,False,Pac-12 vs Pac-12
2021,regular,11,401309897,2021-11-14 00:00:00+00:00,Washington,Arizona State,Pac-12,Pac-12,True,30,35,fbs,fbs,Arizona State,Arizona State,Arizona State,Arizona State,1,1,1,higher_spi_home_field_adjusted,higher_spi,higher_spi_home_field_adjusted,37.83699831995521,51.957457532200856,35.432,64.568,41.818,58.182,0.067059,2021_w10,spi_rankings_2021_w10.csv,130,,False,False,Pac-12 vs Pac-12
2021,regular,11,401282134,2021-11-14 00:00:00+00:00,Vanderbilt,Kentucky,SEC,SEC,True,17,34,fbs,fbs,Kentucky,Kentucky,Kentucky,Kentucky,1,1,1,higher_spi_home_field_adjusted,higher_spi,higher_spi_home_field_adjusted,19.64178644763861,63.73774500653351,13.307,86.693,16.739,83.261,0.067059,2021_w10,spi_rankings_2021_w10.csv,130,,False,False,SEC vs SEC
2021,regular,11,401282131,2021-11-14 00:00:00+00:00,Ole Miss,Texas A&M,SEC,SEC,True,29,19,fbs,fbs,Ole Miss,Texas A&M,Ole Miss,Ole Miss,1,0,1,higher_spi_home_field_adjusted,higher_spi,higher_spi_home_field_adjusted,77.43289154377449,77.81205898823968,49.597,50.403,56.31,43.69,0.067059,2021_w10,spi_rankings_2021_w10.csv,130,,False,False,SEC vs SEC
2021,regular,11,401310741,2021-11-14 00:00:00+00:00,Colorado State,Air Force,Mountain West,Mountain West,True,21,35,fbs,fbs,Air Force,Air Force,Air Force,Air Force,1,1,1,higher_spi_home_field_adjusted,higher_spi,higher_spi_home_field_adjusted,34.36920851222699,58.2425611349636,26.608,73.392,32.197,67.803,0.067059,2021_w10,spi_rankings_2021_w10.csv,130,,False,False,Mountain West vs Mountain West
2021,regular,11,401310743,2021-11-14 00:00:00+00:00,Fresno State,New Mexico,Mountain West,Mountain West,True,34,7,fbs,fbs,Fresno State,Fresno State,Fresno State,Fresno State,1,1,1,higher_spi_home_field_adjusted,higher_spi,higher_spi_home_field_adjusted,55.39183684898264,28.162880343475827,76.083,23.917,80.645,19.355,0.067059,2021_w10,spi_rankings_2021_w10.csv,130,,False,False,Mountain West vs Mountain West
2021,regular,11,401282130,2021-11-14 00:30:00+00:00,LSU,Arkansas,SEC,SEC,True,13,16,fbs,fbs,Arkansas,Arkansas,Arkansas,Arkansas,1,1,1,higher_spi_home_field_adjusted,higher_spi,higher_spi_home_field_adjusted,55.524715325742015,72.42979279447451,32.773,67.227,38.969,61.031,0.067059,2021_w10,spi_rankings_2021_w10.csv,130,,False,False,SEC vs SEC
2021,regular,11,401287941,2021-11-14 00:30:00+00:00,Texas,Kansas,Big 12,Big 12,True,56,57,fbs,fbs,Texas,Texas,Texas,Kansas,0,0,0,higher_spi_home_field_adjusted,higher_spi,higher_spi_home_field_adjusted,62.97395930558148,24.456412170991225,83.713,16.287,87.067,12.933,0.067059,2021_w10,spi_rankings_2021_w10.csv,130,,False,False,Big 12 vs Big 12
2021,regular,11,401282690,2021-11-14 00:30:00+00:00,Wake Forest,NC State,ACC,ACC,True,45,42,fbs,fbs,Wake Forest,Wake Forest,Wake Forest,Wake Forest,1,1,1,higher_spi_home_field_adjusted,higher_spi,higher_spi_home_field_adjusted,81.2622549934665,73.0167257793541,58.672,41.328,65.029,34.971,0.067059,2021_w10,spi_rankings_2021_w10.csv,130,,False,False,ACC vs ACC
2021,regular,11,401282688,2021-11-14 00:30:00+00:00,Virginia,Notre Dame,ACC,FBS Independents,True,3,28,fbs,fbs,Notre Dame,Notre Dame,Notre Dame,Notre Dame,1,1,1,higher_spi_home_field_adjusted,higher_spi,higher_spi_home_field_adjusted,65.2801754713459,79.80346275900689,35.041,64.959,41.402,58.598,0.067059,2021_w10,spi_rankings_2021_w10.csv,130,,False,False,ACC vs FBS Independents
2021,regular,11,401287940,2021-11-14 01:00:00+00:00,Oklahoma State,TCU,Big 12,Big 12,True,63,17,fbs,fbs,Oklahoma State,Oklahoma State,Oklahoma State,Oklahoma State,1,1,1,higher_spi_home_field_adjusted,higher_spi,higher_spi_home_field_adjusted,83.68705432144856,54.45855889490387,77.595,22.405,81.937,18.063,0.067059,2021_w10,spi_rankings_2021_w10.csv,130,,False,False,Big 12 vs Big 12
2021,regular,11,401309898,2021-11-14 02:00:00+00:00,UCLA,Colorado,Pac-12,Pac-12,True,44,20,fbs,fbs,UCLA,UCLA,UCLA,UCLA,1,1,1,higher_spi_home_field_adjusted,higher_spi,higher_spi_home_field_adjusted,44.62686204965466,30.15943625163338,64.905,35.095,70.78,29.22,0.067059,2021_w10,spi_rankings_2021_w10.csv,130,,False,False,Pac-12 vs Pac-12
2021,regular,11,401309895,2021-11-14 03:30:00+00:00,Oregon,Washington State,Pac-12,Pac-12,True,38,24,fbs,fbs,Oregon,Oregon,Oregon,Oregon,1,1,1,higher_spi_home_field_adjusted,higher_spi,higher_spi_home_field_adjusted,69.20037334328914,42.10166137763673,75.982,24.018,80.558,19.442,0.067059,2021_w10,spi_rankings_2021_w10.csv,130,,False,False,Pac-12 vs Pac-12
2021,regular,11,401310744,2021-11-14 03:30:00+00:00,San José State,Utah State,Mountain West,Mountain West,True,17,48,fbs,fbs,Utah State,Utah State,Utah State,Utah State,1,1,1,higher_spi_home_field_adjusted,higher_spi,higher_spi_home_field_adjusted,37.15521560574949,57.81824715325741,29.356,70.644,35.244,64.756,0.067059,2021_w10,spi_rankings_2021_w10.csv,130,,False,False,Mountain West vs Mountain West
2021,regular,11,401310746,2021-11-14 03:30:00+00:00,San Diego State,Nevada,Mountain West,Mountain West,True,23,21,fbs,fbs,San Diego State,San Diego State,San Diego State,San Diego State,1,1,1,higher_spi_home_field_adjusted,higher_spi,higher_spi_home_field_adjusted,67.25290274407317,64.4505506813515,52.974,47.026,59.603,40.397,0.067059,2021_w10,spi_rankings_2021_w10.csv,130,,False,False,Mountain West vs Mountain West
2021,regular,12,401309589,2021-11-17 00:00:00+00:00,Ohio,Toledo,Mid-American,Mid-American,True,23,35,fbs,fbs,Toledo,Toledo,Toledo,Toledo,1,1,1,higher_spi_home_field_adjusted,higher_spi,higher_spi_home_field_adjusted,34.2528551192365,57.270844696907005,27.324,72.676,32.995,67.005,0.067059,2021_w11,spi_rankings_2021_w11.csv,130,,False,False,Mid-American vs Mid-American
2021,regular,12,401309588,2021-11-17 00:30:00+00:00,Eastern Michigan,Western Michigan,Mid-American,Mid-American,True,22,21,fbs,fbs,Eastern Michigan,Eastern Michigan,Eastern Michigan,Eastern Michigan,1,1,1,higher_spi_home_field_adjusted,higher_spi,higher_spi_home_field_adjusted,60.84720024568849,59.04937421846572,51.909,48.091,58.571,41.429,0.067059,2021_w11,spi_rankings_2021_w11.csv,130,,False,False,Mid-American vs Mid-American
2021,regular,12,401308841,2021-11-17 01:00:00+00:00,Miami (OH),Bowling Green,Mid-American,Mid-American,True,34,7,fbs,fbs,Miami (OH),Miami (OH),Miami (OH),Miami (OH),1,1,1,higher_spi_home_field_adjusted,higher_spi,higher_spi_home_field_adjusted,52.38438012447632,34.4671803798972,68.168,31.832,73.718,26.282,0.067059,2021_w11,spi_rankings_2021_w11.csv,130,,False,False,Mid-American vs Mid-American
2021,regular,12,401309590,2021-11-18 00:00:00+00:00,Buffalo,Northern Illinois,Mid-American,Mid-American,True,27,33,fbs,fbs,Northern Illinois,Northern Illinois,Northern Illinois,Northern Illinois,1,1,1,higher_spi_home_field_adjusted,higher_spi,higher_spi_home_field_adjusted,41.499815323742105,60.614886166404766,30.738,69.262,36.76,63.24,0.067059,2021_w11,spi_rankings_2021_w11.csv,130,,False,False,Mid-American vs Mid-American
2021,regular,12,401309591,2021-11-18 00:00:00+00:00,Ball State,Central Michigan,Mid-American,Mid-American,True,17,37,fbs,fbs,Central Michigan,Central Michigan,Central Michigan,Central Michigan,1,1,1,higher_spi_home_field_adjusted,higher_spi,higher_spi_home_field_adjusted,50.25021849182423,58.83723713995151,40.976,59.024,47.625,52.375,0.067059,2021_w11,spi_rankings_2021_w11.csv,130,,False,False,Mid-American vs Mid-American
2021,regular,12,401282691,2021-11-19 00:30:00+00:00,Duke,Louisville,ACC,ACC,True,22,62,fbs,fbs,Louisville,Louisville,Louisville,Louisville,1,1,1,higher_spi_home_field_adjusted,higher_spi,higher_spi_home_field_adjusted,35.00828788789415,61.1142936746239,24.796,75.204,30.161,69.839,0.067059,2021_w11,spi_rankings_2021_w11.csv,130,,False,False,ACC vs ACC
2021,regular,12,401282264,2021-11-20 01:00:00+00:00,Louisiana Tech,Southern Miss,Conference USA,Conference USA,True,19,35,fbs,fbs,Louisiana Tech,Louisiana Tech,Louisiana Tech,Southern Miss,0,0,0,higher_spi_home_field_adjusted,higher_spi,higher_spi_home_field_adjusted,32.34119653184846,13.028605616071031,69.44,30.56,74.85,25.15,0.067059,2021_w11,spi_rankings_2021_w11.csv,130,,False,False,Conference USA vs Conference USA
2021,regular,12,401310747,2021-11-20 02:00:00+00:00,Nevada,Air Force,Mountain West,Mountain West,True,39,41,fbs,fbs,Nevada,Nevada,Nevada,Air Force,0,0,0,higher_spi_home_field_adjusted,higher_spi,higher_spi_home_field_adjusted,60.43814028503447,59.99086127505655,50.475,49.525,57.172,42.828,0.067059,2021_w11,spi_rankings_2021_w11.csv,130,,False,False,Mountain West vs Mountain West
2021,regular,12,401301045,2021-11-20 02:00:00+00:00,Houston,Memphis,American Athletic,American Athletic,True,31,13,fbs,fbs,Houston,Houston,Houston,Houston,1,1,1,higher_spi_home_field_adjusted,higher_spi,higher_spi_home_field_adjusted,76.69335831915306,47.7322382918406,77.397,22.603,81.768,18.232,0.067059,2021_w11,spi_rankings_2021_w11.csv,130,,False,False,American Athletic vs American Athletic
2021,regular,12,401309899,2021-11-20 02:00:00+00:00,Washington State,Arizona,Pac-12,Pac-12,True,44,18,fbs,fbs,Washington State,Washington State,Washington State,Washington State,1,1,1,higher_spi_home_field_adjusted,higher_spi,higher_spi_home_field_adjusted,38.540087499960144,9.69949916527546,77.307,22.693,81.692,18.308,0.067059,2021_w11,spi_rankings_2021_w11.csv,130,,False,False,Pac-12 vs Pac-12
2021,regular,12,401310751,2021-11-20 04:30:00+00:00,UNLV,San Diego State,Mountain West,Mountain West,True,20,28,fbs,fbs,San Diego State,San Diego State,San Diego State,San Diego State,1,1,1,higher_spi_home_field_adjusted,higher_spi,higher_spi_home_field_adjusted,21.548247867873503,67.73617042013127,12.314,87.686,15.537,84.463,0.067059,2021_w11,spi_rankings_2021_w11.csv,130,,False,False,Mountain West vs Mountain West
2021,regular,12,401287944,2021-11-20 17:00:00+00:00,Oklahoma,Iowa State,Big 12,Big 12,True,28,21,fbs,fbs,Oklahoma,Oklahoma,Oklahoma,Oklahoma,1,1,1,higher_spi_home_field_adjusted,higher_spi,higher_spi_home_field_adjusted,81.69828606935432,69.89474789223894,62.285,37.715,68.385,31.615,0.067059,2021_w11,spi_rankings_2021_w11.csv,130,,False,False,Big 12 vs Big 12
2021,regular,12,401282263,2021-11-20 17:00:00+00:00,Western Kentucky,Florida Atlantic,Conference USA,Conference USA,True,52,17,fbs,fbs,Western Kentucky,Western Kentucky,Western Kentucky,Western Kentucky,1,1,1,higher_spi_home_field_adjusted,higher_spi,higher_spi_home_field_adjusted,55.97081416801637,42.47522931963688,63.958,36.042,69.919,30.081,0.067059,2021_w11,spi_rankings_2021_w11.csv,130,,False,False,Conference USA vs Conference USA
2021,regular,12,401282696,2021-11-20 17:00:00+00:00,North Carolina,Wofford,ACC,Southern,False,34,14,fbs,fcs,North Carolina,North Carolina,North Carolina,North Carolina,1,1,1,fbs_vs_fcs_rule,fbs_vs_fcs_rule,fbs_vs_fcs_rule,58.5776720407736,,100.0,0.0,100.0,0.0,0.067059,2021_w11,spi_rankings_2021_w11.csv,130,,False,False,ACC vs Southern
2021,regular,12,401286305,2021-11-20 17:00:00+00:00,Army,Massachusetts,FBS Independents,FBS Independents,False,33,17,fbs,fbs,Army,Army,Army,Army,1,1,1,higher_spi_home_field_adjusted,higher_spi,higher_spi_home_field_adjusted,67.47963467954456,11.566063471855957,91.5,8.5,93.378,6.622,0.067059,2021_w11,spi_rankings_2021_w11.csv,130,,False,False,FBS Independents vs FBS Independents
2021,regular,12,401309592,2021-11-20 17:00:00+00:00,Akron,Kent State,Mid-American,Mid-American,True,0,38,fbs,fbs,Kent State,Kent State,Kent State,Kent State,1,1,1,higher_spi_home_field_adjusted,higher_spi,higher_spi_home_field_adjusted,23.92097498465102,49.30773956715772,25.371,74.629,30.809,69.191,0.067059,2021_w11,spi_rankings_2021_w11.csv,130,,False,False,Mid-American vs Mid-American
2021,regular,12,401282786,2021-11-20 17:00:00+00:00,Ohio State,Michigan State,Big Ten,Big Ten,True,56,7,fbs,fbs,Ohio State,Ohio State,Ohio State,Ohio State,1,1,1,higher_spi_home_field_adjusted,higher_spi,higher_spi_home_field_adjusted,83.61442019404208,76.16650951853161,57.848,42.152,64.254,35.746,0.067059,2021_w11,spi_rankings_2021_w11.csv,130,,False,False,Big Ten vs Big Ten
2021,regular,12,401282140,2021-11-20 17:00:00+00:00,Mississippi State,Tennessee State,SEC,OVC,False,55,10,fbs,fcs,Mississippi State,Mississippi State,Mississippi State,Mississippi State,1,1,1,fbs_vs_fcs_rule,fbs_vs_fcs_rule,fbs_vs_fcs_rule,65.3438835048116,,100.0,0.0,100.0,0.0,0.067059,2021_w11,spi_rankings_2021_w11.csv,130,,False,False,OVC vs SEC
2021,regular,12,401282693,2021-11-20 17:00:00+00:00,Clemson,Wake Forest,ACC,ACC,True,48,27,fbs,fbs,Wake Forest,Wake Forest,Wake Forest,Clemson,0,0,0,higher_spi_home_field_adjusted,higher_spi,higher_spi_home_field_adjusted,69.5549901832386,82.25450544032118,36.825,63.175,43.294,56.706,0.067059,2021_w11,spi_rankings_2021_w11.csv,130,,False,False,ACC vs ACC
2021,regular,12,401282818,2021-11-20 17:00:00+00:00,Penn State,Rutgers,Big Ten,Big Ten,True,28,0,fbs,fbs,Penn State,Penn State,Penn State,Penn State,1,1,1,higher_spi_home_field_adjusted,higher_spi,higher_spi_home_field_adjusted,65.56661833558188,52.203724127193006,63.828,36.172,69.8,30.2,0.067059,2021_w11,spi_rankings_2021_w11.csv,130,,False,False,Big Ten vs Big Ten
2021,regular,12,401282137,2021-11-20 17:00:00+00:00,Kentucky,New Mexico State,SEC,FBS Independents,False,56,16,fbs,fbs,Kentucky,Kentucky,Kentucky,Kentucky,1,1,1,higher_spi_home_field_adjusted,higher_spi,higher_spi_home_field_adjusted,64.54442454559242,11.3893400582918,90.543,9.457,92.615,7.385,0.067059,2021_w11,spi_rankings_2021_w11.csv,130,,False,False,FBS Independents vs SEC
2021,regular,12,401287947,2021-11-20 17:00:00+00:00,West Virginia,Texas,Big 12,Big 12,True,31,23,fbs,fbs,West Virginia,Texas,West Virginia,West Virginia,1,0,1,higher_spi_home_field_adjusted,higher_spi,higher_spi_home_field_adjusted,58.71110591247909,59.13529581523448,49.549,50.451,56.263,43.737,0.067059,2021_w11,spi_rankings_2021_w11.csv,130,,False,False,Big 12 vs Big 12
2021,regular,12,401282136,2021-11-20 17:00:00+00:00,Georgia,Charleston Southern,SEC,Big South,False,56,7,fbs,fcs,Georgia,Georgia,Georgia,Georgia,1,1,1,fbs_vs_fcs_rule,fbs_vs_fcs_rule,fbs_vs_fcs_rule,100.0,,100.0,0.0,100.0,0.0,0.067059,2021_w11,spi_rankings_2021_w11.csv,130,,False,False,Big South vs SEC
2021,regular,12,401282144,2021-11-20 17:00:00+00:00,Texas A&M,Prairie View A&M,SEC,SWAC,False,52,3,fbs,fcs,Texas A&M,Texas A&M,Texas A&M,Texas A&M,1,1,1,fbs_vs_fcs_rule,fbs_vs_fcs_rule,fbs_vs_fcs_rule,73.8831253568472,,100.0,0.0,100.0,0.0,0.067059,2021_w11,spi_rankings_2021_w11.csv,130,,False,False,SEC vs SWAC
2021,regular,12,401282808,2021-11-20 17:00:00+00:00,Northwestern,Purdue,Big Ten,Big Ten,True,14,32,fbs,fbs,Purdue,Purdue,Purdue,Purdue,1,1,1,higher_spi_home_field_adjusted,higher_spi,higher_spi_home_field_adjusted,36.58287667770372,61.97802542292988,25.364,74.636,25.364,74.636,0.067059,2021_w11,spi_rankings_2021_w11.csv,130,,False,False,Big Ten vs Big Ten
2021,regular,12,401282692,2021-11-20 17:00:00+00:00,Boston College,Florida State,ACC,ACC,True,23,26,fbs,fbs,Boston College,Boston College,Boston College,Florida State,0,0,0,higher_spi_home_field_adjusted,higher_spi,higher_spi_home_field_adjusted,60.839381021325465,52.79770336514602,58.462,41.538,64.831,35.169,0.067059,2021_w11,spi_rankings_2021_w11.csv,130,,False,False,ACC vs ACC
2021,regular,12,401301048,2021-11-20 17:00:00+00:00,Tulane,South Florida,American Athletic,American Athletic,True,45,14,fbs,fbs,Tulane,South Florida,Tulane,Tulane,1,0,1,higher_spi_home_field_adjusted,higher_spi,higher_spi_home_field_adjusted,27.1933990248006,28.065173971686946,49.074,50.926,55.794,44.206,0.067059,2021_w11,spi_rankings_2021_w11.csv,130,,False,False,American Athletic vs American Athletic
2021,regular,12,401309644,2021-11-20 18:00:00+00:00,Coastal Carolina,Texas State,Sun Belt,Sun Belt,True,35,21,fbs,fbs,Coastal Carolina,Coastal Carolina,Coastal Carolina,Coastal Carolina,1,1,1,higher_spi_home_field_adjusted,higher_spi,higher_spi_home_field_adjusted,72.51546931224071,29.528037772632786,86.14,13.86,89.059,10.941,0.067059,2021_w11,spi_rankings_2021_w11.csv,130,,False,False,Sun Belt vs Sun Belt
2021,regular,12,401282721,2021-11-20 19:00:00+00:00,Iowa,Illinois,Big Ten,Big Ten,True,33,23,fbs,fbs,Iowa,Iowa,Iowa,Iowa,1,1,1,higher_spi_home_field_adjusted,higher_spi,higher_spi_home_field_adjusted,74.13933698414942,43.79287764473024,78.41,21.59,82.629,17.371,0.067059,2021_w11,spi_rankings_2021_w11.csv,130,,False,False,Big Ten vs Big Ten
2021,regular,12,401309643,2021-11-20 19:00:00+00:00,Georgia State,Arkansas State,Sun Belt,Sun Belt,True,28,20,fbs,fbs,Georgia State,Georgia State,Georgia State,Georgia State,1,1,1,higher_spi_home_field_adjusted,higher_spi,higher_spi_home_field_adjusted,46.87894649671491,18.611679494316476,76.877,23.123,81.324,18.676,0.067059,2021_w11,spi_rankings_2021_w11.csv,130,,False,False,Sun Belt vs Sun Belt
2021,regular,12,401282697,2021-11-20 19:30:00+00:00,Notre Dame,Georgia Tech,FBS Independents,ACC,True,55,0,fbs,fbs,Notre Dame,Notre Dame,Notre Dame,Notre Dame,1,1,1,higher_spi_home_field_adjusted,higher_spi,higher_spi_home_field_adjusted,83.9088725932277,46.04229822581753,83.332,16.668,86.752,13.248,0.067059,2021_w11,spi_rankings_2021_w11.csv,130,,False,False,ACC vs FBS Independents
2021,regular,12,401309903,2021-11-20 20:00:00+00:00,Colorado,Washington,Pac-12,Pac-12,True,20,17,fbs,fbs,Washington,Washington,Washington,Colorado,0,0,0,higher_spi_home_field_adjusted,higher_spi,higher_spi_home_field_adjusted,26.23491260251126,35.143951233930395,40.646,59.354,47.283,52.717,0.067059,2021_w11,spi_rankings_2021_w11.csv,130,,False,False,Pac-12 vs Pac-12
2021,regular,12,401301047,2021-11-20 20:30:00+00:00,Navy,East Carolina,American Athletic,American Athletic,True,35,38,fbs,fbs,East Carolina,East Carolina,East Carolina,East Carolina,1,1,1,higher_spi_home_field_adjusted,higher_spi,higher_spi_home_field_adjusted,29.28011398722185,52.66941107422432,27.011,72.989,32.647,67.353,0.067059,2021_w11,spi_rankings_2021_w11.csv,130,,False,False,American Athletic vs American Athletic
2021,regular,12,401282803,2021-11-20 20:30:00+00:00,Wisconsin,Nebraska,Big Ten,Big Ten,True,35,28,fbs,fbs,Wisconsin,Wisconsin,Wisconsin,Wisconsin,1,1,1,higher_spi_home_field_adjusted,higher_spi,higher_spi_home_field_adjusted,72.33384488074832,51.39850419062536,70.884,29.116,76.126,23.874,0.067059,2021_w11,spi_rankings_2021_w11.csv,130,,False,False,Big Ten vs Big Ten
2021,regular,12,401301046,2021-11-20 20:30:00+00:00,Cincinnati,SMU,American Athletic,American Athletic,True,48,14,fbs,fbs,Cincinnati,Cincinnati,Cincinnati,Cincinnati,1,1,1,higher_spi_home_field_adjusted,higher_spi,higher_spi_home_field_adjusted,84.69984970721399,68.16529258597038,66.879,33.121,72.563,27.437,0.067059,2021_w11,spi_rankings_2021_w11.csv,130,,False,False,American Athletic vs American Athletic
2021,regular,12,401309642,2021-11-20 20:30:00+00:00,Troy,App State,Sun Belt,Sun Belt,True,7,45,fbs,fbs,App State,App State,App State,App State,1,1,1,higher_spi_home_field_adjusted,higher_spi,higher_spi_home_field_adjusted,45.584946600249,69.62029099866402,26.473,73.527,32.046,67.954,0.067059,2021_w11,spi_rankings_2021_w11.csv,130,,False,False,Sun Belt vs Sun Belt
2021,regular,12,401282135,2021-11-20 20:30:00+00:00,Alabama,Arkansas,SEC,SEC,True,42,35,fbs,fbs,Alabama,Alabama,Alabama,Alabama,1,1,1,higher_spi_home_field_adjusted,higher_spi,higher_spi_home_field_adjusted,89.62894949495256,71.97636067994262,67.923,32.077,73.499,26.501,0.067059,2021_w11,spi_rankings_2021_w11.csv,130,,False,False,SEC vs SEC
2021,regular,12,401282698,2021-11-20 20:30:00+00:00,Pittsburgh,Virginia,ACC,ACC,True,48,38,fbs,fbs,Pittsburgh,Pittsburgh,Pittsburgh,Pittsburgh,1,1,1,higher_spi_home_field_adjusted,higher_spi,higher_spi_home_field_adjusted,80.85987557996923,59.27580567958813,71.45,28.55,76.624,23.376,0.067059,2021_w11,spi_rankings_2021_w11.csv,130,,False,False,ACC vs ACC
2021,regular,12,401282265,2021-11-20 20:30:00+00:00,Middle Tennessee,Old Dominion,Conference USA,Conference USA,True,17,24,fbs,fbs,Middle Tennessee,Middle Tennessee,Middle Tennessee,Old Dominion,0,0,0,higher_spi_home_field_adjusted,higher_spi,higher_spi_home_field_adjusted,45.74300124043543,38.946249265431774,57.172,42.828,63.616,36.384,0.067059,2021_w11,spi_rankings_2021_w11.csv,130,,False,False,Conference USA vs Conference USA
2021,regular,12,401282770,2021-11-20 20:30:00+00:00,Maryland,Michigan,Big Ten,Big Ten,True,18,59,fbs,fbs,Michigan,Michigan,Michigan,Michigan,1,1,1,higher_spi_home_field_adjusted,higher_spi,higher_spi_home_field_adjusted,52.235219864941165,83.68824901858953,20.804,79.196,25.599,74.401,0.067059,2021_w11,spi_rankings_2021_w11.csv,130,,False,False,Big Ten vs Big Ten
2021,regular,12,401282267,2021-11-20 20:30:00+00:00,UTSA,UAB,Conference USA,Conference USA,True,34,31,fbs,fbs,UTSA,UTSA,UTSA,UTSA,1,1,1,higher_spi_home_field_adjusted,higher_spi,higher_spi_home_field_adjusted,78.80461866053703,59.18263321942698,69.719,30.281,75.097,24.903,0.067059,2021_w11,spi_rankings_2021_w11.csv,130,,False,False,Conference USA vs Conference USA
2021,regular,12,401282732,2021-11-20 20:30:00+00:00,Indiana,Minnesota,Big Ten,Big Ten,True,14,35,fbs,fbs,Minnesota,Minnesota,Minnesota,Minnesota,1,1,1,higher_spi_home_field_adjusted,higher_spi,higher_spi_home_field_adjusted,31.286516585125867,59.95721325120845,22.82,77.18,27.916,72.084,0.067059,2021_w11,spi_rankings_2021_w11.csv,130,,False,False,Big Ten vs Big Ten
2021,regular,12,401282261,2021-11-20 20:30:00+00:00,Charlotte,Marshall,Conference USA,Conference USA,True,28,49,fbs,fbs,Marshall,Marshall,Marshall,Marshall,1,1,1,higher_spi_home_field_adjusted,higher_spi,higher_spi_home_field_adjusted,37.85042179510787,55.4892232850436,32.09,67.91,38.23,61.77,0.067059,2021_w11,spi_rankings_2021_w11.csv,130,,False,False,Conference USA vs Conference USA
2021,regular,12,401286293,2021-11-20 21:00:00+00:00,UCF,UConn,American Athletic,FBS Independents,False,49,17,fbs,fbs,UCF,UCF,UCF,UCF,1,1,1,higher_spi_home_field_adjusted,higher_spi,higher_spi_home_field_adjusted,53.73210367821586,12.93053288322828,84.993,15.007,88.121,11.879,0.067059,2021_w11,spi_rankings_2021_w11.csv,130,,False,False,American Athletic vs FBS Independents
2021,regular,12,401286298,2021-11-20 21:00:00+00:00,Liberty,Louisiana,FBS Independents,Sun Belt,False,14,42,fbs,fbs,Louisiana,Louisiana,Louisiana,Louisiana,1,1,1,higher_spi_home_field_adjusted,higher_spi,higher_spi_home_field_adjusted,65.37285597544208,73.0321490016324,41.933,58.067,48.609,51.391,0.067059,2021_w11,spi_rankings_2021_w11.csv,130,,False,False,FBS Independents vs Sun Belt
2021,regular,12,401309645,2021-11-20 21:00:00+00:00,Georgia Southern,BYU,Sun Belt,FBS Independents,False,17,34,fbs,fbs,BYU,BYU,BYU,BYU,1,1,1,higher_spi_home_field_adjusted,higher_spi,higher_spi_home_field_adjusted,28.78682439268988,67.19579148733192,16.35,83.65,20.383,79.617,0.067059,2021_w11,spi_rankings_2021_w11.csv,130,,False,False,FBS Independents vs Sun Belt
2021,regular,12,401282266,2021-11-20 21:00:00+00:00,UTEP,Rice,Conference USA,Conference USA,True,38,28,fbs,fbs,UTEP,UTEP,UTEP,UTEP,1,1,1,higher_spi_home_field_adjusted,higher_spi,higher_spi_home_field_adjusted,44.79528792417662,23.86208850706437,70.882,29.118,76.125,23.875,0.067059,2021_w11,spi_rankings_2021_w11.csv,130,,False,False,Conference USA vs Conference USA
2021,regular,12,401301049,2021-11-20 21:00:00+00:00,Tulsa,Temple,American Athletic,American Athletic,True,44,10,fbs,fbs,Tulsa,Tulsa,Tulsa,Tulsa,1,1,1,higher_spi_home_field_adjusted,higher_spi,higher_spi_home_field_adjusted,42.62735566080309,24.419910848352472,68.435,31.565,73.956,26.044,0.067059,2021_w11,spi_rankings_2021_w11.csv,130,,False,False,American Athletic vs American Athletic
2021,regular,12,401282695,2021-11-20 21:00:00+00:00,NC State,Syracuse,ACC,ACC,True,41,17,fbs,fbs,NC State,NC State,NC State,NC State,1,1,1,higher_spi_home_field_adjusted,higher_spi,higher_spi_home_field_adjusted,72.04776857077691,56.47854256199483,65.964,34.036,71.739,28.261,0.067059,2021_w11,spi_rankings_2021_w11.csv,130,,False,False,ACC vs ACC
2021,regular,12,401282141,2021-11-20 21:00:00+00:00,Missouri,Florida,SEC,SEC,True,24,23,fbs,fbs,Missouri,Florida,Missouri,Missouri,1,0,1,higher_spi_home_field_adjusted,higher_spi,higher_spi_home_field_adjusted,52.08559384005624,56.846849455334414,44.958,55.042,51.687,48.313,0.067059,2021_w11,spi_rankings_2021_w11.csv,130,,False,False,SEC vs SEC
2021,regular,12,401309904,2021-11-20 21:00:00+00:00,USC,UCLA,Pac-12,Pac-12,True,33,62,fbs,fbs,UCLA,UCLA,UCLA,UCLA,1,1,1,higher_spi_home_field_adjusted,higher_spi,higher_spi_home_field_adjusted,38.49611537198211,47.26305231522392,40.791,59.209,47.434,52.566,0.067059,2021_w11,spi_rankings_2021_w11.csv,130,,False,False,Pac-12 vs Pac-12
2021,regular,12,401287945,2021-11-20 21:00:00+00:00,TCU,Kansas,Big 12,Big 12,True,31,28,fbs,fbs,TCU,TCU,TCU,TCU,1,1,1,higher_spi_home_field_adjusted,higher_spi,higher_spi_home_field_adjusted,52.62131845916724,31.674411582579133,70.894,29.106,76.135,23.865,0.067059,2021_w11,spi_rankings_2021_w11.csv,130,,False,False,Big 12 vs Big 12
2021,regular,12,401287943,2021-11-20 22:30:00+00:00,Kansas State,Baylor,Big 12,Big 12,True,10,20,fbs,fbs,Baylor,Baylor,Baylor,Baylor,1,1,1,higher_spi_home_field_adjusted,higher_spi,higher_spi_home_field_adjusted,70.76838348537308,81.25272653658921,39.041,60.959,45.618,54.382,0.067059,2021_w11,spi_rankings_2021_w11.csv,130,,False,False,Big 12 vs Big 12
2021,regular,12,401282142,2021-11-21 00:00:00+00:00,South Carolina,Auburn,SEC,SEC,True,21,17,fbs,fbs,Auburn,Auburn,Auburn,South Carolina,0,0,0,higher_spi_home_field_adjusted,higher_spi,higher_spi_home_field_adjusted,54.79299009416785,67.70932776779462,36.611,63.389,43.068,56.932,0.067059,2021_w11,spi_rankings_2021_w11.csv,130,,False,False,SEC vs SEC
2021,regular,12,401309900,2021-11-21 00:00:00+00:00,Stanford,California,Pac-12,Pac-12,True,11,41,fbs,fbs,California,California,California,California,1,1,1,higher_spi_home_field_adjusted,higher_spi,higher_spi_home_field_adjusted,24.552726551770142,32.59014101533938,41.542,58.458,48.208,51.792,0.067059,2021_w11,spi_rankings_2021_w11.csv,130,,False,False,Pac-12 vs Pac-12
2021,regular,12,401282262,2021-11-21 00:00:00+00:00,Florida International,North Texas,Conference USA,Conference USA,True,7,49,fbs,fbs,North Texas,North Texas,North Texas,North Texas,1,1,1,higher_spi_home_field_adjusted,higher_spi,higher_spi_home_field_adjusted,12.982848714393644,35.05944356325163,28.125,71.875,33.886,66.114,0.067059,2021_w11,spi_rankings_2021_w11.csv,130,,False,False,Conference USA vs Conference USA
2021,regular,12,401282139,2021-11-21 00:30:00+00:00,Ole Miss,Vanderbilt,SEC,SEC,True,31,17,fbs,fbs,Ole Miss,Ole Miss,Ole Miss,Ole Miss,1,1,1,higher_spi_home_field_adjusted,higher_spi,higher_spi_home_field_adjusted,78.30490560119509,23.077004762112235,91.271,8.729,93.195,6.805,0.067059,2021_w11,spi_rankings_2021_w11.csv,130,,False,False,SEC vs SEC
2021,regular,12,401282143,2021-11-21 00:30:00+00:00,Tennessee,South Alabama,SEC,Sun Belt,False,60,14,fbs,fbs,Tennessee,Tennessee,Tennessee,Tennessee,1,1,1,higher_spi_home_field_adjusted,higher_spi,higher_spi_home_field_adjusted,64.09858706343192,43.73776108008208,70.377,29.623,75.68,24.32,0.067059,2021_w11,spi_rankings_2021_w11.csv,130,,False,False,SEC vs Sun Belt
2021,regular,12,401309901,2021-11-21 00:30:00+00:00,Utah,Oregon,Pac-12,Pac-12,True,38,7,fbs,fbs,Oregon,Oregon,Oregon,Utah,0,0,0,higher_spi_home_field_adjusted,higher_spi,higher_spi_home_field_adjusted,56.26061471006738,69.64294633093894,36.153,63.847,42.583,57.417,0.067059,2021_w11,spi_rankings_2021_w11.csv,130,,False,False,Pac-12 vs Pac-12
2021,regular,12,401282694,2021-11-21 00:30:00+00:00,Miami,Virginia Tech,ACC,ACC,True,38,26,fbs,fbs,Miami,Miami,Miami,Miami,1,1,1,higher_spi_home_field_adjusted,higher_spi,higher_spi_home_field_adjusted,60.75181590729783,49.89705448579617,61.333,38.667,67.507,32.493,0.067059,2021_w11,spi_rankings_2021_w11.csv,130,,False,False,ACC vs ACC
2021,regular,12,401310750,2021-11-21 01:00:00+00:00,Utah State,Wyoming,Mountain West,Mountain West,True,17,44,fbs,fbs,Utah State,Utah State,Utah State,Wyoming,0,0,0,higher_spi_home_field_adjusted,higher_spi,higher_spi_home_field_adjusted,60.86137469879097,44.11438056486189,67.079,32.921,72.743,27.257,0.067059,2021_w11,spi_rankings_2021_w11.csv,130,,False,False,Mountain West vs Mountain West
2021,regular,12,401287946,2021-11-21 01:00:00+00:00,Texas Tech,Oklahoma State,Big 12,Big 12,True,0,23,fbs,fbs,Oklahoma State,Oklahoma State,Oklahoma State,Oklahoma State,1,1,1,higher_spi_home_field_adjusted,higher_spi,higher_spi_home_field_adjusted,59.43053493265656,84.11201515202349,25.942,74.058,31.451,68.549,0.067059,2021_w11,spi_rankings_2021_w11.csv,130,,False,False,Big 12 vs Big 12
2021,regular,12,401282138,2021-11-21 02:00:00+00:00,LSU,UL Monroe,SEC,Sun Belt,False,27,14,fbs,fbs,LSU,LSU,LSU,LSU,1,1,1,higher_spi_home_field_adjusted,higher_spi,higher_spi_home_field_adjusted,54.92505620367248,35.82633478883222,69.247,30.753,74.679,25.321,0.067059,2021_w11,spi_rankings_2021_w11.csv,130,,False,False,SEC vs Sun Belt
2021,regular,12,401310748,2021-11-21 02:00:00+00:00,Boise State,New Mexico,Mountain West,Mountain West,True,37,0,fbs,fbs,Boise State,Boise State,Boise State,Boise State,1,1,1,higher_spi_home_field_adjusted,higher_spi,higher_spi_home_field_adjusted,59.54640059466265,25.36439062224133,81.042,18.958,84.846,15.154,0.067059,2021_w11,spi_rankings_2021_w11.csv,130,,False,False,Mountain West vs Mountain West
2021,regular,12,401309902,2021-11-21 03:30:00+00:00,Oregon State,Arizona State,Pac-12,Pac-12,True,24,10,fbs,fbs,Oregon State,Arizona State,Oregon State,Oregon State,1,0,1,higher_spi_home_field_adjusted,higher_spi,higher_spi_home_field_adjusted,47.93128585835292,53.92371010882767,43.667,56.333,50.38,49.62,0.067059,2021_w11,spi_rankings_2021_w11.csv,130,,False,False,Pac-12 vs Pac-12
2021,regular,12,401310749,2021-11-21 04:00:00+00:00,Hawai'i,Colorado State,Mountain West,Mountain West,True,50,45,fbs,fbs,Hawai'i,Colorado State,Hawai'i,Hawai'i,1,0,1,higher_spi_home_field_adjusted,higher_spi,higher_spi_home_field_adjusted,28.47110277857895,32.46726645588423,45.764,54.236,52.499,47.501,0.067059,2021_w11,spi_rankings_2021_w11.csv,130,,False,False,Mountain West vs Mountain West
2021,regular,13,401309594,2021-11-24 00:00:00+00:00,Northern Illinois,Western Michigan,Mid-American,Mid-American,True,21,42,fbs,fbs,Northern Illinois,Northern Illinois,Northern Illinois,Western Michigan,0,0,0,higher_spi_home_field_adjusted,higher_spi,higher_spi_home_field_adjusted,62.759496393102296,56.93986962860345,56.152,43.848,62.649,37.351,0.067059,2021_w12,spi_rankings_2021_w12.csv,130,,False,False,Mid-American vs Mid-American
2021,regular,13,401309593,2021-11-24 00:00:00+00:00,Ball State,Buffalo,Mid-American,Mid-American,True,20,3,fbs,fbs,Ball State,Ball State,Ball State,Ball State,1,1,1,higher_spi_home_field_adjusted,higher_spi,higher_spi_home_field_adjusted,49.46571454988103,41.95613834120508,57.912,42.088,64.314,35.686,0.067059,2021_w12,spi_rankings_2021_w12.csv,130,,False,False,Mid-American vs Mid-American
2021,regular,13,401310757,2021-11-25 20:30:00+00:00,San José State,Fresno State,Mountain West,Mountain West,True,9,40,fbs,fbs,Fresno State,Fresno State,Fresno State,Fresno State,1,1,1,higher_spi_home_field_adjusted,higher_spi,higher_spi_home_field_adjusted,36.4534958710446,59.60917633903714,27.208,72.792,32.866,67.134,0.067059,2021_w12,spi_rankings_2021_w12.csv,130,,False,False,Mountain West vs Mountain West
2021,regular,13,401282151,2021-11-26 00:30:00+00:00,Mississippi State,Ole Miss,SEC,SEC,True,21,31,fbs,fbs,Ole Miss,Ole Miss,Ole Miss,Ole Miss,1,1,1,higher_spi_home_field_adjusted,higher_spi,higher_spi_home_field_adjusted,67.37068936693561,79.6335554400484,37.258,62.742,43.75,56.25,0.067059,2021_w12,spi_rankings_2021_w12.csv,130,,False,False,SEC vs SEC
2021,regular,13,401287952,2021-11-26 17:00:00+00:00,Texas,Kansas State,Big 12,Big 12,True,22,17,fbs,fbs,Kansas State,Kansas State,Kansas State,Texas,0,0,0,higher_spi_home_field_adjusted,higher_spi,higher_spi_home_field_adjusted,56.86695688886301,70.21065539185489,36.19,63.81,42.623,57.377,0.067059,2021_w12,spi_rankings_2021_w12.csv,130,,False,False,Big 12 vs Big 12
2021,regular,13,401309595,2021-11-26 17:00:00+00:00,Central Michigan,Eastern Michigan,Mid-American,Mid-American,True,31,10,fbs,fbs,Central Michigan,Eastern Michigan,Central Michigan,Central Michigan,1,0,1,higher_spi_home_field_adjusted,higher_spi,higher_spi_home_field_adjusted,62.583814653168766,63.59066295709421,48.93,51.07,55.653,44.347,0.067059,2021_w12,spi_rankings_2021_w12.csv,130,,False,False,Mid-American vs Mid-American
2021,regular,13,401310753,2021-11-26 17:00:00+00:00,San Diego State,Boise State,Mountain West,Mountain West,True,27,16,fbs,fbs,San Diego State,San Diego State,San Diego State,San Diego State,1,1,1,higher_spi_home_field_adjusted,higher_spi,higher_spi_home_field_adjusted,68.78374730159508,62.32385480731,56.821,43.179,63.284,36.716,0.067059,2021_w12,spi_rankings_2021_w12.csv,130,,False,False,Mountain West vs Mountain West
2021,regular,13,401309596,2021-11-26 17:00:00+00:00,Bowling Green,Ohio,Mid-American,Mid-American,True,21,10,fbs,fbs,Bowling Green,Bowling Green,Bowling Green,Bowling Green,1,1,1,higher_spi_home_field_adjusted,higher_spi,higher_spi_home_field_adjusted,34.72692729707944,33.61650238706033,51.18,48.82,57.861,42.139,0.067059,2021_w12,spi_rankings_2021_w12.csv,130,,False,False,Mid-American vs Mid-American
2021,regular,13,401310755,2021-11-26 18:00:00+00:00,New Mexico,Utah State,Mountain West,Mountain West,True,10,35,fbs,fbs,Utah State,Utah State,Utah State,Utah State,1,1,1,higher_spi_home_field_adjusted,higher_spi,higher_spi_home_field_adjusted,23.36699251853509,56.15153248455537,19.887,80.113,24.537,75.463,0.067059,2021_w12,spi_rankings_2021_w12.csv,130,,False,False,Mountain West vs Mountain West
2021,regular,13,401282761,2021-11-26 18:30:00+00:00,Nebraska,Iowa,Big Ten,Big Ten,True,21,28,fbs,fbs,Iowa,Iowa,Iowa,Iowa,1,1,1,higher_spi_home_field_adjusted,higher_spi,higher_spi_home_field_adjusted,50.09238505791164,76.36533133296349,24.664,75.336,30.012,69.988,0.067059,2021_w12,spi_rankings_2021_w12.csv,130,,False,False,Big Ten vs Big Ten
2021,regular,13,401282274,2021-11-26 19:00:00+00:00,UAB,UTEP,Conference USA,Conference USA,True,42,25,fbs,fbs,UAB,UAB,UAB,UAB,1,1,1,higher_spi_home_field_adjusted,higher_spi,higher_spi_home_field_adjusted,56.01992705216463,48.18729637450847,58.246,41.754,64.628,35.372,0.067059,2021_w12,spi_rankings_2021_w12.csv,130,,False,False,Conference USA vs Conference USA
2021,regular,13,401309648,2021-11-26 20:30:00+00:00,South Alabama,Coastal Carolina,Sun Belt,Sun Belt,True,21,27,fbs,fbs,Coastal Carolina,Coastal Carolina,Coastal Carolina,Coastal Carolina,1,1,1,higher_spi_home_field_adjusted,higher_spi,higher_spi_home_field_adjusted,40.78417204815191,73.81608614565103,19.72,80.28,24.342,75.658,0.067059,2021_w12,spi_rankings_2021_w12.csv,130,,False,False,Sun Belt vs Sun Belt
2021,regular,13,401310752,2021-11-26 20:30:00+00:00,Air Force,UNLV,Mountain West,Mountain West,True,48,14,fbs,fbs,Air Force,Air Force,Air Force,Air Force,1,1,1,higher_spi_home_field_adjusted,higher_spi,higher_spi_home_field_adjusted,62.21325445395281,20.7270806706858,85.361,14.639,88.422,11.578,0.067059,2021_w12,spi_rankings_2021_w12.csv,130,,False,False,Mountain West vs Mountain West
2021,regular,13,401301050,2021-11-26 20:30:00+00:00,UCF,South Florida,American Athletic,American Athletic,True,17,13,fbs,fbs,UCF,UCF,UCF,UCF,1,1,1,higher_spi_home_field_adjusted,higher_spi,higher_spi_home_field_adjusted,58.48846044430722,24.50245896980303,80.914,19.086,84.739,15.261,0.067059,2021_w12,spi_rankings_2021_w12.csv,130,,False,False,American Athletic vs American Athletic
2021,regular,13,401301051,2021-11-26 20:30:00+00:00,East Carolina,Cincinnati,American Athletic,American Athletic,True,13,35,fbs,fbs,Cincinnati,Cincinnati,Cincinnati,Cincinnati,1,1,1,higher_spi_home_field_adjusted,higher_spi,higher_spi_home_field_adjusted,55.851366417080186,87.43627083436078,20.712,79.288,25.493,74.507,0.067059,2021_w12,spi_rankings_2021_w12.csv,130,,False,False,American Athletic vs American Athletic
2021,regular,13,401282145,2021-11-26 20:30:00+00:00,Arkansas,Missouri,SEC,SEC,True,34,17,fbs,fbs,Arkansas,Arkansas,Arkansas,Arkansas,1,1,1,higher_spi_home_field_adjusted,higher_spi,higher_spi_home_field_adjusted,70.09610395282478,55.464898898570624,65.063,34.937,70.924,29.076,0.067059,2021_w12,spi_rankings_2021_w12.csv,130,,False,False,SEC vs SEC
2021,regular,13,401309906,2021-11-26 21:00:00+00:00,Utah,Colorado,Pac-12,Pac-12,True,28,13,fbs,fbs,Utah,Utah,Utah,Utah,1,1,1,higher_spi_home_field_adjusted,higher_spi,higher_spi_home_field_adjusted,59.387773684409474,30.07866112120832,77.654,22.346,81.987,18.013,0.067059,2021_w12,spi_rankings_2021_w12.csv,130,,False,False,Pac-12 vs Pac-12
2021,regular,13,401287949,2021-11-26 21:30:00+00:00,Iowa State,TCU,Big 12,Big 12,True,48,14,fbs,fbs,Iowa State,Iowa State,Iowa State,Iowa State,1,1,1,higher_spi_home_field_adjusted,higher_spi,higher_spi_home_field_adjusted,68.72552471396651,54.288589512184856,64.875,35.125,70.753,29.247,0.067059,2021_w12,spi_rankings_2021_w12.csv,130,,False,False,Big 12 vs Big 12
2021,regular,13,401282699,2021-11-27 00:00:00+00:00,NC State,North Carolina,ACC,ACC,True,34,30,fbs,fbs,NC State,NC State,NC State,NC State,1,1,1,higher_spi_home_field_adjusted,higher_spi,higher_spi_home_field_adjusted,75.20266126135866,60.71954084463012,64.92,35.08,70.794,29.206,0.067059,2021_w12,spi_rankings_2021_w12.csv,130,,False,False,ACC vs ACC
2021,regular,13,401309905,2021-11-27 01:00:00+00:00,Washington,Washington State,Pac-12,Pac-12,True,13,40,fbs,fbs,Washington State,Washington State,Washington State,Washington State,1,1,1,higher_spi_home_field_adjusted,higher_spi,higher_spi_home_field_adjusted,32.76284366670446,42.12197109475808,40.185,59.815,46.807,53.193,0.067059,2021_w12,spi_rankings_2021_w12.csv,130,,False,False,Pac-12 vs Pac-12
2021,regular,13,401287948,2021-11-27 17:00:00+00:00,Baylor,Texas Tech,Big 12,Big 12,True,27,24,fbs,fbs,Baylor,Baylor,Baylor,Baylor,1,1,1,higher_spi_home_field_adjusted,higher_spi,higher_spi_home_field_adjusted,84.33089966071358,59.83036981300936,73.91,26.09,78.77,21.23,0.067059,2021_w12,spi_rankings_2021_w12.csv,130,,False,False,Big 12 vs Big 12
2021,regular,13,401282147,2021-11-27 17:00:00+00:00,Florida,Florida State,SEC,ACC,False,24,21,fbs,fbs,Florida,Florida State,Florida,Florida,1,0,1,higher_spi_home_field_adjusted,higher_spi,higher_spi_home_field_adjusted,55.10878856885881,55.973295369215336,49.082,50.918,55.802,44.198,0.067059,2021_w12,spi_rankings_2021_w12.csv,130,,False,False,ACC vs SEC
2021,regular,13,401282148,2021-11-27 17:00:00+00:00,Georgia Tech,Georgia,ACC,SEC,False,0,45,fbs,fbs,Georgia,Georgia,Georgia,Georgia,1,1,1,higher_spi_home_field_adjusted,higher_spi,higher_spi_home_field_adjusted,41.07567704039255,100.0,7.556,92.444,9.67,90.33,0.067059,2021_w12,spi_rankings_2021_w12.csv,130,,False,False,ACC vs SEC
2021,regular,13,401286299,2021-11-27 17:00:00+00:00,Liberty,Army,FBS Independents,FBS Independents,False,16,31,fbs,fbs,Army,Army,Army,Army,1,1,1,higher_spi_home_field_adjusted,higher_spi,higher_spi_home_field_adjusted,61.465220842668565,71.02933918324021,39.976,60.024,46.59,53.41,0.067059,2021_w12,spi_rankings_2021_w12.csv,130,,False,False,FBS Independents vs FBS Independents
2021,regular,13,401282766,2021-11-27 17:00:00+00:00,Rutgers,Maryland,Big Ten,Big Ten,True,16,40,fbs,fbs,Rutgers,Maryland,Rutgers,Maryland,0,1,0,higher_spi_home_field_adjusted,higher_spi,higher_spi_home_field_adjusted,48.59904286092823,50.84481783659696,47.616,52.384,54.349,45.651,0.067059,2021_w12,spi_rankings_2021_w12.csv,130,,False,False,Big Ten vs Big Ten
2021,regular,13,401282700,2021-11-27 17:00:00+00:00,Boston College,Wake Forest,ACC,ACC,True,10,41,fbs,fbs,Wake Forest,Wake Forest,Wake Forest,Wake Forest,1,1,1,higher_spi_home_field_adjusted,higher_spi,higher_spi_home_field_adjusted,57.762040565304616,79.6740210651816,28.267,71.733,34.043,65.957,0.067059,2021_w12,spi_rankings_2021_w12.csv,130,,False,False,ACC vs ACC
2021,regular,13,401308842,2021-11-27 17:00:00+00:00,Kent State,Miami (OH),Mid-American,Mid-American,True,48,47,fbs,fbs,Kent State,Miami (OH),Kent State,Kent State,1,0,1,higher_spi_home_field_adjusted,higher_spi,higher_spi_home_field_adjusted,53.457380143826384,55.9890583355136,47.313,52.687,54.048,45.952,0.067059,2021_w12,spi_rankings_2021_w12.csv,130,,False,False,Mid-American vs Mid-American
2021,regular,13,401282781,2021-11-27 17:00:00+00:00,Michigan,Ohio State,Big Ten,Big Ten,True,42,27,fbs,fbs,Michigan,Ohio State,Michigan,Michigan,1,0,1,higher_spi_home_field_adjusted,higher_spi,higher_spi_home_field_adjusted,85.74151413591277,87.8131061049545,47.8,52.2,54.533,45.467,0.067059,2021_w12,spi_rankings_2021_w12.csv,130,,False,False,Big Ten vs Big Ten
2021,regular,13,401301054,2021-11-27 17:00:00+00:00,Temple,Navy,American Athletic,American Athletic,True,14,38,fbs,fbs,Navy,Navy,Navy,Navy,1,1,1,higher_spi_home_field_adjusted,higher_spi,higher_spi_home_field_adjusted,22.613475223249093,29.33329914324397,42.908,57.092,49.607,50.393,0.067059,2021_w12,spi_rankings_2021_w12.csv,130,,False,False,American Athletic vs American Athletic
2021,regular,13,401301052,2021-11-27 17:00:00+00:00,UConn,Houston,FBS Independents,American Athletic,False,17,45,fbs,fbs,Houston,Houston,Houston,Houston,1,1,1,higher_spi_home_field_adjusted,higher_spi,higher_spi_home_field_adjusted,12.67913244290964,77.80314048915533,5.909,94.091,7.6,92.4,0.067059,2021_w12,spi_rankings_2021_w12.csv,130,,False,False,American Athletic vs FBS Independents
2021,regular,13,401309597,2021-11-27 17:00:00+00:00,Toledo,Akron,Mid-American,Mid-American,True,49,14,fbs,fbs,Toledo,Toledo,Toledo,Toledo,1,1,1,higher_spi_home_field_adjusted,higher_spi,higher_spi_home_field_adjusted,59.65117465537551,22.775678173483467,82.739,17.261,86.26,13.74,0.067059,2021_w12,spi_rankings_2021_w12.csv,130,,False,False,Mid-American vs Mid-American
2021,regular,13,401282701,2021-11-27 17:30:00+00:00,Duke,Miami,ACC,ACC,True,10,47,fbs,fbs,Miami,Miami,Miami,Miami,1,1,1,higher_spi_home_field_adjusted,higher_spi,higher_spi_home_field_adjusted,31.610651969363072,63.325138381048994,20.622,79.378,25.388,74.612,0.067059,2021_w12,spi_rankings_2021_w12.csv,130,,False,False,ACC vs ACC
2021,regular,13,401282271,2021-11-27 18:00:00+00:00,Rice,Louisiana Tech,Conference USA,Conference USA,True,35,31,fbs,fbs,Louisiana Tech,Louisiana Tech,Louisiana Tech,Rice,0,0,0,higher_spi_home_field_adjusted,higher_spi,higher_spi_home_field_adjusted,21.493916137712898,29.68300040429055,41.386,58.614,48.047,51.953,0.067059,2021_w12,spi_rankings_2021_w12.csv,130,,False,False,Conference USA vs Conference USA
2021,regular,13,401309649,2021-11-27 19:00:00+00:00,Georgia State,Troy,Sun Belt,Sun Belt,True,37,10,fbs,fbs,Georgia State,Georgia State,Georgia State,Georgia State,1,1,1,higher_spi_home_field_adjusted,higher_spi,higher_spi_home_field_adjusted,48.74959159967267,42.41344364994959,56.692,43.308,63.161,36.839,0.067059,2021_w12,spi_rankings_2021_w12.csv,130,,False,False,Sun Belt vs Sun Belt
2021,regular,13,401282273,2021-11-27 19:00:00+00:00,North Texas,UTSA,Conference USA,Conference USA,True,45,23,fbs,fbs,UTSA,UTSA,UTSA,North Texas,0,0,0,higher_spi_home_field_adjusted,higher_spi,higher_spi_home_field_adjusted,39.70466745918018,78.8415531068099,15.932,84.068,19.886,80.114,0.067059,2021_w12,spi_rankings_2021_w12.csv,130,,False,False,Conference USA vs Conference USA
2021,regular,13,401309647,2021-11-27 19:00:00+00:00,Arkansas State,Texas State,Sun Belt,Sun Belt,True,22,24,fbs,fbs,Texas State,Texas State,Texas State,Texas State,1,1,1,higher_spi_home_field_adjusted,higher_spi,higher_spi_home_field_adjusted,18.85155350478485,28.86222950821347,39.521,60.479,46.118,53.882,0.067059,2021_w12,spi_rankings_2021_w12.csv,130,,False,False,Sun Belt vs Sun Belt
2021,regular,13,401282268,2021-11-27 19:00:00+00:00,Old Dominion,Charlotte,Conference USA,Conference USA,True,56,34,fbs,fbs,Old Dominion,Old Dominion,Old Dominion,Old Dominion,1,1,1,higher_spi_home_field_adjusted,higher_spi,higher_spi_home_field_adjusted,41.603015342979646,34.67803189353701,57.305,42.695,63.742,36.258,0.067059,2021_w12,spi_rankings_2021_w12.csv,130,,False,False,Conference USA vs Conference USA
2021,regular,13,401309646,2021-11-27 19:30:00+00:00,App State,Georgia Southern,Sun Belt,Sun Belt,True,27,3,fbs,fbs,App State,App State,App State,App State,1,1,1,higher_spi_home_field_adjusted,higher_spi,higher_spi_home_field_adjusted,73.95978207596929,26.61231928477073,88.208,11.792,90.739,9.261,0.067059,2021_w12,spi_rankings_2021_w12.csv,130,,False,False,Sun Belt vs Sun Belt
2021,regular,13,401282269,2021-11-27 20:00:00+00:00,Southern Miss,Florida International,Conference USA,Conference USA,True,37,17,fbs,fbs,Southern Miss,Southern Miss,Southern Miss,Southern Miss,1,1,1,higher_spi_home_field_adjusted,higher_spi,higher_spi_home_field_adjusted,18.97309040282218,9.33265036743259,60.102,39.898,66.365,33.635,0.067059,2021_w12,spi_rankings_2021_w12.csv,130,,False,False,Conference USA vs Conference USA
2021,regular,13,401286306,2021-11-27 20:00:00+00:00,New Mexico State,Massachusetts,FBS Independents,FBS Independents,False,44,27,fbs,fbs,New Mexico State,Massachusetts,New Mexico State,New Mexico State,1,0,1,higher_spi_home_field_adjusted,higher_spi,higher_spi_home_field_adjusted,12.297395509282111,13.453065377766476,48.772,51.228,55.496,44.504,0.067059,2021_w12,spi_rankings_2021_w12.csv,130,,False,False,FBS Independents vs FBS Independents
2021,regular,13,401310756,2021-11-27 20:00:00+00:00,Wyoming,Hawai'i,Mountain West,Mountain West,True,14,38,fbs,fbs,Wyoming,Wyoming,Wyoming,Hawai'i,0,0,0,higher_spi_home_field_adjusted,higher_spi,higher_spi_home_field_adjusted,49.05613295205753,31.71353852193307,67.635,32.365,73.242,26.758,0.067059,2021_w12,spi_rankings_2021_w12.csv,130,,False,False,Mountain West vs Mountain West
2021,regular,13,401282785,2021-11-27 20:30:00+00:00,Michigan State,Penn State,Big Ten,Big Ten,True,30,27,fbs,fbs,Michigan State,Michigan State,Michigan State,Michigan State,1,1,1,higher_spi_home_field_adjusted,higher_spi,higher_spi_home_field_adjusted,72.55013439665557,69.09620867085742,53.663,46.337,60.268,39.732,0.067059,2021_w12,spi_rankings_2021_w12.csv,130,,False,False,Big Ten vs Big Ten
2021,regular,13,401282722,2021-11-27 20:30:00+00:00,Illinois,Northwestern,Big Ten,Big Ten,True,47,14,fbs,fbs,Illinois,Illinois,Illinois,Illinois,1,1,1,higher_spi_home_field_adjusted,higher_spi,higher_spi_home_field_adjusted,43.51986296751495,35.47862015347067,58.462,41.538,64.831,35.169,0.067059,2021_w12,spi_rankings_2021_w12.csv,130,,False,False,Big Ten vs Big Ten
2021,regular,13,401282146,2021-11-27 20:30:00+00:00,Auburn,Alabama,SEC,SEC,True,22,24,fbs,fbs,Alabama,Alabama,Alabama,Alabama,1,1,1,higher_spi_home_field_adjusted,higher_spi,higher_spi_home_field_adjusted,64.10561311641887,91.5056314037631,23.785,76.215,29.015,70.985,0.067059,2021_w12,spi_rankings_2021_w12.csv,130,,False,False,SEC vs SEC
2021,regular,13,401282272,2021-11-27 20:30:00+00:00,Marshall,Western Kentucky,Conference USA,Conference USA,True,21,53,fbs,fbs,Marshall,Western Kentucky,Marshall,Western Kentucky,0,1,0,higher_spi_home_field_adjusted,higher_spi,higher_spi_home_field_adjusted,58.11643975360288,58.99271277427185,49.069,50.931,55.789,44.211,0.067059,2021_w12,spi_rankings_2021_w12.csv,130,,False,False,Conference USA vs Conference USA
2021,regular,13,401282753,2021-11-27 20:30:00+00:00,Purdue,Indiana,Big Ten,Big Ten,True,44,7,fbs,fbs,Purdue,Purdue,Purdue,Purdue,1,1,1,higher_spi_home_field_adjusted,higher_spi,higher_spi_home_field_adjusted,64.3757534590154,30.44555322884934,80.877,19.123,84.708,15.292,0.067059,2021_w12,spi_rankings_2021_w12.csv,130,,False,False,Big Ten vs Big Ten
2021,regular,13,401309908,2021-11-27 20:30:00+00:00,Oregon,Oregon State,Pac-12,Pac-12,True,38,29,fbs,fbs,Oregon,Oregon,Oregon,Oregon,1,1,1,higher_spi_home_field_adjusted,higher_spi,higher_spi_home_field_adjusted,63.6460264870216,50.87632455540809,63.244,36.756,69.266,30.734,0.067059,2021_w12,spi_rankings_2021_w12.csv,130,,False,False,Pac-12 vs Pac-12
2021,regular,13,401282703,2021-11-27 20:45:00+00:00,Virginia,Virginia Tech,ACC,ACC,True,24,29,fbs,fbs,Virginia,Virginia,Virginia,Virginia Tech,0,0,0,higher_spi_home_field_adjusted,higher_spi,higher_spi_home_field_adjusted,59.15023232078658,49.06777836351767,60.552,39.448,66.783,33.217,0.067059,2021_w12,spi_rankings_2021_w12.csv,130,,False,False,ACC vs ACC
2021,regular,13,401282153,2021-11-27 20:45:00+00:00,Tennessee,Vanderbilt,SEC,SEC,True,45,21,fbs,fbs,Tennessee,Tennessee,Tennessee,Tennessee,1,1,1,higher_spi_home_field_adjusted,higher_spi,higher_spi_home_field_adjusted,68.41927363485996,24.687174671721746,86.514,13.486,89.364,10.636,0.067059,2021_w12,spi_rankings_2021_w12.csv,130,,False,False,SEC vs SEC
2021,regular,13,401282794,2021-11-27 21:00:00+00:00,Minnesota,Wisconsin,Big Ten,Big Ten,True,23,13,fbs,fbs,Wisconsin,Wisconsin,Wisconsin,Minnesota,0,0,0,higher_spi_home_field_adjusted,higher_spi,higher_spi_home_field_adjusted,62.82058531761234,74.18564425598603,38.154,61.846,44.691,55.309,0.067059,2021_w12,spi_rankings_2021_w12.csv,130,,False,False,Big Ten vs Big Ten
2021,regular,13,401309909,2021-11-27 21:00:00+00:00,Arizona State,Arizona,Pac-12,Pac-12,True,38,15,fbs,fbs,Arizona State,Arizona State,Arizona State,Arizona State,1,1,1,higher_spi_home_field_adjusted,higher_spi,higher_spi_home_field_adjusted,49.553118349766414,8.22289156626506,85.278,14.722,88.354,11.646,0.067059,2021_w12,spi_rankings_2021_w12.csv,130,,False,False,Pac-12 vs Pac-12
2021,regular,13,401309650,2021-11-27 21:00:00+00:00,Louisiana,UL Monroe,Sun Belt,Sun Belt,True,21,16,fbs,fbs,Louisiana,Louisiana,Louisiana,Louisiana,1,1,1,higher_spi_home_field_adjusted,higher_spi,higher_spi_home_field_adjusted,75.84404113528652,33.06171442319775,86.036,13.964,88.974,11.026,0.067059,2021_w12,spi_rankings_2021_w12.csv,130,,False,False,Sun Belt vs Sun Belt
2021,regular,13,401301055,2021-11-27 21:00:00+00:00,SMU,Tulsa,American Athletic,American Athletic,True,31,34,fbs,fbs,SMU,SMU,SMU,Tulsa,0,0,0,higher_spi_home_field_adjusted,higher_spi,higher_spi_home_field_adjusted,64.60533081889317,47.173396309504334,67.718,32.282,73.316,26.684,0.067059,2021_w12,spi_rankings_2021_w12.csv,130,,False,False,American Athletic vs American Athletic
2021,regular,13,401282150,2021-11-28 00:00:00+00:00,LSU,Texas A&M,SEC,SEC,True,27,24,fbs,fbs,Texas A&M,Texas A&M,Texas A&M,LSU,0,0,0,higher_spi_home_field_adjusted,higher_spi,higher_spi_home_field_adjusted,55.82627916908029,76.72158744364381,29.151,70.849,35.019,64.981,0.067059,2021_w12,spi_rankings_2021_w12.csv,130,,False,False,SEC vs SEC
2021,regular,13,401287950,2021-11-28 00:00:00+00:00,Kansas,West Virginia,Big 12,Big 12,True,28,34,fbs,fbs,West Virginia,West Virginia,West Virginia,West Virginia,1,1,1,higher_spi_home_field_adjusted,higher_spi,higher_spi_home_field_adjusted,29.84200845610885,60.38328025916947,21.45,78.55,26.344,73.656,0.067059,2021_w12,spi_rankings_2021_w12.csv,130,,False,False,Big 12 vs Big 12
2021,regular,13,401282270,2021-11-28 00:00:00+00:00,Florida Atlantic,Middle Tennessee,Conference USA,Conference USA,True,17,27,fbs,fbs,Florida Atlantic,Middle Tennessee,Florida Atlantic,Middle Tennessee,0,1,0,higher_spi_home_field_adjusted,higher_spi,higher_spi_home_field_adjusted,38.34544920971089,41.47096334971021,46.684,53.316,53.42,46.58,0.067059,2021_w12,spi_rankings_2021_w12.csv,130,,False,False,Conference USA vs Conference USA
2021,regular,13,401287951,2021-11-28 00:30:00+00:00,Oklahoma State,Oklahoma,Big 12,Big 12,True,37,33,fbs,fbs,Oklahoma State,Oklahoma State,Oklahoma State,Oklahoma State,1,1,1,higher_spi_home_field_adjusted,higher_spi,higher_spi_home_field_adjusted,87.49191150717901,85.37953848185693,52.243,47.757,58.895,41.105,0.067059,2021_w12,spi_rankings_2021_w12.csv,130,,False,False,Big 12 vs Big 12
2021,regular,13,401282152,2021-11-28 00:30:00+00:00,South Carolina,Clemson,SEC,ACC,False,0,30,fbs,fbs,Clemson,Clemson,Clemson,Clemson,1,1,1,higher_spi_home_field_adjusted,higher_spi,higher_spi_home_field_adjusted,58.63219176049728,75.98138675281129,32.359,67.641,38.521,61.479,0.067059,2021_w12,spi_rankings_2021_w12.csv,130,,False,False,ACC vs SEC
2021,regular,13,401282702,2021-11-28 00:30:00+00:00,Syracuse,Pittsburgh,ACC,ACC,True,14,31,fbs,fbs,Pittsburgh,Pittsburgh,Pittsburgh,Pittsburgh,1,1,1,higher_spi_home_field_adjusted,higher_spi,higher_spi_home_field_adjusted,53.96143209316533,83.42068222010401,22.235,77.765,27.246,72.754,0.067059,2021_w12,spi_rankings_2021_w12.csv,130,,False,False,ACC vs ACC
2021,regular,13,401282149,2021-11-28 00:30:00+00:00,Louisville,Kentucky,ACC,SEC,False,21,52,fbs,fbs,Louisville,Kentucky,Louisville,Kentucky,0,1,0,higher_spi_home_field_adjusted,higher_spi,higher_spi_home_field_adjusted,64.75329464756648,68.75379819966714,45.76,54.24,52.494,47.506,0.067059,2021_w12,spi_rankings_2021_w12.csv,130,,False,False,ACC vs SEC
2021,regular,13,401301053,2021-11-28 00:30:00+00:00,Memphis,Tulane,American Athletic,American Athletic,True,33,28,fbs,fbs,Memphis,Memphis,Memphis,Memphis,1,1,1,higher_spi_home_field_adjusted,higher_spi,higher_spi_home_field_adjusted,45.64851182208541,32.97642381463599,63.148,36.852,69.177,30.823,0.067059,2021_w12,spi_rankings_2021_w12.csv,130,,False,False,American Athletic vs American Athletic
2021,regular,13,401282711,2021-11-28 01:00:00+00:00,Stanford,Notre Dame,Pac-12,FBS Independents,False,14,45,fbs,fbs,Notre Dame,Notre Dame,Notre Dame,Notre Dame,1,1,1,higher_spi_home_field_adjusted,higher_spi,higher_spi_home_field_adjusted,21.63912697342411,85.68156584851,6.17,93.83,7.93,92.07,0.067059,2021_w12,spi_rankings_2021_w12.csv,130,,False,False,FBS Independents vs Pac-12
2021,regular,13,401310754,2021-11-28 02:00:00+00:00,Colorado State,Nevada,Mountain West,Mountain West,True,10,52,fbs,fbs,Nevada,Nevada,Nevada,Nevada,1,1,1,higher_spi_home_field_adjusted,higher_spi,higher_spi_home_field_adjusted,31.124490968197392,57.552629623045725,24.542,75.458,29.873,70.127,0.067059,2021_w12,spi_rankings_2021_w12.csv,130,,False,False,Mountain West vs Mountain West
2021,regular,13,401309907,2021-11-28 03:30:00+00:00,UCLA,California,Pac-12,Pac-12,True,42,14,fbs,fbs,UCLA,UCLA,UCLA,UCLA,1,1,1,higher_spi_home_field_adjusted,higher_spi,higher_spi_home_field_adjusted,50.76539112440605,37.54695837534825,63.687,36.313,69.67,30.33,0.067059,2021_w12,spi_rankings_2021_w12.csv,130,,False,False,Pac-12 vs Pac-12
2021,regular,13,401309910,2021-11-28 03:30:00+00:00,USC,BYU,Pac-12,FBS Independents,False,31,35,fbs,fbs,BYU,BYU,BYU,BYU,1,1,1,higher_spi_home_field_adjusted,higher_spi,higher_spi_home_field_adjusted,34.57137357621788,69.12007423556533,18.72,81.28,23.175,76.825,0.067059,2021_w12,spi_rankings_2021_w12.csv,130,,False,False,FBS Independents vs Pac-12
2021,regular,14,401282156,2021-12-04 00:00:00+00:00,UTSA,Western Kentucky,Conference USA,Conference USA,True,49,41,fbs,fbs,UTSA,UTSA,UTSA,UTSA,1,1,1,higher_spi_home_field_adjusted,higher_spi,higher_spi_home_field_adjusted,70.543157365781,59.02447419326307,62.0,38.0,68.122,31.878,0.067059,2021_w13,spi_rankings_2021_w13.csv,130,,False,False,Conference USA vs Conference USA
2021,regular,14,401331159,2021-12-04 01:00:00+00:00,Utah,Oregon,Pac-12,Pac-12,True,38,10,fbs,fbs,Oregon,Oregon,Oregon,Utah,0,0,0,higher_spi_home_field_adjusted,higher_spi,higher_spi_home_field_adjusted,64.9281234016206,69.45606707969752,45.204,54.796,45.204,54.796,0.067059,2021_w13,spi_rankings_2021_w13.csv,130,,False,False,Pac-12 vs Pac-12
2021,regular,14,401331160,2021-12-04 17:00:00+00:00,Northern Illinois,Kent State,Mid-American,Mid-American,True,41,23,fbs,fbs,Northern Illinois,Northern Illinois,Northern Illinois,Northern Illinois,1,1,1,higher_spi_home_field_adjusted,higher_spi,higher_spi_home_field_adjusted,50.24074237873468,48.80756569459561,51.522,48.478,51.522,48.478,0.067059,2021_w13,spi_rankings_2021_w13.csv,130,,False,False,Mid-American vs Mid-American
2021,regular,14,401287953,2021-12-04 17:00:00+00:00,Oklahoma State,Baylor,Big 12,Big 12,True,16,21,fbs,fbs,Oklahoma State,Oklahoma State,Oklahoma State,Baylor,0,0,0,higher_spi_home_field_adjusted,higher_spi,higher_spi_home_field_adjusted,88.23311053767078,81.37568309688534,57.235,42.765,57.235,42.765,0.067059,2021_w13,spi_rankings_2021_w13.csv,130,,False,False,Big 12 vs Big 12
2021,regular,14,401310676,2021-12-04 20:00:00+00:00,San Diego State,Utah State,Mountain West,Mountain West,True,13,46,fbs,fbs,San Diego State,San Diego State,San Diego State,Utah State,0,0,0,higher_spi_home_field_adjusted,higher_spi,higher_spi_home_field_adjusted,78.11802081049933,63.14100542631783,65.397,34.603,71.226,28.774,0.067059,2021_w13,spi_rankings_2021_w13.csv,130,,False,False,Mountain West vs Mountain West
2021,regular,14,401331161,2021-12-04 20:30:00+00:00,Louisiana,App State,Sun Belt,Sun Belt,True,24,16,fbs,fbs,Louisiana,Louisiana,Louisiana,Louisiana,1,1,1,higher_spi_home_field_adjusted,higher_spi,higher_spi_home_field_adjusted,75.30897194800067,75.27441490500419,50.037,49.963,56.742,43.258,0.067059,2021_w13,spi_rankings_2021_w13.csv,130,,False,False,Sun Belt vs Sun Belt
2021,regular,14,401331162,2021-12-04 21:00:00+00:00,Cincinnati,Houston,American Athletic,American Athletic,True,35,20,fbs,fbs,Cincinnati,Cincinnati,Cincinnati,Cincinnati,1,1,1,higher_spi_home_field_adjusted,higher_spi,higher_spi_home_field_adjusted,86.1606557986481,77.80500123704151,58.786,41.214,65.135,34.865,0.067059,2021_w13,spi_rankings_2021_w13.csv,130,,False,False,American Athletic vs American Athletic
2021,regular,14,401282154,2021-12-04 21:00:00+00:00,Alabama,Georgia,SEC,SEC,True,41,24,fbs,fbs,Georgia,Georgia,Georgia,Alabama,0,0,0,higher_spi_home_field_adjusted,higher_spi,higher_spi_home_field_adjusted,93.63636363636364,99.2438343415542,44.07,55.93,44.07,55.93,0.067059,2021_w13,spi_rankings_2021_w13.csv,130,,False,False,SEC vs SEC
2021,regular,14,401331447,2021-12-05 01:00:00+00:00,Iowa,Michigan,Big Ten,Big Ten,True,3,42,fbs,fbs,Michigan,Michigan,Michigan,Michigan,1,1,1,higher_spi_home_field_adjusted,higher_spi,higher_spi_home_field_adjusted,75.48899353533643,85.6489308243824,39.37,60.63,39.37,60.63,0.067059,2021_w13,spi_rankings_2021_w13.csv,130,,False,False,Big Ten vs Big Ten
2021,regular,14,401331163,2021-12-05 01:00:00+00:00,Wake Forest,Pittsburgh,ACC,ACC,True,21,45,fbs,fbs,Pittsburgh,Pittsburgh,Pittsburgh,Pittsburgh,1,1,1,higher_spi_home_field_adjusted,higher_spi,higher_spi_home_field_adjusted,76.5002974027256,79.34279766231202,46.984,53.016,46.984,53.016,0.067059,2021_w13,spi_rankings_2021_w13.csv,130,,False,False,ACC vs ACC
2021,regular,14,401387250,2021-12-05 04:00:00+00:00,California,USC,Pac-12,Pac-12,True,24,14,fbs,fbs,California,California,California,California,1,1,1,higher_spi_home_field_adjusted,higher_spi,higher_spi_home_field_adjusted,37.07866354533649,35.4950386069992,51.682,48.318,58.35,41.65,0.067059,2021_w13,spi_rankings_2021_w13.csv,130,,False,False,Pac-12 vs Pac-12
2021,regular,15,401301056,2021-12-11 20:00:00+00:00,Army,Navy,FBS Independents,American Athletic,False,13,17,fbs,fbs,Army,Army,Army,Navy,0,0,0,higher_spi_home_field_adjusted,higher_spi,higher_spi_home_field_adjusted,66.77768911039283,34.45698244930448,79.797,20.203,83.801,16.199,0.067059,2021_w14,spi_rankings_2021_w14.csv,130,,False,False,American Athletic vs FBS Independents
2021,postseason,1,401331164,2021-12-17 17:00:00+00:00,Toledo,Middle Tennessee,Mid-American,Conference USA,False,24,31,fbs,fbs,Toledo,Toledo,Toledo,Middle Tennessee,0,0,0,higher_spi_home_field_adjusted,higher_spi,higher_spi_home_field_adjusted,51.454531646562586,40.61891594451407,61.314,38.686,61.314,38.686,0.067059,2021_w15,spi_rankings_2021_w15.csv,130,Bahamas Bowl,False,False,Conference USA vs Mid-American
2021,postseason,1,401331165,2021-12-17 23:00:00+00:00,Coastal Carolina,Northern Illinois,Sun Belt,Mid-American,False,47,41,fbs,fbs,Coastal Carolina,Coastal Carolina,Coastal Carolina,Coastal Carolina,1,1,1,higher_spi_home_field_adjusted,higher_spi,higher_spi_home_field_adjusted,72.3266195761249,50.57904983431156,71.591,28.409,71.591,28.409,0.067059,2021_w15,spi_rankings_2021_w15.csv,130,Tailgreeter Cure Bowl,False,False,Mid-American vs Sun Belt
2021,postseason,1,401331166,2021-12-18 16:00:00+00:00,App State,Western Kentucky,Sun Belt,Conference USA,False,38,59,fbs,fbs,App State,App State,App State,Western Kentucky,0,0,0,higher_spi_home_field_adjusted,higher_spi,higher_spi_home_field_adjusted,70.1437350299147,53.68735266198839,66.805,33.195,66.805,33.195,0.067059,2021_w15,spi_rankings_2021_w15.csv,130,RoofClaim.com Boca Raton Bowl,False,False,Conference USA vs Sun Belt
2021,postseason,1,401331167,2021-12-18 19:15:00+00:00,Fresno State,UTEP,Mountain West,Conference USA,False,31,24,fbs,fbs,Fresno State,Fresno State,Fresno State,Fresno State,1,1,1,higher_spi_home_field_adjusted,higher_spi,higher_spi_home_field_adjusted,67.23688999143218,43.02954101299127,73.669,26.331,73.669,26.331,0.067059,2021_w15,spi_rankings_2021_w15.csv,130,PUBG Mobile New Mexico Bowl,False,False,Conference USA vs Mountain West
2021,postseason,1,401331168,2021-12-18 20:30:00+00:00,BYU,UAB,FBS Independents,Conference USA,False,28,31,fbs,fbs,BYU,BYU,BYU,UAB,0,0,0,higher_spi_home_field_adjusted,higher_spi,higher_spi_home_field_adjusted,70.73180483583761,54.01788558430531,67.048,32.952,67.048,32.952,0.067059,2021_w15,spi_rankings_2021_w15.csv,130,Radiance Technologies Independence Bowl,False,False,Conference USA vs FBS Independents
2021,postseason,1,401331169,2021-12-18 22:45:00+00:00,Liberty,Eastern Michigan,FBS Independents,Mid-American,False,56,20,fbs,fbs,Liberty,Liberty,Liberty,Liberty,1,1,1,higher_spi_home_field_adjusted,higher_spi,higher_spi_home_field_adjusted,55.649423729114325,48.01823401841391,58.038,41.962,58.038,41.962,0.067059,2021_w15,spi_rankings_2021_w15.csv,130,LendingTree Bowl,False,False,FBS Independents vs Mid-American
2021,postseason,1,401331170,2021-12-19 00:30:00+00:00,Oregon State,Utah State,Pac-12,Mountain West,False,13,24,fbs,fbs,Utah State,Utah State,Utah State,Utah State,1,1,1,higher_spi_home_field_adjusted,higher_spi,higher_spi_home_field_adjusted,51.441275287290765,65.10767525608323,35.874,64.126,35.874,64.126,0.067059,2021_w15,spi_rankings_2021_w15.csv,130,Jimmy Kimmel LA Bowl Presented by Stifel,False,False,Mountain West vs Pac-12
2021,postseason,1,401331171,2021-12-19 02:15:00+00:00,Marshall,Louisiana,Conference USA,Sun Belt,False,21,36,fbs,fbs,Louisiana,Louisiana,Louisiana,Louisiana,1,1,1,higher_spi_home_field_adjusted,higher_spi,higher_spi_home_field_adjusted,51.00584122097147,74.950158174659,26.549,73.451,26.549,73.451,0.067059,2021_w15,spi_rankings_2021_w15.csv,130,R+L Carriers New Orleans Bowl,False,False,Conference USA vs Sun Belt
2021,postseason,1,401331172,2021-12-20 19:30:00+00:00,Tulsa,Old Dominion,American Athletic,Conference USA,False,30,17,fbs,fbs,Tulsa,Tulsa,Tulsa,Tulsa,1,1,1,higher_spi_home_field_adjusted,higher_spi,higher_spi_home_field_adjusted,49.2015132064029,39.890996738451314,59.765,40.235,59.765,40.235,0.067059,2021_w15,spi_rankings_2021_w15.csv,130,Myrtle Beach Bowl Pres. by TaxAct,False,False,American Athletic vs Conference USA
2021,postseason,1,401331213,2021-12-21 20:30:00+00:00,Wyoming,Kent State,Mountain West,Mid-American,False,52,38,fbs,fbs,Wyoming,Wyoming,Wyoming,Wyoming,1,1,1,higher_spi_home_field_adjusted,higher_spi,higher_spi_home_field_adjusted,47.50088168103998,43.06273451983111,54.702,45.298,54.702,45.298,0.067059,2021_w15,spi_rankings_2021_w15.csv,130,Famous Idaho Potato Bowl,False,False,Mid-American vs Mountain West
2021,postseason,1,401331214,2021-12-22 00:30:00+00:00,San Diego State,UTSA,Mountain West,Conference USA,False,38,24,fbs,fbs,San Diego State,San Diego State,San Diego State,San Diego State,1,1,1,higher_spi_home_field_adjusted,higher_spi,higher_spi_home_field_adjusted,71.72885697845221,69.13570847633548,52.752,47.248,52.752,47.248,0.067059,2021_w15,spi_rankings_2021_w15.csv,130,Tropical Smoothie Cafe Frisco Bowl,False,False,Conference USA vs Mountain West
2021,postseason,1,401331215,2021-12-23 01:00:00+00:00,Army,Missouri,FBS Independents,SEC,False,24,22,fbs,fbs,Army,Army,Army,Army,1,1,1,higher_spi_home_field_adjusted,higher_spi,higher_spi_home_field_adjusted,62.44098686734707,50.6524684425386,62.27,37.73,62.27,37.73,0.067059,2021_w15,spi_rankings_2021_w15.csv,130,Lockheed Martin Armed Forces Bowl,False,False,FBS Independents vs SEC
2021,postseason,1,401391158,2021-12-23 20:30:00+00:00,Miami (OH),North Texas,Mid-American,Conference USA,False,27,14,fbs,fbs,Miami (OH),Miami (OH),Miami (OH),Miami (OH),1,1,1,higher_spi_home_field_adjusted,higher_spi,higher_spi_home_field_adjusted,45.849454910437096,39.08707750773851,57.136,42.864,57.136,42.864,0.067059,2021_w15,spi_rankings_2021_w15.csv,130,Frisco Football Classic,False,False,Conference USA vs Mid-American
2021,postseason,1,401331216,2021-12-24 00:00:00+00:00,Florida,UCF,SEC,American Athletic,False,17,29,fbs,fbs,UCF,UCF,UCF,UCF,1,1,1,higher_spi_home_field_adjusted,higher_spi,higher_spi_home_field_adjusted,57.34651833263422,59.03041732397077,48.212,51.788,48.212,51.788,0.067059,2021_w15,spi_rankings_2021_w15.csv,130,Union Home Mortgage Gasparilla Bowl,False,False,American Athletic vs SEC
2021,postseason,1,401331218,2021-12-25 19:30:00+00:00,Ball State,Georgia State,Mid-American,Sun Belt,False,20,51,fbs,fbs,Georgia State,Georgia State,Georgia State,Georgia State,1,1,1,higher_spi_home_field_adjusted,higher_spi,higher_spi_home_field_adjusted,40.281013650324674,50.397728428849135,39.414,60.586,39.414,60.586,0.067059,2021_w15,spi_rankings_2021_w15.csv,130,TaxAct Camellia Bowl,False,False,Mid-American vs Sun Belt
2021,postseason,1,401331219,2021-12-27 16:00:00+00:00,Nevada,Western Michigan,Mountain West,Mid-American,False,24,52,fbs,fbs,Nevada,Nevada,Nevada,Western Michigan,0,0,0,higher_spi_home_field_adjusted,higher_spi,higher_spi_home_field_adjusted,66.31328932327314,50.950774033612674,65.767,34.233,65.767,34.233,0.067059,2021_w15,spi_rankings_2021_w15.csv,130,Quick Lane Bowl,False,False,Mid-American vs Mountain West
2021,postseason,1,401331221,2021-12-28 17:00:00+00:00,Auburn,Houston,SEC,American Athletic,False,13,17,fbs,fbs,Houston,Houston,Houston,Houston,1,1,1,higher_spi_home_field_adjusted,higher_spi,higher_spi_home_field_adjusted,63.98658253668147,72.62950919502948,40.919,59.081,40.919,59.081,0.067059,2021_w15,spi_rankings_2021_w15.csv,130,TicketSmarter Birmingham Bowl,False,False,American Athletic vs SEC
2021,postseason,1,401331222,2021-12-28 20:15:00+00:00,Louisville,Air Force,ACC,Mountain West,False,28,31,fbs,fbs,Air Force,Air Force,Air Force,Air Force,1,1,1,higher_spi_home_field_adjusted,higher_spi,higher_spi_home_field_adjusted,58.73145280110235,67.59275006327287,40.695,59.305,40.695,59.305,0.067059,2021_w15,spi_rankings_2021_w15.csv,130,SERVPRO First Responder Bowl,False,False,ACC vs Mountain West
2021,postseason,1,401331223,2021-12-28 23:45:00+00:00,Texas Tech,Mississippi State,Big 12,SEC,False,34,7,fbs,fbs,Mississippi State,Mississippi State,Mississippi State,Texas Tech,0,0,0,higher_spi_home_field_adjusted,higher_spi,higher_spi_home_field_adjusted,54.95595353916831,65.71840967497478,38.76,61.24,38.76,61.24,0.067059,2021_w15,spi_rankings_2021_w15.csv,130,AutoZone Liberty Bowl,False,False,Big 12 vs SEC
2021,postseason,1,401331224,2021-12-29 03:15:00+00:00,Minnesota,West Virginia,Big Ten,Big 12,False,18,6,fbs,fbs,Minnesota,Minnesota,Minnesota,Minnesota,1,1,1,higher_spi_home_field_adjusted,higher_spi,higher_spi_home_field_adjusted,62.9901008876544,57.66738135869274,55.631,44.369,55.631,44.369,0.067059,2021_w15,spi_rankings_2021_w15.csv,130,Guaranteed Rate Bowl,False,False,Big 12 vs Big Ten
2021,postseason,1,401331226,2021-12-29 19:15:00+00:00,Virginia Tech,Maryland,ACC,Big Ten,False,10,54,fbs,fbs,Maryland,Maryland,Maryland,Maryland,1,1,1,higher_spi_home_field_adjusted,higher_spi,higher_spi_home_field_adjusted,48.20344424949569,52.5128330345096,45.434,54.566,45.434,54.566,0.067059,2021_w15,spi_rankings_2021_w15.csv,130,New Era Pinstripe Bowl,False,False,ACC vs Big Ten
2021,postseason,1,401331227,2021-12-29 22:45:00+00:00,Iowa State,Clemson,Big 12,ACC,False,13,20,fbs,fbs,Clemson,Clemson,Clemson,Clemson,1,1,1,higher_spi_home_field_adjusted,higher_spi,higher_spi_home_field_adjusted,67.65199433844874,73.89526020484826,43.405,56.595,43.405,56.595,0.067059,2021_w15,spi_rankings_2021_w15.csv,130,Cheez-It Bowl,False,False,ACC vs Big 12
2021,postseason,1,401331228,2021-12-30 02:15:00+00:00,Oklahoma,Oregon,Big 12,Pac-12,False,47,32,fbs,fbs,Oklahoma,Oklahoma,Oklahoma,Oklahoma,1,1,1,higher_spi_home_field_adjusted,higher_spi,higher_spi_home_field_adjusted,79.00110958084105,62.33955144370687,66.998,33.002,66.998,33.002,0.067059,2021_w15,spi_rankings_2021_w15.csv,130,Valero Alamo Bowl,False,False,Big 12 vs Pac-12
2021,postseason,1,401331229,2021-12-30 16:30:00+00:00,South Carolina,North Carolina,SEC,ACC,False,38,21,fbs,fbs,North Carolina,North Carolina,North Carolina,South Carolina,0,0,0,higher_spi_home_field_adjusted,higher_spi,higher_spi_home_field_adjusted,54.48928657010554,55.05196344196165,49.402,50.598,49.402,50.598,0.067059,2021_w15,spi_rankings_2021_w15.csv,130,Duke's Mayo Bowl,False,False,ACC vs SEC
2021,postseason,1,401331230,2021-12-30 20:00:00+00:00,Purdue,Tennessee,Big Ten,SEC,False,48,45,fbs,fbs,Tennessee,Tennessee,Tennessee,Purdue,0,0,0,higher_spi_home_field_adjusted,higher_spi,higher_spi_home_field_adjusted,65.1427693454137,67.57362237214728,47.42,52.58,47.42,52.58,0.067059,2021_w15,spi_rankings_2021_w15.csv,130,TransPerfect Music City Bowl,False,False,Big Ten vs SEC
2021,postseason,1,401331231,2021-12-31 00:00:00+00:00,Michigan State,Pittsburgh,Big Ten,ACC,False,31,21,fbs,fbs,Pittsburgh,Pittsburgh,Pittsburgh,Michigan State,0,0,0,higher_spi_home_field_adjusted,higher_spi,higher_spi_home_field_adjusted,71.8515974641177,80.84273696254267,40.561,59.439,40.561,59.439,0.067059,2021_w15,spi_rankings_2021_w15.csv,130,Chick-fil-A Peach Bowl,False,False,ACC vs Big Ten
2021,postseason,1,401331232,2021-12-31 03:30:00+00:00,Arizona State,Wisconsin,Pac-12,Big Ten,False,13,20,fbs,fbs,Wisconsin,Wisconsin,Wisconsin,Wisconsin,1,1,1,higher_spi_home_field_adjusted,higher_spi,higher_spi_home_field_adjusted,53.67874890540838,66.99896129919514,36.214,63.786,36.214,63.786,0.067059,2021_w15,spi_rankings_2021_w15.csv,130,SRS Distribution Las Vegas Bowl,False,False,Big Ten vs Pac-12
2021,postseason,1,401331233,2021-12-31 16:00:00+00:00,Rutgers,Wake Forest,Big Ten,ACC,False,10,38,fbs,fbs,Wake Forest,Wake Forest,Wake Forest,Wake Forest,1,1,1,higher_spi_home_field_adjusted,higher_spi,higher_spi_home_field_adjusted,45.3281942040548,71.61316347500912,24.655,75.345,24.655,75.345,0.067059,2021_w15,spi_rankings_2021_w15.csv,130,TaxSlayer Gator Bowl,False,False,ACC vs Big Ten
2021,postseason,1,401331654,2021-12-31 17:00:00+00:00,Central Michigan,Washington State,Mid-American,Pac-12,False,24,21,fbs,fbs,Central Michigan,Central Michigan,Central Michigan,Central Michigan,1,1,1,higher_spi_home_field_adjusted,higher_spi,higher_spi_home_field_adjusted,52.972565936228456,49.2989572918517,53.895,46.105,53.895,46.105,0.067059,2021_w15,spi_rankings_2021_w15.csv,130,Tony the Tiger Sun Bowl,False,False,Mid-American vs Pac-12
2021,postseason,1,401331235,2021-12-31 20:30:00+00:00,Alabama,Cincinnati,SEC,American Athletic,False,27,6,fbs,fbs,Alabama,Alabama,Alabama,Alabama,1,1,1,higher_spi_home_field_adjusted,higher_spi,higher_spi_home_field_adjusted,95.33809038396195,86.12362140253029,59.667,40.333,59.667,40.333,0.067059,2021_w15,spi_rankings_2021_w15.csv,130,CFP Semifinal at the Goodyear Cotton Bowl Classic,True,False,American Athletic vs SEC
2021,postseason,1,401331234,2022-01-01 00:30:00+00:00,Michigan,Georgia,Big Ten,SEC,False,11,34,fbs,fbs,Georgia,Georgia,Georgia,Georgia,1,1,1,higher_spi_home_field_adjusted,higher_spi,higher_spi_home_field_adjusted,87.54003242805184,94.64517993929758,42.508,57.492,42.508,57.492,0.067059,2021_w15,spi_rankings_2021_w15.csv,130,CFP Semifinal at the Capital One Orange Bowl,True,False,Big Ten vs SEC
2021,postseason,1,401331236,2022-01-01 17:00:00+00:00,Arkansas,Penn State,SEC,Big Ten,False,24,10,fbs,fbs,Arkansas,Arkansas,Arkansas,Arkansas,1,1,1,higher_spi_home_field_adjusted,higher_spi,higher_spi_home_field_adjusted,70.84907259219186,65.22797830946779,55.944,44.056,55.944,44.056,0.067059,2021_w15,spi_rankings_2021_w15.csv,130,Outback Bowl,False,False,Big Ten vs SEC
2021,postseason,1,401331237,2022-01-01 18:00:00+00:00,Kentucky,Iowa,SEC,Big Ten,False,20,17,fbs,fbs,Kentucky,Kentucky,Kentucky,Kentucky,1,1,1,higher_spi_home_field_adjusted,higher_spi,higher_spi_home_field_adjusted,71.25167285717744,70.11385336668661,51.209,48.791,51.209,48.791,0.067059,2021_w15,spi_rankings_2021_w15.csv,130,Vrbo Citrus Bowl,False,False,Big Ten vs SEC
2021,postseason,1,401331238,2022-01-01 18:00:00+00:00,Notre Dame,Oklahoma State,FBS Independents,Big 12,False,35,37,fbs,fbs,Oklahoma State,Oklahoma State,Oklahoma State,Oklahoma State,1,1,1,higher_spi_home_field_adjusted,higher_spi,higher_spi_home_field_adjusted,81.05144211973432,83.89434124887688,46.983,53.017,46.983,53.017,0.067059,2021_w15,spi_rankings_2021_w15.csv,130,PlayStation Fiesta Bowl,False,False,Big 12 vs FBS Independents
2021,postseason,1,401331239,2022-01-01 22:00:00+00:00,Ohio State,Utah,Big Ten,Pac-12,False,48,45,fbs,fbs,Ohio State,Ohio State,Ohio State,Ohio State,1,1,1,higher_spi_home_field_adjusted,higher_spi,higher_spi_home_field_adjusted,84.74742765062314,65.24138388007789,69.614,30.386,69.614,30.386,0.067059,2021_w15,spi_rankings_2021_w15.csv,130,Rose Bowl Game Pres. by Capital One Venture X,False,False,Big Ten vs Pac-12
2021,postseason,1,401331240,2022-01-02 01:45:00+00:00,Ole Miss,Baylor,SEC,Big 12,False,7,21,fbs,fbs,Baylor,Baylor,Baylor,Baylor,1,1,1,higher_spi_home_field_adjusted,higher_spi,higher_spi_home_field_adjusted,79.7516002962535,82.67015875218789,46.903,53.097,46.903,53.097,0.067059,2021_w15,spi_rankings_2021_w15.csv,130,Allstate Sugar Bowl,False,False,Big 12 vs SEC
2021,postseason,1,401331241,2022-01-05 02:00:00+00:00,Kansas State,LSU,Big 12,SEC,False,42,20,fbs,fbs,Kansas State,Kansas State,Kansas State,Kansas State,1,1,1,higher_spi_home_field_adjusted,higher_spi,higher_spi_home_field_adjusted,62.505763625569344,58.12422219599769,54.642,45.358,54.642,45.358,0.067059,2021_w15,spi_rankings_2021_w15.csv,130,TaxAct Texas Bowl,False,False,Big 12 vs SEC
2021,postseason,1,401331242,2022-01-11 01:00:00+00:00,Alabama,Georgia,SEC,SEC,False,18,33,fbs,fbs,Alabama,Alabama,Alabama,Georgia,0,0,0,higher_spi_home_field_adjusted,higher_spi,higher_spi_home_field_adjusted,95.33809038396195,94.64517993929758,50.736,49.264,50.736,49.264,0.067059,2021_w15,spi_rankings_2021_w15.csv,130,CFP National Championship pres. by AT&T,True,True,SEC vs SEC
2022,regular,1,401426532,2022-08-27 16:00:00+00:00,Western Kentucky,Austin Peay,Conference USA,Atlantic Sun,False,38,27,fbs,fcs,Western Kentucky,Western Kentucky,Western Kentucky,Western Kentucky,1,1,1,fbs_vs_fcs_rule,fbs_vs_fcs_rule,fbs_vs_fcs_rule,57.48391347017614,,100.0,0.0,100.0,0.0,0.067059,preseason_2022,spi_rankings_preseason_2022.csv,130,,False,False,Atlantic Sun vs Conference USA
2022,regular,1,401405059,2022-08-27 16:30:00+00:00,Northwestern,Nebraska,Big Ten,Big Ten,True,31,28,fbs,fbs,Nebraska,Nebraska,Nebraska,Northwestern,0,0,0,higher_spi_home_field_adjusted,higher_spi,higher_spi_home_field_adjusted,35.77874246165267,53.20940251582126,32.283,67.717,32.283,67.717,0.067059,preseason_2022,spi_rankings_preseason_2022.csv,130,,False,False,Big Ten vs Big Ten
2022,regular,1,401413256,2022-08-27 19:30:00+00:00,UNLV,Idaho State,Mountain West,Big Sky,False,52,21,fbs,fcs,UNLV,UNLV,UNLV,UNLV,1,1,1,fbs_vs_fcs_rule,fbs_vs_fcs_rule,fbs_vs_fcs_rule,26.74088967091907,,100.0,0.0,100.0,0.0,0.067059,preseason_2022,spi_rankings_preseason_2022.csv,130,,False,False,Big Sky vs Mountain West
2022,regular,1,401404146,2022-08-27 20:00:00+00:00,Utah State,UConn,Mountain West,FBS Independents,False,31,20,fbs,fbs,Utah State,Utah State,Utah State,Utah State,1,1,1,higher_spi_home_field_adjusted,higher_spi,higher_spi_home_field_adjusted,67.87662857276459,9.687093870507276,92.223,7.777,93.951,6.049,0.067059,preseason_2022,spi_rankings_preseason_2022.csv,130,,False,False,FBS Independents vs Mountain West
2022,regular,1,401405058,2022-08-27 20:00:00+00:00,Illinois,Wyoming,Big Ten,Mountain West,False,38,6,fbs,fbs,Wyoming,Wyoming,Wyoming,Illinois,0,0,0,higher_spi_home_field_adjusted,higher_spi,higher_spi_home_field_adjusted,43.03384031966738,50.05888745640301,42.591,57.409,49.282,50.718,0.067059,preseason_2022,spi_rankings_preseason_2022.csv,130,,False,False,Big Ten vs Mountain West
2022,regular,1,401411090,2022-08-27 21:00:00+00:00,Florida State,Duquesne,ACC,NEC,False,47,7,fbs,fcs,Florida State,Florida State,Florida State,Florida State,1,1,1,fbs_vs_fcs_rule,fbs_vs_fcs_rule,fbs_vs_fcs_rule,49.26404921497852,,100.0,0.0,100.0,0.0,0.067059,preseason_2022,spi_rankings_preseason_2022.csv,130,,False,False,ACC vs NEC
2022,regular,1,401426530,2022-08-27 23:00:00+00:00,Florida Atlantic,Charlotte,Conference USA,Conference USA,True,43,13,fbs,fbs,Florida Atlantic,Florida Atlantic,Florida Atlantic,Florida Atlantic,1,1,1,higher_spi_home_field_adjusted,higher_spi,higher_spi_home_field_adjusted,35.952860409928164,31.146000583624375,55.09,44.91,61.637,38.363,0.067059,preseason_2022,spi_rankings_preseason_2022.csv,130,,False,False,Conference USA vs Conference USA
2022,regular,1,401411091,2022-08-28 00:15:00+00:00,North Carolina,Florida A&M,ACC,SWAC,False,56,24,fbs,fcs,North Carolina,North Carolina,North Carolina,North Carolina,1,1,1,fbs_vs_fcs_rule,fbs_vs_fcs_rule,fbs_vs_fcs_rule,52.747750296745934,,100.0,0.0,100.0,0.0,0.067059,preseason_2022,spi_rankings_preseason_2022.csv,130,,False,False,ACC vs SWAC
2022,regular,1,401426531,2022-08-28 01:00:00+00:00,UTEP,North Texas,Conference USA,Conference USA,True,13,31,fbs,fbs,UTEP,UTEP,UTEP,North Texas,0,0,0,higher_spi_home_field_adjusted,higher_spi,higher_spi_home_field_adjusted,40.82336685290253,37.572805784145714,53.448,46.552,60.061,39.939,0.067059,preseason_2022,spi_rankings_preseason_2022.csv,130,,False,False,Conference USA vs Conference USA
2022,regular,1,401409235,2022-08-28 02:00:00+00:00,New Mexico State,Nevada,FBS Independents,Mountain West,False,12,23,fbs,fbs,Nevada,Nevada,Nevada,Nevada,1,1,1,higher_spi_home_field_adjusted,higher_spi,higher_spi_home_field_adjusted,23.405079386632824,60.937977645990536,16.866,83.134,20.994,79.006,0.067059,preseason_2022,spi_rankings_preseason_2022.csv,130,,False,False,FBS Independents vs Mountain West
2022,regular,1,401403853,2022-08-28 02:30:00+00:00,Hawai'i,Vanderbilt,Mountain West,SEC,False,10,63,fbs,fbs,Hawai'i,Hawai'i,Hawai'i,Vanderbilt,0,0,0,higher_spi_home_field_adjusted,higher_spi,higher_spi_home_field_adjusted,43.56671765334471,22.535686314958728,70.968,29.032,76.2,23.8,0.067059,preseason_2022,spi_rankings_preseason_2022.csv,130,,False,False,Mountain West vs SEC
2022,regular,1,401416568,2022-09-01 22:00:00+00:00,Akron,Saint Francis,Mid-American,NEC,False,30,23,fbs,fcs,Akron,Akron,Akron,Akron,1,1,1,fbs_vs_fcs_rule,fbs_vs_fcs_rule,fbs_vs_fcs_rule,13.508953519806887,,100.0,0.0,100.0,0.0,0.067059,preseason_2022,spi_rankings_preseason_2022.csv,130,,False,False,Mid-American vs NEC
2022,regular,1,401403864,2022-09-01 23:00:00+00:00,Tennessee,Ball State,SEC,Mid-American,False,59,10,fbs,fbs,Tennessee,Tennessee,Tennessee,Tennessee,1,1,1,higher_spi_home_field_adjusted,higher_spi,higher_spi_home_field_adjusted,65.05566221599521,34.806524466971645,78.34,21.66,82.57,17.43,0.067059,preseason_2022,spi_rankings_preseason_2022.csv,130,,False,False,Mid-American vs SEC
2022,regular,1,401416569,2022-09-01 23:00:00+00:00,Oklahoma State,Central Michigan,Big 12,Mid-American,False,58,44,fbs,fbs,Oklahoma State,Oklahoma State,Oklahoma State,Oklahoma State,1,1,1,higher_spi_home_field_adjusted,higher_spi,higher_spi_home_field_adjusted,88.3008576339751,55.160739595149735,80.352,19.648,84.268,15.732,0.067059,preseason_2022,spi_rankings_preseason_2022.csv,130,,False,False,Big 12 vs Mid-American
2022,regular,1,401441990,2022-09-01 23:00:00+00:00,Toledo,Long Island University,Mid-American,NEC,False,37,0,fbs,fcs,Toledo,Toledo,Toledo,Toledo,1,1,1,fbs_vs_fcs_rule,fbs_vs_fcs_rule,fbs_vs_fcs_rule,47.11446352315542,,100.0,0.0,100.0,0.0,0.067059,preseason_2022,spi_rankings_preseason_2022.csv,130,,False,False,Mid-American vs NEC
2022,regular,1,401415610,2022-09-01 23:00:00+00:00,UCF,South Carolina State,American Athletic,MEAC,False,56,10,fbs,fcs,UCF,UCF,UCF,UCF,1,1,1,fbs_vs_fcs_rule,fbs_vs_fcs_rule,fbs_vs_fcs_rule,65.18025754333465,,100.0,0.0,100.0,0.0,0.067059,preseason_2022,spi_rankings_preseason_2022.csv,130,,False,False,American Athletic vs MEAC
2022,regular,1,401411092,2022-09-01 23:00:00+00:00,Pittsburgh,West Virginia,ACC,Big 12,False,38,31,fbs,fbs,Pittsburgh,Pittsburgh,Pittsburgh,Pittsburgh,1,1,1,higher_spi_home_field_adjusted,higher_spi,higher_spi_home_field_adjusted,79.32841600916636,63.90186729867713,65.828,34.172,71.616,28.384,0.067059,preseason_2022,spi_rankings_preseason_2022.csv,130,,False,False,ACC vs Big 12
2022,regular,1,401426533,2022-09-01 23:00:00+00:00,Florida International,Bryant,Conference USA,Big South,False,38,37,fbs,fcs,Florida International,Florida International,Florida International,Florida International,1,1,1,fbs_vs_fcs_rule,fbs_vs_fcs_rule,fbs_vs_fcs_rule,7.7452015477542036,,100.0,0.0,100.0,0.0,0.067059,preseason_2022,spi_rankings_preseason_2022.csv,130,,False,False,Big South vs Conference USA
2022,regular,1,401411093,2022-09-01 23:30:00+00:00,Wake Forest,VMI,ACC,Southern,False,44,10,fbs,fcs,Wake Forest,Wake Forest,Wake Forest,Wake Forest,1,1,1,fbs_vs_fcs_rule,fbs_vs_fcs_rule,fbs_vs_fcs_rule,76.07104538693066,,100.0,0.0,100.0,0.0,0.067059,preseason_2022,spi_rankings_preseason_2022.csv,130,,False,False,ACC vs Southern
2022,regular,1,401416592,2022-09-02 00:00:00+00:00,Northern Illinois,Eastern Illinois,Mid-American,OVC,False,34,27,fbs,fcs,Northern Illinois,Northern Illinois,Northern Illinois,Northern Illinois,1,1,1,fbs_vs_fcs_rule,fbs_vs_fcs_rule,fbs_vs_fcs_rule,47.49947932296665,,100.0,0.0,100.0,0.0,0.067059,preseason_2022,spi_rankings_preseason_2022.csv,130,,False,False,Mid-American vs OVC
2022,regular,1,401426534,2022-09-02 00:00:00+00:00,UAB,Alabama A&M,Conference USA,SWAC,False,59,0,fbs,fcs,UAB,UAB,UAB,UAB,1,1,1,fbs_vs_fcs_rule,fbs_vs_fcs_rule,fbs_vs_fcs_rule,55.963117616915525,,100.0,0.0,100.0,0.0,0.067059,preseason_2022,spi_rankings_preseason_2022.csv,130,,False,False,Conference USA vs SWAC
2022,regular,1,401405064,2022-09-02 00:00:00+00:00,Purdue,Penn State,Big Ten,Big Ten,True,31,35,fbs,fbs,Purdue,Purdue,Purdue,Penn State,0,0,0,higher_spi_home_field_adjusted,higher_spi,higher_spi_home_field_adjusted,66.93192592102852,60.19371409865648,57.111,42.889,63.558,36.442,0.067059,preseason_2022,spi_rankings_preseason_2022.csv,130,,False,False,Big Ten vs Big Ten
2022,regular,1,401426537,2022-09-02 00:00:00+00:00,Missouri,Louisiana Tech,SEC,Conference USA,False,52,24,fbs,fbs,Missouri,Missouri,Missouri,Missouri,1,1,1,higher_spi_home_field_adjusted,higher_spi,higher_spi_home_field_adjusted,44.07261163455195,25.04864004449813,69.179,30.821,74.619,25.381,0.067059,preseason_2022,spi_rankings_preseason_2022.csv,130,,False,False,Conference USA vs SEC
2022,regular,1,401405060,2022-09-02 01:00:00+00:00,Minnesota,New Mexico State,Big Ten,FBS Independents,False,38,0,fbs,fbs,Minnesota,Minnesota,Minnesota,Minnesota,1,1,1,higher_spi_home_field_adjusted,higher_spi,higher_spi_home_field_adjusted,65.00507252762927,23.405079386632824,85.421,14.579,88.472,11.528,0.067059,preseason_2022,spi_rankings_preseason_2022.csv,130,,False,False,Big Ten vs FBS Independents
2022,regular,1,401403965,2022-09-02 02:00:00+00:00,Arizona State,Northern Arizona,Pac-12,Big Sky,False,40,3,fbs,fcs,Arizona State,Arizona State,Arizona State,Arizona State,1,1,1,fbs_vs_fcs_rule,fbs_vs_fcs_rule,fbs_vs_fcs_rule,53.36907200924661,,100.0,0.0,100.0,0.0,0.067059,preseason_2022,spi_rankings_preseason_2022.csv,130,,False,False,Big Sky vs Pac-12
2022,regular,1,401415213,2022-09-02 02:30:00+00:00,San José State,Portland State,Mountain West,Big Sky,False,21,17,fbs,fcs,San José State,San José State,San José State,San José State,1,1,1,fbs_vs_fcs_rule,fbs_vs_fcs_rule,fbs_vs_fcs_rule,39.498585749170886,,100.0,0.0,100.0,0.0,0.067059,preseason_2022,spi_rankings_preseason_2022.csv,130,,False,False,Big Sky vs Mountain West
2022,regular,1,401413224,2022-09-02 02:30:00+00:00,Fresno State,Cal Poly,Mountain West,Big Sky,False,35,7,fbs,fcs,Fresno State,Fresno State,Fresno State,Fresno State,1,1,1,fbs_vs_fcs_rule,fbs_vs_fcs_rule,fbs_vs_fcs_rule,68.69451287100001,,100.0,0.0,100.0,0.0,0.067059,preseason_2022,spi_rankings_preseason_2022.csv,130,,False,False,Big Sky vs Mountain West
2022,regular,1,401416591,2022-09-02 23:00:00+00:00,Michigan State,Western Michigan,Big Ten,Mid-American,False,35,13,fbs,fbs,Michigan State,Michigan State,Michigan State,Michigan State,1,1,1,higher_spi_home_field_adjusted,higher_spi,higher_spi_home_field_adjusted,77.12880734803778,56.99926838979602,70.172,29.828,75.498,24.502,0.067059,preseason_2022,spi_rankings_preseason_2022.csv,130,,False,False,Big Ten vs Mid-American
2022,regular,1,401416590,2022-09-02 23:00:00+00:00,Eastern Michigan,Eastern Kentucky,Mid-American,Atlantic Sun,False,42,34,fbs,fcs,Eastern Michigan,Eastern Michigan,Eastern Michigan,Eastern Michigan,1,1,1,fbs_vs_fcs_rule,fbs_vs_fcs_rule,fbs_vs_fcs_rule,43.37091701467079,,100.0,0.0,100.0,0.0,0.067059,preseason_2022,spi_rankings_preseason_2022.csv,130,,False,False,Atlantic Sun vs Mid-American
2022,regular,1,401426535,2022-09-02 23:00:00+00:00,Charlotte,William & Mary,Conference USA,CAA,False,24,41,fbs,fcs,Charlotte,Charlotte,Charlotte,William & Mary,0,0,0,fbs_vs_fcs_rule,fbs_vs_fcs_rule,fbs_vs_fcs_rule,31.146000583624375,,100.0,0.0,100.0,0.0,0.067059,preseason_2022,spi_rankings_preseason_2022.csv,130,,False,False,CAA vs Conference USA
2022,regular,1,401426330,2022-09-02 23:00:00+00:00,Old Dominion,Virginia Tech,Sun Belt,ACC,False,20,17,fbs,fbs,Old Dominion,Virginia Tech,Old Dominion,Old Dominion,1,0,1,higher_spi_home_field_adjusted,higher_spi,higher_spi_home_field_adjusted,34.20257064200174,39.40947571205166,44.49,55.51,51.214,48.786,0.067059,preseason_2022,spi_rankings_preseason_2022.csv,130,,False,False,ACC vs Sun Belt
2022,regular,1,401411094,2022-09-02 23:30:00+00:00,Duke,Temple,ACC,American Athletic,False,30,0,fbs,fbs,Duke,Duke,Duke,Duke,1,1,1,higher_spi_home_field_adjusted,higher_spi,higher_spi_home_field_adjusted,25.912999682447648,20.96170587318136,55.241,44.759,61.782,38.218,0.067059,preseason_2022,spi_rankings_preseason_2022.csv,130,,False,False,ACC vs American Athletic
2022,regular,1,401404052,2022-09-03 00:00:00+00:00,Kansas,Tennessee Tech,Big 12,OVC,False,56,10,fbs,fcs,Kansas,Kansas,Kansas,Kansas,1,1,1,fbs_vs_fcs_rule,fbs_vs_fcs_rule,fbs_vs_fcs_rule,29.22834824948849,,100.0,0.0,100.0,0.0,0.067059,preseason_2022,spi_rankings_preseason_2022.csv,130,,False,False,Big 12 vs OVC
2022,regular,1,401405061,2022-09-03 00:00:00+00:00,Indiana,Illinois,Big Ten,Big Ten,True,23,20,fbs,fbs,Illinois,Illinois,Illinois,Indiana,0,0,0,higher_spi_home_field_adjusted,higher_spi,higher_spi_home_field_adjusted,28.472882093354,43.03384031966738,35.005,64.995,41.363,58.637,0.067059,preseason_2022,spi_rankings_preseason_2022.csv,130,,False,False,Big Ten vs Big Ten
2022,regular,1,401403966,2022-09-03 02:00:00+00:00,Colorado,TCU,Pac-12,Big 12,False,13,38,fbs,fbs,TCU,TCU,TCU,TCU,1,1,1,higher_spi_home_field_adjusted,higher_spi,higher_spi_home_field_adjusted,27.14773100553389,49.77876017455215,27.651,72.349,33.36,66.64,0.067059,preseason_2022,spi_rankings_preseason_2022.csv,130,,False,False,Big 12 vs Pac-12
2022,regular,1,401411096,2022-09-03 16:00:00+00:00,East Carolina,NC State,American Athletic,ACC,False,20,21,fbs,fbs,NC State,NC State,NC State,NC State,1,1,1,higher_spi_home_field_adjusted,higher_spi,higher_spi_home_field_adjusted,53.0521734976436,71.60253480711326,31.251,68.749,37.32,62.68,0.067059,preseason_2022,spi_rankings_preseason_2022.csv,130,,False,False,ACC vs American Athletic
2022,regular,1,401411095,2022-09-03 16:00:00+00:00,App State,North Carolina,Sun Belt,ACC,False,61,63,fbs,fbs,App State,App State,App State,North Carolina,0,0,0,higher_spi_home_field_adjusted,higher_spi,higher_spi_home_field_adjusted,64.22271514402355,52.747750296745934,61.956,38.044,68.082,31.918,0.067059,preseason_2022,spi_rankings_preseason_2022.csv,130,,False,False,ACC vs Sun Belt
2022,regular,1,401405069,2022-09-03 16:00:00+00:00,Boston College,Rutgers,ACC,Big Ten,False,21,22,fbs,fbs,Boston College,Boston College,Boston College,Rutgers,0,0,0,higher_spi_home_field_adjusted,higher_spi,higher_spi_home_field_adjusted,51.74437069048998,42.96897251958626,59.217,40.783,65.539,34.461,0.067059,preseason_2022,spi_rankings_preseason_2022.csv,130,,False,False,ACC vs Big Ten
2022,regular,1,401405067,2022-09-03 16:00:00+00:00,Michigan,Colorado State,Big Ten,Mountain West,False,51,7,fbs,fbs,Michigan,Michigan,Michigan,Michigan,1,1,1,higher_spi_home_field_adjusted,higher_spi,higher_spi_home_field_adjusted,72.65122721934569,30.77248736739448,85.568,14.432,88.592,11.408,0.067059,preseason_2022,spi_rankings_preseason_2022.csv,130,,False,False,Big Ten vs Mountain West
2022,regular,1,401405066,2022-09-03 16:00:00+00:00,Maryland,Buffalo,Big Ten,Mid-American,False,31,10,fbs,fbs,Maryland,Maryland,Maryland,Maryland,1,1,1,higher_spi_home_field_adjusted,higher_spi,higher_spi_home_field_adjusted,61.08495966948099,31.813254295726,77.627,22.373,81.964,18.036,0.067059,preseason_2022,spi_rankings_preseason_2022.csv,130,,False,False,Big Ten vs Mid-American
2022,regular,1,401404147,2022-09-03 16:00:00+00:00,UConn,Central Connecticut,FBS Independents,NEC,False,28,3,fbs,fcs,UConn,UConn,UConn,UConn,1,1,1,fbs_vs_fcs_rule,fbs_vs_fcs_rule,fbs_vs_fcs_rule,9.687093870507276,,100.0,0.0,100.0,0.0,0.067059,preseason_2022,spi_rankings_preseason_2022.csv,130,,False,False,FBS Independents vs NEC
2022,regular,1,401415611,2022-09-03 16:00:00+00:00,Navy,Delaware,American Athletic,CAA,False,7,14,fbs,fcs,Navy,Navy,Navy,Delaware,0,0,0,fbs_vs_fcs_rule,fbs_vs_fcs_rule,fbs_vs_fcs_rule,34.26444855289365,,100.0,0.0,100.0,0.0,0.067059,preseason_2022,spi_rankings_preseason_2022.csv,130,,False,False,American Athletic vs CAA
2022,regular,1,401405062,2022-09-03 16:00:00+00:00,Iowa,South Dakota State,Big Ten,MVFC,False,7,3,fbs,fcs,Iowa,Iowa,Iowa,Iowa,1,1,1,fbs_vs_fcs_rule,fbs_vs_fcs_rule,fbs_vs_fcs_rule,63.44794046523181,,100.0,0.0,100.0,0.0,0.067059,preseason_2022,spi_rankings_preseason_2022.csv,130,,False,False,Big Ten vs MVFC
2022,regular,1,401403865,2022-09-03 16:00:00+00:00,Texas A&M,Sam Houston,SEC,Western Athletic,False,31,0,fbs,fcs,Texas A&M,Texas A&M,Texas A&M,Texas A&M,1,1,1,fbs_vs_fcs_rule,fbs_vs_fcs_rule,fbs_vs_fcs_rule,65.72373394052708,,100.0,0.0,100.0,0.0,0.067059,preseason_2022,spi_rankings_preseason_2022.csv,130,,False,False,SEC vs Western Athletic
2022,regular,1,401411100,2022-09-03 16:30:00+00:00,Virginia,Richmond,ACC,CAA,False,34,17,fbs,fcs,Virginia,Virginia,Virginia,Virginia,1,1,1,fbs_vs_fcs_rule,fbs_vs_fcs_rule,fbs_vs_fcs_rule,54.061782032595886,,100.0,0.0,100.0,0.0,0.067059,preseason_2022,spi_rankings_preseason_2022.csv,130,,False,False,ACC vs CAA
2022,regular,1,401415209,2022-09-03 17:00:00+00:00,Air Force,Northern Iowa,Mountain West,MVFC,False,48,17,fbs,fcs,Air Force,Air Force,Air Force,Air Force,1,1,1,fbs_vs_fcs_rule,fbs_vs_fcs_rule,fbs_vs_fcs_rule,72.61289951062525,,100.0,0.0,100.0,0.0,0.067059,preseason_2022,spi_rankings_preseason_2022.csv,130,,False,False,MVFC vs Mountain West
2022,regular,1,401404057,2022-09-03 18:00:00+00:00,Iowa State,Southeast Missouri State,Big 12,OVC,False,42,10,fbs,fcs,Iowa State,Iowa State,Iowa State,Iowa State,1,1,1,fbs_vs_fcs_rule,fbs_vs_fcs_rule,fbs_vs_fcs_rule,67.2401501860865,,100.0,0.0,100.0,0.0,0.067059,preseason_2022,spi_rankings_preseason_2022.csv,130,,False,False,Big 12 vs OVC
2022,regular,1,401403971,2022-09-03 18:30:00+00:00,UCLA,Bowling Green,Pac-12,Mid-American,False,45,17,fbs,fbs,UCLA,UCLA,UCLA,UCLA,1,1,1,higher_spi_home_field_adjusted,higher_spi,higher_spi_home_field_adjusted,60.67860748636915,25.70249207972657,81.555,18.445,85.275,14.725,0.067059,preseason_2022,spi_rankings_preseason_2022.csv,130,,False,False,Mid-American vs Pac-12
2022,regular,1,401403858,2022-09-03 19:30:00+00:00,Georgia,Oregon,SEC,Pac-12,False,49,3,fbs,fbs,Georgia,Georgia,Georgia,Georgia,1,1,1,higher_spi_home_field_adjusted,higher_spi,higher_spi_home_field_adjusted,100.0,63.86901955031339,82.282,17.718,82.282,17.718,0.067059,preseason_2022,spi_rankings_preseason_2022.csv,130,Chick-fil-A Kickoff,False,False,Pac-12 vs SEC
2022,regular,1,401403855,2022-09-03 19:30:00+00:00,Arkansas,Cincinnati,SEC,American Athletic,False,31,24,fbs,fbs,Cincinnati,Cincinnati,Cincinnati,Arkansas,0,0,0,higher_spi_home_field_adjusted,higher_spi,higher_spi_home_field_adjusted,74.22425422157377,87.08575905568416,36.665,63.335,43.125,56.875,0.067059,preseason_2022,spi_rankings_preseason_2022.csv,130,,False,False,American Athletic vs SEC
2022,regular,1,401405063,2022-09-03 19:30:00+00:00,Nebraska,North Dakota,Big Ten,MVFC,False,38,17,fbs,fcs,Nebraska,Nebraska,Nebraska,Nebraska,1,1,1,fbs_vs_fcs_rule,fbs_vs_fcs_rule,fbs_vs_fcs_rule,53.20940251582126,,100.0,0.0,100.0,0.0,0.067059,preseason_2022,spi_rankings_preseason_2022.csv,130,,False,False,Big Ten vs MVFC
2022,regular,1,401403967,2022-09-03 19:30:00+00:00,San Diego State,Arizona,Mountain West,Pac-12,False,20,38,fbs,fbs,San Diego State,San Diego State,San Diego State,Arizona,0,0,0,higher_spi_home_field_adjusted,higher_spi,higher_spi_home_field_adjusted,71.27649167790881,27.10610915478211,86.729,13.271,89.54,10.46,0.067059,preseason_2022,spi_rankings_preseason_2022.csv,130,,False,False,Mountain West vs Pac-12
2022,regular,1,401426542,2022-09-03 19:30:00+00:00,UTSA,Houston,Conference USA,American Athletic,False,35,37,fbs,fbs,Houston,Houston,Houston,Houston,1,1,1,higher_spi_home_field_adjusted,higher_spi,higher_spi_home_field_adjusted,65.7095101344916,75.93563593473928,39.303,60.697,45.891,54.109,0.067059,preseason_2022,spi_rankings_preseason_2022.csv,130,,False,False,American Athletic vs Conference USA
2022,regular,1,401415211,2022-09-03 19:30:00+00:00,Wyoming,Tulsa,Mountain West,American Athletic,False,40,37,fbs,fbs,Wyoming,Wyoming,Wyoming,Wyoming,1,1,1,higher_spi_home_field_adjusted,higher_spi,higher_spi_home_field_adjusted,50.05888745640301,49.53675485938661,50.555,49.445,57.25,42.75,0.067059,preseason_2022,spi_rankings_preseason_2022.csv,130,,False,False,American Athletic vs Mountain West
2022,regular,1,401426541,2022-09-03 19:30:00+00:00,Oklahoma,UTEP,Big 12,Conference USA,False,45,13,fbs,fbs,Oklahoma,Oklahoma,Oklahoma,Oklahoma,1,1,1,higher_spi_home_field_adjusted,higher_spi,higher_spi_home_field_adjusted,84.08623625263526,40.82336685290253,86.279,13.721,89.173,10.827,0.067059,preseason_2022,spi_rankings_preseason_2022.csv,130,,False,False,Big 12 vs Conference USA
2022,regular,1,401415015,2022-09-03 19:30:00+00:00,Marshall,Norfolk State,Sun Belt,MEAC,False,55,3,fbs,fcs,Marshall,Marshall,Marshall,Marshall,1,1,1,fbs_vs_fcs_rule,fbs_vs_fcs_rule,fbs_vs_fcs_rule,51.13319079962788,,100.0,0.0,100.0,0.0,0.067059,preseason_2022,spi_rankings_preseason_2022.csv,130,,False,False,MEAC vs Sun Belt
2022,regular,1,401411097,2022-09-03 19:30:00+00:00,Miami,Bethune-Cookman,ACC,SWAC,False,70,13,fbs,fcs,Miami,Miami,Miami,Miami,1,1,1,fbs_vs_fcs_rule,fbs_vs_fcs_rule,fbs_vs_fcs_rule,64.90048160206791,,100.0,0.0,100.0,0.0,0.067059,preseason_2022,spi_rankings_preseason_2022.csv,130,,False,False,ACC vs SWAC
2022,regular,1,401415612,2022-09-03 20:00:00+00:00,South Florida,BYU,American Athletic,FBS Independents,False,21,50,fbs,fbs,BYU,BYU,BYU,BYU,1,1,1,higher_spi_home_field_adjusted,higher_spi,higher_spi_home_field_adjusted,24.05859461361918,69.74732513248215,12.545,87.455,15.817,84.183,0.067059,preseason_2022,spi_rankings_preseason_2022.csv,130,,False,False,American Athletic vs FBS Independents
2022,regular,1,401403968,2022-09-03 20:00:00+00:00,California,UC Davis,Pac-12,Big Sky,False,34,13,fbs,fcs,California,California,California,California,1,1,1,fbs_vs_fcs_rule,fbs_vs_fcs_rule,fbs_vs_fcs_rule,38.95203746354829,,100.0,0.0,100.0,0.0,0.067059,preseason_2022,spi_rankings_preseason_2022.csv,130,,False,False,Big Sky vs Pac-12
2022,regular,1,401403860,2022-09-03 20:00:00+00:00,Ole Miss,Troy,SEC,Sun Belt,False,28,10,fbs,fbs,Ole Miss,Ole Miss,Ole Miss,Ole Miss,1,1,1,higher_spi_home_field_adjusted,higher_spi,higher_spi_home_field_adjusted,78.45953231693012,40.2162330102782,83.553,16.447,86.935,13.065,0.067059,preseason_2022,spi_rankings_preseason_2022.csv,130,,False,False,SEC vs Sun Belt
2022,regular,1,401421116,2022-09-03 21:00:00+00:00,South Alabama,Nicholls,Sun Belt,Southland,False,48,7,fbs,fcs,South Alabama,South Alabama,South Alabama,South Alabama,1,1,1,fbs_vs_fcs_rule,fbs_vs_fcs_rule,fbs_vs_fcs_rule,41.521245534811605,,100.0,0.0,100.0,0.0,0.067059,preseason_2022,spi_rankings_preseason_2022.csv,130,,False,False,Southland vs Sun Belt
2022,regular,1,401415212,2022-09-03 21:30:00+00:00,Nevada,Texas State,Mountain West,Sun Belt,False,38,14,fbs,fbs,Nevada,Nevada,Nevada,Nevada,1,1,1,higher_spi_home_field_adjusted,higher_spi,higher_spi_home_field_adjusted,60.937977645990536,32.213774266654895,77.22,22.78,81.617,18.383,0.067059,preseason_2022,spi_rankings_preseason_2022.csv,130,,False,False,Mountain West vs Sun Belt
2022,regular,1,401426540,2022-09-03 22:00:00+00:00,USC,Rice,Pac-12,Conference USA,False,66,14,fbs,fbs,USC,USC,USC,USC,1,1,1,higher_spi_home_field_adjusted,higher_spi,higher_spi_home_field_adjusted,28.89368529229891,26.940216669412436,52.074,47.926,58.732,41.268,0.067059,preseason_2022,spi_rankings_preseason_2022.csv,130,,False,False,Conference USA vs Pac-12
2022,regular,1,401426536,2022-09-03 22:00:00+00:00,Ohio,Florida Atlantic,Mid-American,Conference USA,False,41,38,fbs,fbs,Florida Atlantic,Florida Atlantic,Florida Atlantic,Ohio,0,0,0,higher_spi_home_field_adjusted,higher_spi,higher_spi_home_field_adjusted,21.698944324588727,35.952860409928164,35.302,64.698,41.68,58.32,0.067059,preseason_2022,spi_rankings_preseason_2022.csv,130,,False,False,Conference USA vs Mid-American
2022,regular,1,401426538,2022-09-03 22:00:00+00:00,James Madison,Middle Tennessee,Sun Belt,Conference USA,False,44,7,fbs,fbs,Middle Tennessee,Middle Tennessee,Middle Tennessee,James Madison,0,0,0,fbs_vs_fcs_rule,fbs_vs_fcs_rule,fbs_vs_fcs_rule,,40.448283133391314,0.0,100.0,0.0,100.0,0.067059,preseason_2022,spi_rankings_preseason_2022.csv,130,,False,False,Conference USA vs Sun Belt
2022,regular,1,401420777,2022-09-03 22:00:00+00:00,Georgia Southern,Morgan State,Sun Belt,MEAC,False,59,7,fbs,fcs,Georgia Southern,Georgia Southern,Georgia Southern,Georgia Southern,1,1,1,fbs_vs_fcs_rule,fbs_vs_fcs_rule,fbs_vs_fcs_rule,23.93048023057231,,100.0,0.0,100.0,0.0,0.067059,preseason_2022,spi_rankings_preseason_2022.csv,130,,False,False,MEAC vs Sun Belt
2022,regular,1,401404157,2022-09-03 23:00:00+00:00,Southern Miss,Liberty,Sun Belt,FBS Independents,False,27,29,fbs,fbs,Liberty,Liberty,Liberty,Liberty,1,1,1,higher_spi_home_field_adjusted,higher_spi,higher_spi_home_field_adjusted,19.048624785899428,61.54146825144456,14.113,85.887,17.711,82.289,0.067059,preseason_2022,spi_rankings_preseason_2022.csv,130,,False,False,FBS Independents vs Sun Belt
2022,regular,1,401405065,2022-09-03 23:00:00+00:00,Wisconsin,Illinois State,Big Ten,MVFC,False,38,0,fbs,fcs,Wisconsin,Wisconsin,Wisconsin,Wisconsin,1,1,1,fbs_vs_fcs_rule,fbs_vs_fcs_rule,fbs_vs_fcs_rule,66.56282600126504,,100.0,0.0,100.0,0.0,0.067059,preseason_2022,spi_rankings_preseason_2022.csv,130,,False,False,Big Ten vs MVFC
2022,regular,1,401421121,2022-09-03 23:00:00+00:00,Louisiana,SE Louisiana,Sun Belt,Southland,False,24,7,fbs,fcs,Louisiana,Louisiana,Louisiana,Louisiana,1,1,1,fbs_vs_fcs_rule,fbs_vs_fcs_rule,fbs_vs_fcs_rule,79.76584789005423,,100.0,0.0,100.0,0.0,0.067059,preseason_2022,spi_rankings_preseason_2022.csv,130,,False,False,Southland vs Sun Belt
2022,regular,1,401403866,2022-09-03 23:00:00+00:00,Vanderbilt,Elon,SEC,CAA,False,42,31,fbs,fcs,Vanderbilt,Vanderbilt,Vanderbilt,Vanderbilt,1,1,1,fbs_vs_fcs_rule,fbs_vs_fcs_rule,fbs_vs_fcs_rule,22.535686314958728,,100.0,0.0,100.0,0.0,0.067059,preseason_2022,spi_rankings_preseason_2022.csv,130,,False,False,CAA vs SEC
2022,regular,1,401424416,2022-09-03 23:00:00+00:00,Baylor,UAlbany,Big 12,CAA,False,69,10,fbs,fcs,Baylor,Baylor,Baylor,Baylor,1,1,1,fbs_vs_fcs_rule,fbs_vs_fcs_rule,fbs_vs_fcs_rule,88.45044414933874,,100.0,0.0,100.0,0.0,0.067059,preseason_2022,spi_rankings_preseason_2022.csv,130,,False,False,Big 12 vs CAA
2022,regular,1,401404134,2022-09-03 23:00:00+00:00,Coastal Carolina,Army,Sun Belt,FBS Independents,False,38,28,fbs,fbs,Coastal Carolina,Coastal Carolina,Coastal Carolina,Coastal Carolina,1,1,1,higher_spi_home_field_adjusted,higher_spi,higher_spi_home_field_adjusted,76.54270624835287,67.24533014344085,59.752,40.248,66.038,33.962,0.067059,preseason_2022,spi_rankings_preseason_2022.csv,130,,False,False,FBS Independents vs Sun Belt
2022,regular,1,401425418,2022-09-03 23:00:00+00:00,Arkansas State,Grambling,Sun Belt,SWAC,False,58,3,fbs,fcs,Arkansas State,Arkansas State,Arkansas State,Arkansas State,1,1,1,fbs_vs_fcs_rule,fbs_vs_fcs_rule,fbs_vs_fcs_rule,18.02982101137717,,100.0,0.0,100.0,0.0,0.067059,preseason_2022,spi_rankings_preseason_2022.csv,130,,False,False,SWAC vs Sun Belt
2022,regular,1,401403857,2022-09-03 23:00:00+00:00,Florida,Utah,SEC,Pac-12,False,29,26,fbs,fbs,Utah,Utah,Utah,Florida,0,0,0,higher_spi_home_field_adjusted,higher_spi,higher_spi_home_field_adjusted,58.08289245078024,64.69270190597891,43.023,56.977,49.724,50.276,0.067059,preseason_2022,spi_rankings_preseason_2022.csv,130,,False,False,Pac-12 vs SEC
2022,regular,1,401404056,2022-09-03 23:00:00+00:00,Kansas State,South Dakota,Big 12,MVFC,False,34,0,fbs,fcs,Kansas State,Kansas State,Kansas State,Kansas State,1,1,1,fbs_vs_fcs_rule,fbs_vs_fcs_rule,fbs_vs_fcs_rule,67.95212203680026,,100.0,0.0,100.0,0.0,0.067059,preseason_2022,spi_rankings_preseason_2022.csv,130,,False,False,Big 12 vs MVFC
2022,regular,1,401403859,2022-09-03 23:00:00+00:00,Kentucky,Miami (OH),SEC,Mid-American,False,37,13,fbs,fbs,Kentucky,Kentucky,Kentucky,Kentucky,1,1,1,higher_spi_home_field_adjusted,higher_spi,higher_spi_home_field_adjusted,75.51107243736881,65.86171585747537,60.111,39.889,66.373,33.627,0.067059,preseason_2022,spi_rankings_preseason_2022.csv,130,,False,False,Mid-American vs SEC
2022,regular,1,401414778,2022-09-03 23:00:00+00:00,Tulane,Massachusetts,American Athletic,FBS Independents,False,42,10,fbs,fbs,Massachusetts,Massachusetts,Massachusetts,Tulane,0,0,0,higher_spi_home_field_adjusted,higher_spi,higher_spi_home_field_adjusted,34.42797924088471,46.34068915270373,37.606,62.394,44.117,55.883,0.067059,preseason_2022,spi_rankings_preseason_2022.csv,130,,False,False,American Athletic vs FBS Independents
2022,regular,1,401403856,2022-09-03 23:00:00+00:00,Auburn,Mercer,SEC,Southern,False,42,16,fbs,fcs,Auburn,Auburn,Auburn,Auburn,1,1,1,fbs_vs_fcs_rule,fbs_vs_fcs_rule,fbs_vs_fcs_rule,56.21133694478529,,100.0,0.0,100.0,0.0,0.067059,preseason_2022,spi_rankings_preseason_2022.csv,130,,False,False,SEC vs Southern
2022,regular,1,401404124,2022-09-03 23:30:00+00:00,Ohio State,Notre Dame,Big Ten,FBS Independents,False,21,10,fbs,fbs,Ohio State,Ohio State,Ohio State,Ohio State,1,1,1,higher_spi_home_field_adjusted,higher_spi,higher_spi_home_field_adjusted,86.20210430674224,80.64692305454719,55.875,44.125,62.386,37.614,0.067059,preseason_2022,spi_rankings_preseason_2022.csv,130,,False,False,Big Ten vs FBS Independents
2022,regular,1,401403861,2022-09-03 23:30:00+00:00,Mississippi State,Memphis,SEC,American Athletic,False,49,23,fbs,fbs,Mississippi State,Memphis,Mississippi State,Mississippi State,1,0,1,higher_spi_home_field_adjusted,higher_spi,higher_spi_home_field_adjusted,60.69488029755787,62.16718175593415,48.436,51.564,55.164,44.836,0.067059,preseason_2022,spi_rankings_preseason_2022.csv,130,,False,False,American Athletic vs SEC
2022,regular,1,401403854,2022-09-03 23:30:00+00:00,Alabama,Utah State,SEC,Mountain West,False,55,0,fbs,fbs,Alabama,Alabama,Alabama,Alabama,1,1,1,higher_spi_home_field_adjusted,higher_spi,higher_spi_home_field_adjusted,93.54672910334212,67.87662857276459,74.857,25.143,79.59,20.41,0.067059,preseason_2022,spi_rankings_preseason_2022.csv,130,,False,False,Mountain West vs SEC
2022,regular,1,401403863,2022-09-03 23:30:00+00:00,South Carolina,Georgia State,SEC,Sun Belt,False,35,14,fbs,fbs,South Carolina,Georgia State,South Carolina,South Carolina,1,0,1,higher_spi_home_field_adjusted,higher_spi,higher_spi_home_field_adjusted,53.79822173505353,53.95702754041518,49.831,50.169,56.54,43.46,0.067059,preseason_2022,spi_rankings_preseason_2022.csv,130,,False,False,SEC vs Sun Belt
2022,regular,1,401426539,2022-09-03 23:30:00+00:00,North Texas,SMU,Conference USA,American Athletic,False,10,48,fbs,fbs,SMU,SMU,SMU,SMU,1,1,1,higher_spi_home_field_adjusted,higher_spi,higher_spi_home_field_adjusted,37.572805784145714,64.23501045848302,24.358,75.642,29.665,70.335,0.067059,preseason_2022,spi_rankings_preseason_2022.csv,130,,False,False,American Athletic vs Conference USA
2022,regular,1,401403970,2022-09-04 00:00:00+00:00,Stanford,Colgate,Pac-12,Patriot,False,41,10,fbs,fcs,Stanford,Stanford,Stanford,Stanford,1,1,1,fbs_vs_fcs_rule,fbs_vs_fcs_rule,fbs_vs_fcs_rule,24.15136626247087,,100.0,0.0,100.0,0.0,0.067059,preseason_2022,spi_rankings_preseason_2022.csv,130,,False,False,Pac-12 vs Patriot
2022,regular,1,401411099,2022-09-04 00:00:00+00:00,Syracuse,Louisville,ACC,ACC,True,31,7,fbs,fbs,Louisville,Louisville,Louisville,Syracuse,0,0,0,higher_spi_home_field_adjusted,higher_spi,higher_spi_home_field_adjusted,50.60107657749451,57.15693411319709,43.079,56.921,49.781,50.219,0.067059,preseason_2022,spi_rankings_preseason_2022.csv,130,,False,False,ACC vs ACC
2022,regular,1,401404059,2022-09-04 00:00:00+00:00,Texas,UL Monroe,Big 12,Sun Belt,False,52,10,fbs,fbs,Texas,Texas,Texas,Texas,1,1,1,higher_spi_home_field_adjusted,higher_spi,higher_spi_home_field_adjusted,59.34604134557677,32.07964967509043,76.112,23.888,80.67,19.33,0.067059,preseason_2022,spi_rankings_preseason_2022.csv,130,,False,False,Big 12 vs Sun Belt
2022,regular,1,401404055,2022-09-04 00:00:00+00:00,Texas Tech,Murray State,Big 12,OVC,False,63,10,fbs,fcs,Texas Tech,Texas Tech,Texas Tech,Texas Tech,1,1,1,fbs_vs_fcs_rule,fbs_vs_fcs_rule,fbs_vs_fcs_rule,61.8623909372625,,100.0,0.0,100.0,0.0,0.067059,preseason_2022,spi_rankings_preseason_2022.csv,130,,False,False,Big 12 vs OVC
2022,regular,1,401415210,2022-09-04 00:00:00+00:00,New Mexico,Maine,Mountain West,CAA,False,41,0,fbs,fcs,New Mexico,New Mexico,New Mexico,New Mexico,1,1,1,fbs_vs_fcs_rule,fbs_vs_fcs_rule,fbs_vs_fcs_rule,25.24419503543392,,100.0,0.0,100.0,0.0,0.067059,preseason_2022,spi_rankings_preseason_2022.csv,130,,False,False,CAA vs Mountain West
2022,regular,1,401403974,2022-09-04 01:30:00+00:00,Washington State,Idaho,Pac-12,Big Sky,False,24,17,fbs,fcs,Washington State,Washington State,Washington State,Washington State,1,1,1,fbs_vs_fcs_rule,fbs_vs_fcs_rule,fbs_vs_fcs_rule,47.79820823981177,,100.0,0.0,100.0,0.0,0.067059,preseason_2022,spi_rankings_preseason_2022.csv,130,,False,False,Big Sky vs Pac-12
2022,regular,1,401403973,2022-09-04 02:30:00+00:00,Washington,Kent State,Pac-12,Mid-American,False,45,20,fbs,fbs,Washington,Kent State,Washington,Washington,1,0,1,higher_spi_home_field_adjusted,higher_spi,higher_spi_home_field_adjusted,34.64915039876899,40.46034283276862,43.857,56.143,50.572,49.428,0.067059,preseason_2022,spi_rankings_preseason_2022.csv,130,,False,False,Mid-American vs Pac-12
2022,regular,1,401403969,2022-09-04 02:30:00+00:00,Oregon State,Boise State,Pac-12,Mountain West,False,34,17,fbs,fbs,Boise State,Boise State,Boise State,Oregon State,0,0,0,higher_spi_home_field_adjusted,higher_spi,higher_spi_home_field_adjusted,51.61994460981659,60.93771645979883,40.227,59.773,46.851,53.149,0.067059,preseason_2022,spi_rankings_preseason_2022.csv,130,,False,False,Mountain West vs Pac-12
2022,regular,1,401426543,2022-09-04 03:59:00+00:00,Hawai'i,Western Kentucky,Mountain West,Conference USA,False,17,49,fbs,fbs,Western Kentucky,Western Kentucky,Western Kentucky,Western Kentucky,1,1,1,higher_spi_home_field_adjusted,higher_spi,higher_spi_home_field_adjusted,43.56671765334471,57.48391347017614,35.63,64.37,42.028,57.972,0.067059,preseason_2022,spi_rankings_preseason_2022.csv,130,,False,False,Conference USA vs Mountain West
2022,regular,1,401403867,2022-09-04 23:30:00+00:00,Florida State,LSU,ACC,SEC,False,24,23,fbs,fbs,LSU,LSU,LSU,Florida State,0,0,0,higher_spi_home_field_adjusted,higher_spi,higher_spi_home_field_adjusted,49.26404921497852,53.69868237354963,45.302,54.698,45.302,54.698,0.067059,preseason_2022,spi_rankings_preseason_2022.csv,130,Allstate Louisiana Kickoff,False,False,ACC vs SEC
2022,regular,1,401411101,2022-09-06 00:00:00+00:00,Georgia Tech,Clemson,ACC,ACC,True,10,41,fbs,fbs,Clemson,Clemson,Clemson,Clemson,1,1,1,higher_spi_home_field_adjusted,higher_spi,higher_spi_home_field_adjusted,33.91489203433397,76.35099127260186,14.142,85.858,14.142,85.858,0.067059,preseason_2022,spi_rankings_preseason_2022.csv,130,Chick-fil-A Kickoff,False,False,ACC vs ACC
2022,regular,2,401415613,2022-09-09 23:30:00+00:00,UCF,Louisville,American Athletic,ACC,False,14,20,fbs,fbs,UCF,UCF,UCF,Louisville,0,0,0,higher_spi_home_field_adjusted,higher_spi,higher_spi_home_field_adjusted,78.33333333333333,56.01662887377172,72.081,27.919,77.177,22.823,0.067059,2022_w1,spi_rankings_2022_w1.csv,131,,False,False,ACC vs American Athletic
2022,regular,2,401415214,2022-09-10 01:00:00+00:00,New Mexico,Boise State,Mountain West,Mountain West,True,14,31,fbs,fbs,New Mexico,New Mexico,New Mexico,Boise State,0,0,0,higher_spi_home_field_adjusted,higher_spi,higher_spi_home_field_adjusted,86.66666666666667,41.13095238095239,87.383,12.617,90.071,9.929,0.067059,2022_w1,spi_rankings_2022_w1.csv,131,,False,False,Mountain West vs Mountain West
2022,regular,2,401405073,2022-09-10 16:00:00+00:00,Northwestern,Duke,Big Ten,ACC,False,23,31,fbs,fbs,Duke,Duke,Duke,Duke,1,1,1,higher_spi_home_field_adjusted,higher_spi,higher_spi_home_field_adjusted,73.73771730914588,86.05820105820105,37.201,62.799,43.69,56.31,0.067059,2022_w1,spi_rankings_2022_w1.csv,131,,False,False,ACC vs Big Ten
2022,regular,2,401411103,2022-09-10 16:00:00+00:00,Georgia State,North Carolina,Sun Belt,ACC,False,28,35,fbs,fbs,North Carolina,North Carolina,North Carolina,North Carolina,1,1,1,higher_spi_home_field_adjusted,higher_spi,higher_spi_home_field_adjusted,46.47014361300076,78.57520786092213,20.352,79.648,25.075,74.925,0.067059,2022_w1,spi_rankings_2022_w1.csv,131,,False,False,ACC vs Sun Belt
2022,regular,2,401426553,2022-09-10 16:00:00+00:00,Army,UTSA,FBS Independents,Conference USA,False,38,41,fbs,fbs,Army,UTSA,Army,UTSA,0,1,0,higher_spi_home_field_adjusted,higher_spi,higher_spi_home_field_adjusted,46.63643235071808,52.063492063492056,44.259,55.741,50.98,49.02,0.067059,2022_w1,spi_rankings_2022_w1.csv,131,,False,False,Conference USA vs FBS Independents
2022,regular,2,401405079,2022-09-10 16:00:00+00:00,Ohio State,Arkansas State,Big Ten,Sun Belt,False,45,12,fbs,fbs,Ohio State,Arkansas State,Ohio State,Ohio State,1,0,1,higher_spi_home_field_adjusted,higher_spi,higher_spi_home_field_adjusted,76.3416477702192,80.0,46.121,53.879,52.856,47.144,0.067059,2022_w1,spi_rankings_2022_w1.csv,131,,False,False,Big Ten vs Sun Belt
2022,regular,2,401411105,2022-09-10 16:00:00+00:00,Miami,Southern Miss,ACC,Sun Belt,False,30,7,fbs,fbs,Miami,Miami,Miami,Miami,1,1,1,higher_spi_home_field_adjusted,higher_spi,higher_spi_home_field_adjusted,80.37037037037038,48.11791383219954,79.75,20.25,83.762,16.238,0.067059,2022_w1,spi_rankings_2022_w1.csv,131,,False,False,ACC vs Sun Belt
2022,regular,2,401403868,2022-09-10 16:00:00+00:00,Texas,Alabama,Big 12,SEC,False,19,20,fbs,fbs,Alabama,Alabama,Alabama,Alabama,1,1,1,higher_spi_home_field_adjusted,higher_spi,higher_spi_home_field_adjusted,78.52796674225246,93.8425925925926,34.279,65.721,40.588,59.412,0.067059,2022_w1,spi_rankings_2022_w1.csv,131,,False,False,Big 12 vs SEC
2022,regular,2,401403879,2022-09-10 16:00:00+00:00,Vanderbilt,Wake Forest,SEC,ACC,False,25,45,fbs,fbs,Vanderbilt,Vanderbilt,Vanderbilt,Wake Forest,0,0,0,higher_spi_home_field_adjusted,higher_spi,higher_spi_home_field_adjusted,78.79629629629629,76.11111111111111,52.85,47.15,59.483,40.517,0.067059,2022_w1,spi_rankings_2022_w1.csv,131,,False,False,ACC vs SEC
2022,regular,2,401405080,2022-09-10 16:00:00+00:00,Penn State,Ohio,Big Ten,Mid-American,False,46,10,fbs,fbs,Penn State,Ohio,Penn State,Penn State,1,0,1,higher_spi_home_field_adjusted,higher_spi,higher_spi_home_field_adjusted,72.23922902494331,72.98941798941799,49.203,50.797,55.922,44.078,0.067059,2022_w1,spi_rankings_2022_w1.csv,131,,False,False,Big Ten vs Mid-American
2022,regular,2,401405071,2022-09-10 16:00:00+00:00,Minnesota,Western Illinois,Big Ten,MVFC,False,62,10,fbs,fcs,Minnesota,Minnesota,Minnesota,Minnesota,1,1,1,fbs_vs_fcs_rule,fbs_vs_fcs_rule,fbs_vs_fcs_rule,89.10430839002265,,100.0,0.0,100.0,0.0,0.067059,2022_w1,spi_rankings_2022_w1.csv,131,,False,False,Big Ten vs MVFC
2022,regular,2,401403876,2022-09-10 16:00:00+00:00,Kansas State,Missouri,Big 12,SEC,False,40,12,fbs,fbs,Kansas State,Kansas State,Kansas State,Kansas State,1,1,1,higher_spi_home_field_adjusted,higher_spi,higher_spi_home_field_adjusted,85.37037037037037,76.19047619047619,59.632,40.368,65.926,34.074,0.067059,2022_w1,spi_rankings_2022_w1.csv,131,,False,False,Big 12 vs SEC
2022,regular,2,401403869,2022-09-10 16:00:00+00:00,Arkansas,South Carolina,SEC,SEC,True,44,30,fbs,fbs,Arkansas,Arkansas,Arkansas,Arkansas,1,1,1,higher_spi_home_field_adjusted,higher_spi,higher_spi_home_field_adjusted,78.25396825396825,76.50982615268329,51.852,48.148,58.516,41.484,0.067059,2022_w1,spi_rankings_2022_w1.csv,131,,False,False,SEC vs SEC
2022,regular,2,401411106,2022-09-10 16:30:00+00:00,NC State,Charleston Southern,ACC,Big South,False,55,3,fbs,fcs,NC State,NC State,NC State,NC State,1,1,1,fbs_vs_fcs_rule,fbs_vs_fcs_rule,fbs_vs_fcs_rule,80.0,,100.0,0.0,100.0,0.0,0.067059,2022_w1,spi_rankings_2022_w1.csv,131,,False,False,ACC vs Big South
2022,regular,2,401416597,2022-09-10 17:00:00+00:00,Central Michigan,South Alabama,Mid-American,Sun Belt,False,24,38,fbs,fbs,South Alabama,South Alabama,South Alabama,South Alabama,1,1,1,higher_spi_home_field_adjusted,higher_spi,higher_spi_home_field_adjusted,44.17460317460317,77.40740740740742,19.586,80.414,24.186,75.814,0.067059,2022_w1,spi_rankings_2022_w1.csv,131,,False,False,Mid-American vs Sun Belt
2022,regular,2,401403982,2022-09-10 17:30:00+00:00,Utah,Southern Utah,Pac-12,Western Athletic,False,73,7,fbs,fcs,Utah,Utah,Utah,Utah,1,1,1,fbs_vs_fcs_rule,fbs_vs_fcs_rule,fbs_vs_fcs_rule,44.1912320483749,,100.0,0.0,100.0,0.0,0.067059,2022_w1,spi_rankings_2022_w1.csv,131,,False,False,Pac-12 vs Western Athletic
2022,regular,2,401416594,2022-09-10 18:00:00+00:00,Ball State,Western Michigan,Mid-American,Mid-American,True,30,37,fbs,fbs,Ball State,Ball State,Ball State,Western Michigan,0,0,0,higher_spi_home_field_adjusted,higher_spi,higher_spi_home_field_adjusted,56.25094482237338,50.40060468631897,56.184,43.816,62.68,37.32,0.067059,2022_w1,spi_rankings_2022_w1.csv,131,,False,False,Mid-American vs Mid-American
2022,regular,2,401415614,2022-09-10 18:00:00+00:00,Temple,Lafayette,American Athletic,Patriot,False,30,14,fbs,fcs,Temple,Temple,Temple,Temple,1,1,1,fbs_vs_fcs_rule,fbs_vs_fcs_rule,fbs_vs_fcs_rule,41.156462585034014,,100.0,0.0,100.0,0.0,0.067059,2022_w1,spi_rankings_2022_w1.csv,131,,False,False,American Athletic vs Patriot
2022,regular,2,401404125,2022-09-10 18:30:00+00:00,Notre Dame,Marshall,FBS Independents,Sun Belt,False,21,26,fbs,fbs,Marshall,Marshall,Marshall,Marshall,1,1,1,higher_spi_home_field_adjusted,higher_spi,higher_spi_home_field_adjusted,49.07029478458049,79.44444444444446,21.57,78.43,26.482,73.518,0.067059,2022_w1,spi_rankings_2022_w1.csv,131,,False,False,FBS Independents vs Sun Belt
2022,regular,2,401415619,2022-09-10 19:30:00+00:00,Cincinnati,Kennesaw State,American Athletic,Atlantic Sun,False,63,10,fbs,fcs,Cincinnati,Cincinnati,Cincinnati,Cincinnati,1,1,1,fbs_vs_fcs_rule,fbs_vs_fcs_rule,fbs_vs_fcs_rule,45.32123960695389,,100.0,0.0,100.0,0.0,0.067059,2022_w1,spi_rankings_2022_w1.csv,131,,False,False,American Athletic vs Atlantic Sun
2022,regular,2,401403977,2022-09-10 19:30:00+00:00,Air Force,Colorado,Mountain West,Pac-12,False,41,10,fbs,fbs,Air Force,Air Force,Air Force,Air Force,1,1,1,higher_spi_home_field_adjusted,higher_spi,higher_spi_home_field_adjusted,75.55555555555556,45.01851851851852,78.547,21.453,82.745,17.255,0.067059,2022_w1,spi_rankings_2022_w1.csv,131,,False,False,Mountain West vs Pac-12
2022,regular,2,401426545,2022-09-10 19:30:00+00:00,Charlotte,Maryland,Conference USA,Big Ten,False,21,56,fbs,fbs,Maryland,Maryland,Maryland,Maryland,1,1,1,higher_spi_home_field_adjusted,higher_spi,higher_spi_home_field_adjusted,10.462962962962962,76.32275132275132,5.738,94.262,7.384,92.616,0.067059,2022_w1,spi_rankings_2022_w1.csv,131,,False,False,Big Ten vs Conference USA
2022,regular,2,401411102,2022-09-10 19:30:00+00:00,Clemson,Furman,ACC,Southern,False,35,12,fbs,fcs,Clemson,Clemson,Clemson,Clemson,1,1,1,fbs_vs_fcs_rule,fbs_vs_fcs_rule,fbs_vs_fcs_rule,77.05215419501134,,100.0,0.0,100.0,0.0,0.067059,2022_w1,spi_rankings_2022_w1.csv,131,,False,False,ACC vs Southern
2022,regular,2,401415617,2022-09-10 19:30:00+00:00,Navy,Memphis,American Athletic,American Athletic,True,13,37,fbs,fbs,Memphis,Memphis,Memphis,Memphis,1,1,1,higher_spi_home_field_adjusted,higher_spi,higher_spi_home_field_adjusted,39.7089947089947,51.156462585034014,38.071,61.929,44.605,55.395,0.067059,2022_w1,spi_rankings_2022_w1.csv,131,,False,False,American Athletic vs American Athletic
2022,regular,2,401403878,2022-09-10 19:30:00+00:00,Texas A&M,App State,SEC,Sun Belt,False,14,17,fbs,fbs,Texas A&M,Texas A&M,Texas A&M,App State,0,0,0,higher_spi_home_field_adjusted,higher_spi,higher_spi_home_field_adjusted,84.81481481481481,52.60770975056689,79.719,20.281,83.735,16.265,0.067059,2022_w1,spi_rankings_2022_w1.csv,131,,False,False,SEC vs Sun Belt
2022,regular,2,401403877,2022-09-10 19:30:00+00:00,Pittsburgh,Tennessee,ACC,SEC,False,27,34,fbs,fbs,Pittsburgh,Tennessee,Pittsburgh,Tennessee,0,1,0,higher_spi_home_field_adjusted,higher_spi,higher_spi_home_field_adjusted,73.9920634920635,79.32539682539684,44.357,55.643,51.08,48.92,0.067059,2022_w1,spi_rankings_2022_w1.csv,131,,False,False,ACC vs SEC
2022,regular,2,401403984,2022-09-10 19:30:00+00:00,Wisconsin,Washington State,Big Ten,Pac-12,False,14,17,fbs,fbs,Wisconsin,Wisconsin,Wisconsin,Washington State,0,0,0,higher_spi_home_field_adjusted,higher_spi,higher_spi_home_field_adjusted,86.11111111111111,71.11111111111111,65.419,34.581,71.246,28.754,0.067059,2022_w1,spi_rankings_2022_w1.csv,131,,False,False,Big Ten vs Pac-12
2022,regular,2,401405081,2022-09-10 20:00:00+00:00,Rutgers,Wagner,Big Ten,NEC,False,66,7,fbs,fcs,Rutgers,Rutgers,Rutgers,Rutgers,1,1,1,fbs_vs_fcs_rule,fbs_vs_fcs_rule,fbs_vs_fcs_rule,75.98639455782313,,100.0,0.0,100.0,0.0,0.067059,2022_w1,spi_rankings_2022_w1.csv,131,,False,False,Big Ten vs NEC
2022,regular,2,401416595,2022-09-10 20:00:00+00:00,Bowling Green,Eastern Kentucky,Mid-American,Atlantic Sun,False,57,59,fbs,fcs,Bowling Green,Bowling Green,Bowling Green,Eastern Kentucky,0,0,0,fbs_vs_fcs_rule,fbs_vs_fcs_rule,fbs_vs_fcs_rule,41.71296296296296,,100.0,0.0,100.0,0.0,0.067059,2022_w1,spi_rankings_2022_w1.csv,131,,False,False,Atlantic Sun vs Mid-American
2022,regular,2,401404064,2022-09-10 20:00:00+00:00,Iowa,Iowa State,Big Ten,Big 12,False,7,10,fbs,fbs,Iowa,Iowa State,Iowa,Iowa State,0,1,0,higher_spi_home_field_adjusted,higher_spi,higher_spi_home_field_adjusted,70.55555555555556,75.74074074074075,44.513,55.487,51.237,48.763,0.067059,2022_w1,spi_rankings_2022_w1.csv,131,,False,False,Big 12 vs Big Ten
2022,regular,2,401405078,2022-09-10 20:00:00+00:00,Michigan State,Akron,Big Ten,Mid-American,False,52,0,fbs,fbs,Michigan State,Michigan State,Michigan State,Michigan State,1,1,1,higher_spi_home_field_adjusted,higher_spi,higher_spi_home_field_adjusted,76.07142857142857,71.11111111111111,55.251,44.749,61.791,38.209,0.067059,2022_w1,spi_rankings_2022_w1.csv,131,,False,False,Big Ten vs Mid-American
2022,regular,2,401426548,2022-09-10 20:00:00+00:00,Colorado State,Middle Tennessee,Mountain West,Conference USA,False,19,34,fbs,fbs,Colorado State,Colorado State,Colorado State,Middle Tennessee,0,0,0,higher_spi_home_field_adjusted,higher_spi,higher_spi_home_field_adjusted,51.37755102040815,47.24867724867725,54.376,45.624,60.953,39.047,0.067059,2022_w1,spi_rankings_2022_w1.csv,131,,False,False,Conference USA vs Mountain West
2022,regular,2,401420788,2022-09-10 20:00:00+00:00,James Madison,Norfolk State,Sun Belt,MEAC,False,63,7,fbs,fcs,James Madison,James Madison,James Madison,James Madison,1,1,1,fbs_vs_fcs_rule,fbs_vs_fcs_rule,fbs_vs_fcs_rule,77.61904761904762,,100.0,0.0,100.0,0.0,0.067059,2022_w1,spi_rankings_2022_w1.csv,131,,False,False,MEAC vs Sun Belt
2022,regular,2,401403872,2022-09-10 20:00:00+00:00,Georgia,Samford,SEC,Southern,False,33,0,fbs,fcs,Georgia,Georgia,Georgia,Georgia,1,1,1,fbs_vs_fcs_rule,fbs_vs_fcs_rule,fbs_vs_fcs_rule,78.98809523809524,,100.0,0.0,100.0,0.0,0.067059,2022_w1,spi_rankings_2022_w1.csv,131,,False,False,SEC vs Southern
2022,regular,2,401404063,2022-09-10 20:00:00+00:00,Texas Tech,Houston,Big 12,American Athletic,False,33,30,fbs,fbs,Texas Tech,Texas Tech,Texas Tech,Texas Tech,1,1,1,higher_spi_home_field_adjusted,higher_spi,higher_spi_home_field_adjusted,79.62962962962963,71.6137566137566,58.435,41.565,64.806,35.194,0.067059,2022_w1,spi_rankings_2022_w1.csv,131,,False,False,American Athletic vs Big 12
2022,regular,2,401405070,2022-09-10 20:00:00+00:00,Illinois,Virginia,Big Ten,ACC,False,24,3,fbs,fbs,Illinois,Illinois,Illinois,Illinois,1,1,1,higher_spi_home_field_adjusted,higher_spi,higher_spi_home_field_adjusted,73.0612244897959,72.96296296296296,50.104,49.896,56.808,43.192,0.067059,2022_w1,spi_rankings_2022_w1.csv,131,,False,False,ACC vs Big Ten
2022,regular,2,401403976,2022-09-10 20:00:00+00:00,California,UNLV,Pac-12,Mountain West,False,20,14,fbs,fbs,California,UNLV,California,California,1,0,1,higher_spi_home_field_adjusted,higher_spi,higher_spi_home_field_adjusted,73.70370370370371,75.55555555555556,48.033,51.967,54.764,45.236,0.067059,2022_w1,spi_rankings_2022_w1.csv,131,,False,False,Mountain West vs Pac-12
2022,regular,2,401405074,2022-09-10 20:00:00+00:00,Purdue,Indiana State,Big Ten,MVFC,False,56,0,fbs,fcs,Purdue,Purdue,Purdue,Purdue,1,1,1,fbs_vs_fcs_rule,fbs_vs_fcs_rule,fbs_vs_fcs_rule,63.83597883597884,,100.0,0.0,100.0,0.0,0.067059,2022_w1,spi_rankings_2022_w1.csv,131,,False,False,Big Ten vs MVFC
2022,regular,2,401415177,2022-09-10 20:00:00+00:00,Wyoming,Northern Colorado,Mountain West,Big Sky,False,33,10,fbs,fcs,Wyoming,Wyoming,Wyoming,Wyoming,1,1,1,fbs_vs_fcs_rule,fbs_vs_fcs_rule,fbs_vs_fcs_rule,51.942554799697646,,100.0,0.0,100.0,0.0,0.067059,2022_w1,spi_rankings_2022_w1.csv,131,,False,False,Big Sky vs Mountain West
2022,regular,2,401403983,2022-09-10 20:00:00+00:00,Washington,Portland State,Pac-12,Big Sky,False,52,6,fbs,fcs,Washington,Washington,Washington,Washington,1,1,1,fbs_vs_fcs_rule,fbs_vs_fcs_rule,fbs_vs_fcs_rule,75.75396825396825,,100.0,0.0,100.0,0.0,0.067059,2022_w1,spi_rankings_2022_w1.csv,131,,False,False,Big Sky vs Pac-12
2022,regular,2,401403981,2022-09-10 21:00:00+00:00,UCLA,Alabama State,Pac-12,SWAC,False,45,7,fbs,fcs,UCLA,UCLA,UCLA,UCLA,1,1,1,fbs_vs_fcs_rule,fbs_vs_fcs_rule,fbs_vs_fcs_rule,75.87301587301587,,100.0,0.0,100.0,0.0,0.067059,2022_w1,spi_rankings_2022_w1.csv,131,,False,False,Pac-12 vs SWAC
2022,regular,2,401415216,2022-09-10 21:30:00+00:00,Nevada,Incarnate Word,Mountain West,Southland,False,41,55,fbs,fcs,Nevada,Nevada,Nevada,Incarnate Word,0,0,0,fbs_vs_fcs_rule,fbs_vs_fcs_rule,fbs_vs_fcs_rule,77.91950113378685,,100.0,0.0,100.0,0.0,0.067059,2022_w1,spi_rankings_2022_w1.csv,131,,False,False,Mountain West vs Southland
2022,regular,2,401416596,2022-09-10 22:00:00+00:00,Buffalo,Holy Cross,Mid-American,Patriot,False,31,37,fbs,fcs,Buffalo,Buffalo,Buffalo,Holy Cross,0,0,0,fbs_vs_fcs_rule,fbs_vs_fcs_rule,fbs_vs_fcs_rule,48.902116402116405,,100.0,0.0,100.0,0.0,0.067059,2022_w1,spi_rankings_2022_w1.csv,131,,False,False,Mid-American vs Patriot
2022,regular,2,401404065,2022-09-10 22:00:00+00:00,West Virginia,Kansas,Big 12,Big 12,True,42,55,fbs,fbs,Kansas,Kansas,Kansas,Kansas,1,1,1,higher_spi_home_field_adjusted,higher_spi,higher_spi_home_field_adjusted,48.68858654572941,78.33333333333333,22.099,77.901,27.09,72.91,0.067059,2022_w1,spi_rankings_2022_w1.csv,131,,False,False,Big 12 vs Big 12
2022,regular,2,401426551,2022-09-10 22:00:00+00:00,Liberty,UAB,FBS Independents,Conference USA,False,21,14,fbs,fbs,UAB,UAB,UAB,Liberty,0,0,0,higher_spi_home_field_adjusted,higher_spi,higher_spi_home_field_adjusted,74.86205593348451,90.0,34.449,65.551,40.77,59.23,0.067059,2022_w1,spi_rankings_2022_w1.csv,131,,False,False,Conference USA vs FBS Independents
2022,regular,2,401415024,2022-09-10 22:00:00+00:00,East Carolina,Old Dominion,American Athletic,Sun Belt,False,39,21,fbs,fbs,Old Dominion,Old Dominion,Old Dominion,East Carolina,0,0,0,higher_spi_home_field_adjusted,higher_spi,higher_spi_home_field_adjusted,48.30309901738473,74.86016628873772,24.441,75.559,29.759,70.241,0.067059,2022_w1,spi_rankings_2022_w1.csv,131,,False,False,American Athletic vs Sun Belt
2022,regular,2,401416599,2022-09-10 22:00:00+00:00,Miami (OH),Robert Morris,Mid-American,Big South,False,31,14,fbs,fcs,Miami (OH),Miami (OH),Miami (OH),Miami (OH),1,1,1,fbs_vs_fcs_rule,fbs_vs_fcs_rule,fbs_vs_fcs_rule,47.78533635676492,,100.0,0.0,100.0,0.0,0.067059,2022_w1,spi_rankings_2022_w1.csv,131,,False,False,Big South vs Mid-American
2022,regular,2,401426546,2022-09-10 22:00:00+00:00,Florida Atlantic,SE Louisiana,Conference USA,Southland,False,42,9,fbs,fcs,Florida Atlantic,Florida Atlantic,Florida Atlantic,Florida Atlantic,1,1,1,fbs_vs_fcs_rule,fbs_vs_fcs_rule,fbs_vs_fcs_rule,47.47354497354498,,100.0,0.0,100.0,0.0,0.067059,2022_w1,spi_rankings_2022_w1.csv,131,,False,False,Conference USA vs Southland
2022,regular,2,401426332,2022-09-10 22:00:00+00:00,Coastal Carolina,Gardner-Webb,Sun Belt,Big South,False,31,27,fbs,fcs,Coastal Carolina,Coastal Carolina,Coastal Carolina,Coastal Carolina,1,1,1,fbs_vs_fcs_rule,fbs_vs_fcs_rule,fbs_vs_fcs_rule,77.65306122448979,,100.0,0.0,100.0,0.0,0.067059,2022_w1,spi_rankings_2022_w1.csv,131,,False,False,Big South vs Sun Belt
2022,regular,2,401415618,2022-09-10 23:00:00+00:00,South Florida,Howard,American Athletic,MEAC,False,42,20,fbs,fcs,South Florida,South Florida,South Florida,South Florida,1,1,1,fbs_vs_fcs_rule,fbs_vs_fcs_rule,fbs_vs_fcs_rule,46.11111111111112,,100.0,0.0,100.0,0.0,0.067059,2022_w1,spi_rankings_2022_w1.csv,131,,False,False,American Athletic vs MEAC
2022,regular,2,401415615,2022-09-10 23:00:00+00:00,Tulane,Alcorn State,American Athletic,SWAC,False,52,0,fbs,fcs,Tulane,Tulane,Tulane,Tulane,1,1,1,fbs_vs_fcs_rule,fbs_vs_fcs_rule,fbs_vs_fcs_rule,77.23733938019652,,100.0,0.0,100.0,0.0,0.067059,2022_w1,spi_rankings_2022_w1.csv,131,,False,False,American Athletic vs SWAC
2022,regular,2,401415616,2022-09-10 23:00:00+00:00,SMU,Lamar,American Athletic,Southland,False,45,16,fbs,fcs,SMU,SMU,SMU,SMU,1,1,1,fbs_vs_fcs_rule,fbs_vs_fcs_rule,fbs_vs_fcs_rule,79.23280423280423,,100.0,0.0,100.0,0.0,0.067059,2022_w1,spi_rankings_2022_w1.csv,131,,False,False,American Athletic vs Southland
2022,regular,2,401415620,2022-09-10 23:00:00+00:00,Tulsa,Northern Illinois,American Athletic,Mid-American,False,38,35,fbs,fbs,Northern Illinois,Northern Illinois,Northern Illinois,Tulsa,0,0,0,higher_spi_home_field_adjusted,higher_spi,higher_spi_home_field_adjusted,49.616402116402114,71.11111111111111,28.628,71.372,34.442,65.558,0.067059,2022_w1,spi_rankings_2022_w1.csv,131,,False,False,American Athletic vs Mid-American
2022,regular,2,401416598,2022-09-10 23:00:00+00:00,Louisiana,Eastern Michigan,Sun Belt,Mid-American,False,49,21,fbs,fbs,Louisiana,Louisiana,Louisiana,Louisiana,1,1,1,higher_spi_home_field_adjusted,higher_spi,higher_spi_home_field_adjusted,72.96296296296296,71.2962962962963,51.77,48.23,58.436,41.564,0.067059,2022_w1,spi_rankings_2022_w1.csv,131,,False,False,Mid-American vs Sun Belt
2022,regular,2,401414779,2022-09-10 23:00:00+00:00,Toledo,Massachusetts,Mid-American,FBS Independents,False,55,10,fbs,fbs,Toledo,Toledo,Toledo,Toledo,1,1,1,higher_spi_home_field_adjusted,higher_spi,higher_spi_home_field_adjusted,85.92592592592592,47.93650793650793,83.404,16.596,86.812,13.188,0.067059,2022_w1,spi_rankings_2022_w1.csv,131,,False,False,FBS Independents vs Mid-American
2022,regular,2,401404148,2022-09-10 23:00:00+00:00,UConn,Syracuse,FBS Independents,ACC,False,14,48,fbs,fbs,Syracuse,Syracuse,Syracuse,Syracuse,1,1,1,higher_spi_home_field_adjusted,higher_spi,higher_spi_home_field_adjusted,46.88492063492063,77.2524565381708,21.575,78.425,26.488,73.512,0.067059,2022_w1,spi_rankings_2022_w1.csv,131,,False,False,ACC vs FBS Independents
2022,regular,2,401426544,2022-09-10 23:00:00+00:00,Texas State,Florida International,Sun Belt,Conference USA,False,41,12,fbs,fbs,Florida International,Florida International,Florida International,Texas State,0,0,0,higher_spi_home_field_adjusted,higher_spi,higher_spi_home_field_adjusted,48.78306878306879,70.0,28.87,71.13,34.709,65.291,0.067059,2022_w1,spi_rankings_2022_w1.csv,131,,False,False,Conference USA vs Sun Belt
2022,regular,2,401423439,2022-09-10 23:00:00+00:00,Troy,Alabama A&M,Sun Belt,SWAC,False,38,17,fbs,fcs,Troy,Troy,Troy,Troy,1,1,1,fbs_vs_fcs_rule,fbs_vs_fcs_rule,fbs_vs_fcs_rule,45.154950869236586,,100.0,0.0,100.0,0.0,0.067059,2022_w1,spi_rankings_2022_w1.csv,131,,False,False,SWAC vs Sun Belt
2022,regular,2,401404066,2022-09-10 23:00:00+00:00,Oklahoma,Kent State,Big 12,Mid-American,False,33,3,fbs,fbs,Oklahoma,Oklahoma,Oklahoma,Oklahoma,1,1,1,higher_spi_home_field_adjusted,higher_spi,higher_spi_home_field_adjusted,75.97883597883597,41.61375661375661,81.161,18.839,84.946,15.054,0.067059,2022_w1,spi_rankings_2022_w1.csv,131,,False,False,Big 12 vs Mid-American
2022,regular,2,401403871,2022-09-10 23:00:00+00:00,Florida,Kentucky,SEC,SEC,True,16,26,fbs,fbs,Florida,Kentucky,Florida,Kentucky,0,1,0,higher_spi_home_field_adjusted,higher_spi,higher_spi_home_field_adjusted,72.33465608465607,76.005291005291,46.108,53.892,52.843,47.157,0.067059,2022_w1,spi_rankings_2022_w1.csv,131,,False,False,SEC vs SEC
2022,regular,2,401403874,2022-09-10 23:00:00+00:00,Ole Miss,Central Arkansas,SEC,Atlantic Sun,False,59,3,fbs,fcs,Ole Miss,Ole Miss,Ole Miss,Ole Miss,1,1,1,fbs_vs_fcs_rule,fbs_vs_fcs_rule,fbs_vs_fcs_rule,76.8896447467876,,100.0,0.0,100.0,0.0,0.067059,2022_w1,spi_rankings_2022_w1.csv,131,,False,False,Atlantic Sun vs SEC
2022,regular,2,401426547,2022-09-10 23:00:00+00:00,Louisiana Tech,Stephen F. Austin,Conference USA,Western Athletic,False,52,17,fbs,fcs,Louisiana Tech,Louisiana Tech,Louisiana Tech,Louisiana Tech,1,1,1,fbs_vs_fcs_rule,fbs_vs_fcs_rule,fbs_vs_fcs_rule,52.65684051398337,,100.0,0.0,100.0,0.0,0.067059,2022_w1,spi_rankings_2022_w1.csv,131,,False,False,Conference USA vs Western Athletic
2022,regular,2,401415215,2022-09-10 23:00:00+00:00,Utah State,Weber State,Mountain West,Big Sky,False,7,35,fbs,fcs,Utah State,Utah State,Utah State,Weber State,0,0,0,fbs_vs_fcs_rule,fbs_vs_fcs_rule,fbs_vs_fcs_rule,72.10128495842781,,100.0,0.0,100.0,0.0,0.067059,2022_w1,spi_rankings_2022_w1.csv,131,,False,False,Big Sky vs Mountain West
2022,regular,2,401411104,2022-09-10 23:00:00+00:00,Georgia Tech,Western Carolina,ACC,Southern,False,35,17,fbs,fcs,Georgia Tech,Georgia Tech,Georgia Tech,Georgia Tech,1,1,1,fbs_vs_fcs_rule,fbs_vs_fcs_rule,fbs_vs_fcs_rule,56.21693121693121,,100.0,0.0,100.0,0.0,0.067059,2022_w1,spi_rankings_2022_w1.csv,131,,False,False,ACC vs Southern
2022,regular,2,401403975,2022-09-10 23:30:00+00:00,Oklahoma State,Arizona State,Big 12,Pac-12,False,34,17,fbs,fbs,Oklahoma State,Arizona State,Oklahoma State,Oklahoma State,1,0,1,higher_spi_home_field_adjusted,higher_spi,higher_spi_home_field_adjusted,75.46296296296295,76.66666666666667,48.721,51.279,55.446,44.554,0.067059,2022_w1,spi_rankings_2022_w1.csv,131,,False,False,Big 12 vs Pac-12
2022,regular,2,401403980,2022-09-10 23:30:00+00:00,Stanford,USC,Pac-12,Pac-12,True,28,41,fbs,fbs,Stanford,USC,Stanford,USC,0,1,0,higher_spi_home_field_adjusted,higher_spi,higher_spi_home_field_adjusted,75.55555555555556,80.15873015873017,45.125,54.875,51.855,48.145,0.067059,2022_w1,spi_rankings_2022_w1.csv,131,,False,False,Pac-12 vs Pac-12
2022,regular,2,401426549,2022-09-10 23:30:00+00:00,North Texas,Texas Southern,Conference USA,SWAC,False,59,27,fbs,fcs,North Texas,North Texas,North Texas,North Texas,1,1,1,fbs_vs_fcs_rule,fbs_vs_fcs_rule,fbs_vs_fcs_rule,53.67724867724867,,100.0,0.0,100.0,0.0,0.067059,2022_w1,spi_rankings_2022_w1.csv,131,,False,False,Conference USA vs SWAC
2022,regular,2,401426550,2022-09-10 23:30:00+00:00,Rice,McNeese,Conference USA,Southland,False,52,10,fbs,fcs,Rice,Rice,Rice,Rice,1,1,1,fbs_vs_fcs_rule,fbs_vs_fcs_rule,fbs_vs_fcs_rule,39.23280423280423,,100.0,0.0,100.0,0.0,0.067059,2022_w1,spi_rankings_2022_w1.csv,131,,False,False,Conference USA vs Southland
2022,regular,2,401403873,2022-09-10 23:30:00+00:00,LSU,Southern,SEC,SWAC,False,65,17,fbs,fcs,LSU,LSU,LSU,LSU,1,1,1,fbs_vs_fcs_rule,fbs_vs_fcs_rule,fbs_vs_fcs_rule,54.28949357520786,,100.0,0.0,100.0,0.0,0.067059,2022_w1,spi_rankings_2022_w1.csv,131,,False,False,SEC vs SWAC
2022,regular,2,401403870,2022-09-10 23:30:00+00:00,Auburn,San José State,SEC,Mountain West,False,24,16,fbs,fbs,Auburn,Auburn,Auburn,Auburn,1,1,1,higher_spi_home_field_adjusted,higher_spi,higher_spi_home_field_adjusted,74.62962962962963,70.55555555555556,54.318,45.682,60.898,39.102,0.067059,2022_w1,spi_rankings_2022_w1.csv,131,,False,False,Mountain West vs SEC
2022,regular,2,401405072,2022-09-10 23:30:00+00:00,Nebraska,Georgia Southern,Big Ten,Sun Belt,False,42,45,fbs,fbs,Georgia Southern,Georgia Southern,Georgia Southern,Georgia Southern,1,1,1,higher_spi_home_field_adjusted,higher_spi,higher_spi_home_field_adjusted,64.55971277399848,79.44444444444446,34.692,65.308,41.03,58.97,0.067059,2022_w1,spi_rankings_2022_w1.csv,131,,False,False,Big Ten vs Sun Belt
2022,regular,2,401421117,2022-09-11 00:00:00+00:00,UL Monroe,Nicholls,Sun Belt,Southland,False,35,7,fbs,fcs,UL Monroe,UL Monroe,UL Monroe,UL Monroe,1,1,1,fbs_vs_fcs_rule,fbs_vs_fcs_rule,fbs_vs_fcs_rule,53.39417989417989,,100.0,0.0,100.0,0.0,0.067059,2022_w1,spi_rankings_2022_w1.csv,131,,False,False,Southland vs Sun Belt
2022,regular,2,401405077,2022-09-11 00:00:00+00:00,Michigan,Hawai'i,Big Ten,Mountain West,False,56,10,fbs,fbs,Michigan,Michigan,Michigan,Michigan,1,1,1,higher_spi_home_field_adjusted,higher_spi,higher_spi_home_field_adjusted,79.49074074074073,26.808390022675734,90.37,9.63,92.476,7.524,0.067059,2022_w1,spi_rankings_2022_w1.csv,131,,False,False,Big Ten vs Mountain West
2022,regular,2,401404067,2022-09-11 00:00:00+00:00,TCU,Tarleton State,Big 12,Western Athletic,False,59,17,fbs,fcs,TCU,TCU,TCU,TCU,1,1,1,fbs_vs_fcs_rule,fbs_vs_fcs_rule,fbs_vs_fcs_rule,75.75396825396825,,100.0,0.0,100.0,0.0,0.067059,2022_w1,spi_rankings_2022_w1.csv,131,,False,False,Big 12 vs Western Athletic
2022,regular,2,401413257,2022-09-11 00:00:00+00:00,San Diego State,Idaho State,Mountain West,Big Sky,False,38,7,fbs,fcs,San Diego State,San Diego State,San Diego State,San Diego State,1,1,1,fbs_vs_fcs_rule,fbs_vs_fcs_rule,fbs_vs_fcs_rule,41.60052910052909,,100.0,0.0,100.0,0.0,0.067059,2022_w1,spi_rankings_2022_w1.csv,131,,False,False,Big Sky vs Mountain West
2022,regular,2,401411108,2022-09-11 00:00:00+00:00,Virginia Tech,Boston College,ACC,ACC,True,27,10,fbs,fbs,Virginia Tech,Boston College,Virginia Tech,Virginia Tech,1,0,1,higher_spi_home_field_adjusted,higher_spi,higher_spi_home_field_adjusted,46.99735449735449,47.55479969765683,49.408,50.592,56.123,43.877,0.067059,2022_w1,spi_rankings_2022_w1.csv,131,,False,False,ACC vs ACC
2022,regular,2,401405075,2022-09-11 00:00:00+00:00,Indiana,Idaho,Big Ten,Big Sky,False,35,22,fbs,fcs,Indiana,Indiana,Indiana,Indiana,1,1,1,fbs_vs_fcs_rule,fbs_vs_fcs_rule,fbs_vs_fcs_rule,75.42139077853362,,100.0,0.0,100.0,0.0,0.067059,2022_w1,spi_rankings_2022_w1.csv,131,,False,False,Big Sky vs Big Ten
2022,regular,2,401403978,2022-09-11 00:30:00+00:00,Oregon,Eastern Washington,Pac-12,Big Sky,False,70,14,fbs,fcs,Oregon,Oregon,Oregon,Oregon,1,1,1,fbs_vs_fcs_rule,fbs_vs_fcs_rule,fbs_vs_fcs_rule,54.93575207860923,,100.0,0.0,100.0,0.0,0.067059,2022_w1,spi_rankings_2022_w1.csv,131,,False,False,Big Sky vs Pac-12
2022,regular,2,401426552,2022-09-11 01:00:00+00:00,UTEP,New Mexico State,Conference USA,FBS Independents,False,20,13,fbs,fbs,New Mexico State,New Mexico State,New Mexico State,UTEP,0,0,0,higher_spi_home_field_adjusted,higher_spi,higher_spi_home_field_adjusted,24.35185185185186,36.71768707482993,37.156,62.844,43.642,56.358,0.067059,2022_w1,spi_rankings_2022_w1.csv,131,,False,False,Conference USA vs FBS Independents
2022,regular,2,401404062,2022-09-11 02:15:00+00:00,BYU,Baylor,FBS Independents,Big 12,False,26,20,fbs,fbs,BYU,Baylor,BYU,BYU,1,0,1,higher_spi_home_field_adjusted,higher_spi,higher_spi_home_field_adjusted,78.04232804232804,80.74074074074075,47.136,52.864,53.872,46.128,0.067059,2022_w1,spi_rankings_2022_w1.csv,131,,False,False,Big 12 vs FBS Independents
2022,regular,2,401403979,2022-09-11 02:30:00+00:00,Fresno State,Oregon State,Mountain West,Pac-12,False,32,35,fbs,fbs,Fresno State,Oregon State,Fresno State,Oregon State,0,1,0,higher_spi_home_field_adjusted,higher_spi,higher_spi_home_field_adjusted,75.0,80.60185185185185,44.076,55.924,50.795,49.205,0.067059,2022_w1,spi_rankings_2022_w1.csv,131,,False,False,Mountain West vs Pac-12
2022,regular,2,401403875,2022-09-11 03:00:00+00:00,Arizona,Mississippi State,Pac-12,SEC,False,17,39,fbs,fbs,Arizona,Arizona,Arizona,Mississippi State,0,0,0,higher_spi_home_field_adjusted,higher_spi,higher_spi_home_field_adjusted,79.25925925925925,78.91534391534391,50.365,49.635,57.064,42.936,0.067059,2022_w1,spi_rankings_2022_w1.csv,131,,False,False,Pac-12 vs SEC
2022,regular,3,401411109,2022-09-16 23:30:00+00:00,Louisville,Florida State,ACC,ACC,True,31,35,fbs,fbs,Florida State,Florida State,Florida State,Florida State,1,1,1,higher_spi_home_field_adjusted,higher_spi,higher_spi_home_field_adjusted,59.09330121613008,77.28361161607675,31.581,68.419,37.678,62.322,0.067059,2022_w2,spi_rankings_2022_w2.csv,131,,False,False,ACC vs ACC
2022,regular,3,401415217,2022-09-17 00:00:00+00:00,Wyoming,Air Force,Mountain West,Mountain West,True,17,14,fbs,fbs,Air Force,Air Force,Air Force,Wyoming,0,0,0,higher_spi_home_field_adjusted,higher_spi,higher_spi_home_field_adjusted,49.23187187692008,74.10733108262934,25.784,74.216,31.274,68.726,0.067059,2022_w2,spi_rankings_2022_w2.csv,131,,False,False,Mountain West vs Mountain West
2022,regular,3,401411114,2022-09-17 15:00:00+00:00,Virginia Tech,Wofford,ACC,Southern,False,27,7,fbs,fcs,Virginia Tech,Virginia Tech,Virginia Tech,Virginia Tech,1,1,1,fbs_vs_fcs_rule,fbs_vs_fcs_rule,fbs_vs_fcs_rule,49.82666887808882,,100.0,0.0,100.0,0.0,0.067059,2022_w2,spi_rankings_2022_w2.csv,131,,False,False,ACC vs Southern
2022,regular,3,401404136,2022-09-17 16:00:00+00:00,Army,Villanova,FBS Independents,CAA,False,49,10,fbs,fcs,Army,Army,Army,Army,1,1,1,fbs_vs_fcs_rule,fbs_vs_fcs_rule,fbs_vs_fcs_rule,28.774148164357605,,100.0,0.0,100.0,0.0,0.067059,2022_w2,spi_rankings_2022_w2.csv,131,,False,False,CAA vs FBS Independents
2022,regular,3,401404071,2022-09-17 16:00:00+00:00,Baylor,Texas State,Big 12,Sun Belt,False,42,7,fbs,fbs,Baylor,Baylor,Baylor,Baylor,1,1,1,higher_spi_home_field_adjusted,higher_spi,higher_spi_home_field_adjusted,60.27378897358733,52.471606966535255,58.215,41.785,64.599,35.401,0.067059,2022_w2,spi_rankings_2022_w2.csv,131,,False,False,Big 12 vs Sun Belt
2022,regular,3,401405084,2022-09-17 16:00:00+00:00,Syracuse,Purdue,ACC,Big Ten,False,32,29,fbs,fbs,Syracuse,Syracuse,Syracuse,Syracuse,1,1,1,higher_spi_home_field_adjusted,higher_spi,higher_spi_home_field_adjusted,77.12969227042493,68.13755518553033,59.44,40.56,65.747,34.253,0.067059,2022_w2,spi_rankings_2022_w2.csv,131,,False,False,ACC vs Big Ten
2022,regular,3,401404070,2022-09-17 16:00:00+00:00,Nebraska,Oklahoma,Big Ten,Big 12,False,14,49,fbs,fbs,Oklahoma,Oklahoma,Oklahoma,Oklahoma,1,1,1,higher_spi_home_field_adjusted,higher_spi,higher_spi_home_field_adjusted,47.09342203754908,74.13174881365865,24.065,75.935,29.333,70.667,0.067059,2022_w2,spi_rankings_2022_w2.csv,131,,False,False,Big 12 vs Big Ten
2022,regular,3,401415623,2022-09-17 16:00:00+00:00,Miami (OH),Cincinnati,Mid-American,American Athletic,False,17,38,fbs,fbs,Cincinnati,Cincinnati,Cincinnati,Cincinnati,1,1,1,higher_spi_home_field_adjusted,higher_spi,higher_spi_home_field_adjusted,58.29810879760469,67.43349366143853,40.414,59.586,40.414,59.586,0.067059,2022_w2,spi_rankings_2022_w2.csv,131,,False,False,American Athletic vs Mid-American
2022,regular,3,401403887,2022-09-17 16:00:00+00:00,Missouri,Abilene Christian,SEC,Western Athletic,False,34,17,fbs,fcs,Missouri,Missouri,Missouri,Missouri,1,1,1,fbs_vs_fcs_rule,fbs_vs_fcs_rule,fbs_vs_fcs_rule,56.97563712467243,,100.0,0.0,100.0,0.0,0.067059,2022_w2,spi_rankings_2022_w2.csv,131,,False,False,SEC vs Western Athletic
2022,regular,3,401403888,2022-09-17 16:00:00+00:00,South Carolina,Georgia,SEC,SEC,True,7,48,fbs,fbs,Georgia,Georgia,Georgia,Georgia,1,1,1,higher_spi_home_field_adjusted,higher_spi,higher_spi_home_field_adjusted,60.4397383829412,78.61545423992912,31.595,68.405,37.693,62.307,0.067059,2022_w2,spi_rankings_2022_w2.csv,131,,False,False,SEC vs SEC
2022,regular,3,401403884,2022-09-17 16:00:00+00:00,Kentucky,Youngstown State,SEC,MVFC,False,31,0,fbs,fcs,Kentucky,Kentucky,Kentucky,Kentucky,1,1,1,fbs_vs_fcs_rule,fbs_vs_fcs_rule,fbs_vs_fcs_rule,71.4356421598902,,100.0,0.0,100.0,0.0,0.067059,2022_w2,spi_rankings_2022_w2.csv,131,,False,False,MVFC vs SEC
2022,regular,3,401404149,2022-09-17 16:00:00+00:00,Michigan,UConn,Big Ten,FBS Independents,False,59,0,fbs,fbs,Michigan,Michigan,Michigan,Michigan,1,1,1,higher_spi_home_field_adjusted,higher_spi,higher_spi_home_field_adjusted,83.43633995814301,39.87882097737584,86.427,13.573,89.293,10.707,0.067059,2022_w2,spi_rankings_2022_w2.csv,131,,False,False,Big Ten vs FBS Independents
2022,regular,3,401405083,2022-09-17 16:00:00+00:00,Northwestern,Southern Illinois,Big Ten,MVFC,False,24,31,fbs,fcs,Northwestern,Northwestern,Northwestern,Southern Illinois,0,0,0,fbs_vs_fcs_rule,fbs_vs_fcs_rule,fbs_vs_fcs_rule,50.0528668105546,,100.0,0.0,100.0,0.0,0.067059,2022_w2,spi_rankings_2022_w2.csv,131,,False,False,Big Ten vs MVFC
2022,regular,3,401416603,2022-09-17 16:00:00+00:00,Kent State,Long Island University,Mid-American,NEC,False,63,10,fbs,fcs,Kent State,Kent State,Kent State,Kent State,1,1,1,fbs_vs_fcs_rule,fbs_vs_fcs_rule,fbs_vs_fcs_rule,33.75268862376071,,100.0,0.0,100.0,0.0,0.067059,2022_w2,spi_rankings_2022_w2.csv,131,,False,False,Mid-American vs NEC
2022,regular,3,401426563,2022-09-17 16:00:00+00:00,Indiana,Western Kentucky,Big Ten,Conference USA,False,33,30,fbs,fbs,Indiana,Western Kentucky,Indiana,Indiana,1,0,1,higher_spi_home_field_adjusted,higher_spi,higher_spi_home_field_adjusted,66.44565357344723,71.49409572111638,44.657,55.343,51.382,48.618,0.067059,2022_w2,spi_rankings_2022_w2.csv,131,,False,False,Big Ten vs Conference USA
2022,regular,3,401416602,2022-09-17 17:00:00+00:00,Central Michigan,Bucknell,Mid-American,Patriot,False,41,0,fbs,fcs,Central Michigan,Central Michigan,Central Michigan,Central Michigan,1,1,1,fbs_vs_fcs_rule,fbs_vs_fcs_rule,fbs_vs_fcs_rule,30.25597138536141,,100.0,0.0,100.0,0.0,0.067059,2022_w2,spi_rankings_2022_w2.csv,131,,False,False,Mid-American vs Patriot
2022,regular,3,401416601,2022-09-17 17:00:00+00:00,Coastal Carolina,Buffalo,Sun Belt,Mid-American,False,38,26,fbs,fbs,Coastal Carolina,Coastal Carolina,Coastal Carolina,Coastal Carolina,1,1,1,higher_spi_home_field_adjusted,higher_spi,higher_spi_home_field_adjusted,68.58995105046189,27.825499152166945,84.973,15.027,88.104,11.896,0.067059,2022_w2,spi_rankings_2022_w2.csv,131,,False,False,Mid-American vs Sun Belt
2022,regular,3,401404073,2022-09-17 17:00:00+00:00,West Virginia,Towson,Big 12,CAA,False,65,7,fbs,fcs,West Virginia,West Virginia,West Virginia,West Virginia,1,1,1,fbs_vs_fcs_rule,fbs_vs_fcs_rule,fbs_vs_fcs_rule,44.26378738049046,,100.0,0.0,100.0,0.0,0.067059,2022_w2,spi_rankings_2022_w2.csv,131,,False,False,Big 12 vs CAA
2022,regular,3,401403991,2022-09-17 18:00:00+00:00,UCLA,South Alabama,Pac-12,Sun Belt,False,32,31,fbs,fbs,UCLA,UCLA,UCLA,UCLA,1,1,1,higher_spi_home_field_adjusted,higher_spi,higher_spi_home_field_adjusted,75.4208612761797,73.55452101251126,51.982,48.018,58.642,41.358,0.067059,2022_w2,spi_rankings_2022_w2.csv,131,,False,False,Pac-12 vs Sun Belt
2022,regular,3,401411113,2022-09-17 18:00:00+00:00,Virginia,Old Dominion,ACC,Sun Belt,False,16,14,fbs,fbs,Old Dominion,Old Dominion,Old Dominion,Virginia,0,0,0,higher_spi_home_field_adjusted,higher_spi,higher_spi_home_field_adjusted,44.83668029164585,56.95472341318724,37.402,62.598,43.902,56.098,0.067059,2022_w2,spi_rankings_2022_w2.csv,131,,False,False,ACC vs Sun Belt
2022,regular,3,401404069,2022-09-17 18:00:00+00:00,Iowa State,Ohio,Big 12,Mid-American,False,43,10,fbs,fbs,Iowa State,Iowa State,Iowa State,Iowa State,1,1,1,higher_spi_home_field_adjusted,higher_spi,higher_spi_home_field_adjusted,72.20528799045015,53.25189807671744,69.115,30.885,74.562,25.438,0.067059,2022_w2,spi_rankings_2022_w2.csv,131,,False,False,Big 12 vs Mid-American
2022,regular,3,401416600,2022-09-17 18:00:00+00:00,Ball State,Murray State,Mid-American,OVC,False,31,0,fbs,fcs,Ball State,Ball State,Ball State,Ball State,1,1,1,fbs_vs_fcs_rule,fbs_vs_fcs_rule,fbs_vs_fcs_rule,29.679323784936283,,100.0,0.0,100.0,0.0,0.067059,2022_w2,spi_rankings_2022_w2.csv,131,,False,False,Mid-American vs OVC
2022,regular,3,401405089,2022-09-17 18:00:00+00:00,Temple,Rutgers,American Athletic,Big Ten,False,14,16,fbs,fbs,Rutgers,Rutgers,Rutgers,Rutgers,1,1,1,higher_spi_home_field_adjusted,higher_spi,higher_spi_home_field_adjusted,47.27009211591635,74.75517047227684,23.72,76.28,28.941,71.059,0.067059,2022_w2,spi_rankings_2022_w2.csv,131,,False,False,American Athletic vs Big Ten
2022,regular,3,401403987,2022-09-17 18:30:00+00:00,Notre Dame,California,FBS Independents,Pac-12,False,24,17,fbs,fbs,California,California,California,Notre Dame,0,0,0,higher_spi_home_field_adjusted,higher_spi,higher_spi_home_field_adjusted,36.40671544889324,74.96931378989017,16.261,83.739,20.277,79.723,0.067059,2022_w2,spi_rankings_2022_w2.csv,131,,False,False,FBS Independents vs Pac-12
2022,regular,3,401426558,2022-09-17 19:00:00+00:00,UNLV,North Texas,Mountain West,Conference USA,False,58,27,fbs,fbs,UNLV,North Texas,UNLV,UNLV,1,0,1,higher_spi_home_field_adjusted,higher_spi,higher_spi_home_field_adjusted,51.61626770137945,53.29803936000757,48.214,51.786,54.943,45.057,0.067059,2022_w2,spi_rankings_2022_w2.csv,131,,False,False,Conference USA vs Mountain West
2022,regular,3,401404074,2022-09-17 19:00:00+00:00,Kansas State,Tulane,Big 12,American Athletic,False,10,17,fbs,fbs,Kansas State,Tulane,Kansas State,Tulane,0,1,0,higher_spi_home_field_adjusted,higher_spi,higher_spi_home_field_adjusted,76.75491077566359,78.49231385317758,48.155,51.845,54.885,45.115,0.067059,2022_w2,spi_rankings_2022_w2.csv,131,,False,False,American Athletic vs Big 12
2022,regular,3,401426560,2022-09-17 19:30:00+00:00,UAB,Georgia Southern,Conference USA,Sun Belt,False,35,21,fbs,fbs,Georgia Southern,Georgia Southern,Georgia Southern,UAB,0,0,0,higher_spi_home_field_adjusted,higher_spi,higher_spi_home_field_adjusted,59.15880666132725,72.97896020967774,35.724,64.276,42.129,57.871,0.067059,2022_w2,spi_rankings_2022_w2.csv,131,,False,False,Conference USA vs Sun Belt
2022,regular,3,401403882,2022-09-17 19:30:00+00:00,Auburn,Penn State,SEC,Big Ten,False,12,41,fbs,fbs,Auburn,Penn State,Auburn,Penn State,0,1,0,higher_spi_home_field_adjusted,higher_spi,higher_spi_home_field_adjusted,72.5675784054628,73.21408384927122,49.313,50.687,56.03,43.97,0.067059,2022_w2,spi_rankings_2022_w2.csv,131,,False,False,Big Ten vs SEC
2022,regular,3,401403891,2022-09-17 19:30:00+00:00,Northern Illinois,Vanderbilt,Mid-American,SEC,False,28,38,fbs,fbs,Vanderbilt,Vanderbilt,Vanderbilt,Vanderbilt,1,1,1,higher_spi_home_field_adjusted,higher_spi,higher_spi_home_field_adjusted,48.71253320853083,60.32330046025224,37.908,62.092,44.433,55.567,0.067059,2022_w2,spi_rankings_2022_w2.csv,131,,False,False,Mid-American vs SEC
2022,regular,3,401414780,2022-09-17 19:30:00+00:00,Massachusetts,Stony Brook,FBS Independents,CAA,False,20,3,fbs,fcs,Massachusetts,Massachusetts,Massachusetts,Massachusetts,1,1,1,fbs_vs_fcs_rule,fbs_vs_fcs_rule,fbs_vs_fcs_rule,22.614110275236747,,100.0,0.0,100.0,0.0,0.067059,2022_w2,spi_rankings_2022_w2.csv,131,,False,False,CAA vs FBS Independents
2022,regular,3,401405085,2022-09-17 19:30:00+00:00,Wisconsin,New Mexico State,Big Ten,FBS Independents,False,66,7,fbs,fbs,Wisconsin,Wisconsin,Wisconsin,Wisconsin,1,1,1,higher_spi_home_field_adjusted,higher_spi,higher_spi_home_field_adjusted,51.9455477307099,19.01438340306521,80.212,19.788,84.15,15.85,0.067059,2022_w2,spi_rankings_2022_w2.csv,131,,False,False,Big Ten vs FBS Independents
2022,regular,3,401403989,2022-09-17 19:30:00+00:00,Oregon,BYU,Pac-12,FBS Independents,False,41,20,fbs,fbs,BYU,BYU,BYU,Oregon,0,0,0,higher_spi_home_field_adjusted,higher_spi,higher_spi_home_field_adjusted,59.29531105761991,79.56200152484962,29.706,70.294,35.63,64.37,0.067059,2022_w2,spi_rankings_2022_w2.csv,131,,False,False,FBS Independents vs Pac-12
2022,regular,3,401403988,2022-09-17 19:30:00+00:00,Minnesota,Colorado,Big Ten,Pac-12,False,49,7,fbs,fbs,Minnesota,Minnesota,Minnesota,Minnesota,1,1,1,higher_spi_home_field_adjusted,higher_spi,higher_spi_home_field_adjusted,80.57772130406981,41.24042177785247,84.182,15.818,87.454,12.546,0.067059,2022_w2,spi_rankings_2022_w2.csv,131,,False,False,Big Ten vs Pac-12
2022,regular,3,401403886,2022-09-17 19:30:00+00:00,Georgia Tech,Ole Miss,ACC,SEC,False,0,42,fbs,fbs,Ole Miss,Ole Miss,Ole Miss,Ole Miss,1,1,1,higher_spi_home_field_adjusted,higher_spi,higher_spi_home_field_adjusted,52.98956085084466,79.0839311083808,24.806,75.194,30.171,69.829,0.067059,2022_w2,spi_rankings_2022_w2.csv,131,,False,False,ACC vs SEC
2022,regular,3,401426333,2022-09-17 19:30:00+00:00,App State,Troy,Sun Belt,Sun Belt,True,32,28,fbs,fbs,App State,Troy,App State,App State,1,0,1,higher_spi_home_field_adjusted,higher_spi,higher_spi_home_field_adjusted,53.86495666994744,56.78559425786782,46.901,53.099,53.637,46.363,0.067059,2022_w2,spi_rankings_2022_w2.csv,131,,False,False,Sun Belt vs Sun Belt
2022,regular,3,401403880,2022-09-17 20:00:00+00:00,Alabama,UL Monroe,SEC,Sun Belt,False,63,7,fbs,fbs,Alabama,Alabama,Alabama,Alabama,1,1,1,higher_spi_home_field_adjusted,higher_spi,higher_spi_home_field_adjusted,82.98827546172531,47.9147202150899,81.617,18.383,85.327,14.673,0.067059,2022_w2,spi_rankings_2022_w2.csv,131,,False,False,SEC vs Sun Belt
2022,regular,3,401404068,2022-09-17 20:00:00+00:00,Houston,Kansas,American Athletic,Big 12,False,30,48,fbs,fbs,Kansas,Kansas,Kansas,Kansas,1,1,1,higher_spi_home_field_adjusted,higher_spi,higher_spi_home_field_adjusted,54.86231843804291,74.49201814821038,30.274,69.726,36.253,63.747,0.067059,2022_w2,spi_rankings_2022_w2.csv,131,,False,False,American Athletic vs Big 12
2022,regular,3,401415218,2022-09-17 20:00:00+00:00,Boise State,UT Martin,Mountain West,OVC,False,30,7,fbs,fcs,Boise State,Boise State,Boise State,Boise State,1,1,1,fbs_vs_fcs_rule,fbs_vs_fcs_rule,fbs_vs_fcs_rule,47.30133209086327,,100.0,0.0,100.0,0.0,0.067059,2022_w2,spi_rankings_2022_w2.csv,131,,False,False,Mountain West vs OVC
2022,regular,3,401404159,2022-09-17 21:00:00+00:00,Wake Forest,Liberty,ACC,FBS Independents,False,37,36,fbs,fbs,Wake Forest,Wake Forest,Wake Forest,Wake Forest,1,1,1,higher_spi_home_field_adjusted,higher_spi,higher_spi_home_field_adjusted,77.50447376518625,65.48471857041082,62.5,37.5,68.583,31.417,0.067059,2022_w2,spi_rankings_2022_w2.csv,131,,False,False,ACC vs FBS Independents
2022,regular,3,401403995,2022-09-17 21:00:00+00:00,Washington State,Colorado State,Pac-12,Mountain West,False,38,7,fbs,fbs,Washington State,Washington State,Washington State,Washington State,1,1,1,higher_spi_home_field_adjusted,higher_spi,higher_spi_home_field_adjusted,68.38917174238969,26.34484159002574,85.654,14.346,88.663,11.337,0.067059,2022_w2,spi_rankings_2022_w2.csv,131,,False,False,Mountain West vs Pac-12
2022,regular,3,401415029,2022-09-17 21:00:00+00:00,Bowling Green,Marshall,Mid-American,Sun Belt,False,34,31,fbs,fbs,Marshall,Marshall,Marshall,Bowling Green,0,0,0,higher_spi_home_field_adjusted,higher_spi,higher_spi_home_field_adjusted,24.02010357311988,75.0938126736312,10.242,89.758,13.002,86.998,0.067059,2022_w2,spi_rankings_2022_w2.csv,131,,False,False,Mid-American vs Sun Belt
2022,regular,3,401403885,2022-09-17 22:00:00+00:00,LSU,Mississippi State,SEC,SEC,True,31,16,fbs,fbs,Mississippi State,Mississippi State,Mississippi State,LSU,0,0,0,higher_spi_home_field_adjusted,higher_spi,higher_spi_home_field_adjusted,60.03017609176238,81.46245474404607,28.682,71.318,34.502,65.498,0.067059,2022_w2,spi_rankings_2022_w2.csv,131,,False,False,SEC vs SEC
2022,regular,3,401411112,2022-09-17 22:00:00+00:00,Duke,North Carolina A&T,ACC,Big South,False,49,20,fbs,fcs,Duke,Duke,Duke,Duke,1,1,1,fbs_vs_fcs_rule,fbs_vs_fcs_rule,fbs_vs_fcs_rule,82.83369526854196,,100.0,0.0,100.0,0.0,0.067059,2022_w2,spi_rankings_2022_w2.csv,131,,False,False,ACC vs Big South
2022,regular,3,401415621,2022-09-17 22:00:00+00:00,East Carolina,Campbell,American Athletic,Big South,False,49,10,fbs,fcs,East Carolina,East Carolina,East Carolina,East Carolina,1,1,1,fbs_vs_fcs_rule,fbs_vs_fcs_rule,fbs_vs_fcs_rule,56.85520495300365,,100.0,0.0,100.0,0.0,0.067059,2022_w2,spi_rankings_2022_w2.csv,131,,False,False,American Athletic vs Big South
2022,regular,3,401404072,2022-09-17 23:00:00+00:00,NC State,Texas Tech,ACC,Big 12,False,27,14,fbs,fbs,NC State,NC State,NC State,NC State,1,1,1,higher_spi_home_field_adjusted,higher_spi,higher_spi_home_field_adjusted,76.8290106114536,75.65318906052319,51.249,48.751,57.928,42.072,0.067059,2022_w2,spi_rankings_2022_w2.csv,131,,False,False,ACC vs Big 12
2022,regular,3,401413216,2022-09-17 23:00:00+00:00,Tulsa,Jacksonville State,American Athletic,Atlantic Sun,False,54,17,fbs,fcs,Tulsa,Tulsa,Tulsa,Tulsa,1,1,1,fbs_vs_fcs_rule,fbs_vs_fcs_rule,fbs_vs_fcs_rule,51.867447793342606,,100.0,0.0,100.0,0.0,0.067059,2022_w2,spi_rankings_2022_w2.csv,131,,False,False,American Athletic vs Atlantic Sun
2022,regular,3,401403889,2022-09-17 23:00:00+00:00,Tennessee,Akron,SEC,Mid-American,False,63,6,fbs,fbs,Tennessee,Tennessee,Tennessee,Tennessee,1,1,1,higher_spi_home_field_adjusted,higher_spi,higher_spi_home_field_adjusted,77.01011725629438,44.13126027056459,80.176,19.824,84.12,15.88,0.067059,2022_w2,spi_rankings_2022_w2.csv,131,,False,False,Mid-American vs SEC
2022,regular,3,401405088,2022-09-17 23:00:00+00:00,Ohio State,Toledo,Big Ten,Mid-American,False,77,21,fbs,fbs,Ohio State,Toledo,Ohio State,Ohio State,1,0,1,higher_spi_home_field_adjusted,higher_spi,higher_spi_home_field_adjusted,77.75075453868934,78.1041437977247,49.625,50.375,56.337,43.663,0.067059,2022_w2,spi_rankings_2022_w2.csv,131,,False,False,Big Ten vs Mid-American
2022,regular,3,401404075,2022-09-17 23:00:00+00:00,Oklahoma State,Arkansas-Pine Bluff,Big 12,SWAC,False,63,7,fbs,fcs,Oklahoma State,Oklahoma State,Oklahoma State,Oklahoma State,1,1,1,fbs_vs_fcs_rule,fbs_vs_fcs_rule,fbs_vs_fcs_rule,71.31383571897771,,100.0,0.0,100.0,0.0,0.067059,2022_w2,spi_rankings_2022_w2.csv,131,,False,False,Big 12 vs SWAC
2022,regular,3,401426554,2022-09-17 23:00:00+00:00,Georgia State,Charlotte,Sun Belt,Conference USA,False,41,42,fbs,fbs,Georgia State,Georgia State,Georgia State,Charlotte,0,0,0,higher_spi_home_field_adjusted,higher_spi,higher_spi_home_field_adjusted,28.20697492727404,6.340110905730134,71.694,28.306,76.838,23.162,0.067059,2022_w2,spi_rankings_2022_w2.csv,131,,False,False,Conference USA vs Sun Belt
2022,regular,3,401415622,2022-09-17 23:00:00+00:00,Memphis,Arkansas State,American Athletic,Sun Belt,False,44,32,fbs,fbs,Memphis,Arkansas State,Memphis,Memphis,1,0,1,higher_spi_home_field_adjusted,higher_spi,higher_spi_home_field_adjusted,53.24084261928933,54.02692879293451,49.165,50.835,55.884,44.116,0.067059,2022_w2,spi_rankings_2022_w2.csv,131,,False,False,American Athletic vs Sun Belt
2022,regular,3,401403881,2022-09-17 23:00:00+00:00,Arkansas,Missouri State,SEC,MVFC,False,38,27,fbs,fcs,Arkansas,Arkansas,Arkansas,Arkansas,1,1,1,fbs_vs_fcs_rule,fbs_vs_fcs_rule,fbs_vs_fcs_rule,74.67860956965156,,100.0,0.0,100.0,0.0,0.067059,2022_w2,spi_rankings_2022_w2.csv,131,,False,False,MVFC vs SEC
2022,regular,3,401415032,2022-09-17 23:00:00+00:00,Southern Miss,Northwestern State,Sun Belt,Southland,False,64,10,fbs,fcs,Southern Miss,Southern Miss,Southern Miss,Southern Miss,1,1,1,fbs_vs_fcs_rule,fbs_vs_fcs_rule,fbs_vs_fcs_rule,36.61685692898935,,100.0,0.0,100.0,0.0,0.067059,2022_w2,spi_rankings_2022_w2.csv,131,,False,False,Southland vs Sun Belt
2022,regular,3,401426557,2022-09-17 23:00:00+00:00,Middle Tennessee,Tennessee State,Conference USA,OVC,False,49,6,fbs,fcs,Middle Tennessee,Middle Tennessee,Middle Tennessee,Middle Tennessee,1,1,1,fbs_vs_fcs_rule,fbs_vs_fcs_rule,fbs_vs_fcs_rule,50.14923007592307,,100.0,0.0,100.0,0.0,0.067059,2022_w2,spi_rankings_2022_w2.csv,131,,False,False,Conference USA vs OVC
2022,regular,3,401405087,2022-09-17 23:30:00+00:00,Maryland,SMU,Big Ten,American Athletic,False,34,27,fbs,fbs,Maryland,SMU,Maryland,Maryland,1,0,1,higher_spi_home_field_adjusted,higher_spi,higher_spi_home_field_adjusted,74.16370746773582,75.73703495905265,48.329,51.671,55.058,44.942,0.067059,2022_w2,spi_rankings_2022_w2.csv,131,,False,False,American Athletic vs Big Ten
2022,regular,3,401426555,2022-09-17 23:30:00+00:00,Florida Atlantic,UCF,Conference USA,American Athletic,False,14,40,fbs,fbs,Florida Atlantic,Florida Atlantic,Florida Atlantic,UCF,0,0,0,higher_spi_home_field_adjusted,higher_spi,higher_spi_home_field_adjusted,52.52528917287324,52.225299905941824,50.319,49.681,57.019,42.981,0.067059,2022_w2,spi_rankings_2022_w2.csv,131,,False,False,American Athletic vs Conference USA
2022,regular,3,401405082,2022-09-17 23:30:00+00:00,Iowa,Nevada,Big Ten,Mountain West,False,27,0,fbs,fbs,Iowa,Nevada,Iowa,Iowa,1,0,1,higher_spi_home_field_adjusted,higher_spi,higher_spi_home_field_adjusted,49.053268358259125,52.12891208942293,46.737,53.263,53.473,46.527,0.067059,2022_w2,spi_rankings_2022_w2.csv,131,,False,False,Big Ten vs Mountain West
2022,regular,3,401426559,2022-09-17 23:30:00+00:00,Rice,Louisiana,Conference USA,Sun Belt,False,33,21,fbs,fbs,Louisiana,Louisiana,Louisiana,Rice,0,0,0,higher_spi_home_field_adjusted,higher_spi,higher_spi_home_field_adjusted,46.4348619788882,72.15086081789156,25.107,74.893,30.511,69.489,0.067059,2022_w2,spi_rankings_2022_w2.csv,131,,False,False,Conference USA vs Sun Belt
2022,regular,3,401403883,2022-09-17 23:30:00+00:00,Florida,South Florida,SEC,American Athletic,False,31,28,fbs,fbs,Florida,Florida,Florida,Florida,1,1,1,higher_spi_home_field_adjusted,higher_spi,higher_spi_home_field_adjusted,61.92414185545592,48.62868731000138,63.762,36.238,69.739,30.261,0.067059,2022_w2,spi_rankings_2022_w2.csv,131,,False,False,American Athletic vs SEC
2022,regular,3,401403994,2022-09-17 23:30:00+00:00,Washington,Michigan State,Pac-12,Big Ten,False,39,28,fbs,fbs,Washington,Michigan State,Washington,Washington,1,0,1,higher_spi_home_field_adjusted,higher_spi,higher_spi_home_field_adjusted,75.58550129084493,79.6594919112143,45.682,54.318,52.416,47.584,0.067059,2022_w2,spi_rankings_2022_w2.csv,131,,False,False,Big Ten vs Pac-12
2022,regular,3,401411110,2022-09-17 23:30:00+00:00,Boston College,Maine,ACC,CAA,False,38,17,fbs,fcs,Boston College,Boston College,Boston College,Boston College,1,1,1,fbs_vs_fcs_rule,fbs_vs_fcs_rule,fbs_vs_fcs_rule,41.65904126120897,,100.0,0.0,100.0,0.0,0.067059,2022_w2,spi_rankings_2022_w2.csv,131,,False,False,ACC vs CAA
2022,regular,3,401411115,2022-09-17 23:30:00+00:00,Western Michigan,Pittsburgh,Mid-American,ACC,False,13,34,fbs,fbs,Pittsburgh,Pittsburgh,Pittsburgh,Pittsburgh,1,1,1,higher_spi_home_field_adjusted,higher_spi,higher_spi_home_field_adjusted,50.22240614367988,56.824944841748746,43.03,56.97,49.731,50.269,0.067059,2022_w2,spi_rankings_2022_w2.csv,131,,False,False,ACC vs Mid-American
2022,regular,3,401403990,2022-09-18 00:00:00+00:00,Oregon State,Montana State,Pac-12,Big Sky,False,68,28,fbs,fcs,Oregon State,Oregon State,Oregon State,Oregon State,1,1,1,fbs_vs_fcs_rule,fbs_vs_fcs_rule,fbs_vs_fcs_rule,85.83179297597042,,100.0,0.0,100.0,0.0,0.067059,2022_w2,spi_rankings_2022_w2.csv,131,,False,False,Big Sky vs Pac-12
2022,regular,3,401426561,2022-09-18 00:00:00+00:00,New Mexico,UTEP,Mountain West,Conference USA,False,27,10,fbs,fbs,New Mexico,New Mexico,New Mexico,New Mexico,1,1,1,higher_spi_home_field_adjusted,higher_spi,higher_spi_home_field_adjusted,59.48003391332244,37.7386346028973,71.586,28.414,76.743,23.257,0.067059,2022_w2,spi_rankings_2022_w2.csv,131,,False,False,Conference USA vs Mountain West
2022,regular,3,401426556,2022-09-18 00:00:00+00:00,Clemson,Louisiana Tech,ACC,Conference USA,False,48,20,fbs,fbs,Clemson,Clemson,Clemson,Clemson,1,1,1,higher_spi_home_field_adjusted,higher_spi,higher_spi_home_field_adjusted,74.5115575904519,48.352961523437074,75.245,24.755,79.925,20.075,0.067059,2022_w2,spi_rankings_2022_w2.csv,131,,False,False,ACC vs Conference USA
2022,regular,3,401426562,2022-09-18 00:00:00+00:00,Texas,UTSA,Big 12,Conference USA,False,41,20,fbs,fbs,Texas,Texas,Texas,Texas,1,1,1,higher_spi_home_field_adjusted,higher_spi,higher_spi_home_field_adjusted,64.16082531147227,51.855726230964926,62.784,37.216,68.844,31.156,0.067059,2022_w2,spi_rankings_2022_w2.csv,131,,False,False,Big 12 vs Conference USA
2022,regular,3,401403890,2022-09-18 01:00:00+00:00,Texas A&M,Miami,SEC,ACC,False,17,9,fbs,fbs,Miami,Miami,Miami,Texas A&M,0,0,0,higher_spi_home_field_adjusted,higher_spi,higher_spi_home_field_adjusted,51.853186302858624,77.94619806340526,24.807,75.193,30.173,69.827,0.067059,2022_w2,spi_rankings_2022_w2.csv,131,,False,False,ACC vs SEC
2022,regular,3,401403993,2022-09-18 02:00:00+00:00,Utah,San Diego State,Pac-12,Mountain West,False,35,7,fbs,fbs,Utah,Utah,Utah,Utah,1,1,1,higher_spi_home_field_adjusted,higher_spi,higher_spi_home_field_adjusted,56.91947986478317,47.27278455874491,60.108,39.892,66.37,33.63,0.067059,2022_w2,spi_rankings_2022_w2.csv,131,,False,False,Mountain West vs Pac-12
2022,regular,3,401403992,2022-09-18 02:30:00+00:00,USC,Fresno State,Pac-12,Mountain West,False,45,17,fbs,fbs,USC,USC,USC,USC,1,1,1,higher_spi_home_field_adjusted,higher_spi,higher_spi_home_field_adjusted,75.01922553470422,51.21337513939598,73.336,26.664,78.272,21.728,0.067059,2022_w2,spi_rankings_2022_w2.csv,131,,False,False,Mountain West vs Pac-12
2022,regular,3,401403985,2022-09-18 03:00:00+00:00,Arizona,North Dakota State,Pac-12,MVFC,False,31,28,fbs,fcs,Arizona,Arizona,Arizona,Arizona,1,1,1,fbs_vs_fcs_rule,fbs_vs_fcs_rule,fbs_vs_fcs_rule,58.55421275917831,,100.0,0.0,100.0,0.0,0.067059,2022_w2,spi_rankings_2022_w2.csv,131,,False,False,MVFC vs Pac-12
2022,regular,3,401403986,2022-09-18 03:00:00+00:00,Arizona State,Eastern Michigan,Pac-12,Mid-American,False,21,30,fbs,fbs,Arizona State,Arizona State,Arizona State,Eastern Michigan,0,0,0,higher_spi_home_field_adjusted,higher_spi,higher_spi_home_field_adjusted,50.968156612334056,45.41490898615752,55.873,44.127,62.384,37.616,0.067059,2022_w2,spi_rankings_2022_w2.csv,131,,False,False,Mid-American vs Pac-12
2022,regular,3,401415219,2022-09-18 03:59:00+00:00,Hawai'i,Duquesne,Mountain West,NEC,False,24,14,fbs,fcs,Hawai'i,Hawai'i,Hawai'i,Hawai'i,1,1,1,fbs_vs_fcs_rule,fbs_vs_fcs_rule,fbs_vs_fcs_rule,9.460126650209292,,100.0,0.0,100.0,0.0,0.067059,2022_w2,spi_rankings_2022_w2.csv,131,,False,False,Mountain West vs NEC
2022,regular,4,401411116,2022-09-22 23:30:00+00:00,Virginia Tech,West Virginia,ACC,Big 12,False,10,33,fbs,fbs,Virginia Tech,Virginia Tech,Virginia Tech,West Virginia,0,0,0,higher_spi_home_field_adjusted,higher_spi,higher_spi_home_field_adjusted,52.54119182492789,50.48511667389094,52.183,47.817,58.837,41.163,0.067059,2022_w3,spi_rankings_2022_w3.csv,131,,False,False,ACC vs Big 12
2022,regular,4,401426334,2022-09-22 23:30:00+00:00,Georgia State,Coastal Carolina,Sun Belt,Sun Belt,True,24,41,fbs,fbs,Coastal Carolina,Coastal Carolina,Coastal Carolina,Coastal Carolina,1,1,1,higher_spi_home_field_adjusted,higher_spi,higher_spi_home_field_adjusted,10.1792828685259,68.6618721542873,7.688,92.312,9.835,90.165,0.067059,2022_w3,spi_rankings_2022_w3.csv,131,,False,False,Sun Belt vs Sun Belt
2022,regular,4,401421129,2022-09-23 00:30:00+00:00,Illinois,Chattanooga,Big Ten,Southern,False,31,0,fbs,fcs,Illinois,Illinois,Illinois,Illinois,1,1,1,fbs_vs_fcs_rule,fbs_vs_fcs_rule,fbs_vs_fcs_rule,76.34595159324027,,100.0,0.0,100.0,0.0,0.067059,2022_w3,spi_rankings_2022_w3.csv,131,,False,False,Big Ten vs Southern
2022,regular,4,401411117,2022-09-23 23:00:00+00:00,Syracuse,Virginia,ACC,ACC,True,22,20,fbs,fbs,Syracuse,Syracuse,Syracuse,Syracuse,1,1,1,higher_spi_home_field_adjusted,higher_spi,higher_spi_home_field_adjusted,73.23929585639006,47.86220768994276,74.621,25.379,79.387,20.613,0.067059,2022_w3,spi_rankings_2022_w3.csv,131,,False,False,ACC vs ACC
2022,regular,4,401415220,2022-09-24 00:00:00+00:00,Air Force,Nevada,Mountain West,Mountain West,True,48,20,fbs,fbs,Air Force,Air Force,Air Force,Air Force,1,1,1,higher_spi_home_field_adjusted,higher_spi,higher_spi_home_field_adjusted,61.72845822991644,30.580438319835174,78.981,21.019,83.113,16.887,0.067059,2022_w3,spi_rankings_2022_w3.csv,131,,False,False,Mountain West vs Mountain West
2022,regular,4,401426571,2022-09-24 01:00:00+00:00,UTEP,Boise State,Conference USA,Mountain West,False,27,10,fbs,fbs,Boise State,Boise State,Boise State,UTEP,0,0,0,higher_spi_home_field_adjusted,higher_spi,higher_spi_home_field_adjusted,18.184902183103123,50.609568402065264,20.132,79.868,24.821,75.179,0.067059,2022_w3,spi_rankings_2022_w3.csv,131,,False,False,Conference USA vs Mountain West
2022,regular,4,401403899,2022-09-24 16:00:00+00:00,Mississippi State,Bowling Green,SEC,Mid-American,False,45,14,fbs,fbs,Mississippi State,Mississippi State,Mississippi State,Mississippi State,1,1,1,higher_spi_home_field_adjusted,higher_spi,higher_spi_home_field_adjusted,72.9715660128302,31.98880390383155,85.091,14.909,88.201,11.799,0.067059,2022_w3,spi_rankings_2022_w3.csv,131,,False,False,Mid-American vs SEC
2022,regular,4,401403894,2022-09-24 16:00:00+00:00,Auburn,Missouri,SEC,SEC,True,17,14,fbs,fbs,Auburn,Auburn,Auburn,Auburn,1,1,1,higher_spi_home_field_adjusted,higher_spi,higher_spi_home_field_adjusted,63.744790896547855,50.53227287939555,63.681,36.319,69.665,30.335,0.067059,2022_w3,spi_rankings_2022_w3.csv,131,,False,False,SEC vs SEC
2022,regular,4,401403895,2022-09-24 16:00:00+00:00,Georgia,Kent State,SEC,Mid-American,False,39,22,fbs,fbs,Georgia,Georgia,Georgia,Georgia,1,1,1,higher_spi_home_field_adjusted,higher_spi,higher_spi_home_field_adjusted,80.89816051695627,42.48299234648996,83.653,16.347,87.017,12.983,0.067059,2022_w3,spi_rankings_2022_w3.csv,131,,False,False,Mid-American vs SEC
2022,regular,4,401411123,2022-09-24 16:00:00+00:00,Wake Forest,Clemson,ACC,ACC,True,45,51,fbs,fbs,Wake Forest,Wake Forest,Wake Forest,Clemson,0,0,0,higher_spi_home_field_adjusted,higher_spi,higher_spi_home_field_adjusted,79.56230232847518,74.14262840555445,55.733,44.267,62.251,37.749,0.067059,2022_w3,spi_rankings_2022_w3.csv,131,,False,False,ACC vs ACC
2022,regular,4,401411119,2022-09-24 16:00:00+00:00,Louisville,South Florida,ACC,American Athletic,False,41,3,fbs,fbs,Louisville,Louisville,Louisville,Louisville,1,1,1,higher_spi_home_field_adjusted,higher_spi,higher_spi_home_field_adjusted,51.334191169835485,29.927151443498836,71.296,28.704,76.489,23.511,0.067059,2022_w3,spi_rankings_2022_w3.csv,131,,False,False,ACC vs American Athletic
2022,regular,4,401405098,2022-09-24 16:00:00+00:00,Penn State,Central Michigan,Big Ten,Mid-American,False,33,14,fbs,fbs,Penn State,Penn State,Penn State,Penn State,1,1,1,higher_spi_home_field_adjusted,higher_spi,higher_spi_home_field_adjusted,76.79820968846539,42.90782669211891,80.851,19.149,84.686,15.314,0.067059,2022_w3,spi_rankings_2022_w3.csv,131,,False,False,Big Ten vs Mid-American
2022,regular,4,401404079,2022-09-24 16:00:00+00:00,Kansas,Duke,Big 12,ACC,False,35,27,fbs,fbs,Duke,Duke,Duke,Kansas,0,0,0,higher_spi_home_field_adjusted,higher_spi,higher_spi_home_field_adjusted,73.79668483342321,83.95276717179601,39.374,60.626,45.965,54.035,0.067059,2022_w3,spi_rankings_2022_w3.csv,131,,False,False,ACC vs Big 12
2022,regular,4,401416604,2022-09-24 16:00:00+00:00,Eastern Michigan,Buffalo,Mid-American,Mid-American,True,31,50,fbs,fbs,Eastern Michigan,Eastern Michigan,Eastern Michigan,Buffalo,0,0,0,higher_spi_home_field_adjusted,higher_spi,higher_spi_home_field_adjusted,47.93309054702802,12.927751760184886,81.574,18.426,85.291,14.709,0.067059,2022_w3,spi_rankings_2022_w3.csv,131,,False,False,Mid-American vs Mid-American
2022,regular,4,401404080,2022-09-24 16:00:00+00:00,Iowa State,Baylor,Big 12,Big 12,True,24,31,fbs,fbs,Iowa State,Iowa State,Iowa State,Baylor,0,0,0,higher_spi_home_field_adjusted,higher_spi,higher_spi_home_field_adjusted,73.70398719830999,60.29836309217552,63.87,36.13,69.838,30.162,0.067059,2022_w3,spi_rankings_2022_w3.csv,131,,False,False,Big 12 vs Big 12
2022,regular,4,401404078,2022-09-24 16:00:00+00:00,SMU,TCU,American Athletic,Big 12,False,34,42,fbs,fbs,TCU,TCU,TCU,TCU,1,1,1,higher_spi_home_field_adjusted,higher_spi,higher_spi_home_field_adjusted,60.65051721905195,74.80755697177382,35.396,64.604,41.78,58.22,0.067059,2022_w3,spi_rankings_2022_w3.csv,131,,False,False,American Athletic vs Big 12
2022,regular,4,401411121,2022-09-24 16:00:00+00:00,Pittsburgh,Rhode Island,ACC,CAA,False,45,24,fbs,fcs,Pittsburgh,Pittsburgh,Pittsburgh,Pittsburgh,1,1,1,fbs_vs_fcs_rule,fbs_vs_fcs_rule,fbs_vs_fcs_rule,59.59278359818296,,100.0,0.0,100.0,0.0,0.067059,2022_w3,spi_rankings_2022_w3.csv,131,,False,False,ACC vs CAA
2022,regular,4,401405097,2022-09-24 16:00:00+00:00,Michigan,Maryland,Big Ten,Big Ten,True,34,27,fbs,fbs,Michigan,Michigan,Michigan,Michigan,1,1,1,higher_spi_home_field_adjusted,higher_spi,higher_spi_home_field_adjusted,89.05216032212773,75.41227022820793,64.1,35.9,70.047,29.953,0.067059,2022_w3,spi_rankings_2022_w3.csv,131,,False,False,Big Ten vs Big Ten
2022,regular,4,401414781,2022-09-24 18:00:00+00:00,Temple,Massachusetts,American Athletic,FBS Independents,False,28,0,fbs,fbs,Temple,Temple,Temple,Temple,1,1,1,higher_spi_home_field_adjusted,higher_spi,higher_spi_home_field_adjusted,35.79557633726399,26.500431820626048,59.75,40.25,66.036,33.964,0.067059,2022_w3,spi_rankings_2022_w3.csv,131,,False,False,American Athletic vs FBS Independents
2022,regular,4,401403998,2022-09-24 18:00:00+00:00,Colorado,UCLA,Pac-12,Pac-12,True,17,45,fbs,fbs,UCLA,UCLA,UCLA,UCLA,1,1,1,higher_spi_home_field_adjusted,higher_spi,higher_spi_home_field_adjusted,19.967024798630582,76.689793318184,8.236,91.764,10.519,89.481,0.067059,2022_w3,spi_rankings_2022_w3.csv,131,,False,False,Pac-12 vs Pac-12
2022,regular,4,401416606,2022-09-24 18:00:00+00:00,Ohio,Fordham,Mid-American,Patriot,False,59,52,fbs,fcs,Ohio,Ohio,Ohio,Ohio,1,1,1,fbs_vs_fcs_rule,fbs_vs_fcs_rule,fbs_vs_fcs_rule,40.98352200353794,,100.0,0.0,100.0,0.0,0.067059,2022_w3,spi_rankings_2022_w3.csv,131,,False,False,Mid-American vs Patriot
2022,regular,4,401403901,2022-09-24 19:30:00+00:00,Tennessee,Florida,SEC,SEC,True,38,33,fbs,fbs,Tennessee,Tennessee,Tennessee,Tennessee,1,1,1,higher_spi_home_field_adjusted,higher_spi,higher_spi_home_field_adjusted,80.43346917503634,67.23020129078641,63.672,36.328,69.657,30.343,0.067059,2022_w3,spi_rankings_2022_w3.csv,131,,False,False,SEC vs SEC
2022,regular,4,401405096,2022-09-24 19:30:00+00:00,Cincinnati,Indiana,American Athletic,Big Ten,False,45,24,fbs,fbs,Cincinnati,Indiana,Cincinnati,Cincinnati,1,0,1,higher_spi_home_field_adjusted,higher_spi,higher_spi_home_field_adjusted,65.98818532856838,67.76498393297985,48.113,51.887,54.843,45.157,0.067059,2022_w3,spi_rankings_2022_w3.csv,131,,False,False,American Athletic vs Big Ten
2022,regular,4,401415224,2022-09-24 19:30:00+00:00,San Diego State,Toledo,Mountain West,Mid-American,False,17,14,fbs,fbs,Toledo,Toledo,Toledo,San Diego State,0,0,0,higher_spi_home_field_adjusted,higher_spi,higher_spi_home_field_adjusted,30.0633398483736,56.42605133784182,24.593,75.407,29.932,70.068,0.067059,2022_w3,spi_rankings_2022_w3.csv,131,,False,False,Mid-American vs Mountain West
2022,regular,4,401404126,2022-09-24 19:30:00+00:00,North Carolina,Notre Dame,ACC,FBS Independents,False,32,45,fbs,fbs,North Carolina,North Carolina,North Carolina,Notre Dame,0,0,0,higher_spi_home_field_adjusted,higher_spi,higher_spi_home_field_adjusted,75.10991241265566,41.58266032534673,80.611,19.389,84.485,15.515,0.067059,2022_w3,spi_rankings_2022_w3.csv,131,,False,False,ACC vs FBS Independents
2022,regular,4,401426568,2022-09-24 19:30:00+00:00,Miami,Middle Tennessee,ACC,Conference USA,False,31,45,fbs,fbs,Miami,Miami,Miami,Middle Tennessee,0,0,0,higher_spi_home_field_adjusted,higher_spi,higher_spi_home_field_adjusted,64.31778409686375,56.82741233006991,57.892,42.108,64.295,35.705,0.067059,2022_w3,spi_rankings_2022_w3.csv,131,,False,False,ACC vs Conference USA
2022,regular,4,401404082,2022-09-24 19:30:00+00:00,Texas Tech,Texas,Big 12,Big 12,True,37,34,fbs,fbs,Texas Tech,Texas,Texas Tech,Texas Tech,1,0,1,higher_spi_home_field_adjusted,higher_spi,higher_spi_home_field_adjusted,57.23652794053065,63.46059456048492,43.425,56.575,50.133,49.867,0.067059,2022_w3,spi_rankings_2022_w3.csv,131,,False,False,Big 12 vs Big 12
2022,regular,4,401405092,2022-09-24 19:30:00+00:00,Michigan State,Minnesota,Big Ten,Big Ten,True,7,34,fbs,fbs,Minnesota,Minnesota,Minnesota,Minnesota,1,1,1,higher_spi_home_field_adjusted,higher_spi,higher_spi_home_field_adjusted,58.176052050242966,79.88185961813821,28.445,71.555,34.24,65.76,0.067059,2022_w3,spi_rankings_2022_w3.csv,131,,False,False,Big Ten vs Big Ten
2022,regular,4,401426569,2022-09-24 19:30:00+00:00,Memphis,North Texas,American Athletic,Conference USA,False,44,34,fbs,fbs,Memphis,Memphis,Memphis,Memphis,1,1,1,higher_spi_home_field_adjusted,higher_spi,higher_spi_home_field_adjusted,51.65345136184184,38.6775509158365,63.448,36.552,69.452,30.548,0.067059,2022_w3,spi_rankings_2022_w3.csv,131,,False,False,American Athletic vs Conference USA
2022,regular,4,401415037,2022-09-24 19:30:00+00:00,App State,James Madison,Sun Belt,Sun Belt,True,28,32,fbs,fbs,James Madison,James Madison,James Madison,James Madison,1,1,1,higher_spi_home_field_adjusted,higher_spi,higher_spi_home_field_adjusted,56.4525447443319,81.21006793773805,25.88,74.12,31.382,68.618,0.067059,2022_w3,spi_rankings_2022_w3.csv,131,,False,False,Sun Belt vs Sun Belt
2022,regular,4,401426565,2022-09-24 19:30:00+00:00,Western Kentucky,Florida International,Conference USA,Conference USA,True,73,0,fbs,fbs,Western Kentucky,Western Kentucky,Western Kentucky,Western Kentucky,1,1,1,higher_spi_home_field_adjusted,higher_spi,higher_spi_home_field_adjusted,63.89004421003106,38.079638847455286,74.969,25.031,79.686,20.314,0.067059,2022_w3,spi_rankings_2022_w3.csv,131,,False,False,Conference USA vs Conference USA
2022,regular,4,401426572,2022-09-24 19:30:00+00:00,UTSA,Texas Southern,Conference USA,SWAC,False,52,24,fbs,fcs,UTSA,UTSA,UTSA,UTSA,1,1,1,fbs_vs_fcs_rule,fbs_vs_fcs_rule,fbs_vs_fcs_rule,34.81422003316305,,100.0,0.0,100.0,0.0,0.067059,2022_w3,spi_rankings_2022_w3.csv,131,,False,False,Conference USA vs SWAC
2022,regular,4,401415221,2022-09-24 20:00:00+00:00,Colorado State,Sacramento State,Mountain West,Big Sky,False,10,41,fbs,fcs,Colorado State,Colorado State,Colorado State,Sacramento State,0,0,0,fbs_vs_fcs_rule,fbs_vs_fcs_rule,fbs_vs_fcs_rule,11.667213896275868,,100.0,0.0,100.0,0.0,0.067059,2022_w3,spi_rankings_2022_w3.csv,131,,False,False,Big Sky vs Mountain West
2022,regular,4,401403898,2022-09-24 20:00:00+00:00,Ole Miss,Tulsa,SEC,American Athletic,False,35,27,fbs,fbs,Ole Miss,Ole Miss,Ole Miss,Ole Miss,1,1,1,higher_spi_home_field_adjusted,higher_spi,higher_spi_home_field_adjusted,78.29477449021365,58.6607291462511,69.729,30.271,75.107,24.893,0.067059,2022_w3,spi_rankings_2022_w3.csv,131,,False,False,American Athletic vs SEC
2022,regular,4,401411122,2022-09-24 20:00:00+00:00,UCF,Georgia Tech,American Athletic,ACC,False,27,10,fbs,fbs,UCF,UCF,UCF,UCF,1,1,1,higher_spi_home_field_adjusted,higher_spi,higher_spi_home_field_adjusted,55.52595308981035,42.29009575621063,63.704,36.296,69.686,30.314,0.067059,2022_w3,spi_rankings_2022_w3.csv,131,,False,False,ACC vs American Athletic
2022,regular,4,401403999,2022-09-24 20:00:00+00:00,Washington State,Oregon,Pac-12,Pac-12,True,41,44,fbs,fbs,Washington State,Washington State,Washington State,Oregon,0,0,0,higher_spi_home_field_adjusted,higher_spi,higher_spi_home_field_adjusted,77.3449385060621,68.14686576747924,59.65,40.35,65.944,34.056,0.067059,2022_w3,spi_rankings_2022_w3.csv,131,,False,False,Pac-12 vs Pac-12
2022,regular,4,401403996,2022-09-24 21:30:00+00:00,California,Arizona,Pac-12,Pac-12,True,49,31,fbs,fbs,California,California,California,California,1,1,1,higher_spi_home_field_adjusted,higher_spi,higher_spi_home_field_adjusted,57.02890628273416,51.41101175841813,55.941,44.059,62.448,37.552,0.067059,2022_w3,spi_rankings_2022_w3.csv,131,,False,False,Pac-12 vs Pac-12
2022,regular,4,401416605,2022-09-24 22:00:00+00:00,Georgia Southern,Ball State,Sun Belt,Mid-American,False,34,23,fbs,fbs,Georgia Southern,Georgia Southern,Georgia Southern,Georgia Southern,1,1,1,higher_spi_home_field_adjusted,higher_spi,higher_spi_home_field_adjusted,51.57498433509069,34.08601467926276,67.771,32.229,73.363,26.637,0.067059,2022_w3,spi_rankings_2022_w3.csv,131,,False,False,Mid-American vs Sun Belt
2022,regular,4,401415624,2022-09-24 22:00:00+00:00,East Carolina,Navy,American Athletic,American Athletic,True,20,23,fbs,fbs,East Carolina,East Carolina,East Carolina,Navy,0,0,0,higher_spi_home_field_adjusted,higher_spi,higher_spi_home_field_adjusted,60.15473669179279,27.79229026831559,79.825,20.175,83.825,16.175,0.067059,2022_w3,spi_rankings_2022_w3.csv,131,,False,False,American Athletic vs American Athletic
2022,regular,4,401404160,2022-09-24 22:00:00+00:00,Liberty,Akron,FBS Independents,Mid-American,False,21,12,fbs,fbs,Liberty,Liberty,Liberty,Liberty,1,1,1,higher_spi_home_field_adjusted,higher_spi,higher_spi_home_field_adjusted,56.86054003805173,27.89477866963363,77.4,22.6,81.771,18.229,0.067059,2022_w3,spi_rankings_2022_w3.csv,131,,False,False,FBS Independents vs Mid-American
2022,regular,4,401426570,2022-09-24 22:00:00+00:00,Houston,Rice,American Athletic,Conference USA,False,34,27,fbs,fbs,Rice,Rice,Rice,Houston,0,0,0,higher_spi_home_field_adjusted,higher_spi,higher_spi_home_field_adjusted,42.619560698634366,53.98860094866501,38.15,61.85,44.687,55.313,0.067059,2022_w3,spi_rankings_2022_w3.csv,131,,False,False,American Athletic vs Conference USA
2022,regular,4,401426335,2022-09-24 22:00:00+00:00,Old Dominion,Arkansas State,Sun Belt,Sun Belt,True,29,26,fbs,fbs,Old Dominion,Arkansas State,Old Dominion,Old Dominion,1,0,1,higher_spi_home_field_adjusted,higher_spi,higher_spi_home_field_adjusted,41.204095641593206,44.87605328507159,46.106,53.894,52.842,47.158,0.067059,2022_w3,spi_rankings_2022_w3.csv,131,,False,False,Sun Belt vs Sun Belt
2022,regular,4,401403896,2022-09-24 23:00:00+00:00,Kentucky,Northern Illinois,SEC,Mid-American,False,31,23,fbs,fbs,Kentucky,Kentucky,Kentucky,Kentucky,1,1,1,higher_spi_home_field_adjusted,higher_spi,higher_spi_home_field_adjusted,71.95979756831636,36.983370657875525,81.555,18.445,85.275,14.725,0.067059,2022_w3,spi_rankings_2022_w3.csv,131,,False,False,Mid-American vs SEC
2022,regular,4,401403893,2022-09-24 23:00:00+00:00,Texas A&M,Arkansas,SEC,SEC,True,23,21,fbs,fbs,Arkansas,Arkansas,Arkansas,Texas A&M,0,0,0,higher_spi_home_field_adjusted,higher_spi,higher_spi_home_field_adjusted,63.73003416675822,73.25571116155263,40.015,59.985,40.015,59.985,0.067059,2022_w3,spi_rankings_2022_w3.csv,131,,False,False,SEC vs SEC
2022,regular,4,401415040,2022-09-24 23:00:00+00:00,Tulane,Southern Miss,American Athletic,Sun Belt,False,24,27,fbs,fbs,Tulane,Tulane,Tulane,Southern Miss,0,0,0,higher_spi_home_field_adjusted,higher_spi,higher_spi_home_field_adjusted,78.55901673446087,41.274958973610445,82.985,17.015,86.465,13.535,0.067059,2022_w3,spi_rankings_2022_w3.csv,131,,False,False,American Athletic vs Sun Belt
2022,regular,4,401426393,2022-09-24 23:00:00+00:00,Troy,Marshall,Sun Belt,Sun Belt,True,16,7,fbs,fbs,Marshall,Marshall,Marshall,Troy,0,0,0,higher_spi_home_field_adjusted,higher_spi,higher_spi_home_field_adjusted,44.4786426890388,53.28441934400203,40.752,59.248,47.393,52.607,0.067059,2022_w3,spi_rankings_2022_w3.csv,131,,False,False,Sun Belt vs Sun Belt
2022,regular,4,401426567,2022-09-24 23:00:00+00:00,South Alabama,Louisiana Tech,Sun Belt,Conference USA,False,38,14,fbs,fbs,South Alabama,South Alabama,South Alabama,South Alabama,1,1,1,higher_spi_home_field_adjusted,higher_spi,higher_spi_home_field_adjusted,55.860381621148456,40.78063491088495,65.495,34.505,71.315,28.685,0.067059,2022_w3,spi_rankings_2022_w3.csv,131,,False,False,Conference USA vs Sun Belt
2022,regular,4,401405091,2022-09-24 23:00:00+00:00,Rutgers,Iowa,Big Ten,Big Ten,True,10,27,fbs,fbs,Rutgers,Rutgers,Rutgers,Iowa,0,0,0,higher_spi_home_field_adjusted,higher_spi,higher_spi_home_field_adjusted,73.70934287169845,61.515924170546086,62.673,37.327,68.742,31.258,0.067059,2022_w3,spi_rankings_2022_w3.csv,131,,False,False,Big Ten vs Big Ten
2022,regular,4,401415222,2022-09-24 23:00:00+00:00,Utah State,UNLV,Mountain West,Mountain West,True,24,34,fbs,fbs,UNLV,UNLV,UNLV,UNLV,1,1,1,higher_spi_home_field_adjusted,higher_spi,higher_spi_home_field_adjusted,26.736712056645068,55.58481430974294,22.687,77.313,27.764,72.236,0.067059,2022_w3,spi_rankings_2022_w3.csv,131,,False,False,Mountain West vs Mountain West
2022,regular,4,401418793,2022-09-24 23:00:00+00:00,Texas State,Houston Christian,Sun Belt,Southland,False,34,0,fbs,fcs,Texas State,Texas State,Texas State,Texas State,1,1,1,fbs_vs_fcs_rule,fbs_vs_fcs_rule,fbs_vs_fcs_rule,39.97679260968787,,100.0,0.0,100.0,0.0,0.067059,2022_w3,spi_rankings_2022_w3.csv,131,,False,False,Southland vs Sun Belt
2022,regular,4,401405095,2022-09-24 23:30:00+00:00,Ohio State,Wisconsin,Big Ten,Big Ten,True,52,21,fbs,fbs,Ohio State,Ohio State,Ohio State,Ohio State,1,1,1,higher_spi_home_field_adjusted,higher_spi,higher_spi_home_field_adjusted,81.27244604458535,59.73338994547651,71.411,28.589,76.589,23.411,0.067059,2022_w3,spi_rankings_2022_w3.csv,131,,False,False,Big Ten vs Big Ten
2022,regular,4,401404150,2022-09-24 23:30:00+00:00,NC State,UConn,ACC,FBS Independents,False,41,10,fbs,fbs,NC State,NC State,NC State,NC State,1,1,1,higher_spi_home_field_adjusted,higher_spi,higher_spi_home_field_adjusted,77.32520605015367,26.67733329048372,89.591,10.409,91.852,8.148,0.067059,2022_w3,spi_rankings_2022_w3.csv,131,,False,False,ACC vs FBS Independents
2022,regular,4,401426566,2022-09-24 23:30:00+00:00,Purdue,Florida Atlantic,Big Ten,Conference USA,False,28,26,fbs,fbs,Purdue,Purdue,Purdue,Purdue,1,1,1,higher_spi_home_field_adjusted,higher_spi,higher_spi_home_field_adjusted,57.70125094472306,35.91565629716689,71.624,28.376,76.777,23.223,0.067059,2022_w3,spi_rankings_2022_w3.csv,131,,False,False,Big Ten vs Conference USA
2022,regular,4,401426564,2022-09-24 23:30:00+00:00,South Carolina,Charlotte,SEC,Conference USA,False,56,20,fbs,fbs,South Carolina,South Carolina,South Carolina,South Carolina,1,1,1,higher_spi_home_field_adjusted,higher_spi,higher_spi_home_field_adjusted,53.51449641313947,11.372273363828317,85.706,14.294,88.705,11.295,0.067059,2022_w3,spi_rankings_2022_w3.csv,131,,False,False,Conference USA vs SEC
2022,regular,4,401403892,2022-09-24 23:30:00+00:00,Alabama,Vanderbilt,SEC,SEC,True,55,3,fbs,fbs,Alabama,Alabama,Alabama,Alabama,1,1,1,higher_spi_home_field_adjusted,higher_spi,higher_spi_home_field_adjusted,87.49156860069327,58.0880866056028,77.724,22.276,82.047,17.953,0.067059,2022_w3,spi_rankings_2022_w3.csv,131,,False,False,SEC vs SEC
2022,regular,4,401405093,2022-09-24 23:30:00+00:00,Northwestern,Miami (OH),Big Ten,Mid-American,False,14,17,fbs,fbs,Miami (OH),Miami (OH),Miami (OH),Miami (OH),1,1,1,higher_spi_home_field_adjusted,higher_spi,higher_spi_home_field_adjusted,32.26211105668718,44.88758785093275,36.898,63.102,43.371,56.629,0.067059,2022_w3,spi_rankings_2022_w3.csv,131,,False,False,Big Ten vs Mid-American
2022,regular,4,401403897,2022-09-24 23:30:00+00:00,LSU,New Mexico,SEC,Mountain West,False,38,0,fbs,fbs,LSU,LSU,LSU,LSU,1,1,1,higher_spi_home_field_adjusted,higher_spi,higher_spi_home_field_adjusted,65.53720586144654,59.664470149284455,56.208,43.792,62.702,37.298,0.067059,2022_w3,spi_rankings_2022_w3.csv,131,,False,False,Mountain West vs SEC
2022,regular,4,401404081,2022-09-25 00:00:00+00:00,Oklahoma,Kansas State,Big 12,Big 12,True,34,41,fbs,fbs,Oklahoma,Oklahoma,Oklahoma,Kansas State,0,0,0,higher_spi_home_field_adjusted,higher_spi,higher_spi_home_field_adjusted,76.05346238031265,64.8297266311057,61.704,38.296,67.85,32.15,0.067059,2022_w3,spi_rankings_2022_w3.csv,131,,False,False,Big 12 vs Big 12
2022,regular,4,401411118,2022-09-25 00:00:00+00:00,Florida State,Boston College,ACC,ACC,True,44,14,fbs,fbs,Florida State,Florida State,Florida State,Florida State,1,1,1,higher_spi_home_field_adjusted,higher_spi,higher_spi_home_field_adjusted,81.91817803885785,40.26330504098205,85.45,14.55,88.495,11.505,0.067059,2022_w3,spi_rankings_2022_w3.csv,131,,False,False,ACC vs ACC
2022,regular,4,401409237,2022-09-25 00:00:00+00:00,New Mexico State,Hawai'i,FBS Independents,Mountain West,False,45,26,fbs,fbs,Hawai'i,Hawai'i,Hawai'i,New Mexico State,0,0,0,higher_spi_home_field_adjusted,higher_spi,higher_spi_home_field_adjusted,4.114411647959009,16.890190568885544,36.75,63.25,43.214,56.786,0.067059,2022_w3,spi_rankings_2022_w3.csv,131,,False,False,FBS Independents vs Mountain West
2022,regular,4,401426336,2022-09-25 00:00:00+00:00,UL Monroe,Louisiana,Sun Belt,Sun Belt,True,21,17,fbs,fbs,Louisiana,Louisiana,Louisiana,UL Monroe,0,0,0,higher_spi_home_field_adjusted,higher_spi,higher_spi_home_field_adjusted,31.334121512836045,49.49690443239098,31.606,68.394,37.706,62.294,0.067059,2022_w3,spi_rankings_2022_w3.csv,131,,False,False,Sun Belt vs Sun Belt
2022,regular,4,401404000,2022-09-25 01:30:00+00:00,Oregon State,USC,Pac-12,Pac-12,True,14,17,fbs,fbs,Oregon State,Oregon State,Oregon State,USC,0,0,0,higher_spi_home_field_adjusted,higher_spi,higher_spi_home_field_adjusted,87.58964143426296,83.3200066828503,54.524,45.476,61.095,38.905,0.067059,2022_w3,spi_rankings_2022_w3.csv,131,,False,False,Pac-12 vs Pac-12
2022,regular,4,401415223,2022-09-25 02:15:00+00:00,BYU,Wyoming,FBS Independents,Mountain West,False,38,24,fbs,fbs,BYU,BYU,BYU,BYU,1,1,1,higher_spi_home_field_adjusted,higher_spi,higher_spi_home_field_adjusted,61.97439282051639,51.181608172201386,61.27,38.73,67.449,32.551,0.067059,2022_w3,spi_rankings_2022_w3.csv,131,,False,False,FBS Independents vs Mountain West
2022,regular,4,401403997,2022-09-25 02:30:00+00:00,Arizona State,Utah,Pac-12,Pac-12,True,13,34,fbs,fbs,Utah,Utah,Utah,Utah,1,1,1,higher_spi_home_field_adjusted,higher_spi,higher_spi_home_field_adjusted,36.73832261090476,62.98959767700239,24.681,75.319,30.031,69.969,0.067059,2022_w3,spi_rankings_2022_w3.csv,131,,False,False,Pac-12 vs Pac-12
2022,regular,4,401415225,2022-09-25 02:30:00+00:00,San José State,Western Michigan,Mountain West,Mid-American,False,34,6,fbs,fbs,San José State,San José State,San José State,San José State,1,1,1,higher_spi_home_field_adjusted,higher_spi,higher_spi_home_field_adjusted,46.39527560900007,30.525473934086957,66.25,33.75,71.997,28.003,0.067059,2022_w3,spi_rankings_2022_w3.csv,131,,False,False,Mid-American vs Mountain West
2022,regular,4,401404001,2022-09-25 02:30:00+00:00,Washington,Stanford,Pac-12,Pac-12,True,40,22,fbs,fbs,Washington,Washington,Washington,Washington,1,1,1,higher_spi_home_field_adjusted,higher_spi,higher_spi_home_field_adjusted,78.49731329786948,52.36061396945794,75.228,24.772,79.91,20.09,0.067059,2022_w3,spi_rankings_2022_w3.csv,131,,False,False,Pac-12 vs Pac-12
2022,regular,5,401403908,2022-09-29 23:00:00+00:00,South Carolina,South Carolina State,SEC,MEAC,False,50,10,fbs,fcs,South Carolina,South Carolina,South Carolina,South Carolina,1,1,1,fbs_vs_fcs_rule,fbs_vs_fcs_rule,fbs_vs_fcs_rule,59.11480420656636,,100.0,0.0,100.0,0.0,0.067059,2022_w4,spi_rankings_2022_w4.csv,131,Moved from Oct 1,False,False,MEAC vs SEC
2022,regular,5,401415226,2022-09-30 00:00:00+00:00,BYU,Utah State,FBS Independents,Mountain West,False,38,26,fbs,fbs,BYU,BYU,BYU,BYU,1,1,1,higher_spi_home_field_adjusted,higher_spi,higher_spi_home_field_adjusted,81.98623461012312,37.62262739398084,86.824,13.176,89.616,10.384,0.067059,2022_w4,spi_rankings_2022_w4.csv,131,,False,False,FBS Independents vs Mountain West
2022,regular,5,401415625,2022-09-30 23:00:00+00:00,Houston,Tulane,American Athletic,American Athletic,True,24,27,fbs,fbs,Tulane,Tulane,Tulane,Tulane,1,1,1,higher_spi_home_field_adjusted,higher_spi,higher_spi_home_field_adjusted,59.71494528043776,75.7373888508892,33.605,66.395,39.865,60.135,0.067059,2022_w4,spi_rankings_2022_w4.csv,131,,False,False,American Athletic vs American Athletic
2022,regular,5,401426576,2022-09-30 23:30:00+00:00,Middle Tennessee,UTSA,Conference USA,Conference USA,True,30,45,fbs,fbs,Middle Tennessee,Middle Tennessee,Middle Tennessee,UTSA,0,0,0,higher_spi_home_field_adjusted,higher_spi,higher_spi_home_field_adjusted,70.56977100433197,45.128462722298224,74.673,25.327,79.431,20.569,0.067059,2022_w4,spi_rankings_2022_w4.csv,131,,False,False,Conference USA vs Conference USA
2022,regular,5,401415228,2022-10-01 00:00:00+00:00,Boise State,San Diego State,Mountain West,Mountain West,True,35,13,fbs,fbs,Boise State,San Diego State,Boise State,Boise State,1,0,1,higher_spi_home_field_adjusted,higher_spi,higher_spi_home_field_adjusted,43.74258293433654,44.19556543547653,49.519,50.481,56.233,43.767,0.067059,2022_w4,spi_rankings_2022_w4.csv,131,,False,False,Mountain West vs Mountain West
2022,regular,5,401404007,2022-10-01 02:30:00+00:00,UCLA,Washington,Pac-12,Pac-12,True,40,32,fbs,fbs,UCLA,UCLA,UCLA,UCLA,1,1,1,higher_spi_home_field_adjusted,higher_spi,higher_spi_home_field_adjusted,82.57309122777019,81.44733242134063,51.196,48.804,57.877,42.123,0.067059,2022_w4,spi_rankings_2022_w4.csv,131,,False,False,Pac-12 vs Pac-12
2022,regular,5,401415229,2022-10-01 03:00:00+00:00,UNLV,New Mexico,Mountain West,Mountain West,True,31,20,fbs,fbs,UNLV,UNLV,UNLV,UNLV,1,1,1,higher_spi_home_field_adjusted,higher_spi,higher_spi_home_field_adjusted,66.87415213178295,58.19311801755587,59.12,40.88,65.448,34.552,0.067059,2022_w4,spi_rankings_2022_w4.csv,131,,False,False,Mountain West vs Mountain West
2022,regular,5,401411124,2022-10-01 16:00:00+00:00,Boston College,Louisville,ACC,ACC,True,34,33,fbs,fbs,Louisville,Louisville,Louisville,Boston College,0,0,0,higher_spi_home_field_adjusted,higher_spi,higher_spi_home_field_adjusted,39.66643510601916,64.63231019151847,25.711,74.289,31.191,68.809,0.067059,2022_w4,spi_rankings_2022_w4.csv,131,,False,False,ACC vs ACC
2022,regular,5,401415227,2022-10-01 16:00:00+00:00,Air Force,Navy,Mountain West,American Athletic,False,13,10,fbs,fbs,Air Force,Air Force,Air Force,Air Force,1,1,1,higher_spi_home_field_adjusted,higher_spi,higher_spi_home_field_adjusted,72.4576386513908,41.0608327633379,79.156,20.844,83.261,16.739,0.067059,2022_w4,spi_rankings_2022_w4.csv,131,,False,False,American Athletic vs Mountain West
2022,regular,5,401415628,2022-10-01 16:00:00+00:00,Memphis,Temple,American Athletic,American Athletic,True,24,3,fbs,fbs,Memphis,Memphis,Memphis,Memphis,1,1,1,higher_spi_home_field_adjusted,higher_spi,higher_spi_home_field_adjusted,69.7515389876881,48.14919630642955,71.465,28.535,76.638,23.362,0.067059,2022_w4,spi_rankings_2022_w4.csv,131,,False,False,American Athletic vs American Athletic
2022,regular,5,401404086,2022-10-01 16:00:00+00:00,TCU,Oklahoma,Big 12,Big 12,True,55,24,fbs,fbs,TCU,TCU,TCU,TCU,1,1,1,higher_spi_home_field_adjusted,higher_spi,higher_spi_home_field_adjusted,83.94003647970816,75.46344191746466,58.91,41.09,65.252,34.748,0.067059,2022_w4,spi_rankings_2022_w4.csv,131,,False,False,Big 12 vs Big 12
2022,regular,5,401405101,2022-10-01 16:00:00+00:00,Minnesota,Purdue,Big Ten,Big Ten,True,10,20,fbs,fbs,Minnesota,Minnesota,Minnesota,Purdue,0,0,0,higher_spi_home_field_adjusted,higher_spi,higher_spi_home_field_adjusted,89.8937706623347,64.01225846443229,75.025,24.975,79.735,20.265,0.067059,2022_w4,spi_rankings_2022_w4.csv,131,,False,False,Big Ten vs Big Ten
2022,regular,5,401404137,2022-10-01 16:00:00+00:00,Army,Georgia State,FBS Independents,Sun Belt,False,14,31,fbs,fbs,Army,Army,Army,Georgia State,0,0,0,higher_spi_home_field_adjusted,higher_spi,higher_spi_home_field_adjusted,47.11529582763339,13.387205027359784,80.744,19.256,84.597,15.403,0.067059,2022_w4,spi_rankings_2022_w4.csv,131,,False,False,FBS Independents vs Sun Belt
2022,regular,5,401405099,2022-10-01 16:00:00+00:00,Wisconsin,Illinois,Big Ten,Big Ten,True,10,34,fbs,fbs,Illinois,Illinois,Illinois,Illinois,1,1,1,higher_spi_home_field_adjusted,higher_spi,higher_spi_home_field_adjusted,59.0326215515276,80.06846713976287,29.028,70.972,34.884,65.116,0.067059,2022_w4,spi_rankings_2022_w4.csv,131,,False,False,Big Ten vs Big Ten
2022,regular,5,401403905,2022-10-01 16:00:00+00:00,Ole Miss,Kentucky,SEC,SEC,True,22,19,fbs,fbs,Ole Miss,Ole Miss,Ole Miss,Ole Miss,1,1,1,higher_spi_home_field_adjusted,higher_spi,higher_spi_home_field_adjusted,91.12440150478795,77.82681757295943,63.764,36.236,69.741,30.259,0.067059,2022_w4,spi_rankings_2022_w4.csv,131,,False,False,SEC vs SEC
2022,regular,5,401404085,2022-10-01 16:00:00+00:00,Kansas State,Texas Tech,Big 12,Big 12,True,37,28,fbs,fbs,Kansas State,Kansas State,Kansas State,Kansas State,1,1,1,higher_spi_home_field_adjusted,higher_spi,higher_spi_home_field_adjusted,74.55781891244871,68.36134148426814,56.546,43.454,63.023,36.977,0.067059,2022_w4,spi_rankings_2022_w4.csv,131,,False,False,Big 12 vs Big 12
2022,regular,5,401405100,2022-10-01 16:00:00+00:00,Iowa,Michigan,Big Ten,Big Ten,True,14,27,fbs,fbs,Michigan,Michigan,Michigan,Michigan,1,1,1,higher_spi_home_field_adjusted,higher_spi,higher_spi_home_field_adjusted,63.786333646830826,97.64423734610122,19.171,80.829,23.702,76.298,0.067059,2022_w4,spi_rankings_2022_w4.csv,131,,False,False,Big Ten vs Big Ten
2022,regular,5,401426338,2022-10-01 17:30:00+00:00,James Madison,Texas State,Sun Belt,Sun Belt,True,40,13,fbs,fbs,James Madison,James Madison,James Madison,James Madison,1,1,1,higher_spi_home_field_adjusted,higher_spi,higher_spi_home_field_adjusted,87.01889534883722,52.481646146830826,81.273,18.727,85.039,14.961,0.067059,2022_w4,spi_rankings_2022_w4.csv,131,,False,False,Sun Belt vs Sun Belt
2022,regular,5,401414782,2022-10-01 18:00:00+00:00,Eastern Michigan,Massachusetts,Mid-American,FBS Independents,False,20,13,fbs,fbs,Eastern Michigan,Eastern Michigan,Eastern Michigan,Eastern Michigan,1,1,1,higher_spi_home_field_adjusted,higher_spi,higher_spi_home_field_adjusted,37.782496865025095,21.201536137710907,66.923,33.077,72.603,27.397,0.067059,2022_w4,spi_rankings_2022_w4.csv,131,,False,False,FBS Independents vs Mid-American
2022,regular,5,401416608,2022-10-01 18:00:00+00:00,Ball State,Northern Illinois,Mid-American,Mid-American,True,44,38,fbs,fbs,Ball State,Northern Illinois,Ball State,Ball State,1,0,1,higher_spi_home_field_adjusted,higher_spi,higher_spi_home_field_adjusted,34.09612973096216,37.49083019835842,46.399,53.601,53.136,46.864,0.067059,2022_w4,spi_rankings_2022_w4.csv,131,,False,False,Mid-American vs Mid-American
2022,regular,5,401404006,2022-10-01 18:00:00+00:00,Utah,Oregon State,Pac-12,Pac-12,True,42,16,fbs,fbs,Oregon State,Oregon State,Oregon State,Utah,0,0,0,higher_spi_home_field_adjusted,higher_spi,higher_spi_home_field_adjusted,72.81163075695395,79.44041766415867,43.003,56.997,49.703,50.297,0.067059,2022_w4,spi_rankings_2022_w4.csv,131,,False,False,Pac-12 vs Pac-12
2022,regular,5,401415626,2022-10-01 18:30:00+00:00,South Florida,East Carolina,American Athletic,American Athletic,True,28,48,fbs,fbs,East Carolina,East Carolina,East Carolina,East Carolina,1,1,1,higher_spi_home_field_adjusted,higher_spi,higher_spi_home_field_adjusted,21.94694767441861,62.67276205540355,15.048,84.952,15.048,84.952,0.067059,2022_w4,spi_rankings_2022_w4.csv,131,Moved from Raymond James Stadium due to inclement weather,False,False,American Athletic vs American Athletic
2022,regular,5,401416611,2022-10-01 19:30:00+00:00,Kent State,Ohio,Mid-American,Mid-American,True,31,24,fbs,fbs,Kent State,Ohio,Kent State,Kent State,1,0,1,higher_spi_home_field_adjusted,higher_spi,higher_spi_home_field_adjusted,44.35336511057913,44.47047067373461,49.876,50.124,56.584,43.416,0.067059,2022_w4,spi_rankings_2022_w4.csv,131,,False,False,Mid-American vs Mid-American
2022,regular,5,401421140,2022-10-01 19:30:00+00:00,App State,The Citadel,Sun Belt,Southern,False,49,0,fbs,fcs,App State,App State,App State,App State,1,1,1,fbs_vs_fcs_rule,fbs_vs_fcs_rule,fbs_vs_fcs_rule,60.35808182284544,,100.0,0.0,100.0,0.0,0.067059,2022_w4,spi_rankings_2022_w4.csv,131,,False,False,Southern vs Sun Belt
2022,regular,5,401404084,2022-10-01 19:30:00+00:00,Kansas,Iowa State,Big 12,Big 12,True,14,11,fbs,fbs,Kansas,Kansas,Kansas,Kansas,1,1,1,higher_spi_home_field_adjusted,higher_spi,higher_spi_home_field_adjusted,89.95080583105336,81.63716584017328,58.742,41.258,65.094,34.906,0.067059,2022_w4,spi_rankings_2022_w4.csv,131,,False,False,Big 12 vs Big 12
2022,regular,5,401403902,2022-10-01 19:30:00+00:00,Arkansas,Alabama,SEC,SEC,True,26,49,fbs,fbs,Alabama,Alabama,Alabama,Alabama,1,1,1,higher_spi_home_field_adjusted,higher_spi,higher_spi_home_field_adjusted,73.60877650478797,95.5169858641131,28.27,71.73,34.046,65.954,0.067059,2022_w4,spi_rankings_2022_w4.csv,131,,False,False,SEC vs SEC
2022,regular,5,401405105,2022-10-01 19:30:00+00:00,Penn State,Northwestern,Big Ten,Big Ten,True,17,7,fbs,fbs,Penn State,Penn State,Penn State,Penn State,1,1,1,higher_spi_home_field_adjusted,higher_spi,higher_spi_home_field_adjusted,90.52318456452348,28.25941561217511,93.378,6.622,94.864,5.136,0.067059,2022_w4,spi_rankings_2022_w4.csv,131,,False,False,Big Ten vs Big Ten
2022,regular,5,401416607,2022-10-01 19:30:00+00:00,Toledo,Central Michigan,Mid-American,Mid-American,True,38,17,fbs,fbs,Toledo,Toledo,Toledo,Toledo,1,1,1,higher_spi_home_field_adjusted,higher_spi,higher_spi_home_field_adjusted,55.11130942202463,41.73612773597812,63.84,36.16,69.811,30.189,0.067059,2022_w4,spi_rankings_2022_w4.csv,131,,False,False,Mid-American vs Mid-American
2022,regular,5,401411127,2022-10-01 19:30:00+00:00,Florida State,Wake Forest,ACC,ACC,True,21,31,fbs,fbs,Florida State,Florida State,Florida State,Wake Forest,0,0,0,higher_spi_home_field_adjusted,higher_spi,higher_spi_home_field_adjusted,89.5703125,74.39484652872778,65.587,34.413,71.399,28.601,0.067059,2022_w4,spi_rankings_2022_w4.csv,131,,False,False,ACC vs ACC
2022,regular,5,401416609,2022-10-01 19:30:00+00:00,Akron,Bowling Green,Mid-American,Mid-American,True,28,31,fbs,fbs,Akron,Bowling Green,Akron,Bowling Green,0,1,0,higher_spi_home_field_adjusted,higher_spi,higher_spi_home_field_adjusted,26.008047623119023,26.69265133378933,49.273,50.727,55.99,44.01,0.067059,2022_w4,spi_rankings_2022_w4.csv,131,,False,False,Mid-American vs Mid-American
2022,regular,5,401405103,2022-10-01 19:30:00+00:00,Maryland,Michigan State,Big Ten,Big Ten,True,27,13,fbs,fbs,Maryland,Maryland,Maryland,Maryland,1,1,1,higher_spi_home_field_adjusted,higher_spi,higher_spi_home_field_adjusted,75.89094562243501,60.31896944824442,65.967,34.033,71.741,28.259,0.067059,2022_w4,spi_rankings_2022_w4.csv,131,,False,False,Big Ten vs Big Ten
2022,regular,5,401404083,2022-10-01 19:30:00+00:00,Baylor,Oklahoma State,Big 12,Big 12,True,25,36,fbs,fbs,Oklahoma State,Oklahoma State,Oklahoma State,Oklahoma State,1,1,1,higher_spi_home_field_adjusted,higher_spi,higher_spi_home_field_adjusted,70.88465073529412,83.5016529867761,36.907,63.093,43.38,56.62,0.067059,2022_w4,spi_rankings_2022_w4.csv,131,,False,False,Big 12 vs Big 12
2022,regular,5,401405104,2022-10-01 19:30:00+00:00,Ohio State,Rutgers,Big Ten,Big Ten,True,49,10,fbs,fbs,Ohio State,Ohio State,Ohio State,Ohio State,1,1,1,higher_spi_home_field_adjusted,higher_spi,higher_spi_home_field_adjusted,91.50308153784768,69.38232087893297,71.913,28.087,77.03,22.97,0.067059,2022_w4,spi_rankings_2022_w4.csv,131,,False,False,Big Ten vs Big Ten
2022,regular,5,401411128,2022-10-01 19:30:00+00:00,North Carolina,Virginia Tech,ACC,ACC,True,41,10,fbs,fbs,North Carolina,North Carolina,North Carolina,North Carolina,1,1,1,higher_spi_home_field_adjusted,higher_spi,higher_spi_home_field_adjusted,61.076863885088926,47.34733028385772,64.187,35.813,70.127,29.873,0.067059,2022_w4,spi_rankings_2022_w4.csv,131,,False,False,ACC vs ACC
2022,regular,5,401416610,2022-10-01 19:30:00+00:00,Buffalo,Miami (OH),Mid-American,Mid-American,True,24,20,fbs,fbs,Miami (OH),Miami (OH),Miami (OH),Buffalo,0,0,0,higher_spi_home_field_adjusted,higher_spi,higher_spi_home_field_adjusted,28.782005243958054,58.0670207763338,22.363,77.637,27.393,72.607,0.067059,2022_w4,spi_rankings_2022_w4.csv,131,,False,False,Mid-American vs Mid-American
2022,regular,5,401426339,2022-10-01 19:30:00+00:00,Marshall,Gardner-Webb,Sun Belt,Big South,False,28,7,fbs,fcs,Marshall,Marshall,Marshall,Marshall,1,1,1,fbs_vs_fcs_rule,fbs_vs_fcs_rule,fbs_vs_fcs_rule,48.57668932398541,,100.0,0.0,100.0,0.0,0.067059,2022_w4,spi_rankings_2022_w4.csv,131,,False,False,Big South vs Sun Belt
2022,regular,5,401404151,2022-10-01 19:30:00+00:00,UConn,Fresno State,FBS Independents,Mountain West,False,19,14,fbs,fbs,Fresno State,Fresno State,Fresno State,UConn,0,0,0,higher_spi_home_field_adjusted,higher_spi,higher_spi_home_field_adjusted,25.491891814865493,46.27419630642956,29.251,70.749,35.129,64.871,0.067059,2022_w4,spi_rankings_2022_w4.csv,131,,False,False,FBS Independents vs Mountain West
2022,regular,5,401403906,2022-10-01 20:00:00+00:00,Mississippi State,Texas A&M,SEC,SEC,True,42,24,fbs,fbs,Mississippi State,Mississippi State,Mississippi State,Mississippi State,1,1,1,higher_spi_home_field_adjusted,higher_spi,higher_spi_home_field_adjusted,81.36925729594162,73.3014064637483,58.489,41.511,64.857,35.143,0.067059,2022_w4,spi_rankings_2022_w4.csv,131,,False,False,SEC vs SEC
2022,regular,5,401426575,2022-10-01 20:00:00+00:00,North Texas,Florida Atlantic,Conference USA,Conference USA,True,45,28,fbs,fbs,North Texas,North Texas,North Texas,North Texas,1,1,1,higher_spi_home_field_adjusted,higher_spi,higher_spi_home_field_adjusted,41.72118673050616,34.11389933880529,58.013,41.987,64.409,35.591,0.067059,2022_w4,spi_rankings_2022_w4.csv,131,,False,False,Conference USA vs Conference USA
2022,regular,5,401411130,2022-10-01 21:00:00+00:00,Syracuse,Wagner,ACC,NEC,False,59,0,fbs,fcs,Syracuse,Syracuse,Syracuse,Syracuse,1,1,1,fbs_vs_fcs_rule,fbs_vs_fcs_rule,fbs_vs_fcs_rule,83.37131284199727,,100.0,0.0,100.0,0.0,0.067059,2022_w4,spi_rankings_2022_w4.csv,131,,False,False,ACC vs NEC
2022,regular,5,401426341,2022-10-01 21:00:00+00:00,Louisiana,South Alabama,Sun Belt,Sun Belt,True,17,20,fbs,fbs,South Alabama,South Alabama,South Alabama,South Alabama,1,1,1,higher_spi_home_field_adjusted,higher_spi,higher_spi_home_field_adjusted,45.647995753533976,67.83432370041041,28.031,71.969,33.781,66.219,0.067059,2022_w4,spi_rankings_2022_w4.csv,131,,False,False,Sun Belt vs Sun Belt
2022,regular,5,401404004,2022-10-01 21:30:00+00:00,Washington State,California,Pac-12,Pac-12,True,28,9,fbs,fbs,Washington State,California,Washington State,Washington State,1,0,1,higher_spi_home_field_adjusted,higher_spi,higher_spi_home_field_adjusted,68.45975119699044,69.63348580711354,48.753,51.247,55.477,44.523,0.067059,2022_w4,spi_rankings_2022_w4.csv,131,,False,False,Pac-12 vs Pac-12
2022,regular,5,401426573,2022-10-01 22:00:00+00:00,Charlotte,UTEP,Conference USA,Conference USA,True,35,41,fbs,fbs,UTEP,UTEP,UTEP,UTEP,1,1,1,higher_spi_home_field_adjusted,higher_spi,higher_spi_home_field_adjusted,4.812500000000003,38.040469676242594,19.589,80.411,24.189,75.811,0.067059,2022_w4,spi_rankings_2022_w4.csv,131,,False,False,Conference USA vs Conference USA
2022,regular,5,401416612,2022-10-01 22:00:00+00:00,Western Michigan,New Hampshire,Mid-American,CAA,False,44,7,fbs,fcs,Western Michigan,Western Michigan,Western Michigan,Western Michigan,1,1,1,fbs_vs_fcs_rule,fbs_vs_fcs_rule,fbs_vs_fcs_rule,27.652317031463763,,100.0,0.0,100.0,0.0,0.067059,2022_w4,spi_rankings_2022_w4.csv,131,,False,False,CAA vs Mid-American
2022,regular,5,401404161,2022-10-01 22:00:00+00:00,Old Dominion,Liberty,Sun Belt,FBS Independents,False,24,38,fbs,fbs,Liberty,Liberty,Liberty,Liberty,1,1,1,higher_spi_home_field_adjusted,higher_spi,higher_spi_home_field_adjusted,48.098901333789335,62.12193271203831,35.526,64.474,41.919,58.081,0.067059,2022_w4,spi_rankings_2022_w4.csv,131,,False,False,FBS Independents vs Sun Belt
2022,regular,5,401403903,2022-10-01 23:00:00+00:00,Auburn,LSU,SEC,SEC,True,17,21,fbs,fbs,LSU,LSU,LSU,LSU,1,1,1,higher_spi_home_field_adjusted,higher_spi,higher_spi_home_field_adjusted,72.85053294573645,81.20280437756499,41.218,58.782,47.874,52.126,0.067059,2022_w4,spi_rankings_2022_w4.csv,131,,False,False,SEC vs SEC
2022,regular,5,401415627,2022-10-01 23:00:00+00:00,Tulsa,Cincinnati,American Athletic,American Athletic,True,21,31,fbs,fbs,Cincinnati,Cincinnati,Cincinnati,Cincinnati,1,1,1,higher_spi_home_field_adjusted,higher_spi,higher_spi_home_field_adjusted,55.22756711696307,77.98704685362519,27.542,72.458,33.239,66.761,0.067059,2022_w4,spi_rankings_2022_w4.csv,131,,False,False,American Athletic vs American Athletic
2022,regular,5,401426340,2022-10-01 23:00:00+00:00,Arkansas State,UL Monroe,Sun Belt,Sun Belt,True,45,28,fbs,fbs,Arkansas State,UL Monroe,Arkansas State,Arkansas State,1,0,1,higher_spi_home_field_adjusted,higher_spi,higher_spi_home_field_adjusted,45.70484567373462,46.34441261969905,49.321,50.679,56.037,43.963,0.067059,2022_w4,spi_rankings_2022_w4.csv,131,,False,False,Sun Belt vs Sun Belt
2022,regular,5,401426578,2022-10-01 23:00:00+00:00,Western Kentucky,Troy,Conference USA,Sun Belt,False,27,34,fbs,fbs,Western Kentucky,Western Kentucky,Western Kentucky,Troy,0,0,0,higher_spi_home_field_adjusted,higher_spi,higher_spi_home_field_adjusted,76.94352413930689,48.95199213406293,76.668,23.332,81.146,18.854,0.067059,2022_w4,spi_rankings_2022_w4.csv,131,,False,False,Conference USA vs Sun Belt
2022,regular,5,401426337,2022-10-01 23:00:00+00:00,Coastal Carolina,Georgia Southern,Sun Belt,Sun Belt,True,34,30,fbs,fbs,Coastal Carolina,Coastal Carolina,Coastal Carolina,Coastal Carolina,1,1,1,higher_spi_home_field_adjusted,higher_spi,higher_spi_home_field_adjusted,77.50635901162791,60.61565207478341,67.213,32.787,72.864,27.136,0.067059,2022_w4,spi_rankings_2022_w4.csv,131,,False,False,Sun Belt vs Sun Belt
2022,regular,5,401411125,2022-10-01 23:30:00+00:00,Clemson,NC State,ACC,ACC,True,30,20,fbs,fbs,Clemson,NC State,Clemson,Clemson,1,0,1,higher_spi_home_field_adjusted,higher_spi,higher_spi_home_field_adjusted,84.16693741450068,89.47196691176471,44.387,55.613,51.11,48.89,0.067059,2022_w4,spi_rankings_2022_w4.csv,131,,False,False,ACC vs ACC
2022,regular,5,401405102,2022-10-01 23:30:00+00:00,Nebraska,Indiana,Big Ten,Big Ten,True,35,21,fbs,fbs,Indiana,Indiana,Indiana,Nebraska,0,0,0,higher_spi_home_field_adjusted,higher_spi,higher_spi_home_field_adjusted,34.32464090287278,66.92443997948016,20.013,79.987,24.682,75.318,0.067059,2022_w4,spi_rankings_2022_w4.csv,131,,False,False,Big Ten vs Big Ten
2022,regular,5,401403907,2022-10-01 23:30:00+00:00,Missouri,Georgia,SEC,SEC,True,22,26,fbs,fbs,Georgia,Georgia,Georgia,Georgia,1,1,1,higher_spi_home_field_adjusted,higher_spi,higher_spi_home_field_adjusted,58.671533002735984,89.59790740424077,21.176,78.824,26.028,73.972,0.067059,2022_w4,spi_rankings_2022_w4.csv,131,,False,False,SEC vs SEC
2022,regular,5,401411126,2022-10-01 23:30:00+00:00,Duke,Virginia,ACC,ACC,True,38,17,fbs,fbs,Duke,Duke,Duke,Duke,1,1,1,higher_spi_home_field_adjusted,higher_spi,higher_spi_home_field_adjusted,80.80406762995896,56.25094049247606,73.953,26.047,78.808,21.192,0.067059,2022_w4,spi_rankings_2022_w4.csv,131,,False,False,ACC vs ACC
2022,regular,5,401426577,2022-10-01 23:30:00+00:00,Rice,UAB,Conference USA,Conference USA,True,28,24,fbs,fbs,UAB,UAB,UAB,Rice,0,0,0,higher_spi_home_field_adjusted,higher_spi,higher_spi_home_field_adjusted,46.14811687756498,67.52124658002737,28.734,71.266,34.559,65.441,0.067059,2022_w4,spi_rankings_2022_w4.csv,131,,False,False,Conference USA vs Conference USA
2022,regular,5,401404087,2022-10-01 23:30:00+00:00,Texas,West Virginia,Big 12,Big 12,True,38,20,fbs,fbs,Texas,Texas,Texas,Texas,1,1,1,higher_spi_home_field_adjusted,higher_spi,higher_spi_home_field_adjusted,73.8327954001368,70.03023469562244,54.031,45.969,60.622,39.378,0.067059,2022_w4,spi_rankings_2022_w4.csv,131,,False,False,Big 12 vs Big 12
2022,regular,5,401415230,2022-10-01 23:30:00+00:00,Wyoming,San José State,Mountain West,Mountain West,True,16,33,fbs,fbs,San José State,San José State,San José State,San José State,1,1,1,higher_spi_home_field_adjusted,higher_spi,higher_spi_home_field_adjusted,55.48606361149111,65.14832706338349,39.876,60.124,46.486,53.514,0.067059,2022_w4,spi_rankings_2022_w4.csv,131,,False,False,Mountain West vs Mountain West
2022,regular,5,401411129,2022-10-02 00:00:00+00:00,Pittsburgh,Georgia Tech,ACC,ACC,True,21,26,fbs,fbs,Pittsburgh,Pittsburgh,Pittsburgh,Georgia Tech,0,0,0,higher_spi_home_field_adjusted,higher_spi,higher_spi_home_field_adjusted,74.73196676926584,35.61119186046512,84.059,15.941,87.353,12.647,0.067059,2022_w4,spi_rankings_2022_w4.csv,131,,False,False,ACC vs ACC
2022,regular,5,401426574,2022-10-02 00:00:00+00:00,New Mexico State,Florida International,FBS Independents,Conference USA,False,7,21,fbs,fbs,New Mexico State,Florida International,New Mexico State,Florida International,0,1,0,higher_spi_home_field_adjusted,higher_spi,higher_spi_home_field_adjusted,21.29139591883265,25.38645690834474,45.66,54.34,52.394,47.606,0.067059,2022_w4,spi_rankings_2022_w4.csv,131,,False,False,Conference USA vs FBS Independents
2022,regular,5,401404002,2022-10-02 01:30:00+00:00,Arizona,Colorado,Pac-12,Pac-12,True,43,20,fbs,fbs,Arizona,Arizona,Arizona,Arizona,1,1,1,higher_spi_home_field_adjusted,higher_spi,higher_spi_home_field_adjusted,48.98309607273143,23.0765005129959,75.045,24.955,79.752,20.248,0.067059,2022_w4,spi_rankings_2022_w4.csv,131,,False,False,Pac-12 vs Pac-12
2022,regular,5,401404003,2022-10-02 02:30:00+00:00,USC,Arizona State,Pac-12,Pac-12,True,42,25,fbs,fbs,USC,USC,USC,USC,1,1,1,higher_spi_home_field_adjusted,higher_spi,higher_spi_home_field_adjusted,88.67899281805747,34.958554206566355,90.747,9.253,92.777,7.223,0.067059,2022_w4,spi_rankings_2022_w4.csv,131,,False,False,Pac-12 vs Pac-12
2022,regular,5,401404005,2022-10-02 03:00:00+00:00,Oregon,Stanford,Pac-12,Pac-12,True,45,27,fbs,fbs,Oregon,Oregon,Oregon,Oregon,1,1,1,higher_spi_home_field_adjusted,higher_spi,higher_spi_home_field_adjusted,75.8811060761514,49.02520804833562,75.793,24.207,80.396,19.604,0.067059,2022_w4,spi_rankings_2022_w4.csv,131,,False,False,Pac-12 vs Pac-12
2022,regular,5,401403904,2022-10-02 16:00:00+00:00,Florida,Eastern Washington,SEC,Big Sky,False,52,17,fbs,fcs,Florida,Florida,Florida,Florida,1,1,1,fbs_vs_fcs_rule,fbs_vs_fcs_rule,fbs_vs_fcs_rule,66.85845944482445,,100.0,0.0,100.0,0.0,0.067059,2022_w4,spi_rankings_2022_w4.csv,131,Moved from Oct 1,False,False,Big Sky vs SEC
2022,regular,6,401415629,2022-10-05 23:00:00+00:00,UCF,SMU,American Athletic,American Athletic,True,41,19,fbs,fbs,UCF,UCF,UCF,UCF,1,1,1,higher_spi_home_field_adjusted,higher_spi,higher_spi_home_field_adjusted,68.51223561864273,63.343901811231376,55.469,44.531,61.999,38.001,0.067059,2022_w5,spi_rankings_2022_w5.csv,131,Moved from Oct 1,False,False,American Athletic vs American Athletic
2022,regular,6,401405111,2022-10-07 23:00:00+00:00,Rutgers,Nebraska,Big Ten,Big Ten,True,13,14,fbs,fbs,Rutgers,Rutgers,Rutgers,Nebraska,0,0,0,higher_spi_home_field_adjusted,higher_spi,higher_spi_home_field_adjusted,59.98292564643079,38.16853079431202,71.649,28.351,76.799,23.201,0.067059,2022_w5,spi_rankings_2022_w5.csv,131,,False,False,Big Ten vs Big Ten
2022,regular,6,401415630,2022-10-07 23:30:00+00:00,Memphis,Houston,American Athletic,American Athletic,True,32,33,fbs,fbs,Memphis,Memphis,Memphis,Houston,0,0,0,higher_spi_home_field_adjusted,higher_spi,higher_spi_home_field_adjusted,74.7510203859483,48.931153415020255,74.976,25.024,79.693,20.307,0.067059,2022_w5,spi_rankings_2022_w5.csv,131,,False,False,American Athletic vs American Athletic
2022,regular,6,401415236,2022-10-08 02:30:00+00:00,San José State,UNLV,Mountain West,Mountain West,True,40,7,fbs,fbs,San José State,UNLV,San José State,San José State,1,0,1,higher_spi_home_field_adjusted,higher_spi,higher_spi_home_field_adjusted,65.58332634812557,66.46229578842761,49.066,50.934,55.787,44.213,0.067059,2022_w5,spi_rankings_2022_w5.csv,131,,False,False,Mountain West vs Mountain West
2022,regular,6,401415233,2022-10-08 02:30:00+00:00,Nevada,Colorado State,Mountain West,Mountain West,True,14,17,fbs,fbs,Nevada,Nevada,Nevada,Colorado State,0,0,0,higher_spi_home_field_adjusted,higher_spi,higher_spi_home_field_adjusted,34.332911041486255,13.818216616237104,70.514,29.486,75.8,24.2,0.067059,2022_w5,spi_rankings_2022_w5.csv,131,,False,False,Mountain West vs Mountain West
2022,regular,6,401416614,2022-10-08 16:00:00+00:00,Western Michigan,Eastern Michigan,Mid-American,Mid-American,True,23,45,fbs,fbs,Eastern Michigan,Eastern Michigan,Eastern Michigan,Eastern Michigan,1,1,1,higher_spi_home_field_adjusted,higher_spi,higher_spi_home_field_adjusted,32.07273902296491,40.90575841937129,40.724,59.276,47.364,52.636,0.067059,2022_w5,spi_rankings_2022_w5.csv,131,,False,False,Mid-American vs Mid-American
2022,regular,6,401404090,2022-10-08 16:00:00+00:00,Oklahoma,Texas,Big 12,Big 12,True,0,49,fbs,fbs,Oklahoma,Oklahoma,Oklahoma,Texas,0,0,0,higher_spi_home_field_adjusted,higher_spi,higher_spi_home_field_adjusted,70.3815478104937,69.89581990347992,50.516,49.484,50.516,49.484,0.067059,2022_w5,spi_rankings_2022_w5.csv,131,,False,False,Big 12 vs Big 12
2022,regular,6,401404089,2022-10-08 16:00:00+00:00,Kansas,TCU,Big 12,Big 12,True,31,38,fbs,fbs,Kansas,TCU,Kansas,TCU,0,1,0,higher_spi_home_field_adjusted,higher_spi,higher_spi_home_field_adjusted,83.6875984176706,84.18095630013605,49.476,50.524,56.19,43.81,0.067059,2022_w5,spi_rankings_2022_w5.csv,131,,False,False,Big 12 vs Big 12
2022,regular,6,401405108,2022-10-08 16:00:00+00:00,Indiana,Michigan,Big Ten,Big Ten,True,10,31,fbs,fbs,Michigan,Michigan,Michigan,Michigan,1,1,1,higher_spi_home_field_adjusted,higher_spi,higher_spi_home_field_adjusted,55.90799025050909,97.59009887416772,14.536,85.464,18.218,81.782,0.067059,2022_w5,spi_rankings_2022_w5.csv,131,,False,False,Big Ten vs Big Ten
2022,regular,6,401403910,2022-10-08 16:00:00+00:00,Florida,Missouri,SEC,SEC,True,24,17,fbs,fbs,Florida,Florida,Florida,Florida,1,1,1,higher_spi_home_field_adjusted,higher_spi,higher_spi_home_field_adjusted,65.89230829066967,55.52022122671673,60.845,39.155,67.055,32.945,0.067059,2022_w5,spi_rankings_2022_w5.csv,131,,False,False,SEC vs SEC
2022,regular,6,401416617,2022-10-08 16:00:00+00:00,Bowling Green,Buffalo,Mid-American,Mid-American,True,7,38,fbs,fbs,Bowling Green,Buffalo,Bowling Green,Buffalo,0,1,0,higher_spi_home_field_adjusted,higher_spi,higher_spi_home_field_adjusted,38.16803684514552,38.80197880360594,49.326,50.674,56.043,43.957,0.067059,2022_w5,spi_rankings_2022_w5.csv,131,,False,False,Mid-American vs Mid-American
2022,regular,6,401403913,2022-10-08 16:00:00+00:00,LSU,Tennessee,SEC,SEC,True,13,40,fbs,fbs,LSU,Tennessee,LSU,Tennessee,0,1,0,higher_spi_home_field_adjusted,higher_spi,higher_spi_home_field_adjusted,82.91435720339817,83.01041317322078,49.898,50.102,56.606,43.394,0.067059,2022_w5,spi_rankings_2022_w5.csv,131,,False,False,SEC vs SEC
2022,regular,6,401403914,2022-10-08 16:00:00+00:00,Mississippi State,Arkansas,SEC,SEC,True,40,17,fbs,fbs,Mississippi State,Mississippi State,Mississippi State,Mississippi State,1,1,1,higher_spi_home_field_adjusted,higher_spi,higher_spi_home_field_adjusted,85.60339322667373,65.68098217975826,69.987,30.013,75.335,24.665,0.067059,2022_w5,spi_rankings_2022_w5.csv,131,,False,False,SEC vs SEC
2022,regular,6,401405109,2022-10-08 16:00:00+00:00,Maryland,Purdue,Big Ten,Big Ten,True,29,31,fbs,fbs,Maryland,Maryland,Maryland,Purdue,0,0,0,higher_spi_home_field_adjusted,higher_spi,higher_spi_home_field_adjusted,72.96046496345072,71.36097902085467,51.699,48.301,58.367,41.633,0.067059,2022_w5,spi_rankings_2022_w5.csv,131,,False,False,Big Ten vs Big Ten
2022,regular,6,401411136,2022-10-08 16:00:00+00:00,Virginia,Louisville,ACC,ACC,True,17,34,fbs,fbs,Virginia,Virginia,Virginia,Louisville,0,0,0,higher_spi_home_field_adjusted,higher_spi,higher_spi_home_field_adjusted,51.91996579309404,51.72258146981866,50.21,49.79,56.912,43.088,0.067059,2022_w5,spi_rankings_2022_w5.csv,131,,False,False,ACC vs ACC
2022,regular,6,401416616,2022-10-08 18:00:00+00:00,Ohio,Akron,Mid-American,Mid-American,True,55,34,fbs,fbs,Ohio,Ohio,Ohio,Ohio,1,1,1,higher_spi_home_field_adjusted,higher_spi,higher_spi_home_field_adjusted,33.40555000825427,17.870474336427492,65.931,34.069,71.71,28.29,0.067059,2022_w5,spi_rankings_2022_w5.csv,131,,False,False,Mid-American vs Mid-American
2022,regular,6,401426342,2022-10-08 18:00:00+00:00,Georgia State,Georgia Southern,Sun Belt,Sun Belt,True,41,33,fbs,fbs,Georgia Southern,Georgia Southern,Georgia Southern,Georgia State,0,0,0,higher_spi_home_field_adjusted,higher_spi,higher_spi_home_field_adjusted,29.73198303406871,56.06016775060656,24.621,75.379,29.962,70.038,0.067059,2022_w5,spi_rankings_2022_w5.csv,131,,False,False,Sun Belt vs Sun Belt
2022,regular,6,401415633,2022-10-08 18:30:00+00:00,Cincinnati,South Florida,American Athletic,American Athletic,True,28,24,fbs,fbs,Cincinnati,Cincinnati,Cincinnati,Cincinnati,1,1,1,higher_spi_home_field_adjusted,higher_spi,higher_spi_home_field_adjusted,71.6031460702191,17.827124958806138,90.767,9.233,92.793,7.207,0.067059,2022_w5,spi_rankings_2022_w5.csv,131,,False,False,American Athletic vs American Athletic
2022,regular,6,401415632,2022-10-08 19:30:00+00:00,Navy,Tulsa,American Athletic,American Athletic,True,53,21,fbs,fbs,Tulsa,Tulsa,Tulsa,Navy,0,0,0,higher_spi_home_field_adjusted,higher_spi,higher_spi_home_field_adjusted,36.02379556494137,46.30493556054898,39.247,60.753,45.833,54.167,0.067059,2022_w5,spi_rankings_2022_w5.csv,131,,False,False,American Athletic vs American Athletic
2022,regular,6,401404091,2022-10-08 19:30:00+00:00,Oklahoma State,Texas Tech,Big 12,Big 12,True,41,31,fbs,fbs,Oklahoma State,Oklahoma State,Oklahoma State,Oklahoma State,1,1,1,higher_spi_home_field_adjusted,higher_spi,higher_spi_home_field_adjusted,84.94591610265661,61.98923426576224,72.625,27.375,77.652,22.348,0.067059,2022_w5,spi_rankings_2022_w5.csv,131,,False,False,Big 12 vs Big 12
2022,regular,6,401404011,2022-10-08 19:30:00+00:00,UCLA,Utah,Pac-12,Pac-12,True,42,32,fbs,fbs,UCLA,UCLA,UCLA,UCLA,1,1,1,higher_spi_home_field_adjusted,higher_spi,higher_spi_home_field_adjusted,86.82495511212532,72.94362037404447,64.336,35.664,70.262,29.738,0.067059,2022_w5,spi_rankings_2022_w5.csv,131,,False,False,Pac-12 vs Pac-12
2022,regular,6,401404164,2022-10-08 19:30:00+00:00,Massachusetts,Liberty,FBS Independents,FBS Independents,True,24,42,fbs,fbs,Liberty,Liberty,Liberty,Liberty,1,1,1,higher_spi_home_field_adjusted,higher_spi,higher_spi_home_field_adjusted,12.85331807338243,69.08019585687323,8.397,91.603,10.719,89.281,0.067059,2022_w5,spi_rankings_2022_w5.csv,131,,False,False,FBS Independents vs FBS Independents
2022,regular,6,401403911,2022-10-08 19:30:00+00:00,Georgia,Auburn,SEC,SEC,True,42,10,fbs,fbs,Georgia,Georgia,Georgia,Georgia,1,1,1,higher_spi_home_field_adjusted,higher_spi,higher_spi_home_field_adjusted,88.11131992189608,63.02704443424708,74.385,25.615,79.182,20.818,0.067059,2022_w5,spi_rankings_2022_w5.csv,131,,False,False,SEC vs SEC
2022,regular,6,401416618,2022-10-08 19:30:00+00:00,Miami (OH),Kent State,Mid-American,Mid-American,True,27,24,fbs,fbs,Miami (OH),Kent State,Miami (OH),Miami (OH),1,0,1,higher_spi_home_field_adjusted,higher_spi,higher_spi_home_field_adjusted,40.06099036154493,45.81042016785892,43.921,56.079,50.638,49.362,0.067059,2022_w5,spi_rankings_2022_w5.csv,131,,False,False,Mid-American vs Mid-American
2022,regular,6,401416615,2022-10-08 19:30:00+00:00,Northern Illinois,Toledo,Mid-American,Mid-American,True,32,52,fbs,fbs,Toledo,Toledo,Toledo,Toledo,1,1,1,higher_spi_home_field_adjusted,higher_spi,higher_spi_home_field_adjusted,26.13379116688751,55.67115331209453,22.178,77.822,27.181,72.819,0.067059,2022_w5,spi_rankings_2022_w5.csv,131,,False,False,Mid-American vs Mid-American
2022,regular,6,401411135,2022-10-08 19:30:00+00:00,Pittsburgh,Virginia Tech,ACC,ACC,True,45,29,fbs,fbs,Pittsburgh,Pittsburgh,Pittsburgh,Pittsburgh,1,1,1,higher_spi_home_field_adjusted,higher_spi,higher_spi_home_field_adjusted,58.92181054807059,41.48986641022535,67.718,32.282,73.316,26.684,0.067059,2022_w5,spi_rankings_2022_w5.csv,131,,False,False,ACC vs ACC
2022,regular,6,401426581,2022-10-08 19:30:00+00:00,UAB,Middle Tennessee,Conference USA,Conference USA,True,41,14,fbs,fbs,UAB,Middle Tennessee,UAB,UAB,1,0,1,higher_spi_home_field_adjusted,higher_spi,higher_spi_home_field_adjusted,53.640094424381566,54.7185329053671,48.854,51.146,55.577,44.423,0.067059,2022_w5,spi_rankings_2022_w5.csv,131,,False,False,Conference USA vs Conference USA
2022,regular,6,401405107,2022-10-08 19:30:00+00:00,Northwestern,Wisconsin,Big Ten,Big Ten,True,7,42,fbs,fbs,Wisconsin,Wisconsin,Wisconsin,Wisconsin,1,1,1,higher_spi_home_field_adjusted,higher_spi,higher_spi_home_field_adjusted,32.48820975066028,53.62895857517174,28.936,71.064,34.782,65.218,0.067059,2022_w5,spi_rankings_2022_w5.csv,131,,False,False,Big Ten vs Big Ten
2022,regular,6,401415631,2022-10-08 19:30:00+00:00,Tulane,East Carolina,American Athletic,American Athletic,True,24,9,fbs,fbs,Tulane,Tulane,Tulane,Tulane,1,1,1,higher_spi_home_field_adjusted,higher_spi,higher_spi_home_field_adjusted,74.92726034385329,58.53445666251812,66.745,33.255,72.443,27.557,0.067059,2022_w5,spi_rankings_2022_w5.csv,131,,False,False,American Athletic vs American Athletic
2022,regular,6,401416613,2022-10-08 19:30:00+00:00,Central Michigan,Ball State,Mid-American,Mid-American,True,16,17,fbs,fbs,Central Michigan,Ball State,Central Michigan,Ball State,0,1,0,higher_spi_home_field_adjusted,higher_spi,higher_spi_home_field_adjusted,35.20058707808504,36.89720162742274,48.198,51.802,54.928,45.072,0.067059,2022_w5,spi_rankings_2022_w5.csv,131,,False,False,Mid-American vs Mid-American
2022,regular,6,401411133,2022-10-08 20:00:00+00:00,Miami,North Carolina,ACC,ACC,True,24,27,fbs,fbs,North Carolina,North Carolina,North Carolina,North Carolina,1,1,1,higher_spi_home_field_adjusted,higher_spi,higher_spi_home_field_adjusted,56.27189990618939,69.99530596732355,35.819,64.181,42.229,57.771,0.067059,2022_w5,spi_rankings_2022_w5.csv,131,,False,False,ACC vs ACC
2022,regular,6,401405110,2022-10-08 20:00:00+00:00,Michigan State,Ohio State,Big Ten,Big Ten,True,20,49,fbs,fbs,Ohio State,Ohio State,Ohio State,Ohio State,1,1,1,higher_spi_home_field_adjusted,higher_spi,higher_spi_home_field_adjusted,49.66737828218207,90.92960121698084,14.759,85.241,18.486,81.514,0.067059,2022_w5,spi_rankings_2022_w5.csv,131,,False,False,Big Ten vs Big Ten
2022,regular,6,401404009,2022-10-08 20:00:00+00:00,Arizona State,Washington,Pac-12,Pac-12,True,45,38,fbs,fbs,Washington,Washington,Washington,Arizona State,0,0,0,higher_spi_home_field_adjusted,higher_spi,higher_spi_home_field_adjusted,35.26575057923338,70.24299395785592,18.444,81.556,22.852,77.148,0.067059,2022_w5,spi_rankings_2022_w5.csv,131,,False,False,Pac-12 vs Pac-12
2022,regular,6,401403915,2022-10-08 20:00:00+00:00,Vanderbilt,Ole Miss,SEC,SEC,True,28,52,fbs,fbs,Ole Miss,Ole Miss,Ole Miss,Ole Miss,1,1,1,higher_spi_home_field_adjusted,higher_spi,higher_spi_home_field_adjusted,59.952902859699606,93.5664640026849,19.332,80.668,23.89,76.11,0.067059,2022_w5,spi_rankings_2022_w5.csv,131,,False,False,SEC vs SEC
2022,regular,6,401411132,2022-10-08 20:00:00+00:00,Georgia Tech,Duke,ACC,ACC,True,23,20,fbs,fbs,Duke,Duke,Duke,Georgia Tech,0,0,0,higher_spi_home_field_adjusted,higher_spi,higher_spi_home_field_adjusted,42.583728391626885,76.16336998539883,19.355,80.645,23.916,76.084,0.067059,2022_w5,spi_rankings_2022_w5.csv,131,,False,False,ACC vs ACC
2022,regular,6,401426582,2022-10-08 22:00:00+00:00,UTSA,Western Kentucky,Conference USA,Conference USA,True,31,28,fbs,fbs,Western Kentucky,Western Kentucky,Western Kentucky,UTSA,0,0,0,higher_spi_home_field_adjusted,higher_spi,higher_spi_home_field_adjusted,51.12862244993776,60.16479566832514,40.515,59.485,47.149,52.851,0.067059,2022_w5,spi_rankings_2022_w5.csv,131,,False,False,Conference USA vs Conference USA
2022,regular,6,401426345,2022-10-08 23:00:00+00:00,Texas State,App State,Sun Belt,Sun Belt,True,36,24,fbs,fbs,App State,App State,App State,Texas State,0,0,0,higher_spi_home_field_adjusted,higher_spi,higher_spi_home_field_adjusted,39.90934924726673,67.10913707478036,23.94,76.06,29.191,70.809,0.067059,2022_w5,spi_rankings_2022_w5.csv,131,,False,False,Sun Belt vs Sun Belt
2022,regular,6,401426346,2022-10-08 23:00:00+00:00,Troy,Southern Miss,Sun Belt,Sun Belt,True,27,10,fbs,fbs,Troy,Troy,Troy,Troy,1,1,1,higher_spi_home_field_adjusted,higher_spi,higher_spi_home_field_adjusted,58.51854224412511,53.89711827644788,54.895,45.105,61.45,38.55,0.067059,2022_w5,spi_rankings_2022_w5.csv,131,,False,False,Sun Belt vs Sun Belt
2022,regular,6,401426580,2022-10-08 23:00:00+00:00,Louisiana Tech,UTEP,Conference USA,Conference USA,True,41,31,fbs,fbs,Louisiana Tech,Louisiana Tech,Louisiana Tech,Louisiana Tech,1,1,1,higher_spi_home_field_adjusted,higher_spi,higher_spi_home_field_adjusted,36.722391919436205,35.09421143488795,51.729,48.271,58.396,41.604,0.067059,2022_w5,spi_rankings_2022_w5.csv,131,,False,False,Conference USA vs Conference USA
2022,regular,6,401426579,2022-10-08 23:00:00+00:00,Florida International,UConn,Conference USA,FBS Independents,False,12,33,fbs,fbs,Florida International,Florida International,Florida International,UConn,0,0,0,higher_spi_home_field_adjusted,higher_spi,higher_spi_home_field_adjusted,32.420309961084115,29.26624198220069,53.346,46.654,59.963,40.037,0.067059,2022_w5,spi_rankings_2022_w5.csv,131,,False,False,Conference USA vs FBS Independents
2022,regular,6,401415234,2022-10-08 23:00:00+00:00,New Mexico,Wyoming,Mountain West,Mountain West,True,14,27,fbs,fbs,New Mexico,New Mexico,New Mexico,Wyoming,0,0,0,higher_spi_home_field_adjusted,higher_spi,higher_spi_home_field_adjusted,46.375968454936434,43.60851903994299,52.937,47.063,59.568,40.432,0.067059,2022_w5,spi_rankings_2022_w5.csv,131,,False,False,Mountain West vs Mountain West
2022,regular,6,401415231,2022-10-08 23:00:00+00:00,Utah State,Air Force,Mountain West,Mountain West,True,34,27,fbs,fbs,Air Force,Air Force,Air Force,Utah State,0,0,0,higher_spi_home_field_adjusted,higher_spi,higher_spi_home_field_adjusted,26.638757494683368,69.83107760295044,13.756,86.244,17.281,82.719,0.067059,2022_w5,spi_rankings_2022_w5.csv,131,,False,False,Mountain West vs Mountain West
2022,regular,6,401426343,2022-10-08 23:00:00+00:00,Arkansas State,James Madison,Sun Belt,Sun Belt,True,20,42,fbs,fbs,James Madison,James Madison,James Madison,James Madison,1,1,1,higher_spi_home_field_adjusted,higher_spi,higher_spi_home_field_adjusted,53.54954727096891,86.15604824823788,20.008,79.992,24.677,75.323,0.067059,2022_w5,spi_rankings_2022_w5.csv,131,,False,False,Sun Belt vs Sun Belt
2022,regular,6,401403912,2022-10-08 23:30:00+00:00,Kentucky,South Carolina,SEC,SEC,True,14,24,fbs,fbs,Kentucky,Kentucky,Kentucky,South Carolina,0,0,0,higher_spi_home_field_adjusted,higher_spi,higher_spi_home_field_adjusted,69.76508382532234,60.30289194607027,59.92,40.08,66.195,33.805,0.067059,2022_w5,spi_rankings_2022_w5.csv,131,,False,False,SEC vs SEC
2022,regular,6,401404088,2022-10-08 23:30:00+00:00,Iowa State,Kansas State,Big 12,Big 12,True,9,10,fbs,fbs,Iowa State,Kansas State,Iowa State,Kansas State,0,1,0,higher_spi_home_field_adjusted,higher_spi,higher_spi_home_field_adjusted,67.96299257132247,71.72749455645521,46.009,53.991,52.744,47.256,0.067059,2022_w5,spi_rankings_2022_w5.csv,131,,False,False,Big 12 vs Big 12
2022,regular,6,401404012,2022-10-08 23:30:00+00:00,USC,Washington State,Pac-12,Pac-12,True,30,14,fbs,fbs,USC,USC,USC,USC,1,1,1,higher_spi_home_field_adjusted,higher_spi,higher_spi_home_field_adjusted,84.36929865253792,70.79187636098725,64.039,35.961,69.992,30.008,0.067059,2022_w5,spi_rankings_2022_w5.csv,131,,False,False,Pac-12 vs Pac-12
2022,regular,6,401404127,2022-10-08 23:30:00+00:00,Notre Dame,BYU,FBS Independents,FBS Independents,True,28,20,fbs,fbs,BYU,BYU,BYU,Notre Dame,0,0,0,higher_spi_home_field_adjusted,higher_spi,higher_spi_home_field_adjusted,62.14003297880272,71.98058224057606,39.694,60.306,39.694,60.306,0.067059,2022_w5,spi_rankings_2022_w5.csv,131,,False,False,FBS Independents vs FBS Independents
2022,regular,6,401404138,2022-10-08 23:30:00+00:00,Wake Forest,Army,ACC,FBS Independents,False,45,10,fbs,fbs,Wake Forest,Wake Forest,Wake Forest,Wake Forest,1,1,1,higher_spi_home_field_adjusted,higher_spi,higher_spi_home_field_adjusted,80.00441974370794,37.28767359655859,86.002,13.998,88.947,11.053,0.067059,2022_w5,spi_rankings_2022_w5.csv,131,,False,False,ACC vs FBS Independents
2022,regular,6,401411131,2022-10-08 23:30:00+00:00,Boston College,Clemson,ACC,ACC,True,3,31,fbs,fbs,Clemson,Clemson,Clemson,Clemson,1,1,1,higher_spi_home_field_adjusted,higher_spi,higher_spi_home_field_adjusted,38.444941595445165,87.06822207911415,11.24,88.76,14.226,85.774,0.067059,2022_w5,spi_rankings_2022_w5.csv,131,,False,False,ACC vs ACC
2022,regular,6,401405106,2022-10-08 23:30:00+00:00,Illinois,Iowa,Big Ten,Big Ten,True,9,6,fbs,fbs,Illinois,Illinois,Illinois,Illinois,1,1,1,higher_spi_home_field_adjusted,higher_spi,higher_spi_home_field_adjusted,72.04429737202877,56.14978459828642,66.274,33.726,72.018,27.982,0.067059,2022_w5,spi_rankings_2022_w5.csv,131,,False,False,Big Ten vs Big Ten
2022,regular,6,401411134,2022-10-09 00:00:00+00:00,NC State,Florida State,ACC,ACC,True,19,17,fbs,fbs,NC State,NC State,NC State,NC State,1,1,1,higher_spi_home_field_adjusted,higher_spi,higher_spi_home_field_adjusted,78.9065700641397,78.43576867718595,50.5,49.5,57.196,42.804,0.067059,2022_w5,spi_rankings_2022_w5.csv,131,,False,False,ACC vs ACC
2022,regular,6,401426344,2022-10-09 00:00:00+00:00,UL Monroe,Coastal Carolina,Sun Belt,Sun Belt,True,21,28,fbs,fbs,Coastal Carolina,Coastal Carolina,Coastal Carolina,Coastal Carolina,1,1,1,higher_spi_home_field_adjusted,higher_spi,higher_spi_home_field_adjusted,40.913930708301685,74.54013972517161,19.324,80.676,23.88,76.12,0.067059,2022_w5,spi_rankings_2022_w5.csv,131,,False,False,Sun Belt vs Sun Belt
2022,regular,6,401403909,2022-10-09 00:00:00+00:00,Alabama,Texas A&M,SEC,SEC,True,24,20,fbs,fbs,Alabama,Alabama,Alabama,Alabama,1,1,1,higher_spi_home_field_adjusted,higher_spi,higher_spi_home_field_adjusted,100.0,61.26805716623983,83.836,16.164,87.169,12.831,0.067059,2022_w5,spi_rankings_2022_w5.csv,131,,False,False,SEC vs SEC
2022,regular,6,401404008,2022-10-09 01:00:00+00:00,Arizona,Oregon,Pac-12,Pac-12,True,22,49,fbs,fbs,Oregon,Oregon,Oregon,Oregon,1,1,1,higher_spi_home_field_adjusted,higher_spi,higher_spi_home_field_adjusted,53.69563106980538,76.33471315773073,27.645,72.355,33.352,66.648,0.067059,2022_w5,spi_rankings_2022_w5.csv,131,,False,False,Pac-12 vs Pac-12
2022,regular,6,401415232,2022-10-09 01:45:00+00:00,Boise State,Fresno State,Mountain West,Mountain West,True,40,20,fbs,fbs,Boise State,Boise State,Boise State,Boise State,1,1,1,higher_spi_home_field_adjusted,higher_spi,higher_spi_home_field_adjusted,47.44235304045685,37.88496274856731,60.017,39.983,66.286,33.714,0.067059,2022_w5,spi_rankings_2022_w5.csv,131,,False,False,Mountain West vs Mountain West
2022,regular,6,401415235,2022-10-09 02:30:00+00:00,San Diego State,Hawai'i,Mountain West,Mountain West,True,16,14,fbs,fbs,San Diego State,San Diego State,San Diego State,San Diego State,1,1,1,higher_spi_home_field_adjusted,higher_spi,higher_spi_home_field_adjusted,39.01165042393677,16.284381670890255,72.43,27.57,77.483,22.517,0.067059,2022_w5,spi_rankings_2022_w5.csv,131,,False,False,Mountain West vs Mountain West
2022,regular,6,401404010,2022-10-09 03:00:00+00:00,Stanford,Oregon State,Pac-12,Pac-12,True,27,28,fbs,fbs,Oregon State,Oregon State,Oregon State,Oregon State,1,1,1,higher_spi_home_field_adjusted,higher_spi,higher_spi_home_field_adjusted,43.48583914493189,63.80076747292805,29.663,70.337,35.583,64.417,0.067059,2022_w5,spi_rankings_2022_w5.csv,131,,False,False,Pac-12 vs Pac-12
2022,regular,7,401426347,2022-10-12 23:30:00+00:00,Marshall,Louisiana,Sun Belt,Sun Belt,True,13,23,fbs,fbs,Marshall,Marshall,Marshall,Louisiana,0,0,0,higher_spi_home_field_adjusted,higher_spi,higher_spi_home_field_adjusted,54.58465017461287,40.28501756102831,64.742,35.258,70.632,29.368,0.067059,2022_w6,spi_rankings_2022_w6.csv,131,,False,False,Sun Belt vs Sun Belt
2022,regular,7,401415634,2022-10-13 23:00:00+00:00,UCF,Temple,American Athletic,American Athletic,True,70,13,fbs,fbs,UCF,UCF,UCF,UCF,1,1,1,higher_spi_home_field_adjusted,higher_spi,higher_spi_home_field_adjusted,73.24218234817364,36.9585496645046,82.376,17.624,85.959,14.041,0.067059,2022_w6,spi_rankings_2022_w6.csv,131,,False,False,American Athletic vs American Athletic
2022,regular,7,401404092,2022-10-13 23:00:00+00:00,West Virginia,Baylor,Big 12,Big 12,True,43,40,fbs,fbs,Baylor,Baylor,Baylor,West Virginia,0,0,0,higher_spi_home_field_adjusted,higher_spi,higher_spi_home_field_adjusted,52.26702024080348,63.28550646945323,38.502,61.498,45.056,54.944,0.067059,2022_w6,spi_rankings_2022_w6.csv,131,,False,False,Big 12 vs Big 12
2022,regular,7,401415635,2022-10-14 23:30:00+00:00,SMU,Navy,American Athletic,American Athletic,True,40,34,fbs,fbs,SMU,SMU,SMU,SMU,1,1,1,higher_spi_home_field_adjusted,higher_spi,higher_spi_home_field_adjusted,49.38614023540151,37.200145400518736,62.666,37.334,68.735,31.265,0.067059,2022_w6,spi_rankings_2022_w6.csv,131,,False,False,American Athletic vs American Athletic
2022,regular,7,401426584,2022-10-15 00:00:00+00:00,Florida International,UTSA,Conference USA,Conference USA,True,10,30,fbs,fbs,UTSA,UTSA,UTSA,UTSA,1,1,1,higher_spi_home_field_adjusted,higher_spi,higher_spi_home_field_adjusted,24.086354307561457,54.9593978533896,21.213,78.787,26.072,73.928,0.067059,2022_w6,spi_rankings_2022_w6.csv,131,,False,False,Conference USA vs Conference USA
2022,regular,7,401403920,2022-10-15 16:00:00+00:00,Ole Miss,Auburn,SEC,SEC,True,48,34,fbs,fbs,Ole Miss,Ole Miss,Ole Miss,Ole Miss,1,1,1,higher_spi_home_field_adjusted,higher_spi,higher_spi_home_field_adjusted,95.55320275277926,55.10993937788869,84.798,15.202,87.961,12.039,0.067059,2022_w6,spi_rankings_2022_w6.csv,131,,False,False,SEC vs SEC
2022,regular,7,401426348,2022-10-15 16:00:00+00:00,Coastal Carolina,Old Dominion,Sun Belt,Sun Belt,True,21,49,fbs,fbs,Coastal Carolina,Coastal Carolina,Coastal Carolina,Old Dominion,0,0,0,higher_spi_home_field_adjusted,higher_spi,higher_spi_home_field_adjusted,75.89079577406457,36.32114653304056,84.313,15.687,87.562,12.438,0.067059,2022_w6,spi_rankings_2022_w6.csv,131,,False,False,Sun Belt vs Sun Belt
2022,regular,7,401405112,2022-10-15 16:00:00+00:00,Illinois,Minnesota,Big Ten,Big Ten,True,26,14,fbs,fbs,Illinois,Minnesota,Illinois,Illinois,1,0,1,higher_spi_home_field_adjusted,higher_spi,higher_spi_home_field_adjusted,74.14578944692838,76.34994698974484,47.66,52.34,54.393,45.607,0.067059,2022_w6,spi_rankings_2022_w6.csv,131,,False,False,Big Ten vs Big Ten
2022,regular,7,401416619,2022-10-15 16:00:00+00:00,Akron,Central Michigan,Mid-American,Mid-American,True,21,28,fbs,fbs,Central Michigan,Central Michigan,Central Michigan,Central Michigan,1,1,1,higher_spi_home_field_adjusted,higher_spi,higher_spi_home_field_adjusted,7.463070357841117,25.69064985092385,31.547,68.453,37.641,62.359,0.067059,2022_w6,spi_rankings_2022_w6.csv,131,,False,False,Mid-American vs Mid-American
2022,regular,7,401404139,2022-10-15 16:00:00+00:00,Army,Colgate,FBS Independents,Patriot,False,42,17,fbs,fcs,Army,Army,Army,Army,1,1,1,fbs_vs_fcs_rule,fbs_vs_fcs_rule,fbs_vs_fcs_rule,30.383153078801016,,100.0,0.0,100.0,0.0,0.067059,2022_w6,spi_rankings_2022_w6.csv,131,,False,False,FBS Independents vs Patriot
2022,regular,7,401405115,2022-10-15 16:00:00+00:00,Michigan,Penn State,Big Ten,Big Ten,True,41,17,fbs,fbs,Michigan,Michigan,Michigan,Michigan,1,1,1,higher_spi_home_field_adjusted,higher_spi,higher_spi_home_field_adjusted,93.96953190973412,84.4746850642356,59.954,40.046,66.226,33.774,0.067059,2022_w6,spi_rankings_2022_w6.csv,131,,False,False,Big Ten vs Big Ten
2022,regular,7,401404094,2022-10-15 16:00:00+00:00,Oklahoma,Kansas,Big 12,Big 12,True,52,42,fbs,fbs,Kansas,Kansas,Kansas,Oklahoma,0,0,0,higher_spi_home_field_adjusted,higher_spi,higher_spi_home_field_adjusted,62.3761164257189,78.54873786926863,33.463,66.537,39.712,60.288,0.067059,2022_w6,spi_rankings_2022_w6.csv,131,,False,False,Big 12 vs Big 12
2022,regular,7,401404093,2022-10-15 16:00:00+00:00,Texas,Iowa State,Big 12,Big 12,True,24,21,fbs,fbs,Texas,Texas,Texas,Texas,1,1,1,higher_spi_home_field_adjusted,higher_spi,higher_spi_home_field_adjusted,74.0905333345699,58.222834351325645,66.248,33.752,71.996,28.004,0.067059,2022_w6,spi_rankings_2022_w6.csv,131,,False,False,Big 12 vs Big 12
2022,regular,7,401416622,2022-10-15 16:00:00+00:00,Bowling Green,Miami (OH),Mid-American,Mid-American,True,17,13,fbs,fbs,Miami (OH),Miami (OH),Miami (OH),Bowling Green,0,0,0,higher_spi_home_field_adjusted,higher_spi,higher_spi_home_field_adjusted,26.239578973259874,40.19457503866938,35.593,64.407,41.989,58.011,0.067059,2022_w6,spi_rankings_2022_w6.csv,131,,False,False,Mid-American vs Mid-American
2022,regular,7,401411140,2022-10-15 16:30:00+00:00,Virginia Tech,Miami,ACC,ACC,True,14,20,fbs,fbs,Miami,Miami,Miami,Miami,1,1,1,higher_spi_home_field_adjusted,higher_spi,higher_spi_home_field_adjusted,33.09694933420042,46.71636487152308,35.92,64.08,42.337,57.663,0.067059,2022_w6,spi_rankings_2022_w6.csv,131,,False,False,ACC vs ACC
2022,regular,7,401414783,2022-10-15 17:00:00+00:00,Massachusetts,Buffalo,FBS Independents,Mid-American,False,7,34,fbs,fbs,Buffalo,Buffalo,Buffalo,Buffalo,1,1,1,higher_spi_home_field_adjusted,higher_spi,higher_spi_home_field_adjusted,6.61244189119104,40.64515751281441,19.056,80.944,23.568,76.432,0.067059,2022_w6,spi_rankings_2022_w6.csv,131,,False,False,FBS Independents vs Mid-American
2022,regular,7,401404014,2022-10-15 18:00:00+00:00,Colorado,California,Pac-12,Pac-12,True,20,13,fbs,fbs,California,California,California,Colorado,0,0,0,higher_spi_home_field_adjusted,higher_spi,higher_spi_home_field_adjusted,13.526847715141471,52.48224761674859,16.035,83.965,20.009,79.991,0.067059,2022_w6,spi_rankings_2022_w6.csv,131,,False,False,Pac-12 vs Pac-12
2022,regular,7,401404153,2022-10-15 18:00:00+00:00,Ball State,UConn,Mid-American,FBS Independents,False,25,21,fbs,fbs,Ball State,Ball State,Ball State,Ball State,1,1,1,higher_spi_home_field_adjusted,higher_spi,higher_spi_home_field_adjusted,36.5928545511963,34.73666859337013,51.971,48.029,58.631,41.369,0.067059,2022_w6,spi_rankings_2022_w6.csv,131,,False,False,FBS Independents vs Mid-American
2022,regular,7,401404095,2022-10-15 19:30:00+00:00,TCU,Oklahoma State,Big 12,Big 12,True,43,40,fbs,fbs,TCU,Oklahoma State,TCU,TCU,1,0,1,higher_spi_home_field_adjusted,higher_spi,higher_spi_home_field_adjusted,83.86582555178008,84.91640462268171,48.884,51.116,55.607,44.393,0.067059,2022_w6,spi_rankings_2022_w6.csv,131,,False,False,Big 12 vs Big 12
2022,regular,7,401411139,2022-10-15 19:30:00+00:00,Syracuse,NC State,ACC,ACC,True,24,9,fbs,fbs,Syracuse,Syracuse,Syracuse,Syracuse,1,1,1,higher_spi_home_field_adjusted,higher_spi,higher_spi_home_field_adjusted,85.88655137501975,80.26873726657034,55.941,44.059,62.448,37.552,0.067059,2022_w6,spi_rankings_2022_w6.csv,131,,False,False,ACC vs ACC
2022,regular,7,401403918,2022-10-15 19:30:00+00:00,Georgia,Vanderbilt,SEC,SEC,True,55,0,fbs,fbs,Georgia,Georgia,Georgia,Georgia,1,1,1,higher_spi_home_field_adjusted,higher_spi,higher_spi_home_field_adjusted,93.30388278804509,52.14839532865601,85.184,14.816,88.277,11.723,0.067059,2022_w6,spi_rankings_2022_w6.csv,131,,False,False,SEC vs SEC
2022,regular,7,401426587,2022-10-15 19:30:00+00:00,Middle Tennessee,Western Kentucky,Conference USA,Conference USA,True,17,35,fbs,fbs,Western Kentucky,Western Kentucky,Western Kentucky,Western Kentucky,1,1,1,higher_spi_home_field_adjusted,higher_spi,higher_spi_home_field_adjusted,40.60392981427866,48.96293881211941,41.211,58.789,47.866,52.134,0.067059,2022_w6,spi_rankings_2022_w6.csv,131,,False,False,Conference USA vs Conference USA
2022,regular,7,401405114,2022-10-15 19:30:00+00:00,Indiana,Maryland,Big Ten,Big Ten,True,33,38,fbs,fbs,Maryland,Maryland,Maryland,Maryland,1,1,1,higher_spi_home_field_adjusted,higher_spi,higher_spi_home_field_adjusted,51.66150364878273,63.97960602399595,37.203,62.797,43.692,56.308,0.067059,2022_w6,spi_rankings_2022_w6.csv,131,,False,False,Big Ten vs Big Ten
2022,regular,7,401426352,2022-10-15 19:30:00+00:00,Troy,Texas State,Sun Belt,Sun Belt,True,17,14,fbs,fbs,Troy,Troy,Troy,Troy,1,1,1,higher_spi_home_field_adjusted,higher_spi,higher_spi_home_field_adjusted,57.93631070893077,42.37381817345624,65.958,34.042,71.733,28.267,0.067059,2022_w6,spi_rankings_2022_w6.csv,131,,False,False,Sun Belt vs Sun Belt
2022,regular,7,401403921,2022-10-15 19:30:00+00:00,Tennessee,Alabama,SEC,SEC,True,52,49,fbs,fbs,Tennessee,Alabama,Tennessee,Tennessee,1,0,1,higher_spi_home_field_adjusted,higher_spi,higher_spi_home_field_adjusted,93.59991110820332,98.05812419087157,45.277,54.723,52.009,47.991,0.067059,2022_w6,spi_rankings_2022_w6.csv,131,,False,False,SEC vs SEC
2022,regular,7,401404162,2022-10-15 19:30:00+00:00,Liberty,Gardner-Webb,FBS Independents,Big South,False,21,20,fbs,fcs,Liberty,Liberty,Liberty,Liberty,1,1,1,fbs_vs_fcs_rule,fbs_vs_fcs_rule,fbs_vs_fcs_rule,67.31495951269734,,100.0,0.0,100.0,0.0,0.067059,2022_w6,spi_rankings_2022_w6.csv,131,,False,False,Big South vs FBS Independents
2022,regular,7,401416623,2022-10-15 19:30:00+00:00,Western Michigan,Ohio,Mid-American,Mid-American,True,14,33,fbs,fbs,Ohio,Ohio,Ohio,Ohio,1,1,1,higher_spi_home_field_adjusted,higher_spi,higher_spi_home_field_adjusted,21.878803885192998,35.36618172751134,36.05,63.95,42.474,57.526,0.067059,2022_w6,spi_rankings_2022_w6.csv,131,,False,False,Mid-American vs Mid-American
2022,regular,7,401403916,2022-10-15 19:30:00+00:00,BYU,Arkansas,FBS Independents,SEC,False,35,52,fbs,fbs,BYU,BYU,BYU,Arkansas,0,0,0,higher_spi_home_field_adjusted,higher_spi,higher_spi_home_field_adjusted,61.07738461753642,59.61721789421842,51.551,48.449,58.223,41.777,0.067059,2022_w6,spi_rankings_2022_w6.csv,131,,False,False,FBS Independents vs SEC
2022,regular,7,401416621,2022-10-15 19:30:00+00:00,Toledo,Kent State,Mid-American,Mid-American,True,52,31,fbs,fbs,Toledo,Toledo,Toledo,Toledo,1,1,1,higher_spi_home_field_adjusted,higher_spi,higher_spi_home_field_adjusted,57.32797939898597,32.12322563308055,74.483,25.517,79.266,20.734,0.067059,2022_w6,spi_rankings_2022_w6.csv,131,,False,False,Mid-American vs Mid-American
2022,regular,7,401416620,2022-10-15 19:30:00+00:00,Eastern Michigan,Northern Illinois,Mid-American,Mid-American,True,10,39,fbs,fbs,Eastern Michigan,Eastern Michigan,Eastern Michigan,Northern Illinois,0,0,0,higher_spi_home_field_adjusted,higher_spi,higher_spi_home_field_adjusted,43.69721902308188,12.858655373213344,78.762,21.238,82.928,17.072,0.067059,2022_w6,spi_rankings_2022_w6.csv,131,,False,False,Mid-American vs Mid-American
2022,regular,7,401426583,2022-10-15 19:30:00+00:00,UAB,Charlotte,Conference USA,Conference USA,True,34,20,fbs,fbs,UAB,UAB,UAB,UAB,1,1,1,higher_spi_home_field_adjusted,higher_spi,higher_spi_home_field_adjusted,54.94019654501346,9.094656556181452,87.528,12.472,90.188,9.812,0.067059,2022_w6,spi_rankings_2022_w6.csv,131,,False,False,Conference USA vs Conference USA
2022,regular,7,401415636,2022-10-15 20:00:00+00:00,South Florida,Tulane,American Athletic,American Athletic,True,31,45,fbs,fbs,Tulane,Tulane,Tulane,Tulane,1,1,1,higher_spi_home_field_adjusted,higher_spi,higher_spi_home_field_adjusted,14.073883927272384,76.83184802840464,6.494,93.506,8.337,91.663,0.067059,2022_w6,spi_rankings_2022_w6.csv,131,,False,False,American Athletic vs American Athletic
2022,regular,7,401426586,2022-10-15 20:00:00+00:00,North Texas,Louisiana Tech,Conference USA,Conference USA,True,47,27,fbs,fbs,North Texas,Louisiana Tech,North Texas,North Texas,1,0,1,higher_spi_home_field_adjusted,higher_spi,higher_spi_home_field_adjusted,37.92630816730497,38.51218546716385,49.378,50.622,56.094,43.906,0.067059,2022_w6,spi_rankings_2022_w6.csv,131,,False,False,Conference USA vs Conference USA
2022,regular,7,401405116,2022-10-15 20:00:00+00:00,Michigan State,Wisconsin,Big Ten,Big Ten,True,34,28,fbs,fbs,Wisconsin,Wisconsin,Wisconsin,Michigan State,0,0,0,higher_spi_home_field_adjusted,higher_spi,higher_spi_home_field_adjusted,39.097562998690414,57.85958599464177,31.058,68.942,37.109,62.891,0.067059,2022_w6,spi_rankings_2022_w6.csv,131,,False,False,Big Ten vs Big Ten
2022,regular,7,401426349,2022-10-15 20:00:00+00:00,Georgia Southern,James Madison,Sun Belt,Sun Belt,True,45,38,fbs,fbs,James Madison,James Madison,James Madison,Georgia Southern,0,0,0,higher_spi_home_field_adjusted,higher_spi,higher_spi_home_field_adjusted,48.7865411856629,87.34083523512368,16.266,83.734,20.283,79.717,0.067059,2022_w6,spi_rankings_2022_w6.csv,131,,False,False,Sun Belt vs Sun Belt
2022,regular,7,401404013,2022-10-15 21:30:00+00:00,Washington,Arizona,Pac-12,Pac-12,True,49,39,fbs,fbs,Washington,Washington,Washington,Washington,1,1,1,higher_spi_home_field_adjusted,higher_spi,higher_spi_home_field_adjusted,57.7301069770857,47.94016380584728,60.254,39.746,66.506,33.494,0.067059,2022_w6,spi_rankings_2022_w6.csv,131,,False,False,Pac-12 vs Pac-12
2022,regular,7,401426585,2022-10-15 22:00:00+00:00,Florida Atlantic,Rice,Conference USA,Conference USA,True,17,14,fbs,fbs,Rice,Rice,Rice,Florida Atlantic,0,0,0,higher_spi_home_field_adjusted,higher_spi,higher_spi_home_field_adjusted,30.61068802500421,50.53401924898213,30.012,69.988,35.965,64.035,0.067059,2022_w6,spi_rankings_2022_w6.csv,131,,False,False,Conference USA vs Conference USA
2022,regular,7,401415238,2022-10-15 23:00:00+00:00,Colorado State,Utah State,Mountain West,Mountain West,True,13,17,fbs,fbs,Utah State,Utah State,Utah State,Utah State,1,1,1,higher_spi_home_field_adjusted,higher_spi,higher_spi_home_field_adjusted,16.883929965218968,27.65439180900076,38.752,61.248,45.317,54.683,0.067059,2022_w6,spi_rankings_2022_w6.csv,131,,False,False,Mountain West vs Mountain West
2022,regular,7,401426351,2022-10-15 23:00:00+00:00,Southern Miss,Arkansas State,Sun Belt,Sun Belt,True,20,19,fbs,fbs,Southern Miss,Southern Miss,Southern Miss,Southern Miss,1,1,1,higher_spi_home_field_adjusted,higher_spi,higher_spi_home_field_adjusted,44.12941401755568,42.88207623394568,51.325,48.675,58.002,41.998,0.067059,2022_w6,spi_rankings_2022_w6.csv,131,,False,False,Sun Belt vs Sun Belt
2022,regular,7,401426350,2022-10-15 23:00:00+00:00,South Alabama,UL Monroe,Sun Belt,Sun Belt,True,41,34,fbs,fbs,South Alabama,South Alabama,South Alabama,South Alabama,1,1,1,higher_spi_home_field_adjusted,higher_spi,higher_spi_home_field_adjusted,67.81152514670464,35.41622402135868,79.848,20.152,83.844,16.156,0.067059,2022_w6,spi_rankings_2022_w6.csv,131,,False,False,Sun Belt vs Sun Belt
2022,regular,7,401403917,2022-10-15 23:00:00+00:00,Florida,LSU,SEC,SEC,True,35,45,fbs,fbs,LSU,LSU,LSU,LSU,1,1,1,higher_spi_home_field_adjusted,higher_spi,higher_spi_home_field_adjusted,64.53188891781616,72.90099324482756,41.2,58.8,47.856,52.144,0.067059,2022_w6,spi_rankings_2022_w6.csv,131,,False,False,SEC vs SEC
2022,regular,7,401415637,2022-10-15 23:30:00+00:00,East Carolina,Memphis,American Athletic,American Athletic,True,47,45,fbs,fbs,Memphis,Memphis,Memphis,East Carolina,0,0,0,higher_spi_home_field_adjusted,higher_spi,higher_spi_home_field_adjusted,51.51561651583575,62.93877584590418,38.096,61.904,44.63,55.37,0.067059,2022_w6,spi_rankings_2022_w6.csv,131,,False,False,American Athletic vs American Athletic
2022,regular,7,401404016,2022-10-15 23:30:00+00:00,Notre Dame,Stanford,FBS Independents,Pac-12,False,14,16,fbs,fbs,Notre Dame,Notre Dame,Notre Dame,Stanford,0,0,0,higher_spi_home_field_adjusted,higher_spi,higher_spi_home_field_adjusted,63.70387403811315,34.87015908887396,77.302,22.698,81.687,18.313,0.067059,2022_w6,spi_rankings_2022_w6.csv,131,,False,False,FBS Independents vs Pac-12
2022,regular,7,401403919,2022-10-15 23:30:00+00:00,Kentucky,Mississippi State,SEC,SEC,True,27,17,fbs,fbs,Mississippi State,Mississippi State,Mississippi State,Kentucky,0,0,0,higher_spi_home_field_adjusted,higher_spi,higher_spi_home_field_adjusted,64.4229016420047,79.57030592881762,34.44,65.56,40.76,59.24,0.067059,2022_w6,spi_rankings_2022_w6.csv,131,,False,False,SEC vs SEC
2022,regular,7,401405113,2022-10-15 23:30:00+00:00,Purdue,Nebraska,Big Ten,Big Ten,True,43,37,fbs,fbs,Purdue,Purdue,Purdue,Purdue,1,1,1,higher_spi_home_field_adjusted,higher_spi,higher_spi_home_field_adjusted,70.17269033221191,35.322787318005645,81.474,18.526,85.208,14.792,0.067059,2022_w6,spi_rankings_2022_w6.csv,131,,False,False,Big Ten vs Big Ten
2022,regular,7,401411138,2022-10-15 23:30:00+00:00,Florida State,Clemson,ACC,ACC,True,28,34,fbs,fbs,Clemson,Clemson,Clemson,Clemson,1,1,1,higher_spi_home_field_adjusted,higher_spi,higher_spi_home_field_adjusted,65.88525496250156,92.2060897825394,24.626,75.374,29.969,70.031,0.067059,2022_w6,spi_rankings_2022_w6.csv,131,,False,False,ACC vs ACC
2022,regular,7,401404017,2022-10-16 00:00:00+00:00,Utah,USC,Pac-12,Pac-12,True,43,42,fbs,fbs,USC,USC,USC,Utah,0,0,0,higher_spi_home_field_adjusted,higher_spi,higher_spi_home_field_adjusted,69.82523676303293,85.58409325446772,33.855,66.145,40.134,59.866,0.067059,2022_w6,spi_rankings_2022_w6.csv,131,,False,False,Pac-12 vs Pac-12
2022,regular,7,401411137,2022-10-16 00:00:00+00:00,Duke,North Carolina,ACC,ACC,True,35,38,fbs,fbs,North Carolina,North Carolina,North Carolina,North Carolina,1,1,1,higher_spi_home_field_adjusted,higher_spi,higher_spi_home_field_adjusted,62.52283284457992,69.0228728783087,43.137,56.863,49.84,50.16,0.067059,2022_w6,spi_rankings_2022_w6.csv,131,,False,False,ACC vs ACC
2022,regular,7,401409239,2022-10-16 00:00:00+00:00,New Mexico State,New Mexico,FBS Independents,Mountain West,False,21,9,fbs,fbs,New Mexico,New Mexico,New Mexico,New Mexico State,0,0,0,higher_spi_home_field_adjusted,higher_spi,higher_spi_home_field_adjusted,8.450027378747777,33.32716045921534,25.783,74.217,31.272,68.728,0.067059,2022_w6,spi_rankings_2022_w6.csv,131,,False,False,FBS Independents vs Mountain West
2022,regular,7,401404015,2022-10-16 01:00:00+00:00,Oregon State,Washington State,Pac-12,Pac-12,True,24,10,fbs,fbs,Washington State,Washington State,Washington State,Oregon State,0,0,0,higher_spi_home_field_adjusted,higher_spi,higher_spi_home_field_adjusted,60.3813017569036,67.74737883600872,42.237,57.763,48.92,51.08,0.067059,2022_w6,spi_rankings_2022_w6.csv,131,,False,False,Pac-12 vs Pac-12
2022,regular,7,401415237,2022-10-16 02:30:00+00:00,UNLV,Air Force,Mountain West,Mountain West,True,7,42,fbs,fbs,UNLV,Air Force,UNLV,Air Force,0,1,0,higher_spi_home_field_adjusted,higher_spi,higher_spi_home_field_adjusted,55.78294635258008,57.37080304329329,48.314,51.686,55.042,44.958,0.067059,2022_w6,spi_rankings_2022_w6.csv,131,,False,False,Mountain West vs Mountain West
2022,regular,7,401415239,2022-10-16 02:45:00+00:00,Fresno State,San José State,Mountain West,Mountain West,True,17,10,fbs,fbs,San José State,San José State,San José State,Fresno State,0,0,0,higher_spi_home_field_adjusted,higher_spi,higher_spi_home_field_adjusted,29.646364477253528,68.38308380038686,16.161,83.839,20.158,79.842,0.067059,2022_w6,spi_rankings_2022_w6.csv,131,,False,False,Mountain West vs Mountain West
2022,regular,7,401415240,2022-10-16 03:59:00+00:00,Hawai'i,Nevada,Mountain West,Mountain West,True,31,16,fbs,fbs,Nevada,Nevada,Nevada,Hawai'i,0,0,0,higher_spi_home_field_adjusted,higher_spi,higher_spi_home_field_adjusted,7.551991873104341,26.37629373629505,31.002,68.998,37.048,62.952,0.067059,2022_w6,spi_rankings_2022_w6.csv,131,,False,False,Mountain West vs Mountain West
2022,regular,8,401426353,2022-10-19 23:30:00+00:00,App State,Georgia State,Sun Belt,Sun Belt,True,42,17,fbs,fbs,App State,App State,App State,App State,1,1,1,higher_spi_home_field_adjusted,higher_spi,higher_spi_home_field_adjusted,56.30091942605754,39.669912158171954,66.97,33.03,72.645,27.355,0.067059,2022_w7,spi_rankings_2022_w7.csv,131,,False,False,Sun Belt vs Sun Belt
2022,regular,8,401411141,2022-10-20 23:30:00+00:00,Georgia Tech,Virginia,ACC,ACC,True,9,16,fbs,fbs,Georgia Tech,Georgia Tech,Georgia Tech,Virginia,0,0,0,higher_spi_home_field_adjusted,higher_spi,higher_spi_home_field_adjusted,49.52015274703571,39.39559211961276,60.594,39.406,66.822,33.178,0.067059,2022_w7,spi_rankings_2022_w7.csv,131,,False,False,ACC vs ACC
2022,regular,8,401426354,2022-10-20 23:30:00+00:00,South Alabama,Troy,Sun Belt,Sun Belt,True,6,10,fbs,fbs,South Alabama,South Alabama,South Alabama,Troy,0,0,0,higher_spi_home_field_adjusted,higher_spi,higher_spi_home_field_adjusted,67.89907352139726,60.16939500453957,58.14,41.86,64.528,35.472,0.067059,2022_w7,spi_rankings_2022_w7.csv,131,,False,False,Sun Belt vs Sun Belt
2022,regular,8,401415638,2022-10-21 23:30:00+00:00,Temple,Tulsa,American Athletic,American Athletic,True,16,27,fbs,fbs,Tulsa,Tulsa,Tulsa,Tulsa,1,1,1,higher_spi_home_field_adjusted,higher_spi,higher_spi_home_field_adjusted,26.45180585769351,38.33153183065255,37.639,62.361,44.151,55.849,0.067059,2022_w7,spi_rankings_2022_w7.csv,131,,False,False,American Athletic vs American Athletic
2022,regular,8,401426592,2022-10-22 00:00:00+00:00,Western Kentucky,UAB,Conference USA,Conference USA,True,20,17,fbs,fbs,Western Kentucky,UAB,Western Kentucky,Western Kentucky,1,0,1,higher_spi_home_field_adjusted,higher_spi,higher_spi_home_field_adjusted,51.88210442402597,57.92457798143874,43.615,56.385,50.326,49.674,0.067059,2022_w7,spi_rankings_2022_w7.csv,131,,False,False,Conference USA vs Conference USA
2022,regular,8,401415640,2022-10-22 16:00:00+00:00,Navy,Houston,American Athletic,American Athletic,True,20,38,fbs,fbs,Houston,Houston,Houston,Houston,1,1,1,higher_spi_home_field_adjusted,higher_spi,higher_spi_home_field_adjusted,33.438196426459484,47.243619279043656,35.739,64.261,42.144,57.856,0.067059,2022_w7,spi_rankings_2022_w7.csv,131,,False,False,American Athletic vs American Athletic
2022,regular,8,401404140,2022-10-22 16:00:00+00:00,Army,UL Monroe,FBS Independents,Sun Belt,False,48,24,fbs,fbs,Army,Army,Army,Army,1,1,1,higher_spi_home_field_adjusted,higher_spi,higher_spi_home_field_adjusted,35.952921685249265,30.130091724690036,56.155,43.845,62.652,37.348,0.067059,2022_w7,spi_rankings_2022_w7.csv,131,,False,False,FBS Independents vs Sun Belt
2022,regular,8,401405119,2022-10-22 16:00:00+00:00,Ohio State,Iowa,Big Ten,Big Ten,True,54,10,fbs,fbs,Ohio State,Ohio State,Ohio State,Ohio State,1,1,1,higher_spi_home_field_adjusted,higher_spi,higher_spi_home_field_adjusted,87.54799702762953,50.37318008178971,82.919,17.081,86.41,13.59,0.067059,2022_w7,spi_rankings_2022_w7.csv,131,,False,False,Big Ten vs Big Ten
2022,regular,8,401404096,2022-10-22 16:00:00+00:00,Baylor,Kansas,Big 12,Big 12,True,35,23,fbs,fbs,Kansas,Kansas,Kansas,Baylor,0,0,0,higher_spi_home_field_adjusted,higher_spi,higher_spi_home_field_adjusted,52.36799289515501,65.45476970963523,36.443,63.557,42.89,57.11,0.067059,2022_w7,spi_rankings_2022_w7.csv,131,,False,False,Big 12 vs Big 12
2022,regular,8,401403926,2022-10-22 16:00:00+00:00,Tennessee,UT Martin,SEC,OVC,False,65,24,fbs,fcs,Tennessee,Tennessee,Tennessee,Tennessee,1,1,1,fbs_vs_fcs_rule,fbs_vs_fcs_rule,fbs_vs_fcs_rule,94.76539589442817,,100.0,0.0,100.0,0.0,0.067059,2022_w7,spi_rankings_2022_w7.csv,131,,False,False,OVC vs SEC
2022,regular,8,401405121,2022-10-22 16:00:00+00:00,Rutgers,Indiana,Big Ten,Big Ten,True,24,17,fbs,fbs,Rutgers,Rutgers,Rutgers,Rutgers,1,1,1,higher_spi_home_field_adjusted,higher_spi,higher_spi_home_field_adjusted,48.4929620155065,46.687507069879445,51.917,48.083,58.579,41.421,0.067059,2022_w7,spi_rankings_2022_w7.csv,131,,False,False,Big Ten vs Big Ten
2022,regular,8,401416628,2022-10-22 16:00:00+00:00,Kent State,Akron,Mid-American,Mid-American,True,33,27,fbs,fbs,Kent State,Kent State,Kent State,Kent State,1,1,1,higher_spi_home_field_adjusted,higher_spi,higher_spi_home_field_adjusted,27.23718620878744,6.802438397701355,70.443,29.557,75.737,24.263,0.067059,2022_w7,spi_rankings_2022_w7.csv,131,,False,False,Mid-American vs Mid-American
2022,regular,8,401411142,2022-10-22 16:00:00+00:00,Clemson,Syracuse,ACC,ACC,True,27,21,fbs,fbs,Clemson,Clemson,Clemson,Clemson,1,1,1,higher_spi_home_field_adjusted,higher_spi,higher_spi_home_field_adjusted,88.51531957439872,84.83591778079382,53.901,46.099,60.497,39.503,0.067059,2022_w7,spi_rankings_2022_w7.csv,131,,False,False,ACC vs ACC
2022,regular,8,401415641,2022-10-22 16:00:00+00:00,SMU,Cincinnati,American Athletic,American Athletic,True,27,29,fbs,fbs,Cincinnati,Cincinnati,Cincinnati,Cincinnati,1,1,1,higher_spi_home_field_adjusted,higher_spi,higher_spi_home_field_adjusted,56.1114484402484,65.89084363695004,39.756,60.244,46.362,53.638,0.067059,2022_w7,spi_rankings_2022_w7.csv,131,,False,False,American Athletic vs American Athletic
2022,regular,8,401411144,2022-10-22 16:30:00+00:00,Miami,Duke,ACC,ACC,True,21,45,fbs,fbs,Miami,Duke,Miami,Duke,0,1,0,higher_spi_home_field_adjusted,higher_spi,higher_spi_home_field_adjusted,52.69688636071431,58.0836253569113,44.301,55.699,51.023,48.977,0.067059,2022_w7,spi_rankings_2022_w7.csv,131,,False,False,ACC vs ACC
2022,regular,8,401416629,2022-10-22 17:00:00+00:00,Central Michigan,Bowling Green,Mid-American,Mid-American,True,18,34,fbs,fbs,Central Michigan,Central Michigan,Central Michigan,Bowling Green,0,0,0,higher_spi_home_field_adjusted,higher_spi,higher_spi_home_field_adjusted,28.807999606959285,28.46473677860733,50.365,49.635,57.064,42.936,0.067059,2022_w7,spi_rankings_2022_w7.csv,131,,False,False,Mid-American vs Mid-American
2022,regular,8,401416626,2022-10-22 17:00:00+00:00,Buffalo,Toledo,Mid-American,Mid-American,True,34,27,fbs,fbs,Toledo,Toledo,Toledo,Buffalo,0,0,0,higher_spi_home_field_adjusted,higher_spi,higher_spi_home_field_adjusted,46.29053376079154,58.19775653781838,37.612,62.388,44.122,55.878,0.067059,2022_w7,spi_rankings_2022_w7.csv,131,,False,False,Mid-American vs Mid-American
2022,regular,8,401416624,2022-10-22 18:00:00+00:00,Ball State,Eastern Michigan,Mid-American,Mid-American,True,16,20,fbs,fbs,Ball State,Ball State,Ball State,Eastern Michigan,0,0,0,higher_spi_home_field_adjusted,higher_spi,higher_spi_home_field_adjusted,43.15892395593111,35.396606616357204,58.173,41.827,64.56,35.44,0.067059,2022_w7,spi_rankings_2022_w7.csv,131,,False,False,Mid-American vs Mid-American
2022,regular,8,401416625,2022-10-22 18:00:00+00:00,Ohio,Northern Illinois,Mid-American,Mid-American,True,24,17,fbs,fbs,Ohio,Ohio,Ohio,Ohio,1,1,1,higher_spi_home_field_adjusted,higher_spi,higher_spi_home_field_adjusted,37.4091896645346,22.080793443034764,65.734,34.266,71.531,28.469,0.067059,2022_w7,spi_rankings_2022_w7.csv,131,,False,False,Mid-American vs Mid-American
2022,regular,8,401404128,2022-10-22 18:30:00+00:00,Notre Dame,UNLV,FBS Independents,Mountain West,False,44,21,fbs,fbs,Notre Dame,Notre Dame,Notre Dame,Notre Dame,1,1,1,higher_spi_home_field_adjusted,higher_spi,higher_spi_home_field_adjusted,49.959005892243056,45.45195701196338,54.774,45.226,61.335,38.665,0.067059,2022_w7,spi_rankings_2022_w7.csv,131,,False,False,FBS Independents vs Mountain West
2022,regular,8,401404099,2022-10-22 19:00:00+00:00,Texas Tech,West Virginia,Big 12,Big 12,True,48,10,fbs,fbs,Texas Tech,Texas Tech,Texas Tech,Texas Tech,1,1,1,higher_spi_home_field_adjusted,higher_spi,higher_spi_home_field_adjusted,58.27017805497539,57.0061113474066,51.343,48.657,58.02,41.98,0.067059,2022_w7,spi_rankings_2022_w7.csv,131,,False,False,Big 12 vs Big 12
2022,regular,8,401426590,2022-10-22 19:00:00+00:00,Louisiana Tech,Rice,Conference USA,Conference USA,True,41,42,fbs,fbs,Rice,Rice,Rice,Rice,1,1,1,higher_spi_home_field_adjusted,higher_spi,higher_spi_home_field_adjusted,31.316702467578605,42.92704122153253,37.908,62.092,44.434,55.566,0.067059,2022_w7,spi_rankings_2022_w7.csv,131,,False,False,Conference USA vs Conference USA
2022,regular,8,401404163,2022-10-22 19:30:00+00:00,Liberty,BYU,FBS Independents,FBS Independents,True,41,14,fbs,fbs,Liberty,Liberty,Liberty,Liberty,1,1,1,higher_spi_home_field_adjusted,higher_spi,higher_spi_home_field_adjusted,66.85748192834812,52.48552455187118,64.813,35.187,70.696,29.304,0.067059,2022_w7,spi_rankings_2022_w7.csv,131,,False,False,FBS Independents vs FBS Independents
2022,regular,8,401426588,2022-10-22 19:30:00+00:00,Charlotte,Florida International,Conference USA,Conference USA,True,15,34,fbs,fbs,Florida International,Florida International,Florida International,Florida International,1,1,1,higher_spi_home_field_adjusted,higher_spi,higher_spi_home_field_adjusted,8.142476469559256,16.94245578737607,40.758,59.242,47.399,52.601,0.067059,2022_w7,spi_rankings_2022_w7.csv,131,,False,False,Conference USA vs Conference USA
2022,regular,8,401426591,2022-10-22 19:30:00+00:00,UTSA,North Texas,Conference USA,Conference USA,True,31,27,fbs,fbs,UTSA,UTSA,UTSA,UTSA,1,1,1,higher_spi_home_field_adjusted,higher_spi,higher_spi_home_field_adjusted,56.97446721091449,41.61406491471671,65.765,34.235,71.559,28.441,0.067059,2022_w7,spi_rankings_2022_w7.csv,131,,False,False,Conference USA vs Conference USA
2022,regular,8,401416627,2022-10-22 19:30:00+00:00,Miami (OH),Western Michigan,Mid-American,Mid-American,True,10,16,fbs,fbs,Miami (OH),Miami (OH),Miami (OH),Western Michigan,0,0,0,higher_spi_home_field_adjusted,higher_spi,higher_spi_home_field_adjusted,33.18090709598971,17.80469719322568,65.78,34.22,71.572,28.428,0.067059,2022_w7,spi_rankings_2022_w7.csv,131,,False,False,Mid-American vs Mid-American
2022,regular,8,401426355,2022-10-22 19:30:00+00:00,James Madison,Marshall,Sun Belt,Sun Belt,True,12,26,fbs,fbs,James Madison,James Madison,James Madison,Marshall,0,0,0,higher_spi_home_field_adjusted,higher_spi,higher_spi_home_field_adjusted,71.59946158967936,46.86530847060209,74.101,25.899,78.936,21.064,0.067059,2022_w7,spi_rankings_2022_w7.csv,131,,False,False,Sun Belt vs Sun Belt
2022,regular,8,401403923,2022-10-22 19:30:00+00:00,LSU,Ole Miss,SEC,SEC,True,45,20,fbs,fbs,Ole Miss,Ole Miss,Ole Miss,LSU,0,0,0,higher_spi_home_field_adjusted,higher_spi,higher_spi_home_field_adjusted,73.11518094037767,91.9033119822149,31.035,68.965,37.084,62.916,0.067059,2022_w7,spi_rankings_2022_w7.csv,131,,False,False,SEC vs SEC
2022,regular,8,401404021,2022-10-22 19:30:00+00:00,Oregon,UCLA,Pac-12,Pac-12,True,45,30,fbs,fbs,UCLA,UCLA,UCLA,Oregon,0,0,0,higher_spi_home_field_adjusted,higher_spi,higher_spi_home_field_adjusted,70.65234478308768,84.91320832762956,35.295,64.705,41.673,58.327,0.067059,2022_w7,spi_rankings_2022_w7.csv,131,,False,False,Pac-12 vs Pac-12
2022,regular,8,401405118,2022-10-22 19:30:00+00:00,Maryland,Northwestern,Big Ten,Big Ten,True,31,24,fbs,fbs,Maryland,Maryland,Maryland,Maryland,1,1,1,higher_spi_home_field_adjusted,higher_spi,higher_spi_home_field_adjusted,65.96356072706988,22.74865224077786,86.255,13.745,89.153,10.847,0.067059,2022_w7,spi_rankings_2022_w7.csv,131,,False,False,Big Ten vs Big Ten
2022,regular,8,401405117,2022-10-22 19:30:00+00:00,Wisconsin,Purdue,Big Ten,Big Ten,True,35,24,fbs,fbs,Purdue,Purdue,Purdue,Wisconsin,0,0,0,higher_spi_home_field_adjusted,higher_spi,higher_spi_home_field_adjusted,48.96433195062505,72.0233954320506,27.289,72.711,32.957,67.043,0.067059,2022_w7,spi_rankings_2022_w7.csv,131,,False,False,Big Ten vs Big Ten
2022,regular,8,401404098,2022-10-22 19:30:00+00:00,Oklahoma State,Texas,Big 12,Big 12,True,41,34,fbs,fbs,Oklahoma State,Oklahoma State,Oklahoma State,Oklahoma State,1,1,1,higher_spi_home_field_adjusted,higher_spi,higher_spi_home_field_adjusted,78.23801032643182,69.95145075411718,58.715,41.285,65.068,34.932,0.067059,2022_w7,spi_rankings_2022_w7.csv,131,,False,False,Big 12 vs Big 12
2022,regular,8,401411145,2022-10-22 19:30:00+00:00,Wake Forest,Boston College,ACC,ACC,True,43,15,fbs,fbs,Wake Forest,Wake Forest,Wake Forest,Wake Forest,1,1,1,higher_spi_home_field_adjusted,higher_spi,higher_spi_home_field_adjusted,75.66960767047497,32.65760427812149,86.152,13.848,89.07,10.93,0.067059,2022_w7,spi_rankings_2022_w7.csv,131,,False,False,ACC vs ACC
2022,regular,8,401415639,2022-10-22 19:30:00+00:00,Tulane,Memphis,American Athletic,American Athletic,True,38,28,fbs,fbs,Tulane,Tulane,Tulane,Tulane,1,1,1,higher_spi_home_field_adjusted,higher_spi,higher_spi_home_field_adjusted,76.21512362854244,51.2069515908145,74.323,25.677,79.129,20.871,0.067059,2022_w7,spi_rankings_2022_w7.csv,131,,False,False,American Athletic vs American Athletic
2022,regular,8,401426356,2022-10-22 19:30:00+00:00,Old Dominion,Georgia Southern,Sun Belt,Sun Belt,True,23,28,fbs,fbs,Georgia Southern,Georgia Southern,Georgia Southern,Georgia Southern,1,1,1,higher_spi_home_field_adjusted,higher_spi,higher_spi_home_field_adjusted,44.68651416660212,54.218830969310936,40.008,59.992,46.624,53.376,0.067059,2022_w7,spi_rankings_2022_w7.csv,131,,False,False,Sun Belt vs Sun Belt
2022,regular,8,401403924,2022-10-22 20:00:00+00:00,Missouri,Vanderbilt,SEC,SEC,True,17,14,fbs,fbs,Missouri,Vanderbilt,Missouri,Missouri,1,0,1,higher_spi_home_field_adjusted,higher_spi,higher_spi_home_field_adjusted,45.679428339702085,45.84861731483057,49.82,50.18,56.529,43.471,0.067059,2022_w7,spi_rankings_2022_w7.csv,131,,False,False,SEC vs SEC
2022,regular,8,401404018,2022-10-22 20:00:00+00:00,Stanford,Arizona State,Pac-12,Pac-12,True,15,14,fbs,fbs,Stanford,Stanford,Stanford,Stanford,1,1,1,higher_spi_home_field_adjusted,higher_spi,higher_spi_home_field_adjusted,41.15977759125074,40.99676276287818,50.173,49.827,56.876,43.124,0.067059,2022_w7,spi_rankings_2022_w7.csv,131,,False,False,Pac-12 vs Pac-12
2022,regular,8,401426589,2022-10-22 20:00:00+00:00,UTEP,Florida Atlantic,Conference USA,Conference USA,True,24,21,fbs,fbs,Florida Atlantic,Florida Atlantic,Florida Atlantic,UTEP,0,0,0,higher_spi_home_field_adjusted,higher_spi,higher_spi_home_field_adjusted,27.982813185010645,37.43100520759148,40.094,59.906,46.713,53.287,0.067059,2022_w7,spi_rankings_2022_w7.csv,131,,False,False,Conference USA vs Conference USA
2022,regular,8,401415242,2022-10-22 20:00:00+00:00,Colorado State,Hawai'i,Mountain West,Mountain West,True,17,13,fbs,fbs,Colorado State,Hawai'i,Colorado State,Colorado State,1,0,1,higher_spi_home_field_adjusted,higher_spi,higher_spi_home_field_adjusted,13.579165711634506,15.139785606587242,48.342,51.658,55.071,44.929,0.067059,2022_w7,spi_rankings_2022_w7.csv,131,,False,False,Mountain West vs Mountain West
2022,regular,8,401426358,2022-10-22 21:00:00+00:00,Texas State,Southern Miss,Sun Belt,Sun Belt,True,14,20,fbs,fbs,Southern Miss,Southern Miss,Southern Miss,Southern Miss,1,1,1,higher_spi_home_field_adjusted,higher_spi,higher_spi_home_field_adjusted,38.31912687905263,49.637801880137246,38.201,61.799,44.74,55.26,0.067059,2022_w7,spi_rankings_2022_w7.csv,131,,False,False,Sun Belt vs Sun Belt
2022,regular,8,401426357,2022-10-22 21:00:00+00:00,Louisiana,Arkansas State,Sun Belt,Sun Belt,True,38,18,fbs,fbs,Louisiana,Louisiana,Louisiana,Louisiana,1,1,1,higher_spi_home_field_adjusted,higher_spi,higher_spi_home_field_adjusted,42.01721078571892,36.00126906193027,56.357,43.643,62.844,37.156,0.067059,2022_w7,spi_rankings_2022_w7.csv,131,,False,False,Sun Belt vs Sun Belt
2022,regular,8,401415243,2022-10-22 22:30:00+00:00,New Mexico,Fresno State,Mountain West,Mountain West,True,9,41,fbs,fbs,Fresno State,Fresno State,Fresno State,Fresno State,1,1,1,higher_spi_home_field_adjusted,higher_spi,higher_spi_home_field_adjusted,27.32811035569196,37.75455716256296,39.1,60.9,45.679,54.321,0.067059,2022_w7,spi_rankings_2022_w7.csv,131,,False,False,Mountain West vs Mountain West
2022,regular,8,401403922,2022-10-22 23:00:00+00:00,Alabama,Mississippi State,SEC,SEC,True,30,6,fbs,fbs,Alabama,Alabama,Alabama,Alabama,1,1,1,higher_spi_home_field_adjusted,higher_spi,higher_spi_home_field_adjusted,91.54509300345912,71.43555746705066,70.154,29.846,75.483,24.517,0.067059,2022_w7,spi_rankings_2022_w7.csv,131,,False,False,SEC vs SEC
2022,regular,8,401415241,2022-10-22 23:00:00+00:00,Air Force,Boise State,Mountain West,Mountain West,True,14,19,fbs,fbs,Air Force,Air Force,Air Force,Boise State,0,0,0,higher_spi_home_field_adjusted,higher_spi,higher_spi_home_field_adjusted,62.94695951106053,53.50274979926992,59.902,40.098,66.178,33.822,0.067059,2022_w7,spi_rankings_2022_w7.csv,131,,False,False,Mountain West vs Mountain West
2022,regular,8,401415642,2022-10-22 23:30:00+00:00,East Carolina,UCF,American Athletic,American Athletic,True,34,13,fbs,fbs,UCF,UCF,UCF,East Carolina,0,0,0,higher_spi_home_field_adjusted,higher_spi,higher_spi_home_field_adjusted,52.52593880569903,77.27976278090576,25.883,74.117,31.385,68.615,0.067059,2022_w7,spi_rankings_2022_w7.csv,131,,False,False,American Athletic vs American Athletic
2022,regular,8,401405120,2022-10-22 23:30:00+00:00,Penn State,Minnesota,Big Ten,Big Ten,True,45,17,fbs,fbs,Penn State,Penn State,Penn State,Penn State,1,1,1,higher_spi_home_field_adjusted,higher_spi,higher_spi_home_field_adjusted,76.25405744218845,71.71736073154705,54.805,45.195,61.365,38.635,0.067059,2022_w7,spi_rankings_2022_w7.csv,131,,False,False,Big Ten vs Big Ten
2022,regular,8,401403925,2022-10-22 23:30:00+00:00,South Carolina,Texas A&M,SEC,SEC,True,30,24,fbs,fbs,South Carolina,South Carolina,South Carolina,South Carolina,1,1,1,higher_spi_home_field_adjusted,higher_spi,higher_spi_home_field_adjusted,65.99997860463809,54.97023449514772,61.509,38.491,67.67,32.33,0.067059,2022_w7,spi_rankings_2022_w7.csv,131,,False,False,SEC vs SEC
2022,regular,8,401404097,2022-10-23 00:00:00+00:00,TCU,Kansas State,Big 12,Big 12,True,38,28,fbs,fbs,TCU,TCU,TCU,TCU,1,1,1,higher_spi_home_field_adjusted,higher_spi,higher_spi_home_field_adjusted,86.82384188193603,67.67338197080205,69.294,30.706,74.72,25.28,0.067059,2022_w7,spi_rankings_2022_w7.csv,131,,False,False,Big 12 vs Big 12
2022,regular,8,401404020,2022-10-23 00:00:00+00:00,Oregon State,Colorado,Pac-12,Pac-12,True,42,9,fbs,fbs,Oregon State,Oregon State,Oregon State,Oregon State,1,1,1,higher_spi_home_field_adjusted,higher_spi,higher_spi_home_field_adjusted,61.90556225921552,22.726947240424245,84.092,15.908,87.38,12.62,0.067059,2022_w7,spi_rankings_2022_w7.csv,131,,False,False,Pac-12 vs Pac-12
2022,regular,8,401411143,2022-10-23 00:00:00+00:00,Louisville,Pittsburgh,ACC,ACC,True,24,10,fbs,fbs,Pittsburgh,Pittsburgh,Pittsburgh,Louisville,0,0,0,higher_spi_home_field_adjusted,higher_spi,higher_spi_home_field_adjusted,51.627797963597374,64.75721494196608,36.401,63.599,42.846,57.154,0.067059,2022_w7,spi_rankings_2022_w7.csv,131,,False,False,ACC vs ACC
2022,regular,8,401415244,2022-10-23 01:45:00+00:00,Wyoming,Utah State,Mountain West,Mountain West,True,28,14,fbs,fbs,Wyoming,Wyoming,Wyoming,Wyoming,1,1,1,higher_spi_home_field_adjusted,higher_spi,higher_spi_home_field_adjusted,44.124692169277736,29.97069390111341,64.601,35.399,70.504,29.496,0.067059,2022_w7,spi_rankings_2022_w7.csv,131,,False,False,Mountain West vs Mountain West
2022,regular,8,401404019,2022-10-23 02:30:00+00:00,California,Washington,Pac-12,Pac-12,True,21,28,fbs,fbs,Washington,Washington,Washington,Washington,1,1,1,higher_spi_home_field_adjusted,higher_spi,higher_spi_home_field_adjusted,41.70194576949312,60.27538723128762,31.23,68.77,37.297,62.703,0.067059,2022_w7,spi_rankings_2022_w7.csv,131,,False,False,Pac-12 vs Pac-12
2022,regular,8,401415245,2022-10-23 02:30:00+00:00,Nevada,San Diego State,Mountain West,Mountain West,True,7,23,fbs,fbs,San Diego State,San Diego State,San Diego State,San Diego State,1,1,1,higher_spi_home_field_adjusted,higher_spi,higher_spi_home_field_adjusted,19.42484631493617,39.29174121200367,30.062,69.938,36.02,63.98,0.067059,2022_w7,spi_rankings_2022_w7.csv,131,,False,False,Mountain West vs Mountain West
2022,regular,9,401426359,2022-10-27 23:30:00+00:00,Southern Miss,Louisiana,Sun Belt,Sun Belt,True,39,24,fbs,fbs,Southern Miss,Southern Miss,Southern Miss,Southern Miss,1,1,1,higher_spi_home_field_adjusted,higher_spi,higher_spi_home_field_adjusted,50.009596457785264,47.22452005872913,52.956,47.044,59.586,40.414,0.067059,2022_w8,spi_rankings_2022_w8.csv,131,,False,False,Sun Belt vs Sun Belt
2022,regular,9,401411146,2022-10-27 23:30:00+00:00,NC State,Virginia Tech,ACC,ACC,True,22,21,fbs,fbs,NC State,NC State,NC State,NC State,1,1,1,higher_spi_home_field_adjusted,higher_spi,higher_spi_home_field_adjusted,71.6262353491651,28.62328143187301,86.148,13.852,89.066,10.934,0.067059,2022_w8,spi_rankings_2022_w8.csv,131,,False,False,ACC vs ACC
2022,regular,9,401404026,2022-10-28 02:00:00+00:00,Washington State,Utah,Pac-12,Pac-12,True,17,21,fbs,fbs,Utah,Utah,Utah,Utah,1,1,1,higher_spi_home_field_adjusted,higher_spi,higher_spi_home_field_adjusted,56.009564346771725,71.27256982517697,34.329,65.671,40.641,59.359,0.067059,2022_w8,spi_rankings_2022_w8.csv,131,,False,False,Pac-12 vs Pac-12
2022,regular,9,401426594,2022-10-29 00:00:00+00:00,Florida International,Louisiana Tech,Conference USA,Conference USA,True,42,34,fbs,fbs,Florida International,Louisiana Tech,Florida International,Florida International,1,0,1,higher_spi_home_field_adjusted,higher_spi,higher_spi_home_field_adjusted,25.454502837163425,29.573875456028187,45.634,54.366,52.368,47.632,0.067059,2022_w8,spi_rankings_2022_w8.csv,131,,False,False,Conference USA vs Conference USA
2022,regular,9,401415645,2022-10-29 00:00:00+00:00,BYU,East Carolina,FBS Independents,American Athletic,False,24,27,fbs,fbs,East Carolina,East Carolina,East Carolina,East Carolina,1,1,1,higher_spi_home_field_adjusted,higher_spi,higher_spi_home_field_adjusted,44.565597843442085,56.186246449661326,37.898,62.102,44.423,55.577,0.067059,2022_w8,spi_rankings_2022_w8.csv,131,,False,False,American Athletic vs FBS Independents
2022,regular,9,401404103,2022-10-29 16:00:00+00:00,West Virginia,TCU,Big 12,Big 12,True,31,41,fbs,fbs,TCU,TCU,TCU,TCU,1,1,1,higher_spi_home_field_adjusted,higher_spi,higher_spi_home_field_adjusted,46.18379411897885,89.48769393498422,13.7,86.3,17.214,82.786,0.067059,2022_w8,spi_rankings_2022_w8.csv,131,,False,False,Big 12 vs Big 12
2022,regular,9,401415643,2022-10-29 16:00:00+00:00,Houston,South Florida,American Athletic,American Athletic,True,42,27,fbs,fbs,Houston,Houston,Houston,Houston,1,1,1,higher_spi_home_field_adjusted,higher_spi,higher_spi_home_field_adjusted,52.67091079560438,19.6802102635086,80.252,19.748,84.184,15.816,0.067059,2022_w8,spi_rankings_2022_w8.csv,131,,False,False,American Athletic vs American Athletic
2022,regular,9,401404129,2022-10-29 16:00:00+00:00,Syracuse,Notre Dame,ACC,FBS Independents,False,24,41,fbs,fbs,Syracuse,Syracuse,Syracuse,Notre Dame,0,0,0,higher_spi_home_field_adjusted,higher_spi,higher_spi_home_field_adjusted,80.41789006668732,54.69869510903391,74.896,25.104,79.624,20.376,0.067059,2022_w8,spi_rankings_2022_w8.csv,131,,False,False,ACC vs FBS Independents
2022,regular,9,401404100,2022-10-29 16:00:00+00:00,Iowa State,Oklahoma,Big 12,Big 12,True,13,27,fbs,fbs,Oklahoma,Oklahoma,Oklahoma,Oklahoma,1,1,1,higher_spi_home_field_adjusted,higher_spi,higher_spi_home_field_adjusted,51.34455517071665,62.79629823643946,38.067,61.933,44.6,55.4,0.067059,2022_w8,spi_rankings_2022_w8.csv,131,,False,False,Big 12 vs Big 12
2022,regular,9,401416631,2022-10-29 16:00:00+00:00,Akron,Miami (OH),Mid-American,Mid-American,True,9,27,fbs,fbs,Miami (OH),Miami (OH),Miami (OH),Miami (OH),1,1,1,higher_spi_home_field_adjusted,higher_spi,higher_spi_home_field_adjusted,3.809808612440191,26.953448426900685,27.218,72.782,32.877,67.123,0.067059,2022_w8,spi_rankings_2022_w8.csv,131,,False,False,Mid-American vs Mid-American
2022,regular,9,401416630,2022-10-29 16:00:00+00:00,Eastern Michigan,Toledo,Mid-American,Mid-American,True,24,27,fbs,fbs,Toledo,Toledo,Toledo,Toledo,1,1,1,higher_spi_home_field_adjusted,higher_spi,higher_spi_home_field_adjusted,39.009540559465606,50.0964677367181,38.433,61.567,44.984,55.016,0.067059,2022_w8,spi_rankings_2022_w8.csv,131,,False,False,Mid-American vs Mid-American
2022,regular,9,401405126,2022-10-29 16:00:00+00:00,Penn State,Ohio State,Big Ten,Big Ten,True,31,44,fbs,fbs,Ohio State,Ohio State,Ohio State,Ohio State,1,1,1,higher_spi_home_field_adjusted,higher_spi,higher_spi_home_field_adjusted,75.4953200787356,91.85680707614276,33.284,66.716,39.52,60.48,0.067059,2022_w8,spi_rankings_2022_w8.csv,131,,False,False,Big Ten vs Big Ten
2022,regular,9,401411147,2022-10-29 16:00:00+00:00,Florida State,Georgia Tech,ACC,ACC,True,41,16,fbs,fbs,Florida State,Florida State,Florida State,Florida State,1,1,1,higher_spi_home_field_adjusted,higher_spi,higher_spi_home_field_adjusted,62.70529547607612,42.3769036873802,70.349,29.651,75.654,24.346,0.067059,2022_w8,spi_rankings_2022_w8.csv,131,,False,False,ACC vs ACC
2022,regular,9,401404154,2022-10-29 16:00:00+00:00,UConn,Boston College,FBS Independents,ACC,False,13,3,fbs,fbs,UConn,Boston College,UConn,UConn,1,0,1,higher_spi_home_field_adjusted,higher_spi,higher_spi_home_field_adjusted,28.20227778068799,31.377172265673213,46.632,53.368,53.368,46.632,0.067059,2022_w8,spi_rankings_2022_w8.csv,131,,False,False,ACC vs FBS Independents
2022,regular,9,401403927,2022-10-29 16:00:00+00:00,Auburn,Arkansas,SEC,SEC,True,27,41,fbs,fbs,Auburn,Arkansas,Auburn,Arkansas,0,1,0,higher_spi_home_field_adjusted,higher_spi,higher_spi_home_field_adjusted,52.52295360358082,57.51936205330546,44.711,55.289,51.437,48.563,0.067059,2022_w8,spi_rankings_2022_w8.csv,131,,False,False,SEC vs SEC
2022,regular,9,401411150,2022-10-29 16:30:00+00:00,Virginia,Miami,ACC,ACC,True,12,14,fbs,fbs,Virginia,Virginia,Virginia,Miami,0,0,0,higher_spi_home_field_adjusted,higher_spi,higher_spi_home_field_adjusted,47.99656486143581,46.41681131420464,51.678,48.322,58.346,41.654,0.067059,2022_w8,spi_rankings_2022_w8.csv,131,,False,False,ACC vs ACC
2022,regular,9,401426593,2022-10-29 18:00:00+00:00,Rice,Charlotte,Conference USA,Conference USA,True,23,56,fbs,fbs,Rice,Rice,Rice,Charlotte,0,0,0,higher_spi_home_field_adjusted,higher_spi,higher_spi_home_field_adjusted,46.9232227145911,5.223498647342051,85.474,14.526,88.515,11.485,0.067059,2022_w8,spi_rankings_2022_w8.csv,131,,False,False,Conference USA vs Conference USA
2022,regular,9,401405123,2022-10-29 18:30:00+00:00,Minnesota,Rutgers,Big Ten,Big Ten,True,31,0,fbs,fbs,Minnesota,Minnesota,Minnesota,Minnesota,1,1,1,higher_spi_home_field_adjusted,higher_spi,higher_spi_home_field_adjusted,62.83136716265605,48.89244660175211,64.392,35.608,70.313,29.687,0.067059,2022_w8,spi_rankings_2022_w8.csv,131,,False,False,Big Ten vs Big Ten
2022,regular,9,401426361,2022-10-29 19:00:00+00:00,Georgia State,Old Dominion,Sun Belt,Sun Belt,True,31,17,fbs,fbs,Georgia State,Old Dominion,Georgia State,Georgia State,1,0,1,higher_spi_home_field_adjusted,higher_spi,higher_spi_home_field_adjusted,34.96565882477242,39.961857443081385,44.711,55.289,51.438,48.562,0.067059,2022_w8,spi_rankings_2022_w8.csv,131,,False,False,Sun Belt vs Sun Belt
2022,regular,9,401405124,2022-10-29 19:30:00+00:00,Nebraska,Illinois,Big Ten,Big Ten,True,9,26,fbs,fbs,Illinois,Illinois,Illinois,Illinois,1,1,1,higher_spi_home_field_adjusted,higher_spi,higher_spi_home_field_adjusted,37.534432625026525,71.51848647327253,19.088,80.912,23.605,76.395,0.067059,2022_w8,spi_rankings_2022_w8.csv,131,,False,False,Big Ten vs Big Ten
2022,regular,9,401405122,2022-10-29 19:30:00+00:00,Iowa,Northwestern,Big Ten,Big Ten,True,33,13,fbs,fbs,Iowa,Iowa,Iowa,Iowa,1,1,1,higher_spi_home_field_adjusted,higher_spi,higher_spi_home_field_adjusted,46.82305854888406,25.86659161272165,70.902,29.098,76.143,23.857,0.067059,2022_w8,spi_rankings_2022_w8.csv,131,,False,False,Big Ten vs Big Ten
2022,regular,9,401411148,2022-10-29 19:30:00+00:00,Louisville,Wake Forest,ACC,ACC,True,48,21,fbs,fbs,Wake Forest,Wake Forest,Wake Forest,Louisville,0,0,0,higher_spi_home_field_adjusted,higher_spi,higher_spi_home_field_adjusted,53.572700814435926,76.37389516656738,27.507,72.493,33.199,66.801,0.067059,2022_w8,spi_rankings_2022_w8.csv,131,,False,False,ACC vs ACC
2022,regular,9,401426597,2022-10-29 19:30:00+00:00,Western Kentucky,North Texas,Conference USA,Conference USA,True,13,40,fbs,fbs,Western Kentucky,Western Kentucky,Western Kentucky,North Texas,0,0,0,higher_spi_home_field_adjusted,higher_spi,higher_spi_home_field_adjusted,53.10322662414399,35.87788499699459,67.526,32.474,73.144,26.856,0.067059,2022_w8,spi_rankings_2022_w8.csv,131,,False,False,Conference USA vs Conference USA
2022,regular,9,401415647,2022-10-29 19:30:00+00:00,Tulsa,SMU,American Athletic,American Athletic,True,34,45,fbs,fbs,SMU,SMU,SMU,SMU,1,1,1,higher_spi_home_field_adjusted,higher_spi,higher_spi_home_field_adjusted,39.21756898614729,50.84069400630915,37.896,62.104,44.42,55.58,0.067059,2022_w8,spi_rankings_2022_w8.csv,131,,False,False,American Athletic vs American Athletic
2022,regular,9,401415644,2022-10-29 19:30:00+00:00,UCF,Cincinnati,American Athletic,American Athletic,True,25,21,fbs,fbs,UCF,UCF,UCF,UCF,1,1,1,higher_spi_home_field_adjusted,higher_spi,higher_spi_home_field_adjusted,67.42295975942487,64.53957023921669,53.06,46.94,59.686,40.314,0.067059,2022_w8,spi_rankings_2022_w8.csv,131,,False,False,American Athletic vs American Athletic
2022,regular,9,401415646,2022-10-29 19:30:00+00:00,Navy,Temple,American Athletic,American Athletic,True,27,20,fbs,fbs,Navy,Navy,Navy,Navy,1,1,1,higher_spi_home_field_adjusted,higher_spi,higher_spi_home_field_adjusted,26.38664057535834,24.80010050599263,51.685,48.315,58.353,41.647,0.067059,2022_w8,spi_rankings_2022_w8.csv,131,,False,False,American Athletic vs American Athletic
2022,regular,9,401426360,2022-10-29 19:30:00+00:00,App State,Robert Morris,Sun Belt,Big South,False,42,3,fbs,fcs,App State,App State,App State,App State,1,1,1,fbs_vs_fcs_rule,fbs_vs_fcs_rule,fbs_vs_fcs_rule,58.90893109390829,,100.0,0.0,100.0,0.0,0.067059,2022_w8,spi_rankings_2022_w8.csv,131,,False,False,Big South vs Sun Belt
2022,regular,9,401403928,2022-10-29 19:30:00+00:00,Georgia,Florida,SEC,SEC,True,42,20,fbs,fbs,Georgia,Georgia,Georgia,Georgia,1,1,1,higher_spi_home_field_adjusted,higher_spi,higher_spi_home_field_adjusted,92.307945655735,61.982856566169566,78.395,21.605,78.395,21.605,0.067059,2022_w8,spi_rankings_2022_w8.csv,131,,False,False,SEC vs SEC
2022,regular,9,401404102,2022-10-29 19:30:00+00:00,Kansas State,Oklahoma State,Big 12,Big 12,True,48,0,fbs,fbs,Oklahoma State,Oklahoma State,Oklahoma State,Kansas State,0,0,0,higher_spi_home_field_adjusted,higher_spi,higher_spi_home_field_adjusted,67.90035212611903,82.75424020754664,34.722,65.278,41.061,58.939,0.067059,2022_w8,spi_rankings_2022_w8.csv,131,,False,False,Big 12 vs Big 12
2022,regular,9,401409242,2022-10-29 19:30:00+00:00,Massachusetts,New Mexico State,FBS Independents,FBS Independents,True,13,23,fbs,fbs,New Mexico State,New Mexico State,New Mexico State,New Mexico State,1,1,1,higher_spi_home_field_adjusted,higher_spi,higher_spi_home_field_adjusted,7.409498733760642,18.390771649852045,38.54,61.46,45.095,54.905,0.067059,2022_w8,spi_rankings_2022_w8.csv,131,,False,False,FBS Independents vs FBS Independents
2022,regular,9,401404024,2022-10-29 19:30:00+00:00,California,Oregon,Pac-12,Pac-12,True,24,42,fbs,fbs,Oregon,Oregon,Oregon,Oregon,1,1,1,higher_spi_home_field_adjusted,higher_spi,higher_spi_home_field_adjusted,38.139995732342726,75.4180905755507,17.018,82.982,21.174,78.826,0.067059,2022_w8,spi_rankings_2022_w8.csv,131,,False,False,Pac-12 vs Pac-12
2022,regular,9,401403929,2022-10-29 20:00:00+00:00,South Carolina,Missouri,SEC,SEC,True,10,23,fbs,fbs,South Carolina,South Carolina,South Carolina,Missouri,0,0,0,higher_spi_home_field_adjusted,higher_spi,higher_spi_home_field_adjusted,66.97199283317693,46.8799410637121,70.139,29.861,75.469,24.531,0.067059,2022_w8,spi_rankings_2022_w8.csv,131,,False,False,SEC vs SEC
2022,regular,9,401426363,2022-10-29 20:00:00+00:00,Arkansas State,South Alabama,Sun Belt,Sun Belt,True,3,31,fbs,fbs,South Alabama,South Alabama,South Alabama,South Alabama,1,1,1,higher_spi_home_field_adjusted,higher_spi,higher_spi_home_field_adjusted,30.545347391594248,61.41592803936662,21.215,78.785,26.074,73.926,0.067059,2022_w8,spi_rankings_2022_w8.csv,131,,False,False,Sun Belt vs Sun Belt
2022,regular,9,401426595,2022-10-29 23:00:00+00:00,Florida Atlantic,UAB,Conference USA,Conference USA,True,24,17,fbs,fbs,UAB,UAB,UAB,Florida Atlantic,0,0,0,higher_spi_home_field_adjusted,higher_spi,higher_spi_home_field_adjusted,31.40243040788682,51.88009200027346,29.519,70.481,35.424,64.576,0.067059,2022_w8,spi_rankings_2022_w8.csv,131,,False,False,Conference USA vs Conference USA
2022,regular,9,401403930,2022-10-29 23:00:00+00:00,Tennessee,Kentucky,SEC,SEC,True,44,6,fbs,fbs,Tennessee,Tennessee,Tennessee,Tennessee,1,1,1,higher_spi_home_field_adjusted,higher_spi,higher_spi_home_field_adjusted,95.4286142573492,66.93385057221235,77.048,22.952,81.471,18.529,0.067059,2022_w8,spi_rankings_2022_w8.csv,131,,False,False,SEC vs SEC
2022,regular,9,401415246,2022-10-29 23:00:00+00:00,Boise State,Colorado State,Mountain West,Mountain West,True,49,10,fbs,fbs,Boise State,Boise State,Boise State,Boise State,1,1,1,higher_spi_home_field_adjusted,higher_spi,higher_spi_home_field_adjusted,53.87497539882027,18.47230047740347,81.826,18.174,85.501,14.499,0.067059,2022_w8,spi_rankings_2022_w8.csv,131,,False,False,Mountain West vs Mountain West
2022,regular,9,401426362,2022-10-29 23:00:00+00:00,Marshall,Coastal Carolina,Sun Belt,Sun Belt,True,13,24,fbs,fbs,Coastal Carolina,Coastal Carolina,Coastal Carolina,Coastal Carolina,1,1,1,higher_spi_home_field_adjusted,higher_spi,higher_spi_home_field_adjusted,54.16141289051506,62.44472880695303,41.289,58.711,47.947,52.053,0.067059,2022_w8,spi_rankings_2022_w8.csv,131,,False,False,Sun Belt vs Sun Belt
2022,regular,9,401404022,2022-10-29 23:00:00+00:00,Arizona,USC,Pac-12,Pac-12,True,37,45,fbs,fbs,USC,USC,USC,USC,1,1,1,higher_spi_home_field_adjusted,higher_spi,higher_spi_home_field_adjusted,40.21221354978229,76.30376323321504,17.743,82.257,22.028,77.972,0.067059,2022_w8,spi_rankings_2022_w8.csv,131,,False,False,Pac-12 vs Pac-12
2022,regular,9,401404023,2022-10-29 23:30:00+00:00,Colorado,Arizona State,Pac-12,Pac-12,True,34,42,fbs,fbs,Arizona State,Arizona State,Arizona State,Arizona State,1,1,1,higher_spi_home_field_adjusted,higher_spi,higher_spi_home_field_adjusted,16.39011566771819,36.44944705426584,29.89,70.11,35.832,64.168,0.067059,2022_w8,spi_rankings_2022_w8.csv,131,,False,False,Pac-12 vs Pac-12
2022,regular,9,401405125,2022-10-29 23:30:00+00:00,Michigan,Michigan State,Big Ten,Big Ten,True,29,7,fbs,fbs,Michigan,Michigan,Michigan,Michigan,1,1,1,higher_spi_home_field_adjusted,higher_spi,higher_spi_home_field_adjusted,91.68409791580284,47.6238098578148,86.675,13.325,89.496,10.504,0.067059,2022_w8,spi_rankings_2022_w8.csv,131,,False,False,Big Ten vs Big Ten
2022,regular,9,401404101,2022-10-29 23:30:00+00:00,Texas Tech,Baylor,Big 12,Big 12,True,17,45,fbs,fbs,Texas Tech,Texas Tech,Texas Tech,Baylor,0,0,0,higher_spi_home_field_adjusted,higher_spi,higher_spi_home_field_adjusted,64.04095264054635,55.42386182734457,59.055,40.945,65.387,34.613,0.067059,2022_w8,spi_rankings_2022_w8.csv,131,,False,False,Big 12 vs Big 12
2022,regular,9,401403931,2022-10-29 23:30:00+00:00,Texas A&M,Ole Miss,SEC,SEC,True,28,31,fbs,fbs,Ole Miss,Ole Miss,Ole Miss,Ole Miss,1,1,1,higher_spi_home_field_adjusted,higher_spi,higher_spi_home_field_adjusted,49.37630926368707,83.95667787740577,18.699,81.301,23.151,76.849,0.067059,2022_w8,spi_rankings_2022_w8.csv,131,,False,False,SEC vs SEC
2022,regular,9,401411149,2022-10-30 00:00:00+00:00,North Carolina,Pittsburgh,ACC,ACC,True,42,24,fbs,fbs,North Carolina,North Carolina,North Carolina,North Carolina,1,1,1,higher_spi_home_field_adjusted,higher_spi,higher_spi_home_field_adjusted,69.31911185375846,53.49396801269525,66.208,33.792,71.959,28.041,0.067059,2022_w8,spi_rankings_2022_w8.csv,131,,False,False,ACC vs ACC
2022,regular,9,401426596,2022-10-30 01:00:00+00:00,UTEP,Middle Tennessee,Conference USA,Conference USA,True,13,24,fbs,fbs,UTEP,Middle Tennessee,UTEP,Middle Tennessee,0,1,0,higher_spi_home_field_adjusted,higher_spi,higher_spi_home_field_adjusted,32.261429301166686,36.79961810090435,45.193,54.807,51.924,48.076,0.067059,2022_w8,spi_rankings_2022_w8.csv,131,,False,False,Conference USA vs Conference USA
2022,regular,9,401415248,2022-10-30 02:30:00+00:00,Fresno State,San Diego State,Mountain West,Mountain West,True,32,28,fbs,fbs,Fresno State,San Diego State,Fresno State,Fresno State,1,0,1,higher_spi_home_field_adjusted,higher_spi,higher_spi_home_field_adjusted,39.58882217098271,41.32607728011133,48.155,51.845,54.885,45.115,0.067059,2022_w8,spi_rankings_2022_w8.csv,131,,False,False,Mountain West vs Mountain West
2022,regular,9,401404025,2022-10-30 02:30:00+00:00,UCLA,Stanford,Pac-12,Pac-12,True,38,13,fbs,fbs,UCLA,UCLA,UCLA,UCLA,1,1,1,higher_spi_home_field_adjusted,higher_spi,higher_spi_home_field_adjusted,76.84982093300695,45.6071436498769,79.048,20.952,83.169,16.831,0.067059,2022_w8,spi_rankings_2022_w8.csv,131,,False,False,Pac-12 vs Pac-12
2022,regular,9,401415249,2022-10-30 02:30:00+00:00,San José State,Nevada,Mountain West,Mountain West,True,35,28,fbs,fbs,San José State,San José State,San José State,San José State,1,1,1,higher_spi_home_field_adjusted,higher_spi,higher_spi_home_field_adjusted,53.78380327875645,11.25433957411621,85.906,14.094,88.868,11.132,0.067059,2022_w8,spi_rankings_2022_w8.csv,131,,False,False,Mountain West vs Mountain West
2022,regular,9,401415247,2022-10-30 03:59:00+00:00,Hawai'i,Wyoming,Mountain West,Mountain West,True,20,27,fbs,fbs,Wyoming,Wyoming,Wyoming,Wyoming,1,1,1,higher_spi_home_field_adjusted,higher_spi,higher_spi_home_field_adjusted,12.326863759480524,43.62605561257603,20.912,79.088,25.724,74.276,0.067059,2022_w8,spi_rankings_2022_w8.csv,131,,False,False,Mountain West vs Mountain West
2022,regular,10,401416632,2022-11-01 23:00:00+00:00,Kent State,Ball State,Mid-American,Mid-American,True,20,27,fbs,fbs,Kent State,Ball State,Kent State,Ball State,0,1,0,higher_spi_home_field_adjusted,higher_spi,higher_spi_home_field_adjusted,35.53624475518803,40.07416097097918,45.193,54.807,51.924,48.076,0.067059,2022_w9,spi_rankings_2022_w9.csv,131,,False,False,Mid-American vs Mid-American
2022,regular,10,401416633,2022-11-01 23:30:00+00:00,Ohio,Buffalo,Mid-American,Mid-American,True,45,24,fbs,fbs,Buffalo,Buffalo,Buffalo,Ohio,0,0,0,higher_spi_home_field_adjusted,higher_spi,higher_spi_home_field_adjusted,44.91134627246746,52.258246463268776,42.257,57.743,48.941,51.059,0.067059,2022_w9,spi_rankings_2022_w9.csv,131,,False,False,Mid-American vs Mid-American
2022,regular,10,401416635,2022-11-02 23:00:00+00:00,Bowling Green,Western Michigan,Mid-American,Mid-American,True,13,9,fbs,fbs,Bowling Green,Bowling Green,Bowling Green,Bowling Green,1,1,1,higher_spi_home_field_adjusted,higher_spi,higher_spi_home_field_adjusted,36.521388021199854,24.46524886142061,62.537,37.463,68.616,31.384,0.067059,2022_w9,spi_rankings_2022_w9.csv,131,,False,False,Mid-American vs Mid-American
2022,regular,10,401416634,2022-11-02 23:00:00+00:00,Northern Illinois,Central Michigan,Mid-American,Mid-American,True,22,35,fbs,fbs,Northern Illinois,Central Michigan,Northern Illinois,Central Michigan,0,1,0,higher_spi_home_field_adjusted,higher_spi,higher_spi_home_field_adjusted,22.15493077845201,27.172360096457805,44.689,55.311,51.415,48.585,0.067059,2022_w9,spi_rankings_2022_w9.csv,131,,False,False,Mid-American vs Mid-American
2022,regular,10,401426601,2022-11-03 23:00:00+00:00,Rice,UTEP,Conference USA,Conference USA,True,37,30,fbs,fbs,Rice,Rice,Rice,Rice,1,1,1,higher_spi_home_field_adjusted,higher_spi,higher_spi_home_field_adjusted,39.48434352403599,29.911772047271523,60.033,39.967,66.3,33.7,0.067059,2022_w9,spi_rankings_2022_w9.csv,131,,False,False,Conference USA vs Conference USA
2022,regular,10,401426364,2022-11-03 23:30:00+00:00,Coastal Carolina,App State,Sun Belt,Sun Belt,True,35,28,fbs,fbs,Coastal Carolina,Coastal Carolina,Coastal Carolina,Coastal Carolina,1,1,1,higher_spi_home_field_adjusted,higher_spi,higher_spi_home_field_adjusted,66.15951428598797,64.10710449228067,52.179,47.821,58.834,41.166,0.067059,2022_w9,spi_rankings_2022_w9.csv,131,,False,False,Sun Belt vs Sun Belt
2022,regular,10,401411151,2022-11-04 23:00:00+00:00,Boston College,Duke,ACC,ACC,True,31,38,fbs,fbs,Duke,Duke,Duke,Duke,1,1,1,higher_spi_home_field_adjusted,higher_spi,higher_spi_home_field_adjusted,29.31602417859491,61.10982259650868,20.567,79.433,25.325,74.675,0.067059,2022_w9,spi_rankings_2022_w9.csv,131,,False,False,ACC vs ACC
2022,regular,10,401404155,2022-11-04 23:00:00+00:00,UConn,Massachusetts,FBS Independents,FBS Independents,False,27,10,fbs,fbs,UConn,UConn,UConn,UConn,1,1,1,higher_spi_home_field_adjusted,higher_spi,higher_spi_home_field_adjusted,34.84721384607701,7.377631668432685,76.269,23.731,80.804,19.196,0.067059,2022_w9,spi_rankings_2022_w9.csv,131,,False,False,FBS Independents vs FBS Independents
2022,regular,10,401404031,2022-11-05 02:30:00+00:00,Washington,Oregon State,Pac-12,Pac-12,True,24,21,fbs,fbs,Washington,Oregon State,Washington,Washington,1,0,1,higher_spi_home_field_adjusted,higher_spi,higher_spi_home_field_adjusted,64.72585678056576,65.88277985655569,48.771,51.229,55.495,44.505,0.067059,2022_w9,spi_rankings_2022_w9.csv,131,,False,False,Pac-12 vs Pac-12
2022,regular,10,401404141,2022-11-05 15:30:00+00:00,Army,Air Force,FBS Independents,Mountain West,False,7,13,fbs,fbs,Air Force,Air Force,Air Force,Air Force,1,1,1,higher_spi_home_field_adjusted,higher_spi,higher_spi_home_field_adjusted,44.1725297015519,54.47396263587899,39.226,60.774,39.226,60.774,0.067059,2022_w9,spi_rankings_2022_w9.csv,131,,False,False,FBS Independents vs Mountain West
2022,regular,10,401404108,2022-11-05 16:00:00+00:00,TCU,Texas Tech,Big 12,Big 12,True,34,24,fbs,fbs,TCU,TCU,TCU,TCU,1,1,1,higher_spi_home_field_adjusted,higher_spi,higher_spi_home_field_adjusted,90.43280182232348,60.6816094120794,77.979,22.021,82.263,17.737,0.067059,2022_w9,spi_rankings_2022_w9.csv,131,,False,False,Big 12 vs Big 12
2022,regular,10,401405130,2022-11-05 16:00:00+00:00,Purdue,Iowa,Big Ten,Big Ten,True,3,24,fbs,fbs,Purdue,Purdue,Purdue,Iowa,0,0,0,higher_spi_home_field_adjusted,higher_spi,higher_spi_home_field_adjusted,66.86021267432508,51.34427377593127,65.913,34.087,71.693,28.307,0.067059,2022_w9,spi_rankings_2022_w9.csv,131,,False,False,Big Ten vs Big Ten
2022,regular,10,401405128,2022-11-05 16:00:00+00:00,Nebraska,Minnesota,Big Ten,Big Ten,True,13,20,fbs,fbs,Minnesota,Minnesota,Minnesota,Minnesota,1,1,1,higher_spi_home_field_adjusted,higher_spi,higher_spi_home_field_adjusted,38.03585094333008,69.19922487616188,21.008,78.992,25.835,74.165,0.067059,2022_w9,spi_rankings_2022_w9.csv,131,,False,False,Big Ten vs Big Ten
2022,regular,10,401426598,2022-11-05 16:00:00+00:00,Charlotte,Western Kentucky,Conference USA,Conference USA,True,7,59,fbs,fbs,Western Kentucky,Western Kentucky,Western Kentucky,Western Kentucky,1,1,1,higher_spi_home_field_adjusted,higher_spi,higher_spi_home_field_adjusted,16.2513600398554,49.45731865300561,19.604,80.396,24.206,75.794,0.067059,2022_w9,spi_rankings_2022_w9.csv,131,,False,False,Conference USA vs Conference USA
2022,regular,10,401411156,2022-11-05 16:00:00+00:00,Virginia,North Carolina,ACC,ACC,True,28,31,fbs,fbs,North Carolina,North Carolina,North Carolina,North Carolina,1,1,1,higher_spi_home_field_adjusted,higher_spi,higher_spi_home_field_adjusted,44.17218258100842,74.49138058116952,21.61,78.39,26.528,73.472,0.067059,2022_w9,spi_rankings_2022_w9.csv,131,,False,False,ACC vs ACC
2022,regular,10,401415649,2022-11-05 16:00:00+00:00,Tulsa,Tulane,American Athletic,American Athletic,True,13,27,fbs,fbs,Tulane,Tulane,Tulane,Tulane,1,1,1,higher_spi_home_field_adjusted,higher_spi,higher_spi_home_field_adjusted,36.76467428404398,78.9654589660175,14.264,85.736,17.892,82.108,0.067059,2022_w9,spi_rankings_2022_w9.csv,131,,False,False,American Athletic vs American Athletic
2022,regular,10,401403936,2022-11-05 16:00:00+00:00,Missouri,Kentucky,SEC,SEC,True,17,21,fbs,fbs,Kentucky,Kentucky,Kentucky,Kentucky,1,1,1,higher_spi_home_field_adjusted,higher_spi,higher_spi_home_field_adjusted,53.855163593097686,64.68203088490819,38.695,61.305,45.257,54.743,0.067059,2022_w9,spi_rankings_2022_w9.csv,131,,False,False,SEC vs SEC
2022,regular,10,401403937,2022-11-05 16:00:00+00:00,Texas A&M,Florida,SEC,SEC,True,24,41,fbs,fbs,Florida,Florida,Florida,Florida,1,1,1,higher_spi_home_field_adjusted,higher_spi,higher_spi_home_field_adjusted,52.96334786151379,61.76771458993261,40.753,59.247,47.394,52.606,0.067059,2022_w9,spi_rankings_2022_w9.csv,131,,False,False,SEC vs SEC
2022,regular,10,401405131,2022-11-05 16:00:00+00:00,Wisconsin,Maryland,Big Ten,Big Ten,True,23,10,fbs,fbs,Maryland,Maryland,Maryland,Wisconsin,0,0,0,higher_spi_home_field_adjusted,higher_spi,higher_spi_home_field_adjusted,58.1721744179261,66.71467275125468,41.022,58.978,47.672,52.328,0.067059,2022_w9,spi_rankings_2022_w9.csv,131,,False,False,Big Ten vs Big Ten
2022,regular,10,401405129,2022-11-05 16:00:00+00:00,Northwestern,Ohio State,Big Ten,Big Ten,True,7,21,fbs,fbs,Ohio State,Ohio State,Ohio State,Ohio State,1,1,1,higher_spi_home_field_adjusted,higher_spi,higher_spi_home_field_adjusted,22.80525688348125,97.50984656008345,4.012,95.988,5.19,94.81,0.067059,2022_w9,spi_rankings_2022_w9.csv,131,,False,False,Big Ten vs Big Ten
2022,regular,10,401411157,2022-11-05 16:30:00+00:00,Virginia Tech,Georgia Tech,ACC,ACC,True,27,28,fbs,fbs,Georgia Tech,Georgia Tech,Georgia Tech,Georgia Tech,1,1,1,higher_spi_home_field_adjusted,higher_spi,higher_spi_home_field_adjusted,28.367804454601604,40.73610329377338,37.153,62.847,43.64,56.36,0.067059,2022_w9,spi_rankings_2022_w9.csv,131,,False,False,ACC vs ACC
2022,regular,10,401426366,2022-11-05 18:00:00+00:00,Old Dominion,Marshall,Sun Belt,Sun Belt,True,0,12,fbs,fbs,Marshall,Marshall,Marshall,Marshall,1,1,1,higher_spi_home_field_adjusted,higher_spi,higher_spi_home_field_adjusted,36.87549924640598,51.37377598940285,35.065,64.935,41.428,58.572,0.067059,2022_w9,spi_rankings_2022_w9.csv,131,,False,False,Sun Belt vs Sun Belt
2022,regular,10,401415648,2022-11-05 18:00:00+00:00,Temple,South Florida,American Athletic,American Athletic,True,54,28,fbs,fbs,Temple,Temple,Temple,Temple,1,1,1,higher_spi_home_field_adjusted,higher_spi,higher_spi_home_field_adjusted,22.45092502759843,18.0191182673178,54.695,45.305,61.259,38.741,0.067059,2022_w9,spi_rankings_2022_w9.csv,131,,False,False,American Athletic vs American Athletic
2022,regular,10,401426369,2022-11-05 19:00:00+00:00,Southern Miss,Georgia State,Sun Belt,Sun Belt,True,14,42,fbs,fbs,Southern Miss,Southern Miss,Southern Miss,Georgia State,0,0,0,higher_spi_home_field_adjusted,higher_spi,higher_spi_home_field_adjusted,56.16428501369036,42.56311610579426,64.062,35.938,70.013,29.987,0.067059,2022_w9,spi_rankings_2022_w9.csv,131,,False,False,Sun Belt vs Sun Belt
2022,regular,10,401404104,2022-11-05 19:00:00+00:00,Oklahoma,Baylor,Big 12,Big 12,True,35,38,fbs,fbs,Oklahoma,Oklahoma,Oklahoma,Baylor,0,0,0,higher_spi_home_field_adjusted,higher_spi,higher_spi_home_field_adjusted,66.60759648858065,61.90939714070224,54.975,45.025,61.527,38.473,0.067059,2022_w9,spi_rankings_2022_w9.csv,131,,False,False,Big 12 vs Big 12
2022,regular,10,401426600,2022-11-05 19:00:00+00:00,Louisiana Tech,Middle Tennessee,Conference USA,Conference USA,True,40,24,fbs,fbs,Middle Tennessee,Middle Tennessee,Middle Tennessee,Louisiana Tech,0,0,0,higher_spi_home_field_adjusted,higher_spi,higher_spi_home_field_adjusted,28.07816527876156,42.312131904694525,35.321,64.679,41.7,58.3,0.067059,2022_w9,spi_rankings_2022_w9.csv,131,,False,False,Conference USA vs Conference USA
2022,regular,10,401426602,2022-11-05 19:30:00+00:00,UAB,UTSA,Conference USA,Conference USA,True,38,44,fbs,fbs,UTSA,UTSA,UTSA,UTSA,1,1,1,higher_spi_home_field_adjusted,higher_spi,higher_spi_home_field_adjusted,48.77316442037428,64.33152708499338,34.046,65.954,40.339,59.661,0.067059,2022_w9,spi_rankings_2022_w9.csv,131,,False,False,Conference USA vs Conference USA
2022,regular,10,401404105,2022-11-05 19:30:00+00:00,Iowa State,West Virginia,Big 12,Big 12,True,31,14,fbs,fbs,Iowa State,Iowa State,Iowa State,Iowa State,1,1,1,higher_spi_home_field_adjusted,higher_spi,higher_spi_home_field_adjusted,51.62796653803452,48.77127591781792,53.032,46.968,59.659,40.341,0.067059,2022_w9,spi_rankings_2022_w9.csv,131,,False,False,Big 12 vs Big 12
2022,regular,10,401415651,2022-11-05 19:30:00+00:00,Memphis,UCF,American Athletic,American Athletic,True,28,35,fbs,fbs,UCF,UCF,UCF,UCF,1,1,1,higher_spi_home_field_adjusted,higher_spi,higher_spi_home_field_adjusted,50.66547746816163,71.67190426539247,29.054,70.946,34.912,65.088,0.067059,2022_w9,spi_rankings_2022_w9.csv,131,,False,False,American Athletic vs American Athletic
2022,regular,10,401405132,2022-11-05 19:30:00+00:00,Indiana,Penn State,Big Ten,Big Ten,True,14,45,fbs,fbs,Penn State,Penn State,Penn State,Penn State,1,1,1,higher_spi_home_field_adjusted,higher_spi,higher_spi_home_field_adjusted,43.293347666661255,74.06541022255975,21.285,78.715,26.155,73.845,0.067059,2022_w9,spi_rankings_2022_w9.csv,131,,False,False,Big Ten vs Big Ten
2022,regular,10,401404032,2022-11-05 19:30:00+00:00,Stanford,Washington State,Pac-12,Pac-12,True,14,52,fbs,fbs,Washington State,Washington State,Washington State,Washington State,1,1,1,higher_spi_home_field_adjusted,higher_spi,higher_spi_home_field_adjusted,43.60736160410077,53.81060731639125,39.326,60.674,45.915,54.085,0.067059,2022_w9,spi_rankings_2022_w9.csv,131,,False,False,Pac-12 vs Pac-12
2022,regular,10,401404106,2022-11-05 19:30:00+00:00,Kansas,Oklahoma State,Big 12,Big 12,True,37,16,fbs,fbs,Oklahoma State,Oklahoma State,Oklahoma State,Kansas,0,0,0,higher_spi_home_field_adjusted,higher_spi,higher_spi_home_field_adjusted,64.5298342588491,78.84678822010106,35.241,64.759,41.615,58.385,0.067059,2022_w9,spi_rankings_2022_w9.csv,131,,False,False,Big 12 vs Big 12
2022,regular,10,401411155,2022-11-05 19:30:00+00:00,Pittsburgh,Syracuse,ACC,ACC,True,19,9,fbs,fbs,Syracuse,Syracuse,Syracuse,Pittsburgh,0,0,0,higher_spi_home_field_adjusted,higher_spi,higher_spi_home_field_adjusted,52.889612735540624,75.29703523168635,27.842,72.158,33.571,66.429,0.067059,2022_w9,spi_rankings_2022_w9.csv,131,,False,False,ACC vs ACC
2022,regular,10,401403933,2022-11-05 19:30:00+00:00,Georgia,Tennessee,SEC,SEC,True,27,13,fbs,fbs,Georgia,Tennessee,Georgia,Georgia,1,0,1,higher_spi_home_field_adjusted,higher_spi,higher_spi_home_field_adjusted,96.09542549712728,97.51412838739168,48.493,51.507,55.22,44.78,0.067059,2022_w9,spi_rankings_2022_w9.csv,131,,False,False,SEC vs SEC
2022,regular,10,401404030,2022-11-05 19:30:00+00:00,Colorado,Oregon,Pac-12,Pac-12,True,10,49,fbs,fbs,Oregon,Oregon,Oregon,Oregon,1,1,1,higher_spi_home_field_adjusted,higher_spi,higher_spi_home_field_adjusted,16.547657350803817,78.88182654501433,6.604,93.396,8.476,91.524,0.067059,2022_w9,spi_rankings_2022_w9.csv,131,,False,False,Pac-12 vs Pac-12
2022,regular,10,401405127,2022-11-05 19:30:00+00:00,Illinois,Michigan State,Big Ten,Big Ten,True,15,23,fbs,fbs,Illinois,Illinois,Illinois,Michigan State,0,0,0,higher_spi_home_field_adjusted,higher_spi,higher_spi_home_field_adjusted,78.59036899836227,47.92995200941601,78.635,21.365,82.82,17.18,0.067059,2022_w9,spi_rankings_2022_w9.csv,131,,False,False,Big Ten vs Big Ten
2022,regular,10,401415252,2022-11-05 19:30:00+00:00,Utah State,New Mexico,Mountain West,Mountain West,True,27,10,fbs,fbs,Utah State,Utah State,Utah State,Utah State,1,1,1,higher_spi_home_field_adjusted,higher_spi,higher_spi_home_field_adjusted,27.552962798306638,23.78688459046865,53.993,46.007,60.585,39.415,0.067059,2022_w9,spi_rankings_2022_w9.csv,131,,False,False,Mountain West vs Mountain West
2022,regular,10,401403932,2022-11-05 20:00:00+00:00,Arkansas,Liberty,SEC,FBS Independents,False,19,21,fbs,fbs,Liberty,Liberty,Liberty,Liberty,1,1,1,higher_spi_home_field_adjusted,higher_spi,higher_spi_home_field_adjusted,61.65792163830181,69.45603266567323,41.79,58.21,48.462,51.538,0.067059,2022_w9,spi_rankings_2022_w9.csv,131,,False,False,FBS Independents vs SEC
2022,regular,10,401426365,2022-11-05 20:00:00+00:00,Georgia Southern,South Alabama,Sun Belt,Sun Belt,True,31,38,fbs,fbs,South Alabama,South Alabama,South Alabama,South Alabama,1,1,1,higher_spi_home_field_adjusted,higher_spi,higher_spi_home_field_adjusted,57.42797349813628,64.87913052912671,42.149,57.851,48.83,51.17,0.067059,2022_w9,spi_rankings_2022_w9.csv,131,,False,False,Sun Belt vs Sun Belt
2022,regular,10,401415650,2022-11-05 20:00:00+00:00,Cincinnati,Navy,American Athletic,American Athletic,True,20,10,fbs,fbs,Cincinnati,Cincinnati,Cincinnati,Cincinnati,1,1,1,higher_spi_home_field_adjusted,higher_spi,higher_spi_home_field_adjusted,63.45942822991496,31.942544688516115,79.24,20.76,83.332,16.668,0.067059,2022_w9,spi_rankings_2022_w9.csv,131,,False,False,American Athletic vs American Athletic
2022,regular,10,401426599,2022-11-05 20:00:00+00:00,North Texas,Florida International,Conference USA,Conference USA,True,52,14,fbs,fbs,North Texas,North Texas,North Texas,North Texas,1,1,1,higher_spi_home_field_adjusted,higher_spi,higher_spi_home_field_adjusted,43.31030479233614,31.350417569460188,62.441,37.559,68.528,31.472,0.067059,2022_w9,spi_rankings_2022_w9.csv,131,,False,False,Conference USA vs Conference USA
2022,regular,10,401426368,2022-11-05 21:00:00+00:00,UL Monroe,Texas State,Sun Belt,Sun Belt,True,31,30,fbs,fbs,Texas State,Texas State,Texas State,UL Monroe,0,0,0,higher_spi_home_field_adjusted,higher_spi,higher_spi_home_field_adjusted,28.43184118169892,41.39819346186641,36.562,63.438,43.016,56.984,0.067059,2022_w9,spi_rankings_2022_w9.csv,131,,False,False,Sun Belt vs Sun Belt
2022,regular,10,401426367,2022-11-05 21:00:00+00:00,Louisiana,Troy,Sun Belt,Sun Belt,True,17,23,fbs,fbs,Troy,Troy,Troy,Troy,1,1,1,higher_spi_home_field_adjusted,higher_spi,higher_spi_home_field_adjusted,44.079299593385,67.05022029328616,27.363,72.637,33.039,66.961,0.067059,2022_w9,spi_rankings_2022_w9.csv,131,,False,False,Sun Belt vs Sun Belt
2022,regular,10,401415652,2022-11-05 23:00:00+00:00,SMU,Houston,American Athletic,American Athletic,True,77,63,fbs,fbs,SMU,SMU,SMU,SMU,1,1,1,higher_spi_home_field_adjusted,higher_spi,higher_spi_home_field_adjusted,56.15305736369795,56.09651803597655,50.06,49.94,56.765,43.235,0.067059,2022_w9,spi_rankings_2022_w9.csv,131,,False,False,American Athletic vs American Athletic
2022,regular,10,401403934,2022-11-05 23:00:00+00:00,LSU,Alabama,SEC,SEC,True,32,31,fbs,fbs,Alabama,Alabama,Alabama,LSU,0,0,0,higher_spi_home_field_adjusted,higher_spi,higher_spi_home_field_adjusted,79.21500085409092,93.5338433178992,35.239,64.761,41.613,58.387,0.067059,2022_w9,spi_rankings_2022_w9.csv,131,,False,False,SEC vs SEC
2022,regular,10,401415254,2022-11-05 23:00:00+00:00,San Diego State,UNLV,Mountain West,Mountain West,True,14,10,fbs,fbs,San Diego State,UNLV,San Diego State,San Diego State,1,0,1,higher_spi_home_field_adjusted,higher_spi,higher_spi_home_field_adjusted,38.16596996991563,38.30394400459134,49.853,50.147,56.562,43.438,0.067059,2022_w9,spi_rankings_2022_w9.csv,131,,False,False,Mountain West vs Mountain West
2022,regular,10,401415250,2022-11-05 23:00:00+00:00,Boise State,BYU,Mountain West,FBS Independents,False,28,31,fbs,fbs,Boise State,Boise State,Boise State,BYU,0,0,0,higher_spi_home_field_adjusted,higher_spi,higher_spi_home_field_adjusted,59.76102677624944,44.13500108895855,66.018,33.982,71.788,28.212,0.067059,2022_w9,spi_rankings_2022_w9.csv,131,,False,False,FBS Independents vs Mountain West
2022,regular,10,401404107,2022-11-05 23:00:00+00:00,Kansas State,Texas,Big 12,Big 12,True,27,34,fbs,fbs,Kansas State,Kansas State,Kansas State,Texas,0,0,0,higher_spi_home_field_adjusted,higher_spi,higher_spi_home_field_adjusted,77.21515612956374,67.89106869582527,59.779,40.221,66.064,33.936,0.067059,2022_w9,spi_rankings_2022_w9.csv,131,,False,False,Big 12 vs Big 12
2022,regular,10,401403935,2022-11-05 23:30:00+00:00,Mississippi State,Auburn,SEC,SEC,True,39,33,fbs,fbs,Mississippi State,Mississippi State,Mississippi State,Mississippi State,1,1,1,higher_spi_home_field_adjusted,higher_spi,higher_spi_home_field_adjusted,67.08319459673704,49.43192048743356,67.922,32.078,73.498,26.502,0.067059,2022_w9,spi_rankings_2022_w9.csv,131,,False,False,SEC vs SEC
2022,regular,10,401411153,2022-11-05 23:30:00+00:00,Miami,Florida State,ACC,ACC,True,3,45,fbs,fbs,Florida State,Florida State,Florida State,Florida State,1,1,1,higher_spi_home_field_adjusted,higher_spi,higher_spi_home_field_adjusted,50.2054464590634,67.5577824286848,32.356,67.644,38.518,61.482,0.067059,2022_w9,spi_rankings_2022_w9.csv,131,,False,False,ACC vs ACC
2022,regular,10,401404130,2022-11-05 23:30:00+00:00,Notre Dame,Clemson,FBS Independents,ACC,False,35,14,fbs,fbs,Clemson,Clemson,Clemson,Notre Dame,0,0,0,higher_spi_home_field_adjusted,higher_spi,higher_spi_home_field_adjusted,62.88849290217466,88.75907526885037,24.983,75.017,30.372,69.628,0.067059,2022_w9,spi_rankings_2022_w9.csv,131,,False,False,ACC vs FBS Independents
2022,regular,10,401403938,2022-11-05 23:30:00+00:00,Vanderbilt,South Carolina,SEC,SEC,True,27,38,fbs,fbs,South Carolina,South Carolina,South Carolina,South Carolina,1,1,1,higher_spi_home_field_adjusted,higher_spi,higher_spi_home_field_adjusted,43.67111085422816,62.98096723022852,30.562,69.438,36.568,63.432,0.067059,2022_w9,spi_rankings_2022_w9.csv,131,,False,False,SEC vs SEC
2022,regular,10,401405133,2022-11-05 23:30:00+00:00,Rutgers,Michigan,Big Ten,Big Ten,True,17,52,fbs,fbs,Michigan,Michigan,Michigan,Michigan,1,1,1,higher_spi_home_field_adjusted,higher_spi,higher_spi_home_field_adjusted,45.78466680989549,95.19343586080473,10.911,89.089,13.824,86.176,0.067059,2022_w9,spi_rankings_2022_w9.csv,131,,False,False,Big Ten vs Big Ten
2022,regular,10,401404027,2022-11-05 23:30:00+00:00,Utah,Arizona,Pac-12,Pac-12,True,45,20,fbs,fbs,Utah,Utah,Utah,Utah,1,1,1,higher_spi_home_field_adjusted,higher_spi,higher_spi_home_field_adjusted,73.70221472510366,40.59292737912212,80.332,19.668,84.251,15.749,0.067059,2022_w9,spi_rankings_2022_w9.csv,131,,False,False,Pac-12 vs Pac-12
2022,regular,10,401411152,2022-11-05 23:30:00+00:00,Louisville,James Madison,ACC,Sun Belt,False,34,10,fbs,fbs,Louisville,James Madison,Louisville,Louisville,1,0,1,higher_spi_home_field_adjusted,higher_spi,higher_spi_home_field_adjusted,62.65176553696767,65.05392221320521,47.45,52.55,54.184,45.816,0.067059,2022_w9,spi_rankings_2022_w9.csv,131,,False,False,ACC vs Sun Belt
2022,regular,10,401411154,2022-11-06 00:00:00+00:00,NC State,Wake Forest,ACC,ACC,True,30,21,fbs,fbs,NC State,NC State,NC State,NC State,1,1,1,higher_spi_home_field_adjusted,higher_spi,higher_spi_home_field_adjusted,72.7372170869639,71.97356831856705,50.811,49.189,57.501,42.499,0.067059,2022_w9,spi_rankings_2022_w9.csv,131,,False,False,ACC vs ACC
2022,regular,10,401404028,2022-11-06 02:30:00+00:00,Arizona State,UCLA,Pac-12,Pac-12,True,36,50,fbs,fbs,UCLA,UCLA,UCLA,UCLA,1,1,1,higher_spi_home_field_adjusted,higher_spi,higher_spi_home_field_adjusted,39.61252135448433,79.58429983511837,15.462,84.538,19.326,80.674,0.067059,2022_w9,spi_rankings_2022_w9.csv,131,,False,False,Pac-12 vs Pac-12
2022,regular,10,401404029,2022-11-06 02:30:00+00:00,USC,California,Pac-12,Pac-12,True,41,35,fbs,fbs,USC,USC,USC,USC,1,1,1,higher_spi_home_field_adjusted,higher_spi,higher_spi_home_field_adjusted,78.86256672530017,37.787995376207775,85.141,14.859,88.242,11.758,0.067059,2022_w9,spi_rankings_2022_w9.csv,131,,False,False,Pac-12 vs Pac-12
2022,regular,10,401415253,2022-11-06 02:30:00+00:00,Fresno State,Hawai'i,Mountain West,Mountain West,True,55,13,fbs,fbs,Fresno State,Fresno State,Fresno State,Fresno State,1,1,1,higher_spi_home_field_adjusted,higher_spi,higher_spi_home_field_adjusted,44.09776054303149,11.847941051189848,79.748,20.252,83.76,16.24,0.067059,2022_w9,spi_rankings_2022_w9.csv,131,,False,False,Mountain West vs Mountain West
2022,regular,10,401415251,2022-11-06 02:30:00+00:00,San José State,Colorado State,Mountain West,Mountain West,True,28,16,fbs,fbs,San José State,San José State,San José State,San José State,1,1,1,higher_spi_home_field_adjusted,higher_spi,higher_spi_home_field_adjusted,57.32333213380672,14.644093275775944,85.983,14.017,88.931,11.069,0.067059,2022_w9,spi_rankings_2022_w9.csv,131,,False,False,Mountain West vs Mountain West
2022,regular,11,401416637,2022-11-09 00:00:00+00:00,Akron,Eastern Michigan,Mid-American,Mid-American,True,28,34,fbs,fbs,Eastern Michigan,Eastern Michigan,Eastern Michigan,Eastern Michigan,1,1,1,higher_spi_home_field_adjusted,higher_spi,higher_spi_home_field_adjusted,5.399086624858539,35.38418677390071,21.851,78.149,26.806,73.194,0.067059,2022_w10,spi_rankings_2022_w10.csv,131,,False,False,Mid-American vs Mid-American
2022,regular,11,401416638,2022-11-09 00:30:00+00:00,Miami (OH),Ohio,Mid-American,Mid-American,True,21,37,fbs,fbs,Ohio,Ohio,Ohio,Ohio,1,1,1,higher_spi_home_field_adjusted,higher_spi,higher_spi_home_field_adjusted,32.251718056315745,47.81784435783678,34.039,65.961,40.331,59.669,0.067059,2022_w10,spi_rankings_2022_w10.csv,131,,False,False,Mid-American vs Mid-American
2022,regular,11,401416636,2022-11-09 01:00:00+00:00,Toledo,Ball State,Mid-American,Mid-American,True,28,21,fbs,fbs,Toledo,Toledo,Toledo,Toledo,1,1,1,higher_spi_home_field_adjusted,higher_spi,higher_spi_home_field_adjusted,53.16910949139128,41.3981194861938,62.252,37.748,68.355,31.645,0.067059,2022_w10,spi_rankings_2022_w10.csv,131,,False,False,Mid-American vs Mid-American
2022,regular,11,401416640,2022-11-10 00:00:00+00:00,Central Michigan,Buffalo,Mid-American,Mid-American,True,31,27,fbs,fbs,Buffalo,Buffalo,Buffalo,Central Michigan,0,0,0,higher_spi_home_field_adjusted,higher_spi,higher_spi_home_field_adjusted,29.23137731039627,43.63424967688224,35.158,64.842,41.526,58.474,0.067059,2022_w10,spi_rankings_2022_w10.csv,131,,False,False,Mid-American vs Mid-American
2022,regular,11,401416641,2022-11-10 00:00:00+00:00,Bowling Green,Kent State,Mid-American,Mid-American,True,6,40,fbs,fbs,Bowling Green,Bowling Green,Bowling Green,Kent State,0,0,0,higher_spi_home_field_adjusted,higher_spi,higher_spi_home_field_adjusted,39.27144133515475,30.44018565280518,59.275,40.725,65.593,34.407,0.067059,2022_w10,spi_rankings_2022_w10.csv,131,,False,False,Mid-American vs Mid-American
2022,regular,11,401416639,2022-11-10 00:00:00+00:00,Western Michigan,Northern Illinois,Mid-American,Mid-American,True,21,24,fbs,fbs,Western Michigan,Western Michigan,Western Michigan,Northern Illinois,0,0,0,higher_spi_home_field_adjusted,higher_spi,higher_spi_home_field_adjusted,21.01788895634882,16.511095391753972,54.774,45.226,61.335,38.665,0.067059,2022_w10,spi_rankings_2022_w10.csv,131,,False,False,Mid-American vs Mid-American
2022,regular,11,401426370,2022-11-11 00:30:00+00:00,Louisiana,Georgia Southern,Sun Belt,Sun Belt,True,36,17,fbs,fbs,Georgia Southern,Georgia Southern,Georgia Southern,Louisiana,0,0,0,higher_spi_home_field_adjusted,higher_spi,higher_spi_home_field_adjusted,41.98719515477539,52.24692644192628,39.269,60.731,45.855,54.145,0.067059,2022_w10,spi_rankings_2022_w10.csv,131,,False,False,Sun Belt vs Sun Belt
2022,regular,11,401415653,2022-11-11 00:30:00+00:00,Memphis,Tulsa,American Athletic,American Athletic,True,26,10,fbs,fbs,Memphis,Memphis,Memphis,Memphis,1,1,1,higher_spi_home_field_adjusted,higher_spi,higher_spi_home_field_adjusted,45.58223012491501,32.997987402709064,63.061,36.939,69.098,30.902,0.067059,2022_w10,spi_rankings_2022_w10.csv,131,,False,False,American Athletic vs American Athletic
2022,regular,11,401415654,2022-11-12 01:00:00+00:00,Cincinnati,East Carolina,American Athletic,American Athletic,True,27,25,fbs,fbs,Cincinnati,Cincinnati,Cincinnati,Cincinnati,1,1,1,higher_spi_home_field_adjusted,higher_spi,higher_spi_home_field_adjusted,65.82448336933751,59.63943985427292,56.534,43.466,63.012,36.988,0.067059,2022_w10,spi_rankings_2022_w10.csv,131,,False,False,American Athletic vs American Athletic
2022,regular,11,401404033,2022-11-12 02:30:00+00:00,USC,Colorado,Pac-12,Pac-12,True,55,17,fbs,fbs,USC,USC,USC,USC,1,1,1,higher_spi_home_field_adjusted,higher_spi,higher_spi_home_field_adjusted,78.9248453745057,14.739229024943304,93.865,6.135,95.247,4.753,0.067059,2022_w10,spi_rankings_2022_w10.csv,131,,False,False,Pac-12 vs Pac-12
2022,regular,11,401415259,2022-11-12 03:30:00+00:00,UNLV,Fresno State,Mountain West,Mountain West,True,30,37,fbs,fbs,Fresno State,Fresno State,Fresno State,Fresno State,1,1,1,higher_spi_home_field_adjusted,higher_spi,higher_spi_home_field_adjusted,33.14835448866647,48.6880026595568,34.064,65.936,40.358,59.642,0.067059,2022_w10,spi_rankings_2022_w10.csv,131,,False,False,Mountain West vs Mountain West
2022,regular,11,401404156,2022-11-12 17:00:00+00:00,UConn,Liberty,FBS Independents,FBS Independents,False,36,33,fbs,fbs,Liberty,Liberty,Liberty,UConn,0,0,0,higher_spi_home_field_adjusted,higher_spi,higher_spi_home_field_adjusted,38.01566147957692,69.96563472132146,20.459,79.541,25.199,74.801,0.067059,2022_w10,spi_rankings_2022_w10.csv,131,,False,False,FBS Independents vs FBS Independents
2022,regular,11,401403939,2022-11-12 17:00:00+00:00,Arkansas,LSU,SEC,SEC,True,10,13,fbs,fbs,LSU,LSU,LSU,LSU,1,1,1,higher_spi_home_field_adjusted,higher_spi,higher_spi_home_field_adjusted,55.13931030053571,83.13838264126426,23.327,76.673,28.494,71.506,0.067059,2022_w10,spi_rankings_2022_w10.csv,131,,False,False,SEC vs SEC
2022,regular,11,401403945,2022-11-12 17:00:00+00:00,Tennessee,Missouri,SEC,SEC,True,66,24,fbs,fbs,Tennessee,Tennessee,Tennessee,Tennessee,1,1,1,higher_spi_home_field_adjusted,higher_spi,higher_spi_home_field_adjusted,95.01915272281752,50.446012163911966,86.925,13.075,89.699,10.301,0.067059,2022_w10,spi_rankings_2022_w10.csv,131,,False,False,SEC vs SEC
2022,regular,11,401415656,2022-11-12 17:00:00+00:00,South Florida,SMU,American Athletic,American Athletic,True,23,41,fbs,fbs,SMU,SMU,SMU,SMU,1,1,1,higher_spi_home_field_adjusted,higher_spi,higher_spi_home_field_adjusted,12.18019498135568,57.455168955619705,12.74,87.26,16.053,83.947,0.067059,2022_w10,spi_rankings_2022_w10.csv,131,,False,False,American Athletic vs American Athletic
2022,regular,11,401405138,2022-11-12 17:00:00+00:00,Michigan State,Rutgers,Big Ten,Big Ten,True,27,21,fbs,fbs,Michigan State,Michigan State,Michigan State,Michigan State,1,1,1,higher_spi_home_field_adjusted,higher_spi,higher_spi_home_field_adjusted,54.445257455898485,42.56683239494178,62.359,37.641,68.454,31.546,0.067059,2022_w10,spi_rankings_2022_w10.csv,131,,False,False,Big Ten vs Big Ten
2022,regular,11,401405139,2022-11-12 17:00:00+00:00,Ohio State,Indiana,Big Ten,Big Ten,True,56,14,fbs,fbs,Ohio State,Ohio State,Ohio State,Ohio State,1,1,1,higher_spi_home_field_adjusted,higher_spi,higher_spi_home_field_adjusted,96.70138787741575,38.19485052428804,92.319,7.681,94.027,5.973,0.067059,2022_w10,spi_rankings_2022_w10.csv,131,,False,False,Big Ten vs Big Ten
2022,regular,11,401403942,2022-11-12 17:00:00+00:00,Kentucky,Vanderbilt,SEC,SEC,True,21,24,fbs,fbs,Kentucky,Kentucky,Kentucky,Vanderbilt,0,0,0,higher_spi_home_field_adjusted,higher_spi,higher_spi_home_field_adjusted,66.78051627206865,38.075818024101935,77.205,22.795,81.605,18.395,0.067059,2022_w10,spi_rankings_2022_w10.csv,131,,False,False,SEC vs SEC
2022,regular,11,401405134,2022-11-12 17:00:00+00:00,Illinois,Purdue,Big Ten,Big Ten,True,24,31,fbs,fbs,Illinois,Illinois,Illinois,Purdue,0,0,0,higher_spi_home_field_adjusted,higher_spi,higher_spi_home_field_adjusted,72.18948222115581,59.60267546780312,63.063,36.937,69.1,30.9,0.067059,2022_w10,spi_rankings_2022_w10.csv,131,,False,False,Big Ten vs Big Ten
2022,regular,11,401411159,2022-11-12 17:00:00+00:00,Duke,Virginia Tech,ACC,ACC,True,24,7,fbs,fbs,Duke,Duke,Duke,Duke,1,1,1,higher_spi_home_field_adjusted,higher_spi,higher_spi_home_field_adjusted,61.78129468049458,24.643929517315645,82.897,17.103,86.392,13.608,0.067059,2022_w10,spi_rankings_2022_w10.csv,131,,False,False,ACC vs ACC
2022,regular,11,401404131,2022-11-12 17:00:00+00:00,Navy,Notre Dame,American Athletic,FBS Independents,False,32,35,fbs,fbs,Notre Dame,Notre Dame,Notre Dame,Notre Dame,1,1,1,higher_spi_home_field_adjusted,higher_spi,higher_spi_home_field_adjusted,28.632200432322776,68.09435342889817,15.747,84.253,15.747,84.253,0.067059,2022_w10,spi_rankings_2022_w10.csv,131,,False,False,American Athletic vs FBS Independents
2022,regular,11,401411163,2022-11-12 17:00:00+00:00,Virginia,Pittsburgh,ACC,ACC,True,7,37,fbs,fbs,Pittsburgh,Pittsburgh,Pittsburgh,Pittsburgh,1,1,1,higher_spi_home_field_adjusted,higher_spi,higher_spi_home_field_adjusted,41.1410571039825,55.88699794519765,34.826,65.174,41.172,58.828,0.067059,2022_w10,spi_rankings_2022_w10.csv,131,,False,False,ACC vs ACC
2022,regular,11,401404112,2022-11-12 17:00:00+00:00,West Virginia,Oklahoma,Big 12,Big 12,True,23,20,fbs,fbs,Oklahoma,Oklahoma,Oklahoma,West Virginia,0,0,0,higher_spi_home_field_adjusted,higher_spi,higher_spi_home_field_adjusted,43.8028791763619,63.5711858178776,30.15,69.85,36.117,63.883,0.067059,2022_w10,spi_rankings_2022_w10.csv,131,,False,False,Big 12 vs Big 12
2022,regular,11,401426372,2022-11-12 18:00:00+00:00,Georgia State,UL Monroe,Sun Belt,Sun Belt,True,28,31,fbs,fbs,Georgia State,Georgia State,Georgia State,UL Monroe,0,0,0,higher_spi_home_field_adjusted,higher_spi,higher_spi_home_field_adjusted,46.30076849811871,29.696867678531603,66.944,33.056,72.622,27.378,0.067059,2022_w10,spi_rankings_2022_w10.csv,131,,False,False,Sun Belt vs Sun Belt
2022,regular,11,401426374,2022-11-12 18:00:00+00:00,Old Dominion,James Madison,Sun Belt,Sun Belt,True,3,37,fbs,fbs,James Madison,James Madison,James Madison,James Madison,1,1,1,higher_spi_home_field_adjusted,higher_spi,higher_spi_home_field_adjusted,32.54341881495041,57.25535818840094,25.918,74.082,31.423,68.577,0.067059,2022_w10,spi_rankings_2022_w10.csv,131,,False,False,Sun Belt vs Sun Belt
2022,regular,11,401426607,2022-11-12 19:00:00+00:00,Western Kentucky,Rice,Conference USA,Conference USA,True,45,10,fbs,fbs,Western Kentucky,Western Kentucky,Western Kentucky,Western Kentucky,1,1,1,higher_spi_home_field_adjusted,higher_spi,higher_spi_home_field_adjusted,52.37518434363954,40.84179574341443,62.015,37.985,68.136,31.864,0.067059,2022_w10,spi_rankings_2022_w10.csv,131,,False,False,Conference USA vs Conference USA
2022,regular,11,401409241,2022-11-12 19:00:00+00:00,New Mexico State,Lamar,FBS Independents,Southland,False,51,14,fbs,fcs,New Mexico State,New Mexico State,New Mexico State,New Mexico State,1,1,1,fbs_vs_fcs_rule,fbs_vs_fcs_rule,fbs_vs_fcs_rule,28.645222882682223,,100.0,0.0,100.0,0.0,0.067059,2022_w10,spi_rankings_2022_w10.csv,131,,False,False,FBS Independents vs Southland
2022,regular,11,401415655,2022-11-12 20:00:00+00:00,Houston,Temple,American Athletic,American Athletic,True,43,36,fbs,fbs,Houston,Houston,Houston,Houston,1,1,1,higher_spi_home_field_adjusted,higher_spi,higher_spi_home_field_adjusted,49.691036482707176,26.68383935098091,72.667,27.333,77.69,22.31,0.067059,2022_w10,spi_rankings_2022_w10.csv,131,,False,False,American Athletic vs American Athletic
2022,regular,11,401414784,2022-11-12 20:00:00+00:00,Arkansas State,Massachusetts,Sun Belt,FBS Independents,False,35,33,fbs,fbs,Arkansas State,Arkansas State,Arkansas State,Arkansas State,1,1,1,higher_spi_home_field_adjusted,higher_spi,higher_spi_home_field_adjusted,27.513903177277715,3.9046653144016217,73.173,26.827,78.13,21.87,0.067059,2022_w10,spi_rankings_2022_w10.csv,131,,False,False,FBS Independents vs Sun Belt
2022,regular,11,401415256,2022-11-12 20:30:00+00:00,Air Force,New Mexico,Mountain West,Mountain West,True,35,3,fbs,fbs,Air Force,Air Force,Air Force,Air Force,1,1,1,higher_spi_home_field_adjusted,higher_spi,higher_spi_home_field_adjusted,54.852873886889775,18.829086764548304,82.215,17.785,85.826,14.174,0.067059,2022_w10,spi_rankings_2022_w10.csv,131,,False,False,Mountain West vs Mountain West
2022,regular,11,401426606,2022-11-12 20:30:00+00:00,UAB,North Texas,Conference USA,Conference USA,True,41,21,fbs,fbs,UAB,North Texas,UAB,UAB,1,0,1,higher_spi_home_field_adjusted,higher_spi,higher_spi_home_field_adjusted,42.46013134926171,47.85046215165504,44.298,55.702,51.019,48.981,0.067059,2022_w10,spi_rankings_2022_w10.csv,131,,False,False,Conference USA vs Conference USA
2022,regular,11,401405140,2022-11-12 20:30:00+00:00,Penn State,Maryland,Big Ten,Big Ten,True,30,0,fbs,fbs,Penn State,Penn State,Penn State,Penn State,1,1,1,higher_spi_home_field_adjusted,higher_spi,higher_spi_home_field_adjusted,75.81399545769777,62.392346359574056,63.886,36.114,69.852,30.148,0.067059,2022_w10,spi_rankings_2022_w10.csv,131,,False,False,Big Ten vs Big Ten
2022,regular,11,401403943,2022-11-12 20:30:00+00:00,Ole Miss,Alabama,SEC,SEC,True,24,30,fbs,fbs,Alabama,Alabama,Alabama,Alabama,1,1,1,higher_spi_home_field_adjusted,higher_spi,higher_spi_home_field_adjusted,83.2756746802595,90.6812612230929,42.196,57.804,48.878,51.122,0.067059,2022_w10,spi_rankings_2022_w10.csv,131,,False,False,SEC vs SEC
2022,regular,11,401426603,2022-11-12 20:30:00+00:00,Middle Tennessee,Charlotte,Conference USA,Conference USA,True,24,14,fbs,fbs,Middle Tennessee,Middle Tennessee,Middle Tennessee,Middle Tennessee,1,1,1,higher_spi_home_field_adjusted,higher_spi,higher_spi_home_field_adjusted,34.79527272807802,9.445782570158755,74.599,25.401,79.367,20.633,0.067059,2022_w10,spi_rankings_2022_w10.csv,131,,False,False,Conference USA vs Conference USA
2022,regular,11,401404110,2022-11-12 20:30:00+00:00,Oklahoma State,Iowa State,Big 12,Big 12,True,20,14,fbs,fbs,Oklahoma State,Oklahoma State,Oklahoma State,Oklahoma State,1,1,1,higher_spi_home_field_adjusted,higher_spi,higher_spi_home_field_adjusted,71.79613916660747,54.67786156608236,67.426,32.574,73.054,26.946,0.067059,2022_w10,spi_rankings_2022_w10.csv,131,,False,False,Big 12 vs Big 12
2022,regular,11,401411158,2022-11-12 20:30:00+00:00,Clemson,Louisville,ACC,ACC,True,31,16,fbs,fbs,Clemson,Clemson,Clemson,Clemson,1,1,1,higher_spi_home_field_adjusted,higher_spi,higher_spi_home_field_adjusted,81.06135216964606,66.63001002870284,64.87,35.13,70.748,29.252,0.067059,2022_w10,spi_rankings_2022_w10.csv,131,,False,False,ACC vs ACC
2022,regular,11,401426373,2022-11-12 20:30:00+00:00,Marshall,App State,Sun Belt,Sun Belt,True,28,21,fbs,fbs,Marshall,App State,Marshall,Marshall,1,0,1,higher_spi_home_field_adjusted,higher_spi,higher_spi_home_field_adjusted,52.917041763491255,58.96692116608243,43.607,56.393,50.319,49.681,0.067059,2022_w10,spi_rankings_2022_w10.csv,131,,False,False,Sun Belt vs Sun Belt
2022,regular,11,401426605,2022-11-12 20:30:00+00:00,UTSA,Louisiana Tech,Conference USA,Conference USA,True,51,7,fbs,fbs,UTSA,UTSA,UTSA,UTSA,1,1,1,higher_spi_home_field_adjusted,higher_spi,higher_spi_home_field_adjusted,64.02223256267172,29.90354166357901,81.001,18.999,84.812,15.188,0.067059,2022_w10,spi_rankings_2022_w10.csv,131,,False,False,Conference USA vs Conference USA
2022,regular,11,401411161,2022-11-12 20:30:00+00:00,NC State,Boston College,ACC,ACC,True,20,21,fbs,fbs,NC State,NC State,NC State,Boston College,0,0,0,higher_spi_home_field_adjusted,higher_spi,higher_spi_home_field_adjusted,74.21489966782798,26.819196175703148,88.229,11.771,90.756,9.244,0.067059,2022_w10,spi_rankings_2022_w10.csv,131,,False,False,ACC vs ACC
2022,regular,11,401415657,2022-11-12 20:30:00+00:00,Tulane,UCF,American Athletic,American Athletic,True,31,38,fbs,fbs,Tulane,Tulane,Tulane,UCF,0,0,0,higher_spi_home_field_adjusted,higher_spi,higher_spi_home_field_adjusted,77.35271545825653,72.5817904854577,55.052,44.948,61.601,38.399,0.067059,2022_w10,spi_rankings_2022_w10.csv,131,,False,False,American Athletic vs American Athletic
2022,regular,11,401405135,2022-11-12 20:30:00+00:00,Iowa,Wisconsin,Big Ten,Big Ten,True,24,10,fbs,fbs,Iowa,Wisconsin,Iowa,Iowa,1,0,1,higher_spi_home_field_adjusted,higher_spi,higher_spi_home_field_adjusted,56.125009390729474,61.36605834330327,44.454,55.546,51.178,48.822,0.067059,2022_w10,spi_rankings_2022_w10.csv,131,,False,False,Big Ten vs Big Ten
2022,regular,11,401405137,2022-11-12 20:30:00+00:00,Michigan,Nebraska,Big Ten,Big Ten,True,34,3,fbs,fbs,Michigan,Michigan,Michigan,Michigan,1,1,1,higher_spi_home_field_adjusted,higher_spi,higher_spi_home_field_adjusted,96.2469555723524,34.51536404259446,93.236,6.764,94.752,5.248,0.067059,2022_w10,spi_rankings_2022_w10.csv,131,,False,False,Big Ten vs Big Ten
2022,regular,11,401405136,2022-11-12 20:30:00+00:00,Minnesota,Northwestern,Big Ten,Big Ten,True,31,3,fbs,fbs,Minnesota,Minnesota,Minnesota,Minnesota,1,1,1,higher_spi_home_field_adjusted,higher_spi,higher_spi_home_field_adjusted,69.11384115161603,22.63142645308442,87.82,12.18,90.425,9.575,0.067059,2022_w10,spi_rankings_2022_w10.csv,131,,False,False,Big Ten vs Big Ten
2022,regular,11,401411160,2022-11-12 20:30:00+00:00,Georgia Tech,Miami,ACC,ACC,True,14,35,fbs,fbs,Georgia Tech,Miami,Georgia Tech,Miami,0,1,0,higher_spi_home_field_adjusted,higher_spi,higher_spi_home_field_adjusted,44.11060443760305,44.69722222648105,49.377,50.623,56.093,43.907,0.067059,2022_w10,spi_rankings_2022_w10.csv,131,,False,False,ACC vs ACC
2022,regular,11,401404142,2022-11-12 20:30:00+00:00,Troy,Army,Sun Belt,FBS Independents,False,10,9,fbs,fbs,Troy,Troy,Troy,Troy,1,1,1,higher_spi_home_field_adjusted,higher_spi,higher_spi_home_field_adjusted,67.68353935869791,38.40294621467147,77.633,22.367,81.97,18.03,0.067059,2022_w10,spi_rankings_2022_w10.csv,131,,False,False,FBS Independents vs Sun Belt
2022,regular,11,401404035,2022-11-12 20:30:00+00:00,Washington State,Arizona State,Pac-12,Pac-12,True,28,18,fbs,fbs,Washington State,Washington State,Washington State,Washington State,1,1,1,higher_spi_home_field_adjusted,higher_spi,higher_spi_home_field_adjusted,57.49138916954606,35.248449315869394,72.017,27.983,77.122,22.878,0.067059,2022_w10,spi_rankings_2022_w10.csv,131,,False,False,Pac-12 vs Pac-12
2022,regular,11,401403941,2022-11-12 21:00:00+00:00,Florida,South Carolina,SEC,SEC,True,38,6,fbs,fbs,Florida,Florida,Florida,Florida,1,1,1,higher_spi_home_field_adjusted,higher_spi,higher_spi_home_field_adjusted,64.04030322218287,63.39581532911163,50.685,49.315,57.377,42.623,0.067059,2022_w10,spi_rankings_2022_w10.csv,131,,False,False,SEC vs SEC
2022,regular,11,401426375,2022-11-12 22:00:00+00:00,South Alabama,Texas State,Sun Belt,Sun Belt,True,38,21,fbs,fbs,South Alabama,South Alabama,South Alabama,South Alabama,1,1,1,higher_spi_home_field_adjusted,higher_spi,higher_spi_home_field_adjusted,66.81416766365975,36.53420116450155,78.362,21.638,82.589,17.411,0.067059,2022_w10,spi_rankings_2022_w10.csv,131,,False,False,Sun Belt vs Sun Belt
2022,regular,11,401426604,2022-11-13 00:00:00+00:00,Florida International,Florida Atlantic,Conference USA,Conference USA,True,7,52,fbs,fbs,Florida Atlantic,Florida Atlantic,Florida Atlantic,Florida Atlantic,1,1,1,higher_spi_home_field_adjusted,higher_spi,higher_spi_home_field_adjusted,25.88325666579956,37.69540510968117,37.707,62.293,44.222,55.778,0.067059,2022_w10,spi_rankings_2022_w10.csv,131,,False,False,Conference USA vs Conference USA
2022,regular,11,401415258,2022-11-13 00:00:00+00:00,Colorado State,Wyoming,Mountain West,Mountain West,True,13,14,fbs,fbs,Wyoming,Wyoming,Wyoming,Wyoming,1,1,1,higher_spi_home_field_adjusted,higher_spi,higher_spi_home_field_adjusted,11.639976552562285,48.86386568250118,17.051,82.949,21.213,78.787,0.067059,2022_w10,spi_rankings_2022_w10.csv,131,,False,False,Mountain West vs Mountain West
2022,regular,11,401403944,2022-11-13 00:00:00+00:00,Mississippi State,Georgia,SEC,SEC,True,19,45,fbs,fbs,Georgia,Georgia,Georgia,Georgia,1,1,1,higher_spi_home_field_adjusted,higher_spi,higher_spi_home_field_adjusted,67.97783140501836,99.50304259634888,20.754,79.246,25.541,74.459,0.067059,2022_w10,spi_rankings_2022_w10.csv,131,,False,False,SEC vs SEC
2022,regular,11,401404111,2022-11-13 00:00:00+00:00,Texas Tech,Kansas,Big 12,Big 12,True,43,28,fbs,fbs,Kansas,Kansas,Kansas,Texas Tech,0,0,0,higher_spi_home_field_adjusted,higher_spi,higher_spi_home_field_adjusted,57.70540953716522,69.75480911819815,37.47,62.53,43.974,56.026,0.067059,2022_w10,spi_rankings_2022_w10.csv,131,,False,False,Big 12 vs Big 12
2022,regular,11,401404109,2022-11-13 00:00:00+00:00,Baylor,Kansas State,Big 12,Big 12,True,3,31,fbs,fbs,Kansas State,Kansas State,Kansas State,Kansas State,1,1,1,higher_spi_home_field_adjusted,higher_spi,higher_spi_home_field_adjusted,62.78216948763329,72.73057669214982,39.585,60.415,46.184,53.816,0.067059,2022_w10,spi_rankings_2022_w10.csv,131,,False,False,Big 12 vs Big 12
2022,regular,11,401404037,2022-11-13 00:00:00+00:00,Oregon,Washington,Pac-12,Pac-12,True,34,37,fbs,fbs,Oregon,Oregon,Oregon,Washington,0,0,0,higher_spi_home_field_adjusted,higher_spi,higher_spi_home_field_adjusted,80.91966320372337,66.77011428240944,64.597,35.403,70.5,29.5,0.067059,2022_w10,spi_rankings_2022_w10.csv,131,,False,False,Pac-12 vs Pac-12
2022,regular,11,401404113,2022-11-13 00:30:00+00:00,Texas,TCU,Big 12,Big 12,True,10,17,fbs,fbs,TCU,TCU,TCU,TCU,1,1,1,higher_spi_home_field_adjusted,higher_spi,higher_spi_home_field_adjusted,70.43305742901673,89.78421785913173,30.525,69.475,36.527,63.473,0.067059,2022_w10,spi_rankings_2022_w10.csv,131,,False,False,Big 12 vs Big 12
2022,regular,11,401426371,2022-11-13 00:30:00+00:00,Coastal Carolina,Southern Miss,Sun Belt,Sun Belt,True,26,23,fbs,fbs,Coastal Carolina,Coastal Carolina,Coastal Carolina,Coastal Carolina,1,1,1,higher_spi_home_field_adjusted,higher_spi,higher_spi_home_field_adjusted,68.66953922905901,47.86238931502783,70.771,29.229,76.027,23.973,0.067059,2022_w10,spi_rankings_2022_w10.csv,131,,False,False,Sun Belt vs Sun Belt
2022,regular,11,401411164,2022-11-13 00:30:00+00:00,Wake Forest,North Carolina,ACC,ACC,True,34,36,fbs,fbs,North Carolina,North Carolina,North Carolina,North Carolina,1,1,1,higher_spi_home_field_adjusted,higher_spi,higher_spi_home_field_adjusted,65.5338212339001,75.21667585723092,39.855,60.145,46.464,53.536,0.067059,2022_w10,spi_rankings_2022_w10.csv,131,,False,False,ACC vs ACC
2022,regular,11,401403940,2022-11-13 00:30:00+00:00,Auburn,Texas A&M,SEC,SEC,True,13,10,fbs,fbs,Auburn,Auburn,Auburn,Auburn,1,1,1,higher_spi_home_field_adjusted,higher_spi,higher_spi_home_field_adjusted,48.1211200955478,45.83795693671252,52.424,47.576,59.071,40.929,0.067059,2022_w10,spi_rankings_2022_w10.csv,131,,False,False,SEC vs SEC
2022,regular,11,401411162,2022-11-13 01:00:00+00:00,Syracuse,Florida State,ACC,ACC,True,3,38,fbs,fbs,Syracuse,Florida State,Syracuse,Florida State,0,1,0,higher_spi_home_field_adjusted,higher_spi,higher_spi_home_field_adjusted,67.71244236306697,72.37495104470055,45.062,54.938,51.792,48.208,0.067059,2022_w10,spi_rankings_2022_w10.csv,131,,False,False,ACC vs ACC
2022,regular,11,401404036,2022-11-13 02:00:00+00:00,Oregon State,California,Pac-12,Pac-12,True,38,10,fbs,fbs,Oregon State,Oregon State,Oregon State,Oregon State,1,1,1,higher_spi_home_field_adjusted,higher_spi,higher_spi_home_field_adjusted,61.16091072444304,35.45610836927363,74.884,25.116,79.614,20.386,0.067059,2022_w10,spi_rankings_2022_w10.csv,131,,False,False,Pac-12 vs Pac-12
2022,regular,11,401404038,2022-11-13 03:00:00+00:00,Utah,Stanford,Pac-12,Pac-12,True,42,7,fbs,fbs,Utah,Utah,Utah,Utah,1,1,1,higher_spi_home_field_adjusted,higher_spi,higher_spi_home_field_adjusted,76.02724880927254,36.55582092351627,84.258,15.742,87.516,12.484,0.067059,2022_w10,spi_rankings_2022_w10.csv,131,,False,False,Pac-12 vs Pac-12
2022,regular,11,401415260,2022-11-13 03:30:00+00:00,San Diego State,San José State,Mountain West,Mountain West,True,43,27,fbs,fbs,San José State,San José State,San José State,San Diego State,0,0,0,higher_spi_home_field_adjusted,higher_spi,higher_spi_home_field_adjusted,40.18024951572795,57.58243665708088,32.309,67.691,38.468,61.532,0.067059,2022_w10,spi_rankings_2022_w10.csv,131,,False,False,Mountain West vs Mountain West
2022,regular,11,401404034,2022-11-13 03:30:00+00:00,UCLA,Arizona,Pac-12,Pac-12,True,28,34,fbs,fbs,UCLA,UCLA,UCLA,Arizona,0,0,0,higher_spi_home_field_adjusted,higher_spi,higher_spi_home_field_adjusted,80.49621114942357,36.57050506452048,86.609,13.391,89.442,10.558,0.067059,2022_w10,spi_rankings_2022_w10.csv,131,,False,False,Pac-12 vs Pac-12
2022,regular,11,401415255,2022-11-13 03:30:00+00:00,Nevada,Boise State,Mountain West,Mountain West,True,3,41,fbs,fbs,Boise State,Boise State,Boise State,Boise State,1,1,1,higher_spi_home_field_adjusted,higher_spi,higher_spi_home_field_adjusted,14.186420417464554,52.65413689954484,16.316,83.684,20.343,79.657,0.067059,2022_w10,spi_rankings_2022_w10.csv,131,,False,False,Mountain West vs Mountain West
2022,regular,11,401415257,2022-11-13 04:00:00+00:00,Hawai'i,Utah State,Mountain West,Mountain West,True,34,41,fbs,fbs,Utah State,Utah State,Utah State,Utah State,1,1,1,higher_spi_home_field_adjusted,higher_spi,higher_spi_home_field_adjusted,5.924621870885432,30.0295905931551,26.416,73.584,31.982,68.018,0.067059,2022_w10,spi_rankings_2022_w10.csv,131,,False,False,Mountain West vs Mountain West
2022,regular,12,401416642,2022-11-16 00:00:00+00:00,Toledo,Bowling Green,Mid-American,Mid-American,True,35,42,fbs,fbs,Toledo,Toledo,Toledo,Bowling Green,0,0,0,higher_spi_home_field_adjusted,higher_spi,higher_spi_home_field_adjusted,54.25458145004713,33.977572535801784,70.303,29.697,75.614,24.386,0.067059,2022_w11,spi_rankings_2022_w11.csv,131,,False,False,Mid-American vs Mid-American
2022,regular,12,401416643,2022-11-16 00:00:00+00:00,Ball State,Ohio,Mid-American,Mid-American,True,18,32,fbs,fbs,Ohio,Ohio,Ohio,Ohio,1,1,1,higher_spi_home_field_adjusted,higher_spi,higher_spi_home_field_adjusted,37.65527879821835,49.43778001377487,37.736,62.264,44.253,55.747,0.067059,2022_w11,spi_rankings_2022_w11.csv,131,,False,False,Mid-American vs Mid-American
2022,regular,12,401416644,2022-11-16 23:00:00+00:00,Kent State,Eastern Michigan,Mid-American,Mid-American,True,24,31,fbs,fbs,Kent State,Eastern Michigan,Kent State,Eastern Michigan,0,1,0,higher_spi_home_field_adjusted,higher_spi,higher_spi_home_field_adjusted,35.37941670164176,38.81591845626848,46.355,53.645,53.091,46.909,0.067059,2022_w11,spi_rankings_2022_w11.csv,131,,False,False,Mid-American vs Mid-American
2022,regular,12,401416646,2022-11-17 00:00:00+00:00,Northern Illinois,Miami (OH),Mid-American,Mid-American,True,23,29,fbs,fbs,Northern Illinois,Miami (OH),Northern Illinois,Miami (OH),0,1,0,higher_spi_home_field_adjusted,higher_spi,higher_spi_home_field_adjusted,22.706250405750104,29.021521047698226,43.33,56.67,50.037,49.963,0.067059,2022_w11,spi_rankings_2022_w11.csv,131,,False,False,Mid-American vs Mid-American
2022,regular,12,401416645,2022-11-17 01:00:00+00:00,Central Michigan,Western Michigan,Mid-American,Mid-American,True,10,12,fbs,fbs,Central Michigan,Central Michigan,Central Michigan,Western Michigan,0,0,0,higher_spi_home_field_adjusted,higher_spi,higher_spi_home_field_adjusted,34.43996967853258,20.42708795159602,64.464,35.536,70.379,29.621,0.067059,2022_w11,spi_rankings_2022_w11.csv,131,,False,False,Mid-American vs Mid-American
2022,regular,12,401415658,2022-11-18 00:30:00+00:00,Tulane,SMU,American Athletic,American Athletic,True,59,24,fbs,fbs,Tulane,Tulane,Tulane,Tulane,1,1,1,higher_spi_home_field_adjusted,higher_spi,higher_spi_home_field_adjusted,70.57870914735378,57.27537596636281,63.77,36.23,69.746,30.254,0.067059,2022_w11,spi_rankings_2022_w11.csv,131,,False,False,American Athletic vs American Athletic
2022,regular,12,401415659,2022-11-19 02:00:00+00:00,Tulsa,South Florida,American Athletic,American Athletic,True,48,42,fbs,fbs,Tulsa,Tulsa,Tulsa,Tulsa,1,1,1,higher_spi_home_field_adjusted,higher_spi,higher_spi_home_field_adjusted,29.782455266473264,13.393927865605948,66.741,33.259,72.44,27.56,0.067059,2022_w11,spi_rankings_2022_w11.csv,131,,False,False,American Athletic vs American Athletic
2022,regular,12,401415264,2022-11-19 02:45:00+00:00,New Mexico,San Diego State,Mountain West,Mountain West,True,10,34,fbs,fbs,San Diego State,San Diego State,San Diego State,San Diego State,1,1,1,higher_spi_home_field_adjusted,higher_spi,higher_spi_home_field_adjusted,16.953366669619065,44.37972525651106,23.765,76.235,28.992,71.008,0.067059,2022_w11,spi_rankings_2022_w11.csv,131,,False,False,Mountain West vs Mountain West
2022,regular,12,401415661,2022-11-19 16:00:00+00:00,UCF,Navy,American Athletic,American Athletic,True,14,17,fbs,fbs,UCF,UCF,UCF,Navy,0,0,0,higher_spi_home_field_adjusted,higher_spi,higher_spi_home_field_adjusted,70.98364714627245,27.94598466606411,86.165,13.835,89.08,10.92,0.067059,2022_w11,spi_rankings_2022_w11.csv,131,,False,False,American Athletic vs American Athletic
2022,regular,12,401405143,2022-11-19 17:00:00+00:00,Purdue,Northwestern,Big Ten,Big Ten,True,17,9,fbs,fbs,Purdue,Purdue,Purdue,Purdue,1,1,1,higher_spi_home_field_adjusted,higher_spi,higher_spi_home_field_adjusted,61.81030518444861,23.07232524288648,83.84,16.16,87.172,12.828,0.067059,2022_w11,spi_rankings_2022_w11.csv,131,,False,False,Big Ten vs Big Ten
2022,regular,12,401405146,2022-11-19 17:00:00+00:00,Michigan State,Indiana,Big Ten,Big Ten,True,31,39,fbs,fbs,Michigan State,Michigan State,Michigan State,Indiana,0,0,0,higher_spi_home_field_adjusted,higher_spi,higher_spi_home_field_adjusted,53.51484694335736,35.28817312481237,68.452,31.548,73.972,26.028,0.067059,2022_w11,spi_rankings_2022_w11.csv,131,,False,False,Big Ten vs Big Ten
2022,regular,12,401403951,2022-11-19 17:00:00+00:00,Mississippi State,East Tennessee State,SEC,Southern,False,56,7,fbs,fcs,Mississippi State,Mississippi State,Mississippi State,Mississippi State,1,1,1,fbs_vs_fcs_rule,fbs_vs_fcs_rule,fbs_vs_fcs_rule,63.91781547587298,,100.0,0.0,100.0,0.0,0.067059,2022_w11,spi_rankings_2022_w11.csv,131,,False,False,SEC vs Southern
2022,regular,12,401404143,2022-11-19 17:00:00+00:00,Army,UConn,FBS Independents,FBS Independents,False,34,17,fbs,fbs,Army,UConn,Army,Army,1,0,1,higher_spi_home_field_adjusted,higher_spi,higher_spi_home_field_adjusted,37.135705039680936,41.75683769226031,45.106,54.894,51.836,48.164,0.067059,2022_w11,spi_rankings_2022_w11.csv,131,,False,False,FBS Independents vs FBS Independents
2022,regular,12,401403955,2022-11-19 17:00:00+00:00,Vanderbilt,Florida,SEC,SEC,True,31,24,fbs,fbs,Florida,Florida,Florida,Vanderbilt,0,0,0,higher_spi_home_field_adjusted,higher_spi,higher_spi_home_field_adjusted,41.7597882942185,65.90508791858167,26.383,73.617,31.945,68.055,0.067059,2022_w11,spi_rankings_2022_w11.csv,131,,False,False,SEC vs SEC
2022,regular,12,401403954,2022-11-19 17:00:00+00:00,Texas A&M,Massachusetts,SEC,FBS Independents,False,20,3,fbs,fbs,Texas A&M,Texas A&M,Texas A&M,Texas A&M,1,1,1,higher_spi_home_field_adjusted,higher_spi,higher_spi_home_field_adjusted,42.129508261041536,5.568181818181818,82.547,17.453,86.101,13.899,0.067059,2022_w11,spi_rankings_2022_w11.csv,131,,False,False,FBS Independents vs SEC
2022,regular,12,401411169,2022-11-19 17:00:00+00:00,Pittsburgh,Duke,ACC,ACC,True,28,26,fbs,fbs,Pittsburgh,Duke,Pittsburgh,Pittsburgh,1,0,1,higher_spi_home_field_adjusted,higher_spi,higher_spi_home_field_adjusted,56.2677292012337,61.639931712024655,44.317,55.683,51.038,48.962,0.067059,2022_w11,spi_rankings_2022_w11.csv,131,,False,False,ACC vs ACC
2022,regular,12,401404114,2022-11-19 17:00:00+00:00,Baylor,TCU,Big 12,Big 12,True,28,29,fbs,fbs,TCU,TCU,TCU,TCU,1,1,1,higher_spi_home_field_adjusted,higher_spi,higher_spi_home_field_adjusted,58.321170171629056,90.27097902097904,20.459,79.541,25.199,74.801,0.067059,2022_w11,spi_rankings_2022_w11.csv,131,,False,False,Big 12 vs Big 12
2022,regular,12,401404165,2022-11-19 17:00:00+00:00,Liberty,Virginia Tech,FBS Independents,ACC,False,22,23,fbs,fbs,Liberty,Liberty,Liberty,Virginia Tech,0,0,0,higher_spi_home_field_adjusted,higher_spi,higher_spi_home_field_adjusted,61.74793915897902,27.47877364853336,81.099,18.901,84.894,15.106,0.067059,2022_w11,spi_rankings_2022_w11.csv,131,,False,False,ACC vs FBS Independents
2022,regular,12,401405142,2022-11-19 17:00:00+00:00,Nebraska,Wisconsin,Big Ten,Big Ten,True,14,15,fbs,fbs,Wisconsin,Wisconsin,Wisconsin,Wisconsin,1,1,1,higher_spi_home_field_adjusted,higher_spi,higher_spi_home_field_adjusted,33.18080958096283,55.55718591307048,27.868,72.132,33.601,66.399,0.067059,2022_w11,spi_rankings_2022_w11.csv,131,,False,False,Big Ten vs Big Ten
2022,regular,12,401411166,2022-11-19 17:00:00+00:00,Florida State,Louisiana,ACC,Sun Belt,False,49,17,fbs,fbs,Florida State,Florida State,Florida State,Florida State,1,1,1,higher_spi_home_field_adjusted,higher_spi,higher_spi_home_field_adjusted,74.00309506495759,46.52114162899477,76.278,23.722,80.812,19.188,0.067059,2022_w11,spi_rankings_2022_w11.csv,131,,False,False,ACC vs Sun Belt
2022,regular,12,401405145,2022-11-19 17:00:00+00:00,Michigan,Illinois,Big Ten,Big Ten,True,19,17,fbs,fbs,Michigan,Michigan,Michigan,Michigan,1,1,1,higher_spi_home_field_adjusted,higher_spi,higher_spi_home_field_adjusted,93.61028322004768,65.63036629549744,76.659,23.341,81.138,18.862,0.067059,2022_w11,spi_rankings_2022_w11.csv,131,,False,False,Big Ten vs Big Ten
2022,regular,12,401403946,2022-11-19 17:00:00+00:00,Alabama,Austin Peay,SEC,Atlantic Sun,False,34,0,fbs,fcs,Alabama,Alabama,Alabama,Alabama,1,1,1,fbs_vs_fcs_rule,fbs_vs_fcs_rule,fbs_vs_fcs_rule,88.4848063443242,,100.0,0.0,100.0,0.0,0.067059,2022_w11,spi_rankings_2022_w11.csv,131,,False,False,Atlantic Sun vs SEC
2022,regular,12,401426611,2022-11-19 18:00:00+00:00,Rice,UTSA,Conference USA,Conference USA,True,7,41,fbs,fbs,UTSA,UTSA,UTSA,UTSA,1,1,1,higher_spi_home_field_adjusted,higher_spi,higher_spi_home_field_adjusted,37.14705776193964,65.14756615836468,23.326,76.674,28.493,71.507,0.067059,2022_w11,spi_rankings_2022_w11.csv,131,,False,False,Conference USA vs Conference USA
2022,regular,12,401404117,2022-11-19 19:00:00+00:00,West Virginia,Kansas State,Big 12,Big 12,True,31,48,fbs,fbs,Kansas State,Kansas State,Kansas State,Kansas State,1,1,1,higher_spi_home_field_adjusted,higher_spi,higher_spi_home_field_adjusted,46.02683389504958,74.05201174448712,23.307,76.693,28.471,71.529,0.067059,2022_w11,spi_rankings_2022_w11.csv,131,,False,False,Big 12 vs Big 12
2022,regular,12,401415660,2022-11-19 19:00:00+00:00,East Carolina,Houston,American Athletic,American Athletic,True,3,42,fbs,fbs,East Carolina,East Carolina,East Carolina,Houston,0,0,0,higher_spi_home_field_adjusted,higher_spi,higher_spi_home_field_adjusted,54.46225436796544,50.82483531934797,53.857,46.143,60.455,39.545,0.067059,2022_w11,spi_rankings_2022_w11.csv,131,,False,False,American Athletic vs American Athletic
2022,regular,12,401404039,2022-11-19 19:00:00+00:00,Arizona,Washington State,Pac-12,Pac-12,True,20,31,fbs,fbs,Washington State,Washington State,Washington State,Washington State,1,1,1,higher_spi_home_field_adjusted,higher_spi,higher_spi_home_field_adjusted,41.62785683497541,57.717207814645576,33.541,66.459,39.797,60.203,0.067059,2022_w11,spi_rankings_2022_w11.csv,131,,False,False,Pac-12 vs Pac-12
2022,regular,12,401426378,2022-11-19 19:00:00+00:00,James Madison,Georgia State,Sun Belt,Sun Belt,True,42,40,fbs,fbs,James Madison,James Madison,James Madison,James Madison,1,1,1,higher_spi_home_field_adjusted,higher_spi,higher_spi_home_field_adjusted,58.7192761701279,40.22260867974487,68.7,31.3,74.192,25.808,0.067059,2022_w11,spi_rankings_2022_w11.csv,131,,False,False,Sun Belt vs Sun Belt
2022,regular,12,401415662,2022-11-19 19:00:00+00:00,Memphis,North Alabama,American Athletic,Atlantic Sun,False,59,0,fbs,fcs,Memphis,Memphis,Memphis,Memphis,1,1,1,fbs_vs_fcs_rule,fbs_vs_fcs_rule,fbs_vs_fcs_rule,47.56946919323387,,100.0,0.0,100.0,0.0,0.067059,2022_w11,spi_rankings_2022_w11.csv,131,,False,False,American Athletic vs Atlantic Sun
2022,regular,12,401404040,2022-11-19 19:15:00+00:00,Arizona State,Oregon State,Pac-12,Pac-12,True,7,31,fbs,fbs,Oregon State,Oregon State,Oregon State,Oregon State,1,1,1,higher_spi_home_field_adjusted,higher_spi,higher_spi_home_field_adjusted,34.35700617577852,62.99863316875842,22.842,77.158,27.941,72.059,0.067059,2022_w11,spi_rankings_2022_w11.csv,131,,False,False,Pac-12 vs Pac-12
2022,regular,12,401426376,2022-11-19 19:30:00+00:00,App State,Old Dominion,Sun Belt,Sun Belt,True,27,14,fbs,fbs,App State,App State,App State,App State,1,1,1,higher_spi_home_field_adjusted,higher_spi,higher_spi_home_field_adjusted,52.57940044699958,29.583622927533117,72.658,27.342,77.681,22.319,0.067059,2022_w11,spi_rankings_2022_w11.csv,131,,False,False,Sun Belt vs Sun Belt
2022,regular,12,401404132,2022-11-19 19:30:00+00:00,Notre Dame,Boston College,FBS Independents,ACC,False,44,0,fbs,fbs,Notre Dame,Notre Dame,Notre Dame,Notre Dame,1,1,1,higher_spi_home_field_adjusted,higher_spi,higher_spi_home_field_adjusted,67.0180871236502,33.03649743073176,80.911,19.089,84.736,15.264,0.067059,2022_w11,spi_rankings_2022_w11.csv,131,,False,False,ACC vs FBS Independents
2022,regular,12,401426610,2022-11-19 20:30:00+00:00,Middle Tennessee,Florida Atlantic,Conference USA,Conference USA,True,49,21,fbs,fbs,Middle Tennessee,Florida Atlantic,Middle Tennessee,Middle Tennessee,1,0,1,higher_spi_home_field_adjusted,higher_spi,higher_spi_home_field_adjusted,39.16837702787286,44.17405737549923,44.701,55.299,51.428,48.572,0.067059,2022_w11,spi_rankings_2022_w11.csv,131,,False,False,Conference USA vs Conference USA
2022,regular,12,401426608,2022-11-19 20:30:00+00:00,Charlotte,Louisiana Tech,Conference USA,Conference USA,True,26,21,fbs,fbs,Louisiana Tech,Louisiana Tech,Louisiana Tech,Charlotte,0,0,0,higher_spi_home_field_adjusted,higher_spi,higher_spi_home_field_adjusted,8.540365636890183,26.53000653758136,31.766,68.234,37.879,62.121,0.067059,2022_w11,spi_rankings_2022_w11.csv,131,,False,False,Conference USA vs Conference USA
2022,regular,12,401411165,2022-11-19 20:30:00+00:00,Clemson,Miami,ACC,ACC,True,40,10,fbs,fbs,Clemson,Clemson,Clemson,Clemson,1,1,1,higher_spi_home_field_adjusted,higher_spi,higher_spi_home_field_adjusted,77.8093620579572,47.27939574122215,78.542,21.458,82.741,17.259,0.067059,2022_w11,spi_rankings_2022_w11.csv,131,,False,False,ACC vs ACC
2022,regular,12,401426381,2022-11-19 20:30:00+00:00,Troy,UL Monroe,Sun Belt,Sun Belt,True,34,16,fbs,fbs,Troy,Troy,Troy,Troy,1,1,1,higher_spi_home_field_adjusted,higher_spi,higher_spi_home_field_adjusted,66.45326694902151,35.95480208571882,78.519,21.481,82.722,17.278,0.067059,2022_w11,spi_rankings_2022_w11.csv,131,,False,False,Sun Belt vs Sun Belt
2022,regular,12,401420863,2022-11-19 20:30:00+00:00,BYU,Utah Tech,FBS Independents,Western Athletic,False,52,26,fbs,fcs,BYU,BYU,BYU,BYU,1,1,1,fbs_vs_fcs_rule,fbs_vs_fcs_rule,fbs_vs_fcs_rule,45.39793014778481,,100.0,0.0,100.0,0.0,0.067059,2022_w11,spi_rankings_2022_w11.csv,131,,False,False,FBS Independents vs Western Athletic
2022,regular,12,401426379,2022-11-19 20:30:00+00:00,Southern Miss,South Alabama,Sun Belt,Sun Belt,True,20,27,fbs,fbs,South Alabama,South Alabama,South Alabama,South Alabama,1,1,1,higher_spi_home_field_adjusted,higher_spi,higher_spi_home_field_adjusted,45.69666170671155,66.02556198007781,29.651,70.349,35.569,64.431,0.067059,2022_w11,spi_rankings_2022_w11.csv,131,,False,False,Sun Belt vs Sun Belt
2022,regular,12,401404116,2022-11-19 20:30:00+00:00,Kansas,Texas,Big 12,Big 12,True,14,55,fbs,fbs,Texas,Texas,Texas,Texas,1,1,1,higher_spi_home_field_adjusted,higher_spi,higher_spi_home_field_adjusted,61.961689089531845,69.24523056523162,42.322,57.678,49.008,50.992,0.067059,2022_w11,spi_rankings_2022_w11.csv,131,,False,False,Big 12 vs Big 12
2022,regular,12,401405147,2022-11-19 20:30:00+00:00,Rutgers,Penn State,Big Ten,Big Ten,True,10,55,fbs,fbs,Penn State,Penn State,Penn State,Penn State,1,1,1,higher_spi_home_field_adjusted,higher_spi,higher_spi_home_field_adjusted,40.98148658465392,77.41992971884457,17.528,82.472,21.776,78.224,0.067059,2022_w11,spi_rankings_2022_w11.csv,131,,False,False,Big Ten vs Big Ten
2022,regular,12,401405144,2022-11-19 20:30:00+00:00,Maryland,Ohio State,Big Ten,Big Ten,True,30,43,fbs,fbs,Ohio State,Ohio State,Ohio State,Ohio State,1,1,1,higher_spi_home_field_adjusted,higher_spi,higher_spi_home_field_adjusted,56.95529194236629,93.07599485616645,17.724,82.276,22.007,77.993,0.067059,2022_w11,spi_rankings_2022_w11.csv,131,,False,False,Big Ten vs Big Ten
2022,regular,12,401411167,2022-11-19 20:30:00+00:00,Louisville,NC State,ACC,ACC,True,25,10,fbs,fbs,Louisville,NC State,Louisville,Louisville,1,0,1,higher_spi_home_field_adjusted,higher_spi,higher_spi_home_field_adjusted,62.0125917118448,65.3920816486876,46.415,53.585,53.152,46.848,0.067059,2022_w11,spi_rankings_2022_w11.csv,131,,False,False,ACC vs ACC
2022,regular,12,401403949,2022-11-19 20:30:00+00:00,Kentucky,Georgia,SEC,SEC,True,6,16,fbs,fbs,Georgia,Georgia,Georgia,Georgia,1,1,1,higher_spi_home_field_adjusted,higher_spi,higher_spi_home_field_adjusted,59.04468329686766,98.26682552566427,15.883,84.117,19.828,80.172,0.067059,2022_w11,spi_rankings_2022_w11.csv,131,,False,False,SEC vs SEC
2022,regular,12,401426613,2022-11-19 21:00:00+00:00,Auburn,Western Kentucky,SEC,Conference USA,False,41,17,fbs,fbs,Western Kentucky,Western Kentucky,Western Kentucky,Auburn,0,0,0,higher_spi_home_field_adjusted,higher_spi,higher_spi_home_field_adjusted,48.421258023073335,55.107880619421415,42.943,57.057,49.642,50.358,0.067059,2022_w11,spi_rankings_2022_w11.csv,131,,False,False,Conference USA vs SEC
2022,regular,12,401405141,2022-11-19 21:00:00+00:00,Minnesota,Iowa,Big Ten,Big Ten,True,10,13,fbs,fbs,Minnesota,Minnesota,Minnesota,Iowa,0,0,0,higher_spi_home_field_adjusted,higher_spi,higher_spi_home_field_adjusted,68.83558725084171,58.05602856283709,61.257,38.743,67.436,32.564,0.067059,2022_w11,spi_rankings_2022_w11.csv,131,,False,False,Big Ten vs Big Ten
2022,regular,12,401426609,2022-11-19 21:00:00+00:00,UTEP,Florida International,Conference USA,Conference USA,True,40,6,fbs,fbs,UTEP,UTEP,UTEP,UTEP,1,1,1,higher_spi_home_field_adjusted,higher_spi,higher_spi_home_field_adjusted,28.790477539090286,22.46016873538144,56.686,43.314,63.156,36.844,0.067059,2022_w11,spi_rankings_2022_w11.csv,131,,False,False,Conference USA vs Conference USA
2022,regular,12,401415663,2022-11-19 21:00:00+00:00,Temple,Cincinnati,American Athletic,American Athletic,True,3,23,fbs,fbs,Cincinnati,Cincinnati,Cincinnati,Cincinnati,1,1,1,higher_spi_home_field_adjusted,higher_spi,higher_spi_home_field_adjusted,26.186314632220697,64.83584566823949,16.211,83.789,20.218,79.782,0.067059,2022_w11,spi_rankings_2022_w11.csv,131,,False,False,American Athletic vs American Athletic
2022,regular,12,401426380,2022-11-19 22:00:00+00:00,Texas State,Arkansas State,Sun Belt,Sun Belt,True,16,13,fbs,fbs,Texas State,Arkansas State,Texas State,Texas State,1,0,1,higher_spi_home_field_adjusted,higher_spi,higher_spi_home_field_adjusted,33.054030763219195,33.13639310906649,49.912,50.088,56.62,43.38,0.067059,2022_w11,spi_rankings_2022_w11.csv,131,,False,False,Sun Belt vs Sun Belt
2022,regular,12,401411168,2022-11-19 22:30:00+00:00,North Carolina,Georgia Tech,ACC,ACC,True,17,21,fbs,fbs,North Carolina,North Carolina,North Carolina,Georgia Tech,0,0,0,higher_spi_home_field_adjusted,higher_spi,higher_spi_home_field_adjusted,72.79493059655829,40.21024107747027,79.977,20.023,83.953,16.047,0.067059,2022_w11,spi_rankings_2022_w11.csv,131,,False,False,ACC vs ACC
2022,regular,12,401404041,2022-11-19 22:30:00+00:00,California,Stanford,Pac-12,Pac-12,True,27,20,fbs,fbs,California,Stanford,California,California,1,0,1,higher_spi_home_field_adjusted,higher_spi,higher_spi_home_field_adjusted,32.25886724915651,33.58151330410741,48.595,51.405,55.321,44.679,0.067059,2022_w11,spi_rankings_2022_w11.csv,131,,False,False,Pac-12 vs Pac-12
2022,regular,12,401426377,2022-11-19 23:00:00+00:00,Georgia Southern,Marshall,Sun Belt,Sun Belt,True,10,23,fbs,fbs,Marshall,Marshall,Marshall,Marshall,1,1,1,higher_spi_home_field_adjusted,higher_spi,higher_spi_home_field_adjusted,46.43322705092747,53.98906535006734,42.04,57.96,48.719,51.281,0.067059,2022_w11,spi_rankings_2022_w11.csv,131,,False,False,Sun Belt vs Sun Belt
2022,regular,12,401415261,2022-11-20 00:00:00+00:00,Wyoming,Boise State,Mountain West,Mountain West,True,17,20,fbs,fbs,Boise State,Boise State,Boise State,Boise State,1,1,1,higher_spi_home_field_adjusted,higher_spi,higher_spi_home_field_adjusted,48.77085047441504,55.272059994720166,43.136,56.864,49.839,50.161,0.067059,2022_w11,spi_rankings_2022_w11.csv,131,,False,False,Mountain West vs Mountain West
2022,regular,12,401403953,2022-11-20 00:00:00+00:00,South Carolina,Tennessee,SEC,SEC,True,63,38,fbs,fbs,Tennessee,Tennessee,Tennessee,South Carolina,0,0,0,higher_spi_home_field_adjusted,higher_spi,higher_spi_home_field_adjusted,55.98693764881866,94.95384996651136,16.029,83.971,20.001,79.999,0.067059,2022_w11,spi_rankings_2022_w11.csv,131,,False,False,SEC vs SEC
2022,regular,12,401404115,2022-11-20 00:00:00+00:00,Iowa State,Texas Tech,Big 12,Big 12,True,10,14,fbs,fbs,Texas Tech,Texas Tech,Texas Tech,Texas Tech,1,1,1,higher_spi_home_field_adjusted,higher_spi,higher_spi_home_field_adjusted,51.36712581462612,61.839071712721896,39.054,60.946,45.631,54.369,0.067059,2022_w11,spi_rankings_2022_w11.csv,131,,False,False,Big 12 vs Big 12
2022,regular,12,401403952,2022-11-20 00:30:00+00:00,Missouri,New Mexico State,SEC,FBS Independents,False,45,14,fbs,fbs,Missouri,Missouri,Missouri,Missouri,1,1,1,higher_spi_home_field_adjusted,higher_spi,higher_spi_home_field_adjusted,49.03617809692202,34.05075835902724,65.405,34.595,71.233,28.767,0.067059,2022_w11,spi_rankings_2022_w11.csv,131,,False,False,FBS Independents vs SEC
2022,regular,12,401404118,2022-11-20 00:30:00+00:00,Oklahoma,Oklahoma State,Big 12,Big 12,True,28,13,fbs,fbs,Oklahoma State,Oklahoma State,Oklahoma State,Oklahoma,0,0,0,higher_spi_home_field_adjusted,higher_spi,higher_spi_home_field_adjusted,55.92138937216183,69.46391601862652,35.996,64.004,42.417,57.583,0.067059,2022_w11,spi_rankings_2022_w11.csv,131,,False,False,Big 12 vs Big 12
2022,regular,12,401403947,2022-11-20 00:30:00+00:00,Arkansas,Ole Miss,SEC,SEC,True,42,27,fbs,fbs,Ole Miss,Ole Miss,Ole Miss,Arkansas,0,0,0,higher_spi_home_field_adjusted,higher_spi,higher_spi_home_field_adjusted,52.76694939108842,75.64547328849211,27.441,72.559,33.126,66.874,0.067059,2022_w11,spi_rankings_2022_w11.csv,131,,False,False,SEC vs SEC
2022,regular,12,401411171,2022-11-20 01:00:00+00:00,Wake Forest,Syracuse,ACC,ACC,True,45,35,fbs,fbs,Wake Forest,Syracuse,Wake Forest,Wake Forest,1,0,1,higher_spi_home_field_adjusted,higher_spi,higher_spi_home_field_adjusted,61.74336858026325,61.84575942932471,49.891,50.109,56.599,43.401,0.067059,2022_w11,spi_rankings_2022_w11.csv,131,,False,False,ACC vs ACC
2022,regular,12,401404044,2022-11-20 01:00:00+00:00,UCLA,USC,Pac-12,Pac-12,True,45,48,fbs,fbs,USC,USC,USC,USC,1,1,1,higher_spi_home_field_adjusted,higher_spi,higher_spi_home_field_adjusted,70.9421063417003,78.0046472015838,42.552,57.448,49.243,50.757,0.067059,2022_w11,spi_rankings_2022_w11.csv,131,,False,False,Pac-12 vs Pac-12
2022,regular,12,401404042,2022-11-20 02:00:00+00:00,Washington,Colorado,Pac-12,Pac-12,True,54,7,fbs,fbs,Washington,Washington,Washington,Washington,1,1,1,higher_spi_home_field_adjusted,higher_spi,higher_spi_home_field_adjusted,67.8532850083663,15.503725756161147,90.246,9.754,92.377,7.623,0.067059,2022_w11,spi_rankings_2022_w11.csv,131,,False,False,Pac-12 vs Pac-12
2022,regular,12,401415262,2022-11-20 02:00:00+00:00,Air Force,Colorado State,Mountain West,Mountain West,True,24,12,fbs,fbs,Air Force,Air Force,Air Force,Air Force,1,1,1,higher_spi_home_field_adjusted,higher_spi,higher_spi_home_field_adjusted,56.3255175646838,12.625653496361828,86.498,13.502,89.351,10.649,0.067059,2022_w11,spi_rankings_2022_w11.csv,131,,False,False,Mountain West vs Mountain West
2022,regular,12,401426612,2022-11-20 02:00:00+00:00,LSU,UAB,SEC,Conference USA,False,41,10,fbs,fbs,LSU,LSU,LSU,LSU,1,1,1,higher_spi_home_field_adjusted,higher_spi,higher_spi_home_field_adjusted,82.07802018827792,46.32561919469365,82.046,17.954,85.685,14.315,0.067059,2022_w11,spi_rankings_2022_w11.csv,131,,False,False,Conference USA vs SEC
2022,regular,12,401415265,2022-11-20 02:45:00+00:00,Utah State,San José State,Mountain West,Mountain West,True,35,31,fbs,fbs,San José State,San José State,San José State,Utah State,0,0,0,higher_spi_home_field_adjusted,higher_spi,higher_spi_home_field_adjusted,35.08262689184263,50.95888249639549,33.744,66.256,40.014,59.986,0.067059,2022_w11,spi_rankings_2022_w11.csv,131,,False,False,Mountain West vs Mountain West
2022,regular,12,401415263,2022-11-20 03:30:00+00:00,Nevada,Fresno State,Mountain West,Mountain West,True,14,41,fbs,fbs,Fresno State,Fresno State,Fresno State,Fresno State,1,1,1,higher_spi_home_field_adjusted,higher_spi,higher_spi_home_field_adjusted,13.41457661984992,50.76449696655978,16.975,83.025,21.123,78.877,0.067059,2022_w11,spi_rankings_2022_w11.csv,131,,False,False,Mountain West vs Mountain West
2022,regular,12,401404043,2022-11-20 03:30:00+00:00,Oregon,Utah,Pac-12,Pac-12,True,20,17,fbs,fbs,Oregon,Utah,Oregon,Oregon,1,0,1,higher_spi_home_field_adjusted,higher_spi,higher_spi_home_field_adjusted,72.81990663343386,76.57473313499261,46.019,53.981,52.754,47.246,0.067059,2022_w11,spi_rankings_2022_w11.csv,131,,False,False,Pac-12 vs Pac-12
2022,regular,12,401415266,2022-11-20 04:00:00+00:00,Hawai'i,UNLV,Mountain West,Mountain West,True,31,25,fbs,fbs,UNLV,UNLV,UNLV,Hawai'i,0,0,0,higher_spi_home_field_adjusted,higher_spi,higher_spi_home_field_adjusted,7.628736273327311,29.78977632281928,28.053,71.947,33.805,66.195,0.067059,2022_w11,spi_rankings_2022_w11.csv,131,,False,False,Mountain West vs Mountain West
2022,regular,13,401416648,2022-11-23 00:00:00+00:00,Miami (OH),Ball State,Mid-American,Mid-American,True,18,17,fbs,fbs,Miami (OH),Ball State,Miami (OH),Miami (OH),1,0,1,higher_spi_home_field_adjusted,higher_spi,higher_spi_home_field_adjusted,33.211078851011536,34.74574879679784,48.37,51.63,55.098,44.902,0.067059,2022_w12,spi_rankings_2022_w12.csv,131,,False,False,Mid-American vs Mid-American
2022,regular,13,401416649,2022-11-23 00:00:00+00:00,Ohio,Bowling Green,Mid-American,Mid-American,True,38,14,fbs,fbs,Ohio,Ohio,Ohio,Ohio,1,1,1,higher_spi_home_field_adjusted,higher_spi,higher_spi_home_field_adjusted,52.206490821784925,37.718810459095046,64.925,35.075,70.798,29.202,0.067059,2022_w12,spi_rankings_2022_w12.csv,131,,False,False,Mid-American vs Mid-American
2022,regular,13,401403956,2022-11-25 00:00:00+00:00,Ole Miss,Mississippi State,SEC,SEC,True,22,24,fbs,fbs,Ole Miss,Ole Miss,Ole Miss,Mississippi State,0,0,0,higher_spi_home_field_adjusted,higher_spi,higher_spi_home_field_adjusted,71.78808300506847,66.94491443677906,55.128,44.872,61.673,38.327,0.067059,2022_w12,spi_rankings_2022_w12.csv,131,,False,False,SEC vs SEC
2022,regular,13,401416650,2022-11-25 17:00:00+00:00,Eastern Michigan,Central Michigan,Mid-American,Mid-American,True,38,19,fbs,fbs,Eastern Michigan,Eastern Michigan,Eastern Michigan,Eastern Michigan,1,1,1,higher_spi_home_field_adjusted,higher_spi,higher_spi_home_field_adjusted,42.54226892127054,32.53660434274225,60.474,39.526,66.71,33.29,0.067059,2022_w12,spi_rankings_2022_w12.csv,131,,False,False,Mid-American vs Mid-American
2022,regular,13,401404119,2022-11-25 17:00:00+00:00,Texas,Baylor,Big 12,Big 12,True,38,27,fbs,fbs,Texas,Texas,Texas,Texas,1,1,1,higher_spi_home_field_adjusted,higher_spi,higher_spi_home_field_adjusted,73.45762109072031,58.92759534450754,64.966,35.034,70.835,29.165,0.067059,2022_w12,spi_rankings_2022_w12.csv,131,,False,False,Big 12 vs Big 12
2022,regular,13,401415665,2022-11-25 17:00:00+00:00,Cincinnati,Tulane,American Athletic,American Athletic,True,24,27,fbs,fbs,Cincinnati,Tulane,Cincinnati,Tulane,0,1,0,higher_spi_home_field_adjusted,higher_spi,higher_spi_home_field_adjusted,67.00558625373392,72.47611191799483,44.214,55.786,50.934,49.066,0.067059,2022_w12,spi_rankings_2022_w12.csv,131,,False,False,American Athletic vs American Athletic
2022,regular,13,401416651,2022-11-25 17:00:00+00:00,Western Michigan,Toledo,Mid-American,Mid-American,True,20,14,fbs,fbs,Toledo,Toledo,Toledo,Western Michigan,0,0,0,higher_spi_home_field_adjusted,higher_spi,higher_spi_home_field_adjusted,26.42876237414117,50.54424654880763,26.407,73.593,31.972,68.028,0.067059,2022_w12,spi_rankings_2022_w12.csv,131,,False,False,Mid-American vs Mid-American
2022,regular,13,401415269,2022-11-25 17:00:00+00:00,Boise State,Utah State,Mountain West,Mountain West,True,42,23,fbs,fbs,Boise State,Boise State,Boise State,Boise State,1,1,1,higher_spi_home_field_adjusted,higher_spi,higher_spi_home_field_adjusted,57.76257039428643,39.413342388555286,68.565,31.435,74.072,25.928,0.067059,2022_w12,spi_rankings_2022_w12.csv,131,,False,False,Mountain West vs Mountain West
2022,regular,13,401404045,2022-11-25 20:00:00+00:00,Arizona,Arizona State,Pac-12,Pac-12,True,38,35,fbs,fbs,Arizona,Arizona,Arizona,Arizona,1,1,1,higher_spi_home_field_adjusted,higher_spi,higher_spi_home_field_adjusted,40.55951400200291,32.763302177252825,58.209,41.791,64.593,35.407,0.067059,2022_w12,spi_rankings_2022_w12.csv,131,,False,False,Pac-12 vs Pac-12
2022,regular,13,401415268,2022-11-25 20:30:00+00:00,Colorado State,New Mexico,Mountain West,Mountain West,True,17,0,fbs,fbs,Colorado State,New Mexico,Colorado State,Colorado State,1,0,1,higher_spi_home_field_adjusted,higher_spi,higher_spi_home_field_adjusted,13.307295812456529,16.813176347833448,46.282,53.718,53.018,46.982,0.067059,2022_w12,spi_rankings_2022_w12.csv,131,,False,False,Mountain West vs Mountain West
2022,regular,13,401403961,2022-11-25 20:30:00+00:00,Missouri,Arkansas,SEC,SEC,True,29,27,fbs,fbs,Arkansas,Arkansas,Arkansas,Missouri,0,0,0,higher_spi_home_field_adjusted,higher_spi,higher_spi_home_field_adjusted,52.67389427740818,60.288142116271246,41.98,58.02,48.657,51.343,0.067059,2022_w12,spi_rankings_2022_w12.csv,131,,False,False,SEC vs SEC
2022,regular,13,401411172,2022-11-25 20:30:00+00:00,North Carolina,NC State,ACC,ACC,True,27,30,fbs,fbs,North Carolina,North Carolina,North Carolina,NC State,0,0,0,higher_spi_home_field_adjusted,higher_spi,higher_spi_home_field_adjusted,69.68063236635379,61.8660823447483,58.227,41.773,64.611,35.389,0.067059,2022_w12,spi_rankings_2022_w12.csv,131,,False,False,ACC vs ACC
2022,regular,13,401405148,2022-11-25 21:00:00+00:00,Iowa,Nebraska,Big Ten,Big Ten,True,17,24,fbs,fbs,Iowa,Iowa,Iowa,Nebraska,0,0,0,higher_spi_home_field_adjusted,higher_spi,higher_spi_home_field_adjusted,61.40780142400162,33.676880520476594,76.469,23.531,80.976,19.024,0.067059,2022_w12,spi_rankings_2022_w12.csv,131,,False,False,Big Ten vs Big Ten
2022,regular,13,401404046,2022-11-25 21:30:00+00:00,California,UCLA,Pac-12,Pac-12,True,28,35,fbs,fbs,UCLA,UCLA,UCLA,UCLA,1,1,1,higher_spi_home_field_adjusted,higher_spi,higher_spi_home_field_adjusted,37.03815035066766,68.34101076431668,20.91,79.09,25.721,74.279,0.067059,2022_w12,spi_rankings_2022_w12.csv,131,,False,False,Pac-12 vs Pac-12
2022,regular,13,401403958,2022-11-26 00:30:00+00:00,Florida State,Florida,ACC,SEC,False,45,38,fbs,fbs,Florida State,Florida State,Florida State,Florida State,1,1,1,higher_spi_home_field_adjusted,higher_spi,higher_spi_home_field_adjusted,75.97171661285554,60.79972261847533,65.584,34.416,71.396,28.604,0.067059,2022_w12,spi_rankings_2022_w12.csv,131,,False,False,ACC vs SEC
2022,regular,13,401415270,2022-11-26 03:00:00+00:00,Fresno State,Wyoming,Mountain West,Mountain West,True,30,0,fbs,fbs,Fresno State,Fresno State,Fresno State,Fresno State,1,1,1,higher_spi_home_field_adjusted,higher_spi,higher_spi_home_field_adjusted,53.938597576421074,45.75141072855588,58.612,41.388,64.972,35.028,0.067059,2022_w12,spi_rankings_2022_w12.csv,131,,False,False,Mountain West vs Mountain West
2022,regular,13,401426389,2022-11-26 17:00:00+00:00,South Alabama,Old Dominion,Sun Belt,Sun Belt,True,27,20,fbs,fbs,South Alabama,South Alabama,South Alabama,South Alabama,1,1,1,higher_spi_home_field_adjusted,higher_spi,higher_spi_home_field_adjusted,67.95756286177428,28.73061142746006,84.119,15.881,87.402,12.598,0.067059,2022_w12,spi_rankings_2022_w12.csv,131,,False,False,Sun Belt vs Sun Belt
2022,regular,13,401404123,2022-11-26 17:00:00+00:00,Oklahoma State,West Virginia,Big 12,Big 12,True,19,24,fbs,fbs,Oklahoma State,Oklahoma State,Oklahoma State,West Virginia,0,0,0,higher_spi_home_field_adjusted,higher_spi,higher_spi_home_field_adjusted,64.57497133645822,47.38712603096604,67.491,32.509,73.113,26.887,0.067059,2022_w12,spi_rankings_2022_w12.csv,131,,False,False,Big 12 vs Big 12
2022,regular,13,401403959,2022-11-26 17:00:00+00:00,Georgia,Georgia Tech,SEC,ACC,False,37,14,fbs,fbs,Georgia,Georgia,Georgia,Georgia,1,1,1,higher_spi_home_field_adjusted,higher_spi,higher_spi_home_field_adjusted,96.92516806010954,45.97802033739068,89.709,10.291,91.947,8.053,0.067059,2022_w12,spi_rankings_2022_w12.csv,131,,False,False,ACC vs SEC
2022,regular,13,401404144,2022-11-26 17:00:00+00:00,Massachusetts,Army,FBS Independents,FBS Independents,True,7,44,fbs,fbs,Army,Army,Army,Army,1,1,1,higher_spi_home_field_adjusted,higher_spi,higher_spi_home_field_adjusted,6.700949367088612,42.99675030526083,17.616,82.384,21.879,78.121,0.067059,2022_w12,spi_rankings_2022_w12.csv,131,,False,False,FBS Independents vs FBS Independents
2022,regular,13,401426615,2022-11-26 17:00:00+00:00,Florida Atlantic,Western Kentucky,Conference USA,Conference USA,True,31,32,fbs,fbs,Western Kentucky,Western Kentucky,Western Kentucky,Western Kentucky,1,1,1,higher_spi_home_field_adjusted,higher_spi,higher_spi_home_field_adjusted,40.94551358714619,51.82404117642601,38.643,61.357,45.203,54.797,0.067059,2022_w12,spi_rankings_2022_w12.csv,131,,False,False,Conference USA vs Conference USA
2022,regular,13,401403962,2022-11-26 17:00:00+00:00,Clemson,South Carolina,ACC,SEC,False,30,31,fbs,fbs,Clemson,Clemson,Clemson,South Carolina,0,0,0,higher_spi_home_field_adjusted,higher_spi,higher_spi_home_field_adjusted,79.4306782437052,61.357513769087134,68.311,31.689,73.846,26.154,0.067059,2022_w12,spi_rankings_2022_w12.csv,131,,False,False,ACC vs SEC
2022,regular,13,401405153,2022-11-26 17:00:00+00:00,Ohio State,Michigan,Big Ten,Big Ten,True,23,45,fbs,fbs,Ohio State,Michigan,Ohio State,Michigan,0,1,0,higher_spi_home_field_adjusted,higher_spi,higher_spi_home_field_adjusted,93.22102874666996,93.43680228194732,49.771,50.229,56.481,43.519,0.067059,2022_w12,spi_rankings_2022_w12.csv,131,,False,False,Big Ten vs Big Ten
2022,regular,13,401426383,2022-11-26 17:00:00+00:00,James Madison,Coastal Carolina,Sun Belt,Sun Belt,True,47,7,fbs,fbs,James Madison,Coastal Carolina,James Madison,James Madison,1,0,1,higher_spi_home_field_adjusted,higher_spi,higher_spi_home_field_adjusted,62.64046110855366,67.24402099496604,45.124,54.876,51.854,48.146,0.067059,2022_w12,spi_rankings_2022_w12.csv,131,,False,False,Sun Belt vs Sun Belt
2022,regular,13,401405152,2022-11-26 17:00:00+00:00,Maryland,Rutgers,Big Ten,Big Ten,True,37,0,fbs,fbs,Maryland,Maryland,Maryland,Maryland,1,1,1,higher_spi_home_field_adjusted,higher_spi,higher_spi_home_field_adjusted,56.95125100087128,40.035215768633854,67.237,32.763,72.885,27.115,0.067059,2022_w12,spi_rankings_2022_w12.csv,131,,False,False,Big Ten vs Big Ten
2022,regular,13,401404166,2022-11-26 17:00:00+00:00,Liberty,New Mexico State,FBS Independents,FBS Independents,True,14,49,fbs,fbs,Liberty,Liberty,Liberty,New Mexico State,0,0,0,higher_spi_home_field_adjusted,higher_spi,higher_spi_home_field_adjusted,58.38126519932337,31.762849775593093,75.608,24.392,80.237,19.763,0.067059,2022_w12,spi_rankings_2022_w12.csv,131,,False,False,FBS Independents vs FBS Independents
2022,regular,13,401426390,2022-11-26 17:00:00+00:00,Marshall,Georgia State,Sun Belt,Sun Belt,True,28,23,fbs,fbs,Marshall,Marshall,Marshall,Marshall,1,1,1,higher_spi_home_field_adjusted,higher_spi,higher_spi_home_field_adjusted,57.764762312187145,41.50084128083292,66.624,33.376,72.334,27.666,0.067059,2022_w12,spi_rankings_2022_w12.csv,131,,False,False,Sun Belt vs Sun Belt
2022,regular,13,401415664,2022-11-26 18:00:00+00:00,Temple,East Carolina,American Athletic,American Athletic,True,46,49,fbs,fbs,East Carolina,East Carolina,East Carolina,East Carolina,1,1,1,higher_spi_home_field_adjusted,higher_spi,higher_spi_home_field_adjusted,26.54287885477584,49.40931929773931,27.452,72.548,33.138,66.862,0.067059,2022_w12,spi_rankings_2022_w12.csv,131,,False,False,American Athletic vs American Athletic
2022,regular,13,401416653,2022-11-26 18:00:00+00:00,Buffalo,Kent State,Mid-American,Mid-American,True,27,30,fbs,fbs,Buffalo,Buffalo,Buffalo,Kent State,0,0,0,higher_spi_home_field_adjusted,higher_spi,higher_spi_home_field_adjusted,41.66221672696075,34.54114953350184,57.509,42.491,63.934,36.066,0.067059,2022_w12,spi_rankings_2022_w12.csv,131,,False,False,Mid-American vs Mid-American
2022,regular,13,401416652,2022-11-26 18:30:00+00:00,Northern Illinois,Akron,Mid-American,Mid-American,True,12,44,fbs,fbs,Northern Illinois,Northern Illinois,Northern Illinois,Akron,0,0,0,higher_spi_home_field_adjusted,higher_spi,higher_spi_home_field_adjusted,21.79193307553137,12.224976355518889,60.027,39.973,66.295,33.705,0.067059,2022_w12,spi_rankings_2022_w12.csv,131,,False,False,Mid-American vs Mid-American
2022,regular,13,401426617,2022-11-26 19:00:00+00:00,North Texas,Rice,Conference USA,Conference USA,True,21,17,fbs,fbs,North Texas,North Texas,North Texas,North Texas,1,1,1,higher_spi_home_field_adjusted,higher_spi,higher_spi_home_field_adjusted,45.40551265391459,35.63878379141411,60.231,39.769,66.484,33.516,0.067059,2022_w12,spi_rankings_2022_w12.csv,131,,False,False,Conference USA vs Conference USA
2022,regular,13,401403960,2022-11-26 20:00:00+00:00,Kentucky,Louisville,SEC,ACC,False,26,13,fbs,fbs,Kentucky,Louisville,Kentucky,Kentucky,1,0,1,higher_spi_home_field_adjusted,higher_spi,higher_spi_home_field_adjusted,58.86608685406062,64.7406037694714,43.791,56.209,50.505,49.495,0.067059,2022_w12,spi_rankings_2022_w12.csv,131,,False,False,ACC vs SEC
2022,regular,13,401403957,2022-11-26 20:30:00+00:00,Alabama,Auburn,SEC,SEC,True,49,27,fbs,fbs,Alabama,Alabama,Alabama,Alabama,1,1,1,higher_spi_home_field_adjusted,higher_spi,higher_spi_home_field_adjusted,87.52269360438352,53.02995987104151,81.244,18.756,85.015,14.985,0.067059,2022_w12,spi_rankings_2022_w12.csv,131,,False,False,SEC vs SEC
2022,regular,13,401404047,2022-11-26 20:30:00+00:00,Oregon State,Oregon,Pac-12,Pac-12,True,38,34,fbs,fbs,Oregon,Oregon,Oregon,Oregon State,0,0,0,higher_spi_home_field_adjusted,higher_spi,higher_spi_home_field_adjusted,66.33102842121525,75.22940636275732,40.657,59.343,47.295,52.705,0.067059,2022_w12,spi_rankings_2022_w12.csv,131,,False,False,Pac-12 vs Pac-12
2022,regular,13,401405151,2022-11-26 20:30:00+00:00,Indiana,Purdue,Big Ten,Big Ten,True,16,30,fbs,fbs,Purdue,Purdue,Purdue,Purdue,1,1,1,higher_spi_home_field_adjusted,higher_spi,higher_spi_home_field_adjusted,39.905269641192056,61.315255140812106,28.702,71.298,34.523,65.477,0.067059,2022_w12,spi_rankings_2022_w12.csv,131,,False,False,Big Ten vs Big Ten
2022,regular,13,401415666,2022-11-26 20:30:00+00:00,SMU,Memphis,American Athletic,American Athletic,True,34,31,fbs,fbs,SMU,SMU,SMU,SMU,1,1,1,higher_spi_home_field_adjusted,higher_spi,higher_spi_home_field_adjusted,53.9930573255151,52.60418815125253,51.475,48.525,58.149,41.851,0.067059,2022_w12,spi_rankings_2022_w12.csv,131,,False,False,American Athletic vs American Athletic
2022,regular,13,401415271,2022-11-26 20:30:00+00:00,San José State,Hawai'i,Mountain West,Mountain West,True,27,14,fbs,fbs,San José State,San José State,San José State,San José State,1,1,1,higher_spi_home_field_adjusted,higher_spi,higher_spi_home_field_adjusted,47.92510865482116,14.60572170138576,80.472,19.528,84.369,15.631,0.067059,2022_w12,spi_rankings_2022_w12.csv,131,,False,False,Mountain West vs Mountain West
2022,regular,13,401426384,2022-11-26 20:30:00+00:00,Arkansas State,Troy,Sun Belt,Sun Belt,True,19,48,fbs,fbs,Troy,Troy,Troy,Troy,1,1,1,higher_spi_home_field_adjusted,higher_spi,higher_spi_home_field_adjusted,31.799444511539527,69.77510049884759,16.604,83.396,20.684,79.316,0.067059,2022_w12,spi_rankings_2022_w12.csv,131,,False,False,Sun Belt vs Sun Belt
2022,regular,13,401426618,2022-11-26 20:30:00+00:00,UTSA,UTEP,Conference USA,Conference USA,True,34,31,fbs,fbs,UTSA,UTSA,UTSA,UTSA,1,1,1,higher_spi_home_field_adjusted,higher_spi,higher_spi_home_field_adjusted,68.37831061946972,35.19438223989698,80.382,19.618,84.293,15.707,0.067059,2022_w12,spi_rankings_2022_w12.csv,131,,False,False,Conference USA vs Conference USA
2022,regular,13,401411174,2022-11-26 20:30:00+00:00,Duke,Wake Forest,ACC,ACC,True,34,31,fbs,fbs,Duke,Wake Forest,Duke,Duke,1,0,1,higher_spi_home_field_adjusted,higher_spi,higher_spi_home_field_adjusted,58.70833150346747,64.38720847295863,43.995,56.005,50.713,49.287,0.067059,2022_w12,spi_rankings_2022_w12.csv,131,,False,False,ACC vs ACC
2022,regular,13,401405150,2022-11-26 20:30:00+00:00,Wisconsin,Minnesota,Big Ten,Big Ten,True,16,23,fbs,fbs,Minnesota,Minnesota,Minnesota,Minnesota,1,1,1,higher_spi_home_field_adjusted,higher_spi,higher_spi_home_field_adjusted,58.373747881603485,65.7610694794842,42.215,57.785,48.898,51.102,0.067059,2022_w12,spi_rankings_2022_w12.csv,131,,False,False,Big Ten vs Big Ten
2022,regular,13,401405149,2022-11-26 20:30:00+00:00,Northwestern,Illinois,Big Ten,Big Ten,True,3,41,fbs,fbs,Illinois,Illinois,Illinois,Illinois,1,1,1,higher_spi_home_field_adjusted,higher_spi,higher_spi_home_field_adjusted,25.708350717059087,65.19584776640038,15.733,84.267,19.649,80.351,0.067059,2022_w12,spi_rankings_2022_w12.csv,131,,False,False,Big Ten vs Big Ten
2022,regular,13,401426616,2022-11-26 20:30:00+00:00,Louisiana Tech,UAB,Conference USA,Conference USA,True,27,37,fbs,fbs,UAB,UAB,UAB,UAB,1,1,1,higher_spi_home_field_adjusted,higher_spi,higher_spi_home_field_adjusted,25.80583567752221,46.64907757115107,29.197,70.803,35.07,64.93,0.067059,2022_w12,spi_rankings_2022_w12.csv,131,,False,False,Conference USA vs Conference USA
2022,regular,13,401405154,2022-11-26 21:00:00+00:00,Penn State,Michigan State,Big Ten,Big Ten,True,35,16,fbs,fbs,Penn State,Penn State,Penn State,Penn State,1,1,1,higher_spi_home_field_adjusted,higher_spi,higher_spi_home_field_adjusted,79.51552046482774,49.00964179199287,78.525,21.475,82.726,17.274,0.067059,2022_w12,spi_rankings_2022_w12.csv,131,,False,False,Big Ten vs Big Ten
2022,regular,13,401404120,2022-11-26 21:00:00+00:00,TCU,Iowa State,Big 12,Big 12,True,62,14,fbs,fbs,TCU,TCU,TCU,TCU,1,1,1,higher_spi_home_field_adjusted,higher_spi,higher_spi_home_field_adjusted,90.53006329113924,50.22280904277887,84.723,15.277,87.899,12.101,0.067059,2022_w12,spi_rankings_2022_w12.csv,131,,False,False,Big 12 vs Big 12
2022,regular,13,401404048,2022-11-26 21:00:00+00:00,Colorado,Utah,Pac-12,Pac-12,True,21,63,fbs,fbs,Utah,Utah,Utah,Utah,1,1,1,higher_spi_home_field_adjusted,higher_spi,higher_spi_home_field_adjusted,15.241736881234129,71.76348078523205,8.301,91.699,10.6,89.4,0.067059,2022_w12,spi_rankings_2022_w12.csv,131,,False,False,Pac-12 vs Pac-12
2022,regular,13,401426385,2022-11-26 22:00:00+00:00,UL Monroe,Southern Miss,Sun Belt,Sun Belt,True,10,20,fbs,fbs,Southern Miss,Southern Miss,Southern Miss,Southern Miss,1,1,1,higher_spi_home_field_adjusted,higher_spi,higher_spi_home_field_adjusted,36.1569532811717,44.77386190838804,40.946,59.054,47.593,52.407,0.067059,2022_w12,spi_rankings_2022_w12.csv,131,,False,False,Sun Belt vs Sun Belt
2022,regular,13,401426386,2022-11-26 22:00:00+00:00,Texas State,Louisiana,Sun Belt,Sun Belt,True,13,41,fbs,fbs,Louisiana,Louisiana,Louisiana,Louisiana,1,1,1,higher_spi_home_field_adjusted,higher_spi,higher_spi_home_field_adjusted,37.50784228229236,44.40658871307364,42.722,57.278,49.417,50.583,0.067059,2022_w12,spi_rankings_2022_w12.csv,131,,False,False,Sun Belt vs Sun Belt
2022,regular,13,401426614,2022-11-26 23:00:00+00:00,Florida International,Middle Tennessee,Conference USA,Conference USA,True,28,33,fbs,fbs,Middle Tennessee,Middle Tennessee,Middle Tennessee,Middle Tennessee,1,1,1,higher_spi_home_field_adjusted,higher_spi,higher_spi_home_field_adjusted,20.578772686742383,44.16988510664328,26.843,73.157,32.459,67.541,0.067059,2022_w12,spi_rankings_2022_w12.csv,131,,False,False,Conference USA vs Conference USA
2022,regular,13,401426382,2022-11-26 23:00:00+00:00,Georgia Southern,App State,Sun Belt,Sun Belt,True,51,48,fbs,fbs,App State,App State,App State,Georgia Southern,0,0,0,higher_spi_home_field_adjusted,higher_spi,higher_spi_home_field_adjusted,44.53235784490946,54.90768065285431,39.151,60.849,45.733,54.267,0.067059,2022_w12,spi_rankings_2022_w12.csv,131,,False,False,Sun Belt vs Sun Belt
2022,regular,13,401415272,2022-11-26 23:00:00+00:00,UNLV,Nevada,Mountain West,Mountain West,True,27,22,fbs,fbs,UNLV,UNLV,UNLV,UNLV,1,1,1,higher_spi_home_field_adjusted,higher_spi,higher_spi_home_field_adjusted,29.53086830141656,14.207682946721883,65.729,34.271,71.527,28.473,0.067059,2022_w12,spi_rankings_2022_w12.csv,131,,False,False,Mountain West vs Mountain West
2022,regular,13,401415667,2022-11-27 00:00:00+00:00,South Florida,UCF,American Athletic,American Athletic,True,39,46,fbs,fbs,UCF,UCF,UCF,UCF,1,1,1,higher_spi_home_field_adjusted,higher_spi,higher_spi_home_field_adjusted,14.618346509674632,67.85095536643456,9.429,90.571,11.999,88.001,0.067059,2022_w12,spi_rankings_2022_w12.csv,131,,False,False,American Athletic vs American Athletic
2022,regular,13,401403963,2022-11-27 00:00:00+00:00,Texas A&M,LSU,SEC,SEC,True,38,23,fbs,fbs,LSU,LSU,LSU,Texas A&M,0,0,0,higher_spi_home_field_adjusted,higher_spi,higher_spi_home_field_adjusted,47.143800107282416,82.4850418268126,18.213,81.787,22.581,77.419,0.067059,2022_w12,spi_rankings_2022_w12.csv,131,,False,False,SEC vs SEC
2022,regular,13,401411173,2022-11-27 00:30:00+00:00,Boston College,Syracuse,ACC,ACC,True,23,32,fbs,fbs,Syracuse,Syracuse,Syracuse,Syracuse,1,1,1,higher_spi_home_field_adjusted,higher_spi,higher_spi_home_field_adjusted,30.45363926991489,59.093409620441385,22.843,77.157,27.942,72.058,0.067059,2022_w12,spi_rankings_2022_w12.csv,131,,False,False,ACC vs ACC
2022,regular,13,401403964,2022-11-27 00:30:00+00:00,Vanderbilt,Tennessee,SEC,SEC,True,0,56,fbs,fbs,Tennessee,Tennessee,Tennessee,Tennessee,1,1,1,higher_spi_home_field_adjusted,higher_spi,higher_spi_home_field_adjusted,48.50522864566138,87.89350710001027,15.789,84.211,19.716,80.284,0.067059,2022_w12,spi_rankings_2022_w12.csv,131,,False,False,SEC vs SEC
2022,regular,13,401404133,2022-11-27 00:30:00+00:00,USC,Notre Dame,Pac-12,FBS Independents,False,38,27,fbs,fbs,USC,USC,USC,USC,1,1,1,higher_spi_home_field_adjusted,higher_spi,higher_spi_home_field_adjusted,78.37275583289352,69.99703610743613,58.806,41.194,65.154,34.846,0.067059,2022_w12,spi_rankings_2022_w12.csv,131,,False,False,FBS Independents vs Pac-12
2022,regular,13,401404122,2022-11-27 00:30:00+00:00,Texas Tech,Oklahoma,Big 12,Big 12,True,51,48,fbs,fbs,Texas Tech,Texas Tech,Texas Tech,Texas Tech,1,1,1,higher_spi_home_field_adjusted,higher_spi,higher_spi_home_field_adjusted,60.69605205785409,59.34546792545754,51.435,48.565,58.109,41.891,0.067059,2022_w12,spi_rankings_2022_w12.csv,131,,False,False,Big 12 vs Big 12
2022,regular,13,401415668,2022-11-27 00:30:00+00:00,Houston,Tulsa,American Athletic,American Athletic,True,30,37,fbs,fbs,Houston,Houston,Houston,Tulsa,0,0,0,higher_spi_home_field_adjusted,higher_spi,higher_spi_home_field_adjusted,55.57272775752291,34.95973380156987,70.6,29.4,75.876,24.124,0.067059,2022_w12,spi_rankings_2022_w12.csv,131,,False,False,American Athletic vs American Athletic
2022,regular,13,401404121,2022-11-27 01:00:00+00:00,Kansas State,Kansas,Big 12,Big 12,True,47,27,fbs,fbs,Kansas State,Kansas State,Kansas State,Kansas State,1,1,1,higher_spi_home_field_adjusted,higher_spi,higher_spi_home_field_adjusted,76.14854684469694,59.87637181122999,66.632,33.368,72.341,27.659,0.067059,2022_w12,spi_rankings_2022_w12.csv,131,,False,False,Big 12 vs Big 12
2022,regular,13,401411175,2022-11-27 01:00:00+00:00,Miami,Pittsburgh,ACC,ACC,True,16,42,fbs,fbs,Pittsburgh,Pittsburgh,Pittsburgh,Pittsburgh,1,1,1,higher_spi_home_field_adjusted,higher_spi,higher_spi_home_field_adjusted,46.88593802322728,60.62723112931218,35.801,64.199,42.21,57.79,0.067059,2022_w12,spi_rankings_2022_w12.csv,131,,False,False,ACC vs ACC
2022,regular,13,401415267,2022-11-27 02:00:00+00:00,San Diego State,Air Force,Mountain West,Mountain West,True,3,13,fbs,fbs,Air Force,Air Force,Air Force,Air Force,1,1,1,higher_spi_home_field_adjusted,higher_spi,higher_spi_home_field_adjusted,47.509418090890485,59.16676240786298,37.861,62.139,44.384,55.616,0.067059,2022_w12,spi_rankings_2022_w12.csv,131,,False,False,Mountain West vs Mountain West
2022,regular,13,401404051,2022-11-27 03:30:00+00:00,Washington State,Washington,Pac-12,Pac-12,True,33,51,fbs,fbs,Washington,Washington,Washington,Washington,1,1,1,higher_spi_home_field_adjusted,higher_spi,higher_spi_home_field_adjusted,60.295160958922914,70.75542940808805,39.065,60.935,45.644,54.356,0.067059,2022_w12,spi_rankings_2022_w12.csv,131,,False,False,Pac-12 vs Pac-12
2022,regular,13,401404049,2022-11-27 04:00:00+00:00,Stanford,BYU,Pac-12,FBS Independents,False,26,35,fbs,fbs,BYU,BYU,BYU,BYU,1,1,1,higher_spi_home_field_adjusted,higher_spi,higher_spi_home_field_adjusted,32.746190807433535,50.00054503861933,32.447,67.553,38.617,61.383,0.067059,2022_w12,spi_rankings_2022_w12.csv,131,,False,False,FBS Independents vs Pac-12
