start_date,season_type,week,home_team,away_team,home_rank,away_rank,home_spi,away_spi,home_win_prob_pct,away_win_prob_pct,predicted_winner,prediction_reason,predicted_winner_pure,predicted_winner_home_adj,prediction_reason_pure,prediction_reason_home_adj,home_win_prob_pure_pct,away_win_prob_pure_pct,home_win_prob_home_adj_pct,away_win_prob_home_adj_pct,home_field_x,neutral_site,notes
2026-10-02T00:00:00+00:00,SeasonType.REGULAR,5,New Mexico State,Western Kentucky,134,102.0,-118.6889243844558,-58.76311017715135,9.3,90.7,Western Kentucky,higher_spi_home_field_adjusted,Western Kentucky,Western Kentucky,higher_spi,higher_spi_home_field_adjusted,7.3,92.7,9.3,90.7,0.067059,False,
2026-10-02T01:00:00+00:00,SeasonType.REGULAR,5,Tulsa,North Texas,49,74.0,-0.6645979105632058,-22.47267441374133,76.8,23.2,Tulsa,higher_spi_home_field_adjusted,Tulsa,Tulsa,higher_spi,higher_spi_home_field_adjusted,71.6,28.4,76.8,23.2,0.067059,False,
2026-10-02T23:00:00+00:00,SeasonType.REGULAR,5,Delaware,Liberty,93,68.0,-43.98273814775206,-14.081917263905265,26.9,73.1,Liberty,higher_spi_home_field_adjusted,Liberty,Liberty,higher_spi,higher_spi_home_field_adjusted,21.9,78.1,26.9,73.1,0.067059,False,
2026-10-02T23:00:00+00:00,SeasonType.REGULAR,5,Virginia Tech,Pittsburgh,25,8.0,27.56585125719281,52.1544775181164,31.5,68.5,Pittsburgh,higher_spi_home_field_adjusted,Pittsburgh,Pittsburgh,higher_spi,higher_spi_home_field_adjusted,26.0,74.0,31.5,68.5,0.067059,False,
2026-10-03T00:00:00+00:00,SeasonType.REGULAR,5,Northwestern,Penn State,41,43.0,4.41713117055455,3.632578535998636,57.5,42.5,Northwestern,higher_spi_home_field_adjusted,Northwestern,Northwestern,higher_spi,higher_spi_home_field_adjusted,50.8,49.2,57.5,42.5,0.067059,False,
2026-10-03T16:00:00+00:00,SeasonType.REGULAR,5,Air Force,Navy,69,91.0,-17.32667297944403,-41.74700877311261,78.7,21.3,Air Force,higher_spi_home_field_adjusted,Air Force,Air Force,higher_spi,higher_spi_home_field_adjusted,73.8,26.2,78.7,21.3,0.067059,False,
2026-10-03T16:00:00+00:00,SeasonType.REGULAR,5,Houston,UCF,28,29.0,22.72333731897136,21.86515600690005,57.6,42.4,Houston,higher_spi_home_field_adjusted,Houston,Houston,higher_spi,higher_spi_home_field_adjusted,50.9,49.1,57.6,42.4,0.067059,False,
2026-10-03T16:00:00+00:00,SeasonType.REGULAR,5,Iowa State,West Virginia,70,30.0,-18.20529408103497,19.652939151682844,20.8,79.2,West Virginia,higher_spi_home_field_adjusted,West Virginia,West Virginia,higher_spi,higher_spi_home_field_adjusted,16.7,83.3,20.8,79.2,0.067059,False,
2026-10-03T16:00:00+00:00,SeasonType.REGULAR,5,Kansas,Middle Tennessee,97,109.0,-49.98260209007005,-70.8417430077002,76.1,23.9,Kansas,higher_spi_home_field_adjusted,Kansas,Kansas,higher_spi,higher_spi_home_field_adjusted,70.8,29.2,76.1,23.9,0.067059,False,
2026-10-03T16:00:00+00:00,SeasonType.REGULAR,5,Minnesota,Michigan,36,38.0,9.436542166979756,9.324205367002998,56.8,43.2,Minnesota,higher_spi_home_field_adjusted,Minnesota,Minnesota,higher_spi,higher_spi_home_field_adjusted,50.1,49.9,56.8,43.2,0.067059,False,
2026-10-03T16:00:00+00:00,SeasonType.REGULAR,5,Mississippi State,Alabama,4,5.0,61.28435952701964,60.07242827235314,58.0,42.0,Mississippi State,higher_spi_home_field_adjusted,Mississippi State,Mississippi State,higher_spi,higher_spi_home_field_adjusted,51.3,48.7,58.0,42.0,0.067059,False,
2026-10-03T16:00:00+00:00,SeasonType.REGULAR,5,North Carolina,Notre Dame,52,7.0,-2.6646480021306216,56.244554725907605,9.7,90.3,Notre Dame,higher_spi_home_field_adjusted,Notre Dame,Notre Dame,higher_spi,higher_spi_home_field_adjusted,7.6,92.4,9.7,90.3,0.067059,False,
2026-10-03T16:00:00+00:00,SeasonType.REGULAR,5,SMU,Boston College,53,89.0,-2.7804815470711604,-41.11246831858718,87.0,13.0,SMU,higher_spi_home_field_adjusted,SMU,SMU,higher_spi,higher_spi_home_field_adjusted,83.6,16.4,87.0,13.0,0.067059,False,
2026-10-03T16:00:00+00:00,SeasonType.REGULAR,5,UConn,Syracuse,103,87.0,-59.577959207375386,-36.89087783825059,33.3,66.7,Syracuse,higher_spi_home_field_adjusted,Syracuse,Syracuse,higher_spi,higher_spi_home_field_adjusted,27.6,72.4,33.3,66.7,0.067059,False,
2026-10-03T16:00:00+00:00,SeasonType.REGULAR,5,Wake Forest,Stanford,44,88.0,3.030416989637068,-39.140553141242826,88.7,11.3,Wake Forest,higher_spi_home_field_adjusted,Wake Forest,Wake Forest,higher_spi,higher_spi_home_field_adjusted,85.7,14.3,88.7,11.3,0.067059,False,
2026-10-03T16:30:00+00:00,SeasonType.REGULAR,5,Wisconsin,Michigan State,45,83.0,2.951216933874618,-29.645881395377277,84.0,16.0,Wisconsin,higher_spi_home_field_adjusted,Wisconsin,Wisconsin,higher_spi,higher_spi_home_field_adjusted,80.0,20.0,84.0,16.0,0.067059,False,
2026-10-03T16:45:00+00:00,SeasonType.REGULAR,5,Georgia,Vanderbilt,9,64.0,50.53329026799626,-10.298190943626242,94.6,5.4,Georgia,higher_spi_home_field_adjusted,Georgia,Georgia,higher_spi,higher_spi_home_field_adjusted,93.0,7.0,94.6,5.4,0.067059,False,
2026-10-03T17:00:00+00:00,SeasonType.REGULAR,5,Buffalo,Western Michigan,112,100.0,-74.76605342343892,-56.223237229469255,37.3,62.7,Western Michigan,higher_spi_home_field_adjusted,Western Michigan,Western Michigan,higher_spi,higher_spi_home_field_adjusted,31.3,68.7,37.3,62.7,0.067059,False,
2026-10-03T18:00:00+00:00,SeasonType.REGULAR,5,Ball State,Toledo,124,72.0,-99.45636081454596,-20.999431647193084,4.5,95.5,Toledo,higher_spi_home_field_adjusted,Toledo,Toledo,higher_spi,higher_spi_home_field_adjusted,3.4,96.6,4.5,95.5,0.067059,False,
2026-10-03T19:30:00+00:00,SeasonType.REGULAR,5,Central Michigan,Akron,96,115.0,-46.37958707551686,-79.88634687205882,84.5,15.5,Central Michigan,higher_spi_home_field_adjusted,Central Michigan,Central Michigan,higher_spi,higher_spi_home_field_adjusted,80.6,19.4,84.5,15.5,0.067059,False,
2026-10-03T19:30:00+00:00,SeasonType.REGULAR,5,Charlotte,Memphis,137,57.0,-143.4665418171124,-5.629707303972074,0.4,99.6,Memphis,higher_spi_home_field_adjusted,Memphis,Memphis,higher_spi,higher_spi_home_field_adjusted,0.3,99.7,0.4,99.6,0.067059,False,
2026-10-03T19:30:00+00:00,SeasonType.REGULAR,5,Florida State,Virginia,75,48.0,-23.09594671818552,0.672730505369773,32.3,67.7,Virginia,higher_spi_home_field_adjusted,Virginia,Virginia,higher_spi,higher_spi_home_field_adjusted,26.7,73.3,32.3,67.7,0.067059,False,
2026-10-03T19:30:00+00:00,SeasonType.REGULAR,5,Georgia State,Old Dominion,35,123.0,10.797459724761213,-95.94953653466776,99.2,0.8,Georgia State,higher_spi_home_field_adjusted,Georgia State,Georgia State,higher_spi,higher_spi_home_field_adjusted,98.9,1.1,99.2,0.8,0.067059,False,
2026-10-03T19:30:00+00:00,SeasonType.REGULAR,5,Iowa,Ohio State,14,23.0,40.66065727472878,28.785396111926165,68.5,31.5,Iowa,higher_spi_home_field_adjusted,Iowa,Iowa,higher_spi,higher_spi_home_field_adjusted,62.4,37.6,68.5,31.5,0.067059,False,
2026-10-03T19:30:00+00:00,SeasonType.REGULAR,5,Kent State,Ohio,110,90.0,-71.35025624968654,-41.27473936449148,26.7,73.3,Ohio,higher_spi_home_field_adjusted,Ohio,Ohio,higher_spi,higher_spi_home_field_adjusted,21.8,78.2,26.7,73.3,0.067059,False,
2026-10-03T19:30:00+00:00,SeasonType.REGULAR,5,Massachusetts,Eastern Michigan,32,125.0,14.929514791847517,-100.7196066060089,99.4,0.6,Massachusetts,higher_spi_home_field_adjusted,Massachusetts,Massachusetts,higher_spi,higher_spi_home_field_adjusted,99.3,0.7,99.4,0.6,0.067059,False,
2026-10-03T19:30:00+00:00,SeasonType.REGULAR,5,Miami (OH),Bowling Green,82,135.0,-29.35296681546401,-139.3971970265164,99.3,0.7,Miami (OH),higher_spi_home_field_adjusted,Miami (OH),Miami (OH),higher_spi,higher_spi_home_field_adjusted,99.1,0.9,99.3,0.7,0.067059,False,
2026-10-03T19:30:00+00:00,SeasonType.REGULAR,5,Missouri,Florida,39,1.0,7.77905955744444,84.25893804826792,4.8,95.2,Florida,higher_spi_home_field_adjusted,Florida,Florida,higher_spi,higher_spi_home_field_adjusted,3.7,96.3,4.8,95.2,0.067059,False,
2026-10-03T19:30:00+00:00,SeasonType.REGULAR,5,NC State,Louisville,76,73.0,-25.63979689527287,-21.34753594864136,52.2,47.8,NC State,higher_spi_home_field_adjusted,Louisville,NC State,higher_spi,higher_spi_home_field_adjusted,45.5,54.5,52.2,47.8,0.067059,False,
2026-10-03T19:30:00+00:00,SeasonType.REGULAR,5,North Dakota State,Wyoming,22,118.0,29.41778694424681,-84.92382961937605,99.4,0.6,North Dakota State,higher_spi_home_field_adjusted,North Dakota State,North Dakota State,higher_spi,higher_spi_home_field_adjusted,99.2,0.8,99.4,0.6,0.067059,False,
2026-10-03T19:30:00+00:00,SeasonType.REGULAR,5,Tennessee,Auburn,31,20.0,19.33367015797993,32.460904232272,42.8,57.2,Auburn,higher_spi_home_field_adjusted,Auburn,Auburn,higher_spi,higher_spi_home_field_adjusted,36.4,63.6,42.8,57.2,0.067059,False,
2026-10-03T19:30:00+00:00,SeasonType.REGULAR,5,UAB,Samford,111,,-73.21848514919492,,100.0,0.0,UAB,home_has_spi_only,UAB,UAB,home_has_spi_only,home_has_spi_only,100.0,0.0,100.0,0.0,0.067059,False,
2026-10-03T19:30:00+00:00,SeasonType.REGULAR,5,UNLV,California,101,81.0,-58.69849515674619,-28.541400906597246,26.7,73.3,California,higher_spi_home_field_adjusted,California,California,higher_spi,higher_spi_home_field_adjusted,21.7,78.3,26.7,73.3,0.067059,False,
2026-10-03T19:45:00+00:00,SeasonType.REGULAR,5,James Madison,Marshall,24,86.0,28.74066045389936,-34.13401662196794,95.0,5.0,James Madison,higher_spi_home_field_adjusted,James Madison,James Madison,higher_spi,higher_spi_home_field_adjusted,93.5,6.5,95.0,5.0,0.067059,False,
2026-10-03T20:00:00+00:00,SeasonType.REGULAR,5,Nebraska,Maryland,21,63.0,29.626311639196256,-9.552185437874316,87.4,12.6,Nebraska,higher_spi_home_field_adjusted,Nebraska,Nebraska,higher_spi,higher_spi_home_field_adjusted,84.1,15.9,87.4,12.6,0.067059,False,
2026-10-03T20:00:00+00:00,SeasonType.REGULAR,5,New Mexico,UTEP,61,132.0,-7.954810475104862,-110.71371117012885,99.0,1.0,New Mexico,higher_spi_home_field_adjusted,New Mexico,New Mexico,higher_spi,higher_spi_home_field_adjusted,98.7,1.3,99.0,1.0,0.067059,False,
2026-10-03T20:15:00+00:00,SeasonType.REGULAR,5,Illinois,Purdue,54,105.0,-3.3067912608318184,-63.001468796857,94.3,5.7,Illinois,higher_spi_home_field_adjusted,Illinois,Illinois,higher_spi,higher_spi_home_field_adjusted,92.7,7.3,94.3,5.7,0.067059,False,
2026-10-03T20:15:00+00:00,SeasonType.REGULAR,5,South Carolina,Kentucky,59,40.0,-7.419199874690628,5.580222129439704,43.0,57.0,Kentucky,higher_spi_home_field_adjusted,Kentucky,Kentucky,higher_spi,higher_spi_home_field_adjusted,36.5,63.5,43.0,57.0,0.067059,False,
2026-10-03T22:00:00+00:00,SeasonType.REGULAR,5,Colorado State,Oregon State,78,71.0,-26.841133962275148,-20.993280617469523,50.5,49.5,Colorado State,higher_spi_home_field_adjusted,Oregon State,Colorado State,higher_spi,higher_spi_home_field_adjusted,43.8,56.2,50.5,49.5,0.067059,False,
2026-10-03T22:00:00+00:00,SeasonType.REGULAR,5,Florida Atlantic,Texas Southern,50,,-1.6129524847395535,,100.0,0.0,Florida Atlantic,home_has_spi_only,Florida Atlantic,Florida Atlantic,home_has_spi_only,home_has_spi_only,100.0,0.0,100.0,0.0,0.067059,False,
2026-10-03T23:00:00+00:00,SeasonType.REGULAR,5,Coastal Carolina,Georgia Southern,129,113.0,-103.73404235457302,-75.79303617883433,28.5,71.5,Georgia Southern,higher_spi_home_field_adjusted,Georgia Southern,Georgia Southern,higher_spi,higher_spi_home_field_adjusted,23.4,76.6,28.5,71.5,0.067059,False,
2026-10-03T23:00:00+00:00,SeasonType.REGULAR,5,Rice,UTSA,128,58.0,-101.6510647651651,-6.257847302808016,2.2,97.8,UTSA,higher_spi_home_field_adjusted,UTSA,UTSA,higher_spi,higher_spi_home_field_adjusted,1.7,98.3,2.2,97.8,0.067059,False,
2026-10-03T23:00:00+00:00,SeasonType.REGULAR,5,South Alabama,UL Monroe,98,133.0,-51.56022168162824,-115.38613880083656,95.2,4.8,South Alabama,higher_spi_home_field_adjusted,South Alabama,South Alabama,higher_spi,higher_spi_home_field_adjusted,93.8,6.2,95.2,4.8,0.067059,False,
2026-10-03T23:00:00+00:00,SeasonType.REGULAR,5,TCU,BYU,80,19.0,-28.049571365404425,32.8301362841072,9.0,91.0,BYU,higher_spi_home_field_adjusted,BYU,BYU,higher_spi,higher_spi_home_field_adjusted,7.0,93.0,9.0,91.0,0.067059,False,
2026-10-03T23:00:00+00:00,SeasonType.REGULAR,5,Texas A&M,Arkansas,60,62.0,-7.939598028385985,-8.823785693194747,57.6,42.4,Texas A&M,higher_spi_home_field_adjusted,Texas A&M,Texas A&M,higher_spi,higher_spi_home_field_adjusted,50.9,49.1,57.6,42.4,0.067059,False,
2026-10-03T23:30:00+00:00,SeasonType.REGULAR,5,Boise State,Utah State,42,114.0,3.659342307423129,-78.74152315576367,97.8,2.2,Boise State,higher_spi_home_field_adjusted,Boise State,Boise State,higher_spi,higher_spi_home_field_adjusted,97.1,2.9,97.8,2.2,0.067059,False,
2026-10-03T23:30:00+00:00,SeasonType.REGULAR,5,Clemson,Miami,55,3.0,-4.311729979207957,63.778067523596334,6.8,93.2,Miami,higher_spi_home_field_adjusted,Miami,Miami,higher_spi,higher_spi_home_field_adjusted,5.2,94.8,6.8,93.2,0.067059,False,
2026-10-03T23:30:00+00:00,SeasonType.REGULAR,5,Colorado,Texas Tech,95,16.0,-46.29639547728582,36.312631406773,3.8,96.2,Texas Tech,higher_spi_home_field_adjusted,Texas Tech,Texas Tech,higher_spi,higher_spi_home_field_adjusted,2.9,97.1,3.8,96.2,0.067059,False,
2026-10-03T23:30:00+00:00,SeasonType.REGULAR,5,Louisiana Tech,Army,84,51.0,-31.16257198096256,-1.6417928398596875,27.2,72.8,Army,higher_spi_home_field_adjusted,Army,Army,higher_spi,higher_spi_home_field_adjusted,22.2,77.8,27.2,72.8,0.067059,False,
2026-10-03T23:30:00+00:00,SeasonType.REGULAR,5,South Florida,Temple,18,122.0,32.89367641615324,-93.66176366335064,99.6,0.4,South Florida,higher_spi_home_field_adjusted,South Florida,South Florida,higher_spi,higher_spi_home_field_adjusted,99.5,0.5,99.6,0.4,0.067059,False,
2026-10-03T23:30:00+00:00,SeasonType.REGULAR,5,USC,Washington,27,65.0,23.230044321294503,-10.812616130926894,84.8,15.2,USC,higher_spi_home_field_adjusted,USC,USC,higher_spi,higher_spi_home_field_adjusted,81.0,19.0,84.8,15.2,0.067059,False,
2026-10-03T23:45:00+00:00,SeasonType.REGULAR,5,LSU,McNeese,17,,33.369065871362125,,100.0,0.0,LSU,home_has_spi_only,LSU,LSU,home_has_spi_only,home_has_spi_only,100.0,0.0,100.0,0.0,0.067059,False,
2026-10-04T00:00:00+00:00,SeasonType.REGULAR,5,Louisiana,Arkansas State,37,99.0,9.348650666523325,-53.57011036463219,95.0,5.0,Louisiana,higher_spi_home_field_adjusted,Louisiana,Louisiana,higher_spi,higher_spi_home_field_adjusted,93.5,6.5,95.0,5.0,0.067059,False,
2026-10-04T00:00:00+00:00,SeasonType.REGULAR,5,Rutgers,Indiana,120,6.0,-90.6473563250601,57.981227069019205,0.2,99.8,Indiana,higher_spi_home_field_adjusted,Indiana,Indiana,higher_spi,higher_spi_home_field_adjusted,0.2,99.8,0.2,99.8,0.067059,False,
2026-10-04T01:30:00+00:00,SeasonType.REGULAR,5,Washington State,Fresno State,127,56.0,-101.03180964150266,-5.319169628179735,2.2,97.8,Fresno State,higher_spi_home_field_adjusted,Fresno State,Fresno State,higher_spi,higher_spi_home_field_adjusted,1.7,98.3,2.2,97.8,0.067059,False,
2026-10-04T02:30:00+00:00,SeasonType.REGULAR,5,Arizona State,Baylor,79,47.0,-27.895850785211945,2.067993582529437,26.8,73.2,Baylor,higher_spi_home_field_adjusted,Baylor,Baylor,higher_spi,higher_spi_home_field_adjusted,21.9,78.1,26.8,73.2,0.067059,False,
2026-10-04T02:30:00+00:00,SeasonType.REGULAR,5,San Diego State,Texas State,116,77.0,-80.9766403290891,-26.05432501523135,11.3,88.7,Texas State,higher_spi_home_field_adjusted,Texas State,Texas State,higher_spi,higher_spi_home_field_adjusted,8.8,91.2,11.3,88.7,0.067059,False,
2026-10-04T03:00:00+00:00,SeasonType.REGULAR,5,Arizona,Cincinnati,46,15.0,2.936111386274308,36.91812851269452,23.6,76.4,Cincinnati,higher_spi_home_field_adjusted,Cincinnati,Cincinnati,higher_spi,higher_spi_home_field_adjusted,19.1,80.9,23.6,76.4,0.067059,False,
2026-10-04T03:59:00+00:00,SeasonType.REGULAR,5,Hawai'i,San José State,121,107.0,-90.68950671224998,-66.0827908652249,31.5,68.5,San José State,higher_spi_home_field_adjusted,San José State,San José State,higher_spi,higher_spi_home_field_adjusted,26.0,74.0,31.5,68.5,0.067059,False,
2026-10-07T00:00:00+00:00,SeasonType.REGULAR,6,Troy,Southern Miss,106,117.0,-64.32002641072384,-84.8258569401698,75.8,24.2,Troy,higher_spi_home_field_adjusted,Troy,Troy,higher_spi,higher_spi_home_field_adjusted,70.5,29.5,75.8,24.2,0.067059,False,
2026-10-07T23:00:00+00:00,SeasonType.REGULAR,6,Kennesaw State,Jacksonville State,119,104.0,-85.47252759658261,-59.6844141991548,30.4,69.6,Jacksonville State,higher_spi_home_field_adjusted,Jacksonville State,Jacksonville State,higher_spi,higher_spi_home_field_adjusted,25.0,75.0,30.4,69.6,0.067059,False,
2026-10-07T23:30:00+00:00,SeasonType.REGULAR,6,Florida International,New Mexico State,92,134.0,-42.40674401698138,-118.6889243844558,97.1,2.9,Florida International,higher_spi_home_field_adjusted,Florida International,Florida International,higher_spi,higher_spi_home_field_adjusted,96.2,3.8,97.1,2.9,0.067059,False,
2026-10-08T23:00:00+00:00,SeasonType.REGULAR,6,Liberty,Sam Houston,68,108.0,-14.081917263905265,-66.75023859452794,92.5,7.5,Liberty,higher_spi_home_field_adjusted,Liberty,Liberty,higher_spi,higher_spi_home_field_adjusted,90.4,9.6,92.5,7.5,0.067059,False,
2026-10-08T23:00:00+00:00,SeasonType.REGULAR,6,Western Kentucky,Missouri State,102,131.0,-58.76311017715135,-110.52309920786188,92.2,7.8,Western Kentucky,higher_spi_home_field_adjusted,Western Kentucky,Western Kentucky,higher_spi,higher_spi_home_field_adjusted,90.0,10.0,92.2,7.8,0.067059,False,
2026-10-08T23:30:00+00:00,SeasonType.REGULAR,6,Arkansas State,South Alabama,99,98.0,-53.57011036463219,-51.56022168162824,54.6,45.4,Arkansas State,higher_spi_home_field_adjusted,South Alabama,Arkansas State,higher_spi,higher_spi_home_field_adjusted,47.9,52.1,54.6,45.4,0.067059,False,
2026-10-08T23:30:00+00:00,SeasonType.REGULAR,6,UTSA,South Florida,58,18.0,-6.257847302808016,32.89367641615324,19.9,80.1,South Florida,higher_spi_home_field_adjusted,South Florida,South Florida,higher_spi,higher_spi_home_field_adjusted,15.9,84.1,19.9,80.1,0.067059,False,
2026-10-09T23:00:00+00:00,SeasonType.REGULAR,6,Louisville,Florida State,73,75.0,-21.34753594864136,-23.09594671818552,58.5,41.5,Louisville,higher_spi_home_field_adjusted,Louisville,Louisville,higher_spi,higher_spi_home_field_adjusted,51.9,48.1,58.5,41.5,0.067059,False,
2026-10-10T01:00:00+00:00,SeasonType.REGULAR,6,San José State,Wyoming,107,118.0,-66.0827908652249,-84.92382961937605,74.5,25.5,San José State,higher_spi_home_field_adjusted,San José State,San José State,higher_spi,higher_spi_home_field_adjusted,69.0,31.0,74.5,25.5,0.067059,False,
2026-10-10T01:00:00+00:00,SeasonType.REGULAR,6,Utah State,Washington State,114,127.0,-78.74152315576367,-101.03180964150266,77.2,22.8,Utah State,higher_spi_home_field_adjusted,Utah State,Utah State,higher_spi,higher_spi_home_field_adjusted,72.1,27.9,77.2,22.8,0.067059,False,
2026-10-10T01:00:00+00:00,SeasonType.REGULAR,6,Washington,Iowa,65,14.0,-10.812616130926894,40.66065727472878,12.8,87.2,Iowa,higher_spi_home_field_adjusted,Iowa,Iowa,higher_spi,higher_spi_home_field_adjusted,10.1,89.9,12.8,87.2,0.067059,False,
2026-10-10T02:15:00+00:00,SeasonType.REGULAR,6,BYU,Iowa State,19,70.0,32.8301362841072,-18.20529408103497,92.0,8.0,BYU,higher_spi_home_field_adjusted,BYU,BYU,higher_spi,higher_spi_home_field_adjusted,89.7,10.3,92.0,8.0,0.067059,False,
2026-10-10T04:00:00+00:00,SeasonType.REGULAR,6,Alabama,Georgia,5,9.0,60.07242827235314,50.53329026799626,66.3,33.7,Alabama,higher_spi_home_field_adjusted,Alabama,Alabama,higher_spi,higher_spi_home_field_adjusted,60.0,40.0,66.3,33.7,0.067059,False,NIGHT: 6 - 8pm ET start
2026-10-10T04:00:00+00:00,SeasonType.REGULAR,6,App State,Old Dominion,66,123.0,-12.51753516270498,-95.94953653466776,97.8,2.2,App State,higher_spi_home_field_adjusted,App State,App State,higher_spi,higher_spi_home_field_adjusted,97.2,2.8,97.8,2.2,0.067059,False,
2026-10-10T04:00:00+00:00,SeasonType.REGULAR,6,Arizona State,Hawai'i,79,121.0,-27.895850785211945,-90.68950671224998,95.0,5.0,Arizona State,higher_spi_home_field_adjusted,Arizona State,Arizona State,higher_spi,higher_spi_home_field_adjusted,93.5,6.5,95.0,5.0,0.067059,False,
2026-10-10T04:00:00+00:00,SeasonType.REGULAR,6,Arkansas,Tennessee,62,31.0,-8.823785693194747,19.33367015797993,28.4,71.6,Tennessee,higher_spi_home_field_adjusted,Tennessee,Tennessee,higher_spi,higher_spi_home_field_adjusted,23.2,76.8,28.4,71.6,0.067059,False,FLEX: 3:30 - 4:30pm OR 6 - 8pm ET start
2026-10-10T04:00:00+00:00,SeasonType.REGULAR,6,Bowling Green,Sacramento State,135,138.0,-139.3971970265164,-152.25328056088165,69.3,30.7,Bowling Green,higher_spi_home_field_adjusted,Bowling Green,Bowling Green,higher_spi,higher_spi_home_field_adjusted,63.3,36.7,69.3,30.7,0.067059,False,
2026-10-10T04:00:00+00:00,SeasonType.REGULAR,6,California,Virginia Tech,81,25.0,-28.541400906597246,27.56585125719281,10.8,89.2,Virginia Tech,higher_spi_home_field_adjusted,Virginia Tech,Virginia Tech,higher_spi,higher_spi_home_field_adjusted,8.4,91.6,10.8,89.2,0.067059,False,
2026-10-10T04:00:00+00:00,SeasonType.REGULAR,6,East Carolina,Rice,94,128.0,-45.67454572065938,-101.6510647651651,93.4,6.6,East Carolina,higher_spi_home_field_adjusted,East Carolina,East Carolina,higher_spi,higher_spi_home_field_adjusted,91.5,8.5,93.4,6.6,0.067059,False,
2026-10-10T04:00:00+00:00,SeasonType.REGULAR,6,Florida,South Carolina,1,59.0,84.25893804826792,-7.419199874690628,98.5,1.5,Florida,higher_spi_home_field_adjusted,Florida,Florida,higher_spi,higher_spi_home_field_adjusted,98.0,2.0,98.5,1.5,0.067059,False,EARLY: Noon - 1pm ET start
2026-10-10T04:00:00+00:00,SeasonType.REGULAR,6,Georgia Southern,James Madison,113,24.0,-75.79303617883433,28.74066045389936,1.5,98.5,James Madison,higher_spi_home_field_adjusted,James Madison,James Madison,higher_spi,higher_spi_home_field_adjusted,1.2,98.8,1.5,98.5,0.067059,False,
2026-10-10T04:00:00+00:00,SeasonType.REGULAR,6,Georgia Tech,Duke,126,10.0,-100.85298300531848,48.930270534957046,0.2,99.8,Duke,higher_spi_home_field_adjusted,Duke,Duke,higher_spi,higher_spi_home_field_adjusted,0.2,99.8,0.2,99.8,0.067059,False,
2026-10-10T04:00:00+00:00,SeasonType.REGULAR,6,Kansas State,Houston,34,28.0,11.891411003341323,22.72333731897136,45.3,54.7,Houston,higher_spi_home_field_adjusted,Houston,Houston,higher_spi,higher_spi_home_field_adjusted,38.7,61.3,45.3,54.7,0.067059,False,
2026-10-10T04:00:00+00:00,SeasonType.REGULAR,6,Kentucky,LSU,40,17.0,5.580222129439704,33.369065871362125,28.7,71.3,LSU,higher_spi_home_field_adjusted,LSU,LSU,higher_spi,higher_spi_home_field_adjusted,23.5,76.5,28.7,71.3,0.067059,False,NIGHT: 6 - 8pm ET start
2026-10-10T04:00:00+00:00,SeasonType.REGULAR,6,Louisiana Tech,Louisiana,84,37.0,-31.16257198096256,9.348650666523325,19.0,81.0,Louisiana,higher_spi_home_field_adjusted,Louisiana,Louisiana,higher_spi,higher_spi_home_field_adjusted,15.2,84.8,19.0,81.0,0.067059,False,
2026-10-10T04:00:00+00:00,SeasonType.REGULAR,6,Marshall,Coastal Carolina,86,129.0,-34.13401662196794,-103.73404235457302,96.2,3.8,Marshall,higher_spi_home_field_adjusted,Marshall,Marshall,higher_spi,higher_spi_home_field_adjusted,95.1,4.9,96.2,3.8,0.067059,False,
2026-10-10T04:00:00+00:00,SeasonType.REGULAR,6,Massachusetts,Miami (OH),32,82.0,14.929514791847517,-29.35296681546401,89.6,10.4,Massachusetts,higher_spi_home_field_adjusted,Massachusetts,Massachusetts,higher_spi,higher_spi_home_field_adjusted,86.8,13.2,89.6,10.4,0.067059,False,
2026-10-10T04:00:00+00:00,SeasonType.REGULAR,6,Memphis,UAB,57,111.0,-5.629707303972074,-73.21848514919492,95.9,4.1,Memphis,higher_spi_home_field_adjusted,Memphis,Memphis,higher_spi,higher_spi_home_field_adjusted,94.6,5.4,95.9,4.1,0.067059,False,
2026-10-10T04:00:00+00:00,SeasonType.REGULAR,6,Michigan State,Illinois,83,54.0,-29.645881395377277,-3.3067912608318184,30.0,70.0,Illinois,higher_spi_home_field_adjusted,Illinois,Illinois,higher_spi,higher_spi_home_field_adjusted,24.6,75.4,30.0,70.0,0.067059,False,
2026-10-10T04:00:00+00:00,SeasonType.REGULAR,6,Missouri,Texas A&M,39,60.0,7.77905955744444,-7.939598028385985,71.9,28.1,Missouri,higher_spi_home_field_adjusted,Missouri,Missouri,higher_spi,higher_spi_home_field_adjusted,66.1,33.9,71.9,28.1,0.067059,False,EARLY: Noon - 1pm ET start
2026-10-10T04:00:00+00:00,SeasonType.REGULAR,6,NC State,Wake Forest,76,44.0,-25.63979689527287,3.030416989637068,27.9,72.1,Wake Forest,higher_spi_home_field_adjusted,Wake Forest,Wake Forest,higher_spi,higher_spi_home_field_adjusted,22.8,77.2,27.9,72.1,0.067059,False,
2026-10-10T04:00:00+00:00,SeasonType.REGULAR,6,Nebraska,Indiana,21,6.0,29.626311639196256,57.981227069019205,28.2,71.8,Indiana,higher_spi_home_field_adjusted,Indiana,Indiana,higher_spi,higher_spi_home_field_adjusted,23.1,76.9,28.2,71.8,0.067059,False,
2026-10-10T04:00:00+00:00,SeasonType.REGULAR,6,North Texas,Charlotte,74,137.0,-22.47267441374133,-143.4665418171124,99.6,0.4,North Texas,higher_spi_home_field_adjusted,North Texas,North Texas,higher_spi,higher_spi_home_field_adjusted,99.4,0.6,99.6,0.4,0.067059,False,
2026-10-10T04:00:00+00:00,SeasonType.REGULAR,6,Northwestern,Ball State,41,124.0,4.41713117055455,-99.45636081454596,99.1,0.9,Northwestern,higher_spi_home_field_adjusted,Northwestern,Northwestern,higher_spi,higher_spi_home_field_adjusted,98.8,1.2,99.1,0.9,0.067059,False,
2026-10-10T04:00:00+00:00,SeasonType.REGULAR,6,Ohio,Central Michigan,90,96.0,-41.27473936449148,-46.37958707551686,61.9,38.1,Ohio,higher_spi_home_field_adjusted,Ohio,Ohio,higher_spi,higher_spi_home_field_adjusted,55.4,44.6,61.9,38.1,0.067059,False,
2026-10-10T04:00:00+00:00,SeasonType.REGULAR,6,Ohio State,Maryland,23,63.0,28.785396111926165,-9.552185437874316,87.0,13.0,Ohio State,higher_spi_home_field_adjusted,Ohio State,Ohio State,higher_spi,higher_spi_home_field_adjusted,83.6,16.4,87.0,13.0,0.067059,False,
2026-10-10T04:00:00+00:00,SeasonType.REGULAR,6,Oklahoma State,UCF,33,29.0,13.017382345492068,21.86515600690005,47.3,52.7,UCF,higher_spi_home_field_adjusted,UCF,UCF,higher_spi,higher_spi_home_field_adjusted,40.7,59.3,47.3,52.7,0.067059,False,
2026-10-10T04:00:00+00:00,SeasonType.REGULAR,6,Oregon,UCLA,26,13.0,24.751906145553757,41.68698577892728,38.9,61.1,UCLA,higher_spi_home_field_adjusted,UCLA,UCLA,higher_spi,higher_spi_home_field_adjusted,32.7,67.3,38.9,61.1,0.067059,False,
2026-10-10T04:00:00+00:00,SeasonType.REGULAR,6,Penn State,USC,43,27.0,3.632578535998636,23.230044321294503,36.3,63.7,USC,higher_spi_home_field_adjusted,USC,USC,higher_spi,higher_spi_home_field_adjusted,30.3,69.7,36.3,63.7,0.067059,False,
2026-10-10T04:00:00+00:00,SeasonType.REGULAR,6,Pittsburgh,North Carolina,8,52.0,52.1544775181164,-2.6646480021306216,93.1,6.9,Pittsburgh,higher_spi_home_field_adjusted,Pittsburgh,Pittsburgh,higher_spi,higher_spi_home_field_adjusted,91.1,8.9,93.1,6.9,0.067059,False,
2026-10-10T04:00:00+00:00,SeasonType.REGULAR,6,Purdue,Minnesota,105,36.0,-63.001468796857,9.436542166979756,5.7,94.3,Minnesota,higher_spi_home_field_adjusted,Minnesota,Minnesota,higher_spi,higher_spi_home_field_adjusted,4.4,95.6,5.7,94.3,0.067059,False,
2026-10-10T04:00:00+00:00,SeasonType.REGULAR,6,Temple,UConn,122,103.0,-93.66176366335064,-59.577959207375386,23.5,76.5,UConn,higher_spi_home_field_adjusted,UConn,UConn,higher_spi,higher_spi_home_field_adjusted,19.0,81.0,23.5,76.5,0.067059,False,
2026-10-10T04:00:00+00:00,SeasonType.REGULAR,6,Toledo,Buffalo,72,112.0,-20.999431647193084,-74.76605342343892,92.8,7.2,Toledo,higher_spi_home_field_adjusted,Toledo,Toledo,higher_spi,higher_spi_home_field_adjusted,90.8,9.2,92.8,7.2,0.067059,False,
2026-10-10T04:00:00+00:00,SeasonType.REGULAR,6,UTEP,Nevada,132,130.0,-110.71371117012885,-108.97906827876118,54.9,45.1,UTEP,higher_spi_home_field_adjusted,Nevada,UTEP,higher_spi,higher_spi_home_field_adjusted,48.2,51.8,54.9,45.1,0.067059,False,
2026-10-10T04:00:00+00:00,SeasonType.REGULAR,6,Utah,Kansas,12,97.0,44.10245271899543,-49.98260209007005,98.6,1.4,Utah,higher_spi_home_field_adjusted,Utah,Utah,higher_spi,higher_spi_home_field_adjusted,98.2,1.8,98.6,1.4,0.067059,False,
2026-10-10T04:00:00+00:00,SeasonType.REGULAR,6,Vanderbilt,Ole Miss,64,11.0,-10.298190943626242,46.032955986199255,10.7,89.3,Ole Miss,higher_spi_home_field_adjusted,Ole Miss,Ole Miss,higher_spi,higher_spi_home_field_adjusted,8.4,91.6,10.7,89.3,0.067059,False,FLEX: 3:30 - 4:30pm OR 6 - 8pm ET start
2026-10-10T04:00:00+00:00,SeasonType.REGULAR,6,Virginia,Syracuse,48,87.0,0.672730505369773,-36.89087783825059,86.6,13.4,Virginia,higher_spi_home_field_adjusted,Virginia,Virginia,higher_spi,higher_spi_home_field_adjusted,83.2,16.8,86.6,13.4,0.067059,False,
2026-10-10T04:00:00+00:00,SeasonType.REGULAR,6,West Virginia,Arizona,30,46.0,19.652939151682844,2.936111386274308,72.7,27.3,West Virginia,higher_spi_home_field_adjusted,West Virginia,West Virginia,higher_spi,higher_spi_home_field_adjusted,67.1,32.9,72.7,27.3,0.067059,False,
2026-10-10T04:00:00+00:00,SeasonType.REGULAR,6,Western Michigan,Kent State,100,110.0,-56.223237229469255,-71.35025624968654,71.4,28.6,Western Michigan,higher_spi_home_field_adjusted,Western Michigan,Western Michigan,higher_spi,higher_spi_home_field_adjusted,65.5,34.5,71.4,28.6,0.067059,False,
2026-10-10T16:00:00+00:00,SeasonType.REGULAR,6,Army,Tulane,51,85.0,-1.6417928398596875,-34.104596315880855,83.9,16.1,Army,higher_spi_home_field_adjusted,Army,Army,higher_spi,higher_spi_home_field_adjusted,79.9,20.1,83.9,16.1,0.067059,False,
2026-10-10T19:30:00+00:00,SeasonType.REGULAR,6,Akron,Eastern Michigan,115,125.0,-79.88634687205882,-100.7196066060089,76.0,24.0,Akron,higher_spi_home_field_adjusted,Akron,Akron,higher_spi,higher_spi_home_field_adjusted,70.8,29.2,76.0,24.0,0.067059,False,
2026-10-10T19:30:00+00:00,SeasonType.REGULAR,6,Navy,Tulsa,91,49.0,-41.74700877311261,-0.6645979105632058,18.6,81.4,Tulsa,higher_spi_home_field_adjusted,Tulsa,Tulsa,higher_spi,higher_spi_home_field_adjusted,14.9,85.1,18.6,81.4,0.067059,False,
2026-10-10T19:30:00+00:00,SeasonType.REGULAR,6,Notre Dame,Stanford,7,88.0,56.244554725907605,-39.140553141242826,98.7,1.3,Notre Dame,higher_spi_home_field_adjusted,Notre Dame,Notre Dame,higher_spi,higher_spi_home_field_adjusted,98.3,1.7,98.7,1.3,0.067059,False,
2026-10-10T19:30:00+00:00,SeasonType.REGULAR,6,Oklahoma,Texas,67,2.0,-13.505514657889856,73.32213908520924,2.4,97.6,Texas,higher_spi_home_field_adjusted,Texas,Texas,higher_spi,higher_spi_home_field_adjusted,2.4,97.6,2.4,97.6,0.067059,True,
2026-10-10T22:00:00+00:00,SeasonType.REGULAR,6,Oregon State,San Diego State,71,116.0,-20.993280617469523,-80.9766403290891,94.4,5.6,Oregon State,higher_spi_home_field_adjusted,Oregon State,Oregon State,higher_spi,higher_spi_home_field_adjusted,92.8,7.2,94.4,5.6,0.067059,False,
2026-10-10T23:00:00+00:00,SeasonType.REGULAR,6,UNLV,North Dakota State,101,22.0,-58.69849515674619,29.41778694424681,3.0,97.0,North Dakota State,higher_spi_home_field_adjusted,North Dakota State,North Dakota State,higher_spi,higher_spi_home_field_adjusted,2.3,97.7,3.0,97.0,0.067059,False,
2026-10-10T23:30:00+00:00,SeasonType.REGULAR,6,Northern Illinois,Air Force,136,69.0,-142.1331842297399,-17.32667297944403,0.6,99.4,Air Force,higher_spi_home_field_adjusted,Air Force,Air Force,higher_spi,higher_spi_home_field_adjusted,0.5,99.5,0.6,99.4,0.067059,False,
2026-10-11T02:30:00+00:00,SeasonType.REGULAR,6,Fresno State,Boise State,56,42.0,-5.319169628179735,3.659342307423129,47.2,52.8,Boise State,higher_spi_home_field_adjusted,Boise State,Boise State,higher_spi,higher_spi_home_field_adjusted,40.6,59.4,47.2,52.8,0.067059,False,
2026-10-13T23:00:00+00:00,SeasonType.REGULAR,7,Middle Tennessee,Delaware,109,93.0,-70.8417430077002,-43.98273814775206,29.5,70.5,Delaware,higher_spi_home_field_adjusted,Delaware,Delaware,higher_spi,higher_spi_home_field_adjusted,24.2,75.8,29.5,70.5,0.067059,False,
2026-10-14T00:00:00+00:00,SeasonType.REGULAR,7,Jacksonville State,Florida International,104,92.0,-59.6844141991548,-42.40674401698138,38.6,61.4,Florida International,higher_spi_home_field_adjusted,Florida International,Florida International,higher_spi,higher_spi_home_field_adjusted,32.4,67.6,38.6,61.4,0.067059,False,
2026-10-14T23:30:00+00:00,SeasonType.REGULAR,7,Missouri State,Kennesaw State,131,119.0,-110.52309920786188,-85.47252759658261,31.1,68.9,Kennesaw State,higher_spi_home_field_adjusted,Kennesaw State,Kennesaw State,higher_spi,higher_spi_home_field_adjusted,25.6,74.4,31.1,68.9,0.067059,False,
2026-10-15T00:00:00+00:00,SeasonType.REGULAR,7,Sam Houston,Western Kentucky,108,102.0,-66.75023859452794,-58.76311017715135,48.3,51.7,Western Kentucky,higher_spi_home_field_adjusted,Western Kentucky,Western Kentucky,higher_spi,higher_spi_home_field_adjusted,41.6,58.4,48.3,51.7,0.067059,False,
2026-10-15T23:30:00+00:00,SeasonType.REGULAR,7,Old Dominion,Georgia Southern,123,113.0,-95.94953653466776,-75.79303617883433,35.7,64.3,Georgia Southern,higher_spi_home_field_adjusted,Georgia Southern,Georgia Southern,higher_spi,higher_spi_home_field_adjusted,29.8,70.2,35.7,64.3,0.067059,False,
2026-10-15T23:30:00+00:00,SeasonType.REGULAR,7,UAB,East Carolina,111,94.0,-73.21848514919492,-45.67454572065938,28.9,71.1,East Carolina,higher_spi_home_field_adjusted,East Carolina,East Carolina,higher_spi,higher_spi_home_field_adjusted,23.7,76.3,28.9,71.1,0.067059,False,
2026-10-16T00:00:00+00:00,SeasonType.REGULAR,7,Texas State,Colorado State,77,78.0,-26.05432501523135,-26.841133962275148,57.5,42.5,Texas State,higher_spi_home_field_adjusted,Texas State,Texas State,higher_spi,higher_spi_home_field_adjusted,50.8,49.2,57.5,42.5,0.067059,False,
2026-10-16T23:30:00+00:00,SeasonType.REGULAR,7,Tulane,Memphis,85,57.0,-34.104596315880855,-5.629707303972074,28.1,71.9,Memphis,higher_spi_home_field_adjusted,Memphis,Memphis,higher_spi,higher_spi_home_field_adjusted,23.0,77.0,28.1,71.9,0.067059,False,
2026-10-17T00:00:00+00:00,SeasonType.REGULAR,7,Coastal Carolina,App State,129,66.0,-103.73404235457302,-12.51753516270498,2.6,97.4,App State,higher_spi_home_field_adjusted,App State,App State,higher_spi,higher_spi_home_field_adjusted,2.0,98.0,2.6,97.4,0.067059,False,
2026-10-17T00:00:00+00:00,SeasonType.REGULAR,7,Purdue,Washington,105,65.0,-63.001468796857,-10.812616130926894,12.5,87.5,Washington,higher_spi_home_field_adjusted,Washington,Washington,higher_spi,higher_spi_home_field_adjusted,9.8,90.2,12.5,87.5,0.067059,False,
2026-10-17T04:00:00+00:00,SeasonType.REGULAR,7,BYU,Notre Dame,19,7.0,32.8301362841072,56.244554725907605,32.6,67.4,Notre Dame,higher_spi_home_field_adjusted,Notre Dame,Notre Dame,higher_spi,higher_spi_home_field_adjusted,27.0,73.0,32.6,67.4,0.067059,False,
2026-10-17T04:00:00+00:00,SeasonType.REGULAR,7,Baylor,TCU,47,80.0,2.067993582529437,-28.049571365404425,82.5,17.5,Baylor,higher_spi_home_field_adjusted,Baylor,Baylor,higher_spi,higher_spi_home_field_adjusted,78.2,21.8,82.5,17.5,0.067059,False,
2026-10-17T04:00:00+00:00,SeasonType.REGULAR,7,Boston College,Pittsburgh,89,8.0,-41.11246831858718,52.1544775181164,2.4,97.6,Pittsburgh,higher_spi_home_field_adjusted,Pittsburgh,Pittsburgh,higher_spi,higher_spi_home_field_adjusted,1.9,98.1,2.4,97.6,0.067059,False,
2026-10-17T04:00:00+00:00,SeasonType.REGULAR,7,Bowling Green,Ball State,135,124.0,-139.3971970265164,-99.45636081454596,19.3,80.7,Ball State,higher_spi_home_field_adjusted,Ball State,Ball State,higher_spi,higher_spi_home_field_adjusted,15.5,84.5,19.3,80.7,0.067059,False,
2026-10-17T04:00:00+00:00,SeasonType.REGULAR,7,Buffalo,Massachusetts,112,32.0,-74.76605342343892,14.929514791847517,2.8,97.2,Massachusetts,higher_spi_home_field_adjusted,Massachusetts,Massachusetts,higher_spi,higher_spi_home_field_adjusted,2.2,97.8,2.8,97.2,0.067059,False,
2026-10-17T04:00:00+00:00,SeasonType.REGULAR,7,California,Wake Forest,81,44.0,-28.541400906597246,3.030416989637068,25.5,74.5,Wake Forest,higher_spi_home_field_adjusted,Wake Forest,Wake Forest,higher_spi,higher_spi_home_field_adjusted,20.7,79.3,25.5,74.5,0.067059,False,
2026-10-17T04:00:00+00:00,SeasonType.REGULAR,7,Central Michigan,Western Michigan,96,100.0,-46.37958707551686,-56.223237229469255,66.6,33.4,Central Michigan,higher_spi_home_field_adjusted,Central Michigan,Central Michigan,higher_spi,higher_spi_home_field_adjusted,60.3,39.7,66.6,33.4,0.067059,False,
2026-10-17T04:00:00+00:00,SeasonType.REGULAR,7,Clemson,Charleston Southern,55,,-4.311729979207957,,100.0,0.0,Clemson,home_has_spi_only,Clemson,Clemson,home_has_spi_only,home_has_spi_only,100.0,0.0,100.0,0.0,0.067059,False,
2026-10-17T04:00:00+00:00,SeasonType.REGULAR,7,Colorado,Utah,95,12.0,-46.29639547728582,44.10245271899543,2.7,97.3,Utah,higher_spi_home_field_adjusted,Utah,Utah,higher_spi,higher_spi_home_field_adjusted,2.1,97.9,2.7,97.3,0.067059,False,
2026-10-17T04:00:00+00:00,SeasonType.REGULAR,7,Duke,North Carolina,10,52.0,48.930270534957046,-2.6646480021306216,92.1,7.9,Duke,higher_spi_home_field_adjusted,Duke,Duke,higher_spi,higher_spi_home_field_adjusted,90.0,10.0,92.1,7.9,0.067059,False,
2026-10-17T04:00:00+00:00,SeasonType.REGULAR,7,Eastern Michigan,Toledo,125,72.0,-100.7196066060089,-20.999431647193084,4.2,95.8,Toledo,higher_spi_home_field_adjusted,Toledo,Toledo,higher_spi,higher_spi_home_field_adjusted,3.3,96.7,4.2,95.8,0.067059,False,
2026-10-17T04:00:00+00:00,SeasonType.REGULAR,7,Georgia,Auburn,9,20.0,50.53329026799626,32.460904232272,73.8,26.2,Georgia,higher_spi_home_field_adjusted,Georgia,Georgia,higher_spi,higher_spi_home_field_adjusted,68.3,31.7,73.8,26.2,0.067059,False,AFTERNOON: 3:30 - 4:30pm ET start
2026-10-17T04:00:00+00:00,SeasonType.REGULAR,7,Hawai'i,New Mexico,121,61.0,-90.68950671224998,-7.954810475104862,3.7,96.3,New Mexico,higher_spi_home_field_adjusted,New Mexico,New Mexico,higher_spi,higher_spi_home_field_adjusted,2.9,97.1,3.7,96.3,0.067059,False,
2026-10-17T04:00:00+00:00,SeasonType.REGULAR,7,Houston,Oklahoma State,28,33.0,22.72333731897136,13.017382345492068,66.4,33.6,Houston,higher_spi_home_field_adjusted,Houston,Houston,higher_spi,higher_spi_home_field_adjusted,60.2,39.8,66.4,33.6,0.067059,False,
2026-10-17T04:00:00+00:00,SeasonType.REGULAR,7,Indiana,Ohio State,6,23.0,57.981227069019205,28.785396111926165,81.9,18.1,Indiana,higher_spi_home_field_adjusted,Indiana,Indiana,higher_spi,higher_spi_home_field_adjusted,77.6,22.4,81.9,18.1,0.067059,False,
2026-10-17T04:00:00+00:00,SeasonType.REGULAR,7,James Madison,Georgia State,24,35.0,28.74066045389936,10.797459724761213,73.7,26.3,James Madison,higher_spi_home_field_adjusted,James Madison,James Madison,higher_spi,higher_spi_home_field_adjusted,68.2,31.8,73.7,26.3,0.067059,False,
2026-10-17T04:00:00+00:00,SeasonType.REGULAR,7,Kansas State,Kansas,34,97.0,11.891411003341323,-49.98260209007005,94.8,5.2,Kansas State,higher_spi_home_field_adjusted,Kansas State,Kansas State,higher_spi,higher_spi_home_field_adjusted,93.3,6.7,94.8,5.2,0.067059,False,
2026-10-17T04:00:00+00:00,SeasonType.REGULAR,7,LSU,Mississippi State,17,4.0,33.369065871362125,61.28435952701964,28.6,71.4,Mississippi State,higher_spi_home_field_adjusted,Mississippi State,Mississippi State,higher_spi,higher_spi_home_field_adjusted,23.4,76.6,28.6,71.4,0.067059,False,EARLY: Noon - 1pm ET start
2026-10-17T04:00:00+00:00,SeasonType.REGULAR,7,Louisiana,Troy,37,106.0,9.348650666523325,-64.32002641072384,96.8,3.2,Louisiana,higher_spi_home_field_adjusted,Louisiana,Louisiana,higher_spi,higher_spi_home_field_adjusted,95.8,4.2,96.8,3.2,0.067059,False,
2026-10-17T04:00:00+00:00,SeasonType.REGULAR,7,Maryland,Rutgers,63,120.0,-9.552185437874316,-90.6473563250601,97.6,2.4,Maryland,higher_spi_home_field_adjusted,Maryland,Maryland,higher_spi,higher_spi_home_field_adjusted,96.9,3.1,97.6,2.4,0.067059,False,
2026-10-17T04:00:00+00:00,SeasonType.REGULAR,7,Miami,Florida State,3,75.0,63.778067523596334,-23.09594671818552,98.1,1.9,Miami,higher_spi_home_field_adjusted,Miami,Miami,higher_spi,higher_spi_home_field_adjusted,97.6,2.4,98.1,1.9,0.067059,False,
2026-10-17T04:00:00+00:00,SeasonType.REGULAR,7,Miami (OH),Akron,82,115.0,-29.35296681546401,-79.88634687205882,91.8,8.2,Miami (OH),higher_spi_home_field_adjusted,Miami (OH),Miami (OH),higher_spi,higher_spi_home_field_adjusted,89.5,10.5,91.8,8.2,0.067059,False,
2026-10-17T04:00:00+00:00,SeasonType.REGULAR,7,Michigan,Penn State,38,43.0,9.324205367002998,3.632578535998636,62.5,37.5,Michigan,higher_spi_home_field_adjusted,Michigan,Michigan,higher_spi,higher_spi_home_field_adjusted,56.0,44.0,62.5,37.5,0.067059,False,
2026-10-17T04:00:00+00:00,SeasonType.REGULAR,7,Michigan State,Northwestern,83,41.0,-29.645881395377277,4.41713117055455,23.5,76.5,Northwestern,higher_spi_home_field_adjusted,Northwestern,Northwestern,higher_spi,higher_spi_home_field_adjusted,19.0,81.0,23.5,76.5,0.067059,False,
2026-10-17T04:00:00+00:00,SeasonType.REGULAR,7,Oklahoma,Kentucky,67,40.0,-13.505514657889856,5.580222129439704,36.8,63.2,Kentucky,higher_spi_home_field_adjusted,Kentucky,Kentucky,higher_spi,higher_spi_home_field_adjusted,30.8,69.2,36.8,63.2,0.067059,False,FLEX: 3:30 - 4:30pm OR 6 - 8pm ET start
2026-10-17T04:00:00+00:00,SeasonType.REGULAR,7,Ole Miss,Missouri,11,39.0,46.032955986199255,7.77905955744444,86.9,13.1,Ole Miss,higher_spi_home_field_adjusted,Ole Miss,Ole Miss,higher_spi,higher_spi_home_field_adjusted,83.6,16.4,86.9,13.1,0.067059,False,AFTERNOON: 3:30 - 4:30pm ET start
2026-10-17T04:00:00+00:00,SeasonType.REGULAR,7,Oregon,Nebraska,26,21.0,24.751906145553757,29.626311639196256,51.6,48.4,Oregon,higher_spi_home_field_adjusted,Nebraska,Oregon,higher_spi,higher_spi_home_field_adjusted,44.8,55.2,51.6,48.4,0.067059,False,
2026-10-17T04:00:00+00:00,SeasonType.REGULAR,7,Rice,Tulsa,128,49.0,-101.6510647651651,-0.6645979105632058,1.8,98.2,Tulsa,higher_spi_home_field_adjusted,Tulsa,Tulsa,higher_spi,higher_spi_home_field_adjusted,1.3,98.7,1.8,98.2,0.067059,False,
2026-10-17T04:00:00+00:00,SeasonType.REGULAR,7,SMU,Virginia,53,48.0,-2.7804815470711604,0.672730505369773,53.1,46.9,SMU,higher_spi_home_field_adjusted,Virginia,SMU,higher_spi,higher_spi_home_field_adjusted,46.3,53.7,53.1,46.9,0.067059,False,
2026-10-17T04:00:00+00:00,SeasonType.REGULAR,7,Sacramento State,Ohio,138,90.0,-152.25328056088165,-41.27473936449148,1.2,98.8,Ohio,higher_spi_home_field_adjusted,Ohio,Ohio,higher_spi,higher_spi_home_field_adjusted,0.9,99.1,1.2,98.8,0.067059,False,
2026-10-17T04:00:00+00:00,SeasonType.REGULAR,7,South Florida,Kent State,18,110.0,32.89367641615324,-71.35025624968654,99.1,0.9,South Florida,higher_spi_home_field_adjusted,South Florida,South Florida,higher_spi,higher_spi_home_field_adjusted,98.8,1.2,99.1,0.9,0.067059,False,
2026-10-17T04:00:00+00:00,SeasonType.REGULAR,7,Southern Miss,Arkansas State,117,99.0,-84.8258569401698,-53.57011036463219,25.8,74.2,Arkansas State,higher_spi_home_field_adjusted,Arkansas State,Arkansas State,higher_spi,higher_spi_home_field_adjusted,20.9,79.1,25.8,74.2,0.067059,False,
2026-10-17T04:00:00+00:00,SeasonType.REGULAR,7,Syracuse,Louisville,87,73.0,-36.89087783825059,-21.34753594864136,40.4,59.6,Louisville,higher_spi_home_field_adjusted,Louisville,Louisville,higher_spi,higher_spi_home_field_adjusted,34.1,65.9,40.4,59.6,0.067059,False,
2026-10-17T04:00:00+00:00,SeasonType.REGULAR,7,Temple,Charlotte,122,137.0,-93.66176366335064,-143.4665418171124,91.6,8.4,Temple,higher_spi_home_field_adjusted,Temple,Temple,higher_spi,higher_spi_home_field_adjusted,89.3,10.7,91.6,8.4,0.067059,False,
2026-10-17T04:00:00+00:00,SeasonType.REGULAR,7,Tennessee,Alabama,31,5.0,19.33367015797993,60.07242827235314,18.8,81.2,Alabama,higher_spi_home_field_adjusted,Alabama,Alabama,higher_spi,higher_spi_home_field_adjusted,15.0,85.0,18.8,81.2,0.067059,False,FLEX: 3:30 - 4:30pm OR 6 - 8pm ET start
2026-10-17T04:00:00+00:00,SeasonType.REGULAR,7,Texas,Florida,2,1.0,73.32213908520924,84.25893804826792,45.1,54.9,Florida,higher_spi_home_field_adjusted,Florida,Florida,higher_spi,higher_spi_home_field_adjusted,38.6,61.4,45.1,54.9,0.067059,False,EARLY: Noon - 1pm ET start
2026-10-17T04:00:00+00:00,SeasonType.REGULAR,7,Texas Tech,Arizona State,16,79.0,36.312631406773,-27.895850785211945,95.3,4.7,Texas Tech,higher_spi_home_field_adjusted,Texas Tech,Texas Tech,higher_spi,higher_spi_home_field_adjusted,93.9,6.1,95.3,4.7,0.067059,False,
2026-10-17T04:00:00+00:00,SeasonType.REGULAR,7,UCLA,Wisconsin,13,45.0,41.68698577892728,2.951216933874618,87.2,12.8,UCLA,higher_spi_home_field_adjusted,UCLA,UCLA,higher_spi,higher_spi_home_field_adjusted,83.8,16.2,87.2,12.8,0.067059,False,
2026-10-17T04:00:00+00:00,SeasonType.REGULAR,7,UL Monroe,Louisiana Tech,133,84.0,-115.38613880083656,-31.16257198096256,3.5,96.5,Louisiana Tech,higher_spi_home_field_adjusted,Louisiana Tech,Louisiana Tech,higher_spi,higher_spi_home_field_adjusted,2.7,97.3,3.5,96.5,0.067059,False,
2026-10-17T04:00:00+00:00,SeasonType.REGULAR,7,UTSA,Navy,58,91.0,-6.257847302808016,-41.74700877311261,85.5,14.5,UTSA,higher_spi_home_field_adjusted,UTSA,UTSA,higher_spi,higher_spi_home_field_adjusted,81.9,18.1,85.5,14.5,0.067059,False,
2026-10-17T04:00:00+00:00,SeasonType.REGULAR,7,Vanderbilt,Arkansas,64,62.0,-10.298190943626242,-8.823785693194747,55.2,44.8,Vanderbilt,higher_spi_home_field_adjusted,Arkansas,Vanderbilt,higher_spi,higher_spi_home_field_adjusted,48.4,51.6,55.2,44.8,0.067059,False,FLEX: 3:30 - 4:30pm OR 6 - 8pm ET start
2026-10-17T04:00:00+00:00,SeasonType.REGULAR,7,Virginia Tech,Georgia Tech,25,126.0,27.56585125719281,-100.85298300531848,99.7,0.3,Virginia Tech,higher_spi_home_field_adjusted,Virginia Tech,Virginia Tech,higher_spi,higher_spi_home_field_adjusted,99.6,0.4,99.7,0.3,0.067059,False,
2026-10-17T04:00:00+00:00,SeasonType.REGULAR,7,West Virginia,Cincinnati,30,15.0,19.652939151682844,36.91812851269452,38.6,61.4,Cincinnati,higher_spi_home_field_adjusted,Cincinnati,Cincinnati,higher_spi,higher_spi_home_field_adjusted,32.4,67.6,38.6,61.4,0.067059,False,
2026-10-17T16:00:00+00:00,SeasonType.REGULAR,7,Army,Florida Atlantic,51,50.0,-1.6417928398596875,-1.6129524847395535,56.7,43.3,Army,higher_spi_home_field_adjusted,Florida Atlantic,Army,higher_spi,higher_spi_home_field_adjusted,50.0,50.0,56.7,43.3,0.067059,False,
2026-10-17T17:00:00+00:00,SeasonType.REGULAR,7,Texas A&M,The Citadel,60,,-7.939598028385985,,100.0,0.0,Texas A&M,home_has_spi_only,Texas A&M,Texas A&M,home_has_spi_only,home_has_spi_only,100.0,0.0,100.0,0.0,0.067059,False,
2026-10-17T19:30:00+00:00,SeasonType.REGULAR,7,Air Force,UNLV,69,101.0,-17.32667297944403,-58.69849515674619,88.4,11.6,Air Force,higher_spi_home_field_adjusted,Air Force,Air Force,higher_spi,higher_spi_home_field_adjusted,85.3,14.7,88.4,11.6,0.067059,False,
2026-10-17T19:30:00+00:00,SeasonType.REGULAR,7,Wyoming,Northern Illinois,118,136.0,-84.92382961937605,-142.1331842297399,93.7,6.3,Wyoming,higher_spi_home_field_adjusted,Wyoming,Wyoming,higher_spi,higher_spi_home_field_adjusted,91.9,8.1,93.7,6.3,0.067059,False,
2026-10-17T22:00:00+00:00,SeasonType.REGULAR,7,Oregon State,Washington State,71,127.0,-20.993280617469523,-101.03180964150266,97.5,2.5,Oregon State,higher_spi_home_field_adjusted,Oregon State,Oregon State,higher_spi,higher_spi_home_field_adjusted,96.8,3.2,97.5,2.5,0.067059,False,
2026-10-17T23:00:00+00:00,SeasonType.REGULAR,7,North Dakota State,Nevada,22,130.0,29.41778694424681,-108.97906827876118,99.8,0.2,North Dakota State,higher_spi_home_field_adjusted,North Dakota State,North Dakota State,higher_spi,higher_spi_home_field_adjusted,99.7,0.3,99.8,0.2,0.067059,False,
2026-10-17T23:30:00+00:00,SeasonType.REGULAR,7,Stanford,Elon,88,,-39.140553141242826,,100.0,0.0,Stanford,home_has_spi_only,Stanford,Stanford,home_has_spi_only,home_has_spi_only,100.0,0.0,100.0,0.0,0.067059,False,
2026-10-18T01:00:00+00:00,SeasonType.REGULAR,7,UTEP,San José State,132,107.0,-110.71371117012885,-66.0827908652249,16.4,83.6,San José State,higher_spi_home_field_adjusted,San José State,San José State,higher_spi,higher_spi_home_field_adjusted,13.0,87.0,16.4,83.6,0.067059,False,
2026-10-18T02:30:00+00:00,SeasonType.REGULAR,7,San Diego State,Fresno State,116,56.0,-80.9766403290891,-5.319169628179735,5.0,95.0,Fresno State,higher_spi_home_field_adjusted,Fresno State,Fresno State,higher_spi,higher_spi_home_field_adjusted,3.9,96.1,5.0,95.0,0.067059,False,
2026-10-20T23:00:00+00:00,SeasonType.REGULAR,8,Delaware,Missouri State,93,131.0,-43.98273814775206,-110.52309920786188,95.7,4.3,Delaware,higher_spi_home_field_adjusted,Delaware,Delaware,higher_spi,higher_spi_home_field_adjusted,94.4,5.6,95.7,4.3,0.067059,False,
2026-10-20T23:00:00+00:00,SeasonType.REGULAR,8,Florida International,Middle Tennessee,92,109.0,-42.40674401698138,-70.8417430077002,81.4,18.6,Florida International,higher_spi_home_field_adjusted,Florida International,Florida International,higher_spi,higher_spi_home_field_adjusted,77.0,23.0,81.4,18.6,0.067059,False,
2026-10-20T23:30:00+00:00,SeasonType.REGULAR,8,Marshall,South Alabama,86,98.0,-34.13401662196794,-51.56022168162824,73.3,26.7,Marshall,higher_spi_home_field_adjusted,Marshall,Marshall,higher_spi,higher_spi_home_field_adjusted,67.7,32.3,73.3,26.7,0.067059,False,
2026-10-22T00:00:00+00:00,SeasonType.REGULAR,8,Sam Houston,New Mexico State,108,134.0,-66.75023859452794,-118.6889243844558,92.3,7.7,Sam Houston,higher_spi_home_field_adjusted,Sam Houston,Sam Houston,higher_spi,higher_spi_home_field_adjusted,90.1,9.9,92.3,7.7,0.067059,False,
2026-10-22T23:00:00+00:00,SeasonType.REGULAR,8,App State,James Madison,66,24.0,-12.51753516270498,28.74066045389936,18.5,81.5,James Madison,higher_spi_home_field_adjusted,James Madison,James Madison,higher_spi,higher_spi_home_field_adjusted,14.8,85.2,18.5,81.5,0.067059,False,
2026-10-22T23:00:00+00:00,SeasonType.REGULAR,8,Kennesaw State,Liberty,119,68.0,-85.47252759658261,-14.081917263905265,5.9,94.1,Liberty,higher_spi_home_field_adjusted,Liberty,Liberty,higher_spi,higher_spi_home_field_adjusted,4.6,95.4,5.9,94.1,0.067059,False,
2026-10-22T23:30:00+00:00,SeasonType.REGULAR,8,Memphis,East Carolina,57,94.0,-5.629707303972074,-45.67454572065938,87.8,12.2,Memphis,higher_spi_home_field_adjusted,Memphis,Memphis,higher_spi,higher_spi_home_field_adjusted,84.6,15.4,87.8,12.2,0.067059,False,
2026-10-23T23:00:00+00:00,SeasonType.REGULAR,8,UConn,Massachusetts,103,32.0,-59.577959207375386,14.929514791847517,5.2,94.8,Massachusetts,higher_spi_home_field_adjusted,Massachusetts,Massachusetts,higher_spi,higher_spi_home_field_adjusted,4.0,96.0,5.2,94.8,0.067059,False,
2026-10-23T23:00:00+00:00,SeasonType.REGULAR,8,Virginia,Duke,48,10.0,0.672730505369773,48.930270534957046,14.4,85.6,Duke,higher_spi_home_field_adjusted,Duke,Duke,higher_spi,higher_spi_home_field_adjusted,11.4,88.6,14.4,85.6,0.067059,False,
2026-10-24T00:30:00+00:00,SeasonType.REGULAR,8,Tulsa,Army,49,51.0,-0.6645979105632058,-1.6417928398596875,57.7,42.3,Tulsa,higher_spi_home_field_adjusted,Tulsa,Tulsa,higher_spi,higher_spi_home_field_adjusted,51.0,49.0,57.7,42.3,0.067059,False,
2026-10-24T01:00:00+00:00,SeasonType.REGULAR,8,Wyoming,Air Force,118,69.0,-84.92382961937605,-17.32667297944403,6.9,93.1,Air Force,higher_spi_home_field_adjusted,Air Force,Air Force,higher_spi,higher_spi_home_field_adjusted,5.4,94.6,6.9,93.1,0.067059,False,
2026-10-24T02:30:00+00:00,SeasonType.REGULAR,8,Stanford,NC State,88,76.0,-39.140553141242826,-25.63979689527287,42.5,57.5,NC State,higher_spi_home_field_adjusted,NC State,NC State,higher_spi,higher_spi_home_field_adjusted,36.0,64.0,42.5,57.5,0.067059,False,
2026-10-24T04:00:00+00:00,SeasonType.REGULAR,8,Alabama,Texas A&M,5,60.0,60.07242827235314,-7.939598028385985,95.9,4.1,Alabama,higher_spi_home_field_adjusted,Alabama,Alabama,higher_spi,higher_spi_home_field_adjusted,94.7,5.3,95.9,4.1,0.067059,False,FLEX: 3:30 - 4:30pm OR 6 - 8pm ET start
2026-10-24T04:00:00+00:00,SeasonType.REGULAR,8,Arizona,Iowa State,46,70.0,2.936111386274308,-18.20529408103497,76.3,23.7,Arizona,higher_spi_home_field_adjusted,Arizona,Arizona,higher_spi,higher_spi_home_field_adjusted,71.1,28.9,76.3,23.7,0.067059,False,
2026-10-24T04:00:00+00:00,SeasonType.REGULAR,8,Arizona State,Kansas State,79,34.0,-27.895850785211945,11.891411003341323,19.4,80.6,Kansas State,higher_spi_home_field_adjusted,Kansas State,Kansas State,higher_spi,higher_spi_home_field_adjusted,15.6,84.4,19.4,80.6,0.067059,False,
2026-10-24T04:00:00+00:00,SeasonType.REGULAR,8,Ball State,Sacramento State,124,138.0,-99.45636081454596,-152.25328056088165,92.5,7.5,Ball State,higher_spi_home_field_adjusted,Ball State,Ball State,higher_spi,higher_spi_home_field_adjusted,90.4,9.6,92.5,7.5,0.067059,False,
2026-10-24T04:00:00+00:00,SeasonType.REGULAR,8,Buffalo,Bowling Green,112,135.0,-74.76605342343892,-139.3971970265164,95.3,4.7,Buffalo,higher_spi_home_field_adjusted,Buffalo,Buffalo,higher_spi,higher_spi_home_field_adjusted,94.0,6.0,95.3,4.7,0.067059,False,
2026-10-24T04:00:00+00:00,SeasonType.REGULAR,8,Central Michigan,Miami (OH),96,82.0,-46.37958707551686,-29.35296681546401,38.8,61.2,Miami (OH),higher_spi_home_field_adjusted,Miami (OH),Miami (OH),higher_spi,higher_spi_home_field_adjusted,32.7,67.3,38.8,61.2,0.067059,False,
2026-10-24T04:00:00+00:00,SeasonType.REGULAR,8,Cincinnati,Texas Tech,15,16.0,36.91812851269452,36.312631406773,57.3,42.7,Cincinnati,higher_spi_home_field_adjusted,Cincinnati,Cincinnati,higher_spi,higher_spi_home_field_adjusted,50.6,49.4,57.3,42.7,0.067059,False,
2026-10-24T04:00:00+00:00,SeasonType.REGULAR,8,Clemson,Virginia Tech,55,25.0,-4.311729979207957,27.56585125719281,25.3,74.7,Virginia Tech,higher_spi_home_field_adjusted,Virginia Tech,Virginia Tech,higher_spi,higher_spi_home_field_adjusted,20.5,79.5,25.3,74.7,0.067059,False,
2026-10-24T04:00:00+00:00,SeasonType.REGULAR,8,Florida Atlantic,Rice,50,128.0,-1.6129524847395535,-101.6510647651651,98.9,1.1,Florida Atlantic,higher_spi_home_field_adjusted,Florida Atlantic,Florida Atlantic,higher_spi,higher_spi_home_field_adjusted,98.6,1.4,98.9,1.1,0.067059,False,
2026-10-24T04:00:00+00:00,SeasonType.REGULAR,8,Georgia Tech,Boston College,126,89.0,-100.85298300531848,-41.11246831858718,9.4,90.6,Boston College,higher_spi_home_field_adjusted,Boston College,Boston College,higher_spi,higher_spi_home_field_adjusted,7.3,92.7,9.4,90.6,0.067059,False,
2026-10-24T04:00:00+00:00,SeasonType.REGULAR,8,Illinois,Oregon,54,26.0,-3.3067912608318184,24.751906145553757,28.4,71.6,Oregon,higher_spi_home_field_adjusted,Oregon,Oregon,higher_spi,higher_spi_home_field_adjusted,23.3,76.7,28.4,71.6,0.067059,False,
2026-10-24T04:00:00+00:00,SeasonType.REGULAR,8,Kansas,Baylor,97,47.0,-49.98260209007005,2.067993582529437,12.5,87.5,Baylor,higher_spi_home_field_adjusted,Baylor,Baylor,higher_spi,higher_spi_home_field_adjusted,9.9,90.1,12.5,87.5,0.067059,False,
2026-10-24T04:00:00+00:00,SeasonType.REGULAR,8,Kent State,Akron,110,115.0,-71.35025624968654,-79.88634687205882,65.3,34.7,Kent State,higher_spi_home_field_adjusted,Kent State,Kent State,higher_spi,higher_spi_home_field_adjusted,59.0,41.0,65.3,34.7,0.067059,False,
2026-10-24T04:00:00+00:00,SeasonType.REGULAR,8,Kentucky,Vanderbilt,40,64.0,5.580222129439704,-10.298190943626242,72.0,28.0,Kentucky,higher_spi_home_field_adjusted,Kentucky,Kentucky,higher_spi,higher_spi_home_field_adjusted,66.3,33.7,72.0,28.0,0.067059,False,NIGHT: 6 - 8pm ET start
2026-10-24T04:00:00+00:00,SeasonType.REGULAR,8,Louisiana Tech,Old Dominion,84,123.0,-31.16257198096256,-95.94953653466776,95.4,4.6,Louisiana Tech,higher_spi_home_field_adjusted,Louisiana Tech,Louisiana Tech,higher_spi,higher_spi_home_field_adjusted,94.0,6.0,95.4,4.6,0.067059,False,
2026-10-24T04:00:00+00:00,SeasonType.REGULAR,8,Miami,Pittsburgh,3,8.0,63.778067523596334,52.1544775181164,68.2,31.8,Miami,higher_spi_home_field_adjusted,Miami,Miami,higher_spi,higher_spi_home_field_adjusted,62.1,37.9,68.2,31.8,0.067059,False,
2026-10-24T04:00:00+00:00,SeasonType.REGULAR,8,Michigan,Indiana,38,6.0,9.324205367002998,57.981227069019205,14.2,85.8,Indiana,higher_spi_home_field_adjusted,Indiana,Indiana,higher_spi,higher_spi_home_field_adjusted,11.2,88.8,14.2,85.8,0.067059,False,
2026-10-24T04:00:00+00:00,SeasonType.REGULAR,8,Minnesota,Iowa,36,14.0,9.436542166979756,40.66065727472878,25.8,74.2,Iowa,higher_spi_home_field_adjusted,Iowa,Iowa,higher_spi,higher_spi_home_field_adjusted,21.0,79.0,25.8,74.2,0.067059,False,
2026-10-24T04:00:00+00:00,SeasonType.REGULAR,8,Mississippi State,Oklahoma,4,67.0,61.28435952701964,-13.505514657889856,96.9,3.1,Mississippi State,higher_spi_home_field_adjusted,Mississippi State,Mississippi State,higher_spi,higher_spi_home_field_adjusted,96.0,4.0,96.9,3.1,0.067059,False,FLEX: 3:30 - 4:30pm OR 6 - 8pm ET start
2026-10-24T04:00:00+00:00,SeasonType.REGULAR,8,North Carolina,Syracuse,52,87.0,-2.6646480021306216,-36.89087783825059,84.9,15.1,North Carolina,higher_spi_home_field_adjusted,North Carolina,North Carolina,higher_spi,higher_spi_home_field_adjusted,81.1,18.9,84.9,15.1,0.067059,False,
2026-10-24T04:00:00+00:00,SeasonType.REGULAR,8,Northern Illinois,Hawai'i,136,121.0,-142.1331842297399,-90.68950671224998,12.8,87.2,Hawai'i,higher_spi_home_field_adjusted,Hawai'i,Hawai'i,higher_spi,higher_spi_home_field_adjusted,10.1,89.9,12.8,87.2,0.067059,False,
2026-10-24T04:00:00+00:00,SeasonType.REGULAR,8,Northwestern,Rutgers,41,120.0,4.41713117055455,-90.6473563250601,98.7,1.3,Northwestern,higher_spi_home_field_adjusted,Northwestern,Northwestern,higher_spi,higher_spi_home_field_adjusted,98.3,1.7,98.7,1.3,0.067059,False,
2026-10-24T04:00:00+00:00,SeasonType.REGULAR,8,Ohio,Eastern Michigan,90,125.0,-41.27473936449148,-100.7196066060089,94.2,5.8,Ohio,higher_spi_home_field_adjusted,Ohio,Ohio,higher_spi,higher_spi_home_field_adjusted,92.6,7.4,94.2,5.8,0.067059,False,
2026-10-24T04:00:00+00:00,SeasonType.REGULAR,8,Oklahoma State,Colorado,33,95.0,13.017382345492068,-46.29639547728582,94.2,5.8,Oklahoma State,higher_spi_home_field_adjusted,Oklahoma State,Oklahoma State,higher_spi,higher_spi_home_field_adjusted,92.6,7.4,94.2,5.8,0.067059,False,
2026-10-24T04:00:00+00:00,SeasonType.REGULAR,8,SMU,California,53,81.0,-2.7804815470711604,-28.541400906597246,79.7,20.3,SMU,higher_spi_home_field_adjusted,SMU,SMU,higher_spi,higher_spi_home_field_adjusted,74.9,25.1,79.7,20.3,0.067059,False,
2026-10-24T04:00:00+00:00,SeasonType.REGULAR,8,South Carolina,Tennessee,59,31.0,-7.419199874690628,19.33367015797993,29.6,70.4,Tennessee,higher_spi_home_field_adjusted,Tennessee,Tennessee,higher_spi,higher_spi_home_field_adjusted,24.3,75.7,29.6,70.4,0.067059,False,AFTERNOON: 3:30 - 4:30pm ET start
2026-10-24T04:00:00+00:00,SeasonType.REGULAR,8,Southern Miss,Louisiana,117,37.0,-84.8258569401698,9.348650666523325,2.3,97.7,Louisiana,higher_spi_home_field_adjusted,Louisiana,Louisiana,higher_spi,higher_spi_home_field_adjusted,1.8,98.2,2.3,97.7,0.067059,False,
2026-10-24T04:00:00+00:00,SeasonType.REGULAR,8,TCU,West Virginia,80,30.0,-28.049571365404425,19.652939151682844,14.7,85.3,West Virginia,higher_spi_home_field_adjusted,West Virginia,West Virginia,higher_spi,higher_spi_home_field_adjusted,11.6,88.4,14.7,85.3,0.067059,False,
2026-10-24T04:00:00+00:00,SeasonType.REGULAR,8,Texas,Ole Miss,2,11.0,73.32213908520924,46.032955986199255,80.7,19.3,Texas,higher_spi_home_field_adjusted,Texas,Texas,higher_spi,higher_spi_home_field_adjusted,76.1,23.9,80.7,19.3,0.067059,False,FLEX: 3:30 - 4:30pm OR 6 - 8pm ET start
2026-10-24T04:00:00+00:00,SeasonType.REGULAR,8,Toledo,Western Michigan,72,100.0,-20.999431647193084,-56.223237229469255,85.4,14.6,Toledo,higher_spi_home_field_adjusted,Toledo,Toledo,higher_spi,higher_spi_home_field_adjusted,81.7,18.3,85.4,14.6,0.067059,False,
2026-10-24T04:00:00+00:00,SeasonType.REGULAR,8,Troy,UL Monroe,106,133.0,-64.32002641072384,-115.38613880083656,92.0,8.0,Troy,higher_spi_home_field_adjusted,Troy,Troy,higher_spi,higher_spi_home_field_adjusted,89.8,10.2,92.0,8.0,0.067059,False,
2026-10-24T04:00:00+00:00,SeasonType.REGULAR,8,Tulane,UTSA,85,58.0,-34.104596315880855,-6.257847302808016,28.6,71.4,UTSA,higher_spi_home_field_adjusted,UTSA,UTSA,higher_spi,higher_spi_home_field_adjusted,23.4,76.6,28.6,71.4,0.067059,False,
2026-10-24T04:00:00+00:00,SeasonType.REGULAR,8,UCF,BYU,29,19.0,21.86515600690005,32.8301362841072,45.1,54.9,BYU,higher_spi_home_field_adjusted,BYU,BYU,higher_spi,higher_spi_home_field_adjusted,38.6,61.4,45.1,54.9,0.067059,False,
2026-10-24T04:00:00+00:00,SeasonType.REGULAR,8,UCLA,Michigan State,13,83.0,41.68698577892728,-29.645881395377277,96.4,3.6,UCLA,higher_spi_home_field_adjusted,UCLA,UCLA,higher_spi,higher_spi_home_field_adjusted,95.4,4.6,96.4,3.6,0.067059,False,
2026-10-24T04:00:00+00:00,SeasonType.REGULAR,8,Utah,Houston,12,28.0,44.10245271899543,22.72333731897136,76.5,23.5,Utah,higher_spi_home_field_adjusted,Utah,Utah,higher_spi,higher_spi_home_field_adjusted,71.3,28.7,76.5,23.5,0.067059,False,
2026-10-24T04:00:00+00:00,SeasonType.REGULAR,8,Wisconsin,USC,45,27.0,2.951216933874618,23.230044321294503,35.6,64.4,USC,higher_spi_home_field_adjusted,USC,USC,higher_spi,higher_spi_home_field_adjusted,29.7,70.3,35.6,64.4,0.067059,False,
2026-10-24T16:00:00+00:00,SeasonType.REGULAR,8,Auburn,LSU,20,17.0,32.460904232272,33.369065871362125,55.8,44.2,Auburn,higher_spi_home_field_adjusted,LSU,Auburn,higher_spi,higher_spi_home_field_adjusted,49.0,51.0,55.8,44.2,0.067059,False,
2026-10-24T19:30:00+00:00,SeasonType.REGULAR,8,Navy,North Texas,91,74.0,-41.74700877311261,-22.47267441374133,36.6,63.4,North Texas,higher_spi_home_field_adjusted,North Texas,North Texas,higher_spi,higher_spi_home_field_adjusted,30.6,69.4,36.6,63.4,0.067059,False,
2026-10-24T21:00:00+00:00,SeasonType.REGULAR,8,Nevada,San José State,130,107.0,-108.97906827876118,-66.0827908652249,17.5,82.5,San José State,higher_spi_home_field_adjusted,San José State,San José State,higher_spi,higher_spi_home_field_adjusted,13.9,86.1,17.5,82.5,0.067059,False,
2026-10-24T22:00:00+00:00,SeasonType.REGULAR,8,Washington State,Boise State,127,42.0,-101.03180964150266,3.659342307423129,1.5,98.5,Boise State,higher_spi_home_field_adjusted,Boise State,Boise State,higher_spi,higher_spi_home_field_adjusted,1.2,98.8,1.5,98.5,0.067059,False,
2026-10-24T22:30:00+00:00,SeasonType.REGULAR,8,Colorado State,San Diego State,78,116.0,-26.841133962275148,-80.9766403290891,92.9,7.1,Colorado State,higher_spi_home_field_adjusted,Colorado State,Colorado State,higher_spi,higher_spi_home_field_adjusted,90.9,9.1,92.9,7.1,0.067059,False,
2026-10-24T23:00:00+00:00,SeasonType.REGULAR,8,Arkansas State,Georgia State,99,35.0,-53.57011036463219,10.797459724761213,7.8,92.2,Georgia State,higher_spi_home_field_adjusted,Georgia State,Georgia State,higher_spi,higher_spi_home_field_adjusted,6.1,93.9,7.8,92.2,0.067059,False,
2026-10-24T23:30:00+00:00,SeasonType.REGULAR,8,Texas State,Utah State,77,114.0,-26.05432501523135,-78.74152315576367,92.5,7.5,Texas State,higher_spi_home_field_adjusted,Texas State,Texas State,higher_spi,higher_spi_home_field_adjusted,90.4,9.6,92.5,7.5,0.067059,False,
2026-10-25T02:00:00+00:00,SeasonType.REGULAR,8,New Mexico,North Dakota State,61,22.0,-7.954810475104862,29.41778694424681,21.1,78.9,North Dakota State,higher_spi_home_field_adjusted,North Dakota State,North Dakota State,higher_spi,higher_spi_home_field_adjusted,17.0,83.0,21.1,78.9,0.067059,False,
2026-10-27T23:00:00+00:00,SeasonType.REGULAR,9,Western Kentucky,Delaware,102,93.0,-58.76311017715135,-43.98273814775206,41.1,58.9,Delaware,higher_spi_home_field_adjusted,Delaware,Delaware,higher_spi,higher_spi_home_field_adjusted,34.8,65.2,41.1,58.9,0.067059,False,
2026-10-28T00:00:00+00:00,SeasonType.REGULAR,9,Missouri State,Sam Houston,131,108.0,-110.52309920786188,-66.75023859452794,16.9,83.1,Sam Houston,higher_spi_home_field_adjusted,Sam Houston,Sam Houston,higher_spi,higher_spi_home_field_adjusted,13.5,86.5,16.9,83.1,0.067059,False,
2026-10-28T23:00:00+00:00,SeasonType.REGULAR,9,Middle Tennessee,Kennesaw State,109,119.0,-70.8417430077002,-85.47252759658261,70.9,29.1,Middle Tennessee,higher_spi_home_field_adjusted,Middle Tennessee,Middle Tennessee,higher_spi,higher_spi_home_field_adjusted,65.1,34.9,70.9,29.1,0.067059,False,
2026-10-29T00:00:00+00:00,SeasonType.REGULAR,9,New Mexico State,Jacksonville State,134,104.0,-118.6889243844558,-59.6844141991548,9.6,90.4,Jacksonville State,higher_spi_home_field_adjusted,Jacksonville State,Jacksonville State,higher_spi,higher_spi_home_field_adjusted,7.5,92.5,9.6,90.4,0.067059,False,
2026-10-29T23:30:00+00:00,SeasonType.REGULAR,9,James Madison,Troy,24,106.0,28.74066045389936,-64.32002641072384,98.6,1.4,James Madison,higher_spi_home_field_adjusted,James Madison,James Madison,higher_spi,higher_spi_home_field_adjusted,98.1,1.9,98.6,1.4,0.067059,False,
2026-10-29T23:30:00+00:00,SeasonType.REGULAR,9,North Texas,Florida Atlantic,74,50.0,-22.47267441374133,-1.6129524847395535,35.1,64.9,Florida Atlantic,higher_spi_home_field_adjusted,Florida Atlantic,Florida Atlantic,higher_spi,higher_spi_home_field_adjusted,29.2,70.8,35.1,64.9,0.067059,False,
2026-10-30T23:00:00+00:00,SeasonType.REGULAR,9,Charlotte,Tulane,137,85.0,-143.4665418171124,-34.104596315880855,1.2,98.8,Tulane,higher_spi_home_field_adjusted,Tulane,Tulane,higher_spi,higher_spi_home_field_adjusted,0.9,99.1,1.2,98.8,0.067059,False,
2026-10-30T23:30:00+00:00,SeasonType.REGULAR,9,UCF,Baylor,29,47.0,21.86515600690005,2.067993582529437,75.2,24.8,UCF,higher_spi_home_field_adjusted,UCF,UCF,higher_spi,higher_spi_home_field_adjusted,69.9,30.1,75.2,24.8,0.067059,False,
2026-10-31T02:30:00+00:00,SeasonType.REGULAR,9,Sacramento State,Kent State,138,110.0,-152.25328056088165,-71.35025624968654,4.0,96.0,Kent State,higher_spi_home_field_adjusted,Kent State,Kent State,higher_spi,higher_spi_home_field_adjusted,3.1,96.9,4.0,96.0,0.067059,False,
2026-10-31T04:00:00+00:00,SeasonType.REGULAR,9,Arkansas,Missouri,62,39.0,-8.823785693194747,7.77905955744444,39.3,60.7,Missouri,higher_spi_home_field_adjusted,Missouri,Missouri,higher_spi,higher_spi_home_field_adjusted,33.1,66.9,39.3,60.7,0.067059,False,FLEX: 3:30 - 4:30pm OR 6 - 8pm ET start
2026-10-31T04:00:00+00:00,SeasonType.REGULAR,9,BYU,Arizona State,19,79.0,32.8301362841072,-27.895850785211945,94.5,5.5,BYU,higher_spi_home_field_adjusted,BYU,BYU,higher_spi,higher_spi_home_field_adjusted,93.0,7.0,94.5,5.5,0.067059,False,
2026-10-31T04:00:00+00:00,SeasonType.REGULAR,9,Cincinnati,Utah,15,12.0,36.91812851269452,44.10245271899543,49.1,50.9,Utah,higher_spi_home_field_adjusted,Utah,Utah,higher_spi,higher_spi_home_field_adjusted,42.4,57.6,49.1,50.9,0.067059,False,
2026-10-31T04:00:00+00:00,SeasonType.REGULAR,9,Colorado,Kansas State,95,34.0,-46.29639547728582,11.891411003341323,9.9,90.1,Kansas State,higher_spi_home_field_adjusted,Kansas State,Kansas State,higher_spi,higher_spi_home_field_adjusted,7.8,92.2,9.9,90.1,0.067059,False,
2026-10-31T04:00:00+00:00,SeasonType.REGULAR,9,Duke,Boston College,10,89.0,48.930270534957046,-41.11246831858718,98.4,1.6,Duke,higher_spi_home_field_adjusted,Duke,Duke,higher_spi,higher_spi_home_field_adjusted,97.9,2.1,98.4,1.6,0.067059,False,
2026-10-31T04:00:00+00:00,SeasonType.REGULAR,9,East Carolina,Temple,94,122.0,-45.67454572065938,-93.66176366335064,91.0,9.0,East Carolina,higher_spi_home_field_adjusted,East Carolina,East Carolina,higher_spi,higher_spi_home_field_adjusted,88.5,11.5,91.0,9.0,0.067059,False,
2026-10-31T04:00:00+00:00,SeasonType.REGULAR,9,Florida State,Clemson,75,55.0,-23.09594671818552,-4.311729979207957,37.1,62.9,Clemson,higher_spi_home_field_adjusted,Clemson,Clemson,higher_spi,higher_spi_home_field_adjusted,31.0,69.0,37.1,62.9,0.067059,False,
2026-10-31T04:00:00+00:00,SeasonType.REGULAR,9,Fresno State,Oregon State,56,71.0,-5.319169628179735,-20.993280617469523,71.8,28.2,Fresno State,higher_spi_home_field_adjusted,Fresno State,Fresno State,higher_spi,higher_spi_home_field_adjusted,66.1,33.9,71.8,28.2,0.067059,False,
2026-10-31T04:00:00+00:00,SeasonType.REGULAR,9,Georgia Southern,App State,113,66.0,-75.79303617883433,-12.51753516270498,8.2,91.8,App State,higher_spi_home_field_adjusted,App State,App State,higher_spi,higher_spi_home_field_adjusted,6.4,93.6,8.2,91.8,0.067059,False,
2026-10-31T04:00:00+00:00,SeasonType.REGULAR,9,Georgia State,Coastal Carolina,35,129.0,10.797459724761213,-103.73404235457302,99.4,0.6,Georgia State,higher_spi_home_field_adjusted,Georgia State,Georgia State,higher_spi,higher_spi_home_field_adjusted,99.2,0.8,99.4,0.6,0.067059,False,
2026-10-31T04:00:00+00:00,SeasonType.REGULAR,9,Indiana,Minnesota,6,36.0,57.981227069019205,9.436542166979756,91.2,8.8,Indiana,higher_spi_home_field_adjusted,Indiana,Indiana,higher_spi,higher_spi_home_field_adjusted,88.7,11.3,91.2,8.8,0.067059,False,
2026-10-31T04:00:00+00:00,SeasonType.REGULAR,9,Iowa,Wisconsin,14,45.0,40.66065727472878,2.951216933874618,86.7,13.3,Iowa,higher_spi_home_field_adjusted,Iowa,Iowa,higher_spi,higher_spi_home_field_adjusted,83.2,16.8,86.7,13.3,0.067059,False,
2026-10-31T04:00:00+00:00,SeasonType.REGULAR,9,Iowa State,Oklahoma State,70,33.0,-18.20529408103497,13.017382345492068,25.8,74.2,Oklahoma State,higher_spi_home_field_adjusted,Oklahoma State,Oklahoma State,higher_spi,higher_spi_home_field_adjusted,21.0,79.0,25.8,74.2,0.067059,False,
2026-10-31T04:00:00+00:00,SeasonType.REGULAR,9,Louisville,Stanford,73,88.0,-21.34753594864136,-39.140553141242826,73.6,26.4,Louisville,higher_spi_home_field_adjusted,Louisville,Louisville,higher_spi,higher_spi_home_field_adjusted,68.1,31.9,73.6,26.4,0.067059,False,
2026-10-31T04:00:00+00:00,SeasonType.REGULAR,9,Maryland,Illinois,63,54.0,-9.552185437874316,-3.3067912608318184,50.1,49.9,Maryland,higher_spi_home_field_adjusted,Illinois,Maryland,higher_spi,higher_spi_home_field_adjusted,43.4,56.6,50.1,49.9,0.067059,False,
2026-10-31T04:00:00+00:00,SeasonType.REGULAR,9,Memphis,Army,57,51.0,-5.629707303972074,-1.6417928398596875,52.5,47.5,Memphis,higher_spi_home_field_adjusted,Army,Memphis,higher_spi,higher_spi_home_field_adjusted,45.8,54.2,52.5,47.5,0.067059,False,
2026-10-31T04:00:00+00:00,SeasonType.REGULAR,9,NC State,California,76,81.0,-25.63979689527287,-28.541400906597246,59.7,40.3,NC State,higher_spi_home_field_adjusted,NC State,NC State,higher_spi,higher_spi_home_field_adjusted,53.1,46.9,59.7,40.3,0.067059,False,
2026-10-31T04:00:00+00:00,SeasonType.REGULAR,9,Nebraska,Washington,21,65.0,29.626311639196256,-10.812616130926894,88.0,12.0,Nebraska,higher_spi_home_field_adjusted,Nebraska,Nebraska,higher_spi,higher_spi_home_field_adjusted,84.8,15.2,88.0,12.0,0.067059,False,
2026-10-31T04:00:00+00:00,SeasonType.REGULAR,9,North Carolina,Miami,52,3.0,-2.6646480021306216,63.778067523596334,7.2,92.8,Miami,higher_spi_home_field_adjusted,Miami,Miami,higher_spi,higher_spi_home_field_adjusted,5.6,94.4,7.2,92.8,0.067059,False,
2026-10-31T04:00:00+00:00,SeasonType.REGULAR,9,Oklahoma,South Carolina,67,59.0,-13.505514657889856,-7.419199874690628,50.3,49.7,Oklahoma,higher_spi_home_field_adjusted,South Carolina,Oklahoma,higher_spi,higher_spi_home_field_adjusted,43.6,56.4,50.3,49.7,0.067059,False,FLEX: 3:30 - 4:30pm OR 6 - 8pm ET start
2026-10-31T04:00:00+00:00,SeasonType.REGULAR,9,Old Dominion,Marshall,123,86.0,-95.94953653466776,-34.13401662196794,8.6,91.4,Marshall,higher_spi_home_field_adjusted,Marshall,Marshall,higher_spi,higher_spi_home_field_adjusted,6.7,93.3,8.6,91.4,0.067059,False,
2026-10-31T04:00:00+00:00,SeasonType.REGULAR,9,Ole Miss,Auburn,11,20.0,46.032955986199255,32.460904232272,70.0,30.0,Ole Miss,higher_spi_home_field_adjusted,Ole Miss,Ole Miss,higher_spi,higher_spi_home_field_adjusted,64.0,36.0,70.0,30.0,0.067059,False,EARLY: Noon - 1pm ET start
2026-10-31T04:00:00+00:00,SeasonType.REGULAR,9,Oregon,Northwestern,26,41.0,24.751906145553757,4.41713117055455,75.7,24.3,Oregon,higher_spi_home_field_adjusted,Oregon,Oregon,higher_spi,higher_spi_home_field_adjusted,70.4,29.6,75.7,24.3,0.067059,False,
2026-10-31T04:00:00+00:00,SeasonType.REGULAR,9,Penn State,Purdue,43,105.0,3.632578535998636,-63.001468796857,95.7,4.3,Penn State,higher_spi_home_field_adjusted,Penn State,Penn State,higher_spi,higher_spi_home_field_adjusted,94.4,5.6,95.7,4.3,0.067059,False,
2026-10-31T04:00:00+00:00,SeasonType.REGULAR,9,Pittsburgh,Georgia Tech,8,126.0,52.1544775181164,-100.85298300531848,99.9,0.1,Pittsburgh,higher_spi_home_field_adjusted,Pittsburgh,Pittsburgh,higher_spi,higher_spi_home_field_adjusted,99.9,0.1,99.9,0.1,0.067059,False,
2026-10-31T04:00:00+00:00,SeasonType.REGULAR,9,Rutgers,Michigan,120,38.0,-90.6473563250601,9.324205367002998,1.8,98.2,Michigan,higher_spi_home_field_adjusted,Michigan,Michigan,higher_spi,higher_spi_home_field_adjusted,1.4,98.6,1.8,98.2,0.067059,False,
2026-10-31T04:00:00+00:00,SeasonType.REGULAR,9,San José State,New Mexico,107,61.0,-66.0827908652249,-7.954810475104862,10.0,90.0,New Mexico,higher_spi_home_field_adjusted,New Mexico,New Mexico,higher_spi,higher_spi_home_field_adjusted,7.8,92.2,10.0,90.0,0.067059,False,
2026-10-31T04:00:00+00:00,SeasonType.REGULAR,9,South Alabama,Louisiana Tech,98,84.0,-51.56022168162824,-31.16257198096256,35.5,64.5,Louisiana Tech,higher_spi_home_field_adjusted,Louisiana Tech,Louisiana Tech,higher_spi,higher_spi_home_field_adjusted,29.6,70.4,35.5,64.5,0.067059,False,
2026-10-31T04:00:00+00:00,SeasonType.REGULAR,9,South Florida,UAB,18,111.0,32.89367641615324,-73.21848514919492,99.2,0.8,South Florida,higher_spi_home_field_adjusted,South Florida,South Florida,higher_spi,higher_spi_home_field_adjusted,98.9,1.1,99.2,0.8,0.067059,False,
2026-10-31T04:00:00+00:00,SeasonType.REGULAR,9,Syracuse,SMU,87,53.0,-36.89087783825059,-2.7804815470711604,23.5,76.5,SMU,higher_spi_home_field_adjusted,SMU,SMU,higher_spi,higher_spi_home_field_adjusted,19.0,81.0,23.5,76.5,0.067059,False,
2026-10-31T04:00:00+00:00,SeasonType.REGULAR,9,TCU,Kansas,80,97.0,-28.049571365404425,-49.98260209007005,76.9,23.1,TCU,higher_spi_home_field_adjusted,TCU,TCU,higher_spi,higher_spi_home_field_adjusted,71.8,28.2,76.9,23.1,0.067059,False,
2026-10-31T04:00:00+00:00,SeasonType.REGULAR,9,Texas,Mississippi State,2,4.0,73.32213908520924,61.28435952701964,68.6,31.4,Texas,higher_spi_home_field_adjusted,Texas,Texas,higher_spi,higher_spi_home_field_adjusted,62.5,37.5,68.6,31.4,0.067059,False,NIGHT: 6 - 8pm ET start
2026-10-31T04:00:00+00:00,SeasonType.REGULAR,9,Texas Tech,Arizona,16,46.0,36.312631406773,2.936111386274308,84.4,15.6,Texas Tech,higher_spi_home_field_adjusted,Texas Tech,Texas Tech,higher_spi,higher_spi_home_field_adjusted,80.5,19.5,84.4,15.6,0.067059,False,
2026-10-31T04:00:00+00:00,SeasonType.REGULAR,9,UCLA,Nevada,13,130.0,41.68698577892728,-108.97906827876118,99.9,0.1,UCLA,higher_spi_home_field_adjusted,UCLA,UCLA,higher_spi,higher_spi_home_field_adjusted,99.8,0.2,99.9,0.1,0.067059,False,
2026-10-31T04:00:00+00:00,SeasonType.REGULAR,9,UL Monroe,Southern Miss,133,117.0,-115.38613880083656,-84.8258569401698,26.3,73.7,Southern Miss,higher_spi_home_field_adjusted,Southern Miss,Southern Miss,higher_spi,higher_spi_home_field_adjusted,21.4,78.6,26.3,73.7,0.067059,False,
2026-10-31T04:00:00+00:00,SeasonType.REGULAR,9,USC,Ohio State,27,23.0,23.230044321294503,28.785396111926165,50.8,49.2,USC,higher_spi_home_field_adjusted,Ohio State,USC,higher_spi,higher_spi_home_field_adjusted,44.1,55.9,50.8,49.2,0.067059,False,
2026-10-31T04:00:00+00:00,SeasonType.REGULAR,9,Wake Forest,Virginia,44,48.0,3.030416989637068,0.672730505369773,59.1,40.9,Wake Forest,higher_spi_home_field_adjusted,Wake Forest,Wake Forest,higher_spi,higher_spi_home_field_adjusted,52.5,47.5,59.1,40.9,0.067059,False,
2026-10-31T16:00:00+00:00,SeasonType.REGULAR,9,Navy,Notre Dame,91,7.0,-41.74700877311261,56.244554725907605,1.5,98.5,Notre Dame,higher_spi_home_field_adjusted,Notre Dame,Notre Dame,higher_spi,higher_spi_home_field_adjusted,1.5,98.5,1.5,98.5,0.067059,True,
2026-10-31T16:00:00+00:00,SeasonType.REGULAR,9,Western Michigan,Bowling Green,100,135.0,-56.223237229469255,-139.3971970265164,97.8,2.2,Western Michigan,higher_spi_home_field_adjusted,Western Michigan,Western Michigan,higher_spi,higher_spi_home_field_adjusted,97.2,2.8,97.8,2.2,0.067059,False,
2026-10-31T19:00:00+00:00,SeasonType.REGULAR,9,Air Force,UConn,69,103.0,-17.32667297944403,-59.577959207375386,88.8,11.2,Air Force,higher_spi_home_field_adjusted,Air Force,Air Force,higher_spi,higher_spi_home_field_adjusted,85.8,14.2,88.8,11.2,0.067059,False,
2026-10-31T19:30:00+00:00,SeasonType.REGULAR,9,Georgia,Florida,9,1.0,50.53329026799626,84.25893804826792,19.3,80.7,Florida,higher_spi_home_field_adjusted,Florida,Florida,higher_spi,higher_spi_home_field_adjusted,19.3,80.7,19.3,80.7,0.067059,True,
2026-10-31T19:30:00+00:00,SeasonType.REGULAR,9,Liberty,Florida International,68,92.0,-14.081917263905265,-42.40674401698138,81.4,18.6,Liberty,higher_spi_home_field_adjusted,Liberty,Liberty,higher_spi,higher_spi_home_field_adjusted,76.9,23.1,81.4,18.6,0.067059,False,
2026-10-31T19:30:00+00:00,SeasonType.REGULAR,9,North Dakota State,UTEP,22,132.0,29.41778694424681,-110.71371117012885,99.8,0.2,North Dakota State,higher_spi_home_field_adjusted,North Dakota State,North Dakota State,higher_spi,higher_spi_home_field_adjusted,99.7,0.3,99.8,0.2,0.067059,False,
2026-10-31T19:30:00+00:00,SeasonType.REGULAR,9,Utah State,Colorado State,114,78.0,-78.74152315576367,-26.841133962275148,12.6,87.4,Colorado State,higher_spi_home_field_adjusted,Colorado State,Colorado State,higher_spi,higher_spi_home_field_adjusted,9.9,90.1,12.6,87.4,0.067059,False,
2026-10-31T23:00:00+00:00,SeasonType.REGULAR,9,San Diego State,Washington State,116,127.0,-80.9766403290891,-101.03180964150266,75.4,24.6,San Diego State,higher_spi_home_field_adjusted,San Diego State,San Diego State,higher_spi,higher_spi_home_field_adjusted,70.1,29.9,75.4,24.6,0.067059,False,
2026-11-01T02:00:00+00:00,SeasonType.REGULAR,9,Boise State,Texas State,42,77.0,3.659342307423129,-26.05432501523135,82.2,17.8,Boise State,higher_spi_home_field_adjusted,Boise State,Boise State,higher_spi,higher_spi_home_field_adjusted,78.0,22.0,82.2,17.8,0.067059,False,
2026-11-01T02:30:00+00:00,SeasonType.REGULAR,9,UNLV,Northern Illinois,101,136.0,-58.69849515674619,-142.1331842297399,97.8,2.2,UNLV,higher_spi_home_field_adjusted,UNLV,UNLV,higher_spi,higher_spi_home_field_adjusted,97.2,2.8,97.8,2.2,0.067059,False,
2026-11-04T00:00:00+00:00,SeasonType.REGULAR,10,Akron,Ohio,115,90.0,-79.88634687205882,-41.27473936449148,20.2,79.8,Ohio,higher_spi_home_field_adjusted,Ohio,Ohio,higher_spi,higher_spi_home_field_adjusted,16.2,83.8,20.2,79.8,0.067059,False,
2026-11-04T00:00:00+00:00,SeasonType.REGULAR,10,Miami (OH),Buffalo,82,112.0,-29.35296681546401,-74.76605342343892,90.0,10.0,Miami (OH),higher_spi_home_field_adjusted,Miami (OH),Miami (OH),higher_spi,higher_spi_home_field_adjusted,87.3,12.7,90.0,10.0,0.067059,False,
2026-11-04T05:00:00+00:00,SeasonType.REGULAR,10,Eastern Michigan,Central Michigan,125,96.0,-100.7196066060089,-46.37958707551686,9.0,91.0,Central Michigan,higher_spi_home_field_adjusted,Central Michigan,Central Michigan,higher_spi,higher_spi_home_field_adjusted,9.0,91.0,9.0,91.0,0.067059,True,
2026-11-04T05:00:00+00:00,SeasonType.REGULAR,10,Massachusetts,Ball State,32,124.0,14.929514791847517,-99.45636081454596,99.4,0.6,Massachusetts,higher_spi_home_field_adjusted,Massachusetts,Massachusetts,higher_spi,higher_spi_home_field_adjusted,99.2,0.8,99.4,0.6,0.067059,False,
2026-11-04T05:00:00+00:00,SeasonType.REGULAR,10,Sacramento State,Toledo,138,72.0,-152.25328056088165,-20.999431647193084,0.5,99.5,Toledo,higher_spi_home_field_adjusted,Toledo,Toledo,higher_spi,higher_spi_home_field_adjusted,0.4,99.6,0.5,99.5,0.067059,False,
2026-11-06T01:00:00+00:00,SeasonType.REGULAR,10,Florida Atlantic,UTSA,50,58.0,-1.6129524847395535,-6.257847302808016,61.5,38.5,Florida Atlantic,higher_spi_home_field_adjusted,Florida Atlantic,Florida Atlantic,higher_spi,higher_spi_home_field_adjusted,54.9,45.1,61.5,38.5,0.067059,False,
2026-11-06T01:00:00+00:00,SeasonType.REGULAR,10,Southern Miss,James Madison,117,24.0,-84.8258569401698,28.74066045389936,1.0,99.0,James Madison,higher_spi_home_field_adjusted,James Madison,James Madison,higher_spi,higher_spi_home_field_adjusted,0.8,99.2,1.0,99.0,0.067059,False,
2026-11-07T00:00:00+00:00,SeasonType.REGULAR,10,SMU,Virginia Tech,53,25.0,-2.7804815470711604,27.56585125719281,26.5,73.5,Virginia Tech,higher_spi_home_field_adjusted,Virginia Tech,Virginia Tech,higher_spi,higher_spi_home_field_adjusted,21.6,78.4,26.5,73.5,0.067059,False,
2026-11-07T00:30:00+00:00,SeasonType.REGULAR,10,East Carolina,South Florida,94,18.0,-45.67454572065938,32.89367641615324,4.4,95.6,South Florida,higher_spi_home_field_adjusted,South Florida,South Florida,higher_spi,higher_spi_home_field_adjusted,3.4,96.6,4.4,95.6,0.067059,False,
2026-11-07T01:00:00+00:00,SeasonType.REGULAR,10,Illinois,Nebraska,54,21.0,-3.3067912608318184,29.626311639196256,24.4,75.6,Nebraska,higher_spi_home_field_adjusted,Nebraska,Nebraska,higher_spi,higher_spi_home_field_adjusted,19.8,80.2,24.4,75.6,0.067059,False,
2026-11-07T02:00:00+00:00,SeasonType.REGULAR,10,Nevada,New Mexico,130,61.0,-108.97906827876118,-7.954810475104862,1.8,98.2,New Mexico,higher_spi_home_field_adjusted,New Mexico,New Mexico,higher_spi,higher_spi_home_field_adjusted,1.3,98.7,1.8,98.2,0.067059,False,
2026-11-07T03:15:00+00:00,SeasonType.REGULAR,10,Arizona,TCU,46,80.0,2.936111386274308,-28.049571365404425,83.0,17.0,Arizona,higher_spi_home_field_adjusted,Arizona,Arizona,higher_spi,higher_spi_home_field_adjusted,78.9,21.1,83.0,17.0,0.067059,False,
2026-11-07T05:00:00+00:00,SeasonType.REGULAR,10,App State,Georgia State,66,35.0,-12.51753516270498,10.797459724761213,32.7,67.3,Georgia State,higher_spi_home_field_adjusted,Georgia State,Georgia State,higher_spi,higher_spi_home_field_adjusted,27.1,72.9,32.7,67.3,0.067059,False,
2026-11-07T05:00:00+00:00,SeasonType.REGULAR,10,Arizona State,Colorado,79,95.0,-27.895850785211945,-46.29639547728582,74.1,25.9,Arizona State,higher_spi_home_field_adjusted,Arizona State,Arizona State,higher_spi,higher_spi_home_field_adjusted,68.6,31.4,74.1,25.9,0.067059,False,
2026-11-07T05:00:00+00:00,SeasonType.REGULAR,10,Auburn,Arkansas,20,62.0,32.460904232272,-8.823785693194747,88.3,11.7,Auburn,higher_spi_home_field_adjusted,Auburn,Auburn,higher_spi,higher_spi_home_field_adjusted,85.3,14.7,88.3,11.7,0.067059,False,EARLY: Noon - 1pm ET start
2026-11-07T05:00:00+00:00,SeasonType.REGULAR,10,Baylor,Iowa State,47,70.0,2.067993582529437,-18.20529408103497,75.6,24.4,Baylor,higher_spi_home_field_adjusted,Baylor,Baylor,higher_spi,higher_spi_home_field_adjusted,70.3,29.7,75.6,24.4,0.067059,False,
2026-11-07T05:00:00+00:00,SeasonType.REGULAR,10,Boston College,Florida State,89,75.0,-41.11246831858718,-23.09594671818552,37.9,62.1,Florida State,higher_spi_home_field_adjusted,Florida State,Florida State,higher_spi,higher_spi_home_field_adjusted,31.7,68.3,37.9,62.1,0.067059,False,
2026-11-07T05:00:00+00:00,SeasonType.REGULAR,10,Coastal Carolina,Old Dominion,129,123.0,-103.73404235457302,-95.94953653466776,48.5,51.5,Old Dominion,higher_spi_home_field_adjusted,Old Dominion,Old Dominion,higher_spi,higher_spi_home_field_adjusted,41.8,58.2,48.5,51.5,0.067059,False,
2026-11-07T05:00:00+00:00,SeasonType.REGULAR,10,Florida,Oklahoma,1,67.0,84.25893804826792,-13.505514657889856,98.8,1.2,Florida,higher_spi_home_field_adjusted,Florida,Florida,higher_spi,higher_spi_home_field_adjusted,98.5,1.5,98.8,1.2,0.067059,False,FLEX: 3:30 - 4:30pm OR 6 - 8pm ET start
2026-11-07T05:00:00+00:00,SeasonType.REGULAR,10,Georgia Southern,Marshall,113,86.0,-75.79303617883433,-34.13401662196794,18.2,81.8,Marshall,higher_spi_home_field_adjusted,Marshall,Marshall,higher_spi,higher_spi_home_field_adjusted,14.5,85.5,18.2,81.8,0.067059,False,
2026-11-07T05:00:00+00:00,SeasonType.REGULAR,10,Georgia Tech,Louisville,126,73.0,-100.85298300531848,-21.34753594864136,4.3,95.7,Louisville,higher_spi_home_field_adjusted,Louisville,Louisville,higher_spi,higher_spi_home_field_adjusted,3.3,96.7,4.3,95.7,0.067059,False,
2026-11-07T05:00:00+00:00,SeasonType.REGULAR,10,Houston,Cincinnati,28,15.0,22.72333731897136,36.91812851269452,41.7,58.3,Cincinnati,higher_spi_home_field_adjusted,Cincinnati,Cincinnati,higher_spi,higher_spi_home_field_adjusted,35.4,64.6,41.7,58.3,0.067059,False,
2026-11-07T05:00:00+00:00,SeasonType.REGULAR,10,Kansas,UCF,97,29.0,-49.98260209007005,21.86515600690005,5.8,94.2,UCF,higher_spi_home_field_adjusted,UCF,UCF,higher_spi,higher_spi_home_field_adjusted,4.5,95.5,5.8,94.2,0.067059,False,
2026-11-07T05:00:00+00:00,SeasonType.REGULAR,10,Kansas State,Oklahoma State,34,33.0,11.891411003341323,13.017382345492068,55.5,44.5,Kansas State,higher_spi_home_field_adjusted,Oklahoma State,Kansas State,higher_spi,higher_spi_home_field_adjusted,48.8,51.2,55.5,44.5,0.067059,False,
2026-11-07T05:00:00+00:00,SeasonType.REGULAR,10,LSU,Alabama,17,5.0,33.369065871362125,60.07242827235314,29.6,70.4,Alabama,higher_spi_home_field_adjusted,Alabama,Alabama,higher_spi,higher_spi_home_field_adjusted,24.3,75.7,29.6,70.4,0.067059,False,FLEX: 3:30 - 4:30pm OR 6 - 8pm ET start
2026-11-07T05:00:00+00:00,SeasonType.REGULAR,10,Louisiana,South Alabama,37,98.0,9.348650666523325,-51.56022168162824,94.6,5.4,Louisiana,higher_spi_home_field_adjusted,Louisiana,Louisiana,higher_spi,higher_spi_home_field_adjusted,93.0,7.0,94.6,5.4,0.067059,False,
2026-11-07T05:00:00+00:00,SeasonType.REGULAR,10,Michigan,Michigan State,38,83.0,9.324205367002998,-29.645881395377277,87.3,12.7,Michigan,higher_spi_home_field_adjusted,Michigan,Michigan,higher_spi,higher_spi_home_field_adjusted,84.0,16.0,87.3,12.7,0.067059,False,
2026-11-07T05:00:00+00:00,SeasonType.REGULAR,10,Minnesota,UCLA,36,13.0,9.436542166979756,41.68698577892728,25.0,75.0,UCLA,higher_spi_home_field_adjusted,UCLA,UCLA,higher_spi,higher_spi_home_field_adjusted,20.3,79.7,25.0,75.0,0.067059,False,
2026-11-07T05:00:00+00:00,SeasonType.REGULAR,10,Mississippi State,Vanderbilt,4,64.0,61.28435952701964,-10.298190943626242,96.5,3.5,Mississippi State,higher_spi_home_field_adjusted,Mississippi State,Mississippi State,higher_spi,higher_spi_home_field_adjusted,95.4,4.6,96.5,3.5,0.067059,False,FLEX: 3:30 - 4:30pm OR 6 - 8pm ET start
2026-11-07T05:00:00+00:00,SeasonType.REGULAR,10,Missouri,Texas,39,2.0,7.77905955744444,73.32213908520924,7.5,92.5,Texas,higher_spi_home_field_adjusted,Texas,Texas,higher_spi,higher_spi_home_field_adjusted,5.8,94.2,7.5,92.5,0.067059,False,EARLY: Noon - 1pm ET start
2026-11-07T05:00:00+00:00,SeasonType.REGULAR,10,NC State,Duke,76,10.0,-25.63979689527287,48.930270534957046,5.2,94.8,Duke,higher_spi_home_field_adjusted,Duke,Duke,higher_spi,higher_spi_home_field_adjusted,4.0,96.0,5.2,94.8,0.067059,False,
2026-11-07T05:00:00+00:00,SeasonType.REGULAR,10,North Texas,Rice,74,128.0,-22.47267441374133,-101.6510647651651,97.4,2.6,North Texas,higher_spi_home_field_adjusted,North Texas,North Texas,higher_spi,higher_spi_home_field_adjusted,96.7,3.3,97.4,2.6,0.067059,False,
2026-11-07T05:00:00+00:00,SeasonType.REGULAR,10,Northwestern,Iowa,41,14.0,4.41713117055455,40.66065727472878,21.9,78.1,Iowa,higher_spi_home_field_adjusted,Iowa,Iowa,higher_spi,higher_spi_home_field_adjusted,17.6,82.4,21.9,78.1,0.067059,False,
2026-11-07T05:00:00+00:00,SeasonType.REGULAR,10,Ohio State,Oregon,23,26.0,28.785396111926165,24.751906145553757,60.9,39.1,Ohio State,higher_spi_home_field_adjusted,Ohio State,Ohio State,higher_spi,higher_spi_home_field_adjusted,54.3,45.7,60.9,39.1,0.067059,False,
2026-11-07T05:00:00+00:00,SeasonType.REGULAR,10,Ole Miss,Georgia,11,9.0,46.032955986199255,50.53329026799626,52.0,48.0,Ole Miss,higher_spi_home_field_adjusted,Georgia,Ole Miss,higher_spi,higher_spi_home_field_adjusted,45.2,54.8,52.0,48.0,0.067059,False,FLEX: 3:30 - 4:30pm OR 6 - 8pm ET start
2026-11-07T05:00:00+00:00,SeasonType.REGULAR,10,Purdue,Maryland,105,63.0,-63.001468796857,-9.552185437874316,11.9,88.1,Maryland,higher_spi_home_field_adjusted,Maryland,Maryland,higher_spi,higher_spi_home_field_adjusted,9.4,90.6,11.9,88.1,0.067059,False,
2026-11-07T05:00:00+00:00,SeasonType.REGULAR,10,San José State,Northern Illinois,107,136.0,-66.0827908652249,-142.1331842297399,97.1,2.9,San José State,higher_spi_home_field_adjusted,San José State,San José State,higher_spi,higher_spi_home_field_adjusted,96.2,3.8,97.1,2.9,0.067059,False,
2026-11-07T05:00:00+00:00,SeasonType.REGULAR,10,South Carolina,Texas A&M,59,60.0,-7.419199874690628,-7.939598028385985,57.2,42.8,South Carolina,higher_spi_home_field_adjusted,South Carolina,South Carolina,higher_spi,higher_spi_home_field_adjusted,50.6,49.4,57.2,42.8,0.067059,False,AFTERNOON: 3:30 - 4:30pm ET start
2026-11-07T05:00:00+00:00,SeasonType.REGULAR,10,Syracuse,Clemson,87,55.0,-36.89087783825059,-4.311729979207957,24.7,75.3,Clemson,higher_spi_home_field_adjusted,Clemson,Clemson,higher_spi,higher_spi_home_field_adjusted,20.0,80.0,24.7,75.3,0.067059,False,
2026-11-07T05:00:00+00:00,SeasonType.REGULAR,10,Tennessee,Kentucky,31,40.0,19.33367015797993,5.580222129439704,70.1,29.9,Tennessee,higher_spi_home_field_adjusted,Tennessee,Tennessee,higher_spi,higher_spi_home_field_adjusted,64.2,35.8,70.1,29.9,0.067059,False,NIGHT: 6 - 8pm ET start
2026-11-07T05:00:00+00:00,SeasonType.REGULAR,10,Texas Tech,West Virginia,16,30.0,36.312631406773,19.652939151682844,72.7,27.3,Texas Tech,higher_spi_home_field_adjusted,Texas Tech,Texas Tech,higher_spi,higher_spi_home_field_adjusted,67.0,33.0,72.7,27.3,0.067059,False,
2026-11-07T05:00:00+00:00,SeasonType.REGULAR,10,Troy,Louisiana Tech,106,84.0,-64.32002641072384,-31.16257198096256,24.2,75.8,Louisiana Tech,higher_spi_home_field_adjusted,Louisiana Tech,Louisiana Tech,higher_spi,higher_spi_home_field_adjusted,19.6,80.4,24.2,75.8,0.067059,False,
2026-11-07T05:00:00+00:00,SeasonType.REGULAR,10,Tulane,Tulsa,85,49.0,-34.104596315880855,-0.6645979105632058,24.0,76.0,Tulsa,higher_spi_home_field_adjusted,Tulsa,Tulsa,higher_spi,higher_spi_home_field_adjusted,19.4,80.6,24.0,76.0,0.067059,False,
2026-11-07T05:00:00+00:00,SeasonType.REGULAR,10,UAB,Charlotte,111,137.0,-73.21848514919492,-143.4665418171124,96.3,3.7,UAB,higher_spi_home_field_adjusted,UAB,UAB,higher_spi,higher_spi_home_field_adjusted,95.2,4.8,96.3,3.7,0.067059,False,
2026-11-07T05:00:00+00:00,SeasonType.REGULAR,10,UTEP,Hawai'i,132,121.0,-110.71371117012885,-90.68950671224998,35.9,64.1,Hawai'i,higher_spi_home_field_adjusted,Hawai'i,Hawai'i,higher_spi,higher_spi_home_field_adjusted,29.9,70.1,35.9,64.1,0.067059,False,
2026-11-07T05:00:00+00:00,SeasonType.REGULAR,10,Utah,BYU,12,19.0,44.10245271899543,32.8301362841072,67.9,32.1,Utah,higher_spi_home_field_adjusted,Utah,Utah,higher_spi,higher_spi_home_field_adjusted,61.8,38.2,67.9,32.1,0.067059,False,
2026-11-07T05:00:00+00:00,SeasonType.REGULAR,10,Wake Forest,Merrimack,44,,3.030416989637068,,100.0,0.0,Wake Forest,home_has_spi_only,Wake Forest,Wake Forest,home_has_spi_only,home_has_spi_only,100.0,0.0,100.0,0.0,0.067059,False,
2026-11-07T05:00:00+00:00,SeasonType.REGULAR,10,Washington,Penn State,65,43.0,-10.812616130926894,3.632578535998636,41.5,58.5,Penn State,higher_spi_home_field_adjusted,Penn State,Penn State,higher_spi,higher_spi_home_field_adjusted,35.1,64.9,41.5,58.5,0.067059,False,
2026-11-07T05:00:00+00:00,SeasonType.REGULAR,10,Wisconsin,Rutgers,45,120.0,2.951216933874618,-90.6473563250601,98.6,1.4,Wisconsin,higher_spi_home_field_adjusted,Wisconsin,Wisconsin,higher_spi,higher_spi_home_field_adjusted,98.2,1.8,98.6,1.4,0.067059,False,
2026-11-07T17:00:00+00:00,SeasonType.REGULAR,10,UConn,North Carolina,103,52.0,-59.577959207375386,-2.6646480021306216,10.4,89.6,North Carolina,higher_spi_home_field_adjusted,North Carolina,North Carolina,higher_spi,higher_spi_home_field_adjusted,8.2,91.8,10.4,89.6,0.067059,False,
2026-11-07T20:00:00+00:00,SeasonType.REGULAR,10,Arkansas State,UL Monroe,99,133.0,-53.57011036463219,-115.38613880083656,94.8,5.2,Arkansas State,higher_spi_home_field_adjusted,Arkansas State,Arkansas State,higher_spi,higher_spi_home_field_adjusted,93.3,6.7,94.8,5.2,0.067059,False,
2026-11-07T20:00:00+00:00,SeasonType.REGULAR,10,Kennesaw State,Delaware,119,93.0,-85.47252759658261,-43.98273814775206,18.3,81.7,Delaware,higher_spi_home_field_adjusted,Delaware,Delaware,higher_spi,higher_spi_home_field_adjusted,14.6,85.4,18.3,81.7,0.067059,False,
2026-11-07T20:30:00+00:00,SeasonType.REGULAR,10,Middle Tennessee,Western Kentucky,109,102.0,-70.8417430077002,-58.76311017715135,43.9,56.1,Western Kentucky,higher_spi_home_field_adjusted,Western Kentucky,Western Kentucky,higher_spi,higher_spi_home_field_adjusted,37.4,62.6,43.9,56.1,0.067059,False,
2026-11-07T20:30:00+00:00,SeasonType.REGULAR,10,Navy,Temple,91,122.0,-41.74700877311261,-93.66176366335064,92.2,7.8,Navy,higher_spi_home_field_adjusted,Navy,Navy,higher_spi,higher_spi_home_field_adjusted,90.1,9.9,92.2,7.8,0.067059,False,
2026-11-07T21:00:00+00:00,SeasonType.REGULAR,10,Florida International,Missouri State,92,131.0,-42.40674401698138,-110.52309920786188,95.9,4.1,Florida International,higher_spi_home_field_adjusted,Florida International,Florida International,higher_spi,higher_spi_home_field_adjusted,94.8,5.2,95.9,4.1,0.067059,False,
2026-11-07T22:00:00+00:00,SeasonType.REGULAR,10,New Mexico State,Liberty,134,68.0,-118.6889243844558,-14.081917263905265,1.5,98.5,Liberty,higher_spi_home_field_adjusted,Liberty,Liberty,higher_spi,higher_spi_home_field_adjusted,1.2,98.8,1.5,98.5,0.067059,False,
2026-11-07T23:00:00+00:00,SeasonType.REGULAR,10,Colorado State,Boise State,78,42.0,-26.841133962275148,3.659342307423129,26.4,73.6,Boise State,higher_spi_home_field_adjusted,Boise State,Boise State,higher_spi,higher_spi_home_field_adjusted,21.5,78.5,26.4,73.6,0.067059,False,
2026-11-08T00:00:00+00:00,SeasonType.REGULAR,10,Jacksonville State,Sam Houston,104,108.0,-59.6844141991548,-66.75023859452794,63.9,36.1,Jacksonville State,higher_spi_home_field_adjusted,Jacksonville State,Jacksonville State,higher_spi,higher_spi_home_field_adjusted,57.5,42.5,63.9,36.1,0.067059,False,
2026-11-08T00:30:00+00:00,SeasonType.REGULAR,10,Army,Air Force,51,69.0,-1.6417928398596875,-17.32667297944403,71.8,28.2,Army,higher_spi_home_field_adjusted,Army,Army,higher_spi,higher_spi_home_field_adjusted,66.1,33.9,71.8,28.2,0.067059,False,
2026-11-08T00:30:00+00:00,SeasonType.REGULAR,10,Notre Dame,Miami,7,3.0,56.244554725907605,63.778067523596334,48.7,51.3,Miami,higher_spi_home_field_adjusted,Miami,Miami,higher_spi,higher_spi_home_field_adjusted,42.1,57.9,48.7,51.3,0.067059,False,
2026-11-08T02:30:00+00:00,SeasonType.REGULAR,10,Utah State,Fresno State,114,56.0,-78.74152315576367,-5.319169628179735,5.5,94.5,Fresno State,higher_spi_home_field_adjusted,Fresno State,Fresno State,higher_spi,higher_spi_home_field_adjusted,4.2,95.8,5.5,94.5,0.067059,False,
2026-11-08T03:30:00+00:00,SeasonType.REGULAR,10,Oregon State,Texas State,71,77.0,-20.993280617469523,-26.05432501523135,61.9,38.1,Oregon State,higher_spi_home_field_adjusted,Oregon State,Oregon State,higher_spi,higher_spi_home_field_adjusted,55.4,44.6,61.9,38.1,0.067059,False,
2026-11-08T03:30:00+00:00,SeasonType.REGULAR,10,UNLV,Wyoming,101,118.0,-58.69849515674619,-84.92382961937605,80.0,20.0,UNLV,higher_spi_home_field_adjusted,UNLV,UNLV,higher_spi,higher_spi_home_field_adjusted,75.3,24.7,80.0,20.0,0.067059,False,
2026-11-11T00:00:00+00:00,SeasonType.REGULAR,11,Akron,Western Michigan,115,100.0,-79.88634687205882,-56.223237229469255,32.4,67.6,Western Michigan,higher_spi_home_field_adjusted,Western Michigan,Western Michigan,higher_spi,higher_spi_home_field_adjusted,26.8,73.2,32.4,67.6,0.067059,False,
2026-11-11T00:00:00+00:00,SeasonType.REGULAR,11,Bowling Green,Kent State,135,110.0,-139.3971970265164,-71.35025624968654,6.8,93.2,Kent State,higher_spi_home_field_adjusted,Kent State,Kent State,higher_spi,higher_spi_home_field_adjusted,5.3,94.7,6.8,93.2,0.067059,False,
2026-11-11T00:00:00+00:00,SeasonType.REGULAR,11,Miami (OH),Ohio,82,90.0,-29.35296681546401,-41.27473936449148,68.5,31.5,Miami (OH),higher_spi_home_field_adjusted,Miami (OH),Miami (OH),higher_spi,higher_spi_home_field_adjusted,62.4,37.6,68.5,31.5,0.067059,False,
2026-11-11T05:00:00+00:00,SeasonType.REGULAR,11,Ball State,Buffalo,124,112.0,-99.45636081454596,-74.76605342343892,31.4,68.6,Buffalo,higher_spi_home_field_adjusted,Buffalo,Buffalo,higher_spi,higher_spi_home_field_adjusted,25.9,74.1,31.4,68.6,0.067059,False,
2026-11-11T05:00:00+00:00,SeasonType.REGULAR,11,Central Michigan,Sacramento State,96,138.0,-46.37958707551686,-152.25328056088165,99.2,0.8,Central Michigan,higher_spi_home_field_adjusted,Central Michigan,Central Michigan,higher_spi,higher_spi_home_field_adjusted,98.9,1.1,99.2,0.8,0.067059,False,
2026-11-11T05:00:00+00:00,SeasonType.REGULAR,11,Toledo,Massachusetts,72,32.0,-20.999431647193084,14.929514791847517,22.1,77.9,Massachusetts,higher_spi_home_field_adjusted,Massachusetts,Massachusetts,higher_spi,higher_spi_home_field_adjusted,17.8,82.2,22.1,77.9,0.067059,False,
2026-11-13T01:00:00+00:00,SeasonType.REGULAR,11,South Florida,Memphis,18,57.0,32.89367641615324,-5.629707303972074,87.1,12.9,South Florida,higher_spi_home_field_adjusted,South Florida,South Florida,higher_spi,higher_spi_home_field_adjusted,83.7,16.3,87.1,12.9,0.067059,False,
2026-11-13T02:00:00+00:00,SeasonType.REGULAR,11,UL Monroe,Louisiana,133,37.0,-115.38613880083656,9.348650666523325,0.6,99.4,Louisiana,higher_spi_home_field_adjusted,Louisiana,Louisiana,higher_spi,higher_spi_home_field_adjusted,0.5,99.5,0.6,99.4,0.067059,False,
2026-11-14T00:00:00+00:00,SeasonType.REGULAR,11,Pittsburgh,Florida State,8,75.0,52.1544775181164,-23.09594671818552,97.0,3.0,Pittsburgh,higher_spi_home_field_adjusted,Pittsburgh,Pittsburgh,higher_spi,higher_spi_home_field_adjusted,96.1,3.9,97.0,3.0,0.067059,False,
2026-11-14T02:00:00+00:00,SeasonType.REGULAR,11,UCLA,Illinois,13,54.0,41.68698577892728,-3.3067912608318184,89.9,10.1,UCLA,higher_spi_home_field_adjusted,UCLA,UCLA,higher_spi,higher_spi_home_field_adjusted,87.1,12.9,89.9,10.1,0.067059,False,
2026-11-14T03:15:00+00:00,SeasonType.REGULAR,11,Colorado,Houston,95,28.0,-46.29639547728582,22.72333731897136,6.5,93.5,Houston,higher_spi_home_field_adjusted,Houston,Houston,higher_spi,higher_spi_home_field_adjusted,5.1,94.9,6.5,93.5,0.067059,False,
2026-11-14T05:00:00+00:00,SeasonType.REGULAR,11,Arizona,Utah,46,12.0,2.936111386274308,44.10245271899543,18.5,81.5,Utah,higher_spi_home_field_adjusted,Utah,Utah,higher_spi,higher_spi_home_field_adjusted,14.8,85.2,18.5,81.5,0.067059,False,
2026-11-14T05:00:00+00:00,SeasonType.REGULAR,11,Arkansas,South Carolina,62,59.0,-8.823785693194747,-7.419199874690628,55.2,44.8,Arkansas,higher_spi_home_field_adjusted,South Carolina,Arkansas,higher_spi,higher_spi_home_field_adjusted,48.5,51.5,55.2,44.8,0.067059,False,FLEX: 3:30 - 4:30pm OR 6 - 8pm ET start
2026-11-14T05:00:00+00:00,SeasonType.REGULAR,11,BYU,Baylor,19,47.0,32.8301362841072,2.067993582529437,82.9,17.1,BYU,higher_spi_home_field_adjusted,BYU,BYU,higher_spi,higher_spi_home_field_adjusted,78.7,21.3,82.9,17.1,0.067059,False,
2026-11-14T05:00:00+00:00,SeasonType.REGULAR,11,Charlotte,East Carolina,137,94.0,-143.4665418171124,-45.67454572065938,2.0,98.0,East Carolina,higher_spi_home_field_adjusted,East Carolina,East Carolina,higher_spi,higher_spi_home_field_adjusted,1.5,98.5,2.0,98.0,0.067059,False,
2026-11-14T05:00:00+00:00,SeasonType.REGULAR,11,Clemson,Georgia Tech,55,126.0,-4.311729979207957,-100.85298300531848,98.8,1.2,Clemson,higher_spi_home_field_adjusted,Clemson,Clemson,higher_spi,higher_spi_home_field_adjusted,98.4,1.6,98.8,1.2,0.067059,False,
2026-11-14T05:00:00+00:00,SeasonType.REGULAR,11,Coastal Carolina,Arkansas State,129,99.0,-103.73404235457302,-53.57011036463219,13.4,86.6,Arkansas State,higher_spi_home_field_adjusted,Arkansas State,Arkansas State,higher_spi,higher_spi_home_field_adjusted,10.6,89.4,13.4,86.6,0.067059,False,
2026-11-14T05:00:00+00:00,SeasonType.REGULAR,11,Georgia,Missouri,9,39.0,50.53329026799626,7.77905955744444,89.0,11.0,Georgia,higher_spi_home_field_adjusted,Georgia,Georgia,higher_spi,higher_spi_home_field_adjusted,86.0,14.0,89.0,11.0,0.067059,False,FLEX: 3:30 - 4:30pm OR 6 - 8pm ET start
2026-11-14T05:00:00+00:00,SeasonType.REGULAR,11,Georgia State,Georgia Southern,35,113.0,10.797459724761213,-75.79303617883433,98.1,1.9,Georgia State,higher_spi_home_field_adjusted,Georgia State,Georgia State,higher_spi,higher_spi_home_field_adjusted,97.5,2.5,98.1,1.9,0.067059,False,
2026-11-14T05:00:00+00:00,SeasonType.REGULAR,11,Indiana,USC,6,27.0,57.981227069019205,23.230044321294503,85.2,14.8,Indiana,higher_spi_home_field_adjusted,Indiana,Indiana,higher_spi,higher_spi_home_field_adjusted,81.4,18.6,85.2,14.8,0.067059,False,
2026-11-14T05:00:00+00:00,SeasonType.REGULAR,11,Iowa,Purdue,14,105.0,40.66065727472878,-63.001468796857,99.1,0.9,Iowa,higher_spi_home_field_adjusted,Iowa,Iowa,higher_spi,higher_spi_home_field_adjusted,98.8,1.2,99.1,0.9,0.067059,False,
2026-11-14T05:00:00+00:00,SeasonType.REGULAR,11,Iowa State,Cincinnati,70,15.0,-18.20529408103497,36.91812851269452,11.2,88.8,Cincinnati,higher_spi_home_field_adjusted,Cincinnati,Cincinnati,higher_spi,higher_spi_home_field_adjusted,8.8,91.2,11.2,88.8,0.067059,False,
2026-11-14T05:00:00+00:00,SeasonType.REGULAR,11,Kentucky,Florida,40,1.0,5.580222129439704,84.25893804826792,4.4,95.6,Florida,higher_spi_home_field_adjusted,Florida,Florida,higher_spi,higher_spi_home_field_adjusted,3.4,96.6,4.4,95.6,0.067059,False,NIGHT: 6 - 8pm ET start
2026-11-14T05:00:00+00:00,SeasonType.REGULAR,11,LSU,Texas,17,2.0,33.369065871362125,73.32213908520924,19.3,80.7,Texas,higher_spi_home_field_adjusted,Texas,Texas,higher_spi,higher_spi_home_field_adjusted,15.5,84.5,19.3,80.7,0.067059,False,FLEX: 3:30 - 4:30pm OR 6 - 8pm ET start
2026-11-14T05:00:00+00:00,SeasonType.REGULAR,11,Louisiana Tech,Southern Miss,84,117.0,-31.16257198096256,-84.8258569401698,92.8,7.2,Louisiana Tech,higher_spi_home_field_adjusted,Louisiana Tech,Louisiana Tech,higher_spi,higher_spi_home_field_adjusted,90.7,9.3,92.8,7.2,0.067059,False,
2026-11-14T05:00:00+00:00,SeasonType.REGULAR,11,Marshall,App State,86,66.0,-34.13401662196794,-12.51753516270498,34.3,65.7,App State,higher_spi_home_field_adjusted,App State,App State,higher_spi,higher_spi_home_field_adjusted,28.5,71.5,34.3,65.7,0.067059,False,
2026-11-14T05:00:00+00:00,SeasonType.REGULAR,11,Maryland,Wisconsin,63,45.0,-9.552185437874316,2.951216933874618,43.5,56.5,Wisconsin,higher_spi_home_field_adjusted,Wisconsin,Wisconsin,higher_spi,higher_spi_home_field_adjusted,37.0,63.0,43.5,56.5,0.067059,False,
2026-11-14T05:00:00+00:00,SeasonType.REGULAR,11,Miami,Duke,3,10.0,63.778067523596334,48.930270534957046,71.1,28.9,Miami,higher_spi_home_field_adjusted,Miami,Miami,higher_spi,higher_spi_home_field_adjusted,65.3,34.7,71.1,28.9,0.067059,False,
2026-11-14T05:00:00+00:00,SeasonType.REGULAR,11,Michigan State,Washington,83,65.0,-29.645881395377277,-10.812616130926894,37.0,63.0,Washington,higher_spi_home_field_adjusted,Washington,Washington,higher_spi,higher_spi_home_field_adjusted,31.0,69.0,37.0,63.0,0.067059,False,
2026-11-14T05:00:00+00:00,SeasonType.REGULAR,11,Mississippi State,Auburn,4,20.0,61.28435952701964,32.460904232272,81.7,18.3,Mississippi State,higher_spi_home_field_adjusted,Mississippi State,Mississippi State,higher_spi,higher_spi_home_field_adjusted,77.3,22.7,81.7,18.3,0.067059,False,EARLY: Noon - 1pm ET start
2026-11-14T05:00:00+00:00,SeasonType.REGULAR,11,NC State,Syracuse,76,87.0,-25.63979689527287,-36.89087783825059,67.9,32.1,NC State,higher_spi_home_field_adjusted,NC State,NC State,higher_spi,higher_spi_home_field_adjusted,61.7,38.3,67.9,32.1,0.067059,False,
2026-11-14T05:00:00+00:00,SeasonType.REGULAR,11,North Carolina,Louisville,52,73.0,-2.6646480021306216,-21.34753594864136,74.3,25.7,North Carolina,higher_spi_home_field_adjusted,North Carolina,North Carolina,higher_spi,higher_spi_home_field_adjusted,68.9,31.1,74.3,25.7,0.067059,False,
2026-11-14T05:00:00+00:00,SeasonType.REGULAR,11,Northern Illinois,Nevada,136,130.0,-142.1331842297399,-108.97906827876118,24.2,75.8,Nevada,higher_spi_home_field_adjusted,Nevada,Nevada,higher_spi,higher_spi_home_field_adjusted,19.6,80.4,24.2,75.8,0.067059,False,
2026-11-14T05:00:00+00:00,SeasonType.REGULAR,11,Ohio State,Northwestern,23,41.0,28.785396111926165,4.41713117055455,78.7,21.3,Ohio State,higher_spi_home_field_adjusted,Ohio State,Ohio State,higher_spi,higher_spi_home_field_adjusted,73.8,26.2,78.7,21.3,0.067059,False,
2026-11-14T05:00:00+00:00,SeasonType.REGULAR,11,Oklahoma,Ole Miss,67,11.0,-13.505514657889856,46.032955986199255,9.4,90.6,Ole Miss,higher_spi_home_field_adjusted,Ole Miss,Ole Miss,higher_spi,higher_spi_home_field_adjusted,7.4,92.6,9.4,90.6,0.067059,False,AFTERNOON: 3:30 - 4:30pm ET start
2026-11-14T05:00:00+00:00,SeasonType.REGULAR,11,Oklahoma State,Texas Tech,33,16.0,13.017382345492068,36.312631406773,32.7,67.3,Texas Tech,higher_spi_home_field_adjusted,Texas Tech,Texas Tech,higher_spi,higher_spi_home_field_adjusted,27.1,72.9,32.7,67.3,0.067059,False,
2026-11-14T05:00:00+00:00,SeasonType.REGULAR,11,Oregon,Michigan,26,38.0,24.751906145553757,9.324205367002998,71.6,28.4,Oregon,higher_spi_home_field_adjusted,Oregon,Oregon,higher_spi,higher_spi_home_field_adjusted,65.8,34.2,71.6,28.4,0.067059,False,
2026-11-14T05:00:00+00:00,SeasonType.REGULAR,11,Penn State,Minnesota,43,36.0,3.632578535998636,9.436542166979756,50.6,49.4,Penn State,higher_spi_home_field_adjusted,Minnesota,Penn State,higher_spi,higher_spi_home_field_adjusted,43.9,56.1,50.6,49.4,0.067059,False,
2026-11-14T05:00:00+00:00,SeasonType.REGULAR,11,Rice,Tulane,128,85.0,-101.6510647651651,-34.104596315880855,6.9,93.1,Tulane,higher_spi_home_field_adjusted,Tulane,Tulane,higher_spi,higher_spi_home_field_adjusted,5.4,94.6,6.9,93.1,0.067059,False,
2026-11-14T05:00:00+00:00,SeasonType.REGULAR,11,Rutgers,Nebraska,120,21.0,-90.6473563250601,29.626311639196256,0.8,99.2,Nebraska,higher_spi_home_field_adjusted,Nebraska,Nebraska,higher_spi,higher_spi_home_field_adjusted,0.6,99.4,0.8,99.2,0.067059,False,
2026-11-14T05:00:00+00:00,SeasonType.REGULAR,11,SMU,Wake Forest,53,44.0,-2.7804815470711604,3.030416989637068,50.6,49.4,SMU,higher_spi_home_field_adjusted,Wake Forest,SMU,higher_spi,higher_spi_home_field_adjusted,43.9,56.1,50.6,49.4,0.067059,False,
2026-11-14T05:00:00+00:00,SeasonType.REGULAR,11,South Alabama,Troy,98,106.0,-51.56022168162824,-64.32002641072384,69.3,30.7,South Alabama,higher_spi_home_field_adjusted,South Alabama,South Alabama,higher_spi,higher_spi_home_field_adjusted,63.2,36.8,69.3,30.7,0.067059,False,
2026-11-14T05:00:00+00:00,SeasonType.REGULAR,11,TCU,Kansas State,80,34.0,-28.049571365404425,11.891411003341323,19.3,80.7,Kansas State,higher_spi_home_field_adjusted,Kansas State,Kansas State,higher_spi,higher_spi_home_field_adjusted,15.5,84.5,19.3,80.7,0.067059,False,
2026-11-14T05:00:00+00:00,SeasonType.REGULAR,11,Temple,UAB,122,111.0,-93.66176366335064,-73.21848514919492,35.5,64.5,UAB,higher_spi_home_field_adjusted,UAB,UAB,higher_spi,higher_spi_home_field_adjusted,29.5,70.5,35.5,64.5,0.067059,False,
2026-11-14T05:00:00+00:00,SeasonType.REGULAR,11,Texas A&M,Tennessee,60,31.0,-7.939598028385985,19.33367015797993,29.1,70.9,Tennessee,higher_spi_home_field_adjusted,Tennessee,Tennessee,higher_spi,higher_spi_home_field_adjusted,23.9,76.1,29.1,70.9,0.067059,False,FLEX: 3:30 - 4:30pm OR 6 - 8pm ET start
2026-11-14T05:00:00+00:00,SeasonType.REGULAR,11,Tulsa,Florida Atlantic,49,50.0,-0.6645979105632058,-1.6129524847395535,57.7,42.3,Tulsa,higher_spi_home_field_adjusted,Tulsa,Tulsa,higher_spi,higher_spi_home_field_adjusted,51.0,49.0,57.7,42.3,0.067059,False,
2026-11-14T05:00:00+00:00,SeasonType.REGULAR,11,UCF,Arizona State,29,79.0,21.86515600690005,-27.895850785211945,91.6,8.4,UCF,higher_spi_home_field_adjusted,UCF,UCF,higher_spi,higher_spi_home_field_adjusted,89.2,10.8,91.6,8.4,0.067059,False,
2026-11-14T05:00:00+00:00,SeasonType.REGULAR,11,UTEP,Wyoming,132,118.0,-110.71371117012885,-84.92382961937605,30.4,69.6,Wyoming,higher_spi_home_field_adjusted,Wyoming,Wyoming,higher_spi,higher_spi_home_field_adjusted,25.0,75.0,30.4,69.6,0.067059,False,
2026-11-14T05:00:00+00:00,SeasonType.REGULAR,11,UTSA,North Texas,58,74.0,-6.257847302808016,-22.47267441374133,72.3,27.7,UTSA,higher_spi_home_field_adjusted,UTSA,UTSA,higher_spi,higher_spi_home_field_adjusted,66.6,33.4,72.3,27.7,0.067059,False,
2026-11-14T05:00:00+00:00,SeasonType.REGULAR,11,Vanderbilt,Alabama,64,5.0,-10.298190943626242,60.07242827235314,6.2,93.8,Alabama,higher_spi_home_field_adjusted,Alabama,Alabama,higher_spi,higher_spi_home_field_adjusted,4.8,95.2,6.2,93.8,0.067059,False,EARLY: Noon - 1pm ET start
2026-11-14T05:00:00+00:00,SeasonType.REGULAR,11,Virginia,California,48,81.0,0.672730505369773,-28.541400906597246,81.9,18.1,Virginia,higher_spi_home_field_adjusted,Virginia,Virginia,higher_spi,higher_spi_home_field_adjusted,77.6,22.4,81.9,18.1,0.067059,False,
2026-11-14T05:00:00+00:00,SeasonType.REGULAR,11,Virginia Tech,Stanford,25,88.0,27.56585125719281,-39.140553141242826,95.7,4.3,Virginia Tech,higher_spi_home_field_adjusted,Virginia Tech,Virginia Tech,higher_spi,higher_spi_home_field_adjusted,94.5,5.5,95.7,4.3,0.067059,False,
2026-11-14T05:00:00+00:00,SeasonType.REGULAR,11,West Virginia,Kansas,30,97.0,19.652939151682844,-49.98260209007005,96.2,3.8,West Virginia,higher_spi_home_field_adjusted,West Virginia,West Virginia,higher_spi,higher_spi_home_field_adjusted,95.1,4.9,96.2,3.8,0.067059,False,
2026-11-14T17:00:00+00:00,SeasonType.REGULAR,11,UConn,James Madison,103,24.0,-59.577959207375386,28.74066045389936,3.0,97.0,James Madison,higher_spi_home_field_adjusted,James Madison,James Madison,higher_spi,higher_spi_home_field_adjusted,2.3,97.7,3.0,97.0,0.067059,False,
2026-11-14T19:00:00+00:00,SeasonType.REGULAR,11,Sam Houston,Kennesaw State,108,119.0,-66.75023859452794,-85.47252759658261,74.4,25.6,Sam Houston,higher_spi_home_field_adjusted,Sam Houston,Sam Houston,higher_spi,higher_spi_home_field_adjusted,68.9,31.1,74.4,25.6,0.067059,False,
2026-11-14T20:00:00+00:00,SeasonType.REGULAR,11,Delaware,Florida International,93,92.0,-43.98273814775206,-42.40674401698138,55.1,44.9,Delaware,higher_spi_home_field_adjusted,Florida International,Delaware,higher_spi,higher_spi_home_field_adjusted,48.3,51.7,55.1,44.9,0.067059,False,
2026-11-14T20:00:00+00:00,SeasonType.REGULAR,11,Missouri State,New Mexico State,131,134.0,-110.52309920786188,-118.6889243844558,65.0,35.0,Missouri State,higher_spi_home_field_adjusted,Missouri State,Missouri State,higher_spi,higher_spi_home_field_adjusted,58.6,41.4,65.0,35.0,0.067059,False,
2026-11-14T20:30:00+00:00,SeasonType.REGULAR,11,Liberty,Middle Tennessee,68,109.0,-14.081917263905265,-70.8417430077002,93.6,6.4,Liberty,higher_spi_home_field_adjusted,Liberty,Liberty,higher_spi,higher_spi_home_field_adjusted,91.8,8.2,93.6,6.4,0.067059,False,
2026-11-14T20:30:00+00:00,SeasonType.REGULAR,11,Notre Dame,Boston College,7,89.0,56.244554725907605,-41.11246831858718,98.8,1.2,Notre Dame,higher_spi_home_field_adjusted,Notre Dame,Notre Dame,higher_spi,higher_spi_home_field_adjusted,98.4,1.6,98.8,1.2,0.067059,False,
2026-11-14T20:30:00+00:00,SeasonType.REGULAR,11,Western Kentucky,Jacksonville State,102,104.0,-58.76311017715135,-59.6844141991548,57.7,42.3,Western Kentucky,higher_spi_home_field_adjusted,Western Kentucky,Western Kentucky,higher_spi,higher_spi_home_field_adjusted,51.0,49.0,57.7,42.3,0.067059,False,
2026-11-14T21:00:00+00:00,SeasonType.REGULAR,11,Texas State,Fresno State,77,56.0,-26.05432501523135,-5.319169628179735,35.2,64.8,Fresno State,higher_spi_home_field_adjusted,Fresno State,Fresno State,higher_spi,higher_spi_home_field_adjusted,29.3,70.7,35.2,64.8,0.067059,False,
2026-11-14T23:00:00+00:00,SeasonType.REGULAR,11,Boise State,Oregon State,42,71.0,3.659342307423129,-20.993280617469523,78.9,21.1,Boise State,higher_spi_home_field_adjusted,Boise State,Boise State,higher_spi,higher_spi_home_field_adjusted,74.0,26.0,78.9,21.1,0.067059,False,
2026-11-15T00:00:00+00:00,SeasonType.REGULAR,11,Air Force,San José State,69,107.0,-17.32667297944403,-66.0827908652249,91.2,8.8,Air Force,higher_spi_home_field_adjusted,Air Force,Air Force,higher_spi,higher_spi_home_field_adjusted,88.8,11.2,91.2,8.8,0.067059,False,
2026-11-15T00:30:00+00:00,SeasonType.REGULAR,11,New Mexico,UNLV,61,101.0,-7.954810475104862,-58.69849515674619,91.9,8.1,New Mexico,higher_spi_home_field_adjusted,New Mexico,New Mexico,higher_spi,higher_spi_home_field_adjusted,89.6,10.4,91.9,8.1,0.067059,False,
2026-11-15T02:30:00+00:00,SeasonType.REGULAR,11,San Diego State,Utah State,116,114.0,-80.9766403290891,-78.74152315576367,54.4,45.6,San Diego State,higher_spi_home_field_adjusted,Utah State,San Diego State,higher_spi,higher_spi_home_field_adjusted,47.6,52.4,54.4,45.6,0.067059,False,
2026-11-15T03:30:00+00:00,SeasonType.REGULAR,11,Washington State,Colorado State,127,78.0,-101.03180964150266,-26.841133962275148,5.3,94.7,Colorado State,higher_spi_home_field_adjusted,Colorado State,Colorado State,higher_spi,higher_spi_home_field_adjusted,4.1,95.9,5.3,94.7,0.067059,False,
2026-11-15T04:59:00+00:00,SeasonType.REGULAR,11,Hawai'i,North Dakota State,121,22.0,-90.68950671224998,29.41778694424681,0.8,99.2,North Dakota State,higher_spi_home_field_adjusted,North Dakota State,North Dakota State,higher_spi,higher_spi_home_field_adjusted,0.6,99.4,0.8,99.2,0.067059,False,
2026-11-18T00:00:00+00:00,SeasonType.REGULAR,12,Kent State,Miami (OH),110,82.0,-71.35025624968654,-29.35296681546401,18.0,82.0,Miami (OH),higher_spi_home_field_adjusted,Miami (OH),Miami (OH),higher_spi,higher_spi_home_field_adjusted,14.4,85.6,18.0,82.0,0.067059,False,
2026-11-18T00:00:00+00:00,SeasonType.REGULAR,12,Ohio,Ball State,90,124.0,-41.27473936449148,-99.45636081454596,93.9,6.1,Ohio,higher_spi_home_field_adjusted,Ohio,Ohio,higher_spi,higher_spi_home_field_adjusted,92.2,7.8,93.9,6.1,0.067059,False,
2026-11-18T00:00:00+00:00,SeasonType.REGULAR,12,Western Michigan,Eastern Michigan,100,125.0,-56.223237229469255,-100.7196066060089,89.7,10.3,Western Michigan,higher_spi_home_field_adjusted,Western Michigan,Western Michigan,higher_spi,higher_spi_home_field_adjusted,86.9,13.1,89.7,10.3,0.067059,False,
2026-11-18T05:00:00+00:00,SeasonType.REGULAR,12,Buffalo,Central Michigan,112,96.0,-74.76605342343892,-46.37958707551686,28.2,71.8,Central Michigan,higher_spi_home_field_adjusted,Central Michigan,Central Michigan,higher_spi,higher_spi_home_field_adjusted,23.0,77.0,28.2,71.8,0.067059,False,
2026-11-18T05:00:00+00:00,SeasonType.REGULAR,12,Massachusetts,Akron,32,115.0,14.929514791847517,-79.88634687205882,98.7,1.3,Massachusetts,higher_spi_home_field_adjusted,Massachusetts,Massachusetts,higher_spi,higher_spi_home_field_adjusted,98.3,1.7,98.7,1.3,0.067059,False,
2026-11-20T00:30:00+00:00,SeasonType.REGULAR,12,Temple,Rice,122,128.0,-93.66176366335064,-101.6510647651651,64.8,35.2,Temple,higher_spi_home_field_adjusted,Temple,Temple,higher_spi,higher_spi_home_field_adjusted,58.4,41.6,64.8,35.2,0.067059,False,
2026-11-20T23:00:00+00:00,SeasonType.REGULAR,12,UCF,Iowa State,29,70.0,21.86515600690005,-18.20529408103497,87.8,12.2,UCF,higher_spi_home_field_adjusted,UCF,UCF,higher_spi,higher_spi_home_field_adjusted,84.6,15.4,87.8,12.2,0.067059,False,
2026-11-21T00:30:00+00:00,SeasonType.REGULAR,12,Duke,Clemson,10,55.0,48.930270534957046,-4.311729979207957,92.6,7.4,Duke,higher_spi_home_field_adjusted,Duke,Duke,higher_spi,higher_spi_home_field_adjusted,90.6,9.4,92.6,7.4,0.067059,False,
2026-11-21T00:30:00+00:00,SeasonType.REGULAR,12,Toledo,Bowling Green,72,135.0,-20.999431647193084,-139.3971970265164,99.5,0.5,Toledo,higher_spi_home_field_adjusted,Toledo,Toledo,higher_spi,higher_spi_home_field_adjusted,99.4,0.6,99.5,0.5,0.067059,False,
2026-11-21T01:00:00+00:00,SeasonType.REGULAR,12,Air Force,UTEP,69,132.0,-17.32667297944403,-110.71371117012885,98.6,1.4,Air Force,higher_spi_home_field_adjusted,Air Force,Air Force,higher_spi,higher_spi_home_field_adjusted,98.1,1.9,98.6,1.4,0.067059,False,
2026-11-21T01:00:00+00:00,SeasonType.REGULAR,12,Michigan State,Oregon,83,26.0,-29.645881395377277,24.751906145553757,11.5,88.5,Oregon,higher_spi_home_field_adjusted,Oregon,Oregon,higher_spi,higher_spi_home_field_adjusted,9.0,91.0,11.5,88.5,0.067059,False,
2026-11-21T05:00:00+00:00,SeasonType.REGULAR,12,App State,UL Monroe,66,133.0,-12.51753516270498,-115.38613880083656,99.0,1.0,App State,higher_spi_home_field_adjusted,App State,App State,higher_spi,higher_spi_home_field_adjusted,98.8,1.2,99.0,1.0,0.067059,False,
2026-11-21T05:00:00+00:00,SeasonType.REGULAR,12,Arizona State,Oklahoma State,79,33.0,-27.895850785211945,13.017382345492068,18.7,81.3,Oklahoma State,higher_spi_home_field_adjusted,Oklahoma State,Oklahoma State,higher_spi,higher_spi_home_field_adjusted,14.9,85.1,18.7,81.3,0.067059,False,
2026-11-21T05:00:00+00:00,SeasonType.REGULAR,12,Baylor,Texas Tech,47,16.0,2.067993582529437,36.312631406773,23.4,76.6,Texas Tech,higher_spi_home_field_adjusted,Texas Tech,Texas Tech,higher_spi,higher_spi_home_field_adjusted,18.9,81.1,23.4,76.6,0.067059,False,
2026-11-21T05:00:00+00:00,SeasonType.REGULAR,12,Boston College,Syracuse,89,87.0,-41.11246831858718,-36.89087783825059,52.3,47.7,Boston College,higher_spi_home_field_adjusted,Syracuse,Boston College,higher_spi,higher_spi_home_field_adjusted,45.5,54.5,52.3,47.7,0.067059,False,
2026-11-21T05:00:00+00:00,SeasonType.REGULAR,12,California,Stanford,81,88.0,-28.541400906597246,-39.140553141242826,67.3,32.7,California,higher_spi_home_field_adjusted,California,California,higher_spi,higher_spi_home_field_adjusted,61.1,38.9,67.3,32.7,0.067059,False,
2026-11-21T05:00:00+00:00,SeasonType.REGULAR,12,Cincinnati,Colorado,15,95.0,36.91812851269452,-46.29639547728582,97.8,2.2,Cincinnati,higher_spi_home_field_adjusted,Cincinnati,Cincinnati,higher_spi,higher_spi_home_field_adjusted,97.2,2.8,97.8,2.2,0.067059,False,
2026-11-21T05:00:00+00:00,SeasonType.REGULAR,12,Florida,Vanderbilt,1,64.0,84.25893804826792,-10.298190943626242,98.6,1.4,Florida,higher_spi_home_field_adjusted,Florida,Florida,higher_spi,higher_spi_home_field_adjusted,98.2,1.8,98.6,1.4,0.067059,False,EARLY: Noon - 1pm ET start
2026-11-21T05:00:00+00:00,SeasonType.REGULAR,12,Florida Atlantic,South Florida,50,18.0,-1.6129524847395535,32.89367641615324,23.2,76.8,South Florida,higher_spi_home_field_adjusted,South Florida,South Florida,higher_spi,higher_spi_home_field_adjusted,18.7,81.3,23.2,76.8,0.067059,False,
2026-11-21T05:00:00+00:00,SeasonType.REGULAR,12,Florida State,NC State,75,76.0,-23.09594671818552,-25.63979689527287,59.3,40.7,Florida State,higher_spi_home_field_adjusted,Florida State,Florida State,higher_spi,higher_spi_home_field_adjusted,52.7,47.3,59.3,40.7,0.067059,False,
2026-11-21T05:00:00+00:00,SeasonType.REGULAR,12,Georgia Tech,Wake Forest,126,44.0,-100.85298300531848,3.030416989637068,1.6,98.4,Wake Forest,higher_spi_home_field_adjusted,Wake Forest,Wake Forest,higher_spi,higher_spi_home_field_adjusted,1.2,98.8,1.6,98.4,0.067059,False,
2026-11-21T05:00:00+00:00,SeasonType.REGULAR,12,Illinois,Iowa,54,14.0,-3.3067912608318184,40.66065727472878,16.8,83.2,Iowa,higher_spi_home_field_adjusted,Iowa,Iowa,higher_spi,higher_spi_home_field_adjusted,13.4,86.6,16.8,83.2,0.067059,False,
2026-11-21T05:00:00+00:00,SeasonType.REGULAR,12,Kansas,BYU,97,19.0,-49.98260209007005,32.8301362841072,3.7,96.3,BYU,higher_spi_home_field_adjusted,BYU,BYU,higher_spi,higher_spi_home_field_adjusted,2.9,97.1,3.7,96.3,0.067059,False,
2026-11-21T05:00:00+00:00,SeasonType.REGULAR,12,Kansas State,Arizona,34,46.0,11.891411003341323,2.936111386274308,65.7,34.3,Kansas State,higher_spi_home_field_adjusted,Kansas State,Kansas State,higher_spi,higher_spi_home_field_adjusted,59.4,40.6,65.7,34.3,0.067059,False,
2026-11-21T05:00:00+00:00,SeasonType.REGULAR,12,Louisiana,Coastal Carolina,37,129.0,9.348650666523325,-103.73404235457302,99.4,0.6,Louisiana,higher_spi_home_field_adjusted,Louisiana,Louisiana,higher_spi,higher_spi_home_field_adjusted,99.2,0.8,99.4,0.6,0.067059,False,
2026-11-21T05:00:00+00:00,SeasonType.REGULAR,12,Louisiana Tech,Arkansas State,84,99.0,-31.16257198096256,-53.57011036463219,77.2,22.8,Louisiana Tech,higher_spi_home_field_adjusted,Louisiana Tech,Louisiana Tech,higher_spi,higher_spi_home_field_adjusted,72.2,27.8,77.2,22.8,0.067059,False,
2026-11-21T05:00:00+00:00,SeasonType.REGULAR,12,Louisville,Pittsburgh,73,8.0,-21.34753594864136,52.1544775181164,5.4,94.6,Pittsburgh,higher_spi_home_field_adjusted,Pittsburgh,Pittsburgh,higher_spi,higher_spi_home_field_adjusted,4.2,95.8,5.4,94.6,0.067059,False,
2026-11-21T05:00:00+00:00,SeasonType.REGULAR,12,Marshall,Georgia State,86,35.0,-34.13401662196794,10.797459724761213,16.3,83.7,Georgia State,higher_spi_home_field_adjusted,Georgia State,Georgia State,higher_spi,higher_spi_home_field_adjusted,12.9,87.1,16.3,83.7,0.067059,False,
2026-11-21T05:00:00+00:00,SeasonType.REGULAR,12,Miami,Virginia Tech,3,25.0,63.778067523596334,27.56585125719281,85.9,14.1,Miami,higher_spi_home_field_adjusted,Miami,Miami,higher_spi,higher_spi_home_field_adjusted,82.3,17.7,85.9,14.1,0.067059,False,
2026-11-21T05:00:00+00:00,SeasonType.REGULAR,12,Michigan,UCLA,38,13.0,9.324205367002998,41.68698577892728,24.9,75.1,UCLA,higher_spi_home_field_adjusted,UCLA,UCLA,higher_spi,higher_spi_home_field_adjusted,20.2,79.8,24.9,75.1,0.067059,False,
2026-11-21T05:00:00+00:00,SeasonType.REGULAR,12,Minnesota,Northwestern,36,41.0,9.436542166979756,4.41713117055455,61.9,38.1,Minnesota,higher_spi_home_field_adjusted,Minnesota,Minnesota,higher_spi,higher_spi_home_field_adjusted,55.3,44.7,61.9,38.1,0.067059,False,
2026-11-21T05:00:00+00:00,SeasonType.REGULAR,12,Missouri,Kentucky,39,40.0,7.77905955744444,5.580222129439704,59.0,41.0,Missouri,higher_spi_home_field_adjusted,Missouri,Missouri,higher_spi,higher_spi_home_field_adjusted,52.3,47.7,59.0,41.0,0.067059,False,NIGHT: 6 - 8pm ET start
2026-11-21T05:00:00+00:00,SeasonType.REGULAR,12,Nebraska,Ohio State,21,23.0,29.626311639196256,28.785396111926165,57.6,42.4,Nebraska,higher_spi_home_field_adjusted,Nebraska,Nebraska,higher_spi,higher_spi_home_field_adjusted,50.9,49.1,57.6,42.4,0.067059,False,
2026-11-21T05:00:00+00:00,SeasonType.REGULAR,12,Nevada,Hawai'i,130,121.0,-108.97906827876118,-90.68950671224998,37.6,62.4,Hawai'i,higher_spi_home_field_adjusted,Hawai'i,Hawai'i,higher_spi,higher_spi_home_field_adjusted,31.5,68.5,37.6,62.4,0.067059,False,
2026-11-21T05:00:00+00:00,SeasonType.REGULAR,12,Oklahoma,Texas A&M,67,60.0,-13.505514657889856,-7.939598028385985,50.8,49.2,Oklahoma,higher_spi_home_field_adjusted,Texas A&M,Oklahoma,higher_spi,higher_spi_home_field_adjusted,44.1,55.9,50.8,49.2,0.067059,False,EARLY: Noon - 1pm ET start
2026-11-21T05:00:00+00:00,SeasonType.REGULAR,12,Penn State,Rutgers,43,120.0,3.632578535998636,-90.6473563250601,98.6,1.4,Penn State,higher_spi_home_field_adjusted,Penn State,Penn State,higher_spi,higher_spi_home_field_adjusted,98.2,1.8,98.6,1.4,0.067059,False,
2026-11-21T05:00:00+00:00,SeasonType.REGULAR,12,Purdue,Wisconsin,105,45.0,-63.001468796857,2.951216933874618,7.4,92.6,Wisconsin,higher_spi_home_field_adjusted,Wisconsin,Wisconsin,higher_spi,higher_spi_home_field_adjusted,5.7,94.3,7.4,92.6,0.067059,False,
2026-11-21T05:00:00+00:00,SeasonType.REGULAR,12,South Carolina,Georgia,59,9.0,-7.419199874690628,50.53329026799626,10.0,90.0,Georgia,higher_spi_home_field_adjusted,Georgia,Georgia,higher_spi,higher_spi_home_field_adjusted,7.8,92.2,10.0,90.0,0.067059,False,FLEX: 3:30 - 4:30pm OR 6 - 8pm ET start
2026-11-21T05:00:00+00:00,SeasonType.REGULAR,12,Southern Miss,South Alabama,117,98.0,-84.8258569401698,-51.56022168162824,24.2,75.8,South Alabama,higher_spi_home_field_adjusted,South Alabama,South Alabama,higher_spi,higher_spi_home_field_adjusted,19.6,80.4,24.2,75.8,0.067059,False,
2026-11-21T05:00:00+00:00,SeasonType.REGULAR,12,TCU,Utah,80,12.0,-28.049571365404425,44.10245271899543,5.8,94.2,Utah,higher_spi_home_field_adjusted,Utah,Utah,higher_spi,higher_spi_home_field_adjusted,4.5,95.5,5.8,94.2,0.067059,False,
2026-11-21T05:00:00+00:00,SeasonType.REGULAR,12,Tennessee,LSU,31,17.0,19.33367015797993,33.369065871362125,41.9,58.1,LSU,higher_spi_home_field_adjusted,LSU,LSU,higher_spi,higher_spi_home_field_adjusted,35.5,64.5,41.9,58.1,0.067059,False,FLEX: 3:30 - 4:30pm OR 6 - 8pm ET start
2026-11-21T05:00:00+00:00,SeasonType.REGULAR,12,Texas,Arkansas,2,62.0,73.32213908520924,-8.823785693194747,97.7,2.3,Texas,higher_spi_home_field_adjusted,Texas,Texas,higher_spi,higher_spi_home_field_adjusted,97.0,3.0,97.7,2.3,0.067059,False,AFTERNOON: 3:30 - 4:30pm ET start
2026-11-21T05:00:00+00:00,SeasonType.REGULAR,12,Troy,Georgia Southern,106,113.0,-64.32002641072384,-75.79303617883433,68.1,31.9,Troy,higher_spi_home_field_adjusted,Troy,Troy,higher_spi,higher_spi_home_field_adjusted,62.0,38.0,68.1,31.9,0.067059,False,
2026-11-21T05:00:00+00:00,SeasonType.REGULAR,12,Tulane,North Texas,85,74.0,-34.104596315880855,-22.47267441374133,44.4,55.6,North Texas,higher_spi_home_field_adjusted,North Texas,North Texas,higher_spi,higher_spi_home_field_adjusted,37.9,62.1,44.4,55.6,0.067059,False,
2026-11-21T05:00:00+00:00,SeasonType.REGULAR,12,Tulsa,Charlotte,49,137.0,-0.6645979105632058,-143.4665418171124,99.8,0.2,Tulsa,higher_spi_home_field_adjusted,Tulsa,Tulsa,higher_spi,higher_spi_home_field_adjusted,99.8,0.2,99.8,0.2,0.067059,False,
2026-11-21T05:00:00+00:00,SeasonType.REGULAR,12,UAB,UTSA,111,58.0,-73.21848514919492,-6.257847302808016,7.1,92.9,UTSA,higher_spi_home_field_adjusted,UTSA,UTSA,higher_spi,higher_spi_home_field_adjusted,5.5,94.5,7.1,92.9,0.067059,False,
2026-11-21T05:00:00+00:00,SeasonType.REGULAR,12,USC,Maryland,27,63.0,23.230044321294503,-9.552185437874316,84.1,15.9,USC,higher_spi_home_field_adjusted,USC,USC,higher_spi,higher_spi_home_field_adjusted,80.1,19.9,84.1,15.9,0.067059,False,
2026-11-21T05:00:00+00:00,SeasonType.REGULAR,12,Virginia,North Carolina,48,52.0,0.672730505369773,-2.6646480021306216,60.1,39.9,Virginia,higher_spi_home_field_adjusted,Virginia,Virginia,higher_spi,higher_spi_home_field_adjusted,53.5,46.5,60.1,39.9,0.067059,False,
2026-11-21T05:00:00+00:00,SeasonType.REGULAR,12,Washington,Indiana,65,6.0,-10.812616130926894,57.981227069019205,6.6,93.4,Indiana,higher_spi_home_field_adjusted,Indiana,Indiana,higher_spi,higher_spi_home_field_adjusted,5.1,94.9,6.6,93.4,0.067059,False,
2026-11-21T05:00:00+00:00,SeasonType.REGULAR,12,West Virginia,Houston,30,28.0,19.652939151682844,22.72333731897136,53.5,46.5,West Virginia,higher_spi_home_field_adjusted,Houston,West Virginia,higher_spi,higher_spi_home_field_adjusted,46.7,53.3,53.5,46.5,0.067059,False,
2026-11-21T17:00:00+00:00,SeasonType.REGULAR,12,Army,East Carolina,51,94.0,-1.6417928398596875,-45.67454572065938,89.5,10.5,Army,higher_spi_home_field_adjusted,Army,Army,higher_spi,higher_spi_home_field_adjusted,86.7,13.3,89.5,10.5,0.067059,False,
2026-11-21T17:00:00+00:00,SeasonType.REGULAR,12,Navy,Memphis,91,57.0,-41.74700877311261,-5.629707303972074,22.0,78.0,Memphis,higher_spi_home_field_adjusted,Memphis,Memphis,higher_spi,higher_spi_home_field_adjusted,17.7,82.3,22.0,78.0,0.067059,False,
2026-11-21T17:00:00+00:00,SeasonType.REGULAR,12,Ole Miss,Wofford,11,,46.032955986199255,,100.0,0.0,Ole Miss,home_has_spi_only,Ole Miss,Ole Miss,home_has_spi_only,home_has_spi_only,100.0,0.0,100.0,0.0,0.067059,False,
2026-11-21T18:00:00+00:00,SeasonType.REGULAR,12,Liberty,Western Kentucky,68,102.0,-14.081917263905265,-58.76311017715135,89.7,10.3,Liberty,higher_spi_home_field_adjusted,Liberty,Liberty,higher_spi,higher_spi_home_field_adjusted,87.0,13.0,89.7,10.3,0.067059,False,
2026-11-21T18:00:00+00:00,SeasonType.REGULAR,12,Mississippi State,Tennessee Tech,4,,61.28435952701964,,100.0,0.0,Mississippi State,home_has_spi_only,Mississippi State,Mississippi State,home_has_spi_only,home_has_spi_only,100.0,0.0,100.0,0.0,0.067059,False,
2026-11-21T19:00:00+00:00,SeasonType.REGULAR,12,Alabama,Chattanooga,5,,60.07242827235314,,100.0,0.0,Alabama,home_has_spi_only,Alabama,Alabama,home_has_spi_only,home_has_spi_only,100.0,0.0,100.0,0.0,0.067059,False,
2026-11-21T19:00:00+00:00,SeasonType.REGULAR,12,Jacksonville State,Missouri State,104,131.0,-59.6844141991548,-110.52309920786188,91.9,8.1,Jacksonville State,higher_spi_home_field_adjusted,Jacksonville State,Jacksonville State,higher_spi,higher_spi_home_field_adjusted,89.7,10.3,91.9,8.1,0.067059,False,
2026-11-21T19:00:00+00:00,SeasonType.REGULAR,12,Sam Houston,Middle Tennessee,108,109.0,-66.75023859452794,-70.8417430077002,60.9,39.1,Sam Houston,higher_spi_home_field_adjusted,Sam Houston,Sam Houston,higher_spi,higher_spi_home_field_adjusted,54.3,45.7,60.9,39.1,0.067059,False,
2026-11-21T20:00:00+00:00,SeasonType.REGULAR,12,Kennesaw State,Florida International,119,92.0,-85.47252759658261,-42.40674401698138,17.4,82.6,Florida International,higher_spi_home_field_adjusted,Florida International,Florida International,higher_spi,higher_spi_home_field_adjusted,13.8,86.2,17.4,82.6,0.067059,False,
2026-11-21T20:00:00+00:00,SeasonType.REGULAR,12,New Mexico State,Delaware,134,93.0,-118.6889243844558,-43.98273814775206,5.2,94.8,Delaware,higher_spi_home_field_adjusted,Delaware,Delaware,higher_spi,higher_spi_home_field_adjusted,4.0,96.0,5.2,94.8,0.067059,False,
2026-11-21T20:30:00+00:00,SeasonType.REGULAR,12,Auburn,Samford,20,,32.460904232272,,100.0,0.0,Auburn,home_has_spi_only,Auburn,Auburn,home_has_spi_only,home_has_spi_only,100.0,0.0,100.0,0.0,0.067059,False,
2026-11-21T20:30:00+00:00,SeasonType.REGULAR,12,UConn,Old Dominion,103,123.0,-59.577959207375386,-95.94953653466776,86.0,14.0,UConn,higher_spi_home_field_adjusted,UConn,UConn,higher_spi,higher_spi_home_field_adjusted,82.4,17.6,86.0,14.0,0.067059,False,
2026-11-21T21:00:00+00:00,SeasonType.REGULAR,12,North Dakota State,Northern Illinois,22,136.0,29.41778694424681,-142.1331842297399,99.9,0.1,North Dakota State,higher_spi_home_field_adjusted,North Dakota State,North Dakota State,higher_spi,higher_spi_home_field_adjusted,99.9,0.1,99.9,0.1,0.067059,False,
2026-11-21T23:00:00+00:00,SeasonType.REGULAR,12,Texas State,Washington State,77,127.0,-26.05432501523135,-101.03180964150266,96.9,3.1,Texas State,higher_spi_home_field_adjusted,Texas State,Texas State,higher_spi,higher_spi_home_field_adjusted,96.0,4.0,96.9,3.1,0.067059,False,
2026-11-22T00:00:00+00:00,SeasonType.REGULAR,12,San José State,UNLV,107,101.0,-66.0827908652249,-58.69849515674619,48.9,51.1,UNLV,higher_spi_home_field_adjusted,UNLV,UNLV,higher_spi,higher_spi_home_field_adjusted,42.2,57.8,48.9,51.1,0.067059,False,
2026-11-22T00:30:00+00:00,SeasonType.REGULAR,12,Fresno State,Colorado State,56,78.0,-5.319169628179735,-26.841133962275148,76.6,23.4,Fresno State,higher_spi_home_field_adjusted,Fresno State,Fresno State,higher_spi,higher_spi_home_field_adjusted,71.4,28.6,76.6,23.4,0.067059,False,
2026-11-22T00:30:00+00:00,SeasonType.REGULAR,12,Notre Dame,SMU,7,53.0,56.244554725907605,-2.7804815470711604,94.1,5.9,Notre Dame,higher_spi_home_field_adjusted,Notre Dame,Notre Dame,higher_spi,higher_spi_home_field_adjusted,92.5,7.5,94.1,5.9,0.067059,False,
2026-11-22T02:00:00+00:00,SeasonType.REGULAR,12,Wyoming,New Mexico,118,61.0,-84.92382961937605,-7.954810475104862,4.7,95.3,New Mexico,higher_spi_home_field_adjusted,New Mexico,New Mexico,higher_spi,higher_spi_home_field_adjusted,3.7,96.3,4.7,95.3,0.067059,False,
2026-11-22T02:30:00+00:00,SeasonType.REGULAR,12,Boise State,San Diego State,42,116.0,3.659342307423129,-80.9766403290891,98.0,2.0,Boise State,higher_spi_home_field_adjusted,Boise State,Boise State,higher_spi,higher_spi_home_field_adjusted,97.3,2.7,98.0,2.0,0.067059,False,
2026-11-22T03:30:00+00:00,SeasonType.REGULAR,12,Oregon State,Utah State,71,114.0,-20.993280617469523,-78.74152315576367,93.8,6.2,Oregon State,higher_spi_home_field_adjusted,Oregon State,Oregon State,higher_spi,higher_spi_home_field_adjusted,92.1,7.9,93.8,6.2,0.067059,False,
2026-11-24T05:00:00+00:00,SeasonType.REGULAR,13,Western Michigan,Miami (OH),100,82.0,-56.223237229469255,-29.35296681546401,29.5,70.5,Miami (OH),higher_spi_home_field_adjusted,Miami (OH),Miami (OH),higher_spi,higher_spi_home_field_adjusted,24.2,75.8,29.5,70.5,0.067059,False,
2026-11-25T00:00:00+00:00,SeasonType.REGULAR,13,Eastern Michigan,Kent State,125,110.0,-100.7196066060089,-71.35025624968654,27.3,72.7,Kent State,higher_spi_home_field_adjusted,Kent State,Kent State,higher_spi,higher_spi_home_field_adjusted,22.3,77.7,27.3,72.7,0.067059,False,
2026-11-27T01:00:00+00:00,SeasonType.REGULAR,13,Texas Tech,TCU,16,80.0,36.312631406773,-28.049571365404425,95.3,4.7,Texas Tech,higher_spi_home_field_adjusted,Texas Tech,Texas Tech,higher_spi,higher_spi_home_field_adjusted,93.9,6.1,95.3,4.7,0.067059,False,
2026-11-27T05:00:00+00:00,SeasonType.REGULAR,13,East Carolina,Florida Atlantic,94,50.0,-45.67454572065938,-1.6129524847395535,16.8,83.2,Florida Atlantic,higher_spi_home_field_adjusted,Florida Atlantic,Florida Atlantic,higher_spi,higher_spi_home_field_adjusted,13.3,86.7,16.8,83.2,0.067059,False,
2026-11-27T05:00:00+00:00,SeasonType.REGULAR,13,Memphis,Temple,57,122.0,-5.629707303972074,-93.66176366335064,98.2,1.8,Memphis,higher_spi_home_field_adjusted,Memphis,Memphis,higher_spi,higher_spi_home_field_adjusted,97.7,2.3,98.2,1.8,0.067059,False,
2026-11-27T05:00:00+00:00,SeasonType.REGULAR,13,South Florida,Tulane,18,85.0,32.89367641615324,-34.104596315880855,95.8,4.2,South Florida,higher_spi_home_field_adjusted,South Florida,South Florida,higher_spi,higher_spi_home_field_adjusted,94.5,5.5,95.8,4.2,0.067059,False,Will be played Nov. 27 or Nov. 28
2026-11-27T17:00:00+00:00,SeasonType.REGULAR,13,Akron,Buffalo,115,112.0,-79.88634687205882,-74.76605342343892,51.3,48.7,Akron,higher_spi_home_field_adjusted,Buffalo,Akron,higher_spi,higher_spi_home_field_adjusted,44.6,55.4,51.3,48.7,0.067059,False,
2026-11-27T17:00:00+00:00,SeasonType.REGULAR,13,Iowa,Nebraska,14,21.0,40.66065727472878,29.626311639196256,67.7,32.3,Iowa,higher_spi_home_field_adjusted,Iowa,Iowa,higher_spi,higher_spi_home_field_adjusted,61.5,38.5,67.7,32.3,0.067059,False,
2026-11-27T17:00:00+00:00,SeasonType.REGULAR,13,Ohio,Toledo,90,72.0,-41.27473936449148,-20.999431647193084,35.6,64.4,Toledo,higher_spi_home_field_adjusted,Toledo,Toledo,higher_spi,higher_spi_home_field_adjusted,29.7,70.3,35.6,64.4,0.067059,False,
2026-11-27T17:00:00+00:00,SeasonType.REGULAR,13,Ole Miss,Mississippi State,11,4.0,46.032955986199255,61.28435952701964,40.7,59.3,Mississippi State,higher_spi_home_field_adjusted,Mississippi State,Mississippi State,higher_spi,higher_spi_home_field_adjusted,34.3,65.7,40.7,59.3,0.067059,False,
2026-11-27T20:00:00+00:00,SeasonType.REGULAR,13,South Alabama,App State,98,66.0,-51.56022168162824,-12.51753516270498,19.9,80.1,App State,higher_spi_home_field_adjusted,App State,App State,higher_spi,higher_spi_home_field_adjusted,16.0,84.0,19.9,80.1,0.067059,False,
2026-11-27T20:30:00+00:00,SeasonType.REGULAR,13,Florida State,Florida,75,1.0,-23.09594671818552,84.25893804826792,1.3,98.7,Florida,higher_spi_home_field_adjusted,Florida,Florida,higher_spi,higher_spi_home_field_adjusted,1.0,99.0,1.3,98.7,0.067059,False,
2026-11-27T20:30:00+00:00,SeasonType.REGULAR,13,San José State,North Dakota State,107,22.0,-66.0827908652249,29.41778694424681,2.2,97.8,North Dakota State,higher_spi_home_field_adjusted,North Dakota State,North Dakota State,higher_spi,higher_spi_home_field_adjusted,1.7,98.3,2.2,97.8,0.067059,False,
2026-11-28T00:30:00+00:00,SeasonType.REGULAR,13,Texas A&M,Texas,60,2.0,-7.939598028385985,73.32213908520924,4.0,96.0,Texas,higher_spi_home_field_adjusted,Texas,Texas,higher_spi,higher_spi_home_field_adjusted,3.1,96.9,4.0,96.0,0.067059,False,
2026-11-28T00:30:00+00:00,SeasonType.REGULAR,13,Wisconsin,Minnesota,45,36.0,2.951216933874618,9.436542166979756,49.9,50.1,Minnesota,higher_spi_home_field_adjusted,Minnesota,Minnesota,higher_spi,higher_spi_home_field_adjusted,43.2,56.8,49.9,50.1,0.067059,False,
2026-11-28T02:00:00+00:00,SeasonType.REGULAR,13,Utah,West Virginia,12,30.0,44.10245271899543,19.652939151682844,78.7,21.3,Utah,higher_spi_home_field_adjusted,Utah,Utah,higher_spi,higher_spi_home_field_adjusted,73.9,26.1,78.7,21.3,0.067059,False,
2026-11-28T05:00:00+00:00,SeasonType.REGULAR,13,Alabama,Auburn,5,20.0,60.07242827235314,32.460904232272,80.9,19.1,Alabama,higher_spi_home_field_adjusted,Alabama,Alabama,higher_spi,higher_spi_home_field_adjusted,76.4,23.6,80.9,19.1,0.067059,False,FLEX: 3:30 - 4:30pm OR 6 - 8pm ET start
2026-11-28T05:00:00+00:00,SeasonType.REGULAR,13,Arizona,Arizona State,46,79.0,2.936111386274308,-27.895850785211945,82.9,17.1,Arizona,higher_spi_home_field_adjusted,Arizona,Arizona,higher_spi,higher_spi_home_field_adjusted,78.8,21.2,82.9,17.1,0.067059,False,
2026-11-28T05:00:00+00:00,SeasonType.REGULAR,13,Arkansas,LSU,62,17.0,-8.823785693194747,33.369065871362125,17.9,82.1,LSU,higher_spi_home_field_adjusted,LSU,LSU,higher_spi,higher_spi_home_field_adjusted,14.3,85.7,17.9,82.1,0.067059,False,EARLY: Noon - 1pm ET start
2026-11-28T05:00:00+00:00,SeasonType.REGULAR,13,BYU,Cincinnati,19,15.0,32.8301362841072,36.91812851269452,52.4,47.6,BYU,higher_spi_home_field_adjusted,Cincinnati,BYU,higher_spi,higher_spi_home_field_adjusted,45.7,54.3,52.4,47.6,0.067059,False,
2026-11-28T05:00:00+00:00,SeasonType.REGULAR,13,California,Pittsburgh,81,8.0,-28.541400906597246,52.1544775181164,4.1,95.9,Pittsburgh,higher_spi_home_field_adjusted,Pittsburgh,Pittsburgh,higher_spi,higher_spi_home_field_adjusted,3.1,96.9,4.1,95.9,0.067059,False,
2026-11-28T05:00:00+00:00,SeasonType.REGULAR,13,Charlotte,Navy,137,91.0,-143.4665418171124,-41.74700877311261,1.7,98.3,Navy,higher_spi_home_field_adjusted,Navy,Navy,higher_spi,higher_spi_home_field_adjusted,1.3,98.7,1.7,98.3,0.067059,False,
2026-11-28T05:00:00+00:00,SeasonType.REGULAR,13,Clemson,South Carolina,55,59.0,-4.311729979207957,-7.419199874690628,59.9,40.1,Clemson,higher_spi_home_field_adjusted,Clemson,Clemson,higher_spi,higher_spi_home_field_adjusted,53.3,46.7,59.9,40.1,0.067059,False,
2026-11-28T05:00:00+00:00,SeasonType.REGULAR,13,Colorado,UCF,95,29.0,-46.29639547728582,21.86515600690005,6.7,93.3,UCF,higher_spi_home_field_adjusted,UCF,UCF,higher_spi,higher_spi_home_field_adjusted,5.2,94.8,6.7,93.3,0.067059,False,
2026-11-28T05:00:00+00:00,SeasonType.REGULAR,13,Georgia,Georgia Tech,9,126.0,50.53329026799626,-100.85298300531848,99.9,0.1,Georgia,higher_spi_home_field_adjusted,Georgia,Georgia,higher_spi,higher_spi_home_field_adjusted,99.8,0.2,99.9,0.1,0.067059,False,FLEX: 3:30 - 4:30pm OR 6 - 8pm ET start
2026-11-28T05:00:00+00:00,SeasonType.REGULAR,13,Georgia Southern,Louisiana Tech,113,84.0,-75.79303617883433,-31.16257198096256,16.4,83.6,Louisiana Tech,higher_spi_home_field_adjusted,Louisiana Tech,Louisiana Tech,higher_spi,higher_spi_home_field_adjusted,13.0,87.0,16.4,83.6,0.067059,False,
2026-11-28T05:00:00+00:00,SeasonType.REGULAR,13,Georgia State,Louisiana,35,37.0,10.797459724761213,9.348650666523325,58.2,41.8,Georgia State,higher_spi_home_field_adjusted,Georgia State,Georgia State,higher_spi,higher_spi_home_field_adjusted,51.5,48.5,58.2,41.8,0.067059,False,
2026-11-28T05:00:00+00:00,SeasonType.REGULAR,13,Houston,Baylor,28,47.0,22.72333731897136,2.067993582529437,75.9,24.1,Houston,higher_spi_home_field_adjusted,Houston,Houston,higher_spi,higher_spi_home_field_adjusted,70.6,29.4,75.9,24.1,0.067059,False,
2026-11-28T05:00:00+00:00,SeasonType.REGULAR,13,Indiana,Purdue,6,105.0,57.981227069019205,-63.001468796857,99.6,0.4,Indiana,higher_spi_home_field_adjusted,Indiana,Indiana,higher_spi,higher_spi_home_field_adjusted,99.4,0.6,99.6,0.4,0.067059,False,
2026-11-28T05:00:00+00:00,SeasonType.REGULAR,13,Iowa State,Kansas State,70,34.0,-18.20529408103497,11.891411003341323,26.7,73.3,Kansas State,higher_spi_home_field_adjusted,Kansas State,Kansas State,higher_spi,higher_spi_home_field_adjusted,21.8,78.2,26.7,73.3,0.067059,False,
2026-11-28T05:00:00+00:00,SeasonType.REGULAR,13,James Madison,Coastal Carolina,24,129.0,28.74066045389936,-103.73404235457302,99.7,0.3,James Madison,higher_spi_home_field_adjusted,James Madison,James Madison,higher_spi,higher_spi_home_field_adjusted,99.6,0.4,99.7,0.3,0.067059,False,
2026-11-28T05:00:00+00:00,SeasonType.REGULAR,13,Kentucky,Louisville,40,73.0,5.580222129439704,-21.34753594864136,80.4,19.6,Kentucky,higher_spi_home_field_adjusted,Kentucky,Kentucky,higher_spi,higher_spi_home_field_adjusted,75.8,24.2,80.4,19.6,0.067059,False,EARLY: Noon - 1pm ET start
2026-11-28T05:00:00+00:00,SeasonType.REGULAR,13,Maryland,Penn State,63,43.0,-9.552185437874316,3.632578535998636,42.8,57.2,Penn State,higher_spi_home_field_adjusted,Penn State,Penn State,higher_spi,higher_spi_home_field_adjusted,36.3,63.7,42.8,57.2,0.067059,False,
2026-11-28T05:00:00+00:00,SeasonType.REGULAR,13,Miami,Boston College,3,89.0,63.778067523596334,-41.11246831858718,99.1,0.9,Miami,higher_spi_home_field_adjusted,Miami,Miami,higher_spi,higher_spi_home_field_adjusted,98.9,1.1,99.1,0.9,0.067059,False,
2026-11-28T05:00:00+00:00,SeasonType.REGULAR,13,Missouri,Oklahoma,39,67.0,7.77905955744444,-13.505514657889856,76.4,23.6,Missouri,higher_spi_home_field_adjusted,Missouri,Missouri,higher_spi,higher_spi_home_field_adjusted,71.2,28.8,76.4,23.6,0.067059,False,AFTERNOON: 3:30 - 4:30pm ET start
2026-11-28T05:00:00+00:00,SeasonType.REGULAR,13,North Carolina,NC State,52,76.0,-2.6646480021306216,-25.63979689527287,77.7,22.3,North Carolina,higher_spi_home_field_adjusted,North Carolina,North Carolina,higher_spi,higher_spi_home_field_adjusted,72.6,27.4,77.7,22.3,0.067059,False,
2026-11-28T05:00:00+00:00,SeasonType.REGULAR,13,North Texas,UAB,74,111.0,-22.47267441374133,-73.21848514919492,91.9,8.1,North Texas,higher_spi_home_field_adjusted,North Texas,North Texas,higher_spi,higher_spi_home_field_adjusted,89.6,10.4,91.9,8.1,0.067059,False,
2026-11-28T05:00:00+00:00,SeasonType.REGULAR,13,Northern Illinois,UTEP,136,132.0,-142.1331842297399,-110.71371117012885,25.6,74.4,UTEP,higher_spi_home_field_adjusted,UTEP,UTEP,higher_spi,higher_spi_home_field_adjusted,20.8,79.2,25.6,74.4,0.067059,False,
2026-11-28T05:00:00+00:00,SeasonType.REGULAR,13,Northwestern,Illinois,41,54.0,4.41713117055455,-3.3067912608318184,64.5,35.5,Northwestern,higher_spi_home_field_adjusted,Northwestern,Northwestern,higher_spi,higher_spi_home_field_adjusted,58.1,41.9,64.5,35.5,0.067059,False,
2026-11-28T05:00:00+00:00,SeasonType.REGULAR,13,Oklahoma State,Kansas,33,97.0,13.017382345492068,-49.98260209007005,95.0,5.0,Oklahoma State,higher_spi_home_field_adjusted,Oklahoma State,Oklahoma State,higher_spi,higher_spi_home_field_adjusted,93.6,6.4,95.0,5.0,0.067059,False,
2026-11-28T05:00:00+00:00,SeasonType.REGULAR,13,Old Dominion,Southern Miss,123,117.0,-95.94953653466776,-84.8258569401698,44.9,55.1,Southern Miss,higher_spi_home_field_adjusted,Southern Miss,Southern Miss,higher_spi,higher_spi_home_field_adjusted,38.4,61.6,44.9,55.1,0.067059,False,
2026-11-28T05:00:00+00:00,SeasonType.REGULAR,13,Oregon,Washington,26,65.0,24.751906145553757,-10.812616130926894,85.6,14.4,Oregon,higher_spi_home_field_adjusted,Oregon,Oregon,higher_spi,higher_spi_home_field_adjusted,81.9,18.1,85.6,14.4,0.067059,False,
2026-11-28T05:00:00+00:00,SeasonType.REGULAR,13,Rice,Army,128,51.0,-101.6510647651651,-1.6417928398596875,1.8,98.2,Army,higher_spi_home_field_adjusted,Army,Army,higher_spi,higher_spi_home_field_adjusted,1.4,98.6,1.8,98.2,0.067059,False,
2026-11-28T05:00:00+00:00,SeasonType.REGULAR,13,Rutgers,Michigan State,120,83.0,-90.6473563250601,-29.645881395377277,8.9,91.1,Michigan State,higher_spi_home_field_adjusted,Michigan State,Michigan State,higher_spi,higher_spi_home_field_adjusted,7.0,93.0,8.9,91.1,0.067059,False,
2026-11-28T05:00:00+00:00,SeasonType.REGULAR,13,Stanford,SMU,88,53.0,-39.140553141242826,-2.7804815470711604,21.8,78.2,SMU,higher_spi_home_field_adjusted,SMU,SMU,higher_spi,higher_spi_home_field_adjusted,17.6,82.4,21.8,78.2,0.067059,False,
2026-11-28T05:00:00+00:00,SeasonType.REGULAR,13,Syracuse,Notre Dame,87,7.0,-36.89087783825059,56.244554725907605,2.4,97.6,Notre Dame,higher_spi_home_field_adjusted,Notre Dame,Notre Dame,higher_spi,higher_spi_home_field_adjusted,1.9,98.1,2.4,97.6,0.067059,False,
2026-11-28T05:00:00+00:00,SeasonType.REGULAR,13,UCLA,USC,13,27.0,41.68698577892728,23.230044321294503,74.2,25.8,UCLA,higher_spi_home_field_adjusted,UCLA,UCLA,higher_spi,higher_spi_home_field_adjusted,68.7,31.3,74.2,25.8,0.067059,False,
2026-11-28T05:00:00+00:00,SeasonType.REGULAR,13,UL Monroe,Marshall,133,86.0,-115.38613880083656,-34.13401662196794,4.0,96.0,Marshall,higher_spi_home_field_adjusted,Marshall,Marshall,higher_spi,higher_spi_home_field_adjusted,3.1,96.9,4.0,96.0,0.067059,False,
2026-11-28T05:00:00+00:00,SeasonType.REGULAR,13,UTSA,Tulsa,58,49.0,-6.257847302808016,-0.6645979105632058,50.8,49.2,UTSA,higher_spi_home_field_adjusted,Tulsa,UTSA,higher_spi,higher_spi_home_field_adjusted,44.1,55.9,50.8,49.2,0.067059,False,Will be played Nov. 27 or Nov. 28
2026-11-28T05:00:00+00:00,SeasonType.REGULAR,13,Vanderbilt,Tennessee,64,31.0,-10.298190943626242,19.33367015797993,27.1,72.9,Tennessee,higher_spi_home_field_adjusted,Tennessee,Tennessee,higher_spi,higher_spi_home_field_adjusted,22.1,77.9,27.1,72.9,0.067059,False,NIGHT: 6 - 8pm ET start
2026-11-28T05:00:00+00:00,SeasonType.REGULAR,13,Virginia Tech,Virginia,25,48.0,27.56585125719281,0.672730505369773,80.4,19.6,Virginia Tech,higher_spi_home_field_adjusted,Virginia Tech,Virginia Tech,higher_spi,higher_spi_home_field_adjusted,75.8,24.2,80.4,19.6,0.067059,False,
2026-11-28T05:00:00+00:00,SeasonType.REGULAR,13,Wake Forest,Duke,44,10.0,3.030416989637068,48.930270534957046,15.7,84.3,Duke,higher_spi_home_field_adjusted,Duke,Duke,higher_spi,higher_spi_home_field_adjusted,12.4,87.6,15.7,84.3,0.067059,False,
2026-11-28T05:00:00+00:00,SeasonType.REGULAR,13,Wyoming,UConn,118,103.0,-84.92382961937605,-59.577959207375386,30.8,69.2,UConn,higher_spi_home_field_adjusted,UConn,UConn,higher_spi,higher_spi_home_field_adjusted,25.4,74.6,30.8,69.2,0.067059,False,
2026-11-28T17:00:00+00:00,SeasonType.REGULAR,13,Ball State,Central Michigan,124,96.0,-99.45636081454596,-46.37958707551686,12.1,87.9,Central Michigan,higher_spi_home_field_adjusted,Central Michigan,Central Michigan,higher_spi,higher_spi_home_field_adjusted,9.5,90.5,12.1,87.9,0.067059,False,
2026-11-28T17:00:00+00:00,SeasonType.REGULAR,13,Bowling Green,Massachusetts,135,32.0,-139.3971970265164,14.929514791847517,0.2,99.8,Massachusetts,higher_spi_home_field_adjusted,Massachusetts,Massachusetts,higher_spi,higher_spi_home_field_adjusted,0.1,99.9,0.2,99.8,0.067059,False,
2026-11-28T17:00:00+00:00,SeasonType.REGULAR,13,Ohio State,Michigan,23,38.0,28.785396111926165,9.324205367002998,75.0,25.0,Ohio State,higher_spi_home_field_adjusted,Ohio State,Ohio State,higher_spi,higher_spi_home_field_adjusted,69.6,30.4,75.0,25.0,0.067059,False,
2026-11-28T18:00:00+00:00,SeasonType.REGULAR,13,Western Kentucky,Kennesaw State,102,119.0,-58.76311017715135,-85.47252759658261,80.3,19.7,Western Kentucky,higher_spi_home_field_adjusted,Western Kentucky,Western Kentucky,higher_spi,higher_spi_home_field_adjusted,75.7,24.3,80.3,19.7,0.067059,False,
2026-11-28T19:00:00+00:00,SeasonType.REGULAR,13,Florida International,Sam Houston,92,108.0,-42.40674401698138,-66.75023859452794,78.7,21.3,Florida International,higher_spi_home_field_adjusted,Florida International,Florida International,higher_spi,higher_spi_home_field_adjusted,73.8,26.2,78.7,21.3,0.067059,False,
2026-11-28T19:00:00+00:00,SeasonType.REGULAR,13,Middle Tennessee,New Mexico State,109,134.0,-70.8417430077002,-118.6889243844558,90.9,9.1,Middle Tennessee,higher_spi_home_field_adjusted,Middle Tennessee,Middle Tennessee,higher_spi,higher_spi_home_field_adjusted,88.4,11.6,90.9,9.1,0.067059,False,
2026-11-28T19:00:00+00:00,SeasonType.REGULAR,13,Missouri State,Liberty,131,68.0,-110.52309920786188,-14.081917263905265,2.1,97.9,Liberty,higher_spi_home_field_adjusted,Liberty,Liberty,higher_spi,higher_spi_home_field_adjusted,1.6,98.4,2.1,97.9,0.067059,False,
2026-11-28T20:00:00+00:00,SeasonType.REGULAR,13,Arkansas State,Troy,99,106.0,-53.57011036463219,-64.32002641072384,67.4,32.6,Arkansas State,higher_spi_home_field_adjusted,Arkansas State,Arkansas State,higher_spi,higher_spi_home_field_adjusted,61.2,38.8,67.4,32.6,0.067059,False,
2026-11-28T20:30:00+00:00,SeasonType.REGULAR,13,Delaware,Jacksonville State,93,104.0,-43.98273814775206,-59.6844141991548,71.9,28.1,Delaware,higher_spi_home_field_adjusted,Delaware,Delaware,higher_spi,higher_spi_home_field_adjusted,66.1,33.9,71.9,28.1,0.067059,False,
2026-11-28T21:30:00+00:00,SeasonType.REGULAR,13,New Mexico,Air Force,61,69.0,-7.954810475104862,-17.32667297944403,66.1,33.9,New Mexico,higher_spi_home_field_adjusted,New Mexico,New Mexico,higher_spi,higher_spi_home_field_adjusted,59.8,40.2,66.1,33.9,0.067059,False,
2026-11-29T02:00:00+00:00,SeasonType.REGULAR,13,UNLV,Nevada,101,130.0,-58.69849515674619,-108.97906827876118,91.7,8.3,UNLV,higher_spi_home_field_adjusted,UNLV,UNLV,higher_spi,higher_spi_home_field_adjusted,89.4,10.6,91.7,8.3,0.067059,False,
2026-11-29T04:00:00+00:00,SeasonType.REGULAR,13,Hawai'i,Sacramento State,121,138.0,-90.68950671224998,-152.25328056088165,94.7,5.3,Hawai'i,higher_spi_home_field_adjusted,Hawai'i,Hawai'i,higher_spi,higher_spi_home_field_adjusted,93.2,6.8,94.7,5.3,0.067059,False,
2026-12-12T20:00:00+00:00,SeasonType.REGULAR,15,Army,Navy,51,91.0,-1.6417928398596875,-41.74700877311261,84.6,15.4,Army,higher_spi_home_field_adjusted,Army,Army,higher_spi,higher_spi_home_field_adjusted,84.6,15.4,84.6,15.4,0.067059,True,
